build	opponent	role	rank	seed	round	won	survived	ticks	damageDealt	damageTaken	hitRate	duressTicks	skips
3.8.5	kc.mega.BeepBoop 2.0	rumble-1	1	1	0	0	0	1299	8.6	8.3	0.0227	0	1
3.8.5	kc.mega.BeepBoop 2.0	rumble-1	1	1	1	0	0	763	0.0	36.8	0.0000	0	0
3.8.5	kc.mega.BeepBoop 2.0	rumble-1	1	1	2	0	0	2139	18.4	16.1	0.0424	0	0
3.8.5	kc.mega.BeepBoop 2.0	rumble-1	1	1	3	0	0	1788	27.3	22.3	0.0504	0	0
3.8.5	kc.mega.BeepBoop 2.0	rumble-1	1	1	4	0	0	1325	9.4	27.0	0.0323	0	0
3.8.5	kc.mega.BeepBoop 2.0	rumble-1	1	1	5	0	0	919	9.7	30.3	0.0204	0	1
3.8.5	kc.mega.BeepBoop 2.0	rumble-1	1	1	6	0	0	762	9.7	29.7	0.0238	0	0
3.8.5	kc.mega.BeepBoop 2.0	rumble-1	1	1	7	0	0	1567	12.9	15.5	0.0708	0	0
3.8.5	kc.mega.BeepBoop 2.0	rumble-1	1	1	8	0	0	2768	28.2	29.0	0.0536	0	0
3.8.5	kc.mega.BeepBoop 2.0	rumble-1	1	1	9	0	0	1441	25.0	17.8	0.0400	0	0
3.8.5	kc.mega.BeepBoop 2.0	rumble-1	1	1	10	0	0	1071	8.6	29.2	0.0290	0	0
3.8.5	kc.mega.BeepBoop 2.0	rumble-1	1	1	11	0	0	985	19.1	42.7	0.0806	0	0
3.8.5	kc.mega.BeepBoop 2.0	rumble-1	1	1	12	0	0	944	10.1	15.7	0.0357	0	0
3.8.5	kc.mega.BeepBoop 2.0	rumble-1	1	1	13	0	0	3456	29.4	23.2	0.0523	0	1
3.8.5	kc.mega.BeepBoop 2.0	rumble-1	1	1	14	0	0	5571	28.3	25.7	0.0592	0	1
3.8.5	kc.mega.BeepBoop 2.0	rumble-1	1	1	15	0	0	4078	23.9	8.8	0.0501	0	1
3.8.5	kc.mega.BeepBoop 2.0	rumble-1	1	1	16	0	0	1207	28.8	37.9	0.0732	0	1
3.8.5	kc.mega.BeepBoop 2.0	rumble-1	1	1	17	0	0	1163	8.6	37.5	0.0250	0	1
3.8.5	kc.mega.BeepBoop 2.0	rumble-1	1	1	18	0	0	948	16.4	31.9	0.0169	0	1
3.8.5	kc.mega.BeepBoop 2.0	rumble-1	1	1	19	0	0	1150	0.8	30.7	0.0256	0	1
3.8.5	kc.mega.BeepBoop 2.0	rumble-1	1	1	20	0	0	2813	40.6	27.2	0.0658	0	2
3.8.5	kc.mega.BeepBoop 2.0	rumble-1	1	1	21	0	0	804	0.0	20.7	0.0000	0	1
3.8.5	kc.mega.BeepBoop 2.0	rumble-1	1	1	22	0	0	693	0.0	38.8	0.0000	0	1
3.8.5	kc.mega.BeepBoop 2.0	rumble-1	1	1	23	0	0	578	0.0	46.2	0.0000	0	1
3.8.5	kc.mega.BeepBoop 2.0	rumble-1	1	1	24	0	0	953	19.5	45.0	0.1000	0	1
3.8.5	kc.mega.BeepBoop 2.0	rumble-1	1	1	25	0	0	1218	16.4	30.0	0.0263	0	1
3.8.5	kc.mega.BeepBoop 2.0	rumble-1	1	1	26	0	0	1574	26.9	30.8	0.0435	0	1
3.8.5	kc.mega.BeepBoop 2.0	rumble-1	1	1	27	0	0	817	8.2	25.1	0.0217	0	1
3.8.5	kc.mega.BeepBoop 2.0	rumble-1	1	1	28	0	0	1828	18.4	30.5	0.0504	0	1
3.8.5	kc.mega.BeepBoop 2.0	rumble-1	1	1	29	0	0	1082	1.2	30.2	0.0423	0	1
3.8.5	kc.mega.BeepBoop 2.0	rumble-1	1	1	30	0	0	1019	17.9	43.4	0.0303	0	1
3.8.5	kc.mega.BeepBoop 2.0	rumble-1	1	1	31	0	0	1421	42.2	45.2	0.0792	0	1
3.8.5	kc.mega.BeepBoop 2.0	rumble-1	1	1	32	0	0	1213	25.4	30.6	0.0500	0	1
3.8.5	kc.mega.BeepBoop 2.0	rumble-1	1	1	33	1	1	3340	40.7	32.2	0.0719	0	1
3.8.5	kc.mega.BeepBoop 2.0	rumble-1	1	1	34		0	4313	23.2	17.2			1
3.8.5	kc.mega.BeepBoop 2.0	rumble-1	1	2	0	0	0	1612	20.7	13.2	0.0690	0	0
3.8.5	kc.mega.BeepBoop 2.0	rumble-1	1	2	1	0	0	1669	10.6	19.0	0.0569	0	0
3.8.5	kc.mega.BeepBoop 2.0	rumble-1	1	2	2	0	0	1309	54.1	37.6	0.0787	0	0
3.8.5	kc.mega.BeepBoop 2.0	rumble-1	1	2	3	0	0	4016	40.7	19.1	0.0593	0	0
3.8.5	kc.mega.BeepBoop 2.0	rumble-1	1	2	4	0	0	1111	16.4	33.7	0.0274	0	0
3.8.5	kc.mega.BeepBoop 2.0	rumble-1	1	2	5	0	0	672	0.0	42.8	0.0000	0	0
3.8.5	kc.mega.BeepBoop 2.0	rumble-1	1	2	6	0	0	2194	28.4	11.1	0.0347	0	0
3.8.5	kc.mega.BeepBoop 2.0	rumble-1	1	2	7	0	0	993	8.6	46.7	0.0333	0	0
3.8.5	kc.mega.BeepBoop 2.0	rumble-1	1	2	8	0	0	840	8.2	42.4	0.0217	0	0
3.8.5	kc.mega.BeepBoop 2.0	rumble-1	1	2	9	0	0	1424	18.4	16.7	0.0714	0	0
3.8.5	kc.mega.BeepBoop 2.0	rumble-1	1	2	10	0	0	803	19.8	33.5	0.0667	0	0
3.8.5	kc.mega.BeepBoop 2.0	rumble-1	1	2	11	0	0	2552	26.6	26.3	0.0419	0	0
3.8.5	kc.mega.BeepBoop 2.0	rumble-1	1	2	12	0	0	1441	0.8	14.5	0.0196	0	1
3.8.5	kc.mega.BeepBoop 2.0	rumble-1	1	2	13	0	0	1756	2.0	7.3	0.0385	0	0
3.8.5	kc.mega.BeepBoop 2.0	rumble-1	1	2	14	0	0	1128	8.6	25.2	0.0270	0	0
3.8.5	kc.mega.BeepBoop 2.0	rumble-1	1	2	15	0	0	1726	26.6	24.2	0.0635	0	1
3.8.5	kc.mega.BeepBoop 2.0	rumble-1	1	2	16	0	0	1064	9.7	25.5	0.0147	0	0
3.8.5	kc.mega.BeepBoop 2.0	rumble-1	1	2	17	0	0	1241	10.2	23.4	0.0706	0	1
3.8.5	kc.mega.BeepBoop 2.0	rumble-1	1	2	18	0	0	933	17.2	50.3	0.0678	0	0
3.8.5	kc.mega.BeepBoop 2.0	rumble-1	1	2	19	0	0	3736	27.4	22.7	0.0318	0	1
3.8.5	kc.mega.BeepBoop 2.0	rumble-1	1	2	20	1	1	3999	32.9	30.7	0.0583	0	6
3.8.5	kc.mega.BeepBoop 2.0	rumble-1	1	2	21	0	0	1145	8.6	29.6	0.0263	0	1
3.8.5	kc.mega.BeepBoop 2.0	rumble-1	1	2	22	0	0	5428	47.3	42.1	0.0617	0	1
3.8.5	kc.mega.BeepBoop 2.0	rumble-1	1	2	23	1	1	5064	35.6	24.3	0.0526	0	2
3.8.5	kc.mega.BeepBoop 2.0	rumble-1	1	2	24	0	0	4239	23.9	24.8	0.0472	0	1
3.8.5	kc.mega.BeepBoop 2.0	rumble-1	1	2	25	0	0	986	26.1	31.3	0.0500	0	1
3.8.5	kc.mega.BeepBoop 2.0	rumble-1	1	2	26	0	0	6220	41.3	37.0	0.0781	0	1
3.8.5	kc.mega.BeepBoop 2.0	rumble-1	1	2	27	0	0	2792	30.9	23.4	0.0625	0	1
3.8.5	kc.mega.BeepBoop 2.0	rumble-1	1	2	28	0	0	1435	19.5	20.8	0.0583	0	1
3.8.5	kc.mega.BeepBoop 2.0	rumble-1	1	2	29	0	0	791	27.6	41.9	0.0667	0	1
3.8.5	kc.mega.BeepBoop 2.0	rumble-1	1	2	30	0	0	1525	43.3	38.6	0.0642	0	1
3.8.5	kc.mega.BeepBoop 2.0	rumble-1	1	2	31	0	0	776	8.2	26.0	0.0233	0	1
3.8.5	kc.mega.BeepBoop 2.0	rumble-1	1	2	32	0	0	3679	42.5	35.2	0.0552	0	1
3.8.5	kc.mega.BeepBoop 2.0	rumble-1	1	2	33	0	0	1330	8.6	21.8	0.0217	0	1
3.8.5	kc.mega.BeepBoop 2.0	rumble-1	1	2	34		0	678	9.7	42.3			1
3.8.5	kc.mega.BeepBoop 2.0	rumble-1	1	3	0	0	0	815	16.4	36.4	0.0435	0	0
3.8.5	kc.mega.BeepBoop 2.0	rumble-1	1	3	1	0	0	1180	0.4	17.3	0.0132	0	0
3.8.5	kc.mega.BeepBoop 2.0	rumble-1	1	3	2	0	0	6216	29.9	24.2	0.0590	0	0
3.8.5	kc.mega.BeepBoop 2.0	rumble-1	1	3	3	0	0	928	18.3	41.1	0.0517	0	0
3.8.5	kc.mega.BeepBoop 2.0	rumble-1	1	3	4	1	1	2411	48.4	35.9	0.0838	0	5
3.8.5	kc.mega.BeepBoop 2.0	rumble-1	1	3	5	0	0	1164	27.3	30.5	0.0649	0	0
3.8.5	kc.mega.BeepBoop 2.0	rumble-1	1	3	6	0	0	1453	9.4	16.7	0.0421	0	0
3.8.5	kc.mega.BeepBoop 2.0	rumble-1	1	3	7	0	0	1478	9.4	33.2	0.0500	0	0
3.8.5	kc.mega.BeepBoop 2.0	rumble-1	1	3	8	1	1	3228	31.4	12.6	0.0743	0	0
3.8.5	kc.mega.BeepBoop 2.0	rumble-1	1	3	9	0	0	1515	1.2	27.4	0.0316	0	1
3.8.5	kc.mega.BeepBoop 2.0	rumble-1	1	3	10	0	0	663	8.2	47.5	0.0286	0	0
3.8.5	kc.mega.BeepBoop 2.0	rumble-1	1	3	11	0	0	2364	44.9	27.6	0.0591	0	1
3.8.5	kc.mega.BeepBoop 2.0	rumble-1	1	3	12	0	0	1631	25.4	22.5	0.0439	0	1
3.8.5	kc.mega.BeepBoop 2.0	rumble-1	1	3	13	0	0	770	8.2	35.0	0.0233	0	1
3.8.5	kc.mega.BeepBoop 2.0	rumble-1	1	3	14	0	0	1376	1.2	18.5	0.0313	0	1
3.8.5	kc.mega.BeepBoop 2.0	rumble-1	1	3	15	0	0	2639	28.9	28.5	0.0472	0	1
3.8.5	kc.mega.BeepBoop 2.0	rumble-1	1	3	16	0	0	3306	30.5	25.4	0.0513	0	1
3.8.5	kc.mega.BeepBoop 2.0	rumble-1	1	3	17	1	1	4190	37.2	27.3	0.0761	0	1
3.8.5	kc.mega.BeepBoop 2.0	rumble-1	1	3	18	0	0	6197	37.9	29.9	0.0471	0	2
3.8.5	kc.mega.BeepBoop 2.0	rumble-1	1	3	19	0	0	771	17.9	35.3	0.0455	0	1
3.8.5	kc.mega.BeepBoop 2.0	rumble-1	1	3	20	0	0	1407	28.9	34.5	0.1031	0	1
3.8.5	kc.mega.BeepBoop 2.0	rumble-1	1	3	21	0	0	2110	20.4	14.3	0.0741	0	1
3.8.5	kc.mega.BeepBoop 2.0	rumble-1	1	3	22	0	0	3122	20.0	17.2	0.0430	0	1
3.8.5	kc.mega.BeepBoop 2.0	rumble-1	1	3	23	0	0	750	0.0	35.7	0.0000	0	1
3.8.5	kc.mega.BeepBoop 2.0	rumble-1	1	3	24	0	0	999	1.2	36.6	0.0462	0	1
3.8.5	kc.mega.BeepBoop 2.0	rumble-1	1	3	25	0	0	1354	9.8	21.1	0.0532	0	1
3.8.5	kc.mega.BeepBoop 2.0	rumble-1	1	3	26	0	0	2550	28.2	58.5	0.0577	0	1
3.8.5	kc.mega.BeepBoop 2.0	rumble-1	1	3	27	0	0	1376	20.6	20.3	0.0556	0	1
3.8.5	kc.mega.BeepBoop 2.0	rumble-1	1	3	28	0	0	701	8.2	33.2	0.0263	0	1
3.8.5	kc.mega.BeepBoop 2.0	rumble-1	1	3	29	0	0	1657	19.5	25.5	0.0500	0	1
3.8.5	kc.mega.BeepBoop 2.0	rumble-1	1	3	30	0	0	1265	9.4	25.7	0.0460	0	1
3.8.5	kc.mega.BeepBoop 2.0	rumble-1	1	3	31	0	0	803	8.6	31.1	0.0222	0	1
3.8.5	kc.mega.BeepBoop 2.0	rumble-1	1	3	32	0	0	781	16.4	38.3	0.0465	0	1
3.8.5	kc.mega.BeepBoop 2.0	rumble-1	1	3	33	0	0	1266	17.9	10.4	0.0263	0	1
3.8.5	kc.mega.BeepBoop 2.0	rumble-1	1	3	34		0	889	0.0	15.1			1
3.8.5	kc.mega.BeepBoop 2.0	rumble-1	1	4	0	0	0	3129	28.2	28.4	0.0469	0	1
3.8.5	kc.mega.BeepBoop 2.0	rumble-1	1	4	1	0	0	862	0.4	41.4	0.0189	0	0
3.8.5	kc.mega.BeepBoop 2.0	rumble-1	1	4	2	0	0	2120	39.0	31.9	0.0736	0	1
3.8.5	kc.mega.BeepBoop 2.0	rumble-1	1	4	3	0	0	1431	9.0	15.2	0.0306	0	1
3.8.5	kc.mega.BeepBoop 2.0	rumble-1	1	4	4	0	0	847	0.0	18.8	0.0000	0	0
3.8.5	kc.mega.BeepBoop 2.0	rumble-1	1	4	5	0	0	1145	0.4	37.0	0.0149	0	0
3.8.5	kc.mega.BeepBoop 2.0	rumble-1	1	4	6	0	0	1395	18.3	17.3	0.0313	0	0
3.8.5	kc.mega.BeepBoop 2.0	rumble-1	1	4	7	0	0	725	24.6	36.1	0.0256	0	1
3.8.5	kc.mega.BeepBoop 2.0	rumble-1	1	4	8	0	0	1203	17.2	26.5	0.0500	0	1
3.8.5	kc.mega.BeepBoop 2.0	rumble-1	1	4	9	0	0	1171	10.6	37.8	0.0886	0	1
3.8.5	kc.mega.BeepBoop 2.0	rumble-1	1	4	10	0	0	4641	34.9	27.9	0.0633	0	1
3.8.5	kc.mega.BeepBoop 2.0	rumble-1	1	4	11	0	0	2191	25.4	29.4	0.0296	0	1
3.8.5	kc.mega.BeepBoop 2.0	rumble-1	1	4	12	0	0	780	0.4	27.5	0.0000	0	1
3.8.5	kc.mega.BeepBoop 2.0	rumble-1	1	4	13	0	0	1226	26.2	34.7	0.0875	0	1
3.8.5	kc.mega.BeepBoop 2.0	rumble-1	1	4	14	0	0	6435	30.7	24.6	0.0590	0	1
3.8.5	kc.mega.BeepBoop 2.0	rumble-1	1	4	15	0	0	5376	42.0	34.5	0.0596	0	1
3.8.5	kc.mega.BeepBoop 2.0	rumble-1	1	4	16	0	0	1494	21.0	27.5	0.0561	0	1
3.8.5	kc.mega.BeepBoop 2.0	rumble-1	1	4	17	0	0	646	0.4	42.2	0.0000	0	1
3.8.5	kc.mega.BeepBoop 2.0	rumble-1	1	4	18	0	0	1139	8.6	36.3	0.0260	0	1
3.8.5	kc.mega.BeepBoop 2.0	rumble-1	1	4	19	0	0	2239	18.8	28.7	0.0455	0	1
3.8.5	kc.mega.BeepBoop 2.0	rumble-1	1	4	20	0	0	728	26.1	50.3	0.0750	0	1
3.8.5	kc.mega.BeepBoop 2.0	rumble-1	1	4	21	0	0	1048	9.4	42.2	0.0580	0	1
3.8.5	kc.mega.BeepBoop 2.0	rumble-1	1	4	22	0	0	3542	35.2	27.2	0.0751	0	1
3.8.5	kc.mega.BeepBoop 2.0	rumble-1	1	4	23	0	0	623	8.2	43.4	0.0000	0	1
3.8.5	kc.mega.BeepBoop 2.0	rumble-1	1	4	24	0	0	5929	39.3	30.6	0.0706	0	1
3.8.5	kc.mega.BeepBoop 2.0	rumble-1	1	4	25	0	0	2482	29.0	30.0	0.0711	0	1
3.8.5	kc.mega.BeepBoop 2.0	rumble-1	1	4	26	1	1	5336	26.0	16.0	0.0565	0	2
3.8.5	kc.mega.BeepBoop 2.0	rumble-1	1	4	27	1	1	3553	32.3	42.5	0.0733	0	1
3.8.5	kc.mega.BeepBoop 2.0	rumble-1	1	4	28	0	0	1071	0.4	19.2	0.0145	0	1
3.8.5	kc.mega.BeepBoop 2.0	rumble-1	1	4	29	0	0	1152	8.6	37.8	0.0308	0	1
3.8.5	kc.mega.BeepBoop 2.0	rumble-1	1	4	30	0	0	1319	9.0	22.8	0.0326	0	1
3.8.5	kc.mega.BeepBoop 2.0	rumble-1	1	4	31	0	0	727	16.4	37.5	0.0256	0	1
3.8.5	kc.mega.BeepBoop 2.0	rumble-1	1	4	32	1	1	4054	27.5	18.6	0.0754	0	1
3.8.5	kc.mega.BeepBoop 2.0	rumble-1	1	4	33	1	1	4534	28.2	19.2	0.0619	0	1
3.8.5	kc.mega.BeepBoop 2.0	rumble-1	1	4	34		0	1695	10.2	9.8			1
3.8.5	jk.mega.DrussGT 3.1.16	rumble-3	3	1	0	1	1	3900	40.9	31.0	0.0716	0	7
3.8.5	jk.mega.DrussGT 3.1.16	rumble-3	3	1	1	0	0	912	20.2	46.9	0.0702	0	1
3.8.5	jk.mega.DrussGT 3.1.16	rumble-3	3	1	2	1	1	3269	28.6	35.2	0.1022	0	0
3.8.5	jk.mega.DrussGT 3.1.16	rumble-3	3	1	3	1	1	5209	12.1	21.0	0.0667	0	1
3.8.5	jk.mega.DrussGT 3.1.16	rumble-3	3	1	4	1	1	4861	33.1	33.7	0.0855	0	1
3.8.5	jk.mega.DrussGT 3.1.16	rumble-3	3	1	5	0	0	1751	52.3	21.7	0.0840	0	1
3.8.5	jk.mega.DrussGT 3.1.16	rumble-3	3	1	6	1	1	5563	33.6	32.4	0.0847	0	1
3.8.5	jk.mega.DrussGT 3.1.16	rumble-3	3	1	7	0	0	1428	18.0	41.0	0.0577	0	1
3.8.5	jk.mega.DrussGT 3.1.16	rumble-3	3	1	8	1	1	5455	23.9	30.6	0.0847	0	1
3.8.5	jk.mega.DrussGT 3.1.16	rumble-3	3	1	9	1	1	4455	28.6	33.1	0.0733	0	1
3.8.5	jk.mega.DrussGT 3.1.16	rumble-3	3	1	10	0	0	3147	32.9	31.3	0.0775	0	1
3.8.5	jk.mega.DrussGT 3.1.16	rumble-3	3	1	11	1	1	5387	33.9	39.8	0.0814	0	1
3.8.5	jk.mega.DrussGT 3.1.16	rumble-3	3	1	12	0	0	1505	10.2	41.9	0.0571	0	1
3.8.5	jk.mega.DrussGT 3.1.16	rumble-3	3	1	13	1	1	4434	39.3	28.2	0.0847	0	1
3.8.5	jk.mega.DrussGT 3.1.16	rumble-3	3	1	14	1	1	5182	21.4	25.8	0.0671	0	1
3.8.5	jk.mega.DrussGT 3.1.16	rumble-3	3	1	15	1	1	3057	23.6	22.3	0.0803	0	1
3.8.5	jk.mega.DrussGT 3.1.16	rumble-3	3	1	16	0	0	1107	17.2	45.5	0.0541	0	1
3.8.5	jk.mega.DrussGT 3.1.16	rumble-3	3	1	17	0	0	1824	20.4	31.0	0.0725	0	1
3.8.5	jk.mega.DrussGT 3.1.16	rumble-3	3	1	18	0	0	1548	28.5	47.4	0.0849	0	1
3.8.5	jk.mega.DrussGT 3.1.16	rumble-3	3	1	19	1	1	5199	27.7	33.7	0.0670	0	1
3.8.5	jk.mega.DrussGT 3.1.16	rumble-3	3	1	20	0	0	1625	22.6	21.8	0.0877	0	1
3.8.5	jk.mega.DrussGT 3.1.16	rumble-3	3	1	21	0	0	4404	18.1	21.9	0.0588	0	1
3.8.5	jk.mega.DrussGT 3.1.16	rumble-3	3	1	22	0	0	2335	21.9	28.9	0.0670	0	1
3.8.5	jk.mega.DrussGT 3.1.16	rumble-3	3	1	23	1	1	5751	29.9	39.1	0.0665	0	2
3.8.5	jk.mega.DrussGT 3.1.16	rumble-3	3	1	24	0	0	1256	1.6	44.2	0.0541	0	1
3.8.5	jk.mega.DrussGT 3.1.16	rumble-3	3	1	25	1	1	2402	40.2	28.5	0.0843	0	1
3.8.5	jk.mega.DrussGT 3.1.16	rumble-3	3	1	26	0	0	1518	20.3	38.2	0.0721	0	1
3.8.5	jk.mega.DrussGT 3.1.16	rumble-3	3	1	27	1	1	2275	40.4	30.8	0.1067	0	2
3.8.5	jk.mega.DrussGT 3.1.16	rumble-3	3	1	28	0	0	1551	12.5	32.7	0.0741	0	1
3.8.5	jk.mega.DrussGT 3.1.16	rumble-3	3	1	29	1	1	5130	21.4	25.9	0.0766	0	1
3.8.5	jk.mega.DrussGT 3.1.16	rumble-3	3	1	30	0	0	1281	20.3	35.7	0.0899	0	1
3.8.5	jk.mega.DrussGT 3.1.16	rumble-3	3	1	31	0	0	957	1.2	44.7	0.0476	0	1
3.8.5	jk.mega.DrussGT 3.1.16	rumble-3	3	1	32	0	0	1546	27.8	39.5	0.1000	0	1
3.8.5	jk.mega.DrussGT 3.1.16	rumble-3	3	1	33	0	0	1830	10.2	21.2	0.0448	0	1
3.8.5	jk.mega.DrussGT 3.1.16	rumble-3	3	1	34		0	2774	26.2	30.9			1
3.8.5	jk.mega.DrussGT 3.1.16	rumble-3	3	2	0	1	1	3814	53.4	37.0	0.0985	0	6
3.8.5	jk.mega.DrussGT 3.1.16	rumble-3	3	2	1	0	0	1517	10.2	14.6	0.0566	0	0
3.8.5	jk.mega.DrussGT 3.1.16	rumble-3	3	2	2	0	0	1552	28.8	34.5	0.0619	0	0
3.8.5	jk.mega.DrussGT 3.1.16	rumble-3	3	2	3	1	1	5173	31.5	25.2	0.0708	0	1
3.8.5	jk.mega.DrussGT 3.1.16	rumble-3	3	2	4	1	1	4955	36.7	34.3	0.1049	0	1
3.8.5	jk.mega.DrussGT 3.1.16	rumble-3	3	2	5	0	0	3457	28.6	39.0	0.0448	0	1
3.8.5	jk.mega.DrussGT 3.1.16	rumble-3	3	2	6	0	0	1614	30.4	44.3	0.0971	0	1
3.8.5	jk.mega.DrussGT 3.1.16	rumble-3	3	2	7	0	0	1364	28.9	62.9	0.1010	0	1
3.8.5	jk.mega.DrussGT 3.1.16	rumble-3	3	2	8	1	1	3960	26.4	15.0	0.0691	0	1
3.8.5	jk.mega.DrussGT 3.1.16	rumble-3	3	2	9	0	0	1239	0.4	30.3	0.0122	0	1
3.8.5	jk.mega.DrussGT 3.1.16	rumble-3	3	2	10	1	1	5455	33.5	40.9	0.0784	0	1
3.8.5	jk.mega.DrussGT 3.1.16	rumble-3	3	2	11	1	1	4892	33.7	31.8	0.0974	0	1
3.8.5	jk.mega.DrussGT 3.1.16	rumble-3	3	2	12	1	1	4830	38.4	43.3	0.1184	0	1
3.8.5	jk.mega.DrussGT 3.1.16	rumble-3	3	2	13	1	1	4851	30.7	39.8	0.0813	0	1
3.8.5	jk.mega.DrussGT 3.1.16	rumble-3	3	2	14	1	1	4806	30.7	31.3	0.0726	0	1
3.8.5	jk.mega.DrussGT 3.1.16	rumble-3	3	2	15	1	1	1186	49.7	32.7	0.0886	0	1
3.8.5	jk.mega.DrussGT 3.1.16	rumble-3	3	2	16	1	1	4844	29.9	25.8	0.0767	0	1
3.8.5	jk.mega.DrussGT 3.1.16	rumble-3	3	2	17	1	1	4286	31.2	27.7	0.0954	0	1
3.8.5	jk.mega.DrussGT 3.1.16	rumble-3	3	2	18	0	0	1433	9.0	43.1	0.0297	0	1
3.8.5	jk.mega.DrussGT 3.1.16	rumble-3	3	2	19	0	0	3125	18.6	31.8	0.1089	0	1
3.8.5	jk.mega.DrussGT 3.1.16	rumble-3	3	2	20	1	1	5275	30.3	28.8	0.0788	0	2
3.8.5	jk.mega.DrussGT 3.1.16	rumble-3	3	2	21	0	0	711	17.9	49.6	0.0513	0	1
3.8.5	jk.mega.DrussGT 3.1.16	rumble-3	3	2	22	0	0	2922	25.9	27.9	0.0936	0	1
3.8.5	jk.mega.DrussGT 3.1.16	rumble-3	3	2	23	1	1	5050	19.8	26.4	0.0711	0	1
3.8.5	jk.mega.DrussGT 3.1.16	rumble-3	3	2	24	1	1	5268	39.0	43.9	0.0766	0	1
3.8.5	jk.mega.DrussGT 3.1.16	rumble-3	3	2	25	1	1	5191	25.0	27.6	0.0956	0	1
3.8.5	jk.mega.DrussGT 3.1.16	rumble-3	3	2	26	0	0	4702	30.8	41.9	0.0948	0	1
3.8.5	jk.mega.DrussGT 3.1.16	rumble-3	3	2	27	0	0	1312	12.5	30.2	0.0870	0	1
3.8.5	jk.mega.DrussGT 3.1.16	rumble-3	3	2	28	1	1	5161	35.5	36.1	0.0942	0	2
3.8.5	jk.mega.DrussGT 3.1.16	rumble-3	3	2	29	0	0	1351	29.6	52.1	0.0722	0	1
3.8.5	jk.mega.DrussGT 3.1.16	rumble-3	3	2	30	1	1	5430	41.0	46.3	0.0847	0	2
3.8.5	jk.mega.DrussGT 3.1.16	rumble-3	3	2	31	0	0	1269	18.0	33.1	0.0682	0	1
3.8.5	jk.mega.DrussGT 3.1.16	rumble-3	3	2	32	0	0	1327	29.2	35.8	0.0761	0	2
3.8.5	jk.mega.DrussGT 3.1.16	rumble-3	3	2	33	1	1	4981	31.6	28.2	0.0905	0	2
3.8.5	jk.mega.DrussGT 3.1.16	rumble-3	3	2	34	1	1	4467	29.9	32.5	0.0838	0	9
3.8.5	jk.mega.DrussGT 3.1.16	rumble-3	3	3	0	1	1	3627	51.5	59.3	0.0874	0	6
3.8.5	jk.mega.DrussGT 3.1.16	rumble-3	3	3	1	1	1	5142	23.4	21.6	0.0788	0	0
3.8.5	jk.mega.DrussGT 3.1.16	rumble-3	3	3	2	1	1	5316	31.6	27.0	0.0779	0	0
3.8.5	jk.mega.DrussGT 3.1.16	rumble-3	3	3	3	0	0	1421	25.0	18.5	0.0404	0	0
3.8.5	jk.mega.DrussGT 3.1.16	rumble-3	3	3	4	0	0	5058	12.8	29.9	0.0734	0	1
3.8.5	jk.mega.DrussGT 3.1.16	rumble-3	3	3	5	1	1	4780	21.0	21.6	0.0706	0	1
3.8.5	jk.mega.DrussGT 3.1.16	rumble-3	3	3	6	1	1	4985	21.9	28.2	0.0816	0	1
3.8.5	jk.mega.DrussGT 3.1.16	rumble-3	3	3	7	0	0	1406	20.6	26.1	0.0510	0	1
3.8.5	jk.mega.DrussGT 3.1.16	rumble-3	3	3	8	0	0	1753	19.5	13.9	0.0488	0	1
3.8.5	jk.mega.DrussGT 3.1.16	rumble-3	3	3	9	0	0	1421	29.2	30.2	0.0700	0	1
3.8.5	jk.mega.DrussGT 3.1.16	rumble-3	3	3	10	0	0	1527	36.2	26.9	0.0459	0	1
3.8.5	jk.mega.DrussGT 3.1.16	rumble-3	3	3	11	1	1	5508	39.7	32.4	0.0686	0	1
3.8.5	jk.mega.DrussGT 3.1.16	rumble-3	3	3	12	0	0	1522	11.0	33.5	0.0708	0	1
3.8.5	jk.mega.DrussGT 3.1.16	rumble-3	3	3	13	0	0	1592	30.0	40.1	0.0776	0	1
3.8.5	jk.mega.DrussGT 3.1.16	rumble-3	3	3	14	0	0	1421	19.9	30.7	0.0700	0	1
3.8.5	jk.mega.DrussGT 3.1.16	rumble-3	3	3	15	0	0	610	16.4	57.1	0.0645	0	1
3.8.5	jk.mega.DrussGT 3.1.16	rumble-3	3	3	16	0	0	616	26.5	62.7	0.0938	0	1
3.8.5	jk.mega.DrussGT 3.1.16	rumble-3	3	3	17	0	0	1733	28.8	33.4	0.0469	0	1
3.8.5	jk.mega.DrussGT 3.1.16	rumble-3	3	3	18	1	1	5303	16.9	28.8	0.0917	0	2
3.8.5	jk.mega.DrussGT 3.1.16	rumble-3	3	3	19	1	1	5386	42.4	33.0	0.0768	0	1
3.8.5	jk.mega.DrussGT 3.1.16	rumble-3	3	3	20	1	1	4708	39.1	42.8	0.0963	0	1
3.8.5	jk.mega.DrussGT 3.1.16	rumble-3	3	3	21	0	0	1352	18.4	43.2	0.0722	0	1
3.8.5	jk.mega.DrussGT 3.1.16	rumble-3	3	3	22	1	1	4857	42.4	38.5	0.0857	0	1
3.8.5	jk.mega.DrussGT 3.1.16	rumble-3	3	3	23	0	0	656	0.0	38.8	0.0000	0	1
3.8.5	jk.mega.DrussGT 3.1.16	rumble-3	3	3	24	1	1	4261	40.8	45.2	0.1074	0	1
3.8.5	jk.mega.DrussGT 3.1.16	rumble-3	3	3	25	1	1	4125	32.6	21.6	0.1076	0	2
3.8.5	jk.mega.DrussGT 3.1.16	rumble-3	3	3	26	0	0	698	0.0	39.0	0.0000	0	1
3.8.5	jk.mega.DrussGT 3.1.16	rumble-3	3	3	27	0	0	4403	36.5	45.8	0.0769	0	2
3.8.5	jk.mega.DrussGT 3.1.16	rumble-3	3	3	28	1	1	4359	18.1	20.4	0.0591	0	1
3.8.5	jk.mega.DrussGT 3.1.16	rumble-3	3	3	29	0	0	1515	11.0	52.1	0.0800	0	1
3.8.5	jk.mega.DrussGT 3.1.16	rumble-3	3	3	30	1	1	5264	19.9	26.4	0.0658	0	1
3.8.5	jk.mega.DrussGT 3.1.16	rumble-3	3	3	31	0	0	4609	19.0	26.6	0.0712	0	1
3.8.5	jk.mega.DrussGT 3.1.16	rumble-3	3	3	32	0	0	1525	3.2	51.1	0.0684	0	1
3.8.5	jk.mega.DrussGT 3.1.16	rumble-3	3	3	33	0	0	689	0.0	39.1	0.0000	0	1
3.8.5	jk.mega.DrussGT 3.1.16	rumble-3	3	3	34	1	1	5089	31.9	37.9	0.0843	0	10
3.8.5	jk.mega.DrussGT 3.1.16	rumble-3	3	4	0	1	1	4210	42.9	18.0	0.0801	0	7
3.8.5	jk.mega.DrussGT 3.1.16	rumble-3	3	4	1	1	1	4108	37.0	31.3	0.0971	0	0
3.8.5	jk.mega.DrussGT 3.1.16	rumble-3	3	4	2	1	1	4504	21.4	24.0	0.0883	0	0
3.8.5	jk.mega.DrussGT 3.1.16	rumble-3	3	4	3	1	1	4380	43.9	28.3	0.1064	0	0
3.8.5	jk.mega.DrussGT 3.1.16	rumble-3	3	4	4	0	0	2487	37.1	33.3	0.0570	0	1
3.8.5	jk.mega.DrussGT 3.1.16	rumble-3	3	4	5	0	0	1518	2.8	32.2	0.0625	0	0
3.8.5	jk.mega.DrussGT 3.1.16	rumble-3	3	4	6	1	1	5202	31.8	23.4	0.0737	0	1
3.8.5	jk.mega.DrussGT 3.1.16	rumble-3	3	4	7	1	1	4750	48.7	54.3	0.0882	0	1
3.8.5	jk.mega.DrussGT 3.1.16	rumble-3	3	4	8	1	1	5401	27.4	34.9	0.0618	0	1
3.8.5	jk.mega.DrussGT 3.1.16	rumble-3	3	4	9	0	0	2149	28.8	21.2	0.0370	0	1
3.8.5	jk.mega.DrussGT 3.1.16	rumble-3	3	4	10	0	0	1680	19.5	26.1	0.0504	0	1
3.8.5	jk.mega.DrussGT 3.1.16	rumble-3	3	4	11	0	0	1402	28.4	35.7	0.0505	0	1
3.8.5	jk.mega.DrussGT 3.1.16	rumble-3	3	4	12	1	1	4663	37.0	40.4	0.0750	0	1
3.8.5	jk.mega.DrussGT 3.1.16	rumble-3	3	4	13	0	0	1504	21.8	40.0	0.0800	0	1
3.8.5	jk.mega.DrussGT 3.1.16	rumble-3	3	4	14	0	0	1557	11.0	42.4	0.0708	0	1
3.8.5	jk.mega.DrussGT 3.1.16	rumble-3	3	4	15	1	1	5032	30.4	25.2	0.0759	0	1
3.8.5	jk.mega.DrussGT 3.1.16	rumble-3	3	4	16	0	0	1646	18.0	33.3	0.0550	0	1
3.8.5	jk.mega.DrussGT 3.1.16	rumble-3	3	4	17	1	1	4989	28.6	24.0	0.1114	0	1
3.8.5	jk.mega.DrussGT 3.1.16	rumble-3	3	4	18	0	0	4376	16.2	30.7	0.0563	0	1
3.8.5	jk.mega.DrussGT 3.1.16	rumble-3	3	4	19	1	1	3412	29.4	32.6	0.1049	0	1
3.8.5	jk.mega.DrussGT 3.1.16	rumble-3	3	4	20	0	0	1787	33.2	42.8	0.1269	0	2
3.8.5	jk.mega.DrussGT 3.1.16	rumble-3	3	4	21	0	0	1560	12.1	16.5	0.0625	0	1
3.8.5	jk.mega.DrussGT 3.1.16	rumble-3	3	4	22	0	0	1857	21.9	24.2	0.0870	0	2
3.8.5	jk.mega.DrussGT 3.1.16	rumble-3	3	4	23	1	1	4742	30.0	25.2	0.0882	0	2
3.8.5	jk.mega.DrussGT 3.1.16	rumble-3	3	4	24	0	0	1366	34.0	47.9	0.0737	0	1
3.8.5	jk.mega.DrussGT 3.1.16	rumble-3	3	4	25	1	1	5325	25.2	33.6	0.0935	0	2
3.8.5	jk.mega.DrussGT 3.1.16	rumble-3	3	4	26	0	0	1643	19.6	41.2	0.0833	0	1
3.8.5	jk.mega.DrussGT 3.1.16	rumble-3	3	4	27	1	1	5200	24.5	28.2	0.0822	0	1
3.8.5	jk.mega.DrussGT 3.1.16	rumble-3	3	4	28	1	1	4708	39.2	24.0	0.0788	0	2
3.8.5	jk.mega.DrussGT 3.1.16	rumble-3	3	4	29	0	0	5126	41.9	46.6	0.0792	0	1
3.8.5	jk.mega.DrussGT 3.1.16	rumble-3	3	4	30	1	1	5132	28.7	29.5	0.0658	0	1
3.8.5	jk.mega.DrussGT 3.1.16	rumble-3	3	4	31	1	1	1864	49.9	44.8	0.0851	0	2
3.8.5	jk.mega.DrussGT 3.1.16	rumble-3	3	4	32	1	1	5263	42.4	51.2	0.0855	0	1
3.8.5	jk.mega.DrussGT 3.1.16	rumble-3	3	4	33	1	1	4595	37.0	30.7	0.0756	0	1
3.8.5	jk.mega.DrussGT 3.1.16	rumble-3	3	4	34		0	1558	21.9	33.3			1
3.8.5	oog.mega.saguaro.Saguaro 1.0	rumble-4	4	1	0	1	1	410	76.3	9.1	0.4118	0	3
3.8.5	oog.mega.saguaro.Saguaro 1.0	rumble-4	4	1	1	1	1	421	80.4	23.4	0.5000	0	0
3.8.5	oog.mega.saguaro.Saguaro 1.0	rumble-4	4	1	2	1	1	315	86.5	11.6	0.8000	0	0
3.8.5	oog.mega.saguaro.Saguaro 1.0	rumble-4	4	1	3	1	1	326	81.0	0.0	0.7273	0	0
3.8.5	oog.mega.saguaro.Saguaro 1.0	rumble-4	4	1	4	1	1	517	48.7	10.2	0.2000	0	0
3.8.5	oog.mega.saguaro.Saguaro 1.0	rumble-4	4	1	5	0	0	872	2.0	32.4	0.0943	0	0
3.8.5	oog.mega.saguaro.Saguaro 1.0	rumble-4	4	1	6	1	1	666	19.4	0.0	0.0571	0	0
3.8.5	oog.mega.saguaro.Saguaro 1.0	rumble-4	4	1	7	1	1	1190	7.7	41.9	0.1395	0	0
3.8.5	oog.mega.saguaro.Saguaro 1.0	rumble-4	4	1	8	1	1	1212	12.3	35.4	0.0824	0	0
3.8.5	oog.mega.saguaro.Saguaro 1.0	rumble-4	4	1	9	1	1	645	37.3	26.1	0.1176	0	0
3.8.5	oog.mega.saguaro.Saguaro 1.0	rumble-4	4	1	10	1	1	655	37.3	20.4	0.1143	0	0
3.8.5	oog.mega.saguaro.Saguaro 1.0	rumble-4	4	1	11	1	1	481	57.8	12.7	0.2273	0	0
3.8.5	oog.mega.saguaro.Saguaro 1.0	rumble-4	4	1	12	1	1	581	38.8	0.0	0.1379	0	0
3.8.5	oog.mega.saguaro.Saguaro 1.0	rumble-4	4	1	13	0	0	828	35.2	74.2	0.1698	0	0
3.8.5	oog.mega.saguaro.Saguaro 1.0	rumble-4	4	1	14	1	1	435	84.8	45.8	0.2941	0	0
3.8.5	oog.mega.saguaro.Saguaro 1.0	rumble-4	4	1	15	1	1	630	48.0	20.4	0.0968	0	0
3.8.5	oog.mega.saguaro.Saguaro 1.0	rumble-4	4	1	16	1	1	615	32.5	0.0	0.1000	0	0
3.8.5	oog.mega.saguaro.Saguaro 1.0	rumble-4	4	1	17	1	1	809	17.9	13.5	0.0426	0	0
3.8.5	oog.mega.saguaro.Saguaro 1.0	rumble-4	4	1	18	1	1	873	30.0	35.9	0.0741	0	0
3.8.5	oog.mega.saguaro.Saguaro 1.0	rumble-4	4	1	19	1	1	1003	35.5	51.6	0.1194	0	0
3.8.5	oog.mega.saguaro.Saguaro 1.0	rumble-4	4	1	20	1	1	579	32.3	0.0	0.1034	0	0
3.8.5	oog.mega.saguaro.Saguaro 1.0	rumble-4	4	1	21	1	1	657	20.7	0.0	0.0588	0	0
3.8.5	oog.mega.saguaro.Saguaro 1.0	rumble-4	4	1	22	0	0	840	29.6	62.9	0.1778	0	0
3.8.5	oog.mega.saguaro.Saguaro 1.0	rumble-4	4	1	23	1	1	602	54.5	20.4	0.1935	0	0
3.8.5	oog.mega.saguaro.Saguaro 1.0	rumble-4	4	1	24	1	1	590	35.4	0.0	0.1111	0	0
3.8.5	oog.mega.saguaro.Saguaro 1.0	rumble-4	4	1	25	1	1	569	54.8	20.4	0.1923	0	0
3.8.5	oog.mega.saguaro.Saguaro 1.0	rumble-4	4	1	26	0	0	643	52.0	84.2	0.1944	0	0
3.8.5	oog.mega.saguaro.Saguaro 1.0	rumble-4	4	1	27	1	1	552	51.4	12.4	0.1538	0	0
3.8.5	oog.mega.saguaro.Saguaro 1.0	rumble-4	4	1	28	1	1	338	73.3	0.0	0.4000	0	0
3.8.5	oog.mega.saguaro.Saguaro 1.0	rumble-4	4	1	29	1	1	880	16.6	17.5	0.0385	0	0
3.8.5	oog.mega.saguaro.Saguaro 1.0	rumble-4	4	1	30	1	1	580	36.1	10.2	0.1034	0	0
3.8.5	oog.mega.saguaro.Saguaro 1.0	rumble-4	4	1	31	1	1	711	54.9	64.0	0.1707	0	0
3.8.5	oog.mega.saguaro.Saguaro 1.0	rumble-4	4	1	32	1	1	698	35.4	29.1	0.0789	0	0
3.8.5	oog.mega.saguaro.Saguaro 1.0	rumble-4	4	1	33	1	1	616	27.6	0.0	0.0938	0	0
3.8.5	oog.mega.saguaro.Saguaro 1.0	rumble-4	4	1	34	0	0	1119	29.1	67.6	0.0735	0	0
3.8.5	oog.mega.saguaro.Saguaro 1.0	rumble-4	4	2	0	1	1	408	70.0	0.0	0.4118	0	3
3.8.5	oog.mega.saguaro.Saguaro 1.0	rumble-4	4	2	1	1	1	363	81.0	10.0	0.6154	0	0
3.8.5	oog.mega.saguaro.Saguaro 1.0	rumble-4	4	2	2	1	1	318	80.1	0.0	0.8000	0	0
3.8.5	oog.mega.saguaro.Saguaro 1.0	rumble-4	4	2	3	1	1	452	67.9	13.1	0.3500	0	0
3.8.5	oog.mega.saguaro.Saguaro 1.0	rumble-4	4	2	4	0	0	663	18.7	53.0	0.1111	0	0
3.8.5	oog.mega.saguaro.Saguaro 1.0	rumble-4	4	2	5	0	0	634	16.8	39.8	0.0968	0	0
3.8.5	oog.mega.saguaro.Saguaro 1.0	rumble-4	4	2	6	1	1	634	40.1	28.7	0.1290	0	0
3.8.5	oog.mega.saguaro.Saguaro 1.0	rumble-4	4	2	7	1	1	801	11.7	13.9	0.0652	0	0
3.8.5	oog.mega.saguaro.Saguaro 1.0	rumble-4	4	2	8	1	1	945	20.5	39.2	0.1311	0	0
3.8.5	oog.mega.saguaro.Saguaro 1.0	rumble-4	4	2	9	0	0	918	14.5	54.0	0.0820	0	0
3.8.5	oog.mega.saguaro.Saguaro 1.0	rumble-4	4	2	10	1	1	659	17.9	0.0	0.0571	0	0
3.8.5	oog.mega.saguaro.Saguaro 1.0	rumble-4	4	2	11	1	1	666	51.0	56.5	0.1892	0	0
3.8.5	oog.mega.saguaro.Saguaro 1.0	rumble-4	4	2	12	0	0	697	31.4	86.3	0.1628	0	0
3.8.5	oog.mega.saguaro.Saguaro 1.0	rumble-4	4	2	13	1	1	843	23.3	30.6	0.0962	0	0
3.8.5	oog.mega.saguaro.Saguaro 1.0	rumble-4	4	2	14	0	0	793	17.6	73.6	0.1923	0	0
3.8.5	oog.mega.saguaro.Saguaro 1.0	rumble-4	4	2	15	1	1	635	26.1	0.0	0.0909	0	0
3.8.5	oog.mega.saguaro.Saguaro 1.0	rumble-4	4	2	16	1	1	641	33.4	13.1	0.1176	0	0
3.8.5	oog.mega.saguaro.Saguaro 1.0	rumble-4	4	2	17	0	0	870	21.5	65.1	0.0877	0	0
3.8.5	oog.mega.saguaro.Saguaro 1.0	rumble-4	4	2	18	1	1	685	41.4	39.3	0.1282	0	0
3.8.5	oog.mega.saguaro.Saguaro 1.0	rumble-4	4	2	19	1	1	641	43.0	45.1	0.1471	0	0
3.8.5	oog.mega.saguaro.Saguaro 1.0	rumble-4	4	2	20	1	1	462	57.7	13.1	0.2381	0	0
3.8.5	oog.mega.saguaro.Saguaro 1.0	rumble-4	4	2	21	1	1	751	37.3	42.2	0.0930	0	0
3.8.5	oog.mega.saguaro.Saguaro 1.0	rumble-4	4	2	22	0	0	639	44.0	66.1	0.1515	0	0
3.8.5	oog.mega.saguaro.Saguaro 1.0	rumble-4	4	2	23	1	1	569	42.1	16.0	0.1429	0	0
3.8.5	oog.mega.saguaro.Saguaro 1.0	rumble-4	4	2	24	1	1	965	28.9	52.4	0.0952	0	0
3.8.5	oog.mega.saguaro.Saguaro 1.0	rumble-4	4	2	25	1	1	536	41.7	16.0	0.1538	0	0
3.8.5	oog.mega.saguaro.Saguaro 1.0	rumble-4	4	2	26	1	1	599	29.1	0.0	0.0968	0	0
3.8.5	oog.mega.saguaro.Saguaro 1.0	rumble-4	4	2	27	1	1	548	34.5	16.0	0.1111	0	0
3.8.5	oog.mega.saguaro.Saguaro 1.0	rumble-4	4	2	28	1	1	855	14.4	24.8	0.0943	0	0
3.8.5	oog.mega.saguaro.Saguaro 1.0	rumble-4	4	2	29	1	1	650	32.1	29.1	0.1471	0	0
3.8.5	oog.mega.saguaro.Saguaro 1.0	rumble-4	4	2	30	1	1	710	31.4	20.4	0.1250	0	0
3.8.5	oog.mega.saguaro.Saguaro 1.0	rumble-4	4	2	31	1	1	847	45.0	65.5	0.1321	0	1
3.8.5	oog.mega.saguaro.Saguaro 1.0	rumble-4	4	2	32	1	1	721	27.6	27.7	0.0750	0	0
3.8.5	oog.mega.saguaro.Saguaro 1.0	rumble-4	4	2	33	1	1	705	47.0	58.2	0.1220	0	0
3.8.5	oog.mega.saguaro.Saguaro 1.0	rumble-4	4	2	34	0	0	763	62.8	82.2	0.2609	0	0
3.8.5	oog.mega.saguaro.Saguaro 1.0	rumble-4	4	3	0	1	1	427	77.0	13.6	0.4444	0	4
3.8.5	oog.mega.saguaro.Saguaro 1.0	rumble-4	4	3	1	1	1	353	84.8	20.7	0.6154	0	0
3.8.5	oog.mega.saguaro.Saguaro 1.0	rumble-4	4	3	2	1	1	368	81.9	6.5	0.6429	0	0
3.8.5	oog.mega.saguaro.Saguaro 1.0	rumble-4	4	3	3	1	1	743	43.3	33.2	0.1220	0	0
3.8.5	oog.mega.saguaro.Saguaro 1.0	rumble-4	4	3	4	1	1	639	44.0	9.0	0.0690	0	0
3.8.5	oog.mega.saguaro.Saguaro 1.0	rumble-4	4	3	5	0	0	1051	25.1	62.5	0.1667	0	0
3.8.5	oog.mega.saguaro.Saguaro 1.0	rumble-4	4	3	6	1	1	927	14.7	13.5	0.0526	0	0
3.8.5	oog.mega.saguaro.Saguaro 1.0	rumble-4	4	3	7	0	0	695	12.9	70.6	0.1860	0	0
3.8.5	oog.mega.saguaro.Saguaro 1.0	rumble-4	4	3	8	1	1	769	29.2	20.4	0.0698	0	0
3.8.5	oog.mega.saguaro.Saguaro 1.0	rumble-4	4	3	9	1	1	612	45.5	15.5	0.1563	0	0
3.8.5	oog.mega.saguaro.Saguaro 1.0	rumble-4	4	3	10	0	0	801	15.4	67.1	0.0980	0	0
3.8.5	oog.mega.saguaro.Saguaro 1.0	rumble-4	4	3	11	1	1	814	27.4	26.1	0.1000	0	0
3.8.5	oog.mega.saguaro.Saguaro 1.0	rumble-4	4	3	12	1	1	576	37.3	10.9	0.1379	0	0
3.8.5	oog.mega.saguaro.Saguaro 1.0	rumble-4	4	3	13	1	1	587	41.9	13.5	0.1379	0	0
3.8.5	oog.mega.saguaro.Saguaro 1.0	rumble-4	4	3	14	1	1	986	38.1	46.1	0.1111	0	0
3.8.5	oog.mega.saguaro.Saguaro 1.0	rumble-4	4	3	15	1	1	648	37.3	10.9	0.1176	0	0
3.8.5	oog.mega.saguaro.Saguaro 1.0	rumble-4	4	3	16	0	0	899	35.6	66.6	0.1754	0	0
3.8.5	oog.mega.saguaro.Saguaro 1.0	rumble-4	4	3	17	1	1	496	56.2	16.0	0.1905	0	0
3.8.5	oog.mega.saguaro.Saguaro 1.0	rumble-4	4	3	18	0	0	601	49.2	61.3	0.1786	0	0
3.8.5	oog.mega.saguaro.Saguaro 1.0	rumble-4	4	3	19	1	1	689	37.7	13.1	0.1143	0	0
3.8.5	oog.mega.saguaro.Saguaro 1.0	rumble-4	4	3	20	0	0	470	2.7	69.3	0.0909	0	0
3.8.5	oog.mega.saguaro.Saguaro 1.0	rumble-4	4	3	21	1	1	658	43.3	23.3	0.1389	0	0
3.8.5	oog.mega.saguaro.Saguaro 1.0	rumble-4	4	3	22	0	0	1054	10.8	73.5	0.2174	0	0
3.8.5	oog.mega.saguaro.Saguaro 1.0	rumble-4	4	3	23	0	0	831	25.7	28.1	0.0476	0	0
3.8.5	oog.mega.saguaro.Saguaro 1.0	rumble-4	4	3	24	1	1	614	50.1	28.0	0.1333	0	0
3.8.5	oog.mega.saguaro.Saguaro 1.0	rumble-4	4	3	25	1	1	1011	43.8	51.0	0.1364	0	0
3.8.5	oog.mega.saguaro.Saguaro 1.0	rumble-4	4	3	26	0	0	931	24.0	53.3	0.0984	0	0
3.8.5	oog.mega.saguaro.Saguaro 1.0	rumble-4	4	3	27	0	0	1126	12.9	50.2	0.1154	0	0
3.8.5	oog.mega.saguaro.Saguaro 1.0	rumble-4	4	3	28	0	0	780	20.6	71.6	0.0816	0	1
3.8.5	oog.mega.saguaro.Saguaro 1.0	rumble-4	4	3	29	0	0	981	14.5	62.9	0.1045	0	1
3.8.5	oog.mega.saguaro.Saguaro 1.0	rumble-4	4	3	30	1	1	679	19.4	2.8	0.0541	0	1
3.8.5	oog.mega.saguaro.Saguaro 1.0	rumble-4	4	3	31	0	0	898	13.4	72.4	0.1290	0	1
3.8.5	oog.mega.saguaro.Saguaro 1.0	rumble-4	4	3	32	1	1	807	17.9	26.2	0.0435	0	1
3.8.5	oog.mega.saguaro.Saguaro 1.0	rumble-4	4	3	33	1	1	729	34.3	17.5	0.1000	0	1
3.8.5	oog.mega.saguaro.Saguaro 1.0	rumble-4	4	3	34		0	852	28.0	53.8			0
3.8.5	oog.mega.saguaro.Saguaro 1.0	rumble-4	4	4	0	1	1	391	83.3	19.8	0.5333	0	4
3.8.5	oog.mega.saguaro.Saguaro 1.0	rumble-4	4	4	1	1	1	330	84.3	11.4	0.7273	0	0
3.8.5	oog.mega.saguaro.Saguaro 1.0	rumble-4	4	4	2	1	1	354	84.4	10.4	0.6923	0	0
3.8.5	oog.mega.saguaro.Saguaro 1.0	rumble-4	4	4	3	1	1	397	83.1	22.5	0.5000	0	0
3.8.5	oog.mega.saguaro.Saguaro 1.0	rumble-4	4	4	4	1	1	317	83.6	6.9	0.8000	0	0
3.8.5	oog.mega.saguaro.Saguaro 1.0	rumble-4	4	4	5	1	1	618	16.0	0.0	0.0345	0	0
3.8.5	oog.mega.saguaro.Saguaro 1.0	rumble-4	4	4	6	1	1	549	34.0	0.0	0.0833	0	0
3.8.5	oog.mega.saguaro.Saguaro 1.0	rumble-4	4	4	7	1	1	639	37.0	16.0	0.0909	0	0
3.8.5	oog.mega.saguaro.Saguaro 1.0	rumble-4	4	4	8	1	1	710	15.0	48.0	0.0500	0	0
3.8.5	oog.mega.saguaro.Saguaro 1.0	rumble-4	4	4	9	1	1	772	21.0	32.0	0.0652	0	0
3.8.5	oog.mega.saguaro.Saguaro 1.0	rumble-4	4	4	10	0	0	714	4.9	63.4	0.0909	0	0
3.8.5	oog.mega.saguaro.Saguaro 1.0	rumble-4	4	4	11	1	1	525	34.0	16.0	0.1200	0	0
3.8.5	oog.mega.saguaro.Saguaro 1.0	rumble-4	4	4	12	1	1	619	32.0	48.0	0.1250	0	0
3.8.5	oog.mega.saguaro.Saguaro 1.0	rumble-4	4	4	13	1	1	707	29.1	48.0	0.0750	0	0
3.8.5	oog.mega.saguaro.Saguaro 1.0	rumble-4	4	4	14	1	1	662	16.0	16.0	0.0571	0	0
3.8.5	oog.mega.saguaro.Saguaro 1.0	rumble-4	4	4	15	1	1	594	46.0	32.0	0.1613	0	0
3.8.5	oog.mega.saguaro.Saguaro 1.0	rumble-4	4	4	16	1	1	690	19.0	16.0	0.0541	0	0
3.8.5	oog.mega.saguaro.Saguaro 1.0	rumble-4	4	4	17	1	1	508	37.0	0.0	0.1667	0	0
3.8.5	oog.mega.saguaro.Saguaro 1.0	rumble-4	4	4	18	1	1	674	37.0	32.0	0.1053	0	0
3.8.5	oog.mega.saguaro.Saguaro 1.0	rumble-4	4	4	19	0	0	650	28.4	79.5	0.1892	0	0
3.8.5	oog.mega.saguaro.Saguaro 1.0	rumble-4	4	4	20	1	1	868	30.0	64.0	0.1273	0	0
3.8.5	oog.mega.saguaro.Saguaro 1.0	rumble-4	4	4	21	1	1	509	50.0	16.0	0.1739	0	0
3.8.5	oog.mega.saguaro.Saguaro 1.0	rumble-4	4	4	22	1	1	549	37.0	16.0	0.1111	0	0
3.8.5	oog.mega.saguaro.Saguaro 1.0	rumble-4	4	4	23	1	1	716	34.0	64.0	0.1860	0	0
3.8.5	oog.mega.saguaro.Saguaro 1.0	rumble-4	4	4	24	1	1	705	15.0	32.0	0.0952	0	0
3.8.5	oog.mega.saguaro.Saguaro 1.0	rumble-4	4	4	25	1	1	510	37.3	16.0	0.1667	0	0
3.8.5	oog.mega.saguaro.Saguaro 1.0	rumble-4	4	4	26	1	1	621	32.5	32.0	0.1765	0	0
3.8.5	oog.mega.saguaro.Saguaro 1.0	rumble-4	4	4	27	1	1	639	31.2	32.0	0.1471	0	0
3.8.5	oog.mega.saguaro.Saguaro 1.0	rumble-4	4	4	28	1	1	508	44.5	16.0	0.1739	0	0
3.8.5	oog.mega.saguaro.Saguaro 1.0	rumble-4	4	4	29	1	1	913	18.0	48.0	0.1207	0	0
3.8.5	oog.mega.saguaro.Saguaro 1.0	rumble-4	4	4	30	1	1	865	19.0	32.0	0.0566	0	0
3.8.5	oog.mega.saguaro.Saguaro 1.0	rumble-4	4	4	31	1	1	577	28.5	32.0	0.1034	0	0
3.8.5	oog.mega.saguaro.Saguaro 1.0	rumble-4	4	4	32	1	1	685	30.0	16.0	0.0789	0	0
3.8.5	oog.mega.saguaro.Saguaro 1.0	rumble-4	4	4	33	1	1	836	33.5	16.0	0.0755	0	0
3.8.5	oog.mega.saguaro.Saguaro 1.0	rumble-4	4	4	34	1	1	627	19.4	0.0	0.0606	0	5
3.8.5	aaa.r.ScalarR 0.005h.053-noshield	rumble-5	5	1	0	0	0	6915	35.8	39.7	0.0753	0	1
3.8.5	aaa.r.ScalarR 0.005h.053-noshield	rumble-5	5	1	1	0	0	765	9.7	42.7	0.0227	0	0
3.8.5	aaa.r.ScalarR 0.005h.053-noshield	rumble-5	5	1	2	1	1	3562	25.9	16.7	0.0594	0	7
3.8.5	aaa.r.ScalarR 0.005h.053-noshield	rumble-5	5	1	3	0	0	1658	3.2	23.5	0.0656	0	1
3.8.5	aaa.r.ScalarR 0.005h.053-noshield	rumble-5	5	1	4	0	0	874	10.1	28.4	0.0385	0	1
3.8.5	aaa.r.ScalarR 0.005h.053-noshield	rumble-5	5	1	5	0	0	1833	12.1	27.6	0.0458	0	1
3.8.5	aaa.r.ScalarR 0.005h.053-noshield	rumble-5	5	1	6	0	0	2156	13.8	23.0	0.0888	0	1
3.8.5	aaa.r.ScalarR 0.005h.053-noshield	rumble-5	5	1	7	0	0	2068	29.2	24.3	0.0473	0	1
3.8.5	aaa.r.ScalarR 0.005h.053-noshield	rumble-5	5	1	8	1	1	3515	26.7	37.4	0.0676	0	1
3.8.5	aaa.r.ScalarR 0.005h.053-noshield	rumble-5	5	1	9	1	1	5252	32.8	47.4	0.0863	0	1
3.8.5	aaa.r.ScalarR 0.005h.053-noshield	rumble-5	5	1	10	1	1	2827	42.9	36.5	0.0603	0	1
3.8.5	aaa.r.ScalarR 0.005h.053-noshield	rumble-5	5	1	11	0	0	712	0.0	29.0	0.0000	0	1
3.8.5	aaa.r.ScalarR 0.005h.053-noshield	rumble-5	5	1	12	0	0	5354	30.6	45.3	0.0629	0	1
3.8.5	aaa.r.ScalarR 0.005h.053-noshield	rumble-5	5	1	13	0	0	1120	10.5	26.8	0.0411	0	1
3.8.5	aaa.r.ScalarR 0.005h.053-noshield	rumble-5	5	1	14	0	0	693	9.7	47.3	0.0263	0	1
3.8.5	aaa.r.ScalarR 0.005h.053-noshield	rumble-5	5	1	15	0	0	1341	18.7	38.3	0.0421	0	1
3.8.5	aaa.r.ScalarR 0.005h.053-noshield	rumble-5	5	1	16	0	0	1602	21.0	27.0	0.0513	0	1
3.8.5	aaa.r.ScalarR 0.005h.053-noshield	rumble-5	5	1	17	0	0	1764	51.0	56.4	0.1045	0	1
3.8.5	aaa.r.ScalarR 0.005h.053-noshield	rumble-5	5	1	18	1	1	3123	26.7	26.0	0.0766	0	1
3.8.5	aaa.r.ScalarR 0.005h.053-noshield	rumble-5	5	1	19	0	0	1378	9.0	14.7	0.0313	0	1
3.8.5	aaa.r.ScalarR 0.005h.053-noshield	rumble-5	5	1	20	1	1	2452	26.7	20.4	0.0985	0	1
3.8.5	aaa.r.ScalarR 0.005h.053-noshield	rumble-5	5	1	21	1	1	2559	24.0	16.9	0.0806	0	1
3.8.5	aaa.r.ScalarR 0.005h.053-noshield	rumble-5	5	1	22	1	1	2829	30.7	31.4	0.0769	0	1
3.8.5	aaa.r.ScalarR 0.005h.053-noshield	rumble-5	5	1	23	0	0	2309	4.4	19.1	0.0608	0	2
3.8.5	aaa.r.ScalarR 0.005h.053-noshield	rumble-5	5	1	24	0	0	5956	28.4	43.8	0.0627	0	2
3.8.5	aaa.r.ScalarR 0.005h.053-noshield	rumble-5	5	1	25	0	0	780	10.1	40.0	0.0455	0	1
3.8.5	aaa.r.ScalarR 0.005h.053-noshield	rumble-5	5	1	26	1	1	3324	25.3	23.0	0.0714	0	1
3.8.5	aaa.r.ScalarR 0.005h.053-noshield	rumble-5	5	1	27	0	0	636	0.0	43.8	0.0000	0	1
3.8.5	aaa.r.ScalarR 0.005h.053-noshield	rumble-5	5	1	28	1	1	1912	39.9	27.3	0.0940	0	1
3.8.5	aaa.r.ScalarR 0.005h.053-noshield	rumble-5	5	1	29	0	0	1527	19.5	41.4	0.0531	0	1
3.8.5	aaa.r.ScalarR 0.005h.053-noshield	rumble-5	5	1	30	1	1	5771	37.4	32.5	0.0697	0	1
3.8.5	aaa.r.ScalarR 0.005h.053-noshield	rumble-5	5	1	31	0	0	6186	41.9	48.2	0.0657	0	2
3.8.5	aaa.r.ScalarR 0.005h.053-noshield	rumble-5	5	1	32	0	0	604	34.3	62.7	0.1290	0	1
3.8.5	aaa.r.ScalarR 0.005h.053-noshield	rumble-5	5	1	33	1	1	4368	32.5	34.6	0.0909	0	1
3.8.5	aaa.r.ScalarR 0.005h.053-noshield	rumble-5	5	1	34		0	4401	46.2	50.5			1
3.8.5	aaa.r.ScalarR 0.005h.053-noshield	rumble-5	5	2	0	0	0	4358	28.3	30.8	0.0841	0	1
3.8.5	aaa.r.ScalarR 0.005h.053-noshield	rumble-5	5	2	1	0	0	3275	33.5	23.6	0.0519	0	1
3.8.5	aaa.r.ScalarR 0.005h.053-noshield	rumble-5	5	2	2	1	1	3435	27.9	19.3	0.0796	0	7
3.8.5	aaa.r.ScalarR 0.005h.053-noshield	rumble-5	5	2	3	0	0	1722	15.7	38.9	0.1231	0	0
3.8.5	aaa.r.ScalarR 0.005h.053-noshield	rumble-5	5	2	4	1	1	3479	25.2	17.1	0.0683	0	0
3.8.5	aaa.r.ScalarR 0.005h.053-noshield	rumble-5	5	2	5	0	0	1589	19.9	29.3	0.0513	0	1
3.8.5	aaa.r.ScalarR 0.005h.053-noshield	rumble-5	5	2	6	0	0	4537	37.0	34.5	0.0904	0	1
3.8.5	aaa.r.ScalarR 0.005h.053-noshield	rumble-5	5	2	7	0	0	2431	33.6	45.7	0.0973	0	0
3.8.5	aaa.r.ScalarR 0.005h.053-noshield	rumble-5	5	2	8	0	0	3787	27.5	44.1	0.0818	0	2
3.8.5	aaa.r.ScalarR 0.005h.053-noshield	rumble-5	5	2	9	0	0	1604	17.2	37.0	0.0336	0	1
3.8.5	aaa.r.ScalarR 0.005h.053-noshield	rumble-5	5	2	10	1	1	2183	23.0	12.3	0.0640	0	1
3.8.5	aaa.r.ScalarR 0.005h.053-noshield	rumble-5	5	2	11	0	0	656	0.8	44.3	0.0286	0	1
3.8.5	aaa.r.ScalarR 0.005h.053-noshield	rumble-5	5	2	12	0	0	5121	34.4	48.1	0.0459	0	1
3.8.5	aaa.r.ScalarR 0.005h.053-noshield	rumble-5	5	2	13	0	0	667	19.4	56.5	0.0556	0	1
3.8.5	aaa.r.ScalarR 0.005h.053-noshield	rumble-5	5	2	14	1	1	4645	29.9	39.5	0.0804	0	1
3.8.5	aaa.r.ScalarR 0.005h.053-noshield	rumble-5	5	2	15	0	0	1748	13.7	23.0	0.0924	0	1
3.8.5	aaa.r.ScalarR 0.005h.053-noshield	rumble-5	5	2	16	0	0	1276	18.7	33.3	0.0571	0	1
3.8.5	aaa.r.ScalarR 0.005h.053-noshield	rumble-5	5	2	17	0	0	5097	25.3	29.4	0.0932	0	2
3.8.5	aaa.r.ScalarR 0.005h.053-noshield	rumble-5	5	2	18	0	0	1498	18.4	38.3	0.0642	0	1
3.8.5	aaa.r.ScalarR 0.005h.053-noshield	rumble-5	5	2	19	0	0	659	9.7	45.0	0.0294	0	0
3.8.5	aaa.r.ScalarR 0.005h.053-noshield	rumble-5	5	2	20	0	0	799	16.8	34.0	0.0667	0	1
3.8.5	aaa.r.ScalarR 0.005h.053-noshield	rumble-5	5	2	21	0	0	4418	28.3	38.6	0.0745	0	1
3.8.5	aaa.r.ScalarR 0.005h.053-noshield	rumble-5	5	2	22	0	0	5049	31.4	35.2	0.0755	0	1
3.8.5	aaa.r.ScalarR 0.005h.053-noshield	rumble-5	5	2	23	1	1	3973	19.3	15.1	0.0833	0	1
3.8.5	aaa.r.ScalarR 0.005h.053-noshield	rumble-5	5	2	24	0	0	3995	7.6	14.2	0.0583	0	1
3.8.5	aaa.r.ScalarR 0.005h.053-noshield	rumble-5	5	2	25	0	0	1165	10.1	33.0	0.0250	0	1
3.8.5	aaa.r.ScalarR 0.005h.053-noshield	rumble-5	5	2	26	0	0	637	0.0	38.5	0.0000	0	1
3.8.5	aaa.r.ScalarR 0.005h.053-noshield	rumble-5	5	2	27	0	0	2508	43.7	64.9	0.1036	0	2
3.8.5	aaa.r.ScalarR 0.005h.053-noshield	rumble-5	5	2	28	0	0	3967	26.7	30.4	0.0738	0	1
3.8.5	aaa.r.ScalarR 0.005h.053-noshield	rumble-5	5	2	29	0	0	790	10.1	49.2	0.0526	0	1
3.8.5	aaa.r.ScalarR 0.005h.053-noshield	rumble-5	5	2	30	0	0	2812	41.5	42.8	0.0995	0	1
3.8.5	aaa.r.ScalarR 0.005h.053-noshield	rumble-5	5	2	31	0	0	1913	11.4	28.7	0.0612	0	1
3.8.5	aaa.r.ScalarR 0.005h.053-noshield	rumble-5	5	2	32	0	0	1480	21.4	41.2	0.0654	0	1
3.8.5	aaa.r.ScalarR 0.005h.053-noshield	rumble-5	5	2	33	0	0	704	0.4	40.3	0.0263	0	1
3.8.5	aaa.r.ScalarR 0.005h.053-noshield	rumble-5	5	2	34		0	1983	20.3	15.7			1
3.8.5	aaa.r.ScalarR 0.005h.053-noshield	rumble-5	5	3	0	0	0	6292	34.7	37.9	0.0803	0	0
3.8.5	aaa.r.ScalarR 0.005h.053-noshield	rumble-5	5	3	1	0	0	1925	20.3	33.1	0.0593	0	0
3.8.5	aaa.r.ScalarR 0.005h.053-noshield	rumble-5	5	3	2	1	1	5277	20.2	16.8	0.0593	0	5
3.8.5	aaa.r.ScalarR 0.005h.053-noshield	rumble-5	5	3	3	1	1	4740	25.5	25.3	0.0569	0	1
3.8.5	aaa.r.ScalarR 0.005h.053-noshield	rumble-5	5	3	4	0	0	4165	19.8	25.4	0.0875	0	1
3.8.5	aaa.r.ScalarR 0.005h.053-noshield	rumble-5	5	3	5	0	0	2468	35.1	36.1	0.0957	0	1
3.8.5	aaa.r.ScalarR 0.005h.053-noshield	rumble-5	5	3	6	0	0	2081	38.6	28.5	0.0692	0	1
3.8.5	aaa.r.ScalarR 0.005h.053-noshield	rumble-5	5	3	7	0	0	713	19.4	45.5	0.0513	0	1
3.8.5	aaa.r.ScalarR 0.005h.053-noshield	rumble-5	5	3	8	0	0	3759	35.6	32.7	0.0665	0	1
3.8.5	aaa.r.ScalarR 0.005h.053-noshield	rumble-5	5	3	9	1	1	4493	29.1	21.4	0.0668	0	1
3.8.5	aaa.r.ScalarR 0.005h.053-noshield	rumble-5	5	3	10	0	0	6119	40.1	44.7	0.0728	0	1
3.8.5	aaa.r.ScalarR 0.005h.053-noshield	rumble-5	5	3	11	0	0	1835	12.9	27.8	0.0647	0	1
3.8.5	aaa.r.ScalarR 0.005h.053-noshield	rumble-5	5	3	12	1	1	5128	38.0	32.5	0.0653	0	1
3.8.5	aaa.r.ScalarR 0.005h.053-noshield	rumble-5	5	3	13	0	0	752	0.0	29.0	0.0000	0	1
3.8.5	aaa.r.ScalarR 0.005h.053-noshield	rumble-5	5	3	14	0	0	1040	8.2	26.5	0.0149	0	1
3.8.5	aaa.r.ScalarR 0.005h.053-noshield	rumble-5	5	3	15	0	0	1027	10.9	36.4	0.0597	0	1
3.8.5	aaa.r.ScalarR 0.005h.053-noshield	rumble-5	5	3	16	0	0	1360	12.5	41.6	0.0693	0	1
3.8.5	aaa.r.ScalarR 0.005h.053-noshield	rumble-5	5	3	17	0	0	6641	32.2	36.9	0.0587	0	1
3.8.5	aaa.r.ScalarR 0.005h.053-noshield	rumble-5	5	3	18	0	0	3945	37.5	41.6	0.0727	0	1
3.8.5	aaa.r.ScalarR 0.005h.053-noshield	rumble-5	5	3	19	0	0	4918	39.5	39.8	0.0706	0	1
3.8.5	aaa.r.ScalarR 0.005h.053-noshield	rumble-5	5	3	20	1	1	967	45.6	32.0	0.0820	0	1
3.8.5	aaa.r.ScalarR 0.005h.053-noshield	rumble-5	5	3	21	0	0	1638	26.9	34.1	0.0420	0	1
3.8.5	aaa.r.ScalarR 0.005h.053-noshield	rumble-5	5	3	22	0	0	1455	20.7	31.0	0.0857	0	1
3.8.5	aaa.r.ScalarR 0.005h.053-noshield	rumble-5	5	3	23	0	0	648	10.1	56.9	0.0571	0	1
3.8.5	aaa.r.ScalarR 0.005h.053-noshield	rumble-5	5	3	24	1	1	3411	45.4	39.5	0.0707	0	1
3.8.5	aaa.r.ScalarR 0.005h.053-noshield	rumble-5	5	3	25	0	0	1583	30.0	33.2	0.0796	0	1
3.8.5	aaa.r.ScalarR 0.005h.053-noshield	rumble-5	5	3	26	0	0	839	9.7	35.2	0.0250	0	1
3.8.5	aaa.r.ScalarR 0.005h.053-noshield	rumble-5	5	3	27	0	0	1770	31.6	48.9	0.1066	0	1
3.8.5	aaa.r.ScalarR 0.005h.053-noshield	rumble-5	5	3	28	0	0	1846	13.3	36.5	0.0709	0	1
3.8.5	aaa.r.ScalarR 0.005h.053-noshield	rumble-5	5	3	29	0	0	1226	11.3	33.7	0.0725	0	1
3.8.5	aaa.r.ScalarR 0.005h.053-noshield	rumble-5	5	3	30	0	0	1061	18.4	46.5	0.1000	0	1
3.8.5	aaa.r.ScalarR 0.005h.053-noshield	rumble-5	5	3	31	0	0	3082	31.2	25.8	0.0490	0	1
3.8.5	aaa.r.ScalarR 0.005h.053-noshield	rumble-5	5	3	32	1	1	5450	28.8	29.4	0.0618	0	1
3.8.5	aaa.r.ScalarR 0.005h.053-noshield	rumble-5	5	3	33	1	1	4136	20.2	19.7	0.0769	0	2
3.8.5	aaa.r.ScalarR 0.005h.053-noshield	rumble-5	5	3	34		0	770	9.0	40.5			1
3.8.5	aaa.r.ScalarR 0.005h.053-noshield	rumble-5	5	4	0	1	1	3589	27.0	34.3	0.0691	0	7
3.8.5	aaa.r.ScalarR 0.005h.053-noshield	rumble-5	5	4	1	0	0	632	0.0	43.9	0.0000	0	0
3.8.5	aaa.r.ScalarR 0.005h.053-noshield	rumble-5	5	4	2	1	1	4876	31.9	28.6	0.0957	0	0
3.8.5	aaa.r.ScalarR 0.005h.053-noshield	rumble-5	5	4	3	1	1	3931	36.9	28.0	0.0896	0	2
3.8.5	aaa.r.ScalarR 0.005h.053-noshield	rumble-5	5	4	4	0	0	2926	33.2	34.1	0.0714	0	1
3.8.5	aaa.r.ScalarR 0.005h.053-noshield	rumble-5	5	4	5	0	0	4863	44.3	42.0	0.0986	0	1
3.8.5	aaa.r.ScalarR 0.005h.053-noshield	rumble-5	5	4	6	1	1	3448	33.5	23.8	0.0856	0	1
3.8.5	aaa.r.ScalarR 0.005h.053-noshield	rumble-5	5	4	7	0	0	6532	26.1	28.0	0.0704	0	1
3.8.5	aaa.r.ScalarR 0.005h.053-noshield	rumble-5	5	4	8	0	0	1130	35.8	55.6	0.0526	0	1
3.8.5	aaa.r.ScalarR 0.005h.053-noshield	rumble-5	5	4	9	0	0	840	18.7	48.2	0.0800	0	1
3.8.5	aaa.r.ScalarR 0.005h.053-noshield	rumble-5	5	4	10	1	1	4748	32.6	26.9	0.0858	0	1
3.8.5	aaa.r.ScalarR 0.005h.053-noshield	rumble-5	5	4	11	1	1	4999	35.1	29.8	0.0951	0	1
3.8.5	aaa.r.ScalarR 0.005h.053-noshield	rumble-5	5	4	12	0	0	683	17.9	54.1	0.0541	0	1
3.8.5	aaa.r.ScalarR 0.005h.053-noshield	rumble-5	5	4	13	0	0	5118	30.6	30.8	0.0683	0	1
3.8.5	aaa.r.ScalarR 0.005h.053-noshield	rumble-5	5	4	14	0	0	1767	19.9	23.8	0.0588	0	1
3.8.5	aaa.r.ScalarR 0.005h.053-noshield	rumble-5	5	4	15	0	0	3223	8.0	26.7	0.0709	0	2
3.8.5	aaa.r.ScalarR 0.005h.053-noshield	rumble-5	5	4	16	0	0	4772	27.4	31.4	0.0539	0	1
3.8.5	aaa.r.ScalarR 0.005h.053-noshield	rumble-5	5	4	17	1	1	5037	41.8	41.0	0.0966	0	1
3.8.5	aaa.r.ScalarR 0.005h.053-noshield	rumble-5	5	4	18	0	0	2517	44.5	46.3	0.1084	0	1
3.8.5	aaa.r.ScalarR 0.005h.053-noshield	rumble-5	5	4	19	1	1	3514	35.2	36.3	0.0602	0	1
3.8.5	aaa.r.ScalarR 0.005h.053-noshield	rumble-5	5	4	20	0	0	2113	21.5	26.9	0.0671	0	1
3.8.5	aaa.r.ScalarR 0.005h.053-noshield	rumble-5	5	4	21	0	0	4288	19.7	23.2	0.0739	0	1
3.8.5	aaa.r.ScalarR 0.005h.053-noshield	rumble-5	5	4	22	0	0	3859	39.1	59.7	0.0854	0	1
3.8.5	aaa.r.ScalarR 0.005h.053-noshield	rumble-5	5	4	23	1	1	4028	27.9	24.9	0.0669	0	1
3.8.5	aaa.r.ScalarR 0.005h.053-noshield	rumble-5	5	4	24	1	1	3044	50.4	47.7	0.1304	0	1
3.8.5	aaa.r.ScalarR 0.005h.053-noshield	rumble-5	5	4	25	1	1	2189	40.4	30.3	0.1111	0	1
3.8.5	aaa.r.ScalarR 0.005h.053-noshield	rumble-5	5	4	26	0	0	1234	30.3	44.6	0.0698	0	1
3.8.5	aaa.r.ScalarR 0.005h.053-noshield	rumble-5	5	4	27	0	0	6105	31.9	37.5	0.0677	0	1
3.8.5	aaa.r.ScalarR 0.005h.053-noshield	rumble-5	5	4	28	0	0	1103	27.7	48.6	0.0946	0	1
3.8.5	aaa.r.ScalarR 0.005h.053-noshield	rumble-5	5	4	29	0	0	5084	30.2	44.1	0.0638	0	1
3.8.5	aaa.r.ScalarR 0.005h.053-noshield	rumble-5	5	4	30	0	0	1553	11.7	23.5	0.0531	0	1
3.8.5	aaa.r.ScalarR 0.005h.053-noshield	rumble-5	5	4	31	0	0	2811	44.2	49.3	0.1087	0	1
3.8.5	aaa.r.ScalarR 0.005h.053-noshield	rumble-5	5	4	32	0	0	1118	26.1	41.3	0.0400	0	1
3.8.5	aaa.r.ScalarR 0.005h.053-noshield	rumble-5	5	4	33	0	0	5908	22.6	26.1	0.0724	0	1
3.8.5	aaa.r.ScalarR 0.005h.053-noshield	rumble-5	5	4	34	1	1	5793	42.5	38.1	0.0717	0	11
3.8.5	voidious.Diamond 1.8.22	rumble-6	6	1	0	1	1	4077	37.1	43.4	0.0747	0	6
3.8.5	voidious.Diamond 1.8.22	rumble-6	6	1	1	1	1	3862	25.1	31.5	0.0612	0	1
3.8.5	voidious.Diamond 1.8.22	rumble-6	6	1	2	0	0	1730	11.0	13.6	0.0630	0	1
3.8.5	voidious.Diamond 1.8.22	rumble-6	6	1	3	1	1	4200	21.0	36.1	0.0924	0	0
3.8.5	voidious.Diamond 1.8.22	rumble-6	6	1	4	0	0	2338	28.2	30.7	0.0649	0	0
3.8.5	voidious.Diamond 1.8.22	rumble-6	6	1	5	0	0	1032	9.0	43.9	0.0294	0	1
3.8.5	voidious.Diamond 1.8.22	rumble-6	6	1	6	1	1	3145	14.2	14.9	0.0615	0	0
3.8.5	voidious.Diamond 1.8.22	rumble-6	6	1	7	0	0	611	16.4	47.8	0.0323	0	0
3.8.5	voidious.Diamond 1.8.22	rumble-6	6	1	8	1	1	4267	29.6	37.1	0.0854	0	1
3.8.5	voidious.Diamond 1.8.22	rumble-6	6	1	9	1	1	3185	24.7	13.7	0.0709	0	1
3.8.5	voidious.Diamond 1.8.22	rumble-6	6	1	10	0	0	1139	10.2	34.6	0.0769	0	1
3.8.5	voidious.Diamond 1.8.22	rumble-6	6	1	11	0	0	2235	27.8	35.6	0.0683	0	1
3.8.5	voidious.Diamond 1.8.22	rumble-6	6	1	12	0	0	745	9.0	55.7	0.0227	0	1
3.8.5	voidious.Diamond 1.8.22	rumble-6	6	1	13	0	0	3341	28.6	49.3	0.0951	0	1
3.8.5	voidious.Diamond 1.8.22	rumble-6	6	1	14	1	1	3872	22.5	36.7	0.0942	0	1
3.8.5	voidious.Diamond 1.8.22	rumble-6	6	1	15	1	1	3851	16.5	38.6	0.0640	0	1
3.8.5	voidious.Diamond 1.8.22	rumble-6	6	1	16	0	0	1304	42.2	52.6	0.0889	0	1
3.8.5	voidious.Diamond 1.8.22	rumble-6	6	1	17	1	1	4272	27.7	27.0	0.0712	0	1
3.8.5	voidious.Diamond 1.8.22	rumble-6	6	1	18	1	1	3815	34.6	24.7	0.0867	0	1
3.8.5	voidious.Diamond 1.8.22	rumble-6	6	1	19	0	0	2056	23.1	41.3	0.0943	0	1
3.8.5	voidious.Diamond 1.8.22	rumble-6	6	1	20	0	0	1110	9.7	45.1	0.0132	0	1
3.8.5	voidious.Diamond 1.8.22	rumble-6	6	1	21	1	1	3986	19.0	29.7	0.0828	0	1
3.8.5	voidious.Diamond 1.8.22	rumble-6	6	1	22	1	1	4050	28.1	37.7	0.0901	0	1
3.8.5	voidious.Diamond 1.8.22	rumble-6	6	1	23	1	1	3878	31.9	23.8	0.1118	0	1
3.8.5	voidious.Diamond 1.8.22	rumble-6	6	1	24	0	0	888	18.7	47.4	0.0727	0	1
3.8.5	voidious.Diamond 1.8.22	rumble-6	6	1	25	1	1	4807	7.2	25.9	0.0437	0	1
3.8.5	voidious.Diamond 1.8.22	rumble-6	6	1	26	1	1	4478	29.5	49.6	0.0847	0	1
3.8.5	voidious.Diamond 1.8.22	rumble-6	6	1	27	0	0	766	8.6	46.8	0.0455	0	1
3.8.5	voidious.Diamond 1.8.22	rumble-6	6	1	28	1	1	4337	19.6	17.6	0.0780	0	1
3.8.5	voidious.Diamond 1.8.22	rumble-6	6	1	29	1	1	3320	28.7	19.5	0.0896	0	1
3.8.5	voidious.Diamond 1.8.22	rumble-6	6	1	30	1	1	3823	23.0	26.0	0.1046	0	1
3.8.5	voidious.Diamond 1.8.22	rumble-6	6	1	31	0	0	662	19.4	57.4	0.0571	0	1
3.8.5	voidious.Diamond 1.8.22	rumble-6	6	1	32	0	0	1723	11.0	41.0	0.0656	0	1
3.8.5	voidious.Diamond 1.8.22	rumble-6	6	1	33	0	0	718	26.1	57.2	0.0769	0	1
3.8.5	voidious.Diamond 1.8.22	rumble-6	6	1	34		0	4651	10.0	29.2			1
3.8.5	voidious.Diamond 1.8.22	rumble-6	6	2	0	0	0	3887	28.2	34.5	0.0729	0	1
3.8.5	voidious.Diamond 1.8.22	rumble-6	6	2	1	1	1	3810	26.5	30.6	0.0836	0	6
3.8.5	voidious.Diamond 1.8.22	rumble-6	6	2	2	1	1	4397	17.9	26.9	0.0665	0	1
3.8.5	voidious.Diamond 1.8.22	rumble-6	6	2	3	1	1	3839	26.7	44.9	0.0734	0	1
3.8.5	voidious.Diamond 1.8.22	rumble-6	6	2	4	0	0	2814	20.4	26.9	0.0524	0	1
3.8.5	voidious.Diamond 1.8.22	rumble-6	6	2	5	1	1	4147	26.7	35.6	0.0678	0	1
3.8.5	voidious.Diamond 1.8.22	rumble-6	6	2	6	0	0	2403	21.9	49.5	0.0622	0	1
3.8.5	voidious.Diamond 1.8.22	rumble-6	6	2	7	0	0	658	0.0	38.8	0.0000	0	1
3.8.5	voidious.Diamond 1.8.22	rumble-6	6	2	8	0	0	653	9.4	57.3	0.1111	0	1
3.8.5	voidious.Diamond 1.8.22	rumble-6	6	2	9	0	0	1553	11.7	24.8	0.0638	0	1
3.8.5	voidious.Diamond 1.8.22	rumble-6	6	2	10	0	0	2109	20.0	32.3	0.0679	0	1
3.8.5	voidious.Diamond 1.8.22	rumble-6	6	2	11	0	0	676	8.2	48.3	0.0278	0	1
3.8.5	voidious.Diamond 1.8.22	rumble-6	6	2	12	1	1	2662	26.3	15.5	0.0548	0	1
3.8.5	voidious.Diamond 1.8.22	rumble-6	6	2	13	1	1	3882	18.5	32.7	0.0788	0	1
3.8.5	voidious.Diamond 1.8.22	rumble-6	6	2	14	0	0	732	0.0	52.5	0.0000	0	1
3.8.5	voidious.Diamond 1.8.22	rumble-6	6	2	15	0	0	719	10.1	40.3	0.0256	0	1
3.8.5	voidious.Diamond 1.8.22	rumble-6	6	2	16	1	1	3367	25.2	29.4	0.0851	0	1
3.8.5	voidious.Diamond 1.8.22	rumble-6	6	2	17	1	1	4349	28.4	46.2	0.0853	0	1
3.8.5	voidious.Diamond 1.8.22	rumble-6	6	2	18	0	0	1050	1.6	45.9	0.0625	0	1
3.8.5	voidious.Diamond 1.8.22	rumble-6	6	2	19	0	0	1707	9.8	25.5	0.0397	0	1
3.8.5	voidious.Diamond 1.8.22	rumble-6	6	2	20	0	0	694	16.4	38.4	0.0270	0	1
3.8.5	voidious.Diamond 1.8.22	rumble-6	6	2	21	0	0	2043	21.2	25.2	0.0940	0	1
3.8.5	voidious.Diamond 1.8.22	rumble-6	6	2	22	0	0	745	0.4	38.4	0.0238	0	1
3.8.5	voidious.Diamond 1.8.22	rumble-6	6	2	23	0	0	1193	25.8	37.1	0.0759	0	1
3.8.5	voidious.Diamond 1.8.22	rumble-6	6	2	24	1	1	4458	28.8	47.3	0.0864	0	1
3.8.5	voidious.Diamond 1.8.22	rumble-6	6	2	25	1	1	4008	26.7	15.1	0.0702	0	1
3.8.5	voidious.Diamond 1.8.22	rumble-6	6	2	26	0	0	1818	11.4	31.5	0.0672	0	1
3.8.5	voidious.Diamond 1.8.22	rumble-6	6	2	27	1	1	3546	23.6	23.3	0.0669	0	1
3.8.5	voidious.Diamond 1.8.22	rumble-6	6	2	28	1	1	4092	30.4	35.7	0.0943	0	1
3.8.5	voidious.Diamond 1.8.22	rumble-6	6	2	29	0	0	1402	22.2	43.9	0.0882	0	1
3.8.5	voidious.Diamond 1.8.22	rumble-6	6	2	30	1	1	1283	45.2	39.2	0.1075	0	1
3.8.5	voidious.Diamond 1.8.22	rumble-6	6	2	31	1	1	4354	40.6	46.6	0.1040	0	1
3.8.5	voidious.Diamond 1.8.22	rumble-6	6	2	32	1	1	3984	29.2	27.8	0.0994	0	1
3.8.5	voidious.Diamond 1.8.22	rumble-6	6	2	33	1	1	3598	20.1	24.6	0.0888	0	1
3.8.5	voidious.Diamond 1.8.22	rumble-6	6	2	34	1	1	3703	23.2	33.1	0.1086	0	7
3.8.5	voidious.Diamond 1.8.22	rumble-6	6	3	0	1	1	3402	38.0	24.1	0.0868	0	6
3.8.5	voidious.Diamond 1.8.22	rumble-6	6	3	1	0	0	1053	8.2	29.7	0.0192	0	0
3.8.5	voidious.Diamond 1.8.22	rumble-6	6	3	2	0	0	663	35.1	66.3	0.1351	0	0
3.8.5	voidious.Diamond 1.8.22	rumble-6	6	3	3	0	0	1268	2.0	26.4	0.0633	0	0
3.8.5	voidious.Diamond 1.8.22	rumble-6	6	3	4	1	1	3998	15.4	12.6	0.0559	0	0
3.8.5	voidious.Diamond 1.8.22	rumble-6	6	3	5	1	1	3505	34.2	36.9	0.0918	0	0
3.8.5	voidious.Diamond 1.8.22	rumble-6	6	3	6	0	0	623	0.0	47.0	0.0000	0	0
3.8.5	voidious.Diamond 1.8.22	rumble-6	6	3	7	1	1	4463	29.7	27.5	0.0911	0	1
3.8.5	voidious.Diamond 1.8.22	rumble-6	6	3	8	0	0	942	19.4	43.9	0.0333	0	1
3.8.5	voidious.Diamond 1.8.22	rumble-6	6	3	9	0	0	770	0.0	28.9	0.0000	0	1
3.8.5	voidious.Diamond 1.8.22	rumble-6	6	3	10	1	1	4054	20.5	19.8	0.0812	0	1
3.8.5	voidious.Diamond 1.8.22	rumble-6	6	3	11	0	0	829	17.2	47.6	0.0600	0	1
3.8.5	voidious.Diamond 1.8.22	rumble-6	6	3	12	1	1	3325	29.1	42.9	0.0925	0	1
3.8.5	voidious.Diamond 1.8.22	rumble-6	6	3	13	1	1	3876	7.6	15.7	0.0578	0	1
3.8.5	voidious.Diamond 1.8.22	rumble-6	6	3	14	1	1	3747	15.5	22.2	0.0597	0	1
3.8.5	voidious.Diamond 1.8.22	rumble-6	6	3	15	0	0	1021	9.0	36.0	0.0455	0	1
3.8.5	voidious.Diamond 1.8.22	rumble-6	6	3	16	0	0	681	8.6	57.5	0.0526	0	1
3.8.5	voidious.Diamond 1.8.22	rumble-6	6	3	17	0	0	695	8.2	47.6	0.0263	0	1
3.8.5	voidious.Diamond 1.8.22	rumble-6	6	3	18	1	1	3850	22.9	31.0	0.0554	0	1
3.8.5	voidious.Diamond 1.8.22	rumble-6	6	3	19	0	0	1214	10.5	33.9	0.0357	0	1
3.8.5	voidious.Diamond 1.8.22	rumble-6	6	3	20	0	0	1029	10.5	35.2	0.0448	0	1
3.8.5	voidious.Diamond 1.8.22	rumble-6	6	3	21	1	1	3501	17.7	37.5	0.0712	0	1
3.8.5	voidious.Diamond 1.8.22	rumble-6	6	3	22	0	0	675	9.7	45.9	0.0278	0	1
3.8.5	voidious.Diamond 1.8.22	rumble-6	6	3	23	1	1	4381	18.2	26.1	0.0691	0	1
3.8.5	voidious.Diamond 1.8.22	rumble-6	6	3	24	0	0	1249	10.9	40.2	0.0455	0	1
3.8.5	voidious.Diamond 1.8.22	rumble-6	6	3	25	0	0	1223	17.2	59.2	0.0345	0	1
3.8.5	voidious.Diamond 1.8.22	rumble-6	6	3	26	1	1	4292	18.6	15.0	0.0736	0	1
3.8.5	voidious.Diamond 1.8.22	rumble-6	6	3	27	1	1	3683	15.4	17.0	0.0617	0	1
3.8.5	voidious.Diamond 1.8.22	rumble-6	6	3	28	0	0	1434	9.4	24.1	0.0392	0	1
3.8.5	voidious.Diamond 1.8.22	rumble-6	6	3	29	1	1	4099	30.4	39.2	0.0922	0	1
3.8.5	voidious.Diamond 1.8.22	rumble-6	6	3	30	1	1	3941	30.1	29.2	0.0955	0	1
3.8.5	voidious.Diamond 1.8.22	rumble-6	6	3	31	1	1	4227	28.0	39.3	0.0861	0	1
3.8.5	voidious.Diamond 1.8.22	rumble-6	6	3	32	0	0	710	16.4	48.5	0.0513	0	1
3.8.5	voidious.Diamond 1.8.22	rumble-6	6	3	33	1	1	4153	30.6	41.9	0.0845	0	1
3.8.5	voidious.Diamond 1.8.22	rumble-6	6	3	34		0	1122	35.9	54.1			1
3.8.5	voidious.Diamond 1.8.22	rumble-6	6	4	0	1	1	2987	42.2	18.0	0.0924	0	6
3.8.5	voidious.Diamond 1.8.22	rumble-6	6	4	1	1	1	4172	21.0	29.8	0.0927	0	0
3.8.5	voidious.Diamond 1.8.22	rumble-6	6	4	2	1	1	3996	36.3	39.3	0.0941	0	1
3.8.5	voidious.Diamond 1.8.22	rumble-6	6	4	3	1	1	3773	25.5	10.2	0.0750	0	1
3.8.5	voidious.Diamond 1.8.22	rumble-6	6	4	4	1	1	4219	19.8	31.0	0.0833	0	1
3.8.5	voidious.Diamond 1.8.22	rumble-6	6	4	5	0	0	2632	20.0	25.9	0.0521	0	1
3.8.5	voidious.Diamond 1.8.22	rumble-6	6	4	6	0	0	1655	20.7	32.9	0.0763	0	1
3.8.5	voidious.Diamond 1.8.22	rumble-6	6	4	7	0	0	3727	17.4	23.7	0.0805	0	1
3.8.5	voidious.Diamond 1.8.22	rumble-6	6	4	8	0	0	1452	19.9	32.5	0.0667	0	1
3.8.5	voidious.Diamond 1.8.22	rumble-6	6	4	9	0	0	2469	3.6	35.4	0.0457	0	1
3.8.5	voidious.Diamond 1.8.22	rumble-6	6	4	10	1	1	3746	16.2	25.1	0.0535	0	1
3.8.5	voidious.Diamond 1.8.22	rumble-6	6	4	11	1	1	4211	26.3	31.1	0.0635	0	1
3.8.5	voidious.Diamond 1.8.22	rumble-6	6	4	12	0	0	781	0.0	29.8	0.0000	0	1
3.8.5	voidious.Diamond 1.8.22	rumble-6	6	4	13	1	1	4464	26.0	20.4	0.0573	0	1
3.8.5	voidious.Diamond 1.8.22	rumble-6	6	4	14	0	0	1728	11.4	41.8	0.0682	0	1
3.8.5	voidious.Diamond 1.8.22	rumble-6	6	4	15	0	0	627	44.0	70.0	0.1212	0	1
3.8.5	voidious.Diamond 1.8.22	rumble-6	6	4	16	1	1	3831	20.1	29.1	0.0833	0	1
3.8.5	voidious.Diamond 1.8.22	rumble-6	6	4	17	0	0	1704	20.0	30.3	0.0866	0	1
3.8.5	voidious.Diamond 1.8.22	rumble-6	6	4	18	1	1	4160	27.5	30.8	0.0728	0	1
3.8.5	voidious.Diamond 1.8.22	rumble-6	6	4	19	1	1	3869	25.7	28.4	0.0765	0	1
3.8.5	voidious.Diamond 1.8.22	rumble-6	6	4	20	1	1	2155	42.7	41.4	0.1235	0	1
3.8.5	voidious.Diamond 1.8.22	rumble-6	6	4	21	0	0	810	9.7	48.5	0.0303	0	1
3.8.5	voidious.Diamond 1.8.22	rumble-6	6	4	22	0	0	1094	19.1	44.3	0.0685	0	1
3.8.5	voidious.Diamond 1.8.22	rumble-6	6	4	23	1	1	4202	19.3	21.6	0.0698	0	1
3.8.5	voidious.Diamond 1.8.22	rumble-6	6	4	24	0	0	1159	26.6	52.0	0.0875	0	1
3.8.5	voidious.Diamond 1.8.22	rumble-6	6	4	25	1	1	3805	13.4	35.8	0.1022	0	1
3.8.5	voidious.Diamond 1.8.22	rumble-6	6	4	26	1	1	3708	33.2	42.4	0.0586	0	1
3.8.5	voidious.Diamond 1.8.22	rumble-6	6	4	27	1	1	4050	25.2	31.6	0.0692	0	1
3.8.5	voidious.Diamond 1.8.22	rumble-6	6	4	28	0	0	728	8.6	37.3	0.0250	0	1
3.8.5	voidious.Diamond 1.8.22	rumble-6	6	4	29	0	0	781	16.8	52.3	0.0652	0	1
3.8.5	voidious.Diamond 1.8.22	rumble-6	6	4	30	1	1	3989	45.8	33.8	0.0853	0	1
3.8.5	voidious.Diamond 1.8.22	rumble-6	6	4	31	1	1	3997	30.6	23.3	0.0968	0	2
3.8.5	voidious.Diamond 1.8.22	rumble-6	6	4	32	1	1	3640	19.9	19.7	0.0844	0	1
3.8.5	voidious.Diamond 1.8.22	rumble-6	6	4	33	1	1	4106	28.0	23.7	0.0767	0	1
3.8.5	voidious.Diamond 1.8.22	rumble-6	6	4	34	1	1	3730	30.2	34.1	0.0912	0	8
3.8.5	cb.fire.Firestarter 2.0f	rumble-7	7	1	0	1	1	5019	43.1	26.7	0.0851	0	5
3.8.5	cb.fire.Firestarter 2.0f	rumble-7	7	1	1	1	1	5039	32.8	11.2	0.0989	0	0
3.8.5	cb.fire.Firestarter 2.0f	rumble-7	7	1	2	1	1	3445	19.5	12.7	0.1014	0	0
3.8.5	cb.fire.Firestarter 2.0f	rumble-7	7	1	3	1	1	4583	50.8	14.4	0.1136	0	1
3.8.5	cb.fire.Firestarter 2.0f	rumble-7	7	1	4	1	1	5095	30.7	12.4	0.0778	0	1
3.8.5	cb.fire.Firestarter 2.0f	rumble-7	7	1	5	0	0	3992	35.4	32.3	0.0898	0	1
3.8.5	cb.fire.Firestarter 2.0f	rumble-7	7	1	6	1	1	6205	45.6	40.7	0.0887	0	1
3.8.5	cb.fire.Firestarter 2.0f	rumble-7	7	1	7	1	1	4707	32.5	23.9	0.1037	0	1
3.8.5	cb.fire.Firestarter 2.0f	rumble-7	7	1	8	0	0	1076	20.6	36.5	0.0758	0	1
3.8.5	cb.fire.Firestarter 2.0f	rumble-7	7	1	9	1	1	4163	53.6	15.6	0.1437	0	1
3.8.5	cb.fire.Firestarter 2.0f	rumble-7	7	1	10	1	1	2940	56.6	7.2	0.1281	0	1
3.8.5	cb.fire.Firestarter 2.0f	rumble-7	7	1	11	0	0	788	0.0	29.9	0.0000	0	1
3.8.5	cb.fire.Firestarter 2.0f	rumble-7	7	1	12	0	0	1796	10.6	23.5	0.0598	0	1
3.8.5	cb.fire.Firestarter 2.0f	rumble-7	7	1	13	0	0	2178	13.8	35.0	0.0867	0	1
3.8.5	cb.fire.Firestarter 2.0f	rumble-7	7	1	14	1	1	3589	21.7	37.0	0.1020	0	1
3.8.5	cb.fire.Firestarter 2.0f	rumble-7	7	1	15	0	0	639	17.9	60.8	0.0588	0	1
3.8.5	cb.fire.Firestarter 2.0f	rumble-7	7	1	16	1	1	4942	32.2	29.1	0.0793	0	1
3.8.5	cb.fire.Firestarter 2.0f	rumble-7	7	1	17	0	0	3272	35.3	43.1	0.0956	0	1
3.8.5	cb.fire.Firestarter 2.0f	rumble-7	7	1	18	0	0	710	24.6	48.7	0.0789	0	1
3.8.5	cb.fire.Firestarter 2.0f	rumble-7	7	1	19	1	1	5445	49.6	48.6	0.1226	0	1
3.8.5	cb.fire.Firestarter 2.0f	rumble-7	7	1	20	1	1	4670	42.3	21.1	0.0898	0	1
3.8.5	cb.fire.Firestarter 2.0f	rumble-7	7	1	21	0	0	1573	11.7	27.2	0.0531	0	1
3.8.5	cb.fire.Firestarter 2.0f	rumble-7	7	1	22	1	1	6570	39.5	19.6	0.0976	0	1
3.8.5	cb.fire.Firestarter 2.0f	rumble-7	7	1	23	1	1	2318	46.6	31.5	0.1050	0	1
3.8.5	cb.fire.Firestarter 2.0f	rumble-7	7	1	24	1	1	6064	28.1	20.8	0.0890	0	1
3.8.5	cb.fire.Firestarter 2.0f	rumble-7	7	1	25	1	1	5855	47.4	27.9	0.1100	0	1
3.8.5	cb.fire.Firestarter 2.0f	rumble-7	7	1	26	0	0	3637	40.7	45.8	0.1049	0	1
3.8.5	cb.fire.Firestarter 2.0f	rumble-7	7	1	27	0	0	1714	36.0	41.0	0.0960	0	1
3.8.5	cb.fire.Firestarter 2.0f	rumble-7	7	1	28	0	0	1411	21.4	31.2	0.0700	0	1
3.8.5	cb.fire.Firestarter 2.0f	rumble-7	7	1	29	1	1	4498	33.1	28.9	0.1036	0	2
3.8.5	cb.fire.Firestarter 2.0f	rumble-7	7	1	30	0	0	1607	20.0	40.6	0.0902	0	0
3.8.5	cb.fire.Firestarter 2.0f	rumble-7	7	1	31	0	0	726	27.6	39.4	0.0513	0	1
3.8.5	cb.fire.Firestarter 2.0f	rumble-7	7	1	32	1	1	5909	33.1	19.6	0.0757	0	1
3.8.5	cb.fire.Firestarter 2.0f	rumble-7	7	1	33	1	1	4793	46.7	28.7	0.1141	0	1
3.8.5	cb.fire.Firestarter 2.0f	rumble-7	7	1	34	1	1	4797	42.0	12.0	0.0942	0	9
3.8.5	cb.fire.Firestarter 2.0f	rumble-7	7	2	0	0	0	1819	33.1	32.7	0.0942	0	2
3.8.5	cb.fire.Firestarter 2.0f	rumble-7	7	2	1	0	0	1633	20.6	23.8	0.0455	0	0
3.8.5	cb.fire.Firestarter 2.0f	rumble-7	7	2	2	1	1	4396	34.1	18.7	0.1008	0	7
3.8.5	cb.fire.Firestarter 2.0f	rumble-7	7	2	3	1	1	5140	28.9	14.0	0.1079	0	1
3.8.5	cb.fire.Firestarter 2.0f	rumble-7	7	2	4	1	1	5539	35.9	23.9	0.0894	0	1
3.8.5	cb.fire.Firestarter 2.0f	rumble-7	7	2	5	1	1	6336	41.1	29.5	0.1009	0	1
3.8.5	cb.fire.Firestarter 2.0f	rumble-7	7	2	6	0	0	555	19.4	59.0	0.0714	0	1
3.8.5	cb.fire.Firestarter 2.0f	rumble-7	7	2	7	0	0	1095	22.6	37.0	0.1471	0	1
3.8.5	cb.fire.Firestarter 2.0f	rumble-7	7	2	8	0	0	902	10.5	34.2	0.0526	0	0
3.8.5	cb.fire.Firestarter 2.0f	rumble-7	7	2	9	0	0	1480	11.3	33.4	0.0467	0	0
3.8.5	cb.fire.Firestarter 2.0f	rumble-7	7	2	10	0	0	729	19.4	29.8	0.0256	0	1
3.8.5	cb.fire.Firestarter 2.0f	rumble-7	7	2	11	0	0	799	19.4	31.4	0.0455	0	1
3.8.5	cb.fire.Firestarter 2.0f	rumble-7	7	2	12	1	1	6746	45.7	40.3	0.1132	0	1
3.8.5	cb.fire.Firestarter 2.0f	rumble-7	7	2	13	0	0	1592	21.4	23.5	0.0603	0	1
3.8.5	cb.fire.Firestarter 2.0f	rumble-7	7	2	14	0	0	3731	40.3	38.6	0.1026	0	1
3.8.5	cb.fire.Firestarter 2.0f	rumble-7	7	2	15	0	0	1840	33.5	31.6	0.1053	0	1
3.8.5	cb.fire.Firestarter 2.0f	rumble-7	7	2	16	0	0	1720	14.5	42.7	0.0992	0	1
3.8.5	cb.fire.Firestarter 2.0f	rumble-7	7	2	17	0	0	3875	41.9	48.0	0.1074	0	1
3.8.5	cb.fire.Firestarter 2.0f	rumble-7	7	2	18	0	0	2177	22.6	20.1	0.0613	0	1
3.8.5	cb.fire.Firestarter 2.0f	rumble-7	7	2	19	1	1	2119	42.4	36.2	0.0778	0	1
3.8.5	cb.fire.Firestarter 2.0f	rumble-7	7	2	20	0	0	1540	12.5	13.4	0.0721	0	1
3.8.5	cb.fire.Firestarter 2.0f	rumble-7	7	2	21	1	1	5485	41.1	23.9	0.1174	0	1
3.8.5	cb.fire.Firestarter 2.0f	rumble-7	7	2	22	0	0	2311	36.3	30.8	0.1160	0	1
3.8.5	cb.fire.Firestarter 2.0f	rumble-7	7	2	23	1	1	2416	36.4	24.5	0.1094	0	1
3.8.5	cb.fire.Firestarter 2.0f	rumble-7	7	2	24	0	0	698	0.0	29.8	0.0000	0	1
3.8.5	cb.fire.Firestarter 2.0f	rumble-7	7	2	25	1	1	4833	39.0	33.5	0.1229	0	1
3.8.5	cb.fire.Firestarter 2.0f	rumble-7	7	2	26	1	1	4886	32.6	26.3	0.0835	0	1
3.8.5	cb.fire.Firestarter 2.0f	rumble-7	7	2	27	1	1	2387	44.0	32.0	0.0856	0	1
3.8.5	cb.fire.Firestarter 2.0f	rumble-7	7	2	28	0	0	682	0.4	48.0	0.0000	0	1
3.8.5	cb.fire.Firestarter 2.0f	rumble-7	7	2	29	0	0	824	10.1	34.3	0.0200	0	1
3.8.5	cb.fire.Firestarter 2.0f	rumble-7	7	2	30	1	1	5216	33.5	16.0	0.0824	0	1
3.8.5	cb.fire.Firestarter 2.0f	rumble-7	7	2	31	0	0	4489	26.2	23.2	0.0511	0	1
3.8.5	cb.fire.Firestarter 2.0f	rumble-7	7	2	32	1	1	4707	24.2	10.0	0.0914	0	1
3.8.5	cb.fire.Firestarter 2.0f	rumble-7	7	2	33	0	0	748	10.1	38.7	0.0238	0	1
3.8.5	cb.fire.Firestarter 2.0f	rumble-7	7	2	34	1	1	4523	43.5	21.9	0.0977	0	7
3.8.5	cb.fire.Firestarter 2.0f	rumble-7	7	3	0	1	1	5532	26.9	22.3	0.0919	0	5
3.8.5	cb.fire.Firestarter 2.0f	rumble-7	7	3	1	0	0	1863	13.7	19.9	0.0840	0	0
3.8.5	cb.fire.Firestarter 2.0f	rumble-7	7	3	2	0	0	779	20.2	57.6	0.0851	0	0
3.8.5	cb.fire.Firestarter 2.0f	rumble-7	7	3	3	0	0	1628	12.9	20.9	0.0744	0	0
3.8.5	cb.fire.Firestarter 2.0f	rumble-7	7	3	4	1	1	5391	38.2	33.9	0.1054	0	1
3.8.5	cb.fire.Firestarter 2.0f	rumble-7	7	3	5	1	1	5693	40.6	25.1	0.1113	0	1
3.8.5	cb.fire.Firestarter 2.0f	rumble-7	7	3	6	0	0	1553	14.5	15.1	0.1171	0	1
3.8.5	cb.fire.Firestarter 2.0f	rumble-7	7	3	7	1	1	5059	38.1	15.2	0.1106	0	1
3.8.5	cb.fire.Firestarter 2.0f	rumble-7	7	3	8	0	0	1457	21.8	43.7	0.0755	0	1
3.8.5	cb.fire.Firestarter 2.0f	rumble-7	7	3	9	1	1	5564	45.5	32.3	0.0909	0	1
3.8.5	cb.fire.Firestarter 2.0f	rumble-7	7	3	10	0	0	743	9.7	38.8	0.0244	0	1
3.8.5	cb.fire.Firestarter 2.0f	rumble-7	7	3	11	1	1	6178	45.1	40.7	0.1227	0	1
3.8.5	cb.fire.Firestarter 2.0f	rumble-7	7	3	12	0	0	4515	33.8	43.7	0.0984	0	1
3.8.5	cb.fire.Firestarter 2.0f	rumble-7	7	3	13	1	1	5595	34.5	16.8	0.0801	0	2
3.8.5	cb.fire.Firestarter 2.0f	rumble-7	7	3	14	0	0	773	21.0	48.9	0.1111	0	1
3.8.5	cb.fire.Firestarter 2.0f	rumble-7	7	3	15	0	0	670	19.8	49.2	0.0833	0	1
3.8.5	cb.fire.Firestarter 2.0f	rumble-7	7	3	16	0	0	1866	63.6	47.9	0.1901	0	1
3.8.5	cb.fire.Firestarter 2.0f	rumble-7	7	3	17	0	0	1906	39.4	35.5	0.0985	0	1
3.8.5	cb.fire.Firestarter 2.0f	rumble-7	7	3	18	0	0	2574	28.6	36.8	0.1202	0	1
3.8.5	cb.fire.Firestarter 2.0f	rumble-7	7	3	19	0	0	1604	23.0	52.5	0.0924	0	1
3.8.5	cb.fire.Firestarter 2.0f	rumble-7	7	3	20	0	0	1446	23.0	27.7	0.1058	0	0
3.8.5	cb.fire.Firestarter 2.0f	rumble-7	7	3	21	1	1	6321	48.8	28.9	0.0940	0	1
3.8.5	cb.fire.Firestarter 2.0f	rumble-7	7	3	22	1	1	1104	69.4	21.5	0.1806	0	1
3.8.5	cb.fire.Firestarter 2.0f	rumble-7	7	3	23	0	0	780	0.8	36.5	0.0426	0	1
3.8.5	cb.fire.Firestarter 2.0f	rumble-7	7	3	24	1	1	5816	48.3	29.5	0.1006	0	1
3.8.5	cb.fire.Firestarter 2.0f	rumble-7	7	3	25	1	1	5726	30.6	16.8	0.1069	0	2
3.8.5	cb.fire.Firestarter 2.0f	rumble-7	7	3	26	1	1	4216	30.2	12.8	0.0803	0	1
3.8.5	cb.fire.Firestarter 2.0f	rumble-7	7	3	27	1	1	6108	40.2	18.4	0.1015	0	1
3.8.5	cb.fire.Firestarter 2.0f	rumble-7	7	3	28	1	1	5356	45.5	35.5	0.0954	0	1
3.8.5	cb.fire.Firestarter 2.0f	rumble-7	7	3	29	0	0	714	19.4	44.9	0.0513	0	1
3.8.5	cb.fire.Firestarter 2.0f	rumble-7	7	3	30	0	0	3873	33.8	49.0	0.1155	0	1
3.8.5	cb.fire.Firestarter 2.0f	rumble-7	7	3	31	1	1	5906	27.7	23.6	0.0945	0	1
3.8.5	cb.fire.Firestarter 2.0f	rumble-7	7	3	32	1	1	4492	47.6	23.1	0.1269	0	1
3.8.5	cb.fire.Firestarter 2.0f	rumble-7	7	3	33	0	0	1534	31.5	41.1	0.0804	0	1
3.8.5	cb.fire.Firestarter 2.0f	rumble-7	7	3	34	1	1	5334	21.7	12.8	0.0672	0	9
3.8.5	cb.fire.Firestarter 2.0f	rumble-7	7	4	0	1	1	2854	37.2	33.2	0.0979	0	5
3.8.5	cb.fire.Firestarter 2.0f	rumble-7	7	4	1	0	0	1914	23.0	20.9	0.0791	0	0
3.8.5	cb.fire.Firestarter 2.0f	rumble-7	7	4	2	0	0	797	19.4	31.5	0.0465	0	0
3.8.5	cb.fire.Firestarter 2.0f	rumble-7	7	4	3	0	0	721	19.4	46.6	0.0500	0	0
3.8.5	cb.fire.Firestarter 2.0f	rumble-7	7	4	4	1	1	4974	16.5	12.4	0.0958	0	1
3.8.5	cb.fire.Firestarter 2.0f	rumble-7	7	4	5	1	1	1962	24.6	9.7	0.0933	0	0
3.8.5	cb.fire.Firestarter 2.0f	rumble-7	7	4	6	1	1	6410	38.3	20.0	0.0873	0	2
3.8.5	cb.fire.Firestarter 2.0f	rumble-7	7	4	7	0	0	1165	10.5	35.5	0.0375	0	1
3.8.5	cb.fire.Firestarter 2.0f	rumble-7	7	4	8	1	1	4672	31.5	22.3	0.0796	0	1
3.8.5	cb.fire.Firestarter 2.0f	rumble-7	7	4	9	0	0	1499	40.8	40.6	0.0874	0	1
3.8.5	cb.fire.Firestarter 2.0f	rumble-7	7	4	10	0	0	6447	35.8	34.0	0.0772	0	1
3.8.5	cb.fire.Firestarter 2.0f	rumble-7	7	4	11	0	0	841	9.7	34.2	0.0200	0	1
3.8.5	cb.fire.Firestarter 2.0f	rumble-7	7	4	12	1	1	2506	58.9	44.2	0.1490	0	1
3.8.5	cb.fire.Firestarter 2.0f	rumble-7	7	4	13	1	1	5104	50.3	24.3	0.0909	0	1
3.8.5	cb.fire.Firestarter 2.0f	rumble-7	7	4	14	0	0	4918	35.8	42.2	0.1017	0	1
3.8.5	cb.fire.Firestarter 2.0f	rumble-7	7	4	15	1	1	2811	35.4	25.1	0.0793	0	1
3.8.5	cb.fire.Firestarter 2.0f	rumble-7	7	4	16	0	0	706	0.4	35.1	0.0000	0	1
3.8.5	cb.fire.Firestarter 2.0f	rumble-7	7	4	17	1	1	5985	48.3	16.8	0.0979	0	1
3.8.5	cb.fire.Firestarter 2.0f	rumble-7	7	4	18	1	1	7009	46.0	45.1	0.1106	0	1
3.8.5	cb.fire.Firestarter 2.0f	rumble-7	7	4	19	0	0	1735	13.7	31.0	0.0887	0	1
3.8.5	cb.fire.Firestarter 2.0f	rumble-7	7	4	20	1	1	6679	38.2	20.8	0.0840	0	1
3.8.5	cb.fire.Firestarter 2.0f	rumble-7	7	4	21	0	0	1794	31.9	33.4	0.0735	0	1
3.8.5	cb.fire.Firestarter 2.0f	rumble-7	7	4	22	0	0	1511	32.3	49.5	0.0982	0	1
3.8.5	cb.fire.Firestarter 2.0f	rumble-7	7	4	23	0	0	1814	12.1	22.3	0.0530	0	1
3.8.5	cb.fire.Firestarter 2.0f	rumble-7	7	4	24	1	1	1849	80.0	13.5	0.2014	0	1
3.8.5	cb.fire.Firestarter 2.0f	rumble-7	7	4	25	1	1	1338	32.3	11.1	0.1158	0	2
3.8.5	cb.fire.Firestarter 2.0f	rumble-7	7	4	26	1	1	5543	33.4	26.7	0.0766	0	1
3.8.5	cb.fire.Firestarter 2.0f	rumble-7	7	4	27	0	0	4719	35.8	32.5	0.1091	0	1
3.8.5	cb.fire.Firestarter 2.0f	rumble-7	7	4	28	0	0	5405	26.5	30.7	0.0921	0	1
3.8.5	cb.fire.Firestarter 2.0f	rumble-7	7	4	29	0	0	4598	31.4	32.6	0.0785	0	1
3.8.5	cb.fire.Firestarter 2.0f	rumble-7	7	4	30	0	0	1499	10.9	32.5	0.0273	0	1
3.8.5	cb.fire.Firestarter 2.0f	rumble-7	7	4	31	1	1	3809	27.9	19.5	0.0719	0	1
3.8.5	cb.fire.Firestarter 2.0f	rumble-7	7	4	32	1	1	6490	38.7	20.8	0.0877	0	1
3.8.5	cb.fire.Firestarter 2.0f	rumble-7	7	4	33	1	1	5127	43.9	37.4	0.0903	0	1
3.8.5	cb.fire.Firestarter 2.0f	rumble-7	7	4	34	1	1	3301	31.8	19.5	0.1213	0	9
3.8.5	dsekercioglu.mega.Raven 3.56j8	rumble-8	8	1	0	1	1	1406	24.0	23.8	0.1204	0	4
3.8.5	dsekercioglu.mega.Raven 3.56j8	rumble-8	8	1	1	1	1	1434	31.6	34.0	0.1101	0	0
3.8.5	dsekercioglu.mega.Raven 3.56j8	rumble-8	8	1	2	1	1	1600	13.3	30.7	0.0820	0	0
3.8.5	dsekercioglu.mega.Raven 3.56j8	rumble-8	8	1	3	0	0	1356	22.2	35.4	0.0968	0	0
3.8.5	dsekercioglu.mega.Raven 3.56j8	rumble-8	8	1	4	1	1	1578	24.4	20.7	0.1148	0	0
3.8.5	dsekercioglu.mega.Raven 3.56j8	rumble-8	8	1	5	1	1	1539	25.8	25.1	0.1513	0	0
3.8.5	dsekercioglu.mega.Raven 3.56j8	rumble-8	8	1	6	0	0	977	19.9	46.3	0.1111	0	0
3.8.5	dsekercioglu.mega.Raven 3.56j8	rumble-8	8	1	7	0	0	1558	10.2	56.5	0.0531	0	0
3.8.5	dsekercioglu.mega.Raven 3.56j8	rumble-8	8	1	8	1	1	1677	13.3	33.7	0.0769	0	0
3.8.5	dsekercioglu.mega.Raven 3.56j8	rumble-8	8	1	9	1	1	1431	22.7	26.3	0.1321	0	1
3.8.5	dsekercioglu.mega.Raven 3.56j8	rumble-8	8	1	10	1	1	1014	39.2	32.2	0.2113	0	0
3.8.5	dsekercioglu.mega.Raven 3.56j8	rumble-8	8	1	11	1	1	751	37.2	3.0	0.1026	0	1
3.8.5	dsekercioglu.mega.Raven 3.56j8	rumble-8	8	1	12	0	0	743	26.9	59.6	0.1163	0	1
3.8.5	dsekercioglu.mega.Raven 3.56j8	rumble-8	8	1	13	1	1	1725	15.3	37.1	0.1111	0	1
3.8.5	dsekercioglu.mega.Raven 3.56j8	rumble-8	8	1	14	1	1	1636	34.3	42.5	0.1250	0	1
3.8.5	dsekercioglu.mega.Raven 3.56j8	rumble-8	8	1	15	0	0	1570	4.4	33.6	0.0855	0	1
3.8.5	dsekercioglu.mega.Raven 3.56j8	rumble-8	8	1	16	0	0	980	32.3	76.8	0.1774	0	1
3.8.5	dsekercioglu.mega.Raven 3.56j8	rumble-8	8	1	17	1	1	2073	14.5	56.0	0.0778	0	1
3.8.5	dsekercioglu.mega.Raven 3.56j8	rumble-8	8	1	18	1	1	1779	30.8	49.6	0.0797	0	1
3.8.5	dsekercioglu.mega.Raven 3.56j8	rumble-8	8	1	19	0	0	977	49.3	66.3	0.1094	0	1
3.8.5	dsekercioglu.mega.Raven 3.56j8	rumble-8	8	1	20	1	1	1613	11.8	15.7	0.0800	0	1
3.8.5	dsekercioglu.mega.Raven 3.56j8	rumble-8	8	1	21	1	1	1579	32.1	55.1	0.0806	0	1
3.8.5	dsekercioglu.mega.Raven 3.56j8	rumble-8	8	1	22	0	0	642	20.2	59.2	0.1290	0	1
3.8.5	dsekercioglu.mega.Raven 3.56j8	rumble-8	8	1	23	1	1	1210	24.6	19.5	0.1124	0	1
3.8.5	dsekercioglu.mega.Raven 3.56j8	rumble-8	8	1	24	1	1	1519	25.5	29.5	0.1453	0	1
3.8.5	dsekercioglu.mega.Raven 3.56j8	rumble-8	8	1	25	1	1	1627	22.2	31.0	0.0738	0	1
3.8.5	dsekercioglu.mega.Raven 3.56j8	rumble-8	8	1	26	1	1	1664	22.6	27.5	0.0787	0	1
3.8.5	dsekercioglu.mega.Raven 3.56j8	rumble-8	8	1	27	1	1	1370	59.8	67.1	0.1020	0	1
3.8.5	dsekercioglu.mega.Raven 3.56j8	rumble-8	8	1	28	1	1	1750	26.2	42.6	0.1304	0	1
3.8.5	dsekercioglu.mega.Raven 3.56j8	rumble-8	8	1	29	0	0	600	10.1	58.8	0.0625	0	1
3.8.5	dsekercioglu.mega.Raven 3.56j8	rumble-8	8	1	30	1	1	1595	23.0	14.6	0.0887	0	1
3.8.5	dsekercioglu.mega.Raven 3.56j8	rumble-8	8	1	31	1	1	1444	33.8	35.8	0.1284	0	1
3.8.5	dsekercioglu.mega.Raven 3.56j8	rumble-8	8	1	32	1	1	1881	22.3	28.4	0.0872	0	1
3.8.5	dsekercioglu.mega.Raven 3.56j8	rumble-8	8	1	33	1	1	1579	13.6	29.8	0.0840	0	1
3.8.5	dsekercioglu.mega.Raven 3.56j8	rumble-8	8	1	34		0	832	11.7	48.3			1
3.8.5	dsekercioglu.mega.Raven 3.56j8	rumble-8	8	2	0	1	1	1543	23.4	29.7	0.1026	0	4
3.8.5	dsekercioglu.mega.Raven 3.56j8	rumble-8	8	2	1	1	1	1398	21.6	29.4	0.1402	0	0
3.8.5	dsekercioglu.mega.Raven 3.56j8	rumble-8	8	2	2	0	0	796	1.2	46.5	0.0408	0	0
3.8.5	dsekercioglu.mega.Raven 3.56j8	rumble-8	8	2	3	1	1	1764	14.6	31.8	0.1214	0	0
3.8.5	dsekercioglu.mega.Raven 3.56j8	rumble-8	8	2	4	0	0	1298	39.7	50.3	0.1099	0	0
3.8.5	dsekercioglu.mega.Raven 3.56j8	rumble-8	8	2	5	1	1	1510	22.2	28.1	0.0811	0	0
3.8.5	dsekercioglu.mega.Raven 3.56j8	rumble-8	8	2	6	1	1	1434	23.0	26.8	0.1019	0	0
3.8.5	dsekercioglu.mega.Raven 3.56j8	rumble-8	8	2	7	0	0	593	38.1	84.0	0.1875	0	0
3.8.5	dsekercioglu.mega.Raven 3.56j8	rumble-8	8	2	8	1	1	1763	3.9	39.4	0.0652	0	0
3.8.5	dsekercioglu.mega.Raven 3.56j8	rumble-8	8	2	9	1	1	1597	18.4	30.0	0.0565	0	0
3.8.5	dsekercioglu.mega.Raven 3.56j8	rumble-8	8	2	10	0	0	710	18.3	49.0	0.0750	0	0
3.8.5	dsekercioglu.mega.Raven 3.56j8	rumble-8	8	2	11	1	1	1647	13.3	7.1	0.0775	0	0
3.8.5	dsekercioglu.mega.Raven 3.56j8	rumble-8	8	2	12	1	1	1576	12.1	16.7	0.0574	0	0
3.8.5	dsekercioglu.mega.Raven 3.56j8	rumble-8	8	2	13	1	1	1723	3.2	18.9	0.0597	0	0
3.8.5	dsekercioglu.mega.Raven 3.56j8	rumble-8	8	2	14	1	1	1625	13.3	36.2	0.0800	0	0
3.8.5	dsekercioglu.mega.Raven 3.56j8	rumble-8	8	2	15	1	1	1532	3.6	15.4	0.0776	0	0
3.8.5	dsekercioglu.mega.Raven 3.56j8	rumble-8	8	2	16	0	0	865	0.0	18.3	0.0000	0	0
3.8.5	dsekercioglu.mega.Raven 3.56j8	rumble-8	8	2	17	1	1	1471	14.2	15.0	0.1327	0	0
3.8.5	dsekercioglu.mega.Raven 3.56j8	rumble-8	8	2	18	1	1	1647	15.3	39.8	0.1163	0	0
3.8.5	dsekercioglu.mega.Raven 3.56j8	rumble-8	8	2	19	1	1	1663	34.0	26.8	0.1172	0	1
3.8.5	dsekercioglu.mega.Raven 3.56j8	rumble-8	8	2	20	0	0	627	29.1	61.5	0.0909	0	1
3.8.5	dsekercioglu.mega.Raven 3.56j8	rumble-8	8	2	21	0	0	793	9.7	28.6	0.0222	0	1
3.8.5	dsekercioglu.mega.Raven 3.56j8	rumble-8	8	2	22	1	1	1723	24.6	45.7	0.1095	0	1
3.8.5	dsekercioglu.mega.Raven 3.56j8	rumble-8	8	2	23	0	0	1274	33.5	51.1	0.1461	0	1
3.8.5	dsekercioglu.mega.Raven 3.56j8	rumble-8	8	2	24	1	1	1495	24.2	28.1	0.1150	0	1
3.8.5	dsekercioglu.mega.Raven 3.56j8	rumble-8	8	2	25	1	1	1602	21.1	20.7	0.1057	0	2
3.8.5	dsekercioglu.mega.Raven 3.56j8	rumble-8	8	2	26	0	0	621	10.1	49.1	0.0313	0	1
3.8.5	dsekercioglu.mega.Raven 3.56j8	rumble-8	8	2	27	0	0	1086	41.2	55.8	0.1370	0	1
3.8.5	dsekercioglu.mega.Raven 3.56j8	rumble-8	8	2	28	1	1	1448	43.2	32.3	0.1339	0	1
3.8.5	dsekercioglu.mega.Raven 3.56j8	rumble-8	8	2	29	1	1	1557	23.4	18.7	0.1008	0	1
3.8.5	dsekercioglu.mega.Raven 3.56j8	rumble-8	8	2	30	1	1	1528	23.4	39.2	0.1043	0	1
3.8.5	dsekercioglu.mega.Raven 3.56j8	rumble-8	8	2	31	0	0	919	16.8	38.8	0.0612	0	1
3.8.5	dsekercioglu.mega.Raven 3.56j8	rumble-8	8	2	32	1	1	1640	24.2	44.6	0.1102	0	1
3.8.5	dsekercioglu.mega.Raven 3.56j8	rumble-8	8	2	33	0	0	1065	0.8	36.2	0.0278	0	1
3.8.5	dsekercioglu.mega.Raven 3.56j8	rumble-8	8	2	34	1	1	1652	5.5	30.9	0.1016	0	10
3.8.5	dsekercioglu.mega.Raven 3.56j8	rumble-8	8	3	0	1	1	1516	23.5	17.6	0.1017	0	3
3.8.5	dsekercioglu.mega.Raven 3.56j8	rumble-8	8	3	1	1	1	1719	20.8	34.3	0.0970	0	0
3.8.5	dsekercioglu.mega.Raven 3.56j8	rumble-8	8	3	2	1	1	1674	13.3	31.7	0.0763	0	0
3.8.5	dsekercioglu.mega.Raven 3.56j8	rumble-8	8	3	3	1	1	1478	24.0	35.2	0.1193	0	0
3.8.5	dsekercioglu.mega.Raven 3.56j8	rumble-8	8	3	4	1	1	1799	11.3	17.9	0.0355	0	0
3.8.5	dsekercioglu.mega.Raven 3.56j8	rumble-8	8	3	5	0	0	1326	14.9	59.3	0.1340	0	0
3.8.5	dsekercioglu.mega.Raven 3.56j8	rumble-8	8	3	6	1	1	1535	24.5	47.2	0.1176	0	2
3.8.5	dsekercioglu.mega.Raven 3.56j8	rumble-8	8	3	7	0	0	822	10.5	48.2	0.0652	0	0
3.8.5	dsekercioglu.mega.Raven 3.56j8	rumble-8	8	3	8	1	1	1262	25.8	11.8	0.1895	0	0
3.8.5	dsekercioglu.mega.Raven 3.56j8	rumble-8	8	3	9	0	0	712	0.4	27.7	0.0263	0	0
3.8.5	dsekercioglu.mega.Raven 3.56j8	rumble-8	8	3	10	0	0	1135	38.5	59.5	0.0946	0	1
3.8.5	dsekercioglu.mega.Raven 3.56j8	rumble-8	8	3	11	1	1	1610	13.3	31.0	0.0800	0	0
3.8.5	dsekercioglu.mega.Raven 3.56j8	rumble-8	8	3	12	0	0	553	9.7	55.0	0.0370	0	0
3.8.5	dsekercioglu.mega.Raven 3.56j8	rumble-8	8	3	13	1	1	1523	25.8	34.1	0.1552	0	0
3.8.5	dsekercioglu.mega.Raven 3.56j8	rumble-8	8	3	14	1	1	1546	18.1	21.5	0.0517	0	0
3.8.5	dsekercioglu.mega.Raven 3.56j8	rumble-8	8	3	15	1	1	1473	29.3	35.5	0.1009	0	1
3.8.5	dsekercioglu.mega.Raven 3.56j8	rumble-8	8	3	16	1	1	1549	13.7	6.2	0.0917	0	0
3.8.5	dsekercioglu.mega.Raven 3.56j8	rumble-8	8	3	17	1	1	1823	22.6	46.7	0.0685	0	0
3.8.5	dsekercioglu.mega.Raven 3.56j8	rumble-8	8	3	18	1	1	1431	24.7	33.2	0.1743	0	0
3.8.5	dsekercioglu.mega.Raven 3.56j8	rumble-8	8	3	19	1	1	1480	23.4	20.5	0.1091	0	1
3.8.5	dsekercioglu.mega.Raven 3.56j8	rumble-8	8	3	20	1	1	1420	23.6	13.7	0.1091	0	0
3.8.5	dsekercioglu.mega.Raven 3.56j8	rumble-8	8	3	21	0	0	1077	19.1	46.9	0.0694	0	0
3.8.5	dsekercioglu.mega.Raven 3.56j8	rumble-8	8	3	22	1	1	1258	30.9	31.4	0.1724	0	1
3.8.5	dsekercioglu.mega.Raven 3.56j8	rumble-8	8	3	23	0	0	1374	27.7	33.1	0.0795	0	0
3.8.5	dsekercioglu.mega.Raven 3.56j8	rumble-8	8	3	24	0	0	760	0.8	28.8	0.0233	0	1
3.8.5	dsekercioglu.mega.Raven 3.56j8	rumble-8	8	3	25	1	1	1254	52.0	19.7	0.1398	0	0
3.8.5	dsekercioglu.mega.Raven 3.56j8	rumble-8	8	3	26		0	798	10.1	36.2			0
3.8.5	dsekercioglu.mega.Raven 3.56j8	rumble-8	8	3	27	1	1	1761	31.9	66.7	0.0719	0	0
3.8.5	dsekercioglu.mega.Raven 3.56j8	rumble-8	8	3	28	1	1	1610	14.8	33.4	0.1057	0	1
3.8.5	dsekercioglu.mega.Raven 3.56j8	rumble-8	8	3	29	1	1	1634	14.6	22.6	0.1024	0	1
3.8.5	dsekercioglu.mega.Raven 3.56j8	rumble-8	8	3	30	1	1	1530	30.1	44.1	0.0776	0	1
3.8.5	dsekercioglu.mega.Raven 3.56j8	rumble-8	8	3	31	1	1	1434	24.8	24.5	0.1376	0	1
3.8.5	dsekercioglu.mega.Raven 3.56j8	rumble-8	8	3	32	1	1	1477	25.0	23.4	0.1416	0	0
3.8.5	dsekercioglu.mega.Raven 3.56j8	rumble-8	8	3	33	1	1	1671	23.8	43.2	0.1000	0	0
3.8.5	dsekercioglu.mega.Raven 3.56j8	rumble-8	8	3	34	1	1	1543	42.1	60.7	0.1379	0	11
3.8.5	dsekercioglu.mega.Raven 3.56j8	rumble-8	8	4	0	1	1	1448	4.2	3.3	0.0909	0	4
3.8.5	dsekercioglu.mega.Raven 3.56j8	rumble-8	8	4	1	1	1	1541	25.8	32.8	0.1405	0	0
3.8.5	dsekercioglu.mega.Raven 3.56j8	rumble-8	8	4	2	0	0	608	29.5	59.2	0.0968	0	0
3.8.5	dsekercioglu.mega.Raven 3.56j8	rumble-8	8	4	3	0	0	696	0.0	44.1	0.0000	0	0
3.8.5	dsekercioglu.mega.Raven 3.56j8	rumble-8	8	4	4	1	1	1434	23.8	5.0	0.1182	0	0
3.8.5	dsekercioglu.mega.Raven 3.56j8	rumble-8	8	4	5	0	0	1073	31.5	57.5	0.1111	0	0
3.8.5	dsekercioglu.mega.Raven 3.56j8	rumble-8	8	4	6	0	0	1514	21.4	41.7	0.0631	0	0
3.8.5	dsekercioglu.mega.Raven 3.56j8	rumble-8	8	4	7	0	0	449	9.7	69.3	0.0500	0	0
3.8.5	dsekercioglu.mega.Raven 3.56j8	rumble-8	8	4	8	1	1	1515	25.8	16.8	0.1525	0	0
3.8.5	dsekercioglu.mega.Raven 3.56j8	rumble-8	8	4	9	0	0	1293	28.9	42.2	0.1099	0	0
3.8.5	dsekercioglu.mega.Raven 3.56j8	rumble-8	8	4	10	1	1	1717	12.7	32.2	0.0588	0	0
3.8.5	dsekercioglu.mega.Raven 3.56j8	rumble-8	8	4	11	1	1	1448	13.7	11.7	0.1009	0	1
3.8.5	dsekercioglu.mega.Raven 3.56j8	rumble-8	8	4	12	0	0	1457	30.4	45.6	0.1111	0	0
3.8.5	dsekercioglu.mega.Raven 3.56j8	rumble-8	8	4	13	1	1	1662	25.4	36.9	0.1298	0	0
3.8.5	dsekercioglu.mega.Raven 3.56j8	rumble-8	8	4	14	1	1	1471	16.0	16.9	0.1416	0	0
3.8.5	dsekercioglu.mega.Raven 3.56j8	rumble-8	8	4	15	0	0	603	0.8	49.0	0.0313	0	0
3.8.5	dsekercioglu.mega.Raven 3.56j8	rumble-8	8	4	16	1	1	1324	35.1	24.4	0.1782	0	0
3.8.5	dsekercioglu.mega.Raven 3.56j8	rumble-8	8	4	17	0	0	808	0.4	38.0	0.0204	0	0
3.8.5	dsekercioglu.mega.Raven 3.56j8	rumble-8	8	4	18	0	0	643	26.1	57.7	0.0882	0	0
3.8.5	dsekercioglu.mega.Raven 3.56j8	rumble-8	8	4	19	1	1	1573	21.8	28.1	0.0661	0	1
3.8.5	dsekercioglu.mega.Raven 3.56j8	rumble-8	8	4	20	0	0	1017	0.8	18.2	0.0156	0	0
3.8.5	dsekercioglu.mega.Raven 3.56j8	rumble-8	8	4	21	1	1	1224	32.3	5.5	0.1538	0	0
3.8.5	dsekercioglu.mega.Raven 3.56j8	rumble-8	8	4	22	1	1	1798	23.7	47.1	0.0845	0	1
3.8.5	dsekercioglu.mega.Raven 3.56j8	rumble-8	8	4	23	1	1	1635	24.6	41.4	0.1172	0	0
3.8.5	dsekercioglu.mega.Raven 3.56j8	rumble-8	8	4	24	1	1	1368	25.5	28.5	0.1700	0	0
3.8.5	dsekercioglu.mega.Raven 3.56j8	rumble-8	8	4	25	1	1	1278	50.8	24.6	0.1124	0	0
3.8.5	dsekercioglu.mega.Raven 3.56j8	rumble-8	8	4	26	1	1	1477	29.4	16.3	0.0973	0	0
3.8.5	dsekercioglu.mega.Raven 3.56j8	rumble-8	8	4	27	1	1	1467	14.1	11.2	0.1071	0	0
3.8.5	dsekercioglu.mega.Raven 3.56j8	rumble-8	8	4	28	1	1	1108	16.5	4.1	0.1519	0	0
3.8.5	dsekercioglu.mega.Raven 3.56j8	rumble-8	8	4	29	0	0	1056	20.3	61.5	0.0959	0	0
3.8.5	dsekercioglu.mega.Raven 3.56j8	rumble-8	8	4	30	0	0	1007	11.3	36.7	0.0625	0	1
3.8.5	dsekercioglu.mega.Raven 3.56j8	rumble-8	8	4	31	1	1	1726	24.2	52.4	0.1045	0	1
3.8.5	dsekercioglu.mega.Raven 3.56j8	rumble-8	8	4	32	1	1	1525	16.5	26.8	0.1453	0	0
3.8.5	dsekercioglu.mega.Raven 3.56j8	rumble-8	8	4	33	1	1	1552	31.9	32.1	0.0840	0	0
3.8.5	dsekercioglu.mega.Raven 3.56j8	rumble-8	8	4	34	1	1	1562	25.1	32.1	0.1667	0	10
3.8.5	xander.cat.XanderCat 12.9	rumble-9	9	1	0	1	1	1393	36.8	9.1	0.1321	0	3
3.8.5	xander.cat.XanderCat 12.9	rumble-9	9	1	1	0	0	986	12.5	44.3	0.1270	0	0
3.8.5	xander.cat.XanderCat 12.9	rumble-9	9	1	2	1	1	1329	22.6	27.3	0.1010	0	0
3.8.5	xander.cat.XanderCat 12.9	rumble-9	9	1	3	1	1	1378	37.2	45.5	0.1923	0	0
3.8.5	xander.cat.XanderCat 12.9	rumble-9	9	1	4	0	0	1582	30.1	48.7	0.1111	0	0
3.8.5	xander.cat.XanderCat 12.9	rumble-9	9	1	5	1	1	1253	52.1	45.5	0.1591	0	0
3.8.5	xander.cat.XanderCat 12.9	rumble-9	9	1	6	0	0	738	20.6	45.2	0.0952	0	0
3.8.5	xander.cat.XanderCat 12.9	rumble-9	9	1	7	1	1	1541	43.9	36.4	0.1429	0	0
3.8.5	xander.cat.XanderCat 12.9	rumble-9	9	1	8	1	1	1474	34.3	22.1	0.1481	0	0
3.8.5	xander.cat.XanderCat 12.9	rumble-9	9	1	9	1	1	711	59.4	25.7	0.1795	0	0
3.8.5	xander.cat.XanderCat 12.9	rumble-9	9	1	10	1	1	1559	24.5	18.2	0.1186	0	0
3.8.5	xander.cat.XanderCat 12.9	rumble-9	9	1	11	0	0	1631	14.9	56.6	0.1040	0	0
3.8.5	xander.cat.XanderCat 12.9	rumble-9	9	1	12	1	1	1407	24.1	27.3	0.1215	0	0
3.8.5	xander.cat.XanderCat 12.9	rumble-9	9	1	13	1	1	1583	35.5	45.5	0.1532	0	1
3.8.5	xander.cat.XanderCat 12.9	rumble-9	9	1	14	1	1	1377	25.7	36.4	0.1650	0	0
3.8.5	xander.cat.XanderCat 12.9	rumble-9	9	1	15	1	1	1181	50.1	36.4	0.1429	0	0
3.8.5	xander.cat.XanderCat 12.9	rumble-9	9	1	16	0	0	691	29.1	45.4	0.0811	0	0
3.8.5	xander.cat.XanderCat 12.9	rumble-9	9	1	17	1	1	1756	24.2	54.4	0.1014	0	0
3.8.5	xander.cat.XanderCat 12.9	rumble-9	9	1	18	1	1	1714	25.4	63.7	0.1259	0	0
3.8.5	xander.cat.XanderCat 12.9	rumble-9	9	1	19	0	0	1978	3.6	21.4	0.0703	0	0
3.8.5	xander.cat.XanderCat 12.9	rumble-9	9	1	20	1	1	1355	53.3	72.8	0.1683	0	0
3.8.5	xander.cat.XanderCat 12.9	rumble-9	9	1	21	0	0	1566	21.8	49.4	0.0920	0	1
3.8.5	xander.cat.XanderCat 12.9	rumble-9	9	1	22	1	1	1429	34.7	56.1	0.1545	0	1
3.8.5	xander.cat.XanderCat 12.9	rumble-9	9	1	23	1	1	1762	17.2	18.6	0.1367	0	1
3.8.5	xander.cat.XanderCat 12.9	rumble-9	9	1	24	1	1	1338	42.0	29.1	0.1250	0	1
3.8.5	xander.cat.XanderCat 12.9	rumble-9	9	1	25	1	1	1519	12.9	28.5	0.0776	0	1
3.8.5	xander.cat.XanderCat 12.9	rumble-9	9	1	26	1	1	1409	20.6	22.0	0.0463	0	1
3.8.5	xander.cat.XanderCat 12.9	rumble-9	9	1	27	1	1	1308	26.2	18.2	0.1919	0	1
3.8.5	xander.cat.XanderCat 12.9	rumble-9	9	1	28	0	0	1066	48.0	48.2	0.0909	0	1
3.8.5	xander.cat.XanderCat 12.9	rumble-9	9	1	29	0	0	1183	10.5	27.3	0.0652	0	1
3.8.5	xander.cat.XanderCat 12.9	rumble-9	9	1	30	1	1	1483	32.7	37.7	0.1091	0	1
3.8.5	xander.cat.XanderCat 12.9	rumble-9	9	1	31	1	1	1623	26.5	45.9	0.1484	0	1
3.8.5	xander.cat.XanderCat 12.9	rumble-9	9	1	32	0	0	1703	23.0	53.9	0.0924	0	1
3.8.5	xander.cat.XanderCat 12.9	rumble-9	9	1	33	0	0	2010	14.1	31.7	0.1000	0	1
3.8.5	xander.cat.XanderCat 12.9	rumble-9	9	1	34		0	1750	4.0	0.0			1
3.8.5	xander.cat.XanderCat 12.9	rumble-9	9	2	0	1	1	708	54.9	18.2	0.1053	0	6
3.8.5	xander.cat.XanderCat 12.9	rumble-9	9	2	1	1	1	619	52.0	9.1	0.1563	0	1
3.8.5	xander.cat.XanderCat 12.9	rumble-9	9	2	2	1	1	1863	16.0	41.5	0.1103	0	0
3.8.5	xander.cat.XanderCat 12.9	rumble-9	9	2	3	1	1	1519	36.5	57.6	0.1316	0	0
3.8.5	xander.cat.XanderCat 12.9	rumble-9	9	2	4	1	1	1181	32.1	37.1	0.1687	0	0
3.8.5	xander.cat.XanderCat 12.9	rumble-9	9	2	5	1	1	1402	22.0	27.4	0.1000	0	0
3.8.5	xander.cat.XanderCat 12.9	rumble-9	9	2	6	0	0	3298	22.3	40.5	0.1103	0	1
3.8.5	xander.cat.XanderCat 12.9	rumble-9	9	2	7	1	1	1199	14.4	0.0	0.0500	0	0
3.8.5	xander.cat.XanderCat 12.9	rumble-9	9	2	8	1	1	681	34.9	0.0	0.0833	0	0
3.8.5	xander.cat.XanderCat 12.9	rumble-9	9	2	9	0	0	2606	33.6	48.7	0.1034	0	0
3.8.5	xander.cat.XanderCat 12.9	rumble-9	9	2	10	0	0	3527	21.6	40.5	0.1530	0	0
3.8.5	xander.cat.XanderCat 12.9	rumble-9	9	2	11	0	0	3698	18.2	36.5	0.0963	0	0
3.8.5	xander.cat.XanderCat 12.9	rumble-9	9	2	12	1	1	564	55.8	18.2	0.1786	0	0
3.8.5	xander.cat.XanderCat 12.9	rumble-9	9	2	13	0	0	3169	24.7	34.2	0.0954	0	0
3.8.5	xander.cat.XanderCat 12.9	rumble-9	9	2	14	0	0	3526	34.5	47.5	0.1144	0	1
3.8.5	xander.cat.XanderCat 12.9	rumble-9	9	2	15	1	1	1305	37.3	36.2	0.1648	0	1
3.8.5	xander.cat.XanderCat 12.9	rumble-9	9	2	16	1	1	734	48.2	18.2	0.1250	0	0
3.8.5	xander.cat.XanderCat 12.9	rumble-9	9	2	17	1	1	726	41.7	18.2	0.1282	0	1
3.8.5	xander.cat.XanderCat 12.9	rumble-9	9	2	18	0	0	1932	15.3	38.9	0.0867	0	1
3.8.5	xander.cat.XanderCat 12.9	rumble-9	9	2	19	1	1	968	25.2	18.2	0.0968	0	1
3.8.5	xander.cat.XanderCat 12.9	rumble-9	9	2	20	1	1	1529	23.0	28.1	0.0893	0	1
3.8.5	xander.cat.XanderCat 12.9	rumble-9	9	2	21	1	1	1408	50.8	50.8	0.1165	0	0
3.8.5	xander.cat.XanderCat 12.9	rumble-9	9	2	22	1	1	1481	38.3	43.1	0.0818	0	0
3.8.5	xander.cat.XanderCat 12.9	rumble-9	9	2	23	1	1	991	26.9	18.2	0.1714	0	0
3.8.5	xander.cat.XanderCat 12.9	rumble-9	9	2	24	1	1	1331	29.3	9.1	0.1183	0	1
3.8.5	xander.cat.XanderCat 12.9	rumble-9	9	2	25	0	0	910	30.3	35.4	0.1111	0	0
3.8.5	xander.cat.XanderCat 12.9	rumble-9	9	2	26	0	0	879	18.3	27.2	0.0392	0	1
3.8.5	xander.cat.XanderCat 12.9	rumble-9	9	2	27	1	1	1560	20.4	27.3	0.1000	0	1
3.8.5	xander.cat.XanderCat 12.9	rumble-9	9	2	28	0	0	673	8.2	44.8	0.0278	0	0
3.8.5	xander.cat.XanderCat 12.9	rumble-9	9	2	29	1	1	1576	31.7	46.7	0.1429	0	1
3.8.5	xander.cat.XanderCat 12.9	rumble-9	9	2	30	0	0	1753	30.4	38.7	0.1020	0	1
3.8.5	xander.cat.XanderCat 12.9	rumble-9	9	2	31	1	1	1510	33.1	24.4	0.1111	0	1
3.8.5	xander.cat.XanderCat 12.9	rumble-9	9	2	32	1	1	1524	14.5	31.8	0.1121	0	1
3.8.5	xander.cat.XanderCat 12.9	rumble-9	9	2	33	0	0	1096	0.4	36.4	0.0233	0	1
3.8.5	xander.cat.XanderCat 12.9	rumble-9	9	2	34		0	1875	30.8	0.0			1
3.8.5	xander.cat.XanderCat 12.9	rumble-9	9	3	0	1	1	1038	47.9	36.4	0.1471	0	4
3.8.5	xander.cat.XanderCat 12.9	rumble-9	9	3	1	1	1	1099	43.1	18.2	0.0972	0	0
3.8.5	xander.cat.XanderCat 12.9	rumble-9	9	3	2	1	1	1240	37.6	38.0	0.1250	0	0
3.8.5	xander.cat.XanderCat 12.9	rumble-9	9	3	3	1	1	1268	36.3	36.4	0.1136	0	0
3.8.5	xander.cat.XanderCat 12.9	rumble-9	9	3	4	1	1	1334	47.2	45.5	0.1250	0	0
3.8.5	xander.cat.XanderCat 12.9	rumble-9	9	3	5	1	1	951	35.4	18.3	0.1034	0	0
3.8.5	xander.cat.XanderCat 12.9	rumble-9	9	3	6	0	0	3497	15.6	41.6	0.1058	0	0
3.8.5	xander.cat.XanderCat 12.9	rumble-9	9	3	7	0	0	1312	29.6	44.9	0.1505	0	0
3.8.5	xander.cat.XanderCat 12.9	rumble-9	9	3	8	0	0	2120	22.6	38.8	0.0596	0	0
3.8.5	xander.cat.XanderCat 12.9	rumble-9	9	3	9	0	0	1004	32.0	51.4	0.1077	0	0
3.8.5	xander.cat.XanderCat 12.9	rumble-9	9	3	10	1	1	1745	14.9	29.6	0.0909	0	0
3.8.5	xander.cat.XanderCat 12.9	rumble-9	9	3	11	1	1	1403	12.5	18.2	0.0762	0	0
3.8.5	xander.cat.XanderCat 12.9	rumble-9	9	3	12	0	0	1913	21.4	39.9	0.0648	0	0
3.8.5	xander.cat.XanderCat 12.9	rumble-9	9	3	13	1	1	1612	24.6	2.1	0.1200	0	1
3.8.5	xander.cat.XanderCat 12.9	rumble-9	9	3	14	1	1	1354	29.9	36.4	0.0495	0	0
3.8.5	xander.cat.XanderCat 12.9	rumble-9	9	3	15	1	1	1637	35.8	56.2	0.1496	0	0
3.8.5	xander.cat.XanderCat 12.9	rumble-9	9	3	16	0	0	1154	29.3	73.9	0.1325	0	0
3.8.5	xander.cat.XanderCat 12.9	rumble-9	9	3	17	0	0	1958	16.9	22.4	0.1267	0	0
3.8.5	xander.cat.XanderCat 12.9	rumble-9	9	3	18	1	1	1314	28.9	18.6	0.1010	0	0
3.8.5	xander.cat.XanderCat 12.9	rumble-9	9	3	19	1	1	1428	33.1	55.1	0.1171	0	1
3.8.5	xander.cat.XanderCat 12.9	rumble-9	9	3	20	1	1	1443	26.1	27.3	0.1651	0	1
3.8.5	xander.cat.XanderCat 12.9	rumble-9	9	3	21	0	0	687	25.0	45.7	0.1143	0	0
3.8.5	xander.cat.XanderCat 12.9	rumble-9	9	3	22	0	0	1338	26.2	40.2	0.0737	0	0
3.8.5	xander.cat.XanderCat 12.9	rumble-9	9	3	23	1	1	1369	21.1	10.5	0.0990	0	0
3.8.5	xander.cat.XanderCat 12.9	rumble-9	9	3	24	1	1	1658	23.1	9.1	0.1172	0	0
3.8.5	xander.cat.XanderCat 12.9	rumble-9	9	3	25	0	0	1057	13.7	53.6	0.1389	0	0
3.8.5	xander.cat.XanderCat 12.9	rumble-9	9	3	26	1	1	1414	38.9	46.3	0.0769	0	0
3.8.5	xander.cat.XanderCat 12.9	rumble-9	9	3	27	1	1	1487	22.3	43.4	0.1130	0	1
3.8.5	xander.cat.XanderCat 12.9	rumble-9	9	3	28	0	0	1272	27.4	41.8	0.1124	0	0
3.8.5	xander.cat.XanderCat 12.9	rumble-9	9	3	29	0	0	693	10.1	41.1	0.0263	0	0
3.8.5	xander.cat.XanderCat 12.9	rumble-9	9	3	30	0	0	1654	14.9	42.7	0.1120	0	1
3.8.5	xander.cat.XanderCat 12.9	rumble-9	9	3	31	1	1	1603	29.3	18.2	0.0924	0	0
3.8.5	xander.cat.XanderCat 12.9	rumble-9	9	3	32	1	1	1716	23.5	38.9	0.1212	0	1
3.8.5	xander.cat.XanderCat 12.9	rumble-9	9	3	33	0	0	1900	4.8	38.6	0.0938	0	0
3.8.5	xander.cat.XanderCat 12.9	rumble-9	9	3	34	1	1	1577	25.6	0.0	0.1393	0	9
3.8.5	xander.cat.XanderCat 12.9	rumble-9	9	4	0	1	1	957	42.9	33.7	0.1692	0	4
3.8.5	xander.cat.XanderCat 12.9	rumble-9	9	4	1	1	1	1610	22.7	36.4	0.1382	0	0
3.8.5	xander.cat.XanderCat 12.9	rumble-9	9	4	2	1	1	1770	25.8	49.8	0.1324	0	0
3.8.5	xander.cat.XanderCat 12.9	rumble-9	9	4	3	1	1	1336	27.6	27.3	0.1881	0	0
3.8.5	xander.cat.XanderCat 12.9	rumble-9	9	4	4	1	1	701	38.6	9.1	0.1143	0	0
3.8.5	xander.cat.XanderCat 12.9	rumble-9	9	4	5	1	1	1377	12.9	18.2	0.0874	0	0
3.8.5	xander.cat.XanderCat 12.9	rumble-9	9	4	6	1	1	1558	25.8	36.4	0.1500	0	1
3.8.5	xander.cat.XanderCat 12.9	rumble-9	9	4	7	1	1	1408	25.7	27.3	0.1589	0	0
3.8.5	xander.cat.XanderCat 12.9	rumble-9	9	4	8	1	1	1397	34.7	33.0	0.1683	0	0
3.8.5	xander.cat.XanderCat 12.9	rumble-9	9	4	9	0	0	2098	5.6	21.4	0.0979	0	0
3.8.5	xander.cat.XanderCat 12.9	rumble-9	9	4	10	1	1	1298	26.5	36.4	0.1959	0	0
3.8.5	xander.cat.XanderCat 12.9	rumble-9	9	4	11	1	1	585	53.7	0.0	0.1154	0	0
3.8.5	xander.cat.XanderCat 12.9	rumble-9	9	4	12	1	1	1424	51.6	39.4	0.1188	0	0
3.8.5	xander.cat.XanderCat 12.9	rumble-9	9	4	13	1	1	1221	24.0	19.5	0.1444	0	0
3.8.5	xander.cat.XanderCat 12.9	rumble-9	9	4	14	1	1	1517	23.0	17.6	0.1000	0	0
3.8.5	xander.cat.XanderCat 12.9	rumble-9	9	4	15	1	1	1634	35.9	36.9	0.1538	0	0
3.8.5	xander.cat.XanderCat 12.9	rumble-9	9	4	16	1	1	1355	24.2	27.3	0.1386	0	0
3.8.5	xander.cat.XanderCat 12.9	rumble-9	9	4	17	1	1	1411	12.1	18.2	0.0654	0	0
3.8.5	xander.cat.XanderCat 12.9	rumble-9	9	4	18	1	1	1463	23.0	28.5	0.0973	0	1
3.8.5	xander.cat.XanderCat 12.9	rumble-9	9	4	19	1	1	1351	30.7	27.3	0.0707	0	0
3.8.5	xander.cat.XanderCat 12.9	rumble-9	9	4	20	0	0	845	19.8	27.6	0.0625	0	0
3.8.5	xander.cat.XanderCat 12.9	rumble-9	9	4	21	1	1	1366	33.1	28.3	0.1313	0	0
3.8.5	xander.cat.XanderCat 12.9	rumble-9	9	4	22	1	1	1249	23.8	1.1	0.1383	0	0
3.8.5	xander.cat.XanderCat 12.9	rumble-9	9	4	23	1	1	1608	53.7	44.5	0.1500	0	0
3.8.5	xander.cat.XanderCat 12.9	rumble-9	9	4	24	0	0	2131	16.9	60.1	0.1195	0	0
3.8.5	xander.cat.XanderCat 12.9	rumble-9	9	4	25	1	1	1717	33.2	45.5	0.0963	0	0
3.8.5	xander.cat.XanderCat 12.9	rumble-9	9	4	26	1	1	1504	34.7	55.5	0.1518	0	0
3.8.5	xander.cat.XanderCat 12.9	rumble-9	9	4	27	1	1	1605	26.6	28.7	0.1600	0	0
3.8.5	xander.cat.XanderCat 12.9	rumble-9	9	4	28	0	0	1646	12.1	40.7	0.0729	0	1
3.8.5	xander.cat.XanderCat 12.9	rumble-9	9	4	29	1	1	1461	36.6	28.6	0.1802	0	0
3.8.5	xander.cat.XanderCat 12.9	rumble-9	9	4	30	1	1	1325	34.4	18.2	0.0889	0	0
3.8.5	xander.cat.XanderCat 12.9	rumble-9	9	4	31	0	0	1425	21.4	47.9	0.0805	0	0
3.8.5	xander.cat.XanderCat 12.9	rumble-9	9	4	32	1	1	1647	24.4	9.1	0.1157	0	0
3.8.5	xander.cat.XanderCat 12.9	rumble-9	9	4	33	1	1	1831	36.2	78.5	0.1361	0	0
3.8.5	xander.cat.XanderCat 12.9	rumble-9	9	4	34	1	1	1455	26.1	0.0	0.1607	0	6
3.8.5	lxx.Tomcat 3.68	rumble-10	10	1	0	1	1	3383	37.5	22.7	0.1084	0	5
3.8.5	lxx.Tomcat 3.68	rumble-10	10	1	1	1	1	2553	45.7	30.5	0.1024	0	1
3.8.5	lxx.Tomcat 3.68	rumble-10	10	1	2	1	1	3184	39.5	40.2	0.1348	0	0
3.8.5	lxx.Tomcat 3.68	rumble-10	10	1	3	1	1	2845	18.5	32.4	0.0979	0	0
3.8.5	lxx.Tomcat 3.68	rumble-10	10	1	4	1	1	3006	28.4	38.3	0.1120	0	1
3.8.5	lxx.Tomcat 3.68	rumble-10	10	1	5	1	1	3179	22.3	29.7	0.1203	0	1
3.8.5	lxx.Tomcat 3.68	rumble-10	10	1	6	1	1	2973	26.9	43.8	0.1138	0	1
3.8.5	lxx.Tomcat 3.68	rumble-10	10	1	7	0	0	1606	4.4	29.2	0.0932	0	1
3.8.5	lxx.Tomcat 3.68	rumble-10	10	1	8	1	1	2959	31.6	42.6	0.0816	0	1
3.8.5	lxx.Tomcat 3.68	rumble-10	10	1	9	1	1	2422	32.4	44.0	0.1134	0	1
3.8.5	lxx.Tomcat 3.68	rumble-10	10	1	10	0	0	1126	27.7	65.2	0.1014	0	1
3.8.5	lxx.Tomcat 3.68	rumble-10	10	1	11	1	1	3512	27.8	19.4	0.0746	0	1
3.8.5	lxx.Tomcat 3.68	rumble-10	10	1	12	1	1	3070	9.2	11.1	0.0906	0	1
3.8.5	lxx.Tomcat 3.68	rumble-10	10	1	13	0	0	1094	20.3	44.3	0.1081	0	1
3.8.5	lxx.Tomcat 3.68	rumble-10	10	1	14	1	1	2206	50.4	21.4	0.1638	0	1
3.8.5	lxx.Tomcat 3.68	rumble-10	10	1	15	1	1	3328	21.1	26.9	0.1039	0	1
3.8.5	lxx.Tomcat 3.68	rumble-10	10	1	16	1	1	2434	31.9	40.7	0.0867	0	1
3.8.5	lxx.Tomcat 3.68	rumble-10	10	1	17	1	1	2899	19.1	36.2	0.0996	0	1
3.8.5	lxx.Tomcat 3.68	rumble-10	10	1	18	0	0	1006	9.4	36.1	0.0625	0	1
3.8.5	lxx.Tomcat 3.68	rumble-10	10	1	19	0	0	1612	28.5	33.4	0.0684	0	1
3.8.5	lxx.Tomcat 3.68	rumble-10	10	1	20	1	1	2254	41.9	48.5	0.0838	0	1
3.8.5	lxx.Tomcat 3.68	rumble-10	10	1	21	1	1	1259	41.6	28.9	0.0698	0	1
3.8.5	lxx.Tomcat 3.68	rumble-10	10	1	22	1	1	3173	19.5	24.8	0.0947	0	1
3.8.5	lxx.Tomcat 3.68	rumble-10	10	1	23	1	1	1834	61.3	57.2	0.1214	0	1
3.8.5	lxx.Tomcat 3.68	rumble-10	10	1	24	0	0	780	25.0	47.2	0.0909	0	1
3.8.5	lxx.Tomcat 3.68	rumble-10	10	1	25	1	1	2865	35.4	16.0	0.1218	0	1
3.8.5	lxx.Tomcat 3.68	rumble-10	10	1	26	0	0	890	29.2	51.4	0.1321	0	1
3.8.5	lxx.Tomcat 3.68	rumble-10	10	1	27	1	1	3335	19.5	17.2	0.1039	0	1
3.8.5	lxx.Tomcat 3.68	rumble-10	10	1	28	1	1	3546	27.1	20.0	0.0700	0	1
3.8.5	lxx.Tomcat 3.68	rumble-10	10	1	29	0	0	2242	24.7	59.3	0.1061	0	1
3.8.5	lxx.Tomcat 3.68	rumble-10	10	1	30	0	0	1548	13.3	40.0	0.0893	0	1
3.8.5	lxx.Tomcat 3.68	rumble-10	10	1	31	0	0	1096	27.3	39.6	0.0833	0	1
3.8.5	lxx.Tomcat 3.68	rumble-10	10	1	32	1	1	2874	27.4	36.8	0.1218	0	1
3.8.5	lxx.Tomcat 3.68	rumble-10	10	1	33	1	1	2065	47.5	48.8	0.1043	0	1
3.8.5	lxx.Tomcat 3.68	rumble-10	10	1	34	1	1	3568	19.6	28.6	0.0828	0	10
3.8.5	lxx.Tomcat 3.68	rumble-10	10	2	0	0	0	999	36.8	65.2	0.1250	0	0
3.8.5	lxx.Tomcat 3.68	rumble-10	10	2	1	1	1	3467	26.9	25.8	0.0956	0	5
3.8.5	lxx.Tomcat 3.68	rumble-10	10	2	2	0	0	895	17.2	46.3	0.0741	0	0
3.8.5	lxx.Tomcat 3.68	rumble-10	10	2	3	1	1	2526	23.4	32.8	0.0732	0	1
3.8.5	lxx.Tomcat 3.68	rumble-10	10	2	4	0	0	1188	17.6	33.2	0.0649	0	0
3.8.5	lxx.Tomcat 3.68	rumble-10	10	2	5	1	1	2682	33.6	47.4	0.1121	0	0
3.8.5	lxx.Tomcat 3.68	rumble-10	10	2	6	0	0	912	10.5	55.2	0.0577	0	0
3.8.5	lxx.Tomcat 3.68	rumble-10	10	2	7	0	0	794	0.4	41.3	0.0213	0	0
3.8.5	lxx.Tomcat 3.68	rumble-10	10	2	8	1	1	1578	42.4	45.4	0.1379	0	1
3.8.5	lxx.Tomcat 3.68	rumble-10	10	2	9	0	0	880	18.4	62.3	0.1250	0	0
3.8.5	lxx.Tomcat 3.68	rumble-10	10	2	10	1	1	3286	38.0	33.8	0.1155	0	1
3.8.5	lxx.Tomcat 3.68	rumble-10	10	2	11	0	0	1016	11.3	48.8	0.0735	0	1
3.8.5	lxx.Tomcat 3.68	rumble-10	10	2	12	1	1	3070	17.6	47.1	0.0941	0	1
3.8.5	lxx.Tomcat 3.68	rumble-10	10	2	13	0	0	725	8.2	55.6	0.0238	0	1
3.8.5	lxx.Tomcat 3.68	rumble-10	10	2	14	1	1	2981	20.5	21.6	0.1129	0	1
3.8.5	lxx.Tomcat 3.68	rumble-10	10	2	15	1	1	3485	19.5	23.0	0.0850	0	2
3.8.5	lxx.Tomcat 3.68	rumble-10	10	2	16	1	1	2859	25.5	52.3	0.0890	0	1
3.8.5	lxx.Tomcat 3.68	rumble-10	10	2	17	1	1	2826	18.6	35.0	0.0987	0	1
3.8.5	lxx.Tomcat 3.68	rumble-10	10	2	18	1	1	3497	42.2	28.4	0.1174	0	1
3.8.5	lxx.Tomcat 3.68	rumble-10	10	2	19	0	0	3621	30.3	39.5	0.1096	0	1
3.8.5	lxx.Tomcat 3.68	rumble-10	10	2	20	0	0	1465	40.4	70.9	0.2300	0	1
3.8.5	lxx.Tomcat 3.68	rumble-10	10	2	21	0	0	1126	34.0	12.4	0.1014	0	1
3.8.5	lxx.Tomcat 3.68	rumble-10	10	2	22	1	1	3721	38.1	18.8	0.0789	0	1
3.8.5	lxx.Tomcat 3.68	rumble-10	10	2	23	1	1	2449	23.7	33.9	0.1015	0	2
3.8.5	lxx.Tomcat 3.68	rumble-10	10	2	24	1	1	1690	62.6	67.8	0.1250	0	1
3.8.5	lxx.Tomcat 3.68	rumble-10	10	2	25	0	0	628	10.9	48.3	0.0909	0	1
3.8.5	lxx.Tomcat 3.68	rumble-10	10	2	26	0	0	871	18.4	53.0	0.1111	0	1
3.8.5	lxx.Tomcat 3.68	rumble-10	10	2	27	1	1	3119	20.6	36.4	0.1077	0	1
3.8.5	lxx.Tomcat 3.68	rumble-10	10	2	28	1	1	2694	26.4	35.3	0.0864	0	1
3.8.5	lxx.Tomcat 3.68	rumble-10	10	2	29	0	0	1419	21.5	36.3	0.1222	0	1
3.8.5	lxx.Tomcat 3.68	rumble-10	10	2	30	1	1	3275	19.5	27.4	0.0912	0	1
3.8.5	lxx.Tomcat 3.68	rumble-10	10	2	31	1	1	2283	26.3	28.2	0.1243	0	1
3.8.5	lxx.Tomcat 3.68	rumble-10	10	2	32	1	1	3574	37.5	28.7	0.1148	0	1
3.8.5	lxx.Tomcat 3.68	rumble-10	10	2	33	0	0	635	10.9	64.9	0.0857	0	1
3.8.5	lxx.Tomcat 3.68	rumble-10	10	2	34		0	951	10.5	44.6			1
3.8.5	lxx.Tomcat 3.68	rumble-10	10	3	0	1	1	3745	24.8	32.9	0.0599	0	4
3.8.5	lxx.Tomcat 3.68	rumble-10	10	3	1	0	0	1109	21.0	37.2	0.0811	0	0
3.8.5	lxx.Tomcat 3.68	rumble-10	10	3	2	1	1	1942	45.0	48.8	0.0933	0	0
3.8.5	lxx.Tomcat 3.68	rumble-10	10	3	3	0	0	631	0.8	56.6	0.0294	0	0
3.8.5	lxx.Tomcat 3.68	rumble-10	10	3	4	1	1	2731	39.8	56.9	0.0933	0	0
3.8.5	lxx.Tomcat 3.68	rumble-10	10	3	5	1	1	3195	27.0	28.4	0.1045	0	0
3.8.5	lxx.Tomcat 3.68	rumble-10	10	3	6	0	0	1327	42.6	53.2	0.1098	0	0
3.8.5	lxx.Tomcat 3.68	rumble-10	10	3	7	1	1	2826	19.3	18.3	0.1068	0	0
3.8.5	lxx.Tomcat 3.68	rumble-10	10	3	8	1	1	2460	26.8	48.8	0.1200	0	1
3.8.5	lxx.Tomcat 3.68	rumble-10	10	3	9	1	1	2314	34.2	27.8	0.1123	0	1
3.8.5	lxx.Tomcat 3.68	rumble-10	10	3	10	1	1	2366	42.7	43.7	0.0895	0	1
3.8.5	lxx.Tomcat 3.68	rumble-10	10	3	11	1	1	3103	17.5	28.7	0.0930	0	1
3.8.5	lxx.Tomcat 3.68	rumble-10	10	3	12	0	0	867	8.6	36.1	0.0385	0	2
3.8.5	lxx.Tomcat 3.68	rumble-10	10	3	13	1	1	3020	28.6	39.2	0.0949	0	1
3.8.5	lxx.Tomcat 3.68	rumble-10	10	3	14	0	0	1252	20.7	40.4	0.1071	0	1
3.8.5	lxx.Tomcat 3.68	rumble-10	10	3	15	1	1	2720	23.9	36.7	0.0893	0	1
3.8.5	lxx.Tomcat 3.68	rumble-10	10	3	16	0	0	588	9.7	50.8	0.0345	0	1
3.8.5	lxx.Tomcat 3.68	rumble-10	10	3	17	0	0	974	10.5	27.4	0.0500	0	1
3.8.5	lxx.Tomcat 3.68	rumble-10	10	3	18	1	1	1742	39.2	25.6	0.1642	0	1
3.8.5	lxx.Tomcat 3.68	rumble-10	10	3	19	1	1	593	80.6	22.1	0.1852	0	1
3.8.5	lxx.Tomcat 3.68	rumble-10	10	3	20	1	1	2355	54.4	39.8	0.1022	0	1
3.8.5	lxx.Tomcat 3.68	rumble-10	10	3	21	1	1	2883	29.2	42.2	0.1250	0	1
3.8.5	lxx.Tomcat 3.68	rumble-10	10	3	22	1	1	3267	35.6	31.9	0.0945	0	1
3.8.5	lxx.Tomcat 3.68	rumble-10	10	3	23	0	0	759	27.7	55.7	0.1364	0	1
3.8.5	lxx.Tomcat 3.68	rumble-10	10	3	24	0	0	1017	0.8	35.1	0.0303	0	1
3.8.5	lxx.Tomcat 3.68	rumble-10	10	3	25	1	1	2613	24.3	36.1	0.0845	0	1
3.8.5	lxx.Tomcat 3.68	rumble-10	10	3	26	0	0	730	8.2	46.6	0.0256	0	1
3.8.5	lxx.Tomcat 3.68	rumble-10	10	3	27	1	1	2273	41.9	39.3	0.1461	0	1
3.8.5	lxx.Tomcat 3.68	rumble-10	10	3	28	1	1	3096	31.2	24.9	0.1192	0	1
3.8.5	lxx.Tomcat 3.68	rumble-10	10	3	29	0	0	1410	19.9	38.0	0.0769	0	1
3.8.5	lxx.Tomcat 3.68	rumble-10	10	3	30	1	1	1735	32.8	35.2	0.0930	0	1
3.8.5	lxx.Tomcat 3.68	rumble-10	10	3	31	1	1	3524	34.5	42.8	0.0900	0	1
3.8.5	lxx.Tomcat 3.68	rumble-10	10	3	32	1	1	3353	42.9	31.5	0.1303	0	1
3.8.5	lxx.Tomcat 3.68	rumble-10	10	3	33	1	1	2164	42.5	25.2	0.1156	0	1
3.8.5	lxx.Tomcat 3.68	rumble-10	10	3	34	1	1	3645	40.3	25.9	0.1000	0	10
3.8.5	lxx.Tomcat 3.68	rumble-10	10	4	0	1	1	3578	22.5	18.6	0.0567	0	5
3.8.5	lxx.Tomcat 3.68	rumble-10	10	4	1	1	1	1495	44.9	10.3	0.1712	0	0
3.8.5	lxx.Tomcat 3.68	rumble-10	10	4	2	0	0	572	32.0	50.1	0.0800	0	0
3.8.5	lxx.Tomcat 3.68	rumble-10	10	4	3	0	0	1156	30.0	38.1	0.1169	0	0
3.8.5	lxx.Tomcat 3.68	rumble-10	10	4	4	1	1	3031	26.1	44.0	0.1032	0	0
3.8.5	lxx.Tomcat 3.68	rumble-10	10	4	5	0	0	742	26.1	59.6	0.0714	0	0
3.8.5	lxx.Tomcat 3.68	rumble-10	10	4	6	1	1	1785	38.0	33.1	0.1727	0	0
3.8.5	lxx.Tomcat 3.68	rumble-10	10	4	7	0	0	799	0.4	18.7	0.0227	0	0
3.8.5	lxx.Tomcat 3.68	rumble-10	10	4	8	0	0	657	0.0	48.5	0.0000	0	1
3.8.5	lxx.Tomcat 3.68	rumble-10	10	4	9	1	1	2787	8.4	16.0	0.0917	0	0
3.8.5	lxx.Tomcat 3.68	rumble-10	10	4	10	1	1	3102	19.7	28.2	0.1008	0	1
3.8.5	lxx.Tomcat 3.68	rumble-10	10	4	11	1	1	2685	23.4	39.2	0.0868	0	1
3.8.5	lxx.Tomcat 3.68	rumble-10	10	4	12	1	1	2583	33.3	46.2	0.0813	0	1
3.8.5	lxx.Tomcat 3.68	rumble-10	10	4	13	0	0	1281	19.6	53.4	0.1099	0	1
3.8.5	lxx.Tomcat 3.68	rumble-10	10	4	14	0	0	862	8.6	39.6	0.0385	0	1
3.8.5	lxx.Tomcat 3.68	rumble-10	10	4	15	1	1	3560	41.3	27.0	0.1086	0	1
3.8.5	lxx.Tomcat 3.68	rumble-10	10	4	16	0	0	768	35.8	50.7	0.0930	0	1
3.8.5	lxx.Tomcat 3.68	rumble-10	10	4	17	0	0	1708	29.3	31.2	0.0894	0	1
3.8.5	lxx.Tomcat 3.68	rumble-10	10	4	18	0	0	1267	11.0	35.4	0.1000	0	1
3.8.5	lxx.Tomcat 3.68	rumble-10	10	4	19	0	0	976	9.8	54.5	0.0769	0	1
3.8.5	lxx.Tomcat 3.68	rumble-10	10	4	20	0	0	661	0.8	42.9	0.0000	0	1
3.8.5	lxx.Tomcat 3.68	rumble-10	10	4	21	0	0	1510	10.2	38.8	0.0541	0	1
3.8.5	lxx.Tomcat 3.68	rumble-10	10	4	22	1	1	2835	28.7	43.5	0.1064	0	1
3.8.5	lxx.Tomcat 3.68	rumble-10	10	4	23	1	1	3189	26.7	28.0	0.0752	0	1
3.8.5	lxx.Tomcat 3.68	rumble-10	10	4	24	1	1	3226	14.1	35.1	0.0444	0	1
3.8.5	lxx.Tomcat 3.68	rumble-10	10	4	25	0	0	677	17.9	48.5	0.0556	0	1
3.8.5	lxx.Tomcat 3.68	rumble-10	10	4	26	1	1	3158	25.4	38.5	0.0909	0	1
3.8.5	lxx.Tomcat 3.68	rumble-10	10	4	27	0	0	1370	21.0	33.0	0.0515	0	1
3.8.5	lxx.Tomcat 3.68	rumble-10	10	4	28	1	1	3006	21.8	32.7	0.1235	0	1
3.8.5	lxx.Tomcat 3.68	rumble-10	10	4	29	1	1	3634	33.1	41.5	0.1169	0	1
3.8.5	lxx.Tomcat 3.68	rumble-10	10	4	30	1	1	3045	31.4	54.9	0.0787	0	1
3.8.5	lxx.Tomcat 3.68	rumble-10	10	4	31	1	1	3240	25.7	25.0	0.0919	0	1
3.8.5	lxx.Tomcat 3.68	rumble-10	10	4	32	1	1	2674	17.2	40.2	0.1045	0	1
3.8.5	lxx.Tomcat 3.68	rumble-10	10	4	33	1	1	3098	28.1	27.2	0.1047	0	1
3.8.5	lxx.Tomcat 3.68	rumble-10	10	4	34	1	1	2585	27.2	37.8	0.1190	0	10
3.8.5	rsalesc.mega.Knight 0.6.28	rumble-11	11	1	0	1	1	3069	45.3	11.4	0.1071	0	5
3.8.5	rsalesc.mega.Knight 0.6.28	rumble-11	11	1	1	0	0	4365	27.1	35.0	0.0685	0	0
3.8.5	rsalesc.mega.Knight 0.6.28	rumble-11	11	1	2	0	0	1675	20.0	23.1	0.0909	0	0
3.8.5	rsalesc.mega.Knight 0.6.28	rumble-11	11	1	3	0	0	1760	32.4	39.5	0.1181	0	0
3.8.5	rsalesc.mega.Knight 0.6.28	rumble-11	11	1	4	1	1	3894	29.9	22.0	0.0942	0	1
3.8.5	rsalesc.mega.Knight 0.6.28	rumble-11	11	1	5	1	1	4142	31.4	13.2	0.0878	0	1
3.8.5	rsalesc.mega.Knight 0.6.28	rumble-11	11	1	6	0	0	1445	28.1	37.4	0.0777	0	0
3.8.5	rsalesc.mega.Knight 0.6.28	rumble-11	11	1	7	1	1	5131	32.9	38.2	0.0788	0	0
3.8.5	rsalesc.mega.Knight 0.6.28	rumble-11	11	1	8	1	1	3988	38.7	35.6	0.0772	0	1
3.8.5	rsalesc.mega.Knight 0.6.28	rumble-11	11	1	9	0	0	2195	37.5	37.0	0.1412	0	1
3.8.5	rsalesc.mega.Knight 0.6.28	rumble-11	11	1	10	0	0	664	8.2	49.2	0.0286	0	1
3.8.5	rsalesc.mega.Knight 0.6.28	rumble-11	11	1	11	1	1	4983	33.8	25.2	0.0858	0	1
3.8.5	rsalesc.mega.Knight 0.6.28	rumble-11	11	1	12	1	1	4920	35.7	34.6	0.0995	0	1
3.8.5	rsalesc.mega.Knight 0.6.28	rumble-11	11	1	13	1	1	1973	54.4	39.7	0.1258	0	1
3.8.5	rsalesc.mega.Knight 0.6.28	rumble-11	11	1	14	0	0	3096	31.4	23.9	0.0840	0	2
3.8.5	rsalesc.mega.Knight 0.6.28	rumble-11	11	1	15	1	1	4982	31.5	25.4	0.0907	0	1
3.8.5	rsalesc.mega.Knight 0.6.28	rumble-11	11	1	16	0	0	2923	33.7	23.9	0.0936	0	1
3.8.5	rsalesc.mega.Knight 0.6.28	rumble-11	11	1	17	0	0	4802	35.5	44.3	0.1095	0	1
3.8.5	rsalesc.mega.Knight 0.6.28	rumble-11	11	1	18	1	1	4529	31.9	17.4	0.1031	0	1
3.8.5	rsalesc.mega.Knight 0.6.28	rumble-11	11	1	19	1	1	4237	31.1	29.8	0.1064	0	1
3.8.5	rsalesc.mega.Knight 0.6.28	rumble-11	11	1	20	0	0	1304	2.0	30.7	0.0543	0	1
3.8.5	rsalesc.mega.Knight 0.6.28	rumble-11	11	1	21	1	1	3675	31.6	25.0	0.1042	0	1
3.8.5	rsalesc.mega.Knight 0.6.28	rumble-11	11	1	22	1	1	4954	25.8	32.8	0.1033	0	1
3.8.5	rsalesc.mega.Knight 0.6.28	rumble-11	11	1	23	1	1	4701	38.6	41.0	0.0918	0	1
3.8.5	rsalesc.mega.Knight 0.6.28	rumble-11	11	1	24	0	0	3479	19.0	25.9	0.0972	0	1
3.8.5	rsalesc.mega.Knight 0.6.28	rumble-11	11	1	25	1	1	4492	48.9	42.3	0.0909	0	2
3.8.5	rsalesc.mega.Knight 0.6.28	rumble-11	11	1	26	0	0	1650	37.4	31.1	0.0661	0	1
3.8.5	rsalesc.mega.Knight 0.6.28	rumble-11	11	1	27	0	0	1571	29.8	46.1	0.1404	0	1
3.8.5	rsalesc.mega.Knight 0.6.28	rumble-11	11	1	28	0	0	1321	1.2	37.7	0.0353	0	2
3.8.5	rsalesc.mega.Knight 0.6.28	rumble-11	11	1	29	1	1	4230	22.1	21.0	0.0972	0	1
3.8.5	rsalesc.mega.Knight 0.6.28	rumble-11	11	1	30	0	0	4510	21.0	25.9	0.0907	0	1
3.8.5	rsalesc.mega.Knight 0.6.28	rumble-11	11	1	31	1	1	4784	37.3	26.4	0.1114	0	1
3.8.5	rsalesc.mega.Knight 0.6.28	rumble-11	11	1	32	0	0	1424	11.4	37.3	0.0874	0	1
3.8.5	rsalesc.mega.Knight 0.6.28	rumble-11	11	1	33	0	0	4009	43.1	48.1	0.1121	0	1
3.8.5	rsalesc.mega.Knight 0.6.28	rumble-11	11	1	34	1	1	5034	41.3	40.4	0.0920	0	9
3.8.5	rsalesc.mega.Knight 0.6.28	rumble-11	11	2	0	0	0	1473	27.8	38.2	0.1038	0	2
3.8.5	rsalesc.mega.Knight 0.6.28	rumble-11	11	2	1	1	1	3189	39.3	22.9	0.0902	0	5
3.8.5	rsalesc.mega.Knight 0.6.28	rumble-11	11	2	2	1	1	4527	32.5	15.0	0.0879	0	1
3.8.5	rsalesc.mega.Knight 0.6.28	rumble-11	11	2	3	0	0	1857	38.6	37.0	0.0791	0	0
3.8.5	rsalesc.mega.Knight 0.6.28	rumble-11	11	2	4	1	1	4142	29.6	20.8	0.0974	0	0
3.8.5	rsalesc.mega.Knight 0.6.28	rumble-11	11	2	5	0	0	1391	34.4	37.7	0.0870	0	1
3.8.5	rsalesc.mega.Knight 0.6.28	rumble-11	11	2	6	1	1	4808	28.7	25.3	0.0777	0	0
3.8.5	rsalesc.mega.Knight 0.6.28	rumble-11	11	2	7	1	1	1922	42.1	32.8	0.1348	0	0
3.8.5	rsalesc.mega.Knight 0.6.28	rumble-11	11	2	8	0	0	1636	19.9	27.2	0.0700	0	0
3.8.5	rsalesc.mega.Knight 0.6.28	rumble-11	11	2	9	1	1	3920	42.7	42.6	0.1205	0	1
3.8.5	rsalesc.mega.Knight 0.6.28	rumble-11	11	2	10	1	1	4099	35.3	35.0	0.0833	0	1
3.8.5	rsalesc.mega.Knight 0.6.28	rumble-11	11	2	11	1	1	5073	35.0	28.2	0.1007	0	1
3.8.5	rsalesc.mega.Knight 0.6.28	rumble-11	11	2	12	1	1	4629	45.6	39.0	0.0877	0	0
3.8.5	rsalesc.mega.Knight 0.6.28	rumble-11	11	2	13	0	0	1140	26.2	44.4	0.0986	0	1
3.8.5	rsalesc.mega.Knight 0.6.28	rumble-11	11	2	14	1	1	4943	34.9	28.6	0.0941	0	1
3.8.5	rsalesc.mega.Knight 0.6.28	rumble-11	11	2	15	1	1	4008	50.8	21.4	0.0962	0	1
3.8.5	rsalesc.mega.Knight 0.6.28	rumble-11	11	2	16	1	1	3766	41.8	32.6	0.1199	0	1
3.8.5	rsalesc.mega.Knight 0.6.28	rumble-11	11	2	17	1	1	4177	30.3	22.0	0.1011	0	1
3.8.5	rsalesc.mega.Knight 0.6.28	rumble-11	11	2	18	1	1	4505	42.4	27.0	0.1003	0	1
3.8.5	rsalesc.mega.Knight 0.6.28	rumble-11	11	2	19	0	0	1242	21.0	56.4	0.0674	0	1
3.8.5	rsalesc.mega.Knight 0.6.28	rumble-11	11	2	20	1	1	4847	29.2	23.5	0.0819	0	2
3.8.5	rsalesc.mega.Knight 0.6.28	rumble-11	11	2	21	1	1	3029	52.7	37.2	0.1036	0	1
3.8.5	rsalesc.mega.Knight 0.6.28	rumble-11	11	2	22	0	0	635	27.6	57.8	0.0909	0	1
3.8.5	rsalesc.mega.Knight 0.6.28	rumble-11	11	2	23	1	1	2369	59.4	19.6	0.1604	0	1
3.8.5	rsalesc.mega.Knight 0.6.28	rumble-11	11	2	24	0	0	987	17.2	26.4	0.0645	0	1
3.8.5	rsalesc.mega.Knight 0.6.28	rumble-11	11	2	25	1	1	1613	55.5	20.6	0.1624	0	1
3.8.5	rsalesc.mega.Knight 0.6.28	rumble-11	11	2	26	1	1	3447	26.6	13.8	0.0807	0	1
3.8.5	rsalesc.mega.Knight 0.6.28	rumble-11	11	2	27	1	1	3189	35.3	25.0	0.1103	0	1
3.8.5	rsalesc.mega.Knight 0.6.28	rumble-11	11	2	28	0	0	1143	10.1	27.8	0.0263	0	1
3.8.5	rsalesc.mega.Knight 0.6.28	rumble-11	11	2	29	1	1	4225	19.4	15.6	0.0784	0	1
3.8.5	rsalesc.mega.Knight 0.6.28	rumble-11	11	2	30	0	0	1417	19.9	33.9	0.0686	0	1
3.8.5	rsalesc.mega.Knight 0.6.28	rumble-11	11	2	31	0	0	2297	25.1	25.3	0.1056	0	1
3.8.5	rsalesc.mega.Knight 0.6.28	rumble-11	11	2	32	1	1	3609	43.6	31.0	0.0987	0	1
3.8.5	rsalesc.mega.Knight 0.6.28	rumble-11	11	2	33	0	0	656	18.3	52.1	0.0857	0	1
3.8.5	rsalesc.mega.Knight 0.6.28	rumble-11	11	2	34	1	1	5225	34.3	33.6	0.1015	0	15
3.8.5	rsalesc.mega.Knight 0.6.28	rumble-11	11	3	0	0	0	1364	30.3	44.3	0.0723	0	0
3.8.5	rsalesc.mega.Knight 0.6.28	rumble-11	11	3	1	1	1	4742	25.5	22.0	0.0980	0	6
3.8.5	rsalesc.mega.Knight 0.6.28	rumble-11	11	3	2	0	0	903	0.4	42.9	0.0233	0	0
3.8.5	rsalesc.mega.Knight 0.6.28	rumble-11	11	3	3	1	1	4997	33.9	32.2	0.1049	0	1
3.8.5	rsalesc.mega.Knight 0.6.28	rumble-11	11	3	4	0	0	1069	18.4	39.2	0.1029	0	0
3.8.5	rsalesc.mega.Knight 0.6.28	rumble-11	11	3	5	1	1	3666	40.6	22.0	0.1279	0	0
3.8.5	rsalesc.mega.Knight 0.6.28	rumble-11	11	3	6	0	0	1656	10.2	29.4	0.0566	0	0
3.8.5	rsalesc.mega.Knight 0.6.28	rumble-11	11	3	7	1	1	4680	32.7	21.6	0.0873	0	1
3.8.5	rsalesc.mega.Knight 0.6.28	rumble-11	11	3	8	0	0	2805	20.9	20.3	0.1295	0	1
3.8.5	rsalesc.mega.Knight 0.6.28	rumble-11	11	3	9	1	1	4783	15.9	18.0	0.0954	0	1
3.8.5	rsalesc.mega.Knight 0.6.28	rumble-11	11	3	10	0	0	2984	51.1	43.8	0.0805	0	1
3.8.5	rsalesc.mega.Knight 0.6.28	rumble-11	11	3	11	1	1	4113	42.4	29.8	0.1114	0	1
3.8.5	rsalesc.mega.Knight 0.6.28	rumble-11	11	3	12	0	0	1034	2.4	34.2	0.0882	0	1
3.8.5	rsalesc.mega.Knight 0.6.28	rumble-11	11	3	13	0	0	1937	50.8	17.8	0.1538	0	1
3.8.5	rsalesc.mega.Knight 0.6.28	rumble-11	11	3	14	1	1	3438	28.9	23.2	0.0871	0	1
3.8.5	rsalesc.mega.Knight 0.6.28	rumble-11	11	3	15	1	1	1581	57.7	45.2	0.1652	0	1
3.8.5	rsalesc.mega.Knight 0.6.28	rumble-11	11	3	16	1	1	4116	46.2	25.3	0.1060	0	1
3.8.5	rsalesc.mega.Knight 0.6.28	rumble-11	11	3	17	1	1	3710	45.7	30.8	0.1016	0	1
3.8.5	rsalesc.mega.Knight 0.6.28	rumble-11	11	3	18	0	0	1865	23.1	42.9	0.1087	0	1
3.8.5	rsalesc.mega.Knight 0.6.28	rumble-11	11	3	19	1	1	4357	33.0	30.4	0.0949	0	1
3.8.5	rsalesc.mega.Knight 0.6.28	rumble-11	11	3	20	1	1	2525	49.1	36.6	0.0650	0	1
3.8.5	rsalesc.mega.Knight 0.6.28	rumble-11	11	3	21	0	0	4717	36.9	37.4	0.0744	0	1
3.8.5	rsalesc.mega.Knight 0.6.28	rumble-11	11	3	22	0	0	1554	12.9	27.5	0.0783	0	1
3.8.5	rsalesc.mega.Knight 0.6.28	rumble-11	11	3	23	0	0	1550	29.6	41.6	0.0631	0	1
3.8.5	rsalesc.mega.Knight 0.6.28	rumble-11	11	3	24	0	0	3004	34.1	34.7	0.0943	0	1
3.8.5	rsalesc.mega.Knight 0.6.28	rumble-11	11	3	25	0	0	897	9.7	39.2	0.0213	0	1
3.8.5	rsalesc.mega.Knight 0.6.28	rumble-11	11	3	26	1	1	4008	21.9	22.6	0.0917	0	1
3.8.5	rsalesc.mega.Knight 0.6.28	rumble-11	11	3	27	0	0	2585	24.4	30.2	0.1068	0	1
3.8.5	rsalesc.mega.Knight 0.6.28	rumble-11	11	3	28	1	1	5369	35.7	41.0	0.0905	0	2
3.8.5	rsalesc.mega.Knight 0.6.28	rumble-11	11	3	29	0	0	1457	25.4	53.5	0.0521	0	1
3.8.5	rsalesc.mega.Knight 0.6.28	rumble-11	11	3	30	0	0	1434	10.9	21.6	0.0392	0	1
3.8.5	rsalesc.mega.Knight 0.6.28	rumble-11	11	3	31	1	1	4705	45.4	39.2	0.1062	0	1
3.8.5	rsalesc.mega.Knight 0.6.28	rumble-11	11	3	32	1	1	3988	54.7	32.2	0.0909	0	1
3.8.5	rsalesc.mega.Knight 0.6.28	rumble-11	11	3	33	0	0	790	0.4	43.4	0.0263	0	1
3.8.5	rsalesc.mega.Knight 0.6.28	rumble-11	11	3	34		0	1457	25.4	28.8			1
3.8.5	rsalesc.mega.Knight 0.6.28	rumble-11	11	4	0	0	0	4300	23.0	27.2	0.1044	0	0
3.8.5	rsalesc.mega.Knight 0.6.28	rumble-11	11	4	1	1	1	4175	31.2	16.6	0.1067	0	5
3.8.5	rsalesc.mega.Knight 0.6.28	rumble-11	11	4	2	0	0	2083	45.0	12.6	0.0962	0	0
3.8.5	rsalesc.mega.Knight 0.6.28	rumble-11	11	4	3	0	0	1694	19.6	31.1	0.0794	0	0
3.8.5	rsalesc.mega.Knight 0.6.28	rumble-11	11	4	4	1	1	4830	24.5	25.2	0.0988	0	1
3.8.5	rsalesc.mega.Knight 0.6.28	rumble-11	11	4	5	1	1	5021	45.4	40.7	0.0998	0	1
3.8.5	rsalesc.mega.Knight 0.6.28	rumble-11	11	4	6	0	0	853	0.4	32.9	0.0208	0	1
3.8.5	rsalesc.mega.Knight 0.6.28	rumble-11	11	4	7	0	0	1467	21.8	47.5	0.0741	0	1
3.8.5	rsalesc.mega.Knight 0.6.28	rumble-11	11	4	8	0	0	2055	46.0	44.9	0.0629	0	1
3.8.5	rsalesc.mega.Knight 0.6.28	rumble-11	11	4	9	1	1	4631	36.2	35.2	0.1190	0	2
3.8.5	rsalesc.mega.Knight 0.6.28	rumble-11	11	4	10	0	0	1535	27.4	34.7	0.0952	0	1
3.8.5	rsalesc.mega.Knight 0.6.28	rumble-11	11	4	11	1	1	5319	31.4	35.2	0.0761	0	1
3.8.5	rsalesc.mega.Knight 0.6.28	rumble-11	11	4	12	1	1	5263	24.9	27.6	0.0835	0	1
3.8.5	rsalesc.mega.Knight 0.6.28	rumble-11	11	4	13	1	1	4456	47.5	25.6	0.0950	0	1
3.8.5	rsalesc.mega.Knight 0.6.28	rumble-11	11	4	14	0	0	1214	9.0	30.1	0.0366	0	1
3.8.5	rsalesc.mega.Knight 0.6.28	rumble-11	11	4	15	1	1	4085	43.9	30.4	0.1243	0	1
3.8.5	rsalesc.mega.Knight 0.6.28	rumble-11	11	4	16	1	1	4938	33.3	33.4	0.0851	0	1
3.8.5	rsalesc.mega.Knight 0.6.28	rumble-11	11	4	17	0	0	1214	8.2	38.6	0.0189	0	1
3.8.5	rsalesc.mega.Knight 0.6.28	rumble-11	11	4	18	1	1	3999	44.7	33.4	0.0976	0	1
3.8.5	rsalesc.mega.Knight 0.6.28	rumble-11	11	4	19	0	0	1050	19.1	41.9	0.0580	0	1
3.8.5	rsalesc.mega.Knight 0.6.28	rumble-11	11	4	20	1	1	5084	34.5	29.4	0.0888	0	2
3.8.5	rsalesc.mega.Knight 0.6.28	rumble-11	11	4	21	1	1	5116	32.7	35.2	0.0952	0	1
3.8.5	rsalesc.mega.Knight 0.6.28	rumble-11	11	4	22	1	1	4850	35.4	36.4	0.1082	0	1
3.8.5	rsalesc.mega.Knight 0.6.28	rumble-11	11	4	23	1	1	5072	38.2	41.3	0.1101	0	1
3.8.5	rsalesc.mega.Knight 0.6.28	rumble-11	11	4	24	0	0	785	8.6	26.2	0.0233	0	1
3.8.5	rsalesc.mega.Knight 0.6.28	rumble-11	11	4	25	0	0	1261	11.0	29.7	0.0814	0	1
3.8.5	rsalesc.mega.Knight 0.6.28	rumble-11	11	4	26	1	1	3346	47.1	15.6	0.1246	0	1
3.8.5	rsalesc.mega.Knight 0.6.28	rumble-11	11	4	27	0	0	1701	36.4	41.4	0.1102	0	1
3.8.5	rsalesc.mega.Knight 0.6.28	rumble-11	11	4	28	1	1	4183	43.1	28.9	0.1148	0	1
3.8.5	rsalesc.mega.Knight 0.6.28	rumble-11	11	4	29	1	1	4297	35.2	24.0	0.1308	0	1
3.8.5	rsalesc.mega.Knight 0.6.28	rumble-11	11	4	30	1	1	4394	36.2	25.2	0.1141	0	1
3.8.5	rsalesc.mega.Knight 0.6.28	rumble-11	11	4	31	1	1	4876	32.6	28.6	0.0811	0	1
3.8.5	rsalesc.mega.Knight 0.6.28	rumble-11	11	4	32	0	0	1442	47.6	41.1	0.1373	0	1
3.8.5	rsalesc.mega.Knight 0.6.28	rumble-11	11	4	33	0	0	1562	19.6	29.2	0.0885	0	1
3.8.5	rsalesc.mega.Knight 0.6.28	rumble-11	11	4	34	1	1	4372	25.3	28.6	0.1162	0	9
3.8.5	aw.Gilgalad 1.99.5c	rumble-12	12	1	0	1	1	2504	19.2	12.9	0.1165	0	5
3.8.5	aw.Gilgalad 1.99.5c	rumble-12	12	1	1	1	1	2464	24.8	27.5	0.0941	0	1
3.8.5	aw.Gilgalad 1.99.5c	rumble-12	12	1	2	1	1	3096	20.1	54.1	0.1154	0	1
3.8.5	aw.Gilgalad 1.99.5c	rumble-12	12	1	3	1	1	2226	46.6	70.3	0.1453	0	1
3.8.5	aw.Gilgalad 1.99.5c	rumble-12	12	1	4	1	1	2098	46.6	45.0	0.1377	0	1
3.8.5	aw.Gilgalad 1.99.5c	rumble-12	12	1	5	0	0	1290	23.4	53.6	0.1290	0	1
3.8.5	aw.Gilgalad 1.99.5c	rumble-12	12	1	6	1	1	2095	34.3	57.9	0.1369	0	1
3.8.5	aw.Gilgalad 1.99.5c	rumble-12	12	1	7	1	1	2363	35.6	40.3	0.1340	0	1
3.8.5	aw.Gilgalad 1.99.5c	rumble-12	12	1	8	0	0	1557	24.6	55.7	0.1271	0	1
3.8.5	aw.Gilgalad 1.99.5c	rumble-12	12	1	9	0	0	1560	40.4	50.2	0.0696	0	1
3.8.5	aw.Gilgalad 1.99.5c	rumble-12	12	1	10	1	1	2324	27.5	55.1	0.1146	0	1
3.8.5	aw.Gilgalad 1.99.5c	rumble-12	12	1	11	1	1	1110	22.3	2.4	0.2000	0	1
3.8.5	aw.Gilgalad 1.99.5c	rumble-12	12	1	12	1	1	643	63.7	30.3	0.1034	0	1
3.8.5	aw.Gilgalad 1.99.5c	rumble-12	12	1	13	0	0	642	16.4	37.3	0.0323	0	1
3.8.5	aw.Gilgalad 1.99.5c	rumble-12	12	1	14	0	0	2323	18.5	53.3	0.1243	0	1
3.8.5	aw.Gilgalad 1.99.5c	rumble-12	12	1	15	0	0	845	0.0	38.9	0.0000	0	1
3.8.5	aw.Gilgalad 1.99.5c	rumble-12	12	1	16	1	1	2064	29.7	17.5	0.1598	0	1
3.8.5	aw.Gilgalad 1.99.5c	rumble-12	12	1	17	1	1	835	48.0	34.5	0.2200	0	1
3.8.5	aw.Gilgalad 1.99.5c	rumble-12	12	1	18	0	0	1028	33.6	35.4	0.0769	0	1
3.8.5	aw.Gilgalad 1.99.5c	rumble-12	12	1	19	1	1	2186	28.1	20.5	0.1285	0	1
3.8.5	aw.Gilgalad 1.99.5c	rumble-12	12	1	20	0	0	766	19.8	46.5	0.0667	0	1
3.8.5	aw.Gilgalad 1.99.5c	rumble-12	12	1	21	1	1	2588	20.3	41.6	0.1268	0	1
3.8.5	aw.Gilgalad 1.99.5c	rumble-12	12	1	22	0	0	1511	32.4	54.6	0.1402	0	2
3.8.5	aw.Gilgalad 1.99.5c	rumble-12	12	1	23	0	0	1737	32.4	58.2	0.1136	0	1
3.8.5	aw.Gilgalad 1.99.5c	rumble-12	12	1	24	0	0	1303	39.8	56.8	0.1522	0	1
3.8.5	aw.Gilgalad 1.99.5c	rumble-12	12	1	25	1	1	2060	15.7	20.1	0.0976	0	1
3.8.5	aw.Gilgalad 1.99.5c	rumble-12	12	1	26	1	1	1822	39.7	45.7	0.1701	0	1
3.8.5	aw.Gilgalad 1.99.5c	rumble-12	12	1	27	1	1	449	89.5	20.6	0.3333	0	2
3.8.5	aw.Gilgalad 1.99.5c	rumble-12	12	1	28	1	1	645	50.9	23.4	0.1000	0	1
3.8.5	aw.Gilgalad 1.99.5c	rumble-12	12	1	29	1	1	1271	43.4	5.7	0.1889	0	2
3.8.5	aw.Gilgalad 1.99.5c	rumble-12	12	1	30	0	0	653	16.8	42.7	0.0938	0	1
3.8.5	aw.Gilgalad 1.99.5c	rumble-12	12	1	31	0	0	1844	33.5	36.8	0.1014	0	1
3.8.5	aw.Gilgalad 1.99.5c	rumble-12	12	1	32	1	1	1984	45.2	55.3	0.1447	0	1
3.8.5	aw.Gilgalad 1.99.5c	rumble-12	12	1	33	1	1	2183	46.9	54.0	0.1364	0	1
3.8.5	aw.Gilgalad 1.99.5c	rumble-12	12	1	34		0	731	8.2	38.8			1
3.8.5	aw.Gilgalad 1.99.5c	rumble-12	12	2	0	1	1	2919	35.5	55.3	0.0776	0	6
3.8.5	aw.Gilgalad 1.99.5c	rumble-12	12	2	1	1	1	2593	24.3	35.3	0.0837	0	0
3.8.5	aw.Gilgalad 1.99.5c	rumble-12	12	2	2	1	1	2861	27.4	25.3	0.0913	0	0
3.8.5	aw.Gilgalad 1.99.5c	rumble-12	12	2	3	1	1	2629	16.5	14.8	0.0829	0	1
3.8.5	aw.Gilgalad 1.99.5c	rumble-12	12	2	4	1	1	2738	18.5	29.4	0.1018	0	1
3.8.5	aw.Gilgalad 1.99.5c	rumble-12	12	2	5	1	1	3015	20.2	52.3	0.1071	0	1
3.8.5	aw.Gilgalad 1.99.5c	rumble-12	12	2	6	0	0	1492	20.6	36.6	0.0459	0	1
3.8.5	aw.Gilgalad 1.99.5c	rumble-12	12	2	7	0	0	831	16.8	41.7	0.0612	0	0
3.8.5	aw.Gilgalad 1.99.5c	rumble-12	12	2	8	0	0	605	8.6	57.0	0.0323	0	1
3.8.5	aw.Gilgalad 1.99.5c	rumble-12	12	2	9	0	0	1494	33.5	40.8	0.1346	0	1
3.8.5	aw.Gilgalad 1.99.5c	rumble-12	12	2	10	1	1	2973	36.3	52.5	0.0960	0	1
3.8.5	aw.Gilgalad 1.99.5c	rumble-12	12	2	11	0	0	1525	10.6	36.8	0.0625	0	1
3.8.5	aw.Gilgalad 1.99.5c	rumble-12	12	2	12	1	1	2215	26.7	32.5	0.1278	0	1
3.8.5	aw.Gilgalad 1.99.5c	rumble-12	12	2	13	1	1	3069	17.0	39.0	0.0745	0	1
3.8.5	aw.Gilgalad 1.99.5c	rumble-12	12	2	14	1	1	2777	24.3	43.3	0.0783	0	1
3.8.5	aw.Gilgalad 1.99.5c	rumble-12	12	2	15	1	1	3392	16.1	42.9	0.0596	0	1
3.8.5	aw.Gilgalad 1.99.5c	rumble-12	12	2	16	1	1	2883	39.1	44.9	0.1167	0	1
3.8.5	aw.Gilgalad 1.99.5c	rumble-12	12	2	17	0	0	880	0.0	40.2	0.0000	0	1
3.8.5	aw.Gilgalad 1.99.5c	rumble-12	12	2	18	1	1	2605	27.2	54.6	0.1163	0	1
3.8.5	aw.Gilgalad 1.99.5c	rumble-12	12	2	19	0	0	882	26.5	47.7	0.0556	0	1
3.8.5	aw.Gilgalad 1.99.5c	rumble-12	12	2	20	1	1	2927	28.0	27.7	0.1230	0	1
3.8.5	aw.Gilgalad 1.99.5c	rumble-12	12	2	21	0	0	671	8.6	46.9	0.0278	0	1
3.8.5	aw.Gilgalad 1.99.5c	rumble-12	12	2	22	1	1	2301	15.7	12.4	0.0856	0	1
3.8.5	aw.Gilgalad 1.99.5c	rumble-12	12	2	23	1	1	2567	17.7	22.1	0.0991	0	1
3.8.5	aw.Gilgalad 1.99.5c	rumble-12	12	2	24	0	0	1520	22.6	39.8	0.0826	0	1
3.8.5	aw.Gilgalad 1.99.5c	rumble-12	12	2	25	1	1	2753	18.2	17.9	0.0961	0	1
3.8.5	aw.Gilgalad 1.99.5c	rumble-12	12	2	26	1	1	2882	28.3	49.5	0.0996	0	1
3.8.5	aw.Gilgalad 1.99.5c	rumble-12	12	2	27	0	0	1032	20.2	39.5	0.0597	0	1
3.8.5	aw.Gilgalad 1.99.5c	rumble-12	12	2	28	1	1	2493	16.5	26.4	0.0874	0	1
3.8.5	aw.Gilgalad 1.99.5c	rumble-12	12	2	29	1	1	2341	26.9	40.0	0.1042	0	1
3.8.5	aw.Gilgalad 1.99.5c	rumble-12	12	2	30	1	1	2736	25.7	46.3	0.0933	0	2
3.8.5	aw.Gilgalad 1.99.5c	rumble-12	12	2	31	1	1	2285	33.8	38.1	0.1209	0	2
3.8.5	aw.Gilgalad 1.99.5c	rumble-12	12	2	32	0	0	713	30.3	57.3	0.1579	0	1
3.8.5	aw.Gilgalad 1.99.5c	rumble-12	12	2	33	1	1	1697	25.1	24.0	0.1203	0	1
3.8.5	aw.Gilgalad 1.99.5c	rumble-12	12	2	34	1	1	985	58.6	53.7	0.1563	0	9
3.8.5	aw.Gilgalad 1.99.5c	rumble-12	12	3	0	1	1	2801	25.5	49.3	0.0733	0	5
3.8.5	aw.Gilgalad 1.99.5c	rumble-12	12	3	1	1	1	2710	27.2	19.1	0.1116	0	0
3.8.5	aw.Gilgalad 1.99.5c	rumble-12	12	3	2	0	0	1033	0.8	35.0	0.0333	0	0
3.8.5	aw.Gilgalad 1.99.5c	rumble-12	12	3	3	0	0	661	0.0	37.2	0.0000	0	0
3.8.5	aw.Gilgalad 1.99.5c	rumble-12	12	3	4	1	1	2233	16.1	22.6	0.0939	0	0
3.8.5	aw.Gilgalad 1.99.5c	rumble-12	12	3	5	1	1	3736	17.0	32.2	0.0728	0	1
3.8.5	aw.Gilgalad 1.99.5c	rumble-12	12	3	6	0	0	884	8.6	40.5	0.0370	0	1
3.8.5	aw.Gilgalad 1.99.5c	rumble-12	12	3	7	0	0	1435	14.5	34.4	0.1154	0	1
3.8.5	aw.Gilgalad 1.99.5c	rumble-12	12	3	8	1	1	3104	26.4	31.5	0.0885	0	1
3.8.5	aw.Gilgalad 1.99.5c	rumble-12	12	3	9	1	1	3076	19.8	38.8	0.1008	0	1
3.8.5	aw.Gilgalad 1.99.5c	rumble-12	12	3	10	1	1	2673	24.3	31.8	0.0829	0	1
3.8.5	aw.Gilgalad 1.99.5c	rumble-12	12	3	11	0	0	735	16.8	56.3	0.0714	0	1
3.8.5	aw.Gilgalad 1.99.5c	rumble-12	12	3	12	1	1	2503	23.9	43.3	0.0833	0	1
3.8.5	aw.Gilgalad 1.99.5c	rumble-12	12	3	13	0	0	869	0.4	30.6	0.0189	0	1
3.8.5	aw.Gilgalad 1.99.5c	rumble-12	12	3	14	1	1	3070	26.4	32.9	0.0742	0	1
3.8.5	aw.Gilgalad 1.99.5c	rumble-12	12	3	15	1	1	3071	25.9	13.2	0.0695	0	1
3.8.5	aw.Gilgalad 1.99.5c	rumble-12	12	3	16	0	0	1093	16.8	38.7	0.0508	0	1
3.8.5	aw.Gilgalad 1.99.5c	rumble-12	12	3	17	0	0	879	16.8	43.1	0.0566	0	1
3.8.5	aw.Gilgalad 1.99.5c	rumble-12	12	3	18	0	0	3329	32.2	51.0	0.1313	0	1
3.8.5	aw.Gilgalad 1.99.5c	rumble-12	12	3	19	1	1	2757	27.5	23.0	0.1096	0	1
3.8.5	aw.Gilgalad 1.99.5c	rumble-12	12	3	20	1	1	2089	30.6	26.2	0.0848	0	1
3.8.5	aw.Gilgalad 1.99.5c	rumble-12	12	3	21	0	0	2380	28.2	42.2	0.0632	0	1
3.8.5	aw.Gilgalad 1.99.5c	rumble-12	12	3	22	0	0	1248	20.0	39.2	0.1279	0	1
3.8.5	aw.Gilgalad 1.99.5c	rumble-12	12	3	23	1	1	1813	49.0	37.0	0.1000	0	1
3.8.5	aw.Gilgalad 1.99.5c	rumble-12	12	3	24	0	0	668	19.4	51.6	0.0571	0	1
3.8.5	aw.Gilgalad 1.99.5c	rumble-12	12	3	25	1	1	2518	24.1	27.1	0.1014	0	1
3.8.5	aw.Gilgalad 1.99.5c	rumble-12	12	3	26	0	0	583	16.4	55.0	0.0345	0	1
3.8.5	aw.Gilgalad 1.99.5c	rumble-12	12	3	27	0	0	1039	11.7	63.2	0.0833	0	1
3.8.5	aw.Gilgalad 1.99.5c	rumble-12	12	3	28	1	1	2970	27.6	55.7	0.1210	0	1
3.8.5	aw.Gilgalad 1.99.5c	rumble-12	12	3	29	0	0	1604	27.0	37.7	0.0789	0	1
3.8.5	aw.Gilgalad 1.99.5c	rumble-12	12	3	30	0	0	1380	48.0	67.1	0.1500	0	1
3.8.5	aw.Gilgalad 1.99.5c	rumble-12	12	3	31	1	1	3277	25.9	43.5	0.0806	0	1
3.8.5	aw.Gilgalad 1.99.5c	rumble-12	12	3	32	1	1	2680	27.0	43.6	0.0942	0	1
3.8.5	aw.Gilgalad 1.99.5c	rumble-12	12	3	33	1	1	3094	28.8	54.8	0.0962	0	1
3.8.5	aw.Gilgalad 1.99.5c	rumble-12	12	3	34	1	1	2165	35.2	20.7	0.1011	0	10
3.8.5	aw.Gilgalad 1.99.5c	rumble-12	12	4	0	1	1	1388	32.1	30.8	0.1905	0	5
3.8.5	aw.Gilgalad 1.99.5c	rumble-12	12	4	1	0	0	2098	23.6	39.2	0.1235	0	0
3.8.5	aw.Gilgalad 1.99.5c	rumble-12	12	4	2	1	1	2002	25.8	32.8	0.1465	0	1
3.8.5	aw.Gilgalad 1.99.5c	rumble-12	12	4	3	1	1	1957	34.7	33.1	0.1118	0	0
3.8.5	aw.Gilgalad 1.99.5c	rumble-12	12	4	4	1	1	1489	34.7	51.8	0.1982	0	1
3.8.5	aw.Gilgalad 1.99.5c	rumble-12	12	4	5	1	1	683	53.0	19.8	0.1471	0	0
3.8.5	aw.Gilgalad 1.99.5c	rumble-12	12	4	6	0	0	603	16.0	38.2	0.0357	0	0
3.8.5	aw.Gilgalad 1.99.5c	rumble-12	12	4	7	1	1	2350	19.8	19.1	0.1354	0	0
3.8.5	aw.Gilgalad 1.99.5c	rumble-12	12	4	8	1	1	2565	16.6	35.3	0.0849	0	0
3.8.5	aw.Gilgalad 1.99.5c	rumble-12	12	4	9	1	1	2698	37.5	56.6	0.1206	0	1
3.8.5	aw.Gilgalad 1.99.5c	rumble-12	12	4	10	1	1	2068	24.4	37.3	0.1078	0	1
3.8.5	aw.Gilgalad 1.99.5c	rumble-12	12	4	11	1	1	1499	21.1	33.2	0.1667	0	1
3.8.5	aw.Gilgalad 1.99.5c	rumble-12	12	4	12	0	0	659	0.0	31.9	0.0000	0	1
3.8.5	aw.Gilgalad 1.99.5c	rumble-12	12	4	13	0	0	678	9.7	37.4	0.0278	0	1
3.8.5	aw.Gilgalad 1.99.5c	rumble-12	12	4	14	0	0	766	10.1	48.5	0.0513	0	1
3.8.5	aw.Gilgalad 1.99.5c	rumble-12	12	4	15	0	0	648	19.8	66.0	0.0833	0	1
3.8.5	aw.Gilgalad 1.99.5c	rumble-12	12	4	16	1	1	1968	24.9	8.2	0.0949	0	1
3.8.5	aw.Gilgalad 1.99.5c	rumble-12	12	4	17	0	0	1199	49.8	64.6	0.1446	0	1
3.8.5	aw.Gilgalad 1.99.5c	rumble-12	12	4	18	0	0	909	10.9	46.4	0.0667	0	1
3.8.5	aw.Gilgalad 1.99.5c	rumble-12	12	4	19	0	0	883	20.6	44.8	0.1020	0	1
3.8.5	aw.Gilgalad 1.99.5c	rumble-12	12	4	20	1	1	1889	43.6	56.1	0.1216	0	2
3.8.5	aw.Gilgalad 1.99.5c	rumble-12	12	4	21	0	0	789	0.4	27.5	0.0238	0	1
3.8.5	aw.Gilgalad 1.99.5c	rumble-12	12	4	22	0	0	678	10.5	54.2	0.0526	0	1
3.8.5	aw.Gilgalad 1.99.5c	rumble-12	12	4	23	0	0	816	19.8	45.1	0.0612	0	1
3.8.5	aw.Gilgalad 1.99.5c	rumble-12	12	4	24	0	0	582	19.8	62.4	0.1000	0	1
3.8.5	aw.Gilgalad 1.99.5c	rumble-12	12	4	25	0	0	676	9.7	46.7	0.0270	0	1
3.8.5	aw.Gilgalad 1.99.5c	rumble-12	12	4	26	1	1	1333	42.5	24.2	0.1900	0	1
3.8.5	aw.Gilgalad 1.99.5c	rumble-12	12	4	27	0	0	587	0.4	27.8	0.0000	0	1
3.8.5	aw.Gilgalad 1.99.5c	rumble-12	12	4	28	1	1	2019	37.9	27.7	0.1538	0	1
3.8.5	aw.Gilgalad 1.99.5c	rumble-12	12	4	29	1	1	1831	52.2	44.5	0.0979	0	1
3.8.5	aw.Gilgalad 1.99.5c	rumble-12	12	4	30	0	0	840	10.9	54.7	0.0566	0	1
3.8.5	aw.Gilgalad 1.99.5c	rumble-12	12	4	31	1	1	1851	35.9	32.7	0.1361	0	1
3.8.5	aw.Gilgalad 1.99.5c	rumble-12	12	4	32	1	1	2527	29.1	44.0	0.1238	0	1
3.8.5	aw.Gilgalad 1.99.5c	rumble-12	12	4	33	1	1	2475	20.3	28.0	0.1337	0	1
3.8.5	aw.Gilgalad 1.99.5c	rumble-12	12	4	34	1	1	1134	38.5	29.5	0.2024	0	9
3.8.5	pc.Wavelet 1.5	rumble-13	13	1	0	1	1	1404	50.2	63.0	0.1524	0	5
3.8.5	pc.Wavelet 1.5	rumble-13	13	1	1	1	1	1172	13.9	23.8	0.1294	0	0
3.8.5	pc.Wavelet 1.5	rumble-13	13	1	2	1	1	1051	42.6	0.0	0.1711	0	0
3.8.5	pc.Wavelet 1.5	rumble-13	13	1	3	1	1	1406	38.6	37.5	0.1038	0	0
3.8.5	pc.Wavelet 1.5	rumble-13	13	1	4	1	1	1159	20.7	9.9	0.1098	0	0
3.8.5	pc.Wavelet 1.5	rumble-13	13	1	5	0	0	1276	22.6	54.0	0.1220	0	0
3.8.5	pc.Wavelet 1.5	rumble-13	13	1	6	0	0	1750	24.6	32.1	0.1220	0	0
3.8.5	pc.Wavelet 1.5	rumble-13	13	1	7	0	0	1774	31.5	32.0	0.0677	0	1
3.8.5	pc.Wavelet 1.5	rumble-13	13	1	8	1	1	1366	32.7	27.8	0.1188	0	0
3.8.5	pc.Wavelet 1.5	rumble-13	13	1	9	1	1	1191	25.8	26.5	0.2000	0	0
3.8.5	pc.Wavelet 1.5	rumble-13	13	1	10	0	0	1102	3.6	14.4	0.1268	0	1
3.8.5	pc.Wavelet 1.5	rumble-13	13	1	11	0	0	1925	43.2	37.0	0.1027	0	1
3.8.5	pc.Wavelet 1.5	rumble-13	13	1	12	1	1	1448	24.0	58.6	0.1545	0	1
3.8.5	pc.Wavelet 1.5	rumble-13	13	1	13	1	1	1243	23.4	0.0	0.1290	0	0
3.8.5	pc.Wavelet 1.5	rumble-13	13	1	14	0	0	1595	44.4	49.5	0.1453	0	0
3.8.5	pc.Wavelet 1.5	rumble-13	13	1	15	0	0	1218	27.8	39.4	0.1341	0	1
3.8.5	pc.Wavelet 1.5	rumble-13	13	1	16	1	1	1228	23.1	36.9	0.1209	0	0
3.8.5	pc.Wavelet 1.5	rumble-13	13	1	17	1	1	1275	22.7	9.9	0.1771	0	0
3.8.5	pc.Wavelet 1.5	rumble-13	13	1	18	1	1	608	72.5	21.2	0.2333	0	1
3.8.5	pc.Wavelet 1.5	rumble-13	13	1	19	0	0	554	16.0	46.2	0.0385	0	0
3.8.5	pc.Wavelet 1.5	rumble-13	13	1	20	0	0	1475	15.3	32.5	0.1321	0	0
3.8.5	pc.Wavelet 1.5	rumble-13	13	1	21	0	0	1392	21.0	40.2	0.0600	0	1
3.8.5	pc.Wavelet 1.5	rumble-13	13	1	22	1	1	1252	33.6	72.7	0.1443	0	1
3.8.5	pc.Wavelet 1.5	rumble-13	13	1	23	1	1	999	31.4	9.9	0.1194	0	1
3.8.5	pc.Wavelet 1.5	rumble-13	13	1	24	0	0	610	9.7	54.3	0.0323	0	0
3.8.5	pc.Wavelet 1.5	rumble-13	13	1	25	0	0	1674	32.0	46.5	0.1129	0	1
3.8.5	pc.Wavelet 1.5	rumble-13	13	1	26	1	1	1091	17.8	15.1	0.0625	0	1
3.8.5	pc.Wavelet 1.5	rumble-13	13	1	27	0	0	1530	33.1	53.7	0.1130	0	1
3.8.5	pc.Wavelet 1.5	rumble-13	13	1	28	1	1	1360	21.4	16.4	0.0680	0	1
3.8.5	pc.Wavelet 1.5	rumble-13	13	1	29	1	1	1330	33.0	47.5	0.1176	0	1
3.8.5	pc.Wavelet 1.5	rumble-13	13	1	30	0	0	965	20.6	38.7	0.0820	0	1
3.8.5	pc.Wavelet 1.5	rumble-13	13	1	31	1	1	1237	31.1	13.9	0.0930	0	1
3.8.5	pc.Wavelet 1.5	rumble-13	13	1	32	0	0	1087	10.5	22.4	0.0423	0	1
3.8.5	pc.Wavelet 1.5	rumble-13	13	1	33	0	0	825	8.2	22.5	0.0217	0	1
3.8.5	pc.Wavelet 1.5	rumble-13	13	1	34		0	1471	32.3	31.2			0
3.8.5	pc.Wavelet 1.5	rumble-13	13	2	0	1	1	1179	23.6	23.1	0.1379	0	5
3.8.5	pc.Wavelet 1.5	rumble-13	13	2	1	0	0	1751	33.1	29.8	0.1000	0	0
3.8.5	pc.Wavelet 1.5	rumble-13	13	2	2	0	0	1121	10.1	29.4	0.0267	0	0
3.8.5	pc.Wavelet 1.5	rumble-13	13	2	3	0	0	1314	31.5	29.4	0.0989	0	0
3.8.5	pc.Wavelet 1.5	rumble-13	13	2	4	0	0	1820	35.1	66.8	0.1343	0	0
3.8.5	pc.Wavelet 1.5	rumble-13	13	2	5	1	1	842	49.5	32.6	0.1373	0	0
3.8.5	pc.Wavelet 1.5	rumble-13	13	2	6	1	1	1591	41.1	49.2	0.0744	0	0
3.8.5	pc.Wavelet 1.5	rumble-13	13	2	7	1	1	1045	30.2	6.9	0.0735	0	0
3.8.5	pc.Wavelet 1.5	rumble-13	13	2	8	0	0	1281	20.2	36.8	0.0449	0	0
3.8.5	pc.Wavelet 1.5	rumble-13	13	2	9	1	1	1331	24.6	19.3	0.1500	0	0
3.8.5	pc.Wavelet 1.5	rumble-13	13	2	10	0	0	1278	31.9	45.7	0.1011	0	0
3.8.5	pc.Wavelet 1.5	rumble-13	13	2	11	0	0	1162	40.8	40.2	0.1286	0	1
3.8.5	pc.Wavelet 1.5	rumble-13	13	2	12	0	0	1285	49.7	68.6	0.0930	0	1
3.8.5	pc.Wavelet 1.5	rumble-13	13	2	13	1	1	1147	23.8	38.1	0.1529	0	0
3.8.5	pc.Wavelet 1.5	rumble-13	13	2	14	0	0	1547	21.8	17.4	0.0727	0	1
3.8.5	pc.Wavelet 1.5	rumble-13	13	2	15	0	0	1141	1.2	27.1	0.0260	0	1
3.8.5	pc.Wavelet 1.5	rumble-13	13	2	16	0	0	1213	10.5	24.7	0.0241	0	1
3.8.5	pc.Wavelet 1.5	rumble-13	13	2	17	0	0	1190	22.2	35.6	0.0988	0	1
3.8.5	pc.Wavelet 1.5	rumble-13	13	2	18	1	1	1521	47.1	27.8	0.0789	0	1
3.8.5	pc.Wavelet 1.5	rumble-13	13	2	19	0	0	1082	32.3	78.6	0.1299	0	1
3.8.5	pc.Wavelet 1.5	rumble-13	13	2	20	1	1	1258	23.6	9.4	0.1277	0	0
3.8.5	pc.Wavelet 1.5	rumble-13	13	2	21	0	0	706	25.7	42.2	0.0541	0	1
3.8.5	pc.Wavelet 1.5	rumble-13	13	2	22	0	0	597	0.0	43.3	0.0000	0	1
3.8.5	pc.Wavelet 1.5	rumble-13	13	2	23	0	0	1283	21.0	23.3	0.0575	0	1
3.8.5	pc.Wavelet 1.5	rumble-13	13	2	24	0	0	1698	33.9	25.4	0.1200	0	1
3.8.5	pc.Wavelet 1.5	rumble-13	13	2	25	0	0	1550	24.2	41.6	0.1228	0	1
3.8.5	pc.Wavelet 1.5	rumble-13	13	2	26	0	0	1447	20.2	17.7	0.0388	0	0
3.8.5	pc.Wavelet 1.5	rumble-13	13	2	27	0	0	857	19.8	47.6	0.0577	0	1
3.8.5	pc.Wavelet 1.5	rumble-13	13	2	28	0	0	1229	11.3	31.5	0.0633	0	1
3.8.5	pc.Wavelet 1.5	rumble-13	13	2	29	0	0	1659	31.9	25.1	0.0885	0	1
3.8.5	pc.Wavelet 1.5	rumble-13	13	2	30	0	0	872	29.5	49.6	0.0755	0	1
3.8.5	pc.Wavelet 1.5	rumble-13	13	2	31	0	0	1251	21.0	28.5	0.0698	0	1
3.8.5	pc.Wavelet 1.5	rumble-13	13	2	32	0	0	1531	23.8	19.6	0.1275	0	1
3.8.5	pc.Wavelet 1.5	rumble-13	13	2	33	1	1	1338	24.1	33.9	0.1300	0	1
3.8.5	pc.Wavelet 1.5	rumble-13	13	2	34		0	2643	35.1	25.1			1
3.8.5	pc.Wavelet 1.5	rumble-13	13	3	0	1	1	1512	24.0	36.6	0.1140	0	3
3.8.5	pc.Wavelet 1.5	rumble-13	13	3	1	1	1	1396	24.6	16.3	0.1415	0	0
3.8.5	pc.Wavelet 1.5	rumble-13	13	3	2	1	1	1145	32.9	6.9	0.1429	0	0
3.8.5	pc.Wavelet 1.5	rumble-13	13	3	3	0	0	1472	21.8	56.2	0.0727	0	0
3.8.5	pc.Wavelet 1.5	rumble-13	13	3	4	0	0	880	19.8	45.2	0.0370	0	0
3.8.5	pc.Wavelet 1.5	rumble-13	13	3	5	1	1	996	30.5	33.9	0.0882	0	0
3.8.5	pc.Wavelet 1.5	rumble-13	13	3	6	1	1	1226	31.5	6.9	0.1023	0	0
3.8.5	pc.Wavelet 1.5	rumble-13	13	3	7	1	1	1506	13.3	23.3	0.0877	0	0
3.8.5	pc.Wavelet 1.5	rumble-13	13	3	8	0	0	1054	21.8	45.7	0.1194	0	0
3.8.5	pc.Wavelet 1.5	rumble-13	13	3	9	0	0	698	29.1	49.1	0.0811	0	1
3.8.5	pc.Wavelet 1.5	rumble-13	13	3	10	1	1	927	31.6	18.2	0.1385	0	0
3.8.5	pc.Wavelet 1.5	rumble-13	13	3	11	1	1	974	31.3	23.8	0.1231	0	0
3.8.5	pc.Wavelet 1.5	rumble-13	13	3	12	1	1	938	22.0	6.9	0.1250	0	0
3.8.5	pc.Wavelet 1.5	rumble-13	13	3	13	0	0	1610	42.8	47.8	0.1167	0	1
3.8.5	pc.Wavelet 1.5	rumble-13	13	3	14	0	0	1664	23.4	24.5	0.0902	0	0
3.8.5	pc.Wavelet 1.5	rumble-13	13	3	15	0	0	1316	22.2	38.4	0.0860	0	1
3.8.5	pc.Wavelet 1.5	rumble-13	13	3	16	1	1	1064	31.0	8.8	0.0909	0	0
3.8.5	pc.Wavelet 1.5	rumble-13	13	3	17	0	0	1115	21.0	47.9	0.0789	0	1
3.8.5	pc.Wavelet 1.5	rumble-13	13	3	18	0	0	1752	33.1	35.2	0.0977	0	1
3.8.5	pc.Wavelet 1.5	rumble-13	13	3	19	1	1	1388	31.9	41.4	0.0962	0	1
3.8.5	pc.Wavelet 1.5	rumble-13	13	3	20	0	0	1496	40.0	33.3	0.0729	0	0
3.8.5	pc.Wavelet 1.5	rumble-13	13	3	21	1	1	1429	22.6	38.1	0.0926	0	0
3.8.5	pc.Wavelet 1.5	rumble-13	13	3	22	0	0	1834	23.4	18.4	0.0916	0	0
3.8.5	pc.Wavelet 1.5	rumble-13	13	3	23	1	1	1106	22.5	8.8	0.1125	0	1
3.8.5	pc.Wavelet 1.5	rumble-13	13	3	24	1	1	1085	23.8	18.2	0.1558	0	0
3.8.5	pc.Wavelet 1.5	rumble-13	13	3	25	1	1	957	48.6	27.8	0.0820	0	1
3.8.5	pc.Wavelet 1.5	rumble-13	13	3	26	0	0	932	2.4	53.7	0.0923	0	0
3.8.5	pc.Wavelet 1.5	rumble-13	13	3	27	0	0	1525	33.1	33.5	0.1081	0	1
3.8.5	pc.Wavelet 1.5	rumble-13	13	3	28	1	1	1377	42.2	32.6	0.1154	0	0
3.8.5	pc.Wavelet 1.5	rumble-13	13	3	29	1	1	1427	24.2	23.9	0.1204	0	1
3.8.5	pc.Wavelet 1.5	rumble-13	13	3	30	0	0	1179	20.6	38.1	0.0602	0	0
3.8.5	pc.Wavelet 1.5	rumble-13	13	3	31	1	1	1246	12.4	23.0	0.0769	0	1
3.8.5	pc.Wavelet 1.5	rumble-13	13	3	32	0	0	566	20.0	53.1	0.0357	0	1
3.8.5	pc.Wavelet 1.5	rumble-13	13	3	33	1	1	1001	21.4	26.9	0.1000	0	0
3.8.5	pc.Wavelet 1.5	rumble-13	13	3	34		0	1251	31.5	52.5			1
3.8.5	pc.Wavelet 1.5	rumble-13	13	4	0	0	0	1522	31.5	23.1	0.0900	0	1
3.8.5	pc.Wavelet 1.5	rumble-13	13	4	1	1	1	869	31.4	15.7	0.1379	0	4
3.8.5	pc.Wavelet 1.5	rumble-13	13	4	2	1	1	1036	13.1	8.2	0.1250	0	0
3.8.5	pc.Wavelet 1.5	rumble-13	13	4	3	0	0	1473	24.2	37.0	0.1429	0	0
3.8.5	pc.Wavelet 1.5	rumble-13	13	4	4	1	1	1135	32.5	44.2	0.1358	0	0
3.8.5	pc.Wavelet 1.5	rumble-13	13	4	5	1	1	1411	30.7	33.8	0.0680	0	0
3.8.5	pc.Wavelet 1.5	rumble-13	13	4	6	1	1	1295	23.8	23.8	0.1383	0	0
3.8.5	pc.Wavelet 1.5	rumble-13	13	4	7	1	1	1362	27.7	36.3	0.0700	0	0
3.8.5	pc.Wavelet 1.5	rumble-13	13	4	8	1	1	986	20.7	22.1	0.0758	0	0
3.8.5	pc.Wavelet 1.5	rumble-13	13	4	9	0	0	1662	22.6	23.2	0.0826	0	0
3.8.5	pc.Wavelet 1.5	rumble-13	13	4	10	0	0	992	29.1	29.7	0.0492	0	0
3.8.5	pc.Wavelet 1.5	rumble-13	13	4	11	1	1	1237	31.9	16.3	0.1087	0	0
3.8.5	pc.Wavelet 1.5	rumble-13	13	4	12	1	1	1247	21.5	0.0	0.0761	0	0
3.8.5	pc.Wavelet 1.5	rumble-13	13	4	13	1	1	1131	33.6	46.1	0.1750	0	0
3.8.5	pc.Wavelet 1.5	rumble-13	13	4	14	1	1	1433	32.4	29.6	0.1058	0	0
3.8.5	pc.Wavelet 1.5	rumble-13	13	4	15	1	1	908	29.2	13.9	0.0545	0	0
3.8.5	pc.Wavelet 1.5	rumble-13	13	4	16	1	1	1130	32.6	33.2	0.1392	0	0
3.8.5	pc.Wavelet 1.5	rumble-13	13	4	17	1	1	1072	22.0	8.2	0.1039	0	0
3.8.5	pc.Wavelet 1.5	rumble-13	13	4	18	0	0	1280	31.9	46.0	0.1124	0	0
3.8.5	pc.Wavelet 1.5	rumble-13	13	4	19	0	0	1481	12.5	25.9	0.0816	0	0
3.8.5	pc.Wavelet 1.5	rumble-13	13	4	20	0	0	1423	30.7	28.9	0.0700	0	0
3.8.5	pc.Wavelet 1.5	rumble-13	13	4	21	0	0	1571	21.0	29.9	0.0556	0	0
3.8.5	pc.Wavelet 1.5	rumble-13	13	4	22	0	0	1728	23.0	41.8	0.0763	0	1
3.8.5	pc.Wavelet 1.5	rumble-13	13	4	23	0	0	1413	40.0	42.9	0.0700	0	0
3.8.5	pc.Wavelet 1.5	rumble-13	13	4	24	0	0	1127	20.2	31.7	0.0541	0	1
3.8.5	pc.Wavelet 1.5	rumble-13	13	4	25	0	0	1499	31.5	37.1	0.0748	0	0
3.8.5	pc.Wavelet 1.5	rumble-13	13	4	26	1	1	1645	54.0	34.3	0.1513	0	1
3.8.5	pc.Wavelet 1.5	rumble-13	13	4	27	0	0	1546	39.4	46.9	0.1150	0	0
3.8.5	pc.Wavelet 1.5	rumble-13	13	4	28	1	1	1055	31.4	52.3	0.1067	0	0
3.8.5	pc.Wavelet 1.5	rumble-13	13	4	29	0	0	1961	34.7	26.2	0.1206	0	1
3.8.5	pc.Wavelet 1.5	rumble-13	13	4	30	1	1	1037	41.7	50.9	0.1549	0	1
3.8.5	pc.Wavelet 1.5	rumble-13	13	4	31	0	0	1690	31.9	31.4	0.0800	0	1
3.8.5	pc.Wavelet 1.5	rumble-13	13	4	32	0	0	1106	20.2	46.2	0.0588	0	0
3.8.5	pc.Wavelet 1.5	rumble-13	13	4	33	1	1	976	22.6	27.0	0.1364	0	0
3.8.5	pc.Wavelet 1.5	rumble-13	13	4	34	1	1	1449	23.0	18.1	0.1028	0	11
3.8.5	gh.GresSuffurd 0.4.13	rumble-14	14	1	0	1	1	1570	25.9	32.2	0.1488	0	5
3.8.5	gh.GresSuffurd 0.4.13	rumble-14	14	1	1	1	1	1276	38.4	30.9	0.1111	0	0
3.8.5	gh.GresSuffurd 0.4.13	rumble-14	14	1	2	1	1	1372	25.0	17.1	0.1538	0	0
3.8.5	gh.GresSuffurd 0.4.13	rumble-14	14	1	3	1	1	1474	16.6	26.7	0.1622	0	0
3.8.5	gh.GresSuffurd 0.4.13	rumble-14	14	1	4	1	1	1333	37.8	21.8	0.0968	0	1
3.8.5	gh.GresSuffurd 0.4.13	rumble-14	14	1	5	1	1	1435	23.7	24.4	0.1111	0	0
3.8.5	gh.GresSuffurd 0.4.13	rumble-14	14	1	6	1	1	1037	24.0	39.2	0.2113	0	1
3.8.5	gh.GresSuffurd 0.4.13	rumble-14	14	1	7	0	0	785	18.4	37.7	0.1395	0	0
3.8.5	gh.GresSuffurd 0.4.13	rumble-14	14	1	8	0	0	1106	51.6	44.3	0.1690	0	1
3.8.5	gh.GresSuffurd 0.4.13	rumble-14	14	1	9	1	1	923	54.9	6.2	0.1579	0	0
3.8.5	gh.GresSuffurd 0.4.13	rumble-14	14	1	10	1	1	1720	21.4	32.3	0.1045	0	1
3.8.5	gh.GresSuffurd 0.4.13	rumble-14	14	1	11	0	0	726	9.7	28.7	0.0256	0	1
3.8.5	gh.GresSuffurd 0.4.13	rumble-14	14	1	12	0	0	660	10.1	53.4	0.0556	0	1
3.8.5	gh.GresSuffurd 0.4.13	rumble-14	14	1	13	0	0	585	0.0	47.1	0.0000	0	1
3.8.5	gh.GresSuffurd 0.4.13	rumble-14	14	1	14	0	0	1340	22.6	41.3	0.1163	0	1
3.8.5	gh.GresSuffurd 0.4.13	rumble-14	14	1	15	1	1	1706	23.9	60.5	0.0970	0	1
3.8.5	gh.GresSuffurd 0.4.13	rumble-14	14	1	16	1	1	1390	37.0	23.3	0.1869	0	1
3.8.5	gh.GresSuffurd 0.4.13	rumble-14	14	1	17	1	1	1489	22.7	17.5	0.0952	0	1
3.8.5	gh.GresSuffurd 0.4.13	rumble-14	14	1	18	1	1	1700	15.4	19.5	0.1128	0	1
3.8.5	gh.GresSuffurd 0.4.13	rumble-14	14	1	19	0	0	761	0.0	27.1	0.0000	0	1
3.8.5	gh.GresSuffurd 0.4.13	rumble-14	14	1	20	1	1	1773	16.2	27.1	0.1214	0	1
3.8.5	gh.GresSuffurd 0.4.13	rumble-14	14	1	21	1	1	1676	13.8	23.8	0.0873	0	1
3.8.5	gh.GresSuffurd 0.4.13	rumble-14	14	1	22	0	0	613	19.8	47.2	0.0323	0	2
3.8.5	gh.GresSuffurd 0.4.13	rumble-14	14	1	23	1	1	1451	26.0	36.0	0.1636	0	1
3.8.5	gh.GresSuffurd 0.4.13	rumble-14	14	1	24	1	1	1002	41.8	33.9	0.1594	0	1
3.8.5	gh.GresSuffurd 0.4.13	rumble-14	14	1	25	1	1	1540	24.7	34.3	0.1282	0	1
3.8.5	gh.GresSuffurd 0.4.13	rumble-14	14	1	26	1	1	1658	32.8	40.7	0.0945	0	1
3.8.5	gh.GresSuffurd 0.4.13	rumble-14	14	1	27	1	1	1046	53.3	48.5	0.1286	0	1
3.8.5	gh.GresSuffurd 0.4.13	rumble-14	14	1	28	1	1	1728	26.2	50.3	0.1397	0	1
3.8.5	gh.GresSuffurd 0.4.13	rumble-14	14	1	29	1	1	1234	53.4	23.2	0.1889	0	1
3.8.5	gh.GresSuffurd 0.4.13	rumble-14	14	1	30	1	1	1550	38.5	48.6	0.1513	0	1
3.8.5	gh.GresSuffurd 0.4.13	rumble-14	14	1	31	0	0	957	11.7	45.6	0.0984	0	1
3.8.5	gh.GresSuffurd 0.4.13	rumble-14	14	1	32	0	0	719	29.5	48.1	0.1026	0	1
3.8.5	gh.GresSuffurd 0.4.13	rumble-14	14	1	33	1	1	1304	36.9	39.5	0.1753	0	1
3.8.5	gh.GresSuffurd 0.4.13	rumble-14	14	1	34	1	1	1243	31.6	13.3	0.1034	0	6
3.8.5	gh.GresSuffurd 0.4.13	rumble-14	14	2	0	1	1	1657	15.8	44.9	0.1231	0	4
3.8.5	gh.GresSuffurd 0.4.13	rumble-14	14	2	1	1	1	1266	37.6	12.1	0.1304	0	0
3.8.5	gh.GresSuffurd 0.4.13	rumble-14	14	2	2	0	0	958	32.3	76.5	0.1719	0	0
3.8.5	gh.GresSuffurd 0.4.13	rumble-14	14	2	3	0	0	650	0.0	37.5	0.0000	0	0
3.8.5	gh.GresSuffurd 0.4.13	rumble-14	14	2	4	1	1	1550	25.5	60.0	0.1780	0	0
3.8.5	gh.GresSuffurd 0.4.13	rumble-14	14	2	5	1	1	1449	22.1	18.5	0.1495	0	0
3.8.5	gh.GresSuffurd 0.4.13	rumble-14	14	2	6	1	1	1443	29.3	29.6	0.1944	0	1
3.8.5	gh.GresSuffurd 0.4.13	rumble-14	14	2	7	0	0	656	0.0	26.0	0.0000	0	1
3.8.5	gh.GresSuffurd 0.4.13	rumble-14	14	2	8	1	1	1403	23.9	12.7	0.1262	0	0
3.8.5	gh.GresSuffurd 0.4.13	rumble-14	14	2	9	0	0	763	27.6	58.2	0.0882	0	1
3.8.5	gh.GresSuffurd 0.4.13	rumble-14	14	2	10	1	1	1662	27.1	42.6	0.0703	0	0
3.8.5	gh.GresSuffurd 0.4.13	rumble-14	14	2	11	0	0	1440	36.4	74.2	0.2202	0	1
3.8.5	gh.GresSuffurd 0.4.13	rumble-14	14	2	12	0	0	928	26.1	26.4	0.0556	0	1
3.8.5	gh.GresSuffurd 0.4.13	rumble-14	14	2	13	1	1	1477	24.8	20.3	0.1327	0	1
3.8.5	gh.GresSuffurd 0.4.13	rumble-14	14	2	14	0	0	1165	14.1	55.9	0.1446	0	1
3.8.5	gh.GresSuffurd 0.4.13	rumble-14	14	2	15	0	0	843	19.8	36.6	0.0612	0	1
3.8.5	gh.GresSuffurd 0.4.13	rumble-14	14	2	16	1	1	1609	23.4	42.5	0.0960	0	1
3.8.5	gh.GresSuffurd 0.4.13	rumble-14	14	2	17	0	0	1011	12.5	37.5	0.1061	0	1
3.8.5	gh.GresSuffurd 0.4.13	rumble-14	14	2	18	1	1	1749	25.5	47.0	0.1259	0	1
3.8.5	gh.GresSuffurd 0.4.13	rumble-14	14	2	19	0	0	1117	32.7	72.1	0.1519	0	1
3.8.5	gh.GresSuffurd 0.4.13	rumble-14	14	2	20	1	1	1568	31.7	32.7	0.1111	0	1
3.8.5	gh.GresSuffurd 0.4.13	rumble-14	14	2	21	1	1	1524	22.5	22.7	0.0756	0	1
3.8.5	gh.GresSuffurd 0.4.13	rumble-14	14	2	22	1	1	1394	26.4	33.9	0.1905	0	1
3.8.5	gh.GresSuffurd 0.4.13	rumble-14	14	2	23	1	1	515	71.5	19.4	0.1818	0	1
3.8.5	gh.GresSuffurd 0.4.13	rumble-14	14	2	24	0	0	906	9.4	28.0	0.0784	0	1
3.8.5	gh.GresSuffurd 0.4.13	rumble-14	14	2	25	1	1	1636	25.5	41.6	0.1328	0	1
3.8.5	gh.GresSuffurd 0.4.13	rumble-14	14	2	26	1	1	1347	41.9	50.9	0.1122	0	1
3.8.5	gh.GresSuffurd 0.4.13	rumble-14	14	2	27	1	1	1486	16.9	23.0	0.1696	0	1
3.8.5	gh.GresSuffurd 0.4.13	rumble-14	14	2	28	1	1	1518	37.3	35.8	0.1376	0	1
3.8.5	gh.GresSuffurd 0.4.13	rumble-14	14	2	29	1	1	1647	23.6	41.8	0.1270	0	1
3.8.5	gh.GresSuffurd 0.4.13	rumble-14	14	2	30	1	1	1852	32.8	46.9	0.1081	0	2
3.8.5	gh.GresSuffurd 0.4.13	rumble-14	14	2	31	1	1	1927	18.2	47.0	0.1447	0	1
3.8.5	gh.GresSuffurd 0.4.13	rumble-14	14	2	32	1	1	1524	35.2	29.3	0.1525	0	1
3.8.5	gh.GresSuffurd 0.4.13	rumble-14	14	2	33	1	1	1307	29.4	41.5	0.1735	0	1
3.8.5	gh.GresSuffurd 0.4.13	rumble-14	14	2	34		0	718	26.5	57.1			1
3.8.5	gh.GresSuffurd 0.4.13	rumble-14	14	3	0	1	1	707	44.1	16.4	0.1053	0	4
3.8.5	gh.GresSuffurd 0.4.13	rumble-14	14	3	1	1	1	1426	20.9	42.4	0.1019	0	0
3.8.5	gh.GresSuffurd 0.4.13	rumble-14	14	3	2	1	1	854	50.8	17.0	0.1154	0	0
3.8.5	gh.GresSuffurd 0.4.13	rumble-14	14	3	3	1	1	1047	27.0	6.4	0.0615	0	0
3.8.5	gh.GresSuffurd 0.4.13	rumble-14	14	3	4	0	0	1169	9.2	49.0	0.0843	0	0
3.8.5	gh.GresSuffurd 0.4.13	rumble-14	14	3	5	1	1	606	57.3	11.5	0.1667	0	0
3.8.5	gh.GresSuffurd 0.4.13	rumble-14	14	3	6	1	1	1771	30.8	56.5	0.1545	0	0
3.8.5	gh.GresSuffurd 0.4.13	rumble-14	14	3	7	0	0	956	39.5	53.0	0.1333	0	0
3.8.5	gh.GresSuffurd 0.4.13	rumble-14	14	3	8	1	1	1041	51.0	49.7	0.1618	0	0
3.8.5	gh.GresSuffurd 0.4.13	rumble-14	14	3	9	1	1	1256	47.8	62.0	0.1000	0	1
3.8.5	gh.GresSuffurd 0.4.13	rumble-14	14	3	10	1	1	1512	13.5	54.1	0.1466	0	0
3.8.5	gh.GresSuffurd 0.4.13	rumble-14	14	3	11	1	1	1220	40.5	21.2	0.0976	0	0
3.8.5	gh.GresSuffurd 0.4.13	rumble-14	14	3	12	1	1	589	51.5	2.6	0.1724	0	0
3.8.5	gh.GresSuffurd 0.4.13	rumble-14	14	3	13	0	0	1533	41.6	44.5	0.0826	0	1
3.8.5	gh.GresSuffurd 0.4.13	rumble-14	14	3	14	0	0	912	32.9	48.1	0.1429	0	0
3.8.5	gh.GresSuffurd 0.4.13	rumble-14	14	3	15	0	0	766	35.8	61.3	0.0930	0	1
3.8.5	gh.GresSuffurd 0.4.13	rumble-14	14	3	16	1	1	728	46.4	11.5	0.1026	0	0
3.8.5	gh.GresSuffurd 0.4.13	rumble-14	14	3	17	1	1	893	43.9	15.1	0.0943	0	1
3.8.5	gh.GresSuffurd 0.4.13	rumble-14	14	3	18	1	1	1205	15.2	10.3	0.0610	0	1
3.8.5	gh.GresSuffurd 0.4.13	rumble-14	14	3	19	1	1	1040	42.7	13.3	0.0758	0	1
3.8.5	gh.GresSuffurd 0.4.13	rumble-14	14	3	20	0	0	891	5.2	60.1	0.0847	0	1
3.8.5	gh.GresSuffurd 0.4.13	rumble-14	14	3	21	1	1	803	50.8	22.4	0.1087	0	1
3.8.5	gh.GresSuffurd 0.4.13	rumble-14	14	3	22	1	1	1418	15.0	30.9	0.0962	0	1
3.8.5	gh.GresSuffurd 0.4.13	rumble-14	14	3	23	0	0	1160	49.8	57.8	0.1667	0	1
3.8.5	gh.GresSuffurd 0.4.13	rumble-14	14	3	24	1	1	1424	39.0	33.7	0.1176	0	1
3.8.5	gh.GresSuffurd 0.4.13	rumble-14	14	3	25	0	0	1084	12.8	52.3	0.1081	0	1
3.8.5	gh.GresSuffurd 0.4.13	rumble-14	14	3	26	1	1	1710	36.6	38.5	0.1085	0	1
3.8.5	gh.GresSuffurd 0.4.13	rumble-14	14	3	27	1	1	987	51.0	42.6	0.1250	0	1
3.8.5	gh.GresSuffurd 0.4.13	rumble-14	14	3	28	1	1	898	38.6	15.5	0.0943	0	1
3.8.5	gh.GresSuffurd 0.4.13	rumble-14	14	3	29	1	1	962	38.9	37.1	0.0968	0	1
3.8.5	gh.GresSuffurd 0.4.13	rumble-14	14	3	30	1	1	901	26.1	3.2	0.0566	0	1
3.8.5	gh.GresSuffurd 0.4.13	rumble-14	14	3	31	1	1	1829	20.7	30.8	0.0811	0	1
3.8.5	gh.GresSuffurd 0.4.13	rumble-14	14	3	32	0	0	723	19.8	48.9	0.0500	0	1
3.8.5	gh.GresSuffurd 0.4.13	rumble-14	14	3	33	0	0	1121	19.2	46.4	0.1184	0	1
3.8.5	gh.GresSuffurd 0.4.13	rumble-14	14	3	34		0	1253	25.8	51.8			1
3.8.5	gh.GresSuffurd 0.4.13	rumble-14	14	4	0	1	1	614	46.8	1.8	0.1290	0	4
3.8.5	gh.GresSuffurd 0.4.13	rumble-14	14	4	1	1	1	837	37.9	3.8	0.0816	0	0
3.8.5	gh.GresSuffurd 0.4.13	rumble-14	14	4	2	0	0	1443	24.6	43.0	0.1429	0	0
3.8.5	gh.GresSuffurd 0.4.13	rumble-14	14	4	3	1	1	1250	38.8	41.2	0.1250	0	0
3.8.5	gh.GresSuffurd 0.4.13	rumble-14	14	4	4	1	1	716	65.6	32.8	0.1795	0	0
3.8.5	gh.GresSuffurd 0.4.13	rumble-14	14	4	5	1	1	1498	21.5	37.6	0.0714	0	0
3.8.5	gh.GresSuffurd 0.4.13	rumble-14	14	4	6	1	1	1542	16.0	36.4	0.1034	0	0
3.8.5	gh.GresSuffurd 0.4.13	rumble-14	14	4	7	1	1	829	39.3	10.2	0.1064	0	0
3.8.5	gh.GresSuffurd 0.4.13	rumble-14	14	4	8	1	1	618	70.6	37.6	0.2188	0	0
3.8.5	gh.GresSuffurd 0.4.13	rumble-14	14	4	9	1	1	1201	33.4	38.8	0.1059	0	0
3.8.5	gh.GresSuffurd 0.4.13	rumble-14	14	4	10	0	0	926	2.9	66.2	0.0408	0	0
3.8.5	gh.GresSuffurd 0.4.13	rumble-14	14	4	11	1	1	1313	26.6	22.4	0.0645	0	0
3.8.5	gh.GresSuffurd 0.4.13	rumble-14	14	4	12	0	0	1373	32.7	47.7	0.0968	0	0
3.8.5	gh.GresSuffurd 0.4.13	rumble-14	14	4	13	1	1	779	46.5	7.0	0.1111	0	0
3.8.5	gh.GresSuffurd 0.4.13	rumble-14	14	4	14	1	1	1542	27.8	43.6	0.0957	0	0
3.8.5	gh.GresSuffurd 0.4.13	rumble-14	14	4	15	1	1	1412	12.2	3.0	0.0686	0	0
3.8.5	gh.GresSuffurd 0.4.13	rumble-14	14	4	16	0	0	916	18.8	54.8	0.1356	0	1
3.8.5	gh.GresSuffurd 0.4.13	rumble-14	14	4	17	0	0	847	9.7	37.7	0.0233	0	0
3.8.5	gh.GresSuffurd 0.4.13	rumble-14	14	4	18	0	0	708	26.1	47.3	0.0789	0	0
3.8.5	gh.GresSuffurd 0.4.13	rumble-14	14	4	19	1	1	1496	20.4	24.0	0.0696	0	0
3.8.5	gh.GresSuffurd 0.4.13	rumble-14	14	4	20	1	1	1471	49.5	49.4	0.1389	0	0
3.8.5	gh.GresSuffurd 0.4.13	rumble-14	14	4	21	1	1	1474	23.4	46.7	0.1376	0	1
3.8.5	gh.GresSuffurd 0.4.13	rumble-14	14	4	22	1	1	1238	19.4	25.2	0.1868	0	1
3.8.5	gh.GresSuffurd 0.4.13	rumble-14	14	4	23	0	0	1155	18.8	26.5	0.1039	0	1
3.8.5	gh.GresSuffurd 0.4.13	rumble-14	14	4	24	1	1	1808	25.7	37.0	0.1157	0	1
3.8.5	gh.GresSuffurd 0.4.13	rumble-14	14	4	25	1	1	1575	32.4	32.7	0.0940	0	1
3.8.5	gh.GresSuffurd 0.4.13	rumble-14	14	4	26	0	0	1260	34.5	67.6	0.1667	0	1
3.8.5	gh.GresSuffurd 0.4.13	rumble-14	14	4	27	1	1	791	52.9	20.7	0.0930	0	1
3.8.5	gh.GresSuffurd 0.4.13	rumble-14	14	4	28	0	0	1165	9.8	26.9	0.0746	0	1
3.8.5	gh.GresSuffurd 0.4.13	rumble-14	14	4	29	1	1	1579	23.5	31.7	0.1000	0	1
3.8.5	gh.GresSuffurd 0.4.13	rumble-14	14	4	30	0	0	1753	22.3	46.0	0.1215	0	2
3.8.5	gh.GresSuffurd 0.4.13	rumble-14	14	4	31	1	1	1495	32.7	50.2	0.1696	0	1
3.8.5	gh.GresSuffurd 0.4.13	rumble-14	14	4	32	1	1	697	61.3	19.4	0.1143	0	1
3.8.5	gh.GresSuffurd 0.4.13	rumble-14	14	4	33	1	1	692	62.0	34.1	0.1667	0	1
3.8.5	gh.GresSuffurd 0.4.13	rumble-14	14	4	34	1	1	1404	36.4	48.7	0.1176	0	6
3.8.5	kc.serpent.WaveSerpent 2.11	rumble-15	15	1	0	1	1	1177	14.6	24.0	0.1529	0	4
3.8.5	kc.serpent.WaveSerpent 2.11	rumble-15	15	1	1	1	1	723	31.0	0.0	0.1667	0	0
3.8.5	kc.serpent.WaveSerpent 2.11	rumble-15	15	1	2	1	1	1137	36.0	46.0	0.1481	0	0
3.8.5	kc.serpent.WaveSerpent 2.11	rumble-15	15	1	3	1	1	1231	11.1	35.0	0.0879	0	0
3.8.5	kc.serpent.WaveSerpent 2.11	rumble-15	15	1	4	0	0	992	10.1	37.0	0.0313	0	0
3.8.5	kc.serpent.WaveSerpent 2.11	rumble-15	15	1	5	1	1	1138	12.1	26.0	0.0732	0	0
3.8.5	kc.serpent.WaveSerpent 2.11	rumble-15	15	1	6	0	0	1074	10.2	46.5	0.0822	0	0
3.8.5	kc.serpent.WaveSerpent 2.11	rumble-15	15	1	7	0	0	834	18.7	48.1	0.0800	0	0
3.8.5	kc.serpent.WaveSerpent 2.11	rumble-15	15	1	8	1	1	1005	28.5	16.0	0.1268	0	0
3.8.5	kc.serpent.WaveSerpent 2.11	rumble-15	15	1	9	1	1	1213	23.0	39.0	0.1222	0	0
3.8.5	kc.serpent.WaveSerpent 2.11	rumble-15	15	1	10	1	1	1128	20.1	30.0	0.1341	0	1
3.8.5	kc.serpent.WaveSerpent 2.11	rumble-15	15	1	11	1	1	964	31.5	12.0	0.1286	0	0
3.8.5	kc.serpent.WaveSerpent 2.11	rumble-15	15	1	12	0	0	562	0.4	63.1	0.0345	0	0
3.8.5	kc.serpent.WaveSerpent 2.11	rumble-15	15	1	13	0	0	722	9.7	41.4	0.0250	0	0
3.8.5	kc.serpent.WaveSerpent 2.11	rumble-15	15	1	14	0	0	738	8.6	44.2	0.0476	0	0
3.8.5	kc.serpent.WaveSerpent 2.11	rumble-15	15	1	15	1	1	1121	39.0	40.0	0.1026	0	0
3.8.5	kc.serpent.WaveSerpent 2.11	rumble-15	15	1	16	0	0	830	17.9	48.0	0.0400	0	0
3.8.5	kc.serpent.WaveSerpent 2.11	rumble-15	15	1	17	1	1	1248	33.5	53.0	0.1505	0	0
3.8.5	kc.serpent.WaveSerpent 2.11	rumble-15	15	1	18	0	0	1040	10.6	56.1	0.0986	0	0
3.8.5	kc.serpent.WaveSerpent 2.11	rumble-15	15	1	19	0	0	619	19.8	60.0	0.0909	0	0
3.8.5	kc.serpent.WaveSerpent 2.11	rumble-15	15	1	20	1	1	1120	13.6	10.0	0.1235	0	0
3.8.5	kc.serpent.WaveSerpent 2.11	rumble-15	15	1	21	1	1	1137	20.1	28.0	0.1325	0	0
3.8.5	kc.serpent.WaveSerpent 2.11	rumble-15	15	1	22	1	1	1149	17.5	16.0	0.0526	0	0
3.8.5	kc.serpent.WaveSerpent 2.11	rumble-15	15	1	23	1	1	1209	9.6	22.0	0.0488	0	0
3.8.5	kc.serpent.WaveSerpent 2.11	rumble-15	15	1	24	1	1	977	29.5	8.0	0.1000	0	0
3.8.5	kc.serpent.WaveSerpent 2.11	rumble-15	15	1	25	1	1	1049	28.5	27.0	0.1200	0	0
3.8.5	kc.serpent.WaveSerpent 2.11	rumble-15	15	1	26	1	1	1148	18.1	20.0	0.0769	0	0
3.8.5	kc.serpent.WaveSerpent 2.11	rumble-15	15	1	27	1	1	1094	21.1	22.0	0.1139	0	0
3.8.5	kc.serpent.WaveSerpent 2.11	rumble-15	15	1	28	1	1	1208	35.5	20.0	0.0833	0	1
3.8.5	kc.serpent.WaveSerpent 2.11	rumble-15	15	1	29	1	1	1167	19.6	11.0	0.1059	0	0
3.8.5	kc.serpent.WaveSerpent 2.11	rumble-15	15	1	30	1	1	1130	32.0	33.0	0.1235	0	0
3.8.5	kc.serpent.WaveSerpent 2.11	rumble-15	15	1	31	1	1	931	45.5	47.0	0.1356	0	0
3.8.5	kc.serpent.WaveSerpent 2.11	rumble-15	15	1	32	1	1	1131	40.0	39.0	0.0909	0	0
3.8.5	kc.serpent.WaveSerpent 2.11	rumble-15	15	1	33	0	0	737	16.8	48.7	0.0714	0	1
3.8.5	kc.serpent.WaveSerpent 2.11	rumble-15	15	1	34	1	1	1125	18.3	28.0	0.0811	0	9
3.8.5	kc.serpent.WaveSerpent 2.11	rumble-15	15	2	0	1	1	1190	13.1	33.0	0.1047	0	5
3.8.5	kc.serpent.WaveSerpent 2.11	rumble-15	15	2	1	1	1	1204	25.0	36.0	0.1798	0	0
3.8.5	kc.serpent.WaveSerpent 2.11	rumble-15	15	2	2	1	1	996	30.5	16.0	0.0923	0	1
3.8.5	kc.serpent.WaveSerpent 2.11	rumble-15	15	2	3	1	1	1071	22.0	26.0	0.1053	0	0
3.8.5	kc.serpent.WaveSerpent 2.11	rumble-15	15	2	4	1	1	1305	31.0	46.0	0.0737	0	0
3.8.5	kc.serpent.WaveSerpent 2.11	rumble-15	15	2	5	1	1	1199	31.5	38.0	0.1011	0	0
3.8.5	kc.serpent.WaveSerpent 2.11	rumble-15	15	2	6	1	1	1164	14.1	18.0	0.1294	0	0
3.8.5	kc.serpent.WaveSerpent 2.11	rumble-15	15	2	7	1	1	1440	20.1	26.0	0.0286	0	0
3.8.5	kc.serpent.WaveSerpent 2.11	rumble-15	15	2	8	0	0	893	29.9	60.4	0.0877	0	0
3.8.5	kc.serpent.WaveSerpent 2.11	rumble-15	15	2	9	0	0	677	0.0	40.8	0.0000	0	0
3.8.5	kc.serpent.WaveSerpent 2.11	rumble-15	15	2	10	1	1	1241	11.1	20.0	0.0440	0	0
3.8.5	kc.serpent.WaveSerpent 2.11	rumble-15	15	2	11	1	1	1066	22.1	13.0	0.1039	0	0
3.8.5	kc.serpent.WaveSerpent 2.11	rumble-15	15	2	12	1	1	1164	22.5	49.0	0.1047	0	0
3.8.5	kc.serpent.WaveSerpent 2.11	rumble-15	15	2	13	1	1	1293	33.5	49.0	0.1458	0	1
3.8.5	kc.serpent.WaveSerpent 2.11	rumble-15	15	2	14	0	0	781	29.1	28.6	0.0465	0	1
3.8.5	kc.serpent.WaveSerpent 2.11	rumble-15	15	2	15	0	0	683	0.0	29.8	0.0000	0	1
3.8.5	kc.serpent.WaveSerpent 2.11	rumble-15	15	2	16	1	1	1084	22.0	24.0	0.1067	0	0
3.8.5	kc.serpent.WaveSerpent 2.11	rumble-15	15	2	17	0	0	928	20.6	38.1	0.0862	0	1
3.8.5	kc.serpent.WaveSerpent 2.11	rumble-15	15	2	18	1	1	1231	33.5	49.0	0.1522	0	1
3.8.5	kc.serpent.WaveSerpent 2.11	rumble-15	15	2	19	1	1	1402	22.1	24.0	0.0755	0	0
3.8.5	kc.serpent.WaveSerpent 2.11	rumble-15	15	2	20	1	1	1230	23.0	40.0	0.1236	0	1
3.8.5	kc.serpent.WaveSerpent 2.11	rumble-15	15	2	21	0	0	774	39.2	60.4	0.1220	0	0
3.8.5	kc.serpent.WaveSerpent 2.11	rumble-15	15	2	22	0	0	624	19.4	58.4	0.0606	0	1
3.8.5	kc.serpent.WaveSerpent 2.11	rumble-15	15	2	23	1	1	1104	20.6	10.0	0.0519	0	1
3.8.5	kc.serpent.WaveSerpent 2.11	rumble-15	15	2	24	0	0	743	19.4	54.5	0.0465	0	1
3.8.5	kc.serpent.WaveSerpent 2.11	rumble-15	15	2	25	1	1	1250	12.6	24.0	0.0870	0	0
3.8.5	kc.serpent.WaveSerpent 2.11	rumble-15	15	2	26	1	1	1042	32.5	18.0	0.1467	0	1
3.8.5	kc.serpent.WaveSerpent 2.11	rumble-15	15	2	27	0	0	1102	19.4	26.0	0.0290	0	1
3.8.5	kc.serpent.WaveSerpent 2.11	rumble-15	15	2	28	1	1	1026	22.6	6.0	0.1250	0	1
3.8.5	kc.serpent.WaveSerpent 2.11	rumble-15	15	2	29	0	0	722	29.1	48.6	0.0769	0	0
3.8.5	kc.serpent.WaveSerpent 2.11	rumble-15	15	2	30	0	0	870	10.9	30.6	0.0385	0	1
3.8.5	kc.serpent.WaveSerpent 2.11	rumble-15	15	2	31	1	1	1157	31.5	24.0	0.1084	0	1
3.8.5	kc.serpent.WaveSerpent 2.11	rumble-15	15	2	32	1	1	1091	57.0	60.0	0.1316	0	1
3.8.5	kc.serpent.WaveSerpent 2.11	rumble-15	15	2	33	1	1	1499	12.1	51.0	0.0531	0	1
3.8.5	kc.serpent.WaveSerpent 2.11	rumble-15	15	2	34		0	981	21.4	47.6			1
3.8.5	kc.serpent.WaveSerpent 2.11	rumble-15	15	3	0	1	1	979	29.7	32.0	0.0635	0	3
3.8.5	kc.serpent.WaveSerpent 2.11	rumble-15	15	3	1	0	0	791	0.8	37.5	0.0426	0	0
3.8.5	kc.serpent.WaveSerpent 2.11	rumble-15	15	3	2	1	1	1444	12.6	47.0	0.0727	0	0
3.8.5	kc.serpent.WaveSerpent 2.11	rumble-15	15	3	3	1	1	1626	14.1	40.0	0.0873	0	0
3.8.5	kc.serpent.WaveSerpent 2.11	rumble-15	15	3	4	1	1	1268	14.1	38.0	0.1170	0	0
3.8.5	kc.serpent.WaveSerpent 2.11	rumble-15	15	3	5	1	1	1013	30.0	24.0	0.0725	0	0
3.8.5	kc.serpent.WaveSerpent 2.11	rumble-15	15	3	6	1	1	1361	13.6	40.0	0.0990	0	0
3.8.5	kc.serpent.WaveSerpent 2.11	rumble-15	15	3	7	1	1	1312	11.0	22.0	0.0435	0	0
3.8.5	kc.serpent.WaveSerpent 2.11	rumble-15	15	3	8	1	1	1378	21.7	48.0	0.0693	0	0
3.8.5	kc.serpent.WaveSerpent 2.11	rumble-15	15	3	9	1	1	1377	12.6	38.0	0.0777	0	0
3.8.5	kc.serpent.WaveSerpent 2.11	rumble-15	15	3	10	1	1	1097	11.1	4.0	0.0541	0	0
3.8.5	kc.serpent.WaveSerpent 2.11	rumble-15	15	3	11	0	0	751	9.7	28.5	0.0244	0	0
3.8.5	kc.serpent.WaveSerpent 2.11	rumble-15	15	3	12	0	0	1070	20.2	54.0	0.0548	0	0
3.8.5	kc.serpent.WaveSerpent 2.11	rumble-15	15	3	13	1	1	1169	11.1	22.0	0.0482	0	0
3.8.5	kc.serpent.WaveSerpent 2.11	rumble-15	15	3	14	0	0	753	19.4	39.0	0.0465	0	1
3.8.5	kc.serpent.WaveSerpent 2.11	rumble-15	15	3	15	1	1	1068	12.1	14.0	0.0811	0	0
3.8.5	kc.serpent.WaveSerpent 2.11	rumble-15	15	3	16	0	0	635	29.1	49.3	0.0625	0	0
3.8.5	kc.serpent.WaveSerpent 2.11	rumble-15	15	3	17	1	1	883	31.0	0.0	0.1167	0	0
3.8.5	kc.serpent.WaveSerpent 2.11	rumble-15	15	3	18	1	1	1650	14.9	58.0	0.1111	0	0
3.8.5	kc.serpent.WaveSerpent 2.11	rumble-15	15	3	19	1	1	1246	41.0	69.0	0.0989	0	0
3.8.5	kc.serpent.WaveSerpent 2.11	rumble-15	15	3	20	1	1	1271	19.1	43.0	0.0851	0	0
3.8.5	kc.serpent.WaveSerpent 2.11	rumble-15	15	3	21	1	1	703	43.5	10.0	0.0909	0	0
3.8.5	kc.serpent.WaveSerpent 2.11	rumble-15	15	3	22	1	1	1267	23.0	40.0	0.1170	0	0
3.8.5	kc.serpent.WaveSerpent 2.11	rumble-15	15	3	23	0	0	881	12.9	61.4	0.1379	0	1
3.8.5	kc.serpent.WaveSerpent 2.11	rumble-15	15	3	24	1	1	1308	21.5	37.0	0.0737	0	0
3.8.5	kc.serpent.WaveSerpent 2.11	rumble-15	15	3	25	1	1	1209	31.4	40.0	0.0964	0	0
3.8.5	kc.serpent.WaveSerpent 2.11	rumble-15	15	3	26	1	1	1323	14.1	20.0	0.1111	0	0
3.8.5	kc.serpent.WaveSerpent 2.11	rumble-15	15	3	27	1	1	965	32.0	22.0	0.1639	0	1
3.8.5	kc.serpent.WaveSerpent 2.11	rumble-15	15	3	28	0	0	787	19.4	38.7	0.0444	0	0
3.8.5	kc.serpent.WaveSerpent 2.11	rumble-15	15	3	29	1	1	1244	23.0	24.0	0.1196	0	1
3.8.5	kc.serpent.WaveSerpent 2.11	rumble-15	15	3	30	1	1	1308	23.0	29.0	0.1134	0	1
3.8.5	kc.serpent.WaveSerpent 2.11	rumble-15	15	3	31	1	1	1229	33.0	51.0	0.1319	0	1
3.8.5	kc.serpent.WaveSerpent 2.11	rumble-15	15	3	32	1	1	1400	23.5	38.0	0.1132	0	1
3.8.5	kc.serpent.WaveSerpent 2.11	rumble-15	15	3	33	0	0	841	9.7	17.8	0.0208	0	1
3.8.5	kc.serpent.WaveSerpent 2.11	rumble-15	15	3	34	1	1	1248	31.5	42.0	0.0978	0	7
3.8.5	kc.serpent.WaveSerpent 2.11	rumble-15	15	4	0	1	1	1360	42.0	56.0	0.1446	0	4
3.8.5	kc.serpent.WaveSerpent 2.11	rumble-15	15	4	1	1	1	1124	11.6	24.0	0.0633	0	0
3.8.5	kc.serpent.WaveSerpent 2.11	rumble-15	15	4	2	1	1	1189	11.6	42.0	0.0595	0	0
3.8.5	kc.serpent.WaveSerpent 2.11	rumble-15	15	4	3	0	0	747	10.9	44.0	0.0930	0	0
3.8.5	kc.serpent.WaveSerpent 2.11	rumble-15	15	4	4	1	1	1228	11.1	18.0	0.0444	0	0
3.8.5	kc.serpent.WaveSerpent 2.11	rumble-15	15	4	5	1	1	985	31.5	20.0	0.1343	0	0
3.8.5	kc.serpent.WaveSerpent 2.11	rumble-15	15	4	6	1	1	1123	22.0	6.0	0.1000	0	0
3.8.5	kc.serpent.WaveSerpent 2.11	rumble-15	15	4	7	1	1	990	21.1	4.0	0.0896	0	0
3.8.5	kc.serpent.WaveSerpent 2.11	rumble-15	15	4	8	0	0	637	48.5	65.7	0.1515	0	0
3.8.5	kc.serpent.WaveSerpent 2.11	rumble-15	15	4	9	0	0	1274	2.0	31.4	0.0556	0	0
3.8.5	kc.serpent.WaveSerpent 2.11	rumble-15	15	4	10	1	1	1103	16.0	31.0	0.1026	0	0
3.8.5	kc.serpent.WaveSerpent 2.11	rumble-15	15	4	11	1	1	1012	40.5	34.0	0.1159	0	0
3.8.5	kc.serpent.WaveSerpent 2.11	rumble-15	15	4	12	0	0	768	29.1	38.6	0.0455	0	0
3.8.5	kc.serpent.WaveSerpent 2.11	rumble-15	15	4	13	1	1	903	20.6	10.0	0.0741	0	0
3.8.5	kc.serpent.WaveSerpent 2.11	rumble-15	15	4	14	0	0	1013	1.6	30.2	0.0448	0	0
3.8.5	kc.serpent.WaveSerpent 2.11	rumble-15	15	4	15	1	1	1253	22.5	38.0	0.0968	0	0
3.8.5	kc.serpent.WaveSerpent 2.11	rumble-15	15	4	16	1	1	961	31.0	17.0	0.1045	0	0
3.8.5	kc.serpent.WaveSerpent 2.11	rumble-15	15	4	17	1	1	1411	40.0	38.0	0.0680	0	0
3.8.5	kc.serpent.WaveSerpent 2.11	rumble-15	15	4	18	1	1	1078	30.5	24.0	0.0857	0	0
3.8.5	kc.serpent.WaveSerpent 2.11	rumble-15	15	4	19	0	0	653	39.2	58.9	0.1176	0	0
3.8.5	kc.serpent.WaveSerpent 2.11	rumble-15	15	4	20	1	1	1427	12.6	21.0	0.0741	0	0
3.8.5	kc.serpent.WaveSerpent 2.11	rumble-15	15	4	21	1	1	1216	33.0	41.0	0.1319	0	0
3.8.5	kc.serpent.WaveSerpent 2.11	rumble-15	15	4	22	0	0	901	39.6	57.4	0.1132	0	0
3.8.5	kc.serpent.WaveSerpent 2.11	rumble-15	15	4	23	0	0	1216	31.5	52.3	0.1047	0	1
3.8.5	kc.serpent.WaveSerpent 2.11	rumble-15	15	4	24	0	0	829	29.9	64.4	0.0769	0	2
3.8.5	kc.serpent.WaveSerpent 2.11	rumble-15	15	4	25	0	0	685	38.8	58.6	0.1053	0	1
3.8.5	kc.serpent.WaveSerpent 2.11	rumble-15	15	4	26	0	0	805	10.1	46.5	0.0400	0	0
3.8.5	kc.serpent.WaveSerpent 2.11	rumble-15	15	4	27	1	1	1095	31.0	44.0	0.0933	0	0
3.8.5	kc.serpent.WaveSerpent 2.11	rumble-15	15	4	28	0	0	890	20.6	55.9	0.0877	0	0
3.8.5	kc.serpent.WaveSerpent 2.11	rumble-15	15	4	29	0	0	1144	31.5	46.9	0.1169	0	2
3.8.5	kc.serpent.WaveSerpent 2.11	rumble-15	15	4	30	0	0	921	1.6	37.9	0.0678	0	1
3.8.5	kc.serpent.WaveSerpent 2.11	rumble-15	15	4	31	1	1	1063	42.0	32.0	0.1667	0	1
3.8.5	kc.serpent.WaveSerpent 2.11	rumble-15	15	4	32	1	1	1078	32.0	28.0	0.1316	0	1
3.8.5	kc.serpent.WaveSerpent 2.11	rumble-15	15	4	33	1	1	1239	33.5	41.0	0.1505	0	1
3.8.5	kc.serpent.WaveSerpent 2.11	rumble-15	15	4	34	1	1	1135	23.5	22.0	0.1446	0	9
3.8.5	dsekercioglu.mega.WhiteFang 2.8.1	rumble-17	17	1	0	1	1	1629	32.6	41.5	0.1496	0	7
3.8.5	dsekercioglu.mega.WhiteFang 2.8.1	rumble-17	17	1	1	1	1	1689	13.7	32.7	0.0833	0	0
3.8.5	dsekercioglu.mega.WhiteFang 2.8.1	rumble-17	17	1	2	0	0	1174	41.2	47.2	0.1299	0	0
3.8.5	dsekercioglu.mega.WhiteFang 2.8.1	rumble-17	17	1	3	1	1	1511	43.6	33.0	0.1327	0	0
3.8.5	dsekercioglu.mega.WhiteFang 2.8.1	rumble-17	17	1	4	1	1	1361	34.0	13.4	0.1456	0	0
3.8.5	dsekercioglu.mega.WhiteFang 2.8.1	rumble-17	17	1	5	1	1	1705	23.5	22.1	0.0889	0	0
3.8.5	dsekercioglu.mega.WhiteFang 2.8.1	rumble-17	17	1	6	1	1	1646	24.3	34.3	0.1094	0	1
3.8.5	dsekercioglu.mega.WhiteFang 2.8.1	rumble-17	17	1	7	1	1	1394	23.8	16.3	0.1238	0	1
3.8.5	dsekercioglu.mega.WhiteFang 2.8.1	rumble-17	17	1	8	1	1	1583	15.5	4.0	0.1230	0	1
3.8.5	dsekercioglu.mega.WhiteFang 2.8.1	rumble-17	17	1	9	1	1	1476	25.1	9.1	0.1429	0	1
3.8.5	dsekercioglu.mega.WhiteFang 2.8.1	rumble-17	17	1	10	0	0	713	10.1	39.3	0.0500	0	0
3.8.5	dsekercioglu.mega.WhiteFang 2.8.1	rumble-17	17	1	11	0	0	771	38.8	47.7	0.0930	0	1
3.8.5	dsekercioglu.mega.WhiteFang 2.8.1	rumble-17	17	1	12	1	1	1815	44.8	51.5	0.1319	0	1
3.8.5	dsekercioglu.mega.WhiteFang 2.8.1	rumble-17	17	1	13	1	1	1738	24.3	31.1	0.1045	0	1
3.8.5	dsekercioglu.mega.WhiteFang 2.8.1	rumble-17	17	1	14	1	1	1314	42.8	25.7	0.1398	0	1
3.8.5	dsekercioglu.mega.WhiteFang 2.8.1	rumble-17	17	1	15	1	1	1604	43.3	47.8	0.1190	0	1
3.8.5	dsekercioglu.mega.WhiteFang 2.8.1	rumble-17	17	1	16	0	0	827	10.1	57.3	0.0377	0	1
3.8.5	dsekercioglu.mega.WhiteFang 2.8.1	rumble-17	17	1	17	1	1	1742	34.3	65.4	0.1176	0	1
3.8.5	dsekercioglu.mega.WhiteFang 2.8.1	rumble-17	17	1	18	1	1	1444	43.2	21.7	0.1339	0	1
3.8.5	dsekercioglu.mega.WhiteFang 2.8.1	rumble-17	17	1	19	1	1	1738	15.3	20.6	0.1095	0	1
3.8.5	dsekercioglu.mega.WhiteFang 2.8.1	rumble-17	17	1	20	1	1	1542	25.4	47.4	0.1417	0	1
3.8.5	dsekercioglu.mega.WhiteFang 2.8.1	rumble-17	17	1	21	1	1	1894	25.0	33.5	0.1067	0	1
3.8.5	dsekercioglu.mega.WhiteFang 2.8.1	rumble-17	17	1	22	1	1	1499	33.3	20.7	0.1121	0	1
3.8.5	dsekercioglu.mega.WhiteFang 2.8.1	rumble-17	17	1	23	1	1	1664	15.2	19.4	0.1085	0	1
3.8.5	dsekercioglu.mega.WhiteFang 2.8.1	rumble-17	17	1	24	1	1	1532	42.2	30.7	0.1583	0	1
3.8.5	dsekercioglu.mega.WhiteFang 2.8.1	rumble-17	17	1	25	0	0	1342	30.3	45.5	0.0732	0	1
3.8.5	dsekercioglu.mega.WhiteFang 2.8.1	rumble-17	17	1	26	1	1	1487	25.2	35.2	0.1053	0	1
3.8.5	dsekercioglu.mega.WhiteFang 2.8.1	rumble-17	17	1	27	0	0	1063	22.2	63.9	0.1233	0	1
3.8.5	dsekercioglu.mega.WhiteFang 2.8.1	rumble-17	17	1	28	1	1	1773	14.0	19.2	0.0791	0	1
3.8.5	dsekercioglu.mega.WhiteFang 2.8.1	rumble-17	17	1	29	1	1	1599	45.0	40.5	0.1520	0	1
3.8.5	dsekercioglu.mega.WhiteFang 2.8.1	rumble-17	17	1	30	1	1	1535	32.9	21.9	0.1008	0	1
3.8.5	dsekercioglu.mega.WhiteFang 2.8.1	rumble-17	17	1	31	1	1	1257	28.4	26.5	0.1935	0	1
3.8.5	dsekercioglu.mega.WhiteFang 2.8.1	rumble-17	17	1	32	1	1	458	74.8	10.0	0.2222	0	1
3.8.5	dsekercioglu.mega.WhiteFang 2.8.1	rumble-17	17	1	33	1	1	1488	50.9	16.3	0.0980	0	1
3.8.5	dsekercioglu.mega.WhiteFang 2.8.1	rumble-17	17	1	34	1	1	1745	32.4	50.5	0.0803	0	6
3.8.5	dsekercioglu.mega.WhiteFang 2.8.1	rumble-17	17	2	0	1	1	1655	31.3	17.8	0.1231	0	4
3.8.5	dsekercioglu.mega.WhiteFang 2.8.1	rumble-17	17	2	1	0	0	987	12.9	47.0	0.1385	0	0
3.8.5	dsekercioglu.mega.WhiteFang 2.8.1	rumble-17	17	2	2	1	1	1628	20.5	29.1	0.0952	0	0
3.8.5	dsekercioglu.mega.WhiteFang 2.8.1	rumble-17	17	2	3	1	1	1463	15.7	12.1	0.1429	0	0
3.8.5	dsekercioglu.mega.WhiteFang 2.8.1	rumble-17	17	2	4	1	1	1554	14.2	16.2	0.1034	0	0
3.8.5	dsekercioglu.mega.WhiteFang 2.8.1	rumble-17	17	2	5	1	1	1549	24.3	33.4	0.1157	0	0
3.8.5	dsekercioglu.mega.WhiteFang 2.8.1	rumble-17	17	2	6	0	0	1235	31.9	35.0	0.1059	0	0
3.8.5	dsekercioglu.mega.WhiteFang 2.8.1	rumble-17	17	2	7	1	1	1180	39.3	20.0	0.0625	0	0
3.8.5	dsekercioglu.mega.WhiteFang 2.8.1	rumble-17	17	2	8	1	1	1965	43.7	76.5	0.1006	0	1
3.8.5	dsekercioglu.mega.WhiteFang 2.8.1	rumble-17	17	2	9	1	1	1468	12.8	10.9	0.0769	0	1
3.8.5	dsekercioglu.mega.WhiteFang 2.8.1	rumble-17	17	2	10	0	0	1008	10.5	29.6	0.0545	0	1
3.8.5	dsekercioglu.mega.WhiteFang 2.8.1	rumble-17	17	2	11	1	1	1637	24.5	25.7	0.1085	0	1
3.8.5	dsekercioglu.mega.WhiteFang 2.8.1	rumble-17	17	2	12	1	1	912	43.9	18.5	0.1000	0	1
3.8.5	dsekercioglu.mega.WhiteFang 2.8.1	rumble-17	17	2	13	1	1	1357	36.4	16.6	0.1942	0	0
3.8.5	dsekercioglu.mega.WhiteFang 2.8.1	rumble-17	17	2	14	1	1	1016	65.6	45.0	0.1094	0	1
3.8.5	dsekercioglu.mega.WhiteFang 2.8.1	rumble-17	17	2	15	1	1	1724	35.7	18.3	0.1387	0	0
3.8.5	dsekercioglu.mega.WhiteFang 2.8.1	rumble-17	17	2	16	1	1	1441	25.0	33.1	0.1456	0	1
3.8.5	dsekercioglu.mega.WhiteFang 2.8.1	rumble-17	17	2	17	1	1	1543	31.0	22.4	0.1250	0	1
3.8.5	dsekercioglu.mega.WhiteFang 2.8.1	rumble-17	17	2	18	0	0	618	19.4	57.5	0.0625	0	1
3.8.5	dsekercioglu.mega.WhiteFang 2.8.1	rumble-17	17	2	19	1	1	1533	23.1	30.5	0.0948	0	1
3.8.5	dsekercioglu.mega.WhiteFang 2.8.1	rumble-17	17	2	20	1	1	1516	23.5	24.0	0.1026	0	1
3.8.5	dsekercioglu.mega.WhiteFang 2.8.1	rumble-17	17	2	21	1	1	1455	34.8	30.0	0.1532	0	1
3.8.5	dsekercioglu.mega.WhiteFang 2.8.1	rumble-17	17	2	22	1	1	1616	25.8	23.2	0.1417	0	1
3.8.5	dsekercioglu.mega.WhiteFang 2.8.1	rumble-17	17	2	23	1	1	1433	43.2	28.0	0.1429	0	1
3.8.5	dsekercioglu.mega.WhiteFang 2.8.1	rumble-17	17	2	24	1	1	1654	24.1	40.1	0.1016	0	1
3.8.5	dsekercioglu.mega.WhiteFang 2.8.1	rumble-17	17	2	25	1	1	1652	36.4	34.6	0.1603	0	1
3.8.5	dsekercioglu.mega.WhiteFang 2.8.1	rumble-17	17	2	26	1	1	1589	13.8	6.7	0.0894	0	1
3.8.5	dsekercioglu.mega.WhiteFang 2.8.1	rumble-17	17	2	27	1	1	1705	33.6	30.5	0.1029	0	1
3.8.5	dsekercioglu.mega.WhiteFang 2.8.1	rumble-17	17	2	28	1	1	1544	15.3	28.9	0.1261	0	1
3.8.5	dsekercioglu.mega.WhiteFang 2.8.1	rumble-17	17	2	29	1	1	1528	33.2	23.7	0.1171	0	1
3.8.5	dsekercioglu.mega.WhiteFang 2.8.1	rumble-17	17	2	30	1	1	1661	49.5	56.6	0.1163	0	1
3.8.5	dsekercioglu.mega.WhiteFang 2.8.1	rumble-17	17	2	31	1	1	1721	25.0	29.1	0.1203	0	1
3.8.5	dsekercioglu.mega.WhiteFang 2.8.1	rumble-17	17	2	32	1	1	1490	24.2	23.9	0.1130	0	1
3.8.5	dsekercioglu.mega.WhiteFang 2.8.1	rumble-17	17	2	33	1	1	1477	23.4	6.5	0.0973	0	1
3.8.5	dsekercioglu.mega.WhiteFang 2.8.1	rumble-17	17	2	34	1	1	1562	25.1	19.9	0.1311	0	7
3.8.5	dsekercioglu.mega.WhiteFang 2.8.1	rumble-17	17	3	0	1	1	1457	57.4	38.8	0.0762	0	4
3.8.5	dsekercioglu.mega.WhiteFang 2.8.1	rumble-17	17	3	1	1	1	794	51.2	9.5	0.1111	0	0
3.8.5	dsekercioglu.mega.WhiteFang 2.8.1	rumble-17	17	3	2	1	1	1468	35.1	41.0	0.1296	0	0
3.8.5	dsekercioglu.mega.WhiteFang 2.8.1	rumble-17	17	3	3	1	1	1184	29.1	14.6	0.1000	0	0
3.8.5	dsekercioglu.mega.WhiteFang 2.8.1	rumble-17	17	3	4	0	0	1081	12.4	54.8	0.0658	0	0
3.8.5	dsekercioglu.mega.WhiteFang 2.8.1	rumble-17	17	3	5	1	1	1112	36.0	12.9	0.0959	0	0
3.8.5	dsekercioglu.mega.WhiteFang 2.8.1	rumble-17	17	3	6	1	1	1066	40.9	20.8	0.1014	0	0
3.8.5	dsekercioglu.mega.WhiteFang 2.8.1	rumble-17	17	3	7	1	1	1459	23.7	48.0	0.1071	0	0
3.8.5	dsekercioglu.mega.WhiteFang 2.8.1	rumble-17	17	3	8	1	1	1940	14.2	8.3	0.0779	0	0
3.8.5	dsekercioglu.mega.WhiteFang 2.8.1	rumble-17	17	3	9	1	1	1395	33.8	10.4	0.1321	0	0
3.8.5	dsekercioglu.mega.WhiteFang 2.8.1	rumble-17	17	3	10	0	0	659	0.0	38.1	0.0000	0	0
3.8.5	dsekercioglu.mega.WhiteFang 2.8.1	rumble-17	17	3	11	1	1	1658	15.8	28.1	0.1240	0	0
3.8.5	dsekercioglu.mega.WhiteFang 2.8.1	rumble-17	17	3	12	1	1	1659	24.2	38.8	0.1008	0	0
3.8.5	dsekercioglu.mega.WhiteFang 2.8.1	rumble-17	17	3	13	1	1	1263	33.0	7.5	0.1277	0	0
3.8.5	dsekercioglu.mega.WhiteFang 2.8.1	rumble-17	17	3	14	0	0	1191	31.9	41.6	0.1299	0	0
3.8.5	dsekercioglu.mega.WhiteFang 2.8.1	rumble-17	17	3	15	1	1	1552	44.1	26.5	0.1429	0	0
3.8.5	dsekercioglu.mega.WhiteFang 2.8.1	rumble-17	17	3	16	1	1	1816	21.6	33.1	0.0496	0	1
3.8.5	dsekercioglu.mega.WhiteFang 2.8.1	rumble-17	17	3	17	1	1	1180	47.5	25.9	0.2069	0	1
3.8.5	dsekercioglu.mega.WhiteFang 2.8.1	rumble-17	17	3	18	1	1	1346	27.8	13.8	0.0761	0	0
3.8.5	dsekercioglu.mega.WhiteFang 2.8.1	rumble-17	17	3	19	1	1	1373	25.5	4.0	0.1619	0	0
3.8.5	dsekercioglu.mega.WhiteFang 2.8.1	rumble-17	17	3	20	1	1	1591	21.9	30.3	0.0678	0	0
3.8.5	dsekercioglu.mega.WhiteFang 2.8.1	rumble-17	17	3	21	1	1	1460	25.3	34.2	0.1441	0	0
3.8.5	dsekercioglu.mega.WhiteFang 2.8.1	rumble-17	17	3	22	0	0	1064	40.0	46.0	0.0845	0	0
3.8.5	dsekercioglu.mega.WhiteFang 2.8.1	rumble-17	17	3	23	1	1	1851	6.5	25.7	0.1096	0	0
3.8.5	dsekercioglu.mega.WhiteFang 2.8.1	rumble-17	17	3	24	1	1	1384	24.2	9.3	0.1346	0	0
3.8.5	dsekercioglu.mega.WhiteFang 2.8.1	rumble-17	17	3	25	1	1	1340	34.6	23.7	0.1765	0	0
3.8.5	dsekercioglu.mega.WhiteFang 2.8.1	rumble-17	17	3	26	1	1	815	50.5	11.3	0.1333	0	0
3.8.5	dsekercioglu.mega.WhiteFang 2.8.1	rumble-17	17	3	27	1	1	1358	31.9	17.5	0.0928	0	1
3.8.5	dsekercioglu.mega.WhiteFang 2.8.1	rumble-17	17	3	28	1	1	1514	14.7	22.6	0.1130	0	1
3.8.5	dsekercioglu.mega.WhiteFang 2.8.1	rumble-17	17	3	29	1	1	1077	43.5	33.3	0.1579	0	1
3.8.5	dsekercioglu.mega.WhiteFang 2.8.1	rumble-17	17	3	30	1	1	1330	25.8	24.4	0.1158	0	1
3.8.5	dsekercioglu.mega.WhiteFang 2.8.1	rumble-17	17	3	31	1	1	755	53.8	14.1	0.1220	0	1
3.8.5	dsekercioglu.mega.WhiteFang 2.8.1	rumble-17	17	3	32	0	0	1502	10.5	36.0	0.0400	0	0
3.8.5	dsekercioglu.mega.WhiteFang 2.8.1	rumble-17	17	3	33	1	1	1471	34.4	19.3	0.1416	0	0
3.8.5	dsekercioglu.mega.WhiteFang 2.8.1	rumble-17	17	3	34	1	1	1193	46.1	19.2	0.1341	0	6
3.8.5	dsekercioglu.mega.WhiteFang 2.8.1	rumble-17	17	4	0	0	0	1065	37.4	45.9	0.1000	0	1
3.8.5	dsekercioglu.mega.WhiteFang 2.8.1	rumble-17	17	4	1	1	1	1674	13.5	22.3	0.0775	0	3
3.8.5	dsekercioglu.mega.WhiteFang 2.8.1	rumble-17	17	4	2	1	1	1494	24.2	16.0	0.1140	0	1
3.8.5	dsekercioglu.mega.WhiteFang 2.8.1	rumble-17	17	4	3	1	1	1617	22.7	21.4	0.0820	0	0
3.8.5	dsekercioglu.mega.WhiteFang 2.8.1	rumble-17	17	4	4	1	1	1409	24.7	14.5	0.1402	0	0
3.8.5	dsekercioglu.mega.WhiteFang 2.8.1	rumble-17	17	4	5	1	1	1355	33.8	15.0	0.1373	0	0
3.8.5	dsekercioglu.mega.WhiteFang 2.8.1	rumble-17	17	4	6	0	0	649	19.4	38.5	0.0294	0	0
3.8.5	dsekercioglu.mega.WhiteFang 2.8.1	rumble-17	17	4	7	1	1	1742	44.0	48.6	0.1250	0	0
3.8.5	dsekercioglu.mega.WhiteFang 2.8.1	rumble-17	17	4	8	0	0	971	21.8	48.0	0.1270	0	0
3.8.5	dsekercioglu.mega.WhiteFang 2.8.1	rumble-17	17	4	9	1	1	1434	24.2	17.2	0.1284	0	0
3.8.5	dsekercioglu.mega.WhiteFang 2.8.1	rumble-17	17	4	10	1	1	1314	42.2	13.6	0.1212	0	0
3.8.5	dsekercioglu.mega.WhiteFang 2.8.1	rumble-17	17	4	11	1	1	1252	29.6	29.0	0.1935	0	0
3.8.5	dsekercioglu.mega.WhiteFang 2.8.1	rumble-17	17	4	12	1	1	1474	35.7	23.6	0.1019	0	0
3.8.5	dsekercioglu.mega.WhiteFang 2.8.1	rumble-17	17	4	13	1	1	1483	15.0	11.6	0.1239	0	0
3.8.5	dsekercioglu.mega.WhiteFang 2.8.1	rumble-17	17	4	14	0	0	1517	14.5	35.7	0.1081	0	0
3.8.5	dsekercioglu.mega.WhiteFang 2.8.1	rumble-17	17	4	15	1	1	1507	34.8	17.5	0.1453	0	0
3.8.5	dsekercioglu.mega.WhiteFang 2.8.1	rumble-17	17	4	16	1	1	1810	24.6	32.0	0.1049	0	0
3.8.5	dsekercioglu.mega.WhiteFang 2.8.1	rumble-17	17	4	17	1	1	1640	25.0	7.8	0.1240	0	0
3.8.5	dsekercioglu.mega.WhiteFang 2.8.1	rumble-17	17	4	18	1	1	1679	13.0	19.1	0.0692	0	0
3.8.5	dsekercioglu.mega.WhiteFang 2.8.1	rumble-17	17	4	19	0	0	766	9.7	38.5	0.0227	0	0
3.8.5	dsekercioglu.mega.WhiteFang 2.8.1	rumble-17	17	4	20	1	1	1773	14.2	35.1	0.0857	0	0
3.8.5	dsekercioglu.mega.WhiteFang 2.8.1	rumble-17	17	4	21	1	1	1571	16.6	24.0	0.1463	0	0
3.8.5	dsekercioglu.mega.WhiteFang 2.8.1	rumble-17	17	4	22	0	0	1333	44.5	54.5	0.1053	0	1
3.8.5	dsekercioglu.mega.WhiteFang 2.8.1	rumble-17	17	4	23	0	0	944	20.2	37.6	0.0508	0	0
3.8.5	dsekercioglu.mega.WhiteFang 2.8.1	rumble-17	17	4	24	1	1	1709	16.4	27.1	0.1278	0	1
3.8.5	dsekercioglu.mega.WhiteFang 2.8.1	rumble-17	17	4	25	1	1	1595	25.4	12.9	0.1280	0	1
3.8.5	dsekercioglu.mega.WhiteFang 2.8.1	rumble-17	17	4	26	1	1	1573	24.9	23.0	0.1250	0	1
3.8.5	dsekercioglu.mega.WhiteFang 2.8.1	rumble-17	17	4	27	1	1	1823	26.3	34.7	0.1319	0	1
3.8.5	dsekercioglu.mega.WhiteFang 2.8.1	rumble-17	17	4	28	1	1	1636	25.5	35.4	0.1339	0	1
3.8.5	dsekercioglu.mega.WhiteFang 2.8.1	rumble-17	17	4	29	1	1	1820	25.5	40.6	0.1172	0	1
3.8.5	dsekercioglu.mega.WhiteFang 2.8.1	rumble-17	17	4	30	1	1	1458	33.9	35.4	0.1364	0	1
3.8.5	dsekercioglu.mega.WhiteFang 2.8.1	rumble-17	17	4	31	1	1	1663	44.8	39.2	0.1450	0	0
3.8.5	dsekercioglu.mega.WhiteFang 2.8.1	rumble-17	17	4	32	1	1	1404	23.9	13.0	0.1238	0	0
3.8.5	dsekercioglu.mega.WhiteFang 2.8.1	rumble-17	17	4	33	0	0	1343	20.6	43.5	0.0980	0	0
3.8.5	dsekercioglu.mega.WhiteFang 2.8.1	rumble-17	17	4	34	1	1	1310	32.8	24.0	0.1212	0	5
3.8.5	cs.Nene 1.0.5	rumble-18	18	1	0	0	0	684	9.7	38.6	0.0278	0	2
3.8.5	cs.Nene 1.0.5	rumble-18	18	1	1	1	1	1007	20.9	30.8	0.0725	0	4
3.8.5	cs.Nene 1.0.5	rumble-18	18	1	2	1	1	1234	12.6	55.7	0.0899	0	0
3.8.5	cs.Nene 1.0.5	rumble-18	18	1	3	1	1	942	11.3	10.1	0.0781	0	0
3.8.5	cs.Nene 1.0.5	rumble-18	18	1	4	1	1	1025	20.2	39.4	0.0972	0	0
3.8.5	cs.Nene 1.0.5	rumble-18	18	1	5	1	1	919	19.1	19.4	0.0625	0	0
3.8.5	cs.Nene 1.0.5	rumble-18	18	1	6	1	1	1100	22.2	49.0	0.1125	0	0
3.8.5	cs.Nene 1.0.5	rumble-18	18	1	7	1	1	927	20.1	14.9	0.1111	0	0
3.8.5	cs.Nene 1.0.5	rumble-18	18	1	8	1	1	1003	10.6	19.4	0.0435	0	0
3.8.5	cs.Nene 1.0.5	rumble-18	18	1	9	0	0	1054	22.2	42.8	0.1159	0	0
3.8.5	cs.Nene 1.0.5	rumble-18	18	1	10	1	1	1053	20.3	25.9	0.1053	0	0
3.8.5	cs.Nene 1.0.5	rumble-18	18	1	11	0	0	959	27.7	70.2	0.1094	0	0
3.8.5	cs.Nene 1.0.5	rumble-18	18	1	12	1	1	844	31.3	10.1	0.1404	0	0
3.8.5	cs.Nene 1.0.5	rumble-18	18	1	13	1	1	1113	22.6	45.5	0.1235	0	0
3.8.5	cs.Nene 1.0.5	rumble-18	18	1	14	1	1	1056	19.2	30.1	0.1200	0	0
3.8.5	cs.Nene 1.0.5	rumble-18	18	1	15	1	1	986	19.1	29.6	0.0597	0	0
3.8.5	cs.Nene 1.0.5	rumble-18	18	1	16	1	1	1145	22.6	50.1	0.1205	0	0
3.8.5	cs.Nene 1.0.5	rumble-18	18	1	17	1	1	874	39.8	29.5	0.0984	0	0
3.8.5	cs.Nene 1.0.5	rumble-18	18	1	18	1	1	897	18.3	0.0	0.0484	0	0
3.8.5	cs.Nene 1.0.5	rumble-18	18	1	19	0	0	551	9.7	57.9	0.0370	0	0
3.8.5	cs.Nene 1.0.5	rumble-18	18	1	20	0	0	704	10.1	46.8	0.0513	0	0
3.8.5	cs.Nene 1.0.5	rumble-18	18	1	21	1	1	1034	19.1	14.1	0.0667	0	0
3.8.5	cs.Nene 1.0.5	rumble-18	18	1	22	1	1	1134	13.1	32.7	0.1098	0	0
3.8.5	cs.Nene 1.0.5	rumble-18	18	1	23	0	0	557	9.7	57.3	0.0357	0	0
3.8.5	cs.Nene 1.0.5	rumble-18	18	1	24	1	1	1002	19.8	29.1	0.0469	0	0
3.8.5	cs.Nene 1.0.5	rumble-18	18	1	25	0	0	840	28.0	43.4	0.0816	0	0
3.8.5	cs.Nene 1.0.5	rumble-18	18	1	26	1	1	1033	17.2	23.8	0.0606	0	0
3.8.5	cs.Nene 1.0.5	rumble-18	18	1	27	1	1	1034	12.5	20.6	0.1111	0	0
3.8.5	cs.Nene 1.0.5	rumble-18	18	1	28	0	0	647	8.2	50.1	0.0294	0	1
3.8.5	cs.Nene 1.0.5	rumble-18	18	1	29	1	1	1060	20.3	38.9	0.1067	0	1
3.8.5	cs.Nene 1.0.5	rumble-18	18	1	30	1	1	944	18.2	29.1	0.0923	0	0
3.8.5	cs.Nene 1.0.5	rumble-18	18	1	31	1	1	1075	22.5	25.5	0.1184	0	0
3.8.5	cs.Nene 1.0.5	rumble-18	18	1	32	0	0	800	10.1	27.6	0.0222	0	0
3.8.5	cs.Nene 1.0.5	rumble-18	18	1	33	1	1	1104	12.1	31.8	0.1282	0	1
3.8.5	cs.Nene 1.0.5	rumble-18	18	1	34	1	1	1144	22.6	44.1	0.1235	0	7
3.8.5	cs.Nene 1.0.5	rumble-18	18	2	0	1	1	787	30.7	10.1	0.1346	0	3
3.8.5	cs.Nene 1.0.5	rumble-18	18	2	1	1	1	1115	11.7	33.3	0.0750	0	0
3.8.5	cs.Nene 1.0.5	rumble-18	18	2	2	1	1	1040	31.1	48.9	0.1143	0	0
3.8.5	cs.Nene 1.0.5	rumble-18	18	2	3	0	0	721	39.2	56.8	0.1250	0	0
3.8.5	cs.Nene 1.0.5	rumble-18	18	2	4	1	1	952	11.7	9.7	0.0909	0	0
3.8.5	cs.Nene 1.0.5	rumble-18	18	2	5	1	1	920	30.7	29.1	0.1148	0	0
3.8.5	cs.Nene 1.0.5	rumble-18	18	2	6	1	1	1127	13.9	35.2	0.1358	0	0
3.8.5	cs.Nene 1.0.5	rumble-18	18	2	7	1	1	1082	21.8	46.5	0.1039	0	0
3.8.5	cs.Nene 1.0.5	rumble-18	18	2	8	0	0	712	19.8	58.2	0.0789	0	0
3.8.5	cs.Nene 1.0.5	rumble-18	18	2	9	0	0	808	20.2	47.2	0.0833	0	0
3.8.5	cs.Nene 1.0.5	rumble-18	18	2	10	1	1	1060	21.0	22.1	0.0822	0	0
3.8.5	cs.Nene 1.0.5	rumble-18	18	2	11	0	0	943	11.3	34.5	0.0847	0	0
3.8.5	cs.Nene 1.0.5	rumble-18	18	2	12	0	0	736	29.1	56.0	0.0714	0	0
3.8.5	cs.Nene 1.0.5	rumble-18	18	2	13	1	1	1000	12.1	29.8	0.1029	0	0
3.8.5	cs.Nene 1.0.5	rumble-18	18	2	14	0	0	551	0.0	49.2	0.0000	0	0
3.8.5	cs.Nene 1.0.5	rumble-18	18	2	15	0	0	721	39.2	57.4	0.0976	0	0
3.8.5	cs.Nene 1.0.5	rumble-18	18	2	16	1	1	1062	30.4	59.8	0.0789	0	1
3.8.5	cs.Nene 1.0.5	rumble-18	18	2	17	1	1	990	21.8	40.2	0.1143	0	0
3.8.5	cs.Nene 1.0.5	rumble-18	18	2	18	0	0	1026	12.5	67.4	0.1111	0	1
3.8.5	cs.Nene 1.0.5	rumble-18	18	2	19	1	1	922	40.4	48.5	0.1290	0	1
3.8.5	cs.Nene 1.0.5	rumble-18	18	2	20	1	1	844	40.4	29.1	0.1509	0	0
3.8.5	cs.Nene 1.0.5	rumble-18	18	2	21	0	0	671	0.8	56.6	0.0263	0	1
3.8.5	cs.Nene 1.0.5	rumble-18	18	2	22	1	1	1067	21.3	25.8	0.0789	0	1
3.8.5	cs.Nene 1.0.5	rumble-18	18	2	23	1	1	1046	23.0	40.4	0.1486	0	0
3.8.5	cs.Nene 1.0.5	rumble-18	18	2	24	1	1	1075	30.8	34.6	0.0972	0	1
3.8.5	cs.Nene 1.0.5	rumble-18	18	2	25	1	1	1094	14.1	38.8	0.1410	0	1
3.8.5	cs.Nene 1.0.5	rumble-18	18	2	26	0	0	904	11.7	37.0	0.1071	0	1
3.8.5	cs.Nene 1.0.5	rumble-18	18	2	27	0	0	699	39.2	57.0	0.1316	0	1
3.8.5	cs.Nene 1.0.5	rumble-18	18	2	28	1	1	696	42.6	19.4	0.2105	0	1
3.8.5	cs.Nene 1.0.5	rumble-18	18	2	29	0	0	682	16.4	46.9	0.0556	0	1
3.8.5	cs.Nene 1.0.5	rumble-18	18	2	30	1	1	1074	11.7	38.8	0.0789	0	1
3.8.5	cs.Nene 1.0.5	rumble-18	18	2	31	0	0	708	10.1	55.8	0.0488	0	1
3.8.5	cs.Nene 1.0.5	rumble-18	18	2	32	1	1	954	21.0	19.4	0.0923	0	1
3.8.5	cs.Nene 1.0.5	rumble-18	18	2	33	1	1	955	30.5	37.3	0.0938	0	1
3.8.5	cs.Nene 1.0.5	rumble-18	18	2	34	1	1	1096	13.3	31.0	0.1282	0	12
3.8.5	cs.Nene 1.0.5	rumble-18	18	3	0	1	1	1063	37.1	67.9	0.1486	0	5
3.8.5	cs.Nene 1.0.5	rumble-18	18	3	1	1	1	1036	21.8	39.1	0.1096	0	0
3.8.5	cs.Nene 1.0.5	rumble-18	18	3	2	0	0	749	29.9	65.5	0.1111	0	0
3.8.5	cs.Nene 1.0.5	rumble-18	18	3	3	1	1	1158	11.0	59.0	0.0952	0	0
3.8.5	cs.Nene 1.0.5	rumble-18	18	3	4	1	1	1032	31.1	33.4	0.1067	0	0
3.8.5	cs.Nene 1.0.5	rumble-18	18	3	5	1	1	1327	3.2	53.5	0.0816	0	0
3.8.5	cs.Nene 1.0.5	rumble-18	18	3	6	1	1	995	21.1	29.1	0.1449	0	0
3.8.5	cs.Nene 1.0.5	rumble-18	18	3	7	1	1	886	29.9	29.1	0.1311	0	0
3.8.5	cs.Nene 1.0.5	rumble-18	18	3	8	1	1	1109	31.3	59.4	0.0988	0	0
3.8.5	cs.Nene 1.0.5	rumble-18	18	3	9	1	1	1141	31.7	61.6	0.2024	0	0
3.8.5	cs.Nene 1.0.5	rumble-18	18	3	10	1	1	877	49.6	48.5	0.1346	0	1
3.8.5	cs.Nene 1.0.5	rumble-18	18	3	11	1	1	1140	3.1	26.8	0.0864	0	0
3.8.5	cs.Nene 1.0.5	rumble-18	18	3	12	1	1	978	41.2	53.3	0.1493	0	0
3.8.5	cs.Nene 1.0.5	rumble-18	18	3	13	0	0	683	19.8	72.8	0.0750	0	0
3.8.5	cs.Nene 1.0.5	rumble-18	18	3	14	1	1	1230	30.7	58.8	0.0761	0	1
3.8.5	cs.Nene 1.0.5	rumble-18	18	3	15	0	0	813	21.4	47.2	0.1020	0	1
3.8.5	cs.Nene 1.0.5	rumble-18	18	3	16	0	0	847	29.2	47.0	0.1176	0	1
3.8.5	cs.Nene 1.0.5	rumble-18	18	3	17	0	0	763	8.6	37.9	0.0476	0	1
3.8.5	cs.Nene 1.0.5	rumble-18	18	3	18	0	0	638	10.5	48.4	0.0606	0	0
3.8.5	cs.Nene 1.0.5	rumble-18	18	3	19	1	1	967	30.2	48.5	0.0781	0	1
3.8.5	cs.Nene 1.0.5	rumble-18	18	3	20	1	1	971	22.6	29.5	0.1471	0	1
3.8.5	cs.Nene 1.0.5	rumble-18	18	3	21	1	1	1059	17.2	21.2	0.0548	0	1
3.8.5	cs.Nene 1.0.5	rumble-18	18	3	22	1	1	827	38.3	29.1	0.1200	0	1
3.8.5	cs.Nene 1.0.5	rumble-18	18	3	23	0	0	967	29.7	76.5	0.1667	0	1
3.8.5	cs.Nene 1.0.5	rumble-18	18	3	24	0	0	750	34.4	71.8	0.1739	0	1
3.8.5	cs.Nene 1.0.5	rumble-18	18	3	25	0	0	775	0.8	23.6	0.0476	0	1
3.8.5	cs.Nene 1.0.5	rumble-18	18	3	26	1	1	1018	11.7	15.5	0.0833	0	1
3.8.5	cs.Nene 1.0.5	rumble-18	18	3	27	1	1	868	30.2	29.1	0.1500	0	1
3.8.5	cs.Nene 1.0.5	rumble-18	18	3	28	1	1	1032	24.6	48.5	0.2055	0	1
3.8.5	cs.Nene 1.0.5	rumble-18	18	3	29	1	1	1078	17.6	38.8	0.0541	0	1
3.8.5	cs.Nene 1.0.5	rumble-18	18	3	30	0	0	585	16.4	63.4	0.0667	0	1
3.8.5	cs.Nene 1.0.5	rumble-18	18	3	31	1	1	971	10.6	3.5	0.1045	0	1
3.8.5	cs.Nene 1.0.5	rumble-18	18	3	32	1	1	1121	21.6	58.6	0.0875	0	1
3.8.5	cs.Nene 1.0.5	rumble-18	18	3	33	0	0	909	21.0	67.6	0.0833	0	1
3.8.5	cs.Nene 1.0.5	rumble-18	18	3	34	0	0	821	9.0	38.2	0.0625	0	1
3.8.5	cs.Nene 1.0.5	rumble-18	18	4	0	1	1	1127	21.4	44.8	0.0854	0	3
3.8.5	cs.Nene 1.0.5	rumble-18	18	4	1	1	1	1007	2.2	10.1	0.0725	0	0
3.8.5	cs.Nene 1.0.5	rumble-18	18	4	2	1	1	1053	20.7	27.6	0.1053	0	0
3.8.5	cs.Nene 1.0.5	rumble-18	18	4	3	0	0	682	29.1	57.0	0.0811	0	0
3.8.5	cs.Nene 1.0.5	rumble-18	18	4	4	1	1	1099	23.0	37.7	0.1392	0	0
3.8.5	cs.Nene 1.0.5	rumble-18	18	4	5	1	1	914	29.5	29.1	0.0702	0	0
3.8.5	cs.Nene 1.0.5	rumble-18	18	4	6	1	1	888	21.4	9.7	0.1129	0	0
3.8.5	cs.Nene 1.0.5	rumble-18	18	4	7	1	1	1030	31.4	49.4	0.1096	0	0
3.8.5	cs.Nene 1.0.5	rumble-18	18	4	8	1	1	1058	19.9	48.5	0.0986	0	0
3.8.5	cs.Nene 1.0.5	rumble-18	18	4	9	1	1	969	22.3	11.2	0.1304	0	0
3.8.5	cs.Nene 1.0.5	rumble-18	18	4	10	1	1	1104	10.6	38.8	0.0897	0	0
3.8.5	cs.Nene 1.0.5	rumble-18	18	4	11	0	0	655	0.0	40.4	0.0000	0	0
3.8.5	cs.Nene 1.0.5	rumble-18	18	4	12	1	1	1028	18.8	25.3	0.1111	0	0
3.8.5	cs.Nene 1.0.5	rumble-18	18	4	13	1	1	1082	20.6	38.8	0.0704	0	0
3.8.5	cs.Nene 1.0.5	rumble-18	18	4	14	1	1	930	27.7	31.3	0.0938	0	0
3.8.5	cs.Nene 1.0.5	rumble-18	18	4	15	1	1	1060	18.8	29.5	0.1067	0	0
3.8.5	cs.Nene 1.0.5	rumble-18	18	4	16	0	0	821	20.2	46.5	0.0816	0	0
3.8.5	cs.Nene 1.0.5	rumble-18	18	4	17	0	0	859	10.9	36.4	0.0577	0	0
3.8.5	cs.Nene 1.0.5	rumble-18	18	4	18	0	0	726	8.6	37.9	0.0256	0	0
3.8.5	cs.Nene 1.0.5	rumble-18	18	4	19	1	1	1072	21.4	33.7	0.0909	0	0
3.8.5	cs.Nene 1.0.5	rumble-18	18	4	20	1	1	938	21.7	10.6	0.1077	0	0
3.8.5	cs.Nene 1.0.5	rumble-18	18	4	21	1	1	828	29.1	19.4	0.1091	0	0
3.8.5	cs.Nene 1.0.5	rumble-18	18	4	22	1	1	1107	20.0	37.0	0.1358	0	0
3.8.5	cs.Nene 1.0.5	rumble-18	18	4	23	1	1	1026	24.6	16.8	0.0405	0	0
3.8.5	cs.Nene 1.0.5	rumble-18	18	4	24	0	0	752	16.8	54.2	0.0698	0	0
3.8.5	cs.Nene 1.0.5	rumble-18	18	4	25	0	0	837	8.6	37.9	0.0400	0	0
3.8.5	cs.Nene 1.0.5	rumble-18	18	4	26	0	0	846	11.3	46.4	0.0769	0	0
3.8.5	cs.Nene 1.0.5	rumble-18	18	4	27	1	1	1137	20.7	54.6	0.1098	0	1
3.8.5	cs.Nene 1.0.5	rumble-18	18	4	28	1	1	1069	12.5	23.8	0.0921	0	0
3.8.5	cs.Nene 1.0.5	rumble-18	18	4	29	1	1	1210	20.7	46.5	0.1023	0	1
3.8.5	cs.Nene 1.0.5	rumble-18	18	4	30	1	1	1181	21.8	38.8	0.0976	0	0
3.8.5	cs.Nene 1.0.5	rumble-18	18	4	31	1	1	1023	17.6	39.2	0.0694	0	1
3.8.5	cs.Nene 1.0.5	rumble-18	18	4	32	1	1	873	20.7	9.7	0.0833	0	0
3.8.5	cs.Nene 1.0.5	rumble-18	18	4	33	1	1	1010	10.9	10.5	0.0986	0	0
3.8.5	cs.Nene 1.0.5	rumble-18	18	4	34	0	0	920	17.6	54.1	0.0847	0	0
3.8.5	jk.melee.Neuromancer 7.12	rumble-19	19	1	0	1	1	4945	36.1	36.0	0.1101	0	7
3.8.5	jk.melee.Neuromancer 7.12	rumble-19	19	1	1	0	0	2077	28.2	26.1	0.0683	0	1
3.8.5	jk.melee.Neuromancer 7.12	rumble-19	19	1	2	1	1	2855	25.0	23.5	0.0819	0	1
3.8.5	jk.melee.Neuromancer 7.12	rumble-19	19	1	3	1	1	4092	47.3	25.7	0.1047	0	1
3.8.5	jk.melee.Neuromancer 7.12	rumble-19	19	1	4	1	1	2565	43.6	32.8	0.1324	0	1
3.8.5	jk.melee.Neuromancer 7.12	rumble-19	19	1	5	0	0	787	17.9	40.3	0.0435	0	0
3.8.5	jk.melee.Neuromancer 7.12	rumble-19	19	1	6	1	1	1498	32.1	20.7	0.1217	0	0
3.8.5	jk.melee.Neuromancer 7.12	rumble-19	19	1	7	1	1	1636	34.9	36.8	0.1360	0	1
3.8.5	jk.melee.Neuromancer 7.12	rumble-19	19	1	8	1	1	4812	40.6	30.3	0.1086	0	1
3.8.5	jk.melee.Neuromancer 7.12	rumble-19	19	1	9	1	1	1783	29.5	36.0	0.0791	0	2
3.8.5	jk.melee.Neuromancer 7.12	rumble-19	19	1	10	1	1	2113	34.2	30.1	0.1124	0	1
3.8.5	jk.melee.Neuromancer 7.12	rumble-19	19	1	11	0	0	726	9.0	48.2	0.0714	0	1
3.8.5	jk.melee.Neuromancer 7.12	rumble-19	19	1	12	1	1	3197	37.9	28.3	0.1374	0	1
3.8.5	jk.melee.Neuromancer 7.12	rumble-19	19	1	13	1	1	1071	50.7	29.1	0.1618	0	1
3.8.5	jk.melee.Neuromancer 7.12	rumble-19	19	1	14	0	0	727	27.6	42.7	0.0513	0	1
3.8.5	jk.melee.Neuromancer 7.12	rumble-19	19	1	15	1	1	1771	40.2	23.9	0.1087	0	1
3.8.5	jk.melee.Neuromancer 7.12	rumble-19	19	1	16	1	1	1492	32.3	9.8	0.1217	0	1
3.8.5	jk.melee.Neuromancer 7.12	rumble-19	19	1	17	1	1	1854	25.2	39.7	0.1088	0	1
3.8.5	jk.melee.Neuromancer 7.12	rumble-19	19	1	18	1	1	2277	36.0	50.5	0.1087	0	1
3.8.5	jk.melee.Neuromancer 7.12	rumble-19	19	1	19	1	1	2232	23.1	31.1	0.0769	0	1
3.8.5	jk.melee.Neuromancer 7.12	rumble-19	19	1	20	1	1	2160	41.8	53.9	0.1092	0	1
3.8.5	jk.melee.Neuromancer 7.12	rumble-19	19	1	21	0	0	798	37.7	49.2	0.1111	0	1
3.8.5	jk.melee.Neuromancer 7.12	rumble-19	19	1	22	0	0	701	8.6	45.9	0.0513	0	1
3.8.5	jk.melee.Neuromancer 7.12	rumble-19	19	1	23	0	0	5291	45.3	44.1	0.1159	0	1
3.8.5	jk.melee.Neuromancer 7.12	rumble-19	19	1	24	0	0	3852	26.7	27.4	0.0735	0	1
3.8.5	jk.melee.Neuromancer 7.12	rumble-19	19	1	25	0	0	2710	57.3	56.6	0.1233	0	1
3.8.5	jk.melee.Neuromancer 7.12	rumble-19	19	1	26	1	1	1915	25.4	46.3	0.1111	0	2
3.8.5	jk.melee.Neuromancer 7.12	rumble-19	19	1	27	1	1	1616	32.6	27.6	0.1200	0	2
3.8.5	jk.melee.Neuromancer 7.12	rumble-19	19	1	28	0	0	721	17.9	34.5	0.0250	0	1
3.8.5	jk.melee.Neuromancer 7.12	rumble-19	19	1	29	0	0	1313	18.0	31.9	0.0543	0	1
3.8.5	jk.melee.Neuromancer 7.12	rumble-19	19	1	30	0	0	1310	64.0	72.9	0.1739	0	1
3.8.5	jk.melee.Neuromancer 7.12	rumble-19	19	1	31	0	0	4306	29.0	44.8	0.0734	0	1
3.8.5	jk.melee.Neuromancer 7.12	rumble-19	19	1	32	1	1	5920	35.8	37.5	0.0897	0	1
3.8.5	jk.melee.Neuromancer 7.12	rumble-19	19	1	33	0	0	764	17.9	40.6	0.0476	0	2
3.8.5	jk.melee.Neuromancer 7.12	rumble-19	19	1	34		0	4558	32.0	35.0			1
3.8.5	jk.melee.Neuromancer 7.12	rumble-19	19	2	0	1	1	1697	34.1	17.2	0.1111	0	5
3.8.5	jk.melee.Neuromancer 7.12	rumble-19	19	2	1	1	1	1873	25.1	35.6	0.1342	0	0
3.8.5	jk.melee.Neuromancer 7.12	rumble-19	19	2	2	1	1	5122	34.6	30.3	0.1068	0	0
3.8.5	jk.melee.Neuromancer 7.12	rumble-19	19	2	3	0	0	746	0.4	36.5	0.0238	0	0
3.8.5	jk.melee.Neuromancer 7.12	rumble-19	19	2	4	0	0	652	16.4	55.0	0.0588	0	0
3.8.5	jk.melee.Neuromancer 7.12	rumble-19	19	2	5	1	1	2071	40.1	34.8	0.1125	0	0
3.8.5	jk.melee.Neuromancer 7.12	rumble-19	19	2	6	1	1	3134	42.7	29.3	0.0934	0	1
3.8.5	jk.melee.Neuromancer 7.12	rumble-19	19	2	7	1	1	5502	21.8	15.2	0.0738	0	1
3.8.5	jk.melee.Neuromancer 7.12	rumble-19	19	2	8	0	0	832	18.7	36.5	0.0625	0	1
3.8.5	jk.melee.Neuromancer 7.12	rumble-19	19	2	9	1	1	1777	35.2	27.7	0.1277	0	1
3.8.5	jk.melee.Neuromancer 7.12	rumble-19	19	2	10	1	1	1749	24.8	28.0	0.1079	0	1
3.8.5	jk.melee.Neuromancer 7.12	rumble-19	19	2	11	0	0	5491	39.0	25.3	0.1078	0	2
3.8.5	jk.melee.Neuromancer 7.12	rumble-19	19	2	12	0	0	618	18.3	55.3	0.0625	0	1
3.8.5	jk.melee.Neuromancer 7.12	rumble-19	19	2	13	1	1	5218	32.9	16.8	0.0872	0	2
3.8.5	jk.melee.Neuromancer 7.12	rumble-19	19	2	14	1	1	2408	22.6	38.3	0.0859	0	1
3.8.5	jk.melee.Neuromancer 7.12	rumble-19	19	2	15	0	0	656	10.1	54.0	0.0278	0	1
3.8.5	jk.melee.Neuromancer 7.12	rumble-19	19	2	16	1	1	5405	44.9	41.2	0.1068	0	2
3.8.5	jk.melee.Neuromancer 7.12	rumble-19	19	2	17	1	1	1636	54.6	46.1	0.1220	0	1
3.8.5	jk.melee.Neuromancer 7.12	rumble-19	19	2	18	1	1	1783	38.2	36.8	0.1223	0	1
3.8.5	jk.melee.Neuromancer 7.12	rumble-19	19	2	19	1	1	1715	28.8	20.2	0.1000	0	1
3.8.5	jk.melee.Neuromancer 7.12	rumble-19	19	2	20	1	1	3135	36.2	17.5	0.1085	0	1
3.8.5	jk.melee.Neuromancer 7.12	rumble-19	19	2	21	0	0	992	17.2	30.4	0.0690	0	1
3.8.5	jk.melee.Neuromancer 7.12	rumble-19	19	2	22	0	0	805	18.7	42.0	0.0638	0	1
3.8.5	jk.melee.Neuromancer 7.12	rumble-19	19	2	23	1	1	1385	56.8	48.9	0.1300	0	1
3.8.5	jk.melee.Neuromancer 7.12	rumble-19	19	2	24	1	1	1887	38.0	26.9	0.1126	0	2
3.8.5	jk.melee.Neuromancer 7.12	rumble-19	19	2	25	1	1	1631	61.5	53.1	0.1066	0	1
3.8.5	jk.melee.Neuromancer 7.12	rumble-19	19	2	26	0	0	626	8.2	53.1	0.0313	0	1
3.8.5	jk.melee.Neuromancer 7.12	rumble-19	19	2	27	1	1	2209	18.2	18.9	0.1243	0	1
3.8.5	jk.melee.Neuromancer 7.12	rumble-19	19	2	28	1	1	1269	36.1	27.4	0.0920	0	1
3.8.5	jk.melee.Neuromancer 7.12	rumble-19	19	2	29	0	0	1728	37.9	63.2	0.0985	0	1
3.8.5	jk.melee.Neuromancer 7.12	rumble-19	19	2	30	1	1	2655	42.5	38.5	0.1116	0	1
3.8.5	jk.melee.Neuromancer 7.12	rumble-19	19	2	31	0	0	1664	41.4	43.1	0.1538	0	1
3.8.5	jk.melee.Neuromancer 7.12	rumble-19	19	2	32	1	1	1866	46.6	12.6	0.1571	0	1
3.8.5	jk.melee.Neuromancer 7.12	rumble-19	19	2	33	1	1	1250	51.8	11.0	0.1333	0	1
3.8.5	jk.melee.Neuromancer 7.12	rumble-19	19	2	34		0	2717	25.1	38.4			2
3.8.5	jk.melee.Neuromancer 7.12	rumble-19	19	3	0	1	1	3502	33.8	38.4	0.1284	0	4
3.8.5	jk.melee.Neuromancer 7.12	rumble-19	19	3	1	1	1	1765	32.5	28.8	0.1286	0	1
3.8.5	jk.melee.Neuromancer 7.12	rumble-19	19	3	2	1	1	2422	26.5	15.3	0.1186	0	0
3.8.5	jk.melee.Neuromancer 7.12	rumble-19	19	3	3	0	0	1505	44.8	43.8	0.0673	0	0
3.8.5	jk.melee.Neuromancer 7.12	rumble-19	19	3	4	1	1	1812	22.2	22.7	0.1119	0	0
3.8.5	jk.melee.Neuromancer 7.12	rumble-19	19	3	5	1	1	1611	36.6	9.6	0.1032	0	0
3.8.5	jk.melee.Neuromancer 7.12	rumble-19	19	3	6	0	0	1016	8.6	22.7	0.0317	0	0
3.8.5	jk.melee.Neuromancer 7.12	rumble-19	19	3	7	0	0	4483	21.8	21.9	0.0895	0	1
3.8.5	jk.melee.Neuromancer 7.12	rumble-19	19	3	8	1	1	1841	22.0	15.4	0.1111	0	1
3.8.5	jk.melee.Neuromancer 7.12	rumble-19	19	3	9	0	0	650	9.7	43.6	0.0294	0	1
3.8.5	jk.melee.Neuromancer 7.12	rumble-19	19	3	10	1	1	1685	31.1	21.6	0.1154	0	0
3.8.5	jk.melee.Neuromancer 7.12	rumble-19	19	3	11	1	1	1916	33.5	26.0	0.0915	0	1
3.8.5	jk.melee.Neuromancer 7.12	rumble-19	19	3	12	0	0	2269	26.8	37.5	0.1564	0	1
3.8.5	jk.melee.Neuromancer 7.12	rumble-19	19	3	13	1	1	1604	36.6	20.5	0.1083	0	1
3.8.5	jk.melee.Neuromancer 7.12	rumble-19	19	3	14	0	0	4201	40.8	43.7	0.1003	0	1
3.8.5	jk.melee.Neuromancer 7.12	rumble-19	19	3	15	1	1	1911	24.0	25.4	0.0855	0	1
3.8.5	jk.melee.Neuromancer 7.12	rumble-19	19	3	16	0	0	672	16.4	54.5	0.0526	0	2
3.8.5	jk.melee.Neuromancer 7.12	rumble-19	19	3	17	0	0	701	0.0	44.2	0.0000	0	1
3.8.5	jk.melee.Neuromancer 7.12	rumble-19	19	3	18	0	0	2181	24.2	23.0	0.0769	0	1
3.8.5	jk.melee.Neuromancer 7.12	rumble-19	19	3	19	0	0	1968	23.0	24.5	0.0769	0	1
3.8.5	jk.melee.Neuromancer 7.12	rumble-19	19	3	20	1	1	5873	46.7	52.6	0.1063	0	2
3.8.5	jk.melee.Neuromancer 7.12	rumble-19	19	3	21	0	0	2666	42.3	54.5	0.1106	128	3
3.8.5	jk.melee.Neuromancer 7.12	rumble-19	19	3	22	1	1	3746	56.7	34.3	0.1222	251	3
3.8.5	jk.melee.Neuromancer 7.12	rumble-19	19	3	23	0	0	2021	30.6	37.9	0.1161	0	1
3.8.5	jk.melee.Neuromancer 7.12	rumble-19	19	3	24	0	0	792	8.2	28.2	0.0227	0	1
3.8.5	jk.melee.Neuromancer 7.12	rumble-19	19	3	25	0	0	1467	22.3	20.8	0.1048	0	1
3.8.5	jk.melee.Neuromancer 7.12	rumble-19	19	3	26	0	0	715	16.4	48.6	0.0500	0	1
3.8.5	jk.melee.Neuromancer 7.12	rumble-19	19	3	27	0	0	2167	34.0	44.6	0.1053	0	1
3.8.5	jk.melee.Neuromancer 7.12	rumble-19	19	3	28	0	0	1932	23.9	30.5	0.1164	0	2
3.8.5	jk.melee.Neuromancer 7.12	rumble-19	19	3	29	1	1	4727	49.5	29.3	0.1114	0	1
3.8.5	jk.melee.Neuromancer 7.12	rumble-19	19	3	30	0	0	978	11.3	51.7	0.0862	0	1
3.8.5	jk.melee.Neuromancer 7.12	rumble-19	19	3	31	1	1	2630	37.1	15.6	0.1090	0	1
3.8.5	jk.melee.Neuromancer 7.12	rumble-19	19	3	32	1	1	1752	24.9	15.7	0.1397	0	1
3.8.5	jk.melee.Neuromancer 7.12	rumble-19	19	3	33	1	1	5803	44.5	35.0	0.0896	0	2
3.8.5	jk.melee.Neuromancer 7.12	rumble-19	19	3	34	1	1	1732	23.0	20.4	0.1324	0	8
3.8.5	jk.melee.Neuromancer 7.12	rumble-19	19	4	0	1	1	5322	44.8	38.7	0.1000	0	7
3.8.5	jk.melee.Neuromancer 7.12	rumble-19	19	4	1	0	0	1891	32.9	42.7	0.1389	0	0
3.8.5	jk.melee.Neuromancer 7.12	rumble-19	19	4	2	1	1	3512	28.8	17.0	0.1100	0	1
3.8.5	jk.melee.Neuromancer 7.12	rumble-19	19	4	3	1	1	1658	29.2	25.1	0.1085	0	0
3.8.5	jk.melee.Neuromancer 7.12	rumble-19	19	4	4	0	0	1548	48.5	36.2	0.1869	0	0
3.8.5	jk.melee.Neuromancer 7.12	rumble-19	19	4	5	0	0	630	48.0	36.8	0.0690	0	0
3.8.5	jk.melee.Neuromancer 7.12	rumble-19	19	4	6	0	0	1245	19.9	43.3	0.0805	0	0
3.8.5	jk.melee.Neuromancer 7.12	rumble-19	19	4	7	1	1	1910	29.6	32.9	0.0993	0	1
3.8.5	jk.melee.Neuromancer 7.12	rumble-19	19	4	8	0	0	952	20.2	27.7	0.0690	0	1
3.8.5	jk.melee.Neuromancer 7.12	rumble-19	19	4	9	1	1	1749	21.0	18.9	0.0935	0	0
3.8.5	jk.melee.Neuromancer 7.12	rumble-19	19	4	10	1	1	4759	44.9	58.5	0.1293	0	1
3.8.5	jk.melee.Neuromancer 7.12	rumble-19	19	4	11	0	0	3272	48.6	48.3	0.0882	0	1
3.8.5	jk.melee.Neuromancer 7.12	rumble-19	19	4	12	1	1	1766	26.0	19.5	0.1314	0	1
3.8.5	jk.melee.Neuromancer 7.12	rumble-19	19	4	13	0	0	545	8.2	61.2	0.0385	0	1
3.8.5	jk.melee.Neuromancer 7.12	rumble-19	19	4	14	0	0	1275	26.6	34.5	0.1053	0	1
3.8.5	jk.melee.Neuromancer 7.12	rumble-19	19	4	15	1	1	1695	31.5	38.3	0.1203	0	1
3.8.5	jk.melee.Neuromancer 7.12	rumble-19	19	4	16	0	0	817	20.2	53.0	0.0816	0	1
3.8.5	jk.melee.Neuromancer 7.12	rumble-19	19	4	17	0	0	1806	16.9	35.5	0.1407	0	1
3.8.5	jk.melee.Neuromancer 7.12	rumble-19	19	4	18	0	0	615	16.0	27.9	0.0357	0	1
3.8.5	jk.melee.Neuromancer 7.12	rumble-19	19	4	19	0	0	682	9.7	52.7	0.0263	0	1
3.8.5	jk.melee.Neuromancer 7.12	rumble-19	19	4	20	1	1	1685	22.0	21.1	0.0902	0	1
3.8.5	jk.melee.Neuromancer 7.12	rumble-19	19	4	21	0	0	649	24.6	50.4	0.0571	0	1
3.8.5	jk.melee.Neuromancer 7.12	rumble-19	19	4	22	1	1	3224	37.2	21.1	0.1011	0	1
3.8.5	jk.melee.Neuromancer 7.12	rumble-19	19	4	23	0	0	773	25.0	49.3	0.0909	0	1
3.8.5	jk.melee.Neuromancer 7.12	rumble-19	19	4	24	1	1	1901	22.2	32.9	0.0600	0	1
3.8.5	jk.melee.Neuromancer 7.12	rumble-19	19	4	25	0	0	2766	28.2	28.1	0.0538	0	2
3.8.5	jk.melee.Neuromancer 7.12	rumble-19	19	4	26	1	1	2009	32.3	38.5	0.1125	0	2
3.8.5	jk.melee.Neuromancer 7.12	rumble-19	19	4	27	0	0	4337	29.2	32.5	0.1009	0	1
3.8.5	jk.melee.Neuromancer 7.12	rumble-19	19	4	28	1	1	2774	42.8	27.2	0.1300	0	1
3.8.5	jk.melee.Neuromancer 7.12	rumble-19	19	4	29	1	1	2030	31.9	48.3	0.1049	0	2
3.8.5	jk.melee.Neuromancer 7.12	rumble-19	19	4	30	1	1	2793	30.6	49.0	0.1293	0	1
3.8.5	jk.melee.Neuromancer 7.12	rumble-19	19	4	31	0	0	5035	44.3	33.1	0.0650	0	2
3.8.5	jk.melee.Neuromancer 7.12	rumble-19	19	4	32	0	0	2340	39.2	35.3	0.1038	0	2
3.8.5	jk.melee.Neuromancer 7.12	rumble-19	19	4	33	0	0	839	18.3	42.8	0.0612	0	1
3.8.5	jk.melee.Neuromancer 7.12	rumble-19	19	4	34	1	1	5921	35.2	29.0	0.1021	0	8
3.8.5	voidious.Dookious 1.573c	rumble-20	20	1	0	0	0	803	39.2	66.6	0.1020	0	0
3.8.5	voidious.Dookious 1.573c	rumble-20	20	1	1	1	1	1145	19.1	35.2	0.0602	0	3
3.8.5	voidious.Dookious 1.573c	rumble-20	20	1	2	1	1	1056	20.3	37.6	0.1143	0	0
3.8.5	voidious.Dookious 1.573c	rumble-20	20	1	3	1	1	1179	22.6	34.3	0.1163	0	0
3.8.5	voidious.Dookious 1.573c	rumble-20	20	1	4	0	0	616	29.1	53.5	0.0645	0	0
3.8.5	voidious.Dookious 1.573c	rumble-20	20	1	5	1	1	995	30.3	35.0	0.0870	0	1
3.8.5	voidious.Dookious 1.573c	rumble-20	20	1	6	0	0	967	1.2	26.6	0.0333	0	2
3.8.5	voidious.Dookious 1.573c	rumble-20	20	1	7	0	0	786	35.1	56.1	0.1333	0	0
3.8.5	voidious.Dookious 1.573c	rumble-20	20	1	8	1	1	1266	23.4	61.4	0.1263	0	0
3.8.5	voidious.Dookious 1.573c	rumble-20	20	1	9	1	1	1085	12.1	18.8	0.0946	0	0
3.8.5	voidious.Dookious 1.573c	rumble-20	20	1	10	1	1	1183	20.6	34.2	0.0920	0	0
3.8.5	voidious.Dookious 1.573c	rumble-20	20	1	11	1	1	980	21.0	9.4	0.0896	0	0
3.8.5	voidious.Dookious 1.573c	rumble-20	20	1	12	1	1	1142	11.3	23.3	0.0610	0	0
3.8.5	voidious.Dookious 1.573c	rumble-20	20	1	13	0	0	1072	19.1	50.7	0.0685	0	1
3.8.5	voidious.Dookious 1.573c	rumble-20	20	1	14	0	0	707	29.1	46.2	0.0789	0	0
3.8.5	voidious.Dookious 1.573c	rumble-20	20	1	15	1	1	1100	18.3	31.6	0.0759	0	1
3.8.5	voidious.Dookious 1.573c	rumble-20	20	1	16	1	1	1196	23.4	41.3	0.1379	0	0
3.8.5	voidious.Dookious 1.573c	rumble-20	20	1	17	1	1	1143	12.9	28.3	0.1098	0	1
3.8.5	voidious.Dookious 1.573c	rumble-20	20	1	18	1	1	1105	20.6	35.2	0.0641	0	1
3.8.5	voidious.Dookious 1.573c	rumble-20	20	1	19	1	1	940	28.5	16.9	0.1364	0	0
3.8.5	voidious.Dookious 1.573c	rumble-20	20	1	20	0	0	900	27.6	37.6	0.0714	0	1
3.8.5	voidious.Dookious 1.573c	rumble-20	20	1	21	0	0	885	11.3	37.7	0.0926	0	1
3.8.5	voidious.Dookious 1.573c	rumble-20	20	1	22	1	1	1045	23.0	13.9	0.1467	0	1
3.8.5	voidious.Dookious 1.573c	rumble-20	20	1	23	1	1	1224	4.0	26.7	0.1124	0	1
3.8.5	voidious.Dookious 1.573c	rumble-20	20	1	24	0	0	961	21.0	57.6	0.0952	0	0
3.8.5	voidious.Dookious 1.573c	rumble-20	20	1	25	1	1	1119	19.2	24.9	0.1111	0	0
3.8.5	voidious.Dookious 1.573c	rumble-20	20	1	26	1	1	1198	21.0	35.6	0.0690	0	1
3.8.5	voidious.Dookious 1.573c	rumble-20	20	1	27	1	1	1141	18.7	38.6	0.0482	0	1
3.8.5	voidious.Dookious 1.573c	rumble-20	20	1	28	1	1	1187	21.4	50.4	0.0814	0	1
3.8.5	voidious.Dookious 1.573c	rumble-20	20	1	29	0	0	691	9.7	37.5	0.0278	0	0
3.8.5	voidious.Dookious 1.573c	rumble-20	20	1	30	1	1	1008	29.3	30.3	0.1594	0	1
3.8.5	voidious.Dookious 1.573c	rumble-20	20	1	31	0	0	1153	23.8	49.6	0.1500	0	0
3.8.5	voidious.Dookious 1.573c	rumble-20	20	1	32	1	1	1000	34.4	29.0	0.1159	0	1
3.8.5	voidious.Dookious 1.573c	rumble-20	20	1	33	1	1	1147	17.6	33.9	0.0602	0	1
3.8.5	voidious.Dookious 1.573c	rumble-20	20	1	34	1	1	1157	11.7	25.2	0.0723	0	11
3.8.5	voidious.Dookious 1.573c	rumble-20	20	2	0	1	1	968	31.9	21.5	0.1471	0	7
3.8.5	voidious.Dookious 1.573c	rumble-20	20	2	1	1	1	996	44.1	40.7	0.1343	0	0
3.8.5	voidious.Dookious 1.573c	rumble-20	20	2	2	1	1	1083	12.5	11.5	0.1039	0	0
3.8.5	voidious.Dookious 1.573c	rumble-20	20	2	3	1	1	1109	21.8	23.5	0.0988	0	0
3.8.5	voidious.Dookious 1.573c	rumble-20	20	2	4	1	1	1070	21.4	37.6	0.0921	0	0
3.8.5	voidious.Dookious 1.573c	rumble-20	20	2	5	0	0	875	10.5	27.2	0.0577	0	0
3.8.5	voidious.Dookious 1.573c	rumble-20	20	2	6	1	1	886	37.0	23.3	0.1207	0	0
3.8.5	voidious.Dookious 1.573c	rumble-20	20	2	7	1	1	1050	23.0	19.8	0.1528	0	0
3.8.5	voidious.Dookious 1.573c	rumble-20	20	2	8	1	1	1067	31.5	29.8	0.1184	0	0
3.8.5	voidious.Dookious 1.573c	rumble-20	20	2	9	1	1	1159	22.2	29.5	0.1059	0	1
3.8.5	voidious.Dookious 1.573c	rumble-20	20	2	10	1	1	920	30.3	6.4	0.0938	0	0
3.8.5	voidious.Dookious 1.573c	rumble-20	20	2	11	1	1	834	31.1	4.0	0.1250	0	0
3.8.5	voidious.Dookious 1.573c	rumble-20	20	2	12	1	1	1174	11.7	24.8	0.0706	0	0
3.8.5	voidious.Dookious 1.573c	rumble-20	20	2	13	1	1	1062	22.2	30.3	0.1184	0	0
3.8.5	voidious.Dookious 1.573c	rumble-20	20	2	14	1	1	1003	20.6	15.8	0.0758	0	0
3.8.5	voidious.Dookious 1.573c	rumble-20	20	2	15	1	1	978	29.1	25.2	0.0476	0	0
3.8.5	voidious.Dookious 1.573c	rumble-20	20	2	16	1	1	1016	31.1	41.6	0.1212	0	0
3.8.5	voidious.Dookious 1.573c	rumble-20	20	2	17	1	1	1163	12.9	22.6	0.1059	0	0
3.8.5	voidious.Dookious 1.573c	rumble-20	20	2	18	1	1	1093	20.6	33.9	0.0641	0	0
3.8.5	voidious.Dookious 1.573c	rumble-20	20	2	19	0	0	1051	20.2	64.3	0.0548	0	0
3.8.5	voidious.Dookious 1.573c	rumble-20	20	2	20	0	0	822	10.9	45.9	0.0600	0	0
3.8.5	voidious.Dookious 1.573c	rumble-20	20	2	21	1	1	1120	11.7	24.5	0.0750	0	0
3.8.5	voidious.Dookious 1.573c	rumble-20	20	2	22	1	1	1232	20.6	45.2	0.0549	0	0
3.8.5	voidious.Dookious 1.573c	rumble-20	20	2	23	1	1	1071	20.6	28.5	0.0658	0	0
3.8.5	voidious.Dookious 1.573c	rumble-20	20	2	24	1	1	895	39.6	32.2	0.1071	0	0
3.8.5	voidious.Dookious 1.573c	rumble-20	20	2	25	1	1	1137	12.9	23.3	0.1098	0	0
3.8.5	voidious.Dookious 1.573c	rumble-20	20	2	26	1	1	908	31.1	6.4	0.1250	0	0
3.8.5	voidious.Dookious 1.573c	rumble-20	20	2	27	1	1	1104	21.4	32.0	0.0875	0	0
3.8.5	voidious.Dookious 1.573c	rumble-20	20	2	28	1	1	1138	12.1	16.8	0.0843	0	0
3.8.5	voidious.Dookious 1.573c	rumble-20	20	2	29	1	1	1173	21.4	38.2	0.0814	0	0
3.8.5	voidious.Dookious 1.573c	rumble-20	20	2	30	0	0	724	48.5	55.0	0.1282	0	0
3.8.5	voidious.Dookious 1.573c	rumble-20	20	2	31	1	1	958	30.3	28.2	0.0984	0	0
3.8.5	voidious.Dookious 1.573c	rumble-20	20	2	32	0	0	909	10.1	50.4	0.0345	0	0
3.8.5	voidious.Dookious 1.573c	rumble-20	20	2	33	1	1	1127	18.8	32.0	0.1000	0	0
3.8.5	voidious.Dookious 1.573c	rumble-20	20	2	34	0	0	797	29.1	27.5	0.0455	0	0
3.8.5	voidious.Dookious 1.573c	rumble-20	20	3	0	0	0	853	30.3	49.6	0.0962	0	0
3.8.5	voidious.Dookious 1.573c	rumble-20	20	3	1	0	0	740	18.7	55.9	0.0930	0	0
3.8.5	voidious.Dookious 1.573c	rumble-20	20	3	2	1	1	1077	17.6	28.2	0.0676	0	4
3.8.5	voidious.Dookious 1.573c	rumble-20	20	3	3	0	0	1076	0.4	24.0	0.0143	0	0
3.8.5	voidious.Dookious 1.573c	rumble-20	20	3	4	0	0	1192	14.9	53.5	0.1529	0	0
3.8.5	voidious.Dookious 1.573c	rumble-20	20	3	5	1	1	1004	22.2	15.8	0.1268	0	0
3.8.5	voidious.Dookious 1.573c	rumble-20	20	3	6	1	1	1172	23.4	36.5	0.1395	0	0
3.8.5	voidious.Dookious 1.573c	rumble-20	20	3	7	0	0	815	18.7	36.5	0.0851	0	0
3.8.5	voidious.Dookious 1.573c	rumble-20	20	3	8	1	1	1106	17.6	36.2	0.0649	0	0
3.8.5	voidious.Dookious 1.573c	rumble-20	20	3	9	1	1	1059	21.4	22.6	0.0921	0	0
3.8.5	voidious.Dookious 1.573c	rumble-20	20	3	10	0	0	918	10.9	44.6	0.0678	0	0
3.8.5	voidious.Dookious 1.573c	rumble-20	20	3	11	0	0	764	16.4	51.3	0.0444	0	0
3.8.5	voidious.Dookious 1.573c	rumble-20	20	3	12	1	1	1054	22.6	20.9	0.1333	0	0
3.8.5	voidious.Dookious 1.573c	rumble-20	20	3	13	0	0	489	17.9	63.2	0.0455	0	0
3.8.5	voidious.Dookious 1.573c	rumble-20	20	3	14	1	1	1177	23.8	40.0	0.1548	0	1
3.8.5	voidious.Dookious 1.573c	rumble-20	20	3	15	1	1	1067	30.4	47.4	0.1408	0	0
3.8.5	voidious.Dookious 1.573c	rumble-20	20	3	16	0	0	790	18.3	39.5	0.0667	0	1
3.8.5	voidious.Dookious 1.573c	rumble-20	20	3	17	1	1	1248	11.4	43.7	0.0978	0	1
3.8.5	voidious.Dookious 1.573c	rumble-20	20	3	18	1	1	1180	21.8	30.2	0.0930	0	0
3.8.5	voidious.Dookious 1.573c	rumble-20	20	3	19	1	1	1092	12.1	11.5	0.0909	0	1
3.8.5	voidious.Dookious 1.573c	rumble-20	20	3	20	0	0	954	19.1	30.3	0.0862	0	0
3.8.5	voidious.Dookious 1.573c	rumble-20	20	3	21	1	1	1100	22.2	32.7	0.1169	0	1
3.8.5	voidious.Dookious 1.573c	rumble-20	20	3	22	1	1	1090	21.4	14.7	0.0886	0	0
3.8.5	voidious.Dookious 1.573c	rumble-20	20	3	23	1	1	1022	31.9	23.7	0.1370	0	1
3.8.5	voidious.Dookious 1.573c	rumble-20	20	3	24	1	1	1118	12.9	28.2	0.1200	0	1
3.8.5	voidious.Dookious 1.573c	rumble-20	20	3	25	1	1	1034	31.1	47.6	0.1143	0	1
3.8.5	voidious.Dookious 1.573c	rumble-20	20	3	26	0	0	743	29.1	43.6	0.0750	0	1
3.8.5	voidious.Dookious 1.573c	rumble-20	20	3	27	1	1	1135	22.2	30.9	0.1125	0	0
3.8.5	voidious.Dookious 1.573c	rumble-20	20	3	28	0	0	728	35.8	46.7	0.0750	0	1
3.8.5	voidious.Dookious 1.573c	rumble-20	20	3	29	1	1	1051	17.9	22.2	0.0290	0	1
3.8.5	voidious.Dookious 1.573c	rumble-20	20	3	30	0	0	657	8.2	46.1	0.0294	0	1
3.8.5	voidious.Dookious 1.573c	rumble-20	20	3	31	1	1	1114	21.0	40.3	0.0759	0	0
3.8.5	voidious.Dookious 1.573c	rumble-20	20	3	32	1	1	1138	33.1	52.4	0.1548	0	0
3.8.5	voidious.Dookious 1.573c	rumble-20	20	3	33	1	1	1259	14.1	40.7	0.1290	0	1
3.8.5	voidious.Dookious 1.573c	rumble-20	20	3	34		1	1175	21.5	36.0			1
3.8.5	voidious.Dookious 1.573c	rumble-20	20	4	0	0	0	1268	23.0	75.1	0.1064	0	1
3.8.5	voidious.Dookious 1.573c	rumble-20	20	4	1	1	1	1125	12.1	23.3	0.0864	0	5
3.8.5	voidious.Dookious 1.573c	rumble-20	20	4	2	1	1	988	31.2	35.7	0.1194	0	0
3.8.5	voidious.Dookious 1.573c	rumble-20	20	4	3	1	1	1071	40.8	63.9	0.1184	0	0
3.8.5	voidious.Dookious 1.573c	rumble-20	20	4	4	1	1	950	29.9	28.2	0.0820	0	0
3.8.5	voidious.Dookious 1.573c	rumble-20	20	4	5	0	0	947	10.1	33.5	0.0333	0	1
3.8.5	voidious.Dookious 1.573c	rumble-20	20	4	6	1	1	1083	14.5	15.1	0.1688	0	0
3.8.5	voidious.Dookious 1.573c	rumble-20	20	4	7	1	1	1089	21.4	23.3	0.0897	0	0
3.8.5	voidious.Dookious 1.573c	rumble-20	20	4	8	0	0	1106	31.9	51.1	0.1333	0	0
3.8.5	voidious.Dookious 1.573c	rumble-20	20	4	9	0	0	806	19.8	45.1	0.0625	0	0
3.8.5	voidious.Dookious 1.573c	rumble-20	20	4	10	1	1	915	29.5	18.8	0.0678	0	0
3.8.5	voidious.Dookious 1.573c	rumble-20	20	4	11	1	1	1092	11.7	15.8	0.0779	0	0
3.8.5	voidious.Dookious 1.573c	rumble-20	20	4	12	1	1	855	34.5	15.1	0.1607	0	0
3.8.5	voidious.Dookious 1.573c	rumble-20	20	4	13	1	1	1098	12.9	8.0	0.1154	0	0
3.8.5	voidious.Dookious 1.573c	rumble-20	20	4	14	1	1	979	21.9	20.9	0.1176	0	0
3.8.5	voidious.Dookious 1.573c	rumble-20	20	4	15	1	1	1196	23.7	59.1	0.1364	0	0
3.8.5	voidious.Dookious 1.573c	rumble-20	20	4	16	1	1	1066	12.1	11.1	0.0921	0	0
3.8.5	voidious.Dookious 1.573c	rumble-20	20	4	17	0	0	671	9.7	43.0	0.0278	0	0
3.8.5	voidious.Dookious 1.573c	rumble-20	20	4	18	1	1	949	30.3	22.8	0.0968	0	0
3.8.5	voidious.Dookious 1.573c	rumble-20	20	4	19	0	0	832	11.3	40.9	0.0980	0	0
3.8.5	voidious.Dookious 1.573c	rumble-20	20	4	20	0	0	1015	10.5	26.0	0.0469	0	0
3.8.5	voidious.Dookious 1.573c	rumble-20	20	4	21	0	0	763	19.8	36.4	0.0714	0	0
3.8.5	voidious.Dookious 1.573c	rumble-20	20	4	22	1	1	1162	13.3	17.9	0.1190	0	0
3.8.5	voidious.Dookious 1.573c	rumble-20	20	4	23	1	1	1073	22.2	21.5	0.1169	0	0
3.8.5	voidious.Dookious 1.573c	rumble-20	20	4	24	1	1	1224	12.5	34.0	0.0899	0	0
3.8.5	voidious.Dookious 1.573c	rumble-20	20	4	25	0	0	898	19.4	33.9	0.0385	0	0
3.8.5	voidious.Dookious 1.573c	rumble-20	20	4	26	1	1	988	22.2	7.5	0.1304	0	0
3.8.5	voidious.Dookious 1.573c	rumble-20	20	4	27	1	1	1090	11.3	13.4	0.0641	0	0
3.8.5	voidious.Dookious 1.573c	rumble-20	20	4	28	1	1	1124	14.9	32.7	0.1728	0	1
3.8.5	voidious.Dookious 1.573c	rumble-20	20	4	29	0	0	894	19.4	35.8	0.0370	0	0
3.8.5	voidious.Dookious 1.573c	rumble-20	20	4	30	1	1	1159	22.6	39.0	0.1250	0	0
3.8.5	voidious.Dookious 1.573c	rumble-20	20	4	31	1	1	1268	21.0	46.0	0.0632	0	1
3.8.5	voidious.Dookious 1.573c	rumble-20	20	4	32	1	1	1027	21.8	24.5	0.1111	0	1
3.8.5	voidious.Dookious 1.573c	rumble-20	20	4	33	1	1	1286	12.9	40.6	0.0928	0	1
3.8.5	voidious.Dookious 1.573c	rumble-20	20	4	34	1	1	1044	31.5	20.4	0.1200	0	7
3.8.5	davidalves.Phoenix 1.02	rumble-21	21	1	0	1	1	1217	23.0	48.9	0.1236	0	5
3.8.5	davidalves.Phoenix 1.02	rumble-21	21	1	1	1	1	955	29.3	49.7	0.1111	0	0
3.8.5	davidalves.Phoenix 1.02	rumble-21	21	1	2	1	1	1303	23.3	54.4	0.1111	0	0
3.8.5	davidalves.Phoenix 1.02	rumble-21	21	1	3	1	1	1008	30.2	19.3	0.1268	0	0
3.8.5	davidalves.Phoenix 1.02	rumble-21	21	1	4	1	1	1007	23.3	7.2	0.1571	0	0
3.8.5	davidalves.Phoenix 1.02	rumble-21	21	1	5	1	1	948	31.1	22.9	0.1129	0	0
3.8.5	davidalves.Phoenix 1.02	rumble-21	21	1	6	1	1	1028	22.7	25.7	0.1370	0	0
3.8.5	davidalves.Phoenix 1.02	rumble-21	21	1	7	1	1	1033	22.6	45.6	0.1370	0	0
3.8.5	davidalves.Phoenix 1.02	rumble-21	21	1	8	1	1	958	30.0	17.1	0.1765	0	0
3.8.5	davidalves.Phoenix 1.02	rumble-21	21	1	9	1	1	974	35.2	35.1	0.1343	0	0
3.8.5	davidalves.Phoenix 1.02	rumble-21	21	1	10	0	0	1374	19.6	71.5	0.0980	0	0
3.8.5	davidalves.Phoenix 1.02	rumble-21	21	1	11	1	1	1296	37.1	49.7	0.0729	0	0
3.8.5	davidalves.Phoenix 1.02	rumble-21	21	1	12	1	1	982	39.0	45.6	0.1231	0	0
3.8.5	davidalves.Phoenix 1.02	rumble-21	21	1	13	1	1	1216	22.3	52.2	0.1011	0	0
3.8.5	davidalves.Phoenix 1.02	rumble-21	21	1	14	1	1	845	31.8	13.5	0.1579	0	0
3.8.5	davidalves.Phoenix 1.02	rumble-21	21	1	15	0	0	956	11.3	46.2	0.0833	0	0
3.8.5	davidalves.Phoenix 1.02	rumble-21	21	1	16	1	1	935	22.2	19.9	0.1385	0	0
3.8.5	davidalves.Phoenix 1.02	rumble-21	21	1	17	1	1	1227	43.0	79.8	0.1538	0	0
3.8.5	davidalves.Phoenix 1.02	rumble-21	21	1	18	1	1	877	30.5	39.8	0.1207	0	0
3.8.5	davidalves.Phoenix 1.02	rumble-21	21	1	19	1	1	1130	20.9	39.8	0.0617	0	0
3.8.5	davidalves.Phoenix 1.02	rumble-21	21	1	20	1	1	951	42.3	31.5	0.1791	0	0
3.8.5	davidalves.Phoenix 1.02	rumble-21	21	1	21	1	1	1094	27.1	45.9	0.1154	0	0
3.8.5	davidalves.Phoenix 1.02	rumble-21	21	1	22	1	1	959	46.7	27.3	0.1045	0	0
3.8.5	davidalves.Phoenix 1.02	rumble-21	21	1	23	1	1	948	39.0	45.6	0.1250	0	0
3.8.5	davidalves.Phoenix 1.02	rumble-21	21	1	24	1	1	923	31.1	21.5	0.1094	0	0
3.8.5	davidalves.Phoenix 1.02	rumble-21	21	1	25	0	0	843	1.6	38.6	0.0784	0	0
3.8.5	davidalves.Phoenix 1.02	rumble-21	21	1	26	1	1	1316	31.1	27.1	0.1100	0	0
3.8.5	davidalves.Phoenix 1.02	rumble-21	21	1	27	1	1	1243	12.3	32.3	0.0761	0	0
3.8.5	davidalves.Phoenix 1.02	rumble-21	21	1	28	1	1	1311	11.9	37.9	0.0612	0	0
3.8.5	davidalves.Phoenix 1.02	rumble-21	21	1	29	1	1	1075	21.1	9.4	0.0769	0	0
3.8.5	davidalves.Phoenix 1.02	rumble-21	21	1	30	1	1	1047	19.0	35.6	0.1143	0	1
3.8.5	davidalves.Phoenix 1.02	rumble-21	21	1	31	1	1	979	18.7	10.8	0.1014	0	0
3.8.5	davidalves.Phoenix 1.02	rumble-21	21	1	32	1	1	1040	22.5	21.0	0.1216	0	0
3.8.5	davidalves.Phoenix 1.02	rumble-21	21	1	33	1	1	1044	30.6	41.4	0.1316	0	0
3.8.5	davidalves.Phoenix 1.02	rumble-21	21	1	34		0	731	9.7	39.8			1
3.8.5	davidalves.Phoenix 1.02	rumble-21	21	2	0	1	1	1281	11.6	42.3	0.0526	0	3
3.8.5	davidalves.Phoenix 1.02	rumble-21	21	2	1	1	1	983	19.1	27.1	0.1176	0	0
3.8.5	davidalves.Phoenix 1.02	rumble-21	21	2	2	1	1	1043	19.5	9.4	0.1200	0	0
3.8.5	davidalves.Phoenix 1.02	rumble-21	21	2	3	1	1	1153	22.5	27.1	0.1059	0	0
3.8.5	davidalves.Phoenix 1.02	rumble-21	21	2	4	1	1	1174	19.5	37.3	0.1023	0	0
3.8.5	davidalves.Phoenix 1.02	rumble-21	21	2	5	1	1	1425	22.6	35.1	0.0909	0	0
3.8.5	davidalves.Phoenix 1.02	rumble-21	21	2	6	1	1	935	31.1	39.8	0.1692	0	0
3.8.5	davidalves.Phoenix 1.02	rumble-21	21	2	7	1	1	764	38.4	15.7	0.2128	0	0
3.8.5	davidalves.Phoenix 1.02	rumble-21	21	2	8	0	0	1111	16.4	44.1	0.0263	0	0
3.8.5	davidalves.Phoenix 1.02	rumble-21	21	2	9	1	1	1408	21.1	58.6	0.0935	0	0
3.8.5	davidalves.Phoenix 1.02	rumble-21	21	2	10	1	1	1156	17.8	23.5	0.0588	0	0
3.8.5	davidalves.Phoenix 1.02	rumble-21	21	2	11	1	1	977	42.3	40.3	0.1739	0	0
3.8.5	davidalves.Phoenix 1.02	rumble-21	21	2	12	1	1	1454	19.5	36.5	0.0536	0	0
3.8.5	davidalves.Phoenix 1.02	rumble-21	21	2	13	1	1	1150	23.2	39.5	0.1325	0	0
3.8.5	davidalves.Phoenix 1.02	rumble-21	21	2	14	1	1	1234	18.2	19.9	0.0659	0	0
3.8.5	davidalves.Phoenix 1.02	rumble-21	21	2	15	1	1	905	32.7	19.9	0.1803	0	0
3.8.5	davidalves.Phoenix 1.02	rumble-21	21	2	16	1	1	1016	50.1	55.5	0.1194	0	0
3.8.5	davidalves.Phoenix 1.02	rumble-21	21	2	17	1	1	1208	24.2	48.9	0.1461	0	0
3.8.5	davidalves.Phoenix 1.02	rumble-21	21	2	18	1	1	1036	22.5	45.0	0.1250	0	0
3.8.5	davidalves.Phoenix 1.02	rumble-21	21	2	19	1	1	1111	30.6	39.2	0.0811	0	0
3.8.5	davidalves.Phoenix 1.02	rumble-21	21	2	20	1	1	1033	31.1	41.4	0.1000	0	0
3.8.5	davidalves.Phoenix 1.02	rumble-21	21	2	21	1	1	1314	23.5	29.3	0.1224	0	0
3.8.5	davidalves.Phoenix 1.02	rumble-21	21	2	22	0	0	513	27.6	78.2	0.1200	0	0
3.8.5	davidalves.Phoenix 1.02	rumble-21	21	2	23	1	1	1278	33.3	58.6	0.1340	0	0
3.8.5	davidalves.Phoenix 1.02	rumble-21	21	2	24	1	1	1397	19.6	23.5	0.0971	0	1
3.8.5	davidalves.Phoenix 1.02	rumble-21	21	2	25	0	0	704	9.7	40.1	0.0263	0	0
3.8.5	davidalves.Phoenix 1.02	rumble-21	21	2	26	0	0	913	20.2	47.3	0.0690	0	1
3.8.5	davidalves.Phoenix 1.02	rumble-21	21	2	27	1	1	1388	21.1	56.9	0.0962	0	1
3.8.5	davidalves.Phoenix 1.02	rumble-21	21	2	28	1	1	814	39.5	39.8	0.1020	0	0
3.8.5	davidalves.Phoenix 1.02	rumble-21	21	2	29	1	1	1176	22.8	40.3	0.1628	0	0
3.8.5	davidalves.Phoenix 1.02	rumble-21	21	2	30	1	1	1016	21.5	3.6	0.0959	0	0
3.8.5	davidalves.Phoenix 1.02	rumble-21	21	2	31	0	0	892	26.9	57.8	0.0893	0	0
3.8.5	davidalves.Phoenix 1.02	rumble-21	21	2	32	0	0	706	19.8	48.6	0.0789	0	0
3.8.5	davidalves.Phoenix 1.02	rumble-21	21	2	33	1	1	876	20.4	3.6	0.1379	0	0
3.8.5	davidalves.Phoenix 1.02	rumble-21	21	2	34		0	917	9.0	37.4			0
3.8.5	davidalves.Phoenix 1.02	rumble-21	21	3	0	1	1	970	30.0	29.8	0.0806	0	4
3.8.5	davidalves.Phoenix 1.02	rumble-21	21	3	1	1	1	1033	31.0	23.5	0.1014	0	0
3.8.5	davidalves.Phoenix 1.02	rumble-21	21	3	2	1	1	991	30.2	37.0	0.0735	0	0
3.8.5	davidalves.Phoenix 1.02	rumble-21	21	3	3	1	1	1027	30.2	30.7	0.0667	0	0
3.8.5	davidalves.Phoenix 1.02	rumble-21	21	3	4	1	1	1147	49.6	73.2	0.0854	0	0
3.8.5	davidalves.Phoenix 1.02	rumble-21	21	3	5	1	1	1133	21.5	33.4	0.0864	0	0
3.8.5	davidalves.Phoenix 1.02	rumble-21	21	3	6	1	1	1098	21.9	49.7	0.1053	0	0
3.8.5	davidalves.Phoenix 1.02	rumble-21	21	3	7	1	1	1280	24.1	47.3	0.1354	0	0
3.8.5	davidalves.Phoenix 1.02	rumble-21	21	3	8	0	0	1294	10.9	26.9	0.0519	0	0
3.8.5	davidalves.Phoenix 1.02	rumble-21	21	3	9	1	1	1215	14.1	34.3	0.1236	0	0
3.8.5	davidalves.Phoenix 1.02	rumble-21	21	3	10	1	1	961	21.8	19.3	0.1194	0	0
3.8.5	davidalves.Phoenix 1.02	rumble-21	21	3	11	1	1	1106	12.8	30.7	0.1013	0	0
3.8.5	davidalves.Phoenix 1.02	rumble-21	21	3	12	1	1	1331	25.1	43.4	0.1600	0	0
3.8.5	davidalves.Phoenix 1.02	rumble-21	21	3	13	1	1	1160	20.7	39.8	0.0625	0	0
3.8.5	davidalves.Phoenix 1.02	rumble-21	21	3	14	1	1	1038	32.4	16.6	0.1467	0	0
3.8.5	davidalves.Phoenix 1.02	rumble-21	21	3	15	0	0	1029	30.3	57.9	0.0870	0	1
3.8.5	davidalves.Phoenix 1.02	rumble-21	21	3	16	1	1	1296	33.6	64.4	0.1443	0	0
3.8.5	davidalves.Phoenix 1.02	rumble-21	21	3	17	0	0	604	10.9	68.3	0.1212	0	1
3.8.5	davidalves.Phoenix 1.02	rumble-21	21	3	18	1	1	1163	32.2	59.6	0.1205	0	1
3.8.5	davidalves.Phoenix 1.02	rumble-21	21	3	19	1	1	1146	11.9	30.7	0.0714	0	1
3.8.5	davidalves.Phoenix 1.02	rumble-21	21	3	20	1	1	1096	12.9	19.9	0.1154	0	1
3.8.5	davidalves.Phoenix 1.02	rumble-21	21	3	21	1	1	1039	31.5	37.9	0.1096	0	0
3.8.5	davidalves.Phoenix 1.02	rumble-21	21	3	22	1	1	1127	31.8	41.4	0.1111	0	1
3.8.5	davidalves.Phoenix 1.02	rumble-21	21	3	23	1	1	1087	30.7	33.4	0.0811	0	1
3.8.5	davidalves.Phoenix 1.02	rumble-21	21	3	24	1	1	910	23.1	9.9	0.1746	0	0
3.8.5	davidalves.Phoenix 1.02	rumble-21	21	3	25	1	1	969	21.0	25.7	0.0968	0	1
3.8.5	davidalves.Phoenix 1.02	rumble-21	21	3	26	1	1	1127	11.0	22.9	0.0494	0	1
3.8.5	davidalves.Phoenix 1.02	rumble-21	21	3	27	1	1	1077	41.5	45.6	0.1299	0	1
3.8.5	davidalves.Phoenix 1.02	rumble-21	21	3	28	1	1	1107	22.2	42.8	0.1125	0	1
3.8.5	davidalves.Phoenix 1.02	rumble-21	21	3	29	1	1	963	32.0	37.0	0.1587	0	1
3.8.5	davidalves.Phoenix 1.02	rumble-21	21	3	30	0	0	661	9.7	38.5	0.0294	0	1
3.8.5	davidalves.Phoenix 1.02	rumble-21	21	3	31	0	0	920	19.8	37.8	0.0526	0	1
3.8.5	davidalves.Phoenix 1.02	rumble-21	21	3	32	1	1	1071	13.8	14.4	0.1447	0	1
3.8.5	davidalves.Phoenix 1.02	rumble-21	21	3	33	1	1	867	41.1	49.7	0.1636	0	1
3.8.5	davidalves.Phoenix 1.02	rumble-21	21	3	34	1	1	1067	23.8	53.3	0.1579	0	13
3.8.5	davidalves.Phoenix 1.02	rumble-21	21	4	0	1	1	1007	12.3	19.9	0.0986	0	4
3.8.5	davidalves.Phoenix 1.02	rumble-21	21	4	1	1	1	1098	22.0	46.7	0.1013	0	0
3.8.5	davidalves.Phoenix 1.02	rumble-21	21	4	2	0	0	884	18.3	37.5	0.0556	0	0
3.8.5	davidalves.Phoenix 1.02	rumble-21	21	4	3	1	1	1225	10.8	36.7	0.0795	0	0
3.8.5	davidalves.Phoenix 1.02	rumble-21	21	4	4	1	1	1146	21.5	9.9	0.0843	0	0
3.8.5	davidalves.Phoenix 1.02	rumble-21	21	4	5	1	1	864	30.2	13.5	0.0847	0	0
3.8.5	davidalves.Phoenix 1.02	rumble-21	21	4	6	1	1	1164	24.0	37.0	0.1512	0	0
3.8.5	davidalves.Phoenix 1.02	rumble-21	21	4	7	1	1	1360	11.9	27.1	0.0588	0	0
3.8.5	davidalves.Phoenix 1.02	rumble-21	21	4	8	1	1	1018	29.5	48.6	0.1549	0	0
3.8.5	davidalves.Phoenix 1.02	rumble-21	21	4	9	1	1	1219	37.0	64.1	0.1124	0	0
3.8.5	davidalves.Phoenix 1.02	rumble-21	21	4	10	1	1	1113	4.3	19.3	0.1282	0	0
3.8.5	davidalves.Phoenix 1.02	rumble-21	21	4	11	1	1	1295	14.6	39.2	0.1340	0	0
3.8.5	davidalves.Phoenix 1.02	rumble-21	21	4	12	1	1	1262	20.9	45.6	0.0538	0	0
3.8.5	davidalves.Phoenix 1.02	rumble-21	21	4	13	0	0	720	0.4	49.7	0.0250	0	0
3.8.5	davidalves.Phoenix 1.02	rumble-21	21	4	14	1	1	1069	22.4	17.1	0.1169	0	0
3.8.5	davidalves.Phoenix 1.02	rumble-21	21	4	15	1	1	1168	22.2	39.2	0.0941	0	0
3.8.5	davidalves.Phoenix 1.02	rumble-21	21	4	16	1	1	865	34.1	35.6	0.0926	0	0
3.8.5	davidalves.Phoenix 1.02	rumble-21	21	4	17	1	1	924	21.8	13.5	0.1111	0	0
3.8.5	davidalves.Phoenix 1.02	rumble-21	21	4	18	1	1	1301	13.2	15.7	0.0938	0	0
3.8.5	davidalves.Phoenix 1.02	rumble-21	21	4	19	1	1	1182	30.2	42.8	0.0588	0	0
3.8.5	davidalves.Phoenix 1.02	rumble-21	21	4	20	0	0	867	10.5	27.3	0.0392	0	0
3.8.5	davidalves.Phoenix 1.02	rumble-21	21	4	21	1	1	1237	21.3	55.0	0.1111	0	0
3.8.5	davidalves.Phoenix 1.02	rumble-21	21	4	22	0	0	1181	41.3	86.9	0.1647	0	1
3.8.5	davidalves.Phoenix 1.02	rumble-21	21	4	23	1	1	1041	20.2	25.7	0.0571	0	1
3.8.5	davidalves.Phoenix 1.02	rumble-21	21	4	24	0	0	782	30.3	58.5	0.1277	0	1
3.8.5	davidalves.Phoenix 1.02	rumble-21	21	4	25	0	0	715	29.1	47.8	0.0769	0	1
3.8.5	davidalves.Phoenix 1.02	rumble-21	21	4	26	0	0	1027	20.6	41.1	0.0735	0	0
3.8.5	davidalves.Phoenix 1.02	rumble-21	21	4	27	1	1	1041	20.8	19.3	0.1216	0	1
3.8.5	davidalves.Phoenix 1.02	rumble-21	21	4	28	1	1	1053	11.2	3.6	0.1096	0	1
3.8.5	davidalves.Phoenix 1.02	rumble-21	21	4	29	1	1	1316	13.2	25.7	0.0918	0	1
3.8.5	davidalves.Phoenix 1.02	rumble-21	21	4	30	0	0	748	19.4	41.5	0.0488	0	0
3.8.5	davidalves.Phoenix 1.02	rumble-21	21	4	31	1	1	1486	23.8	37.9	0.1130	0	1
3.8.5	davidalves.Phoenix 1.02	rumble-21	21	4	32	1	1	1170	32.4	45.0	0.1279	0	1
3.8.5	davidalves.Phoenix 1.02	rumble-21	21	4	33	1	1	1019	22.4	18.8	0.1216	0	0
3.8.5	davidalves.Phoenix 1.02	rumble-21	21	4	34	1	1	1165	13.8	39.2	0.1325	0	7
3.8.5	rsalesc.roborio.Roborio 1.2.4	rumble-22	22	1	0	1	1	322	89.4	1.5	0.5556	0	5
3.8.5	rsalesc.roborio.Roborio 1.2.4	rumble-22	22	1	1	1	1	739	63.5	6.4	0.1500	0	0
3.8.5	rsalesc.roborio.Roborio 1.2.4	rumble-22	22	1	2	0	0	1532	12.1	4.9	0.0686	0	0
3.8.5	rsalesc.roborio.Roborio 1.2.4	rumble-22	22	1	3	1	1	4166	50.4	16.8	0.1309	0	0
3.8.5	rsalesc.roborio.Roborio 1.2.4	rumble-22	22	1	4	0	0	2842	38.3	29.2	0.1126	0	0
3.8.5	rsalesc.roborio.Roborio 1.2.4	rumble-22	22	1	5	1	1	975	76.2	16.2	0.1930	0	0
3.8.5	rsalesc.roborio.Roborio 1.2.4	rumble-22	22	1	6	1	1	1835	72.1	9.4	0.1940	0	0
3.8.5	rsalesc.roborio.Roborio 1.2.4	rumble-22	22	1	7	1	1	1437	65.2	21.5	0.0714	0	0
3.8.5	rsalesc.roborio.Roborio 1.2.4	rumble-22	22	1	8	1	1	4148	41.2	29.6	0.1136	0	0
3.8.5	rsalesc.roborio.Roborio 1.2.4	rumble-22	22	1	9	1	1	4627	45.2	33.4	0.0859	0	1
3.8.5	rsalesc.roborio.Roborio 1.2.4	rumble-22	22	1	10	1	1	3913	38.5	23.8	0.1027	0	1
3.8.5	rsalesc.roborio.Roborio 1.2.4	rumble-22	22	1	11	1	1	4171	46.2	25.0	0.1271	0	1
3.8.5	rsalesc.roborio.Roborio 1.2.4	rumble-22	22	1	12	1	1	1422	75.7	60.8	0.1748	0	1
3.8.5	rsalesc.roborio.Roborio 1.2.4	rumble-22	22	1	13	1	1	3276	55.6	34.0	0.1370	0	1
3.8.5	rsalesc.roborio.Roborio 1.2.4	rumble-22	22	1	14	1	1	2041	57.3	17.2	0.1392	0	1
3.8.5	rsalesc.roborio.Roborio 1.2.4	rumble-22	22	1	15	1	1	1429	82.6	27.1	0.2039	0	1
3.8.5	rsalesc.roborio.Roborio 1.2.4	rumble-22	22	1	16	1	1	3886	44.0	16.2	0.1451	0	1
3.8.5	rsalesc.roborio.Roborio 1.2.4	rumble-22	22	1	17	0	0	1583	31.2	29.7	0.1101	0	0
3.8.5	rsalesc.roborio.Roborio 1.2.4	rumble-22	22	1	18	1	1	5206	36.6	30.4	0.1000	0	1
3.8.5	rsalesc.roborio.Roborio 1.2.4	rumble-22	22	1	19	1	1	3048	45.0	12.0	0.1186	0	1
3.8.5	rsalesc.roborio.Roborio 1.2.4	rumble-22	22	1	20	1	1	3472	38.9	20.2	0.1176	0	1
3.8.5	rsalesc.roborio.Roborio 1.2.4	rumble-22	22	1	21	1	1	4756	35.1	25.6	0.1076	0	1
3.8.5	rsalesc.roborio.Roborio 1.2.4	rumble-22	22	1	22	1	1	4417	41.7	34.4	0.1090	0	1
3.8.5	rsalesc.roborio.Roborio 1.2.4	rumble-22	22	1	23	1	1	3347	37.9	25.7	0.1007	0	1
3.8.5	rsalesc.roborio.Roborio 1.2.4	rumble-22	22	1	24	1	1	5220	32.7	30.4	0.0935	0	1
3.8.5	rsalesc.roborio.Roborio 1.2.4	rumble-22	22	1	25	0	0	1526	23.9	36.7	0.1589	0	1
3.8.5	rsalesc.roborio.Roborio 1.2.4	rumble-22	22	1	26	1	1	884	64.1	10.0	0.1200	0	1
3.8.5	rsalesc.roborio.Roborio 1.2.4	rumble-22	22	1	27	0	0	2128	28.6	15.5	0.0828	0	1
3.8.5	rsalesc.roborio.Roborio 1.2.4	rumble-22	22	1	28	0	0	3938	39.7	33.3	0.1121	0	1
3.8.5	rsalesc.roborio.Roborio 1.2.4	rumble-22	22	1	29	1	1	4104	52.3	38.4	0.1069	0	1
3.8.5	rsalesc.roborio.Roborio 1.2.4	rumble-22	22	1	30	0	0	1246	21.8	38.3	0.0795	0	1
3.8.5	rsalesc.roborio.Roborio 1.2.4	rumble-22	22	1	31	0	0	2967	36.0	38.3	0.0988	0	1
3.8.5	rsalesc.roborio.Roborio 1.2.4	rumble-22	22	1	32	0	0	2541	36.1	23.3	0.1505	0	1
3.8.5	rsalesc.roborio.Roborio 1.2.4	rumble-22	22	1	33	1	1	3906	40.4	22.6	0.1159	0	1
3.8.5	rsalesc.roborio.Roborio 1.2.4	rumble-22	22	1	34		0	1529	29.6	18.2			1
3.8.5	rsalesc.roborio.Roborio 1.2.4	rumble-22	22	2	0	1	1	300	94.0	7.4	0.6250	0	4
3.8.5	rsalesc.roborio.Roborio 1.2.4	rumble-22	22	2	1	1	1	1048	63.9	17.3	0.0938	0	0
3.8.5	rsalesc.roborio.Roborio 1.2.4	rumble-22	22	2	2	1	1	3442	25.6	12.6	0.1404	0	0
3.8.5	rsalesc.roborio.Roborio 1.2.4	rumble-22	22	2	3	1	1	5532	37.0	29.8	0.0941	0	0
3.8.5	rsalesc.roborio.Roborio 1.2.4	rumble-22	22	2	4	0	0	5105	50.2	52.2	0.0928	0	0
3.8.5	rsalesc.roborio.Roborio 1.2.4	rumble-22	22	2	5	0	0	721	34.7	57.5	0.1282	0	1
3.8.5	rsalesc.roborio.Roborio 1.2.4	rumble-22	22	2	6	0	0	1549	29.3	35.4	0.0982	0	1
3.8.5	rsalesc.roborio.Roborio 1.2.4	rumble-22	22	2	7	1	1	3435	57.6	21.4	0.1597	0	1
3.8.5	rsalesc.roborio.Roborio 1.2.4	rumble-22	22	2	8	1	1	3978	43.6	20.5	0.0898	0	1
3.8.5	rsalesc.roborio.Roborio 1.2.4	rumble-22	22	2	9	1	1	3102	56.4	28.1	0.1346	0	1
3.8.5	rsalesc.roborio.Roborio 1.2.4	rumble-22	22	2	10	1	1	4277	43.1	23.2	0.1044	0	1
3.8.5	rsalesc.roborio.Roborio 1.2.4	rumble-22	22	2	11	1	1	1953	56.8	24.2	0.1081	0	1
3.8.5	rsalesc.roborio.Roborio 1.2.4	rumble-22	22	2	12	0	0	3300	37.5	38.4	0.0892	0	1
3.8.5	rsalesc.roborio.Roborio 1.2.4	rumble-22	22	2	13	1	1	5123	39.5	33.4	0.1176	0	1
3.8.5	rsalesc.roborio.Roborio 1.2.4	rumble-22	22	2	14	1	1	1784	49.1	27.0	0.0889	0	1
3.8.5	rsalesc.roborio.Roborio 1.2.4	rumble-22	22	2	15	0	0	2802	43.5	33.6	0.1216	0	1
3.8.5	rsalesc.roborio.Roborio 1.2.4	rumble-22	22	2	16	1	1	4767	51.0	32.8	0.1387	0	1
3.8.5	rsalesc.roborio.Roborio 1.2.4	rumble-22	22	2	17	0	0	3184	62.6	37.8	0.1231	0	1
3.8.5	rsalesc.roborio.Roborio 1.2.4	rumble-22	22	2	18	0	0	1051	28.0	48.0	0.0930	0	1
3.8.5	rsalesc.roborio.Roborio 1.2.4	rumble-22	22	2	19	0	0	1764	41.1	50.4	0.1471	0	0
3.8.5	rsalesc.roborio.Roborio 1.2.4	rumble-22	22	2	20	1	1	2949	61.7	11.2	0.1548	0	1
3.8.5	rsalesc.roborio.Roborio 1.2.4	rumble-22	22	2	21	1	1	5351	34.5	26.4	0.0842	0	1
3.8.5	rsalesc.roborio.Roborio 1.2.4	rumble-22	22	2	22	1	1	4615	50.6	30.1	0.1111	0	1
3.8.5	rsalesc.roborio.Roborio 1.2.4	rumble-22	22	2	23	1	1	2120	48.8	15.7	0.1198	0	1
3.8.5	rsalesc.roborio.Roborio 1.2.4	rumble-22	22	2	24	1	1	3081	45.8	12.6	0.1250	0	1
3.8.5	rsalesc.roborio.Roborio 1.2.4	rumble-22	22	2	25	1	1	2674	33.9	17.8	0.0841	0	1
3.8.5	rsalesc.roborio.Roborio 1.2.4	rumble-22	22	2	26	1	1	1468	57.8	15.4	0.1028	0	1
3.8.5	rsalesc.roborio.Roborio 1.2.4	rumble-22	22	2	27	0	0	1289	46.4	51.0	0.1250	0	1
3.8.5	rsalesc.roborio.Roborio 1.2.4	rumble-22	22	2	28	1	1	3873	44.0	29.2	0.1315	0	1
3.8.5	rsalesc.roborio.Roborio 1.2.4	rumble-22	22	2	29	1	1	5071	44.9	28.8	0.1116	0	1
3.8.5	rsalesc.roborio.Roborio 1.2.4	rumble-22	22	2	30	1	1	4518	44.4	32.8	0.1234	0	1
3.8.5	rsalesc.roborio.Roborio 1.2.4	rumble-22	22	2	31	0	0	2260	25.5	12.7	0.1243	0	1
3.8.5	rsalesc.roborio.Roborio 1.2.4	rumble-22	22	2	32	1	1	1207	79.0	3.0	0.2069	0	0
3.8.5	rsalesc.roborio.Roborio 1.2.4	rumble-22	22	2	33	1	1	4475	48.7	21.6	0.1129	0	0
3.8.5	rsalesc.roborio.Roborio 1.2.4	rumble-22	22	2	34		0	1589	30.1	33.6			0
3.8.5	rsalesc.roborio.Roborio 1.2.4	rumble-22	22	3	0	1	1	320	97.6	13.4	0.6667	0	3
3.8.5	rsalesc.roborio.Roborio 1.2.4	rumble-22	22	3	1	0	0	1696	45.9	43.4	0.1417	0	0
3.8.5	rsalesc.roborio.Roborio 1.2.4	rumble-22	22	3	2	1	1	2851	42.6	18.0	0.1034	0	0
3.8.5	rsalesc.roborio.Roborio 1.2.4	rumble-22	22	3	3	1	1	4740	35.6	24.0	0.1229	0	1
3.8.5	rsalesc.roborio.Roborio 1.2.4	rumble-22	22	3	4	0	0	2067	39.8	42.8	0.0903	0	0
3.8.5	rsalesc.roborio.Roborio 1.2.4	rumble-22	22	3	5	1	1	2517	63.4	12.0	0.1250	0	0
3.8.5	rsalesc.roborio.Roborio 1.2.4	rumble-22	22	3	6	1	1	3313	44.3	22.4	0.1047	0	0
3.8.5	rsalesc.roborio.Roborio 1.2.4	rumble-22	22	3	7	1	1	3326	36.8	31.4	0.1055	0	1
3.8.5	rsalesc.roborio.Roborio 1.2.4	rumble-22	22	3	8	1	1	4931	34.6	26.8	0.1012	0	1
3.8.5	rsalesc.roborio.Roborio 1.2.4	rumble-22	22	3	9	1	1	2452	59.4	7.8	0.1616	0	1
3.8.5	rsalesc.roborio.Roborio 1.2.4	rumble-22	22	3	10	0	0	1765	20.0	21.2	0.0880	0	0
3.8.5	rsalesc.roborio.Roborio 1.2.4	rumble-22	22	3	11	1	1	4331	45.2	19.2	0.1355	0	1
3.8.5	rsalesc.roborio.Roborio 1.2.4	rumble-22	22	3	12	1	1	3661	42.4	26.8	0.0879	0	1
3.8.5	rsalesc.roborio.Roborio 1.2.4	rumble-22	22	3	13	1	1	5066	55.3	43.8	0.1096	0	2
3.8.5	rsalesc.roborio.Roborio 1.2.4	rumble-22	22	3	14	1	1	2664	45.6	19.0	0.1127	0	0
3.8.5	rsalesc.roborio.Roborio 1.2.4	rumble-22	22	3	15	1	1	2885	56.9	15.6	0.1590	0	1
3.8.5	rsalesc.roborio.Roborio 1.2.4	rumble-22	22	3	16	1	1	2785	58.2	29.6	0.1239	0	1
3.8.5	rsalesc.roborio.Roborio 1.2.4	rumble-22	22	3	17	1	1	3029	37.1	18.4	0.1053	0	1
3.8.5	rsalesc.roborio.Roborio 1.2.4	rumble-22	22	3	18	1	1	5618	32.9	36.4	0.0804	0	1
3.8.5	rsalesc.roborio.Roborio 1.2.4	rumble-22	22	3	19	1	1	4379	41.7	37.4	0.1200	0	1
3.8.5	rsalesc.roborio.Roborio 1.2.4	rumble-22	22	3	20	1	1	5032	39.4	37.4	0.1175	0	1
3.8.5	rsalesc.roborio.Roborio 1.2.4	rumble-22	22	3	21	0	0	3643	26.4	30.5	0.0891	0	1
3.8.5	rsalesc.roborio.Roborio 1.2.4	rumble-22	22	3	22	1	1	3640	46.6	12.6	0.1100	0	1
3.8.5	rsalesc.roborio.Roborio 1.2.4	rumble-22	22	3	23	0	0	1574	30.0	23.0	0.0841	0	1
3.8.5	rsalesc.roborio.Roborio 1.2.4	rumble-22	22	3	24	0	0	2116	38.7	32.3	0.0859	0	1
3.8.5	rsalesc.roborio.Roborio 1.2.4	rumble-22	22	3	25	0	0	1750	40.6	30.6	0.1250	0	1
3.8.5	rsalesc.roborio.Roborio 1.2.4	rumble-22	22	3	26	1	1	1167	79.9	12.4	0.1486	0	1
3.8.5	rsalesc.roborio.Roborio 1.2.4	rumble-22	22	3	27	1	1	4701	24.9	24.6	0.1042	0	1
3.8.5	rsalesc.roborio.Roborio 1.2.4	rumble-22	22	3	28	0	0	2344	44.9	28.8	0.1196	0	1
3.8.5	rsalesc.roborio.Roborio 1.2.4	rumble-22	22	3	29	1	1	3283	45.6	36.6	0.0879	0	1
3.8.5	rsalesc.roborio.Roborio 1.2.4	rumble-22	22	3	30	1	1	4541	46.3	29.2	0.1366	0	1
3.8.5	rsalesc.roborio.Roborio 1.2.4	rumble-22	22	3	31	1	1	728	85.0	11.8	0.2051	0	0
3.8.5	rsalesc.roborio.Roborio 1.2.4	rumble-22	22	3	32	1	1	3870	48.9	18.0	0.1098	0	1
3.8.5	rsalesc.roborio.Roborio 1.2.4	rumble-22	22	3	33	0	0	2331	30.2	21.1	0.1547	0	1
3.8.5	rsalesc.roborio.Roborio 1.2.4	rumble-22	22	3	34	1	1	4920	37.1	34.4	0.1256	0	5
3.8.5	rsalesc.roborio.Roborio 1.2.4	rumble-22	22	4	0	1	1	321	87.8	0.0	0.5556	0	3
3.8.5	rsalesc.roborio.Roborio 1.2.4	rumble-22	22	4	1	1	1	3431	35.4	27.8	0.1150	0	0
3.8.5	rsalesc.roborio.Roborio 1.2.4	rumble-22	22	4	2	1	1	5291	46.0	44.1	0.1225	0	0
3.8.5	rsalesc.roborio.Roborio 1.2.4	rumble-22	22	4	3	1	1	819	73.8	5.4	0.1915	0	0
3.8.5	rsalesc.roborio.Roborio 1.2.4	rumble-22	22	4	4	0	0	914	26.5	25.5	0.0755	0	0
3.8.5	rsalesc.roborio.Roborio 1.2.4	rumble-22	22	4	5	0	0	3381	32.2	25.1	0.1264	0	0
3.8.5	rsalesc.roborio.Roborio 1.2.4	rumble-22	22	4	6	1	1	4743	34.5	18.6	0.0954	0	0
3.8.5	rsalesc.roborio.Roborio 1.2.4	rumble-22	22	4	7	1	1	3453	39.9	18.0	0.1158	0	1
3.8.5	rsalesc.roborio.Roborio 1.2.4	rumble-22	22	4	8	0	0	774	0.0	33.5	0.0000	0	1
3.8.5	rsalesc.roborio.Roborio 1.2.4	rumble-22	22	4	9	1	1	4019	30.7	23.2	0.1000	0	1
3.8.5	rsalesc.roborio.Roborio 1.2.4	rumble-22	22	4	10	0	0	1585	29.3	27.0	0.0957	0	1
3.8.5	rsalesc.roborio.Roborio 1.2.4	rumble-22	22	4	11	0	0	1033	18.7	42.8	0.0833	0	1
3.8.5	rsalesc.roborio.Roborio 1.2.4	rumble-22	22	4	12	0	0	1607	23.5	33.4	0.1345	0	1
3.8.5	rsalesc.roborio.Roborio 1.2.4	rumble-22	22	4	13	0	0	1026	38.2	60.7	0.1471	0	0
3.8.5	rsalesc.roborio.Roborio 1.2.4	rumble-22	22	4	14	0	0	1564	12.5	16.2	0.0741	0	1
3.8.5	rsalesc.roborio.Roborio 1.2.4	rumble-22	22	4	15	1	1	3962	26.0	16.8	0.1231	0	1
3.8.5	rsalesc.roborio.Roborio 1.2.4	rumble-22	22	4	16	1	1	4813	35.7	32.8	0.1012	0	1
3.8.5	rsalesc.roborio.Roborio 1.2.4	rumble-22	22	4	17	1	1	3253	48.2	15.0	0.1387	0	1
3.8.5	rsalesc.roborio.Roborio 1.2.4	rumble-22	22	4	18	1	1	4446	43.5	15.6	0.1155	0	1
3.8.5	rsalesc.roborio.Roborio 1.2.4	rumble-22	22	4	19	0	0	654	33.9	51.5	0.0909	0	1
3.8.5	rsalesc.roborio.Roborio 1.2.4	rumble-22	22	4	20	0	0	4934	45.6	35.2	0.1146	0	1
3.8.5	rsalesc.roborio.Roborio 1.2.4	rumble-22	22	4	21	0	0	1326	21.4	41.9	0.0814	0	1
3.8.5	rsalesc.roborio.Roborio 1.2.4	rumble-22	22	4	22	0	0	2789	34.5	28.9	0.1071	0	1
3.8.5	rsalesc.roborio.Roborio 1.2.4	rumble-22	22	4	23	1	1	3117	52.2	15.0	0.1245	0	1
3.8.5	rsalesc.roborio.Roborio 1.2.4	rumble-22	22	4	24	0	0	3145	47.7	32.6	0.1250	0	1
3.8.5	rsalesc.roborio.Roborio 1.2.4	rumble-22	22	4	25	0	0	1172	16.8	24.2	0.0435	0	1
3.8.5	rsalesc.roborio.Roborio 1.2.4	rumble-22	22	4	26	1	1	4796	33.8	24.0	0.1092	0	1
3.8.5	rsalesc.roborio.Roborio 1.2.4	rumble-22	22	4	27	1	1	5528	36.6	37.6	0.0917	0	1
3.8.5	rsalesc.roborio.Roborio 1.2.4	rumble-22	22	4	28	0	0	2811	27.5	19.5	0.1156	0	1
3.8.5	rsalesc.roborio.Roborio 1.2.4	rumble-22	22	4	29	1	1	2596	48.0	10.2	0.1442	0	1
3.8.5	rsalesc.roborio.Roborio 1.2.4	rumble-22	22	4	30	1	1	4060	33.6	7.8	0.1228	0	1
3.8.5	rsalesc.roborio.Roborio 1.2.4	rumble-22	22	4	31	1	1	526	86.8	7.5	0.2273	0	0
3.8.5	rsalesc.roborio.Roborio 1.2.4	rumble-22	22	4	32	0	0	1810	69.6	14.8	0.1463	0	1
3.8.5	rsalesc.roborio.Roborio 1.2.4	rumble-22	22	4	33	1	1	3280	51.2	29.6	0.1561	0	1
3.8.5	rsalesc.roborio.Roborio 1.2.4	rumble-22	22	4	34		0	2593	36.4	25.7			0
