build	opponent	role	rank	seed	ok	rounds	score	theirScore	firsts	survival	theirSurvival	bulletDamage	theirBulletDamage	skippedTurns	turns	turnP50Ms	turnP95Ms	turnMaxMs	roundRecords	faults	faultRecords	ourHitRate	theirHitRate	phantomWaves	enemyShots	unseenShots	inferredWaves	matchedWaves	radarReacquired	hiddenShots	profileFound	memoryFailures	seedsEvicted	bulletsIntercepted	jitteredShots	shotsFired	tiers	openingGun	gunSeed	surfSeed	seedDecays	openingDistance	meanDistance	targetDistance	roundTicks	finishTicks	ramTicks	fullPowerShots	maxLevel	slowTicks	shadowedWaves	interceptsShadowed	flavourChanges	flavourStep	errors	duressTicks	engineDisables	securityErrors	rShortfall	finalRMissing	hostCpuMin	hostCpuMean	hostCpuMax	otherJvms	reference	ramDamage	theirRamDamage	ramDamageBonus	theirRamDamageBonus	bulletDamageBonus	theirBulletDamageBonus	lastSurvivorBonus	theirLastSurvivorBonus	engineRoundTicks	score_share	survival_share
hadur2.Hadur 3.9sa	KiraNL.ChupaLite 0.4	mid-shield		1	true	35	2309.000	279.000	34	1700.000	50.000	232.000	201.000	12	31234	0.201	0.537	14.041	35	0	0	0.149	0.081	5	1697	0	1656	1656	3	3	0	0	0	1614	0	196	T?/M?	live	0	0	0	650	440.549	650.000	742.400	0	23	0	3	4	28	2	0	0		596	0	0	0	0	0.308	0.459	0.562	0	0	0.000	0.000	0.000	0.000	37.000	18.000	340.000	10.000	892.400	0.8922	0.9714
hadur2.Hadur 3.9sa	KiraNL.ChupaLite 0.4	mid-shield		2	true	35	2305.000	47.000	35	1750.000	0.000	171.000	47.000	11	31218	0.182	0.497	14.372	35	0	0	0.118	0.004	1	1688	0	1688	1688	5	4	0	0	0	1664	0	147	T?/M?	live	0	0	0	650	489.691	625.000	741.943	9	0	0	2	5	18	0	0	0		0	0	0	0	0	0.406	0.447	0.474	0	0	0.000	0.000	0.000	0.000	34.000	0.000	350.000	0.000	891.943	0.9800	1.0000
hadur2.Hadur 3.9sa	KiraNL.ChupaLite 0.4	mid-shield		3	true	35	2249.000	368.000	33	1650.000	100.000	234.000	224.000	11	31080	0.219	0.644	18.506	35	0	0	0.116	0.016	9	1691	0	1691	1691	1	1	0	0	0	1532	0	280	T?/M?	live	0	0	0	650	453.537	650.000	738.000	12	34	0	2	5	155	9	0	0		0	0	0	0	0	0.299	0.444	0.562	0	0	0.000	0.000	0.000	0.000	34.000	24.000	330.000	20.000	888.000	0.8594	0.9429
hadur2.Hadur 3.9sa	KiraNL.ChupaLite 0.4	mid-shield		4	true	35	2308.000	102.000	35	1750.000	0.000	173.000	102.000	9	31210	0.189	0.518	13.826	35	0	0	0.151	0.008	6	1687	1	1687	1687	3	0	0	0	0	1615	0	187	T?/M?	live	0	0	0	650	440.569	650.000	741.714	108	13	0	2	4	63	4	0	0		0	0	0	0	0	0.365	0.442	0.474	0	0	0.000	0.000	0.000	0.000	35.000	0.000	350.000	0.000	891.714	0.9577	1.0000
hadur2.Hadur 3.9sa	KiraNL.ChupaLite 0.4	mid-shield		5	true	35	2209.000	539.000	32	1600.000	150.000	253.000	312.000	11	30485	0.211	0.586	14.778	35	0	0	0.132	0.073	4	1655	0	1635	1635	2	2	0	0	0	1509	0	256	T?/M?	live	0	0	0	650	439.469	650.000	721.000	5	37	29	3	4	112	10	0	0		298	0	0	0	0	0.308	0.459	0.562	0	0	0.000	0.000	0.000	0.000	37.000	46.000	320.000	30.000	871.000	0.8039	0.9143
hadur2.Hadur 3.9sa	KiraNL.ChupaLite 0.4	mid-shield		6	true	35	2549.000	110.000	35	1750.000	0.000	374.000	110.000	8	30225	0.191	0.542	17.002	35	0	0	0.127	0.007	2	1603	0	1603	1603	3	4	0	0	0	1519	0	235	T?/M?	live	0	0	0	650	464.746	650.000	713.571	43	10	0	2	4	85	8	0	0		0	0	0	0	0	0.365	0.444	0.474	0	0	0.000	0.000	0.000	0.000	75.000	0.000	350.000	0.000	863.571	0.9586	1.0000
hadur2.Hadur 3.9sa	KiraNL.ChupaLite 0.4	mid-shield		7	true	35	2338.000	570.000	32	1600.000	150.000	363.000	350.000	13	30396	0.221	0.703	17.446	35	0	0	0.135	0.029	19	1648	1	1627	1627	5	6	0	0	0	1421	0	363	T?/M?	live	0	0	0	650	466.826	650.000	718.457	90	50	29	3	2	209	11	0	0		298	0	0	0	0	0.299	0.444	0.562	0	0	0.000	0.000	0.000	0.000	55.000	40.000	320.000	30.000	868.457	0.8040	0.9143
hadur2.Hadur 3.9sa	KiraNL.ChupaLite 0.4	mid-shield		8	true	35	2477.000	313.000	34	1700.000	50.000	368.000	235.000	14	30026	0.194	0.624	13.617	35	0	0	0.140	0.020	4	1619	0	1619	1619	5	1	0	0	0	1463	0	271	T?/M?	live	0	0	0	650	462.866	650.000	707.886	186	54	3	2	5	150	6	0	0		0	0	0	0	0	0.365	0.442	0.474	0	0	0.000	2.000	0.000	0.000	69.000	15.000	340.000	10.000	857.886	0.8878	0.9714
hadur2.Hadur 3.9sa	ak.Fermat 2.0	mid-shield		1	true	35	3482.000	1535.000	28	1400.000	350.000	1523.000	1029.000	19	23935	0.645	1.244	18.040	35	0	0	0.162	0.211	89	1190	4	1154	1154	8	12	0	0	0	116	941	1262	T?/M?	live	0	0	0	650	479.480	650.000	533.857	299	91	327	3	8	1102	70	0	0		561	0	0	0	0	0.299	0.441	0.562	0	0	0.000	0.000	0.000	0.000	279.000	86.000	280.000	70.000	683.857	0.6940	0.8000
hadur2.Hadur 3.9sa	ak.Fermat 2.0	mid-shield		2	true	35	2569.000	417.000	34	1700.000	50.000	446.000	344.000	11	30529	0.450	0.911	18.495	35	0	0	0.077	0.025	22	1534	1	1534	1533	4	5	0	0	0	1248	308	506	T?/M?	live	0	0	0	650	468.494	650.000	722.257	87	19	36	2	3	300	28	0	0		0	0	0	0	0	0.365	0.449	0.536	0	0	0.000	0.000	0.000	0.000	82.000	13.000	340.000	10.000	872.257	0.8603	0.9714
hadur2.Hadur 3.9sa	ak.Fermat 2.0	mid-shield		3	true	35	2609.000	373.000	34	1700.000	50.000	480.000	302.000	10	29919	0.436	0.978	17.142	35	0	0	0.112	0.023	32	1515	0	1515	1515	3	3	0	0	0	1264	0	449	T?/M?	live	0	0	0	650	457.351	650.000	704.829	97	7	47	1	4	261	22	0	0		0	0	0	0	0	0.299	0.439	0.562	0	0	0.000	0.000	0.000	0.000	90.000	11.000	340.000	10.000	854.829	0.8749	0.9714
hadur2.Hadur 3.9sa	ak.Fermat 2.0	mid-shield		4	true	35	2370.000	243.000	34	1700.000	50.000	279.000	168.000	11	31172	0.431	0.867	19.026	35	0	0	0.095	0.013	20	1593	2	1593	1593	6	3	0	0	0	1445	0	345	T?/M?	live	0	0	0	650	465.686	650.000	740.629	56	1	19	2	3	152	17	0	0		0	0	0	0	0	0.365	0.454	0.536	0	0	0.000	0.000	0.000	0.000	51.000	15.000	340.000	10.000	890.629	0.9070	0.9714
hadur2.Hadur 3.9sa	ak.Fermat 2.0	mid-shield		5	true	35	2500.000	184.000	35	1750.000	0.000	334.000	184.000	13	29827	0.417	0.833	18.050	35	0	0	0.112	0.013	21	1486	0	1486	1486	8	3	0	0	0	1295	0	391	T?/M?	live	0	0	0	650	437.357	650.000	702.200	7	17	0	2	4	200	19	0	0		0	0	0	0	0	0.351	0.429	0.536	0	0	0.000	0.000	0.000	0.000	67.000	0.000	350.000	0.000	852.200	0.9314	1.0000
hadur2.Hadur 3.9sa	ak.Fermat 2.0	mid-shield		6	true	35	2505.000	142.000	35	1750.000	0.000	337.000	142.000	12	30302	0.416	0.786	18.107	35	0	0	0.102	0.011	5	1530	1	1530	1530	4	3	0	0	0	1412	85	296	T?/M?	live	0	0	0	650	460.434	650.000	715.771	103	39	0	2	1	119	11	0	0		0	0	0	0	0	0.313	0.411	0.458	1	0	0.000	0.000	0.000	0.000	67.000	0.000	350.000	0.000	865.771	0.9464	1.0000
hadur2.Hadur 3.9sa	ak.Fermat 2.0	mid-shield		7	true	35	2522.000	344.000	34	1700.000	50.000	403.000	274.000	12	29392	0.431	0.845	15.254	35	0	0	0.107	0.021	7	1466	0	1466	1465	4	8	0	0	0	1303	0	308	T?/M?	live	0	0	0	650	437.140	650.000	689.771	45	21	22	3	1	144	4	0	0		0	0	0	0	0	0.351	0.430	0.536	0	0	0.000	0.000	0.000	0.000	79.000	10.000	340.000	10.000	839.771	0.8800	0.9714
hadur2.Hadur 3.9sa	ak.Fermat 2.0	mid-shield		8	true	35	2347.000	237.000	35	1750.000	0.000	206.000	237.000	10	31490	0.425	0.833	17.894	35	0	0	0.039	0.013	29	1619	1	1619	1619	5	1	0	0	0	1394	0	431	T?/M?	live	0	0	0	650	462.646	650.000	749.714	67	66	11	1	3	239	25	0	0		0	0	0	0	0	0.313	0.408	0.458	1	0	0.000	0.000	0.000	0.000	41.000	0.000	350.000	0.000	899.714	0.9083	1.0000
hadur2.Hadur 3.9sa	ary.SMG 1.01	mid-shield		1	true	35	2236.000	189.000	35	1750.000	0.000	113.000	189.000	11	43252	0.249	0.498	20.333	35	0	0	0.048	0.011	9	2673	0	2673	2673	4	4	0	0	0	2561	341	362	T?/M?	live	0	0	0	650	397.449	650.000	1085.771	24	0	3	3	3	108	13	0	0		0	0	0	0	0	0.351	0.430	0.536	0	0	0.000	0.000	0.000	0.000	23.000	0.000	350.000	0.000	1235.771	0.9221	1.0000
hadur2.Hadur 3.9sa	ary.SMG 1.01	mid-shield		2	true	35	2351.000	510.000	33	1650.000	100.000	315.000	366.000	11	40676	0.242	0.633	20.726	35	0	0	0.077	0.022	19	2494	1	2494	2494	4	8	0	0	0	2160	190	576	T?/M?	live	0	0	0	650	396.109	650.000	1012.171	77	27	1	2	4	352	32	0	0		0	0	0	0	0	0.313	0.401	0.458	1	0	0.000	0.000	0.000	0.000	56.000	23.000	330.000	20.000	1162.171	0.8217	0.9429
hadur2.Hadur 3.9sa	ary.SMG 1.01	mid-shield		3	true	35	2318.000	413.000	33	1650.000	100.000	288.000	271.000	11	40803	0.261	0.636	20.131	35	0	0	0.071	0.021	11	2532	0	2532	2532	5	7	0	0	0	2272	35	440	T?/M?	live	0	0	0	650	392.540	650.000	1015.800	117	31	1	2	4	248	20	0	0		0	0	0	0	0	0.351	0.433	0.536	0	0	0.000	0.000	0.000	0.000	49.000	22.000	330.000	20.000	1165.800	0.8488	0.9429
hadur2.Hadur 3.9sa	ary.SMG 1.01	mid-shield		4	true	35	2895.000	637.000	34	1700.000	50.000	713.000	566.000	12	37193	0.287	0.826	18.832	35	0	0	0.083	0.043	56	2296	3	2296	2295	5	14	0	0	0	1515	341	991	T?/M?	live	0	0	0	650	402.009	650.000	912.657	358	0	0	2	8	834	74	0	0		0	0	0	0	0	0.313	0.406	0.458	1	0	0.000	0.000	0.000	0.000	143.000	11.000	340.000	10.000	1062.657	0.8196	0.9714
hadur2.Hadur 3.9sa	ary.SMG 1.01	mid-shield		5	true	35	2538.000	256.000	35	1750.000	0.000	365.000	256.000	12	40328	0.236	0.521	14.618	35	0	0	0.073	0.019	16	2502	0	2502	2502	8	4	0	0	0	2277	0	412	T?/M?	live	0	0	0	650	392.934	575.000	1002.229	169	0	3	2	2	223	16	0	0		0	0	0	0	0	0.351	0.410	0.448	0	0	0.000	0.000	0.000	0.000	73.000	0.000	350.000	0.000	1152.229	0.9084	1.0000
hadur2.Hadur 3.9sa	ary.SMG 1.01	mid-shield		6	true	35	2278.000	325.000	34	1700.000	50.000	198.000	257.000	10	42411	0.248	0.532	122.655	35	0	0	0.063	0.014	4	2650	0	2650	2650	4	3	0	0	0	2524	0	311	T?/M?	live	0	0	0	650	384.849	650.000	1061.743	25	0	0	2	2	99	5	0	0		0	0	0	0	0	0.353	0.415	0.463	1	0	0.000	0.000	0.000	0.000	40.000	8.000	340.000	10.000	1211.743	0.8751	0.9714
hadur2.Hadur 3.9sa	ary.SMG 1.01	mid-shield		7	true	35	2448.000	344.000	34	1700.000	50.000	343.000	266.000	11	40351	0.244	0.580	20.736	35	0	0	0.062	0.022	7	2494	0	2474	2474	6	4	0	0	0	2258	383	428	T?/M?	live	0	0	0	650	401.477	650.000	1002.886	80	0	0	3	4	222	19	0	0		298	0	0	0	0	0.351	0.416	0.458	0	0	1.000	4.000	0.000	0.000	64.000	14.000	340.000	10.000	1152.886	0.8768	0.9714
hadur2.Hadur 3.9sa	ary.SMG 1.01	mid-shield		8	true	35	2371.000	579.000	32	1600.000	150.000	367.000	339.000	53	38484	0.245	0.602	12.141	35	0	0	0.096	0.027	26	2367	0	2368	2367	4	7	0	0	0	2160	0	366	T?/M?	live	0	0	0	650	389.857	650.000	949.543	67	0	4	2	73	199	16	0	0	Unable to stop thread: hadur2.Hadur 3.9sa	0	1	0	0	0	0.353	0.420	0.463	1	0	19.000	14.000	0.000	24.000	65.000	21.000	320.000	30.000	1099.543	0.8037	0.9143
hadur2.Hadur 3.9sa	ary.mini.Nimi 1.0	mid-shield		1	true	35	2344.000	164.000	34	1700.000	50.000	258.000	96.000	11	41056	0.190	0.467	129.379	35	0	0	0.071	0.005	28	2382	1	2382	2382	2	1	0	0	0	2230	0	518	T?/M?	live	0	0	0	650	492.251	650.000	1023.029	69	0	2	3	6	160	14	0	0		0	0	0	0	0	0.353	0.418	0.463	1	0	0.000	0.000	0.000	0.000	45.000	9.000	340.000	10.000	1173.029	0.9346	0.9714
hadur2.Hadur 3.9sa	ary.mini.Nimi 1.0	mid-shield		2	true	35	2316.000	145.000	35	1750.000	0.000	180.000	145.000	10	43814	0.189	0.500	14.347	35	0	0	0.109	0.008	56	2486	1	2488	2486	9	2	0	0	0	2298	0	694	T?/M?	live	0	0	0	650	513.420	650.000	1101.829	35	2	0	2	5	194	11	0	0		0	0	0	0	0	0.384	0.409	0.454	0	0	0.000	0.000	0.000	0.000	36.000	0.000	350.000	0.000	1251.829	0.9411	1.0000
hadur2.Hadur 3.9sa	ary.mini.Nimi 1.0	mid-shield		3	true	35	2439.000	139.000	35	1750.000	0.000	283.000	139.000	9	40737	0.198	0.481	17.297	35	0	0	0.075	0.011	27	2401	0	2401	2401	2	3	0	0	0	2168	511	566	T?/M?	live	0	0	0	650	483.029	650.000	1013.914	128	0	14	2	4	254	28	0	0		0	0	0	0	0	0.353	0.421	0.463	1	0	0.000	0.000	0.000	0.000	57.000	0.000	350.000	0.000	1163.914	0.9461	1.0000
hadur2.Hadur 3.9sa	ary.mini.Nimi 1.0	mid-shield		4	true	35	2382.000	186.000	35	1750.000	0.000	235.000	186.000	7	40628	0.191	0.472	17.568	35	0	0	0.074	0.013	13	2465	0	2465	2465	4	1	0	0	0	2309	0	382	T?/M?	live	0	0	0	650	461.483	650.000	1010.800	68	0	2	2	2	154	12	0	0		0	0	0	0	0	0.384	0.409	0.454	0	0	0.000	0.000	0.000	0.000	47.000	0.000	350.000	0.000	1160.800	0.9276	1.0000
hadur2.Hadur 3.9sa	ary.mini.Nimi 1.0	mid-shield		5	true	35	2347.000	272.000	34	1700.000	50.000	260.000	205.000	8	41138	0.200	0.544	14.889	35	0	0	0.082	0.013	43	2463	0	2463	2463	9	6	0	0	0	2122	406	663	T?/M?	live	0	0	0	650	514.474	650.000	1025.371	213	0	14	2	3	369	38	0	0		0	0	0	0	0	0.351	0.422	0.463	1	0	0.000	0.000	0.000	0.000	47.000	7.000	340.000	10.000	1175.371	0.8961	0.9714
hadur2.Hadur 3.9sa	ary.mini.Nimi 1.0	mid-shield		6	true	35	2580.000	311.000	34	1700.000	50.000	458.000	236.000	12	39300	0.203	0.508	14.937	35	0	0	0.064	0.013	24	2313	0	2313	2313	8	4	0	0	0	1938	0	675	T?/M?	live	0	0	0	650	493.634	650.000	972.857	162	0	5	2	5	391	23	0	0		0	0	0	0	0	0.384	0.412	0.446	1	0	0.000	0.000	0.000	0.000	82.000	15.000	340.000	10.000	1122.857	0.8924	0.9714
hadur2.Hadur 3.9sa	ary.mini.Nimi 1.0	mid-shield		7	true	35	2346.000	107.000	35	1750.000	0.000	205.000	107.000	13	40993	0.191	0.463	18.309	35	0	0	0.070	0.006	19	2429	0	2429	2429	11	2	0	0	0	2307	0	421	T?/M?	live	0	0	0	650	505.006	650.000	1021.229	60	0	0	3	2	122	10	0	0		0	0	0	0	0	0.351	0.418	0.463	1	0	0.000	0.000	0.000	0.000	41.000	0.000	350.000	0.000	1171.229	0.9564	1.0000
hadur2.Hadur 3.9sa	ary.mini.Nimi 1.0	mid-shield		8	true	35	2308.000	167.000	35	1750.000	0.000	173.000	167.000	30	42717	0.194	0.469	17.673	35	0	0	0.080	0.009	51	2474	0	2475	2474	9	3	0	0	0	2244	0	660	T?/M?	live	0	0	0	650	493.374	650.000	1070.486	222	1	0	1	3	242	19	0	0		0	0	0	0	0	0.384	0.410	0.446	1	0	0.000	0.000	0.000	0.000	34.000	0.000	350.000	0.000	1220.486	0.9325	1.0000
hadur2.Hadur 3.9sa	bayen.nut.Squirrel 1.621	mid-shield		1	true	35	2687.000	191.000	35	1750.000	0.000	495.000	191.000	10	44658	0.185	0.421	18.325	35	0	0	0.241	0.012	3	2921	0	2921	2921	4	6	0	0	0	2868	0	195	T?/M?	live	0	0	0	650	431.343	650.000	1125.943	24	1	3	3	5	35	1	0	0	"Preventing bayen.nut.Squirrel 1.621 from access: (""java.io.FilePermission"" ""D:\code\Hadur_Robot\hadur-bench\target\classes\META-INF\services\java.time.zone.ZoneRulesProvider"" ""read""). You may only read files in your own root package directory."	0	0	1	0	0	0.351	0.417	0.454	1	0	0.000	0.000	0.000	0.000	92.000	0.000	350.000	0.000	1275.943	0.9336	1.0000
hadur2.Hadur 3.9sa	bayen.nut.Squirrel 1.621	mid-shield		2	true	35	2653.000	172.000	35	1750.000	0.000	461.000	171.000	11	42867	0.193	0.483	19.053	35	0	0	0.104	0.017	10	2746	0	2746	2746	2	3	0	0	0	2513	281	452	T?/M?	live	0	0	0	650	439.177	650.000	1074.771	310	29	16	2	6	242	23	0	0	"Preventing bayen.nut.Squirrel 1.621 from access: (""java.io.FilePermission"" ""D:\code\Hadur_Robot\hadur-bench\target\classes\META-INF\services\java.time.zone.ZoneRulesProvider"" ""read""). You may only read files in your own root package directory."	0	0	1	0	0	0.384	0.412	0.446	1	0	1.000	1.000	0.000	0.000	90.000	0.000	350.000	0.000	1224.771	0.9391	1.0000
hadur2.Hadur 3.9sa	bayen.nut.Squirrel 1.621	mid-shield		3	true	35	2696.000	228.000	35	1750.000	0.000	502.000	227.000	12	44103	0.190	0.472	19.375	35	0	0	0.110	0.020	6	2833	1	2833	2832	9	3	0	0	0	2669	0	373	T?/M?	live	0	0	0	650	448.434	650.000	1110.086	197	2	14	1	7	152	12	0	0	"Preventing bayen.nut.Squirrel 1.621 from access: (""java.io.FilePermission"" ""D:\code\Hadur_Robot\hadur-bench\target\classes\META-INF\services\java.time.zone.ZoneRulesProvider"" ""read""). You may only read files in your own root package directory."	0	0	1	0	0	0.351	0.410	0.454	0	0	0.000	1.000	0.000	0.000	94.000	0.000	350.000	0.000	1260.086	0.9220	1.0000
hadur2.Hadur 3.9sa	bayen.nut.Squirrel 1.621	mid-shield		4	true	35	2772.000	71.000	35	1750.000	0.000	567.000	71.000	10	41570	0.192	0.449	14.890	35	0	0	0.266	0.009	4	2703	1	2703	2703	5	2	0	0	0	2657	0	190	T?/M?	live	0	0	0	650	413.629	650.000	1037.714	34	0	11	3	5	43	4	0	0	"Preventing bayen.nut.Squirrel 1.621 from access: (""java.io.FilePermission"" ""D:\code\Hadur_Robot\hadur-bench\target\classes\META-INF\services\java.time.zone.ZoneRulesProvider"" ""read""). You may only read files in your own root package directory."	0	0	1	0	0	0.403	0.437	0.500	1	0	0.000	0.000	0.000	0.000	106.000	0.000	350.000	0.000	1187.714	0.9750	1.0000
hadur2.Hadur 3.9sa	bayen.nut.Squirrel 1.621	mid-shield		5	true	35	2607.000	524.000	32	1600.000	150.000	572.000	312.000	13	39816	0.196	0.476	15.834	35	0	0	0.291	0.034	12	2526	0	2508	2508	7	6	0	0	0	2431	0	223	T?/M?	live	0	0	0	650	370.146	400.000	987.600	106	0	10	3	4	52	6	0	0	"Preventing bayen.nut.Squirrel 1.621 from access: (""java.io.FilePermission"" ""D:\code\Hadur_Robot\hadur-bench\target\classes\META-INF\services\java.time.zone.ZoneRulesProvider"" ""read""). You may only read files in your own root package directory."	298	0	1	0	0	0.410	0.442	0.500	1	0	4.000	6.000	0.000	0.000	111.000	27.000	320.000	30.000	1137.600	0.8326	0.9143
hadur2.Hadur 3.9sa	bayen.nut.Squirrel 1.621	mid-shield		6	true	35	2434.000	136.000	35	1750.000	0.000	280.000	136.000	11	48415	0.197	0.486	234.379	35	0	0	0.083	0.012	3	3205	1	3209	3205	10	1	0	0	0	3128	0	305	T?/M?	live	0	0	0	650	479.146	650.000	1233.286	57	1	3	2	3	62	4	0	0	"Preventing bayen.nut.Squirrel 1.621 from access: (""java.io.FilePermission"" ""D:\code\Hadur_Robot\hadur-bench\target\classes\META-INF\services\java.time.zone.ZoneRulesProvider"" ""read""). You may only read files in your own root package directory."	0	0	1	0	0	0.353	0.432	0.500	1	0	0.000	0.000	0.000	0.000	54.000	0.000	350.000	0.000	1383.286	0.9471	1.0000
hadur2.Hadur 3.9sa	bayen.nut.Squirrel 1.621	mid-shield		7	true	35	3281.000	355.000	34	1700.000	50.000	1037.000	292.000	14	36984	0.201	0.496	17.798	35	0	0	0.302	0.029	10	2347	1	2347	2347	2	8	0	0	0	2212	0	248	T?/M?	live	0	0	0	650	418.651	400.000	906.686	105	0	99	3	4	127	6	0	0	"Preventing bayen.nut.Squirrel 1.621 from access: (""java.io.FilePermission"" ""D:\code\Hadur_Robot\hadur-bench\target\classes\META-INF\services\java.time.zone.ZoneRulesProvider"" ""read""). You may only read files in your own root package directory."	0	0	1	0	0	0.410	0.443	0.500	1	0	0.000	0.000	0.000	0.000	204.000	3.000	340.000	10.000	1056.686	0.9024	0.9714
hadur2.Hadur 3.9sa	bayen.nut.Squirrel 1.621	mid-shield		8	true	35	2763.000	108.000	35	1750.000	0.000	560.000	108.000	11	44655	0.193	0.439	359.317	35	0	0	0.272	0.009	5	2981	0	2981	2981	2	4	0	0	0	2931	0	205	T?/M?	live	0	0	0	650	462.849	650.000	1125.857	12	0	0	2	8	38	2	0	0	"Preventing bayen.nut.Squirrel 1.621 from access: (""java.io.FilePermission"" ""D:\code\Hadur_Robot\hadur-bench\target\classes\META-INF\services\java.time.zone.ZoneRulesProvider"" ""read""). You may only read files in your own root package directory."	0	0	1	0	0	0.242	0.421	0.496	0	0	0.000	0.000	0.000	0.000	102.000	0.000	350.000	0.000	1275.857	0.9624	1.0000
hadur2.Hadur 3.9sa	brainfade.Fallen 0.63	mid-shield		1	true	35	2273.000	334.000	34	1700.000	50.000	202.000	260.000	10	32664	0.197	0.511	18.428	35	0	0	0.065	0.015	15	1729	0	1729	1729	13	3	0	0	0	1595	0	332	T?/M?	live	0	0	0	650	382.983	650.000	783.257	52	0	0	2	6	129	9	0	0		0	0	0	0	0	0.410	0.446	0.500	1	0	0.000	0.000	0.000	0.000	30.000	13.000	340.000	10.000	933.257	0.8719	0.9714
hadur2.Hadur 3.9sa	brainfade.Fallen 0.63	mid-shield		2	true	35	2228.000	118.000	35	1750.000	0.000	107.000	118.000	11	33332	0.185	0.445	11.219	35	0	0	0.058	0.006	17	1739	0	1739	1739	9	0	0	0	0	1727	0	248	T?/M?	live	0	0	0	650	368.057	650.000	802.343	0	0	0	3	4	0	0	0	0		0	0	0	0	0	0.353	0.428	0.492	0	0	0.000	0.000	0.000	0.000	21.000	0.000	350.000	0.000	952.343	0.9497	1.0000
hadur2.Hadur 3.9sa	brainfade.Fallen 0.63	mid-shield		3	true	35	2344.000	99.000	35	1750.000	0.000	204.000	99.000	10	32419	0.189	0.462	15.815	35	0	0	0.044	0.008	11	1683	0	1683	1683	5	2	0	0	0	1631	0	275	T?/M?	live	0	0	0	650	370.594	650.000	776.257	9	0	0	1	6	45	1	0	0		0	0	0	0	0	0.401	0.441	0.500	1	0	0.000	0.000	0.000	0.000	41.000	0.000	350.000	0.000	926.257	0.9595	1.0000
hadur2.Hadur 3.9sa	brainfade.Fallen 0.63	mid-shield		4	true	35	2306.000	174.000	35	1750.000	0.000	171.000	174.000	113	33734	0.190	0.467	107.674	35	0	0	0.045	0.011	16	1750	1	1750	1750	5	1	0	0	0	1675	0	355	T?/M?	live	0	0	0	650	399.006	650.000	813.829	34	0	0	3	4	64	3	0	0	Unable to stop thread: hadur2.Hadur 3.9sa	0	1	0	0	0	0.242	0.405	0.492	0	0	0.000	0.000	0.000	0.000	34.000	0.000	350.000	0.000	963.829	0.9298	1.0000
hadur2.Hadur 3.9sa	brainfade.Fallen 0.63	mid-shield		5	true	35	2224.000	247.000	34	1700.000	50.000	155.000	177.000	13	32932	0.188	0.454	14.931	35	0	0	0.056	0.014	13	1689	0	1689	1689	13	0	0	0	0	1631	0	282	T?/M?	live	0	0	0	650	348.800	650.000	790.914	0	0	0	3	3	33	2	0	0		0	0	0	0	0	0.401	0.442	0.500	1	0	0.000	0.000	0.000	0.000	29.000	10.000	340.000	10.000	940.914	0.9000	0.9714
hadur2.Hadur 3.9sa	brainfade.Fallen 0.63	mid-shield		6	true	35	2272.000	97.000	35	1750.000	0.000	143.000	97.000	13	32429	0.184	0.440	14.291	35	0	0	0.041	0.006	8	1710	0	1710	1710	19	2	0	0	0	1678	20	228	T?/M?	live	0	0	0	650	381.231	650.000	776.543	6	0	2	3	1	28	5	0	0		0	0	0	0	0	0.242	0.403	0.492	0	0	0.000	0.000	0.000	0.000	29.000	0.000	350.000	0.000	926.543	0.9591	1.0000
hadur2.Hadur 3.9sa	brainfade.Fallen 0.63	mid-shield		7	true	35	2084.000	493.000	32	1600.000	150.000	146.000	279.000	12	32656	0.179	0.443	14.629	35	0	0	0.061	0.018	12	1748	0	1748	1748	9	2	0	0	0	1677	0	233	T?/M?	live	0	0	0	650	363.237	650.000	783.029	0	0	0	3	5	44	1	0	0		0	0	0	0	0	0.386	0.434	0.500	1	0	0.000	0.000	0.000	0.000	18.000	33.000	320.000	30.000	933.029	0.8087	0.9143
hadur2.Hadur 3.9sa	brainfade.Fallen 0.63	mid-shield		8	true	35	2184.000	380.000	33	1650.000	100.000	174.000	240.000	3	32450	0.175	0.486	445.054	34	0	0	0.054	0.016	7	1718	0	1718	1718	17	4	0	0	0	1586	0	262	T?/M?	live	0	0	0	650	344.591	650.000	783.882	88	0	0	1	5	74	2	0	0		0	0	0	1	1	0.242	0.397	0.476	0	0	0.000	0.000	0.000	0.000	31.000	19.000	330.000	20.000	927.143	0.8518	0.9429
hadur2.Hadur 3.9sa	can.Pookie 1.1	mid-shield		1	true	35	2986.000	716.000	33	1650.000	100.000	817.000	572.000	11	27428	0.254	0.795	14.523	35	0	0	0.151	0.050	44	1189	1	1191	1189	5	11	0	0	0	776	0	686	T?/M?	live	0	0	0	650	432.560	525.000	633.657	398	0	58	2	6	412	29	0	0		0	0	0	0	0	0.311	0.417	0.492	0	0	31.000	24.000	0.000	0.000	158.000	0.000	330.000	20.000	783.657	0.8066	0.9429
hadur2.Hadur 3.9sa	can.Pookie 1.1	mid-shield		2	true	35	2502.000	625.000	33	1650.000	100.000	435.000	488.000	10	27876	0.202	0.697	12.372	35	0	0	0.108	0.030	17	1316	0	1327	1316	5	8	0	0	0	1137	0	374	T?/M?	live	0	0	0	650	430.600	400.000	646.457	187	1	21	2	3	167	10	0	0		0	0	0	0	0	0.419	0.465	0.515	0	0	0.000	0.000	0.000	0.000	87.000	17.000	330.000	20.000	796.457	0.8001	0.9429
hadur2.Hadur 3.9sa	can.Pookie 1.1	mid-shield		3	true	35	3525.000	849.000	34	1700.000	50.000	1242.000	775.000	10	24118	0.246	0.892	293.158	35	0	0	0.166	0.057	30	1077	0	1077	1077	1	11	0	0	0	484	291	857	T?/M?	live	0	0	0	650	439.329	600.000	539.086	509	0	133	2	190	626	48	0	0		0	0	0	0	0	0.242	0.426	0.515	0	0	0.000	0.000	0.000	0.000	243.000	15.000	340.000	10.000	689.086	0.8059	0.9714
hadur2.Hadur 3.9sa	can.Pookie 1.1	mid-shield		4	true	35	2371.000	500.000	33	1650.000	100.000	330.000	364.000	11	29435	0.206	0.546	15.591	35	0	0	0.090	0.021	20	1343	0	1343	1343	3	3	0	0	0	1236	0	393	T?/M?	live	0	0	0	650	428.754	650.000	691.000	101	0	6	3	4	88	7	0	0		0	0	0	0	0	0.433	0.466	0.501	0	0	0.000	0.000	0.000	0.000	61.000	16.000	330.000	20.000	841.000	0.8258	0.9429
hadur2.Hadur 3.9sa	can.Pookie 1.1	mid-shield		5	true	35	3116.000	669.000	34	1700.000	50.000	898.000	598.000	10	25187	0.267	0.766	13.627	35	0	0	0.146	0.041	19	1165	2	1166	1165	3	8	0	0	0	783	0	575	T?/M?	live	0	0	0	650	416.406	400.000	569.629	239	0	84	2	1	393	36	0	0		0	0	0	0	0	0.242	0.433	0.515	0	0	0.000	0.000	0.000	0.000	178.000	10.000	340.000	10.000	719.629	0.8232	0.9714
hadur2.Hadur 3.9sa	can.Pookie 1.1	mid-shield		6	true	35	2731.000	842.000	31	1550.000	200.000	742.000	564.000	12	26755	0.256	0.809	18.898	35	0	0	0.157	0.032	38	1210	0	1215	1210	3	7	0	0	0	817	41	643	T?/M?	live	0	0	0	650	447.694	400.000	614.429	203	1	101	2	6	405	33	0	0		0	0	0	0	0	0.404	0.460	0.501	0	0	0.000	0.000	0.000	0.000	129.000	37.000	310.000	40.000	764.429	0.7643	0.8857
hadur2.Hadur 3.9sa	can.Pookie 1.1	mid-shield		7	true	35	2585.000	497.000	34	1700.000	50.000	454.000	429.000	12	28244	0.230	0.682	14.126	35	0	0	0.094	0.027	21	1302	0	1302	1302	2	5	0	0	0	1071	401	510	T?/M?	live	0	0	0	650	430.760	650.000	656.971	174	0	14	3	5	240	28	0	0		0	0	0	0	0	0.419	0.466	0.515	0	0	0.000	0.000	0.000	0.000	91.000	8.000	340.000	10.000	806.971	0.8387	0.9714
hadur2.Hadur 3.9sa	can.Pookie 1.1	mid-shield		8	true	35	3213.000	718.000	34	1700.000	50.000	967.000	637.000	11	24560	0.259	0.822	14.717	35	0	0	0.185	0.048	33	1147	0	1147	1147	4	11	0	0	0	690	150	632	T?/M?	live	0	0	0	650	433.414	650.000	551.714	238	0	127	2	14	469	39	0	0		0	0	0	0	0	0.396	0.456	0.501	0	0	12.000	13.000	0.000	0.000	195.000	8.000	340.000	10.000	701.714	0.8173	0.9714
hadur2.Hadur 3.9sa	cf.mini.Chiva 1.0	mid-shield		1	true	35	5012.000	914.000	34	1700.000	50.000	2376.000	749.000	10	16703	0.207	0.678	13.805	35	0	0	0.560	0.113	82	663	1	663	663	3	18	0	0	0	392	0	309	T?/M?	live	0	0	0	650	327.977	400.000	327.229	150	22	206	2	6	269	28	0	0		0	0	0	0	0	0.439	0.487	0.515	0	0	96.000	106.000	50.000	0.000	450.000	0.000	340.000	10.000	477.229	0.8458	0.9714
hadur2.Hadur 3.9sa	cf.mini.Chiva 1.0	mid-shield		2	true	35	4937.000	958.000	34	1700.000	50.000	2395.000	865.000	10	17251	0.214	0.738	11.623	35	0	0	0.427	0.103	32	719	1	719	719	3	16	0	0	0	316	250	460	T?/M?	live	0	0	0	650	360.886	400.000	342.886	446	1	295	2	3	412	41	0	0		0	0	0	0	0	0.437	0.470	0.501	0	0	16.000	22.000	26.000	0.000	460.000	11.000	340.000	10.000	492.886	0.8375	0.9714
hadur2.Hadur 3.9sa	cf.mini.Chiva 1.0	mid-shield		3	true	35	4863.000	883.000	34	1650.000	50.000	2387.000	767.000	11	16967	0.222	0.633	14.113	35	0	0	0.490	0.116	34	669	2	678	669	4	22	0	0	0	394	0	324	T?/M?	live	0	0	0	650	353.146	400.000	334.771	274	1	223	2	5	274	24	0	0		0	0	0	0	0	0.432	0.485	0.515	0	0	35.000	32.000	0.000	0.000	461.000	23.000	330.000	10.000	484.771	0.8463	0.9706
hadur2.Hadur 3.9sa	cf.mini.Chiva 1.0	mid-shield		4	true	35	4608.000	881.000	32	1600.000	150.000	2223.000	625.000	9	16748	0.189	0.557	9.501	35	0	0	0.495	0.077	39	690	2	690	690	2	22	0	0	0	428	0	281	T?/M?	live	0	0	0	650	371.594	400.000	328.514	155	0	209	2	3	240	13	0	0		0	0	0	0	0	0.437	0.466	0.497	0	0	36.000	41.000	0.000	0.000	429.000	35.000	320.000	30.000	478.514	0.8395	0.9143
hadur2.Hadur 3.9sa	cf.mini.Chiva 1.0	mid-shield		5	true	35	5005.000	810.000	34	1700.000	50.000	2428.000	674.000	11	16049	0.208	0.637	10.085	35	0	0	0.503	0.092	51	642	2	642	642	4	21	0	0	0	335	37	342	T?/M?	live	0	0	0	650	392.069	400.000	308.543	274	29	245	2	5	297	26	0	0		0	0	0	0	0	0.419	0.464	0.501	0	0	53.000	47.000	31.000	29.000	454.000	0.000	340.000	10.000	458.543	0.8607	0.9714
hadur2.Hadur 3.9sa	cf.mini.Chiva 1.0	mid-shield		6	true	35	4763.000	683.000	35	1750.000	0.000	2210.000	674.000	11	17954	0.188	0.570	9.021	35	0	0	0.438	0.082	19	754	2	754	754	4	11	0	0	0	444	0	345	T?/M?	live	0	0	0	650	378.683	400.000	362.971	256	47	254	2	5	290	25	0	0		0	0	0	0	0	0.391	0.456	0.502	0	0	8.000	8.000	5.000	0.000	439.000	0.000	350.000	0.000	512.971	0.8746	1.0000
hadur2.Hadur 3.9sa	cf.mini.Chiva 1.0	mid-shield		7	true	35	4913.000	772.000	34	1700.000	50.000	2364.000	674.000	10	16651	0.178	0.615	40.878	35	0	0	0.436	0.094	30	680	2	680	680	1	19	0	0	0	360	240	365	T?/M?	live	0	0	0	650	394.697	400.000	325.743	332	8	250	2	4	318	29	0	0		0	0	0	0	0	0.396	0.430	0.460	0	0	28.000	30.000	19.000	0.000	463.000	9.000	340.000	10.000	475.743	0.8642	0.9714
hadur2.Hadur 3.9sa	cf.mini.Chiva 1.0	mid-shield		8	true	35	4743.000	970.000	32	1600.000	150.000	2306.000	681.000	10	16471	0.225	0.678	12.275	35	0	0	0.391	0.092	65	672	2	672	672	3	23	0	0	0	311	0	397	T?/M?	live	0	0	0	650	398.723	400.000	320.600	210	0	295	2	6	361	31	0	0		0	0	0	0	0	0.363	0.427	0.477	0	0	82.000	54.000	0.000	29.000	436.000	26.000	320.000	30.000	470.600	0.8302	0.9143
hadur2.Hadur 3.9sa	cf.proto.Shiva 2.2	mid-shield		1	true	35	2415.000	191.000	35	1750.000	0.000	262.000	191.000	20	34670	0.209	0.446	202.079	35	0	0	0.092	0.016	32	1755	1	1755	1755	3	3	0	0	0	1637	0	447	T?/M?	live	0	0	0	650	429.354	650.000	840.571	14	0	9	3	3	83	5	0	0		0	0	0	0	0	0.391	0.448	0.502	0	0	0.000	0.000	0.000	0.000	52.000	0.000	350.000	0.000	990.571	0.9267	1.0000
hadur2.Hadur 3.9sa	cf.proto.Shiva 2.2	mid-shield		2	true	35	2453.000	251.000	35	1750.000	0.000	294.000	251.000	12	36299	0.202	0.531	21.612	35	0	0	0.083	0.018	45	1764	0	1764	1764	3	2	0	0	0	1555	0	712	T?/M?	live	0	0	0	650	452.471	650.000	887.114	44	0	6	2	5	196	21	0	0		0	0	0	0	0	0.326	0.395	0.458	0	0	0.000	0.000	0.000	0.000	59.000	0.000	350.000	0.000	1037.114	0.9072	1.0000
hadur2.Hadur 3.9sa	cf.proto.Shiva 2.2	mid-shield		3	true	35	2219.000	194.000	34	1700.000	50.000	149.000	125.000	9	35747	0.215	0.459	16.248	35	0	0	0.088	0.008	33	1780	0	1780	1780	2	1	0	0	0	1672	0	501	T?/M?	live	0	0	0	650	456.709	650.000	871.343	25	0	0	1	7	72	5	0	0		0	0	0	0	0	0.363	0.440	0.502	0	0	0.000	0.000	0.000	0.000	30.000	9.000	340.000	10.000	1021.343	0.9196	0.9714
hadur2.Hadur 3.9sa	cf.proto.Shiva 2.2	mid-shield		4	true	35	2359.000	130.000	35	1750.000	0.000	216.000	129.000	13	36449	0.200	0.437	14.913	35	0	0	0.054	0.010	31	1759	0	1762	1759	7	4	0	0	0	1643	0	606	T?/M?	live	0	0	0	650	449.857	650.000	891.400	5	0	22	3	5	93	7	0	0		0	0	0	0	0	0.326	0.398	0.458	0	0	0.000	1.000	0.000	0.000	43.000	0.000	350.000	0.000	1041.400	0.9478	1.0000
hadur2.Hadur 3.9sa	cf.proto.Shiva 2.2	mid-shield		5	true	35	2304.000	91.000	35	1750.000	0.000	170.000	91.000	12	35175	0.213	0.460	13.810	35	0	0	0.077	0.006	27	1777	0	1777	1777	15	3	0	0	0	1687	0	437	T?/M?	live	0	0	0	650	445.943	650.000	855.000	49	0	0	3	4	61	8	0	0		0	0	0	0	0	0.363	0.440	0.502	0	0	0.000	0.000	0.000	0.000	34.000	0.000	350.000	0.000	1005.000	0.9620	1.0000
hadur2.Hadur 3.9sa	cf.proto.Shiva 2.2	mid-shield		6	true	35	2354.000	229.000	34	1700.000	50.000	263.000	160.000	11	32959	0.196	0.415	17.835	35	0	0	0.045	0.012	3	1747	0	1747	1747	2	3	0	0	0	1642	0	292	T?/M?	live	0	0	0	650	415.003	650.000	791.686	27	0	4	2	3	69	4	0	0		0	0	0	0	0	0.326	0.398	0.458	0	0	0.000	0.000	0.000	0.000	51.000	9.000	340.000	10.000	941.686	0.9113	0.9714
hadur2.Hadur 3.9sa	cf.proto.Shiva 2.2	mid-shield		7	true	35	2726.000	248.000	35	1750.000	0.000	521.000	248.000	10	31668	0.220	0.509	110.290	35	0	0	0.067	0.020	13	1638	1	1638	1638	6	9	0	0	0	1392	0	474	T?/M?	live	0	0	0	650	429.134	650.000	754.800	103	0	14	2	6	229	23	0	0		0	0	0	0	0	0.363	0.445	0.502	0	0	0.000	0.000	0.000	0.000	104.000	0.000	350.000	0.000	904.800	0.9166	1.0000
hadur2.Hadur 3.9sa	cf.proto.Shiva 2.2	mid-shield		8	true	35	2291.000	245.000	34	1700.000	50.000	209.000	176.000	11	34168	0.195	0.426	12.787	35	0	0	0.064	0.012	21	1764	0	1764	1764	5	0	0	0	0	1628	0	417	T?/M?	live	0	0	0	650	428.520	650.000	826.229	4	0	5	1	5	105	8	0	0		0	0	0	0	0	0.326	0.387	0.415	0	0	0.000	0.000	0.000	0.000	42.000	9.000	340.000	10.000	976.229	0.9034	0.9714
hadur2.Hadur 3.9sa	chase.pm.Pytko 1.0	mid-shield		1	true	35	2872.000	1581.000	28	1400.000	350.000	1010.000	1070.000	13	29318	0.431	1.033	16.394	35	0	0	0.128	0.069	67	1573	4	1573	1573	5	14	0	0	0	361	1060	1464	T?/M?	live	0	0	0	650	475.240	450.000	687.657	463	519	49	3	8	1270	105	0	0		0	0	0	0	0	0.363	0.426	0.484	0	0	0.000	0.000	0.000	0.000	181.000	91.000	280.000	70.000	837.657	0.6450	0.8000
hadur2.Hadur 3.9sa	chase.pm.Pytko 1.0	mid-shield		2	true	35	2970.000	1765.000	28	1400.000	350.000	1094.000	1259.000	13	29970	0.484	1.073	15.182	35	0	0	0.143	0.078	89	1620	0	1620	1620	8	10	0	0	0	288	509	1625	T?/M?	live	0	0	0	650	489.226	650.000	706.286	437	499	59	3	7	1399	114	0	0		0	0	0	0	0	0.326	0.404	0.503	0	0	0.000	0.000	0.000	0.000	196.000	86.000	280.000	70.000	856.286	0.6272	0.8000
hadur2.Hadur 3.9sa	chase.pm.Pytko 1.0	mid-shield		3	true	35	3035.000	1199.000	32	1600.000	150.000	938.000	980.000	15	30307	0.474	1.071	14.768	35	0	0	0.112	0.070	51	1630	4	1630	1630	3	15	0	0	0	543	749	1321	T?/M?	live	0	0	0	650	492.703	650.000	715.914	253	491	26	2	11	1123	78	0	0		0	0	0	0	0	0.326	0.409	0.477	0	0	1.000	0.000	3.000	0.000	173.000	39.000	320.000	30.000	865.914	0.7168	0.9143
hadur2.Hadur 3.9sa	chase.pm.Pytko 1.0	mid-shield		4	true	35	3064.000	1327.000	31	1550.000	200.000	1012.000	1041.000	13	30198	0.428	1.054	15.882	35	0	0	0.160	0.067	83	1626	2	1626	1626	7	15	0	0	0	536	948	1342	T?/M?	live	0	0	0	650	483.440	650.000	712.800	365	457	91	2	10	1127	81	0	0		0	0	0	0	0	0.334	0.409	0.469	0	0	0.000	0.000	0.000	0.000	191.000	46.000	310.000	40.000	862.800	0.6978	0.8857
hadur2.Hadur 3.9sa	chase.pm.Pytko 1.0	mid-shield		5	true	35	3125.000	1583.000	29	1450.000	300.000	1170.000	1151.000	8	29674	0.495	1.071	14.279	34	0	0	0.139	0.074	72	1604	4	1604	1604	8	18	0	0	0	304	0	1517	T?/M?	live	0	0	0	650	486.591	650.000	693.147	275	440	99	3	10	1323	103	0	0		0	0	0	1	1	0.326	0.408	0.503	0	0	0.000	0.000	0.000	0.000	214.000	72.000	290.000	60.000	847.829	0.6638	0.8286
hadur2.Hadur 3.9sa	chase.pm.Pytko 1.0	mid-shield		6	true	35	2999.000	1372.000	31	1550.000	200.000	961.000	1083.000	10	30726	0.540	1.056	14.343	35	0	0	0.119	0.068	97	1671	1	1671	1671	2	15	0	0	0	225	0	1752	T?/M?	live	0	0	0	650	492.589	650.000	727.886	249	634	50	3	11	1512	103	0	0		0	0	0	0	0	0.368	0.425	0.469	0	0	0.000	0.000	0.000	0.000	178.000	49.000	310.000	40.000	877.886	0.6861	0.8857
hadur2.Hadur 3.9sa	chase.pm.Pytko 1.0	mid-shield		7	true	35	3332.000	1333.000	32	1600.000	150.000	1185.000	1126.000	14	29617	0.523	1.096	110.866	35	0	0	0.142	0.074	87	1582	3	1582	1581	10	19	0	0	0	249	0	1611	T?/M?	live	0	0	0	650	487.611	650.000	696.200	322	674	96	2	8	1391	103	0	0		0	0	0	0	0	0.334	0.418	0.503	0	0	1.000	0.000	6.000	0.000	221.000	27.000	320.000	30.000	846.200	0.7143	0.9143
hadur2.Hadur 3.9sa	chase.pm.Pytko 1.0	mid-shield		8	true	35	2759.000	1353.000	30	1500.000	250.000	819.000	993.000	8	31533	0.448	1.141	15.959	34	0	0	0.134	0.061	59	1714	3	1714	1714	6	12	0	0	0	672	706	1234	T?/M?	live	0	0	0	650	479.306	650.000	752.000	268	310	22	2	7	1021	71	0	0		0	0	0	1	1	0.368	0.425	0.469	0	0	0.000	0.000	0.000	0.000	139.000	60.000	300.000	50.000	900.943	0.6710	0.8571
hadur2.Hadur 3.9sa	css.Delitioner 0.11	mid-shield		1	true	35	3418.000	1583.000	26	1300.000	450.000	1577.000	974.000	18	24442	0.317	0.848	15.527	35	0	0	0.230	0.081	38	1260	3	1260	1260	11	16	0	0	0	414	582	924	T?/M?	live	0	0	0	650	327.957	400.000	548.343	444	0	297	2	7	874	64	0	0		0	0	0	0	0	0.340	0.422	0.503	0	0	0.000	0.000	0.000	0.000	281.000	70.000	260.000	90.000	698.343	0.6835	0.7429
hadur2.Hadur 3.9sa	css.Delitioner 0.11	mid-shield		2	true	35	3527.000	1243.000	29	1450.000	300.000	1509.000	813.000	13	23852	0.288	0.844	15.539	35	0	0	0.239	0.086	18	1212	1	1193	1193	8	16	0	0	0	432	0	847	T?/M?	live	0	0	0	650	344.371	400.000	531.486	509	0	233	3	8	784	51	0	0		298	0	0	0	0	0.391	0.434	0.469	0	0	0.000	1.000	0.000	0.000	277.000	68.000	290.000	60.000	681.486	0.7394	0.8286
hadur2.Hadur 3.9sa	css.Delitioner 0.11	mid-shield		3	true	35	3590.000	1353.000	27	1350.000	400.000	1654.000	809.000	13	22833	0.277	0.815	16.593	35	0	0	0.230	0.079	18	1150	1	1150	1150	7	9	0	0	0	430	263	773	T?/M?	live	0	0	0	650	331.226	400.000	502.371	853	0	288	2	42	746	61	0	0		0	0	0	0	0	0.340	0.423	0.503	0	0	0.000	0.000	0.000	0.000	315.000	64.000	270.000	80.000	652.371	0.7263	0.7714
hadur2.Hadur 3.9sa	css.Delitioner 0.11	mid-shield		4	true	35	3657.000	1393.000	29	1450.000	300.000	1627.000	963.000	8	23933	0.293	0.854	15.205	34	0	0	0.249	0.078	11	1226	2	1226	1226	5	17	0	0	0	430	598	833	T?/M?	live	0	0	0	650	334.709	400.000	533.471	491	0	221	3	9	786	64	0	0		0	0	0	1	1	0.334	0.426	0.469	0	0	0.000	0.000	0.000	0.000	290.000	70.000	290.000	60.000	683.800	0.7242	0.8286
hadur2.Hadur 3.9sa	css.Delitioner 0.11	mid-shield		5	true	35	3177.000	1382.000	28	1400.000	350.000	1279.000	889.000	13	25974	0.213	0.834	13.894	35	0	0	0.283	0.067	17	1350	1	1350	1350	7	15	0	0	0	692	0	696	T?/M?	live	0	0	0	650	316.211	400.000	592.114	479	0	162	2	2	632	46	0	0		0	0	0	0	0	0.334	0.408	0.469	0	0	0.000	0.000	0.000	0.000	219.000	73.000	280.000	70.000	742.114	0.6969	0.8000
hadur2.Hadur 3.9sa	css.Delitioner 0.11	mid-shield		6	true	35	3290.000	1419.000	28	1400.000	350.000	1356.000	942.000	9	27136	0.261	0.907	13.580	34	0	0	0.255	0.072	26	1448	6	1448	1448	8	15	0	0	0	579	758	977	T?/M?	live	0	0	0	650	345.832	650.000	628.147	479	24	82	2	7	877	79	0	0		0	0	0	1	1	0.368	0.425	0.485	0	0	4.000	0.000	6.000	0.000	245.000	57.000	280.000	70.000	775.314	0.6987	0.8000
hadur2.Hadur 3.9sa	css.Delitioner 0.11	mid-shield		7	true	35	3251.000	961.000	31	1550.000	200.000	1168.000	693.000	14	27516	0.221	0.772	12.442	35	0	0	0.272	0.053	26	1425	4	1425	1425	9	5	0	0	0	806	377	748	T?/M?	live	0	0	0	650	347.120	650.000	636.171	212	0	203	3	5	629	49	0	0		0	0	0	0	0	0.368	0.422	0.456	0	0	0.000	0.000	0.000	0.000	222.000	29.000	310.000	40.000	786.171	0.7718	0.8857
hadur2.Hadur 3.9sa	css.Delitioner 0.11	mid-shield		8	true	35	3032.000	1983.000	23	1150.000	600.000	1424.000	1149.000	7	26211	0.297	0.856	15.747	34	0	0	0.197	0.091	54	1407	2	1407	1407	5	16	0	0	0	428	675	1042	T?/M?	live	0	0	0	650	375.926	650.000	597.941	411	0	274	2	152	989	88	0	0		0	0	0	1	1	0.379	0.435	0.485	0	0	0.000	0.000	0.000	0.000	228.000	114.000	230.000	120.000	748.886	0.6046	0.6571
hadur2.Hadur 3.9sa	dft.Cyanide 1.90	mid-shield		1	true	35	2259.000	214.000	34	1700.000	50.000	188.000	143.000	11	35453	0.204	0.465	12.928	35	0	0	0.057	0.036	5	1978	92	1978	1978	4	5	0	0	0	1843	0	358	T?/M?	live	0	0	0	650	473.806	650.000	862.943	103	459	0	3	6	154	14	0	0		46	0	0	0	0	0.368	0.415	0.456	0	0	0.000	0.000	0.000	0.000	31.000	11.000	340.000	10.000	1012.943	0.9135	0.9714
hadur2.Hadur 3.9sa	dft.Cyanide 1.90	mid-shield		2	true	35	2370.000	138.000	35	1750.000	0.000	225.000	138.000	9	35139	0.206	0.451	13.077	35	0	0	0.096	0.039	5	1954	90	1954	1954	3	4	0	0	0	1840	154	341	T?/M?	live	0	0	0	650	486.166	650.000	853.971	100	420	1	2	2	128	14	0	0		0	0	0	0	0	0.401	0.428	0.459	0	0	0.000	0.000	0.000	0.000	45.000	0.000	350.000	0.000	1003.971	0.9450	1.0000
hadur2.Hadur 3.9sa	dft.Cyanide 1.90	mid-shield		3	true	35	2313.000	214.000	34	1700.000	50.000	232.000	140.000	9	34781	0.214	0.529	11.620	35	0	0	0.089	0.037	6	1948	89	1948	1948	2	5	0	0	0	1812	0	333	T?/M?	live	0	0	0	650	465.663	650.000	843.743	61	253	0	2	6	150	12	0	0		0	0	0	0	0	0.368	0.414	0.456	0	0	0.000	0.000	0.000	0.000	41.000	14.000	340.000	10.000	993.743	0.9153	0.9714
hadur2.Hadur 3.9sa	dft.Cyanide 1.90	mid-shield		4	true	35	2388.000	46.000	35	1750.000	0.000	240.000	46.000	10	34973	0.208	0.452	14.521	35	0	0	0.093	0.039	2	1934	98	1934	1934	7	1	0	0	0	1851	49	307	T?/M?	live	0	0	0	650	488.626	650.000	849.229	223	534	0	3	3	97	10	0	0		52	0	0	0	0	0.401	0.427	0.459	0	0	0.000	0.000	0.000	0.000	48.000	0.000	350.000	0.000	999.229	0.9811	1.0000
hadur2.Hadur 3.9sa	dft.Cyanide 1.90	mid-shield		5	true	35	2351.000	99.000	35	1750.000	0.000	210.000	99.000	10	34945	0.210	0.442	13.098	35	0	0	0.077	0.035	4	1948	85	1947	1947	9	1	0	0	0	1868	0	274	T?/M?	live	0	0	0	650	483.283	650.000	848.429	22	310	0	3	4	85	3	0	0		0	0	0	0	0	0.390	0.432	0.485	0	0	0.000	0.000	0.000	0.000	42.000	0.000	350.000	0.000	998.429	0.9596	1.0000
hadur2.Hadur 3.9sa	dft.Cyanide 1.90	mid-shield		6	true	35	2315.000	50.000	35	1750.000	0.000	179.000	50.000	12	34476	0.189	0.423	13.772	35	0	0	0.114	0.029	6	1918	83	1918	1918	4	3	0	0	0	1883	0	222	T?/M?	live	0	0	0	650	465.123	650.000	835.029	136	211	0	2	2	42	4	0	0		0	0	0	0	0	0.401	0.439	0.476	0	0	0.000	0.000	0.000	0.000	36.000	0.000	350.000	0.000	985.029	0.9789	1.0000
hadur2.Hadur 3.9sa	dft.Cyanide 1.90	mid-shield		7	true	35	2294.000	59.000	35	1750.000	0.000	161.000	59.000	9	35312	0.205	0.435	12.265	35	0	0	0.097	0.031	4	1964	85	1965	1964	1	0	0	0	0	1954	0	220	T?/M?	live	0	0	0	650	489.580	650.000	858.914	40	349	0	3	3	15	1	0	0		0	0	0	0	0	0.379	0.431	0.485	0	0	0.000	0.000	0.000	0.000	32.000	0.000	350.000	0.000	1008.914	0.9749	1.0000
hadur2.Hadur 3.9sa	dft.Cyanide 1.90	mid-shield		8	true	35	2353.000	244.000	34	1700.000	50.000	264.000	171.000	7	34683	0.210	0.488	14.333	35	0	0	0.130	0.035	7	1941	87	1941	1941	0	3	0	0	0	1820	0	309	T?/M?	live	0	0	0	650	486.657	650.000	840.943	30	227	0	1	5	118	8	0	0		0	0	0	0	0	0.406	0.451	0.476	0	0	0.000	0.000	0.000	0.000	48.000	13.000	340.000	10.000	990.943	0.9060	0.9714
hadur2.Hadur 3.9sa	dz.Caedo 1.4	mid-shield		1	true	35	3152.000	1448.000	27	1350.000	400.000	1327.000	888.000	17	26663	0.264	0.796	15.482	35	0	0	0.206	0.262	15	1327	40	1294	1294	6	10	0	0	0	788	192	711	T?/M?	live	0	0	0	650	292.014	650.000	611.800	233	147	224	3	4	510	41	0	0		555	0	0	0	0	0.379	0.435	0.485	0	0	0.000	0.000	0.000	0.000	205.000	80.000	270.000	80.000	761.800	0.6852	0.7714
hadur2.Hadur 3.9sa	dz.Caedo 1.4	mid-shield		2	true	35	2938.000	806.000	32	1600.000	150.000	860.000	600.000	11	27794	0.208	0.660	17.268	35	0	0	0.231	0.063	10	1407	41	1407	1407	4	16	0	0	0	1143	138	418	T?/M?	live	0	0	0	650	273.903	650.000	644.114	145	95	94	3	3	240	16	0	0		0	0	0	0	0	0.401	0.428	0.459	0	0	0.000	0.000	0.000	0.000	158.000	26.000	320.000	30.000	794.114	0.7847	0.9143
hadur2.Hadur 3.9sa	dz.Caedo 1.4	mid-shield		3	true	35	2895.000	1459.000	26	1300.000	450.000	1149.000	833.000	6	27019	0.238	0.679	14.798	34	0	0	0.182	0.079	16	1372	29	1371	1371	4	13	0	0	0	905	0	576	T?/M?	live	0	0	0	650	274.941	650.000	625.971	142	83	216	2	1484	426	27	0	0		0	0	0	1	1	0.379	0.424	0.459	0	0	0.000	2.000	0.000	0.000	186.000	84.000	260.000	90.000	771.971	0.6649	0.7429
hadur2.Hadur 3.9sa	dz.Caedo 1.4	mid-shield		4	true	35	3109.000	596.000	34	1700.000	50.000	892.000	526.000	9	27145	0.209	0.603	13.785	35	0	0	0.195	0.059	4	1371	59	1371	1371	4	12	0	0	0	1136	0	381	T?/M?	live	0	0	0	650	256.323	400.000	625.571	139	223	110	3	6	211	14	0	0		0	0	0	0	0	0.449	0.475	0.497	0	0	0.000	1.000	0.000	0.000	177.000	9.000	340.000	10.000	775.571	0.8391	0.9714
hadur2.Hadur 3.9sa	dz.Caedo 1.4	mid-shield		5	true	35	3121.000	600.000	34	1700.000	50.000	903.000	528.000	14	27847	0.212	0.638	15.652	35	0	0	0.237	0.062	2	1434	65	1433	1433	6	13	0	0	0	1209	0	371	T?/M?	live	0	0	0	650	274.206	650.000	645.629	119	156	92	2	4	197	11	0	0		0	0	0	0	0	0.411	0.456	0.476	0	0	0.000	0.000	0.000	0.000	178.000	12.000	340.000	10.000	795.629	0.8388	0.9714
hadur2.Hadur 3.9sa	dz.Caedo 1.4	mid-shield		6	true	35	2964.000	766.000	32	1600.000	150.000	883.000	558.000	14	27272	0.239	0.707	98.544	35	0	0	0.220	0.064	6	1388	46	1388	1388	5	11	0	0	0	1105	0	422	T?/M?	live	0	0	0	650	263.374	650.000	629.200	137	106	111	3	7	262	21	0	0		0	0	0	0	0	0.412	0.478	0.509	0	0	0.000	0.000	0.000	0.000	162.000	29.000	320.000	30.000	779.200	0.7946	0.9143
hadur2.Hadur 3.9sa	dz.Caedo 1.4	mid-shield		7	true	35	3164.000	1121.000	29	1450.000	300.000	1218.000	699.000	12	26243	0.257	0.772	14.115	35	0	0	0.174	0.068	17	1307	26	1307	1307	6	19	0	0	0	802	139	661	T?/M?	live	0	0	0	650	289.706	650.000	599.800	228	83	247	2	4	519	51	0	0		0	0	0	0	0	0.442	0.465	0.485	0	0	0.000	1.000	0.000	0.000	206.000	60.000	290.000	60.000	749.800	0.7384	0.8286
hadur2.Hadur 3.9sa	dz.Caedo 1.4	mid-shield		8	true	35	3862.000	1234.000	29	1450.000	300.000	1805.000	820.000	11	23232	0.281	0.781	14.336	35	0	0	0.202	0.102	8	1095	25	1095	1095	2	11	0	0	0	522	251	717	T?/M?	live	0	0	0	650	296.689	650.000	513.771	204	95	383	1	11	599	52	0	0		0	0	0	0	0	0.412	0.478	0.509	0	0	0.000	0.000	0.000	0.000	317.000	54.000	290.000	60.000	663.771	0.7578	0.8286
hadur2.Hadur 3.9sa	kawigi.mini.Fhqwhgads 1.1	mid-shield		1	true	35	2410.000	295.000	34	1700.000	50.000	313.000	223.000	11	28567	0.174	0.477	13.270	35	0	0	0.113	0.043	8	1471	54	1471	1471	6	5	0	0	0	1325	118	270	T?/M?	live	0	0	0	650	337.711	650.000	666.200	90	93	4	3	6	124	9	0	0		0	0	0	0	0	0.451	0.466	0.477	0	0	0.000	0.000	0.000	0.000	58.000	13.000	340.000	10.000	816.200	0.8909	0.9714
hadur2.Hadur 3.9sa	kawigi.mini.Fhqwhgads 1.1	mid-shield		2	true	35	2455.000	361.000	33	1650.000	100.000	396.000	228.000	9	28058	0.194	0.501	15.655	35	0	0	0.099	0.041	1	1434	49	1434	1434	3	4	0	0	0	1240	240	305	T?/M?	live	0	0	0	650	369.671	650.000	651.657	247	106	11	3	6	176	11	0	0		0	0	0	0	0	0.467	0.487	0.509	0	0	0.000	0.000	0.000	0.000	79.000	13.000	330.000	20.000	801.657	0.8718	0.9429
hadur2.Hadur 3.9sa	kawigi.mini.Fhqwhgads 1.1	mid-shield		3	true	35	2424.000	355.000	33	1650.000	100.000	373.000	221.000	11	28913	0.180	0.531	16.255	35	0	0	0.149	0.043	1	1512	53	1512	1512	1	0	0	0	0	1336	0	290	T?/M?	live	0	0	0	650	347.597	650.000	676.086	123	81	0	1	6	144	10	0	0		0	0	0	0	0	0.449	0.470	0.497	0	0	0.000	0.000	0.000	0.000	71.000	15.000	330.000	20.000	826.086	0.8723	0.9429
hadur2.Hadur 3.9sa	kawigi.mini.Fhqwhgads 1.1	mid-shield		4	true	35	2397.000	88.000	35	1750.000	0.000	247.000	88.000	9	29842	0.168	0.414	10.908	35	0	0	0.100	0.044	1	1560	68	1560	1560	2	1	0	0	0	1486	0	193	T?/M?	live	0	0	0	650	347.546	650.000	702.629	54	147	8	2	4	53	3	0	0		0	0	0	0	0	0.412	0.470	0.509	0	0	0.000	0.000	0.000	0.000	49.000	0.000	350.000	0.000	852.629	0.9646	1.0000
hadur2.Hadur 3.9sa	kawigi.mini.Fhqwhgads 1.1	mid-shield		5	true	35	2420.000	111.000	35	1750.000	0.000	266.000	111.000	10	29613	0.175	0.433	14.576	35	0	0	0.135	0.043	1	1550	66	1550	1550	5	4	0	0	0	1457	0	212	T?/M?	live	0	0	0	650	338.691	650.000	696.086	20	95	0	2	6	68	2	0	0		0	0	0	0	0	0.449	0.483	0.509	0	0	0.000	0.000	0.000	0.000	53.000	0.000	350.000	0.000	846.086	0.9561	1.0000
hadur2.Hadur 3.9sa	kawigi.mini.Fhqwhgads 1.1	mid-shield		6	true	35	2401.000	244.000	34	1700.000	50.000	301.000	177.000	12	29750	0.163	0.439	15.375	35	0	0	0.130	0.049	0	1563	64	1563	1563	5	1	0	0	0	1462	0	230	T?/M?	live	0	0	0	650	344.417	650.000	700.000	55	155	1	3	7	71	5	0	0		0	0	0	0	0	0.412	0.473	0.514	0	0	0.000	0.000	0.000	0.000	60.000	7.000	340.000	10.000	850.000	0.9078	0.9714
hadur2.Hadur 3.9sa	kawigi.mini.Fhqwhgads 1.1	mid-shield		7	true	35	2487.000	238.000	34	1700.000	50.000	372.000	174.000	13	28835	0.177	0.487	11.523	35	0	0	0.143	0.042	2	1496	58	1496	1496	3	1	0	0	0	1366	0	267	T?/M?	live	0	0	0	650	353.386	650.000	673.857	215	104	14	3	4	110	9	0	0		0	0	0	0	0	0.449	0.485	0.509	0	0	0.000	0.000	0.000	0.000	74.000	4.000	340.000	10.000	823.857	0.9127	0.9714
hadur2.Hadur 3.9sa	kawigi.mini.Fhqwhgads 1.1	mid-shield		8	true	35	2574.000	172.000	35	1750.000	0.000	395.000	172.000	9	29049	0.165	0.453	13.866	35	0	0	0.145	0.047	1	1503	66	1503	1503	4	4	0	0	0	1366	0	260	T?/M?	live	0	0	0	650	352.814	650.000	679.971	136	206	18	2	4	114	6	0	0		0	0	0	0	0	0.435	0.462	0.488	0	0	0.000	0.000	0.000	0.000	79.000	0.000	350.000	0.000	829.971	0.9374	1.0000
hadur2.Hadur 3.9sa	kawigi.sbf.FloodMini 1.4	mid-shield		1	true	35	2916.000	712.000	32	1600.000	150.000	836.000	504.000	16	25623	0.195	0.620	12.644	35	0	0	0.190	0.056	12	1248	36	1247	1247	10	6	0	0	0	987	338	391	T?/M?	live	0	0	0	650	291.074	650.000	582.086	294	87	126	2	5	266	35	0	0		0	0	0	0	0	0.412	0.475	0.514	0	0	1.000	4.000	0.000	13.000	159.000	11.000	320.000	30.000	732.086	0.8037	0.9143
hadur2.Hadur 3.9sa	kawigi.sbf.FloodMini 1.4	mid-shield		2	true	35	2807.000	733.000	31	1550.000	200.000	793.000	455.000	12	24670	0.183	0.633	14.307	35	0	0	0.152	0.059	4	1194	39	1194	1194	2	5	0	0	0	960	69	320	T?/M?	live	0	0	0	650	273.240	650.000	554.857	178	174	142	2	5	218	19	0	0		0	0	0	0	0	0.364	0.450	0.503	0	0	0.000	0.000	0.000	0.000	154.000	38.000	310.000	40.000	704.857	0.7929	0.8857
hadur2.Hadur 3.9sa	kawigi.sbf.FloodMini 1.4	mid-shield		3	true	35	2578.000	391.000	34	1700.000	50.000	427.000	319.000	11	29540	0.184	0.544	16.855	35	0	0	0.109	0.063	22	1490	64	1490	1490	3	10	0	0	0	1347	0	333	T?/M?	live	0	0	0	650	346.963	650.000	694.000	104	216	30	1	48	139	16	0	0		0	0	0	0	0	0.412	0.471	0.514	0	0	19.000	12.000	36.000	0.000	55.000	0.000	340.000	10.000	844.000	0.8683	0.9714
hadur2.Hadur 3.9sa	kawigi.sbf.FloodMini 1.4	mid-shield		4	true	35	2354.000	215.000	34	1700.000	50.000	262.000	150.000	11	29526	0.174	0.509	14.686	35	0	0	0.099	0.034	1	1511	57	1511	1511	4	2	0	0	0	1405	0	289	T?/M?	live	0	0	0	650	403.871	650.000	693.600	91	169	1	2	5	97	7	0	0		0	0	0	0	0	0.364	0.439	0.503	0	0	0.000	0.000	0.000	0.000	52.000	5.000	340.000	10.000	843.600	0.9163	0.9714
hadur2.Hadur 3.9sa	kawigi.sbf.FloodMini 1.4	mid-shield		5	true	35	2801.000	876.000	31	1550.000	200.000	787.000	605.000	11	26564	0.185	0.656	15.767	35	0	0	0.222	0.067	15	1328	51	1328	1328	7	8	0	0	0	1053	136	381	T?/M?	live	0	0	0	650	265.889	650.000	608.971	211	212	135	3	3	257	19	0	0		0	0	0	0	0	0.435	0.474	0.514	0	0	1.000	0.000	6.000	0.000	147.000	31.000	310.000	40.000	758.971	0.7618	0.8857
hadur2.Hadur 3.9sa	kawigi.sbf.FloodMini 1.4	mid-shield		6	true	35	2438.000	83.000	35	1750.000	0.000	282.000	83.000	11	28996	0.167	0.468	16.693	35	0	0	0.087	0.030	2	1470	59	1470	1470	3	3	0	0	0	1402	0	262	T?/M?	live	0	0	0	650	453.614	650.000	678.457	160	104	2	2	5	61	4	0	0		0	0	0	0	0	0.364	0.437	0.503	0	0	0.000	0.000	0.000	0.000	56.000	0.000	350.000	0.000	828.457	0.9671	1.0000
hadur2.Hadur 3.9sa	kawigi.sbf.FloodMini 1.4	mid-shield		7	true	35	3195.000	1343.000	27	1350.000	400.000	1334.000	796.000	7	21508	0.240	0.762	10.949	34	0	0	0.198	0.069	14	968	15	968	968	3	9	0	0	0	505	0	545	T?/M?	live	0	0	0	650	305.574	400.000	464.176	333	51	237	2	5	436	30	0	0		0	0	0	1	1	0.435	0.478	0.514	0	0	0.000	0.000	0.000	0.000	241.000	67.000	270.000	80.000	614.514	0.7041	0.7714
hadur2.Hadur 3.9sa	kawigi.sbf.FloodMini 1.4	mid-shield		8	true	35	2513.000	395.000	34	1700.000	50.000	394.000	326.000	9	29095	0.175	0.511	10.604	35	0	0	0.139	0.054	7	1488	65	1488	1488	3	7	0	0	0	1353	0	284	T?/M?	live	0	0	0	650	327.634	650.000	681.286	91	227	17	1	5	121	9	0	0		0	0	0	0	0	0.364	0.437	0.503	0	0	0.000	0.000	0.000	0.000	79.000	9.000	340.000	10.000	831.286	0.8642	0.9714
hadur2.Hadur 3.9sa	kid.Toa .0.5	mid-shield		1	true	35	2889.000	172.000	35	1750.000	0.000	665.000	172.000	10	40498	0.393	0.893	44.747	35	0	0	0.111	0.011	72	1756	1	1803	1756	5	7	0	0	0	1640	0	959	T?/M?	live	0	0	0	650	421.120	400.000	1007.086	0	63	2	2	6	157	7	0	0		0	0	0	0	0	0.364	0.452	0.503	0	0	0.000	0.000	0.000	0.000	124.000	0.000	350.000	0.000	1157.086	0.9438	1.0000
hadur2.Hadur 3.9sa	kid.Toa .0.5	mid-shield		2	true	35	2917.000	177.000	35	1750.000	0.000	691.000	177.000	9	44146	0.391	0.910	54.871	35	0	0	0.106	0.016	109	1771	0	1784	1771	2	4	0	0	0	1648	0	1264	T?/M?	live	0	0	0	650	431.726	650.000	1111.314	4	2	18	2	1	124	10	0	0		0	0	0	0	0	0.349	0.410	0.456	0	0	0.000	0.000	0.000	0.000	126.000	0.000	350.000	0.000	1261.314	0.9428	1.0000
hadur2.Hadur 3.9sa	kid.Toa .0.5	mid-shield		3	true	35	2970.000	165.000	35	1750.000	0.000	727.000	165.000	9	43054	0.398	0.922	54.667	35	0	0	0.099	0.016	92	1772	0	1791	1772	3	13	0	0	0	1625	0	1214	T?/M?	live	0	0	0	650	436.923	650.000	1080.114	0	1	5	1	6	170	19	0	0		0	0	0	0	0	0.364	0.447	0.503	0	0	0.000	0.000	0.000	0.000	143.000	0.000	350.000	0.000	1230.114	0.9474	1.0000
hadur2.Hadur 3.9sa	kid.Toa .0.5	mid-shield		4	true	35	2871.000	140.000	35	1750.000	0.000	644.000	140.000	8	45064	0.396	0.889	50.261	35	0	0	0.114	0.012	114	1807	0	1827	1807	5	4	0	0	0	1738	0	1251	T?/M?	live	0	0	0	650	431.731	650.000	1137.543	12	1	4	2	4	76	6	0	0		0	0	0	0	0	0.349	0.408	0.442	0	0	0.000	0.000	0.000	0.000	126.000	0.000	350.000	0.000	1287.543	0.9535	1.0000
hadur2.Hadur 3.9sa	kid.Toa .0.5	mid-shield		5	true	35	2845.000	301.000	34	1700.000	50.000	680.000	229.000	10	43020	0.413	1.024	43.817	35	0	0	0.128	0.017	123	1765	0	1821	1763	4	6	0	0	0	1636	0	1192	T?/M?	live	0	0	0	650	429.157	650.000	1079.143	0	2	14	2	6	178	12	0	0		0	0	0	0	0	0.349	0.411	0.491	0	0	0.000	0.000	0.000	0.000	125.000	13.000	340.000	10.000	1229.143	0.9043	0.9714
hadur2.Hadur 3.9sa	kid.Toa .0.5	mid-shield		6	true	35	2749.000	227.000	35	1750.000	0.000	549.000	227.000	13	45521	0.425	1.008	48.087	35	0	0	0.133	0.012	152	1819	0	2161	1819	3	6	0	0	0	1731	0	1305	T?/M?	live	0	0	0	650	418.080	400.000	1150.600	6	5	8	2	3	419	9	0	0		0	0	0	0	0	0.312	0.403	0.442	0	0	0.000	0.000	0.000	0.000	100.000	0.000	350.000	0.000	1300.600	0.9237	1.0000
hadur2.Hadur 3.9sa	kid.Toa .0.5	mid-shield		7	true	35	2643.000	537.000	32	1600.000	150.000	613.000	334.000	6	44289	0.432	1.087	63.177	34	0	0	0.103	0.019	165	1732	0	1845	1732	3	7	0	0	0	1480	0	1430	T?/M?	live	0	0	0	650	423.676	400.000	1128.118	2	21	37	2	3	322	12	0	0		0	0	0	1	1	0.349	0.415	0.491	0	0	0.000	0.000	0.000	0.000	110.000	23.000	320.000	30.000	1265.400	0.8311	0.9143
hadur2.Hadur 3.9sa	kid.Toa .0.5	mid-shield		8	true	35	2954.000	129.000	35	1750.000	0.000	717.000	129.000	9	42069	0.387	0.878	48.312	35	0	0	0.113	0.010	94	1699	0	1823	1699	2	5	0	0	0	1606	0	1139	T?/M?	live	0	0	0	650	422.369	400.000	1051.971	10	3	1	1	6	214	11	0	0		0	0	0	0	0	0.312	0.403	0.444	1	0	0.000	0.000	0.000	0.000	137.000	0.000	350.000	0.000	1201.971	0.9582	1.0000
hadur2.Hadur 3.9sa	kms.Golden 0.10	mid-shield		1	true	35	2351.000	289.000	34	1700.000	50.000	260.000	220.000	13	26923	0.176	0.445	15.470	35	0	0	0.124	0.015	9	1312	0	1312	1312	14	1	0	0	0	1220	0	204	T?/M?	live	0	0	0	650	294.083	650.000	619.229	90	21	6	3	3	83	9	0	0		0	0	0	0	0	0.427	0.454	0.491	0	0	0.000	0.000	0.000	0.000	51.000	9.000	340.000	10.000	769.229	0.8905	0.9714
hadur2.Hadur 3.9sa	kms.Golden 0.10	mid-shield		2	true	35	2359.000	279.000	34	1700.000	50.000	266.000	211.000	10	27139	0.167	0.421	16.589	35	0	0	0.111	0.017	5	1326	1	1326	1326	3	1	0	0	0	1266	0	176	T?/M?	live	0	0	0	650	300.557	650.000	625.400	41	26	0	3	4	46	4	0	0		0	0	0	0	0	0.349	0.377	0.421	0	0	0.000	0.000	0.000	0.000	53.000	8.000	340.000	10.000	775.400	0.8942	0.9714
hadur2.Hadur 3.9sa	kms.Golden 0.10	mid-shield		3	true	35	2300.000	742.000	31	1550.000	200.000	375.000	462.000	8	27500	0.190	0.551	15.793	35	0	0	0.141	0.027	23	1382	0	1382	1382	1	10	0	0	0	1093	226	420	T?/M?	live	0	0	0	650	329.029	650.000	635.714	52	104	16	1	9	303	33	0	0		0	0	0	0	0	0.393	0.446	0.491	0	0	2.000	2.000	0.000	0.000	62.000	38.000	310.000	40.000	785.714	0.7561	0.8857
hadur2.Hadur 3.9sa	kms.Golden 0.10	mid-shield		4	true	35	2427.000	473.000	33	1650.000	100.000	376.000	334.000	11	26406	0.169	0.478	13.440	35	0	0	0.128	0.024	6	1287	1	1287	1287	4	3	0	0	0	1144	0	245	T?/M?	live	0	0	0	650	291.377	650.000	604.457	155	90	28	3	3	132	15	0	0		0	0	0	0	0	0.353	0.383	0.421	0	0	0.000	0.000	0.000	0.000	71.000	19.000	330.000	20.000	754.457	0.8369	0.9429
hadur2.Hadur 3.9sa	kms.Golden 0.10	mid-shield		5	true	35	2358.000	1024.000	29	1450.000	300.000	529.000	610.000	11	26455	0.214	0.744	15.778	35	0	0	0.111	0.040	41	1324	1	1324	1324	6	3	0	0	0	857	63	603	T?/M?	live	0	0	0	650	322.711	400.000	605.857	72	66	102	3	6	494	46	0	0		0	0	0	0	0	0.349	0.420	0.442	0	0	0.000	0.000	0.000	0.000	89.000	54.000	290.000	60.000	755.857	0.6972	0.8286
hadur2.Hadur 3.9sa	kms.Golden 0.10	mid-shield		6	true	35	2468.000	277.000	35	1750.000	0.000	307.000	277.000	11	26454	0.158	0.432	12.533	35	0	0	0.144	0.022	6	1287	0	1287	1287	9	1	0	0	0	1192	0	194	T?/M?	live	0	0	0	650	296.057	650.000	605.829	88	88	16	3	2	78	8	0	0		0	0	0	0	0	0.328	0.384	0.429	0	0	0.000	0.000	0.000	0.000	61.000	0.000	350.000	0.000	755.829	0.8991	1.0000
hadur2.Hadur 3.9sa	kms.Golden 0.10	mid-shield		7	true	35	2527.000	838.000	31	1550.000	200.000	529.000	524.000	15	26100	0.199	0.657	12.618	35	0	0	0.144	0.041	56	1293	1	1293	1293	13	8	0	0	0	1004	0	384	T?/M?	live	0	0	0	650	317.111	650.000	595.714	74	54	76	3	6	283	26	0	0		0	0	0	0	0	0.404	0.429	0.442	0	0	34.000	34.000	24.000	0.000	81.000	40.000	310.000	40.000	745.714	0.7510	0.8857
hadur2.Hadur 3.9sa	kms.Golden 0.10	mid-shield		8	true	35	2402.000	488.000	33	1650.000	100.000	354.000	353.000	8	27798	0.179	0.461	10.928	35	0	0	0.110	0.025	11	1410	2	1410	1410	9	5	0	0	0	1260	0	274	T?/M?	live	0	0	0	650	337.794	650.000	644.229	48	86	24	1	5	149	18	0	0		0	0	0	0	0	0.312	0.374	0.429	0	0	0.000	0.000	0.000	0.000	69.000	15.000	330.000	20.000	794.229	0.8311	0.9429
hadur2.Hadur 3.9sa	lucasslf.Dodger 1.0	mid-shield		1	true	35	2242.000	132.000	35	1750.000	0.000	118.000	132.000	11	48973	0.184	0.425	21.652	35	0	0	0.054	0.019	2	3321	61	3321	3321	4	0	0	0	0	3211	0	234	T?/M?	live	0	0	0	650	432.169	650.000	1249.229	35	102	0	3	5	92	4	0	0		0	0	0	0	0	0.328	0.399	0.435	0	0	0.000	0.000	0.000	0.000	24.000	0.000	350.000	0.000	1399.229	0.9444	1.0000
hadur2.Hadur 3.9sa	lucasslf.Dodger 1.0	mid-shield		2	true	35	2177.000	263.000	34	1700.000	50.000	118.000	193.000	12	49265	0.198	0.429	227.374	35	0	0	0.072	0.025	3	3338	76	3338	3338	4	1	0	0	0	3265	0	194	T?/M?	live	0	0	0	650	417.886	650.000	1257.571	36	167	0	2	6	42	1	0	0		0	0	0	0	0	0.312	0.410	0.491	1	0	0.000	0.000	0.000	0.000	19.000	10.000	340.000	10.000	1407.571	0.8922	0.9714
hadur2.Hadur 3.9sa	lucasslf.Dodger 1.0	mid-shield		3	true	35	2321.000	335.000	34	1700.000	50.000	235.000	265.000	10	47194	0.188	0.489	34.346	35	0	0	0.112	0.029	6	3174	76	3174	3174	0	5	0	0	0	2975	0	308	T?/M?	live	0	0	0	650	402.326	650.000	1198.400	96	159	1	1	7	173	11	0	0		0	0	0	0	0	0.312	0.392	0.435	0	0	0.000	0.000	0.000	0.000	46.000	10.000	340.000	10.000	1348.400	0.8739	0.9714
hadur2.Hadur 3.9sa	lucasslf.Dodger 1.0	mid-shield		4	true	35	2194.000	315.000	34	1700.000	50.000	130.000	247.000	9	49879	0.181	0.432	17.521	35	0	0	0.123	0.027	4	3382	75	3382	3382	4	3	0	0	0	3326	0	184	T?/M?	live	0	0	0	650	405.197	650.000	1275.114	11	193	0	2	5	19	1	0	0		0	0	0	0	0	0.318	0.432	0.496	1	0	0.000	0.000	0.000	0.000	25.000	8.000	340.000	10.000	1425.114	0.8745	0.9714
hadur2.Hadur 3.9sa	lucasslf.Dodger 1.0	mid-shield		5	true	35	2090.000	360.000	33	1650.000	100.000	93.000	222.000	11	48425	0.189	0.433	62.717	35	0	0	0.058	0.028	5	3272	69	3272	3272	8	0	0	0	0	3173	0	199	T?/M?	live	0	0	0	650	401.211	650.000	1233.600	21	164	0	3	8	63	4	0	0		0	0	0	0	0	0.312	0.410	0.491	1	0	0.000	0.000	0.000	0.000	18.000	18.000	330.000	20.000	1383.571	0.8531	0.9429
hadur2.Hadur 3.9sa	lucasslf.Dodger 1.0	mid-shield		6	true	35	2251.000	408.000	34	1700.000	50.000	176.000	336.000	15	48594	0.192	0.438	24.126	35	0	0	0.098	0.032	3	3291	73	3289	3289	5	3	0	0	0	3188	0	196	T?/M?	live	0	0	0	650	385.077	650.000	1238.400	84	220	1	3	8	46	0	0	0		20	0	0	0	0	0.373	0.441	0.496	0	0	0.000	0.000	0.000	0.000	35.000	11.000	340.000	10.000	1388.400	0.8466	0.9714
hadur2.Hadur 3.9sa	lucasslf.Dodger 1.0	mid-shield		7	true	35	2295.000	156.000	35	1750.000	0.000	163.000	156.000	13	48776	0.193	0.446	19.237	35	0	0	0.085	0.023	1	3317	64	3317	3317	2	3	0	0	0	3207	0	218	T?/M?	live	0	0	0	650	410.066	650.000	1243.629	50	164	0	2	6	83	9	0	0		0	0	0	0	0	0.318	0.411	0.491	1	0	0.000	0.000	0.000	0.000	33.000	0.000	350.000	0.000	1393.600	0.9364	1.0000
hadur2.Hadur 3.9sa	lucasslf.Dodger 1.0	mid-shield		8	true	35	2335.000	397.000	33	1650.000	100.000	297.000	261.000	9	46592	0.188	0.457	19.354	35	0	0	0.069	0.033	1	3132	72	3132	3132	4	7	0	0	0	2967	0	256	T?/M?	live	0	0	0	650	425.674	650.000	1181.200	155	192	0	1	13	132	7	0	0		0	0	0	0	0	0.373	0.441	0.502	0	0	0.000	0.000	0.000	0.000	58.000	16.000	330.000	20.000	1331.200	0.8547	0.9429
hadur2.Hadur 3.9sa	mk.Alpha 0.2.1	mid-shield		1	true	35	2474.000	35.000	35	1750.000	0.000	312.000	35.000	11	35672	0.212	0.489	155.274	35	0	0	0.072	0.004	4	2086	0	2086	2085	6	4	0	0	0	2004	0	255	T?/M?	live	0	0	0	650	542.109	650.000	869.200	55	0	1	2	4	87	6	0	0		0	0	0	0	0	0.318	0.408	0.491	1	0	0.000	0.000	0.000	0.000	62.000	0.000	350.000	0.000	1019.200	0.9861	1.0000
hadur2.Hadur 3.9sa	mk.Alpha 0.2.1	mid-shield		2	true	35	2554.000	118.000	35	1750.000	0.000	379.000	118.000	9	34952	0.228	0.548	14.257	35	0	0	0.090	0.011	18	2036	1	2037	2035	2	2	0	0	0	1896	0	300	T?/M?	live	0	0	0	650	534.589	650.000	848.629	71	0	23	2	4	148	12	0	0		0	0	0	0	0	0.373	0.447	0.496	0	0	0.000	0.000	0.000	0.000	76.000	0.000	350.000	0.000	998.629	0.9558	1.0000
hadur2.Hadur 3.9sa	mk.Alpha 0.2.1	mid-shield		3	true	35	2419.000	82.000	35	1750.000	0.000	266.000	82.000	7	36312	0.213	0.518	64.122	35	0	0	0.079	0.007	14	2129	0	2129	2129	0	4	0	0	0	2053	238	265	T?/M?	live	0	0	0	650	522.351	650.000	887.486	97	0	7	1	7	88	14	0	0		0	0	0	0	0	0.318	0.407	0.491	1	0	0.000	0.000	0.000	0.000	53.000	0.000	350.000	0.000	1037.486	0.9672	1.0000
hadur2.Hadur 3.9sa	mk.Alpha 0.2.1	mid-shield		4	true	35	2425.000	73.000	35	1750.000	0.000	271.000	73.000	10	36483	0.211	0.541	13.630	35	0	0	0.104	0.006	11	2135	0	2135	2135	3	2	0	0	0	2043	158	279	T?/M?	live	0	0	0	650	550.029	650.000	892.371	73	0	3	2	3	98	8	0	0		0	0	0	0	0	0.373	0.447	0.496	0	0	0.000	0.000	0.000	0.000	54.000	0.000	350.000	0.000	1042.371	0.9708	1.0000
hadur2.Hadur 3.9sa	mk.Alpha 0.2.1	mid-shield		5	true	35	2209.000	20.000	35	1750.000	0.000	91.000	20.000	10	38174	0.215	0.506	16.168	35	0	0	0.061	0.001	9	2254	0	2254	2254	5	0	0	0	0	2252	0	198	T?/M?	live	0	0	0	650	565.060	650.000	940.686	0	0	0	2	5	0	0	0	0		0	0	0	0	0	0.373	0.443	0.496	0	0	0.000	0.000	0.000	0.000	18.000	0.000	350.000	0.000	1090.686	0.9910	1.0000
hadur2.Hadur 3.9sa	mk.Alpha 0.2.1	mid-shield		6	true	35	2260.000	20.000	35	1750.000	0.000	133.000	20.000	12	37852	0.207	0.473	17.838	35	0	0	0.089	0.001	5	2242	0	2242	2242	2	3	0	0	0	2240	0	188	T?/M?	live	0	0	0	650	562.086	650.000	931.486	0	0	0	3	3	0	0	0	0		0	0	0	0	0	0.373	0.431	0.502	0	0	0.000	0.000	0.000	0.000	27.000	0.000	350.000	0.000	1081.486	0.9912	1.0000
hadur2.Hadur 3.9sa	mk.Alpha 0.2.1	mid-shield		7	true	35	2424.000	30.000	35	1750.000	0.000	270.000	30.000	10	35854	0.199	0.491	16.869	35	0	0	0.088	0.002	9	2108	0	2108	2108	2	0	0	0	0	2033	0	231	T?/M?	live	0	0	0	650	526.289	400.000	874.400	64	0	18	2	5	77	5	0	0		0	0	0	0	0	0.373	0.438	0.486	0	0	0.000	0.000	0.000	0.000	54.000	0.000	350.000	0.000	1024.400	0.9878	1.0000
hadur2.Hadur 3.9sa	mk.Alpha 0.2.1	mid-shield		8	true	35	2473.000	60.000	35	1750.000	0.000	310.000	60.000	9	35850	0.205	0.486	18.760	35	0	0	0.095	0.007	10	2101	0	2101	2101	1	3	0	0	0	1994	187	278	T?/M?	live	0	0	0	650	541.511	650.000	874.286	57	0	0	1	273	114	10	0	0		0	0	0	0	0	0.378	0.430	0.484	0	0	0.000	0.000	0.000	0.000	62.000	0.000	350.000	0.000	1024.286	0.9763	1.0000
hadur2.Hadur 3.9sa	mladjo.Grrrrr 0.9	mid-shield		1	true	35	2406.000	227.000	35	1750.000	0.000	255.000	227.000	12	32497	0.179	0.495	16.003	35	0	0	0.146	0.016	8	1795	1	1795	1795	1	1	0	0	0	1697	0	209	T?/M?	live	0	0	0	650	401.020	550.000	778.486	70	36	11	3	3	79	4	0	0		0	0	0	0	0	0.400	0.449	0.502	0	0	0.000	0.000	0.000	0.000	51.000	0.000	350.000	0.000	928.486	0.9138	1.0000
hadur2.Hadur 3.9sa	mladjo.Grrrrr 0.9	mid-shield		2	true	35	2445.000	416.000	34	1700.000	50.000	339.000	345.000	8	32118	0.172	0.602	11.531	35	0	0	0.094	0.025	13	1773	0	1773	1773	2	2	0	0	0	1551	0	363	T?/M?	live	0	0	0	650	440.834	650.000	767.657	54	106	3	2	4	221	19	0	0		0	0	0	0	0	0.378	0.423	0.484	0	0	0.000	0.000	0.000	0.000	66.000	11.000	340.000	10.000	917.657	0.8546	0.9714
hadur2.Hadur 3.9sa	mladjo.Grrrrr 0.9	mid-shield		3	true	35	2231.000	390.000	33	1650.000	100.000	216.000	250.000	10	32862	0.174	0.432	15.790	35	0	0	0.103	0.016	10	1826	0	1826	1826	0	5	0	0	0	1704	0	242	T?/M?	live	0	0	0	650	408.980	625.000	788.914	15	55	0	1	7	108	8	0	0		0	0	0	0	0	0.385	0.440	0.502	0	0	0.000	0.000	0.000	0.000	35.000	20.000	330.000	20.000	938.914	0.8512	0.9429
hadur2.Hadur 3.9sa	mladjo.Grrrrr 0.9	mid-shield		4	true	35	2184.000	186.000	34	1700.000	50.000	122.000	119.000	8	33156	0.159	0.413	13.278	35	0	0	0.061	0.007	5	1836	0	1836	1836	5	1	0	0	0	1750	0	215	T?/M?	live	0	0	0	650	452.360	650.000	797.314	20	26	2	2	4	82	6	0	0		0	0	0	0	0	0.378	0.414	0.480	0	0	0.000	0.000	0.000	0.000	21.000	7.000	340.000	10.000	947.314	0.9215	0.9714
hadur2.Hadur 3.9sa	mladjo.Grrrrr 0.9	mid-shield		5	true	35	2383.000	365.000	34	1700.000	50.000	289.000	291.000	12	32209	0.181	0.509	14.328	35	0	0	0.136	0.019	12	1778	0	1778	1778	6	4	0	0	0	1577	0	335	T?/M?	live	0	0	0	650	427.200	650.000	770.257	46	30	9	3	7	201	14	0	0		0	0	0	0	0	0.383	0.435	0.502	0	0	0.000	0.000	0.000	0.000	55.000	13.000	340.000	10.000	920.257	0.8672	0.9714
hadur2.Hadur 3.9sa	mladjo.Grrrrr 0.9	mid-shield		6	true	35	2576.000	926.000	31	1550.000	200.000	610.000	643.000	23	31353	0.217	0.771	17.525	35	0	0	0.107	0.043	31	1747	2	1747	1747	7	6	0	0	0	1117	0	803	T?/M?	live	0	0	0	650	449.497	650.000	745.800	115	190	21	2	6	662	57	0	0		0	0	0	0	0	0.378	0.430	0.480	0	0	0.000	0.000	0.000	0.000	106.000	43.000	310.000	40.000	895.800	0.7356	0.8857
hadur2.Hadur 3.9sa	mladjo.Grrrrr 0.9	mid-shield		7	true	35	2304.000	239.000	34	1700.000	50.000	221.000	169.000	9	32549	0.158	0.431	14.589	35	0	0	0.101	0.013	7	1804	0	1804	1804	4	1	0	0	0	1708	0	211	T?/M?	live	0	0	0	650	419.337	625.000	779.971	16	18	5	2	4	87	7	0	0		0	0	0	0	0	0.383	0.433	0.502	0	0	0.000	0.000	0.000	0.000	42.000	9.000	340.000	10.000	929.971	0.9060	0.9714
hadur2.Hadur 3.9sa	mladjo.Grrrrr 0.9	mid-shield		8	true	35	2365.000	122.000	35	1750.000	0.000	221.000	122.000	9	32337	0.180	0.428	15.767	35	0	0	0.069	0.010	4	1776	0	1776	1776	3	2	0	0	0	1691	0	209	T?/M?	live	0	0	0	650	445.474	650.000	773.914	84	81	0	2	7	85	6	0	0		0	0	0	0	0	0.424	0.460	0.480	0	0	0.000	0.000	0.000	0.000	44.000	0.000	350.000	0.000	923.914	0.9509	1.0000
hadur2.Hadur 3.9sa	nz.jdc.nano.NeophytePattern 1.1	mid-shield		1	true	35	4303.000	1350.000	32	1600.000	150.000	1998.000	1137.000	10	19822	0.383	0.944	13.293	35	0	0	0.192	0.116	80	963	4	967	962	2	19	0	0	0	93	0	878	T?/M?	live	0	0	0	650	341.803	650.000	416.343	411	216	502	2	7	916	85	0	0		0	0	0	0	0	0.378	0.428	0.484	0	0	0.000	0.000	0.000	0.000	385.000	33.000	320.000	30.000	566.343	0.7612	0.9143
hadur2.Hadur 3.9sa	nz.jdc.nano.NeophytePattern 1.1	mid-shield		2	true	35	4635.000	1267.000	32	1600.000	150.000	2286.000	1050.000	10	18182	0.317	0.849	11.824	35	0	0	0.232	0.112	69	845	3	847	845	5	21	0	0	0	88	720	730	T?/M?	live	0	0	0	650	328.471	400.000	369.486	375	176	506	3	5	778	68	0	0		0	0	0	0	0	0.383	0.435	0.480	0	0	0.000	0.000	0.000	0.000	429.000	36.000	320.000	30.000	519.486	0.7853	0.9143
hadur2.Hadur 3.9sa	nz.jdc.nano.NeophytePattern 1.1	mid-shield		3	true	35	4434.000	1404.000	31	1550.000	200.000	2167.000	1119.000	10	18505	0.353	0.948	13.283	35	0	0	0.201	0.123	65	869	2	871	869	6	21	0	0	0	70	686	766	T?/M?	live	0	0	0	650	340.623	650.000	378.714	355	140	546	1	8	824	62	0	0		0	0	0	0	0	0.378	0.423	0.484	0	0	0.000	0.000	0.000	0.000	407.000	45.000	310.000	40.000	528.714	0.7595	0.8857
hadur2.Hadur 3.9sa	nz.jdc.nano.NeophytePattern 1.1	mid-shield		4	true	35	4475.000	1289.000	32	1600.000	150.000	2151.000	1074.000	13	18896	0.336	0.875	13.442	35	0	0	0.207	0.114	73	890	3	890	889	11	22	0	0	0	73	188	793	T?/M?	live	0	0	0	650	319.069	400.000	389.886	488	183	515	3	7	835	61	0	0		0	0	0	0	0	0.424	0.479	0.520	0	0	0.000	0.000	0.000	0.000	404.000	35.000	320.000	30.000	539.886	0.7764	0.9143
hadur2.Hadur 3.9sa	nz.jdc.nano.NeophytePattern 1.1	mid-shield		5	true	35	4185.000	1467.000	30	1500.000	250.000	2008.000	1108.000	8	19099	0.357	0.913	13.276	35	0	0	0.199	0.116	80	903	1	905	900	6	25	0	0	0	79	159	827	T?/M?	live	0	0	0	650	343.451	650.000	395.686	425	283	512	2	5	860	71	0	0		0	0	0	0	0	0.424	0.457	0.480	0	0	1.000	0.000	12.000	0.000	363.000	60.000	300.000	50.000	545.686	0.7404	0.8571
hadur2.Hadur 3.9sa	nz.jdc.nano.NeophytePattern 1.1	mid-shield		6	true	35	4711.000	1016.000	34	1700.000	50.000	2238.000	940.000	11	18308	0.364	0.943	12.964	35	0	0	0.225	0.104	44	848	3	851	848	3	19	0	0	0	77	488	744	T?/M?	live	0	0	0	650	339.091	400.000	373.086	528	245	461	2	3	792	69	0	0		0	0	0	0	0	0.423	0.474	0.520	1	0	0.000	0.000	0.000	0.000	432.000	16.000	340.000	10.000	523.086	0.8226	0.9714
hadur2.Hadur 3.9sa	nz.jdc.nano.NeophytePattern 1.1	mid-shield		7	true	35	4624.000	1070.000	34	1700.000	50.000	2157.000	995.000	11	18514	0.350	0.883	65.533	35	0	0	0.209	0.107	68	870	2	870	868	3	17	0	0	0	66	458	780	T?/M?	live	0	0	0	650	336.023	400.000	378.971	443	151	496	3	5	827	60	0	0		0	0	0	0	0	0.424	0.459	0.480	0	0	0.000	0.000	0.000	0.000	427.000	16.000	340.000	10.000	528.971	0.8121	0.9714
hadur2.Hadur 3.9sa	nz.jdc.nano.NeophytePattern 1.1	mid-shield		8	true	35	4315.000	1394.000	31	1550.000	200.000	2072.000	1104.000	9	19109	0.355	0.935	12.669	35	0	0	0.199	0.112	73	910	2	916	910	0	18	0	0	0	89	686	825	T?/M?	live	0	0	0	650	351.134	650.000	395.971	590	182	525	1	8	883	85	0	0		0	0	0	0	0	0.423	0.471	0.520	1	0	0.000	0.000	0.000	0.000	382.000	50.000	310.000	40.000	545.971	0.7558	0.8857
hadur2.Hadur 3.9sa	pedersen.Hubris 2.4	mid-shield		1	true	35	3815.000	1281.000	29	1450.000	300.000	1752.000	856.000	16	21850	0.440	1.036	20.137	35	0	0	0.168	0.078	14	1059	3	1059	1059	8	18	0	0	0	183	0	953	T?/M?	live	0	0	0	650	408.746	650.000	474.286	464	0	304	2	8	903	65	0	0		0	0	0	0	0	0.424	0.475	0.520	0	0	0.000	0.000	0.000	0.000	323.000	65.000	290.000	60.000	624.286	0.7486	0.8286
hadur2.Hadur 3.9sa	pedersen.Hubris 2.4	mid-shield		2	true	35	3693.000	1152.000	31	1550.000	200.000	1542.000	881.000	14	28000	0.342	0.926	14.613	35	0	0	0.182	0.077	41	1503	1	1506	1503	4	15	0	0	0	755	430	897	T?/M?	live	0	0	0	650	392.529	650.000	650.000	538	10	357	2	5	779	63	0	0		0	0	0	0	0	0.405	0.460	0.535	1	0	0.000	0.000	0.000	0.000	291.000	32.000	310.000	40.000	800.000	0.7622	0.8857
hadur2.Hadur 3.9sa	pedersen.Hubris 2.4	mid-shield		3	true	35	3788.000	1488.000	28	1400.000	350.000	1800.000	983.000	9	22840	0.433	0.949	21.236	35	0	0	0.172	0.085	68	1101	1	1101	1101	2	17	0	0	0	107	815	1161	T?/M?	live	0	0	0	650	414.237	500.000	502.571	562	9	438	1	5142	1070	88	0	0		0	0	0	0	0	0.424	0.470	0.520	0	0	0.000	0.000	0.000	0.000	309.000	85.000	280.000	70.000	652.571	0.7180	0.8000
hadur2.Hadur 3.9sa	pedersen.Hubris 2.4	mid-shield		4	true	35	3958.000	1002.000	32	1600.000	150.000	1704.000	793.000	15	25504	0.339	0.923	14.119	35	0	0	0.186	0.072	12	1363	0	1368	1362	11	10	0	0	0	762	530	669	T?/M?	live	0	0	0	650	404.603	400.000	578.686	302	0	352	3	4	611	45	0	0		0	0	0	0	0	0.405	0.462	0.535	1	0	0.000	0.000	0.000	0.000	334.000	29.000	320.000	30.000	728.686	0.7980	0.9143
hadur2.Hadur 3.9sa	pedersen.Hubris 2.4	mid-shield		5	true	35	4053.000	1127.000	32	1600.000	150.000	1791.000	908.000	17	23967	0.423	1.000	17.462	35	0	0	0.184	0.081	50	1189	4	1189	1189	11	13	0	0	0	280	767	1062	T?/M?	live	0	0	0	650	400.954	650.000	534.771	702	33	324	2	8	967	76	0	0		0	0	0	0	0	0.423	0.469	0.520	1	0	0.000	0.000	0.000	0.000	342.000	39.000	320.000	30.000	684.771	0.7824	0.9143
hadur2.Hadur 3.9sa	pedersen.Hubris 2.4	mid-shield		6	true	35	3848.000	1214.000	30	1500.000	250.000	1728.000	862.000	15	24357	0.440	1.005	16.729	35	0	0	0.168	0.082	46	1217	2	1217	1217	6	21	0	0	0	314	668	1046	T?/M?	live	0	0	0	650	410.794	650.000	545.914	517	56	372	2	5	936	68	0	0		0	0	0	0	0	0.405	0.461	0.535	1	0	0.000	0.000	0.000	0.000	320.000	52.000	300.000	50.000	695.914	0.7602	0.8571
hadur2.Hadur 3.9sa	pedersen.Hubris 2.4	mid-shield		7	true	35	3795.000	1148.000	30	1500.000	250.000	1673.000	799.000	5	22881	0.405	0.974	15.381	34	0	0	0.183	0.072	25	1099	3	1099	1099	3	16	0	0	0	354	407	829	T?/M?	live	0	0	0	650	395.912	575.000	506.000	554	0	308	2	5	732	43	0	0		0	0	0	1	1	0.423	0.471	0.520	1	0	0.000	0.000	0.000	0.000	322.000	49.000	300.000	50.000	653.743	0.7678	0.8571
hadur2.Hadur 3.9sa	pedersen.Hubris 2.4	mid-shield		8	true	35	4011.000	1320.000	30	1500.000	250.000	1869.000	958.000	13	21561	0.479	1.014	15.148	35	0	0	0.180	0.081	46	1019	2	1019	1019	2	20	0	0	0	74	0	1070	T?/M?	live	0	0	0	650	393.103	425.000	466.029	423	8	374	2	6	995	68	0	0		0	0	0	0	0	0.404	0.441	0.471	1	0	0.000	0.000	0.000	0.000	343.000	62.000	300.000	50.000	616.029	0.7524	0.8571
hadur2.Hadur 3.9sa	ph.micro.Pikeman 0.4.5	mid-shield		1	true	35	2186.000	19.000	35	1750.000	0.000	72.000	19.000	8	33116	0.182	0.439	54.306	35	0	0	0.055	0.001	3	1821	0	1821	1821	4	0	0	0	0	1819	0	135	T?/M?	live	0	0	0	650	504.200	650.000	796.171	0	0	0	2	4	0	0	0	0		0	0	0	0	0	0.405	0.473	0.535	1	0	0.000	0.000	0.000	0.000	14.000	0.000	350.000	0.000	946.171	0.9914	1.0000
hadur2.Hadur 3.9sa	ph.micro.Pikeman 0.4.5	mid-shield		2	true	35	2347.000	99.000	35	1750.000	0.000	206.000	99.000	11	32471	0.177	0.431	15.581	35	0	0	0.068	0.007	7	1774	0	1774	1774	3	2	0	0	0	1659	0	257	T?/M?	live	0	0	0	650	519.666	650.000	777.743	8	132	0	3	4	114	3	0	0		0	0	0	0	0	0.364	0.422	0.466	1	0	0.000	0.000	0.000	0.000	41.000	0.000	350.000	0.000	927.743	0.9595	1.0000
hadur2.Hadur 3.9sa	ph.micro.Pikeman 0.4.5	mid-shield		3	true	35	2183.000	66.000	35	1750.000	0.000	69.000	66.000	9	33315	0.184	0.458	14.072	35	0	0	0.062	0.003	3	1841	0	1841	1841	2	1	0	0	0	1779	0	200	T?/M?	live	0	0	0	650	490.866	650.000	801.857	0	9	0	1	6	63	4	0	0		0	0	0	0	0	0.405	0.473	0.535	1	0	0.000	0.000	0.000	0.000	14.000	0.000	350.000	0.000	951.857	0.9707	1.0000
hadur2.Hadur 3.9sa	ph.micro.Pikeman 0.4.5	mid-shield		4	true	35	2184.000	211.000	34	1700.000	50.000	123.000	140.000	10	33149	0.174	0.476	14.105	35	0	0	0.040	0.008	9	1829	0	1829	1829	7	2	0	0	0	1691	0	283	T?/M?	live	0	0	0	650	528.203	650.000	797.114	0	54	0	2	4	143	6	0	0		0	0	0	0	0	0.364	0.412	0.449	1	0	0.000	0.000	0.000	0.000	21.000	11.000	340.000	10.000	947.114	0.9119	0.9714
hadur2.Hadur 3.9sa	ph.micro.Pikeman 0.4.5	mid-shield		5	true	35	2117.000	289.000	33	1650.000	100.000	117.000	146.000	14	32682	0.191	0.449	16.663	35	0	0	0.042	0.010	11	1803	1	1783	1783	2	0	0	0	0	1629	0	314	T?/M?	live	0	0	0	650	492.860	650.000	783.771	3	16	0	3	6	161	9	0	0		298	0	0	0	0	0.425	0.445	0.471	1	0	0.000	0.000	0.000	0.000	20.000	24.000	330.000	20.000	933.771	0.8799	0.9429
hadur2.Hadur 3.9sa	ph.micro.Pikeman 0.4.5	mid-shield		6	true	35	2191.000	56.000	35	1750.000	0.000	76.000	56.000	12	33192	0.176	0.425	96.118	35	0	0	0.053	0.003	4	1829	0	1830	1829	5	0	0	0	0	1786	0	175	T?/M?	live	0	0	0	650	509.343	650.000	798.343	9	0	0	3	7	41	4	0	0		0	0	0	0	0	0.386	0.425	0.463	1	0	0.000	0.000	0.000	0.000	15.000	0.000	350.000	0.000	948.343	0.9751	1.0000
hadur2.Hadur 3.9sa	ph.micro.Pikeman 0.4.5	mid-shield		7	true	35	2201.000	66.000	35	1750.000	0.000	84.000	66.000	10	33145	0.180	0.438	14.129	35	0	0	0.061	0.004	9	1831	0	1831	1831	1	2	0	0	0	1735	25	248	T?/M?	live	0	0	0	650	498.949	650.000	797.000	7	36	0	3	6	110	14	0	0		0	0	0	0	0	0.427	0.450	0.471	0	0	0.000	0.000	0.000	0.000	17.000	0.000	350.000	0.000	947.000	0.9709	1.0000
hadur2.Hadur 3.9sa	ph.micro.Pikeman 0.4.5	mid-shield		8	true	35	2288.000	215.000	34	1700.000	50.000	208.000	144.000	7	32561	0.180	0.489	17.315	35	0	0	0.084	0.010	6	1792	0	1792	1792	0	1	0	0	0	1624	0	315	T?/M?	live	0	0	0	650	512.286	650.000	780.314	4	63	0	1	7	175	15	0	0		0	0	0	0	0	0.392	0.424	0.463	1	0	0.000	0.000	0.000	0.000	40.000	11.000	340.000	10.000	930.314	0.9141	0.9714
hadur2.Hadur 3.9sa	suh.mega.WaveSurferPG 1.06	mid-shield		1	true	35	3199.000	1016.000	30	1500.000	250.000	1140.000	648.000	15	34363	0.245	0.806	18.947	35	0	0	0.171	0.065	73	2158	23	2158	2158	10	13	0	0	0	1218	605	931	T?/M?	live	0	0	0	650	344.994	650.000	831.800	299	95	161	2	7	963	71	0	0		0	0	0	0	0	0.364	0.425	0.471	1	0	32.000	31.000	22.000	0.000	205.000	37.000	300.000	50.000	981.800	0.7590	0.8571
hadur2.Hadur 3.9sa	suh.mega.WaveSurferPG 1.06	mid-shield		2	true	35	2561.000	1106.000	28	1400.000	350.000	695.000	590.000	5	40910	0.182	0.516	20.717	34	0	0	0.204	0.046	83	2671	34	2750	2671	7	14	0	0	0	2233	0	455	T?/M?	live	0	0	0	650	308.359	650.000	1032.824	175	173	89	3	6	383	21	0	0		0	0	0	1	1	0.392	0.413	0.437	1	0	50.000	41.000	0.000	12.000	135.000	43.000	280.000	70.000	1168.857	0.6984	0.8000
hadur2.Hadur 3.9sa	suh.mega.WaveSurferPG 1.06	mid-shield		3	true	35	3228.000	1449.000	28	1400.000	350.000	1282.000	930.000	16	34914	0.275	0.889	16.286	35	0	0	0.167	0.087	107	2204	18	2231	2204	6	25	0	0	0	1062	1054	1193	T?/M?	live	0	0	0	650	348.591	650.000	847.543	345	42	200	3	87	1197	109	0	0		0	0	0	0	0	0.364	0.428	0.471	1	0	40.000	38.000	0.000	0.000	227.000	61.000	280.000	70.000	997.543	0.6902	0.8000
hadur2.Hadur 3.9sa	suh.mega.WaveSurferPG 1.06	mid-shield		4	true	35	2888.000	763.000	31	1550.000	200.000	872.000	484.000	11	36405	0.179	0.485	19.385	35	0	0	0.193	0.044	44	2261	34	2320	2260	8	8	0	0	0	1910	0	402	T?/M?	live	0	0	0	650	269.929	400.000	890.143	216	124	124	2	5	336	30	0	0		0	0	0	0	0	0.378	0.416	0.437	0	0	2.000	2.000	2.000	0.000	152.000	37.000	310.000	40.000	1040.143	0.7910	0.8857
hadur2.Hadur 3.9sa	suh.mega.WaveSurferPG 1.06	mid-shield		5	true	35	3065.000	1149.000	29	1450.000	300.000	1110.000	732.000	11	36172	0.220	0.818	18.295	35	0	0	0.221	0.070	83	2299	15	2356	2299	17	25	0	0	0	1430	633	932	T?/M?	live	0	0	0	650	307.303	400.000	883.486	393	138	117	2	8	907	81	0	0		0	0	0	0	0	0.364	0.412	0.463	1	0	4.000	1.000	0.000	0.000	212.000	56.000	290.000	60.000	1033.486	0.7273	0.8286
hadur2.Hadur 3.9sa	suh.mega.WaveSurferPG 1.06	mid-shield		6	true	35	3593.000	819.000	32	1600.000	150.000	1402.000	614.000	15	35817	0.235	0.808	22.527	35	0	0	0.158	0.072	48	2305	26	2348	2304	8	19	0	0	0	1404	901	919	T?/M?	live	0	0	0	650	352.734	650.000	873.343	168	103	233	3	8	961	97	0	0		0	0	0	0	0	0.378	0.408	0.432	0	0	0.000	0.000	0.000	0.000	271.000	25.000	320.000	30.000	1023.343	0.8144	0.9143
hadur2.Hadur 3.9sa	suh.mega.WaveSurferPG 1.06	mid-shield		7	true	35	2686.000	861.000	30	1500.000	250.000	750.000	521.000	13	39686	0.186	0.632	20.519	35	0	0	0.185	0.052	50	2554	36	2666	2554	8	8	0	0	0	2031	127	573	T?/M?	live	0	0	0	650	266.126	400.000	983.886	180	149	120	3	5	538	44	0	0		0	0	0	0	0	0.386	0.417	0.463	1	0	1.000	2.000	0.000	0.000	134.000	38.000	300.000	50.000	1133.886	0.7573	0.8571
hadur2.Hadur 3.9sa	suh.mega.WaveSurferPG 1.06	mid-shield		8	true	35	2881.000	1523.000	26	1300.000	450.000	1128.000	909.000	15	35508	0.305	0.900	18.375	35	0	0	0.177	0.075	86	2232	19	2232	2232	6	24	0	0	0	1006	880	1317	T?/M?	live	0	0	0	650	362.697	650.000	864.514	49	154	132	2	11	1282	105	0	0		0	0	0	0	0	0.378	0.407	0.441	0	0	1.000	0.000	0.000	0.000	192.000	75.000	260.000	90.000	1014.514	0.6542	0.7429
hadur2.Hadur 3.9sa	synapse.rsim.GeomancyBS 0.11	mid-shield		1	true	35	3186.000	1284.000	29	1450.000	300.000	1212.000	867.000	16	30879	0.342	0.943	15.093	35	0	0	0.173	0.062	47	1722	4	1722	1722	9	20	0	0	0	685	731	1244	T?/M?	live	0	0	0	650	356.417	650.000	732.257	630	0	50	2	6	1088	87	0	0		0	0	0	0	0	0.378	0.411	0.437	0	0	0.000	0.000	0.000	0.000	234.000	57.000	290.000	60.000	882.257	0.7128	0.8286
hadur2.Hadur 3.9sa	synapse.rsim.GeomancyBS 0.11	mid-shield		2	true	35	3018.000	1200.000	30	1500.000	250.000	1022.000	849.000	13	32225	0.323	0.894	11.283	35	0	0	0.187	0.055	54	1860	0	1860	1860	4	28	0	0	0	813	1042	1258	T?/M?	live	0	0	0	650	347.791	650.000	770.714	305	0	19	2	6	1109	108	0	0		0	0	0	0	0	0.350	0.399	0.442	0	0	0.000	0.000	0.000	0.000	196.000	51.000	300.000	50.000	920.714	0.7155	0.8571
hadur2.Hadur 3.9sa	synapse.rsim.GeomancyBS 0.11	mid-shield		3	true	35	2694.000	1793.000	26	1300.000	450.000	979.000	1165.000	14	34511	0.388	0.962	16.616	35	0	0	0.162	0.068	87	2012	2	2012	2012	7	24	0	0	0	675	1646	1652	T?/M?	live	0	0	0	650	359.749	650.000	836.029	304	1	61	2	235	1449	155	0	0		0	0	0	0	0	0.378	0.408	0.437	0	0	0.000	0.000	0.000	0.000	154.000	88.000	260.000	90.000	986.029	0.6004	0.7429
hadur2.Hadur 3.9sa	synapse.rsim.GeomancyBS 0.11	mid-shield		4	true	35	3175.000	1341.000	29	1450.000	300.000	1203.000	924.000	12	31080	0.347	0.867	15.543	35	0	0	0.154	0.061	84	1735	3	1735	1735	5	23	0	0	0	547	973	1456	T?/M?	live	0	0	0	650	358.403	400.000	738.000	347	29	76	2	10	1275	118	0	0		0	0	0	0	0	0.350	0.392	0.442	0	0	0.000	0.000	0.000	0.000	232.000	57.000	290.000	60.000	888.000	0.7031	0.8286
hadur2.Hadur 3.9sa	synapse.rsim.GeomancyBS 0.11	mid-shield		5	true	35	3139.000	1519.000	28	1400.000	350.000	1227.000	1026.000	21	30422	0.388	0.955	15.019	35	0	0	0.171	0.075	81	1688	1	1688	1688	17	18	0	0	0	497	1271	1435	T?/M?	live	0	0	0	650	359.097	400.000	719.200	550	1	111	3	7	1274	121	0	0		0	0	0	0	0	0.378	0.407	0.441	0	0	0.000	0.000	0.000	0.000	231.000	73.000	280.000	70.000	869.200	0.6739	0.8000
hadur2.Hadur 3.9sa	synapse.rsim.GeomancyBS 0.11	mid-shield		6	true	35	2814.000	1429.000	28	1400.000	350.000	965.000	936.000	15	34141	0.339	0.914	16.821	35	0	0	0.144	0.066	73	1974	0	1973	1973	9	25	0	0	0	791	1347	1445	T?/M?	live	0	0	0	650	350.240	650.000	825.457	382	0	16	3	8	1248	103	0	0		0	0	0	0	0	0.350	0.393	0.427	1	0	0.000	0.000	0.000	0.000	169.000	72.000	280.000	70.000	975.457	0.6632	0.8000
hadur2.Hadur 3.9sa	synapse.rsim.GeomancyBS 0.11	mid-shield		7	true	35	3123.000	1682.000	26	1300.000	450.000	1327.000	1055.000	17	30170	0.372	1.001	15.039	35	0	0	0.174	0.083	54	1710	3	1710	1710	9	22	0	0	0	554	992	1363	T?/M?	live	0	0	0	650	366.100	650.000	712.000	290	39	117	3	9	1246	125	0	0		0	0	0	0	0	0.377	0.406	0.442	0	0	0.000	0.000	0.000	0.000	236.000	88.000	260.000	90.000	862.000	0.6499	0.7429
hadur2.Hadur 3.9sa	synapse.rsim.GeomancyBS 0.11	mid-shield		8	true	35	2968.000	1240.000	29	1450.000	300.000	1031.000	834.000	9	33210	0.352	0.893	14.693	35	0	0	0.151	0.053	62	1926	3	1926	1926	2	24	0	0	0	770	1006	1404	T?/M?	live	0	0	0	650	358.700	625.000	798.857	339	3	40	2	9	1238	116	0	0		0	0	0	0	0	0.359	0.399	0.427	1	0	0.000	0.000	0.000	0.000	197.000	45.000	290.000	60.000	948.857	0.7053	0.8286
hadur2.Hadur 3.9sa	theo.avenge.Pequod 1.0	mid-shield		1	true	35	2605.000	297.000	35	1750.000	0.000	421.000	297.000	11	33306	0.332	0.984	17.140	35	0	0	0.118	0.019	22	1547	0	1549	1547	4	6	0	0	0	1344	0	564	T?/M?	live	0	0	0	650	491.374	650.000	801.600	151	23	0	2	5	199	16	0	0		0	0	0	0	0	0.350	0.395	0.442	0	0	0.000	0.000	0.000	0.000	84.000	0.000	350.000	0.000	951.600	0.8977	1.0000
hadur2.Hadur 3.9sa	theo.avenge.Pequod 1.0	mid-shield		2	true	35	2570.000	297.000	35	1750.000	0.000	391.000	297.000	14	33134	0.348	1.005	18.279	35	0	0	0.098	0.020	11	1561	0	1561	1561	4	7	0	0	0	1397	0	504	T?/M?	live	0	0	0	650	461.469	650.000	796.686	109	0	1	2	2	157	15	0	0		0	0	0	0	0	0.359	0.391	0.423	1	0	0.000	0.000	0.000	0.000	78.000	0.000	350.000	0.000	946.686	0.8964	1.0000
hadur2.Hadur 3.9sa	theo.avenge.Pequod 1.0	mid-shield		3	true	35	2364.000	314.000	34	1700.000	50.000	274.000	245.000	9	32817	0.363	0.979	13.734	35	0	0	0.118	0.014	14	1602	0	1603	1602	1	2	0	0	0	1446	0	411	T?/M?	live	0	0	0	650	473.629	650.000	787.629	39	0	0	1	6	153	13	0	0		0	0	0	0	0	0.350	0.394	0.442	0	0	0.000	0.000	0.000	0.000	49.000	9.000	340.000	10.000	937.629	0.8827	0.9714
hadur2.Hadur 3.9sa	theo.avenge.Pequod 1.0	mid-shield		4	true	35	2459.000	360.000	35	1750.000	0.000	300.000	360.000	9	32945	0.333	0.985	17.495	35	0	0	0.091	0.022	6	1628	0	1628	1628	4	4	0	0	0	1499	0	357	T?/M?	live	0	0	0	650	483.131	650.000	791.286	42	0	0	2	4	116	11	0	0		0	0	0	0	0	0.353	0.383	0.415	1	0	0.000	0.000	0.000	0.000	60.000	0.000	350.000	0.000	941.286	0.8723	1.0000
hadur2.Hadur 3.9sa	theo.avenge.Pequod 1.0	mid-shield		5	true	35	2477.000	385.000	34	1700.000	50.000	364.000	318.000	14	32561	0.328	0.967	23.086	35	0	0	0.092	0.020	10	1588	1	1591	1588	10	6	0	0	0	1425	182	423	T?/M?	live	0	0	0	650	484.934	650.000	780.314	145	31	0	3	5	160	20	0	0		0	0	0	0	0	0.364	0.396	0.427	1	0	0.000	0.000	0.000	0.000	73.000	6.000	340.000	10.000	930.314	0.8655	0.9714
hadur2.Hadur 3.9sa	theo.avenge.Pequod 1.0	mid-shield		6	true	35	2349.000	374.000	34	1700.000	50.000	258.000	308.000	13	34107	0.329	0.959	18.628	35	0	0	0.102	0.021	20	1642	0	1647	1642	4	1	0	0	0	1539	152	419	T?/M?	live	0	0	0	650	479.883	650.000	824.486	16	1	9	3	5	98	15	0	0		0	0	0	0	0	0.334	0.374	0.401	0	0	0.000	0.000	0.000	0.000	51.000	6.000	340.000	10.000	974.486	0.8627	0.9714
hadur2.Hadur 3.9sa	theo.avenge.Pequod 1.0	mid-shield		7	true	35	2643.000	546.000	34	1700.000	50.000	505.000	479.000	10	32491	0.340	1.038	15.921	35	0	0	0.123	0.033	20	1562	0	1562	1561	4	8	0	0	0	1327	0	516	T?/M?	live	0	0	0	650	505.491	650.000	778.314	27	5	7	2	5	228	18	0	0		0	0	0	0	0	0.359	0.400	0.427	1	0	0.000	0.000	0.000	0.000	98.000	7.000	340.000	10.000	928.314	0.8288	0.9714
hadur2.Hadur 3.9sa	theo.avenge.Pequod 1.0	mid-shield		8	true	35	2410.000	223.000	35	1750.000	0.000	259.000	223.000	8	33500	0.325	0.990	18.420	35	0	0	0.078	0.013	21	1607	0	1607	1607	4	4	0	0	0	1427	0	486	T?/M?	live	0	0	0	650	501.934	650.000	807.143	95	0	0	2	12	173	14	0	0		0	0	0	0	0	0.334	0.370	0.394	0	0	0.000	0.000	0.000	0.000	52.000	0.000	350.000	0.000	957.143	0.9153	1.0000
hadur2.Hadur 3.9sa	theo.real.Ahab 1.0	mid-shield		1	true	35	2454.000	593.000	33	1650.000	100.000	399.000	451.000	9	38242	0.497	1.339	21.037	35	0	0	0.063	0.028	21	2093	1	2093	2093	7	6	0	0	0	1749	383	619	T?/M?	live	0	0	0	650	503.286	650.000	942.629	101	0	0	2	7	341	34	0	0		0	0	0	0	0	0.353	0.386	0.423	1	0	0.000	0.000	0.000	0.000	74.000	22.000	330.000	20.000	1092.629	0.8054	0.9429
hadur2.Hadur 3.9sa	theo.real.Ahab 1.0	mid-shield		2	true	35	2352.000	452.000	34	1700.000	50.000	262.000	382.000	11	40027	0.468	1.290	20.618	35	0	0	0.064	0.024	34	2158	0	2160	2157	4	10	0	0	0	1903	0	609	T?/M?	live	0	0	0	650	496.234	650.000	993.629	0	3	5	3	6	252	29	0	0		0	0	0	0	0	0.325	0.385	0.427	0	0	0.000	0.000	0.000	0.000	50.000	10.000	340.000	10.000	1143.629	0.8388	0.9714
hadur2.Hadur 3.9sa	theo.real.Ahab 1.0	mid-shield		3	true	35	2710.000	675.000	33	1650.000	100.000	615.000	543.000	8	37831	0.535	1.416	21.960	35	0	0	0.113	0.037	69	1984	0	1984	1984	0	14	0	0	0	1201	1013	1229	T?/M?	live	0	0	0	650	498.694	650.000	930.886	346	55	0	1	7	813	75	0	0		0	0	0	0	0	0.334	0.376	0.415	1	0	0.000	0.000	0.000	0.000	114.000	12.000	330.000	20.000	1080.886	0.8006	0.9429
hadur2.Hadur 3.9sa	theo.real.Ahab 1.0	mid-shield		4	true	35	2480.000	223.000	35	1750.000	0.000	317.000	223.000	10	38574	0.453	1.181	18.158	35	0	0	0.077	0.017	11	2074	0	2077	2074	5	3	0	0	0	1931	0	445	T?/M?	live	0	0	0	650	478.689	650.000	952.114	68	0	0	3	2	123	8	0	0		0	0	0	0	0	0.325	0.387	0.427	0	0	0.000	0.000	0.000	0.000	63.000	0.000	350.000	0.000	1102.114	0.9175	1.0000
hadur2.Hadur 3.9sa	theo.real.Ahab 1.0	mid-shield		5	true	35	2316.000	359.000	35	1750.000	0.000	180.000	359.000	9	40705	0.472	1.268	22.912	35	0	0	0.053	0.021	27	2204	0	2204	2204	5	9	0	0	0	2032	0	505	T?/M?	live	0	0	0	650	493.934	650.000	1013.000	0	0	0	2	6	144	20	0	0		0	0	0	0	0	0.334	0.374	0.423	0	0	0.000	0.000	0.000	0.000	36.000	0.000	350.000	0.000	1163.000	0.8658	1.0000
hadur2.Hadur 3.9sa	theo.real.Ahab 1.0	mid-shield		6	true	35	2479.000	494.000	33	1650.000	100.000	419.000	357.000	14	37244	0.483	1.281	20.672	35	0	0	0.071	0.024	8	2054	0	2054	2054	6	5	0	0	0	1735	186	527	T?/M?	live	0	0	0	650	484.754	650.000	914.114	92	0	0	3	4	298	33	0	0		0	0	0	0	0	0.325	0.389	0.450	0	0	0.000	0.000	0.000	0.000	80.000	17.000	330.000	20.000	1064.114	0.8338	0.9429
hadur2.Hadur 3.9sa	theo.real.Ahab 1.0	mid-shield		7	true	35	2407.000	317.000	34	1700.000	50.000	311.000	247.000	11	38297	0.477	1.241	21.478	35	0	0	0.074	0.016	17	2099	0	2101	2099	2	5	0	0	0	1853	133	508	T?/M?	live	0	0	0	650	488.631	650.000	944.200	45	0	1	3	5	239	27	0	0		0	0	0	0	0	0.334	0.379	0.427	0	0	0.000	0.000	0.000	0.000	56.000	10.000	340.000	10.000	1094.200	0.8836	0.9714
hadur2.Hadur 3.9sa	theo.real.Ahab 1.0	mid-shield		8	true	35	2777.000	358.000	35	1750.000	0.000	565.000	358.000	10	36221	0.524	1.315	17.013	35	0	0	0.104	0.027	16	1969	1	1969	1969	2	7	0	0	0	1633	13	570	T?/M?	live	0	0	0	650	495.963	650.000	884.886	127	0	37	1	6	325	28	0	0		0	0	0	0	0	0.325	0.392	0.450	0	0	0.000	0.000	0.000	0.000	113.000	0.000	350.000	0.000	1034.886	0.8858	1.0000
hadur2.Hadur 3.9sa	tm.Yuugao 1.0	mid-shield		1	true	35	2546.000	453.000	33	1650.000	100.000	473.000	314.000	14	28510	0.167	0.543	14.398	35	0	0	0.207	0.025	19	1334	1	1334	1334	6	5	0	0	0	1208	0	345	T?/M?	live	0	0	0	650	344.166	650.000	664.571	73	0	12	2	5	73	4	0	0		0	0	0	0	0	0.357	0.370	0.382	0	0	0.000	0.000	0.000	0.000	93.000	20.000	330.000	20.000	814.571	0.8489	0.9429
hadur2.Hadur 3.9sa	tm.Yuugao 1.0	mid-shield		2	true	35	2962.000	1320.000	30	1500.000	250.000	998.000	954.000	5	29484	0.241	0.778	15.494	34	0	0	0.161	0.063	57	1394	1	1394	1394	3	17	0	0	0	814	118	898	T?/M?	live	0	0	0	650	420.071	650.000	697.912	204	30	87	2	5	558	54	0	0		0	0	0	1	1	0.353	0.389	0.423	0	0	0.000	0.000	0.000	0.000	164.000	66.000	300.000	50.000	842.400	0.6917	0.8571
hadur2.Hadur 3.9sa	tm.Yuugao 1.0	mid-shield		3	true	35	3131.000	649.000	35	1750.000	0.000	859.000	649.000	11	30945	0.253	0.785	15.852	35	0	0	0.153	0.042	67	1484	0	1484	1484	4	11	0	0	0	849	487	1013	T?/M?	live	0	0	0	650	467.420	625.000	734.143	139	0	77	2	85	643	58	0	0		0	0	0	0	0	0.353	0.395	0.427	0	0	0.000	0.000	0.000	0.000	172.000	0.000	350.000	0.000	884.143	0.8283	1.0000
hadur2.Hadur 3.9sa	tm.Yuugao 1.0	mid-shield		4	true	35	2685.000	963.000	30	1500.000	250.000	750.000	605.000	13	28112	0.223	0.771	17.879	35	0	0	0.177	0.039	41	1346	3	1346	1346	10	10	0	0	0	895	0	695	T?/M?	live	0	0	0	650	387.503	650.000	653.200	267	21	97	3	6	435	41	0	0		0	0	0	0	0	0.325	0.379	0.423	0	0	0.000	0.000	0.000	0.000	136.000	57.000	300.000	50.000	803.200	0.7360	0.8571
hadur2.Hadur 3.9sa	tm.Yuugao 1.0	mid-shield		5	true	35	3041.000	822.000	32	1600.000	150.000	942.000	597.000	13	27313	0.222	0.798	14.751	35	0	0	0.192	0.038	36	1294	3	1294	1294	10	12	0	0	0	799	0	736	T?/M?	live	0	0	0	650	437.926	400.000	630.371	179	0	69	3	7	487	36	0	0		0	0	0	0	0	0.332	0.387	0.423	0	0	0.000	0.000	0.000	0.000	179.000	45.000	320.000	30.000	780.371	0.7872	0.9143
hadur2.Hadur 3.9sa	tm.Yuugao 1.0	mid-shield		6	true	35	2980.000	1182.000	30	1500.000	250.000	1001.000	828.000	12	27675	0.260	0.834	14.315	35	0	0	0.176	0.056	57	1294	0	1294	1294	3	10	0	0	0	739	404	844	T?/M?	live	0	0	0	650	377.717	650.000	640.714	185	0	175	3	4	558	46	0	0		0	0	0	0	0	0.374	0.403	0.429	0	0	0.000	0.000	0.000	0.000	179.000	54.000	300.000	50.000	790.714	0.7160	0.8571
hadur2.Hadur 3.9sa	tm.Yuugao 1.0	mid-shield		7	true	35	2597.000	682.000	33	1650.000	100.000	524.000	537.000	12	32551	0.198	0.712	16.908	35	0	0	0.101	0.041	38	1598	2	1598	1598	4	6	0	0	0	1221	0	684	T?/M?	live	0	0	0	650	452.089	650.000	780.029	106	14	16	3	4	337	35	0	0		0	0	0	0	0	0.325	0.391	0.450	0	0	0.000	0.000	0.000	0.000	93.000	25.000	330.000	20.000	930.029	0.7920	0.9429
hadur2.Hadur 3.9sa	tm.Yuugao 1.0	mid-shield		8	true	35	2762.000	493.000	34	1700.000	50.000	602.000	420.000	9	28708	0.200	0.648	12.575	35	0	0	0.161	0.031	26	1369	3	1369	1369	3	7	0	0	0	1092	0	484	T?/M?	live	0	0	0	650	382.083	650.000	670.229	128	0	48	1	6	235	16	0	0		0	0	0	0	0	0.325	0.381	0.426	0	0	0.000	0.000	0.000	0.000	119.000	13.000	340.000	10.000	820.229	0.8485	0.9714
hadur2.Hadur 3.9sa	trab.Crusader 0.1.7	mid-shield		1	true	35	2324.000	551.000	33	1650.000	100.000	293.000	411.000	10	39456	0.269	1.306	18.484	35	0	0	0.077	0.027	24	2356	1	2356	2356	7	10	0	0	0	1950	150	612	T?/M?	live	0	0	0	650	429.354	650.000	977.314	73	0	6	2	8	408	39	0	0		0	0	0	0	0	0.330	0.399	0.450	0	0	0.000	0.000	0.000	0.000	51.000	20.000	330.000	20.000	1127.314	0.8083	0.9429
hadur2.Hadur 3.9sa	trab.Crusader 0.1.7	mid-shield		2	true	35	2318.000	559.000	34	1700.000	50.000	233.000	486.000	8	40814	0.283	1.253	24.140	35	0	0	0.069	0.028	37	2488	0	2488	2488	4	7	0	0	0	2104	0	600	T?/M?	live	0	0	0	650	426.760	650.000	1016.114	13	0	0	2	7	392	39	0	0		0	0	0	0	0	0.332	0.404	0.445	1	0	0.000	0.000	0.000	0.000	44.000	14.000	340.000	10.000	1166.114	0.8057	0.9714
hadur2.Hadur 3.9sa	trab.Crusader 0.1.7	mid-shield		3	true	35	2429.000	927.000	31	1550.000	200.000	484.000	643.000	4	37550	0.345	1.411	24.280	34	0	0	0.077	0.041	47	2224	0	2223	2223	3	14	0	0	0	1503	386	917	T?/M?	live	0	0	0	650	451.568	650.000	932.029	352	0	1	2	7	718	73	0	0		0	0	0	1	1	0.325	0.393	0.450	0	0	0.000	0.000	0.000	0.000	85.000	44.000	310.000	40.000	1072.857	0.7238	0.8857
hadur2.Hadur 3.9sa	trab.Crusader 0.1.7	mid-shield		4	true	35	2359.000	402.000	34	1700.000	50.000	269.000	328.000	11	40195	0.262	1.299	19.154	35	0	0	0.067	0.022	31	2403	1	2403	2403	4	4	0	0	0	2104	26	523	T?/M?	live	0	0	0	650	418.169	650.000	998.429	13	30	0	2	7	290	27	0	0		0	0	0	0	0	0.331	0.398	0.445	1	0	0.000	0.000	0.000	0.000	50.000	14.000	340.000	10.000	1148.429	0.8544	0.9714
hadur2.Hadur 3.9sa	trab.Crusader 0.1.7	mid-shield		5	true	35	2278.000	273.000	35	1750.000	0.000	148.000	273.000	10	41169	0.258	1.323	21.477	35	0	0	0.065	0.016	29	2481	0	2481	2481	6	6	0	0	0	2190	0	513	T?/M?	live	0	0	0	650	420.546	650.000	1026.257	246	0	1	3	4	289	32	0	0		0	0	0	0	0	0.325	0.395	0.445	0	0	0.000	0.000	0.000	0.000	30.000	0.000	350.000	0.000	1176.257	0.8930	1.0000
hadur2.Hadur 3.9sa	trab.Crusader 0.1.7	mid-shield		6	true	35	2023.000	1225.000	27	1350.000	400.000	358.000	668.000	10	38303	0.321	1.239	23.580	35	0	0	0.062	0.040	48	2304	2	2304	2304	4	8	0	0	0	1701	184	820	T?/M?	live	0	0	0	650	426.066	650.000	944.371	39	0	15	2	9	625	52	0	0		0	0	0	0	0	0.236	0.359	0.440	1	0	0.000	0.000	0.000	0.000	45.000	76.000	270.000	80.000	1094.371	0.6228	0.7714
hadur2.Hadur 3.9sa	trab.Crusader 0.1.7	mid-shield		7	true	35	2224.000	543.000	33	1650.000	100.000	207.000	404.000	13	41391	0.259	1.271	25.067	35	0	0	0.069	0.024	31	2464	0	2464	2464	2	3	0	0	0	2078	133	680	T?/M?	live	0	0	0	650	415.369	650.000	1032.600	587	1	0	3	9	394	37	0	0		0	0	0	0	0	0.325	0.402	0.445	1	0	0.000	0.000	0.000	0.000	37.000	18.000	330.000	20.000	1182.600	0.8038	0.9429
hadur2.Hadur 3.9sa	trab.Crusader 0.1.7	mid-shield		8	true	35	2663.000	448.000	35	1750.000	0.000	469.000	448.000	8	38723	0.266	1.354	25.469	35	0	0	0.098	0.031	31	2280	1	2280	2280	2	16	0	0	0	1837	0	668	T?/M?	live	0	0	0	650	443.426	650.000	956.371	153	0	29	2	8	438	28	0	0		0	0	0	0	0	0.160	0.317	0.424	1	0	0.000	0.000	0.000	0.000	94.000	0.000	350.000	0.000	1106.371	0.8560	1.0000
hadur2.Hadur 3.9sa	wiki.mini.Sedan 1.0	mid-shield		1	true	35	2417.000	230.000	35	1750.000	0.000	264.000	230.000	10	29381	0.178	0.528	14.932	35	0	0	0.099	0.031	20	1495	54	1495	1495	5	3	0	0	0	1281	0	433	T?/M?	live	0	0	0	650	476.229	650.000	689.457	49	149	0	3	6	214	18	0	0		0	0	0	0	0	0.330	0.385	0.426	0	0	0.000	0.000	0.000	0.000	53.000	0.000	350.000	0.000	839.457	0.9131	1.0000
hadur2.Hadur 3.9sa	wiki.mini.Sedan 1.0	mid-shield		2	true	35	2310.000	222.000	34	1700.000	50.000	225.000	155.000	9	29317	0.173	0.498	11.194	35	0	0	0.094	0.031	15	1503	58	1503	1503	3	1	0	0	0	1392	0	307	T?/M?	live	0	0	0	650	452.797	650.000	687.629	54	58	0	2	4	102	10	0	0		0	0	0	0	0	0.380	0.413	0.440	1	0	0.000	0.000	0.000	0.000	45.000	6.000	340.000	10.000	837.629	0.9123	0.9714
hadur2.Hadur 3.9sa	wiki.mini.Sedan 1.0	mid-shield		3	true	35	2295.000	179.000	34	1700.000	50.000	213.000	115.000	9	29444	0.171	0.454	12.903	35	0	0	0.100	0.027	12	1508	54	1508	1508	3	3	0	0	0	1414	0	287	T?/M?	live	0	0	0	650	453.757	650.000	691.257	24	30	0	2	8	85	8	0	0		0	0	0	0	0	0.325	0.418	0.445	1	0	0.000	0.000	0.000	0.000	43.000	5.000	340.000	10.000	841.257	0.9276	0.9714
hadur2.Hadur 3.9sa	wiki.mini.Sedan 1.0	mid-shield		4	true	35	2324.000	92.000	35	1750.000	0.000	187.000	92.000	12	29287	0.191	0.484	16.614	35	0	0	0.095	0.024	14	1497	52	1498	1497	6	2	0	0	0	1403	0	294	T?/M?	live	0	0	0	650	479.571	650.000	686.771	55	32	0	3	6	90	11	0	0		0	0	0	0	0	0.332	0.379	0.424	1	0	0.000	0.000	0.000	0.000	37.000	0.000	350.000	0.000	836.771	0.9619	1.0000
hadur2.Hadur 3.9sa	wiki.mini.Sedan 1.0	mid-shield		5	true	35	2330.000	39.000	35	1750.000	0.000	192.000	39.000	13	29384	0.174	0.458	14.400	35	0	0	0.102	0.026	2	1502	58	1502	1502	7	2	0	0	0	1480	0	211	T?/M?	live	0	0	0	650	486.211	650.000	689.571	4	7	0	3	6	5	0	0	0		0	0	0	0	0	0.332	0.379	0.424	1	0	0.000	0.000	0.000	0.000	38.000	0.000	350.000	0.000	839.543	0.9835	1.0000
hadur2.Hadur 3.9sa	wiki.mini.Sedan 1.0	mid-shield		6	true	35	2414.000	64.000	35	1750.000	0.000	262.000	64.000	9	28995	0.084	0.293	11.041	35	0	0	0.092	0.027	3	1474	53	1474	1474	4	0	0	0	0	1383	0	277	T?/M?	live	0	0	0	650	467.883	650.000	678.457	96	9	0	2	7	87	6	0	0		0	0	0	0	0	0.114	0.139	0.172	0	0	0.000	0.000	0.000	0.000	52.000	0.000	350.000	0.000	828.429	0.9742	1.0000
hadur2.Hadur 3.9sa	wiki.mini.Sedan 1.0	mid-shield		7	true	35	2361.000	133.000	35	1750.000	0.000	217.000	133.000	9	29527	0.146	0.423	13.282	35	0	0	0.088	0.031	3	1512	59	1512	1512	2	0	0	0	0	1438	148	264	T?/M?	live	0	0	0	650	456.286	650.000	693.629	43	11	0	2	5	65	8	0	0		0	0	0	0	0	0.236	0.316	0.389	0	0	0.000	0.000	0.000	0.000	43.000	0.000	350.000	0.000	843.629	0.9467	1.0000
hadur2.Hadur 3.9sa	wiki.mini.Sedan 1.0	mid-shield		8	true	35	2350.000	27.000	35	1750.000	0.000	208.000	27.000	6	28752	0.070	0.252	7.542	35	0	0	0.071	0.023	2	1465	54	1466	1465	2	2	0	0	0	1369	0	249	T?/M?	live	0	0	0	650	451.831	650.000	671.486	90	0	0	1	3	79	3	0	0		0	0	0	0	0	0.056	0.096	0.131	0	0	0.000	0.000	0.000	0.000	42.000	0.000	350.000	0.000	821.486	0.9886	1.0000
hadur2.Hadur 3.9	KiraNL.ChupaLite 0.4	mid-shield		1	true	35	3923.000	1144.000	31	1550.000	200.000	1731.000	848.000	20	21643	0.466	1.047	24.381	35	0	0	0.169	0.074	35	1096	3	1072	1071	69	16	0	0	0	76	57	1108	T?/M?	live	0	0	0	650	506.617	400.000	468.371	627	260	297	3	5	1067	74	0	0		298	0	0	0	0	0.299	0.421	0.474	0	0	0.000	0.000	0.000	0.000	331.000	56.000	310.000	40.000	618.371	0.7742	0.8857
hadur2.Hadur 3.9	KiraNL.ChupaLite 0.4	mid-shield		2	true	35	4045.000	1320.000	30	1500.000	250.000	1891.000	946.000	24	20464	0.467	1.068	13.992	35	0	0	0.195	0.090	39	1012	1	993	992	12	18	0	0	0	73	954	1033	T?/M?	live	0	0	0	650	472.686	400.000	434.686	597	351	341	3	4	993	71	0	0		298	0	0	0	0	0.299	0.437	0.562	0	0	0.000	0.000	0.000	0.000	354.000	74.000	300.000	50.000	584.686	0.7540	0.8571
hadur2.Hadur 3.9	KiraNL.ChupaLite 0.4	mid-shield		3	true	35	3953.000	1206.000	31	1550.000	200.000	1763.000	909.000	16	21458	0.445	1.008	18.324	35	0	0	0.159	0.076	24	1084	3	1084	1084	7	20	0	0	0	82	315	1098	T?/M?	live	0	0	0	650	491.180	400.000	463.086	561	266	302	3	3183	1084	82	0	0		0	0	0	0	0	0.360	0.432	0.474	0	0	0.000	0.000	0.000	0.000	329.000	57.000	310.000	40.000	613.086	0.7662	0.8857
hadur2.Hadur 3.9	KiraNL.ChupaLite 0.4	mid-shield		4	true	35	4098.000	1123.000	32	1600.000	150.000	1820.000	906.000	25	21277	0.490	1.074	13.406	35	0	0	0.177	0.084	35	1069	3	1069	1069	18	7	0	0	0	61	0	1083	T?/M?	live	0	0	0	650	505.169	650.000	457.914	405	268	383	3	6	1069	61	0	0		0	0	0	0	0	0.299	0.437	0.562	0	0	0.000	0.000	0.000	0.000	358.000	37.000	320.000	30.000	607.914	0.7849	0.9143
hadur2.Hadur 3.9	KiraNL.ChupaLite 0.4	mid-shield		5	true	35	4269.000	960.000	34	1700.000	50.000	1860.000	890.000	20	21623	0.449	1.027	13.320	35	0	0	0.185	0.075	64	1090	2	1090	1090	13	13	0	0	0	77	784	1127	T?/M?	live	0	0	0	650	485.709	400.000	467.800	446	447	418	3	6	1090	77	0	0		0	0	0	0	0	0.299	0.421	0.474	0	0	0.000	0.000	0.000	0.000	369.000	10.000	340.000	10.000	617.800	0.8164	0.9714
hadur2.Hadur 3.9	KiraNL.ChupaLite 0.4	mid-shield		6	true	35	3679.000	1509.000	29	1450.000	300.000	1645.000	1071.000	32	23098	0.471	1.109	14.333	35	0	0	0.155	0.097	46	1194	2	1152	1152	21	20	0	0	0	73	1181	1243	T?/M?	live	0	0	0	650	514.043	650.000	509.943	355	406	348	3	7	1152	72	0	0		596	0	0	0	0	0.299	0.435	0.562	0	0	0.000	0.000	0.000	0.000	294.000	78.000	290.000	60.000	659.943	0.7091	0.8286
hadur2.Hadur 3.9	KiraNL.ChupaLite 0.4	mid-shield		7	true	35	4246.000	1294.000	32	1600.000	150.000	1957.000	1080.000	18	21257	0.478	1.080	13.664	35	0	0	0.180	0.092	36	1070	1	1070	1070	10	17	0	0	0	68	796	1078	T?/M?	live	0	0	0	650	506.886	650.000	457.343	388	289	424	2	6	1070	68	0	0		0	0	0	0	0	0.360	0.428	0.474	0	0	0.000	0.000	0.000	0.000	370.000	34.000	320.000	30.000	607.343	0.7664	0.9143
hadur2.Hadur 3.9	KiraNL.ChupaLite 0.4	mid-shield		8	true	35	4149.000	1052.000	33	1650.000	100.000	1823.000	910.000	20	21979	0.486	1.077	13.840	35	0	0	0.178	0.080	37	1111	1	1110	1110	12	15	0	0	0	72	972	1152	T?/M?	live	0	0	0	650	500.006	400.000	477.971	561	471	324	3	262	1110	70	0	0		0	0	0	0	0	0.299	0.435	0.562	0	0	0.000	0.000	0.000	0.000	347.000	22.000	330.000	20.000	627.971	0.7977	0.9429
hadur2.Hadur 3.9	ak.Fermat 2.0	mid-shield		1	true	35	4172.000	749.000	34	1700.000	50.000	1781.000	679.000	5	20657	0.531	1.095	17.454	34	0	0	0.177	0.060	31	952	2	952	951	1	17	0	0	0	62	384	979	T?/M?	live	0	0	0	650	442.918	400.000	430.853	785	135	325	2	3	901	62	0	0		0	0	0	1	1	0.365	0.449	0.536	0	0	0.000	0.000	0.000	0.000	351.000	10.000	340.000	10.000	590.200	0.8478	0.9714
hadur2.Hadur 3.9	ak.Fermat 2.0	mid-shield		2	true	35	3729.000	902.000	33	1650.000	100.000	1461.000	765.000	17	23317	0.562	1.153	17.706	35	0	0	0.151	0.059	60	1121	3	1102	1101	5	12	0	0	0	76	0	1269	T?/M?	live	0	0	0	650	444.954	400.000	516.200	575	160	208	3	4	1099	75	0	0		298	0	0	0	0	0.299	0.437	0.562	0	0	0.000	0.000	0.000	0.000	288.000	17.000	330.000	20.000	666.200	0.8052	0.9429
hadur2.Hadur 3.9	ak.Fermat 2.0	mid-shield		3	true	35	4335.000	567.000	35	1750.000	0.000	1863.000	567.000	14	20330	0.500	1.030	16.526	35	0	0	0.172	0.053	24	937	2	937	937	4	12	0	0	0	63	0	1005	T?/M?	live	0	0	0	650	471.446	400.000	430.857	843	95	312	2	4	937	63	0	0		0	0	0	0	0	0.365	0.454	0.536	0	0	0.000	0.000	0.000	0.000	373.000	0.000	350.000	0.000	580.857	0.8843	1.0000
hadur2.Hadur 3.9	ak.Fermat 2.0	mid-shield		4	true	35	4113.000	851.000	33	1650.000	100.000	1783.000	700.000	14	20926	0.577	1.143	16.271	35	0	0	0.171	0.229	35	976	1	946	945	4	21	0	0	0	91	811	1061	T?/M?	live	0	0	0	650	476.097	650.000	447.886	706	153	294	3	3	946	89	0	0		473	0	0	0	0	0.299	0.435	0.562	0	0	0.000	0.000	0.000	0.000	350.000	30.000	330.000	20.000	597.886	0.8286	0.9429
hadur2.Hadur 3.9	ak.Fermat 2.0	mid-shield		5	true	35	3858.000	1164.000	31	1550.000	200.000	1683.000	872.000	4	21619	0.506	1.069	13.276	34	0	0	0.174	0.068	42	1014	2	1014	1013	2	14	0	0	0	65	175	1064	T?/M?	live	0	0	0	650	442.124	400.000	458.794	555	80	301	2	1	964	65	0	0		0	0	0	1	1	0.313	0.412	0.458	0	0	0.000	0.000	0.000	0.000	315.000	52.000	310.000	40.000	617.686	0.7682	0.8857
hadur2.Hadur 3.9	ak.Fermat 2.0	mid-shield		6	true	35	4009.000	718.000	34	1700.000	50.000	1645.000	646.000	14	22605	0.551	1.077	17.635	35	0	0	0.164	0.059	47	1088	1	1069	1069	5	12	0	0	0	66	0	1203	T?/M?	live	0	0	0	650	477.374	600.000	495.857	839	120	234	3	5	1069	65	0	0		298	0	0	0	0	0.351	0.430	0.536	0	0	0.000	0.000	0.000	0.000	323.000	12.000	340.000	10.000	645.857	0.8481	0.9714
hadur2.Hadur 3.9	ak.Fermat 2.0	mid-shield		7	true	35	4100.000	757.000	33	1650.000	100.000	1770.000	613.000	11	20347	0.541	1.066	17.325	35	0	0	0.178	0.056	30	947	4	928	926	5	6	0	0	0	65	347	1015	T?/M?	live	0	0	0	650	461.771	400.000	431.343	599	0	285	3	5	928	64	0	0		298	0	0	0	0	0.313	0.416	0.458	0	0	0.000	0.000	0.000	0.000	351.000	25.000	330.000	20.000	581.343	0.8441	0.9429
hadur2.Hadur 3.9	ak.Fermat 2.0	mid-shield		8	true	35	4170.000	865.000	33	1650.000	100.000	1832.000	723.000	11	20945	0.547	1.097	17.315	35	0	0	0.166	0.065	43	948	3	948	947	3	20	0	0	0	67	0	1054	T?/M?	live	0	0	0	650	467.280	400.000	448.429	415	92	354	2	133	948	67	0	0		0	0	0	0	0	0.351	0.434	0.536	0	0	0.000	0.000	0.000	0.000	358.000	22.000	330.000	20.000	598.429	0.8282	0.9429
hadur2.Hadur 3.9	ary.SMG 1.01	mid-shield		1	true	35	3881.000	1188.000	32	1600.000	150.000	1647.000	971.000	12	27833	0.531	1.037	15.152	35	0	0	0.153	0.081	53	1622	4	1622	1622	2	22	0	0	0	153	1086	1642	T?/M?	live	0	0	0	650	408.994	400.000	645.229	549	0	110	3	10	1619	153	0	0		0	0	0	0	0	0.313	0.408	0.458	1	0	0.000	0.000	0.000	0.000	313.000	36.000	320.000	30.000	795.229	0.7656	0.9143
hadur2.Hadur 3.9	ary.SMG 1.01	mid-shield		2	true	35	3182.000	1432.000	29	1450.000	300.000	1223.000	990.000	22	30011	0.576	1.126	14.197	35	0	0	0.115	0.083	72	1790	2	1770	1770	11	21	0	0	0	173	1505	1850	T?/M?	live	0	0	0	650	482.731	650.000	707.457	798	9	66	3	8	1770	172	0	0		298	0	0	0	0	0.351	0.434	0.536	0	0	1.000	0.000	0.000	0.000	218.000	83.000	290.000	60.000	857.457	0.6896	0.8286
hadur2.Hadur 3.9	ary.SMG 1.01	mid-shield		3	true	35	3429.000	1443.000	30	1500.000	250.000	1370.000	1081.000	14	30251	0.550	1.097	14.707	35	0	0	0.139	0.079	107	1790	4	1790	1790	5	24	0	0	0	158	1713	1894	T?/M?	live	0	0	0	650	444.997	650.000	714.314	444	0	94	2	384	1790	158	0	0		0	0	0	0	0	0.313	0.411	0.458	1	0	0.000	0.000	0.000	0.000	259.000	62.000	300.000	50.000	864.314	0.7038	0.8571
hadur2.Hadur 3.9	ary.SMG 1.01	mid-shield		4	true	35	3886.000	1084.000	33	1650.000	100.000	1602.000	938.000	14	27281	0.504	1.026	146.408	35	0	0	0.151	0.079	46	1580	4	1580	1580	6	26	0	0	0	134	1105	1611	T?/M?	live	0	0	0	650	436.669	600.000	629.457	439	0	110	3	8	1580	134	0	0		0	0	0	0	0	0.351	0.433	0.536	0	0	0.000	0.000	0.000	0.000	304.000	26.000	330.000	20.000	779.457	0.7819	0.9429
hadur2.Hadur 3.9	ary.SMG 1.01	mid-shield		5	true	35	3468.000	1897.000	26	1300.000	450.000	1616.000	1272.000	23	27452	0.508	1.108	115.091	35	0	0	0.157	0.106	74	1585	1	1585	1585	15	19	0	0	0	131	1315	1590	T?/M?	live	0	0	0	650	454.451	650.000	634.343	243	28	229	3	8	1572	131	0	0		0	0	0	0	0	0.313	0.410	0.463	1	0	0.000	0.000	0.000	0.000	291.000	85.000	260.000	90.000	784.343	0.6464	0.7429
hadur2.Hadur 3.9	ary.SMG 1.01	mid-shield		6	true	35	3222.000	1794.000	27	1350.000	400.000	1357.000	1215.000	18	30228	0.577	1.124	14.847	35	0	0	0.136	0.314	92	1812	4	1785	1785	9	23	0	0	0	159	1812	1865	T?/M?	live	0	0	0	650	468.357	650.000	713.657	538	31	112	3	8	1777	159	0	0		371	0	0	0	0	0.313	0.407	0.458	0	0	0.000	0.000	0.000	0.000	245.000	99.000	270.000	80.000	863.657	0.6423	0.7714
hadur2.Hadur 3.9	ary.SMG 1.01	mid-shield		7	true	35	3573.000	1470.000	29	1450.000	300.000	1544.000	1041.000	11	28398	0.467	1.013	83.433	35	0	0	0.175	0.080	75	1656	2	1656	1655	4	18	0	0	0	121	231	1700	T?/M?	live	0	0	0	650	424.011	575.000	661.371	496	16	109	2	7	1648	121	0	0		0	0	0	0	0	0.313	0.406	0.463	1	0	0.000	0.000	0.000	0.000	289.000	69.000	290.000	60.000	811.371	0.7085	0.8286
hadur2.Hadur 3.9	ary.SMG 1.01	mid-shield		8	true	35	3247.000	1730.000	28	1400.000	350.000	1332.000	1222.000	13	31685	0.498	1.075	14.435	35	0	0	0.134	0.089	102	1900	0	1900	1900	9	23	0	0	0	163	1654	2006	T?/M?	live	0	0	0	650	439.454	650.000	755.286	365	25	80	2	367	1892	163	0	0		0	0	0	0	0	0.313	0.403	0.458	1	0	0.000	0.000	0.000	0.000	235.000	88.000	280.000	70.000	905.286	0.6524	0.8000
hadur2.Hadur 3.9	ary.mini.Nimi 1.0	mid-shield		1	true	35	3403.000	1223.000	31	1550.000	200.000	1299.000	938.000	13	33744	0.444	0.938	12.947	35	0	0	0.121	0.063	122	1945	1	1945	1945	5	26	0	0	0	186	1860	2130	T?/M?	live	0	0	0	650	515.763	650.000	814.114	603	0	128	2	7	1895	186	0	0		0	0	0	0	0	0.351	0.407	0.454	0	0	0.000	0.000	0.000	0.000	245.000	45.000	310.000	40.000	964.114	0.7356	0.8857
hadur2.Hadur 3.9	ary.mini.Nimi 1.0	mid-shield		2	true	35	3434.000	1302.000	31	1550.000	200.000	1320.000	1016.000	14	31667	0.428	0.932	152.500	35	0	0	0.130	0.074	106	1826	1	1826	1826	6	17	0	0	0	187	1720	1993	T?/M?	live	0	0	0	650	505.686	650.000	754.771	513	0	76	2	8	1820	187	0	0		0	0	0	0	0	0.351	0.417	0.463	1	0	0.000	0.000	0.000	0.000	254.000	46.000	310.000	40.000	904.771	0.7251	0.8857
hadur2.Hadur 3.9	ary.mini.Nimi 1.0	mid-shield		3	true	35	3484.000	1156.000	32	1600.000	150.000	1316.000	947.000	9	33689	0.464	0.919	23.750	35	0	0	0.123	0.069	130	1923	0	1929	1923	4	23	0	0	0	196	1239	2144	T?/M?	live	0	0	0	650	481.854	500.000	812.543	479	2	143	2	466	1917	196	0	0		0	0	0	0	0	0.384	0.413	0.454	0	0	0.000	0.000	0.000	0.000	249.000	29.000	320.000	30.000	962.543	0.7509	0.9143
hadur2.Hadur 3.9	ary.mini.Nimi 1.0	mid-shield		4	true	35	3309.000	1288.000	30	1500.000	250.000	1269.000	933.000	16	31612	0.405	0.898	12.605	35	0	0	0.119	0.059	88	1826	1	1827	1826	8	18	0	0	0	169	1132	1963	T?/M?	live	0	0	0	650	524.397	650.000	753.200	513	0	51	2	8	1806	168	0	0		0	0	0	0	0	0.351	0.417	0.463	1	0	0.000	0.000	0.000	0.000	240.000	55.000	300.000	50.000	903.200	0.7198	0.8571
hadur2.Hadur 3.9	ary.mini.Nimi 1.0	mid-shield		5	true	35	3474.000	1236.000	31	1550.000	200.000	1360.000	944.000	6	31818	0.450	0.907	14.941	34	0	0	0.126	0.066	110	1826	2	1826	1826	6	19	0	0	0	181	1718	1925	T?/M?	live	0	0	0	650	493.394	400.000	763.324	732	0	133	3	5	1746	181	0	0		0	0	0	1	1	0.384	0.411	0.454	1	0	0.000	0.000	0.000	0.000	254.000	52.000	310.000	40.000	909.086	0.7376	0.8857
hadur2.Hadur 3.9	ary.mini.Nimi 1.0	mid-shield		6	true	35	3446.000	959.000	33	1650.000	100.000	1228.000	823.000	15	34114	0.476	0.983	12.428	35	0	0	0.115	0.068	117	1948	0	1952	1948	7	15	0	0	0	180	1973	2190	T?/M?	live	0	0	0	650	528.337	650.000	824.686	719	1	37	2	8	1947	180	0	0		0	0	0	0	0	0.351	0.419	0.463	1	0	0.000	0.000	0.000	0.000	238.000	16.000	330.000	20.000	974.686	0.7823	0.9429
hadur2.Hadur 3.9	ary.mini.Nimi 1.0	mid-shield		7	true	35	3429.000	1240.000	32	1600.000	150.000	1266.000	1020.000	28	32962	0.426	0.934	13.679	35	0	0	0.119	0.075	128	1886	1	1886	1885	24	25	0	0	0	174	1871	2098	T?/M?	live	0	0	0	650	515.577	650.000	791.771	744	1	61	2	7	1879	173	0	0		0	0	0	0	0	0.384	0.414	0.454	1	0	0.000	0.000	0.000	0.000	243.000	40.000	320.000	30.000	941.771	0.7344	0.9143
hadur2.Hadur 3.9	ary.mini.Nimi 1.0	mid-shield		8	true	35	3230.000	1347.000	29	1450.000	300.000	1263.000	913.000	8	31708	0.432	0.931	13.220	35	0	0	0.120	0.065	99	1838	2	1838	1838	3	16	0	0	0	167	1588	1993	T?/M?	live	0	0	0	650	486.911	550.000	755.943	605	0	88	1	37	1836	167	0	0		0	0	0	0	0	0.351	0.421	0.463	1	0	0.000	0.000	0.000	0.000	227.000	75.000	290.000	60.000	905.943	0.7057	0.8286
hadur2.Hadur 3.9	bayen.nut.Squirrel 1.621	mid-shield		1	true	35	3690.000	1024.000	31	1550.000	200.000	1533.000	741.000	18	26815	0.417	0.952	17.385	35	0	0	0.157	0.064	62	1530	3	1530	1530	9	23	0	0	0	147	1342	1569	T?/M?	live	0	0	0	650	476.020	650.000	616.143	667	0	166	3	7	1520	147	0	0	"Preventing bayen.nut.Squirrel 1.621 from access: (""java.io.FilePermission"" ""D:\code\Hadur_Robot\hadur-bench\target\classes\META-INF\services\java.time.zone.ZoneRulesProvider"" ""read""). You may only read files in your own root package directory."	0	0	1	0	0	0.384	0.409	0.446	1	0	0.000	0.000	0.000	0.000	296.000	43.000	310.000	40.000	766.143	0.7828	0.8857
hadur2.Hadur 3.9	bayen.nut.Squirrel 1.621	mid-shield		2	true	35	3868.000	760.000	34	1650.000	50.000	1578.000	685.000	14	26241	0.451	0.946	14.682	35	0	0	0.166	0.063	50	1460	1	1460	1460	3	13	0	0	0	144	1182	1498	T?/M?	live	0	0	0	650	468.534	575.000	599.743	526	1	109	2	7	1445	144	0	0	"Preventing bayen.nut.Squirrel 1.621 from access: (""java.io.FilePermission"" ""D:\code\Hadur_Robot\hadur-bench\target\classes\META-INF\services\java.time.zone.ZoneRulesProvider"" ""read""). You may only read files in your own root package directory."	0	0	1	0	0	0.351	0.413	0.454	0	0	0.000	0.000	0.000	0.000	310.000	15.000	330.000	10.000	749.743	0.8358	0.9706
hadur2.Hadur 3.9	bayen.nut.Squirrel 1.621	mid-shield		3	true	35	5437.000	411.000	35	1750.000	0.000	2781.000	409.000	12	12703	0.249	0.718	8.813	35	0	0	0.404	0.079	3	453	5	453	453	2	11	0	0	0	26	0	430	T?/M?	live	0	0	0	650	463.863	400.000	212.943	433	0	300	2	5	453	26	0	0	"Preventing bayen.nut.Squirrel 1.621 from access: (""java.io.FilePermission"" ""D:\code\Hadur_Robot\hadur-bench\target\classes\META-INF\services\java.time.zone.ZoneRulesProvider"" ""read""). You may only read files in your own root package directory."	0	0	1	0	0	0.388	0.410	0.428	0	0	0.000	2.000	0.000	0.000	556.000	0.000	350.000	0.000	362.943	0.9297	1.0000
hadur2.Hadur 3.9	bayen.nut.Squirrel 1.621	mid-shield		4	true	35	3794.000	1070.000	32	1600.000	150.000	1574.000	853.000	13	25274	0.414	0.911	14.457	35	0	0	0.162	0.063	53	1384	5	1384	1384	6	19	0	0	0	133	1045	1425	T?/M?	live	0	0	0	650	432.089	400.000	572.114	546	1	111	2	6	1373	133	0	0	"Preventing bayen.nut.Squirrel 1.621 from access: (""java.io.FilePermission"" ""D:\code\Hadur_Robot\hadur-bench\target\classes\META-INF\services\java.time.zone.ZoneRulesProvider"" ""read""). You may only read files in your own root package directory."	0	0	1	0	0	0.351	0.408	0.454	0	0	0.000	0.000	0.000	0.000	300.000	37.000	320.000	30.000	722.114	0.7800	0.9143
hadur2.Hadur 3.9	bayen.nut.Squirrel 1.621	mid-shield		5	true	35	5361.000	546.000	35	1750.000	0.000	2622.000	455.000	11	12999	0.270	0.716	10.663	35	0	0	0.375	0.084	67	463	5	465	463	4	22	0	0	0	18	0	445	T?/M?	live	0	0	0	650	452.029	400.000	221.400	236	1	347	3	4	459	17	0	0	"Preventing bayen.nut.Squirrel 1.621 from access: (""java.io.FilePermission"" ""D:\code\Hadur_Robot\hadur-bench\target\classes\META-INF\services\java.time.zone.ZoneRulesProvider"" ""read""). You may only read files in your own root package directory."	0	0	1	0	0	0.386	0.411	0.430	1	0	89.000	91.000	51.000	0.000	500.000	0.000	350.000	0.000	371.400	0.9076	1.0000
hadur2.Hadur 3.9	bayen.nut.Squirrel 1.621	mid-shield		6	true	35	5262.000	327.000	35	1750.000	0.000	2635.000	327.000	11	13249	0.264	0.695	10.148	35	0	0	0.377	0.056	1	485	5	485	485	2	17	0	0	0	25	0	464	T?/M?	live	0	0	0	650	462.769	400.000	228.543	320	0	332	2	3	485	25	0	0	"Preventing bayen.nut.Squirrel 1.621 from access: (""java.io.FilePermission"" ""D:\code\Hadur_Robot\hadur-bench\target\classes\META-INF\services\java.time.zone.ZoneRulesProvider"" ""read""). You may only read files in your own root package directory."	0	0	1	0	0	0.410	0.426	0.446	1	0	0.000	0.000	0.000	0.000	527.000	0.000	350.000	0.000	378.543	0.9415	1.0000
hadur2.Hadur 3.9	bayen.nut.Squirrel 1.621	mid-shield		7	true	35	3810.000	835.000	35	1750.000	0.000	1425.000	835.000	15	30862	0.484	0.958	15.088	35	0	0	0.127	0.055	76	1829	1	1811	1811	6	18	0	0	0	211	1797	1933	T?/M?	live	0	0	0	650	511.483	650.000	731.771	412	0	96	3	8	1811	210	0	0	"Preventing bayen.nut.Squirrel 1.621 from access: (""java.io.FilePermission"" ""D:\code\Hadur_Robot\hadur-bench\target\classes\META-INF\services\java.time.zone.ZoneRulesProvider"" ""read""). You may only read files in your own root package directory."	298	0	1	0	0	0.242	0.404	0.492	1	0	0.000	0.000	0.000	0.000	285.000	0.000	350.000	0.000	881.771	0.8202	1.0000
hadur2.Hadur 3.9	bayen.nut.Squirrel 1.621	mid-shield		8	true	35	3822.000	983.000	33	1650.000	100.000	1546.000	837.000	10	29095	0.484	1.011	227.908	35	0	0	0.155	0.070	94	1703	4	1703	1703	1	24	0	0	0	165	835	1789	T?/M?	live	0	0	0	650	443.771	550.000	681.286	885	7	117	1	10	1703	165	0	0	"Preventing bayen.nut.Squirrel 1.621 from access: (""java.io.FilePermission"" ""D:\code\Hadur_Robot\hadur-bench\target\classes\META-INF\services\java.time.zone.ZoneRulesProvider"" ""read""). You may only read files in your own root package directory."	0	0	1	0	0	0.353	0.428	0.500	1	0	0.000	1.000	0.000	0.000	296.000	25.000	330.000	20.000	831.286	0.7954	0.9429
hadur2.Hadur 3.9	brainfade.Fallen 0.63	mid-shield		1	true	35	3406.000	1454.000	29	1450.000	300.000	1402.000	1026.000	10	25278	0.367	0.902	86.042	34	0	0	0.165	0.073	124	1279	0	1257	1257	8	20	0	0	0	107	839	1363	T?/M?	live	0	0	0	650	425.697	400.000	567.000	522	0	395	3	5	1205	107	0	0		298	0	0	1	1	0.353	0.426	0.492	0	0	0.000	0.000	0.000	0.000	263.000	68.000	290.000	60.000	722.229	0.7008	0.8286
hadur2.Hadur 3.9	brainfade.Fallen 0.63	mid-shield		2	true	35	3787.000	1130.000	33	1650.000	100.000	1514.000	994.000	18	26536	0.443	0.970	13.512	35	0	0	0.147	0.079	96	1332	0	1332	1332	7	19	0	0	0	99	1256	1502	T?/M?	live	0	0	0	650	478.840	400.000	608.171	245	0	282	2	9	1332	99	0	0		0	0	0	0	0	0.386	0.433	0.500	1	0	0.000	0.000	0.000	0.000	293.000	16.000	330.000	20.000	758.171	0.7702	0.9429
hadur2.Hadur 3.9	brainfade.Fallen 0.63	mid-shield		3	true	35	2967.000	1831.000	24	1200.000	550.000	1310.000	1061.000	12	25753	0.410	0.928	61.607	35	0	0	0.185	0.077	188	1308	2	1309	1308	5	18	0	0	0	74	0	1454	T?/M?	live	0	0	0	650	427.426	400.000	585.800	471	0	509	2	281	1309	74	0	0		0	0	0	0	0	0.353	0.424	0.492	0	0	0.000	0.000	0.000	0.000	218.000	109.000	240.000	110.000	735.800	0.6184	0.6857
hadur2.Hadur 3.9	brainfade.Fallen 0.63	mid-shield		4	true	35	3463.000	1257.000	31	1550.000	200.000	1346.000	969.000	15	26952	0.398	0.916	34.723	35	0	0	0.139	0.071	87	1343	0	1343	1343	7	17	0	0	0	108	732	1581	T?/M?	live	0	0	0	650	469.654	650.000	620.057	342	31	177	3	9	1343	108	0	0		0	0	0	0	0	0.353	0.428	0.500	1	0	0.000	0.000	0.000	0.000	258.000	48.000	310.000	40.000	770.057	0.7337	0.8857
hadur2.Hadur 3.9	brainfade.Fallen 0.63	mid-shield		5	true	35	3212.000	1468.000	28	1400.000	350.000	1295.000	978.000	15	26524	0.453	0.953	279.483	35	0	0	0.142	0.066	91	1384	2	1384	1384	7	12	0	0	0	117	938	1551	T?/M?	live	0	0	0	650	468.406	550.000	607.829	491	0	178	2	8	1384	117	0	0		0	0	0	0	0	0.242	0.405	0.492	0	0	0.000	0.000	0.000	0.000	237.000	70.000	280.000	70.000	757.829	0.6863	0.8000
hadur2.Hadur 3.9	brainfade.Fallen 0.63	mid-shield		6	true	35	3188.000	1507.000	27	1350.000	400.000	1332.000	959.000	10	24983	0.424	0.921	15.315	35	0	0	0.166	0.071	122	1287	3	1287	1287	3	21	0	0	0	78	104	1373	T?/M?	live	0	0	0	650	428.163	400.000	563.800	365	29	440	3	7	1287	78	0	0		0	0	0	0	0	0.353	0.428	0.500	1	0	0.000	0.000	0.000	0.000	237.000	68.000	270.000	80.000	713.800	0.6790	0.7714
hadur2.Hadur 3.9	brainfade.Fallen 0.63	mid-shield		7	true	35	3365.000	1733.000	27	1350.000	400.000	1498.000	1165.000	14	25395	0.457	0.954	500.006	35	0	0	0.175	0.083	158	1333	1	1333	1333	7	22	0	0	0	102	1317	1422	T?/M?	live	0	0	0	650	432.937	400.000	575.571	297	0	417	3	5	1333	102	0	0		0	0	0	0	0	0.242	0.407	0.492	0	0	0.000	0.000	0.000	0.000	247.000	88.000	270.000	80.000	725.571	0.6601	0.7714
hadur2.Hadur 3.9	brainfade.Fallen 0.63	mid-shield		8	true	35	3333.000	1180.000	30	1500.000	250.000	1288.000	840.000	14	25821	0.345	0.826	203.968	35	0	0	0.155	0.064	112	1322	2	1322	1322	1	19	0	0	0	109	534	1448	T?/M?	live	0	0	0	650	450.237	400.000	587.743	255	0	383	2	4776	1322	109	0	0		0	0	0	0	0	0.353	0.420	0.492	1	0	0.000	0.000	0.000	0.000	245.000	40.000	300.000	50.000	737.743	0.7385	0.8571
hadur2.Hadur 3.9	can.Pookie 1.1	mid-shield		1	true	35	4084.000	663.000	35	1750.000	0.000	1653.000	663.000	11	20471	0.359	0.752	13.248	35	0	0	0.188	0.053	21	888	1	888	888	1	12	0	0	0	87	427	1041	T?/M?	live	0	0	0	650	412.594	400.000	434.886	659	0	174	3	6	888	87	0	0		0	0	0	0	0	0.242	0.447	0.515	0	0	0.000	0.000	0.000	0.000	331.000	0.000	350.000	0.000	584.886	0.8603	1.0000
hadur2.Hadur 3.9	can.Pookie 1.1	mid-shield		2	true	35	4012.000	858.000	35	1750.000	0.000	1593.000	858.000	11	22292	0.363	0.814	237.684	35	0	0	0.160	0.069	29	957	2	957	957	3	17	0	0	0	73	459	1200	T?/M?	live	0	0	0	650	450.020	450.000	486.914	457	0	139	3	8	957	73	0	0		0	0	0	0	0	0.242	0.405	0.483	0	0	0.000	0.000	0.000	0.000	319.000	0.000	350.000	0.000	636.914	0.8238	1.0000
hadur2.Hadur 3.9	can.Pookie 1.1	mid-shield		3	true	35	3730.000	1068.000	33	1650.000	100.000	1469.000	926.000	10	22537	0.401	0.886	13.584	35	0	0	0.163	0.072	33	1013	0	1018	1013	2	9	0	0	0	87	1095	1195	T?/M?	live	0	0	0	650	462.246	575.000	493.914	605	22	123	2	7	1018	87	0	0		0	0	0	0	0	0.419	0.458	0.501	0	0	0.000	0.000	0.000	0.000	281.000	21.000	330.000	20.000	643.914	0.7774	0.9429
hadur2.Hadur 3.9	can.Pookie 1.1	mid-shield		4	true	35	3864.000	1100.000	33	1650.000	100.000	1576.000	960.000	14	21950	0.393	0.836	13.758	35	0	0	0.166	0.072	35	963	1	963	963	3	17	0	0	0	100	1129	1158	T?/M?	live	0	0	0	650	418.734	400.000	477.143	485	0	168	2	7	963	100	0	0		0	0	0	0	0	0.242	0.432	0.515	0	0	0.000	0.000	0.000	0.000	308.000	20.000	330.000	20.000	627.143	0.7784	0.9429
hadur2.Hadur 3.9	can.Pookie 1.1	mid-shield		5	true	35	3698.000	1144.000	32	1600.000	150.000	1495.000	940.000	12	22171	0.403	0.857	13.133	35	0	0	0.174	0.070	45	995	1	996	995	3	15	0	0	0	98	777	1130	T?/M?	live	0	0	0	650	424.954	400.000	483.457	424	0	193	2	6	990	98	0	0		0	0	0	0	0	0.404	0.460	0.501	0	0	0.000	0.000	0.000	0.000	283.000	24.000	320.000	30.000	633.457	0.7637	0.9143
hadur2.Hadur 3.9	can.Pookie 1.1	mid-shield		6	true	35	3945.000	889.000	33	1650.000	100.000	1618.000	727.000	10	20187	0.365	0.770	12.473	35	0	0	0.186	0.063	42	875	0	875	875	3	14	0	0	0	78	432	1015	T?/M?	live	0	0	0	650	416.051	400.000	426.771	738	11	176	3	6	873	78	0	0		0	0	0	0	0	0.419	0.466	0.515	0	0	26.000	22.000	0.000	0.000	321.000	20.000	330.000	20.000	576.771	0.8161	0.9429
hadur2.Hadur 3.9	can.Pookie 1.1	mid-shield		7	true	35	3931.000	965.000	33	1650.000	100.000	1635.000	821.000	11	20511	0.355	0.794	233.364	35	0	0	0.183	0.071	18	912	0	912	912	2	12	0	0	0	78	161	1028	T?/M?	live	0	0	0	650	396.034	400.000	436.029	614	0	167	2	6	912	78	0	0		0	0	0	0	0	0.404	0.460	0.501	0	0	0.000	0.000	0.000	0.000	315.000	24.000	330.000	20.000	586.029	0.8029	0.9429
hadur2.Hadur 3.9	can.Pookie 1.1	mid-shield		8	true	35	3742.000	1356.000	30	1500.000	250.000	1629.000	1006.000	11	21317	0.407	0.901	14.020	35	0	0	0.184	0.082	28	936	1	936	936	0	16	0	0	0	77	611	1100	T?/M?	live	0	0	0	650	433.237	600.000	459.057	643	0	216	1	8	932	77	0	0		0	0	0	0	0	0.419	0.463	0.515	0	0	0.000	0.000	0.000	0.000	313.000	50.000	300.000	50.000	609.057	0.7340	0.8571
hadur2.Hadur 3.9	cf.mini.Chiva 1.0	mid-shield		1	true	35	4400.000	695.000	34	1700.000	50.000	1975.000	625.000	9	19634	0.338	0.798	12.254	35	0	0	0.196	0.063	20	882	3	882	882	3	24	0	0	0	78	126	925	T?/M?	live	0	0	0	650	444.560	400.000	410.971	340	8	399	2	6	882	78	0	0		0	0	0	0	0	0.419	0.458	0.501	0	0	0.000	0.000	0.000	0.000	385.000	10.000	340.000	10.000	560.971	0.8636	0.9714
hadur2.Hadur 3.9	cf.mini.Chiva 1.0	mid-shield		2	true	35	3710.000	975.000	31	1550.000	200.000	1548.000	690.000	11	23865	0.343	0.771	20.972	35	0	0	0.156	0.056	56	1094	0	1095	1094	3	15	0	0	0	106	1184	1283	T?/M?	live	0	0	0	650	505.383	400.000	531.857	607	56	183	2	8	1092	106	0	0		0	0	0	0	0	0.419	0.467	0.515	0	0	18.000	22.000	0.000	0.000	284.000	24.000	310.000	40.000	681.857	0.7919	0.8857
hadur2.Hadur 3.9	cf.mini.Chiva 1.0	mid-shield		3	true	35	3785.000	1100.000	32	1600.000	150.000	1566.000	884.000	11	24337	0.419	0.887	14.655	35	0	0	0.158	0.069	55	1117	0	1116	1116	2	18	0	0	0	88	799	1355	T?/M?	live	0	0	0	650	509.129	575.000	545.343	484	4	216	2	6	1116	88	0	0		0	0	0	0	0	0.404	0.456	0.501	0	0	0.000	0.000	0.000	0.000	299.000	37.000	320.000	30.000	695.343	0.7748	0.9143
hadur2.Hadur 3.9	cf.mini.Chiva 1.0	mid-shield		4	true	35	3943.000	991.000	32	1600.000	150.000	1704.000	778.000	12	22362	0.365	0.836	13.498	35	0	0	0.156	0.068	21	1029	1	1029	1029	5	14	0	0	0	86	842	1153	T?/M?	live	0	0	0	650	492.474	525.000	488.914	546	62	243	2	7	1028	86	0	0		0	0	0	0	0	0.419	0.465	0.515	0	0	0.000	0.000	0.000	0.000	319.000	33.000	320.000	30.000	638.914	0.7991	0.9143
hadur2.Hadur 3.9	cf.mini.Chiva 1.0	mid-shield		5	true	35	3852.000	957.000	32	1600.000	150.000	1620.000	767.000	10	23838	0.364	0.834	13.116	35	0	0	0.163	0.063	52	1089	2	1091	1089	4	16	0	0	0	95	1192	1241	T?/M?	live	0	0	0	650	497.491	425.000	531.086	444	31	260	3	8	1089	95	0	0		0	0	0	0	0	0.396	0.457	0.502	0	0	0.000	0.000	0.000	0.000	311.000	10.000	320.000	30.000	681.086	0.8010	0.9143
hadur2.Hadur 3.9	cf.mini.Chiva 1.0	mid-shield		6	true	35	3880.000	965.000	33	1650.000	100.000	1605.000	819.000	13	24374	0.369	0.850	13.090	35	0	0	0.154	0.062	52	1087	1	1096	1087	2	15	0	0	0	87	1070	1371	T?/M?	live	0	0	0	650	531.654	400.000	546.400	548	33	156	2	6	1096	87	0	0		0	0	0	0	0	0.396	0.457	0.501	0	0	0.000	0.000	0.000	0.000	296.000	26.000	330.000	20.000	696.400	0.8008	0.9429
hadur2.Hadur 3.9	cf.mini.Chiva 1.0	mid-shield		7	true	35	4175.000	702.000	34	1700.000	50.000	1783.000	633.000	14	21726	0.311	0.689	11.721	35	0	0	0.172	0.061	22	985	0	966	966	1	14	0	0	0	80	804	1113	T?/M?	live	0	0	0	650	461.760	475.000	470.743	516	0	301	3	5	966	79	0	0		298	0	0	0	0	0.363	0.449	0.502	0	0	1.000	0.000	0.000	0.000	351.000	9.000	340.000	10.000	620.743	0.8561	0.9714
hadur2.Hadur 3.9	cf.mini.Chiva 1.0	mid-shield		8	true	35	3887.000	765.000	34	1700.000	50.000	1540.000	705.000	13	24299	0.388	0.854	254.177	35	0	0	0.141	0.056	30	1121	1	1123	1121	2	16	0	0	0	102	1221	1292	T?/M?	live	0	0	0	650	515.826	650.000	544.257	621	29	163	1	334	1111	101	0	0		0	0	0	0	0	0.391	0.447	0.502	0	0	0.000	0.000	0.000	0.000	307.000	0.000	340.000	10.000	694.257	0.8356	0.9714
hadur2.Hadur 3.9	cf.proto.Shiva 2.2	mid-shield		1	true	35	3016.000	1506.000	28	1400.000	350.000	1136.000	1008.000	16	29958	0.457	0.942	15.384	35	0	0	0.119	0.072	86	1468	0	1453	1447	4	17	0	0	0	136	1268	1849	T?/M?	live	0	0	0	650	493.569	650.000	705.943	301	1	62	3	10	1451	134	0	0		298	0	0	0	0	0.363	0.415	0.477	0	0	0.000	0.000	0.000	0.000	200.000	78.000	280.000	70.000	855.943	0.6670	0.8000
hadur2.Hadur 3.9	cf.proto.Shiva 2.2	mid-shield		2	true	35	2947.000	1488.000	29	1450.000	300.000	1017.000	1072.000	12	30588	0.473	0.943	14.400	35	0	0	0.116	0.068	110	1569	1	1569	1569	4	13	0	0	0	165	1583	1933	T?/M?	live	0	0	0	650	492.120	650.000	723.943	364	0	74	2	10	1569	164	0	0		0	0	0	0	0	0.363	0.440	0.502	0	0	0.000	0.000	0.000	0.000	190.000	56.000	290.000	60.000	873.943	0.6645	0.8286
hadur2.Hadur 3.9	cf.proto.Shiva 2.2	mid-shield		3	true	35	2625.000	1878.000	26	1300.000	450.000	913.000	1237.000	15	32062	0.489	0.989	15.062	35	0	0	0.107	0.074	123	1664	1	1671	1664	5	6	0	0	0	161	1930	2075	T?/M?	live	0	0	0	650	496.280	650.000	766.057	467	4	26	2	12	1671	160	0	0		0	0	0	0	0	0.326	0.410	0.477	0	0	0.000	0.000	0.000	0.000	152.000	101.000	260.000	90.000	916.057	0.5829	0.7429
hadur2.Hadur 3.9	cf.proto.Shiva 2.2	mid-shield		4	true	35	2991.000	1736.000	27	1350.000	400.000	1181.000	1155.000	16	28778	0.467	0.951	13.842	35	0	0	0.116	0.074	69	1516	2	1510	1495	8	25	0	0	0	141	1570	1698	T?/M?	live	0	0	0	650	490.337	650.000	672.229	300	1	32	3	9	1496	141	0	0		298	0	0	0	0	0.363	0.443	0.502	0	0	0.000	0.000	0.000	0.000	189.000	101.000	270.000	80.000	822.229	0.6327	0.7714
hadur2.Hadur 3.9	cf.proto.Shiva 2.2	mid-shield		5	true	35	3113.000	1275.000	31	1550.000	200.000	1060.000	1005.000	13	32000	0.451	0.927	14.584	35	0	0	0.106	0.063	99	1572	0	1574	1572	4	14	0	0	0	150	1431	2018	T?/M?	live	0	0	0	650	499.711	650.000	764.286	641	55	27	2	10	1574	150	0	0		0	0	0	0	0	0.326	0.410	0.477	0	0	0.000	0.000	0.000	0.000	192.000	30.000	310.000	40.000	914.286	0.7094	0.8857
hadur2.Hadur 3.9	cf.proto.Shiva 2.2	mid-shield		6	true	35	3268.000	1350.000	30	1500.000	250.000	1243.000	994.000	14	27801	0.486	0.966	104.489	35	0	0	0.117	0.071	50	1437	0	1437	1437	4	20	0	0	0	120	979	1659	T?/M?	live	0	0	0	650	494.054	650.000	644.314	233	0	53	3	8	1437	120	0	0		0	0	0	0	0	0.363	0.443	0.502	0	0	0.000	0.000	0.000	0.000	225.000	56.000	300.000	50.000	794.314	0.7077	0.8571
hadur2.Hadur 3.9	cf.proto.Shiva 2.2	mid-shield		7	true	35	3358.000	1110.000	33	1650.000	100.000	1156.000	964.000	14	29321	0.460	0.931	14.621	35	0	0	0.113	0.066	76	1516	0	1517	1516	6	14	0	0	0	157	1622	1792	T?/M?	live	0	0	0	650	489.177	650.000	687.743	392	56	71	3	11	1517	156	0	0		0	0	0	0	0	0.326	0.410	0.477	0	0	0.000	0.000	0.000	0.000	222.000	25.000	330.000	20.000	837.743	0.7516	0.9429
hadur2.Hadur 3.9	cf.proto.Shiva 2.2	mid-shield		8	true	35	3154.000	1163.000	33	1650.000	100.000	989.000	1026.000	13	32457	0.461	0.941	14.594	35	0	0	0.112	0.065	128	1626	2	1630	1626	6	17	0	0	0	149	1549	2117	T?/M?	live	0	0	0	650	496.774	600.000	777.343	730	1	64	2	8	1630	148	0	0		0	0	0	0	0	0.363	0.443	0.502	0	0	0.000	0.000	0.000	0.000	186.000	17.000	330.000	20.000	927.343	0.7306	0.9429
hadur2.Hadur 3.9	chase.pm.Pytko 1.0	mid-shield		1	true	35	3193.000	1624.000	28	1400.000	350.000	1284.000	1124.000	9	28092	0.482	1.043	15.343	35	0	0	0.127	0.075	79	1496	0	1496	1496	3	13	0	0	0	128	1636	1694	T?/M?	live	0	0	0	650	469.526	400.000	652.629	343	485	138	3	10	1496	128	0	0		0	0	0	0	0	0.326	0.414	0.503	0	0	0.000	0.000	0.000	0.000	229.000	80.000	280.000	70.000	802.629	0.6629	0.8000
hadur2.Hadur 3.9	chase.pm.Pytko 1.0	mid-shield		2	true	35	3649.000	984.000	33	1650.000	100.000	1395.000	844.000	6	26657	0.451	0.973	14.545	34	0	0	0.132	0.064	43	1383	1	1383	1383	5	17	0	0	0	93	0	1482	T?/M?	live	0	0	0	650	493.644	600.000	604.176	537	535	91	3	8	1325	93	0	0		0	0	0	1	1	0.363	0.416	0.477	0	0	0.000	0.000	0.000	0.000	274.000	20.000	330.000	20.000	761.629	0.7876	0.9429
hadur2.Hadur 3.9	chase.pm.Pytko 1.0	mid-shield		3	true	35	2844.000	1835.000	26	1300.000	450.000	1097.000	1188.000	10	28696	0.567	1.144	14.240	35	0	0	0.112	0.080	63	1552	2	1552	1552	3	18	0	0	0	115	980	1749	T?/M?	live	0	0	0	650	489.903	650.000	669.886	271	305	9	2	207	1552	115	0	0		0	0	0	0	0	0.334	0.424	0.503	0	0	0.000	0.000	0.000	0.000	187.000	108.000	260.000	90.000	819.886	0.6078	0.7429
hadur2.Hadur 3.9	chase.pm.Pytko 1.0	mid-shield		4	true	35	2977.000	1678.000	28	1400.000	350.000	1105.000	1179.000	13	30009	0.542	1.089	14.082	35	0	0	0.115	0.071	88	1617	6	1600	1600	6	11	0	0	0	120	1526	1865	T?/M?	live	0	0	0	650	498.074	650.000	707.400	399	498	8	3	8	1600	120	0	0		298	0	0	0	0	0.326	0.419	0.503	0	0	0.000	0.000	0.000	0.000	193.000	79.000	280.000	70.000	857.400	0.6395	0.8000
hadur2.Hadur 3.9	chase.pm.Pytko 1.0	mid-shield		5	true	35	3490.000	1282.000	31	1550.000	200.000	1368.000	995.000	13	27127	0.530	1.049	14.265	35	0	0	0.119	0.072	40	1417	1	1417	1417	4	10	0	0	0	98	678	1583	T?/M?	live	0	0	0	650	495.317	650.000	625.057	605	538	15	3	8	1417	98	0	0		0	0	0	0	0	0.368	0.426	0.469	0	0	0.000	0.000	0.000	0.000	262.000	47.000	310.000	40.000	775.057	0.7313	0.8857
hadur2.Hadur 3.9	chase.pm.Pytko 1.0	mid-shield		6	true	35	3342.000	1137.000	31	1550.000	200.000	1244.000	848.000	6	27091	0.497	1.011	21.973	34	0	0	0.120	0.057	45	1413	2	1413	1413	6	12	0	0	0	104	746	1542	T?/M?	live	0	0	0	650	499.776	575.000	619.882	484	415	21	2	6	1362	104	0	0		0	0	0	1	1	0.334	0.412	0.503	0	0	0.000	0.000	0.000	0.000	237.000	48.000	310.000	40.000	774.029	0.7461	0.8857
hadur2.Hadur 3.9	chase.pm.Pytko 1.0	mid-shield		7	true	35	3616.000	1196.000	31	1550.000	200.000	1481.000	909.000	12	25735	0.420	0.988	14.978	35	0	0	0.135	0.069	35	1330	3	1330	1330	4	18	0	0	0	101	918	1460	T?/M?	live	0	0	0	650	455.443	400.000	585.286	665	492	107	3	7	1327	101	0	0		0	0	0	0	0	0.368	0.427	0.469	0	0	0.000	0.000	0.000	0.000	275.000	48.000	310.000	40.000	735.286	0.7515	0.8857
hadur2.Hadur 3.9	chase.pm.Pytko 1.0	mid-shield		8	true	35	3262.000	1400.000	29	1450.000	300.000	1288.000	971.000	14	27531	0.485	1.020	15.568	35	0	0	0.129	0.066	54	1440	0	1440	1440	6	21	0	0	0	108	1201	1627	T?/M?	live	0	0	0	650	498.366	650.000	636.600	388	513	41	2	8	1433	108	0	0		0	0	0	0	0	0.334	0.416	0.503	0	0	0.000	0.000	0.000	0.000	234.000	69.000	290.000	60.000	786.600	0.6997	0.8286
hadur2.Hadur 3.9	css.Delitioner 0.11	mid-shield		1	true	35	4064.000	1118.000	31	1550.000	200.000	1857.000	832.000	13	22997	0.402	0.909	14.619	35	0	0	0.168	0.085	25	1191	6	1191	1191	5	21	0	0	0	90	557	1208	T?/M?	live	0	0	0	650	386.780	650.000	507.057	671	0	259	3	10	1191	90	0	0		0	0	0	0	0	0.334	0.423	0.469	0	0	0.000	0.000	0.000	0.000	347.000	46.000	310.000	40.000	657.057	0.7843	0.8857
hadur2.Hadur 3.9	css.Delitioner 0.11	mid-shield		2	true	35	4196.000	1216.000	32	1600.000	150.000	1911.000	994.000	13	23241	0.406	0.910	17.876	35	0	0	0.177	0.092	46	1211	2	1211	1211	9	18	0	0	0	109	1204	1242	T?/M?	live	0	0	0	650	391.274	650.000	514.029	504	0	313	3	8	1209	109	0	0		0	0	0	0	0	0.334	0.414	0.503	0	0	0.000	0.000	0.000	0.000	365.000	42.000	320.000	30.000	664.029	0.7753	0.9143
hadur2.Hadur 3.9	css.Delitioner 0.11	mid-shield		3	true	35	4337.000	1002.000	33	1650.000	100.000	1971.000	864.000	11	22266	0.384	0.897	15.019	35	0	0	0.164	0.085	14	1145	1	1145	1145	4	19	0	0	0	81	545	1132	T?/M?	live	0	0	0	650	396.126	650.000	486.171	648	0	308	2	144	1144	81	0	0		0	0	0	0	0	0.334	0.426	0.469	0	0	0.000	0.000	0.000	0.000	387.000	18.000	330.000	20.000	636.171	0.8123	0.9429
hadur2.Hadur 3.9	css.Delitioner 0.11	mid-shield		4	true	35	4477.000	719.000	35	1750.000	0.000	1981.000	719.000	10	22916	0.334	0.778	14.983	35	0	0	0.169	0.071	32	1193	5	1193	1193	4	17	0	0	0	108	1072	1190	T?/M?	live	0	0	0	650	399.049	400.000	504.743	661	0	370	2	7	1193	108	0	0		0	0	0	0	0	0.340	0.423	0.503	0	0	0.000	0.000	0.000	0.000	396.000	0.000	350.000	0.000	654.743	0.8616	1.0000
hadur2.Hadur 3.9	css.Delitioner 0.11	mid-shield		5	true	35	4068.000	1261.000	30	1500.000	250.000	1917.000	903.000	11	22739	0.391	0.913	14.425	35	0	0	0.172	0.087	40	1177	3	1177	1177	6	14	0	0	0	78	1092	1165	T?/M?	live	0	0	0	650	397.746	650.000	499.686	649	0	390	3	7	1174	78	0	0		0	0	0	0	0	0.368	0.419	0.456	0	0	0.000	0.000	0.000	0.000	351.000	59.000	300.000	50.000	649.686	0.7634	0.8571
hadur2.Hadur 3.9	css.Delitioner 0.11	mid-shield		6	true	35	4422.000	973.000	34	1700.000	50.000	1987.000	893.000	16	23037	0.403	0.896	16.807	35	0	0	0.172	0.248	47	1200	2	1162	1162	5	18	0	0	0	93	655	1202	T?/M?	live	0	0	0	650	403.769	600.000	508.200	449	0	382	3	8	1162	91	0	0		582	0	0	0	0	0.391	0.436	0.469	0	0	2.000	5.000	0.000	0.000	393.000	15.000	340.000	10.000	658.200	0.8196	0.9714
hadur2.Hadur 3.9	css.Delitioner 0.11	mid-shield		7	true	35	4233.000	921.000	33	1650.000	100.000	1887.000	777.000	13	23954	0.396	0.900	14.059	35	0	0	0.164	0.072	32	1274	4	1274	1274	8	13	0	0	0	113	857	1283	T?/M?	live	0	0	0	650	399.494	650.000	534.400	752	0	242	2	8	1270	113	0	0		0	0	0	0	0	0.390	0.429	0.485	0	0	0.000	0.000	0.000	0.000	366.000	24.000	330.000	20.000	684.400	0.8213	0.9429
hadur2.Hadur 3.9	css.Delitioner 0.11	mid-shield		8	true	35	4304.000	829.000	34	1700.000	50.000	1896.000	758.000	11	24271	0.406	0.890	15.905	35	0	0	0.162	0.074	38	1286	2	1287	1286	2	20	0	0	0	93	577	1280	T?/M?	live	0	0	0	650	426.480	650.000	543.457	612	28	327	2	18	1287	92	0	0		0	0	0	0	0	0.368	0.415	0.456	0	0	0.000	0.000	0.000	0.000	368.000	11.000	340.000	10.000	693.457	0.8385	0.9714
hadur2.Hadur 3.9	dft.Cyanide 1.90	mid-shield		1	true	35	2760.000	1659.000	28	1400.000	350.000	929.000	1179.000	5	32046	0.564	1.027	11.317	34	0	0	0.107	0.070	115	1830	66	1822	1822	3	8	0	0	0	182	1395	2002	T?/M?	live	0	0	0	650	529.441	650.000	771.029	1272	343	13	2	7	1782	182	0	0		0	0	0	1	1	0.379	0.431	0.485	0	0	0.000	0.000	0.000	0.000	152.000	60.000	280.000	70.000	915.600	0.6246	0.8000
hadur2.Hadur 3.9	dft.Cyanide 1.90	mid-shield		2	true	35	2973.000	1524.000	30	1500.000	250.000	996.000	1164.000	3	30394	0.558	1.010	11.980	34	0	0	0.106	0.070	91	1730	68	1730	1730	2	10	0	0	0	175	1416	1872	T?/M?	live	0	0	0	650	525.832	650.000	718.118	779	341	2	2	9	1679	174	0	0		0	0	0	1	1	0.368	0.428	0.485	0	0	0.000	0.000	0.000	0.000	177.000	60.000	300.000	50.000	868.400	0.6611	0.8571
hadur2.Hadur 3.9	dft.Cyanide 1.90	mid-shield		3	true	35	2728.000	1539.000	29	1450.000	300.000	838.000	1120.000	4	31090	0.561	1.024	11.874	34	0	0	0.105	0.068	116	1767	72	1768	1767	1	17	0	0	0	191	1702	1968	T?/M?	live	0	0	0	650	524.959	650.000	741.824	877	461	27	2	11	1726	189	0	0		0	0	0	1	1	0.379	0.432	0.485	0	0	0.000	0.000	0.000	0.000	149.000	58.000	290.000	60.000	888.286	0.6393	0.8286
hadur2.Hadur 3.9	dft.Cyanide 1.90	mid-shield		4	true	35	2371.000	2145.000	24	1200.000	550.000	812.000	1359.000	15	31477	0.548	1.029	12.792	35	0	0	0.102	0.084	122	1835	94	1807	1807	9	17	0	0	0	171	1535	2046	T?/M?	live	0	0	0	650	529.909	650.000	749.371	1040	356	38	2	8	1804	170	0	0		0	0	0	0	0	0.368	0.426	0.485	0	0	0.000	0.000	0.000	0.000	119.000	126.000	240.000	110.000	899.343	0.5250	0.6857
hadur2.Hadur 3.9	dft.Cyanide 1.90	mid-shield		5	true	35	2782.000	1382.000	31	1550.000	200.000	782.000	1105.000	15	32440	0.546	1.014	13.181	35	0	0	0.104	0.065	142	1870	57	1870	1870	7	9	0	0	0	186	1121	2181	T?/M?	live	0	0	0	650	523.960	650.000	776.857	1493	445	36	3	8	1870	185	0	0		0	0	0	0	0	0.379	0.437	0.476	0	0	0.000	0.000	0.000	0.000	140.000	38.000	310.000	40.000	926.857	0.6681	0.8857
hadur2.Hadur 3.9	dft.Cyanide 1.90	mid-shield		6	true	35	3042.000	1164.000	31	1550.000	200.000	1000.000	885.000	9	29614	0.487	0.949	11.578	35	0	0	0.096	0.063	62	1671	61	1671	1671	4	17	0	0	0	168	1368	1862	T?/M?	live	0	0	0	650	525.837	650.000	696.114	1128	473	0	2	6	1671	166	0	0		0	0	0	0	0	0.379	0.428	0.485	0	0	0.000	0.000	0.000	0.000	182.000	39.000	310.000	40.000	846.114	0.7233	0.8857
hadur2.Hadur 3.9	dft.Cyanide 1.90	mid-shield		7	true	35	3277.000	1413.000	29	1450.000	300.000	1307.000	979.000	13	27693	0.509	0.954	11.682	35	0	0	0.109	0.067	34	1540	76	1540	1540	3	15	0	0	0	150	1230	1637	T?/M?	live	0	0	0	650	521.526	650.000	641.229	487	363	15	2	8	1540	150	0	0		0	0	0	0	0	0.401	0.438	0.476	0	0	0.000	0.000	0.000	0.000	230.000	74.000	290.000	60.000	791.229	0.6987	0.8286
hadur2.Hadur 3.9	dft.Cyanide 1.90	mid-shield		8	true	35	2789.000	1588.000	28	1400.000	350.000	948.000	1099.000	13	30089	0.533	0.979	12.952	35	0	0	0.101	0.070	89	1710	87	1710	1710	3	15	0	0	0	163	1750	1892	T?/M?	live	0	0	0	650	520.954	650.000	709.686	853	293	1	2	11	1710	162	0	0		0	0	0	0	0	0.379	0.433	0.485	0	0	0.000	0.000	0.000	0.000	160.000	68.000	280.000	70.000	859.686	0.6372	0.8000
hadur2.Hadur 3.9	dz.Caedo 1.4	mid-shield		1	true	35	5315.000	671.000	33	1650.000	100.000	2801.000	538.000	7	22409	0.325	0.878	14.412	34	0	0	0.197	0.128	7	1084	2	1084	1084	4	21	0	0	0	66	236	1026	T?/M?	live	0	0	0	650	314.935	650.000	480.000	576	0	618	2	5	1026	66	0	0		0	0	0	1	1	0.401	0.427	0.459	0	0	0.000	0.000	0.000	0.000	533.000	13.000	330.000	20.000	640.257	0.8879	0.9429
hadur2.Hadur 3.9	dz.Caedo 1.4	mid-shield		2	true	35	5290.000	639.000	33	1650.000	100.000	2777.000	509.000	13	20589	0.267	0.765	13.301	35	0	0	0.229	0.133	4	963	4	963	963	4	23	0	0	0	50	0	962	T?/M?	live	0	0	0	650	308.206	475.000	438.257	463	0	561	3	6	963	49	0	0		0	0	0	0	0	0.379	0.425	0.447	0	0	0.000	0.000	0.000	0.000	533.000	10.000	330.000	20.000	588.257	0.8922	0.9429
hadur2.Hadur 3.9	dz.Caedo 1.4	mid-shield		3	true	35	5234.000	820.000	33	1650.000	100.000	2722.000	682.000	9	20133	0.325	0.831	12.968	35	0	0	0.225	0.119	6	893	3	893	893	0	16	0	0	0	46	0	940	T?/M?	live	0	0	0	650	309.111	450.000	425.229	402	21	514	1	7	893	46	0	0		0	0	0	0	0	0.411	0.454	0.476	0	0	0.000	0.000	0.000	0.000	532.000	18.000	330.000	20.000	575.229	0.8646	0.9429
hadur2.Hadur 3.9	dz.Caedo 1.4	mid-shield		4	true	35	5187.000	719.000	32	1600.000	150.000	2749.000	518.000	12	22901	0.335	0.888	12.030	35	0	0	0.194	0.118	15	1137	3	1137	1137	5	22	0	0	0	78	1065	1123	T?/M?	live	0	0	0	650	324.131	550.000	504.314	470	21	645	2	6	1137	78	0	0		0	0	0	0	0	0.401	0.440	0.476	0	0	0.000	0.000	0.000	0.000	518.000	21.000	320.000	30.000	654.314	0.8783	0.9143
hadur2.Hadur 3.9	dz.Caedo 1.4	mid-shield		5	true	35	4670.000	1285.000	29	1450.000	300.000	2487.000	878.000	14	22916	0.348	0.913	14.602	35	0	0	0.186	0.124	23	1071	4	1071	1071	7	17	0	0	0	83	32	1120	T?/M?	live	0	0	0	650	314.840	650.000	504.743	312	0	585	3	6	1063	83	0	0		0	0	0	0	0	0.449	0.482	0.509	0	0	0.000	0.000	0.000	0.000	443.000	47.000	290.000	60.000	654.743	0.7842	0.8286
hadur2.Hadur 3.9	dz.Caedo 1.4	mid-shield		6	true	35	4933.000	980.000	30	1500.000	250.000	2651.000	645.000	13	22395	0.350	0.927	16.555	35	0	0	0.188	0.124	9	1080	1	1080	1080	4	23	0	0	0	64	254	1078	T?/M?	live	0	0	0	650	314.220	650.000	489.857	480	2	616	2	4	1075	64	0	0		0	0	0	0	0	0.442	0.464	0.485	0	0	0.000	0.000	0.000	0.000	482.000	35.000	300.000	50.000	639.857	0.8343	0.8571
hadur2.Hadur 3.9	dz.Caedo 1.4	mid-shield		7	true	35	5118.000	913.000	31	1550.000	200.000	2740.000	646.000	16	21234	0.341	0.888	12.446	35	0	0	0.208	0.126	8	1017	2	1016	1016	8	25	0	0	0	66	1000	1010	T?/M?	live	0	0	0	650	320.786	650.000	456.686	613	11	590	3	7	1015	66	0	0		0	0	0	0	0	0.412	0.475	0.509	0	0	0.000	0.000	0.000	0.000	517.000	27.000	310.000	40.000	606.686	0.8486	0.8857
hadur2.Hadur 3.9	dz.Caedo 1.4	mid-shield		8	true	35	5155.000	810.000	33	1650.000	100.000	2660.000	674.000	12	22352	0.353	0.892	13.266	35	0	0	0.191	0.122	16	1055	0	1055	1055	4	21	0	0	0	68	376	1099	T?/M?	live	0	0	0	650	325.603	650.000	488.629	397	0	556	2	8	1055	68	0	0		0	0	0	0	0	0.449	0.466	0.485	0	0	0.000	0.000	0.000	0.000	514.000	15.000	330.000	20.000	638.629	0.8642	0.9429
hadur2.Hadur 3.9	kawigi.mini.Fhqwhgads 1.1	mid-shield		1	true	35	3894.000	758.000	35	1750.000	0.000	1495.000	758.000	12	20565	0.388	0.826	12.487	35	0	0	0.154	0.054	23	923	5	923	923	3	11	0	0	0	75	87	1045	T?/M?	live	0	0	0	650	427.034	650.000	437.571	974	28	145	3	7	923	75	0	0		0	0	0	0	0	0.449	0.483	0.509	0	0	0.000	0.000	0.000	0.000	299.000	0.000	350.000	0.000	587.571	0.8371	1.0000
hadur2.Hadur 3.9	kawigi.mini.Fhqwhgads 1.1	mid-shield		2	true	35	3825.000	730.000	34	1700.000	50.000	1490.000	657.000	11	20724	0.340	0.736	13.159	35	0	0	0.160	0.049	30	951	3	951	951	3	16	0	0	0	82	750	1051	T?/M?	live	0	0	0	650	403.580	400.000	442.114	854	63	157	2	32	932	82	0	0		0	0	0	0	0	0.449	0.468	0.485	0	0	0.000	0.000	0.000	0.000	294.000	13.000	340.000	10.000	592.114	0.8397	0.9714
hadur2.Hadur 3.9	kawigi.mini.Fhqwhgads 1.1	mid-shield		3	true	35	3975.000	796.000	34	1700.000	50.000	1614.000	723.000	9	19835	0.321	0.724	12.497	35	0	0	0.168	0.054	18	883	8	883	883	1	16	0	0	0	83	237	983	T?/M?	live	0	0	0	650	401.740	400.000	416.714	864	37	206	1	6	882	83	0	0		0	0	0	0	0	0.412	0.473	0.509	0	0	0.000	0.000	0.000	0.000	322.000	13.000	340.000	10.000	566.714	0.8332	0.9714
hadur2.Hadur 3.9	kawigi.mini.Fhqwhgads 1.1	mid-shield		4	true	35	3685.000	784.000	33	1650.000	100.000	1427.000	636.000	11	20288	0.324	0.751	11.505	35	0	0	0.145	0.045	16	912	3	912	912	6	14	0	0	0	80	666	1025	T?/M?	live	0	0	0	650	435.280	400.000	429.657	886	48	148	2	6	912	80	0	0		0	0	0	0	0	0.449	0.475	0.497	0	0	0.000	0.000	0.000	0.000	277.000	28.000	330.000	20.000	579.657	0.8246	0.9429
hadur2.Hadur 3.9	kawigi.mini.Fhqwhgads 1.1	mid-shield		5	true	35	3389.000	1080.000	31	1550.000	200.000	1284.000	795.000	11	21439	0.409	0.862	11.619	35	0	0	0.152	0.053	46	984	5	984	984	2	18	0	0	0	112	700	1125	T?/M?	live	0	0	0	650	428.486	650.000	462.543	771	81	209	2	7	984	112	0	0		0	0	0	0	0	0.412	0.473	0.514	0	0	0.000	0.000	0.000	0.000	244.000	45.000	310.000	40.000	612.543	0.7583	0.8857
hadur2.Hadur 3.9	kawigi.mini.Fhqwhgads 1.1	mid-shield		6	true	35	3710.000	696.000	34	1700.000	50.000	1395.000	623.000	11	20541	0.325	0.710	10.915	35	0	0	0.146	0.043	15	917	9	917	917	4	11	0	0	0	84	228	1043	T?/M?	live	0	0	0	650	405.349	400.000	436.886	696	98	126	2	6	917	83	0	0		0	0	0	0	0	0.449	0.483	0.509	0	0	0.000	0.000	0.000	0.000	275.000	14.000	340.000	10.000	586.886	0.8420	0.9714
hadur2.Hadur 3.9	kawigi.mini.Fhqwhgads 1.1	mid-shield		7	true	35	3869.000	648.000	34	1700.000	50.000	1526.000	580.000	13	19643	0.309	0.706	59.939	35	0	0	0.162	0.045	14	868	5	868	868	3	9	0	0	0	102	749	972	T?/M?	live	0	0	0	650	410.589	400.000	411.229	934	33	135	2	7	868	102	0	0		0	0	0	0	0	0.412	0.470	0.514	0	0	0.000	0.000	0.000	0.000	304.000	8.000	340.000	10.000	561.229	0.8565	0.9714
hadur2.Hadur 3.9	kawigi.mini.Fhqwhgads 1.1	mid-shield		8	true	35	3426.000	1103.000	31	1550.000	200.000	1324.000	808.000	4	21375	0.367	0.806	12.814	34	0	0	0.160	0.055	43	976	5	976	976	1	18	0	0	0	78	297	1071	T?/M?	live	0	0	0	650	433.535	650.000	460.412	1054	70	182	1	1753	936	78	0	0		0	0	0	1	1	0.412	0.478	0.514	0	0	0.000	0.000	0.000	0.000	242.000	55.000	310.000	40.000	610.714	0.7565	0.8857
hadur2.Hadur 3.9	kawigi.sbf.FloodMini 1.4	mid-shield		1	true	35	3572.000	826.000	33	1650.000	100.000	1341.000	677.000	17	22086	0.387	0.859	13.635	35	0	0	0.132	0.045	11	958	8	958	958	6	9	0	0	0	89	832	1181	T?/M?	live	0	0	0	650	468.126	650.000	481.029	829	82	94	2	7	958	89	0	0		0	0	0	0	0	0.364	0.444	0.503	0	0	0.000	0.000	0.000	0.000	251.000	29.000	330.000	20.000	631.029	0.8122	0.9429
hadur2.Hadur 3.9	kawigi.sbf.FloodMini 1.4	mid-shield		2	true	35	3745.000	758.000	34	1700.000	50.000	1424.000	684.000	9	21666	0.356	0.809	15.108	35	0	0	0.142	0.046	27	938	8	938	938	4	16	0	0	0	75	0	1154	T?/M?	live	0	0	0	650	439.963	650.000	469.029	881	138	84	1	8	938	75	0	0		0	0	0	0	0	0.412	0.468	0.514	0	0	0.000	0.000	0.000	0.000	280.000	14.000	340.000	10.000	619.029	0.8317	0.9714
hadur2.Hadur 3.9	kawigi.sbf.FloodMini 1.4	mid-shield		3	true	35	3555.000	1100.000	31	1550.000	200.000	1427.000	808.000	10	21487	0.387	0.850	13.496	35	0	0	0.157	0.054	33	918	3	918	918	3	12	0	0	0	74	589	1115	T?/M?	live	0	0	0	650	433.566	425.000	463.914	646	14	140	2	8	909	74	0	0		0	0	0	0	0	0.364	0.444	0.503	0	0	0.000	0.000	0.000	0.000	268.000	51.000	310.000	40.000	613.914	0.7637	0.8857
hadur2.Hadur 3.9	kawigi.sbf.FloodMini 1.4	mid-shield		4	true	35	3784.000	733.000	35	1750.000	0.000	1403.000	733.000	13	21841	0.376	0.846	12.737	35	0	0	0.144	0.051	27	944	4	944	944	4	8	0	0	0	86	646	1154	T?/M?	live	0	0	0	650	449.360	650.000	474.029	717	48	100	3	3	944	85	0	0		0	0	0	0	0	0.435	0.471	0.514	0	0	0.000	0.000	0.000	0.000	281.000	0.000	350.000	0.000	624.029	0.8377	1.0000
hadur2.Hadur 3.9	kawigi.sbf.FloodMini 1.4	mid-shield		5	true	35	3826.000	561.000	34	1700.000	50.000	1494.000	492.000	14	21080	0.321	0.760	30.175	35	0	0	0.154	0.045	22	915	5	915	915	4	6	0	0	0	76	0	1088	T?/M?	live	0	0	0	650	401.043	400.000	452.286	1101	56	169	3	7	915	76	0	0		0	0	0	0	0	0.364	0.445	0.503	0	0	0.000	0.000	0.000	0.000	292.000	9.000	340.000	10.000	602.286	0.8721	0.9714
hadur2.Hadur 3.9	kawigi.sbf.FloodMini 1.4	mid-shield		6	true	35	3319.000	849.000	33	1650.000	100.000	1123.000	699.000	10	23050	0.387	0.864	13.280	35	0	0	0.113	0.058	26	1023	8	1006	1006	4	5	0	0	0	96	40	1237	T?/M?	live	0	0	0	650	470.143	650.000	508.571	744	89	104	3	7	991	94	0	0		298	0	0	0	0	0.435	0.469	0.514	0	0	0.000	0.000	0.000	0.000	216.000	30.000	330.000	20.000	658.571	0.7963	0.9429
hadur2.Hadur 3.9	kawigi.sbf.FloodMini 1.4	mid-shield		7	true	35	3945.000	796.000	35	1750.000	0.000	1537.000	796.000	15	21585	0.370	0.834	13.717	35	0	0	0.156	0.056	35	914	4	914	914	5	9	0	0	0	84	806	1126	T?/M?	live	0	0	0	650	411.497	400.000	466.714	778	40	169	3	5	914	84	0	0		0	0	0	0	0	0.364	0.440	0.503	0	0	0.000	0.000	0.000	0.000	307.000	0.000	350.000	0.000	616.714	0.8321	1.0000
hadur2.Hadur 3.9	kawigi.sbf.FloodMini 1.4	mid-shield		8	true	35	3597.000	756.000	34	1700.000	50.000	1298.000	684.000	11	22714	0.355	0.807	13.638	35	0	0	0.132	0.049	28	999	12	999	999	2	13	0	0	0	97	589	1229	T?/M?	live	0	0	0	650	423.277	400.000	498.971	811	119	92	2	7	999	97	0	0		0	0	0	0	0	0.435	0.472	0.514	0	0	0.000	0.000	0.000	0.000	259.000	12.000	340.000	10.000	648.971	0.8263	0.9714
hadur2.Hadur 3.9	kid.Toa .0.5	mid-shield		1	true	35	4033.000	1048.000	30	1500.000	250.000	1892.000	703.000	10	40217	0.529	1.123	48.859	35	0	0	0.146	0.070	241	1127	0	1377	1127	1	15	0	0	0	92	2280	2693	T?/M?	live	0	0	0	650	468.994	400.000	999.057	41	2	288	3	7	1377	92	0	0		0	0	0	0	0	0.349	0.412	0.457	0	0	0.000	0.000	0.000	0.000	341.000	45.000	300.000	50.000	1149.057	0.7937	0.8571
hadur2.Hadur 3.9	kid.Toa .0.5	mid-shield		2	true	35	4344.000	582.000	35	1750.000	0.000	1901.000	582.000	10	37188	0.452	0.965	51.400	35	0	0	0.151	0.050	200	1091	0	1539	1091	2	14	0	0	0	86	0	2450	T?/M?	live	0	0	0	650	434.249	400.000	912.514	45	5	189	3	7	1539	86	0	0		0	0	0	0	0	0.364	0.452	0.503	0	0	0.000	0.000	0.000	0.000	342.000	0.000	350.000	0.000	1062.514	0.8819	1.0000
hadur2.Hadur 3.9	kid.Toa .0.5	mid-shield		3	true	35	4432.000	657.000	34	1700.000	50.000	2029.000	592.000	10	35835	0.468	0.976	46.713	35	0	0	0.158	0.059	177	1017	0	1321	1017	0	17	0	0	0	72	1433	2297	T?/M?	live	0	0	0	650	439.434	400.000	873.857	48	5	300	1	11	1321	72	0	0		0	0	0	0	0	0.349	0.405	0.442	0	0	0.000	0.000	0.000	0.000	363.000	5.000	340.000	10.000	1023.857	0.8709	0.9714
hadur2.Hadur 3.9	kid.Toa .0.5	mid-shield		4	true	35	4309.000	718.000	34	1700.000	50.000	1946.000	651.000	12	37201	0.501	1.079	46.673	35	0	0	0.161	0.060	215	1080	0	1569	1080	6	19	0	0	0	90	2402	2424	T?/M?	live	0	0	0	650	438.457	400.000	912.886	52	8	357	3	5	1569	90	0	0		0	0	0	0	0	0.364	0.434	0.503	0	0	0.000	0.000	0.000	0.000	323.000	7.000	340.000	10.000	1062.886	0.8572	0.9714
hadur2.Hadur 3.9	kid.Toa .0.5	mid-shield		5	true	35	4116.000	802.000	33	1650.000	100.000	1822.000	672.000	10	40826	0.471	0.967	55.064	35	0	0	0.153	0.049	249	1139	0	1790	1138	5	15	0	0	0	93	0	2775	T?/M?	live	0	0	0	650	434.474	400.000	1016.457	13	5	221	2	9	1790	93	0	0		0	0	0	0	0	0.312	0.406	0.442	0	0	0.000	0.000	0.000	0.000	314.000	10.000	330.000	20.000	1166.457	0.8369	0.9429
hadur2.Hadur 3.9	kid.Toa .0.5	mid-shield		6	true	35	3987.000	1113.000	31	1500.000	200.000	1865.000	830.000	13	35015	0.479	1.021	39.705	35	0	0	0.158	0.077	186	1194	0	1468	1191	5	16	0	0	0	88	1104	2262	T?/M?	live	0	0	0	650	436.651	400.000	850.429	53	4	285	3	8	1468	88	0	0		0	0	0	0	0	0.353	0.415	0.491	0	0	0.000	0.000	0.000	0.000	322.000	42.000	300.000	40.000	1000.429	0.7818	0.8824
hadur2.Hadur 3.9	kid.Toa .0.5	mid-shield		7	true	35	4103.000	986.000	31	1500.000	200.000	1956.000	710.000	12	36437	0.484	1.028	49.812	35	0	0	0.157	0.071	214	1098	1	1496	1098	5	15	0	0	0	73	0	2355	T?/M?	live	0	0	0	650	425.237	400.000	891.057	45	4	317	2	8	1482	73	0	0		0	0	0	0	0	0.312	0.407	0.491	1	0	0.000	0.000	0.000	0.000	347.000	37.000	300.000	40.000	1041.057	0.8062	0.8824
hadur2.Hadur 3.9	kid.Toa .0.5	mid-shield		8	true	35	3917.000	1013.000	30	1500.000	250.000	1844.000	666.000	10	43065	0.463	0.975	50.331	35	0	0	0.151	0.052	297	1054	0	1652	1054	1	11	0	0	0	84	2559	2956	T?/M?	live	0	0	0	650	428.174	400.000	1080.429	11	8	363	1	69	1652	84	0	0		0	0	0	0	0	0.349	0.415	0.491	0	0	4.000	0.000	0.000	0.000	269.000	48.000	300.000	50.000	1230.429	0.7945	0.8571
hadur2.Hadur 3.9	kms.Golden 0.10	mid-shield		1	true	35	3479.000	1364.000	30	1500.000	250.000	1405.000	1017.000	10	22942	0.407	0.886	13.620	35	0	0	0.147	0.073	46	1152	2	1152	1152	1	16	0	0	0	127	1132	1227	T?/M?	live	0	0	0	650	404.346	400.000	505.486	762	347	202	2	7	1152	127	0	0		0	0	0	0	0	0.353	0.393	0.424	0	0	0.000	0.000	0.000	0.000	274.000	47.000	300.000	50.000	655.486	0.7184	0.8571
hadur2.Hadur 3.9	kms.Golden 0.10	mid-shield		2	true	35	3492.000	1424.000	31	1550.000	200.000	1379.000	1133.000	16	24247	0.429	0.898	13.595	35	0	0	0.151	0.085	75	1246	6	1227	1227	7	23	0	0	0	105	1101	1330	T?/M?	live	0	0	0	650	402.911	400.000	542.771	413	332	271	3	8	1227	104	0	0		298	0	0	0	0	0.393	0.434	0.491	0	0	0.000	0.000	0.000	0.000	254.000	51.000	310.000	40.000	692.771	0.7103	0.8857
hadur2.Hadur 3.9	kms.Golden 0.10	mid-shield		3	true	35	3634.000	1300.000	31	1550.000	200.000	1448.000	943.000	10	22922	0.370	0.872	14.309	35	0	0	0.170	0.097	79	1142	2	1143	1142	3	21	0	0	0	138	1113	1219	T?/M?	live	0	0	0	650	406.214	650.000	504.914	605	500	203	2	9	1141	138	0	0		0	0	0	0	0	0.353	0.393	0.424	0	0	59.000	56.000	0.000	28.000	267.000	33.000	310.000	40.000	654.914	0.7365	0.8857
hadur2.Hadur 3.9	kms.Golden 0.10	mid-shield		4	true	35	3552.000	1122.000	32	1600.000	150.000	1371.000	909.000	14	23739	0.390	0.880	14.402	35	0	0	0.141	0.066	55	1215	2	1215	1215	4	14	0	0	0	133	1161	1270	T?/M?	live	0	0	0	650	411.460	525.000	528.257	446	369	228	3	5	1210	133	0	0		0	0	0	0	0	0.393	0.437	0.491	0	0	0.000	0.000	0.000	0.000	261.000	33.000	320.000	30.000	678.257	0.7599	0.9143
hadur2.Hadur 3.9	kms.Golden 0.10	mid-shield		5	true	35	3254.000	1406.000	29	1450.000	300.000	1280.000	978.000	10	25595	0.457	0.923	13.963	35	0	0	0.142	0.064	63	1357	1	1357	1356	15	16	0	0	0	162	1222	1444	T?/M?	live	0	0	0	650	442.180	400.000	581.286	526	457	161	2	7	1339	162	0	0		0	0	0	0	0	0.312	0.392	0.435	0	0	0.000	0.000	0.000	0.000	234.000	68.000	290.000	60.000	731.286	0.6983	0.8286
hadur2.Hadur 3.9	kms.Golden 0.10	mid-shield		6	true	35	3392.000	1255.000	31	1550.000	200.000	1292.000	971.000	10	24744	0.437	0.923	14.805	35	0	0	0.130	0.070	38	1287	1	1287	1287	2	15	0	0	0	148	1204	1365	T?/M?	live	0	0	0	650	433.849	650.000	556.971	468	341	98	2	8	1287	148	0	0		0	0	0	0	0	0.349	0.423	0.442	0	0	0.000	0.000	0.000	0.000	240.000	44.000	310.000	40.000	706.971	0.7299	0.8857
hadur2.Hadur 3.9	kms.Golden 0.10	mid-shield		7	true	35	3392.000	1186.000	31	1550.000	200.000	1289.000	908.000	13	24735	0.415	0.894	14.340	35	0	0	0.127	0.062	35	1286	2	1286	1286	8	19	0	0	0	142	1254	1376	T?/M?	live	0	0	0	650	428.057	650.000	556.714	515	427	107	2	7	1286	142	0	0		0	0	0	0	0	0.312	0.390	0.435	0	0	0.000	0.000	0.000	0.000	244.000	38.000	310.000	40.000	706.714	0.7409	0.8857
hadur2.Hadur 3.9	kms.Golden 0.10	mid-shield		8	true	35	3528.000	1276.000	31	1550.000	200.000	1407.000	987.000	4	24057	0.426	0.910	14.307	34	0	0	0.134	0.074	32	1233	3	1233	1233	1	18	0	0	0	127	1040	1239	T?/M?	live	0	0	0	650	417.988	650.000	527.765	466	414	151	2	10	1172	127	0	0		0	0	0	1	1	0.404	0.430	0.442	0	0	0.000	0.000	0.000	0.000	261.000	49.000	310.000	40.000	687.343	0.7344	0.8857
hadur2.Hadur 3.9	lucasslf.Dodger 1.0	mid-shield		1	true	35	3754.000	919.000	33	1650.000	100.000	1485.000	774.000	12	29865	0.406	0.863	167.416	35	0	0	0.132	0.066	77	1823	10	1823	1823	4	15	0	0	0	178	1503	1801	T?/M?	live	0	0	0	650	457.840	650.000	703.286	774	200	110	2	6	1822	178	0	0		0	0	0	0	0	0.312	0.403	0.491	1	0	0.000	0.000	0.000	0.000	290.000	25.000	330.000	20.000	853.286	0.8033	0.9429
hadur2.Hadur 3.9	lucasslf.Dodger 1.0	mid-shield		2	true	35	3825.000	875.000	32	1600.000	150.000	1607.000	659.000	12	27094	0.344	0.740	18.590	35	0	0	0.143	0.063	53	1586	8	1586	1586	2	22	0	0	0	132	1061	1568	T?/M?	live	0	0	0	650	395.520	400.000	624.114	892	112	84	2	3	1586	132	0	0		0	0	0	0	0	0.328	0.398	0.435	0	0	0.000	0.000	0.000	0.000	298.000	36.000	320.000	30.000	774.114	0.8138	0.9143
hadur2.Hadur 3.9	lucasslf.Dodger 1.0	mid-shield		3	true	35	3906.000	835.000	34	1700.000	50.000	1557.000	760.000	12	29926	0.412	0.872	251.829	35	0	0	0.134	0.066	87	1825	10	1825	1825	2	17	0	0	0	175	1661	1825	T?/M?	live	0	0	0	650	447.277	650.000	705.029	971	226	99	2	24	1825	175	0	0		0	0	0	0	0	0.318	0.420	0.496	1	0	0.000	0.000	0.000	0.000	309.000	14.000	340.000	10.000	855.029	0.8239	0.9714
hadur2.Hadur 3.9	lucasslf.Dodger 1.0	mid-shield		4	true	35	3617.000	1130.000	32	1600.000	150.000	1419.000	918.000	9	30386	0.379	0.880	214.346	34	0	0	0.127	0.068	82	1849	6	1849	1849	6	24	0	0	0	155	1691	1788	T?/M?	live	0	0	0	650	441.256	650.000	712.471	506	106	75	2	6	1782	154	0	0		0	0	0	1	1	0.312	0.405	0.491	1	0	0.000	0.000	0.000	0.000	278.000	32.000	320.000	30.000	868.171	0.7620	0.9143
hadur2.Hadur 3.9	lucasslf.Dodger 1.0	mid-shield		5	true	35	3714.000	888.000	34	1700.000	50.000	1402.000	820.000	12	30904	0.439	0.914	18.500	35	0	0	0.130	0.063	97	1897	6	1897	1897	6	19	0	0	0	169	1412	1916	T?/M?	live	0	0	0	650	457.143	650.000	732.971	558	87	75	3	7	1897	169	0	0		0	0	0	0	0	0.318	0.434	0.496	0	0	0.000	0.000	0.000	0.000	272.000	8.000	340.000	10.000	882.971	0.8070	0.9714
hadur2.Hadur 3.9	lucasslf.Dodger 1.0	mid-shield		6	true	35	3914.000	875.000	34	1700.000	50.000	1566.000	803.000	10	27971	0.390	0.820	210.218	35	0	0	0.141	0.063	85	1647	10	1647	1647	2	15	0	0	0	160	1608	1645	T?/M?	live	0	0	0	650	455.917	650.000	649.171	487	175	157	2	5	1647	160	0	0		0	0	0	0	0	0.318	0.410	0.491	1	0	0.000	0.000	0.000	0.000	308.000	12.000	340.000	10.000	799.171	0.8173	0.9714
hadur2.Hadur 3.9	lucasslf.Dodger 1.0	mid-shield		7	true	35	3781.000	975.000	32	1600.000	150.000	1557.000	754.000	12	26353	0.380	0.792	18.653	35	0	0	0.141	0.083	49	1520	6	1499	1499	4	16	0	0	0	136	702	1507	T?/M?	live	0	0	0	650	442.580	650.000	602.943	795	116	93	3	7	1499	134	0	0		298	0	0	0	0	0.373	0.445	0.496	0	0	0.000	0.000	0.000	0.000	303.000	40.000	320.000	30.000	752.943	0.7950	0.9143
hadur2.Hadur 3.9	lucasslf.Dodger 1.0	mid-shield		8	true	35	3604.000	1114.000	32	1600.000	150.000	1421.000	901.000	10	31503	0.466	0.947	202.725	35	0	0	0.130	0.072	114	1941	8	1940	1940	1	27	0	0	0	172	1256	1957	T?/M?	live	0	0	0	650	464.591	650.000	750.086	646	165	120	2	11	1940	170	0	0		0	0	0	0	0	0.318	0.428	0.496	1	0	0.000	0.000	0.000	0.000	263.000	32.000	320.000	30.000	900.086	0.7639	0.9143
hadur2.Hadur 3.9	mk.Alpha 0.2.1	mid-shield		1	true	35	4585.000	377.000	35	1750.000	0.000	2071.000	377.000	12	19882	0.350	0.798	10.753	35	0	0	0.190	0.043	19	904	3	904	904	3	19	0	0	0	124	810	947	T?/M?	live	0	0	0	650	478.594	400.000	418.057	491	0	420	3	5	904	124	0	0		0	0	0	0	0	0.402	0.455	0.496	0	0	0.000	0.000	0.000	0.000	414.000	0.000	350.000	0.000	568.057	0.9240	1.0000
hadur2.Hadur 3.9	mk.Alpha 0.2.1	mid-shield		2	true	35	4420.000	560.000	34	1700.000	50.000	1990.000	490.000	14	21361	0.430	0.894	213.876	35	0	0	0.178	0.052	17	1003	3	1003	1003	2	16	0	0	0	123	1019	1067	T?/M?	live	0	0	0	650	522.423	400.000	460.314	803	0	318	2	6	1003	123	0	0		0	0	0	0	0	0.318	0.407	0.491	1	0	0.000	0.000	0.000	0.000	390.000	10.000	340.000	10.000	610.314	0.8876	0.9714
hadur2.Hadur 3.9	mk.Alpha 0.2.1	mid-shield		3	true	35	4661.000	445.000	35	1750.000	0.000	2134.000	445.000	8	19571	0.367	0.831	15.528	35	0	0	0.187	0.053	6	880	3	880	880	2	15	0	0	0	87	789	917	T?/M?	live	0	0	0	650	491.054	400.000	409.171	636	0	416	1	7	880	87	0	0		0	0	0	0	0	0.373	0.451	0.496	0	0	0.000	0.000	0.000	0.000	427.000	0.000	350.000	0.000	559.171	0.9128	1.0000
hadur2.Hadur 3.9	mk.Alpha 0.2.1	mid-shield		4	true	35	4304.000	734.000	33	1650.000	100.000	1944.000	602.000	10	21269	0.383	0.865	14.628	35	0	0	0.185	0.063	26	992	4	992	992	3	17	0	0	0	149	923	1053	T?/M?	live	0	0	0	650	475.626	400.000	457.686	548	0	369	2	7	991	149	0	0		0	0	0	0	0	0.318	0.399	0.478	1	0	0.000	0.000	0.000	0.000	380.000	12.000	330.000	20.000	607.686	0.8543	0.9429
hadur2.Hadur 3.9	mk.Alpha 0.2.1	mid-shield		5	true	35	4557.000	416.000	35	1750.000	0.000	2047.000	416.000	10	20286	0.396	0.858	11.326	35	0	0	0.192	0.048	21	934	2	934	934	3	16	0	0	0	114	788	980	T?/M?	live	0	0	0	650	510.291	400.000	429.600	746	0	357	3	6	934	114	0	0		0	0	0	0	0	0.385	0.441	0.502	0	0	0.000	0.000	0.000	0.000	409.000	0.000	350.000	0.000	579.600	0.9163	1.0000
hadur2.Hadur 3.9	mk.Alpha 0.2.1	mid-shield		6	true	35	4497.000	658.000	33	1650.000	100.000	2107.000	514.000	11	19421	0.362	0.804	12.407	35	0	0	0.197	0.064	22	859	0	840	840	5	14	0	0	0	97	638	907	T?/M?	live	0	0	0	650	466.140	400.000	404.886	375	0	401	3	7	840	97	0	0		298	0	0	0	0	0.402	0.455	0.496	0	0	0.000	0.000	0.000	0.000	410.000	24.000	330.000	20.000	554.886	0.8724	0.9429
hadur2.Hadur 3.9	mk.Alpha 0.2.1	mid-shield		7	true	35	4594.000	593.000	34	1700.000	50.000	2135.000	523.000	12	19884	0.369	0.812	11.925	35	0	0	0.190	0.055	21	894	3	894	894	2	19	0	0	0	107	845	937	T?/M?	live	0	0	0	650	482.080	400.000	418.114	550	0	488	3	6	894	107	0	0		0	0	0	0	0	0.383	0.435	0.502	0	0	0.000	0.000	0.000	0.000	420.000	10.000	340.000	10.000	568.114	0.8857	0.9714
hadur2.Hadur 3.9	mk.Alpha 0.2.1	mid-shield		8	true	35	4355.000	578.000	34	1700.000	50.000	1934.000	506.000	6	20900	0.412	0.892	14.980	34	0	0	0.179	0.049	29	964	3	963	963	2	22	0	0	0	97	650	992	T?/M?	live	0	0	0	650	518.353	400.000	447.588	611	0	406	2	8	937	97	0	0		0	0	0	1	1	0.373	0.435	0.502	0	0	0.000	0.000	0.000	0.000	380.000	12.000	340.000	10.000	597.143	0.8828	0.9714
hadur2.Hadur 3.9	mladjo.Grrrrr 0.9	mid-shield		1	true	35	3131.000	1704.000	27	1350.000	400.000	1289.000	1115.000	13	26759	0.441	0.928	13.664	35	0	0	0.126	0.077	43	1455	2	1455	1455	6	18	0	0	0	134	1149	1555	T?/M?	live	0	0	0	650	471.074	650.000	614.543	140	473	79	2	7	1447	134	0	0		0	0	0	0	0	0.378	0.420	0.484	0	0	0.000	1.000	0.000	19.000	222.000	88.000	270.000	80.000	764.543	0.6476	0.7714
hadur2.Hadur 3.9	mladjo.Grrrrr 0.9	mid-shield		2	true	35	3580.000	1182.000	32	1600.000	150.000	1399.000	973.000	15	26128	0.417	0.873	37.413	35	0	0	0.149	0.072	65	1424	0	1424	1424	7	20	0	0	0	143	1483	1509	T?/M?	live	0	0	0	650	451.057	500.000	596.514	223	296	118	2	6	1421	143	0	0		0	0	0	0	0	0.383	0.432	0.502	0	0	0.000	0.000	0.000	0.000	261.000	29.000	320.000	30.000	746.514	0.7518	0.9143
hadur2.Hadur 3.9	mladjo.Grrrrr 0.9	mid-shield		3	true	35	3549.000	937.000	33	1650.000	100.000	1313.000	794.000	14	25918	0.395	0.858	14.085	35	0	0	0.132	0.060	46	1389	1	1389	1389	2	15	0	0	0	154	1378	1491	T?/M?	live	0	0	0	650	421.940	400.000	590.514	282	613	61	1	108	1389	154	0	0		0	0	0	0	0	0.378	0.426	0.484	0	0	0.000	0.000	0.000	0.000	257.000	23.000	330.000	20.000	740.514	0.7911	0.9429
hadur2.Hadur 3.9	mladjo.Grrrrr 0.9	mid-shield		4	true	35	3581.000	1231.000	32	1600.000	150.000	1401.000	1016.000	15	26714	0.468	0.944	12.477	35	0	0	0.128	0.073	41	1457	1	1457	1457	5	16	0	0	0	130	1148	1555	T?/M?	live	0	0	0	650	478.703	650.000	613.257	551	576	66	3	8	1444	130	0	0		0	0	0	0	0	0.383	0.442	0.502	0	0	0.000	0.000	0.000	0.000	260.000	35.000	320.000	30.000	763.257	0.7442	0.9143
hadur2.Hadur 3.9	mladjo.Grrrrr 0.9	mid-shield		5	true	35	3281.000	1403.000	30	1500.000	250.000	1252.000	1046.000	15	27681	0.461	0.948	13.880	35	0	0	0.122	0.072	60	1530	1	1530	1529	27	19	0	0	0	145	1311	1640	T?/M?	live	0	0	0	650	481.303	650.000	640.886	263	450	105	3	10	1530	145	0	0		0	0	0	0	0	0.378	0.436	0.484	0	0	0.000	0.000	0.000	0.000	229.000	57.000	300.000	50.000	790.886	0.7005	0.8571
hadur2.Hadur 3.9	mladjo.Grrrrr 0.9	mid-shield		6	true	35	3196.000	1480.000	30	1500.000	250.000	1186.000	1112.000	15	28587	0.454	0.932	14.606	35	0	0	0.122	0.078	69	1586	1	1565	1565	8	15	0	0	0	146	1681	1720	T?/M?	live	0	0	0	650	476.654	650.000	666.771	356	533	43	3	9	1550	146	0	0		298	0	0	0	0	0.383	0.441	0.502	0	0	0.000	1.000	0.000	14.000	211.000	52.000	300.000	50.000	816.771	0.6835	0.8571
hadur2.Hadur 3.9	mladjo.Grrrrr 0.9	mid-shield		7	true	35	3598.000	1277.000	32	1550.000	150.000	1469.000	1062.000	14	27240	0.391	0.915	14.469	35	0	0	0.153	0.082	69	1466	2	1466	1466	6	19	0	0	0	135	1507	1559	T?/M?	live	0	0	0	650	413.983	650.000	628.286	372	896	152	2	6	1454	135	0	0		0	0	0	0	0	0.378	0.433	0.484	0	0	0.000	0.000	0.000	0.000	268.000	35.000	310.000	30.000	778.286	0.7381	0.9118
hadur2.Hadur 3.9	mladjo.Grrrrr 0.9	mid-shield		8	true	35	3532.000	1156.000	33	1650.000	100.000	1298.000	1012.000	11	27432	0.460	0.927	53.560	35	0	0	0.117	0.071	38	1497	3	1497	1497	2	13	0	0	0	128	1529	1614	T?/M?	live	0	0	0	650	480.806	650.000	633.771	399	614	13	1	10	1485	128	0	0		0	0	0	0	0	0.378	0.417	0.484	0	0	0.000	0.000	0.000	0.000	254.000	24.000	330.000	20.000	783.771	0.7534	0.9429
hadur2.Hadur 3.9	nz.jdc.nano.NeophytePattern 1.1	mid-shield		1	true	35	4569.000	782.000	34	1700.000	50.000	2113.000	706.000	11	17919	0.335	0.829	11.300	35	0	0	0.203	0.082	58	830	4	832	828	2	20	0	0	0	65	520	781	T?/M?	live	0	0	0	650	340.860	600.000	361.971	575	128	462	3	6	826	64	0	0		0	0	0	0	0	0.383	0.443	0.480	0	0	0.000	0.000	0.000	0.000	416.000	16.000	340.000	10.000	511.971	0.8539	0.9714
hadur2.Hadur 3.9	nz.jdc.nano.NeophytePattern 1.1	mid-shield		2	true	35	4440.000	1057.000	32	1600.000	150.000	2121.000	842.000	12	18485	0.345	0.849	12.589	35	0	0	0.192	0.094	61	867	1	867	867	4	15	0	0	0	74	685	822	T?/M?	live	0	0	0	650	350.426	650.000	378.143	562	199	520	3	5	867	74	0	0		0	0	0	0	0	0.378	0.433	0.484	0	0	0.000	0.000	0.000	0.000	399.000	34.000	320.000	30.000	528.143	0.8077	0.9143
hadur2.Hadur 3.9	nz.jdc.nano.NeophytePattern 1.1	mid-shield		3	true	35	4459.000	868.000	34	1700.000	50.000	2021.000	798.000	10	19065	0.347	0.830	97.783	35	0	0	0.176	0.085	59	899	3	903	898	1	18	0	0	0	90	847	859	T?/M?	live	0	0	0	650	348.554	650.000	394.714	704	240	469	1	6	898	90	0	0		0	0	0	0	0	0.424	0.460	0.480	0	0	1.000	0.000	7.000	0.000	391.000	11.000	340.000	10.000	544.714	0.8371	0.9714
hadur2.Hadur 3.9	nz.jdc.nano.NeophytePattern 1.1	mid-shield		4	true	35	4611.000	864.000	35	1750.000	0.000	2093.000	864.000	13	18911	0.329	0.828	16.900	35	0	0	0.205	0.091	82	895	1	897	895	4	23	0	0	0	82	501	865	T?/M?	live	0	0	0	650	331.680	400.000	390.314	615	209	499	3	6	897	82	0	0		0	0	0	0	0	0.383	0.437	0.480	0	0	0.000	0.000	0.000	0.000	419.000	0.000	350.000	0.000	540.314	0.8422	1.0000
hadur2.Hadur 3.9	nz.jdc.nano.NeophytePattern 1.1	mid-shield		5	true	35	4530.000	970.000	33	1650.000	100.000	2142.000	825.000	13	18166	0.327	0.824	11.970	35	0	0	0.194	0.090	60	840	2	841	840	5	20	0	0	0	74	691	798	T?/M?	live	0	0	0	650	321.834	400.000	369.029	468	205	508	3	4	841	74	0	0		0	0	0	0	0	0.432	0.481	0.520	0	0	0.000	0.000	0.000	0.000	408.000	25.000	330.000	20.000	519.029	0.8236	0.9429
hadur2.Hadur 3.9	nz.jdc.nano.NeophytePattern 1.1	mid-shield		6	true	35	4577.000	902.000	34	1700.000	50.000	2122.000	827.000	11	18293	0.356	0.878	11.423	35	0	0	0.187	0.096	62	849	2	853	849	2	19	0	0	0	60	526	808	T?/M?	live	0	0	0	650	355.120	625.000	372.657	604	169	502	2	4	853	60	0	0		0	0	0	0	0	0.424	0.460	0.480	0	0	0.000	0.000	0.000	0.000	414.000	15.000	340.000	10.000	522.657	0.8354	0.9714
hadur2.Hadur 3.9	nz.jdc.nano.NeophytePattern 1.1	mid-shield		7	true	35	4705.000	820.000	35	1750.000	0.000	2171.000	820.000	14	18262	0.327	0.838	101.351	35	0	0	0.197	0.094	50	848	1	849	847	4	17	0	0	0	65	0	807	T?/M?	live	0	0	0	650	351.820	400.000	371.771	458	205	469	2	4	849	65	0	0		0	0	0	0	0	0.423	0.472	0.520	1	0	0.000	0.000	0.000	0.000	434.000	0.000	350.000	0.000	521.771	0.8516	1.0000
hadur2.Hadur 3.9	nz.jdc.nano.NeophytePattern 1.1	mid-shield		8	true	35	4521.000	875.000	34	1700.000	50.000	2071.000	804.000	9	18767	0.331	0.824	45.681	35	0	0	0.192	0.086	59	886	2	890	886	1	17	0	0	0	76	762	849	T?/M?	live	0	0	0	650	351.789	650.000	386.200	351	233	510	1	5	890	76	0	0		0	0	0	0	0	0.424	0.461	0.496	0	0	0.000	0.000	0.000	0.000	409.000	11.000	340.000	10.000	536.200	0.8378	0.9714
hadur2.Hadur 3.9	pedersen.Hubris 2.4	mid-shield		1	true	35	4293.000	875.000	33	1650.000	100.000	1936.000	734.000	13	21056	0.428	0.931	20.818	35	0	0	0.175	0.075	22	977	4	977	977	5	19	0	0	0	64	0	1042	T?/M?	live	0	0	0	650	415.226	650.000	451.600	707	0	380	3	8	977	64	0	0		0	0	0	0	0	0.405	0.466	0.535	1	0	0.000	0.000	0.000	0.000	377.000	22.000	330.000	20.000	601.600	0.8307	0.9429
hadur2.Hadur 3.9	pedersen.Hubris 2.4	mid-shield		2	true	35	4169.000	968.000	32	1600.000	150.000	1894.000	750.000	12	20970	0.454	0.995	16.250	35	0	0	0.183	0.072	38	1006	2	1006	1006	4	16	0	0	0	71	758	1034	T?/M?	live	0	0	0	650	403.223	400.000	449.143	542	19	484	2	6	1006	71	0	0		0	0	0	0	0	0.424	0.475	0.520	0	0	0.000	0.000	0.000	0.000	355.000	38.000	320.000	30.000	599.143	0.8116	0.9143
hadur2.Hadur 3.9	pedersen.Hubris 2.4	mid-shield		3	true	35	4008.000	1143.000	31	1550.000	200.000	1807.000	858.000	11	22142	0.478	1.009	17.761	35	0	0	0.169	0.079	40	1057	2	1057	1057	2	12	0	0	0	86	1119	1129	T?/M?	live	0	0	0	650	420.866	650.000	482.629	522	0	384	2	85	1054	86	0	0		0	0	0	0	0	0.405	0.462	0.535	1	0	0.000	0.000	0.000	0.000	341.000	45.000	310.000	40.000	632.629	0.7781	0.8857
hadur2.Hadur 3.9	pedersen.Hubris 2.4	mid-shield		4	true	35	4564.000	890.000	34	1700.000	50.000	2107.000	822.000	11	20598	0.414	0.942	14.723	35	0	0	0.198	0.087	32	949	3	949	949	2	15	0	0	0	72	588	1014	T?/M?	live	0	0	0	650	399.220	475.000	438.514	607	0	390	2	4	949	72	0	0		0	0	0	0	0	0.424	0.471	0.520	0	0	0.000	0.000	0.000	0.000	418.000	8.000	340.000	10.000	588.514	0.8368	0.9714
hadur2.Hadur 3.9	pedersen.Hubris 2.4	mid-shield		5	true	35	4512.000	897.000	34	1700.000	50.000	2066.000	826.000	12	21297	0.455	0.986	14.750	35	0	0	0.177	0.082	34	1007	4	1007	1007	5	20	0	0	0	72	532	1061	T?/M?	live	0	0	0	650	399.511	650.000	458.486	675	0	429	3	7	1007	72	0	0		0	0	0	0	0	0.405	0.463	0.535	1	0	0.000	0.000	0.000	0.000	406.000	11.000	340.000	10.000	608.486	0.8342	0.9714
hadur2.Hadur 3.9	pedersen.Hubris 2.4	mid-shield		6	true	35	4486.000	547.000	35	1750.000	0.000	1988.000	547.000	12	21114	0.390	0.845	15.747	35	0	0	0.168	0.067	9	1023	6	1023	1023	3	23	0	0	0	83	540	1061	T?/M?	live	0	0	0	650	404.986	650.000	453.257	947	38	265	3	5	1023	83	0	0		0	0	0	0	0	0.423	0.471	0.520	1	0	0.000	0.000	0.000	0.000	398.000	0.000	350.000	0.000	603.257	0.8913	1.0000
hadur2.Hadur 3.9	pedersen.Hubris 2.4	mid-shield		7	true	35	4569.000	842.000	34	1700.000	50.000	2110.000	767.000	12	19871	0.404	0.945	14.696	35	0	0	0.189	0.087	22	923	3	923	923	3	9	0	0	0	68	719	945	T?/M?	live	0	0	0	650	392.643	400.000	417.743	405	32	434	3	8	923	68	0	0		0	0	0	0	0	0.405	0.461	0.535	1	0	0.000	0.000	0.000	0.000	419.000	15.000	340.000	10.000	567.743	0.8444	0.9714
hadur2.Hadur 3.9	pedersen.Hubris 2.4	mid-shield		8	true	35	4261.000	871.000	33	1650.000	100.000	1911.000	730.000	9	21869	0.419	0.920	16.451	35	0	0	0.180	0.072	52	1005	2	1005	1005	3	18	0	0	0	74	882	1123	T?/M?	live	0	0	0	650	414.666	600.000	474.829	309	21	426	2	57	1005	74	0	0		0	0	0	0	0	0.405	0.466	0.535	1	0	0.000	0.000	0.000	0.000	370.000	21.000	330.000	20.000	624.829	0.8303	0.9429
hadur2.Hadur 3.9	ph.micro.Pikeman 0.4.5	mid-shield		1	true	35	3260.000	839.000	34	1700.000	50.000	1017.000	774.000	14	28330	0.403	0.860	14.514	35	0	0	0.102	0.050	61	1550	1	1550	1550	3	17	0	0	0	132	1239	1728	T?/M?	live	0	0	0	650	540.397	650.000	659.429	668	795	6	3	7	1550	132	0	0		0	0	0	0	0	0.404	0.439	0.471	1	0	0.000	0.000	0.000	0.000	203.000	4.000	340.000	10.000	809.429	0.7953	0.9714
hadur2.Hadur 3.9	ph.micro.Pikeman 0.4.5	mid-shield		2	true	35	3087.000	1127.000	32	1600.000	150.000	975.000	920.000	18	28713	0.462	0.953	13.473	35	0	0	0.106	0.061	86	1579	1	1579	1579	9	13	0	0	0	155	967	1799	T?/M?	live	0	0	0	650	535.429	400.000	670.371	1387	727	33	3	6	1570	155	0	0		0	0	0	0	0	0.405	0.462	0.535	1	0	1.000	0.000	11.000	0.000	180.000	26.000	320.000	30.000	820.371	0.7326	0.9143
hadur2.Hadur 3.9	ph.micro.Pikeman 0.4.5	mid-shield		3	true	35	3267.000	1105.000	32	1600.000	150.000	1128.000	892.000	12	27461	0.481	0.946	13.926	35	0	0	0.119	0.060	59	1503	2	1503	1503	6	20	0	0	0	144	1117	1642	T?/M?	live	0	0	0	650	546.597	650.000	634.600	360	494	36	2	11	1503	144	0	0		0	0	0	0	0	0.364	0.432	0.471	1	0	0.000	0.000	0.000	0.000	219.000	34.000	320.000	30.000	784.600	0.7473	0.9143
hadur2.Hadur 3.9	ph.micro.Pikeman 0.4.5	mid-shield		4	true	35	3457.000	1013.000	34	1700.000	50.000	1181.000	941.000	10	27704	0.459	0.939	13.611	35	0	0	0.115	0.064	54	1514	3	1515	1514	3	16	0	0	0	110	1045	1653	T?/M?	live	0	0	0	650	539.289	650.000	641.543	342	652	60	2	9	1515	110	0	0		0	0	0	0	0	0.405	0.461	0.535	1	0	0.000	0.000	0.000	0.000	236.000	13.000	340.000	10.000	791.543	0.7734	0.9714
hadur2.Hadur 3.9	ph.micro.Pikeman 0.4.5	mid-shield		5	true	35	3652.000	816.000	35	1750.000	0.000	1293.000	816.000	10	26667	0.454	0.908	12.815	35	0	0	0.108	0.060	19	1439	0	1439	1439	5	21	0	0	0	95	1289	1531	T?/M?	live	0	0	0	650	531.629	650.000	611.914	383	673	12	3	8	1439	95	0	0		0	0	0	0	0	0.364	0.420	0.463	1	0	0.000	0.000	0.000	0.000	259.000	0.000	350.000	0.000	761.914	0.8174	1.0000
hadur2.Hadur 3.9	ph.micro.Pikeman 0.4.5	mid-shield		6	true	35	3444.000	736.000	34	1700.000	50.000	1177.000	664.000	9	26675	0.371	0.770	14.715	34	0	0	0.112	0.046	40	1447	0	1447	1447	4	11	0	0	0	128	1477	1499	T?/M?	live	0	0	0	650	536.285	650.000	609.618	395	577	9	3	7	1399	128	0	0		0	0	0	1	1	0.364	0.435	0.471	1	0	0.000	0.000	0.000	0.000	227.000	12.000	340.000	10.000	762.143	0.8239	0.9714
hadur2.Hadur 3.9	ph.micro.Pikeman 0.4.5	mid-shield		7	true	35	3506.000	940.000	33	1650.000	100.000	1278.000	795.000	10	26333	0.430	0.873	12.433	35	0	0	0.114	0.058	32	1417	2	1417	1417	3	22	0	0	0	110	751	1519	T?/M?	live	0	0	0	650	536.274	650.000	602.371	307	582	2	3	3	1417	110	0	0		0	0	0	0	0	0.364	0.415	0.463	1	0	0.000	0.000	0.000	0.000	248.000	25.000	330.000	20.000	752.371	0.7886	0.9429
hadur2.Hadur 3.9	ph.micro.Pikeman 0.4.5	mid-shield		8	true	35	3196.000	1116.000	31	1550.000	200.000	1134.000	830.000	10	27047	0.404	0.890	14.281	35	0	0	0.107	0.058	55	1477	3	1477	1477	3	9	0	0	0	118	1070	1604	T?/M?	live	0	0	0	650	542.629	650.000	622.771	455	488	76	2	11	1477	118	0	0		0	0	0	0	0	0.364	0.428	0.471	1	0	0.000	0.000	0.000	0.000	202.000	46.000	310.000	40.000	772.771	0.7412	0.8857
hadur2.Hadur 3.9	suh.mega.WaveSurferPG 1.06	mid-shield		1	true	35	3986.000	1066.000	31	1550.000	200.000	1785.000	787.000	16	33504	0.432	0.984	15.668	35	0	0	0.146	0.094	140	2178	9	2178	2178	10	31	0	0	0	207	1978	2051	T?/M?	live	0	0	0	650	435.140	650.000	807.257	349	118	353	3	10	2170	207	0	0		0	0	0	0	0	0.392	0.420	0.463	1	0	0.000	0.000	0.000	0.000	342.000	39.000	310.000	40.000	957.257	0.7890	0.8857
hadur2.Hadur 3.9	suh.mega.WaveSurferPG 1.06	mid-shield		2	true	35	4230.000	841.000	32	1600.000	150.000	1931.000	635.000	9	29835	0.413	0.927	15.473	34	0	0	0.176	0.080	91	1837	11	1837	1837	6	24	0	0	0	177	1622	1697	T?/M?	live	0	0	0	650	429.465	625.000	703.000	188	162	317	3	10	1793	177	0	0		0	0	0	1	1	0.364	0.429	0.471	1	0	0.000	0.000	0.000	0.000	379.000	26.000	320.000	30.000	852.429	0.8342	0.9143
hadur2.Hadur 3.9	suh.mega.WaveSurferPG 1.06	mid-shield		3	true	35	3893.000	1523.000	27	1350.000	400.000	1932.000	961.000	16	28324	0.410	0.945	14.775	35	0	0	0.176	0.103	118	1715	5	1715	1715	8	27	0	0	0	144	1249	1603	T?/M?	live	0	0	0	650	385.586	400.000	659.257	382	49	420	2	885	1711	144	0	0		0	0	0	0	0	0.392	0.415	0.437	1	0	0.000	0.000	0.000	0.000	341.000	82.000	270.000	80.000	809.257	0.7188	0.7714
hadur2.Hadur 3.9	suh.mega.WaveSurferPG 1.06	mid-shield		4	true	35	4400.000	857.000	32	1600.000	150.000	2086.000	649.000	13	30899	0.412	0.983	27.055	35	0	0	0.182	0.091	85	1979	5	1979	1979	7	31	0	0	0	183	1604	1848	T?/M?	live	0	0	0	650	413.003	650.000	732.829	473	133	326	2	7	1979	182	0	0		0	0	0	0	0	0.364	0.412	0.463	1	0	0.000	0.000	0.000	0.000	394.000	28.000	320.000	30.000	882.829	0.8370	0.9143
hadur2.Hadur 3.9	suh.mega.WaveSurferPG 1.06	mid-shield		5	true	35	3813.000	1145.000	29	1450.000	300.000	1741.000	739.000	14	28933	0.447	0.974	14.565	35	0	0	0.176	0.085	100	1748	1	1748	1748	6	15	0	0	0	141	895	1680	T?/M?	live	0	0	0	650	427.526	625.000	676.657	172	36	415	2	8	1740	141	0	0		0	0	0	0	0	0.378	0.410	0.437	0	0	0.000	0.000	0.000	0.000	332.000	46.000	290.000	60.000	826.657	0.7691	0.8286
hadur2.Hadur 3.9	suh.mega.WaveSurferPG 1.06	mid-shield		6	true	35	3373.000	1623.000	25	1250.000	500.000	1615.000	940.000	17	29121	0.444	0.945	15.149	35	0	0	0.172	0.092	145	1748	6	1748	1748	9	24	0	0	0	133	1574	1661	T?/M?	live	0	0	0	650	410.103	400.000	682.029	166	74	487	2	9	1730	133	0	0		0	0	0	0	0	0.386	0.418	0.463	1	0	0.000	0.000	0.000	0.000	258.000	83.000	250.000	100.000	832.029	0.6751	0.7143
hadur2.Hadur 3.9	suh.mega.WaveSurferPG 1.06	mid-shield		7	true	35	3940.000	1105.000	32	1600.000	150.000	1694.000	891.000	15	31959	0.452	0.983	15.163	35	0	0	0.140	0.089	102	2010	8	2010	2010	7	27	0	0	0	176	1367	1951	T?/M?	live	0	0	0	650	421.097	650.000	763.114	344	127	192	2	10	2010	175	0	0		0	0	0	0	0	0.378	0.409	0.437	0	0	0.000	0.000	0.000	0.000	326.000	34.000	320.000	30.000	913.114	0.7810	0.9143
hadur2.Hadur 3.9	suh.mega.WaveSurferPG 1.06	mid-shield		8	true	35	3870.000	1353.000	28	1400.000	350.000	1854.000	859.000	17	27818	0.408	0.955	15.433	35	0	0	0.188	0.094	111	1666	9	1666	1665	9	32	0	0	0	155	1087	1571	T?/M?	live	0	0	0	650	413.529	600.000	644.800	248	47	393	2	8	1666	153	0	0		0	0	0	0	0	0.392	0.420	0.463	1	0	0.000	0.000	0.000	0.000	336.000	74.000	280.000	70.000	794.800	0.7410	0.8000
hadur2.Hadur 3.9	synapse.rsim.GeomancyBS 0.11	mid-shield		1	true	35	3427.000	1414.000	30	1500.000	250.000	1375.000	1043.000	15	31467	0.508	0.986	14.769	35	0	0	0.121	0.077	91	1802	0	1802	1801	5	33	0	0	0	161	1935	1943	T?/M?	live	0	0	0	650	411.149	650.000	749.057	243	0	56	3	11	1797	161	0	0		0	0	0	0	0	0.350	0.398	0.442	0	0	0.000	1.000	0.000	18.000	252.000	51.000	300.000	50.000	899.057	0.7079	0.8571
hadur2.Hadur 3.9	synapse.rsim.GeomancyBS 0.11	mid-shield		2	true	35	3493.000	1132.000	30	1500.000	250.000	1426.000	776.000	14	29658	0.486	0.986	14.719	35	0	0	0.113	0.071	41	1667	3	1667	1667	10	22	0	0	0	155	1748	1757	T?/M?	live	0	0	0	650	406.769	650.000	697.371	561	0	22	3	8	1660	155	0	0		0	0	0	0	0	0.378	0.411	0.437	0	0	0.000	0.000	0.000	0.000	266.000	56.000	300.000	50.000	847.371	0.7552	0.8571
hadur2.Hadur 3.9	synapse.rsim.GeomancyBS 0.11	mid-shield		3	true	35	3409.000	1533.000	29	1450.000	300.000	1414.000	1106.000	6	33507	0.510	1.005	14.821	34	0	0	0.124	0.082	97	1999	4	1999	1999	3	24	0	0	0	166	2020	2026	T?/M?	live	0	0	0	650	413.718	650.000	801.059	203	26	121	2	219	1921	166	0	0		0	0	0	1	1	0.350	0.395	0.442	0	0	0.000	0.000	0.000	0.000	255.000	67.000	290.000	60.000	957.343	0.6898	0.8286
hadur2.Hadur 3.9	synapse.rsim.GeomancyBS 0.11	mid-shield		4	true	35	3477.000	1356.000	31	1550.000	200.000	1371.000	1064.000	14	34057	0.480	0.974	15.600	35	0	0	0.118	0.079	100	2002	3	2002	2002	7	28	0	0	0	209	2175	2182	T?/M?	live	0	0	0	650	411.397	650.000	823.057	368	31	21	3	9	2002	209	0	0		0	0	0	0	0	0.378	0.408	0.437	0	0	0.000	0.000	0.000	0.000	246.000	52.000	310.000	40.000	973.057	0.7194	0.8857
hadur2.Hadur 3.9	synapse.rsim.GeomancyBS 0.11	mid-shield		5	true	35	3694.000	945.000	33	1600.000	100.000	1495.000	801.000	11	31047	0.479	0.982	14.818	35	0	0	0.122	0.069	63	1753	5	1753	1753	4	25	0	0	0	164	1866	1872	T?/M?	live	0	0	0	650	404.266	650.000	737.057	881	20	9	3	8	1753	164	0	0		0	0	0	0	0	0.350	0.394	0.442	1	0	0.000	0.000	0.000	0.000	279.000	23.000	320.000	20.000	887.057	0.7963	0.9412
hadur2.Hadur 3.9	synapse.rsim.GeomancyBS 0.11	mid-shield		6	true	35	3526.000	1322.000	31	1550.000	200.000	1396.000	1032.000	16	32157	0.494	1.010	15.187	35	0	0	0.123	0.077	90	1867	2	1867	1867	9	22	0	0	0	185	2001	2009	T?/M?	live	0	0	0	650	409.871	650.000	768.771	232	46	28	2	9	1860	185	0	0		0	0	0	0	0	0.362	0.403	0.442	0	0	0.000	0.000	0.000	0.000	271.000	50.000	310.000	40.000	918.771	0.7273	0.8857
hadur2.Hadur 3.9	synapse.rsim.GeomancyBS 0.11	mid-shield		7	true	35	3766.000	1024.000	31	1550.000	200.000	1605.000	747.000	11	28876	0.423	0.950	14.772	35	0	0	0.130	0.070	54	1634	1	1634	1633	4	31	0	0	0	148	1704	1711	T?/M?	live	0	0	0	650	408.689	650.000	675.029	627	0	100	2	10	1631	148	0	0		0	0	0	0	0	0.350	0.390	0.427	1	0	0.000	0.000	0.000	0.000	301.000	38.000	310.000	40.000	825.029	0.7862	0.8857
hadur2.Hadur 3.9	synapse.rsim.GeomancyBS 0.11	mid-shield		8	true	35	3515.000	1346.000	30	1500.000	250.000	1447.000	990.000	11	32061	0.536	1.025	14.613	35	0	0	0.127	0.073	97	1879	4	1879	1879	3	32	0	0	0	168	1652	2007	T?/M?	live	0	0	0	650	411.369	650.000	766.029	462	3	84	2	10	1873	168	0	0		0	0	0	0	0	0.350	0.395	0.442	0	0	0.000	0.000	0.000	0.000	269.000	55.000	300.000	50.000	916.029	0.7231	0.8571
hadur2.Hadur 3.9	theo.avenge.Pequod 1.0	mid-shield		1	true	35	3006.000	1253.000	29	1450.000	300.000	1072.000	839.000	13	32231	0.506	1.317	16.831	35	0	0	0.104	0.056	106	1312	1	1312	1312	5	12	0	0	0	131	1843	2062	T?/M?	live	0	0	0	650	522.206	650.000	770.886	696	0	8	2	9	1312	131	0	0		0	0	0	0	0	0.359	0.396	0.427	1	0	0.000	0.000	0.000	0.000	194.000	53.000	290.000	60.000	920.886	0.7058	0.8286
hadur2.Hadur 3.9	theo.avenge.Pequod 1.0	mid-shield		2	true	35	3338.000	871.000	33	1650.000	100.000	1158.000	734.000	11	31834	0.498	1.285	17.211	35	0	0	0.108	0.050	99	1294	1	1314	1294	14	12	0	0	0	123	788	2028	T?/M?	live	0	0	0	650	537.857	650.000	759.543	742	3	29	2	28	1314	123	0	0		0	0	0	0	0	0.350	0.398	0.442	0	0	0.000	0.000	0.000	0.000	200.000	17.000	330.000	20.000	909.543	0.7931	0.9429
hadur2.Hadur 3.9	theo.avenge.Pequod 1.0	mid-shield		3	true	35	2784.000	1518.000	27	1350.000	400.000	1002.000	963.000	9	34860	0.546	1.365	18.111	35	0	0	0.104	0.060	136	1397	1	1410	1396	2	7	0	0	0	121	593	2303	T?/M?	live	0	0	0	650	527.889	525.000	846.000	853	125	11	2	160	1401	121	0	0		0	0	0	0	0	0.353	0.390	0.425	1	0	0.000	0.000	0.000	0.000	161.000	76.000	270.000	80.000	996.000	0.6471	0.7714
hadur2.Hadur 3.9	theo.avenge.Pequod 1.0	mid-shield		4	true	35	2956.000	1384.000	28	1400.000	350.000	1111.000	896.000	13	33609	0.511	1.350	20.311	35	0	0	0.108	0.058	127	1360	0	1375	1359	6	8	0	0	0	101	0	2179	T?/M?	live	0	0	0	650	534.403	650.000	810.257	701	77	59	2	7	1374	101	0	0		0	0	0	0	0	0.350	0.396	0.442	1	0	0.000	0.000	0.000	0.000	165.000	69.000	280.000	70.000	960.257	0.6811	0.8000
hadur2.Hadur 3.9	theo.avenge.Pequod 1.0	mid-shield		5	true	35	2830.000	1383.000	29	1450.000	300.000	934.000	980.000	10	35587	0.517	1.387	17.436	35	0	0	0.097	0.061	143	1449	0	1468	1449	6	10	0	0	0	135	1221	2374	T?/M?	live	0	0	0	650	539.114	650.000	866.771	791	78	1	2	7	1468	135	0	0		0	0	0	0	0	0.334	0.377	0.415	1	0	0.000	0.000	0.000	0.000	156.000	43.000	290.000	60.000	1016.771	0.6717	0.8286
hadur2.Hadur 3.9	theo.avenge.Pequod 1.0	mid-shield		6	true	35	3275.000	1350.000	29	1450.000	300.000	1296.000	931.000	5	29713	0.521	1.314	16.340	34	0	0	0.121	0.064	72	1249	0	1251	1249	2	14	0	0	0	110	540	1763	T?/M?	live	0	0	0	650	491.632	400.000	701.971	488	40	61	2	6	1209	110	0	0		0	0	0	1	1	0.359	0.396	0.427	1	0	0.000	0.000	0.000	0.000	239.000	59.000	290.000	60.000	848.943	0.7081	0.8286
hadur2.Hadur 3.9	theo.avenge.Pequod 1.0	mid-shield		7	true	35	2292.000	1974.000	23	1150.000	600.000	794.000	1126.000	13	34992	0.562	1.397	17.966	35	0	0	0.097	0.071	151	1410	2	1412	1410	5	16	0	0	0	136	1651	2359	T?/M?	live	0	0	0	650	542.506	650.000	849.771	1097	45	12	3	8	1412	136	0	0		0	0	0	0	0	0.334	0.372	0.401	0	0	0.000	0.000	0.000	0.000	118.000	128.000	230.000	120.000	999.771	0.5373	0.6571
hadur2.Hadur 3.9	theo.avenge.Pequod 1.0	mid-shield		8	true	35	2920.000	1441.000	29	1450.000	300.000	1008.000	1029.000	12	34579	0.571	1.440	18.551	35	0	0	0.105	0.063	141	1426	1	1438	1426	5	13	0	0	0	127	1965	2268	T?/M?	live	0	0	0	650	529.260	625.000	837.971	699	86	41	2	505	1438	127	0	0		0	0	0	0	0	0.353	0.389	0.425	1	0	0.000	0.000	0.000	0.000	172.000	51.000	290.000	60.000	987.971	0.6696	0.8286
hadur2.Hadur 3.9	theo.real.Ahab 1.0	mid-shield		1	true	35	2550.000	1768.000	25	1250.000	500.000	918.000	1084.000	15	36263	0.744	1.574	17.187	35	0	0	0.107	0.073	165	1865	1	1875	1865	9	17	0	0	0	193	2341	2457	T?/M?	live	0	0	0	650	531.700	650.000	886.086	1216	1	32	2	10	1875	193	0	0		0	0	0	0	0	0.332	0.382	0.427	0	0	0.000	0.000	0.000	0.000	132.000	83.000	250.000	100.000	1036.086	0.5906	0.7143
hadur2.Hadur 3.9	theo.real.Ahab 1.0	mid-shield		2	true	35	2682.000	1647.000	27	1350.000	400.000	915.000	1099.000	9	37445	0.763	1.605	16.583	34	0	0	0.102	0.071	161	1890	0	1898	1890	6	16	0	0	0	170	2098	2530	T?/M?	live	0	0	0	650	533.132	650.000	928.176	1360	32	32	2	11	1854	170	0	0		0	0	0	1	1	0.334	0.378	0.415	1	0	0.000	0.000	0.000	0.000	147.000	68.000	270.000	80.000	1069.857	0.6195	0.7714
hadur2.Hadur 3.9	theo.real.Ahab 1.0	mid-shield		3	true	35	2812.000	1576.000	27	1350.000	400.000	1022.000	1022.000	13	34970	0.730	1.542	16.765	35	0	0	0.108	0.069	148	1823	0	1824	1823	5	9	0	0	0	163	1725	2344	T?/M?	live	0	0	0	650	526.060	650.000	849.143	977	0	38	2	22	1824	163	0	0		0	0	0	0	0	0.325	0.385	0.427	0	0	0.000	0.000	0.000	0.000	170.000	73.000	270.000	80.000	999.143	0.6408	0.7714
hadur2.Hadur 3.9	theo.real.Ahab 1.0	mid-shield		4	true	35	2649.000	1490.000	27	1350.000	400.000	901.000	945.000	14	36470	0.682	1.509	17.285	35	0	0	0.103	0.065	167	1805	2	1828	1805	8	11	0	0	0	163	2047	2472	T?/M?	live	0	0	0	650	525.734	650.000	892.000	1136	15	0	2	10	1828	163	0	0		0	0	0	0	0	0.334	0.374	0.401	1	0	0.000	0.000	0.000	0.000	128.000	65.000	270.000	80.000	1042.000	0.6400	0.7714
hadur2.Hadur 3.9	theo.real.Ahab 1.0	mid-shield		5	true	35	3039.000	1402.000	28	1400.000	350.000	1158.000	925.000	9	32160	0.730	1.519	15.512	35	0	0	0.108	0.064	92	1726	2	1727	1726	3	15	0	0	0	153	1908	2042	T?/M?	live	0	0	0	650	518.589	650.000	768.857	403	0	17	2	12	1727	153	0	0		0	0	0	0	0	0.325	0.390	0.450	0	0	0.000	0.000	0.000	0.000	202.000	57.000	280.000	70.000	918.857	0.6843	0.8000
hadur2.Hadur 3.9	theo.real.Ahab 1.0	mid-shield		6	true	35	2890.000	1433.000	29	1450.000	300.000	977.000	1026.000	11	35456	0.683	1.533	18.086	35	0	0	0.104	0.067	152	1821	0	1832	1820	16	12	0	0	0	167	2065	2397	T?/M?	live	0	0	0	650	506.520	650.000	863.029	1239	1	28	2	7	1832	167	0	0		0	0	0	0	0	0.334	0.377	0.427	0	0	0.000	0.000	0.000	0.000	173.000	47.000	290.000	60.000	1013.029	0.6685	0.8286
hadur2.Hadur 3.9	theo.real.Ahab 1.0	mid-shield		7	true	35	3069.000	1362.000	29	1450.000	300.000	1128.000	953.000	12	33849	0.751	1.570	16.216	35	0	0	0.110	0.070	117	1752	2	1759	1752	6	13	0	0	0	172	1913	2189	T?/M?	live	0	0	0	650	522.777	400.000	817.114	418	1	26	2	8	1757	172	0	0		0	0	0	0	0	0.325	0.391	0.450	0	0	0.000	0.000	0.000	0.000	201.000	49.000	290.000	60.000	967.114	0.6926	0.8286
hadur2.Hadur 3.9	theo.real.Ahab 1.0	mid-shield		8	true	35	3000.000	1296.000	29	1450.000	300.000	1074.000	887.000	13	34365	0.741	1.545	17.697	35	0	0	0.106	0.063	125	1749	0	1753	1749	6	13	0	0	0	151	2076	2264	T?/M?	live	0	0	0	650	532.377	650.000	831.857	943	2	16	2	13	1753	151	0	0		0	0	0	0	0	0.334	0.380	0.427	0	0	0.000	0.000	0.000	0.000	186.000	49.000	290.000	60.000	981.857	0.6983	0.8286
hadur2.Hadur 3.9	tm.Yuugao 1.0	mid-shield		1	true	35	4300.000	670.000	35	1750.000	0.000	1833.000	670.000	14	22326	0.363	0.835	14.713	35	0	0	0.167	0.063	21	991	2	991	991	6	12	0	0	0	77	919	1172	T?/M?	live	0	0	0	650	436.077	400.000	487.886	606	25	221	2	6	991	77	0	0		0	0	0	0	0	0.353	0.391	0.427	0	0	0.000	0.000	0.000	0.000	367.000	0.000	350.000	0.000	637.886	0.8652	1.0000
hadur2.Hadur 3.9	tm.Yuugao 1.0	mid-shield		2	true	35	3910.000	935.000	33	1650.000	100.000	1619.000	792.000	12	24413	0.415	0.950	13.585	35	0	0	0.148	0.062	33	1117	1	1117	1117	5	13	0	0	0	101	0	1348	T?/M?	live	0	0	0	650	478.343	650.000	547.514	676	25	122	2	8	1112	101	0	0		0	0	0	0	0	0.357	0.387	0.427	0	0	0.000	0.000	0.000	0.000	312.000	24.000	330.000	20.000	697.514	0.8070	0.9429
hadur2.Hadur 3.9	tm.Yuugao 1.0	mid-shield		3	true	35	3977.000	1016.000	33	1650.000	100.000	1673.000	873.000	11	24433	0.432	0.930	14.343	35	0	0	0.167	0.068	65	1101	0	1101	1101	2	12	0	0	0	102	1179	1371	T?/M?	live	0	0	0	650	466.234	400.000	548.086	473	33	214	1	10	1101	102	0	0		0	0	0	0	0	0.325	0.381	0.423	0	0	0.000	0.000	0.000	0.000	324.000	23.000	330.000	20.000	698.086	0.7965	0.9429
hadur2.Hadur 3.9	tm.Yuugao 1.0	mid-shield		4	true	35	3839.000	1058.000	32	1600.000	150.000	1609.000	844.000	4	24122	0.433	0.921	13.430	34	0	0	0.157	0.068	40	1087	1	1087	1087	3	12	0	0	0	78	675	1300	T?/M?	live	0	0	0	650	445.679	400.000	535.294	832	23	109	2	5	1049	78	0	0		0	0	0	1	1	0.353	0.395	0.427	0	0	0.000	0.000	0.000	0.000	310.000	34.000	320.000	30.000	689.200	0.7839	0.9143
hadur2.Hadur 3.9	tm.Yuugao 1.0	mid-shield		5	true	35	3685.000	1616.000	28	1400.000	350.000	1702.000	1132.000	13	23663	0.422	0.925	13.660	35	0	0	0.169	0.093	64	1072	3	1073	1072	7	13	0	0	0	72	889	1243	T?/M?	live	0	0	0	650	422.103	650.000	526.086	333	35	388	2	6	1063	72	0	0		0	0	0	0	0	0.349	0.398	0.450	0	0	0.000	0.000	0.000	0.000	303.000	64.000	280.000	70.000	676.086	0.6952	0.8000
hadur2.Hadur 3.9	tm.Yuugao 1.0	mid-shield		6	true	35	4003.000	894.000	34	1700.000	50.000	1639.000	823.000	14	25439	0.403	0.949	14.319	35	0	0	0.147	0.065	55	1160	2	1158	1158	46	8	0	0	0	78	0	1447	T?/M?	live	0	0	0	650	500.680	650.000	576.829	551	0	178	2	8	1158	78	0	0		0	0	0	0	0	0.325	0.386	0.450	0	0	0.000	0.000	0.000	0.000	324.000	11.000	340.000	10.000	726.829	0.8174	0.9714
hadur2.Hadur 3.9	tm.Yuugao 1.0	mid-shield		7	true	35	3751.000	1247.000	32	1600.000	150.000	1538.000	1028.000	16	26816	0.455	1.016	13.628	35	0	0	0.150	0.081	77	1209	0	1209	1209	6	16	0	0	0	119	1185	1561	T?/M?	live	0	0	0	650	488.731	650.000	616.171	341	4	223	3	5	1208	119	0	0		0	0	0	0	0	0.330	0.392	0.429	0	0	0.000	0.000	0.000	0.000	293.000	39.000	320.000	30.000	766.171	0.7505	0.9143
hadur2.Hadur 3.9	tm.Yuugao 1.0	mid-shield		8	true	35	3694.000	1314.000	31	1550.000	200.000	1543.000	1020.000	13	26067	0.461	1.006	13.361	35	0	0	0.142	0.074	68	1212	0	1212	1212	7	24	0	0	0	70	0	1500	T?/M?	live	0	0	0	650	501.011	650.000	594.771	493	4	180	2	416	1212	70	0	0		0	0	0	0	0	0.375	0.404	0.450	0	0	0.000	0.000	0.000	0.000	290.000	54.000	310.000	40.000	744.771	0.7376	0.8857
hadur2.Hadur 3.9	trab.Crusader 0.1.7	mid-shield		1	true	35	3287.000	1278.000	30	1500.000	250.000	1255.000	924.000	7	30234	0.558	1.209	20.129	34	0	0	0.115	0.065	75	1705	1	1705	1705	4	17	0	0	0	183	1720	1808	T?/M?	live	0	0	0	650	488.929	650.000	714.147	865	0	45	2	6	1657	183	0	0		0	0	0	1	1	0.325	0.403	0.445	1	0	0.000	0.000	0.000	0.000	232.000	54.000	300.000	50.000	863.829	0.7200	0.8571
hadur2.Hadur 3.9	trab.Crusader 0.1.7	mid-shield		2	true	35	2932.000	1843.000	27	1350.000	400.000	1118.000	1272.000	14	31952	0.600	1.297	21.167	35	0	0	0.117	0.082	110	1835	2	1835	1835	6	21	0	0	0	185	1528	2031	T?/M?	live	0	0	0	650	485.506	650.000	762.914	353	0	40	2	11	1835	185	0	0		0	0	0	0	0	0.325	0.393	0.450	0	0	0.000	0.000	0.000	0.000	194.000	91.000	270.000	80.000	912.914	0.6140	0.7714
hadur2.Hadur 3.9	trab.Crusader 0.1.7	mid-shield		3	true	35	2879.000	1741.000	27	1350.000	400.000	1062.000	1179.000	10	31067	0.605	1.278	19.002	34	0	0	0.106	0.078	85	1786	2	1786	1786	7	20	0	0	0	179	1811	1891	T?/M?	live	0	0	0	650	477.771	650.000	742.735	360	0	33	2	11	1741	178	0	0		0	0	0	1	1	0.332	0.404	0.445	1	0	0.000	0.000	0.000	0.000	197.000	82.000	270.000	80.000	887.629	0.6232	0.7714
hadur2.Hadur 3.9	trab.Crusader 0.1.7	mid-shield		4	true	35	3085.000	1726.000	28	1400.000	350.000	1193.000	1220.000	10	32034	0.626	1.332	19.158	35	0	0	0.113	0.083	103	1853	3	1853	1853	4	21	0	0	0	208	1858	2029	T?/M?	live	0	0	0	650	476.451	600.000	765.257	802	0	47	2	13	1849	208	0	0		0	0	0	0	0	0.325	0.396	0.450	0	0	0.000	0.000	0.000	0.000	212.000	86.000	280.000	70.000	915.257	0.6412	0.8000
hadur2.Hadur 3.9	trab.Crusader 0.1.7	mid-shield		5	true	35	3365.000	1321.000	32	1600.000	150.000	1215.000	1106.000	15	32064	0.596	1.247	85.468	35	0	0	0.117	0.078	96	1862	0	1862	1862	9	35	0	0	0	217	1998	2039	T?/M?	live	0	0	0	650	481.603	650.000	766.114	416	0	15	2	10	1862	217	0	0		0	0	0	0	0	0.236	0.373	0.444	1	0	0.000	0.000	0.000	0.000	229.000	35.000	320.000	30.000	916.114	0.7181	0.9143
hadur2.Hadur 3.9	trab.Crusader 0.1.7	mid-shield		6	true	35	3403.000	1213.000	32	1600.000	150.000	1245.000	1000.000	10	31264	0.590	1.234	18.621	35	0	0	0.114	0.067	82	1792	4	1792	1792	4	24	0	0	0	184	1280	1950	T?/M?	live	0	0	0	650	492.343	650.000	743.257	441	0	39	3	11	1792	184	0	0		0	0	0	0	0	0.325	0.402	0.445	1	0	0.000	0.000	0.000	0.000	238.000	33.000	320.000	30.000	893.257	0.7372	0.9143
hadur2.Hadur 3.9	trab.Crusader 0.1.7	mid-shield		7	true	35	3129.000	1463.000	29	1450.000	300.000	1177.000	1037.000	16	30016	0.545	1.196	19.050	35	0	0	0.116	0.070	73	1723	0	1723	1723	7	24	0	0	0	168	1509	1851	T?/M?	live	0	0	0	650	485.320	650.000	707.600	609	0	0	2	8	1723	168	0	0		0	0	0	0	0	0.236	0.357	0.440	1	0	0.000	0.000	0.000	0.000	212.000	67.000	290.000	60.000	857.600	0.6814	0.8286
hadur2.Hadur 3.9	trab.Crusader 0.1.7	mid-shield		8	true	35	3386.000	1140.000	32	1600.000	150.000	1229.000	927.000	10	30258	0.594	1.262	20.432	35	0	0	0.121	0.069	97	1724	4	1724	1724	3	25	0	0	0	163	1403	1847	T?/M?	live	0	0	0	650	467.909	650.000	714.514	483	0	122	1	61	1724	163	0	0		0	0	0	0	0	0.325	0.401	0.445	1	0	0.000	0.000	0.000	0.000	236.000	33.000	320.000	30.000	864.514	0.7481	0.9143
hadur2.Hadur 3.9	wiki.mini.Sedan 1.0	mid-shield		1	true	35	3480.000	1113.000	33	1650.000	100.000	1257.000	966.000	12	23044	0.448	0.936	11.900	35	0	0	0.127	0.062	26	1109	7	1109	1109	4	13	0	0	0	112	175	1280	T?/M?	live	0	0	0	650	510.117	650.000	508.400	789	101	38	3	7	1109	112	0	0		0	0	0	0	0	0.325	0.416	0.445	1	0	0.000	0.000	0.000	0.000	243.000	27.000	330.000	20.000	658.400	0.7577	0.9429
hadur2.Hadur 3.9	wiki.mini.Sedan 1.0	mid-shield		2	true	35	3154.000	1006.000	31	1550.000	200.000	1091.000	713.000	11	22907	0.413	0.903	12.873	35	0	0	0.114	0.045	27	1090	9	1090	1090	2	15	0	0	0	96	712	1263	T?/M?	live	0	0	0	650	512.554	650.000	504.486	1194	98	8	2	8	1090	96	0	0		0	0	0	0	0	0.325	0.401	0.445	1	0	0.000	0.000	0.000	0.000	203.000	52.000	310.000	40.000	654.486	0.7582	0.8857
hadur2.Hadur 3.9	wiki.mini.Sedan 1.0	mid-shield		3	true	35	3182.000	1286.000	31	1550.000	200.000	1120.000	988.000	11	23251	0.450	0.958	14.409	35	0	0	0.119	0.059	44	1104	7	1104	1104	5	15	0	0	0	100	679	1289	T?/M?	live	0	0	0	650	507.971	650.000	514.314	691	79	79	3	11	1104	100	0	0		0	0	0	0	0	0.332	0.390	0.440	1	0	0.000	0.000	0.000	0.000	203.000	58.000	310.000	40.000	664.314	0.7122	0.8857
hadur2.Hadur 3.9	wiki.mini.Sedan 1.0	mid-shield		4	true	35	3422.000	732.000	34	1700.000	50.000	1152.000	665.000	14	22563	0.374	0.838	12.353	35	0	0	0.106	0.044	21	1062	8	1063	1062	4	12	0	0	0	136	1140	1215	T?/M?	live	0	0	0	650	492.431	650.000	494.657	1338	172	35	3	6	1063	134	0	0		0	0	0	0	0	0.380	0.425	0.445	1	0	0.000	0.000	0.000	0.000	230.000	8.000	340.000	10.000	644.657	0.8238	0.9714
hadur2.Hadur 3.9	wiki.mini.Sedan 1.0	mid-shield		5	true	35	3634.000	600.000	35	1750.000	0.000	1279.000	600.000	9	21831	0.296	0.713	12.399	35	0	0	0.128	0.044	18	1026	5	1026	1026	2	10	0	0	0	75	0	1160	T?/M?	live	0	0	0	650	499.663	525.000	473.743	897	76	65	2	8	1026	74	0	0		0	0	0	0	0	0.172	0.263	0.389	0	0	0.000	0.000	0.000	0.000	256.000	0.000	350.000	0.000	623.743	0.8583	1.0000
hadur2.Hadur 3.9	wiki.mini.Sedan 1.0	mid-shield		6	true	35	3550.000	806.000	34	1700.000	50.000	1260.000	733.000	10	22141	0.389	0.844	12.570	35	0	0	0.126	0.054	23	1043	6	1043	1043	3	15	0	0	0	107	734	1188	T?/M?	live	0	0	0	650	508.823	650.000	482.600	1244	79	65	2	7	1043	107	0	0		0	0	0	0	0	0.183	0.300	0.389	0	0	0.000	0.000	0.000	0.000	249.000	13.000	340.000	10.000	632.600	0.8150	0.9714
hadur2.Hadur 3.9	wiki.mini.Sedan 1.0	mid-shield		7	true	35	3324.000	1011.000	31	1550.000	200.000	1238.000	723.000	7	22072	0.245	0.601	12.251	35	0	0	0.138	0.045	38	1039	5	1039	1039	3	12	0	0	0	113	1045	1191	T?/M?	live	0	0	0	650	480.689	400.000	480.629	804	81	100	2	6	1039	113	0	0		0	0	0	0	0	0.114	0.160	0.242	0	0	0.000	0.000	0.000	0.000	226.000	48.000	310.000	40.000	630.629	0.7668	0.8857
hadur2.Hadur 3.9	wiki.mini.Sedan 1.0	mid-shield		8	true	35	3339.000	985.000	33	1650.000	100.000	1141.000	842.000	7	23904	0.306	0.723	11.831	35	0	0	0.116	0.056	34	1162	7	1162	1162	2	12	0	0	0	117	1269	1347	T?/M?	live	0	0	0	650	518.717	650.000	532.971	1024	183	31	1	3116	1162	117	0	0		0	0	0	0	0	0.160	0.252	0.389	0	0	0.000	0.000	0.000	0.000	219.000	23.000	330.000	20.000	682.971	0.7722	0.9429
