build	opponent	role	rank	seed	ok	rounds	score	theirScore	firsts	survival	theirSurvival	bulletDamage	theirBulletDamage	skippedTurns	turns	turnP50Ms	turnP95Ms	turnMaxMs	roundRecords	faults	faultRecords	ourHitRate	theirHitRate	phantomWaves	enemyShots	unseenShots	inferredWaves	matchedWaves	radarReacquired	hiddenShots	profileFound	memoryFailures	seedsEvicted	bulletsIntercepted	jitteredShots	shotsFired	tiers	openingGun	gunSeed	surfSeed	seedDecays	openingDistance	meanDistance	targetDistance	roundTicks	finishTicks	ramTicks	fullPowerShots	maxLevel	slowTicks	shadowedWaves	interceptsShadowed	flavourChanges	flavourStep	errors	score_share	survival_share
3.8.1	RobotMarco.MarcoV 0.1	weak		1	true	35	5858.000	16.000	35	1750.000	0.000	3132.000	16.000	15	15172	0.214	0.605	12.175	35	0	0	0.392	0.029	0	126	0	122	122	5	4	0	0	0	8	0	603	T?/M?	live	0	0	0	650	432.400	400.000	283.486	67	14	348	3	2	122	8	0	0		0.9973	1.0000
3.8.1	RobotMarco.MarcoV 0.1	weak		2	true	35	5861.000	16.000	35	1750.000	0.000	3134.000	16.000	13	14885	0.242	0.676	10.998	35	0	0	0.388	0.005	0	125	0	122	122	4	5	0	0	0	2	0	577	T?/M?	live	0	0	0	650	453.023	400.000	275.286	95	0	376	3	3	122	2	0	0		0.9973	1.0000
3.8.1	RobotMarco.MarcoV 0.1	weak		3	true	35	5880.000	277.000	34	1700.000	50.000	3211.000	205.000	11	15553	0.244	0.726	150.371	35	0	0	0.374	0.085	0	118	0	118	118	1	2	0	0	0	8	0	629	T?/M?	live	0	0	0	650	472.220	400.000	294.371	75	2	355	1	3	118	8	0	0		0.9550	0.9714
3.8.1	RobotMarco.MarcoV 0.1	weak		4	true	35	5923.000	128.000	35	1750.000	0.000	3186.000	128.000	14	15659	0.223	0.647	12.857	35	0	0	0.353	0.038	0	129	0	125	125	5	3	0	0	0	9	0	632	T?/M?	live	0	0	0	650	465.386	400.000	297.400	100	30	391	3	5	125	9	0	0		0.9788	1.0000
3.8.1	RobotMarco.MarcoV 0.1	weak		5	true	35	5916.000	2.000	35	1750.000	0.000	3180.000	0.000	13	14633	0.203	0.633	80.164	35	0	0	0.389	0.000	2	107	0	107	107	2	4	0	0	0	7	0	562	T?/M?	live	0	0	0	650	390.874	400.000	268.086	92	6	343	2	3	107	7	0	0		0.9997	1.0000
3.8.1	RobotMarco.MarcoV 0.1	weak		6	true	35	5882.000	0.000	35	1750.000	0.000	3151.000	0.000	15	14896	0.208	0.648	10.979	35	0	0	0.389	0.000	0	117	1	117	117	2	4	0	0	0	5	0	582	T?/M?	live	0	0	0	650	415.943	400.000	275.600	160	29	362	3	1	117	5	0	0		1.0000	1.0000
3.8.1	RobotMarco.MarcoV 0.1	weak		7	true	35	5933.000	0.000	35	1750.000	0.000	3194.000	0.000	14	14409	0.223	0.655	168.647	35	0	0	0.411	0.000	0	102	1	102	102	4	1	0	0	0	7	0	545	T?/M?	live	0	0	0	650	406.257	400.000	261.686	52	33	350	2	4	102	7	0	0		1.0000	1.0000
3.8.1	RobotMarco.MarcoV 0.1	weak		8	true	35	5880.000	1.000	35	1750.000	0.000	3150.000	0.000	11	14548	0.232	0.656	208.248	35	0	0	0.385	0.000	1	116	1	116	116	3	5	0	0	0	7	0	553	T?/M?	live	0	0	0	650	411.980	400.000	265.657	86	20	360	2	6	116	7	0	0		0.9998	1.0000
3.8.1	RobotMarco.MarcoV 0.1	weak		9	true	35	5908.000	0.000	35	1750.000	0.000	3173.000	0.000	12	14525	0.227	0.660	171.320	35	0	0	0.386	0.000	0	108	1	108	108	1	3	0	0	0	3	0	552	T?/M?	live	0	0	0	650	406.440	400.000	265.000	103	0	373	2	4	108	3	0	0		1.0000	1.0000
3.8.1	RobotMarco.MarcoV 0.1	weak		10	true	35	5875.000	16.000	35	1750.000	0.000	3146.000	16.000	15	14751	0.222	0.647	13.588	35	0	0	0.397	0.006	0	121	0	117	117	4	3	0	0	0	5	0	570	T?/M?	live	0	0	0	650	419.577	400.000	271.457	118	10	340	3	4	117	5	0	0		0.9973	1.0000
3.8.1	RobotMarco.MarcoV 0.1	weak		11	true	35	5912.000	1.000	35	1750.000	0.000	3176.000	0.000	12	14422	0.214	0.660	12.157	35	0	0	0.403	0.000	1	110	0	110	110	1	5	0	0	0	4	0	547	T?/M?	live	0	0	0	650	400.894	400.000	262.057	48	35	346	2	5	110	4	0	0		0.9998	1.0000
3.8.1	RobotMarco.MarcoV 0.1	weak		12	true	35	5890.000	0.000	35	1750.000	0.000	3158.000	0.000	13	14942	0.222	0.684	14.393	35	0	0	0.362	0.000	0	114	0	114	114	2	3	0	0	0	9	0	579	T?/M?	live	0	0	0	650	424.511	400.000	276.914	64	0	373	3	3	114	9	0	0		1.0000	1.0000
3.8.1	RobotMarco.MarcoV 0.1	weak		13	true	35	5889.000	0.000	35	1750.000	0.000	3158.000	0.000	14	14787	0.232	0.679	13.751	35	0	0	0.410	0.000	0	115	1	113	113	3	6	0	0	0	3	0	583	T?/M?	live	0	0	0	650	446.151	400.000	272.486	112	16	327	3	5	113	2	0	0		1.0000	1.0000
3.8.1	RobotMarco.MarcoV 0.1	weak		14	true	35	5916.000	2.000	35	1750.000	0.000	3180.000	0.000	13	13913	0.214	0.686	11.505	35	0	0	0.426	0.000	2	109	0	109	109	4	3	0	0	0	1	0	517	T?/M?	live	0	0	0	650	418.080	400.000	247.514	47	42	316	3	5	109	1	0	0		0.9997	1.0000
3.8.1	RobotMarco.MarcoV 0.1	weak		15	true	35	5850.000	147.000	34	1700.000	50.000	3189.000	76.000	15	14398	0.249	0.732	11.017	35	0	0	0.416	0.016	8	111	1	111	111	4	6	0	0	0	5	0	548	T?/M?	live	0	0	0	650	421.063	400.000	261.371	58	7	372	3	5	111	5	0	0		0.9755	0.9714
3.8.1	RobotMarco.MarcoV 0.1	weak		16	true	35	5909.000	17.000	35	1750.000	0.000	3174.000	16.000	15	14489	0.219	0.634	21.658	35	0	0	0.425	0.006	0	112	0	110	110	2	3	0	0	0	7	0	556	T?/M?	live	0	0	0	650	412.303	400.000	263.971	51	3	333	3	3	110	7	0	0		0.9971	1.0000
3.8.1	ags.Midboss 1q.fast	mid		1	true	35	3888.000	1172.000	32	1600.000	150.000	1653.000	962.000	29	34789	0.732	1.366	39.269	35	0	0	0.128	0.087	95	2227	8	2227	2227	18	31	0	0	0	215	2025	2232	T?/M?	live	0	0	0	650	404.571	650.000	843.971	687	121	68	3	1	2227	215	0	0		0.7684	0.9143
3.8.1	ags.Midboss 1q.fast	mid		2	true	35	3524.000	1369.000	30	1500.000	250.000	1439.000	1002.000	32	33142	0.716	1.335	51.340	35	0	0	0.130	0.096	130	2063	8	2029	2028	17	32	0	0	0	209	1382	2107	T?/M?	live	0	0	0	650	412.354	650.000	796.914	580	163	109	3	4	2029	206	0	0		0.7202	0.8571
3.8.1	ags.Midboss 1q.fast	mid		3	true	35	3535.000	1391.000	29	1450.000	300.000	1519.000	958.000	24	30517	0.745	1.385	40.190	35	0	0	0.137	0.084	92	1862	4	1862	1862	12	25	0	0	0	161	1429	1874	T?/M?	live	0	0	0	650	408.669	600.000	721.914	631	48	129	3	43	1862	160	0	0		0.7176	0.8286
3.8.1	ags.Midboss 1q.fast	mid		4	true	35	3321.000	1665.000	26	1300.000	450.000	1512.000	1030.000	22	31284	0.742	1.378	49.712	35	0	0	0.140	0.088	96	1898	3	1851	1851	10	36	0	0	0	200	1568	1917	T?/M?	live	0	0	0	650	413.214	650.000	743.829	500	49	150	3	2	1832	197	0	0		0.6661	0.7429
3.8.1	ags.Midboss 1q.fast	mid		5	true	35	3779.000	1058.000	32	1600.000	150.000	1564.000	841.000	28	36780	0.694	1.314	90.150	35	0	0	0.135	0.074	141	2413	5	2392	2392	18	33	0	0	0	257	2323	2428	T?/M?	live	0	0	0	650	405.589	650.000	900.857	373	118	124	3	4	2392	255	0	0		0.7813	0.9143
3.8.1	ags.Midboss 1q.fast	mid		6	true	35	3079.000	1944.000	23	1150.000	600.000	1465.000	1098.000	30	30308	0.739	1.367	37.782	35	0	0	0.133	0.098	92	1819	8	1795	1795	27	30	0	0	0	164	1748	1841	T?/M?	live	0	0	0	650	415.283	650.000	715.943	658	47	225	3	2	1795	162	0	0		0.6130	0.6571
3.8.1	ags.Midboss 1q.fast	mid		7	true	35	3549.000	1427.000	29	1450.000	300.000	1522.000	998.000	22	30118	0.705	1.342	39.558	35	0	0	0.146	0.081	132	1792	10	1792	1791	11	27	0	0	0	174	1768	1840	T?/M?	live	0	0	0	650	397.406	400.000	710.514	689	215	244	3	2	1790	173	0	0		0.7132	0.8286
3.8.1	ags.Midboss 1q.fast	mid		8	true	35	3552.000	1382.000	29	1450.000	300.000	1533.000	952.000	28	30908	0.709	1.371	112.768	35	0	0	0.135	0.086	101	1850	8	1850	1849	17	38	0	0	0	191	1652	1909	T?/M?	live	0	0	0	650	412.409	650.000	733.086	644	80	128	3	44	1841	191	0	0		0.7199	0.8286
3.8.1	ags.Midboss 1q.fast	mid		9	true	35	3461.000	1643.000	29	1450.000	300.000	1457.000	1201.000	30	34107	0.717	1.362	48.287	34	0	0	0.139	0.103	142	2124	5	2058	2058	19	22	0	0	0	196	1986	2174	T?/M?	live	0	0	0	650	407.738	650.000	831.029	351	123	130	3	45	2019	193	0	0		0.6781	0.8286
3.8.1	ags.Midboss 1q.fast	mid		10	true	35	3379.000	1645.000	27	1350.000	400.000	1502.000	1068.000	25	33008	0.725	1.386	37.649	35	0	0	0.125	0.094	85	2055	2	2054	2054	15	26	0	0	0	188	1887	2068	T?/M?	live	0	0	0	650	412.203	650.000	793.086	643	96	37	3	4	2046	186	0	0		0.6726	0.7714
3.8.1	ags.Midboss 1q.fast	mid		11	true	35	4025.000	1007.000	33	1650.000	100.000	1710.000	861.000	27	32466	0.723	1.360	34.579	35	0	0	0.149	0.092	112	2029	6	2008	2008	12	32	0	0	0	173	1656	2040	T?/M?	live	0	0	0	650	406.846	625.000	777.600	687	100	188	3	28	2008	169	0	0		0.7999	0.9429
3.8.1	ags.Midboss 1q.fast	mid		12	true	35	3055.000	2053.000	25	1250.000	500.000	1327.000	1340.000	32	32684	0.725	1.346	35.389	35	0	0	0.129	0.521	128	2001	12	1957	1957	16	38	0	0	0	196	2037	2092	T?/M?	live	0	0	0	650	405.569	650.000	783.829	424	128	103	3	1	1957	193	0	0		0.5981	0.7143
3.8.1	ags.Midboss 1q.fast	mid		13	true	35	3693.000	1308.000	32	1600.000	150.000	1484.000	1084.000	24	32232	0.718	1.350	36.114	35	0	0	0.131	0.092	105	1969	4	1948	1948	12	28	0	0	0	191	1647	2005	T?/M?	live	0	0	0	650	406.897	650.000	770.914	708	176	134	3	1	1947	190	0	0		0.7385	0.9143
3.8.1	ags.Midboss 1q.fast	mid		14	true	35	3335.000	1600.000	28	1400.000	350.000	1406.000	1095.000	30	32725	0.719	1.346	39.101	35	0	0	0.129	0.098	107	1994	8	1924	1924	12	40	0	0	0	198	1848	2086	T?/M?	live	0	0	0	650	406.026	650.000	785.000	693	46	66	3	4	1924	194	0	0		0.6758	0.8000
3.8.1	ags.Midboss 1q.fast	mid		15	true	35	3507.000	1409.000	30	1500.000	250.000	1435.000	1040.000	27	33170	0.719	1.347	34.835	35	0	0	0.132	0.093	152	2049	4	2003	2002	13	30	0	0	0	199	1647	2102	T?/M?	live	0	0	0	650	409.266	650.000	797.714	480	130	246	3	2	2003	196	0	0		0.7134	0.8571
3.8.1	ags.Midboss 1q.fast	mid		16	true	35	3371.000	1585.000	28	1400.000	350.000	1428.000	1084.000	30	32585	0.714	1.325	60.786	35	0	0	0.125	0.092	113	2016	5	1971	1971	21	26	0	0	0	166	1968	2051	T?/M?	live	0	0	0	650	406.237	650.000	781.000	626	69	65	3	7	1971	162	0	0		0.6802	0.8000
3.8.1	apv.NanoLauLectrik 1.0	lower		1	true	35	3554.000	1373.000	32	1600.000	150.000	1382.000	1147.000	13	20296	0.522	1.121	113.483	35	0	0	0.160	0.076	90	861	2	863	861	7	15	0	0	0	75	961	1045	T?/M?	live	0	0	0	650	483.997	550.000	429.886	530	552	227	2	4	863	75	0	0		0.7213	0.9143
3.8.1	apv.NanoLauLectrik 1.0	lower		2	true	35	3636.000	1171.000	32	1600.000	150.000	1440.000	951.000	14	19040	0.480	1.057	14.977	35	0	0	0.163	0.069	75	789	0	792	789	4	11	0	0	0	61	0	914	T?/M?	live	0	0	0	650	461.786	650.000	394.000	612	416	175	2	6	781	61	0	0		0.7564	0.9143
3.8.1	apv.NanoLauLectrik 1.0	lower		3	true	35	3811.000	917.000	34	1700.000	50.000	1476.000	842.000	11	18680	0.437	1.017	16.143	35	0	0	0.161	0.066	55	768	3	766	765	44	17	0	0	0	60	155	893	T?/M?	live	0	0	0	650	469.560	650.000	383.714	883	375	186	2	6	766	60	0	0		0.8060	0.9714
3.8.1	apv.NanoLauLectrik 1.0	lower		4	true	35	3633.000	1092.000	33	1650.000	100.000	1385.000	937.000	12	19145	0.479	1.056	14.870	35	0	0	0.160	0.083	88	798	2	801	798	5	12	0	0	0	67	0	938	T?/M?	live	0	0	0	650	465.631	650.000	397.000	578	272	206	3	4	801	67	0	0		0.7689	0.9429
3.8.1	apv.NanoLauLectrik 1.0	lower		5	true	35	3552.000	1022.000	32	1600.000	150.000	1370.000	803.000	12	18762	0.440	0.977	20.541	35	0	0	0.163	0.058	75	778	4	780	778	5	16	0	0	0	68	0	915	T?/M?	live	0	0	0	650	428.229	400.000	386.057	731	221	173	3	5	780	68	0	0		0.7766	0.9143
3.8.1	apv.NanoLauLectrik 1.0	lower		6	true	35	3199.000	1118.000	31	1550.000	200.000	1127.000	825.000	16	20575	0.490	1.082	15.030	35	0	0	0.135	0.050	86	884	2	887	884	6	12	0	0	0	82	719	1069	T?/M?	live	0	0	0	650	497.354	650.000	437.857	677	366	86	3	7	887	82	0	0		0.7410	0.8857
3.8.1	apv.NanoLauLectrik 1.0	lower		7	true	35	3743.000	752.000	35	1750.000	0.000	1369.000	752.000	11	19467	0.448	1.037	15.516	35	0	0	0.143	0.055	62	816	3	816	815	3	15	0	0	0	69	0	966	T?/M?	live	0	0	0	650	458.114	575.000	406.200	743	414	131	2	6	816	68	0	0		0.8327	1.0000
3.8.1	apv.NanoLauLectrik 1.0	lower		8	true	35	3680.000	849.000	34	1700.000	50.000	1370.000	775.000	9	19159	0.439	0.989	15.686	35	0	0	0.156	0.055	76	799	5	804	799	6	15	0	0	0	72	604	935	T?/M?	live	0	0	0	650	438.123	400.000	397.400	898	306	179	2	7	804	72	0	0		0.8125	0.9714
3.8.1	apv.NanoLauLectrik 1.0	lower		9	true	35	3492.000	819.000	33	1650.000	100.000	1266.000	671.000	10	19823	0.454	1.019	15.535	35	0	0	0.143	0.049	63	830	3	831	830	2	9	0	0	0	77	497	995	T?/M?	live	0	0	0	650	474.086	650.000	416.371	876	468	144	1	5	831	77	0	0		0.8100	0.9429
3.8.1	apv.NanoLauLectrik 1.0	lower		10	true	35	3663.000	767.000	35	1750.000	0.000	1303.000	767.000	12	19893	0.480	1.047	170.391	35	0	0	0.149	0.054	70	838	2	838	838	2	17	0	0	0	68	0	1006	T?/M?	live	0	0	0	650	486.591	600.000	418.371	708	487	96	2	5	838	68	0	0		0.8269	1.0000
3.8.1	apv.NanoLauLectrik 1.0	lower		11	true	35	3709.000	826.000	34	1700.000	50.000	1391.000	752.000	13	18948	0.483	1.045	66.185	35	0	0	0.154	0.055	68	785	2	787	785	2	17	0	0	0	67	0	920	T?/M?	live	0	0	0	650	475.697	650.000	391.371	731	411	192	2	7	787	67	0	0		0.8179	0.9714
3.8.1	apv.NanoLauLectrik 1.0	lower		12	true	35	3646.000	782.000	33	1650.000	100.000	1394.000	635.000	11	18619	0.434	0.995	15.670	35	0	0	0.153	0.050	67	764	2	764	764	2	14	0	0	0	78	798	884	T?/M?	live	0	0	0	650	475.797	600.000	381.971	768	347	205	3	4	764	78	0	0		0.8234	0.9429
3.8.1	apv.NanoLauLectrik 1.0	lower		13	true	35	3594.000	987.000	32	1600.000	150.000	1401.000	767.000	17	18569	0.419	0.971	66.238	35	0	0	0.167	0.056	93	763	1	763	763	2	18	0	0	0	53	0	895	T?/M?	live	0	0	0	650	458.240	400.000	380.543	642	351	219	2	5	763	53	0	0		0.7845	0.9143
3.8.1	apv.NanoLauLectrik 1.0	lower		14	true	35	3632.000	834.000	34	1700.000	50.000	1332.000	758.000	12	19326	0.460	1.007	102.251	35	0	0	0.150	0.054	75	799	3	803	796	17	15	0	0	0	64	0	949	T?/M?	live	0	0	0	650	475.974	650.000	402.171	565	446	114	3	6	803	64	0	0		0.8133	0.9714
3.8.1	apv.NanoLauLectrik 1.0	lower		15	true	35	3399.000	1417.000	30	1500.000	250.000	1349.000	1050.000	10	19700	0.482	1.056	16.344	35	0	0	0.161	0.069	85	832	1	832	830	2	11	0	0	0	69	119	992	T?/M?	live	0	0	0	650	490.774	650.000	412.857	432	297	192	3	5	832	69	0	0		0.7058	0.8571
3.8.1	apv.NanoLauLectrik 1.0	lower		16	true	35	3599.000	978.000	33	1650.000	100.000	1358.000	836.000	14	19425	0.469	1.023	166.465	35	0	0	0.152	0.058	76	811	2	811	811	7	4	0	0	0	76	822	968	T?/M?	live	0	0	0	650	489.737	400.000	405.000	713	371	147	3	5	811	76	0	0		0.7863	0.9429
3.8.1	bvh.fnr.Fenrir 0.36l	lower		1	true	35	3249.000	1444.000	28	1400.000	350.000	1333.000	955.000	21	26169	0.454	1.079	16.272	35	0	0	0.136	0.074	59	1260	8	1260	1260	10	12	0	0	0	106	1367	1509	T?/M?	live	0	0	0	650	489.900	550.000	597.686	458	0	177	3	6	1260	106	0	0		0.6923	0.8000
3.8.1	bvh.fnr.Fenrir 0.36l	lower		2	true	35	4024.000	1001.000	33	1650.000	100.000	1713.000	861.000	16	23266	0.453	1.047	11.668	35	0	0	0.161	0.071	33	1114	0	1113	1113	6	13	0	0	0	81	554	1249	T?/M?	live	0	0	0	650	453.017	550.000	514.743	615	0	221	2	531	1113	81	0	0		0.8008	0.9429
3.8.1	bvh.fnr.Fenrir 0.36l	lower		3	true	35	3717.000	1453.000	31	1550.000	200.000	1556.000	1161.000	17	25658	0.450	1.099	18.198	35	0	0	0.131	0.096	53	1198	29	1198	1198	7	17	0	0	0	80	0	1450	T?/M?	live	0	0	0	650	509.249	650.000	583.086	253	0	313	2	559	1198	80	0	0		0.7190	0.8857
3.8.1	bvh.fnr.Fenrir 0.36l	lower		4	true	35	3462.000	1654.000	29	1450.000	300.000	1454.000	1217.000	22	26321	0.484	1.110	13.264	35	0	0	0.146	0.088	78	1296	1	1296	1296	13	21	0	0	0	97	984	1536	T?/M?	live	0	0	0	650	461.769	650.000	602.029	319	14	155	2	6	1286	96	0	0		0.6767	0.8286
3.8.1	bvh.fnr.Fenrir 0.36l	lower		5	true	35	3436.000	1283.000	31	1550.000	200.000	1328.000	1000.000	19	26854	0.506	1.115	16.746	35	0	0	0.128	0.071	63	1343	0	1321	1321	11	21	0	0	0	92	1134	1574	T?/M?	live	0	0	0	650	489.017	650.000	617.257	444	0	65	3	8	1321	90	0	0		0.7281	0.8857
3.8.1	bvh.fnr.Fenrir 0.36l	lower		6	true	35	3904.000	1094.000	33	1650.000	100.000	1611.000	949.000	14	25845	0.473	1.081	12.333	35	0	0	0.144	0.076	45	1193	8	1193	1193	10	23	0	0	0	96	1082	1488	T?/M?	live	0	0	0	650	489.577	650.000	588.429	474	0	108	2	5	1193	96	0	0		0.7811	0.9429
3.8.1	bvh.fnr.Fenrir 0.36l	lower		7	true	35	3418.000	1610.000	29	1450.000	300.000	1417.000	1188.000	25	27251	0.432	1.078	207.575	35	0	0	0.142	0.088	99	1331	18	1331	1331	14	17	0	0	0	98	1581	1597	T?/M?	live	0	0	0	650	500.269	650.000	628.600	379	0	312	3	8	1331	98	0	0		0.6798	0.8286
3.8.1	bvh.fnr.Fenrir 0.36l	lower		8	true	35	3758.000	1233.000	30	1500.000	250.000	1659.000	878.000	11	23509	0.437	1.020	16.831	35	0	0	0.147	0.070	38	1133	16	1133	1133	2	18	0	0	0	71	0	1258	T?/M?	live	0	0	0	650	451.383	400.000	521.686	268	0	284	2	246	1128	71	0	0		0.7530	0.8571
3.8.1	bvh.fnr.Fenrir 0.36l	lower		9	true	35	3431.000	1515.000	28	1400.000	350.000	1491.000	1018.000	16	25367	0.445	1.033	94.244	35	0	0	0.152	0.074	60	1241	14	1241	1241	7	16	0	0	0	102	1089	1448	T?/M?	live	0	0	0	650	488.040	650.000	574.771	438	39	137	2	190	1241	102	0	0		0.6937	0.8000
3.8.1	bvh.fnr.Fenrir 0.36l	lower		10	true	35	4007.000	1236.000	31	1550.000	200.000	1808.000	959.000	21	23772	0.472	1.060	145.315	35	0	0	0.162	0.083	37	1098	7	1098	1097	20	21	0	0	0	86	1045	1291	T?/M?	live	0	0	0	650	485.749	650.000	529.200	492	0	205	2	4	1098	85	0	0		0.7643	0.8857
3.8.1	bvh.fnr.Fenrir 0.36l	lower		11	true	35	3768.000	1247.000	31	1550.000	200.000	1605.000	960.000	20	24576	0.433	1.029	11.840	35	0	0	0.143	0.077	42	1173	17	1173	1173	9	13	0	0	0	89	1339	1366	T?/M?	live	0	0	0	650	512.229	650.000	552.171	779	0	199	2	15	1173	89	0	0		0.7513	0.8857
3.8.1	bvh.fnr.Fenrir 0.36l	lower		12	true	35	4091.000	948.000	33	1650.000	100.000	1766.000	806.000	15	22519	0.462	1.028	12.827	35	0	0	0.165	0.072	44	1053	2	1053	1053	6	12	0	0	0	80	0	1191	T?/M?	live	0	0	0	650	462.780	650.000	493.400	305	0	320	2	7	1053	80	0	0		0.8119	0.9429
3.8.1	bvh.fnr.Fenrir 0.36l	lower		13	true	35	3477.000	1607.000	28	1400.000	350.000	1532.000	1107.000	10	26694	0.507	1.089	12.200	35	0	0	0.145	0.078	75	1266	20	1266	1266	7	16	0	0	0	88	1392	1572	T?/M?	live	0	0	0	650	497.543	650.000	612.686	341	0	184	3	7	1266	88	0	0		0.6839	0.8000
3.8.1	bvh.fnr.Fenrir 0.36l	lower		14	true	35	3701.000	1429.000	30	1500.000	250.000	1611.000	1072.000	21	25165	0.479	1.086	11.533	35	0	0	0.156	0.086	58	1187	11	1188	1187	12	20	0	0	0	90	1093	1413	T?/M?	live	0	0	0	650	481.540	650.000	569.000	371	0	220	3	7	1188	90	0	0		0.7214	0.8571
3.8.1	bvh.fnr.Fenrir 0.36l	lower		15	true	35	3763.000	1174.000	32	1600.000	150.000	1550.000	960.000	18	25037	0.479	1.069	157.837	35	0	0	0.159	0.075	74	1208	10	1208	1208	7	16	0	0	0	97	1087	1403	T?/M?	live	0	0	0	650	483.006	650.000	565.343	395	0	308	3	8	1207	97	0	0		0.7622	0.9143
3.8.1	bvh.fnr.Fenrir 0.36l	lower		16	true	35	3727.000	1387.000	31	1550.000	200.000	1587.000	1095.000	16	26431	0.495	1.091	16.900	35	0	0	0.145	0.080	68	1266	5	1257	1255	13	19	0	0	0	96	0	1536	T?/M?	live	0	0	0	650	494.846	450.000	605.171	539	1	172	2	4	1256	96	0	0		0.7288	0.8857
3.8.1	cw.megas.Silhouette 1.1	mid		1	true	35	3395.000	1714.000	28	1400.000	350.000	1451.000	1203.000	12	23837	0.412	0.987	16.216	35	0	0	0.145	0.086	45	1171	2	1171	1171	3	17	0	0	0	121	1243	1314	T?/M?	live	0	0	0	650	404.877	650.000	531.057	381	286	203	2	8	1171	120	0	0		0.6645	0.8000
3.8.1	cw.megas.Silhouette 1.1	mid		2	true	35	3907.000	1047.000	32	1600.000	150.000	1671.000	838.000	11	21690	0.378	0.902	16.440	35	0	0	0.162	0.068	31	1032	1	1032	1032	4	10	0	0	0	92	628	1098	T?/M?	live	0	0	0	650	379.086	475.000	469.714	496	252	279	2	6	1032	92	0	0		0.7887	0.9143
3.8.1	cw.megas.Silhouette 1.1	mid		3	true	35	3181.000	1763.000	27	1350.000	400.000	1322.000	1187.000	16	24259	0.441	1.013	69.953	35	0	0	0.142	0.081	56	1203	3	1203	1203	9	14	0	0	0	97	0	1330	T?/M?	live	0	0	0	650	411.737	650.000	543.114	273	304	155	3	9	1196	97	0	0		0.6434	0.7714
3.8.1	cw.megas.Silhouette 1.1	mid		4	true	35	3442.000	1204.000	31	1550.000	200.000	1333.000	920.000	12	24010	0.402	0.963	17.893	35	0	0	0.128	0.068	32	1178	2	1178	1178	6	18	0	0	0	118	782	1312	T?/M?	live	0	0	0	650	421.017	650.000	536.000	483	444	107	3	5	1176	118	0	0		0.7409	0.8857
3.8.1	cw.megas.Silhouette 1.1	mid		5	true	35	3463.000	1595.000	28	1400.000	350.000	1519.000	1083.000	14	22538	0.438	1.002	17.322	35	0	0	0.154	0.155	32	1086	5	1066	1066	5	13	0	0	0	105	1109	1172	T?/M?	live	0	0	0	650	395.840	400.000	493.943	519	325	217	3	5	1054	103	0	0		0.6847	0.8000
3.8.1	cw.megas.Silhouette 1.1	mid		6	true	35	3594.000	1406.000	31	1550.000	200.000	1448.000	1112.000	15	24005	0.463	1.001	17.301	35	0	0	0.139	0.081	46	1182	0	1182	1182	6	16	0	0	0	115	1293	1315	T?/M?	live	0	0	0	650	404.571	650.000	535.857	481	378	111	3	7	1180	115	0	0		0.7188	0.8857
3.8.1	cw.megas.Silhouette 1.1	mid		7	true	35	3918.000	1096.000	33	1650.000	100.000	1611.000	936.000	10	22582	0.461	0.985	18.031	34	0	0	0.158	0.094	30	1085	2	1065	1065	4	13	0	0	0	89	816	1103	T?/M?	live	0	0	0	650	405.838	650.000	484.529	493	402	224	3	7	1001	88	0	0		0.7814	0.9429
3.8.1	cw.megas.Silhouette 1.1	mid		8	true	35	3710.000	1255.000	33	1650.000	100.000	1447.000	1116.000	13	24794	0.499	1.043	16.075	35	0	0	0.144	0.078	53	1231	2	1231	1231	0	20	0	0	0	143	1277	1371	T?/M?	live	0	0	0	650	403.971	650.000	558.400	390	413	224	1	7	1231	143	0	0		0.7472	0.9429
3.8.1	cw.megas.Silhouette 1.1	mid		9	true	35	3609.000	1370.000	30	1500.000	250.000	1517.000	1015.000	12	23030	0.460	0.976	17.919	35	0	0	0.154	0.076	37	1123	1	1123	1123	4	12	0	0	0	88	875	1231	T?/M?	live	0	0	0	650	395.380	475.000	508.000	466	251	233	2	56	1123	88	0	0		0.7248	0.8571
3.8.1	cw.megas.Silhouette 1.1	mid		10	true	35	3284.000	1460.000	27	1350.000	400.000	1417.000	899.000	13	22820	0.466	0.994	17.406	35	0	0	0.141	0.067	21	1111	1	1111	1111	5	11	0	0	0	87	80	1206	T?/M?	live	0	0	0	650	402.591	650.000	502.000	473	199	144	2	7	1108	87	0	0		0.6922	0.7714
3.8.1	cw.megas.Silhouette 1.1	mid		11	true	35	3883.000	1205.000	32	1600.000	150.000	1644.000	971.000	11	22301	0.442	0.964	16.638	34	0	0	0.160	0.081	30	1071	5	1071	1071	4	14	0	0	0	87	785	1090	T?/M?	live	0	0	0	650	398.091	550.000	476.588	459	263	212	2	57	1013	87	0	0		0.7632	0.9143
3.8.1	cw.megas.Silhouette 1.1	mid		12	true	35	3385.000	1387.000	31	1550.000	200.000	1286.000	1105.000	16	25126	0.523	1.062	16.081	35	0	0	0.132	0.079	49	1252	2	1252	1252	7	9	0	0	0	119	786	1410	T?/M?	live	0	0	0	650	438.734	650.000	567.886	383	521	140	3	6	1252	119	0	0		0.7093	0.8857
3.8.1	cw.megas.Silhouette 1.1	mid		13	true	35	3662.000	1386.000	29	1450.000	300.000	1628.000	964.000	13	22321	0.458	0.994	17.527	35	0	0	0.160	0.077	42	1073	5	1073	1073	5	21	0	0	0	108	1026	1148	T?/M?	live	0	0	0	650	400.194	600.000	487.743	331	222	324	3	7	1073	108	0	0		0.7254	0.8286
3.8.1	cw.megas.Silhouette 1.1	mid		14	true	35	3755.000	1096.000	32	1600.000	150.000	1547.000	880.000	16	22974	0.474	1.003	15.836	35	0	0	0.147	0.067	27	1111	2	1111	1111	6	18	0	0	0	101	968	1220	T?/M?	live	0	0	0	650	406.140	650.000	506.400	613	364	183	3	5	1111	101	0	0		0.7741	0.9143
3.8.1	cw.megas.Silhouette 1.1	mid		15	true	35	3359.000	1618.000	28	1400.000	350.000	1433.000	1120.000	12	24017	0.504	1.047	58.298	35	0	0	0.143	0.081	38	1186	2	1186	1186	2	12	0	0	0	100	1211	1319	T?/M?	live	0	0	0	650	401.286	650.000	536.200	486	311	181	2	9	1186	100	0	0		0.6749	0.8000
3.8.1	cw.megas.Silhouette 1.1	mid		16	true	35	3952.000	936.000	34	1700.000	50.000	1591.000	865.000	13	22459	0.400	0.884	17.905	35	0	0	0.151	0.071	16	1075	2	1075	1075	5	13	0	0	0	110	878	1156	T?/M?	live	0	0	0	650	375.009	400.000	491.686	521	405	220	2	5	1073	110	0	0		0.8085	0.9714
3.8.1	dggp.haiku.gpBot_0 1.1	weak		1	true	35	4484.000	526.000	35	1750.000	0.000	1987.000	526.000	14	15585	0.313	0.834	16.261	35	0	0	0.231	0.052	73	535	4	534	534	4	15	0	0	0	27	0	629	T?/M?	live	0	0	0	650	465.534	400.000	295.286	631	501	410	2	4	534	27	0	0		0.8950	1.0000
3.8.1	dggp.haiku.gpBot_0 1.1	weak		2	true	35	4370.000	567.000	34	1700.000	50.000	1947.000	484.000	12	15696	0.316	0.792	15.013	35	0	0	0.210	0.055	57	548	3	531	531	3	12	0	0	0	27	0	631	T?/M?	live	0	0	0	650	479.074	400.000	298.457	601	301	440	3	5	531	25	0	0		0.8852	0.9714
3.8.1	dggp.haiku.gpBot_0 1.1	weak		3	true	35	4522.000	272.000	35	1750.000	0.000	2018.000	272.000	7	14336	0.282	0.751	16.045	35	0	0	0.260	0.032	63	480	2	480	480	0	9	0	0	0	28	0	540	T?/M?	live	0	0	0	650	404.791	400.000	259.600	527	200	366	1	5	480	28	0	0		0.9433	1.0000
3.8.1	dggp.haiku.gpBot_0 1.1	weak		4	true	35	4543.000	355.000	34	1700.000	50.000	2088.000	280.000	14	13937	0.260	0.704	7.595	35	0	0	0.284	0.136	53	454	2	428	428	3	8	0	0	0	24	270	524	T?/M?	live	0	0	0	650	396.754	400.000	248.200	531	321	318	3	5	428	23	0	0		0.9275	0.9714
3.8.1	dggp.haiku.gpBot_0 1.1	weak		5	true	35	4537.000	516.000	35	1750.000	0.000	2031.000	513.000	13	15061	0.313	0.795	15.982	35	0	0	0.260	0.059	74	520	2	520	520	6	14	0	0	0	28	0	587	T?/M?	live	0	0	0	650	437.649	400.000	280.314	529	118	399	2	3	517	28	0	0		0.8979	1.0000
3.8.1	dggp.haiku.gpBot_0 1.1	weak		6	true	35	4455.000	496.000	35	1750.000	0.000	1963.000	496.000	14	15227	0.332	0.816	14.605	35	0	0	0.222	0.063	74	534	1	517	517	4	12	0	0	0	32	0	601	T?/M?	live	0	0	0	650	491.260	400.000	285.057	571	195	399	3	4	517	31	0	0		0.8998	1.0000
3.8.1	dggp.haiku.gpBot_0 1.1	weak		7	true	35	4582.000	255.000	35	1750.000	0.000	2068.000	255.000	15	14360	0.279	0.757	10.548	35	0	0	0.256	0.030	53	469	4	469	469	3	12	0	0	0	31	0	546	T?/M?	live	0	0	0	650	397.817	400.000	260.286	610	346	377	3	4	469	31	0	0		0.9473	1.0000
3.8.1	dggp.haiku.gpBot_0 1.1	weak		8	true	35	4666.000	208.000	35	1750.000	0.000	2138.000	208.000	13	13680	0.258	0.758	33.511	35	0	0	0.283	0.024	47	445	0	445	445	1	7	0	0	0	21	0	490	T?/M?	live	0	0	0	650	400.557	400.000	240.857	509	162	362	1	5	445	21	0	0		0.9573	1.0000
3.8.1	dggp.haiku.gpBot_0 1.1	weak		9	true	35	4599.000	232.000	35	1750.000	0.000	2082.000	232.000	11	14095	0.272	0.772	10.557	35	0	0	0.271	0.031	59	461	1	461	461	0	13	0	0	0	24	0	525	T?/M?	live	0	0	0	650	413.360	400.000	252.714	599	309	363	1	755	461	24	0	0		0.9520	1.0000
3.8.1	dggp.haiku.gpBot_0 1.1	weak		10	true	35	4662.000	210.000	35	1750.000	0.000	2135.000	208.000	17	13801	0.251	0.687	9.775	35	0	0	0.300	0.052	41	446	3	417	417	2	9	0	0	0	24	0	511	T?/M?	live	0	0	0	650	371.671	400.000	244.314	563	257	329	3	2	416	22	0	0		0.9569	1.0000
3.8.1	dggp.haiku.gpBot_0 1.1	weak		11	true	35	4557.000	645.000	35	1750.000	0.000	2045.000	640.000	10	15399	0.313	0.854	15.463	35	0	0	0.237	0.071	74	538	4	538	538	2	9	0	0	0	24	0	613	T?/M?	live	0	0	0	650	465.849	400.000	289.971	463	270	420	2	5	538	24	0	0		0.8760	1.0000
3.8.1	dggp.haiku.gpBot_0 1.1	weak		12	true	35	4686.000	144.000	35	1750.000	0.000	2154.000	144.000	11	13590	0.248	0.678	78.388	35	0	0	0.287	0.017	46	426	4	428	426	1	10	0	0	0	29	0	494	T?/M?	live	0	0	0	650	385.257	400.000	238.286	551	263	352	2	3	428	29	0	0		0.9702	1.0000
3.8.1	dggp.haiku.gpBot_0 1.1	weak		13	true	35	4473.000	390.000	35	1750.000	0.000	1977.000	384.000	16	15062	0.333	0.796	15.444	35	0	0	0.239	0.056	63	514	2	497	497	5	11	0	0	0	22	0	588	T?/M?	live	0	0	0	650	471.240	400.000	280.343	346	196	420	3	2	497	21	0	0		0.9198	1.0000
3.8.1	dggp.haiku.gpBot_0 1.1	weak		14	true	35	4378.000	405.000	34	1700.000	50.000	1948.000	329.000	12	14897	0.297	0.745	14.598	35	0	0	0.245	0.053	59	511	1	494	494	9	10	0	0	0	29	0	584	T?/M?	live	0	0	0	650	426.609	400.000	275.629	696	341	377	3	5	494	29	0	0		0.9153	0.9714
3.8.1	dggp.haiku.gpBot_0 1.1	weak		15	true	35	4464.000	728.000	34	1700.000	50.000	2026.000	650.000	14	15090	0.335	0.820	14.200	35	0	0	0.234	0.112	69	528	1	510	510	3	13	0	0	0	25	0	591	T?/M?	live	0	0	0	650	472.529	400.000	281.143	480	140	400	3	4	510	23	0	0		0.8598	0.9714
3.8.1	dggp.haiku.gpBot_0 1.1	weak		16	true	35	4507.000	272.000	35	1750.000	0.000	2006.000	272.000	15	14461	0.296	0.787	16.844	35	0	0	0.249	0.031	61	485	5	485	485	4	10	0	0	0	29	0	546	T?/M?	live	0	0	0	650	429.217	400.000	263.171	538	159	391	3	5	485	29	0	0		0.9431	1.0000
3.8.1	eat.HumblePieLite 1.0	lower		1	true	35	5265.000	432.000	35	1750.000	0.000	2637.000	432.000	13	12901	0.243	0.831	25.292	35	0	0	0.369	0.066	1	376	0	376	375	16	8	0	0	0	18	0	441	T?/M?	live	0	0	0	650	498.154	400.000	218.600	266	0	340	3	4	376	18	0	0		0.9242	1.0000
3.8.1	eat.HumblePieLite 1.0	lower		2	true	35	5215.000	336.000	35	1750.000	0.000	2596.000	336.000	11	12893	0.219	0.786	9.276	35	0	0	0.368	0.054	1	367	2	367	367	2	14	0	0	0	23	0	437	T?/M?	live	0	0	0	650	491.511	400.000	218.371	231	0	339	3	2	367	23	0	0		0.9395	1.0000
3.8.1	eat.HumblePieLite 1.0	lower		3	true	35	5329.000	480.000	35	1750.000	0.000	2691.000	480.000	110	12525	0.206	0.749	10.754	35	0	0	0.398	0.079	1	368	3	368	368	0	11	0	0	0	11	0	414	T?/M?	live	0	0	0	650	483.560	400.000	207.857	291	0	315	1	5	368	11	0	0		0.9174	1.0000
3.8.1	eat.HumblePieLite 1.0	lower		4	true	35	5207.000	368.000	35	1750.000	0.000	2589.000	368.000	10	12925	0.197	0.703	372.259	35	0	0	0.378	0.053	2	383	2	383	383	3	11	0	0	0	18	0	450	T?/M?	live	0	0	0	650	485.600	400.000	219.286	332	0	320	2	5	383	18	0	0		0.9340	1.0000
3.8.1	eat.HumblePieLite 1.0	lower		5	true	35	5220.000	464.000	35	1750.000	0.000	2600.000	464.000	13	12914	0.216	0.751	245.425	35	0	0	0.362	0.073	1	394	1	394	394	6	8	0	0	0	17	0	436	T?/M?	live	0	0	0	650	499.020	400.000	218.971	320	0	340	3	5	394	17	0	0		0.9184	1.0000
3.8.1	eat.HumblePieLite 1.0	lower		6	true	35	5204.000	577.000	35	1750.000	0.000	2587.000	577.000	16	13514	0.262	0.799	247.567	35	0	0	0.352	0.081	3	432	2	416	416	6	8	0	0	0	20	0	489	T?/M?	live	0	0	0	650	499.500	400.000	236.114	251	0	366	3	4	416	19	0	0		0.9002	1.0000
3.8.1	eat.HumblePieLite 1.0	lower		7	true	35	5184.000	352.000	35	1750.000	0.000	2570.000	352.000	12	13081	0.246	0.807	19.800	35	0	0	0.362	0.053	3	386	1	386	386	1	4	0	0	0	28	0	451	T?/M?	live	0	0	0	650	495.083	400.000	223.743	271	0	350	3	3	386	28	0	0		0.9364	1.0000
3.8.1	eat.HumblePieLite 1.0	lower		8	true	35	5229.000	465.000	35	1750.000	0.000	2608.000	464.000	11	13249	0.247	0.839	129.074	35	0	0	0.360	0.069	2	389	3	389	389	0	11	0	0	0	31	0	465	T?/M?	live	0	0	0	650	494.766	400.000	228.543	265	0	337	1	4	389	31	0	0		0.9183	1.0000
3.8.1	eat.HumblePieLite 1.0	lower		9	true	35	3229.000	1698.000	31	1550.000	200.000	1141.000	1387.000	6	28709	0.366	0.748	239.004	34	0	0	0.201	0.099	1	1371	14	1370	1370	3	18	0	0	0	16	148	325	T?/M?	live	0	0	0	650	494.735	650.000	675.353	3160	438	132	1	26	306	16	0	0		0.6554	0.8857
3.8.1	eat.HumblePieLite 1.0	lower		10	true	35	5215.000	400.000	35	1750.000	0.000	2596.000	400.000	11	12856	0.232	0.790	203.472	35	0	0	0.357	0.062	0	384	0	384	384	1	12	0	0	0	22	0	441	T?/M?	live	0	0	0	650	497.400	400.000	217.314	290	0	334	2	3	384	22	0	0		0.9288	1.0000
3.8.1	eat.HumblePieLite 1.0	lower		11	true	35	5153.000	369.000	35	1750.000	0.000	2545.000	368.000	15	13138	0.230	0.787	211.185	35	0	0	0.341	0.056	2	392	0	392	392	1	8	0	0	0	21	0	456	T?/M?	live	0	0	0	650	487.783	400.000	225.371	317	0	347	2	4	392	21	0	0		0.9332	1.0000
3.8.1	eat.HumblePieLite 1.0	lower		12	true	35	5235.000	400.000	35	1750.000	0.000	2612.000	400.000	13	12986	0.227	0.763	8.963	35	0	0	0.356	0.059	2	369	6	369	369	4	12	0	0	0	19	0	446	T?/M?	live	0	0	0	650	488.211	400.000	221.029	248	0	344	2	4	369	19	0	0		0.9290	1.0000
3.8.1	eat.HumblePieLite 1.0	lower		13	true	35	5300.000	608.000	35	1750.000	0.000	2667.000	608.000	13	12966	0.234	0.788	10.931	35	0	0	0.379	0.087	5	397	3	397	397	4	15	0	0	0	14	0	449	T?/M?	live	0	0	0	650	482.777	400.000	220.457	258	0	326	2	3	397	14	0	0		0.8971	1.0000
3.8.1	eat.HumblePieLite 1.0	lower		14	true	35	5255.000	482.000	35	1750.000	0.000	2630.000	480.000	15	13378	0.228	0.736	14.731	35	0	0	0.359	0.073	3	395	2	378	378	4	11	0	0	0	12	0	473	T?/M?	live	0	0	0	650	497.831	400.000	232.229	340	0	352	3	5	378	11	0	0		0.9160	1.0000
3.8.1	eat.HumblePieLite 1.0	lower		15	true	35	5158.000	384.000	35	1750.000	0.000	2548.000	384.000	12	12932	0.232	0.803	10.413	35	0	0	0.360	0.057	0	397	1	397	397	4	12	0	0	0	22	0	443	T?/M?	live	0	0	0	650	490.114	400.000	219.486	250	0	339	3	4	397	22	0	0		0.9307	1.0000
3.8.1	eat.HumblePieLite 1.0	lower		16	true	35	5272.000	440.000	35	1750.000	0.000	2643.000	440.000	14	12930	0.229	0.798	9.574	35	0	0	0.377	0.066	0	378	2	378	378	5	13	0	0	0	28	0	443	T?/M?	live	0	0	0	650	501.097	400.000	219.429	309	0	335	3	4	378	28	0	0		0.9230	1.0000
3.8.1	exauge.GateKeeper 1.1.121g	lower		1	true	35	3484.000	1280.000	32	1600.000	150.000	1309.000	1059.000	13	23882	0.474	0.972	76.767	35	0	0	0.137	0.103	135	1019	0	1005	999	4	22	0	0	0	69	1001	1349	T?/M?	live	0	0	0	650	513.706	650.000	532.343	371	267	79	3	8	1005	68	0	0		0.7313	0.9143
3.8.1	exauge.GateKeeper 1.1.121g	lower		2	true	35	3438.000	1104.000	31	1550.000	200.000	1326.000	813.000	10	22671	0.463	0.978	15.538	35	0	0	0.141	0.061	130	947	0	949	947	2	21	0	0	0	65	43	1240	T?/M?	live	0	0	0	650	534.120	650.000	497.743	544	106	131	2	6	949	65	0	0		0.7569	0.8857
3.8.1	exauge.GateKeeper 1.1.121g	lower		3	true	35	3733.000	985.000	33	1650.000	100.000	1465.000	841.000	12	21426	0.468	0.969	14.942	35	0	0	0.147	0.067	119	934	2	939	933	6	21	0	0	0	66	0	1129	T?/M?	live	0	0	0	650	520.331	650.000	462.171	477	117	177	2	6	939	66	0	0		0.7912	0.9429
3.8.1	exauge.GateKeeper 1.1.121g	lower		4	true	35	3649.000	1071.000	33	1650.000	100.000	1401.000	925.000	13	22503	0.489	0.967	15.491	35	0	0	0.143	0.072	150	960	1	965	957	6	22	0	0	0	61	0	1207	T?/M?	live	0	0	0	650	512.203	575.000	492.943	366	308	166	3	6	965	61	0	0		0.7731	0.9429
3.8.1	exauge.GateKeeper 1.1.121g	lower		5	true	35	3632.000	1085.000	31	1550.000	200.000	1488.000	787.000	14	20238	0.434	0.930	15.385	35	0	0	0.156	0.063	121	854	2	857	852	5	15	0	0	0	42	0	1038	T?/M?	live	0	0	0	650	515.740	650.000	428.229	497	34	155	2	6	857	40	0	0		0.7700	0.8857
3.8.1	exauge.GateKeeper 1.1.121g	lower		6	true	35	3673.000	968.000	34	1700.000	50.000	1363.000	895.000	14	23212	0.490	0.990	16.017	35	0	0	0.137	0.069	132	970	1	974	970	6	19	0	0	0	61	0	1285	T?/M?	live	0	0	0	650	536.989	650.000	513.200	371	135	89	3	5	974	61	0	0		0.7914	0.9714
3.8.1	exauge.GateKeeper 1.1.121g	lower		7	true	35	3670.000	1211.000	31	1550.000	200.000	1512.000	932.000	14	21639	0.437	0.948	47.965	35	0	0	0.173	0.077	142	881	1	869	858	7	9	0	0	0	55	0	1147	T?/M?	live	0	0	0	650	513.920	625.000	468.257	344	223	264	3	7	869	55	0	0		0.7519	0.8857
3.8.1	exauge.GateKeeper 1.1.121g	lower		8	true	35	3345.000	1417.000	30	1500.000	250.000	1304.000	1061.000	13	24606	0.496	1.013	129.000	35	0	0	0.148	0.076	174	1016	0	1020	1016	2	18	0	0	0	63	0	1372	T?/M?	live	0	0	0	650	534.546	650.000	553.029	490	297	216	2	650	1019	63	0	0		0.7024	0.8571
3.8.1	exauge.GateKeeper 1.1.121g	lower		9	true	35	3596.000	1141.000	32	1600.000	150.000	1405.000	923.000	11	22452	0.414	0.911	16.246	35	0	0	0.153	0.068	145	957	1	960	957	1	22	0	0	0	63	96	1231	T?/M?	live	0	0	0	650	513.811	650.000	491.486	470	242	183	2	4274	960	63	0	0		0.7591	0.9143
3.8.1	exauge.GateKeeper 1.1.121g	lower		10	true	35	3995.000	670.000	35	1750.000	0.000	1576.000	670.000	12	21171	0.424	0.892	16.159	35	0	0	0.157	0.058	116	855	2	857	853	5	18	0	0	0	50	811	1098	T?/M?	live	0	0	0	650	507.969	500.000	454.886	509	134	177	2	6	857	50	0	0		0.8564	1.0000
3.8.1	exauge.GateKeeper 1.1.121g	lower		11	true	35	3932.000	694.000	35	1750.000	0.000	1527.000	694.000	10	20912	0.462	0.943	15.448	35	0	0	0.147	0.062	94	881	2	886	879	1	13	0	0	0	55	0	1062	T?/M?	live	0	0	0	650	534.454	650.000	447.486	574	121	146	2	6	886	55	0	0		0.8500	1.0000
3.8.1	exauge.GateKeeper 1.1.121g	lower		12	true	35	3586.000	1274.000	32	1600.000	150.000	1401.000	1054.000	11	22869	0.479	0.956	15.627	35	0	0	0.141	0.079	121	1001	1	1005	1000	2	29	0	0	0	57	0	1259	T?/M?	live	0	0	0	650	504.143	650.000	503.400	510	99	53	3	5	1005	57	0	0		0.7379	0.9143
3.8.1	exauge.GateKeeper 1.1.121g	lower		13	true	35	3158.000	1492.000	29	1450.000	300.000	1200.000	1059.000	6	23916	0.479	0.969	41.150	34	0	0	0.129	0.070	142	1033	0	1037	1032	4	17	0	0	0	69	198	1309	T?/M?	live	0	0	0	650	526.559	650.000	532.794	500	117	93	2	6	1003	68	0	0		0.6791	0.8286
3.8.1	exauge.GateKeeper 1.1.121g	lower		14	true	35	3547.000	1003.000	32	1600.000	150.000	1368.000	787.000	13	22944	0.421	0.912	107.042	35	0	0	0.135	0.056	114	966	1	971	964	4	17	0	0	0	60	804	1262	T?/M?	live	0	0	0	650	495.537	575.000	505.543	462	200	82	3	7	971	60	0	0		0.7796	0.9143
3.8.1	exauge.GateKeeper 1.1.121g	lower		15	true	35	3714.000	1017.000	33	1650.000	100.000	1449.000	870.000	12	23113	0.452	0.952	70.295	35	0	0	0.140	0.069	105	941	0	945	938	4	19	0	0	0	60	0	1279	T?/M?	live	0	0	0	650	516.980	650.000	510.371	550	97	101	2	7	945	59	0	0		0.7850	0.9429
3.8.1	exauge.GateKeeper 1.1.121g	lower		16	true	35	3536.000	1106.000	33	1650.000	100.000	1304.000	960.000	13	23889	0.448	0.947	29.175	35	0	0	0.127	0.071	129	1025	0	1028	1021	5	22	0	0	0	82	0	1334	T?/M?	live	0	0	0	650	488.603	650.000	532.543	422	213	57	2	5	1028	82	0	0		0.7617	0.9429
3.8.1	exauge.Leopard 1.1.019	weak		1	true	35	6356.000	1244.000	35	1750.000	0.000	3469.000	1166.000	11	10155	0.226	0.621	7.905	35	0	0	0.789	0.368	66	273	1	273	273	2	29	0	0	0	8	0	266	T?/M?	live	0	0	0	650	203.983	650.000	140.143	297	0	230	2	1	269	8	0	0		0.8363	1.0000
3.8.1	exauge.Leopard 1.1.019	weak		2	true	35	6351.000	1237.000	35	1750.000	0.000	3536.000	1206.000	12	10098	0.207	0.566	9.237	35	0	0	0.787	0.371	31	273	3	273	272	3	23	0	0	0	6	0	263	T?/M?	live	0	0	0	650	203.877	400.000	138.514	295	0	232	2	1	271	6	0	0		0.8370	1.0000
3.8.1	exauge.Leopard 1.1.019	weak		3	true	35	6379.000	1205.000	35	1750.000	0.000	3524.000	1162.000	8	10086	0.223	0.593	7.368	35	0	0	0.794	0.374	40	263	0	263	263	0	25	0	0	0	4	0	262	T?/M?	live	0	0	0	650	207.589	450.000	138.171	300	1	234	1	2	261	4	0	0		0.8411	1.0000
3.8.1	exauge.Leopard 1.1.019	weak		4	true	35	6416.000	1296.000	35	1750.000	0.000	3565.000	1256.000	11	10092	0.231	0.610	9.862	35	0	0	0.807	0.394	39	267	1	267	267	3	24	0	0	0	5	0	263	T?/M?	live	0	0	0	650	190.894	425.000	138.343	300	0	231	2	3	267	5	0	0		0.8320	1.0000
3.8.1	exauge.Leopard 1.1.019	weak		5	true	35	6214.000	1349.000	34	1700.000	50.000	3452.000	1207.000	14	10216	0.234	0.603	51.370	35	0	0	0.792	0.517	37	278	0	266	266	4	33	0	0	0	6	0	273	T?/M?	live	0	0	0	650	201.526	400.000	141.886	382	0	216	3	5	265	6	0	0		0.8216	0.9714
3.8.1	exauge.Leopard 1.1.019	weak		6	true	35	6375.000	1198.000	35	1750.000	0.000	3548.000	1186.000	15	10168	0.234	0.637	9.151	35	0	0	0.814	0.362	22	266	3	265	265	2	26	0	0	0	6	0	271	T?/M?	live	0	0	0	650	203.286	400.000	140.514	372	0	217	2	3	264	6	0	0		0.8418	1.0000
3.8.1	exauge.Leopard 1.1.019	weak		7	true	35	6237.000	1376.000	34	1700.000	50.000	3428.000	1204.000	17	10168	0.246	0.634	10.226	35	0	0	0.775	0.354	38	275	1	269	269	2	25	0	0	0	6	0	268	T?/M?	live	0	0	0	650	207.357	650.000	140.514	276	1	223	3	3	269	6	0	0		0.8193	0.9714
3.8.1	exauge.Leopard 1.1.019	weak		8	true	35	6321.000	1289.000	35	1750.000	0.000	3507.000	1212.000	12	9977	0.242	0.646	9.383	35	0	0	0.807	0.359	70	267	3	268	267	2	19	0	0	0	5	0	253	T?/M?	live	0	0	0	650	196.563	400.000	135.057	313	2	227	1	3	265	5	0	0		0.8306	1.0000
3.8.1	exauge.Leopard 1.1.019	weak		9	true	35	6562.000	1576.000	35	1750.000	0.000	3694.000	1534.000	11	10178	0.246	0.652	11.131	35	0	0	0.807	0.451	42	277	2	277	277	2	25	0	0	0	6	0	270	T?/M?	live	0	0	0	650	187.083	650.000	140.800	348	0	238	1	3	277	6	0	0		0.8063	1.0000
3.8.1	exauge.Leopard 1.1.019	weak		10	true	35	6400.000	1281.000	35	1750.000	0.000	3571.000	1264.000	13	10176	0.245	0.681	10.237	35	0	0	0.793	0.371	23	275	2	276	275	4	29	0	0	0	5	0	270	T?/M?	live	0	0	0	650	216.666	400.000	140.743	384	0	224	3	1	275	5	0	0		0.8332	1.0000
3.8.1	exauge.Leopard 1.1.019	weak		11	true	35	6396.000	1304.000	35	1750.000	0.000	3579.000	1300.000	12	10278	0.244	0.654	10.177	35	0	0	0.792	0.391	22	278	1	278	278	2	33	0	0	0	6	0	275	T?/M?	live	0	0	0	650	191.766	400.000	143.657	314	0	231	2	2	278	6	0	0		0.8306	1.0000
3.8.1	exauge.Leopard 1.1.019	weak		12	true	35	6257.000	1369.000	34	1700.000	50.000	3454.000	1191.000	15	10094	0.249	0.660	9.613	35	0	0	0.816	0.537	61	267	1	254	253	4	24	0	0	0	4	0	262	T?/M?	live	0	0	0	650	202.509	400.000	138.400	323	7	217	3	3	253	4	0	0		0.8205	0.9714
3.8.1	exauge.Leopard 1.1.019	weak		13	true	35	6424.000	1375.000	35	1750.000	0.000	3584.000	1304.000	13	10011	0.241	0.644	17.033	35	0	0	0.826	0.393	56	266	1	266	266	5	30	0	0	0	2	0	258	T?/M?	live	0	0	0	650	196.546	400.000	136.029	366	0	218	3	3	262	2	0	0		0.8237	1.0000
3.8.1	exauge.Leopard 1.1.019	weak		14	true	35	6464.000	1361.000	35	1750.000	0.000	3605.000	1326.000	13	10123	0.237	0.627	9.878	35	0	0	0.804	0.410	39	272	2	272	272	6	26	0	0	0	6	0	264	T?/M?	live	0	0	0	650	197.743	400.000	139.229	242	1	229	2	2	271	6	0	0		0.8261	1.0000
3.8.1	exauge.Leopard 1.1.019	weak		15	true	35	6248.000	1349.000	34	1700.000	50.000	3432.000	1149.000	15	10165	0.231	0.606	9.606	35	0	0	0.795	0.353	66	275	2	261	261	5	36	0	0	0	3	0	267	T?/M?	live	0	0	0	650	224.437	400.000	140.429	330	0	220	3	3	260	3	0	0		0.8224	0.9714
3.8.1	exauge.Leopard 1.1.019	weak		16	true	35	6486.000	1393.000	35	1750.000	0.000	3639.000	1380.000	15	10184	0.247	0.660	9.932	35	0	0	0.804	0.416	18	273	2	273	273	5	24	0	0	0	2	0	270	T?/M?	live	0	0	0	650	187.660	450.000	140.971	301	0	228	3	2	272	2	0	0		0.8232	1.0000
3.8.1	fowl3628800.SitAndGo 1.0.0	weak		1	true	35	5220.000	20.000	35	1750.000	0.000	2600.000	20.000	15	15229	0.301	0.795	13.887	35	0	0	0.324	0.008	182	669	4	671	656	3	17	0	0	0	27	0	591	T?/M?	live	0	0	0	650	473.574	400.000	285.114	188	100	446	3	3	671	27	0	0		0.9962	1.0000
3.8.1	fowl3628800.SitAndGo 1.0.0	weak		2	true	35	5271.000	49.000	35	1750.000	0.000	2643.000	49.000	12	15280	0.306	0.815	14.907	35	0	0	0.298	0.019	164	679	2	680	669	1	16	0	0	0	43	188	589	T?/M?	live	0	0	0	650	472.389	400.000	286.571	256	21	467	3	6	680	43	0	0		0.9908	1.0000
3.8.1	fowl3628800.SitAndGo 1.0.0	weak		3	true	35	5336.000	29.000	35	1750.000	0.000	2697.000	29.000	10	14564	0.300	0.789	15.313	35	0	0	0.336	0.008	142	621	2	621	607	2	16	0	0	0	37	452	546	T?/M?	live	0	0	0	650	454.080	400.000	266.114	260	75	429	2	4	621	36	0	0		0.9946	1.0000
3.8.1	fowl3628800.SitAndGo 1.0.0	weak		4	true	35	5274.000	93.000	35	1750.000	0.000	2645.000	93.000	13	15383	0.280	0.723	15.273	35	0	0	0.304	0.031	152	682	4	660	650	4	13	0	0	0	45	500	601	T?/M?	live	0	0	0	650	438.666	400.000	289.514	240	37	464	3	4	660	45	0	0		0.9827	1.0000
3.8.1	fowl3628800.SitAndGo 1.0.0	weak		5	true	35	5290.000	25.000	35	1750.000	0.000	2659.000	25.000	11	14605	0.293	0.753	9.707	35	0	0	0.346	0.010	154	631	2	631	624	3	14	0	0	0	27	0	547	T?/M?	live	0	0	0	650	464.451	400.000	267.286	268	6	417	2	4	631	27	0	0		0.9953	1.0000
3.8.1	fowl3628800.SitAndGo 1.0.0	weak		6	true	35	5362.000	34.000	35	1750.000	0.000	2718.000	33.000	12	14468	0.299	0.810	27.323	35	0	0	0.359	0.013	153	630	1	630	618	4	24	0	0	0	17	0	540	T?/M?	live	0	0	0	650	474.286	400.000	263.371	234	38	416	2	5	630	17	0	0		0.9937	1.0000
3.8.1	fowl3628800.SitAndGo 1.0.0	weak		7	true	35	5266.000	26.000	35	1750.000	0.000	2638.000	26.000	14	15010	0.292	0.785	17.357	35	0	0	0.326	0.007	160	660	3	661	649	4	16	0	0	0	47	162	578	T?/M?	live	0	0	0	650	480.823	400.000	278.857	190	8	430	3	4	661	46	0	0		0.9951	1.0000
3.8.1	fowl3628800.SitAndGo 1.0.0	weak		8	true	35	5327.000	40.000	35	1750.000	0.000	2689.000	40.000	12	14540	0.293	0.760	15.417	35	0	0	0.323	0.011	154	620	2	620	611	1	8	0	0	0	37	0	541	T?/M?	live	0	0	0	650	457.123	400.000	265.429	204	46	432	2	4	620	37	0	0		0.9925	1.0000
3.8.1	fowl3628800.SitAndGo 1.0.0	weak		9	true	35	5326.000	59.000	35	1750.000	0.000	2688.000	59.000	11	14711	0.312	0.824	9.634	35	0	0	0.323	0.017	160	638	1	638	628	2	14	0	0	0	25	0	557	T?/M?	live	0	0	0	650	449.346	400.000	270.314	271	46	432	2	4	638	25	0	0		0.9890	1.0000
3.8.1	fowl3628800.SitAndGo 1.0.0	weak		10	true	35	5278.000	56.000	35	1750.000	0.000	2649.000	56.000	14	15137	0.278	0.758	69.497	35	0	0	0.322	0.023	159	668	3	668	657	3	17	0	0	0	51	0	582	T?/M?	live	0	0	0	650	447.937	400.000	282.486	221	60	448	3	3	668	51	0	0		0.9895	1.0000
3.8.1	fowl3628800.SitAndGo 1.0.0	weak		11	true	35	5377.000	41.000	35	1750.000	0.000	2730.000	41.000	12	14631	0.286	0.821	9.375	35	0	0	0.356	0.016	146	630	2	630	627	1	12	0	0	0	30	0	552	T?/M?	live	0	0	0	650	460.220	400.000	268.029	226	49	421	1	686	630	30	0	0		0.9924	1.0000
3.8.1	fowl3628800.SitAndGo 1.0.0	weak		12	true	35	5277.000	38.000	35	1750.000	0.000	2647.000	38.000	12	15104	0.291	0.779	18.864	35	0	0	0.305	0.014	163	666	3	666	657	3	12	0	0	0	35	0	577	T?/M?	live	0	0	0	650	472.609	400.000	281.543	150	46	468	2	4	666	34	0	0		0.9929	1.0000
3.8.1	fowl3628800.SitAndGo 1.0.0	weak		13	true	35	5290.000	36.000	35	1750.000	0.000	2659.000	36.000	14	15302	0.293	0.758	15.872	35	0	0	0.296	0.010	154	681	1	684	671	3	9	0	0	0	38	0	592	T?/M?	live	0	0	0	650	479.417	400.000	287.200	336	24	471	3	6	684	35	0	0		0.9932	1.0000
3.8.1	fowl3628800.SitAndGo 1.0.0	weak		14	true	35	5307.000	54.000	35	1750.000	0.000	2672.000	54.000	13	15348	0.317	0.787	16.284	35	0	0	0.314	0.022	158	683	3	683	676	4	15	0	0	0	41	0	593	T?/M?	live	0	0	0	650	469.420	400.000	288.514	206	14	479	3	3	683	41	0	0		0.9899	1.0000
3.8.1	fowl3628800.SitAndGo 1.0.0	weak		15	true	35	5393.000	33.000	35	1750.000	0.000	2744.000	33.000	13	14585	0.316	0.756	10.456	35	0	0	0.352	0.011	129	625	1	604	594	4	13	0	0	0	26	0	551	T?/M?	live	0	0	0	650	475.283	400.000	266.714	397	14	413	3	4	604	26	0	0		0.9939	1.0000
3.8.1	fowl3628800.SitAndGo 1.0.0	weak		16	true	35	5258.000	34.000	35	1750.000	0.000	2632.000	34.000	60	15130	0.292	0.749	8.856	35	0	0	0.327	0.013	172	661	3	638	631	5	10	0	0	0	25	0	590	T?/M?	live	0	0	0	650	452.709	400.000	282.286	267	109	420	3	4	638	25	0	0		0.9936	1.0000
3.8.1	gh.nano.Grofvuil 0.2	weak		1	true	35	5217.000	34.000	35	1750.000	0.000	2598.000	34.000	13	12703	0.259	0.755	9.946	35	0	0	0.394	0.010	22	461	3	461	461	2	19	0	0	0	33	341	426	T?/M?	live	0	0	0	650	394.614	400.000	212.943	306	0	306	3	2	461	33	0	0		0.9935	1.0000
3.8.1	gh.nano.Grofvuil 0.2	weak		2	true	35	5271.000	94.000	35	1750.000	0.000	2642.000	93.000	12	12902	0.234	0.719	9.562	35	0	0	0.392	0.019	11	477	5	478	477	2	12	0	0	0	45	324	441	T?/M?	live	0	0	0	650	343.177	400.000	218.629	363	0	310	3	4	478	45	0	0		0.9825	1.0000
3.8.1	gh.nano.Grofvuil 0.2	weak		3	true	35	5181.000	80.000	35	1750.000	0.000	2568.000	80.000	19	13238	0.244	0.705	33.311	35	0	0	0.368	0.018	17	497	3	499	497	1	12	0	0	0	40	0	464	T?/M?	live	0	0	0	650	355.780	400.000	228.229	373	0	322	1	3	499	40	0	0		0.9848	1.0000
3.8.1	gh.nano.Grofvuil 0.2	weak		4	true	35	5197.000	42.000	35	1750.000	0.000	2581.000	42.000	15	12734	0.241	0.668	9.434	35	0	0	0.399	0.013	18	461	3	442	441	4	12	0	0	0	40	328	431	T?/M?	live	0	0	0	650	352.129	400.000	213.829	368	0	292	3	5	442	39	0	0		0.9920	1.0000
3.8.1	gh.nano.Grofvuil 0.2	weak		5	true	35	5298.000	94.000	35	1750.000	0.000	2665.000	94.000	13	12597	0.245	0.727	66.235	35	0	0	0.402	0.018	12	441	2	441	441	3	10	0	0	0	37	196	428	T?/M?	live	0	0	0	650	342.766	400.000	209.914	311	0	285	3	4	441	37	0	0		0.9826	1.0000
3.8.1	gh.nano.Grofvuil 0.2	weak		6	true	35	5290.000	108.000	35	1750.000	0.000	2658.000	108.000	14	12518	0.246	0.712	73.482	35	0	0	0.416	0.022	8	439	4	439	439	3	16	0	0	0	33	0	415	T?/M?	live	0	0	0	650	361.317	400.000	207.657	314	0	292	3	4	439	33	0	0		0.9800	1.0000
3.8.1	gh.nano.Grofvuil 0.2	weak		7	true	35	5346.000	61.000	35	1750.000	0.000	2705.000	61.000	12	11958	0.243	0.740	39.688	35	0	0	0.478	0.016	13	404	5	404	404	2	16	0	0	0	27	0	381	T?/M?	live	0	0	0	650	342.291	400.000	191.657	279	0	262	3	3	404	27	0	0		0.9887	1.0000
3.8.1	gh.nano.Grofvuil 0.2	weak		8	true	35	5280.000	49.000	35	1750.000	0.000	2650.000	49.000	12	12177	0.228	0.707	59.962	35	0	0	0.457	0.011	20	419	4	419	419	1	11	0	0	0	31	337	398	T?/M?	live	0	0	0	650	345.317	400.000	197.914	301	0	278	1	3	419	31	0	0		0.9908	1.0000
3.8.1	gh.nano.Grofvuil 0.2	weak		9	true	35	5332.000	128.000	35	1750.000	0.000	2693.000	128.000	11	12369	0.239	0.726	22.852	35	0	0	0.430	0.024	12	434	3	436	433	0	19	0	0	0	41	371	405	T?/M?	live	0	0	0	650	346.997	400.000	203.400	305	0	286	1	4	436	40	0	0		0.9766	1.0000
3.8.1	gh.nano.Grofvuil 0.2	weak		10	true	35	5305.000	80.000	35	1750.000	0.000	2671.000	80.000	12	12566	0.240	0.711	85.042	35	0	0	0.406	0.013	7	447	4	448	447	2	9	0	0	0	38	0	425	T?/M?	live	0	0	0	650	347.480	400.000	209.029	339	0	290	3	3	448	38	0	0		0.9851	1.0000
3.8.1	gh.nano.Grofvuil 0.2	weak		11	true	35	5305.000	97.000	35	1750.000	0.000	2671.000	97.000	13	12761	0.243	0.706	10.998	35	0	0	0.392	0.024	10	463	3	464	463	2	17	0	0	0	44	0	439	T?/M?	live	0	0	0	650	351.791	400.000	214.600	426	0	289	2	6	464	44	0	0		0.9820	1.0000
3.8.1	gh.nano.Grofvuil 0.2	weak		12	true	35	5285.000	146.000	35	1750.000	0.000	2654.000	146.000	14	12695	0.258	0.691	336.622	35	0	0	0.421	0.025	21	458	1	440	439	6	12	0	0	0	33	32	429	T?/M?	live	0	0	0	650	368.069	400.000	212.714	354	0	290	3	4	440	33	0	0		0.9731	1.0000
3.8.1	gh.nano.Grofvuil 0.2	weak		13	true	35	5289.000	103.000	35	1750.000	0.000	2658.000	103.000	11	12634	0.239	0.706	8.974	35	0	0	0.422	0.016	15	452	4	452	452	4	17	0	0	0	35	238	429	T?/M?	live	0	0	0	650	369.214	400.000	210.971	332	0	285	3	3	452	35	0	0		0.9809	1.0000
3.8.1	gh.nano.Grofvuil 0.2	weak		14	true	35	5179.000	306.000	34	1700.000	50.000	2621.000	230.000	12	13102	0.248	0.685	9.904	34	0	0	0.418	0.026	12	485	1	459	456	1	14	0	0	0	30	0	425	T?/M?	live	0	0	0	650	331.218	400.000	216.912	387	0	294	1	2	458	29	0	0		0.9442	0.9714
3.8.1	gh.nano.Grofvuil 0.2	weak		15	true	35	5296.000	120.000	35	1750.000	0.000	2663.000	120.000	14	12478	0.241	0.722	9.186	35	0	0	0.429	0.023	15	445	0	446	445	2	13	0	0	0	44	64	411	T?/M?	live	0	0	0	650	335.709	400.000	206.514	297	0	290	3	5	446	44	0	0		0.9778	1.0000
3.8.1	gh.nano.Grofvuil 0.2	weak		16	true	35	5294.000	57.000	35	1750.000	0.000	2662.000	57.000	40	12402	0.242	0.710	9.350	35	0	0	0.428	0.010	13	440	4	441	440	5	15	0	0	0	30	0	408	T?/M?	live	0	0	0	650	359.920	400.000	204.343	359	0	275	3	4	441	30	0	0		0.9893	1.0000
3.8.1	gwah.GBotMarkIV 1.0	weak		1	true	35	5536.000	0.000	35	1750.000	0.000	2863.000	0.000	14	9675	0.179	0.590	11.395	35	0	0	0.758	0.000	6	231	1	232	231	1	7	0	0	0	5	0	231	T?/M?	live	0	0	0	650	207.594	400.000	126.429	317	3	192	3	2	232	5	0	0		1.0000	1.0000
3.8.1	gwah.GBotMarkIV 1.0	weak		2	true	35	5537.000	29.000	35	1750.000	0.000	2864.000	29.000	13	9782	0.187	0.580	10.729	35	0	0	0.785	0.061	2	235	0	218	218	4	9	0	0	0	6	0	242	T?/M?	live	0	0	0	650	191.080	400.000	129.486	311	23	173	3	3	218	4	0	0		0.9948	1.0000
3.8.1	gwah.GBotMarkIV 1.0	weak		3	true	35	5549.000	29.000	35	1750.000	0.000	2874.000	29.000	6	9724	0.179	0.658	11.131	34	0	0	0.766	0.012	5	234	1	234	234	0	6	0	0	0	9	0	228	T?/M?	live	0	0	0	650	204.315	400.000	127.706	302	24	177	1	2	227	9	0	0		0.9948	1.0000
3.8.1	gwah.GBotMarkIV 1.0	weak		4	true	35	5526.000	72.000	35	1750.000	0.000	2855.000	72.000	12	9986	0.181	0.612	10.605	35	0	0	0.749	0.094	10	246	1	230	230	5	7	0	0	0	8	0	256	T?/M?	live	0	0	0	650	204.100	400.000	135.314	297	27	183	3	3	230	6	0	0		0.9871	1.0000
3.8.1	gwah.GBotMarkIV 1.0	weak		5	true	35	5554.000	68.000	35	1750.000	0.000	2878.000	68.000	12	9933	0.161	0.590	9.575	35	0	0	0.729	0.018	13	242	0	242	242	3	10	0	0	0	11	0	250	T?/M?	live	0	0	0	650	213.637	400.000	133.800	299	44	197	2	3	242	11	0	0		0.9879	1.0000
3.8.1	gwah.GBotMarkIV 1.0	weak		6	true	35	5513.000	37.000	35	1750.000	0.000	2844.000	37.000	12	9926	0.176	0.601	11.697	35	0	0	0.719	0.009	9	242	1	243	242	2	3	0	0	0	10	0	248	T?/M?	live	0	0	0	650	209.986	400.000	133.600	270	27	194	3	3	243	10	0	0		0.9933	1.0000
3.8.1	gwah.GBotMarkIV 1.0	weak		7	true	35	5560.000	74.000	35	1750.000	0.000	2883.000	74.000	14	9856	0.183	0.557	10.812	35	0	0	0.777	0.004	6	237	2	220	220	2	3	0	0	0	1	0	246	T?/M?	live	0	0	0	650	201.854	400.000	131.600	321	24	183	3	3	220	1	0	0		0.9869	1.0000
3.8.1	gwah.GBotMarkIV 1.0	weak		8	true	35	5585.000	29.000	35	1750.000	0.000	2904.000	29.000	11	9750	0.172	0.588	166.956	35	0	0	0.765	0.006	3	233	2	233	233	2	9	0	0	0	10	0	237	T?/M?	live	0	0	0	650	219.023	400.000	128.571	301	54	190	2	4	233	10	0	0		0.9948	1.0000
3.8.1	gwah.GBotMarkIV 1.0	weak		9	true	35	5546.000	4.000	35	1750.000	0.000	2872.000	4.000	12	9772	0.188	0.625	135.468	35	0	0	0.743	0.004	7	235	0	235	235	0	12	0	0	0	4	0	237	T?/M?	live	0	0	0	650	214.937	400.000	129.200	292	19	195	1	4	235	4	0	0		0.9993	1.0000
3.8.1	gwah.GBotMarkIV 1.0	weak		10	true	35	5556.000	34.000	35	1750.000	0.000	2880.000	34.000	11	9915	0.186	0.613	10.480	35	0	0	0.732	0.011	5	248	1	248	248	4	7	0	0	0	7	0	247	T?/M?	live	0	0	0	650	223.317	400.000	133.286	257	28	195	3	3	248	7	0	0		0.9939	1.0000
3.8.1	gwah.GBotMarkIV 1.0	weak		11	true	35	5550.000	26.000	35	1750.000	0.000	2875.000	26.000	13	9864	0.185	0.653	10.278	35	0	0	0.734	0.010	9	239	1	239	239	1	9	0	0	0	11	0	244	T?/M?	live	0	0	0	650	222.837	400.000	131.829	281	5	191	2	3	239	11	0	0		0.9953	1.0000
3.8.1	gwah.GBotMarkIV 1.0	weak		12	true	35	5550.000	35.000	35	1750.000	0.000	2875.000	35.000	15	9958	0.181	0.606	11.261	35	0	0	0.754	0.004	5	249	0	235	235	3	11	0	0	0	8	0	254	T?/M?	live	0	0	0	650	226.037	400.000	134.514	267	19	180	3	2	235	8	0	0		0.9937	1.0000
3.8.1	gwah.GBotMarkIV 1.0	weak		13	true	35	5547.000	32.000	35	1750.000	0.000	2873.000	32.000	16	9772	0.194	0.658	12.076	35	0	0	0.752	0.007	4	234	0	234	234	4	5	0	0	0	5	0	238	T?/M?	live	0	0	0	650	199.831	400.000	129.200	340	13	189	3	2	234	5	0	0		0.9943	1.0000
3.8.1	gwah.GBotMarkIV 1.0	weak		14	true	35	5552.000	91.000	35	1750.000	0.000	2877.000	91.000	15	9898	0.198	0.632	10.868	35	0	0	0.765	0.015	6	242	2	226	226	5	8	0	0	0	7	0	249	T?/M?	live	0	0	0	650	210.211	400.000	132.800	320	14	183	3	2	226	5	0	0		0.9839	1.0000
3.8.1	gwah.GBotMarkIV 1.0	weak		15	true	35	5530.000	95.000	35	1750.000	0.000	2858.000	95.000	16	10020	0.189	0.589	10.746	35	0	0	0.751	0.123	8	247	3	229	229	2	6	0	0	0	12	0	258	T?/M?	live	0	0	0	650	200.109	400.000	136.286	313	52	185	3	3	229	10	0	0		0.9831	1.0000
3.8.1	gwah.GBotMarkIV 1.0	weak		16	true	35	5362.000	159.000	34	1700.000	50.000	2768.000	82.000	16	9887	0.188	0.633	11.349	35	0	0	0.706	0.000	8	238	2	231	230	150	5	0	0	0	13	0	246	T?/M?	live	0	0	0	650	222.149	400.000	132.486	256	49	195	2	4	231	13	0	0		0.9712	0.9714
3.8.1	japs.Serenity 1.0	weak		1	true	35	6223.000	24.000	35	1750.000	0.000	3411.000	0.000	14	20745	0.235	0.737	129.348	35	0	0	0.312	0.000	43	0	0	3	0	5	0	0	0	0	0	0	1013	T?/M?	live	0	0	0	650	522.360	650.000	442.714	0	0	256	3	5	3	0	0	0		0.9962	1.0000
3.8.1	japs.Serenity 1.0	weak		2	true	35	6229.000	1.000	35	1750.000	0.000	3440.000	0.000	16	22465	0.240	0.724	370.208	35	0	0	0.291	0.000	42	0	0	4	0	6	0	0	0	0	0	0	1141	T?/M?	live	0	0	0	650	517.483	650.000	491.857	3	46	335	3	3	4	0	0	0		0.9998	1.0000
3.8.1	japs.Serenity 1.0	weak		3	true	35	6235.000	4.000	35	1750.000	0.000	3439.000	0.000	12	22689	0.232	0.743	347.845	35	0	0	0.315	0.000	46	0	0	6	0	2	0	0	0	0	0	0	1170	T?/M?	live	0	0	0	650	500.909	650.000	498.257	0	0	280	2	49	6	0	0	0		0.9994	1.0000
3.8.1	japs.Serenity 1.0	weak		4	true	35	6223.000	8.000	35	1750.000	0.000	3436.000	0.000	14	21695	0.218	0.736	153.321	35	0	0	0.297	0.000	34	0	0	2	0	5	0	0	0	0	0	0	1088	T?/M?	live	0	0	0	650	521.549	650.000	469.857	0	36	252	3	4	2	0	0	0		0.9987	1.0000
3.8.1	japs.Serenity 1.0	weak		5	true	35	6223.000	0.000	35	1750.000	0.000	3427.000	0.000	11	21661	0.199	0.658	332.508	35	0	0	0.322	0.000	33	0	0	4	0	4	0	0	0	0	0	0	1099	T?/M?	live	0	0	0	650	524.563	650.000	468.886	0	57	172	2	1	4	0	0	0		1.0000	1.0000
3.8.1	japs.Serenity 1.0	weak		6	true	35	6223.000	20.000	35	1750.000	0.000	3410.000	0.000	11	21638	0.209	0.677	225.184	35	0	0	0.294	0.000	39	0	0	5	0	2	0	0	0	0	0	0	1086	T?/M?	live	0	0	0	650	521.017	650.000	468.229	0	0	223	2	5	5	0	0	0		0.9968	1.0000
3.8.1	japs.Serenity 1.0	weak		7	true	35	6205.000	1.000	35	1750.000	0.000	3419.000	0.000	13	21884	0.217	0.712	315.247	35	0	0	0.296	0.000	32	0	0	0	0	4	0	0	0	0	0	0	1109	T?/M?	live	0	0	0	650	519.051	650.000	475.257	0	0	214	3	4	0	0	0	0		0.9998	1.0000
3.8.1	japs.Serenity 1.0	weak		8	true	35	6211.000	5.000	35	1750.000	0.000	3414.000	0.000	13	22030	0.231	0.738	372.593	35	0	0	0.290	0.000	45	0	0	2	0	4	0	0	0	0	0	0	1104	T?/M?	live	0	0	0	650	525.734	650.000	479.429	0	0	282	2	3	2	0	0	0		0.9992	1.0000
3.8.1	japs.Serenity 1.0	weak		9	true	35	6216.000	13.000	35	1750.000	0.000	3407.000	0.000	10	21520	0.226	0.712	364.667	35	0	0	0.297	0.000	48	0	0	1	0	2	0	0	0	0	0	0	1070	T?/M?	live	0	0	0	650	517.683	650.000	464.857	0	0	280	2	3	1	0	0	0		0.9979	1.0000
3.8.1	japs.Serenity 1.0	weak		10	true	35	6209.000	0.000	35	1750.000	0.000	3422.000	0.000	14	21634	0.207	0.671	18.304	35	0	0	0.313	0.000	30	0	0	3	0	5	0	0	0	0	0	0	1099	T?/M?	live	0	0	0	650	521.477	650.000	468.114	4	25	147	3	4	3	0	0	0		1.0000	1.0000
3.8.1	japs.Serenity 1.0	weak		11	true	35	6201.000	32.000	35	1750.000	0.000	3379.000	0.000	11	21942	0.216	0.682	15.760	35	0	0	0.304	0.000	69	0	0	2	0	2	0	0	0	0	0	0	1116	T?/M?	live	0	0	0	650	508.543	650.000	476.914	0	72	201	2	6	2	0	0	0		0.9949	1.0000
3.8.1	japs.Serenity 1.0	weak		12	true	35	6223.000	14.000	35	1750.000	0.000	3400.000	0.000	14	20270	0.211	0.670	16.177	35	0	0	0.333	0.000	48	0	0	5	0	3	0	0	0	0	0	0	999	T?/M?	live	0	0	0	650	497.583	650.000	429.143	0	1	139	3	5	4	0	0	0		0.9978	1.0000
3.8.1	japs.Serenity 1.0	weak		13	true	35	6194.000	0.000	35	1750.000	0.000	3412.000	0.000	13	23309	0.226	0.713	15.652	35	0	0	0.268	0.000	31	0	0	4	0	4	0	0	0	0	0	0	1197	T?/M?	live	0	0	0	650	543.283	650.000	515.971	4	43	294	2	3	4	0	0	0		1.0000	1.0000
3.8.1	japs.Serenity 1.0	weak		14	true	35	6198.000	1.000	35	1750.000	0.000	3415.000	0.000	15	23353	0.223	0.723	16.816	35	0	0	0.277	0.000	38	0	0	3	0	4	0	0	0	0	0	0	1204	T?/M?	live	0	0	0	650	528.011	650.000	517.229	0	0	302	3	4	3	0	0	0		0.9998	1.0000
3.8.1	japs.Serenity 1.0	weak		15	true	35	6174.000	44.000	35	1750.000	0.000	3351.000	0.000	12	22201	0.206	0.693	13.473	35	0	0	0.283	0.000	71	0	0	4	0	2	0	0	0	0	0	0	1130	T?/M?	live	0	0	0	650	530.757	650.000	484.314	0	41	196	2	4	4	0	0	0		0.9929	1.0000
3.8.1	japs.Serenity 1.0	weak		16	true	35	6201.000	0.000	35	1750.000	0.000	3410.000	0.000	14	21077	0.209	0.660	17.296	35	0	0	0.307	0.000	41	0	0	2	0	4	0	0	0	0	0	0	1041	T?/M?	live	0	0	0	650	509.203	650.000	452.200	0	0	266	3	2	2	0	0	0		1.0000	1.0000
3.8.1	jeremyreeder.Bully 1	weak		1	true	35	5646.000	194.000	35	1750.000	0.000	2938.000	176.000	13	9335	0.220	0.610	8.582	35	0	0	0.819	0.043	17	209	1	209	209	1	4	0	0	0	0	0	217	T?/M?	live	0	0	0	650	195.214	400.000	116.714	420	4	182	3	3	208	0	0	0		0.9668	1.0000
3.8.1	jeremyreeder.Bully 1	weak		2	true	35	5683.000	280.000	35	1750.000	0.000	2971.000	230.000	12	9445	0.202	0.550	7.441	35	0	0	0.812	0.074	40	208	2	208	208	3	11	0	0	0	0	0	223	T?/M?	live	0	0	0	650	205.609	400.000	119.857	393	11	187	2	4	206	0	0	0		0.9530	1.0000
3.8.1	jeremyreeder.Bully 1	weak		3	true	35	5631.000	178.000	35	1750.000	0.000	2931.000	164.000	12	9554	0.203	0.578	20.736	35	0	0	0.782	0.048	10	218	3	218	218	2	8	0	0	0	5	0	230	T?/M?	live	0	0	0	650	209.300	400.000	122.971	387	15	192	1	6	217	5	0	0		0.9694	1.0000
3.8.1	jeremyreeder.Bully 1	weak		4	true	35	5663.000	217.000	35	1750.000	0.000	2948.000	186.000	13	9376	0.212	0.580	9.057	35	0	0	0.815	0.058	26	209	1	209	209	3	7	0	0	0	0	0	218	T?/M?	live	0	0	0	650	230.420	400.000	117.886	386	12	184	3	2	206	0	0	0		0.9631	1.0000
3.8.1	jeremyreeder.Bully 1	weak		5	true	35	5675.000	237.000	35	1750.000	0.000	2940.000	189.000	13	9362	0.212	0.606	9.633	35	0	0	0.816	0.059	40	210	0	210	210	3	11	0	0	0	3	0	218	T?/M?	live	0	0	0	650	207.331	400.000	117.486	365	20	185	3	4	209	3	0	0		0.9599	1.0000
3.8.1	jeremyreeder.Bully 1	weak		6	true	35	5560.000	443.000	34	1700.000	50.000	2908.000	295.000	16	9519	0.229	0.614	8.924	35	0	0	0.798	0.054	27	211	2	201	201	5	10	0	0	0	1	0	229	T?/M?	live	0	0	0	650	217.980	400.000	121.971	351	5	182	3	3	199	1	0	0		0.9262	0.9714
3.8.1	jeremyreeder.Bully 1	weak		7	true	35	5665.000	203.000	35	1750.000	0.000	2966.000	184.000	11	9392	0.223	0.604	9.302	35	0	0	0.812	0.060	16	210	1	210	210	2	11	0	0	0	1	0	220	T?/M?	live	0	0	0	650	203.114	400.000	118.343	396	20	188	3	2	208	1	0	0		0.9654	1.0000
3.8.1	jeremyreeder.Bully 1	weak		8	true	35	5603.000	221.000	35	1750.000	0.000	2916.000	160.000	11	9310	0.223	0.610	10.983	35	0	0	0.824	0.043	46	211	0	211	211	1	13	0	0	0	0	0	214	T?/M?	live	0	0	0	650	207.506	400.000	116.000	428	8	183	1	4	211	0	0	0		0.9621	1.0000
3.8.1	jeremyreeder.Bully 1	weak		9	true	35	5604.000	158.000	35	1750.000	0.000	2900.000	96.000	10	9298	0.220	0.605	9.753	35	0	0	0.819	0.039	49	205	0	205	205	1	7	0	0	0	0	0	213	T?/M?	live	0	0	0	650	223.583	400.000	115.657	389	10	178	1	4	205	0	0	0		0.9726	1.0000
3.8.1	jeremyreeder.Bully 1	weak		10	true	35	5652.000	205.000	35	1750.000	0.000	2956.000	180.000	13	9421	0.219	0.597	9.156	35	0	0	0.806	0.056	20	210	0	210	210	3	7	0	0	0	1	0	222	T?/M?	live	0	0	0	650	189.540	400.000	119.171	397	11	186	3	4	208	1	0	0		0.9650	1.0000
3.8.1	jeremyreeder.Bully 1	weak		11	true	35	5691.000	264.000	35	1750.000	0.000	2978.000	224.000	14	9436	0.210	0.593	23.520	35	0	0	0.807	0.067	29	210	0	210	210	3	7	0	0	0	1	0	223	T?/M?	live	0	0	0	650	199.666	400.000	119.600	383	10	190	2	3	208	1	0	0		0.9557	1.0000
3.8.1	jeremyreeder.Bully 1	weak		12	true	35	5564.000	378.000	34	1700.000	50.000	2919.000	237.000	18	9429	0.206	0.573	8.597	35	0	0	0.824	0.185	16	209	0	200	200	5	9	0	0	0	2	0	224	T?/M?	live	0	0	0	650	215.249	400.000	119.400	372	5	175	3	2	199	2	0	0		0.9364	0.9714
3.8.1	jeremyreeder.Bully 1	weak		13	true	35	5610.000	219.000	35	1750.000	0.000	2923.000	158.000	12	9342	0.211	0.585	111.434	35	0	0	0.817	0.040	47	206	1	206	206	6	14	0	0	0	1	0	217	T?/M?	live	0	0	0	650	217.980	400.000	116.914	404	9	182	2	3	206	1	0	0		0.9624	1.0000
3.8.1	jeremyreeder.Bully 1	weak		14	true	35	5624.000	149.000	35	1750.000	0.000	2907.000	112.000	14	9299	0.201	0.586	9.339	35	0	0	0.823	0.035	28	208	0	208	208	5	8	0	0	0	0	0	213	T?/M?	live	0	0	0	650	222.731	400.000	115.686	405	8	180	3	2	206	0	0	0		0.9742	1.0000
3.8.1	jeremyreeder.Bully 1	weak		15	true	35	5661.000	183.000	35	1750.000	0.000	2948.000	160.000	14	9377	0.226	0.616	9.941	35	0	0	0.819	0.042	20	205	0	204	204	3	8	0	0	0	2	0	219	T?/M?	live	0	0	0	650	203.506	400.000	117.914	360	4	181	3	1	203	2	0	0		0.9687	1.0000
3.8.1	jeremyreeder.Bully 1	weak		16	true	35	5652.000	331.000	35	1750.000	0.000	2892.000	224.000	15	9583	0.219	0.581	9.609	35	0	0	0.802	0.157	25	216	0	209	209	9	11	0	0	0	1	0	234	T?/M?	live	0	0	0	650	233.723	400.000	123.800	385	10	173	3	3	207	1	0	0		0.9447	1.0000
3.8.1	jgap.JGAP7247_2 1.0	weak		1	true	35	4848.000	256.000	35	1750.000	0.000	2290.000	256.000	15	12673	0.273	0.742	10.747	35	0	0	0.378	0.067	155	328	1	325	310	4	17	0	0	0	17	0	431	T?/M?	live	0	0	0	650	433.754	400.000	212.086	394	100	294	3	3	324	17	0	0		0.9498	1.0000
3.8.1	jgap.JGAP7247_2 1.0	weak		2	true	35	4885.000	289.000	35	1750.000	0.000	2319.000	288.000	13	12610	0.261	0.763	13.346	35	0	0	0.389	0.032	168	325	1	325	310	2	14	0	0	0	16	0	432	T?/M?	live	0	0	0	650	427.957	400.000	210.286	317	121	293	3	3	325	16	0	0		0.9441	1.0000
3.8.1	jgap.JGAP7247_2 1.0	weak		3	true	35	4942.000	179.000	35	1750.000	0.000	2368.000	179.000	14	12582	0.240	0.725	9.619	35	0	0	0.381	0.029	153	315	3	328	315	0	16	0	0	0	17	0	428	T?/M?	live	0	0	0	650	431.377	400.000	209.486	329	208	299	1	129	328	17	0	0		0.9650	1.0000
3.8.1	jgap.JGAP7247_2 1.0	weak		4	true	35	4878.000	112.000	35	1750.000	0.000	2315.000	112.000	13	12172	0.228	0.717	8.547	35	0	0	0.381	0.014	160	298	3	313	297	4	10	0	0	0	28	0	400	T?/M?	live	0	0	0	650	428.426	400.000	197.771	312	58	284	2	4	313	28	0	0		0.9776	1.0000
3.8.1	jgap.JGAP7247_2 1.0	weak		5	true	35	4889.000	268.000	35	1750.000	0.000	2324.000	268.000	14	12443	0.280	0.787	41.707	35	0	0	0.404	0.091	170	310	3	311	297	6	15	0	0	0	17	0	421	T?/M?	live	0	0	0	650	434.269	400.000	205.514	385	171	275	3	5	311	17	0	0		0.9480	1.0000
3.8.1	jgap.JGAP7247_2 1.0	weak		6	true	35	4869.000	292.000	35	1750.000	0.000	2307.000	291.000	17	12580	0.285	0.800	22.945	35	0	0	0.388	0.040	179	322	2	324	306	2	16	0	0	0	15	0	427	T?/M?	live	0	0	0	650	431.860	400.000	209.429	479	152	278	3	5	324	14	0	0		0.9434	1.0000
3.8.1	jgap.JGAP7247_2 1.0	weak		7	true	35	4851.000	160.000	35	1750.000	0.000	2292.000	160.000	15	12501	0.264	0.743	9.374	35	0	0	0.386	0.049	160	315	1	319	299	3	20	0	0	0	21	0	425	T?/M?	live	0	0	0	650	430.411	400.000	207.171	381	180	279	3	2	319	21	0	0		0.9681	1.0000
3.8.1	jgap.JGAP7247_2 1.0	weak		8	true	35	4955.000	192.000	35	1750.000	0.000	2379.000	192.000	13	12222	0.266	0.791	11.711	35	0	0	0.393	0.030	153	294	2	317	294	2	16	0	0	0	20	0	399	T?/M?	live	0	0	0	650	428.169	400.000	199.200	234	193	281	2	4	317	20	0	0		0.9627	1.0000
3.8.1	jgap.JGAP7247_2 1.0	weak		9	true	35	4827.000	144.000	35	1750.000	0.000	2272.000	144.000	27	12849	0.269	0.760	40.307	35	0	0	0.356	0.023	149	328	2	345	327	1	12	0	0	0	24	0	443	T?/M?	live	0	0	0	650	442.874	400.000	217.114	306	230	310	2	5	344	24	0	0		0.9710	1.0000
3.8.1	jgap.JGAP7247_2 1.0	weak		10	true	35	4786.000	214.000	35	1750.000	0.000	2238.000	214.000	14	12906	0.278	0.762	8.864	35	0	0	0.366	0.054	166	335	3	332	320	5	21	0	0	0	17	0	447	T?/M?	live	0	0	0	650	435.466	400.000	218.743	302	221	304	3	4	332	15	0	0		0.9572	1.0000
3.8.1	jgap.JGAP7247_2 1.0	weak		11	true	35	4969.000	256.000	35	1750.000	0.000	2391.000	256.000	13	12434	0.270	0.832	11.397	35	0	0	0.392	0.043	174	309	0	322	309	2	15	0	0	0	21	0	415	T?/M?	live	0	0	0	650	433.240	400.000	205.257	249	146	296	2	5	322	21	0	0		0.9510	1.0000
3.8.1	jgap.JGAP7247_2 1.0	weak		12	true	35	4865.000	272.000	35	1750.000	0.000	2304.000	272.000	14	12460	0.274	0.790	31.607	35	0	0	0.402	0.047	179	311	0	313	292	4	23	0	0	0	17	0	422	T?/M?	live	0	0	0	650	442.986	400.000	206.000	277	172	282	3	4	313	16	0	0		0.9471	1.0000
3.8.1	jgap.JGAP7247_2 1.0	weak		13	true	35	4854.000	288.000	35	1750.000	0.000	2295.000	288.000	15	12636	0.284	0.796	10.480	35	0	0	0.396	0.048	187	324	1	333	308	1	20	0	0	0	22	0	438	T?/M?	live	0	0	0	650	427.951	400.000	211.029	297	151	294	3	4	333	21	0	0		0.9440	1.0000
3.8.1	jgap.JGAP7247_2 1.0	weak		14	true	35	4828.000	320.000	35	1750.000	0.000	2273.000	320.000	12	12584	0.282	0.817	10.066	35	0	0	0.377	0.083	191	323	1	325	306	8	15	0	0	0	11	0	424	T?/M?	live	0	0	0	650	446.149	400.000	209.543	275	55	311	3	4	325	11	0	0		0.9378	1.0000
3.8.1	jgap.JGAP7247_2 1.0	weak		15	true	35	4795.000	272.000	35	1750.000	0.000	2246.000	272.000	19	12817	0.269	0.761	9.439	35	0	0	0.383	0.039	184	330	5	335	315	6	12	0	0	0	7	0	448	T?/M?	live	0	0	0	650	431.009	400.000	216.200	281	210	291	3	3	335	6	0	0		0.9463	1.0000
3.8.1	jgap.JGAP7247_2 1.0	weak		16	true	35	4899.000	208.000	35	1750.000	0.000	2332.000	208.000	14	12359	0.248	0.786	14.387	35	0	0	0.389	0.029	163	310	2	326	310	7	9	0	0	0	23	0	409	T?/M?	live	0	0	0	650	432.886	400.000	203.114	331	137	293	2	3	326	23	0	0		0.9593	1.0000
3.8.1	kc.micro.Needle 0.101	mid		1	true	35	3898.000	962.000	34	1700.000	50.000	1552.000	897.000	6	27468	0.555	1.175	14.343	34	0	0	0.136	0.073	61	1385	1	1385	1385	2	28	0	0	0	123	1146	1594	T?/M?	live	0	0	0	650	396.503	400.000	646.912	407	0	113	1	5	1371	123	0	0		0.8021	0.9714
3.8.1	kc.micro.Needle 0.101	mid		2	true	35	3716.000	1243.000	31	1550.000	200.000	1563.000	961.000	11	26448	0.592	1.169	61.124	35	0	0	0.163	0.080	80	1318	0	1319	1318	2	22	0	0	0	126	1141	1538	T?/M?	live	0	0	0	650	398.546	400.000	605.657	376	0	138	3	4	1319	126	0	0		0.7493	0.8857
3.8.1	kc.micro.Needle 0.101	mid		3	true	35	3459.000	1175.000	33	1650.000	100.000	1244.000	1029.000	11	31775	0.631	1.237	30.622	35	0	0	0.125	0.072	111	1586	0	1587	1586	4	19	0	0	0	128	2006	2019	T?/M?	live	0	0	0	650	452.129	650.000	757.857	205	1	58	2	8	1587	128	0	0		0.7464	0.9429
3.8.1	kc.micro.Needle 0.101	mid		4	true	35	3900.000	985.000	33	1650.000	100.000	1607.000	839.000	26	24791	0.534	1.122	15.852	35	0	0	0.163	0.069	58	1277	4	1277	1277	5	22	0	0	0	141	1257	1391	T?/M?	live	0	0	0	650	414.223	425.000	558.314	349	0	105	3	3	1277	141	0	0		0.7984	0.9429
3.8.1	kc.micro.Needle 0.101	mid		5	true	35	3730.000	1249.000	31	1550.000	200.000	1574.000	967.000	11	26313	0.558	1.163	16.097	35	0	0	0.141	0.076	57	1360	2	1360	1360	4	26	0	0	0	92	0	1508	T?/M?	live	0	0	0	650	405.629	450.000	601.800	278	0	133	2	4	1348	92	0	0		0.7491	0.8857
3.8.1	kc.micro.Needle 0.101	mid		6	true	35	3606.000	993.000	33	1650.000	100.000	1361.000	858.000	10	28930	0.608	1.174	16.221	35	0	0	0.122	0.065	53	1474	0	1482	1474	2	17	0	0	0	142	683	1744	T?/M?	live	0	0	0	650	433.249	550.000	676.571	507	0	7	2	4	1482	142	0	0		0.7841	0.9429
3.8.1	kc.micro.Needle 0.101	mid		7	true	35	3446.000	1393.000	29	1450.000	300.000	1447.000	977.000	9	27480	0.599	1.165	76.543	35	0	0	0.146	0.076	87	1400	2	1401	1399	2	23	0	0	0	127	1031	1594	T?/M?	live	0	0	0	650	412.617	425.000	635.143	206	0	162	3	7	1400	127	0	0		0.7121	0.8286
3.8.1	kc.micro.Needle 0.101	mid		8	true	35	3667.000	1059.000	32	1600.000	150.000	1473.000	840.000	9	27718	0.554	1.124	15.539	35	0	0	0.148	0.061	73	1368	1	1368	1368	2	21	0	0	0	137	1639	1658	T?/M?	live	0	0	0	650	436.509	600.000	641.943	458	1	117	2	8	1368	137	0	0		0.7759	0.9143
3.8.1	kc.micro.Needle 0.101	mid		9	true	35	3364.000	1460.000	29	1450.000	300.000	1383.000	1043.000	11	29362	0.646	1.203	99.540	35	0	0	0.137	0.073	82	1499	2	1500	1499	0	29	0	0	0	150	1696	1774	T?/M?	live	0	0	0	650	449.334	650.000	688.914	69	0	71	1	3302	1498	150	0	0		0.6973	0.8286
3.8.1	kc.micro.Needle 0.101	mid		10	true	35	3782.000	1064.000	32	1600.000	150.000	1561.000	850.000	11	25713	0.609	1.150	88.089	35	0	0	0.151	0.069	55	1304	2	1304	1304	1	24	0	0	0	123	1239	1464	T?/M?	live	0	0	0	650	411.251	400.000	584.657	303	0	146	2	4	1303	123	0	0		0.7804	0.9143
3.8.1	kc.micro.Needle 0.101	mid		11	true	35	3615.000	996.000	33	1650.000	100.000	1373.000	849.000	9	29279	0.568	1.140	15.923	35	0	0	0.130	0.061	68	1479	0	1479	1479	0	14	0	0	0	153	1776	1789	T?/M?	live	0	0	0	650	458.826	650.000	686.543	202	0	31	1	6	1479	153	0	0		0.7840	0.9429
3.8.1	kc.micro.Needle 0.101	mid		12	true	35	3422.000	1533.000	29	1450.000	300.000	1424.000	1102.000	14	28932	0.621	1.199	15.961	35	0	0	0.147	0.078	92	1483	3	1478	1478	67	18	0	0	0	134	1675	1755	T?/M?	live	0	0	0	650	410.826	400.000	676.629	325	0	43	2	9	1478	134	0	0		0.6906	0.8286
3.8.1	kc.micro.Needle 0.101	mid		13	true	35	3982.000	662.000	35	1750.000	0.000	1568.000	662.000	11	25930	0.485	0.976	62.760	35	0	0	0.145	0.054	42	1297	2	1297	1297	4	24	0	0	0	115	1196	1472	T?/M?	live	0	0	0	650	408.586	400.000	590.857	435	0	98	2	3	1297	115	0	0		0.8575	1.0000
3.8.1	kc.micro.Needle 0.101	mid		14	true	35	3226.000	1627.000	27	1350.000	400.000	1371.000	1053.000	11	28927	0.619	1.216	16.873	35	0	0	0.134	0.072	84	1535	3	1535	1535	6	27	0	0	0	140	1475	1735	T?/M?	live	0	0	0	650	444.320	650.000	676.486	277	0	87	2	7	1520	139	0	0		0.6647	0.7714
3.8.1	kc.micro.Needle 0.101	mid		15	true	35	3696.000	1022.000	33	1650.000	100.000	1436.000	879.000	12	28320	0.508	1.037	16.467	35	0	0	0.142	0.064	93	1426	0	1426	1426	4	24	0	0	0	122	381	1698	T?/M?	live	0	0	0	650	402.020	400.000	659.143	485	0	94	3	7	1426	122	0	0		0.7834	0.9429
3.8.1	kc.micro.Needle 0.101	mid		16	true	35	3435.000	1135.000	31	1550.000	200.000	1323.000	852.000	11	28783	0.557	1.184	46.306	35	0	0	0.122	0.063	68	1483	4	1483	1482	5	13	0	0	0	135	1703	1733	T?/M?	live	0	0	0	650	454.337	650.000	672.371	520	0	14	2	7	1483	135	0	0		0.7516	0.8857
3.8.1	kinsen.nano.Quarrelet 1.0	lower		1	true	35	3440.000	1021.000	32	1600.000	150.000	1277.000	804.000	11	19215	0.437	0.925	57.746	35	0	0	0.143	0.059	102	798	3	804	796	3	20	0	0	0	48	0	955	T?/M?	live	0	0	0	650	470.417	400.000	399.000	521	368	121	3	6	803	48	0	0		0.7711	0.9143
3.8.1	kinsen.nano.Quarrelet 1.0	lower		2	true	35	3549.000	794.000	34	1650.000	50.000	1311.000	713.000	11	19279	0.419	0.924	13.979	35	0	0	0.143	0.053	83	798	3	804	798	4	13	0	0	0	57	0	947	T?/M?	live	0	0	0	650	500.040	650.000	400.829	743	518	122	3	7	804	57	0	0		0.8172	0.9706
3.8.1	kinsen.nano.Quarrelet 1.0	lower		3	true	35	3205.000	1528.000	28	1400.000	350.000	1295.000	1015.000	16	19868	0.435	0.991	14.347	35	0	0	0.153	0.070	103	840	1	849	839	6	14	0	0	0	53	799	1016	T?/M?	live	0	0	0	650	498.337	650.000	417.657	804	519	104	2	489	849	53	0	0		0.6772	0.8000
3.8.1	kinsen.nano.Quarrelet 1.0	lower		4	true	35	3209.000	1141.000	31	1550.000	200.000	1144.000	846.000	7	20346	0.459	0.954	14.972	34	0	0	0.136	0.059	98	858	0	848	837	5	19	0	0	0	59	0	1010	T?/M?	live	0	0	0	650	505.503	550.000	429.676	663	632	109	3	9	820	56	0	0		0.7377	0.8857
3.8.1	kinsen.nano.Quarrelet 1.0	lower		5	true	35	3370.000	1359.000	31	1550.000	200.000	1266.000	1062.000	15	19554	0.459	0.981	30.739	35	0	0	0.144	0.088	118	816	2	804	795	6	14	0	0	0	36	0	987	T?/M?	live	0	0	0	650	495.506	650.000	408.686	774	597	174	3	4	804	36	0	0		0.7126	0.8857
3.8.1	kinsen.nano.Quarrelet 1.0	lower		6	true	35	3528.000	1073.000	33	1650.000	100.000	1303.000	924.000	17	19953	0.475	0.963	14.543	35	0	0	0.145	0.068	106	844	3	833	823	4	19	0	0	0	62	688	1005	T?/M?	live	0	0	0	650	508.697	650.000	420.086	861	483	95	3	6	827	61	0	0		0.7668	0.9429
3.8.1	kinsen.nano.Quarrelet 1.0	lower		7	true	35	3974.000	711.000	35	1750.000	0.000	1561.000	711.000	14	17830	0.430	0.955	15.127	35	0	0	0.179	0.058	96	714	2	722	713	7	18	0	0	0	55	0	825	T?/M?	live	0	0	0	650	467.831	400.000	359.429	814	439	283	2	5	722	55	0	0		0.8482	1.0000
3.8.1	kinsen.nano.Quarrelet 1.0	lower		8	true	35	3414.000	1076.000	31	1550.000	200.000	1316.000	781.000	14	18979	0.398	0.917	15.128	35	0	0	0.146	0.057	110	790	2	794	787	4	11	0	0	0	69	379	910	T?/M?	live	0	0	0	650	474.077	400.000	392.257	786	409	220	2	6	794	68	0	0		0.7604	0.8857
3.8.1	kinsen.nano.Quarrelet 1.0	lower		9	true	35	3603.000	863.000	32	1600.000	150.000	1422.000	644.000	10	18920	0.423	0.951	18.495	35	0	0	0.162	0.047	81	791	3	798	791	2	18	0	0	0	54	0	911	T?/M?	live	0	0	0	650	490.620	400.000	390.571	819	399	158	2	270	792	54	0	0		0.8068	0.9143
3.8.1	kinsen.nano.Quarrelet 1.0	lower		10	true	35	3472.000	968.000	32	1600.000	150.000	1305.000	751.000	13	19375	0.445	0.951	14.841	35	0	0	0.164	0.053	111	826	4	818	807	4	12	0	0	0	65	519	966	T?/M?	live	0	0	0	650	488.337	400.000	403.571	821	390	176	3	6	814	65	0	0		0.7820	0.9143
3.8.1	kinsen.nano.Quarrelet 1.0	lower		11	true	35	3248.000	1285.000	30	1500.000	250.000	1230.000	912.000	4	19913	0.458	0.973	66.553	34	0	0	0.149	0.059	121	857	1	864	855	0	18	0	0	0	49	0	953	T?/M?	live	0	0	0	650	494.897	650.000	415.971	634	468	191	1	5	824	49	0	0		0.7165	0.8571
3.8.1	kinsen.nano.Quarrelet 1.0	lower		12	true	35	3681.000	800.000	34	1700.000	50.000	1373.000	724.000	38	18999	0.415	0.919	14.769	35	0	0	0.159	0.052	113	782	2	790	779	3	13	0	0	0	55	0	926	T?/M?	live	0	0	0	650	465.140	400.000	392.829	643	448	215	3	4	790	54	0	0		0.8215	0.9714
3.8.1	kinsen.nano.Quarrelet 1.0	lower		13	true	35	3395.000	1309.000	32	1600.000	150.000	1237.000	1084.000	13	19879	0.437	1.009	18.208	35	0	0	0.141	0.077	120	839	1	850	838	7	21	0	0	0	59	0	1017	T?/M?	live	0	0	0	650	508.226	650.000	417.971	661	529	123	3	5	850	59	0	0		0.7217	0.9143
3.8.1	kinsen.nano.Quarrelet 1.0	lower		14	true	35	3622.000	1016.000	33	1650.000	100.000	1374.000	869.000	13	19576	0.415	0.983	14.256	35	0	0	0.153	0.060	101	817	1	823	817	7	18	0	0	0	51	0	983	T?/M?	live	0	0	0	650	483.660	650.000	409.314	655	577	167	3	8	823	51	0	0		0.7809	0.9429
3.8.1	kinsen.nano.Quarrelet 1.0	lower		15	true	35	3533.000	1053.000	31	1550.000	200.000	1414.000	760.000	17	17995	0.419	0.940	14.668	35	0	0	0.174	0.070	94	722	3	701	692	170	17	0	0	0	47	0	835	T?/M?	live	0	0	0	650	476.317	400.000	364.143	784	466	232	3	6	701	43	0	0		0.7704	0.8857
3.8.1	kinsen.nano.Quarrelet 1.0	lower		16	true	35	3482.000	1031.000	32	1600.000	150.000	1316.000	811.000	14	19247	0.473	0.994	13.534	35	0	0	0.154	0.055	110	799	7	806	797	5	20	0	0	0	53	256	958	T?/M?	live	0	0	0	650	516.640	650.000	399.914	883	494	107	3	4	803	53	0	0		0.7715	0.9143
3.8.1	nat.Hikari dev0001	lower		1	true	35	4090.000	694.000	34	1700.000	50.000	1711.000	628.000	11	21997	0.332	0.758	25.844	35	0	0	0.156	0.060	27	1127	2	1127	1127	2	16	0	0	0	96	1006	1119	T?/M?	live	0	0	0	650	407.834	400.000	478.486	548	291	325	3	5	1127	96	0	0		0.8549	0.9714
3.8.1	nat.Hikari dev0001	lower		2	true	35	4090.000	966.000	34	1700.000	50.000	1712.000	896.000	9	23201	0.386	0.940	15.482	35	0	0	0.161	0.074	53	1208	2	1209	1207	2	10	0	0	0	130	725	1240	T?/M?	live	0	0	0	650	420.820	650.000	512.886	420	294	322	2	7	1209	130	0	0		0.8089	0.9714
3.8.1	nat.Hikari dev0001	lower		3	true	35	4107.000	838.000	34	1700.000	50.000	1726.000	768.000	11	22821	0.364	0.892	14.373	35	0	0	0.159	0.067	38	1181	1	1181	1181	4	15	0	0	0	93	912	1197	T?/M?	live	0	0	0	650	426.077	650.000	502.029	610	359	311	2	8	1181	93	0	0		0.8305	0.9714
3.8.1	nat.Hikari dev0001	lower		4	true	35	4010.000	1099.000	33	1650.000	100.000	1697.000	957.000	16	23725	0.430	0.981	41.160	35	0	0	0.158	0.076	45	1239	2	1239	1239	8	14	0	0	0	104	1130	1265	T?/M?	live	0	0	0	650	423.654	550.000	527.857	343	384	287	2	6	1227	104	0	0		0.7849	0.9429
3.8.1	nat.Hikari dev0001	lower		5	true	35	3911.000	846.000	33	1650.000	100.000	1615.000	702.000	10	23277	0.365	0.810	13.967	35	0	0	0.149	0.057	23	1212	2	1212	1212	4	22	0	0	0	131	865	1253	T?/M?	live	0	0	0	650	421.843	650.000	515.057	618	381	115	3	4	1212	131	0	0		0.8222	0.9429
3.8.1	nat.Hikari dev0001	lower		6	true	35	3826.000	1118.000	31	1550.000	200.000	1649.000	839.000	15	22677	0.419	0.946	125.649	35	0	0	0.157	0.072	19	1177	4	1177	1177	7	29	0	0	0	133	1048	1204	T?/M?	live	0	0	0	650	417.971	650.000	497.914	410	197	179	3	7	1177	133	0	0		0.7739	0.8857
3.8.1	nat.Hikari dev0001	lower		7	true	35	4019.000	949.000	33	1650.000	100.000	1709.000	809.000	12	23042	0.409	0.928	14.230	35	0	0	0.166	0.068	59	1196	1	1196	1196	5	17	0	0	0	122	908	1219	T?/M?	live	0	0	0	650	419.123	650.000	508.343	342	278	380	3	5	1196	122	0	0		0.8090	0.9429
3.8.1	nat.Hikari dev0001	lower		8	true	35	4132.000	664.000	34	1700.000	50.000	1748.000	591.000	10	21543	0.356	0.830	43.958	35	0	0	0.171	0.057	19	1091	3	1092	1091	2	22	0	0	0	109	484	1088	T?/M?	live	0	0	0	650	408.966	625.000	465.514	579	373	297	2	258	1091	109	0	0		0.8616	0.9714
3.8.1	nat.Hikari dev0001	lower		9	true	35	3882.000	964.000	33	1650.000	100.000	1593.000	823.000	11	24009	0.467	0.982	13.769	35	0	0	0.151	0.064	42	1268	2	1269	1268	14	17	0	0	0	153	1215	1314	T?/M?	live	0	0	0	650	417.126	650.000	535.971	486	268	150	2	380	1264	152	0	0		0.8011	0.9429
3.8.1	nat.Hikari dev0001	lower		10	true	35	3558.000	1286.000	29	1450.000	300.000	1542.000	867.000	12	23808	0.414	0.952	78.475	35	0	0	0.150	0.068	45	1252	2	1252	1252	3	20	0	0	0	144	781	1297	T?/M?	live	0	0	0	650	413.657	400.000	530.229	415	285	252	2	6	1252	144	0	0		0.7345	0.8286
3.8.1	nat.Hikari dev0001	lower		11	true	35	4086.000	1026.000	32	1600.000	150.000	1819.000	818.000	12	21941	0.437	0.966	140.320	35	0	0	0.162	0.074	30	1122	4	1122	1122	4	23	0	0	0	114	827	1119	T?/M?	live	0	0	0	650	417.431	650.000	476.886	555	271	350	2	6	1122	114	0	0		0.7993	0.9143
3.8.1	nat.Hikari dev0001	lower		12	true	35	4245.000	706.000	35	1750.000	0.000	1787.000	706.000	11	22125	0.380	0.830	31.732	35	0	0	0.168	0.064	32	1135	0	1135	1135	4	18	0	0	0	111	662	1137	T?/M?	live	0	0	0	650	382.194	400.000	482.143	319	302	334	3	4	1135	111	0	0		0.8574	1.0000
3.8.1	nat.Hikari dev0001	lower		13	true	35	4020.000	800.000	33	1650.000	100.000	1709.000	657.000	14	22544	0.360	0.832	12.106	35	0	0	0.162	0.056	36	1156	0	1156	1156	6	10	0	0	0	103	1064	1174	T?/M?	live	0	0	0	650	404.540	400.000	494.114	612	452	331	3	2	1156	103	0	0		0.8340	0.9429
3.8.1	nat.Hikari dev0001	lower		14	true	35	3895.000	1086.000	33	1650.000	100.000	1608.000	944.000	12	24388	0.427	0.949	17.132	35	0	0	0.160	0.074	56	1296	2	1296	1296	11	16	0	0	0	142	1270	1323	T?/M?	live	0	0	0	650	377.634	400.000	546.800	358	268	282	3	5	1296	142	0	0		0.7820	0.9429
3.8.1	nat.Hikari dev0001	lower		15	true	35	3807.000	1142.000	31	1550.000	200.000	1631.000	863.000	13	23721	0.466	0.995	95.598	35	0	0	0.162	0.068	49	1240	2	1240	1240	3	18	0	0	0	113	1090	1268	T?/M?	live	0	0	0	650	420.283	650.000	527.743	552	418	274	3	6	1232	113	0	0		0.7692	0.8857
3.8.1	nat.Hikari dev0001	lower		16	true	35	4123.000	697.000	35	1750.000	0.000	1686.000	697.000	10	22837	0.391	0.870	51.868	35	0	0	0.150	0.063	14	1180	3	1180	1180	6	23	0	0	0	134	1183	1199	T?/M?	live	0	0	0	650	423.494	650.000	502.486	440	318	190	2	5	1180	134	0	0		0.8554	1.0000
3.8.1	ne.Chimera 1.2	lower		1	true	35	2186.000	43.000	35	1750.000	0.000	71.000	43.000	8	5627	0.054	0.809	15.413	35	0	0	0.008	0.004	0	20	1	20	20	1	1	0	0	0	2	0	22	T?/M?	live	0	0	0	650	351.500	650.000	10.771	0	0	1	3	1	20	2	0	0	"Preventing ne.Chimera 1.2 from access: (""java.io.FilePermission"" ""D:\code\Hadur_Robot\hadur-bench\target\classes\META-INF\services\java.time.zone.ZoneRulesProvider"" ""read""). You may only read files in your own root package directory."	0.9807	1.0000
3.8.1	ne.Chimera 1.2	lower		2	true	35	2169.000	0.000	35	1750.000	0.000	57.000	0.000	6	5573	0.049	0.647	13.876	35	0	0	0.008	0.000	0	17	0	17	17	3	0	0	0	0	1	0	19	T?/M?	live	0	0	0	650	342.700	650.000	9.229	4	0	0	2	1	17	1	0	0	"Preventing ne.Chimera 1.2 from access: (""java.io.FilePermission"" ""D:\code\Hadur_Robot\hadur-bench\target\classes\META-INF\services\java.time.zone.ZoneRulesProvider"" ""read""). You may only read files in your own root package directory."	1.0000	1.0000
3.8.1	ne.Chimera 1.2	lower		3	true	35	2152.000	11.000	35	1750.000	0.000	43.000	11.000	6	5725	0.049	0.760	13.447	35	0	0	0.004	0.001	0	27	0	27	27	1	1	0	0	0	0	0	30	T?/M?	live	0	0	0	650	357.700	650.000	13.571	19	0	0	2	3	27	0	0	0	"Preventing ne.Chimera 1.2 from access: (""java.io.FilePermission"" ""D:\code\Hadur_Robot\hadur-bench\target\classes\META-INF\services\java.time.zone.ZoneRulesProvider"" ""read""). You may only read files in your own root package directory."	0.9949	1.0000
3.8.1	ne.Chimera 1.2	lower		4	true	35	2066.000	138.000	34	1700.000	50.000	26.000	65.000	3	5815	0.050	0.701	17.740	35	0	0	0.005	0.004	5	33	0	33	33	3	1	0	0	0	2	0	39	T?/M?	live	0	0	0	650	388.800	650.000	16.143	0	0	0	3	1	33	2	0	0	"Preventing ne.Chimera 1.2 from access: (""java.io.FilePermission"" ""D:\code\Hadur_Robot\hadur-bench\target\classes\META-INF\services\java.time.zone.ZoneRulesProvider"" ""read""). You may only read files in your own root package directory."	0.9374	0.9714
3.8.1	ne.Chimera 1.2	lower		5	true	35	2170.000	79.000	35	1750.000	0.000	58.000	79.000	10	5994	0.060	0.865	25.142	35	0	0	0.007	0.005	8	47	0	47	47	4	2	0	0	0	4	0	54	T?/M?	live	0	0	0	650	353.300	650.000	21.257	0	0	0	3	1	47	4	0	0	"Preventing ne.Chimera 1.2 from access: (""java.io.FilePermission"" ""D:\code\Hadur_Robot\hadur-bench\target\classes\META-INF\services\java.time.zone.ZoneRulesProvider"" ""read""). You may only read files in your own root package directory."	0.9649	1.0000
3.8.1	ne.Chimera 1.2	lower		6	true	35	2077.000	140.000	34	1700.000	50.000	37.000	67.000	3	5905	0.050	0.744	16.317	35	0	0	0.005	0.004	3	39	0	39	39	2	1	0	0	0	7	28	46	T?/M?	live	0	0	0	650	374.500	650.000	18.714	0	0	0	3	3	39	7	0	0	"Preventing ne.Chimera 1.2 from access: (""java.io.FilePermission"" ""D:\code\Hadur_Robot\hadur-bench\target\classes\META-INF\services\java.time.zone.ZoneRulesProvider"" ""read""). You may only read files in your own root package directory."	0.9369	0.9714
3.8.1	ne.Chimera 1.2	lower		7	true	35	2169.000	23.000	35	1750.000	0.000	57.000	23.000	8	5668	0.054	0.752	16.215	35	0	0	0.005	0.002	0	23	0	23	23	2	1	0	0	0	2	0	26	T?/M?	live	0	0	0	650	322.200	650.000	11.943	39	0	0	3	1	23	2	0	0	"Preventing ne.Chimera 1.2 from access: (""java.io.FilePermission"" ""D:\code\Hadur_Robot\hadur-bench\target\classes\META-INF\services\java.time.zone.ZoneRulesProvider"" ""read""). You may only read files in your own root package directory."	0.9895	1.0000
3.8.1	ne.Chimera 1.2	lower		8	true	35	2160.000	59.000	35	1750.000	0.000	50.000	59.000	7	5854	0.055	0.828	14.231	35	0	0	0.006	0.004	5	36	0	36	36	1	0	0	0	0	4	0	42	T?/M?	live	0	0	0	650	349.900	650.000	17.257	0	0	3	2	3	36	4	0	0	"Preventing ne.Chimera 1.2 from access: (""java.io.FilePermission"" ""D:\code\Hadur_Robot\hadur-bench\target\classes\META-INF\services\java.time.zone.ZoneRulesProvider"" ""read""). You may only read files in your own root package directory."	0.9734	1.0000
3.8.1	ne.Chimera 1.2	lower		9	true	35	2153.000	11.000	35	1750.000	0.000	44.000	11.000	7	5697	0.057	0.786	14.614	35	0	0	0.004	0.001	0	25	0	25	25	0	0	0	0	0	4	0	28	T?/M?	live	0	0	0	650	428.000	650.000	12.771	8	0	0	1	3	25	4	0	0	"Preventing ne.Chimera 1.2 from access: (""java.io.FilePermission"" ""D:\code\Hadur_Robot\hadur-bench\target\classes\META-INF\services\java.time.zone.ZoneRulesProvider"" ""read""). You may only read files in your own root package directory."	0.9949	1.0000
3.8.1	ne.Chimera 1.2	lower		10	true	35	2137.000	0.000	35	1750.000	0.000	31.000	0.000	6	5778	0.057	0.712	17.822	35	0	0	0.003	0.000	0	31	0	31	31	2	1	0	0	0	4	0	34	T?/M?	live	0	0	0	650	390.100	650.000	15.086	55	0	0	2	3	31	4	0	0	"Preventing ne.Chimera 1.2 from access: (""java.io.FilePermission"" ""D:\code\Hadur_Robot\hadur-bench\target\classes\META-INF\services\java.time.zone.ZoneRulesProvider"" ""read""). You may only read files in your own root package directory."	1.0000	1.0000
3.8.1	ne.Chimera 1.2	lower		11	true	35	2171.000	23.000	35	1750.000	0.000	59.000	23.000	40	5691	0.054	0.875	17.049	35	0	0	0.006	0.002	0	25	0	25	25	0	0	0	0	0	1	0	28	T?/M?	live	0	0	0	650	372.300	650.000	12.600	29	0	0	1	2	25	1	0	0	"Preventing ne.Chimera 1.2 from access: (""java.io.FilePermission"" ""D:\code\Hadur_Robot\hadur-bench\target\classes\META-INF\services\java.time.zone.ZoneRulesProvider"" ""read""). You may only read files in your own root package directory."	0.9895	1.0000
3.8.1	ne.Chimera 1.2	lower		12	true	35	2342.000	107.000	35	1750.000	0.000	202.000	107.000	9	6416	0.057	0.845	128.986	35	0	0	0.026	0.011	1	69	0	69	69	2	2	0	0	0	2	0	76	T?/M?	live	0	0	0	650	273.933	650.000	33.314	19	0	9	2	2	69	2	0	0	"Preventing ne.Chimera 1.2 from access: (""java.io.FilePermission"" ""D:\code\Hadur_Robot\hadur-bench\target\classes\META-INF\services\java.time.zone.ZoneRulesProvider"" ""read""). You may only read files in your own root package directory."	0.9563	1.0000
3.8.1	ne.Chimera 1.2	lower		13	true	35	2263.000	11.000	35	1750.000	0.000	136.000	11.000	7	5791	0.049	0.730	15.769	35	0	0	0.024	0.002	0	30	0	30	30	3	1	0	0	0	0	0	32	T?/M?	live	0	0	0	650	278.000	400.000	15.457	27	0	0	3	1	30	0	0	0	"Preventing ne.Chimera 1.2 from access: (""java.io.FilePermission"" ""D:\code\Hadur_Robot\hadur-bench\target\classes\META-INF\services\java.time.zone.ZoneRulesProvider"" ""read""). You may only read files in your own root package directory."	0.9952	1.0000
3.8.1	ne.Chimera 1.2	lower		14	true	35	2196.000	43.000	35	1750.000	0.000	80.000	43.000	9	5582	0.041	0.597	12.199	35	0	0	0.011	0.005	0	17	0	17	17	4	2	0	0	0	1	0	19	T?/M?	live	0	0	0	650	307.100	650.000	9.486	12	0	2	2	1	17	1	0	0	"Preventing ne.Chimera 1.2 from access: (""java.io.FilePermission"" ""D:\code\Hadur_Robot\hadur-bench\target\classes\META-INF\services\java.time.zone.ZoneRulesProvider"" ""read""). You may only read files in your own root package directory."	0.9808	1.0000
3.8.1	ne.Chimera 1.2	lower		15	true	35	2173.000	27.000	35	1750.000	0.000	61.000	27.000	6	5660	0.055	0.640	16.290	35	0	0	0.007	0.002	0	23	0	23	23	2	0	0	0	0	2	0	25	T?/M?	live	0	0	0	650	389.900	650.000	11.714	0	0	0	3	2	23	2	0	0	"Preventing ne.Chimera 1.2 from access: (""java.io.FilePermission"" ""D:\code\Hadur_Robot\hadur-bench\target\classes\META-INF\services\java.time.zone.ZoneRulesProvider"" ""read""). You may only read files in your own root package directory."	0.9877	1.0000
3.8.1	ne.Chimera 1.2	lower		16	true	35	2154.000	186.000	34	1700.000	50.000	100.000	107.000	10	6110	0.058	0.713	16.174	35	0	0	0.014	0.015	2	50	0	32	32	1	1	0	0	0	5	0	61	T?/M?	live	0	0	0	650	333.400	650.000	24.571	24	0	0	3	1	32	3	0	0	"Preventing ne.Chimera 1.2 from access: (""java.io.FilePermission"" ""D:\code\Hadur_Robot\hadur-bench\target\classes\META-INF\services\java.time.zone.ZoneRulesProvider"" ""read""). You may only read files in your own root package directory."	0.9205	0.9714
3.8.1	ntw.Sighup 1.5	weak		1	true	35	4604.000	384.000	35	1750.000	0.000	2086.000	384.000	12	14899	0.306	0.774	14.678	35	0	0	0.278	0.053	139	540	0	538	535	3	15	0	0	0	27	0	576	T?/M?	live	0	0	0	650	364.194	400.000	275.686	420	73	392	3	3	538	27	0	0		0.9230	1.0000
3.8.1	ntw.Sighup 1.5	weak		2	true	35	4848.000	430.000	35	1750.000	0.000	2290.000	428.000	14	14398	0.312	0.776	15.789	35	0	0	0.308	0.069	103	503	3	504	502	3	14	0	0	0	21	0	543	T?/M?	live	0	0	0	650	371.846	400.000	261.371	493	131	412	3	2	503	21	0	0		0.9185	1.0000
3.8.1	ntw.Sighup 1.5	weak		3	true	35	4667.000	545.000	34	1700.000	50.000	2187.000	463.000	12	14411	0.297	0.771	17.289	35	0	0	0.270	0.078	123	510	2	503	502	1	12	0	0	0	28	0	546	T?/M?	live	0	0	0	650	372.886	400.000	261.743	468	148	394	1	5	503	27	0	0		0.8954	0.9714
3.8.1	ntw.Sighup 1.5	weak		4	true	35	4628.000	380.000	35	1750.000	0.000	2088.000	380.000	14	14708	0.287	0.736	15.950	35	0	0	0.284	0.060	160	533	2	532	528	5	20	0	0	0	30	0	565	T?/M?	live	0	0	0	650	356.026	400.000	270.229	270	118	393	3	5	530	29	0	0		0.9241	1.0000
3.8.1	ntw.Sighup 1.5	weak		5	true	35	4597.000	420.000	35	1750.000	0.000	2081.000	416.000	16	15692	0.326	0.813	14.798	35	0	0	0.279	0.058	120	594	0	594	593	4	21	0	0	0	32	0	637	T?/M?	live	0	0	0	650	381.520	400.000	298.343	755	76	390	2	3	592	32	0	0		0.9163	1.0000
3.8.1	ntw.Sighup 1.5	weak		6	true	35	4479.000	340.000	35	1750.000	0.000	1981.000	340.000	12	15619	0.334	0.842	14.223	35	0	0	0.252	0.054	136	589	2	589	588	2	17	0	0	0	33	0	638	T?/M?	live	0	0	0	650	384.546	400.000	296.257	469	35	350	2	3	587	33	0	0		0.9294	1.0000
3.8.1	ntw.Sighup 1.5	weak		7	true	35	4634.000	466.000	35	1750.000	0.000	2109.000	464.000	12	15380	0.320	0.775	16.970	35	0	0	0.301	0.075	169	571	2	555	552	3	15	0	0	0	25	0	623	T?/M?	live	0	0	0	650	380.960	400.000	289.429	478	119	384	3	5	552	24	0	0		0.9086	1.0000
3.8.1	ntw.Sighup 1.5	weak		8	true	35	4615.000	445.000	34	1700.000	50.000	2139.000	329.000	14	14569	0.290	0.785	17.250	35	0	0	0.306	0.059	162	525	2	526	523	2	17	0	0	0	27	0	554	T?/M?	live	0	0	0	650	371.174	400.000	266.257	374	134	397	2	5	523	27	0	0		0.9121	0.9714
3.8.1	ntw.Sighup 1.5	weak		9	true	35	4465.000	289.000	35	1750.000	0.000	1971.000	288.000	12	15550	0.306	0.764	15.460	35	0	0	0.248	0.036	157	590	1	589	587	1	10	0	0	0	33	0	625	T?/M?	live	0	0	0	650	411.483	400.000	294.286	524	37	435	1	8	589	33	0	0		0.9392	1.0000
3.8.1	ntw.Sighup 1.5	weak		10	true	35	4583.000	412.000	35	1750.000	0.000	2035.000	408.000	12	15450	0.287	0.750	16.232	35	0	0	0.261	0.070	152	576	0	577	575	2	19	0	0	0	31	0	622	T?/M?	live	0	0	0	650	374.174	400.000	291.429	489	100	363	2	4	575	31	0	0		0.9175	1.0000
3.8.1	ntw.Sighup 1.5	weak		11	true	35	4693.000	310.000	35	1750.000	0.000	2147.000	304.000	12	14943	0.277	0.724	15.006	35	0	0	0.287	0.041	102	550	4	550	548	4	11	0	0	0	21	0	578	T?/M?	live	0	0	0	650	354.011	400.000	276.943	420	85	402	2	5	549	21	0	0		0.9380	1.0000
3.8.1	ntw.Sighup 1.5	weak		12	true	35	4296.000	464.000	34	1700.000	50.000	1888.000	388.000	13	16125	0.279	0.742	15.416	35	0	0	0.224	0.044	150	616	6	617	615	3	21	0	0	0	32	0	666	T?/M?	live	0	0	0	650	390.674	400.000	310.714	411	123	429	2	5	615	32	0	0		0.9025	0.9714
3.8.1	ntw.Sighup 1.5	weak		13	true	35	4668.000	483.000	35	1750.000	0.000	2125.000	476.000	12	15057	0.279	0.699	27.222	35	0	0	0.271	0.067	157	539	2	539	537	3	10	0	0	0	24	0	591	T?/M?	live	0	0	0	650	365.503	400.000	280.200	459	142	405	3	5	538	24	0	0		0.9062	1.0000
3.8.1	ntw.Sighup 1.5	weak		14	true	35	4533.000	350.000	35	1750.000	0.000	2027.000	346.000	13	15174	0.321	0.799	16.138	35	0	0	0.269	0.051	166	559	2	565	558	5	19	0	0	0	26	0	597	T?/M?	live	0	0	0	650	408.423	400.000	283.543	336	146	442	2	5	565	26	0	0		0.9283	1.0000
3.8.1	ntw.Sighup 1.5	weak		15	true	35	4689.000	737.000	33	1650.000	100.000	2228.000	557.000	16	14927	0.315	0.804	15.274	35	0	0	0.276	0.097	148	541	11	522	522	3	19	0	0	0	15	0	582	T?/M?	live	0	0	0	650	391.189	400.000	276.486	525	137	415	3	4	522	15	0	0		0.8642	0.9429
3.8.1	ntw.Sighup 1.5	weak		16	true	35	4551.000	410.000	35	1750.000	0.000	2042.000	410.000	15	15751	0.301	0.738	15.501	35	0	0	0.246	0.059	123	598	1	580	577	7	16	0	0	0	37	0	637	T?/M?	live	0	0	0	650	381.963	400.000	300.029	553	107	409	3	3	580	35	0	0		0.9174	1.0000
3.8.1	nz.jdc.nano.AralR 1.1	lower		1	true	35	4898.000	702.000	34	1700.000	50.000	2390.000	627.000	13	19549	0.335	0.887	17.666	35	0	0	0.202	0.097	70	981	1	987	976	6	24	0	0	0	91	528	896	T?/M?	live	0	0	0	650	343.626	575.000	408.543	398	299	491	2	4	987	90	0	0		0.8746	0.9714
3.8.1	nz.jdc.nano.AralR 1.1	lower		2	true	35	5037.000	421.000	35	1750.000	0.000	2447.000	421.000	11	18027	0.302	0.755	60.371	35	0	0	0.223	0.079	51	878	2	861	851	4	20	0	0	0	47	0	781	T?/M?	live	0	0	0	650	342.877	400.000	365.057	601	131	494	3	4	861	47	0	0		0.9229	1.0000
3.8.1	nz.jdc.nano.AralR 1.1	lower		3	true	35	4898.000	545.000	35	1750.000	0.000	2332.000	544.000	10	18733	0.263	0.705	14.818	35	0	0	0.211	0.083	68	926	2	933	924	0	29	0	0	0	76	247	815	T?/M?	live	0	0	0	650	315.251	400.000	385.229	516	126	539	1	4	933	76	0	0		0.8999	1.0000
3.8.1	nz.jdc.nano.AralR 1.1	lower		4	true	35	4911.000	482.000	35	1750.000	0.000	2343.000	482.000	13	18891	0.281	0.731	16.720	35	0	0	0.200	0.082	51	932	1	916	910	6	28	0	0	0	59	0	830	T?/M?	live	0	0	0	650	326.620	400.000	389.743	653	89	505	3	5	916	55	0	0		0.9106	1.0000
3.8.1	nz.jdc.nano.AralR 1.1	lower		5	true	35	4966.000	502.000	35	1750.000	0.000	2388.000	502.000	9	18550	0.292	0.735	23.767	35	0	0	0.211	0.084	60	914	5	921	914	2	11	0	0	0	63	799	811	T?/M?	live	0	0	0	650	335.146	400.000	380.000	686	84	490	2	4	920	63	0	0		0.9082	1.0000
3.8.1	nz.jdc.nano.AralR 1.1	lower		6	true	35	4880.000	655.000	34	1700.000	50.000	2372.000	587.000	12	19118	0.345	0.838	170.613	35	0	0	0.212	0.101	66	945	4	933	921	3	18	0	0	0	65	357	852	T?/M?	live	0	0	0	650	326.823	400.000	396.229	505	176	546	3	5	931	63	0	0		0.8817	0.9714
3.8.1	nz.jdc.nano.AralR 1.1	lower		7	true	35	5114.000	752.000	34	1700.000	50.000	2569.000	685.000	15	18343	0.358	0.898	228.805	35	0	0	0.223	0.123	41	892	4	879	866	4	16	0	0	0	60	0	786	T?/M?	live	0	0	0	650	339.077	650.000	374.086	524	204	553	3	5	879	57	0	0		0.8718	0.9714
3.8.1	nz.jdc.nano.AralR 1.1	lower		8	true	35	4991.000	396.000	35	1750.000	0.000	2409.000	396.000	12	18459	0.281	0.720	179.016	35	0	0	0.216	0.064	42	898	1	902	894	2	16	0	0	0	58	218	797	T?/M?	live	0	0	0	650	328.940	400.000	377.400	597	261	546	2	6	902	57	0	0		0.9265	1.0000
3.8.1	nz.jdc.nano.AralR 1.1	lower		9	true	35	5032.000	519.000	35	1750.000	0.000	2443.000	519.000	9	18151	0.288	0.755	14.317	35	0	0	0.215	0.091	52	879	2	886	878	1	18	0	0	0	69	704	776	T?/M?	live	0	0	0	650	321.234	400.000	368.600	692	165	545	1	5	886	69	0	0		0.9065	1.0000
3.8.1	nz.jdc.nano.AralR 1.1	lower		10	true	35	4936.000	508.000	35	1750.000	0.000	2364.000	508.000	12	18762	0.270	0.704	16.859	35	0	0	0.209	0.087	59	928	3	912	906	3	13	0	0	0	73	635	835	T?/M?	live	0	0	0	650	325.380	400.000	386.057	667	168	475	3	3	912	73	0	0		0.9067	1.0000
3.8.1	nz.jdc.nano.AralR 1.1	lower		11	true	35	5000.000	524.000	35	1750.000	0.000	2417.000	522.000	12	18671	0.309	0.786	15.994	35	0	0	0.214	0.083	59	921	5	927	918	0	15	0	0	0	61	652	817	T?/M?	live	0	0	0	650	333.243	400.000	383.457	550	77	514	1	4	927	61	0	0		0.9051	1.0000
3.8.1	nz.jdc.nano.AralR 1.1	lower		12	true	35	4957.000	435.000	35	1750.000	0.000	2381.000	435.000	10	18443	0.282	0.708	16.818	35	0	0	0.223	0.076	54	907	1	915	904	3	22	0	0	0	63	620	806	T?/M?	live	0	0	0	650	324.840	400.000	376.943	677	86	510	2	5	915	62	0	0		0.9193	1.0000
3.8.1	nz.jdc.nano.AralR 1.1	lower		13	true	35	5007.000	519.000	35	1750.000	0.000	2423.000	519.000	11	19279	0.325	0.811	18.060	35	0	0	0.214	0.089	59	975	3	980	971	5	23	0	0	0	82	694	866	T?/M?	live	0	0	0	650	354.857	625.000	400.829	557	82	496	3	4	980	81	0	0		0.9061	1.0000
3.8.1	nz.jdc.nano.AralR 1.1	lower		14	true	35	4955.000	493.000	35	1750.000	0.000	2379.000	493.000	11	18735	0.295	0.743	37.095	35	0	0	0.206	0.082	57	928	0	932	922	4	19	0	0	0	79	798	826	T?/M?	live	0	0	0	650	330.674	400.000	385.286	458	107	503	2	6	932	78	0	0		0.9095	1.0000
3.8.1	nz.jdc.nano.AralR 1.1	lower		15	true	35	5083.000	494.000	35	1750.000	0.000	2486.000	493.000	14	17787	0.318	0.784	14.579	35	0	0	0.230	0.091	52	855	2	858	852	2	17	0	0	0	55	159	748	T?/M?	live	0	0	0	650	324.829	400.000	358.200	501	130	535	3	3	858	54	0	0		0.9114	1.0000
3.8.1	nz.jdc.nano.AralR 1.1	lower		16	true	35	5016.000	698.000	34	1700.000	50.000	2490.000	630.000	15	18465	0.327	0.837	336.364	35	0	0	0.221	0.105	58	895	1	900	893	6	21	0	0	0	55	779	795	T?/M?	live	0	0	0	650	319.549	400.000	377.571	578	209	559	3	4	897	55	0	0		0.8778	0.9714
3.8.1	ola.Puffin 1.0	weak		1	true	35	5905.000	93.000	35	1750.000	0.000	3171.000	92.000	11	12110	0.188	0.609	9.403	35	0	0	0.550	0.050	1	395	2	396	395	1	16	0	0	0	37	66	389	T?/M?	live	0	0	0	650	330.654	400.000	196.000	167	2	281	2	4	394	37	0	0		0.9845	1.0000
3.8.1	ola.Puffin 1.0	weak		2	true	35	5935.000	73.000	35	1750.000	0.000	3195.000	72.000	12	11576	0.165	0.533	9.920	35	0	0	0.588	0.053	2	354	4	355	354	2	13	0	0	0	26	338	356	T?/M?	live	0	0	0	650	296.083	400.000	180.743	201	0	259	2	3	354	26	0	0		0.9878	1.0000
3.8.1	ola.Puffin 1.0	weak		3	true	35	5916.000	133.000	35	1750.000	0.000	3180.000	132.000	8	12364	0.274	0.706	125.538	35	0	0	0.526	0.076	2	414	4	415	414	3	11	0	0	0	24	0	407	T?/M?	live	0	0	0	650	344.126	400.000	203.257	164	15	300	1	5	415	24	0	0		0.9780	1.0000
3.8.1	ola.Puffin 1.0	weak		4	true	35	5775.000	193.000	34	1700.000	50.000	3123.000	120.000	11	12370	0.251	0.685	296.945	35	0	0	0.511	0.042	1	410	13	410	410	2	20	0	0	0	30	0	403	T?/M?	live	0	0	0	650	317.471	400.000	203.429	236	0	298	2	2	410	30	0	0		0.9677	0.9714
3.8.1	ola.Puffin 1.0	weak		5	true	35	5939.000	190.000	35	1750.000	0.000	3146.000	136.000	14	12111	0.303	0.794	221.658	35	0	0	0.532	0.081	38	400	4	400	400	3	15	0	0	0	29	367	388	T?/M?	live	0	0	0	650	329.086	400.000	196.029	216	0	303	3	1	397	29	0	0		0.9690	1.0000
3.8.1	ola.Puffin 1.0	weak		6	true	35	5937.000	254.000	35	1750.000	0.000	3175.000	228.000	31	12943	0.325	0.848	26.617	35	0	0	0.509	0.117	21	469	2	448	448	4	16	0	0	0	28	0	450	T?/M?	live	0	0	0	650	352.334	400.000	219.800	259	25	317	3	2	446	28	0	0		0.9590	1.0000
3.8.1	ola.Puffin 1.0	weak		7	true	35	5856.000	60.000	35	1750.000	0.000	3130.000	60.000	16	12468	0.262	0.718	49.182	35	0	0	0.499	0.042	0	410	2	392	391	1	5	0	0	0	32	297	419	T?/M?	live	0	0	0	650	313.091	400.000	206.229	221	3	292	3	5	390	30	0	0		0.9899	1.0000
3.8.1	ola.Puffin 1.0	weak		8	true	35	5903.000	149.000	35	1750.000	0.000	3169.000	148.000	13	12643	0.318	0.837	223.699	35	0	0	0.522	0.072	1	440	2	440	440	0	15	0	0	0	25	58	423	T?/M?	live	0	0	0	650	347.603	400.000	211.229	265	15	329	1	193	439	25	0	0		0.9754	1.0000
3.8.1	ola.Puffin 1.0	weak		9	true	35	5988.000	244.000	35	1750.000	0.000	3240.000	244.000	13	12575	0.316	0.873	214.213	35	0	0	0.508	0.125	1	437	3	437	437	1	17	0	0	0	31	0	420	T?/M?	live	0	0	0	650	346.814	400.000	209.286	216	58	312	1	4	437	31	0	0		0.9608	1.0000
3.8.1	ola.Puffin 1.0	weak		10	true	35	5898.000	138.000	35	1750.000	0.000	3165.000	138.000	13	12569	0.310	0.801	162.794	35	0	0	0.505	0.079	1	435	4	435	435	2	16	0	0	0	30	0	419	T?/M?	live	0	0	0	650	352.071	400.000	209.114	285	38	313	3	2	434	30	0	0		0.9771	1.0000
3.8.1	ola.Puffin 1.0	weak		11	true	35	5881.000	128.000	35	1750.000	0.000	3151.000	128.000	10	12679	0.267	0.768	48.705	35	0	0	0.491	0.055	1	437	5	437	437	1	16	0	0	0	45	173	428	T?/M?	live	0	0	0	650	336.966	400.000	212.257	278	17	316	2	5	436	45	0	0		0.9787	1.0000
3.8.1	ola.Puffin 1.0	weak		12	true	35	5941.000	225.000	35	1750.000	0.000	3198.000	220.000	16	12821	0.322	0.839	206.327	35	0	0	0.491	0.094	4	458	5	458	458	3	20	0	0	0	27	0	434	T?/M?	live	0	0	0	650	362.566	400.000	216.314	202	0	348	3	5	458	27	0	0		0.9635	1.0000
3.8.1	ola.Puffin 1.0	weak		13	true	35	5978.000	252.000	35	1750.000	0.000	3232.000	252.000	15	12704	0.312	0.852	260.219	35	0	0	0.502	0.117	0	456	1	456	456	4	16	0	0	0	29	0	424	T?/M?	live	0	0	0	650	350.940	400.000	212.971	225	0	347	2	5	456	29	0	0		0.9596	1.0000
3.8.1	ola.Puffin 1.0	weak		14	true	35	5928.000	181.000	35	1750.000	0.000	3179.000	168.000	14	12409	0.275	0.799	153.451	35	0	0	0.520	0.091	10	435	0	435	435	4	13	0	0	0	30	378	408	T?/M?	live	0	0	0	650	332.814	400.000	204.543	300	19	304	2	2	434	30	0	0		0.9704	1.0000
3.8.1	ola.Puffin 1.0	weak		15	true	35	5894.000	77.000	35	1750.000	0.000	3151.000	60.000	12	11842	0.219	0.672	199.520	35	0	0	0.549	0.038	12	372	5	372	372	3	17	0	0	0	37	358	372	T?/M?	live	0	0	0	650	304.163	400.000	188.343	298	0	256	2	4	369	37	0	0		0.9871	1.0000
3.8.1	ola.Puffin 1.0	weak		16	true	35	5871.000	196.000	35	1750.000	0.000	3126.000	168.000	17	13037	0.254	0.695	185.036	35	0	0	0.513	0.075	29	474	3	444	443	174	12	0	0	0	29	0	461	T?/M?	live	0	0	0	650	329.211	400.000	222.486	314	9	311	3	2	443	27	0	0		0.9677	1.0000
3.8.1	pa3k.Viper 5.03	lower		1	true	35	4177.000	835.000	33	1650.000	100.000	1841.000	690.000	14	25141	0.456	0.976	17.262	35	0	0	0.162	0.063	66	1121	0	1123	1121	6	12	0	0	0	103	672	1377	T?/M?	live	0	0	0	650	433.883	400.000	568.314	544	0	324	3	4	1123	103	0	0		0.8334	0.9429
3.8.1	pa3k.Viper 5.03	lower		2	true	35	4481.000	556.000	35	1750.000	0.000	1984.000	555.000	14	25106	0.483	1.036	144.861	35	0	0	0.173	0.056	69	1091	2	1091	1090	3	17	0	0	0	92	1224	1373	T?/M?	live	0	0	0	650	463.360	650.000	567.314	626	0	351	2	6	1091	92	0	0		0.8896	1.0000
3.8.1	pa3k.Viper 5.03	lower		3	true	35	4012.000	1178.000	30	1500.000	250.000	1861.000	827.000	11	25472	0.526	1.099	213.029	35	0	0	0.159	0.075	65	1166	4	1166	1165	15	17	0	0	0	87	20	1422	T?/M?	live	0	0	0	650	455.729	650.000	577.771	501	0	339	2	387	1166	87	0	0		0.7730	0.8571
3.8.1	pa3k.Viper 5.03	lower		4	true	35	3946.000	1340.000	28	1400.000	350.000	1879.000	833.000	13	25979	0.555	1.116	16.127	35	0	0	0.181	0.090	118	1177	3	1177	1177	4	19	0	0	0	88	1137	1448	T?/M?	live	0	0	0	650	451.314	400.000	592.257	440	20	357	3	4	1172	88	0	0		0.7465	0.8000
3.8.1	pa3k.Viper 5.03	lower		5	true	35	4002.000	937.000	31	1550.000	200.000	1808.000	643.000	15	23906	0.428	0.914	71.185	35	0	0	0.167	0.064	73	1048	1	1030	1030	4	17	0	0	0	96	616	1282	T?/M?	live	0	0	0	650	397.369	400.000	533.029	750	9	389	3	3	1030	95	0	0		0.8103	0.8857
3.8.1	pa3k.Viper 5.03	lower		6	true	35	3885.000	1151.000	29	1450.000	300.000	1816.000	724.000	8	24309	0.455	0.973	15.662	34	0	0	0.168	0.062	79	1072	2	1073	1072	3	19	0	0	0	77	0	1279	T?/M?	live	0	0	0	650	411.838	400.000	541.618	563	13	432	2	3	1037	77	0	0		0.7714	0.8286
3.8.1	pa3k.Viper 5.03	lower		7	true	35	4215.000	1099.000	31	1550.000	200.000	1915.000	810.000	8	24385	0.517	1.089	17.149	34	0	0	0.183	0.095	117	1112	1	1112	1112	4	20	0	0	0	88	336	1276	T?/M?	live	0	0	0	650	446.350	400.000	548.441	413	0	399	2	2	1079	86	0	0		0.7932	0.8857
3.8.1	pa3k.Viper 5.03	lower		8	true	35	4048.000	978.000	31	1550.000	200.000	1841.000	694.000	8	23777	0.418	0.927	96.302	35	0	0	0.176	0.069	67	1040	2	1040	1040	0	16	0	0	0	88	420	1260	T?/M?	live	0	0	0	650	402.606	400.000	529.343	421	0	394	1	6	1040	88	0	0		0.8054	0.8857
3.8.1	pa3k.Viper 5.03	lower		9	true	35	4120.000	898.000	32	1600.000	150.000	1843.000	677.000	8	25160	0.534	1.074	16.846	35	0	0	0.165	0.062	63	1122	2	1122	1122	2	11	0	0	0	100	528	1369	T?/M?	live	0	0	0	650	445.174	400.000	568.857	461	0	308	1	7	1122	100	0	0		0.8210	0.9143
3.8.1	pa3k.Viper 5.03	lower		10	true	35	4392.000	918.000	34	1700.000	50.000	1967.000	844.000	13	25064	0.502	1.045	16.651	35	0	0	0.171	0.085	59	1115	2	1097	1097	7	20	0	0	0	98	0	1386	T?/M?	live	0	0	0	650	443.291	650.000	566.114	580	8	337	3	4	1096	98	0	0		0.8271	0.9714
3.8.1	pa3k.Viper 5.03	lower		11	true	35	4148.000	1009.000	31	1550.000	200.000	1922.000	736.000	12	24924	0.525	1.061	70.661	35	0	0	0.177	0.074	97	1125	2	1125	1125	4	16	0	0	0	91	811	1373	T?/M?	live	0	0	0	650	450.246	450.000	562.114	517	0	445	2	8	1125	91	0	0		0.8043	0.8857
3.8.1	pa3k.Viper 5.03	lower		12	true	35	3681.000	1086.000	30	1500.000	250.000	1585.000	739.000	15	26406	0.522	1.046	17.681	35	0	0	0.153	0.062	85	1219	1	1219	1219	6	18	0	0	0	112	596	1518	T?/M?	live	0	0	0	650	444.940	400.000	604.457	685	8	219	2	8	1219	112	0	0		0.7722	0.8571
3.8.1	pa3k.Viper 5.03	lower		13	true	35	4171.000	822.000	32	1600.000	150.000	1891.000	607.000	15	24219	0.431	0.927	87.496	35	0	0	0.163	0.060	48	1080	0	1080	1080	6	20	0	0	0	90	1246	1323	T?/M?	live	0	0	0	650	450.534	500.000	541.971	652	0	281	2	2	1080	90	0	0		0.8354	0.9143
3.8.1	pa3k.Viper 5.03	lower		14	true	35	4098.000	952.000	32	1600.000	150.000	1823.000	742.000	12	25426	0.543	1.098	73.736	35	0	0	0.157	0.070	58	1158	3	1158	1158	2	19	0	0	0	100	781	1418	T?/M?	live	0	0	0	650	450.654	650.000	576.457	511	0	266	2	6	1158	100	0	0		0.8115	0.9143
3.8.1	pa3k.Viper 5.03	lower		15	true	35	4441.000	583.000	35	1750.000	0.000	1920.000	555.000	12	22863	0.386	0.862	99.471	35	0	0	0.165	0.061	52	978	3	978	978	4	11	0	0	0	82	0	1186	T?/M?	live	0	0	0	650	405.463	400.000	503.229	475	22	303	3	3	977	82	0	0		0.8840	1.0000
3.8.1	pa3k.Viper 5.03	lower		16	true	35	3968.000	1452.000	28	1400.000	350.000	1934.000	938.000	10	24628	0.473	1.015	18.569	35	0	0	0.189	0.092	118	1091	2	1091	1091	5	19	0	0	0	82	789	1337	T?/M?	live	0	0	0	650	403.277	400.000	553.657	301	0	478	2	6	1089	82	0	0		0.7321	0.8000
3.8.1	pez.nano.Icarus 0.3	weak		1	true	35	4042.000	103.000	35	1750.000	0.000	1618.000	103.000	14	19182	0.253	0.641	15.109	35	0	0	0.167	0.014	75	913	3	900	897	4	15	0	0	0	76	852	902	T?/M?	live	0	0	0	650	357.423	400.000	398.057	515	150	242	3	6	900	76	0	0		0.9752	1.0000
3.8.1	pez.nano.Icarus 0.3	weak		2	true	35	4163.000	132.000	35	1750.000	0.000	1719.000	132.000	11	18804	0.255	0.672	18.132	35	0	0	0.178	0.015	74	886	5	887	884	4	13	0	0	0	64	733	873	T?/M?	live	0	0	0	650	357.457	400.000	387.257	694	233	278	2	4	887	64	0	0		0.9693	1.0000
3.8.1	pez.nano.Icarus 0.3	weak		3	true	35	4072.000	96.000	35	1750.000	0.000	1643.000	96.000	9	19278	0.243	0.640	14.461	35	0	0	0.164	0.012	77	914	3	917	913	0	11	0	0	0	64	895	911	T?/M?	live	0	0	0	650	341.783	400.000	400.800	708	304	230	1	4	917	64	0	0		0.9770	1.0000
3.8.1	pez.nano.Icarus 0.3	weak		4	true	35	4050.000	160.000	35	1750.000	0.000	1625.000	160.000	10	19371	0.247	0.648	8.404	35	0	0	0.163	0.020	82	927	2	927	925	4	15	0	0	0	50	0	921	T?/M?	live	0	0	0	650	378.560	400.000	403.457	761	233	208	3	5	927	50	0	0		0.9620	1.0000
3.8.1	pez.nano.Icarus 0.3	weak		5	true	35	4293.000	55.000	35	1750.000	0.000	1827.000	55.000	12	17506	0.243	0.638	31.988	35	0	0	0.189	0.006	77	791	2	791	789	3	12	0	0	0	54	631	766	T?/M?	live	0	0	0	650	325.240	400.000	350.171	492	143	346	2	3	791	54	0	0		0.9874	1.0000
3.8.1	pez.nano.Icarus 0.3	weak		6	true	35	4084.000	104.000	35	1750.000	0.000	1653.000	104.000	12	19090	0.256	0.652	15.315	35	0	0	0.166	0.016	78	897	2	899	896	3	19	0	0	0	60	0	902	T?/M?	live	0	0	0	650	368.806	400.000	395.429	862	156	171	3	5	899	60	0	0		0.9752	1.0000
3.8.1	pez.nano.Icarus 0.3	weak		7	true	35	4145.000	162.000	35	1750.000	0.000	1704.000	162.000	12	18957	0.254	0.659	269.329	35	0	0	0.176	0.022	72	893	1	893	892	1	15	0	0	0	78	463	874	T?/M?	live	0	0	0	650	332.726	400.000	391.629	726	201	263	2	5	893	78	0	0		0.9624	1.0000
3.8.1	pez.nano.Icarus 0.3	weak		8	true	35	3959.000	102.000	35	1750.000	0.000	1549.000	102.000	9	19784	0.242	0.663	243.064	35	0	0	0.153	0.011	74	957	2	957	955	2	16	0	0	0	84	856	956	T?/M?	live	0	0	0	650	367.369	400.000	415.257	862	268	188	1	5	957	84	0	0		0.9749	1.0000
3.8.1	pez.nano.Icarus 0.3	weak		9	true	35	4072.000	60.000	35	1750.000	0.000	1644.000	60.000	8	18509	0.254	0.681	171.455	35	0	0	0.182	0.007	93	864	1	865	861	1	22	0	0	0	51	0	847	T?/M?	live	0	0	0	650	374.677	400.000	378.829	760	200	270	1	5	865	51	0	0		0.9855	1.0000
3.8.1	pez.nano.Icarus 0.3	weak		10	true	35	4124.000	103.000	35	1750.000	0.000	1687.000	103.000	13	18544	0.235	0.635	78.125	35	0	0	0.176	0.013	92	868	3	869	866	6	12	0	0	0	64	783	852	T?/M?	live	0	0	0	650	341.023	400.000	379.829	519	202	278	3	4	869	64	0	0		0.9756	1.0000
3.8.1	pez.nano.Icarus 0.3	weak		11	true	35	4179.000	92.000	35	1750.000	0.000	1733.000	92.000	9	18268	0.235	0.630	232.399	35	0	0	0.185	0.013	78	854	0	854	850	2	15	0	0	0	68	321	826	T?/M?	live	0	0	0	650	353.960	400.000	371.943	628	149	315	2	6	854	68	0	0		0.9785	1.0000
3.8.1	pez.nano.Icarus 0.3	weak		12	true	35	3985.000	121.000	35	1750.000	0.000	1571.000	121.000	11	19913	0.261	0.686	229.581	35	0	0	0.158	0.012	68	965	1	965	962	3	16	0	0	0	80	591	966	T?/M?	live	0	0	0	650	373.249	400.000	418.943	537	228	187	2	5	965	80	0	0		0.9705	1.0000
3.8.1	pez.nano.Icarus 0.3	weak		13	true	35	4035.000	94.000	35	1750.000	0.000	1613.000	94.000	12	19288	0.258	0.679	10.983	35	0	0	0.159	0.010	75	925	4	925	925	3	10	0	0	0	70	0	910	T?/M?	live	0	0	0	650	358.517	400.000	401.086	660	200	223	2	3	925	70	0	0		0.9772	1.0000
3.8.1	pez.nano.Icarus 0.3	weak		14	true	35	4138.000	141.000	35	1750.000	0.000	1698.000	141.000	13	18996	0.249	0.663	16.122	35	0	0	0.177	0.015	85	897	1	898	896	4	9	0	0	0	72	822	889	T?/M?	live	0	0	0	650	355.169	400.000	392.743	790	270	277	3	5	898	72	0	0		0.9670	1.0000
3.8.1	pez.nano.Icarus 0.3	weak		15	true	35	3997.000	133.000	35	1750.000	0.000	1581.000	132.000	12	19512	0.254	0.666	15.174	35	0	0	0.154	0.017	80	935	0	924	920	3	15	0	0	0	64	646	923	T?/M?	live	0	0	0	650	353.694	400.000	407.486	594	197	252	3	4	924	64	0	0		0.9678	1.0000
3.8.1	pez.nano.Icarus 0.3	weak		16	true	35	4188.000	71.000	35	1750.000	0.000	1740.000	71.000	11	18412	0.240	0.633	16.594	35	0	0	0.173	0.010	80	848	2	849	847	6	16	0	0	0	81	771	844	T?/M?	live	0	0	0	650	349.806	400.000	376.057	715	237	273	2	4	849	81	0	0		0.9833	1.0000
3.8.1	rapture.Rapture 2.13	weak		1	true	35	5056.000	104.000	35	1750.000	0.000	2463.000	104.000	13	20229	0.307	0.746	16.235	35	0	0	0.204	0.023	4	1048	5	1027	1026	3	5	0	0	0	56	704	950	T?/M?	live	0	0	0	650	414.300	400.000	427.971	430	92	516	3	4	1027	54	0	0		0.9798	1.0000
3.8.1	rapture.Rapture 2.13	weak		2	true	35	5164.000	107.000	35	1750.000	0.000	2553.000	107.000	12	19434	0.298	0.754	17.201	35	0	0	0.216	0.027	22	1000	4	1000	999	2	10	0	0	0	60	862	886	T?/M?	live	0	0	0	650	394.157	400.000	405.257	422	147	611	3	5	1000	60	0	0		0.9797	1.0000
3.8.1	rapture.Rapture 2.13	weak		3	true	35	4984.000	126.000	35	1750.000	0.000	2403.000	126.000	11	20796	0.281	0.734	16.322	35	0	0	0.196	0.023	9	1017	0	1017	1017	0	13	0	0	0	45	0	980	T?/M?	live	0	0	0	650	387.369	400.000	444.171	573	147	539	1	5	1017	45	0	0		0.9753	1.0000
3.8.1	rapture.Rapture 2.13	weak		4	true	35	5138.000	222.000	35	1750.000	0.000	2532.000	220.000	16	22954	0.326	0.755	20.688	35	0	0	0.203	0.044	86	1286	2	1264	1264	3	15	0	0	0	90	701	1178	T?/M?	live	0	0	0	650	406.711	400.000	505.829	376	157	601	3	3	1264	90	0	0		0.9586	1.0000
3.8.1	rapture.Rapture 2.13	weak		5	true	35	5187.000	99.000	35	1750.000	0.000	2573.000	97.000	13	18701	0.315	0.758	15.581	35	0	0	0.224	0.030	7	943	2	943	943	3	14	0	0	0	55	794	833	T?/M?	live	0	0	0	650	396.143	400.000	384.314	484	122	559	3	5	943	55	0	0		0.9813	1.0000
3.8.1	rapture.Rapture 2.13	weak		6	true	35	5095.000	109.000	35	1750.000	0.000	2495.000	107.000	12	19644	0.290	0.712	17.151	35	0	0	0.202	0.025	9	996	2	974	974	5	14	0	0	0	47	0	899	T?/M?	live	0	0	0	650	405.169	400.000	411.257	449	209	583	3	4	974	46	0	0		0.9791	1.0000
3.8.1	rapture.Rapture 2.13	weak		7	true	35	5328.000	249.000	35	1750.000	0.000	2690.000	249.000	15	21985	0.350	0.784	69.221	35	0	0	0.206	0.056	25	1229	1	1207	1207	4	21	0	0	0	90	1002	1082	T?/M?	live	0	0	0	650	436.837	400.000	478.143	457	140	605	3	6	1207	90	0	0		0.9554	1.0000
3.8.1	rapture.Rapture 2.13	weak		8	true	35	5232.000	325.000	33	1650.000	100.000	2724.000	200.000	13	23306	0.360	0.835	78.169	35	0	0	0.202	0.061	43	1256	3	1256	1256	2	21	0	0	0	58	0	1140	T?/M?	live	0	0	0	650	461.943	400.000	515.886	522	182	694	2	5	1234	58	0	0		0.9415	0.9429
3.8.1	rapture.Rapture 2.13	weak		9	true	35	5174.000	59.000	35	1750.000	0.000	2561.000	58.000	13	18129	0.297	0.762	17.149	35	0	0	0.219	0.018	1	883	3	883	883	1	12	0	0	0	44	0	786	T?/M?	live	0	0	0	650	392.014	400.000	367.971	572	224	550	2	4	883	44	0	0		0.9887	1.0000
3.8.1	rapture.Rapture 2.13	weak		10	true	35	5193.000	60.000	35	1750.000	0.000	2578.000	60.000	12	18207	0.301	0.764	16.448	35	0	0	0.217	0.017	2	898	1	898	898	3	12	0	0	0	57	559	793	T?/M?	live	0	0	0	650	387.623	400.000	370.200	428	129	543	3	5	898	57	0	0		0.9886	1.0000
3.8.1	rapture.Rapture 2.13	weak		11	true	35	5140.000	94.000	35	1750.000	0.000	2533.000	94.000	12	19068	0.293	0.782	15.650	35	0	0	0.216	0.026	2	964	3	964	964	4	13	0	0	0	46	0	855	T?/M?	live	0	0	0	650	389.286	400.000	394.800	544	99	517	2	4	964	46	0	0		0.9820	1.0000
3.8.1	rapture.Rapture 2.13	weak		12	true	35	5248.000	76.000	35	1750.000	0.000	2624.000	75.000	10	18382	0.289	0.764	15.885	35	0	0	0.229	0.019	4	822	3	822	822	3	12	0	0	0	59	0	812	T?/M?	live	0	0	0	650	387.157	400.000	375.200	561	139	500	3	3	822	59	0	0		0.9857	1.0000
3.8.1	rapture.Rapture 2.13	weak		13	true	35	5134.000	82.000	35	1750.000	0.000	2528.000	81.000	13	18866	0.287	0.735	16.256	35	0	0	0.212	0.018	3	950	2	950	950	6	11	0	0	0	54	599	839	T?/M?	live	0	0	0	650	385.597	400.000	389.029	450	99	555	3	4	950	54	0	0		0.9843	1.0000
3.8.1	rapture.Rapture 2.13	weak		14	true	35	5138.000	94.000	35	1750.000	0.000	2532.000	94.000	13	19259	0.313	0.770	78.033	35	0	0	0.211	0.025	5	977	1	978	977	4	11	0	0	0	75	837	870	T?/M?	live	0	0	0	650	400.420	400.000	400.257	712	126	526	3	5	978	74	0	0		0.9820	1.0000
3.8.1	rapture.Rapture 2.13	weak		15	true	35	5080.000	90.000	35	1750.000	0.000	2483.000	89.000	13	20511	0.278	0.707	16.438	35	0	0	0.219	0.021	20	1080	2	1058	1058	3	15	0	0	0	76	912	968	T?/M?	live	0	0	0	650	411.051	400.000	436.029	301	88	591	3	3	1058	75	0	0		0.9826	1.0000
3.8.1	rapture.Rapture 2.13	weak		16	true	35	5084.000	232.000	34	1700.000	50.000	2544.000	167.000	11	21604	0.303	0.742	42.683	35	0	0	0.223	0.043	50	1185	4	1185	1185	3	13	0	0	0	82	961	1077	T?/M?	live	0	0	0	650	408.483	400.000	467.257	598	92	560	2	3	1185	82	0	0		0.9564	0.9714
3.8.1	repositorio.NanoStep 1.0	weak		1	true	35	5051.000	94.000	35	1750.000	0.000	2459.000	88.000	10	15086	0.248	0.695	16.167	35	0	0	0.283	0.018	26	643	10	643	643	1	9	0	0	0	37	0	580	T?/M?	live	0	0	0	650	438.874	400.000	281.029	346	80	439	3	6	642	37	0	0		0.9817	1.0000
3.8.1	repositorio.NanoStep 1.0	weak		2	true	35	5026.000	305.000	34	1700.000	50.000	2494.000	233.000	13	15609	0.313	0.795	15.131	35	0	0	0.274	0.040	23	695	8	695	695	3	12	0	0	0	36	604	617	T?/M?	live	0	0	0	650	445.969	400.000	295.971	321	38	464	3	5	695	36	0	0		0.9428	0.9714
3.8.1	repositorio.NanoStep 1.0	weak		3	true	35	5131.000	173.000	35	1750.000	0.000	2526.000	173.000	12	15817	0.307	0.799	15.919	35	0	0	0.252	0.038	17	727	0	727	727	0	18	0	0	0	48	238	627	T?/M?	live	0	0	0	650	462.597	400.000	301.914	561	35	439	1	4	727	48	0	0		0.9674	1.0000
3.8.1	repositorio.NanoStep 1.0	weak		4	true	35	5040.000	71.000	35	1750.000	0.000	2450.000	71.000	12	15228	0.266	0.689	16.699	35	0	0	0.270	0.004	28	668	3	649	649	6	7	0	0	0	54	0	600	T?/M?	live	0	0	0	650	436.851	400.000	285.086	344	0	436	3	2	649	53	0	0		0.9861	1.0000
3.8.1	repositorio.NanoStep 1.0	weak		5	true	35	5130.000	287.000	35	1750.000	0.000	2525.000	287.000	16	16067	0.319	0.751	13.923	35	0	0	0.260	0.042	25	737	2	718	718	5	18	0	0	0	42	0	650	T?/M?	live	0	0	0	650	477.417	400.000	309.057	393	0	479	3	5	718	40	0	0		0.9470	1.0000
3.8.1	repositorio.NanoStep 1.0	weak		6	true	35	5104.000	136.000	35	1750.000	0.000	2503.000	136.000	9	15430	0.291	0.735	60.560	35	0	0	0.261	0.032	19	685	6	685	685	1	11	0	0	0	47	525	608	T?/M?	live	0	0	0	650	452.414	400.000	290.857	524	40	445	2	5	685	47	0	0		0.9740	1.0000
3.8.1	repositorio.NanoStep 1.0	weak		7	true	35	5024.000	54.000	35	1750.000	0.000	2437.000	54.000	12	14998	0.259	0.683	99.314	35	0	0	0.280	0.006	20	644	3	627	626	1	15	0	0	0	37	0	582	T?/M?	live	0	0	0	650	428.714	400.000	278.514	441	62	417	3	6	627	36	0	0		0.9894	1.0000
3.8.1	repositorio.NanoStep 1.0	weak		8	true	35	5080.000	64.000	35	1750.000	0.000	2483.000	64.000	14	15013	0.249	0.718	14.148	35	0	0	0.287	0.013	18	647	6	647	647	2	10	0	0	0	31	0	580	T?/M?	live	0	0	0	650	413.849	400.000	278.943	531	68	406	2	6	647	31	0	0		0.9876	1.0000
3.8.1	repositorio.NanoStep 1.0	weak		9	true	35	5109.000	256.000	35	1750.000	0.000	2503.000	255.000	9	15977	0.311	0.789	307.248	35	0	0	0.253	0.050	29	725	3	726	725	1	19	0	0	0	50	497	638	T?/M?	live	0	0	0	650	488.971	400.000	306.486	463	86	478	1	4	726	49	0	0		0.9523	1.0000
3.8.1	repositorio.NanoStep 1.0	weak		10	true	35	5114.000	117.000	35	1750.000	0.000	2512.000	112.000	13	14914	0.267	0.735	169.513	35	0	0	0.286	0.025	26	638	4	638	638	2	15	0	0	0	37	0	576	T?/M?	live	0	0	0	650	435.454	400.000	276.114	383	76	429	3	4	638	37	0	0		0.9776	1.0000
3.8.1	repositorio.NanoStep 1.0	weak		11	true	35	5000.000	210.000	35	1750.000	0.000	2417.000	210.000	11	16377	0.278	0.734	314.888	35	0	0	0.266	0.026	60	760	2	760	760	3	18	0	0	0	64	648	686	T?/M?	live	0	0	0	650	452.077	400.000	317.914	462	0	439	2	7	760	64	0	0		0.9597	1.0000
3.8.1	repositorio.NanoStep 1.0	weak		12	true	35	5214.000	422.000	35	1750.000	0.000	2595.000	422.000	13	16292	0.329	0.795	184.704	35	0	0	0.270	0.061	38	750	5	731	730	5	17	0	0	0	40	489	678	T?/M?	live	0	0	0	650	475.129	400.000	315.486	567	88	454	3	6	731	38	0	0		0.9251	1.0000
3.8.1	repositorio.NanoStep 1.0	weak		13	true	35	5314.000	341.000	35	1750.000	0.000	2678.000	341.000	11	14905	0.327	0.812	139.801	35	0	0	0.307	0.057	19	648	6	648	648	4	15	0	0	0	31	0	567	T?/M?	live	0	0	0	650	494.211	400.000	275.857	409	0	433	3	4	648	31	0	0		0.9397	1.0000
3.8.1	repositorio.NanoStep 1.0	weak		14	true	35	4771.000	290.000	34	1700.000	50.000	2280.000	228.000	12	18650	0.299	0.737	314.037	35	0	0	0.217	0.024	30	938	5	920	920	5	20	0	0	0	55	265	762	T?/M?	live	0	0	0	650	463.437	400.000	382.857	570	46	449	3	5	829	54	0	0		0.9427	0.9714
3.8.1	repositorio.NanoStep 1.0	weak		15	true	35	5020.000	46.000	35	1750.000	0.000	2434.000	45.000	12	14991	0.267	0.742	112.304	35	0	0	0.278	0.009	18	645	2	645	645	2	18	0	0	0	35	562	575	T?/M?	live	0	0	0	650	430.157	400.000	278.314	392	0	419	2	3	645	35	0	0		0.9909	1.0000
3.8.1	repositorio.NanoStep 1.0	weak		16	true	35	5094.000	331.000	34	1700.000	50.000	2545.000	259.000	15	14711	0.326	0.764	15.916	35	0	0	0.305	0.036	17	627	3	602	602	431	17	0	0	0	27	0	550	T?/M?	live	0	0	0	650	501.800	400.000	270.314	309	0	431	2	3	602	25	0	0		0.9390	0.9714
3.8.1	robar.nano.MosquitoPM 1.0	lower		1	true	35	4246.000	663.000	35	1750.000	0.000	1788.000	663.000	15	17636	0.393	0.899	14.704	35	0	0	0.190	0.065	87	749	3	751	747	7	20	0	0	0	55	0	789	T?/M?	live	0	0	0	650	448.337	400.000	353.886	624	218	367	3	6	751	54	0	0		0.8649	1.0000
3.8.1	robar.nano.MosquitoPM 1.0	lower		2	true	35	4057.000	585.000	35	1750.000	0.000	1631.000	585.000	11	18477	0.398	0.908	15.179	35	0	0	0.176	0.052	81	805	0	811	804	2	23	0	0	0	60	59	861	T?/M?	live	0	0	0	650	477.129	525.000	377.914	766	248	297	2	5	811	60	0	0		0.8740	1.0000
3.8.1	robar.nano.MosquitoPM 1.0	lower		3	true	35	3961.000	898.000	34	1700.000	50.000	1604.000	828.000	10	19513	0.450	0.972	296.632	35	0	0	0.176	0.067	101	864	2	866	863	2	21	0	0	0	59	154	960	T?/M?	live	0	0	0	650	449.569	400.000	407.514	578	394	266	1	198	866	59	0	0		0.8152	0.9714
3.8.1	robar.nano.MosquitoPM 1.0	lower		4	true	35	4078.000	970.000	34	1700.000	50.000	1698.000	903.000	14	18888	0.421	0.956	14.449	35	0	0	0.188	0.084	109	819	1	824	819	5	18	0	0	0	61	0	899	T?/M?	live	0	0	0	650	489.089	650.000	389.657	492	444	323	3	5	824	61	0	0		0.8078	0.9714
3.8.1	robar.nano.MosquitoPM 1.0	lower		5	true	35	3826.000	1063.000	32	1600.000	150.000	1594.000	849.000	13	18840	0.350	0.866	17.092	35	0	0	0.187	0.072	114	820	0	806	801	5	14	0	0	0	44	0	891	T?/M?	live	0	0	0	650	421.940	400.000	388.286	420	386	300	3	4	799	43	0	0		0.7826	0.9143
3.8.1	robar.nano.MosquitoPM 1.0	lower		6	true	35	3992.000	899.000	33	1650.000	100.000	1687.000	754.000	13	18431	0.449	0.963	14.426	35	0	0	0.182	0.067	88	805	1	807	803	5	23	0	0	0	48	609	862	T?/M?	live	0	0	0	650	491.037	400.000	376.600	655	206	274	2	6	807	48	0	0		0.8162	0.9429
3.8.1	robar.nano.MosquitoPM 1.0	lower		7	true	35	3888.000	911.000	33	1650.000	100.000	1591.000	774.000	11	18704	0.430	0.974	15.154	35	0	0	0.179	0.066	107	821	0	825	820	2	18	0	0	0	58	835	879	T?/M?	live	0	0	0	650	477.023	400.000	384.400	582	337	349	2	7	825	58	0	0		0.8102	0.9429
3.8.1	robar.nano.MosquitoPM 1.0	lower		8	true	35	4025.000	693.000	34	1700.000	50.000	1658.000	618.000	10	18201	0.344	0.800	24.314	35	0	0	0.190	0.055	107	792	1	793	792	1	18	0	0	0	61	77	842	T?/M?	live	0	0	0	650	432.857	400.000	370.029	614	217	330	2	113	793	61	0	0		0.8531	0.9714
3.8.1	robar.nano.MosquitoPM 1.0	lower		9	true	35	3924.000	878.000	33	1650.000	100.000	1625.000	728.000	10	18496	0.408	0.945	14.004	35	0	0	0.185	0.064	82	799	2	799	796	1	17	0	0	0	72	650	861	T?/M?	live	0	0	0	650	468.989	400.000	378.457	512	324	273	1	6	796	72	0	0		0.8172	0.9429
3.8.1	robar.nano.MosquitoPM 1.0	lower		10	true	35	4105.000	733.000	34	1700.000	50.000	1729.000	657.000	13	18102	0.397	0.908	51.239	35	0	0	0.179	0.060	79	782	2	783	782	4	12	0	0	0	45	0	830	T?/M?	live	0	0	0	650	449.969	400.000	367.200	695	320	319	2	4	783	45	0	0		0.8485	0.9714
3.8.1	robar.nano.MosquitoPM 1.0	lower		11	true	35	4053.000	678.000	35	1750.000	0.000	1628.000	678.000	15	18597	0.385	0.904	17.945	35	0	0	0.173	0.061	110	808	1	809	807	7	19	0	0	0	60	0	866	T?/M?	live	0	0	0	650	467.049	400.000	381.343	549	299	311	3	6	809	60	0	0		0.8567	1.0000
3.8.1	robar.nano.MosquitoPM 1.0	lower		12	true	35	4057.000	628.000	35	1750.000	0.000	1631.000	628.000	10	18721	0.400	0.925	60.564	35	0	0	0.183	0.056	99	822	2	823	821	2	14	0	0	0	58	208	894	T?/M?	live	0	0	0	650	456.280	400.000	384.886	688	289	234	2	4	823	58	0	0		0.8660	1.0000
3.8.1	robar.nano.MosquitoPM 1.0	lower		13	true	35	4094.000	908.000	35	1750.000	0.000	1662.000	908.000	14	19598	0.418	0.979	15.042	35	0	0	0.173	0.075	102	867	2	872	866	9	26	0	0	0	59	216	957	T?/M?	live	0	0	0	650	493.411	625.000	409.943	586	480	259	2	6	872	58	0	0		0.8185	1.0000
3.8.1	robar.nano.MosquitoPM 1.0	lower		14	true	35	3993.000	843.000	34	1700.000	50.000	1630.000	771.000	12	18886	0.458	0.999	15.257	35	0	0	0.183	0.062	103	831	1	831	831	5	22	0	0	0	55	0	909	T?/M?	live	0	0	0	650	501.517	400.000	389.600	570	379	295	2	6	831	55	0	0		0.8257	0.9714
3.8.1	robar.nano.MosquitoPM 1.0	lower		15	true	35	4040.000	816.000	34	1700.000	50.000	1673.000	742.000	13	18885	0.434	0.945	16.058	35	0	0	0.184	0.072	95	828	0	812	809	6	22	0	0	0	53	512	891	T?/M?	live	0	0	0	650	480.694	400.000	389.571	459	402	370	3	7	812	53	0	0		0.8320	0.9714
3.8.1	robar.nano.MosquitoPM 1.0	lower		16	true	35	4214.000	809.000	33	1650.000	100.000	1864.000	670.000	14	16964	0.398	0.933	16.895	35	0	0	0.208	0.066	63	710	2	711	710	4	18	0	0	0	55	490	737	T?/M?	live	0	0	0	650	409.506	400.000	334.686	659	193	349	2	5	711	55	0	0		0.8389	0.9429
3.8.1	robar.nano.Scytodes 0.3	weak		1	true	35	5277.000	329.000	35	1750.000	0.000	2648.000	329.000	14	11646	0.274	0.746	634.982	35	0	0	0.478	0.060	9	342	2	326	324	3	15	0	0	0	28	144	372	T?/M?	live	0	0	0	650	407.674	400.000	182.743	530	109	234	3	5	326	28	0	0		0.9413	1.0000
3.8.1	robar.nano.Scytodes 0.3	weak		2	true	35	5378.000	336.000	35	1750.000	0.000	2732.000	336.000	12	11226	0.248	0.762	641.121	35	0	0	0.512	0.057	8	315	1	315	315	2	9	0	0	0	29	149	337	T?/M?	live	0	0	0	650	372.900	400.000	170.743	424	94	232	3	6	315	29	0	0		0.9412	1.0000
3.8.1	robar.nano.Scytodes 0.3	weak		3	true	35	5257.000	256.000	35	1750.000	0.000	2631.000	256.000	12	11521	0.271	0.791	526.045	35	0	0	0.477	0.046	6	333	3	335	333	3	10	0	0	0	30	343	355	T?/M?	live	0	0	0	650	413.097	400.000	179.171	430	115	250	2	6	335	30	0	0		0.9536	1.0000
3.8.1	robar.nano.Scytodes 0.3	weak		4	true	35	5286.000	305.000	35	1750.000	0.000	2655.000	305.000	15	11536	0.295	0.801	10.162	35	0	0	0.510	0.054	11	337	3	320	319	1	8	0	0	0	28	0	366	T?/M?	live	0	0	0	650	404.366	400.000	179.600	410	167	235	3	2	320	26	0	0		0.9454	1.0000
3.8.1	robar.nano.Scytodes 0.3	weak		5	true	35	5265.000	272.000	35	1750.000	0.000	2638.000	272.000	13	11515	0.273	0.757	10.452	35	0	0	0.503	0.047	22	331	3	315	313	4	17	0	0	0	27	146	365	T?/M?	live	0	0	0	650	385.163	400.000	179.000	505	157	225	3	4	315	25	0	0		0.9509	1.0000
3.8.1	robar.nano.Scytodes 0.3	weak		6	true	35	5223.000	519.000	34	1700.000	50.000	2656.000	444.000	17	11748	0.289	0.795	10.564	35	0	0	0.493	0.179	8	348	4	321	319	5	12	0	0	0	20	325	378	T?/M?	live	0	0	0	650	391.229	400.000	185.657	479	121	228	3	4	321	19	0	0		0.9096	0.9714
3.8.1	robar.nano.Scytodes 0.3	weak		7	true	35	5362.000	320.000	35	1750.000	0.000	2718.000	320.000	14	11166	0.274	0.805	9.993	35	0	0	0.520	0.061	8	314	2	318	313	3	13	0	0	0	29	0	333	T?/M?	live	0	0	0	650	386.869	400.000	169.029	538	77	231	3	3	318	29	0	0		0.9437	1.0000
3.8.1	robar.nano.Scytodes 0.3	weak		8	true	35	5329.000	335.000	35	1750.000	0.000	2691.000	335.000	11	11356	0.271	0.799	11.328	35	0	0	0.492	0.061	15	324	1	329	324	1	21	0	0	0	20	0	347	T?/M?	live	0	0	0	650	388.114	400.000	174.457	505	105	239	2	6	329	20	0	0		0.9409	1.0000
3.8.1	robar.nano.Scytodes 0.3	weak		9	true	35	5331.000	384.000	35	1750.000	0.000	2692.000	384.000	10	11578	0.285	0.855	9.880	35	0	0	0.487	0.058	8	337	1	339	337	2	11	0	0	0	34	348	363	T?/M?	live	0	0	0	650	402.011	400.000	180.800	444	185	246	1	5	339	34	0	0		0.9328	1.0000
3.8.1	robar.nano.Scytodes 0.3	weak		10	true	35	5245.000	550.000	34	1700.000	50.000	2671.000	472.000	15	11675	0.274	0.818	18.780	35	0	0	0.481	0.131	6	337	1	322	319	3	8	0	0	0	24	0	374	T?/M?	live	0	0	0	650	421.863	400.000	183.571	442	268	228	3	3	322	23	0	0		0.9051	0.9714
3.8.1	robar.nano.Scytodes 0.3	weak		11	true	35	5317.000	240.000	35	1750.000	0.000	2681.000	240.000	11	11213	0.273	0.813	9.847	35	0	0	0.504	0.042	11	315	1	315	315	3	10	0	0	0	27	0	335	T?/M?	live	0	0	0	650	414.686	400.000	170.371	451	117	233	2	3	315	27	0	0		0.9568	1.0000
3.8.1	robar.nano.Scytodes 0.3	weak		12	true	35	5315.000	364.000	35	1750.000	0.000	2679.000	362.000	10	11522	0.278	0.810	13.179	35	0	0	0.468	0.063	7	329	5	337	329	2	11	0	0	0	26	83	359	T?/M?	live	0	0	0	650	381.157	400.000	179.200	393	177	252	3	5	337	26	0	0		0.9359	1.0000
3.8.1	robar.nano.Scytodes 0.3	weak		13	true	35	5347.000	404.000	35	1750.000	0.000	2706.000	404.000	11	11547	0.278	0.811	10.373	35	0	0	0.480	0.072	8	334	0	338	334	2	11	0	0	0	33	227	355	T?/M?	live	0	0	0	650	380.026	400.000	179.914	414	86	258	2	3	338	33	0	0		0.9298	1.0000
3.8.1	robar.nano.Scytodes 0.3	weak		14	true	35	5338.000	416.000	35	1750.000	0.000	2699.000	416.000	14	11616	0.283	0.786	9.232	35	0	0	0.494	0.081	11	337	3	322	318	5	16	0	0	0	20	0	366	T?/M?	live	0	0	0	650	390.220	400.000	181.886	511	158	236	3	3	322	17	0	0		0.9277	1.0000
3.8.1	robar.nano.Scytodes 0.3	weak		15	true	35	5220.000	447.000	34	1700.000	50.000	2652.000	372.000	14	11716	0.274	0.775	8.537	35	0	0	0.497	0.065	13	344	4	327	326	4	16	0	0	0	30	254	383	T?/M?	live	0	0	0	650	394.174	400.000	184.743	528	98	233	3	4	327	30	0	0		0.9211	0.9714
3.8.1	robar.nano.Scytodes 0.3	weak		16	true	35	5252.000	272.000	35	1750.000	0.000	2626.000	272.000	12	11536	0.277	0.770	9.631	35	0	0	0.488	0.046	11	334	3	321	316	6	7	0	0	0	35	145	360	T?/M?	live	0	0	0	650	387.554	400.000	179.600	524	74	233	3	4	321	35	0	0		0.9508	1.0000
3.8.1	sadoner.killer 0.2	weak		1	true	35	4296.000	655.000	33	1650.000	100.000	1937.000	516.000	14	17810	0.307	0.745	11.815	35	0	0	0.200	0.063	13	787	2	787	787	16	11	0	0	0	60	0	789	T?/M?	live	0	0	0	650	299.037	400.000	358.857	842	0	350	3	4	787	60	0	0		0.8677	0.9429
3.8.1	sadoner.killer 0.2	weak		2	true	35	4517.000	1245.000	32	1600.000	150.000	2184.000	1024.000	14	17385	0.368	0.902	15.608	35	0	0	0.212	0.111	10	751	2	733	733	6	11	0	0	0	59	450	730	T?/M?	live	0	0	0	650	294.014	650.000	346.714	561	0	462	3	6	727	56	0	0		0.7839	0.9143
3.8.1	sadoner.killer 0.2	weak		3	true	35	4389.000	784.000	33	1650.000	100.000	2019.000	649.000	11	17870	0.349	0.808	14.037	35	0	0	0.201	0.072	6	779	3	779	779	3	12	0	0	0	60	757	775	T?/M?	live	0	0	0	650	292.683	400.000	360.571	689	0	345	1	1070	763	60	0	0		0.8484	0.9429
3.8.1	sadoner.killer 0.2	weak		4	true	35	4287.000	938.000	32	1600.000	150.000	1997.000	713.000	16	18066	0.334	0.775	14.232	35	0	0	0.197	0.094	10	794	0	775	774	5	15	0	0	0	60	488	785	T?/M?	live	0	0	0	650	286.457	400.000	366.171	763	7	354	3	6	751	60	0	0		0.8205	0.9143
3.8.1	sadoner.killer 0.2	weak		5	true	35	4638.000	1000.000	33	1650.000	100.000	2225.000	857.000	12	17347	0.398	0.932	14.465	35	0	0	0.224	0.103	9	753	4	753	753	4	7	0	0	0	54	444	746	T?/M?	live	0	0	0	650	297.529	475.000	345.629	713	0	436	3	6	753	54	0	0		0.8226	0.9429
3.8.1	sadoner.killer 0.2	weak		6	true	35	4562.000	909.000	33	1650.000	100.000	2158.000	761.000	14	17091	0.309	0.766	72.214	35	0	0	0.220	0.236	10	738	7	705	705	4	13	0	0	0	59	328	732	T?/M?	live	0	0	0	650	297.423	400.000	338.314	626	0	398	3	4	705	56	0	0		0.8339	0.9429
3.8.1	sadoner.killer 0.2	weak		7	true	35	4188.000	1744.000	27	1350.000	400.000	2203.000	1164.000	13	17381	0.340	0.895	14.898	35	0	0	0.217	0.137	12	752	1	752	752	3	17	0	0	0	60	0	736	T?/M?	live	0	0	0	650	311.711	650.000	346.600	336	0	533	2	5	752	60	0	0		0.7060	0.7714
3.8.1	sadoner.killer 0.2	weak		8	true	35	4487.000	763.000	33	1650.000	100.000	2094.000	622.000	15	16449	0.356	0.853	21.020	35	0	0	0.216	0.082	10	691	1	691	691	5	11	0	0	0	57	672	688	T?/M?	live	0	0	0	650	298.637	400.000	319.971	566	0	383	2	4	691	57	0	0		0.8547	0.9429
3.8.1	sadoner.killer 0.2	weak		9	true	35	4483.000	839.000	33	1650.000	100.000	2102.000	691.000	13	17220	0.354	0.907	14.255	35	0	0	0.200	0.082	2	744	2	744	744	3	12	0	0	0	65	356	737	T?/M?	live	0	0	0	650	298.314	650.000	342.000	756	0	398	2	7	744	65	0	0		0.8424	0.9429
3.8.1	sadoner.killer 0.2	weak		10	true	35	4454.000	650.000	34	1700.000	50.000	2015.000	580.000	13	17377	0.306	0.702	15.456	35	0	0	0.208	0.065	7	740	4	721	721	6	7	0	0	0	53	0	721	T?/M?	live	0	0	0	650	287.900	400.000	346.486	426	0	409	3	3	692	51	0	0		0.8726	0.9714
3.8.1	sadoner.killer 0.2	weak		11	true	35	4767.000	531.000	35	1750.000	0.000	2208.000	525.000	12	15947	0.281	0.721	78.623	35	0	0	0.232	0.080	14	648	4	648	648	1	15	0	0	0	47	0	651	T?/M?	live	0	0	0	650	279.949	400.000	305.629	714	0	382	2	5	648	47	0	0		0.8998	1.0000
3.8.1	sadoner.killer 0.2	weak		12	true	35	4559.000	852.000	33	1650.000	100.000	2159.000	701.000	15	16791	0.321	0.786	99.581	35	0	0	0.220	0.106	5	708	1	691	690	6	9	0	0	0	44	0	679	T?/M?	live	0	0	0	650	288.800	400.000	329.743	578	11	396	3	4	663	42	0	0		0.8425	0.9429
3.8.1	sadoner.killer 0.2	weak		13	true	35	4688.000	578.000	35	1750.000	0.000	2156.000	578.000	12	16798	0.297	0.770	15.584	35	0	0	0.216	0.075	12	711	3	711	711	3	13	0	0	0	55	0	700	T?/M?	live	0	0	0	650	287.394	400.000	329.943	650	0	449	3	5	711	55	0	0		0.8902	1.0000
3.8.1	sadoner.killer 0.2	weak		14	true	35	4311.000	1163.000	31	1550.000	200.000	2070.000	876.000	13	17732	0.332	0.850	140.637	35	0	0	0.206	0.098	13	768	4	768	768	3	12	0	0	0	59	748	767	T?/M?	live	0	0	0	650	294.243	575.000	356.629	527	0	432	2	4	757	59	0	0		0.7875	0.8857
3.8.1	sadoner.killer 0.2	weak		15	true	35	4347.000	739.000	33	1650.000	100.000	1978.000	603.000	11	17661	0.313	0.733	68.192	35	0	0	0.204	0.072	8	769	4	769	769	2	15	0	0	0	55	0	763	T?/M?	live	0	0	0	650	291.403	400.000	354.600	680	0	413	3	5	760	55	0	0		0.8547	0.9429
3.8.1	sadoner.killer 0.2	weak		16	true	35	4449.000	1235.000	31	1550.000	200.000	2192.000	945.000	11	17377	0.304	0.828	435.225	35	0	0	0.203	0.118	11	750	5	750	750	4	14	0	0	0	46	0	729	T?/M?	live	0	0	0	650	306.626	650.000	346.486	579	0	512	2	5	744	46	0	0		0.7827	0.8857
3.8.1	sample.Target 1.0	weak		1	true	35	6254.000	0.000	35	1750.000	0.000	3462.000	0.000	14	15988	0.176	0.498	34.201	35	0	0	0.498	0.000	13	0	0	0	0	4	0	0	0	0	0	0	714	T?/M?	live	0	0	0	650	489.340	650.000	306.800	0	0	0	3	1	0	0	0	0		1.0000	1.0000
3.8.1	sample.Target 1.0	weak		2	true	35	6255.000	0.000	35	1750.000	0.000	3463.000	0.000	14	15454	0.168	0.516	12.169	35	0	0	0.519	0.000	14	0	0	0	0	2	0	0	0	0	0	0	680	T?/M?	live	0	0	0	650	486.683	650.000	291.543	0	39	0	3	2	0	0	0	0		1.0000	1.0000
3.8.1	sample.Target 1.0	weak		3	true	35	6275.000	0.000	35	1750.000	0.000	3480.000	0.000	11	15621	0.169	0.493	32.861	35	0	0	0.512	0.000	8	0	0	0	0	1	0	0	0	0	0	0	688	T?/M?	live	0	0	0	650	493.243	650.000	296.314	0	0	0	1	3	0	0	0	0		1.0000	1.0000
3.8.1	sample.Target 1.0	weak		4	true	35	6261.000	0.000	35	1750.000	0.000	3468.000	0.000	11	15701	0.177	0.515	9.968	35	0	0	0.509	0.000	14	0	0	0	0	3	0	0	0	0	0	0	692	T?/M?	live	0	0	0	650	504.303	650.000	298.600	0	0	0	3	1	0	0	0	0		1.0000	1.0000
3.8.1	sample.Target 1.0	weak		5	true	35	6239.000	0.000	35	1750.000	0.000	3450.000	0.000	13	15953	0.168	0.522	11.114	35	0	0	0.488	0.000	18	0	0	0	0	5	0	0	0	0	0	0	712	T?/M?	live	0	0	0	650	534.760	650.000	305.800	0	37	0	3	5	0	0	0	0		1.0000	1.0000
3.8.1	sample.Target 1.0	weak		6	true	35	6256.000	0.000	35	1750.000	0.000	3463.000	0.000	11	15823	0.179	0.528	12.616	35	0	0	0.495	0.000	14	0	0	0	0	4	0	0	0	0	0	0	703	T?/M?	live	0	0	0	650	487.617	650.000	302.086	0	0	0	2	3	0	0	0	0		1.0000	1.0000
3.8.1	sample.Target 1.0	weak		7	true	35	6248.000	0.000	35	1750.000	0.000	3457.000	0.000	12	16072	0.171	0.509	12.095	35	0	0	0.491	0.000	17	0	0	0	0	3	0	0	0	0	0	0	719	T?/M?	live	0	0	0	650	529.329	650.000	309.200	0	0	0	3	1	0	0	0	0		1.0000	1.0000
3.8.1	sample.Target 1.0	weak		8	true	35	6254.000	0.000	35	1750.000	0.000	3462.000	0.000	11	15503	0.181	0.526	10.840	35	0	0	0.516	0.000	15	0	0	0	0	1	0	0	0	0	0	0	679	T?/M?	live	0	0	0	650	484.406	650.000	292.943	0	0	0	1	114	0	0	0	0		1.0000	1.0000
3.8.1	sample.Target 1.0	weak		9	true	35	6220.000	0.000	35	1750.000	0.000	3433.000	0.000	10	15604	0.179	0.519	9.430	35	0	0	0.498	0.000	23	0	0	0	0	2	0	0	0	0	0	0	683	T?/M?	live	0	0	0	650	512.440	650.000	295.829	0	0	0	1	2	0	0	0	0		1.0000	1.0000
3.8.1	sample.Target 1.0	weak		10	true	35	6239.000	0.000	35	1750.000	0.000	3449.000	0.000	13	15760	0.177	0.511	8.803	35	0	0	0.508	0.000	18	0	0	0	0	1	0	0	0	0	0	0	699	T?/M?	live	0	0	0	650	521.126	650.000	300.286	0	0	0	3	3	0	0	0	0		1.0000	1.0000
3.8.1	sample.Target 1.0	weak		11	true	35	6262.000	0.000	35	1750.000	0.000	3469.000	0.000	10	15476	0.176	0.535	10.951	35	0	0	0.522	0.000	14	0	0	0	0	0	0	0	0	0	0	0	676	T?/M?	live	0	0	0	650	484.094	650.000	292.171	0	0	0	1	2	0	0	0	0		1.0000	1.0000
3.8.1	sample.Target 1.0	weak		12	true	35	6233.000	0.000	35	1750.000	0.000	3444.000	0.000	12	15318	0.164	0.522	12.152	35	0	0	0.513	0.000	21	0	0	0	0	3	0	0	0	0	0	0	665	T?/M?	live	0	0	0	650	508.737	650.000	287.657	0	0	0	3	2	0	0	0	0		1.0000	1.0000
3.8.1	sample.Target 1.0	weak		13	true	35	6245.000	0.000	35	1750.000	0.000	3455.000	0.000	12	15983	0.182	0.547	501.482	35	0	0	0.486	0.000	19	0	0	0	0	5	0	0	0	0	0	0	716	T?/M?	live	0	0	0	650	520.734	650.000	306.657	0	0	0	3	2	0	0	0	0		1.0000	1.0000
3.8.1	sample.Target 1.0	weak		14	true	35	6251.000	0.000	35	1750.000	0.000	3460.000	0.000	12	15738	0.178	0.542	368.871	35	0	0	0.496	0.000	15	0	0	0	0	4	0	0	0	0	0	0	692	T?/M?	live	0	0	0	650	512.380	650.000	299.657	0	0	0	3	2	0	0	0	0		1.0000	1.0000
3.8.1	sample.Target 1.0	weak		15	true	35	6255.000	0.000	35	1750.000	0.000	3463.000	0.000	10	15679	0.172	0.507	51.412	35	0	0	0.500	0.000	13	0	0	0	0	5	0	0	0	0	0	0	689	T?/M?	live	0	0	0	650	496.723	650.000	297.971	0	0	0	3	1	0	0	0	0		1.0000	1.0000
3.8.1	sample.Target 1.0	weak		16	true	35	6237.000	0.000	35	1750.000	0.000	3448.000	0.000	15	15432	0.170	0.511	65.860	35	0	0	0.521	0.000	18	0	0	0	0	6	0	0	0	0	0	0	672	T?/M?	live	0	0	0	650	520.226	650.000	290.914	0	0	0	2	3	0	0	0	0		1.0000	1.0000
3.8.1	wcsv.PowerHouse.PowerHouse 1.7e3	mid		1	true	35	2408.000	2011.000	24	1200.000	550.000	834.000	1248.000	18	32643	0.509	1.053	40.415	35	0	0	0.095	0.085	111	1897	18	1897	1897	11	19	0	0	0	212	1567	2146	T?/M?	live	0	0	0	650	464.554	650.000	782.657	1656	320	39	3	8	1897	212	0	0		0.5449	0.6857
3.8.1	wcsv.PowerHouse.PowerHouse 1.7e3	mid		2	true	35	3256.000	1527.000	29	1450.000	300.000	1288.000	1095.000	14	28275	0.519	1.014	81.918	35	0	0	0.114	0.076	40	1568	15	1568	1568	4	18	0	0	0	134	1607	1696	T?/M?	live	0	0	0	650	456.300	650.000	657.857	602	246	27	3	8	1568	134	0	0		0.6807	0.8286
3.8.1	wcsv.PowerHouse.PowerHouse 1.7e3	mid		3	true	35	3040.000	1231.000	30	1500.000	250.000	1050.000	886.000	8	29719	0.493	0.970	43.957	34	0	0	0.107	0.063	81	1690	10	1690	1690	3	17	0	0	0	168	1233	1806	T?/M?	live	0	0	0	650	469.882	650.000	703.206	1115	210	27	2	124	1652	168	0	0		0.7118	0.8571
3.8.1	wcsv.PowerHouse.PowerHouse 1.7e3	mid		4	true	35	2765.000	1819.000	27	1350.000	400.000	985.000	1255.000	21	32515	0.554	1.030	12.521	35	0	0	0.108	0.079	121	1894	13	1894	1894	6	22	0	0	0	201	1512	2145	T?/M?	live	0	0	0	650	469.626	650.000	779.000	1286	254	0	2	8	1894	201	0	0		0.6032	0.7714
3.8.1	wcsv.PowerHouse.PowerHouse 1.7e3	mid		5	true	35	3109.000	1477.000	30	1500.000	250.000	1122.000	1115.000	11	31568	0.550	1.024	20.017	35	0	0	0.109	0.076	84	1833	14	1833	1833	4	16	0	0	0	164	1974	1991	T?/M?	live	0	0	0	650	464.166	650.000	751.943	785	189	19	2	7	1832	164	0	0		0.6779	0.8571
3.8.1	wcsv.PowerHouse.PowerHouse 1.7e3	mid		6	true	35	2548.000	1949.000	25	1250.000	500.000	899.000	1238.000	18	32000	0.577	1.060	13.222	35	0	0	0.103	0.080	109	1846	13	1846	1846	8	21	0	0	0	182	1994	2065	T?/M?	live	0	0	0	650	471.880	650.000	764.286	638	232	0	2	7	1846	181	0	0		0.5666	0.7143
3.8.1	wcsv.PowerHouse.PowerHouse 1.7e3	mid		7	true	35	2821.000	1639.000	29	1450.000	300.000	917.000	1211.000	18	33107	0.547	1.028	13.755	35	0	0	0.104	0.080	116	1944	15	1944	1944	11	12	0	0	0	195	2127	2193	T?/M?	live	0	0	0	650	466.303	650.000	795.914	1906	244	16	3	6	1938	195	0	0		0.6325	0.8286
3.8.1	wcsv.PowerHouse.PowerHouse 1.7e3	mid		8	true	35	2908.000	1640.000	29	1450.000	300.000	986.000	1221.000	17	32352	0.541	1.043	13.459	35	0	0	0.110	0.086	116	1861	21	1861	1861	7	14	0	0	0	196	1586	2103	T?/M?	live	0	0	0	650	460.917	650.000	774.343	1005	458	35	2	724	1861	196	0	0		0.6394	0.8286
3.8.1	wcsv.PowerHouse.PowerHouse 1.7e3	mid		9	true	35	3003.000	1352.000	30	1500.000	250.000	1021.000	991.000	11	30997	0.555	1.036	12.689	35	0	0	0.107	0.069	96	1768	16	1768	1768	4	21	0	0	0	170	1264	1969	T?/M?	live	0	0	0	650	470.380	650.000	735.629	1470	320	19	1	159	1758	167	0	0		0.6896	0.8571
3.8.1	wcsv.PowerHouse.PowerHouse 1.7e3	mid		10	true	35	2783.000	1589.000	29	1450.000	300.000	888.000	1168.000	11	33637	0.531	1.031	14.483	34	0	0	0.104	0.078	136	1998	11	1997	1997	7	20	0	0	0	179	1751	2197	T?/M?	live	0	0	0	650	458.756	650.000	815.588	1819	217	23	3	6	1952	178	0	0		0.6366	0.8286
3.8.1	wcsv.PowerHouse.PowerHouse 1.7e3	mid		11	true	35	3069.000	1514.000	28	1400.000	350.000	1169.000	1024.000	13	28545	0.524	0.994	23.228	35	0	0	0.111	0.070	59	1604	7	1604	1604	4	16	0	0	0	152	1368	1714	T?/M?	live	0	0	0	650	462.720	650.000	665.571	667	74	22	2	14	1598	152	0	0		0.6696	0.8000
3.8.1	wcsv.PowerHouse.PowerHouse 1.7e3	mid		12	true	35	2840.000	1632.000	29	1450.000	300.000	937.000	1199.000	15	32841	0.554	1.041	12.448	35	0	0	0.107	0.080	126	1928	13	1908	1908	5	23	0	0	0	199	2028	2139	T?/M?	live	0	0	0	650	458.406	650.000	788.314	1269	236	26	3	8	1893	198	0	0		0.6351	0.8286
3.8.1	wcsv.PowerHouse.PowerHouse 1.7e3	mid		13	true	35	2784.000	1639.000	28	1400.000	350.000	941.000	1143.000	14	31586	0.556	1.054	54.744	35	0	0	0.102	0.076	93	1822	10	1822	1822	6	21	0	0	0	171	1887	1993	T?/M?	live	0	0	0	650	465.689	650.000	752.457	692	295	44	3	7	1810	171	0	0		0.6294	0.8000
3.8.1	wcsv.PowerHouse.PowerHouse 1.7e3	mid		14	true	35	2767.000	1520.000	28	1400.000	350.000	926.000	1033.000	17	30546	0.537	1.042	12.029	35	0	0	0.105	0.074	98	1745	8	1744	1744	11	14	0	0	0	172	1882	1935	T?/M?	live	0	0	0	650	461.583	650.000	722.743	1492	164	12	2	4	1744	172	0	0		0.6454	0.8000
3.8.1	wcsv.PowerHouse.PowerHouse 1.7e3	mid		15	true	35	2899.000	1645.000	29	1450.000	300.000	980.000	1229.000	15	32829	0.529	1.013	12.752	35	0	0	0.104	0.078	109	1921	12	1921	1920	17	21	0	0	0	190	1994	2111	T?/M?	live	0	0	0	650	464.626	650.000	787.971	516	271	15	2	10	1918	189	0	0		0.6380	0.8286
3.8.1	wcsv.PowerHouse.PowerHouse 1.7e3	mid		16	true	35	2691.000	1912.000	25	1250.000	500.000	1014.000	1201.000	17	30475	0.521	1.028	12.050	35	0	0	0.110	0.078	100	1744	9	1744	1744	10	13	0	0	0	169	1838	1901	T?/M?	live	0	0	0	650	467.397	650.000	720.714	505	165	2	2	8	1737	169	0	0		0.5846	0.7143
3.8.1	yk.JahMicro 1.0	weak		1	true	35	5065.000	535.000	33	1650.000	100.000	2584.000	401.000	20	27760	0.323	0.826	599.758	34	0	0	0.183	0.075	77	1010	1	982	982	7	17	0	0	0	79	0	1403	T?/M?	live	0	0	0	650	486.088	400.000	627.647	229	0	726	1	4	950	79	0	0		0.9045	0.9429
3.8.1	yk.JahMicro 1.0	weak		2	true	35	5279.000	312.000	34	1700.000	50.000	2705.000	247.000	13	23826	0.321	0.801	740.894	35	0	0	0.201	0.067	56	860	0	860	860	5	10	0	0	0	69	0	1208	T?/M?	live	0	0	0	650	475.777	400.000	530.743	109	10	740	3	6	860	69	0	0		0.9442	0.9714
3.8.1	yk.JahMicro 1.0	weak		3	true	35	5424.000	454.000	34	1700.000	50.000	2826.000	389.000	16	22541	0.320	0.843	526.200	35	0	0	0.221	0.092	54	784	0	784	784	5	14	0	0	0	53	871	1109	T?/M?	live	0	0	0	650	448.346	400.000	494.029	135	14	704	2	5	784	53	0	0		0.9228	0.9714
3.8.1	yk.JahMicro 1.0	weak		4	true	35	5291.000	451.000	33	1650.000	100.000	2778.000	327.000	15	22997	0.317	0.807	738.674	35	0	0	0.192	0.088	26	789	0	780	776	6	16	0	0	0	70	438	1128	T?/M?	live	0	0	0	650	459.323	400.000	507.057	212	6	719	3	4	779	70	0	0		0.9215	0.9429
3.8.1	yk.JahMicro 1.0	weak		5	true	35	5489.000	381.000	35	1750.000	0.000	2824.000	380.000	18	23229	0.329	0.849	580.414	35	0	0	0.200	0.092	31	832	1	819	819	11	11	0	0	0	61	0	1141	T?/M?	live	0	0	0	650	487.326	550.000	513.686	110	0	749	3	6	818	61	0	0		0.9351	1.0000
3.8.1	yk.JahMicro 1.0	weak		6	true	35	5255.000	491.000	33	1650.000	100.000	2748.000	356.000	18	23760	0.323	0.812	18.075	35	0	0	0.190	0.132	21	834	0	812	804	6	13	0	0	0	71	0	1180	T?/M?	live	0	0	0	650	477.866	650.000	528.857	177	0	707	3	6	812	69	0	0		0.9145	0.9429
3.8.1	yk.JahMicro 1.0	weak		7	true	35	5079.000	503.000	33	1650.000	100.000	2593.000	378.000	16	25428	0.319	0.784	94.833	35	0	0	0.175	0.075	48	966	2	951	951	5	13	0	0	0	98	792	1301	T?/M?	live	0	0	0	650	466.123	400.000	576.514	251	12	732	3	6	951	97	0	0		0.9099	0.9429
3.8.1	yk.JahMicro 1.0	weak		8	true	35	5046.000	543.000	32	1600.000	150.000	2628.000	346.000	14	24543	0.326	0.844	17.660	35	0	0	0.181	0.082	42	938	0	938	938	5	6	0	0	0	74	609	1246	T?/M?	live	0	0	0	650	481.463	400.000	551.229	160	0	748	2	5	938	73	0	0		0.9028	0.9143
3.8.1	yk.JahMicro 1.0	weak		9	true	35	5058.000	486.000	32	1600.000	150.000	2632.000	293.000	13	25949	0.313	0.794	31.995	35	0	0	0.194	0.074	93	902	0	903	902	3	25	0	0	0	63	0	1357	T?/M?	live	0	0	0	650	484.511	400.000	591.400	180	13	747	1	9	892	63	0	0		0.9123	0.9143
3.8.1	yk.JahMicro 1.0	weak		10	true	35	5008.000	590.000	32	1600.000	150.000	2599.000	398.000	15	26667	0.320	0.816	66.949	35	0	0	0.187	0.090	88	940	1	932	925	5	21	0	0	0	84	59	1427	T?/M?	live	0	0	0	650	472.014	400.000	611.914	192	1	683	3	5	931	83	0	0		0.8946	0.9143
3.8.1	yk.JahMicro 1.0	weak		11	true	35	5336.000	364.000	34	1700.000	50.000	2749.000	300.000	11	23180	0.281	0.759	40.196	35	0	0	0.207	0.078	53	777	1	786	777	1	13	0	0	0	63	0	1150	T?/M?	live	0	0	0	650	436.820	400.000	512.286	194	18	678	1	8	776	63	0	0		0.9361	0.9714
3.8.1	yk.JahMicro 1.0	weak		12	true	35	5002.000	639.000	31	1550.000	200.000	2648.000	391.000	12	26773	0.285	0.745	80.627	35	0	0	0.195	0.079	103	891	2	902	891	2	20	0	0	0	80	1187	1411	T?/M?	live	0	0	0	650	443.923	400.000	614.943	209	30	737	2	6	901	80	0	0		0.8867	0.8857
3.8.1	yk.JahMicro 1.0	weak		13	true	35	5363.000	304.000	35	1750.000	0.000	2719.000	304.000	26	23239	0.296	0.768	17.310	35	0	0	0.194	0.073	36	860	0	846	846	5	12	0	0	0	65	11	1145	T?/M?	live	0	0	0	650	457.891	400.000	513.971	127	0	750	3	6	846	65	0	0		0.9464	1.0000
3.8.1	yk.JahMicro 1.0	weak		14	true	35	5232.000	310.000	34	1700.000	50.000	2668.000	248.000	28	24065	0.274	0.698	17.055	35	0	0	0.211	0.058	80	810	1	795	795	7	12	0	0	0	65	0	1233	T?/M?	live	0	0	0	650	431.060	400.000	537.571	191	23	667	3	5	794	63	0	0		0.9441	0.9714
3.8.1	yk.JahMicro 1.0	weak		15	true	35	5211.000	348.000	34	1700.000	50.000	2653.000	288.000	11	24042	0.291	0.741	19.171	35	0	0	0.191	0.063	43	869	0	879	869	2	14	0	0	0	72	709	1204	T?/M?	live	0	0	0	650	449.774	400.000	536.914	221	0	723	2	5	878	72	0	0		0.9374	0.9714
3.8.1	yk.JahMicro 1.0	weak		16	true	35	5176.000	361.000	33	1650.000	100.000	2677.000	240.000	11	23470	0.285	0.743	43.504	35	0	0	0.221	0.057	51	808	1	808	808	3	12	0	0	0	74	556	1146	T?/M?	live	0	0	0	650	442.403	400.000	520.571	65	0	659	2	4	807	74	0	0		0.9348	0.9429
3.7	RobotMarco.MarcoV 0.1	weak		1	true	35	5924.000	0.000	35	1750.000	0.000	3187.000	0.000	11	14270	0.214	0.676	12.204	35	0	0	0.440	0.000	0	105	0	105	105	3	2	0	0	0	8	0	549	T?/M?	live	0	0	0	650	408.377	400.000	257.714	51	4	279	2	3	105	8	0	0		1.0000	1.0000
3.7	RobotMarco.MarcoV 0.1	weak		2	true	35	5930.000	0.000	35	1750.000	0.000	3192.000	0.000	16	14269	0.228	0.643	104.082	35	0	0	0.422	0.000	0	103	1	99	99	5	2	0	0	0	2	0	541	T?/M?	live	0	0	0	650	413.229	400.000	257.686	78	2	319	3	4	99	2	0	0		1.0000	1.0000
3.7	RobotMarco.MarcoV 0.1	weak		3	true	35	5923.000	112.000	35	1750.000	0.000	3186.000	112.000	12	15461	0.239	0.693	104.240	35	0	0	0.394	0.034	0	125	1	125	125	1	0	0	0	0	9	0	619	T?/M?	live	0	0	0	650	435.106	400.000	291.743	89	2	356	2	5	125	9	0	0		0.9814	1.0000
3.7	RobotMarco.MarcoV 0.1	weak		4	true	35	5918.000	0.000	35	1750.000	0.000	3182.000	0.000	14	14689	0.191	0.586	9.376	35	0	0	0.389	0.000	0	106	0	102	102	6	3	0	0	0	4	0	564	T?/M?	live	0	0	0	650	410.877	400.000	269.686	125	0	357	3	4	102	4	0	0		1.0000	1.0000
3.7	RobotMarco.MarcoV 0.1	weak		5	true	35	5973.000	1.000	35	1750.000	0.000	3227.000	0.000	14	13522	0.196	0.617	216.508	35	0	0	0.446	0.000	0	91	1	91	91	6	4	0	0	0	5	0	493	T?/M?	live	0	0	0	650	408.060	400.000	236.343	60	12	298	2	2	91	5	0	0		0.9998	1.0000
3.7	RobotMarco.MarcoV 0.1	weak		6	true	35	5882.000	0.000	35	1750.000	0.000	3151.000	0.000	12	14896	0.213	0.654	55.948	35	0	0	0.389	0.000	0	117	1	117	117	2	4	0	0	0	5	0	582	T?/M?	live	0	0	0	650	415.943	400.000	275.600	160	29	362	3	3	117	5	0	0		1.0000	1.0000
3.7	RobotMarco.MarcoV 0.1	weak		7	true	35	5954.000	0.000	35	1750.000	0.000	3212.000	0.000	13	14405	0.213	0.615	212.912	35	0	0	0.425	0.000	0	96	0	95	95	3	2	0	0	0	4	0	550	T?/M?	live	0	0	0	650	398.709	400.000	261.571	71	0	329	3	3	95	4	0	0		1.0000	1.0000
3.7	RobotMarco.MarcoV 0.1	weak		8	true	35	5949.000	81.000	35	1750.000	0.000	3208.000	80.000	10	14390	0.226	0.673	291.832	35	0	0	0.392	0.034	1	113	0	113	113	1	4	0	0	0	5	0	544	T?/M?	live	0	0	0	650	413.694	400.000	261.143	84	6	368	2	7	113	5	0	0		0.9866	1.0000
3.7	RobotMarco.MarcoV 0.1	weak		9	true	35	5953.000	0.000	35	1750.000	0.000	3211.000	0.000	11	13931	0.208	0.641	262.812	35	0	0	0.420	0.000	0	97	0	97	97	2	4	0	0	0	4	0	509	T?/M?	live	0	0	0	650	419.440	400.000	248.029	81	1	334	2	5	97	4	0	0		1.0000	1.0000
3.7	RobotMarco.MarcoV 0.1	weak		10	true	35	5886.000	0.000	35	1750.000	0.000	3155.000	0.000	13	14724	0.212	0.654	238.385	35	0	0	0.366	0.000	0	116	0	116	116	4	0	0	0	0	6	0	569	T?/M?	live	0	0	0	650	433.151	400.000	270.686	151	30	368	3	4	116	6	0	0		1.0000	1.0000
3.7	RobotMarco.MarcoV 0.1	weak		11	true	35	5871.000	0.000	35	1750.000	0.000	3143.000	0.000	58	14879	0.228	0.679	11.155	35	0	0	0.397	0.000	0	121	0	121	121	2	1	0	0	0	10	0	587	T?/M?	live	0	0	0	650	434.609	400.000	275.114	148	51	330	2	4	121	10	0	0		1.0000	1.0000
3.7	RobotMarco.MarcoV 0.1	weak		12	true	35	5905.000	0.000	35	1750.000	0.000	3171.000	0.000	16	15170	0.215	0.659	12.575	35	0	0	0.360	0.000	0	110	1	110	110	4	2	0	0	0	7	0	597	T?/M?	live	0	0	0	650	450.394	400.000	283.429	148	31	386	3	2	110	7	0	0		1.0000	1.0000
3.7	RobotMarco.MarcoV 0.1	weak		13	true	35	5796.000	186.000	34	1700.000	50.000	3143.000	111.000	77	14897	0.255	0.700	14.855	35	0	0	0.390	0.038	0	124	0	121	121	5	4	0	0	0	5	0	584	T?/M?	live	0	0	0	650	424.449	400.000	275.629	127	23	365	3	1	121	4	0	0		0.9689	0.9714
3.7	RobotMarco.MarcoV 0.1	weak		14	true	35	5850.000	33.000	35	1750.000	0.000	3125.000	32.000	12	15289	0.208	0.619	14.929	35	0	0	0.395	0.057	1	130	1	125	125	5	5	0	0	0	8	0	609	T?/M?	live	0	0	0	650	431.349	400.000	286.829	128	0	353	3	4	125	8	0	0		0.9944	1.0000
3.7	RobotMarco.MarcoV 0.1	weak		15	true	35	5857.000	16.000	35	1750.000	0.000	3131.000	16.000	13	14894	0.208	0.613	13.405	35	0	0	0.395	0.007	0	127	1	124	124	3	3	0	0	0	8	0	587	T?/M?	live	0	0	0	650	423.326	400.000	275.543	115	49	344	3	4	124	8	0	0		0.9973	1.0000
3.7	RobotMarco.MarcoV 0.1	weak		16	true	35	5970.000	0.000	35	1750.000	0.000	3225.000	0.000	10	14293	0.209	0.638	10.728	35	0	0	0.419	0.000	0	91	1	91	90	46	1	0	0	0	4	0	545	T?/M?	live	0	0	0	650	415.637	400.000	258.371	38	0	325	2	5	90	4	0	0		1.0000	1.0000
3.7	ags.Midboss 1q.fast	mid		1	true	35	3907.000	1185.000	32	1600.000	150.000	1671.000	974.000	25	33536	0.701	1.341	51.364	35	0	0	0.139	0.090	114	2093	3	2093	2093	15	19	0	0	0	197	1994	2142	T?/M?	live	0	0	0	650	412.566	650.000	808.171	796	84	165	2	3	2093	196	0	0		0.7673	0.9143
3.7	ags.Midboss 1q.fast	mid		2	true	35	3684.000	1348.000	29	1450.000	300.000	1643.000	921.000	17	31747	0.690	1.330	182.590	34	0	0	0.137	0.077	98	1955	8	1954	1954	12	33	0	0	0	186	1850	1914	T?/M?	live	0	0	0	650	408.900	650.000	760.941	705	113	171	2	48	1911	185	0	0		0.7321	0.8286
3.7	ags.Midboss 1q.fast	mid		3	true	35	3391.000	1597.000	28	1400.000	350.000	1441.000	1101.000	29	32516	0.736	1.359	39.853	35	0	0	0.132	0.090	133	2009	7	2009	2009	13	26	0	0	0	191	1556	2064	T?/M?	live	0	0	0	650	405.783	650.000	779.029	637	70	144	3	40	2009	191	0	0		0.6798	0.8000
3.7	ags.Midboss 1q.fast	mid		4	true	35	3768.000	1148.000	31	1550.000	200.000	1604.000	869.000	23	28666	0.729	1.366	33.128	35	0	0	0.141	0.076	82	1675	8	1675	1675	12	32	0	0	0	155	1547	1705	T?/M?	live	0	0	0	650	413.349	625.000	669.029	754	178	209	3	13	1675	154	0	0		0.7665	0.8857
3.7	ags.Midboss 1q.fast	mid		5	true	35	3753.000	1129.000	32	1600.000	150.000	1542.000	916.000	30	33257	0.689	1.303	52.658	35	0	0	0.120	0.094	83	2083	6	2036	2036	19	21	0	0	0	206	2015	2078	T?/M?	live	0	0	0	650	414.074	650.000	800.200	598	98	31	3	14	2028	204	0	0		0.7687	0.9143
3.7	ags.Midboss 1q.fast	mid		6	true	35	3285.000	1729.000	27	1350.000	400.000	1414.000	1150.000	28	31767	0.743	1.364	42.378	35	0	0	0.133	0.090	111	1936	8	1936	1936	17	38	0	0	0	173	1782	1994	T?/M?	live	0	0	0	650	407.980	650.000	757.629	415	70	90	2	8	1933	173	0	0		0.6552	0.7714
3.7	ags.Midboss 1q.fast	mid		7	true	35	3574.000	1662.000	28	1400.000	350.000	1606.000	1145.000	28	27597	0.700	1.335	47.035	35	0	0	0.144	0.101	79	1587	5	1562	1562	16	33	0	0	0	116	1287	1627	T?/M?	live	0	0	0	650	409.314	650.000	638.486	606	75	236	3	22	1561	113	0	0		0.6826	0.8000
3.7	ags.Midboss 1q.fast	mid		8	true	35	3809.000	1155.000	32	1600.000	150.000	1584.000	940.000	24	33893	0.744	1.365	54.815	35	0	0	0.137	0.092	121	2152	7	2152	2152	15	35	0	0	0	215	1926	2179	T?/M?	live	0	0	0	650	410.986	650.000	818.371	742	100	97	3	58	2152	215	0	0		0.7673	0.9143
3.7	ags.Midboss 1q.fast	mid		9	true	35	3861.000	1231.000	32	1600.000	150.000	1623.000	1021.000	24	29260	0.713	1.357	39.483	35	0	0	0.140	0.098	83	1707	7	1655	1655	12	22	0	0	0	150	726	1748	T?/M?	live	0	0	0	650	411.657	650.000	686.000	616	192	180	3	43	1655	147	0	0		0.7582	0.9143
3.7	ags.Midboss 1q.fast	mid		10	true	35	3954.000	1054.000	33	1650.000	100.000	1658.000	908.000	28	33497	0.710	1.350	52.090	35	0	0	0.139	0.092	106	2087	6	2053	2053	14	21	0	0	0	194	634	2134	T?/M?	live	0	0	0	650	409.354	650.000	807.057	873	116	64	3	13	2053	192	0	0		0.7895	0.9429
3.7	ags.Midboss 1q.fast	mid		11	true	35	3255.000	1751.000	27	1350.000	400.000	1382.000	1181.000	23	31573	0.739	1.363	113.942	35	0	0	0.137	0.086	138	1908	2	1908	1908	11	23	0	0	0	188	1846	1983	T?/M?	live	0	0	0	650	415.557	650.000	752.086	201	66	187	2	44	1907	187	0	0		0.6502	0.7714
3.7	ags.Midboss 1q.fast	mid		12	true	35	3769.000	1291.000	31	1550.000	200.000	1610.000	1002.000	28	32785	0.703	1.350	35.057	35	0	0	0.134	0.092	102	2041	5	2006	2006	20	29	0	0	0	198	1548	2068	T?/M?	live	0	0	0	650	408.866	650.000	786.714	679	96	150	3	10	2006	198	0	0		0.7449	0.8857
3.7	ags.Midboss 1q.fast	mid		13	true	35	3247.000	1688.000	26	1300.000	450.000	1435.000	1048.000	16	31410	0.747	1.357	48.006	34	0	0	0.143	0.083	110	1918	5	1918	1918	8	27	0	0	0	171	1778	1952	T?/M?	live	0	0	0	650	412.788	650.000	759.294	379	157	141	3	2	1896	171	0	0		0.6580	0.7429
3.7	ags.Midboss 1q.fast	mid		14	true	35	3514.000	1476.000	29	1450.000	300.000	1493.000	1046.000	25	32208	0.677	1.314	37.405	35	0	0	0.144	0.093	115	1973	8	1973	1973	27	26	0	0	0	188	1994	2042	T?/M?	live	0	0	0	650	409.600	650.000	770.229	504	182	87	3	11	1969	187	0	0		0.7042	0.8286
3.7	ags.Midboss 1q.fast	mid		15	true	35	2820.000	2107.000	22	1100.000	650.000	1294.000	1174.000	19	29845	0.716	1.327	48.964	35	0	0	0.119	0.514	87	1761	5	1721	1721	10	31	0	0	0	167	1599	1825	T?/M?	live	0	0	0	650	411.320	650.000	702.714	659	59	90	3	6	1720	163	0	0		0.5724	0.6286
3.7	ags.Midboss 1q.fast	mid		16	true	35	3920.000	961.000	33	1650.000	100.000	1624.000	822.000	23	33971	0.713	1.336	45.541	35	0	0	0.136	0.076	116	2157	3	2157	2157	13	22	0	0	0	235	2032	2188	T?/M?	live	0	0	0	650	406.991	650.000	820.600	671	136	94	3	7	2157	234	0	0		0.8031	0.9429
3.7	apv.NanoLauLectrik 1.0	lower		1	true	35	3657.000	1062.000	33	1650.000	100.000	1403.000	918.000	14	19391	0.463	1.026	46.647	35	0	0	0.159	0.063	81	810	2	815	809	5	18	0	0	0	68	869	953	T?/M?	live	0	0	0	650	475.031	650.000	404.029	570	392	196	2	7	814	67	0	0		0.7750	0.9429
3.7	apv.NanoLauLectrik 1.0	lower		2	true	35	3618.000	844.000	33	1650.000	100.000	1373.000	698.000	11	18790	0.422	0.922	16.779	35	0	0	0.150	0.054	76	776	2	778	775	6	17	0	0	0	67	0	907	T?/M?	live	0	0	0	650	456.023	400.000	386.857	806	316	137	2	5	778	67	0	0		0.8108	0.9429
3.7	apv.NanoLauLectrik 1.0	lower		3	true	35	3255.000	1143.000	30	1500.000	250.000	1231.000	772.000	15	19011	0.442	0.994	16.113	35	0	0	0.153	0.060	78	786	2	789	784	2	15	0	0	0	73	172	925	T?/M?	live	0	0	0	650	476.540	650.000	393.171	689	352	137	1	6	785	73	0	0		0.7401	0.8571
3.7	apv.NanoLauLectrik 1.0	lower		4	true	35	3585.000	806.000	34	1700.000	50.000	1293.000	734.000	11	19535	0.478	1.037	34.238	35	0	0	0.149	0.052	77	820	2	822	820	5	19	0	0	0	53	841	972	T?/M?	live	0	0	0	650	481.451	650.000	408.143	595	421	180	2	7	822	53	0	0		0.8164	0.9714
3.7	apv.NanoLauLectrik 1.0	lower		5	true	35	3339.000	1253.000	30	1500.000	250.000	1296.000	887.000	14	19554	0.426	0.997	14.917	35	0	0	0.145	0.198	56	820	0	792	790	22	10	0	0	0	56	0	957	T?/M?	live	0	0	0	650	460.491	650.000	408.686	714	444	176	3	4	792	55	0	0		0.7271	0.8571
3.7	apv.NanoLauLectrik 1.0	lower		6	true	35	3787.000	812.000	34	1700.000	50.000	1456.000	738.000	16	18756	0.462	1.027	54.478	35	0	0	0.164	0.056	62	773	0	775	771	3	13	0	0	0	70	825	897	T?/M?	live	0	0	0	650	489.809	400.000	385.886	718	373	246	3	5	775	70	0	0		0.8234	0.9714
3.7	apv.NanoLauLectrik 1.0	lower		7	true	35	3646.000	904.000	33	1650.000	100.000	1393.000	759.000	11	18666	0.439	1.026	62.703	35	0	0	0.157	0.060	80	765	1	766	765	3	17	0	0	0	64	697	893	T?/M?	live	0	0	0	650	462.131	475.000	383.314	666	440	215	2	3	765	64	0	0		0.8013	0.9429
3.7	apv.NanoLauLectrik 1.0	lower		8	true	35	3686.000	775.000	34	1700.000	50.000	1381.000	699.000	13	18988	0.459	1.010	15.296	35	0	0	0.156	0.051	83	777	3	780	777	4	11	0	0	0	53	0	929	T?/M?	live	0	0	0	650	475.606	575.000	392.514	760	552	136	2	19	780	53	0	0		0.8263	0.9714
3.7	apv.NanoLauLectrik 1.0	lower		9	true	35	3697.000	883.000	33	1650.000	100.000	1437.000	737.000	9	18447	0.430	0.988	15.806	35	0	0	0.157	0.057	61	753	2	753	752	2	17	0	0	0	65	558	877	T?/M?	live	0	0	0	650	455.766	500.000	377.057	718	339	192	1	6	753	65	0	0		0.8072	0.9429
3.7	apv.NanoLauLectrik 1.0	lower		10	true	35	3589.000	744.000	34	1700.000	50.000	1296.000	672.000	10	19437	0.482	1.062	15.377	35	0	0	0.158	0.044	81	810	0	814	810	2	15	0	0	0	68	227	982	T?/M?	live	0	0	0	650	478.680	400.000	405.343	655	492	136	2	5	814	68	0	0		0.8283	0.9714
3.7	apv.NanoLauLectrik 1.0	lower		11	true	35	3768.000	865.000	34	1700.000	50.000	1440.000	793.000	10	19147	0.475	1.020	14.849	35	0	0	0.161	0.057	67	794	3	795	793	3	14	0	0	0	83	640	932	T?/M?	live	0	0	0	650	464.043	475.000	397.057	655	394	185	2	9	795	83	0	0		0.8133	0.9714
3.7	apv.NanoLauLectrik 1.0	lower		12	true	35	3668.000	1238.000	31	1550.000	200.000	1528.000	936.000	11	18990	0.420	1.003	16.402	35	0	0	0.175	0.074	84	786	1	787	786	2	18	0	0	0	60	578	916	T?/M?	live	0	0	0	650	395.949	400.000	392.571	725	430	294	2	6	784	60	0	0		0.7477	0.8857
3.7	apv.NanoLauLectrik 1.0	lower		13	true	35	3496.000	942.000	33	1650.000	100.000	1268.000	792.000	12	19957	0.507	1.063	17.889	35	0	0	0.153	0.050	91	846	3	849	845	5	17	0	0	0	78	512	1018	T?/M?	live	0	0	0	650	487.794	650.000	420.200	443	431	198	2	5	849	77	0	0		0.7877	0.9429
3.7	apv.NanoLauLectrik 1.0	lower		14	true	35	3343.000	1110.000	31	1550.000	200.000	1247.000	818.000	13	20033	0.475	1.087	15.993	35	0	0	0.147	0.053	64	853	1	853	853	5	10	0	0	0	64	950	1017	T?/M?	live	0	0	0	650	477.297	400.000	422.371	480	344	123	2	5	853	64	0	0		0.7507	0.8857
3.7	apv.NanoLauLectrik 1.0	lower		15	true	35	3519.000	936.000	34	1700.000	50.000	1237.000	861.000	11	20539	0.487	1.033	19.667	35	0	0	0.136	0.056	54	876	2	878	876	2	21	0	0	0	61	34	1066	T?/M?	live	0	0	0	650	477.843	650.000	436.829	833	433	43	3	3	878	61	0	0		0.7899	0.9714
3.7	apv.NanoLauLectrik 1.0	lower		16	true	35	3812.000	1126.000	33	1650.000	100.000	1543.000	978.000	12	19128	0.523	1.062	14.664	35	0	0	0.164	0.071	61	798	1	800	798	6	14	0	0	0	69	773	935	T?/M?	live	0	0	0	650	494.889	650.000	396.514	572	343	235	2	5	800	69	0	0		0.7720	0.9429
3.7	bvh.fnr.Fenrir 0.36l	lower		1	true	35	3861.000	1153.000	32	1600.000	150.000	1624.000	941.000	7	24340	0.433	0.991	129.015	35	0	0	0.158	0.079	69	1145	7	1145	1145	7	12	0	0	0	78	724	1346	T?/M?	live	0	0	0	650	481.357	650.000	545.429	532	39	273	2	5843	1145	78	0	0		0.7700	0.9143
3.7	bvh.fnr.Fenrir 0.36l	lower		2	true	35	3817.000	1006.000	33	1650.000	100.000	1543.000	855.000	16	25133	0.440	1.045	209.743	35	0	0	0.137	0.067	47	1187	9	1187	1187	5	16	0	0	0	95	1338	1418	T?/M?	live	0	0	0	650	483.029	650.000	568.086	594	0	116	2	48	1187	95	0	0		0.7914	0.9429
3.7	bvh.fnr.Fenrir 0.36l	lower		3	true	35	3907.000	969.000	33	1650.000	100.000	1616.000	824.000	18	24397	0.468	1.048	127.132	35	0	0	0.154	0.067	49	1154	6	1154	1154	11	16	0	0	0	87	0	1349	T?/M?	live	0	0	0	650	495.683	650.000	547.057	538	0	201	2	8	1154	87	0	0		0.8013	0.9429
3.7	bvh.fnr.Fenrir 0.36l	lower		4	true	35	3835.000	1170.000	32	1600.000	150.000	1614.000	950.000	44	25846	0.480	1.075	61.821	35	0	0	0.154	0.074	77	1198	11	1207	1198	12	20	0	0	0	94	1136	1496	T?/M?	live	0	0	0	650	487.131	650.000	588.457	631	1	151	3	8	1207	94	0	0		0.7662	0.9143
3.7	bvh.fnr.Fenrir 0.36l	lower		5	true	35	3832.000	1109.000	32	1600.000	150.000	1609.000	899.000	24	24998	0.460	1.064	16.187	35	0	0	0.147	0.069	49	1172	14	1172	1172	16	19	0	0	0	79	0	1411	T?/M?	live	0	0	0	650	490.791	650.000	564.229	555	33	203	3	8	1172	79	0	0		0.7756	0.9143
3.7	bvh.fnr.Fenrir 0.36l	lower		6	true	35	3586.000	1254.000	31	1550.000	200.000	1454.000	963.000	21	25644	0.510	1.087	16.350	35	0	0	0.137	0.071	55	1239	19	1239	1238	18	12	0	0	0	94	469	1476	T?/M?	live	0	0	0	650	502.246	650.000	582.686	500	0	138	3	6	1239	94	0	0		0.7409	0.8857
3.7	bvh.fnr.Fenrir 0.36l	lower		7	true	35	3598.000	1490.000	29	1450.000	300.000	1575.000	1062.000	26	25693	0.439	1.077	16.356	35	0	0	0.131	0.081	49	1198	14	1198	1198	15	14	0	0	0	78	422	1464	T?/M?	live	0	0	0	650	529.591	650.000	584.086	479	0	276	2	5	1198	78	0	0		0.7072	0.8286
3.7	bvh.fnr.Fenrir 0.36l	lower		8	true	35	3682.000	945.000	32	1600.000	150.000	1481.000	726.000	17	24688	0.479	1.041	16.957	35	0	0	0.146	0.054	61	1180	2	1180	1180	6	15	0	0	0	113	1260	1395	T?/M?	live	0	0	0	650	505.177	625.000	555.371	598	0	162	2	220	1180	113	0	0		0.7958	0.9143
3.7	bvh.fnr.Fenrir 0.36l	lower		9	true	35	3980.000	872.000	34	1700.000	50.000	1620.000	803.000	86	24772	0.465	1.059	15.526	35	0	0	0.141	0.066	27	1171	1	1171	1171	5	20	0	0	0	83	0	1388	T?/M?	live	0	0	0	650	485.117	650.000	557.771	647	27	149	2	175	1171	83	0	0		0.8203	0.9714
3.7	bvh.fnr.Fenrir 0.36l	lower		10	true	35	3795.000	1228.000	32	1600.000	150.000	1579.000	1008.000	19	25845	0.475	1.038	11.690	35	0	0	0.141	0.076	46	1230	6	1230	1230	11	16	0	0	0	121	1377	1494	T?/M?	live	0	0	0	650	467.149	475.000	588.429	526	0	139	2	7	1230	121	0	0		0.7555	0.9143
3.7	bvh.fnr.Fenrir 0.36l	lower		11	true	35	3688.000	1264.000	32	1600.000	150.000	1481.000	1048.000	19	26208	0.487	1.088	72.711	35	0	0	0.141	0.079	68	1283	2	1283	1283	8	21	0	0	0	95	1334	1525	T?/M?	live	0	0	0	650	484.669	650.000	598.800	522	0	162	2	10	1283	95	0	0		0.7447	0.9143
3.7	bvh.fnr.Fenrir 0.36l	lower		12	true	35	3994.000	1073.000	32	1600.000	150.000	1748.000	854.000	11	23565	0.446	1.025	16.780	34	0	0	0.161	0.243	31	1085	9	1040	1040	7	23	0	0	0	82	606	1235	T?/M?	live	0	0	0	650	463.703	400.000	519.471	542	0	202	3	7	998	81	0	0		0.7882	0.9143
3.7	bvh.fnr.Fenrir 0.36l	lower		13	true	35	3843.000	1287.000	32	1600.000	150.000	1608.000	1073.000	17	24301	0.406	1.066	16.777	35	0	0	0.141	0.088	43	1183	7	1183	1183	8	17	0	0	0	83	42	1327	T?/M?	live	0	0	0	650	517.103	650.000	544.314	491	0	310	2	8	1183	83	0	0		0.7491	0.9143
3.7	bvh.fnr.Fenrir 0.36l	lower		14	true	35	3899.000	1139.000	31	1550.000	200.000	1722.000	853.000	8	23405	0.407	0.965	11.782	35	0	0	0.171	0.074	49	1088	7	1088	1088	6	17	0	0	0	97	1059	1259	T?/M?	live	0	0	0	650	443.226	450.000	518.714	421	0	277	2	5	1087	97	0	0		0.7739	0.8857
3.7	bvh.fnr.Fenrir 0.36l	lower		15	true	35	3884.000	830.000	34	1700.000	50.000	1539.000	760.000	46	24980	0.425	1.048	12.610	35	0	0	0.144	0.059	49	1190	2	1190	1190	7	23	0	0	0	82	222	1408	T?/M?	live	0	0	0	650	505.920	650.000	563.714	644	0	136	2	4	1190	82	0	0		0.8239	0.9714
3.7	bvh.fnr.Fenrir 0.36l	lower		16	true	35	3439.000	1382.000	30	1500.000	250.000	1397.000	1022.000	52	27873	0.426	1.041	272.233	35	0	0	0.130	0.071	70	1287	21	1289	1287	11	21	0	0	0	115	1200	1673	T?/M?	live	0	0	0	650	502.886	650.000	646.371	684	1	65	2	7	1289	115	0	0		0.7133	0.8571
3.7	cw.megas.Silhouette 1.1	mid		1	true	35	3685.000	1260.000	31	1550.000	200.000	1531.000	975.000	11	23281	0.434	0.995	46.692	34	0	0	0.154	0.071	41	1123	4	1123	1123	7	21	0	0	0	85	823	1198	T?/M?	live	0	0	0	650	407.132	650.000	514.500	510	494	264	2	7	1083	85	0	0		0.7452	0.8857
3.7	cw.megas.Silhouette 1.1	mid		2	true	35	3748.000	1256.000	32	1600.000	150.000	1542.000	1037.000	28	23680	0.483	1.025	107.367	35	0	0	0.147	0.076	31	1157	3	1157	1157	4	17	0	0	0	114	839	1275	T?/M?	live	0	0	0	650	413.017	650.000	526.571	589	360	168	3	8	1157	114	0	0		0.7490	0.9143
3.7	cw.megas.Silhouette 1.1	mid		3	true	35	3491.000	1142.000	31	1550.000	200.000	1377.000	853.000	5	23994	0.405	0.957	17.207	35	0	0	0.139	0.061	42	1176	1	1176	1176	3	15	0	0	0	123	1084	1288	T?/M?	live	0	0	0	650	421.046	650.000	535.543	604	398	146	2	170	1158	123	0	0		0.7535	0.8857
3.7	cw.megas.Silhouette 1.1	mid		4	true	35	3753.000	1184.000	31	1550.000	200.000	1590.000	904.000	15	22246	0.409	0.976	563.857	35	0	0	0.154	0.071	28	1072	1	1072	1072	7	15	0	0	0	95	927	1151	T?/M?	live	0	0	0	650	397.343	400.000	485.600	635	178	223	3	5	1072	95	0	0		0.7602	0.8857
3.7	cw.megas.Silhouette 1.1	mid		5	true	35	3710.000	1213.000	31	1550.000	200.000	1558.000	925.000	10	22818	0.405	0.980	249.290	35	0	0	0.159	0.077	31	1107	0	1107	1107	6	15	0	0	0	92	825	1204	T?/M?	live	0	0	0	650	402.966	575.000	501.943	598	385	252	2	4	1107	92	0	0		0.7536	0.8857
3.7	cw.megas.Silhouette 1.1	mid		6	true	35	3655.000	1352.000	31	1550.000	200.000	1518.000	1055.000	13	23343	0.483	1.009	564.735	35	0	0	0.145	0.078	36	1138	2	1138	1138	2	16	0	0	0	107	1222	1244	T?/M?	live	0	0	0	650	391.086	400.000	516.943	425	347	169	2	7	1138	107	0	0		0.7300	0.8857
3.7	cw.megas.Silhouette 1.1	mid		7	true	35	3495.000	1088.000	32	1600.000	150.000	1324.000	876.000	10	24188	0.431	0.898	462.189	35	0	0	0.133	0.065	35	1186	1	1186	1186	2	11	0	0	0	118	594	1294	T?/M?	live	0	0	0	650	419.394	650.000	541.086	544	515	120	2	6	1181	118	0	0		0.7626	0.9143
3.7	cw.megas.Silhouette 1.1	mid		8	true	35	3516.000	1049.000	32	1600.000	150.000	1337.000	834.000	9	23969	0.468	0.990	228.995	35	0	0	0.141	0.056	44	1181	7	1181	1181	1	15	0	0	0	116	1219	1313	T?/M?	live	0	0	0	650	403.011	400.000	534.829	747	281	93	2	406	1180	116	0	0		0.7702	0.9143
3.7	cw.megas.Silhouette 1.1	mid		9	true	35	3640.000	1295.000	32	1600.000	150.000	1450.000	1079.000	10	24456	0.481	1.018	458.024	35	0	0	0.135	0.078	41	1210	1	1210	1210	1	23	0	0	0	117	1124	1341	T?/M?	live	0	0	0	650	402.366	650.000	548.743	479	410	194	2	260	1210	117	0	0		0.7376	0.9143
3.7	cw.megas.Silhouette 1.1	mid		10	true	35	3519.000	1449.000	31	1550.000	200.000	1398.000	1164.000	13	24673	0.520	1.054	685.587	35	0	0	0.132	0.087	29	1222	1	1222	1222	5	13	0	0	0	106	545	1365	T?/M?	live	0	0	0	650	413.634	650.000	554.943	523	483	112	3	7	1221	106	0	0		0.7083	0.8857
3.7	cw.megas.Silhouette 1.1	mid		11	true	35	3756.000	1171.000	31	1550.000	200.000	1599.000	890.000	14	22259	0.452	0.978	545.398	35	0	0	0.156	0.077	25	1067	2	1067	1067	4	23	0	0	0	99	616	1135	T?/M?	live	0	0	0	650	408.154	650.000	485.971	582	268	285	2	129	1066	99	0	0		0.7623	0.8857
3.7	cw.megas.Silhouette 1.1	mid		12	true	35	3589.000	1422.000	29	1450.000	300.000	1563.000	998.000	12	22512	0.482	0.994	687.013	35	0	0	0.151	0.078	37	1085	1	1085	1085	4	18	0	0	0	93	1085	1180	T?/M?	live	0	0	0	650	411.583	650.000	493.200	656	300	225	2	5	1085	93	0	0		0.7162	0.8286
3.7	cw.megas.Silhouette 1.1	mid		13	true	35	3419.000	1354.000	30	1500.000	250.000	1363.000	1005.000	13	24398	0.460	0.981	336.290	35	0	0	0.140	0.072	56	1203	1	1203	1203	4	22	0	0	0	110	1290	1336	T?/M?	live	0	0	0	650	416.363	650.000	547.086	409	446	187	2	4	1203	110	0	0		0.7163	0.8571
3.7	cw.megas.Silhouette 1.1	mid		14	true	35	3582.000	1617.000	28	1400.000	350.000	1621.000	1113.000	8	22495	0.439	0.982	483.527	34	0	0	0.159	0.084	34	1084	4	1084	1084	6	15	0	0	0	111	834	1132	T?/M?	live	0	0	0	650	394.368	650.000	492.618	338	312	301	2	6	1049	111	0	0		0.6890	0.8000
3.7	cw.megas.Silhouette 1.1	mid		15	true	35	3278.000	1853.000	26	1300.000	450.000	1469.000	1204.000	16	23350	0.474	1.020	705.718	35	0	0	0.156	0.088	51	1146	1	1146	1146	9	22	0	0	0	101	170	1265	T?/M?	live	0	0	0	650	403.566	650.000	517.143	539	263	262	2	7	1146	101	0	0		0.6389	0.7429
3.7	cw.megas.Silhouette 1.1	mid		16	true	35	3353.000	1691.000	28	1400.000	350.000	1425.000	1180.000	15	23516	0.422	0.951	578.240	35	0	0	0.141	0.311	44	1155	1	1135	1135	8	20	0	0	0	96	538	1250	T?/M?	live	0	0	0	650	389.740	500.000	521.886	262	334	217	3	6	1133	96	0	0		0.6648	0.8000
3.7	dggp.haiku.gpBot_0 1.1	weak		1	true	35	4638.000	234.000	35	1750.000	0.000	2115.000	234.000	11	13852	0.258	0.742	16.244	35	0	0	0.294	0.024	59	454	1	454	454	3	12	0	0	0	26	0	506	T?/M?	live	0	0	0	650	382.814	400.000	245.771	414	231	371	3	5	453	26	0	0		0.9520	1.0000
3.7	dggp.haiku.gpBot_0 1.1	weak		2	true	35	4658.000	279.000	35	1750.000	0.000	2104.000	260.000	11	13950	0.298	0.773	14.926	35	0	0	0.294	0.035	72	454	3	454	454	3	23	0	0	0	30	0	517	T?/M?	live	0	0	0	650	424.071	400.000	248.571	665	157	337	3	6	451	30	0	0		0.9435	1.0000
3.7	dggp.haiku.gpBot_0 1.1	weak		3	true	35	4373.000	273.000	35	1750.000	0.000	1894.000	272.000	12	15020	0.287	0.755	425.061	35	0	0	0.223	0.030	74	515	1	515	515	1	17	0	0	0	33	0	588	T?/M?	live	0	0	0	650	430.623	400.000	279.143	502	244	395	2	4	515	33	0	0		0.9412	1.0000
3.7	dggp.haiku.gpBot_0 1.1	weak		4	true	35	4514.000	197.000	35	1750.000	0.000	2010.000	192.000	12	14137	0.250	0.671	23.037	35	0	0	0.268	0.028	63	471	3	471	471	2	9	0	0	0	31	0	525	T?/M?	live	0	0	0	650	420.157	400.000	253.914	484	133	355	2	5	471	31	0	0		0.9582	1.0000
3.7	dggp.haiku.gpBot_0 1.1	weak		5	true	35	4303.000	318.000	34	1700.000	50.000	1889.000	245.000	15	15012	0.280	0.729	18.233	35	0	0	0.224	0.135	62	514	2	481	481	5	13	0	0	0	26	0	591	T?/M?	live	0	0	0	650	426.857	400.000	278.914	543	213	368	3	5	481	25	0	0		0.9312	0.9714
3.7	dggp.haiku.gpBot_0 1.1	weak		6	true	35	4592.000	200.000	35	1750.000	0.000	2072.000	190.000	11	13940	0.262	0.726	9.610	35	0	0	0.277	0.024	60	455	2	455	455	1	13	0	0	0	21	0	513	T?/M?	live	0	0	0	650	413.437	400.000	248.286	484	160	357	2	5	455	21	0	0		0.9583	1.0000
3.7	dggp.haiku.gpBot_0 1.1	weak		7	true	35	4311.000	287.000	35	1750.000	0.000	1843.000	287.000	13	15683	0.318	0.817	15.759	35	0	0	0.207	0.036	71	545	1	545	545	1	16	0	0	0	34	0	637	T?/M?	live	0	0	0	650	464.009	400.000	298.086	563	387	424	2	4	545	33	0	0		0.9376	1.0000
3.7	dggp.haiku.gpBot_0 1.1	weak		8	true	35	4337.000	343.000	35	1750.000	0.000	1864.000	343.000	10	15580	0.303	0.788	18.371	35	0	0	0.236	0.040	81	547	0	547	547	1	7	0	0	0	36	0	633	T?/M?	live	0	0	0	650	435.437	400.000	295.143	658	388	401	1	4	547	36	0	0		0.9267	1.0000
3.7	dggp.haiku.gpBot_0 1.1	weak		9	true	35	4384.000	822.000	33	1650.000	100.000	2012.000	678.000	13	15383	0.322	0.842	15.993	35	0	0	0.239	0.074	72	533	5	533	533	3	14	0	0	0	28	0	617	T?/M?	live	0	0	0	650	456.671	400.000	289.514	453	292	422	2	6	533	28	0	0		0.8421	0.9429
3.7	dggp.haiku.gpBot_0 1.1	weak		10	true	35	4526.000	293.000	35	1750.000	0.000	2022.000	293.000	14	14938	0.294	0.784	15.904	35	0	0	0.259	0.034	58	499	1	499	499	4	9	0	0	0	31	0	584	T?/M?	live	0	0	0	650	430.869	400.000	276.800	521	318	399	3	4	499	31	0	0		0.9392	1.0000
3.7	dggp.haiku.gpBot_0 1.1	weak		11	true	35	4576.000	176.000	35	1750.000	0.000	2063.000	176.000	10	13972	0.250	0.721	16.049	35	0	0	0.273	0.018	55	454	3	454	454	0	8	0	0	0	25	0	516	T?/M?	live	0	0	0	650	410.397	400.000	249.200	483	141	356	1	6	454	25	0	0		0.9630	1.0000
3.7	dggp.haiku.gpBot_0 1.1	weak		12	true	35	4473.000	116.000	35	1750.000	0.000	1977.000	116.000	12	14115	0.251	0.707	9.493	35	0	0	0.250	0.013	58	468	5	468	468	0	11	0	0	0	33	0	523	T?/M?	live	0	0	0	650	410.340	400.000	253.286	539	90	362	1	4	468	33	0	0		0.9747	1.0000
3.7	dggp.haiku.gpBot_0 1.1	weak		13	true	35	4600.000	199.000	35	1750.000	0.000	2083.000	191.000	14	13830	0.257	0.742	9.739	35	0	0	0.272	0.023	63	446	2	446	446	3	12	0	0	0	23	0	506	T?/M?	live	0	0	0	650	409.089	400.000	245.143	484	224	354	3	4	445	23	0	0		0.9585	1.0000
3.7	dggp.haiku.gpBot_0 1.1	weak		14	true	35	4461.000	550.000	34	1700.000	50.000	2023.000	481.000	13	15305	0.303	0.806	16.086	35	0	0	0.245	0.048	57	527	1	527	527	3	10	0	0	0	27	0	615	T?/M?	live	0	0	0	650	438.523	400.000	287.286	572	408	386	3	5	526	27	0	0		0.8902	0.9714
3.7	dggp.haiku.gpBot_0 1.1	weak		15	true	35	4394.000	553.000	34	1700.000	50.000	1956.000	468.000	16	15227	0.299	0.751	16.970	35	0	0	0.254	0.187	60	529	2	509	509	4	12	0	0	0	38	23	608	T?/M?	live	0	0	0	650	443.860	400.000	285.057	557	191	358	3	4	508	36	0	0		0.8882	0.9714
3.7	dggp.haiku.gpBot_0 1.1	weak		16	true	35	4659.000	286.000	35	1750.000	0.000	2131.000	282.000	26	14142	0.263	0.704	22.228	35	0	0	0.277	0.171	37	466	1	439	439	6	11	0	0	0	23	0	525	T?/M?	live	0	0	0	650	401.020	400.000	254.057	452	143	375	3	4	439	21	0	0		0.9422	1.0000
3.7	eat.HumblePieLite 1.0	lower		1	true	35	5184.000	384.000	35	1750.000	0.000	2570.000	384.000	12	13094	0.232	0.768	10.586	35	0	0	0.349	0.061	0	387	0	387	387	2	6	0	0	0	21	0	454	T?/M?	live	0	0	0	650	496.134	400.000	224.114	334	0	342	2	3	387	21	0	0		0.9310	1.0000
3.7	eat.HumblePieLite 1.0	lower		2	true	35	5283.000	512.000	35	1750.000	0.000	2652.000	512.000	10	12873	0.240	0.791	10.944	35	0	0	0.381	0.080	0	382	4	382	382	1	9	0	0	0	24	0	437	T?/M?	live	0	0	0	650	489.840	400.000	217.800	267	0	338	2	3	382	24	0	0		0.9116	1.0000
3.7	eat.HumblePieLite 1.0	lower		3	true	35	5286.000	464.000	35	1750.000	0.000	2655.000	464.000	38	12819	0.241	0.800	10.352	35	0	0	0.385	0.074	1	375	0	375	375	3	6	0	0	0	11	0	435	T?/M?	live	0	0	0	650	487.209	400.000	216.257	274	0	330	2	3	375	11	0	0		0.9193	1.0000
3.7	eat.HumblePieLite 1.0	lower		4	true	35	5017.000	842.000	33	1650.000	100.000	2538.000	688.000	15	13430	0.231	0.774	53.823	35	0	0	0.345	0.232	1	411	0	384	384	20	11	0	0	0	25	0	477	T?/M?	live	0	0	0	650	487.614	400.000	233.714	213	0	345	3	1	384	23	0	0		0.8563	0.9429
3.7	eat.HumblePieLite 1.0	lower		5	true	35	5180.000	417.000	35	1750.000	0.000	2567.000	416.000	11	12985	0.221	0.759	188.828	35	0	0	0.352	0.064	2	395	2	395	395	2	12	0	0	0	28	0	450	T?/M?	live	0	0	0	650	499.389	400.000	221.000	314	0	339	2	4	395	28	0	0		0.9255	1.0000
3.7	eat.HumblePieLite 1.0	lower		6	true	35	5189.000	288.000	35	1750.000	0.000	2574.000	288.000	14	12732	0.226	0.797	9.765	35	0	0	0.374	0.044	2	366	4	366	366	2	10	0	0	0	23	0	428	T?/M?	live	0	0	0	650	476.809	400.000	213.771	346	0	318	3	3	366	23	0	0		0.9474	1.0000
3.7	eat.HumblePieLite 1.0	lower		7	true	35	5170.000	407.000	35	1750.000	0.000	2565.000	405.000	14	13945	0.218	0.727	9.138	35	0	0	0.353	0.224	3	410	3	364	364	4	6	0	0	0	23	0	493	T?/M?	live	0	0	0	650	482.926	400.000	248.429	229	0	331	3	4	364	22	0	0		0.9270	1.0000
3.7	eat.HumblePieLite 1.0	lower		8	true	35	5135.000	520.000	34	1700.000	50.000	2579.000	446.000	20	12867	0.223	0.800	8.995	35	0	0	0.365	0.076	3	358	1	358	358	3	7	0	0	0	27	0	437	T?/M?	live	0	0	0	650	496.440	400.000	217.629	187	0	338	2	4	358	27	0	0		0.9080	0.9714
3.7	eat.HumblePieLite 1.0	lower		9	true	35	5174.000	384.000	35	1750.000	0.000	2561.000	384.000	11	12806	0.197	0.706	262.839	35	0	0	0.362	0.057	1	385	5	385	385	2	9	0	0	0	14	0	434	T?/M?	live	0	0	0	650	509.517	400.000	215.886	261	0	333	2	4	385	14	0	0		0.9309	1.0000
3.7	eat.HumblePieLite 1.0	lower		10	true	35	5241.000	483.000	35	1750.000	0.000	2618.000	483.000	10	12869	0.213	0.777	9.788	35	0	0	0.375	0.075	1	391	4	391	391	2	8	0	0	0	25	0	439	T?/M?	live	0	0	0	650	493.197	400.000	217.686	284	0	330	2	2	391	25	0	0		0.9156	1.0000
3.7	eat.HumblePieLite 1.0	lower		11	true	35	5210.000	416.000	35	1750.000	0.000	2591.000	416.000	12	12848	0.206	0.713	9.900	35	0	0	0.367	0.062	0	389	0	389	389	1	13	0	0	0	19	0	439	T?/M?	live	0	0	0	650	492.846	400.000	217.086	261	0	329	2	5	389	19	0	0		0.9261	1.0000
3.7	eat.HumblePieLite 1.0	lower		12	true	35	5221.000	416.000	35	1750.000	0.000	2601.000	416.000	11	12890	0.222	0.771	8.977	35	0	0	0.362	0.067	0	383	2	383	383	2	8	0	0	0	13	0	439	T?/M?	live	0	0	0	650	481.491	400.000	218.286	266	0	341	2	537	383	13	0	0		0.9262	1.0000
3.7	eat.HumblePieLite 1.0	lower		13	true	35	3041.000	1876.000	30	1500.000	250.000	1036.000	1484.000	12	29597	0.343	0.721	429.419	34	0	0	0.188	0.114	2	1451	19	1450	1450	5	21	0	0	0	18	159	329	T?/M?	live	0	0	0	650	505.115	650.000	696.088	4051	442	117	2	6	322	18	0	0		0.6185	0.8571
3.7	eat.HumblePieLite 1.0	lower		14	true	35	5285.000	468.000	35	1750.000	0.000	2654.000	464.000	17	12832	0.214	0.746	10.086	35	0	0	0.386	0.075	4	374	3	374	374	3	6	0	0	0	17	0	433	T?/M?	live	0	0	0	650	483.817	400.000	216.629	248	0	331	2	2	374	17	0	0		0.9187	1.0000
3.7	eat.HumblePieLite 1.0	lower		15	true	35	5249.000	465.000	35	1750.000	0.000	2624.000	464.000	13	12812	0.215	0.766	9.372	35	0	0	0.373	0.074	3	378	4	378	378	5	13	0	0	0	18	0	431	T?/M?	live	0	0	0	650	497.303	400.000	216.057	269	0	334	2	2	378	18	0	0		0.9186	1.0000
3.7	eat.HumblePieLite 1.0	lower		16	true	35	5323.000	608.000	35	1750.000	0.000	2686.000	608.000	14	13182	0.202	0.743	265.682	35	0	0	0.366	0.091	0	395	3	395	395	6	13	0	0	0	31	0	462	T?/M?	live	0	0	0	650	501.123	400.000	226.629	376	0	337	3	2	395	31	0	0		0.8975	1.0000
3.7	exauge.GateKeeper 1.1.121g	lower		1	true	35	3407.000	1114.000	31	1550.000	200.000	1296.000	821.000	13	22182	0.504	0.978	15.258	35	0	0	0.141	0.059	134	972	1	978	970	3	25	0	0	0	68	0	1211	T?/M?	live	0	0	0	650	523.600	575.000	483.771	407	218	41	2	5	978	68	0	0		0.7536	0.8857
3.7	exauge.GateKeeper 1.1.121g	lower		2	true	35	3654.000	1209.000	31	1550.000	200.000	1505.000	919.000	13	21918	0.428	0.941	14.483	35	0	0	0.166	0.129	127	893	0	869	866	3	18	0	0	0	57	252	1175	T?/M?	live	0	0	0	650	486.974	650.000	476.229	429	133	190	3	4	869	56	0	0		0.7514	0.8857
3.7	exauge.GateKeeper 1.1.121g	lower		3	true	35	3776.000	868.000	35	1750.000	0.000	1397.000	868.000	11	22568	0.485	0.974	15.265	35	0	0	0.142	0.069	138	951	1	956	951	0	19	0	0	0	64	552	1225	T?/M?	live	0	0	0	650	519.814	650.000	494.800	389	235	102	1	7	956	64	0	0		0.8131	1.0000
3.7	exauge.GateKeeper 1.1.121g	lower		4	true	35	3849.000	876.000	34	1700.000	50.000	1514.000	806.000	12	21163	0.432	0.911	83.107	35	0	0	0.169	0.066	142	881	1	888	880	6	27	0	0	0	57	656	1108	T?/M?	live	0	0	0	650	490.780	525.000	454.657	483	175	225	3	7	888	57	0	0		0.8146	0.9714
3.7	exauge.GateKeeper 1.1.121g	lower		5	true	35	3602.000	994.000	33	1650.000	100.000	1355.000	846.000	10	22290	0.468	0.952	44.607	35	0	0	0.146	0.067	148	928	1	931	928	4	21	0	0	0	62	0	1208	T?/M?	live	0	0	0	650	514.111	650.000	486.857	475	177	139	3	7	931	62	0	0		0.7837	0.9429
3.7	exauge.GateKeeper 1.1.121g	lower		6	true	35	3798.000	1039.000	33	1650.000	100.000	1528.000	892.000	12	23373	0.395	0.884	14.613	35	0	0	0.154	0.073	124	913	2	916	910	3	22	0	0	0	43	0	1294	T?/M?	live	0	0	0	650	430.960	400.000	517.800	482	187	140	2	6	916	43	0	0		0.7852	0.9429
3.7	exauge.GateKeeper 1.1.121g	lower		7	true	35	3431.000	1304.000	31	1550.000	200.000	1325.000	1015.000	12	24255	0.477	0.991	138.981	35	0	0	0.146	0.070	176	1002	0	1005	1001	3	15	0	0	0	75	230	1386	T?/M?	live	0	0	0	650	527.389	650.000	543.000	375	168	142	2	7	1005	75	0	0		0.7246	0.8857
3.7	exauge.GateKeeper 1.1.121g	lower		8	true	35	3806.000	947.000	34	1700.000	50.000	1475.000	876.000	34	22723	0.483	0.982	433.718	35	0	0	0.151	0.067	128	945	0	951	944	1	18	0	0	0	70	898	1253	T?/M?	live	0	0	0	650	514.826	650.000	499.229	457	244	135	1	7	951	70	0	0		0.8008	0.9714
3.7	exauge.GateKeeper 1.1.121g	lower		9	true	35	3587.000	1306.000	31	1550.000	200.000	1456.000	1006.000	13	21416	0.477	0.990	19.513	35	0	0	0.152	0.083	127	915	1	918	914	3	20	0	0	0	59	0	1131	T?/M?	live	0	0	0	650	529.071	650.000	461.886	392	101	161	2	135	918	59	0	0		0.7331	0.8857
3.7	exauge.GateKeeper 1.1.121g	lower		10	true	35	3778.000	620.000	35	1750.000	0.000	1398.000	620.000	12	21716	0.399	0.866	16.448	35	0	0	0.135	0.053	95	917	0	922	915	3	22	0	0	0	65	0	1146	T?/M?	live	0	0	0	650	532.069	650.000	470.457	569	141	24	2	3	922	65	0	0		0.8590	1.0000
3.7	exauge.GateKeeper 1.1.121g	lower		11	true	35	3528.000	1353.000	31	1550.000	200.000	1405.000	1053.000	9	22168	0.479	0.951	14.686	35	0	0	0.163	0.080	150	959	0	963	958	1	26	0	0	0	61	0	1206	T?/M?	live	0	0	0	650	504.177	650.000	483.371	251	132	138	2	6	963	61	0	0		0.7228	0.8857
3.7	exauge.GateKeeper 1.1.121g	lower		12	true	35	3718.000	967.000	33	1650.000	100.000	1456.000	822.000	9	22568	0.439	0.944	15.760	35	0	0	0.146	0.066	96	932	1	949	929	3	19	0	0	0	48	286	1230	T?/M?	live	0	0	0	650	503.166	650.000	494.800	451	202	136	2	6	949	48	0	0		0.7936	0.9429
3.7	exauge.GateKeeper 1.1.121g	lower		13	true	35	3804.000	934.000	33	1650.000	100.000	1531.000	790.000	12	21913	0.402	0.905	213.920	35	0	0	0.163	0.063	138	887	1	891	887	4	11	0	0	0	51	0	1172	T?/M?	live	0	0	0	650	508.560	650.000	476.086	416	280	192	2	6	891	51	0	0		0.8029	0.9429
3.7	exauge.GateKeeper 1.1.121g	lower		14	true	35	3328.000	1391.000	31	1550.000	200.000	1238.000	1099.000	14	23897	0.512	1.016	331.332	35	0	0	0.122	0.079	133	1058	0	1060	1057	9	19	0	0	0	75	830	1336	T?/M?	live	0	0	0	650	514.969	650.000	532.771	518	130	15	2	6	1060	74	0	0		0.7052	0.8857
3.7	exauge.GateKeeper 1.1.121g	lower		15	true	35	3365.000	1299.000	30	1500.000	250.000	1320.000	948.000	10	22951	0.472	0.986	100.729	35	0	0	0.151	0.071	151	970	3	975	969	1	19	0	0	0	67	166	1226	T?/M?	live	0	0	0	650	531.091	650.000	505.743	418	213	171	2	6	971	67	0	0		0.7215	0.8571
3.7	exauge.GateKeeper 1.1.121g	lower		16	true	35	3934.000	1075.000	32	1600.000	150.000	1688.000	851.000	11	20695	0.424	0.917	108.359	35	0	0	0.194	0.073	111	826	2	829	826	5	15	0	0	0	37	0	1074	T?/M?	live	0	0	0	650	458.894	400.000	441.286	358	156	236	2	4	829	37	0	0		0.7854	0.9143
3.7	exauge.Leopard 1.1.019	weak		1	true	35	6404.000	1249.000	35	1750.000	0.000	3573.000	1224.000	13	10205	0.247	0.671	9.572	35	0	0	0.780	0.389	29	277	1	277	277	3	21	0	0	0	3	0	269	T?/M?	live	0	0	0	650	209.046	400.000	141.571	301	0	234	2	3	275	3	0	0		0.8368	1.0000
3.7	exauge.Leopard 1.1.019	weak		2	true	35	6426.000	1235.000	35	1750.000	0.000	3578.000	1210.000	13	10082	0.236	0.642	8.924	35	0	0	0.809	0.380	27	275	1	275	275	2	28	0	0	0	4	0	261	T?/M?	live	0	0	0	650	208.577	400.000	138.057	301	0	230	3	2	275	4	0	0		0.8388	1.0000
3.7	exauge.Leopard 1.1.019	weak		3	true	35	6436.000	1369.000	35	1750.000	0.000	3570.000	1310.000	36	10075	0.235	0.623	8.401	35	0	0	0.823	0.388	50	265	1	265	265	0	33	0	0	0	2	0	263	T?/M?	live	0	0	0	650	182.400	400.000	137.857	353	0	222	1	2	265	2	0	0		0.8246	1.0000
3.7	exauge.Leopard 1.1.019	weak		4	true	35	6148.000	1201.000	34	1700.000	50.000	3431.000	1095.000	13	10191	0.230	0.608	10.210	35	0	0	0.787	0.517	16	279	1	268	268	4	24	0	0	0	9	0	269	T?/M?	live	0	0	0	650	216.791	400.000	141.171	368	4	221	3	2	267	9	0	0		0.8366	0.9714
3.7	exauge.Leopard 1.1.019	weak		5	true	35	6198.000	1609.000	33	1650.000	100.000	3486.000	1348.000	14	10328	0.239	0.636	9.802	35	0	0	0.781	0.532	50	287	0	273	273	5	25	0	0	0	6	0	278	T?/M?	live	0	0	0	650	217.174	600.000	145.086	367	0	230	3	1	272	5	0	0		0.7939	0.9429
3.7	exauge.Leopard 1.1.019	weak		6	true	35	6413.000	1301.000	35	1750.000	0.000	3594.000	1296.000	12	10257	0.245	0.665	9.197	35	0	0	0.792	0.382	10	282	1	281	281	3	19	0	0	0	7	0	275	T?/M?	live	0	0	0	650	204.066	400.000	143.057	351	0	231	3	2	280	7	0	0		0.8313	1.0000
3.7	exauge.Leopard 1.1.019	weak		7	true	35	6256.000	1084.000	35	1750.000	0.000	3457.000	1040.000	10	10003	0.251	0.664	10.264	35	0	0	0.782	0.315	43	268	1	267	267	2	26	0	0	0	8	0	256	T?/M?	live	0	0	0	650	221.171	400.000	135.800	305	0	224	2	3	266	8	0	0		0.8523	1.0000
3.7	exauge.Leopard 1.1.019	weak		8	true	35	6493.000	1465.000	35	1750.000	0.000	3639.000	1406.000	12	10150	0.250	0.673	9.592	35	0	0	0.810	0.427	50	275	1	275	275	0	25	0	0	0	4	0	266	T?/M?	live	0	0	0	650	209.929	650.000	140.000	330	2	232	1	4	275	4	0	0		0.8159	1.0000
3.7	exauge.Leopard 1.1.019	weak		9	true	35	6452.000	1338.000	35	1750.000	0.000	3594.000	1306.000	12	10127	0.250	0.660	9.181	35	0	0	0.805	0.408	37	269	0	269	269	1	21	0	0	0	6	0	266	T?/M?	live	0	0	0	650	186.097	625.000	139.343	304	0	228	1	4	269	6	0	0		0.8282	1.0000
3.7	exauge.Leopard 1.1.019	weak		10	true	35	6373.000	1244.000	35	1750.000	0.000	3551.000	1206.000	13	10229	0.245	0.656	11.511	35	0	0	0.785	0.371	39	279	1	279	279	3	22	0	0	0	8	0	271	T?/M?	live	0	0	0	650	212.006	425.000	142.257	324	0	234	2	3	276	8	0	0		0.8367	1.0000
3.7	exauge.Leopard 1.1.019	weak		11	true	35	6399.000	1209.000	35	1750.000	0.000	3577.000	1198.000	12	10167	0.253	0.654	8.105	35	0	0	0.800	0.375	19	270	3	270	270	2	31	0	0	0	7	0	270	T?/M?	live	0	0	0	650	200.046	400.000	140.486	366	0	223	2	3	270	7	0	0		0.8411	1.0000
3.7	exauge.Leopard 1.1.019	weak		12	true	35	6284.000	1067.000	35	1750.000	0.000	3474.000	1050.000	12	10019	0.254	0.721	9.827	35	0	0	0.802	0.327	24	270	3	270	270	2	28	0	0	0	3	0	257	T?/M?	live	0	0	0	650	204.254	400.000	136.257	324	0	220	2	4	270	3	0	0		0.8548	1.0000
3.7	exauge.Leopard 1.1.019	weak		13	true	35	6419.000	1291.000	35	1750.000	0.000	3563.000	1254.000	13	10093	0.248	0.670	9.669	35	0	0	0.822	0.396	43	269	3	269	269	3	21	0	0	0	0	0	263	T?/M?	live	0	0	0	650	206.609	600.000	138.371	360	7	227	3	2	269	0	0	0		0.8326	1.0000
3.7	exauge.Leopard 1.1.019	weak		14	true	35	6339.000	1659.000	34	1700.000	50.000	3569.000	1456.000	13	10258	0.243	0.616	8.767	35	0	0	0.813	0.597	64	277	0	263	263	7	30	0	0	0	0	0	274	T?/M?	live	0	0	0	650	205.129	600.000	143.086	314	2	221	3	3	263	0	0	0		0.7926	0.9714
3.7	exauge.Leopard 1.1.019	weak		15	true	35	6294.000	1102.000	35	1750.000	0.000	3493.000	1082.000	15	10101	0.240	0.661	8.866	35	0	0	0.783	0.329	23	265	2	265	265	3	19	0	0	0	8	0	266	T?/M?	live	0	0	0	650	203.817	400.000	138.600	339	0	221	2	3	263	8	0	0		0.8510	1.0000
3.7	exauge.Leopard 1.1.019	weak		16	true	35	6449.000	1424.000	35	1750.000	0.000	3558.000	1352.000	11	10096	0.254	0.681	11.139	35	0	0	0.793	0.418	65	269	3	269	269	5	24	0	0	0	8	0	262	T?/M?	live	0	0	0	650	209.974	625.000	138.457	301	0	228	2	1	269	8	0	0		0.8191	1.0000
3.7	fowl3628800.SitAndGo 1.0.0	weak		1	true	35	5236.000	50.000	35	1750.000	0.000	2613.000	50.000	11	15715	0.316	0.810	16.620	35	0	0	0.276	0.017	170	703	4	703	688	4	20	0	0	0	47	292	617	T?/M?	live	0	0	0	650	478.711	400.000	299.000	196	36	495	2	6	703	47	0	0		0.9905	1.0000
3.7	fowl3628800.SitAndGo 1.0.0	weak		2	true	35	5368.000	21.000	35	1750.000	0.000	2723.000	21.000	12	14448	0.298	0.776	14.327	35	0	0	0.344	0.007	146	622	1	623	614	3	13	0	0	0	30	0	536	T?/M?	live	0	0	0	650	477.080	400.000	262.800	196	24	428	2	5	623	29	0	0		0.9961	1.0000
3.7	fowl3628800.SitAndGo 1.0.0	weak		3	true	35	5240.000	41.000	35	1750.000	0.000	2616.000	41.000	9	15329	0.302	0.788	10.363	35	0	0	0.288	0.011	173	685	4	685	674	0	14	0	0	0	41	0	595	T?/M?	live	0	0	0	650	443.866	400.000	287.971	202	9	477	1	4	685	41	0	0		0.9922	1.0000
3.7	fowl3628800.SitAndGo 1.0.0	weak		4	true	35	5226.000	32.000	35	1750.000	0.000	2605.000	32.000	9	15358	0.308	0.780	15.414	35	0	0	0.302	0.014	174	681	2	681	670	4	14	0	0	0	32	0	601	T?/M?	live	0	0	0	650	466.203	400.000	288.800	234	35	441	2	3	681	31	0	0		0.9939	1.0000
3.7	fowl3628800.SitAndGo 1.0.0	weak		5	true	35	5168.000	68.000	35	1750.000	0.000	2557.000	68.000	55	15918	0.306	0.798	14.572	35	0	0	0.280	0.025	190	721	4	723	707	3	17	0	0	0	41	0	640	T?/M?	live	0	0	0	650	446.289	400.000	304.800	380	37	472	3	4	723	40	0	0		0.9870	1.0000
3.7	fowl3628800.SitAndGo 1.0.0	weak		6	true	35	5240.000	60.000	35	1750.000	0.000	2616.000	60.000	16	15296	0.277	0.712	134.524	35	0	0	0.301	0.187	148	672	5	632	616	3	18	0	0	0	28	0	599	T?/M?	live	0	0	0	650	445.323	400.000	287.029	137	81	447	3	4	632	27	0	0		0.9887	1.0000
3.7	fowl3628800.SitAndGo 1.0.0	weak		7	true	35	5339.000	50.000	35	1750.000	0.000	2699.000	50.000	13	14993	0.299	0.795	22.175	35	0	0	0.304	0.018	149	652	4	652	642	3	15	0	0	0	40	0	569	T?/M?	live	0	0	0	650	461.640	400.000	278.371	192	39	458	2	2	652	40	0	0		0.9907	1.0000
3.7	fowl3628800.SitAndGo 1.0.0	weak		8	true	35	5275.000	39.000	35	1750.000	0.000	2645.000	39.000	10	14810	0.271	0.744	15.245	35	0	0	0.322	0.016	178	653	0	653	641	5	10	0	0	0	35	503	563	T?/M?	live	0	0	0	650	471.740	400.000	273.143	250	44	436	2	4	653	34	0	0		0.9927	1.0000
3.7	fowl3628800.SitAndGo 1.0.0	weak		9	true	35	5284.000	59.000	35	1750.000	0.000	2653.000	59.000	10	15140	0.283	0.766	104.603	35	0	0	0.317	0.023	167	665	3	666	658	1	9	0	0	0	34	0	584	T?/M?	live	0	0	0	650	460.843	400.000	282.571	339	53	442	1	4	666	33	0	0		0.9890	1.0000
3.7	fowl3628800.SitAndGo 1.0.0	weak		10	true	35	5272.000	42.000	35	1750.000	0.000	2643.000	42.000	14	15259	0.291	0.791	15.764	35	0	0	0.309	0.014	159	677	3	677	662	5	22	0	0	0	41	0	589	T?/M?	live	0	0	0	650	479.217	400.000	285.971	254	16	459	2	3	677	40	0	0		0.9921	1.0000
3.7	fowl3628800.SitAndGo 1.0.0	weak		11	true	35	5267.000	22.000	35	1750.000	0.000	2639.000	22.000	12	14626	0.264	0.738	116.302	35	0	0	0.324	0.008	154	631	4	632	621	4	18	0	0	0	35	0	546	T?/M?	live	0	0	0	650	456.626	400.000	267.886	259	47	430	2	6	632	35	0	0		0.9958	1.0000
3.7	fowl3628800.SitAndGo 1.0.0	weak		12	true	35	5308.000	46.000	35	1750.000	0.000	2673.000	46.000	11	15207	0.253	0.692	9.531	35	0	0	0.307	0.016	147	667	6	668	652	2	18	0	0	0	28	0	589	T?/M?	live	0	0	0	650	454.043	400.000	284.486	233	88	458	2	3	668	28	0	0		0.9914	1.0000
3.7	fowl3628800.SitAndGo 1.0.0	weak		13	true	35	5139.000	47.000	35	1750.000	0.000	2532.000	47.000	11	16333	0.294	0.741	126.510	35	0	0	0.255	0.019	181	756	4	756	740	4	11	0	0	0	43	0	660	T?/M?	live	0	0	0	650	478.926	400.000	316.657	284	7	488	2	4	756	43	0	0		0.9909	1.0000
3.7	fowl3628800.SitAndGo 1.0.0	weak		14	true	35	5201.000	39.000	35	1750.000	0.000	2584.000	39.000	11	15731	0.286	0.753	16.169	35	0	0	0.293	0.012	172	699	4	700	685	6	9	0	0	0	32	0	627	T?/M?	live	0	0	0	650	458.677	400.000	299.457	275	71	475	3	5	700	32	0	0		0.9926	1.0000
3.7	fowl3628800.SitAndGo 1.0.0	weak		15	true	35	5265.000	39.000	35	1750.000	0.000	2638.000	39.000	12	15513	0.284	0.711	12.932	35	0	0	0.311	0.072	147	683	4	656	641	4	13	0	0	0	33	565	610	T?/M?	live	0	0	0	650	482.240	400.000	293.229	235	47	469	3	4	656	32	0	0		0.9926	1.0000
3.7	fowl3628800.SitAndGo 1.0.0	weak		16	true	35	5380.000	26.000	35	1750.000	0.000	2733.000	26.000	14	14189	0.278	0.759	18.513	35	0	0	0.394	0.013	144	592	3	593	585	7	19	0	0	0	30	0	524	T?/M?	live	0	0	0	650	469.214	400.000	255.400	212	81	400	3	4	593	29	0	0		0.9952	1.0000
3.7	gh.nano.Grofvuil 0.2	weak		1	true	35	5229.000	35.000	35	1750.000	0.000	2608.000	35.000	16	12836	0.225	0.680	10.842	35	0	0	0.408	0.007	7	470	3	470	470	1	11	0	0	0	39	159	436	T?/M?	live	0	0	0	650	338.200	400.000	216.743	438	0	286	3	4	470	39	0	0		0.9934	1.0000
3.7	gh.nano.Grofvuil 0.2	weak		2	true	35	5271.000	94.000	35	1750.000	0.000	2642.000	93.000	14	12902	0.238	0.712	9.914	35	0	0	0.392	0.019	11	477	5	478	477	2	12	0	0	0	45	324	441	T?/M?	live	0	0	0	650	343.177	400.000	218.629	363	0	310	3	1	478	45	0	0		0.9825	1.0000
3.7	gh.nano.Grofvuil 0.2	weak		3	true	35	5229.000	91.000	35	1750.000	0.000	2607.000	91.000	11	12943	0.250	0.700	9.417	35	0	0	0.392	0.015	12	478	2	478	478	0	11	0	0	0	38	338	444	T?/M?	live	0	0	0	650	361.597	400.000	219.800	344	0	314	1	4	478	38	0	0		0.9829	1.0000
3.7	gh.nano.Grofvuil 0.2	weak		4	true	35	5300.000	110.000	35	1750.000	0.000	2667.000	110.000	13	12660	0.246	0.709	9.628	35	0	0	0.415	0.026	18	463	1	464	463	3	23	0	0	0	43	0	428	T?/M?	live	0	0	0	650	361.951	400.000	211.714	364	0	295	3	5	464	43	0	0		0.9797	1.0000
3.7	gh.nano.Grofvuil 0.2	weak		5	true	35	5351.000	59.000	35	1750.000	0.000	2709.000	59.000	16	12064	0.242	0.712	10.179	35	0	0	0.442	0.010	7	404	2	405	404	3	11	0	0	0	27	0	392	T?/M?	live	0	0	0	650	337.174	400.000	194.686	375	0	259	3	4	405	27	0	0		0.9891	1.0000
3.7	gh.nano.Grofvuil 0.2	weak		6	true	35	5156.000	232.000	34	1700.000	50.000	2600.000	160.000	13	12836	0.236	0.662	9.808	35	0	0	0.422	0.251	15	459	4	413	413	4	9	0	0	0	29	0	443	T?/M?	live	0	0	0	650	350.037	400.000	216.743	247	0	274	3	3	413	26	0	0		0.9569	0.9714
3.7	gh.nano.Grofvuil 0.2	weak		7	true	35	5265.000	65.000	35	1750.000	0.000	2638.000	65.000	17	12431	0.238	0.718	74.915	35	0	0	0.414	0.010	16	440	4	440	440	3	10	0	0	0	36	21	407	T?/M?	live	0	0	0	650	349.857	400.000	205.171	305	0	282	2	3	440	36	0	0		0.9878	1.0000
3.7	gh.nano.Grofvuil 0.2	weak		8	true	35	5258.000	62.000	35	1750.000	0.000	2632.000	62.000	11	12466	0.242	0.729	10.451	35	0	0	0.412	0.011	17	440	2	441	440	0	8	0	0	0	45	379	411	T?/M?	live	0	0	0	650	344.929	400.000	206.171	306	0	293	1	118	441	45	0	0		0.9883	1.0000
3.7	gh.nano.Grofvuil 0.2	weak		9	true	35	5294.000	85.000	35	1750.000	0.000	2662.000	85.000	12	12623	0.259	0.719	10.275	35	0	0	0.419	0.016	11	451	4	451	450	0	12	0	0	0	35	396	430	T?/M?	live	0	0	0	650	331.657	400.000	210.657	342	0	293	1	4	451	35	0	0		0.9842	1.0000
3.7	gh.nano.Grofvuil 0.2	weak		10	true	35	5333.000	117.000	35	1750.000	0.000	2694.000	117.000	15	12151	0.253	0.733	14.003	35	0	0	0.437	0.029	19	415	2	415	414	2	10	0	0	0	32	0	391	T?/M?	live	0	0	0	650	340.937	400.000	197.171	238	0	283	2	4	415	31	0	0		0.9785	1.0000
3.7	gh.nano.Grofvuil 0.2	weak		11	true	35	5283.000	102.000	35	1750.000	0.000	2652.000	102.000	12	12653	0.248	0.711	10.645	35	0	0	0.417	0.017	9	452	3	452	452	1	13	0	0	0	35	365	426	T?/M?	live	0	0	0	650	343.200	400.000	211.514	376	0	293	1	3	452	35	0	0		0.9811	1.0000
3.7	gh.nano.Grofvuil 0.2	weak		12	true	35	5278.000	71.000	35	1750.000	0.000	2648.000	71.000	30	12444	0.242	0.740	10.200	35	0	0	0.425	0.012	10	436	3	437	436	2	11	0	0	0	42	399	411	T?/M?	live	0	0	0	650	350.814	400.000	205.543	345	0	274	3	4	437	42	0	0		0.9867	1.0000
3.7	gh.nano.Grofvuil 0.2	weak		13	true	35	5259.000	58.000	35	1750.000	0.000	2632.000	58.000	11	12846	0.250	0.721	9.944	35	0	0	0.387	0.014	12	473	4	476	473	2	18	0	0	0	28	0	440	T?/M?	live	0	0	0	650	354.031	400.000	217.029	339	0	296	2	3	476	28	0	0		0.9891	1.0000
3.7	gh.nano.Grofvuil 0.2	weak		14	true	35	5297.000	135.000	35	1750.000	0.000	2664.000	133.000	15	12545	0.245	0.728	10.276	35	0	0	0.409	0.022	22	450	3	451	450	4	10	0	0	0	39	358	423	T?/M?	live	0	0	0	650	346.814	400.000	208.429	409	0	288	3	4	451	39	0	0		0.9751	1.0000
3.7	gh.nano.Grofvuil 0.2	weak		15	true	35	5321.000	128.000	35	1750.000	0.000	2684.000	127.000	14	12539	0.252	0.734	9.092	35	0	0	0.419	0.021	10	441	2	442	441	3	15	0	0	0	29	0	416	T?/M?	live	0	0	0	650	360.334	400.000	208.257	333	0	289	3	3	442	29	0	0		0.9765	1.0000
3.7	gh.nano.Grofvuil 0.2	weak		16	true	35	5256.000	119.000	35	1750.000	0.000	2630.000	119.000	13	12834	0.263	0.763	9.175	35	0	0	0.401	0.028	17	466	1	467	465	3	20	0	0	0	44	426	441	T?/M?	live	0	0	0	650	345.429	400.000	216.686	355	0	301	2	5	467	44	0	0		0.9779	1.0000
3.7	gwah.GBotMarkIV 1.0	weak		1	true	35	5571.000	56.000	35	1750.000	0.000	2893.000	56.000	13	9785	0.164	0.601	221.168	35	0	0	0.765	0.021	4	230	1	231	230	5	7	0	0	0	7	0	238	T?/M?	live	0	0	0	650	196.594	400.000	129.571	347	28	189	2	3	231	7	0	0		0.9900	1.0000
3.7	gwah.GBotMarkIV 1.0	weak		2	true	35	5568.000	45.000	35	1750.000	0.000	2890.000	45.000	11	9791	0.164	0.557	10.388	35	0	0	0.751	0.016	5	232	0	232	232	3	4	0	0	0	5	0	238	T?/M?	live	0	0	0	650	204.911	400.000	129.743	273	21	193	2	3	232	5	0	0		0.9920	1.0000
3.7	gwah.GBotMarkIV 1.0	weak		3	true	35	5563.000	62.000	35	1750.000	0.000	2886.000	62.000	11	9886	0.194	0.648	10.750	35	0	0	0.747	0.019	6	246	0	246	246	1	9	0	0	0	11	0	246	T?/M?	live	0	0	0	650	206.466	400.000	132.457	309	57	192	1	4	246	11	0	0		0.9890	1.0000
3.7	gwah.GBotMarkIV 1.0	weak		4	true	35	5541.000	51.000	35	1750.000	0.000	2867.000	51.000	15	10001	0.190	0.584	10.975	35	0	0	0.746	0.004	3	251	4	235	235	3	5	0	0	0	11	0	256	T?/M?	live	0	0	0	650	228.466	400.000	135.743	251	27	188	3	2	235	10	0	0		0.9909	1.0000
3.7	gwah.GBotMarkIV 1.0	weak		5	true	35	5610.000	165.000	35	1750.000	0.000	2925.000	165.000	15	10020	0.186	0.609	39.692	35	0	0	0.768	0.180	6	249	0	230	230	5	18	0	0	0	5	0	258	T?/M?	live	0	0	0	650	215.749	400.000	136.286	339	19	177	3	4	230	4	0	0		0.9714	1.0000
3.7	gwah.GBotMarkIV 1.0	weak		6	true	35	5555.000	67.000	35	1750.000	0.000	2879.000	67.000	15	9931	0.179	0.571	11.786	35	0	0	0.772	0.147	7	239	1	220	220	4	8	0	0	0	4	0	252	T?/M?	live	0	0	0	650	214.866	400.000	133.743	315	10	179	3	1	220	4	0	0		0.9881	1.0000
3.7	gwah.GBotMarkIV 1.0	weak		7	true	35	5561.000	9.000	35	1750.000	0.000	2884.000	9.000	15	9687	0.178	0.580	7.901	35	0	0	0.766	0.004	6	233	0	233	233	3	12	0	0	0	4	0	232	T?/M?	live	0	0	0	650	213.360	400.000	126.771	338	8	185	2	2	233	4	0	0		0.9984	1.0000
3.7	gwah.GBotMarkIV 1.0	weak		8	true	35	5576.000	60.000	35	1750.000	0.000	2897.000	60.000	12	9869	0.182	0.609	11.844	35	0	0	0.746	0.020	9	236	2	236	236	1	5	0	0	0	3	0	245	T?/M?	live	0	0	0	650	217.403	400.000	131.971	269	38	184	1	49	236	3	0	0		0.9894	1.0000
3.7	gwah.GBotMarkIV 1.0	weak		9	true	35	5548.000	0.000	35	1750.000	0.000	2873.000	0.000	10	9752	0.182	0.605	10.139	35	0	0	0.759	0.000	6	231	0	231	231	3	11	0	0	0	6	0	236	T?/M?	live	0	0	0	650	205.971	400.000	128.629	317	31	194	2	3	231	6	0	0		1.0000	1.0000
3.7	gwah.GBotMarkIV 1.0	weak		10	true	35	5543.000	67.000	35	1750.000	0.000	2869.000	67.000	14	10032	0.192	0.600	12.271	35	0	0	0.738	0.042	7	251	0	237	237	4	11	0	0	0	8	0	257	T?/M?	live	0	0	0	650	225.257	400.000	136.629	292	24	188	3	2	237	6	0	0		0.9881	1.0000
3.7	gwah.GBotMarkIV 1.0	weak		11	true	35	5565.000	8.000	35	1750.000	0.000	2887.000	8.000	12	9707	0.173	0.618	10.212	35	0	0	0.763	0.008	5	230	4	230	230	1	16	0	0	0	4	0	233	T?/M?	live	0	0	0	650	216.454	400.000	127.343	274	8	186	1	2	230	4	0	0		0.9986	1.0000
3.7	gwah.GBotMarkIV 1.0	weak		12	true	35	5579.000	75.000	35	1750.000	0.000	2899.000	75.000	16	9908	0.176	0.641	10.937	35	0	0	0.751	0.028	10	242	0	243	242	5	10	0	0	0	7	0	248	T?/M?	live	0	0	0	650	222.889	400.000	133.086	271	40	190	3	4	243	7	0	0		0.9867	1.0000
3.7	gwah.GBotMarkIV 1.0	weak		13	true	35	5554.000	16.000	35	1750.000	0.000	2878.000	16.000	16	9839	0.178	0.620	11.345	35	0	0	0.746	0.006	4	239	2	239	239	5	3	0	0	0	7	0	242	T?/M?	live	0	0	0	650	223.791	400.000	131.114	325	15	194	3	3	239	7	0	0		0.9971	1.0000
3.7	gwah.GBotMarkIV 1.0	weak		14	true	35	5550.000	16.000	35	1750.000	0.000	2875.000	16.000	12	9762	0.178	0.614	11.365	35	0	0	0.765	0.003	3	237	0	237	237	4	5	0	0	0	5	0	238	T?/M?	live	0	0	0	650	206.180	400.000	128.914	308	35	189	3	3	237	5	0	0		0.9971	1.0000
3.7	gwah.GBotMarkIV 1.0	weak		15	true	35	5577.000	48.000	35	1750.000	0.000	2897.000	48.000	12	9832	0.174	0.618	10.323	35	0	0	0.746	0.019	9	238	0	238	238	1	4	0	0	0	5	0	243	T?/M?	live	0	0	0	650	224.474	400.000	130.914	272	32	185	2	2	238	5	0	0		0.9915	1.0000
3.7	gwah.GBotMarkIV 1.0	weak		16	true	35	5411.000	173.000	34	1700.000	50.000	2810.000	96.000	15	9755	0.173	0.585	12.306	35	0	0	0.741	0.008	5	229	2	221	221	148	7	0	0	0	6	0	238	T?/M?	live	0	0	0	650	221.463	400.000	128.714	294	26	180	3	3	221	6	0	0		0.9690	0.9714
3.7	japs.Serenity 1.0	weak		1	true	35	6205.000	5.000	35	1750.000	0.000	3408.000	0.000	12	21326	0.226	0.702	11.308	35	0	0	0.305	0.000	48	0	0	4	0	2	0	0	0	0	0	0	1064	T?/M?	live	0	0	0	650	498.571	650.000	459.314	0	44	309	3	4	4	0	0	0		0.9992	1.0000
3.7	japs.Serenity 1.0	weak		2	true	35	6207.000	11.000	35	1750.000	0.000	3405.000	0.000	13	22084	0.192	0.646	14.321	35	0	0	0.288	0.000	39	0	0	2	0	3	0	0	0	0	0	0	1111	T?/M?	live	0	0	0	650	520.826	650.000	480.971	0	0	239	2	4	2	0	0	0		0.9982	1.0000
3.7	japs.Serenity 1.0	weak		3	true	35	6165.000	0.000	35	1750.000	0.000	3387.000	0.000	12	24634	0.210	0.692	14.584	35	0	0	0.283	0.000	64	0	0	6	0	2	0	0	0	0	0	0	1311	T?/M?	live	0	0	0	650	526.900	650.000	553.829	0	47	315	2	11	6	0	0	0		1.0000	1.0000
3.7	japs.Serenity 1.0	weak		4	true	35	6206.000	20.000	35	1750.000	0.000	3401.000	0.000	9	21789	0.193	0.656	14.637	35	0	0	0.308	0.000	52	0	0	2	0	2	0	0	0	0	0	0	1114	T?/M?	live	0	0	0	650	518.646	650.000	472.543	4	37	177	2	4	2	0	0	0		0.9968	1.0000
3.7	japs.Serenity 1.0	weak		5	true	35	6194.000	2.000	35	1750.000	0.000	3411.000	0.000	12	21757	0.189	0.634	13.827	35	0	0	0.312	0.000	35	0	0	2	0	5	0	0	0	0	0	0	1103	T?/M?	live	0	0	0	650	517.789	650.000	471.629	0	38	158	2	3	2	0	0	0		0.9997	1.0000
3.7	japs.Serenity 1.0	weak		6	true	35	6098.000	109.000	34	1700.000	50.000	3334.000	0.000	7	24465	0.194	0.659	14.780	34	0	0	0.301	0.000	74	0	0	78	0	2	0	0	0	0	0	0	1075	T?/M?	live	0	0	0	650	518.209	650.000	472.765	0	0	136	2	2	3	0	0	0		0.9824	0.9714
3.7	japs.Serenity 1.0	weak		7	true	35	6176.000	28.000	35	1750.000	0.000	3369.000	0.000	12	20763	0.196	0.658	20.787	35	0	0	0.322	0.000	57	0	0	4	0	3	0	0	0	0	0	0	1031	T?/M?	live	0	0	0	650	526.769	650.000	443.229	0	41	130	2	4	4	0	0	0		0.9955	1.0000
3.7	japs.Serenity 1.0	weak		8	true	35	6196.000	13.000	35	1750.000	0.000	3399.000	0.000	12	21699	0.216	0.693	14.091	35	0	0	0.301	0.000	47	0	0	4	0	2	0	0	0	0	0	0	1093	T?/M?	live	0	0	0	650	519.923	650.000	469.971	0	43	191	2	4	4	0	0	0		0.9979	1.0000
3.7	japs.Serenity 1.0	weak		9	true	35	6203.000	1.000	35	1750.000	0.000	3418.000	0.000	11	20293	0.229	0.698	12.801	35	0	0	0.313	0.000	31	0	0	2	0	5	0	0	0	0	0	0	975	T?/M?	live	0	0	0	650	495.346	650.000	429.800	0	0	296	2	4	2	0	0	0		0.9998	1.0000
3.7	japs.Serenity 1.0	weak		10	true	35	6211.000	13.000	35	1750.000	0.000	3420.000	0.000	13	20893	0.224	0.690	16.344	35	0	0	0.295	0.000	34	0	0	5	0	4	0	0	0	0	0	0	1018	T?/M?	live	0	0	0	650	521.403	650.000	446.943	0	23	294	3	3	5	0	0	0		0.9979	1.0000
3.7	japs.Serenity 1.0	weak		11	true	35	6220.000	1.000	35	1750.000	0.000	3425.000	0.000	15	20959	0.218	0.696	16.083	35	0	0	0.321	0.000	37	0	0	3	0	3	0	0	0	0	0	0	1044	T?/M?	live	0	0	0	650	504.180	650.000	448.829	6	37	233	2	5	3	0	0	0		0.9998	1.0000
3.7	japs.Serenity 1.0	weak		12	true	35	6212.000	0.000	35	1750.000	0.000	3425.000	0.000	12	22021	0.225	0.707	11.350	35	0	0	0.305	0.000	43	0	0	3	0	4	0	0	0	0	0	0	1121	T?/M?	live	0	0	0	650	512.746	650.000	479.171	0	39	242	2	2	3	0	0	0		1.0000	1.0000
3.7	japs.Serenity 1.0	weak		13	true	35	6200.000	0.000	35	1750.000	0.000	3417.000	0.000	12	22517	0.207	0.671	36.186	35	0	0	0.292	0.000	42	0	0	1	0	4	0	0	0	0	0	0	1147	T?/M?	live	0	0	0	650	519.594	650.000	493.343	0	0	242	3	2	1	0	0	0		1.0000	1.0000
3.7	japs.Serenity 1.0	weak		14	true	35	6204.000	16.000	35	1750.000	0.000	3412.000	0.000	14	21835	0.208	0.675	53.055	35	0	0	0.291	0.000	40	0	0	3	0	7	0	0	0	0	0	0	1088	T?/M?	live	0	0	0	650	519.257	650.000	473.857	0	63	286	2	3	3	0	0	0		0.9974	1.0000
3.7	japs.Serenity 1.0	weak		15	true	35	6216.000	35.000	35	1750.000	0.000	3395.000	0.000	13	21576	0.201	0.671	16.538	35	0	0	0.314	0.000	55	0	0	2	0	5	0	0	0	0	0	0	1087	T?/M?	live	0	0	0	650	529.326	650.000	466.457	0	0	156	2	2	2	0	0	0		0.9944	1.0000
3.7	japs.Serenity 1.0	weak		16	true	35	6203.000	0.000	35	1750.000	0.000	3419.000	0.000	13	20821	0.206	0.666	47.560	35	0	0	0.320	0.000	29	0	0	5	0	5	0	0	0	0	0	0	1033	T?/M?	live	0	0	0	650	527.826	650.000	444.886	1	31	178	2	3	5	0	0	0		1.0000	1.0000
3.7	jeremyreeder.Bully 1	weak		1	true	35	5610.000	537.000	34	1700.000	50.000	2952.000	377.000	15	9622	0.204	0.541	8.404	35	0	0	0.798	0.239	26	220	0	210	210	3	12	0	0	0	0	0	236	T?/M?	live	0	0	0	650	214.720	400.000	124.914	385	6	181	3	2	208	0	0	0		0.9126	0.9714
3.7	jeremyreeder.Bully 1	weak		2	true	35	5628.000	200.000	35	1750.000	0.000	2933.000	144.000	14	9336	0.225	0.609	8.957	35	0	0	0.830	0.042	40	206	0	206	206	2	13	0	0	0	1	0	217	T?/M?	live	0	0	0	650	203.200	400.000	116.743	423	8	175	3	3	203	1	0	0		0.9657	1.0000
3.7	jeremyreeder.Bully 1	weak		3	true	35	5662.000	217.000	35	1750.000	0.000	2967.000	214.000	12	9383	0.214	0.589	62.871	35	0	0	0.818	0.062	9	212	1	212	212	1	8	0	0	0	1	0	218	T?/M?	live	0	0	0	650	220.514	400.000	118.086	373	8	186	2	5	212	1	0	0		0.9631	1.0000
3.7	jeremyreeder.Bully 1	weak		4	true	35	5655.000	204.000	35	1750.000	0.000	2963.000	200.000	11	9394	0.204	0.574	9.348	35	0	0	0.812	0.057	6	209	2	209	209	2	9	0	0	0	1	0	220	T?/M?	live	0	0	0	650	195.680	400.000	118.400	423	13	186	2	2	208	1	0	0		0.9652	1.0000
3.7	jeremyreeder.Bully 1	weak		5	true	35	5687.000	262.000	35	1750.000	0.000	2965.000	224.000	15	9364	0.201	0.541	7.790	35	0	0	0.815	0.067	30	207	2	207	207	4	14	0	0	0	0	0	218	T?/M?	live	0	0	0	650	204.700	400.000	117.543	429	2	185	3	3	205	0	0	0		0.9560	1.0000
3.7	jeremyreeder.Bully 1	weak		6	true	35	5623.000	164.000	35	1750.000	0.000	2927.000	144.000	14	9388	0.223	0.600	10.209	35	0	0	0.817	0.035	17	208	1	208	208	2	8	0	0	0	0	0	221	T?/M?	live	0	0	0	650	193.791	400.000	118.229	415	7	180	3	3	206	0	0	0		0.9717	1.0000
3.7	jeremyreeder.Bully 1	weak		7	true	35	5626.000	146.000	35	1750.000	0.000	2933.000	128.000	22	9351	0.219	0.591	10.712	35	0	0	0.807	0.036	18	203	0	203	203	3	13	0	0	0	1	0	217	T?/M?	live	0	0	0	650	203.080	400.000	117.171	364	7	183	3	3	202	1	0	0		0.9747	1.0000
3.7	jeremyreeder.Bully 1	weak		8	true	35	5603.000	221.000	35	1750.000	0.000	2916.000	160.000	9	9310	0.223	0.590	10.162	35	0	0	0.824	0.043	46	211	0	211	211	1	13	0	0	0	0	0	214	T?/M?	live	0	0	0	650	207.506	400.000	116.000	428	8	183	1	4	211	0	0	0		0.9621	1.0000
3.7	jeremyreeder.Bully 1	weak		9	true	35	5604.000	158.000	35	1750.000	0.000	2900.000	96.000	11	9298	0.226	0.615	9.361	35	0	0	0.819	0.039	49	205	0	205	205	1	7	0	0	0	0	0	213	T?/M?	live	0	0	0	650	223.583	400.000	115.657	389	10	178	1	3	205	0	0	0		0.9726	1.0000
3.7	jeremyreeder.Bully 1	weak		10	true	35	5652.000	205.000	35	1750.000	0.000	2956.000	180.000	13	9421	0.227	0.598	9.602	35	0	0	0.806	0.056	20	210	0	210	210	3	7	0	0	0	1	0	222	T?/M?	live	0	0	0	650	189.540	400.000	119.171	397	11	186	3	4	208	1	0	0		0.9650	1.0000
3.7	jeremyreeder.Bully 1	weak		11	true	35	5709.000	303.000	35	1750.000	0.000	2993.000	272.000	12	9393	0.222	0.601	16.216	35	0	0	0.824	0.073	23	211	0	211	211	1	8	0	0	0	1	0	220	T?/M?	live	0	0	0	650	197.700	400.000	118.371	418	3	182	2	2	209	1	0	0		0.9496	1.0000
3.7	jeremyreeder.Bully 1	weak		12	true	35	5564.000	378.000	34	1700.000	50.000	2919.000	237.000	16	9429	0.217	0.596	9.055	35	0	0	0.824	0.185	16	209	0	200	200	5	9	0	0	0	2	0	224	T?/M?	live	0	0	0	650	215.249	400.000	119.400	372	5	175	3	2	199	2	0	0		0.9364	0.9714
3.7	jeremyreeder.Bully 1	weak		13	true	35	5684.000	242.000	35	1750.000	0.000	2959.000	208.000	10	9420	0.241	0.648	9.818	35	0	0	0.809	0.061	28	209	1	209	209	2	9	0	0	0	2	0	220	T?/M?	live	0	0	0	650	223.603	400.000	119.143	391	4	188	2	1	209	2	0	0		0.9592	1.0000
3.7	jeremyreeder.Bully 1	weak		14	true	35	5617.000	140.000	35	1750.000	0.000	2931.000	132.000	13	9388	0.234	0.633	9.818	35	0	0	0.819	0.041	8	211	1	211	211	4	7	0	0	0	1	0	219	T?/M?	live	0	0	0	650	204.989	400.000	118.229	398	12	179	2	4	210	1	0	0		0.9757	1.0000
3.7	jeremyreeder.Bully 1	weak		15	true	35	5648.000	173.000	35	1750.000	0.000	2935.000	144.000	12	9343	0.224	0.615	50.480	35	0	0	0.826	0.039	22	204	2	203	203	4	7	0	0	0	2	0	217	T?/M?	live	0	0	0	650	201.371	400.000	116.943	396	4	177	3	3	202	2	0	0		0.9703	1.0000
3.7	jeremyreeder.Bully 1	weak		16	true	35	5708.000	513.000	35	1750.000	0.000	2964.000	350.000	14	9534	0.219	0.582	8.004	35	0	0	0.830	0.203	64	209	2	202	202	5	17	0	0	0	0	0	229	T?/M?	live	0	0	0	650	227.400	400.000	122.400	323	14	177	3	3	197	0	0	0		0.9175	1.0000
3.7	jgap.JGAP7247_2 1.0	weak		1	true	35	4931.000	274.000	35	1750.000	0.000	2359.000	272.000	16	12482	0.265	0.743	9.643	35	0	0	0.404	0.040	133	309	3	305	289	3	29	0	0	0	18	0	424	T?/M?	live	0	0	0	650	447.531	400.000	206.629	430	177	270	3	4	305	18	0	0		0.9474	1.0000
3.7	jgap.JGAP7247_2 1.0	weak		2	true	35	4831.000	225.000	35	1750.000	0.000	2275.000	225.000	13	12658	0.272	0.783	9.916	35	0	0	0.362	0.033	180	324	1	345	322	5	18	0	0	0	15	0	430	T?/M?	live	0	0	0	650	438.514	400.000	211.657	347	213	304	3	3	345	15	0	0		0.9555	1.0000
3.7	jgap.JGAP7247_2 1.0	weak		3	true	35	4984.000	208.000	35	1750.000	0.000	2403.000	208.000	12	12252	0.218	0.725	8.497	35	0	0	0.398	0.030	145	301	2	316	301	1	14	0	0	0	18	0	401	T?/M?	live	0	0	0	650	424.631	400.000	200.057	400	150	284	2	5	316	18	0	0		0.9599	1.0000
3.7	jgap.JGAP7247_2 1.0	weak		4	true	35	4612.000	112.000	35	1750.000	0.000	2093.000	112.000	11	13135	0.227	0.724	9.327	35	0	0	0.320	0.017	196	352	2	371	352	3	16	0	0	0	21	0	460	T?/M?	live	0	0	0	650	445.526	400.000	225.286	414	151	318	3	6	371	21	0	0		0.9763	1.0000
3.7	jgap.JGAP7247_2 1.0	weak		5	true	35	4895.000	186.000	35	1750.000	0.000	2329.000	186.000	13	12392	0.248	0.767	10.157	35	0	0	0.393	0.035	151	311	2	328	311	3	14	0	0	0	14	0	412	T?/M?	live	0	0	0	650	433.520	400.000	204.057	395	91	288	3	4	328	14	0	0		0.9634	1.0000
3.7	jgap.JGAP7247_2 1.0	weak		6	true	35	4900.000	256.000	35	1750.000	0.000	2334.000	256.000	13	12586	0.280	0.801	9.178	35	0	0	0.372	0.041	161	319	2	340	319	3	18	0	0	0	8	0	420	T?/M?	live	0	0	0	650	493.234	400.000	209.600	365	141	309	3	5	340	8	0	0		0.9503	1.0000
3.7	jgap.JGAP7247_2 1.0	weak		7	true	35	4965.000	304.000	35	1750.000	0.000	2387.000	304.000	17	12485	0.249	0.721	8.842	35	0	0	0.393	0.099	160	312	1	311	297	7	14	0	0	0	23	0	424	T?/M?	live	0	0	0	650	407.129	400.000	206.714	226	210	296	3	3	311	23	0	0		0.9423	1.0000
3.7	jgap.JGAP7247_2 1.0	weak		8	true	35	5035.000	144.000	35	1750.000	0.000	2446.000	144.000	11	12016	0.241	0.755	9.299	35	0	0	0.407	0.022	129	286	1	298	286	3	14	0	0	0	26	0	388	T?/M?	live	0	0	0	650	441.746	400.000	193.314	204	140	281	2	5	298	26	0	0		0.9722	1.0000
3.7	jgap.JGAP7247_2 1.0	weak		9	true	35	4859.000	112.000	35	1750.000	0.000	2299.000	112.000	16	12278	0.249	0.781	10.412	35	0	0	0.384	0.015	158	301	2	323	301	0	13	0	0	0	14	0	401	T?/M?	live	0	0	0	650	455.586	400.000	200.800	309	171	295	1	5	323	14	0	0		0.9775	1.0000
3.7	jgap.JGAP7247_2 1.0	weak		10	true	35	4889.000	160.000	35	1750.000	0.000	2325.000	160.000	13	12620	0.276	0.808	118.906	35	0	0	0.380	0.022	130	320	1	336	319	5	22	0	0	0	24	0	429	T?/M?	live	0	0	0	650	455.497	400.000	210.571	425	174	285	2	3	336	24	0	0		0.9683	1.0000
3.7	jgap.JGAP7247_2 1.0	weak		11	true	35	4986.000	336.000	35	1750.000	0.000	2405.000	336.000	13	12144	0.274	0.839	10.091	35	0	0	0.413	0.051	194	296	3	310	295	4	10	0	0	0	8	0	396	T?/M?	live	0	0	0	650	432.891	400.000	196.971	252	96	290	2	428	310	8	0	0		0.9369	1.0000
3.7	jgap.JGAP7247_2 1.0	weak		12	true	35	4765.000	340.000	34	1700.000	50.000	2276.000	263.000	15	12588	0.267	0.744	25.244	35	0	0	0.384	0.171	160	321	3	322	296	5	15	0	0	0	17	0	433	T?/M?	live	0	0	0	650	452.169	400.000	209.657	270	155	270	3	4	322	15	0	0		0.9334	0.9714
3.7	jgap.JGAP7247_2 1.0	weak		13	true	35	4963.000	193.000	35	1750.000	0.000	2386.000	193.000	15	12096	0.240	0.716	9.595	35	0	0	0.405	0.060	140	293	3	297	273	6	18	0	0	0	14	0	393	T?/M?	live	0	0	0	650	418.820	400.000	195.600	222	123	270	3	4	297	12	0	0		0.9626	1.0000
3.7	jgap.JGAP7247_2 1.0	weak		14	true	35	4968.000	161.000	35	1750.000	0.000	2390.000	161.000	13	12237	0.225	0.734	12.949	35	0	0	0.413	0.026	152	296	3	314	296	4	12	0	0	0	19	0	405	T?/M?	live	0	0	0	650	435.883	400.000	199.629	344	277	284	3	3	313	18	0	0		0.9686	1.0000
3.7	jgap.JGAP7247_2 1.0	weak		15	true	35	4901.000	176.000	35	1750.000	0.000	2334.000	176.000	16	12364	0.253	0.717	9.126	35	0	0	0.386	0.027	139	310	4	309	295	6	15	0	0	0	21	0	408	T?/M?	live	0	0	0	650	441.020	400.000	203.257	287	91	289	3	4	309	20	0	0		0.9653	1.0000
3.7	jgap.JGAP7247_2 1.0	weak		16	true	35	4952.000	224.000	35	1750.000	0.000	2376.000	224.000	12	12006	0.237	0.745	9.651	35	0	0	0.413	0.036	163	287	2	309	287	7	19	0	0	0	11	0	384	T?/M?	live	0	0	0	650	448.654	400.000	193.029	324	123	264	2	5	309	11	0	0		0.9567	1.0000
3.7	kc.micro.Needle 0.101	mid		1	true	35	3817.000	739.000	34	1700.000	50.000	1482.000	667.000	12	25574	0.495	1.012	82.439	35	0	0	0.138	0.054	48	1298	2	1298	1298	4	15	0	0	0	131	571	1448	T?/M?	live	0	0	0	650	449.277	575.000	580.686	440	0	72	3	7	1298	131	0	0		0.8378	0.9714
3.7	kc.micro.Needle 0.101	mid		2	true	35	3482.000	924.000	33	1650.000	100.000	1257.000	778.000	9	28986	0.577	1.090	40.031	35	0	0	0.125	0.058	73	1485	1	1485	1485	1	16	0	0	0	147	1546	1743	T?/M?	live	0	0	0	650	457.734	650.000	678.171	165	0	34	2	6	1485	147	0	0		0.7903	0.9429
3.7	kc.micro.Needle 0.101	mid		3	true	35	3367.000	1286.000	29	1450.000	300.000	1381.000	861.000	13	28383	0.612	1.165	15.768	35	0	0	0.129	0.065	67	1463	0	1463	1463	1	13	0	0	0	135	1009	1703	T?/M?	live	0	0	0	650	419.511	400.000	660.943	295	0	34	1	460	1463	135	0	0		0.7236	0.8286
3.7	kc.micro.Needle 0.101	mid		4	true	35	3473.000	1430.000	29	1450.000	300.000	1470.000	1016.000	12	27999	0.534	1.176	17.124	35	0	0	0.142	0.075	75	1424	2	1425	1424	4	25	0	0	0	130	1056	1643	T?/M?	live	0	0	0	650	410.057	400.000	649.971	383	0	96	3	7	1424	130	0	0		0.7083	0.8286
3.7	kc.micro.Needle 0.101	mid		5	true	35	3497.000	1132.000	32	1600.000	150.000	1335.000	912.000	9	28808	0.550	1.135	16.082	35	0	0	0.121	0.070	66	1436	0	1444	1435	1	16	0	0	0	119	1687	1744	T?/M?	live	0	0	0	650	454.626	650.000	673.086	352	2	12	2	8	1444	119	0	0		0.7555	0.9143
3.7	kc.micro.Needle 0.101	mid		6	true	35	3607.000	1126.000	31	1550.000	200.000	1470.000	847.000	11	26859	0.590	1.165	16.241	35	0	0	0.148	0.059	74	1431	0	1431	1431	3	19	0	0	0	151	1562	1581	T?/M?	live	0	0	0	650	443.380	450.000	617.400	363	0	140	2	7	1431	151	0	0		0.7621	0.8857
3.7	kc.micro.Needle 0.101	mid		7	true	35	3716.000	1012.000	32	1600.000	150.000	1508.000	800.000	11	25986	0.534	1.032	16.695	35	0	0	0.146	0.064	48	1353	4	1353	1353	2	20	0	0	0	122	1295	1482	T?/M?	live	0	0	0	650	397.883	400.000	592.457	406	0	62	2	7	1350	122	0	0		0.7860	0.9143
3.7	kc.micro.Needle 0.101	mid		8	true	35	3844.000	695.000	35	1750.000	0.000	1454.000	694.000	9	26299	0.522	0.998	16.640	35	0	0	0.133	0.055	38	1363	1	1363	1363	2	18	0	0	0	140	1491	1509	T?/M?	live	0	0	0	650	442.169	525.000	601.400	455	0	25	1	2475	1363	140	0	0		0.8469	1.0000
3.7	kc.micro.Needle 0.101	mid		9	true	35	4081.000	791.000	35	1750.000	0.000	1655.000	791.000	9	26306	0.516	1.093	15.741	35	0	0	0.153	0.067	60	1290	0	1293	1290	0	16	0	0	0	131	1482	1504	T?/M?	live	0	0	0	650	400.051	400.000	601.600	258	1	126	1	7	1293	131	0	0		0.8376	1.0000
3.7	kc.micro.Needle 0.101	mid		10	true	35	3660.000	1077.000	31	1550.000	200.000	1518.000	790.000	11	26865	0.576	1.144	15.857	35	0	0	0.147	0.061	69	1346	3	1347	1346	2	27	0	0	0	99	1513	1571	T?/M?	live	0	0	0	650	421.351	400.000	617.571	257	1	144	2	7	1341	99	0	0		0.7726	0.8857
3.7	kc.micro.Needle 0.101	mid		11	true	35	3254.000	1407.000	30	1500.000	250.000	1220.000	1054.000	11	31526	0.661	1.278	22.149	35	0	0	0.123	0.069	113	1594	2	1594	1594	3	22	0	0	0	158	1951	1986	T?/M?	live	0	0	0	650	453.914	650.000	750.743	432	0	46	2	9	1592	158	0	0		0.6981	0.8571
3.7	kc.micro.Needle 0.101	mid		12	true	35	3619.000	1349.000	30	1500.000	250.000	1539.000	989.000	10	27125	0.577	1.176	22.173	35	0	0	0.144	0.077	58	1384	4	1384	1384	2	26	0	0	0	141	1244	1581	T?/M?	live	0	0	0	650	408.051	450.000	625.000	284	0	75	2	5	1378	141	0	0		0.7285	0.8571
3.7	kc.micro.Needle 0.101	mid		13	true	35	3907.000	693.000	35	1750.000	0.000	1505.000	693.000	12	27212	0.546	1.046	19.047	35	0	0	0.131	0.055	50	1360	2	1360	1360	3	16	0	0	0	125	909	1588	T?/M?	live	0	0	0	650	444.154	575.000	627.486	612	0	75	3	7	1360	125	0	0		0.8493	1.0000
3.7	kc.micro.Needle 0.101	mid		14	true	35	3359.000	1012.000	31	1550.000	200.000	1268.000	727.000	9	28355	0.541	1.051	16.197	35	0	0	0.123	0.053	54	1438	2	1438	1438	3	18	0	0	0	134	1670	1694	T?/M?	live	0	0	0	650	452.143	650.000	660.143	244	0	67	3	6	1438	134	0	0		0.7685	0.8857
3.7	kc.micro.Needle 0.101	mid		15	true	35	3605.000	1227.000	31	1550.000	200.000	1463.000	942.000	8	27054	0.600	1.145	14.959	34	0	0	0.142	0.216	48	1392	3	1351	1351	6	24	0	0	0	121	588	1509	T?/M?	live	0	0	0	650	433.821	400.000	615.235	429	0	128	3	9	1282	120	0	0		0.7461	0.8857
3.7	kc.micro.Needle 0.101	mid		16	true	35	3585.000	936.000	32	1600.000	150.000	1398.000	728.000	10	27130	0.544	1.051	15.123	35	0	0	0.126	0.056	49	1420	1	1420	1420	3	11	0	0	0	154	1567	1582	T?/M?	live	0	0	0	650	454.274	650.000	625.143	500	0	31	2	6	1415	154	0	0		0.7930	0.9143
3.7	kinsen.nano.Quarrelet 1.0	lower		1	true	35	3642.000	852.000	35	1750.000	0.000	1285.000	852.000	14	20025	0.453	0.971	23.723	35	0	0	0.139	0.064	85	840	4	844	835	60	18	0	0	0	61	0	1005	T?/M?	live	0	0	0	650	502.446	650.000	422.143	671	577	174	3	7	844	61	0	0		0.8104	1.0000
3.7	kinsen.nano.Quarrelet 1.0	lower		2	true	35	3691.000	967.000	34	1700.000	50.000	1382.000	890.000	13	19199	0.455	0.974	70.283	35	0	0	0.160	0.064	111	800	0	809	799	3	19	0	0	0	50	0	954	T?/M?	live	0	0	0	650	511.786	650.000	398.543	712	408	188	2	7	809	50	0	0		0.7924	0.9714
3.7	kinsen.nano.Quarrelet 1.0	lower		3	true	35	3684.000	881.000	34	1700.000	50.000	1371.000	807.000	9	18711	0.425	0.963	15.405	35	0	0	0.153	0.062	98	766	5	777	765	0	14	0	0	0	49	0	904	T?/M?	live	0	0	0	650	509.694	650.000	384.600	736	481	107	1	5	777	49	0	0		0.8070	0.9714
3.7	kinsen.nano.Quarrelet 1.0	lower		4	true	35	3574.000	902.000	33	1650.000	100.000	1334.000	756.000	15	19054	0.465	0.967	15.073	35	0	0	0.157	0.054	95	802	3	810	799	6	16	0	0	0	74	339	935	T?/M?	live	0	0	0	650	508.074	650.000	394.400	673	271	164	3	6	810	74	0	0		0.7985	0.9429
3.7	kinsen.nano.Quarrelet 1.0	lower		5	true	35	3864.000	792.000	35	1750.000	0.000	1470.000	792.000	14	18656	0.473	0.977	14.854	35	0	0	0.160	0.061	85	766	3	776	766	4	6	0	0	0	49	50	895	T?/M?	live	0	0	0	650	471.131	400.000	383.029	628	385	186	3	5	776	49	0	0		0.8299	1.0000
3.7	kinsen.nano.Quarrelet 1.0	lower		6	true	35	3643.000	1017.000	32	1600.000	150.000	1453.000	793.000	12	18221	0.454	0.984	16.805	35	0	0	0.167	0.058	89	733	3	749	731	3	21	0	0	0	51	0	855	T?/M?	live	0	0	0	650	476.594	550.000	370.600	727	467	238	2	7	749	51	0	0		0.7818	0.9143
3.7	kinsen.nano.Quarrelet 1.0	lower		7	true	35	3450.000	1017.000	32	1600.000	150.000	1285.000	796.000	13	19308	0.455	0.975	18.150	35	0	0	0.167	0.052	129	807	5	815	804	5	17	0	0	0	61	567	950	T?/M?	live	0	0	0	650	502.823	575.000	401.657	654	464	191	2	510	804	60	0	0		0.7723	0.9143
3.7	kinsen.nano.Quarrelet 1.0	lower		8	true	35	3386.000	1050.000	31	1550.000	200.000	1287.000	751.000	13	19277	0.438	0.943	14.644	35	0	0	0.151	0.048	87	806	3	813	805	3	16	0	0	0	66	522	949	T?/M?	live	0	0	0	650	468.334	400.000	400.771	696	315	184	2	7	813	66	0	0		0.7633	0.8857
3.7	kinsen.nano.Quarrelet 1.0	lower		9	true	35	3552.000	787.000	34	1700.000	50.000	1262.000	712.000	9	19185	0.454	0.975	15.153	35	0	0	0.155	0.048	105	796	6	811	795	1	14	0	0	0	59	0	955	T?/M?	live	0	0	0	650	501.474	400.000	398.143	713	444	103	1	21	811	59	0	0		0.8186	0.9714
3.7	kinsen.nano.Quarrelet 1.0	lower		10	true	35	3530.000	952.000	33	1650.000	100.000	1293.000	805.000	12	19530	0.461	0.992	44.938	35	0	0	0.143	0.056	81	814	2	821	813	3	16	0	0	0	57	432	979	T?/M?	live	0	0	0	650	497.331	650.000	408.000	740	464	114	2	4	821	57	0	0		0.7876	0.9429
3.7	kinsen.nano.Quarrelet 1.0	lower		11	true	35	3358.000	962.000	33	1650.000	100.000	1156.000	811.000	12	20085	0.467	0.992	15.266	35	0	0	0.149	0.052	122	854	0	861	854	3	20	0	0	0	53	294	1037	T?/M?	live	0	0	0	650	503.180	650.000	423.857	723	484	94	2	8	861	53	0	0		0.7773	0.9429
3.7	kinsen.nano.Quarrelet 1.0	lower		12	true	35	3397.000	1152.000	31	1550.000	200.000	1301.000	866.000	18	20056	0.445	0.987	14.942	35	0	0	0.158	0.056	116	866	2	871	866	4	18	0	0	0	53	0	1018	T?/M?	live	0	0	0	650	516.877	400.000	423.029	591	443	203	2	4	870	53	0	0		0.7468	0.8857
3.7	kinsen.nano.Quarrelet 1.0	lower		13	true	35	3377.000	911.000	32	1600.000	150.000	1229.000	695.000	10	19577	0.407	0.948	15.786	35	0	0	0.147	0.046	91	814	0	818	812	3	17	0	0	0	67	448	975	T?/M?	live	0	0	0	650	502.149	650.000	409.343	765	545	120	2	6	818	67	0	0		0.7875	0.9143
3.7	kinsen.nano.Quarrelet 1.0	lower		14	true	35	3606.000	1057.000	33	1650.000	100.000	1359.000	904.000	13	19691	0.452	0.984	14.779	35	0	0	0.152	0.061	91	832	1	837	830	5	21	0	0	0	54	729	984	T?/M?	live	0	0	0	650	489.186	650.000	412.600	576	311	142	2	4	837	54	0	0		0.7733	0.9429
3.7	kinsen.nano.Quarrelet 1.0	lower		15	true	35	3495.000	893.000	33	1650.000	100.000	1270.000	751.000	8	19111	0.476	0.975	14.780	34	0	0	0.148	0.055	86	789	6	802	788	5	21	0	0	0	44	0	904	T?/M?	live	0	0	0	650	515.609	600.000	391.912	712	426	65	2	6	770	43	0	0		0.7965	0.9429
3.7	kinsen.nano.Quarrelet 1.0	lower		16	true	35	3646.000	872.000	34	1700.000	50.000	1344.000	797.000	11	19428	0.439	0.962	16.125	35	0	0	0.148	0.056	71	810	0	821	809	5	12	0	0	0	62	0	967	T?/M?	live	0	0	0	650	495.586	650.000	405.086	598	482	120	2	5	821	62	0	0		0.8070	0.9714
3.7	nat.Hikari dev0001	lower		1	true	35	4157.000	602.000	35	1750.000	0.000	1714.000	602.000	9	22170	0.361	0.818	15.473	35	0	0	0.160	0.056	19	1135	3	1135	1135	1	23	0	0	0	110	819	1148	T?/M?	live	0	0	0	650	411.017	450.000	483.429	386	244	189	2	6	1135	110	0	0		0.8735	1.0000
3.7	nat.Hikari dev0001	lower		2	true	35	4047.000	729.000	34	1700.000	50.000	1677.000	660.000	12	22553	0.327	0.778	54.605	35	0	0	0.153	0.057	17	1167	0	1167	1167	15	25	0	0	0	110	1006	1186	T?/M?	live	0	0	0	650	399.503	400.000	494.371	657	236	149	2	3	1167	109	0	0		0.8474	0.9714
3.7	nat.Hikari dev0001	lower		3	true	35	4072.000	641.000	35	1750.000	0.000	1643.000	641.000	16	22959	0.368	0.851	17.515	35	0	0	0.147	0.055	19	1188	5	1188	1188	2	22	0	0	0	119	904	1209	T?/M?	live	0	0	0	650	424.623	600.000	505.971	438	357	214	1	9	1188	119	0	0		0.8640	1.0000
3.7	nat.Hikari dev0001	lower		4	true	35	4094.000	685.000	34	1700.000	50.000	1721.000	614.000	12	22124	0.372	0.830	84.164	35	0	0	0.155	0.055	13	1134	2	1134	1134	3	19	0	0	0	104	1057	1142	T?/M?	live	0	0	0	650	393.337	450.000	482.114	739	236	201	2	3	1132	104	0	0		0.8567	0.9714
3.7	nat.Hikari dev0001	lower		5	true	35	4084.000	792.000	34	1700.000	50.000	1709.000	721.000	13	22867	0.405	0.894	86.290	35	0	0	0.151	0.065	16	1183	2	1184	1183	5	15	0	0	0	110	993	1202	T?/M?	live	0	0	0	650	415.103	650.000	503.343	632	393	205	3	6	1182	110	0	0		0.8376	0.9714
3.7	nat.Hikari dev0001	lower		6	true	35	3941.000	830.000	33	1650.000	100.000	1637.000	695.000	12	22850	0.379	0.858	15.088	35	0	0	0.157	0.060	31	1181	5	1181	1181	2	14	0	0	0	136	1169	1195	T?/M?	live	0	0	0	650	403.511	400.000	502.857	424	250	263	2	7	1173	136	0	0		0.8260	0.9429
3.7	nat.Hikari dev0001	lower		7	true	35	4017.000	837.000	33	1650.000	100.000	1712.000	693.000	10	22084	0.457	0.964	14.108	35	0	0	0.154	0.061	21	1139	0	1140	1139	2	19	0	0	0	115	1035	1140	T?/M?	live	0	0	0	650	419.106	400.000	480.971	433	165	220	2	6	1140	115	0	0		0.8276	0.9429
3.7	nat.Hikari dev0001	lower		8	true	35	3698.000	1290.000	31	1550.000	200.000	1547.000	1010.000	14	25033	0.477	1.005	14.100	35	0	0	0.157	0.078	76	1332	6	1333	1332	4	24	0	0	0	149	1346	1404	T?/M?	live	0	0	0	650	407.829	650.000	565.229	413	408	304	2	5	1333	149	0	0		0.7414	0.8857
3.7	nat.Hikari dev0001	lower		9	true	35	4107.000	776.000	35	1750.000	0.000	1672.000	776.000	15	23244	0.446	0.958	13.675	35	0	0	0.152	0.063	27	1206	6	1207	1206	6	19	0	0	0	125	1009	1237	T?/M?	live	0	0	0	650	421.240	650.000	514.114	563	388	211	2	7	1205	125	0	0		0.8411	1.0000
3.7	nat.Hikari dev0001	lower		10	true	35	4187.000	613.000	35	1750.000	0.000	1739.000	613.000	14	22073	0.394	0.905	15.074	35	0	0	0.156	0.056	21	1130	2	1132	1130	4	14	0	0	0	109	763	1134	T?/M?	live	0	0	0	650	398.594	400.000	480.657	620	288	235	2	7	1132	109	0	0		0.8723	1.0000
3.7	nat.Hikari dev0001	lower		11	true	35	4048.000	917.000	33	1650.000	100.000	1731.000	774.000	12	22374	0.424	0.966	15.108	35	0	0	0.158	0.069	25	1150	5	1151	1150	3	25	0	0	0	117	919	1170	T?/M?	live	0	0	0	650	410.460	650.000	489.257	500	232	223	2	260	1151	117	0	0		0.8153	0.9429
3.7	nat.Hikari dev0001	lower		12	true	35	4070.000	566.000	35	1750.000	0.000	1642.000	566.000	13	22695	0.364	0.832	79.746	35	0	0	0.155	0.049	30	1169	1	1170	1169	3	14	0	0	0	120	864	1195	T?/M?	live	0	0	0	650	415.640	650.000	498.429	542	455	260	3	4	1170	119	0	0		0.8779	1.0000
3.7	nat.Hikari dev0001	lower		13	true	35	3930.000	1116.000	31	1550.000	200.000	1742.000	830.000	17	22386	0.401	0.945	64.904	35	0	0	0.162	0.072	37	1155	1	1155	1155	10	24	0	0	0	134	1009	1157	T?/M?	live	0	0	0	650	404.180	600.000	489.600	407	191	344	2	6	1155	133	0	0		0.7788	0.8857
3.7	nat.Hikari dev0001	lower		14	true	35	3906.000	946.000	33	1650.000	100.000	1611.000	805.000	12	23620	0.408	0.913	15.320	35	0	0	0.152	0.064	48	1241	2	1241	1241	6	21	0	0	0	117	743	1275	T?/M?	live	0	0	0	650	415.966	525.000	524.857	394	237	213	2	5	1241	117	0	0		0.8050	0.9429
3.7	nat.Hikari dev0001	lower		15	true	35	4011.000	1043.000	33	1650.000	100.000	1699.000	905.000	14	23499	0.435	0.972	15.237	35	0	0	0.158	0.075	49	1231	1	1231	1231	4	12	0	0	0	124	720	1274	T?/M?	live	0	0	0	650	423.249	650.000	521.400	410	289	288	2	5	1231	124	0	0		0.7936	0.9429
3.7	nat.Hikari dev0001	lower		16	true	35	4072.000	982.000	33	1650.000	100.000	1761.000	839.000	16	22628	0.397	0.958	14.641	35	0	0	0.160	0.073	40	1168	3	1168	1168	8	23	0	0	0	105	420	1174	T?/M?	live	0	0	0	650	404.140	600.000	496.514	418	262	338	3	10	1167	105	0	0		0.8057	0.9429
3.7	ne.Chimera 1.2	lower		1	true	35	2322.000	84.000	35	1750.000	0.000	185.000	84.000	9	6447	0.065	0.799	14.369	35	0	0	0.032	0.037	3	72	0	42	42	2	1	0	0	0	3	0	82	T?/M?	live	0	0	0	650	346.267	650.000	34.200	14	0	0	3	1	42	2	0	0	"Preventing ne.Chimera 1.2 from access: (""java.io.FilePermission"" ""D:\code\Hadur_Robot\hadur-bench\target\classes\META-INF\services\java.time.zone.ZoneRulesProvider"" ""read""). You may only read files in your own root package directory."	0.9651	1.0000
3.7	ne.Chimera 1.2	lower		2	true	35	2174.000	27.000	35	1750.000	0.000	62.000	27.000	8	5658	0.059	0.746	14.546	35	0	0	0.007	0.002	0	23	0	23	23	1	1	0	0	0	3	0	25	T?/M?	live	0	0	0	650	322.800	650.000	11.657	37	0	1	3	2	23	3	0	0	"Preventing ne.Chimera 1.2 from access: (""java.io.FilePermission"" ""D:\code\Hadur_Robot\hadur-bench\target\classes\META-INF\services\java.time.zone.ZoneRulesProvider"" ""read""). You may only read files in your own root package directory."	0.9877	1.0000
3.7	ne.Chimera 1.2	lower		3	true	35	2172.000	12.000	35	1750.000	0.000	60.000	12.000	6	5639	0.055	0.679	16.208	35	0	0	0.007	0.001	0	21	0	21	21	1	1	0	0	0	1	0	24	T?/M?	live	0	0	0	650	328.600	650.000	11.114	16	0	0	2	2	21	1	0	0	"Preventing ne.Chimera 1.2 from access: (""java.io.FilePermission"" ""D:\code\Hadur_Robot\hadur-bench\target\classes\META-INF\services\java.time.zone.ZoneRulesProvider"" ""read""). You may only read files in your own root package directory."	0.9945	1.0000
3.7	ne.Chimera 1.2	lower		4	true	35	2166.000	7.000	35	1750.000	0.000	55.000	7.000	8	5633	0.055	0.624	44.182	35	0	0	0.006	0.001	0	21	0	21	21	3	0	0	0	0	0	0	23	T?/M?	live	0	0	0	650	372.600	650.000	10.943	45	0	1	3	1	21	0	0	0	"Preventing ne.Chimera 1.2 from access: (""java.io.FilePermission"" ""D:\code\Hadur_Robot\hadur-bench\target\classes\META-INF\services\java.time.zone.ZoneRulesProvider"" ""read""). You may only read files in your own root package directory."	0.9968	1.0000
3.7	ne.Chimera 1.2	lower		5	true	35	2156.000	32.000	35	1750.000	0.000	47.000	32.000	8	5888	0.060	0.694	16.786	35	0	0	0.004	0.003	1	41	0	41	41	3	0	0	0	0	3	0	44	T?/M?	live	0	0	0	650	347.200	650.000	18.229	16	0	0	3	3	41	3	0	0	"Preventing ne.Chimera 1.2 from access: (""java.io.FilePermission"" ""D:\code\Hadur_Robot\hadur-bench\target\classes\META-INF\services\java.time.zone.ZoneRulesProvider"" ""read""). You may only read files in your own root package directory."	0.9854	1.0000
3.7	ne.Chimera 1.2	lower		6	true	35	2179.000	25.000	35	1750.000	0.000	65.000	25.000	9	5606	0.056	0.650	16.708	35	0	0	0.008	0.003	0	19	0	19	19	2	0	0	0	0	4	3	21	T?/M?	live	0	0	0	650	348.500	650.000	10.171	31	0	2	3	2	19	4	0	0	"Preventing ne.Chimera 1.2 from access: (""java.io.FilePermission"" ""D:\code\Hadur_Robot\hadur-bench\target\classes\META-INF\services\java.time.zone.ZoneRulesProvider"" ""read""). You may only read files in your own root package directory."	0.9887	1.0000
3.7	ne.Chimera 1.2	lower		7	true	35	2260.000	61.000	35	1750.000	0.000	133.000	61.000	9	6006	0.054	0.837	14.575	35	0	0	0.015	0.007	0	43	1	43	43	1	0	0	0	0	5	0	49	T?/M?	live	0	0	0	650	341.750	650.000	21.600	63	0	0	2	1	43	5	0	0	"Preventing ne.Chimera 1.2 from access: (""java.io.FilePermission"" ""D:\code\Hadur_Robot\hadur-bench\target\classes\META-INF\services\java.time.zone.ZoneRulesProvider"" ""read""). You may only read files in your own root package directory."	0.9737	1.0000
3.7	ne.Chimera 1.2	lower		8	true	35	2082.000	148.000	34	1700.000	50.000	42.000	73.000	1	5842	0.050	0.803	16.239	35	0	0	0.006	0.004	5	35	0	35	35	1	0	0	0	0	4	0	41	T?/M?	live	0	0	0	650	415.100	650.000	16.914	0	0	0	2	2	35	4	0	0	"Preventing ne.Chimera 1.2 from access: (""java.io.FilePermission"" ""D:\code\Hadur_Robot\hadur-bench\target\classes\META-INF\services\java.time.zone.ZoneRulesProvider"" ""read""). You may only read files in your own root package directory."	0.9336	0.9714
3.7	ne.Chimera 1.2	lower		9	true	35	2189.000	10.000	35	1750.000	0.000	74.000	10.000	7	5510	0.054	0.434	16.395	35	0	0	0.014	0.002	0	13	0	13	13	1	1	0	0	0	0	0	14	T?/M?	live	0	0	0	650	294.100	500.000	7.429	36	0	0	2	2	13	0	0	0	"Preventing ne.Chimera 1.2 from access: (""java.io.FilePermission"" ""D:\code\Hadur_Robot\hadur-bench\target\classes\META-INF\services\java.time.zone.ZoneRulesProvider"" ""read""). You may only read files in your own root package directory."	0.9955	1.0000
3.7	ne.Chimera 1.2	lower		10	true	35	2171.000	0.000	35	1750.000	0.000	59.000	0.000	8	5581	0.054	0.597	12.951	35	0	0	0.009	0.000	0	18	0	18	18	2	0	0	0	0	2	0	20	T?/M?	live	0	0	0	650	402.200	625.000	9.457	30	0	0	3	2	18	2	0	0	"Preventing ne.Chimera 1.2 from access: (""java.io.FilePermission"" ""D:\code\Hadur_Robot\hadur-bench\target\classes\META-INF\services\java.time.zone.ZoneRulesProvider"" ""read""). You may only read files in your own root package directory."	1.0000	1.0000
3.7	ne.Chimera 1.2	lower		11	true	35	2180.000	25.000	35	1750.000	0.000	67.000	25.000	5	5595	0.049	1.006	16.186	34	0	0	0.009	0.003	1	18	0	18	18	1	0	0	0	0	1	0	20	T?/M?	live	0	0	0	650	364.200	650.000	10.118	20	0	0	2	2	18	1	0	0	"Preventing ne.Chimera 1.2 from access: (""java.io.FilePermission"" ""D:\code\Hadur_Robot\hadur-bench\target\classes\META-INF\services\java.time.zone.ZoneRulesProvider"" ""read""). You may only read files in your own root package directory."	0.9887	1.0000
3.7	ne.Chimera 1.2	lower		12	true	35	2275.000	62.000	35	1750.000	0.000	146.000	62.000	6	5953	0.038	0.772	266.160	35	0	0	0.019	0.007	0	41	0	41	41	3	1	0	0	0	5	1	45	T?/M?	live	0	0	0	650	293.500	625.000	20.086	89	0	0	2	2	41	5	0	0	"Preventing ne.Chimera 1.2 from access: (""java.io.FilePermission"" ""D:\code\Hadur_Robot\hadur-bench\target\classes\META-INF\services\java.time.zone.ZoneRulesProvider"" ""read""). You may only read files in your own root package directory."	0.9735	1.0000
3.7	ne.Chimera 1.2	lower		13	true	35	2173.000	0.000	35	1750.000	0.000	61.000	0.000	6	5565	0.055	0.910	14.327	34	0	0	0.010	0.000	0	17	0	17	17	2	0	0	0	0	0	0	18	T?/M?	live	0	0	0	650	312.400	625.000	9.235	25	0	0	2	2	17	0	0	0	"Preventing ne.Chimera 1.2 from access: (""java.io.FilePermission"" ""D:\code\Hadur_Robot\hadur-bench\target\classes\META-INF\services\java.time.zone.ZoneRulesProvider"" ""read""). You may only read files in your own root package directory."	1.0000	1.0000
3.7	ne.Chimera 1.2	lower		14	true	35	2154.000	50.000	35	1750.000	0.000	45.000	50.000	12	5874	0.033	0.731	234.713	35	0	0	0.004	0.003	0	35	0	35	35	3	1	0	0	0	4	0	42	T?/M?	live	0	0	0	650	396.700	650.000	17.829	0	0	0	2	1	35	4	0	0	"Preventing ne.Chimera 1.2 from access: (""java.io.FilePermission"" ""D:\code\Hadur_Robot\hadur-bench\target\classes\META-INF\services\java.time.zone.ZoneRulesProvider"" ""read""). You may only read files in your own root package directory."	0.9773	1.0000
3.7	ne.Chimera 1.2	lower		15	true	35	2147.000	56.000	35	1750.000	0.000	39.000	56.000	17	5937	0.059	0.368	472.292	35	0	0	0.005	0.171	0	40	1	1	1	3	0	0	0	0	2	0	48	T?/M?	live	0	0	0	650	468.400	650.000	19.629	0	0	0	3	1	1	0	0	0	"Preventing ne.Chimera 1.2 from access: (""java.io.FilePermission"" ""D:\code\Hadur_Robot\hadur-bench\target\classes\META-INF\services\java.time.zone.ZoneRulesProvider"" ""read""). You may only read files in your own root package directory."	0.9746	1.0000
3.7	ne.Chimera 1.2	lower		16	true	35	2178.000	39.000	35	1750.000	0.000	65.000	39.000	7	5723	0.058	0.817	15.863	35	0	0	0.007	0.005	1	26	0	24	24	55	0	0	0	0	3	0	31	T?/M?	live	0	0	0	650	361.000	650.000	13.514	33	0	0	2	3	24	3	0	0	"Preventing ne.Chimera 1.2 from access: (""java.io.FilePermission"" ""D:\code\Hadur_Robot\hadur-bench\target\classes\META-INF\services\java.time.zone.ZoneRulesProvider"" ""read""). You may only read files in your own root package directory."	0.9824	1.0000
3.7	ntw.Sighup 1.5	weak		1	true	35	4537.000	681.000	33	1650.000	100.000	2106.000	519.000	16	15082	0.287	0.719	19.085	35	0	0	0.290	0.055	169	555	16	527	525	4	15	0	0	0	30	0	590	T?/M?	live	0	0	0	650	374.789	400.000	280.914	414	169	404	3	5	524	29	0	0		0.8695	0.9429
3.7	ntw.Sighup 1.5	weak		2	true	35	4653.000	534.000	35	1750.000	0.000	2124.000	526.000	14	15341	0.284	0.733	17.487	35	0	0	0.282	0.062	140	566	0	537	534	3	21	0	0	0	29	0	617	T?/M?	live	0	0	0	650	387.363	400.000	288.314	444	95	410	3	4	537	28	0	0		0.8971	1.0000
3.7	ntw.Sighup 1.5	weak		3	true	35	4590.000	320.000	35	1750.000	0.000	2075.000	320.000	13	14956	0.303	0.753	14.234	35	0	0	0.289	0.043	134	555	1	555	549	1	20	0	0	0	25	0	576	T?/M?	live	0	0	0	650	381.260	400.000	277.314	327	82	419	2	6	555	25	0	0		0.9348	1.0000
3.7	ntw.Sighup 1.5	weak		4	true	35	4401.000	770.000	33	1650.000	100.000	1996.000	624.000	12	16053	0.322	0.836	14.757	35	0	0	0.239	0.088	166	613	17	613	611	4	24	0	0	0	41	99	669	T?/M?	live	0	0	0	650	418.354	400.000	308.657	548	191	411	2	5	611	41	0	0		0.8511	0.9429
3.7	ntw.Sighup 1.5	weak		5	true	35	4545.000	552.000	34	1700.000	50.000	2098.000	477.000	11	14694	0.288	0.751	14.271	35	0	0	0.269	0.067	144	534	6	534	532	5	17	0	0	0	25	0	568	T?/M?	live	0	0	0	650	363.117	400.000	269.829	435	12	367	2	6	534	25	0	0		0.8917	0.9714
3.7	ntw.Sighup 1.5	weak		6	true	35	4806.000	406.000	35	1750.000	0.000	2209.000	402.000	16	14237	0.285	0.755	14.970	35	0	0	0.322	0.082	160	503	3	504	500	2	19	0	0	0	30	0	531	T?/M?	live	0	0	0	650	363.289	400.000	256.771	400	97	395	3	5	501	29	0	0		0.9221	1.0000
3.7	ntw.Sighup 1.5	weak		7	true	35	4703.000	392.000	35	1750.000	0.000	2122.000	380.000	12	14826	0.283	0.744	13.086	35	0	0	0.283	0.075	163	536	1	537	531	2	29	0	0	0	27	0	580	T?/M?	live	0	0	0	650	389.043	400.000	273.600	457	90	369	2	3	534	27	0	0		0.9231	1.0000
3.7	ntw.Sighup 1.5	weak		8	true	35	4656.000	538.000	35	1750.000	0.000	2115.000	490.000	12	15212	0.306	0.745	14.579	35	0	0	0.285	0.081	172	559	4	562	557	2	19	0	0	0	22	0	604	T?/M?	live	0	0	0	650	395.431	400.000	284.629	605	166	394	2	5	558	22	0	0		0.8964	1.0000
3.7	ntw.Sighup 1.5	weak		9	true	35	4401.000	597.000	34	1700.000	50.000	1951.000	526.000	16	16651	0.326	0.869	520.079	35	0	0	0.238	0.088	185	655	12	656	652	3	16	0	0	0	29	0	706	T?/M?	live	0	0	0	650	432.731	400.000	325.743	577	202	428	2	138	655	29	0	0		0.8806	0.9714
3.7	ntw.Sighup 1.5	weak		10	true	35	4550.000	456.000	35	1750.000	0.000	2031.000	450.000	13	15313	0.293	0.733	16.387	35	0	0	0.247	0.142	139	564	1	540	536	5	21	0	0	0	29	0	610	T?/M?	live	0	0	0	650	400.960	400.000	287.514	523	75	379	3	3	539	26	0	0		0.9089	1.0000
3.7	ntw.Sighup 1.5	weak		11	true	35	4604.000	417.000	35	1750.000	0.000	2087.000	416.000	12	15010	0.303	0.775	13.268	35	0	0	0.272	0.068	137	555	3	556	554	1	18	0	0	0	18	0	584	T?/M?	live	0	0	0	650	396.260	400.000	278.857	489	40	376	2	5	556	18	0	0		0.9169	1.0000
3.7	ntw.Sighup 1.5	weak		12	true	35	4613.000	381.000	35	1750.000	0.000	2077.000	380.000	11	15577	0.279	0.746	753.325	35	0	0	0.258	0.058	124	570	0	573	568	1	19	0	0	0	34	0	629	T?/M?	live	0	0	0	650	407.740	400.000	295.057	480	206	384	2	3	569	34	0	0		0.9237	1.0000
3.7	ntw.Sighup 1.5	weak		13	true	35	4685.000	342.000	35	1750.000	0.000	2153.000	342.000	12	15028	0.281	0.733	632.601	35	0	0	0.286	0.056	116	549	2	550	549	4	25	0	0	0	32	0	582	T?/M?	live	0	0	0	650	387.474	400.000	279.371	470	47	440	2	7	545	32	0	0		0.9320	1.0000
3.7	ntw.Sighup 1.5	weak		14	true	35	4400.000	444.000	35	1750.000	0.000	1903.000	432.000	13	16129	0.294	0.758	510.390	35	0	0	0.260	0.056	185	615	3	615	615	3	15	0	0	0	37	0	670	T?/M?	live	0	0	0	650	378.443	400.000	310.829	498	144	388	2	2	615	37	0	0		0.9083	1.0000
3.7	ntw.Sighup 1.5	weak		15	true	35	4512.000	518.000	34	1700.000	50.000	2042.000	435.000	14	14975	0.304	0.762	629.195	35	0	0	0.268	0.178	146	555	2	522	521	7	18	0	0	0	25	0	586	T?/M?	live	0	0	0	650	372.269	400.000	277.857	391	138	402	3	5	520	24	0	0		0.8970	0.9714
3.7	ntw.Sighup 1.5	weak		16	true	35	4704.000	506.000	35	1750.000	0.000	2144.000	494.000	15	14847	0.273	0.724	516.895	35	0	0	0.322	0.167	153	537	4	513	512	8	14	0	0	0	16	0	579	T?/M?	live	0	0	0	650	362.626	400.000	274.200	433	145	373	3	5	511	16	0	0		0.9029	1.0000
3.7	nz.jdc.nano.AralR 1.1	lower		1	true	35	4975.000	493.000	34	1700.000	50.000	2452.000	425.000	12	18212	0.344	0.825	15.235	35	0	0	0.212	0.076	57	902	2	908	900	2	19	0	0	0	63	0	783	T?/M?	live	0	0	0	650	355.331	625.000	370.343	623	90	539	2	5	908	63	0	0		0.9098	0.9714
3.7	nz.jdc.nano.AralR 1.1	lower		2	true	35	5006.000	387.000	35	1750.000	0.000	2422.000	387.000	13	17791	0.282	0.719	101.814	35	0	0	0.230	0.068	56	862	4	865	859	2	17	0	0	0	66	0	768	T?/M?	live	0	0	0	650	332.254	400.000	358.314	686	100	449	2	4	865	65	0	0		0.9282	1.0000
3.7	nz.jdc.nano.AralR 1.1	lower		3	true	35	5107.000	545.000	35	1750.000	0.000	2506.000	545.000	12	17839	0.281	0.763	175.696	35	0	0	0.232	0.096	48	862	3	865	862	2	17	0	0	0	60	740	753	T?/M?	live	0	0	0	650	323.800	400.000	359.686	484	64	548	2	5	865	60	0	0		0.9036	1.0000
3.7	nz.jdc.nano.AralR 1.1	lower		4	true	35	5068.000	549.000	35	1750.000	0.000	2473.000	549.000	12	18884	0.327	0.878	17.491	35	0	0	0.216	0.095	67	941	0	949	941	6	16	0	0	0	61	825	833	T?/M?	live	0	0	0	650	351.274	650.000	389.543	638	226	545	2	6	949	59	0	0		0.9023	1.0000
3.7	nz.jdc.nano.AralR 1.1	lower		5	true	35	4927.000	553.000	34	1700.000	50.000	2411.000	487.000	10	18273	0.263	0.707	16.512	35	0	0	0.222	0.083	44	891	3	898	891	2	14	0	0	0	76	750	782	T?/M?	live	0	0	0	650	322.929	400.000	372.086	619	83	501	2	5	896	76	0	0		0.8991	0.9714
3.7	nz.jdc.nano.AralR 1.1	lower		6	true	35	4800.000	647.000	33	1650.000	100.000	2363.000	511.000	13	18721	0.321	0.800	14.791	35	0	0	0.236	0.078	69	923	3	929	920	4	22	0	0	0	68	73	827	T?/M?	live	0	0	0	650	328.857	400.000	384.886	523	186	525	2	5	929	68	0	0		0.8812	0.9429
3.7	nz.jdc.nano.AralR 1.1	lower		7	true	35	4654.000	863.000	32	1600.000	150.000	2294.000	660.000	17	20063	0.374	0.910	255.845	35	0	0	0.212	0.101	66	1030	1	1041	1028	7	16	0	0	0	73	905	915	T?/M?	live	0	0	0	650	341.454	400.000	423.229	303	137	523	2	4	1039	73	0	0		0.8436	0.9143
3.7	nz.jdc.nano.AralR 1.1	lower		8	true	35	5022.000	566.000	35	1750.000	0.000	2435.000	566.000	12	18538	0.328	0.803	426.089	35	0	0	0.210	0.091	73	905	3	914	904	0	17	0	0	0	66	0	813	T?/M?	live	0	0	0	650	325.243	400.000	379.657	552	85	566	1	1916	914	65	0	0		0.8987	1.0000
3.7	nz.jdc.nano.AralR 1.1	lower		9	true	35	4908.000	805.000	32	1600.000	150.000	2519.000	593.000	11	18069	0.305	0.794	15.218	35	0	0	0.244	0.100	68	869	3	871	869	2	6	0	0	0	72	757	779	T?/M?	live	0	0	0	650	331.129	400.000	366.257	468	203	536	1	7	869	71	0	0		0.8591	0.9143
3.7	nz.jdc.nano.AralR 1.1	lower		10	true	35	5074.000	610.000	35	1750.000	0.000	2479.000	610.000	15	18454	0.329	0.818	392.975	35	0	0	0.212	0.099	47	899	5	909	896	5	21	0	0	0	77	721	792	T?/M?	live	0	0	0	650	322.697	400.000	377.257	455	135	552	2	1	909	76	0	0		0.8927	1.0000
3.7	nz.jdc.nano.AralR 1.1	lower		11	true	35	4803.000	615.000	34	1700.000	50.000	2307.000	546.000	11	19002	0.284	0.736	422.928	35	0	0	0.207	0.084	72	933	3	938	931	2	15	0	0	0	74	734	839	T?/M?	live	0	0	0	650	321.129	400.000	392.914	501	187	526	2	7	937	74	0	0		0.8865	0.9714
3.7	nz.jdc.nano.AralR 1.1	lower		12	true	35	5096.000	468.000	35	1750.000	0.000	2496.000	468.000	12	18228	0.298	0.771	431.635	35	0	0	0.210	0.090	57	891	0	896	890	2	17	0	0	0	48	0	778	T?/M?	live	0	0	0	650	351.037	475.000	370.800	530	184	562	2	4	896	48	0	0		0.9159	1.0000
3.7	nz.jdc.nano.AralR 1.1	lower		13	true	35	5000.000	520.000	35	1750.000	0.000	2417.000	520.000	11	18064	0.294	0.756	13.890	35	0	0	0.222	0.086	65	866	5	867	863	3	14	0	0	0	62	758	772	T?/M?	live	0	0	0	650	320.566	400.000	366.114	419	192	548	2	1	867	61	0	0		0.9058	1.0000
3.7	nz.jdc.nano.AralR 1.1	lower		14	true	35	4979.000	551.000	35	1750.000	0.000	2400.000	551.000	11	18763	0.304	0.758	17.044	35	0	0	0.204	0.088	57	928	1	932	923	2	21	0	0	0	74	795	810	T?/M?	live	0	0	0	650	324.777	400.000	386.086	594	122	567	2	4	932	70	0	0		0.9004	1.0000
3.7	nz.jdc.nano.AralR 1.1	lower		15	true	35	5008.000	527.000	34	1700.000	50.000	2479.000	460.000	12	17704	0.309	0.764	226.636	35	0	0	0.228	0.082	57	844	5	849	841	2	24	0	0	0	65	718	745	T?/M?	live	0	0	0	650	330.566	400.000	355.829	597	156	545	3	4	849	64	0	0		0.9048	0.9714
3.7	nz.jdc.nano.AralR 1.1	lower		16	true	35	4989.000	519.000	35	1750.000	0.000	2407.000	519.000	13	19133	0.337	0.804	36.626	35	0	0	0.210	0.087	62	955	1	961	952	4	23	0	0	0	67	218	856	T?/M?	live	0	0	0	650	345.549	500.000	396.657	472	143	521	3	5	961	66	0	0		0.9058	1.0000
3.7	ola.Puffin 1.0	weak		1	true	35	5882.000	94.000	35	1750.000	0.000	3152.000	92.000	14	12369	0.280	0.757	275.973	35	0	0	0.512	0.046	1	415	1	415	415	5	12	0	0	0	37	0	403	T?/M?	live	0	0	0	650	323.883	400.000	203.400	240	32	305	2	5	415	37	0	0		0.9843	1.0000
3.7	ola.Puffin 1.0	weak		2	true	35	5901.000	90.000	35	1750.000	0.000	3166.000	88.000	13	11993	0.247	0.756	11.420	35	0	0	0.551	0.053	4	393	5	393	393	2	17	0	0	0	30	365	383	T?/M?	live	0	0	0	650	306.109	400.000	192.657	207	18	276	2	2	392	30	0	0		0.9850	1.0000
3.7	ola.Puffin 1.0	weak		3	true	35	5950.000	217.000	35	1750.000	0.000	3209.000	216.000	9	12814	0.278	0.764	10.161	35	0	0	0.484	0.098	1	448	5	449	448	1	10	0	0	0	34	97	440	T?/M?	live	0	0	0	650	352.977	400.000	216.114	230	19	321	1	5	449	34	0	0		0.9648	1.0000
3.7	ola.Puffin 1.0	weak		4	true	35	5918.000	238.000	35	1750.000	0.000	3130.000	176.000	9	12605	0.270	0.723	42.307	35	0	0	0.485	0.099	45	441	2	441	441	2	17	0	0	0	27	0	419	T?/M?	live	0	0	0	650	349.754	400.000	210.143	217	62	319	2	2	438	27	0	0		0.9613	1.0000
3.7	ola.Puffin 1.0	weak		5	true	35	5798.000	300.000	34	1700.000	50.000	3133.000	232.000	15	13359	0.294	0.734	425.027	35	0	0	0.484	0.371	0	473	17	415	413	7	20	0	0	0	38	370	476	T?/M?	live	0	0	0	650	329.980	400.000	231.686	238	5	303	3	3	415	38	0	0		0.9508	0.9714
3.7	ola.Puffin 1.0	weak		6	true	35	5980.000	246.000	35	1750.000	0.000	3233.000	240.000	15	12403	0.315	0.841	22.849	35	0	0	0.535	0.114	2	440	1	440	440	2	22	0	0	0	34	63	410	T?/M?	live	0	0	0	650	349.760	400.000	204.371	336	30	311	3	3	440	34	0	0		0.9605	1.0000
3.7	ola.Puffin 1.0	weak		7	true	35	5973.000	232.000	35	1750.000	0.000	3228.000	232.000	11	12727	0.311	0.803	9.325	35	0	0	0.499	0.122	0	443	3	444	443	3	20	0	0	0	38	364	429	T?/M?	live	0	0	0	650	343.786	400.000	213.629	252	12	320	2	4	442	38	0	0		0.9626	1.0000
3.7	ola.Puffin 1.0	weak		8	true	35	5917.000	60.000	35	1750.000	0.000	3181.000	60.000	7	11603	0.264	0.800	11.176	35	0	0	0.567	0.041	3	362	2	363	362	2	11	0	0	0	12	0	363	T?/M?	live	0	0	0	650	309.209	400.000	181.514	265	12	257	2	4	361	12	0	0		0.9900	1.0000
3.7	ola.Puffin 1.0	weak		9	true	35	5921.000	94.000	35	1750.000	0.000	3153.000	68.000	14	11864	0.248	0.746	303.283	35	0	0	0.558	0.046	18	370	3	370	370	2	9	0	0	0	27	0	375	T?/M?	live	0	0	0	650	309.631	400.000	188.971	217	0	263	2	4	370	27	0	0		0.9844	1.0000
3.7	ola.Puffin 1.0	weak		10	true	35	5923.000	72.000	35	1750.000	0.000	3186.000	72.000	10	11617	0.263	0.776	430.323	35	0	0	0.562	0.045	0	362	3	362	362	3	6	0	0	0	19	0	358	T?/M?	live	0	0	0	650	306.660	400.000	181.914	244	0	255	2	2	361	19	0	0		0.9880	1.0000
3.7	ola.Puffin 1.0	weak		11	true	35	5966.000	252.000	35	1750.000	0.000	3221.000	252.000	13	12983	0.342	0.870	135.937	35	0	0	0.483	0.115	1	465	3	465	465	3	23	0	0	0	41	278	444	T?/M?	live	0	0	0	650	357.783	400.000	220.943	298	53	333	2	2	465	41	0	0		0.9595	1.0000
3.7	ola.Puffin 1.0	weak		12	true	35	5808.000	280.000	34	1700.000	50.000	3147.000	203.000	17	13130	0.289	0.743	242.430	35	0	0	0.498	0.529	2	472	11	408	408	5	16	0	0	0	40	246	463	T?/M?	live	0	0	0	650	327.694	400.000	225.143	251	23	292	3	3	408	36	0	0		0.9540	0.9714
3.7	ola.Puffin 1.0	weak		13	true	35	5898.000	151.000	35	1750.000	0.000	3165.000	151.000	15	12581	0.288	0.798	283.230	35	0	0	0.503	0.063	0	445	4	445	445	3	12	0	0	0	33	302	417	T?/M?	live	0	0	0	650	347.466	400.000	209.457	230	71	324	2	4	445	33	0	0		0.9750	1.0000
3.7	ola.Puffin 1.0	weak		14	true	35	5938.000	201.000	35	1750.000	0.000	3198.000	200.000	15	12769	0.314	0.818	123.398	35	0	0	0.490	0.082	1	448	3	448	448	5	19	0	0	0	32	0	429	T?/M?	live	0	0	0	650	346.671	400.000	214.829	296	0	341	3	5	448	32	0	0		0.9673	1.0000
3.7	ola.Puffin 1.0	weak		15	true	35	5932.000	168.000	35	1750.000	0.000	3193.000	168.000	11	12521	0.315	0.798	358.109	35	0	0	0.510	0.092	1	432	1	432	432	8	11	0	0	0	40	39	415	T?/M?	live	0	0	0	650	342.817	400.000	207.743	299	0	305	2	3	431	40	0	0		0.9725	1.0000
3.7	ola.Puffin 1.0	weak		16	true	35	5939.000	236.000	35	1750.000	0.000	3193.000	228.000	12	13103	0.305	0.760	343.650	35	0	0	0.490	0.110	12	469	2	459	459	176	12	0	0	0	42	0	456	T?/M?	live	0	0	0	650	365.374	400.000	224.371	280	35	343	2	4	457	42	0	0		0.9618	1.0000
3.7	pa3k.Viper 5.03	lower		1	true	35	4460.000	732.000	34	1700.000	50.000	1976.000	637.000	16	23342	0.498	1.043	55.819	35	0	0	0.178	0.079	106	1035	4	1035	1035	4	12	0	0	0	76	209	1229	T?/M?	live	0	0	0	650	452.380	525.000	516.914	597	0	420	3	4	1035	76	0	0		0.8590	0.9714
3.7	pa3k.Viper 5.03	lower		2	true	35	4219.000	959.000	32	1600.000	150.000	1934.000	742.000	15	25235	0.507	1.057	97.850	35	0	0	0.173	0.073	66	1148	3	1149	1148	7	16	0	0	0	94	999	1380	T?/M?	live	0	0	0	650	468.754	650.000	571.000	420	0	382	3	7	1149	94	0	0		0.8148	0.9143
3.7	pa3k.Viper 5.03	lower		3	true	35	4378.000	825.000	34	1700.000	50.000	1955.000	756.000	11	24813	0.530	1.081	18.071	35	0	0	0.170	0.074	60	1125	3	1125	1125	3	18	0	0	0	101	0	1354	T?/M?	live	0	0	0	650	448.934	650.000	558.943	627	0	373	2	8	1125	101	0	0		0.8414	0.9714
3.7	pa3k.Viper 5.03	lower		4	true	35	4212.000	868.000	33	1650.000	100.000	1867.000	722.000	12	23353	0.433	0.942	17.547	35	0	0	0.169	0.069	59	1023	3	1014	1014	2	8	0	0	0	99	0	1246	T?/M?	live	0	0	0	650	408.574	400.000	517.229	524	0	339	3	5	1014	99	0	0		0.8291	0.9429
3.7	pa3k.Viper 5.03	lower		5	true	35	4175.000	875.000	32	1600.000	150.000	1894.000	664.000	11	24831	0.519	1.066	16.713	35	0	0	0.165	0.064	71	1130	2	1130	1130	5	16	0	0	0	89	676	1356	T?/M?	live	0	0	0	650	457.909	400.000	559.457	665	0	336	2	5	1130	89	0	0		0.8267	0.9143
3.7	pa3k.Viper 5.03	lower		6	true	35	4291.000	805.000	33	1650.000	100.000	1935.000	663.000	13	25597	0.523	1.059	17.336	35	0	0	0.159	0.069	64	1179	2	1179	1179	6	17	0	0	0	78	0	1413	T?/M?	live	0	0	0	650	482.700	600.000	581.343	470	19	348	2	4	1179	78	0	0		0.8420	0.9429
3.7	pa3k.Viper 5.03	lower		7	true	35	4173.000	604.000	34	1700.000	50.000	1780.000	532.000	12	25293	0.480	0.970	16.766	35	0	0	0.151	0.051	44	1159	2	1159	1159	2	13	0	0	0	108	973	1397	T?/M?	live	0	0	0	650	457.329	650.000	572.657	451	39	268	2	5	1159	108	0	0		0.8736	0.9714
3.7	pa3k.Viper 5.03	lower		8	true	35	4083.000	934.000	31	1550.000	200.000	1879.000	658.000	13	25101	0.525	1.056	18.190	35	0	0	0.169	0.066	56	1127	3	1127	1127	3	14	0	0	0	111	17	1397	T?/M?	live	0	0	0	650	456.206	575.000	567.171	732	4	296	2	155	1127	111	0	0		0.8138	0.8857
3.7	pa3k.Viper 5.03	lower		9	true	35	4162.000	916.000	33	1650.000	100.000	1826.000	774.000	13	25910	0.519	1.046	16.674	35	0	0	0.183	0.071	84	1189	3	1189	1189	4	11	0	0	0	120	1098	1466	T?/M?	live	0	0	0	650	443.814	400.000	590.286	384	0	281	2	5	1189	120	0	0		0.8196	0.9429
3.7	pa3k.Viper 5.03	lower		10	true	35	4452.000	694.000	34	1700.000	50.000	1934.000	619.000	12	22428	0.422	0.902	17.416	35	0	0	0.187	0.087	83	955	4	955	955	3	24	0	0	0	81	0	1165	T?/M?	live	0	0	0	650	400.980	400.000	490.800	683	0	295	2	2	951	81	0	0		0.8651	0.9714
3.7	pa3k.Viper 5.03	lower		11	true	35	4062.000	1333.000	30	1500.000	250.000	1919.000	976.000	9	26020	0.548	1.114	17.309	34	0	0	0.182	0.099	76	1189	3	1189	1189	7	24	0	0	0	89	1186	1398	T?/M?	live	0	0	0	650	456.521	650.000	589.118	345	12	400	2	5	1147	89	0	0		0.7529	0.8571
3.7	pa3k.Viper 5.03	lower		12	true	35	4039.000	1278.000	30	1500.000	250.000	1814.000	843.000	10	25027	0.470	0.992	17.102	35	0	0	0.192	0.107	128	1131	4	1131	1131	1	28	0	0	0	88	0	1375	T?/M?	live	0	0	0	650	437.674	500.000	565.057	382	1	307	2	4	1124	88	0	0		0.7596	0.8571
3.7	pa3k.Viper 5.03	lower		13	true	35	4073.000	1171.000	31	1550.000	200.000	1856.000	891.000	10	24857	0.479	1.005	18.964	35	0	0	0.178	0.078	110	1100	4	1100	1100	4	14	0	0	0	97	0	1371	T?/M?	live	0	0	0	650	400.391	400.000	560.200	479	0	491	2	3	1100	97	0	0		0.7767	0.8857
3.7	pa3k.Viper 5.03	lower		14	true	35	3883.000	1408.000	29	1450.000	300.000	1829.000	974.000	14	26766	0.516	1.074	18.074	35	0	0	0.162	0.093	89	1249	4	1249	1249	8	15	0	0	0	107	402	1519	T?/M?	live	0	0	0	650	451.271	650.000	614.743	374	0	327	2	6	1248	106	0	0		0.7339	0.8286
3.7	pa3k.Viper 5.03	lower		15	true	35	4399.000	587.000	35	1750.000	0.000	1916.000	587.000	11	24856	0.517	1.050	17.691	35	0	0	0.158	0.061	37	1127	3	1127	1127	3	15	0	0	0	91	371	1370	T?/M?	live	0	0	0	650	458.514	425.000	560.171	674	0	215	2	4	1127	91	0	0		0.8823	1.0000
3.7	pa3k.Viper 5.03	lower		16	true	35	4198.000	800.000	33	1650.000	100.000	1863.000	660.000	13	25665	0.529	1.059	16.611	35	0	0	0.164	0.065	57	1187	1	1187	1187	10	19	0	0	0	100	806	1435	T?/M?	live	0	0	0	650	470.837	650.000	583.286	395	0	277	2	5	1187	100	0	0		0.8399	0.9429
3.7	pez.nano.Icarus 0.3	weak		1	true	35	4151.000	75.000	35	1750.000	0.000	1709.000	75.000	13	18525	0.234	0.607	211.781	35	0	0	0.180	0.009	74	863	2	863	858	2	21	0	0	0	59	0	848	T?/M?	live	0	0	0	650	352.140	400.000	379.286	720	253	291	3	4	863	59	0	0		0.9823	1.0000
3.7	pez.nano.Icarus 0.3	weak		2	true	35	4103.000	96.000	35	1750.000	0.000	1669.000	96.000	12	19130	0.263	0.676	16.753	35	0	0	0.165	0.010	66	914	0	914	913	3	11	0	0	0	72	610	891	T?/M?	live	0	0	0	650	357.417	400.000	396.571	880	229	285	3	4	914	72	0	0		0.9771	1.0000
3.7	pez.nano.Icarus 0.3	weak		3	true	35	4039.000	97.000	35	1750.000	0.000	1615.000	97.000	10	19446	0.254	0.667	17.684	35	0	0	0.175	0.012	80	924	3	925	920	0	21	0	0	0	71	912	928	T?/M?	live	0	0	0	650	365.974	400.000	405.600	679	288	254	1	5	925	71	0	0		0.9765	1.0000
3.7	pez.nano.Icarus 0.3	weak		4	true	35	3957.000	141.000	35	1750.000	0.000	1547.000	141.000	15	20056	0.269	0.703	15.761	35	0	0	0.149	0.014	77	971	1	972	967	5	13	0	0	0	66	624	979	T?/M?	live	0	0	0	650	384.537	400.000	423.029	743	276	182	3	5	972	65	0	0		0.9656	1.0000
3.7	pez.nano.Icarus 0.3	weak		5	true	35	4023.000	78.000	35	1750.000	0.000	1603.000	78.000	13	19558	0.249	0.661	16.214	35	0	0	0.164	0.009	72	934	1	934	931	4	17	0	0	0	65	689	932	T?/M?	live	0	0	0	650	342.611	400.000	408.800	561	218	205	3	6	934	65	0	0		0.9810	1.0000
3.7	pez.nano.Icarus 0.3	weak		6	true	35	3810.000	147.000	35	1750.000	0.000	1425.000	147.000	10	21197	0.257	0.660	15.470	35	0	0	0.156	0.017	78	1050	1	1050	1047	2	12	0	0	0	88	672	1068	T?/M?	live	0	0	0	650	363.680	400.000	455.629	773	251	139	2	4	1050	87	0	0		0.9629	1.0000
3.7	pez.nano.Icarus 0.3	weak		7	true	35	3896.000	188.000	35	1750.000	0.000	1497.000	188.000	12	20592	0.270	0.697	15.090	35	0	0	0.146	0.023	82	1008	2	1008	1006	1	16	0	0	0	86	904	1028	T?/M?	live	0	0	0	650	379.374	400.000	438.343	711	286	106	2	4	1008	86	0	0		0.9540	1.0000
3.7	pez.nano.Icarus 0.3	weak		8	true	35	4156.000	123.000	35	1750.000	0.000	1714.000	123.000	10	18505	0.258	0.708	17.622	35	0	0	0.180	0.016	87	873	1	873	872	0	18	0	0	0	45	0	852	T?/M?	live	0	0	0	650	346.829	400.000	378.714	771	238	289	1	4	873	45	0	0		0.9713	1.0000
3.7	pez.nano.Icarus 0.3	weak		9	true	35	3985.000	100.000	35	1750.000	0.000	1571.000	100.000	10	19848	0.263	0.689	17.870	35	0	0	0.161	0.013	64	958	0	958	956	0	11	0	0	0	67	894	962	T?/M?	live	0	0	0	650	346.129	400.000	417.086	891	301	169	1	7	958	67	0	0		0.9755	1.0000
3.7	pez.nano.Icarus 0.3	weak		10	true	35	4057.000	108.000	35	1750.000	0.000	1630.000	108.000	12	19456	0.262	0.670	9.768	35	0	0	0.168	0.014	73	931	0	931	927	4	11	0	0	0	53	0	927	T?/M?	live	0	0	0	650	353.629	400.000	405.886	871	244	236	2	5	931	52	0	0		0.9741	1.0000
3.7	pez.nano.Icarus 0.3	weak		11	true	35	3947.000	122.000	35	1750.000	0.000	1540.000	122.000	9	20269	0.252	0.673	66.183	35	0	0	0.153	0.014	65	990	0	990	989	0	11	0	0	0	58	256	999	T?/M?	live	0	0	0	650	376.466	400.000	429.114	602	217	149	1	4	990	58	0	0		0.9700	1.0000
3.7	pez.nano.Icarus 0.3	weak		12	true	35	3964.000	99.000	35	1750.000	0.000	1554.000	99.000	12	19744	0.259	0.677	15.799	35	0	0	0.159	0.011	83	958	1	958	957	3	16	0	0	0	71	708	947	T?/M?	live	0	0	0	650	370.209	400.000	414.114	696	225	196	2	4	958	71	0	0		0.9756	1.0000
3.7	pez.nano.Icarus 0.3	weak		13	true	35	3973.000	79.000	35	1750.000	0.000	1561.000	79.000	11	19492	0.261	0.699	17.551	35	0	0	0.155	0.008	76	943	3	943	938	5	19	0	0	0	73	0	933	T?/M?	live	0	0	0	650	361.671	400.000	406.914	789	177	173	2	5	943	73	0	0		0.9805	1.0000
3.7	pez.nano.Icarus 0.3	weak		14	true	35	4002.000	65.000	35	1750.000	0.000	1585.000	62.000	12	19833	0.260	0.691	17.537	35	0	0	0.155	0.009	60	956	1	956	955	3	11	0	0	0	70	691	961	T?/M?	live	0	0	0	650	350.111	400.000	416.657	862	268	166	2	4	956	70	0	0		0.9840	1.0000
3.7	pez.nano.Icarus 0.3	weak		15	true	35	4154.000	169.000	35	1750.000	0.000	1712.000	169.000	12	18678	0.270	0.696	14.622	35	0	0	0.176	0.019	86	875	3	876	872	2	15	0	0	0	49	0	861	T?/M?	live	0	0	0	650	367.551	400.000	383.657	578	144	252	2	3	876	49	0	0		0.9609	1.0000
3.7	pez.nano.Icarus 0.3	weak		16	true	35	4291.000	61.000	35	1750.000	0.000	1825.000	61.000	13	17169	0.261	0.681	16.231	35	0	0	0.198	0.012	105	760	1	760	756	5	12	0	0	0	48	0	748	T?/M?	live	0	0	0	650	358.114	400.000	340.543	719	205	281	3	6	760	48	0	0		0.9860	1.0000
3.7	rapture.Rapture 2.13	weak		1	true	35	5002.000	81.000	35	1750.000	0.000	2419.000	80.000	13	20940	0.266	0.693	14.522	35	0	0	0.210	0.022	17	1104	0	1104	1104	4	15	0	0	0	69	463	1010	T?/M?	live	0	0	0	650	394.269	400.000	448.286	495	241	476	3	6	1104	69	0	0		0.9841	1.0000
3.7	rapture.Rapture 2.13	weak		2	true	35	5347.000	251.000	35	1750.000	0.000	2706.000	251.000	9	18995	0.348	0.812	33.451	35	0	0	0.230	0.052	2	924	1	924	924	2	19	0	0	0	40	813	847	T?/M?	live	0	0	0	650	407.406	400.000	392.714	398	127	596	2	4	924	40	0	0		0.9552	1.0000
3.7	rapture.Rapture 2.13	weak		3	true	35	5223.000	281.000	34	1700.000	50.000	2662.000	217.000	12	24316	0.338	0.822	18.402	35	0	0	0.180	0.051	33	1438	2	1438	1438	4	28	0	0	0	90	1101	1265	T?/M?	live	0	0	0	650	462.397	650.000	544.743	543	173	551	1	114	1438	90	0	0		0.9489	0.9714
3.7	rapture.Rapture 2.13	weak		4	true	35	5138.000	79.000	35	1750.000	0.000	2532.000	79.000	12	19162	0.286	0.706	15.558	35	0	0	0.218	0.019	12	974	2	974	973	4	9	0	0	0	60	223	860	T?/M?	live	0	0	0	650	393.529	400.000	397.486	575	98	583	2	2	974	60	0	0		0.9849	1.0000
3.7	rapture.Rapture 2.13	weak		5	true	35	5159.000	90.000	35	1750.000	0.000	2549.000	89.000	10	18897	0.274	0.686	15.509	35	0	0	0.211	0.022	4	950	1	950	950	4	15	0	0	0	40	0	846	T?/M?	live	0	0	0	650	385.257	400.000	389.914	563	151	541	2	6	950	40	0	0		0.9829	1.0000
3.7	rapture.Rapture 2.13	weak		6	true	35	5225.000	52.000	35	1750.000	0.000	2605.000	51.000	12	17080	0.292	0.717	106.892	35	0	0	0.244	0.016	6	813	2	813	813	1	10	0	0	0	37	100	710	T?/M?	live	0	0	0	650	391.709	400.000	338.000	363	72	558	2	3	813	37	0	0		0.9901	1.0000
3.7	rapture.Rapture 2.13	weak		7	true	35	5310.000	195.000	34	1700.000	50.000	2739.000	130.000	13	22135	0.347	0.833	17.666	35	0	0	0.211	0.049	20	1242	2	1243	1241	6	19	0	0	0	87	360	1079	T?/M?	live	0	0	0	650	453.534	500.000	482.429	376	109	653	3	6	1243	87	0	0		0.9646	0.9714
3.7	rapture.Rapture 2.13	weak		8	true	35	5299.000	205.000	35	1750.000	0.000	2666.000	204.000	56	24042	0.352	0.872	17.216	35	0	0	0.196	0.069	44	1332	7	1332	1332	2	17	0	0	0	76	673	1237	T?/M?	live	0	0	0	650	445.563	400.000	536.914	651	249	630	1	2560	1332	76	0	0		0.9628	1.0000
3.7	rapture.Rapture 2.13	weak		9	true	35	5076.000	491.000	32	1600.000	150.000	2656.000	300.000	9	25697	0.373	0.943	18.388	35	0	0	0.212	0.078	113	1525	1	1525	1524	1	30	0	0	0	118	1335	1385	T?/M?	live	0	0	0	650	464.291	400.000	584.200	487	200	732	1	9	1525	117	0	0		0.9118	0.9143
3.7	rapture.Rapture 2.13	weak		10	true	35	5165.000	136.000	35	1750.000	0.000	2554.000	136.000	12	19721	0.307	0.756	27.054	35	0	0	0.220	0.024	29	965	1	965	965	2	14	0	0	0	57	797	918	T?/M?	live	0	0	0	650	387.363	400.000	413.457	392	122	551	2	5	965	57	0	0		0.9743	1.0000
3.7	rapture.Rapture 2.13	weak		11	true	35	5513.000	384.000	35	1750.000	0.000	2844.000	382.000	89	22616	0.442	1.051	17.113	35	0	0	0.195	0.100	25	1276	3	1276	1276	3	22	0	0	0	82	661	1100	T?/M?	live	0	0	0	650	476.840	425.000	496.171	434	109	710	2	362	1276	82	0	0		0.9349	1.0000
3.7	rapture.Rapture 2.13	weak		12	true	35	5106.000	116.000	35	1750.000	0.000	2501.000	113.000	12	18902	0.288	0.739	41.328	35	0	0	0.218	0.017	15	941	2	941	941	4	17	0	0	0	52	0	850	T?/M?	live	0	0	0	650	385.403	400.000	390.057	663	51	547	3	3	941	52	0	0		0.9778	1.0000
3.7	rapture.Rapture 2.13	weak		13	true	35	5060.000	95.000	35	1750.000	0.000	2466.000	95.000	12	19811	0.286	0.711	15.962	35	0	0	0.221	0.011	32	1018	4	1007	1006	169	22	0	0	0	83	857	935	T?/M?	live	0	0	0	650	389.280	400.000	416.029	622	95	503	3	4	1007	82	0	0		0.9816	1.0000
3.7	rapture.Rapture 2.13	weak		14	true	35	5084.000	273.000	34	1700.000	50.000	2540.000	199.000	11	19588	0.301	0.725	14.842	35	0	0	0.206	0.399	8	1002	5	949	949	5	15	0	0	0	65	618	904	T?/M?	live	0	0	0	650	406.151	400.000	409.657	489	165	554	3	3	949	63	0	0		0.9490	0.9714
3.7	rapture.Rapture 2.13	weak		15	true	35	5250.000	54.000	35	1750.000	0.000	2625.000	54.000	13	18502	0.284	0.737	9.320	35	0	0	0.224	0.016	5	921	2	921	921	2	8	0	0	0	52	481	812	T?/M?	live	0	0	0	650	401.574	400.000	378.629	523	255	584	2	6	921	52	0	0		0.9898	1.0000
3.7	rapture.Rapture 2.13	weak		16	true	35	5195.000	143.000	35	1750.000	0.000	2579.000	143.000	12	18530	0.289	0.715	15.976	35	0	0	0.209	0.026	5	921	1	921	921	4	17	0	0	0	64	778	816	T?/M?	live	0	0	0	650	391.186	400.000	379.429	491	150	584	3	4	921	64	0	0		0.9732	1.0000
3.7	repositorio.NanoStep 1.0	weak		1	true	35	5182.000	283.000	35	1750.000	0.000	2569.000	283.000	81	15551	0.324	0.799	15.284	35	0	0	0.284	0.045	23	694	6	694	694	1	13	0	0	0	38	0	611	T?/M?	live	0	0	0	650	479.594	400.000	294.314	410	57	445	3	4	694	38	0	0		0.9482	1.0000
3.7	repositorio.NanoStep 1.0	weak		2	true	35	5178.000	225.000	35	1750.000	0.000	2565.000	224.000	13	14907	0.310	0.781	361.593	35	0	0	0.282	0.039	21	643	5	643	643	4	8	0	0	0	29	255	567	T?/M?	live	0	0	0	650	451.129	400.000	275.914	358	4	453	2	1	643	29	0	0		0.9584	1.0000
3.7	repositorio.NanoStep 1.0	weak		3	true	35	5055.000	136.000	35	1750.000	0.000	2462.000	136.000	9	15699	0.276	0.732	32.134	35	0	0	0.255	0.026	17	704	3	704	704	2	8	0	0	0	39	0	622	T?/M?	live	0	0	0	650	469.343	400.000	298.543	437	27	454	2	6	704	39	0	0		0.9738	1.0000
3.7	repositorio.NanoStep 1.0	weak		4	true	35	5218.000	178.000	35	1750.000	0.000	2599.000	177.000	13	14870	0.322	0.782	290.508	35	0	0	0.300	0.038	19	643	10	643	643	4	14	0	0	0	41	0	565	T?/M?	live	0	0	0	650	492.160	400.000	274.857	349	30	424	3	5	643	41	0	0		0.9670	1.0000
3.7	repositorio.NanoStep 1.0	weak		5	true	35	5052.000	74.000	35	1750.000	0.000	2460.000	74.000	13	15297	0.291	0.753	13.999	35	0	0	0.263	0.018	21	674	5	674	674	2	12	0	0	0	43	257	602	T?/M?	live	0	0	0	650	436.640	400.000	287.057	494	32	419	2	4	674	43	0	0		0.9856	1.0000
3.7	repositorio.NanoStep 1.0	weak		6	true	35	5255.000	305.000	35	1750.000	0.000	2629.000	305.000	15	15302	0.317	0.784	18.891	35	0	0	0.292	0.062	17	682	3	682	682	2	17	0	0	0	32	0	595	T?/M?	live	0	0	0	650	484.060	400.000	287.200	418	0	445	3	4	682	32	0	0		0.9451	1.0000
3.7	repositorio.NanoStep 1.0	weak		7	true	35	5006.000	590.000	33	1650.000	100.000	2500.000	395.000	13	15246	0.332	0.842	16.795	35	0	0	0.284	0.075	55	665	2	666	665	1	19	0	0	0	35	0	596	T?/M?	live	0	0	0	650	476.571	400.000	285.600	401	76	444	2	2	663	35	0	0		0.8946	0.9429
3.7	repositorio.NanoStep 1.0	weak		8	true	35	5098.000	129.000	35	1750.000	0.000	2498.000	129.000	11	15616	0.282	0.757	19.839	35	0	0	0.262	0.027	16	698	2	698	698	0	12	0	0	0	45	0	615	T?/M?	live	0	0	0	650	457.531	400.000	296.171	420	32	457	1	6	698	45	0	0		0.9753	1.0000
3.7	repositorio.NanoStep 1.0	weak		9	true	35	5024.000	33.000	35	1750.000	0.000	2437.000	33.000	11	15413	0.243	0.684	16.177	35	0	0	0.278	0.012	17	676	7	677	676	0	8	0	0	0	48	0	607	T?/M?	live	0	0	0	650	445.209	400.000	290.371	439	54	406	1	5	677	48	0	0		0.9935	1.0000
3.7	repositorio.NanoStep 1.0	weak		10	true	35	5153.000	236.000	35	1750.000	0.000	2521.000	207.000	13	15074	0.278	0.744	16.162	35	0	0	0.280	0.040	40	644	6	645	644	2	11	0	0	0	38	0	580	T?/M?	live	0	0	0	650	439.351	400.000	280.686	387	73	437	2	4	644	38	0	0		0.9562	1.0000
3.7	repositorio.NanoStep 1.0	weak		11	true	35	5106.000	170.000	35	1750.000	0.000	2505.000	170.000	9	15490	0.265	0.725	16.176	35	0	0	0.261	0.026	20	689	3	689	689	3	15	0	0	0	40	0	607	T?/M?	live	0	0	0	650	454.523	400.000	292.571	447	20	457	2	4	689	40	0	0		0.9678	1.0000
3.7	repositorio.NanoStep 1.0	weak		12	true	35	5210.000	184.000	35	1750.000	0.000	2592.000	184.000	14	14931	0.312	0.770	114.403	35	0	0	0.300	0.038	21	652	4	652	652	4	14	0	0	0	35	0	572	T?/M?	live	0	0	0	650	456.354	400.000	276.600	373	29	430	2	3	652	35	0	0		0.9659	1.0000
3.7	repositorio.NanoStep 1.0	weak		13	true	35	5167.000	309.000	35	1750.000	0.000	2556.000	309.000	14	15621	0.335	0.800	117.289	35	0	0	0.259	0.056	17	701	4	701	701	5	20	0	0	0	47	533	609	T?/M?	live	0	0	0	650	487.463	400.000	296.314	363	26	482	3	7	701	47	0	0		0.9436	1.0000
3.7	repositorio.NanoStep 1.0	weak		14	true	35	5021.000	61.000	35	1750.000	0.000	2435.000	60.000	11	15165	0.281	0.712	15.229	35	0	0	0.274	0.011	23	660	4	660	660	3	16	0	0	0	38	0	581	T?/M?	live	0	0	0	650	415.863	400.000	283.286	444	31	442	3	6	660	38	0	0		0.9880	1.0000
3.7	repositorio.NanoStep 1.0	weak		15	true	35	5022.000	392.000	34	1700.000	50.000	2492.000	318.000	13	16682	0.276	0.701	14.616	35	0	0	0.261	0.324	20	780	7	700	700	4	15	0	0	0	45	535	683	T?/M?	live	0	0	0	650	452.954	400.000	326.629	346	50	452	3	3	700	43	0	0		0.9276	0.9714
3.7	repositorio.NanoStep 1.0	weak		16	true	35	4920.000	567.000	33	1650.000	100.000	2454.000	423.000	13	16313	0.324	0.773	14.666	35	0	0	0.245	0.057	31	747	5	721	721	431	13	0	0	0	51	616	673	T?/M?	live	0	0	0	650	467.343	400.000	316.086	476	0	486	2	5	721	49	0	0		0.8967	0.9429
3.7	robar.nano.MosquitoPM 1.0	lower		1	true	35	3676.000	1199.000	32	1600.000	150.000	1481.000	983.000	16	20957	0.453	0.999	16.022	35	0	0	0.158	0.075	116	951	4	954	948	9	24	0	0	0	68	178	1065	T?/M?	live	0	0	0	650	494.371	650.000	448.771	428	510	289	3	5	954	67	0	0		0.7541	0.9143
3.7	robar.nano.MosquitoPM 1.0	lower		2	true	35	3851.000	952.000	32	1600.000	150.000	1617.000	743.000	15	18585	0.411	0.944	16.395	35	0	0	0.178	0.062	101	811	5	816	811	5	18	0	0	0	61	60	873	T?/M?	live	0	0	0	650	470.151	425.000	381.000	575	309	344	2	5	816	60	0	0		0.8018	0.9143
3.7	robar.nano.MosquitoPM 1.0	lower		3	true	35	4184.000	826.000	34	1700.000	50.000	1787.000	756.000	46	18044	0.389	0.936	8.470	35	0	0	0.195	0.075	83	773	3	776	773	1	17	0	0	0	42	0	828	T?/M?	live	0	0	0	650	457.697	500.000	365.543	799	314	326	1	4	776	42	0	0		0.8351	0.9714
3.7	robar.nano.MosquitoPM 1.0	lower		4	true	35	3941.000	846.000	34	1700.000	50.000	1587.000	773.000	14	19474	0.446	0.973	16.063	35	0	0	0.179	0.060	127	852	0	852	851	5	15	0	0	0	62	0	962	T?/M?	live	0	0	0	650	482.454	650.000	406.400	562	634	336	3	8	852	62	0	0		0.8233	0.9714
3.7	robar.nano.MosquitoPM 1.0	lower		5	true	35	3921.000	1000.000	33	1650.000	100.000	1634.000	848.000	10	19153	0.431	0.993	14.472	35	0	0	0.176	0.073	95	841	3	844	840	4	11	0	0	0	51	0	927	T?/M?	live	0	0	0	650	481.743	575.000	397.229	671	353	244	2	7	844	51	0	0		0.7968	0.9429
3.7	robar.nano.MosquitoPM 1.0	lower		6	true	35	3982.000	897.000	34	1700.000	50.000	1624.000	823.000	11	19407	0.462	0.953	15.208	35	0	0	0.178	0.069	96	859	1	863	859	2	16	0	0	0	58	224	945	T?/M?	live	0	0	0	650	472.034	400.000	404.486	597	405	269	2	5	863	58	0	0		0.8162	0.9714
3.7	robar.nano.MosquitoPM 1.0	lower		7	true	35	4078.000	799.000	33	1650.000	100.000	1754.000	655.000	13	17728	0.431	0.940	14.072	35	0	0	0.198	0.062	98	751	1	752	751	3	11	0	0	0	38	0	789	T?/M?	live	0	0	0	650	462.817	400.000	356.514	736	384	324	2	6	739	38	0	0		0.8362	0.9429
3.7	robar.nano.MosquitoPM 1.0	lower		8	true	35	3953.000	1006.000	33	1650.000	100.000	1652.000	859.000	11	18965	0.471	0.992	15.282	35	0	0	0.181	0.075	94	832	3	833	832	1	26	0	0	0	49	364	907	T?/M?	live	0	0	0	650	475.623	500.000	391.857	491	382	310	2	66	833	49	0	0		0.7971	0.9429
3.7	robar.nano.MosquitoPM 1.0	lower		9	true	35	4071.000	798.000	34	1700.000	50.000	1697.000	727.000	13	18487	0.438	0.934	14.668	35	0	0	0.182	0.065	97	806	4	811	806	2	13	0	0	0	51	0	861	T?/M?	live	0	0	0	650	460.009	400.000	378.200	390	234	366	2	7	811	51	0	0		0.8361	0.9714
3.7	robar.nano.MosquitoPM 1.0	lower		10	true	35	4208.000	729.000	34	1700.000	50.000	1809.000	661.000	12	17456	0.382	0.888	80.737	35	0	0	0.205	0.064	92	730	0	731	729	4	16	0	0	0	55	256	772	T?/M?	live	0	0	0	650	456.114	400.000	348.743	564	399	376	3	6	731	55	0	0		0.8523	0.9714
3.7	robar.nano.MosquitoPM 1.0	lower		11	true	35	4194.000	747.000	33	1650.000	100.000	1849.000	606.000	10	16912	0.353	0.847	145.022	35	0	0	0.226	0.056	101	700	3	704	698	1	15	0	0	0	44	0	739	T?/M?	live	0	0	0	650	419.043	400.000	333.200	427	277	387	2	4	704	44	0	0		0.8488	0.9429
3.7	robar.nano.MosquitoPM 1.0	lower		12	true	35	3905.000	839.000	34	1700.000	50.000	1556.000	764.000	16	19331	0.432	0.951	15.130	35	0	0	0.183	0.065	140	854	0	855	851	7	20	0	0	0	62	356	938	T?/M?	live	0	0	0	650	455.200	400.000	402.314	485	492	368	2	4	855	61	0	0		0.8231	0.9714
3.7	robar.nano.MosquitoPM 1.0	lower		13	true	35	4009.000	811.000	35	1750.000	0.000	1591.000	811.000	14	19614	0.430	0.990	234.986	35	0	0	0.178	0.066	105	873	2	876	871	6	24	0	0	0	61	470	964	T?/M?	live	0	0	0	650	504.894	625.000	410.400	564	494	282	2	6	876	61	0	0		0.8317	1.0000
3.7	robar.nano.MosquitoPM 1.0	lower		14	true	35	4112.000	666.000	35	1750.000	0.000	1677.000	666.000	14	18481	0.467	1.006	16.828	35	0	0	0.185	0.063	101	802	2	804	799	15	15	0	0	0	57	351	863	T?/M?	live	0	0	0	650	480.494	425.000	378.029	594	359	336	2	4	804	57	0	0		0.8606	1.0000
3.7	robar.nano.MosquitoPM 1.0	lower		15	true	35	3838.000	890.000	34	1700.000	50.000	1504.000	819.000	13	19929	0.488	1.005	62.622	35	0	0	0.168	0.067	110	891	3	894	888	4	17	0	0	0	60	206	995	T?/M?	live	0	0	0	650	500.037	650.000	419.400	449	387	262	3	6	894	60	0	0		0.8118	0.9714
3.7	robar.nano.MosquitoPM 1.0	lower		16	true	35	4267.000	658.000	35	1750.000	0.000	1806.000	658.000	10	17851	0.428	0.928	194.387	35	0	0	0.197	0.061	82	752	4	757	750	4	18	0	0	0	44	0	801	T?/M?	live	0	0	0	650	463.149	400.000	360.029	513	382	387	3	6	757	43	0	0		0.8664	1.0000
3.7	robar.nano.Scytodes 0.3	weak		1	true	35	5255.000	450.000	34	1700.000	50.000	2680.000	376.000	13	11447	0.257	0.766	28.765	35	0	0	0.529	0.150	5	331	2	300	299	3	10	0	0	0	22	0	360	T?/M?	live	0	0	0	650	388.103	400.000	177.057	447	106	213	3	6	300	22	0	0		0.9211	0.9714
3.7	robar.nano.Scytodes 0.3	weak		2	true	35	5362.000	362.000	35	1750.000	0.000	2718.000	362.000	44	11379	0.248	0.804	10.607	35	0	0	0.516	0.068	14	322	3	323	322	2	13	0	0	0	27	0	344	T?/M?	live	0	0	0	650	384.160	400.000	175.114	523	129	239	2	3	323	27	0	0		0.9368	1.0000
3.7	robar.nano.Scytodes 0.3	weak		3	true	35	5311.000	224.000	35	1750.000	0.000	2676.000	224.000	9	11188	0.265	0.785	71.322	35	0	0	0.508	0.043	11	313	2	313	313	1	13	0	0	0	26	0	334	T?/M?	live	0	0	0	650	382.777	400.000	169.657	487	104	228	1	6	313	26	0	0		0.9595	1.0000
3.7	robar.nano.Scytodes 0.3	weak		4	true	35	5419.000	398.000	35	1750.000	0.000	2766.000	398.000	12	11165	0.280	0.813	32.740	35	0	0	0.533	0.080	4	316	1	319	315	5	14	0	0	0	21	0	332	T?/M?	live	0	0	0	650	386.809	400.000	169.000	485	81	226	3	3	319	21	0	0		0.9316	1.0000
3.7	robar.nano.Scytodes 0.3	weak		5	true	35	5407.000	452.000	35	1750.000	0.000	2756.000	452.000	17	11411	0.281	0.834	8.874	35	0	0	0.503	0.079	7	327	4	330	326	6	13	0	0	0	25	0	351	T?/M?	live	0	0	0	650	406.229	400.000	176.029	506	130	235	2	4	330	24	0	0		0.9229	1.0000
3.7	robar.nano.Scytodes 0.3	weak		6	true	35	5342.000	288.000	35	1750.000	0.000	2701.000	288.000	17	11145	0.272	0.808	9.629	35	0	0	0.507	0.054	7	317	1	319	317	4	14	0	0	0	16	0	332	T?/M?	live	0	0	0	650	416.617	400.000	168.429	444	63	234	3	3	319	16	0	0		0.9488	1.0000
3.7	robar.nano.Scytodes 0.3	weak		7	true	35	5329.000	316.000	35	1750.000	0.000	2691.000	316.000	11	11267	0.275	0.837	96.007	35	0	0	0.515	0.058	10	320	4	321	320	2	8	0	0	0	21	0	338	T?/M?	live	0	0	0	650	402.597	400.000	171.914	486	88	240	2	4	321	21	0	0		0.9440	1.0000
3.7	robar.nano.Scytodes 0.3	weak		8	true	35	5353.000	352.000	35	1750.000	0.000	2711.000	352.000	11	11331	0.270	0.809	39.494	35	0	0	0.504	0.061	9	322	3	323	322	0	12	0	0	0	19	220	345	T?/M?	live	0	0	0	650	377.951	400.000	173.743	496	99	244	1	228	323	19	0	0		0.9383	1.0000
3.7	robar.nano.Scytodes 0.3	weak		9	true	35	5370.000	352.000	35	1750.000	0.000	2725.000	352.000	44	11263	0.274	0.843	10.113	35	0	0	0.514	0.068	8	319	2	320	319	0	18	0	0	0	22	0	338	T?/M?	live	0	0	0	650	385.406	400.000	171.800	554	41	233	1	3	320	22	0	0		0.9385	1.0000
3.7	robar.nano.Scytodes 0.3	weak		10	true	35	5348.000	404.000	35	1750.000	0.000	2707.000	402.000	12	11569	0.295	0.846	15.034	35	0	0	0.488	0.073	16	334	2	335	334	2	13	0	0	0	25	0	364	T?/M?	live	0	0	0	650	410.989	400.000	180.543	510	221	236	3	2	335	25	0	0		0.9298	1.0000
3.7	robar.nano.Scytodes 0.3	weak		11	true	35	5374.000	272.000	35	1750.000	0.000	2729.000	272.000	12	10973	0.257	0.775	8.782	35	0	0	0.536	0.052	4	302	4	305	302	2	8	0	0	0	24	0	323	T?/M?	live	0	0	0	650	392.520	400.000	163.514	411	98	223	2	6	305	24	0	0		0.9518	1.0000
3.7	robar.nano.Scytodes 0.3	weak		12	true	35	5212.000	408.000	34	1700.000	50.000	2643.000	333.000	14	11179	0.294	0.815	10.447	35	0	0	0.514	0.160	8	313	3	298	297	3	7	0	0	0	15	0	340	T?/M?	live	0	0	0	650	398.377	400.000	169.400	448	80	211	3	4	298	15	0	0		0.9274	0.9714
3.7	robar.nano.Scytodes 0.3	weak		13	true	35	5354.000	314.000	35	1750.000	0.000	2712.000	314.000	15	11241	0.267	0.805	9.055	35	0	0	0.510	0.062	9	320	0	320	320	4	6	0	0	0	23	0	338	T?/M?	live	0	0	0	650	394.194	400.000	171.171	477	129	229	2	4	320	23	0	0		0.9446	1.0000
3.7	robar.nano.Scytodes 0.3	weak		14	true	35	5336.000	336.000	35	1750.000	0.000	2696.000	336.000	15	11366	0.292	0.860	9.787	35	0	0	0.494	0.061	8	326	1	327	326	6	14	0	0	0	23	0	345	T?/M?	live	0	0	0	650	402.663	400.000	174.743	509	11	239	2	1	327	23	0	0		0.9408	1.0000
3.7	robar.nano.Scytodes 0.3	weak		15	true	35	5164.000	406.000	34	1700.000	50.000	2605.000	331.000	10	11485	0.256	0.711	7.759	34	0	0	0.487	0.046	7	334	1	315	313	0	12	0	0	0	27	206	329	T?/M?	live	0	0	0	650	404.185	400.000	172.412	401	110	236	1	3	314	27	0	0		0.9271	0.9714
3.7	robar.nano.Scytodes 0.3	weak		16	true	35	5161.000	467.000	34	1700.000	50.000	2601.000	393.000	24	11852	0.272	0.772	9.569	35	0	0	0.479	0.148	11	355	3	327	323	6	15	0	0	0	27	0	387	T?/M?	live	0	0	0	650	404.260	400.000	188.629	514	106	228	3	4	327	24	0	0		0.9170	0.9714
3.7	sadoner.killer 0.2	weak		1	true	35	4488.000	838.000	33	1650.000	100.000	2106.000	684.000	11	16664	0.273	0.721	159.673	35	0	0	0.214	0.089	11	704	2	705	704	3	14	0	0	0	48	0	695	T?/M?	live	0	0	0	650	291.743	400.000	326.114	865	10	394	2	5	702	48	0	0		0.8427	0.9429
3.7	sadoner.killer 0.2	weak		2	true	35	4249.000	711.000	32	1600.000	150.000	1961.000	498.000	10	17503	0.296	0.703	380.969	35	0	0	0.204	0.052	5	757	4	757	757	2	6	0	0	0	59	0	761	T?/M?	live	0	0	0	650	297.214	400.000	350.086	611	0	372	2	4	754	59	0	0		0.8567	0.9143
3.7	sadoner.killer 0.2	weak		3	true	35	4476.000	473.000	34	1700.000	50.000	2033.000	406.000	10	17030	0.307	0.732	359.456	35	0	0	0.212	0.057	8	729	6	729	729	1	13	0	0	0	56	544	710	T?/M?	live	0	0	0	650	294.431	400.000	336.571	681	0	379	1	5	713	56	0	0		0.9044	0.9714
3.7	sadoner.killer 0.2	weak		4	true	35	4605.000	589.000	34	1700.000	50.000	2145.000	519.000	47	16767	0.322	0.766	244.114	35	0	0	0.219	0.072	6	712	1	712	712	3	13	0	0	0	46	630	702	T?/M?	live	0	0	0	650	289.146	400.000	329.057	705	0	410	2	5	712	46	0	0		0.8866	0.9714
3.7	sadoner.killer 0.2	weak		5	true	35	4262.000	946.000	32	1600.000	150.000	1961.000	721.000	9	17954	0.315	0.719	14.862	34	0	0	0.193	0.064	6	795	4	775	775	0	22	0	0	0	55	468	732	T?/M?	live	0	0	0	650	289.441	400.000	363.294	698	0	344	1	2	730	55	0	0		0.8184	0.9143
3.7	sadoner.killer 0.2	weak		6	true	35	4579.000	754.000	34	1700.000	50.000	2127.000	681.000	12	17451	0.334	0.782	181.172	35	0	0	0.205	0.073	8	755	3	755	755	3	9	0	0	0	69	669	753	T?/M?	live	0	0	0	650	297.751	525.000	348.600	533	0	431	3	5	755	69	0	0		0.8586	0.9714
3.7	sadoner.killer 0.2	weak		7	true	35	4663.000	965.000	34	1700.000	50.000	2194.000	893.000	18	17855	0.359	0.873	53.207	35	0	0	0.203	0.233	9	789	2	751	751	8	18	0	0	0	58	0	784	T?/M?	live	0	0	0	650	296.769	650.000	360.143	687	0	411	3	5	751	56	0	0		0.8285	0.9714
3.7	sadoner.killer 0.2	weak		8	true	35	4400.000	939.000	32	1600.000	150.000	2090.000	724.000	5	16954	0.343	0.805	14.409	34	0	0	0.214	0.079	7	713	2	713	713	2	12	0	0	0	38	592	690	T?/M?	live	0	0	0	650	288.156	400.000	332.441	593	0	404	1	5	689	38	0	0		0.8241	0.9143
3.7	sadoner.killer 0.2	weak		9	true	35	4475.000	676.000	34	1700.000	50.000	2034.000	603.000	11	17133	0.311	0.759	16.114	35	0	0	0.201	0.059	9	729	3	730	729	2	11	0	0	0	46	655	704	T?/M?	live	0	0	0	650	291.720	400.000	339.514	464	25	443	2	3	712	46	0	0		0.8688	0.9714
3.7	sadoner.killer 0.2	weak		10	true	35	4569.000	447.000	35	1750.000	0.000	2057.000	446.000	12	17244	0.335	0.795	15.586	35	0	0	0.211	0.074	8	744	1	744	744	1	15	0	0	0	61	8	750	T?/M?	live	0	0	0	650	292.406	400.000	342.686	874	0	372	2	5	743	61	0	0		0.9109	1.0000
3.7	sadoner.killer 0.2	weak		11	true	35	4599.000	375.000	35	1750.000	0.000	2082.000	374.000	11	16245	0.296	0.745	16.238	35	0	0	0.215	0.044	5	671	2	671	671	1	12	0	0	0	66	275	665	T?/M?	live	0	0	0	650	290.580	400.000	314.143	474	0	414	1	4	671	66	0	0		0.9246	1.0000
3.7	sadoner.killer 0.2	weak		12	true	35	4436.000	994.000	32	1600.000	150.000	2104.000	764.000	11	17108	0.329	0.820	14.245	35	0	0	0.211	0.083	22	726	3	726	726	2	11	0	0	0	68	438	718	T?/M?	live	0	0	0	650	290.340	400.000	338.800	589	0	443	2	2	726	68	0	0		0.8169	0.9143
3.7	sadoner.killer 0.2	weak		13	true	35	4624.000	822.000	34	1700.000	50.000	2161.000	750.000	13	17447	0.350	0.886	18.570	35	0	0	0.218	0.104	7	759	2	759	759	6	13	0	0	0	62	198	750	T?/M?	live	0	0	0	650	285.994	650.000	348.486	662	0	424	2	6	759	62	0	0		0.8491	0.9714
3.7	sadoner.killer 0.2	weak		14	true	35	4528.000	675.000	33	1650.000	100.000	2142.000	528.000	13	16575	0.290	0.741	105.414	35	0	0	0.223	0.063	8	697	4	697	697	4	8	0	0	0	58	655	688	T?/M?	live	0	0	0	650	292.957	400.000	323.571	649	0	403	2	4	691	58	0	0		0.8703	0.9429
3.7	sadoner.killer 0.2	weak		15	true	35	4324.000	1059.000	31	1550.000	200.000	2086.000	758.000	14	17027	0.296	0.773	109.618	35	0	0	0.210	0.275	6	730	2	710	710	3	11	0	0	0	75	526	715	T?/M?	live	0	0	0	650	300.929	650.000	336.486	652	0	455	3	4	710	73	0	0		0.8033	0.8857
3.7	sadoner.killer 0.2	weak		16	true	35	4514.000	1111.000	32	1600.000	150.000	2186.000	893.000	14	17175	0.345	0.904	13.896	35	0	0	0.205	0.093	8	736	2	736	736	5	12	0	0	0	48	0	722	T?/M?	live	0	0	0	650	306.654	625.000	340.714	640	0	465	3	5	734	48	0	0		0.8025	0.9143
3.7	sample.Target 1.0	weak		1	true	35	6256.000	0.000	35	1750.000	0.000	3463.000	0.000	9	15103	0.177	0.530	9.297	35	0	0	0.535	0.000	15	0	0	0	0	2	0	0	0	0	0	0	648	T?/M?	live	0	0	0	650	481.577	650.000	281.514	0	39	0	1	2	0	0	0	0		1.0000	1.0000
3.7	sample.Target 1.0	weak		2	true	35	6260.000	0.000	35	1750.000	0.000	3467.000	0.000	12	15714	0.184	0.527	11.502	35	0	0	0.507	0.000	13	0	0	0	0	5	0	0	0	0	0	0	693	T?/M?	live	0	0	0	650	514.709	650.000	298.971	0	40	0	3	2	0	0	0	0		1.0000	1.0000
3.7	sample.Target 1.0	weak		3	true	35	6269.000	0.000	35	1750.000	0.000	3474.000	0.000	13	15471	0.179	0.557	445.449	35	0	0	0.514	0.000	10	0	0	0	0	3	0	0	0	0	0	0	677	T?/M?	live	0	0	0	650	491.086	650.000	292.029	0	0	0	3	2	0	0	0	0		1.0000	1.0000
3.7	sample.Target 1.0	weak		4	true	35	6245.000	0.000	35	1750.000	0.000	3455.000	0.000	44	15021	0.168	0.518	11.472	35	0	0	0.534	0.000	18	0	0	0	0	3	0	0	0	0	0	0	646	T?/M?	live	0	0	0	650	483.771	650.000	279.171	0	31	0	2	3	0	0	0	0		1.0000	1.0000
3.7	sample.Target 1.0	weak		5	true	35	6265.000	0.000	35	1750.000	0.000	3471.000	0.000	10	15516	0.161	0.498	10.643	35	0	0	0.520	0.000	13	0	0	0	0	4	0	0	0	0	0	0	677	T?/M?	live	0	0	0	650	489.986	650.000	293.314	0	0	0	2	2	0	0	0	0		1.0000	1.0000
3.7	sample.Target 1.0	weak		6	true	35	6250.000	0.000	35	1750.000	0.000	3458.000	0.000	45	15141	0.150	0.473	11.080	35	0	0	0.529	0.000	14	0	0	0	0	2	0	0	0	0	0	0	651	T?/M?	live	0	0	0	650	494.954	650.000	282.600	0	0	0	2	4	0	0	0	0		1.0000	1.0000
3.7	sample.Target 1.0	weak		7	true	35	6271.000	0.000	35	1750.000	0.000	3476.000	0.000	10	15161	0.151	0.452	10.985	35	0	0	0.534	0.000	10	0	0	0	0	3	0	0	0	0	0	0	658	T?/M?	live	0	0	0	650	464.274	650.000	283.171	0	0	0	2	1	0	0	0	0		1.0000	1.0000
3.7	sample.Target 1.0	weak		8	true	35	6264.000	0.000	35	1750.000	0.000	3470.000	0.000	10	15622	0.146	0.464	9.323	35	0	0	0.512	0.000	10	0	0	0	0	2	0	0	0	0	0	0	689	T?/M?	live	0	0	0	650	504.057	650.000	296.343	0	14	0	1	3	0	0	0	0		1.0000	1.0000
3.7	sample.Target 1.0	weak		9	true	35	6253.000	0.000	35	1750.000	0.000	3461.000	0.000	9	15369	0.151	0.465	319.858	35	0	0	0.514	0.000	15	0	0	0	0	1	0	0	0	0	0	0	670	T?/M?	live	0	0	0	650	498.363	650.000	289.114	0	0	0	1	4	0	0	0	0		1.0000	1.0000
3.7	sample.Target 1.0	weak		10	true	35	6229.000	0.000	35	1750.000	0.000	3441.000	0.000	11	15733	0.141	0.427	278.922	35	0	0	0.491	0.000	21	0	0	0	0	2	0	0	0	0	0	0	696	T?/M?	live	0	0	0	650	524.886	650.000	299.514	0	53	0	2	2	0	0	0	0		1.0000	1.0000
3.7	sample.Target 1.0	weak		11	true	35	6246.000	0.000	35	1750.000	0.000	3455.000	0.000	9	16031	0.139	0.422	315.599	35	0	0	0.493	0.000	17	0	0	0	0	0	0	0	0	0	0	0	720	T?/M?	live	0	0	0	650	517.557	650.000	308.029	0	0	0	1	2	0	0	0	0		1.0000	1.0000
3.7	sample.Target 1.0	weak		12	true	35	6270.000	0.000	35	1750.000	0.000	3475.000	0.000	9	15464	0.143	0.428	284.843	35	0	0	0.524	0.000	9	0	0	0	0	3	0	0	0	0	0	0	672	T?/M?	live	0	0	0	650	468.357	650.000	291.829	0	0	0	3	3	0	0	0	0		1.0000	1.0000
3.7	sample.Target 1.0	weak		13	true	35	6234.000	0.000	35	1750.000	0.000	3445.000	0.000	9	15474	0.115	0.392	283.195	35	0	0	0.506	0.000	20	0	0	0	0	3	0	0	0	0	0	0	678	T?/M?	live	0	0	0	650	498.637	650.000	292.114	0	0	0	2	3	0	0	0	0		1.0000	1.0000
3.7	sample.Target 1.0	weak		14	true	35	6244.000	0.000	35	1750.000	0.000	3453.000	0.000	11	15911	0.113	0.378	116.937	35	0	0	0.500	0.000	18	0	0	0	0	2	0	0	0	0	0	0	705	T?/M?	live	0	0	0	650	497.623	650.000	304.600	0	0	0	2	4	0	0	0	0		1.0000	1.0000
3.7	sample.Target 1.0	weak		15	true	35	6239.000	0.000	35	1750.000	0.000	3450.000	0.000	11	16017	0.116	0.384	97.210	35	0	0	0.479	0.000	19	0	0	0	0	1	0	0	0	0	0	0	717	T?/M?	live	0	0	0	650	517.537	650.000	307.629	0	0	0	2	3	0	0	0	0		1.0000	1.0000
3.7	sample.Target 1.0	weak		16	true	35	6277.000	0.000	35	1750.000	0.000	3481.000	0.000	12	15890	0.118	0.398	294.696	35	0	0	0.502	0.000	6	0	0	0	0	5	0	0	0	0	0	0	705	T?/M?	live	0	0	0	650	508.354	650.000	304.000	0	0	0	3	3	0	0	0	0		1.0000	1.0000
3.7	wcsv.PowerHouse.PowerHouse 1.7e3	mid		1	true	35	2960.000	1634.000	28	1400.000	350.000	1084.000	1139.000	16	30727	0.506	1.023	14.167	35	0	0	0.101	0.078	59	1768	11	1768	1768	16	22	0	0	0	173	1651	1914	T?/M?	live	0	0	0	650	463.220	650.000	727.914	527	183	15	2	10	1768	172	0	0		0.6443	0.8000
3.7	wcsv.PowerHouse.PowerHouse 1.7e3	mid		2	true	35	2709.000	1978.000	25	1250.000	500.000	1027.000	1268.000	7	31884	0.534	1.052	12.826	34	0	0	0.106	0.080	89	1850	11	1850	1850	3	17	0	0	0	173	1798	1951	T?/M?	live	0	0	0	650	465.850	650.000	755.441	366	231	18	2	8	1776	172	0	0		0.5780	0.7143
3.7	wcsv.PowerHouse.PowerHouse 1.7e3	mid		3	true	35	2789.000	1730.000	27	1350.000	400.000	989.000	1159.000	5	30029	0.467	1.000	43.957	34	0	0	0.095	0.074	58	1701	12	1701	1701	4	27	0	0	0	169	519	1776	T?/M?	live	0	0	0	650	468.541	650.000	705.147	402	187	0	2	6	1636	168	0	0		0.6172	0.7714
3.7	wcsv.PowerHouse.PowerHouse 1.7e3	mid		4	true	35	3018.000	1462.000	30	1500.000	250.000	1030.000	1102.000	17	31277	0.564	1.043	19.119	35	0	0	0.096	0.074	73	1804	11	1804	1804	9	19	0	0	0	173	1045	1961	T?/M?	live	0	0	0	650	472.660	650.000	743.629	447	179	0	2	8	1803	173	0	0		0.6737	0.8571
3.7	wcsv.PowerHouse.PowerHouse 1.7e3	mid		5	true	35	2957.000	1723.000	28	1400.000	350.000	1079.000	1228.000	13	31014	0.558	1.027	115.020	35	0	0	0.105	0.073	91	1781	11	1781	1781	6	25	0	0	0	186	1515	1943	T?/M?	live	0	0	0	650	466.251	650.000	736.114	537	125	36	2	10	1765	185	0	0		0.6318	0.8000
3.7	wcsv.PowerHouse.PowerHouse 1.7e3	mid		6	true	35	2756.000	1733.000	27	1350.000	400.000	979.000	1158.000	12	31182	0.560	1.029	13.112	35	0	0	0.097	0.076	81	1785	11	1784	1784	5	26	0	0	0	161	1375	1960	T?/M?	live	0	0	0	650	470.326	650.000	740.914	287	318	7	2	9	1784	160	0	0		0.6139	0.7714
3.7	wcsv.PowerHouse.PowerHouse 1.7e3	mid		7	true	35	2707.000	1761.000	26	1300.000	450.000	979.000	1114.000	19	30171	0.558	1.043	12.754	35	0	0	0.100	0.070	79	1724	6	1724	1724	8	23	0	0	0	161	1772	1881	T?/M?	live	0	0	0	650	464.900	650.000	712.029	234	30	13	2	8	1723	161	0	0		0.6059	0.7429
3.7	wcsv.PowerHouse.PowerHouse 1.7e3	mid		8	true	35	2856.000	1882.000	26	1300.000	450.000	1107.000	1233.000	14	30170	0.563	1.046	12.621	35	0	0	0.101	0.083	60	1730	5	1730	1730	4	17	0	0	0	184	1671	1868	T?/M?	live	0	0	0	650	472.291	650.000	712.000	640	167	2	2	9	1721	184	0	0		0.6028	0.7429
3.7	wcsv.PowerHouse.PowerHouse 1.7e3	mid		9	true	35	3099.000	1476.000	29	1450.000	300.000	1151.000	1039.000	9	29460	0.541	1.009	37.402	34	0	0	0.102	0.068	50	1667	12	1667	1667	4	7	0	0	0	166	1390	1754	T?/M?	live	0	0	0	650	476.638	650.000	694.559	642	104	3	3	9	1621	166	0	0		0.6774	0.8286
3.7	wcsv.PowerHouse.PowerHouse 1.7e3	mid		10	true	35	2945.000	1629.000	28	1400.000	350.000	1070.000	1135.000	16	30506	0.543	1.013	21.753	35	0	0	0.103	0.241	65	1745	10	1714	1714	5	26	0	0	0	169	1539	1913	T?/M?	live	0	0	0	650	468.886	650.000	721.600	568	145	16	3	8	1714	167	0	0		0.6439	0.8000
3.7	wcsv.PowerHouse.PowerHouse 1.7e3	mid		11	true	35	3020.000	1619.000	29	1450.000	300.000	1085.000	1187.000	14	30540	0.532	1.010	12.268	35	0	0	0.096	0.077	67	1753	7	1753	1753	8	21	0	0	0	173	1656	1900	T?/M?	live	0	0	0	650	466.114	650.000	722.571	477	153	37	2	9	1751	173	0	0		0.6510	0.8286
3.7	wcsv.PowerHouse.PowerHouse 1.7e3	mid		12	true	35	2950.000	1722.000	28	1400.000	350.000	1087.000	1220.000	15	30950	0.557	1.038	12.705	35	0	0	0.110	0.077	85	1785	4	1785	1785	4	19	0	0	0	160	1519	1941	T?/M?	live	0	0	0	650	462.331	650.000	734.286	358	71	46	2	8	1776	160	0	0		0.6314	0.8000
3.7	wcsv.PowerHouse.PowerHouse 1.7e3	mid		13	true	35	2679.000	1987.000	24	1200.000	550.000	1071.000	1186.000	7	28962	0.546	1.015	12.281	34	0	0	0.106	0.073	74	1619	9	1619	1619	3	19	0	0	0	175	1627	1707	T?/M?	live	0	0	0	650	468.338	650.000	675.324	410	119	34	2	7	1569	174	0	0		0.5742	0.6857
3.7	wcsv.PowerHouse.PowerHouse 1.7e3	mid		14	true	35	2997.000	1743.000	28	1400.000	350.000	1123.000	1242.000	9	30638	0.543	1.013	144.070	34	0	0	0.096	0.286	56	1763	7	1730	1730	9	26	0	0	0	162	1658	1843	T?/M?	live	0	0	0	650	464.259	650.000	729.676	286	232	7	3	7	1687	159	0	0		0.6323	0.8000
3.7	wcsv.PowerHouse.PowerHouse 1.7e3	mid		15	true	35	2842.000	1781.000	27	1350.000	400.000	1042.000	1209.000	15	30934	0.535	1.034	12.799	35	0	0	0.112	0.080	94	1779	8	1779	1779	7	15	0	0	0	185	1907	1944	T?/M?	live	0	0	0	650	457.151	650.000	733.829	466	148	76	2	9	1779	185	0	0		0.6148	0.7714
3.7	wcsv.PowerHouse.PowerHouse 1.7e3	mid		16	true	35	2841.000	1725.000	28	1400.000	350.000	984.000	1219.000	15	31249	0.548	1.040	18.873	35	0	0	0.103	0.071	96	1799	6	1799	1799	8	17	0	0	0	159	1869	1979	T?/M?	live	0	0	0	650	469.671	650.000	742.829	523	86	13	3	6	1783	159	0	0		0.6222	0.8000
3.7	yk.JahMicro 1.0	weak		1	true	35	4846.000	451.000	32	1600.000	150.000	2458.000	267.000	11	26997	0.314	0.777	18.303	35	0	0	0.178	0.064	78	1005	0	1031	1005	4	12	0	0	0	83	891	1402	T?/M?	live	0	0	0	650	475.309	400.000	621.343	146	1	730	2	5	1031	83	0	0		0.9149	0.9143
3.7	yk.JahMicro 1.0	weak		2	true	35	4734.000	814.000	30	1500.000	250.000	2478.000	490.000	12	27996	0.307	0.810	15.526	35	0	0	0.176	0.087	93	1058	2	1058	1058	4	14	0	0	0	99	828	1512	T?/M?	live	0	0	0	650	463.300	400.000	649.886	161	0	771	2	4	1058	99	0	0		0.8533	0.8571
3.7	yk.JahMicro 1.0	weak		3	true	35	5357.000	333.000	34	1700.000	50.000	2776.000	272.000	10	22303	0.287	0.765	71.570	35	0	0	0.210	0.068	35	728	1	728	728	2	16	0	0	0	63	0	1089	T?/M?	live	0	0	0	650	434.506	400.000	487.229	182	0	648	2	7	728	63	0	0		0.9415	0.9714
3.7	yk.JahMicro 1.0	weak		4	true	35	5345.000	336.000	34	1700.000	50.000	2756.000	265.000	10	21831	0.278	0.721	17.638	35	0	0	0.211	0.069	38	743	1	777	743	3	20	0	0	0	56	190	1045	T?/M?	live	0	0	0	650	449.483	400.000	473.743	232	0	696	2	7	775	56	0	0		0.9409	0.9714
3.7	yk.JahMicro 1.0	weak		5	true	35	5322.000	396.000	34	1700.000	50.000	2739.000	336.000	10	23360	0.306	0.794	16.898	35	0	0	0.196	0.098	29	848	0	849	848	2	12	0	0	0	66	531	1121	T?/M?	live	0	0	0	650	463.334	400.000	517.429	202	1	736	2	4	844	66	0	0		0.9307	0.9714
3.7	yk.JahMicro 1.0	weak		6	true	35	5114.000	569.000	32	1600.000	150.000	2696.000	384.000	12	25246	0.318	0.801	213.718	35	0	0	0.193	0.080	93	870	0	924	870	3	19	0	0	0	81	1045	1332	T?/M?	live	0	0	0	650	463.217	400.000	571.314	178	1	726	2	6	924	81	0	0		0.8999	0.9143
3.7	yk.JahMicro 1.0	weak		7	true	35	5337.000	368.000	34	1700.000	50.000	2754.000	308.000	13	25411	0.300	0.754	17.239	35	0	0	0.216	0.080	71	848	1	864	848	3	13	0	0	0	59	357	1314	T?/M?	live	0	0	0	650	477.169	400.000	576.029	187	10	707	2	4	864	59	0	0		0.9355	0.9714
3.7	yk.JahMicro 1.0	weak		8	true	35	5106.000	463.000	32	1600.000	150.000	2679.000	277.000	9	22792	0.311	0.775	18.269	35	0	0	0.219	0.062	36	805	0	805	805	0	12	0	0	0	81	1058	1087	T?/M?	live	0	0	0	650	448.309	400.000	501.200	247	26	674	1	4	804	81	0	0		0.9169	0.9143
3.7	yk.JahMicro 1.0	weak		9	true	35	5296.000	341.000	34	1700.000	50.000	2717.000	276.000	12	22138	0.299	0.779	18.348	35	0	0	0.195	0.083	15	762	1	762	762	3	11	0	0	0	66	273	1066	T?/M?	live	0	0	0	650	443.317	400.000	482.514	256	45	677	2	5	761	66	0	0		0.9395	0.9714
3.7	yk.JahMicro 1.0	weak		10	true	35	5339.000	277.000	35	1750.000	0.000	2675.000	272.000	14	23879	0.295	0.756	9.545	35	0	0	0.192	0.069	65	866	1	866	866	4	10	0	0	0	58	0	1204	T?/M?	live	0	0	0	650	461.311	400.000	532.257	162	38	724	2	4	864	58	0	0		0.9507	1.0000
3.7	yk.JahMicro 1.0	weak		11	true	35	5108.000	505.000	32	1600.000	150.000	2683.000	324.000	10	26305	0.306	0.759	283.282	35	0	0	0.175	0.077	58	889	0	890	889	2	7	0	0	0	68	0	1303	T?/M?	live	0	0	0	650	469.640	450.000	601.571	157	0	755	1	6	889	68	0	0		0.9100	0.9143
3.7	yk.JahMicro 1.0	weak		12	true	35	5365.000	196.000	35	1750.000	0.000	2721.000	196.000	10	21111	0.272	0.708	17.230	35	0	0	0.204	0.049	11	721	1	721	721	3	15	0	0	0	50	0	985	T?/M?	live	0	0	0	650	445.146	400.000	453.171	198	22	663	2	5	721	50	0	0		0.9648	1.0000
3.7	yk.JahMicro 1.0	weak		13	true	35	4954.000	559.000	31	1550.000	200.000	2607.000	306.000	12	24457	0.292	0.730	18.099	35	0	0	0.219	0.060	106	846	5	846	846	4	8	0	0	0	92	622	1253	T?/M?	live	0	0	0	650	438.014	400.000	548.771	145	24	656	3	6	843	92	0	0		0.8986	0.8857
3.7	yk.JahMicro 1.0	weak		14	true	35	5144.000	422.000	33	1650.000	100.000	2648.000	292.000	15	24113	0.301	0.789	88.767	35	0	0	0.180	0.072	34	920	1	920	920	4	14	0	0	0	66	0	1213	T?/M?	live	0	0	0	650	500.926	525.000	538.943	182	0	724	2	5	920	66	0	0		0.9242	0.9429
3.7	yk.JahMicro 1.0	weak		15	true	35	5336.000	430.000	34	1700.000	50.000	2750.000	361.000	12	21982	0.271	0.722	16.143	35	0	0	0.214	0.075	38	751	0	751	751	2	11	0	0	0	62	487	1053	T?/M?	live	0	0	0	650	437.506	400.000	478.057	198	0	690	2	6	749	62	0	0		0.9254	0.9714
3.7	yk.JahMicro 1.0	weak		16	true	35	5511.000	332.000	35	1750.000	0.000	2843.000	332.000	15	22250	0.283	0.786	16.960	35	0	0	0.202	0.083	26	747	2	771	747	13	14	0	0	0	71	1021	1068	T?/M?	live	0	0	0	650	460.923	400.000	485.714	239	0	714	3	5	771	71	0	0		0.9432	1.0000
