build	opponent	role	rank	seed	ok	rounds	score	theirScore	firsts	survival	theirSurvival	bulletDamage	theirBulletDamage	skippedTurns	turns	turnP50Ms	turnP95Ms	turnMaxMs	roundRecords	faults	faultRecords	ourHitRate	theirHitRate	phantomWaves	enemyShots	unseenShots	inferredWaves	matchedWaves	radarReacquired	hiddenShots	profileFound	memoryFailures	seedsEvicted	bulletsIntercepted	jitteredShots	shotsFired	tiers	openingGun	gunSeed	surfSeed	seedDecays	openingDistance	meanDistance	targetDistance	roundTicks	finishTicks	ramTicks	fullPowerShots	maxLevel	slowTicks	shadowedWaves	interceptsShadowed	flavourChanges	flavourStep	errors	duressTicks	engineDisables	securityErrors	rShortfall	finalRMissing	hostCpuMin	hostCpuMean	hostCpuMax	otherJvms	score_share	survival_share
3.8.5	GarmBox.Oranges 1.0.1	weak		1	true	35	4436.000	1217.000	32	1600.000	150.000	2110.000	1008.000	14	18392	0.261	0.816	12.619	35	0	0	0.207	0.128	136	857	1	861	852	5	28	0	0	0	91	796	827	T?/M?	live	0	0	0	650	452.166	650.000	375.486	409	96	506	3	6	861	89	0	0		0	0	0	0	0	0.382	0.430	0.485	0	0.7847	0.9143
3.8.5	GarmBox.Oranges 1.0.1	weak		2	true	35	4224.000	1546.000	29	1450.000	300.000	2105.000	1110.000	17	17238	0.282	0.918	11.928	35	0	0	0.226	0.144	129	784	2	767	763	5	26	0	0	0	52	257	740	T?/M?	live	0	0	0	650	451.694	650.000	342.543	431	21	511	3	5	766	52	0	0		298	0	0	0	0	0.403	0.475	0.530	0	0.7321	0.8286
3.8.5	GarmBox.Oranges 1.0.1	weak		3	true	35	4345.000	1465.000	31	1550.000	200.000	2095.000	1170.000	13	18470	0.272	0.847	11.171	35	0	0	0.223	0.148	158	860	1	861	857	7	21	0	0	0	81	532	839	T?/M?	live	0	0	0	650	467.854	650.000	377.714	328	144	511	2	9	861	81	0	0		0	0	0	0	0	0.382	0.434	0.510	0	0.7478	0.8857
3.8.5	GarmBox.Oranges 1.0.1	weak		4	true	35	4238.000	1358.000	30	1500.000	250.000	2064.000	1001.000	11	18657	0.295	0.918	12.837	35	0	0	0.208	0.120	162	891	1	892	887	4	24	0	0	0	77	807	848	T?/M?	live	0	0	0	650	468.991	650.000	383.057	367	89	530	2	6	891	76	0	0		0	0	0	0	0	0.427	0.481	0.530	0	0.7573	0.8571
3.8.5	GarmBox.Oranges 1.0.1	weak		5	true	35	4502.000	796.000	33	1650.000	100.000	2118.000	654.000	12	17154	0.243	0.767	13.779	35	0	0	0.236	0.084	111	779	3	780	775	3	20	0	0	0	76	445	734	T?/M?	live	0	0	0	650	429.194	400.000	340.114	474	14	476	2	6	780	75	0	0		0	0	0	0	0	0.433	0.453	0.465	0	0.8498	0.9429
3.8.5	GarmBox.Oranges 1.0.1	weak		6	true	35	4247.000	1574.000	30	1500.000	250.000	2065.000	1219.000	13	18980	0.271	0.866	11.251	35	0	0	0.200	0.149	164	906	1	908	904	6	23	0	0	0	87	818	868	T?/M?	live	0	0	0	650	467.311	650.000	392.286	352	65	534	3	7	908	87	0	0		0	0	0	0	0	0.397	0.480	0.546	0	0.7296	0.8571
3.8.5	GarmBox.Oranges 1.0.1	weak		7	true	35	4491.000	1278.000	32	1600.000	150.000	2163.000	1062.000	15	18243	0.269	0.831	12.636	35	0	0	0.199	0.128	125	856	2	857	855	5	24	0	0	0	78	685	779	T?/M?	live	0	0	0	650	450.900	650.000	371.229	499	73	503	3	6	828	78	0	0		0	0	0	0	0	0.397	0.443	0.464	0	0.7785	0.9143
3.8.5	GarmBox.Oranges 1.0.1	weak		8	true	35	3932.000	1639.000	28	1400.000	350.000	1913.000	1128.000	13	18638	0.288	0.876	10.815	35	0	0	0.195	0.126	159	869	1	871	867	5	26	0	0	0	76	0	845	T?/M?	live	0	0	0	650	494.654	650.000	382.514	337	68	519	3	133	869	76	0	0		0	0	0	0	0	0.439	0.501	0.546	0	0.7058	0.8000
3.8.5	ahr.ice.Ice 1.0	weak		1	true	35	3602.000	2002.000	25	1250.000	500.000	1807.000	1271.000	16	18225	0.407	1.268	26.907	35	0	0	0.170	0.119	9	785	6	785	785	4	15	0	0	0	60	781	812	T?/M?	live	0	0	0	650	387.497	650.000	370.714	390	91	491	2	6	785	60	0	0		0	0	0	0	0	0.392	0.495	0.563	0	0.6428	0.7143
3.8.5	ahr.ice.Ice 1.0	weak		2	true	35	4128.000	1235.000	30	1500.000	250.000	1975.000	876.000	9	18020	0.400	1.047	25.096	35	0	0	0.193	0.081	14	778	6	778	778	1	12	0	0	0	51	309	799	T?/M?	live	0	0	0	650	375.443	650.000	364.857	585	68	463	1	7	778	51	0	0		0	0	0	0	0	0.464	0.515	0.561	0	0.7697	0.8571
3.8.5	ahr.ice.Ice 1.0	weak		3	true	35	3563.000	1847.000	25	1250.000	500.000	1784.000	1123.000	10	18740	0.417	1.148	25.547	35	0	0	0.163	0.099	13	822	4	821	821	1	11	0	0	0	53	262	846	T?/M?	live	0	0	0	650	386.549	400.000	385.429	423	14	519	1	1093	821	52	0	0		0	0	0	0	0	0.392	0.495	0.563	0	0.6586	0.7143
3.8.5	ahr.ice.Ice 1.0	weak		4	true	35	3501.000	2097.000	24	1200.000	550.000	1785.000	1286.000	10	18609	0.421	1.235	21.936	35	0	0	0.174	0.114	24	818	4	818	818	3	10	0	0	0	51	440	837	T?/M?	live	0	0	0	650	392.894	650.000	381.686	301	19	508	2	5	809	51	0	0		0	0	0	0	0	0.464	0.513	0.561	0	0.6254	0.6857
3.8.5	ahr.ice.Ice 1.0	weak		5	true	35	3879.000	1973.000	26	1300.000	450.000	1964.000	1256.000	12	18338	0.402	1.161	23.901	35	0	0	0.212	0.146	55	802	4	802	802	6	16	0	0	0	52	0	833	T?/M?	live	0	0	0	650	379.640	650.000	373.943	451	134	442	3	2	796	52	0	0		0	0	0	0	0	0.459	0.504	0.561	0	0.6629	0.7429
3.8.5	ahr.ice.Ice 1.0	weak		6	true	35	3094.000	2643.000	19	950.000	800.000	1704.000	1489.000	10	17827	0.415	1.090	21.705	35	0	0	0.165	0.139	10	753	3	753	753	1	9	0	0	0	47	427	772	T?/M?	live	0	0	0	650	386.151	650.000	359.343	403	124	552	2	3	751	47	0	0		0	0	0	0	0	0.473	0.523	0.567	0	0.5393	0.5429
3.8.5	ahr.ice.Ice 1.0	weak		7	true	35	3460.000	2123.000	23	1150.000	600.000	1800.000	1256.000	8	17900	0.402	1.225	26.340	35	0	0	0.171	0.129	14	767	6	767	767	1	9	0	0	0	54	201	783	T?/M?	live	0	0	0	650	369.703	650.000	361.429	575	50	486	2	3	765	54	0	0		0	0	0	0	0	0.459	0.510	0.561	0	0.6197	0.6571
3.8.5	ahr.ice.Ice 1.0	weak		8	true	35	3786.000	1426.000	28	1400.000	350.000	1788.000	929.000	9	18468	0.406	1.211	21.915	35	0	0	0.180	0.085	14	804	4	804	804	3	19	0	0	0	47	780	836	T?/M?	live	0	0	0	650	380.100	400.000	377.657	652	71	463	1	16	804	47	0	0		0	0	0	0	0	0.473	0.521	0.567	0	0.7264	0.8000
3.8.5	apc.Colossus2 0.12	weak		1	true	35	6962.000	1783.000	35	1750.000	0.000	4052.000	1783.000	10	12349	0.225	0.568	8.902	35	0	0	0.631	0.696	12	321	1	321	321	2	29	0	0	0	20	0	398	T?/M?	live	0	0	0	650	223.246	650.000	202.829	261	20	343	2	2	321	20	0	0		0	0	0	0	0	0.447	0.461	0.480	0	0.7961	1.0000
3.8.5	apc.Colossus2 0.12	weak		2	true	35	6749.000	1689.000	34	1700.000	50.000	3948.000	1604.000	10	12213	0.229	0.579	8.831	35	0	0	0.620	0.657	14	303	4	303	303	2	18	0	0	0	13	0	385	T?/M?	live	0	0	0	650	246.517	650.000	198.943	187	11	348	3	2	303	13	0	0		0	0	0	0	0	0.475	0.500	0.547	0	0.7998	0.9714
3.8.5	apc.Colossus2 0.12	weak		3	true	35	6903.000	1796.000	35	1750.000	0.000	4003.000	1796.000	10	12633	0.232	0.561	8.600	35	0	0	0.615	0.641	21	321	4	323	321	0	31	0	0	0	19	0	414	T?/M?	live	0	0	0	650	226.620	650.000	210.943	274	3	364	1	5	321	19	0	0		0	0	0	0	0	0.457	0.483	0.504	0	0.7935	1.0000
3.8.5	apc.Colossus2 0.12	weak		4	true	35	6898.000	1756.000	35	1750.000	0.000	3998.000	1756.000	8	12285	0.234	0.580	8.598	35	0	0	0.635	0.648	13	320	4	321	319	2	29	0	0	0	25	0	391	T?/M?	live	0	0	0	650	227.549	650.000	201.000	219	8	343	2	2	319	25	0	0		0	0	0	0	0	0.478	0.526	0.566	0	0.7971	1.0000
3.8.5	apc.Colossus2 0.12	weak		5	true	35	6974.000	1772.000	35	1750.000	0.000	4062.000	1772.000	10	12217	0.227	0.565	8.718	35	0	0	0.653	0.701	10	319	3	320	319	2	23	0	0	0	15	0	388	T?/M?	live	0	0	0	650	229.469	650.000	199.057	223	14	335	2	4	320	14	0	0		0	0	0	0	0	0.457	0.482	0.504	0	0.7974	1.0000
3.8.5	apc.Colossus2 0.12	weak		6	true	35	6942.000	1753.000	35	1750.000	0.000	4035.000	1753.000	11	12380	0.243	0.609	9.907	35	0	0	0.649	0.659	19	320	3	322	320	2	32	0	0	0	17	0	403	T?/M?	live	0	0	0	650	236.209	650.000	203.714	316	15	337	2	5	320	17	0	0		0	0	0	0	0	0.478	0.531	0.566	0	0.7984	1.0000
3.8.5	apc.Colossus2 0.12	weak		7	true	35	6891.000	1657.000	35	1750.000	0.000	3992.000	1657.000	11	12066	0.231	0.586	8.541	35	0	0	0.670	0.695	8	310	5	311	310	1	28	0	0	0	14	0	377	T?/M?	live	0	0	0	650	229.300	650.000	194.743	276	3	334	2	4	311	14	0	0		0	0	0	0	0	0.475	0.488	0.504	0	0.8062	1.0000
3.8.5	apc.Colossus2 0.12	weak		8	true	35	6854.000	1578.000	35	1750.000	0.000	3961.000	1578.000	9	12091	0.235	0.592	10.120	35	0	0	0.652	0.677	14	297	1	296	296	2	28	0	0	0	14	0	380	T?/M?	live	0	0	0	650	235.726	650.000	195.457	281	11	326	2	4	296	14	0	0		0	0	0	0	0	0.499	0.515	0.533	0	0.8129	1.0000
3.8.5	ara.Shera 0.88	weak		1	true	35	3775.000	1244.000	31	1550.000	200.000	1611.000	957.000	8	20201	0.391	0.914	11.634	34	0	0	0.173	0.073	32	901	1	902	900	17	12	0	0	0	68	460	960	T?/M?	live	0	0	0	650	395.132	650.000	422.353	660	0	291	2	7	866	67	0	0		0	0	0	1	1	0.493	0.522	0.566	0	0.7521	0.8857
3.8.5	ara.Shera 0.88	weak		2	true	35	3846.000	806.000	34	1700.000	50.000	1508.000	737.000	6	20840	0.419	0.914	13.205	34	0	0	0.155	0.055	23	932	2	932	932	4	16	0	0	0	91	853	1033	T?/M?	live	0	0	0	650	403.485	550.000	441.382	648	0	123	2	6	897	91	0	0		0	0	0	1	1	0.392	0.448	0.518	0	0.8267	0.9714
3.8.5	ara.Shera 0.88	weak		3	true	35	3485.000	1215.000	30	1500.000	250.000	1423.000	833.000	14	21896	0.444	0.989	14.145	35	0	0	0.140	0.068	26	997	3	996	996	4	18	0	0	0	89	908	1155	T?/M?	live	0	0	0	650	394.463	650.000	475.600	1097	0	102	2	132	996	89	0	0		0	0	0	0	0	0.430	0.491	0.533	0	0.7415	0.8571
3.8.5	ara.Shera 0.88	weak		4	true	35	3816.000	934.000	33	1650.000	100.000	1544.000	786.000	7	20639	0.401	0.901	12.264	34	0	0	0.162	0.062	30	926	3	926	926	3	12	0	0	0	86	494	1012	T?/M?	live	0	0	0	650	391.565	400.000	439.912	718	0	220	2	5	901	86	0	0		0	0	0	1	1	0.353	0.439	0.518	0	0.8034	0.9429
3.8.5	ara.Shera 0.88	weak		5	true	35	4064.000	629.000	35	1750.000	0.000	1636.000	629.000	12	19699	0.428	0.929	12.415	35	0	0	0.170	0.050	16	867	1	867	867	5	15	0	0	0	76	897	972	T?/M?	live	0	0	0	650	401.143	400.000	412.829	885	0	177	2	6	867	76	0	0		0	0	0	0	0	0.442	0.497	0.533	0	0.8660	1.0000
3.8.5	ara.Shera 0.88	weak		6	true	35	3757.000	1079.000	32	1600.000	150.000	1542.000	844.000	13	20340	0.363	0.890	11.476	35	0	0	0.160	0.075	22	906	1	906	906	6	19	0	0	0	85	913	1003	T?/M?	live	0	0	0	650	400.291	450.000	431.143	944	0	244	3	6	906	85	0	0		0	0	0	0	0	0.353	0.438	0.518	0	0.7769	0.9143
3.8.5	ara.Shera 0.88	weak		7	true	35	3582.000	1166.000	30	1500.000	250.000	1511.000	795.000	13	20682	0.392	0.894	12.865	35	0	0	0.162	0.060	36	931	1	931	931	8	11	0	0	0	98	893	1046	T?/M?	live	0	0	0	650	386.094	400.000	440.914	831	0	280	2	6	931	98	0	0		0	0	0	0	0	0.430	0.487	0.524	0	0.7544	0.8571
3.8.5	ara.Shera 0.88	weak		8	true	35	3967.000	911.000	34	1700.000	50.000	1612.000	838.000	15	21039	0.404	0.931	16.577	35	0	0	0.161	0.069	20	939	0	939	939	7	16	0	0	0	96	1040	1086	T?/M?	live	0	0	0	650	408.097	650.000	451.114	543	0	196	2	9	939	95	0	0		0	0	0	0	0	0.353	0.445	0.540	0	0.8132	0.9714
3.8.5	bvh.tyr.Tyr 1.74	weak		1	true	35	4675.000	947.000	32	1600.000	150.000	2314.000	728.000	14	17099	0.287	0.829	13.189	35	0	0	0.254	0.116	28	716	4	698	698	8	13	0	0	0	46	0	731	T?/M?	live	0	0	0	650	437.120	400.000	338.543	239	0	500	3	5	698	46	0	0		298	0	0	0	0	0.333	0.435	0.503	0	0.8316	0.9143
3.8.5	bvh.tyr.Tyr 1.74	weak		2	true	35	5155.000	962.000	34	1700.000	50.000	2598.000	878.000	12	16561	0.284	0.831	12.050	35	0	0	0.280	0.138	31	690	0	690	690	4	16	0	0	0	35	0	690	T?/M?	live	0	0	0	650	408.754	425.000	323.171	238	0	494	2	5	689	35	0	0		0	0	0	0	0	0.447	0.501	0.537	0	0.8427	0.9714
3.8.5	bvh.tyr.Tyr 1.74	weak		3	true	35	5017.000	813.000	34	1700.000	50.000	2494.000	734.000	11	17178	0.285	0.867	12.411	35	0	0	0.244	0.120	20	740	5	740	740	3	17	0	0	0	38	0	738	T?/M?	live	0	0	0	650	435.726	650.000	340.800	329	0	496	2	180	740	38	0	0		0	0	0	0	0	0.374	0.460	0.534	0	0.8605	0.9714
3.8.5	bvh.tyr.Tyr 1.74	weak		4	true	35	5086.000	760.000	34	1700.000	50.000	2549.000	686.000	14	16166	0.288	0.818	9.485	35	0	0	0.243	0.108	2	673	1	672	671	22	20	0	0	0	45	0	650	T?/M?	live	0	0	0	650	442.854	650.000	311.886	299	0	516	2	5	671	45	0	0		0	0	0	0	0	0.429	0.492	0.537	1	0.8700	0.9714
3.8.5	bvh.tyr.Tyr 1.74	weak		5	true	35	4983.000	784.000	34	1700.000	50.000	2461.000	708.000	10	17266	0.292	0.850	11.632	35	0	0	0.243	0.118	18	743	0	743	743	4	16	0	0	0	43	0	738	T?/M?	live	0	0	0	650	466.743	475.000	343.314	392	0	537	2	6	742	43	0	0		0	0	0	0	0	0.361	0.407	0.451	1	0.8641	0.9714
3.8.5	bvh.tyr.Tyr 1.74	weak		6	true	35	4886.000	752.000	33	1650.000	100.000	2446.000	600.000	12	16278	0.239	0.752	11.074	35	0	0	0.250	0.104	7	674	5	656	656	4	17	0	0	0	34	0	662	T?/M?	live	0	0	0	650	440.269	425.000	315.086	187	0	507	3	5	655	31	0	0		298	0	0	0	0	0.361	0.382	0.398	1	0.8666	0.9429
3.8.5	bvh.tyr.Tyr 1.74	weak		7	true	35	5005.000	1170.000	33	1650.000	100.000	2542.000	1018.000	15	18300	0.297	0.898	10.846	35	0	0	0.231	0.143	26	814	1	814	814	8	23	0	0	0	42	132	817	T?/M?	live	0	0	0	650	466.057	650.000	372.857	271	0	540	2	5	813	42	0	0		0	0	0	0	0	0.361	0.400	0.451	1	0.8105	0.9429
3.8.5	bvh.tyr.Tyr 1.74	weak		8	true	35	5066.000	996.000	33	1650.000	100.000	2584.000	846.000	10	15466	0.257	0.841	11.629	35	0	0	0.284	0.155	4	619	4	619	619	2	16	0	0	0	28	0	603	T?/M?	live	0	0	0	650	427.606	650.000	291.886	297	0	482	2	61	618	28	0	0		0	0	0	0	0	0.358	0.378	0.398	1	0.8357	0.9429
3.8.5	com.syncleus.robocode.Dreadnaught 0.1	weak		1	true	35	6357.000	1744.000	35	1750.000	0.000	3536.000	1742.000	12	12952	0.222	0.580	9.529	35	0	0	0.519	0.370	64	436	3	436	436	4	26	0	0	0	28	37	440	T?/M?	live	0	0	0	650	283.397	650.000	220.057	381	72	358	2	6	434	28	0	0		0	0	0	0	0	0.456	0.493	0.534	0	0.7847	1.0000
3.8.5	com.syncleus.robocode.Dreadnaught 0.1	weak		2	true	35	6210.000	1814.000	34	1700.000	50.000	3486.000	1737.000	11	13276	0.251	0.609	10.099	35	0	0	0.518	0.398	42	433	3	420	420	4	31	0	0	0	14	0	456	T?/M?	live	0	0	0	650	278.889	650.000	229.314	325	35	376	3	4	420	14	0	0		298	0	0	0	0	0.525	0.535	0.542	0	0.7739	0.9714
3.8.5	com.syncleus.robocode.Dreadnaught 0.1	weak		3	true	35	6127.000	1604.000	34	1700.000	50.000	3416.000	1523.000	9	12858	0.226	0.583	9.915	35	0	0	0.511	0.334	39	405	1	405	405	1	14	0	0	0	28	0	431	T?/M?	live	0	0	0	650	264.546	650.000	217.371	266	22	380	2	4	404	28	0	0		0	0	0	0	0	0.482	0.510	0.542	0	0.7925	0.9714
3.8.5	com.syncleus.robocode.Dreadnaught 0.1	weak		4	true	35	6192.000	2100.000	33	1650.000	100.000	3549.000	1934.000	12	13416	0.247	0.629	8.749	35	0	0	0.493	0.385	45	465	5	467	465	3	27	0	0	0	27	0	465	T?/M?	live	0	0	0	650	279.380	650.000	233.314	394	20	395	3	4	467	27	0	0		0	0	0	0	0	0.525	0.535	0.544	0	0.7467	0.9429
3.8.5	com.syncleus.robocode.Dreadnaught 0.1	weak		5	true	35	6182.000	2276.000	32	1600.000	150.000	3589.000	2044.000	11	13305	0.230	0.605	9.608	35	0	0	0.507	0.409	38	454	2	454	454	6	31	0	0	0	20	0	461	T?/M?	live	0	0	0	650	273.797	650.000	230.143	244	0	396	2	3	454	20	0	0		0	0	0	0	0	0.482	0.523	0.542	0	0.7309	0.9143
3.8.5	com.syncleus.robocode.Dreadnaught 0.1	weak		6	true	35	6313.000	1923.000	34	1700.000	50.000	3572.000	1847.000	11	13204	0.236	0.609	9.359	35	0	0	0.505	0.380	41	434	2	434	434	3	32	0	0	0	18	0	456	T?/M?	live	0	0	0	650	279.529	650.000	227.257	338	57	381	3	3	434	18	0	0		0	0	0	0	0	0.520	0.531	0.544	0	0.7665	0.9714
3.8.5	com.syncleus.robocode.Dreadnaught 0.1	weak		7	true	35	6293.000	1844.000	34	1700.000	50.000	3557.000	1766.000	11	12721	0.246	0.645	8.784	35	0	0	0.537	0.386	39	421	3	422	421	3	27	0	0	0	18	0	423	T?/M?	live	0	0	0	650	276.886	650.000	213.457	322	56	371	2	2	422	18	0	0		0	0	0	0	0	0.504	0.531	0.542	0	0.7734	0.9714
3.8.5	com.syncleus.robocode.Dreadnaught 0.1	weak		8	true	35	6238.000	2053.000	33	1650.000	100.000	3583.000	1892.000	11	13289	0.236	0.615	9.249	35	0	0	0.526	0.389	48	458	3	457	457	1	23	0	0	0	14	0	460	T?/M?	live	0	0	0	650	283.763	650.000	229.686	373	6	382	2	4	457	14	0	0		0	0	0	0	0	0.520	0.533	0.545	0	0.7524	0.9429
3.8.5	davidalves.Firebird 0.25	mid		1	true	35	2454.000	1799.000	26	1300.000	450.000	767.000	1175.000	6	34811	0.670	1.186	18.921	35	0	0	0.094	0.071	144	1849	2	1849	1849	3	19	0	0	0	183	2314	2362	T?/M?	live	0	0	0	650	471.460	650.000	844.600	1338	0	27	2	10	1848	183	0	0		0	0	0	0	0	0.422	0.470	0.538	1	0.5770	0.7429
3.8.5	davidalves.Firebird 0.25	mid		2	true	35	2498.000	1962.000	26	1300.000	450.000	810.000	1330.000	15	37788	0.652	1.227	20.502	35	0	0	0.108	0.086	194	2080	0	2080	2080	8	22	0	0	0	209	2019	2592	T?/M?	live	0	0	0	650	465.069	650.000	929.657	1624	35	52	2	13	2062	209	0	0		0	0	0	0	0	0.317	0.395	0.490	1	0.5601	0.7429
3.8.5	davidalves.Firebird 0.25	mid		3	true	35	2623.000	1700.000	27	1350.000	400.000	864.000	1137.000	12	36134	0.670	1.185	19.942	35	0	0	0.106	0.077	166	1927	2	1927	1926	3	16	0	0	0	185	139	2479	T?/M?	live	0	0	0	650	463.251	475.000	882.400	2289	79	0	2	369	1927	185	0	0		0	0	0	0	0	0.333	0.438	0.530	0	0.6068	0.7714
3.8.5	davidalves.Firebird 0.25	mid		4	true	35	2580.000	1732.000	26	1300.000	450.000	875.000	1111.000	14	35845	0.609	1.155	20.793	35	0	0	0.091	0.068	124	1879	0	1879	1879	9	22	0	0	0	179	2050	2428	T?/M?	live	0	0	0	650	470.120	650.000	874.143	1551	0	12	3	11	1866	179	0	0		0	0	0	0	0	0.317	0.395	0.490	1	0.5983	0.7429
3.8.5	davidalves.Firebird 0.25	mid		5	true	35	2437.000	1788.000	25	1250.000	500.000	812.000	1097.000	9	34790	0.657	1.170	18.941	35	0	0	0.098	0.071	147	1931	2	1931	1931	5	20	0	0	0	162	2255	2317	T?/M?	live	0	0	0	650	464.020	650.000	844.000	1728	0	75	2	8	1924	162	0	0		0	0	0	0	0	0.333	0.414	0.487	0	0.5768	0.7143
3.8.5	davidalves.Firebird 0.25	mid		6	true	35	2366.000	1908.000	25	1250.000	500.000	752.000	1202.000	14	35709	0.639	1.164	19.506	35	0	0	0.091	0.071	132	1919	4	1919	1919	7	9	0	0	0	185	781	2422	T?/M?	live	0	0	0	650	460.220	650.000	870.257	1482	9	2	3	10	1913	185	0	0		0	0	0	0	0	0.317	0.416	0.490	1	0.5536	0.7143
3.8.5	davidalves.Firebird 0.25	mid		7	true	35	2567.000	1607.000	27	1350.000	400.000	811.000	1068.000	10	34925	0.595	1.100	19.617	35	0	0	0.087	0.068	124	1831	1	1833	1831	2	22	0	0	0	186	1730	2340	T?/M?	live	0	0	0	650	471.563	650.000	847.857	1179	10	8	2	9	1833	186	0	0		0	0	0	0	0	0.333	0.405	0.463	1	0.6150	0.7714
3.8.5	davidalves.Firebird 0.25	mid		8	true	35	2802.000	1471.000	30	1500.000	250.000	852.000	1127.000	10	37327	0.608	1.129	20.221	35	0	0	0.105	0.071	177	1924	0	1930	1924	4	17	0	0	0	178	1429	2596	T?/M?	live	0	0	0	650	470.574	650.000	916.486	1954	1	3	2	766	1930	177	0	0		0	0	0	0	0	0.317	0.409	0.490	1	0.6557	0.8571
3.8.5	dcs.Eater_of_Worlds_Mini 1.0	weak		1	true	35	4677.000	392.000	34	1700.000	50.000	2203.000	320.000	10	17722	0.218	0.603	10.493	35	0	0	0.220	0.040	9	723	3	723	723	2	13	0	0	0	38	351	775	T?/M?	live	0	0	0	650	373.043	400.000	356.343	681	227	485	2	6	723	38	0	0		0	0	0	0	0	0.443	0.467	0.499	0	0.9227	0.9714
3.8.5	dcs.Eater_of_Worlds_Mini 1.0	weak		2	true	35	4489.000	963.000	30	1500.000	250.000	2279.000	609.000	9	17791	0.264	0.712	11.562	35	0	0	0.216	0.071	18	721	4	721	721	2	12	0	0	0	40	0	768	T?/M?	live	0	0	0	650	410.757	400.000	358.314	431	223	564	2	5	721	40	0	0		0	0	0	0	0	0.418	0.451	0.495	0	0.8234	0.8571
3.8.5	dcs.Eater_of_Worlds_Mini 1.0	weak		3	true	35	4971.000	161.000	35	1750.000	0.000	2393.000	161.000	8	15837	0.218	0.619	12.460	35	0	0	0.269	0.029	4	601	2	601	601	0	10	0	0	0	42	0	639	T?/M?	live	0	0	0	650	373.517	400.000	302.486	472	214	449	1	7	601	42	0	0		0	0	0	0	0	0.450	0.476	0.499	0	0.9686	1.0000
3.8.5	dcs.Eater_of_Worlds_Mini 1.0	weak		4	true	35	4512.000	453.000	34	1700.000	50.000	2063.000	385.000	10	19859	0.250	0.644	9.747	35	0	0	0.189	0.046	17	837	2	837	837	4	6	0	0	0	62	828	929	T?/M?	live	0	0	0	650	404.577	400.000	417.400	614	401	529	3	3	837	61	0	0		0	0	0	0	0	0.418	0.448	0.489	0	0.9088	0.9714
3.8.5	dcs.Eater_of_Worlds_Mini 1.0	weak		5	true	35	4792.000	621.000	34	1700.000	50.000	2295.000	548.000	10	17946	0.263	0.675	12.087	35	0	0	0.222	0.067	20	738	1	738	738	2	11	0	0	0	41	0	774	T?/M?	live	0	0	0	650	402.363	400.000	362.743	452	115	565	2	5	737	41	0	0		0	0	0	0	0	0.418	0.458	0.504	0	0.8853	0.9714
3.8.5	dcs.Eater_of_Worlds_Mini 1.0	weak		6	true	35	4679.000	51.000	35	1750.000	0.000	2147.000	50.000	11	17376	0.225	0.628	12.874	35	0	0	0.217	0.007	2	689	4	689	689	2	10	0	0	0	40	0	744	T?/M?	live	0	0	0	650	351.649	400.000	346.457	561	136	447	2	4	688	40	0	0		0	0	0	0	0	0.504	0.530	0.542	0	0.9892	1.0000
3.8.5	dcs.Eater_of_Worlds_Mini 1.0	weak		7	true	35	4755.000	273.000	35	1750.000	0.000	2213.000	273.000	9	18060	0.241	0.649	12.194	35	0	0	0.204	0.036	5	728	1	728	728	1	9	0	0	0	38	0	787	T?/M?	live	0	0	0	650	396.783	400.000	366.000	612	170	533	2	3	728	38	0	0		0	0	0	0	0	0.435	0.492	0.542	0	0.9457	1.0000
3.8.5	dcs.Eater_of_Worlds_Mini 1.0	weak		8	true	35	4893.000	138.000	35	1750.000	0.000	2327.000	138.000	9	16132	0.241	0.667	13.012	35	0	0	0.252	0.020	6	618	3	617	617	1	6	0	0	0	39	0	652	T?/M?	live	0	0	0	650	368.431	400.000	310.914	524	106	477	1	5	617	39	0	0		0	0	0	0	0	0.525	0.536	0.544	0	0.9726	1.0000
3.8.5	dft.Immortal 1.40	mid		1	true	35	2909.000	1408.000	30	1450.000	250.000	1007.000	1058.000	9	32796	0.448	0.945	14.261	35	0	0	0.111	0.068	116	1571	1	1576	1571	3	15	0	0	0	200	2059	2083	T?/M?	live	0	0	0	650	508.603	650.000	787.029	803	67	20	3	9	1575	200	0	0		0	0	0	0	0	0.392	0.466	0.524	0	0.6738	0.8529
3.8.5	dft.Immortal 1.40	mid		2	true	35	3020.000	1541.000	30	1500.000	250.000	1033.000	1189.000	15	32276	0.516	1.000	14.417	35	0	0	0.109	0.071	110	1636	1	1638	1635	5	15	0	0	0	164	1575	2078	T?/M?	live	0	0	0	650	500.377	650.000	772.171	503	15	5	2	7	1638	164	0	0		0	0	0	0	0	0.329	0.475	0.565	0	0.6621	0.8571
3.8.5	dft.Immortal 1.40	mid		3	true	35	3003.000	1451.000	29	1400.000	300.000	1123.000	1045.000	10	31181	0.479	0.961	14.206	35	0	0	0.118	0.067	98	1516	0	1517	1516	3	15	0	0	0	165	1619	1922	T?/M?	live	0	0	0	650	504.069	650.000	740.886	429	36	12	2	9	1515	165	0	0		0	0	0	0	0	0.353	0.454	0.524	0	0.6742	0.8235
3.8.5	dft.Immortal 1.40	mid		4	true	35	3216.000	1317.000	30	1500.000	250.000	1200.000	969.000	15	29289	0.489	0.982	13.567	35	0	0	0.113	0.065	75	1443	3	1454	1443	6	18	0	0	0	151	1634	1803	T?/M?	live	0	0	0	650	501.309	650.000	686.829	521	13	24	3	8	1454	151	0	0		0	0	0	0	0	0.329	0.471	0.565	0	0.7095	0.8571
3.8.5	dft.Immortal 1.40	mid		5	true	35	3458.000	1047.000	33	1650.000	100.000	1239.000	916.000	9	30664	0.425	0.918	14.854	35	0	0	0.122	0.062	84	1469	0	1470	1469	4	14	0	0	0	151	1709	1867	T?/M?	live	0	0	0	650	506.160	650.000	726.114	488	17	33	2	8	1469	151	0	0		0	0	0	0	0	0.329	0.465	0.565	0	0.7676	0.9429
3.8.5	dft.Immortal 1.40	mid		6	true	35	2908.000	1556.000	28	1400.000	350.000	1054.000	1067.000	14	31231	0.507	0.999	15.080	35	0	0	0.113	0.069	99	1548	2	1555	1548	12	22	0	0	0	184	1740	1983	T?/M?	live	0	0	0	650	497.057	650.000	742.314	543	20	37	3	7	1555	184	0	0		0	0	0	0	0	0.389	0.464	0.545	0	0.6514	0.8000
3.8.5	dft.Immortal 1.40	mid		7	true	35	3450.000	967.000	33	1650.000	100.000	1233.000	823.000	12	27709	0.482	0.942	13.902	35	0	0	0.115	0.057	42	1437	1	1437	1437	4	16	0	0	0	181	1621	1631	T?/M?	live	0	0	0	650	500.277	650.000	641.686	408	0	6	3	9	1437	180	0	0		0	0	0	0	0	0.329	0.471	0.565	0	0.7811	0.9429
3.8.5	dft.Immortal 1.40	mid		8	true	35	3116.000	1242.000	32	1600.000	150.000	1021.000	1038.000	8	33248	0.509	1.007	13.605	35	0	0	0.107	0.065	116	1605	0	1614	1605	2	12	0	0	0	189	1576	2137	T?/M?	live	0	0	0	650	516.306	650.000	799.943	630	2	47	2	328	1610	189	0	0		0	0	0	0	0	0.389	0.468	0.537	0	0.7150	0.9143
3.8.5	dk.stable.Gorgatron 1.1	weak		1	true	35	4682.000	1261.000	33	1650.000	100.000	2268.000	1112.000	11	16260	0.356	0.983	14.547	35	0	0	0.264	0.114	12	593	3	599	593	4	14	0	0	0	60	375	675	T?/M?	live	0	0	0	650	402.511	650.000	314.571	572	180	432	3	1	599	60	0	0		0	0	0	0	0	0.433	0.460	0.488	0	0.7878	0.9429
3.8.5	dk.stable.Gorgatron 1.1	weak		2	true	35	4873.000	1687.000	31	1550.000	200.000	2549.000	1385.000	14	15535	0.364	1.033	15.031	35	0	0	0.310	0.149	6	543	2	544	543	4	16	0	0	0	38	0	612	T?/M?	live	0	0	0	650	379.480	650.000	293.857	407	200	470	2	3	543	38	0	0		0	0	0	0	0	0.450	0.485	0.519	1	0.7428	0.8857
3.8.5	dk.stable.Gorgatron 1.1	weak		3	true	35	4238.000	705.000	33	1650.000	100.000	1898.000	559.000	13	16833	0.369	0.957	15.155	35	0	0	0.198	0.053	3	622	1	627	622	6	8	0	0	0	54	0	712	T?/M?	live	0	0	0	650	445.643	400.000	330.943	545	197	450	2	106	627	54	0	0		0	0	0	0	0	0.443	0.468	0.488	0	0.8574	0.9429
3.8.5	dk.stable.Gorgatron 1.1	weak		4	true	35	4681.000	750.000	34	1700.000	50.000	2209.000	673.000	17	15636	0.383	0.997	16.586	35	0	0	0.263	0.069	7	546	2	554	546	7	13	0	0	0	44	587	630	T?/M?	live	0	0	0	650	420.331	400.000	296.743	616	262	437	2	2	553	44	0	0		0	0	0	0	0	0.459	0.493	0.519	1	0.8619	0.9714
3.8.5	dk.stable.Gorgatron 1.1	weak		5	true	35	4682.000	676.000	34	1700.000	50.000	2213.000	597.000	11	15226	0.343	0.893	15.262	35	0	0	0.264	0.072	5	531	3	532	531	4	7	0	0	0	50	0	594	T?/M?	live	0	0	0	650	394.283	400.000	285.029	427	83	449	2	4	532	50	0	0		0	0	0	0	0	0.450	0.469	0.488	0	0.8738	0.9714
3.8.5	dk.stable.Gorgatron 1.1	weak		6	true	35	4351.000	1445.000	29	1450.000	300.000	2234.000	992.000	15	15784	0.374	0.985	14.074	35	0	0	0.259	0.101	7	560	2	565	560	5	8	0	0	0	42	0	630	T?/M?	live	0	0	0	650	407.569	400.000	300.971	377	262	483	3	3	564	42	0	0		0	0	0	0	0	0.448	0.510	0.542	1	0.7507	0.8286
3.8.5	dk.stable.Gorgatron 1.1	weak		7	true	35	4357.000	1004.000	32	1600.000	150.000	2052.000	781.000	15	16851	0.412	1.058	14.876	35	0	0	0.227	0.073	20	613	0	622	612	8	17	0	0	0	58	0	729	T?/M?	live	0	0	0	650	429.437	400.000	331.457	450	241	456	2	2	621	58	0	0		0	0	0	0	0	0.482	0.520	0.542	1	0.8127	0.9143
3.8.5	dk.stable.Gorgatron 1.1	weak		8	true	35	4518.000	1358.000	31	1550.000	200.000	2248.000	1049.000	15	15683	0.337	0.947	15.449	35	0	0	0.268	0.112	16	556	3	560	555	7	13	0	0	0	37	369	636	T?/M?	live	0	0	0	650	400.591	650.000	298.086	474	201	451	2	5	560	37	0	0		0	0	0	0	0	0.434	0.484	0.538	1	0.7689	0.8857
3.8.5	dmh.robocode.robot.PinkPanther 1.1	weak		1	true	35	2541.000	1386.000	29	1450.000	300.000	676.000	960.000	16	27651	0.553	1.098	15.968	35	0	0	0.101	0.057	106	1426	41	1409	1409	9	16	0	0	0	133	885	1746	T?/M?	live	0	0	0	650	609.463	625.000	640.029	1759	447	18	3	9	1409	133	0	0		0	0	0	0	0	0.389	0.469	0.545	0	0.6471	0.8286
3.8.5	dmh.robocode.robot.PinkPanther 1.1	weak		2	true	35	3001.000	1375.000	31	1550.000	200.000	974.000	1075.000	16	26219	0.510	1.038	14.085	35	0	0	0.108	0.059	69	1321	45	1321	1321	6	9	0	0	0	115	701	1577	T?/M?	live	0	0	0	650	618.046	650.000	599.114	1131	208	6	3	10	1318	114	0	0		0	0	0	0	0	0.355	0.430	0.505	0	0.6858	0.8857
3.8.5	dmh.robocode.robot.PinkPanther 1.1	weak		3	true	35	4071.000	1151.000	31	1550.000	200.000	1859.000	856.000	10	18060	0.313	0.916	12.655	35	0	0	0.223	0.068	45	768	20	760	760	4	13	0	0	0	58	0	853	T?/M?	live	0	0	0	650	498.891	400.000	366.000	460	92	394	2	246	760	57	0	0		0	0	0	0	0	0.455	0.511	0.545	0	0.7796	0.8857
3.8.5	dmh.robocode.robot.PinkPanther 1.1	weak		4	true	35	2750.000	1419.000	32	1600.000	150.000	700.000	1200.000	20	29795	0.549	1.103	14.102	35	0	0	0.102	0.068	121	1582	30	1582	1582	11	16	0	0	0	133	0	1962	T?/M?	live	0	0	0	650	619.023	650.000	701.286	2014	356	14	3	10	1582	133	0	0		0	0	0	0	0	0.355	0.429	0.505	0	0.6596	0.9143
3.8.5	dmh.robocode.robot.PinkPanther 1.1	weak		5	true	35	2696.000	1557.000	29	1450.000	300.000	809.000	1119.000	18	25667	0.524	1.072	13.016	35	0	0	0.107	0.065	86	1282	46	1274	1274	9	11	0	0	0	128	1147	1548	T?/M?	live	0	0	0	650	616.240	650.000	583.343	995	286	17	3	8	1274	127	0	0		0	0	0	0	0	0.389	0.459	0.531	0	0.6339	0.8286
3.8.5	dmh.robocode.robot.PinkPanther 1.1	weak		6	true	35	2487.000	1737.000	28	1400.000	350.000	693.000	1232.000	18	29097	0.524	1.070	14.538	35	0	0	0.093	0.060	109	1537	52	1528	1528	10	6	0	0	0	127	1770	1885	T?/M?	live	0	0	0	650	619.026	650.000	681.343	1993	332	1	2	11	1528	127	0	0		0	0	0	0	0	0.355	0.427	0.505	0	0.5888	0.8000
3.8.5	dmh.robocode.robot.PinkPanther 1.1	weak		7	true	35	3001.000	1245.000	31	1550.000	200.000	959.000	961.000	12	25449	0.491	1.019	13.155	35	0	0	0.119	0.060	76	1278	26	1270	1270	5	14	0	0	0	111	0	1529	T?/M?	live	0	0	0	650	595.783	650.000	577.114	1569	231	69	2	7	1270	111	0	0		0	0	0	0	0	0.389	0.454	0.531	0	0.7068	0.8857
3.8.5	dmh.robocode.robot.PinkPanther 1.1	weak		8	true	35	2324.000	1905.000	28	1400.000	350.000	544.000	1381.000	16	30683	0.475	1.053	16.167	35	0	0	0.089	0.070	100	1641	59	1641	1640	14	18	0	0	0	117	1563	1588	T?/M?	live	0	0	0	650	588.851	650.000	726.657	2799	490	6	3	8	1302	117	0	0		0	0	0	0	0	0.355	0.426	0.505	0	0.5495	0.8000
3.8.5	dz.Caedo 1.4	weak		1	true	35	4918.000	974.000	31	1550.000	200.000	2584.000	696.000	12	24746	0.364	0.955	14.165	35	0	0	0.173	0.123	15	1240	4	1240	1240	5	22	0	0	0	100	749	1283	T?/M?	live	0	0	0	650	325.666	650.000	557.029	599	17	471	3	5	1240	100	0	0		0	0	0	0	0	0.393	0.498	0.550	1	0.8347	0.8857
3.8.5	dz.Caedo 1.4	weak		2	true	35	5057.000	961.000	31	1550.000	200.000	2694.000	682.000	17	22841	0.361	0.940	11.856	35	0	0	0.181	0.129	6	1127	2	1127	1127	6	26	0	0	0	69	1043	1124	T?/M?	live	0	0	0	650	313.971	650.000	502.600	433	12	555	3	8	1127	69	0	0		0	0	0	0	0	0.442	0.505	0.565	1	0.8403	0.8857
3.8.5	dz.Caedo 1.4	weak		3	true	35	5064.000	768.000	31	1550.000	200.000	2695.000	495.000	16	22868	0.359	0.901	11.311	35	0	0	0.197	0.120	14	1125	3	1125	1125	11	19	0	0	0	60	172	1135	T?/M?	live	0	0	0	650	334.620	650.000	503.371	414	0	545	2	6	1125	60	0	0		0	0	0	0	0	0.393	0.500	0.550	1	0.8683	0.8857
3.8.5	dz.Caedo 1.4	weak		4	true	35	5045.000	798.000	31	1550.000	200.000	2681.000	523.000	12	22408	0.350	0.914	13.273	35	0	0	0.195	0.128	11	1087	4	1087	1087	3	27	0	0	0	90	583	1087	T?/M?	live	0	0	0	650	324.834	650.000	490.229	451	0	594	3	6	1086	90	0	0		0	0	0	0	0	0.442	0.505	0.565	1	0.8634	0.8857
3.8.5	dz.Caedo 1.4	weak		5	true	35	4588.000	1344.000	28	1400.000	350.000	2473.000	866.000	12	21883	0.363	0.963	12.189	35	0	0	0.185	0.139	18	1024	3	1024	1024	6	23	0	0	0	51	535	1054	T?/M?	live	0	0	0	650	319.989	650.000	475.229	343	0	592	2	4	1019	51	0	0		0	0	0	0	0	0.393	0.502	0.550	1	0.7734	0.8000
3.8.5	dz.Caedo 1.4	weak		6	true	35	5100.000	877.000	31	1550.000	200.000	2736.000	605.000	17	22304	0.327	0.840	12.803	35	0	0	0.218	0.129	17	1092	1	1072	1072	7	21	0	0	0	58	0	1083	T?/M?	live	0	0	0	650	328.683	650.000	487.257	406	21	621	3	5	1072	56	0	0		298	0	0	0	0	0.442	0.512	0.565	1	0.8533	0.8857
3.8.5	dz.Caedo 1.4	weak		7	true	35	4982.000	1029.000	32	1600.000	150.000	2577.000	815.000	11	19779	0.332	0.845	13.036	35	0	0	0.209	0.134	12	856	2	856	856	3	15	0	0	0	60	665	891	T?/M?	live	0	0	0	650	306.543	650.000	415.114	514	0	590	2	6	854	60	0	0		0	0	0	0	0	0.393	0.497	0.550	1	0.8288	0.9143
3.8.5	dz.Caedo 1.4	weak		8	true	35	5415.000	576.000	34	1700.000	50.000	2823.000	507.000	3	20802	0.331	0.877	13.526	34	0	0	0.215	0.124	5	967	1	967	967	0	17	0	0	0	70	906	926	T?/M?	live	0	0	0	650	311.285	650.000	438.941	442	0	616	1	5	928	70	0	0		0	0	0	1	1	0.442	0.503	0.565	1	0.9039	0.9714
3.8.5	element.Earth 1.1	weak		1	true	35	3893.000	1347.000	29	1450.000	300.000	1825.000	931.000	11	23394	0.359	0.885	14.843	35	0	0	0.183	0.086	46	1233	3	1233	1233	6	24	0	0	0	117	942	1210	T?/M?	live	0	0	0	650	365.371	400.000	518.400	292	188	422	3	5	1222	117	0	0		0	0	0	0	0	0.478	0.515	0.542	1	0.7429	0.8286
3.8.5	element.Earth 1.1	weak		2	true	35	4100.000	843.000	32	1600.000	150.000	1828.000	638.000	11	22525	0.316	0.749	14.354	35	0	0	0.163	0.060	23	1156	2	1156	1156	4	17	0	0	0	99	992	1147	T?/M?	live	0	0	0	650	409.629	400.000	493.571	568	258	297	2	6	1156	99	0	0		0	0	0	0	0	0.426	0.478	0.530	0	0.8295	0.9143
3.8.5	element.Earth 1.1	weak		3	true	35	3604.000	1514.000	27	1350.000	400.000	1688.000	943.000	5	23817	0.419	0.969	15.102	34	0	0	0.170	0.078	50	1257	0	1257	1257	3	21	0	0	0	96	794	1235	T?/M?	live	0	0	0	650	397.474	650.000	526.059	380	209	279	2	10	1206	96	0	0		0	0	0	1	1	0.434	0.500	0.542	1	0.7042	0.7714
3.8.5	element.Earth 1.1	weak		4	true	35	3629.000	1372.000	29	1450.000	300.000	1600.000	946.000	10	25027	0.350	0.850	15.421	35	0	0	0.160	0.082	62	1341	0	1341	1341	6	17	0	0	0	125	1084	1366	T?/M?	live	0	0	0	650	362.906	400.000	565.057	320	256	268	2	6	1337	125	0	0		0	0	0	0	0	0.422	0.472	0.530	0	0.7257	0.8286
3.8.5	element.Earth 1.1	weak		5	true	35	3835.000	1131.000	31	1550.000	200.000	1670.000	848.000	13	24766	0.453	0.965	14.281	35	0	0	0.154	0.079	28	1314	2	1314	1314	9	22	0	0	0	126	1105	1337	T?/M?	live	0	0	0	650	443.731	650.000	557.600	383	419	259	3	5	1307	126	0	0		0	0	0	0	0	0.426	0.488	0.542	1	0.7723	0.8857
3.8.5	element.Earth 1.1	weak		6	true	35	3976.000	1019.000	31	1550.000	200.000	1777.000	746.000	9	22582	0.304	0.760	15.381	35	0	0	0.171	0.073	27	1159	4	1159	1159	3	16	0	0	0	114	997	1168	T?/M?	live	0	0	0	650	373.529	400.000	495.200	686	343	278	2	5	1159	113	0	0		0	0	0	0	0	0.427	0.479	0.530	0	0.7960	0.8857
3.8.5	element.Earth 1.1	weak		7	true	35	3843.000	1378.000	28	1400.000	350.000	1801.000	859.000	9	22264	0.360	0.868	14.339	35	0	0	0.187	0.088	65	1144	3	1144	1144	2	24	0	0	0	103	930	1121	T?/M?	live	0	0	0	650	362.637	400.000	486.114	366	198	393	2	7	1140	103	0	0		0	0	0	0	0	0.426	0.489	0.542	1	0.7361	0.8000
3.8.5	element.Earth 1.1	weak		8	true	35	4476.000	699.000	35	1750.000	0.000	1980.000	699.000	9	22129	0.325	0.863	14.260	35	0	0	0.183	0.074	26	1127	0	1127	1127	2	16	0	0	0	114	898	1124	T?/M?	live	0	0	0	650	361.283	400.000	482.257	597	421	359	2	7	1127	114	0	0		0	0	0	0	0	0.422	0.469	0.530	0	0.8649	1.0000
3.8.5	ethdsy.Malacka 2.4	weak		1	true	35	5494.000	203.000	35	1750.000	0.000	2827.000	200.000	13	12809	0.184	0.603	9.577	35	0	0	0.408	0.049	18	381	2	381	378	5	17	0	0	0	19	0	437	T?/M?	live	0	0	0	650	278.166	400.000	215.971	364	36	314	3	3	379	19	0	0		0	0	0	0	0	0.509	0.540	0.565	0	0.9644	1.0000
3.8.5	ethdsy.Malacka 2.4	weak		2	true	35	5564.000	456.000	35	1750.000	0.000	2887.000	453.000	12	12792	0.185	0.569	10.064	35	0	0	0.448	0.094	20	422	1	422	422	3	13	0	0	0	18	0	431	T?/M?	live	0	0	0	650	261.811	400.000	215.486	400	0	320	3	5	420	18	0	0		0	0	0	0	0	0.446	0.474	0.496	0	0.9243	1.0000
3.8.5	ethdsy.Malacka 2.4	weak		3	true	35	5506.000	422.000	35	1750.000	0.000	2835.000	420.000	9	13155	0.195	0.606	10.965	35	0	0	0.420	0.101	23	449	2	449	449	0	15	0	0	0	28	0	457	T?/M?	live	0	0	0	650	266.311	400.000	225.857	446	6	333	1	6	449	28	0	0		0	0	0	0	0	0.509	0.540	0.565	0	0.9288	1.0000
3.8.5	ethdsy.Malacka 2.4	weak		4	true	35	5594.000	378.000	35	1750.000	0.000	2902.000	368.000	9	12202	0.154	0.534	8.533	35	0	0	0.498	0.066	18	382	2	383	382	5	13	0	0	0	19	0	395	T?/M?	live	0	0	0	650	258.306	400.000	198.629	374	3	288	2	4	381	19	0	0		0	0	0	0	0	0.446	0.474	0.496	0	0.9367	1.0000
3.8.5	ethdsy.Malacka 2.4	weak		5	true	35	6045.000	135.000	35	1750.000	0.000	3288.000	133.000	10	13383	0.144	0.458	8.975	35	0	0	0.452	0.043	15	105	2	105	105	5	3	0	0	0	4	0	469	T?/M?	live	0	0	0	650	266.083	400.000	232.371	140	0	352	3	3	105	4	0	0		0	0	0	0	0	0.329	0.414	0.454	0	0.9782	1.0000
3.8.5	ethdsy.Malacka 2.4	weak		6	true	35	5566.000	233.000	35	1750.000	0.000	2886.000	231.000	12	12644	0.224	0.613	9.474	35	0	0	0.452	0.077	7	391	2	391	391	1	8	0	0	0	21	0	423	T?/M?	live	0	0	0	650	270.483	400.000	211.257	224	0	329	2	4	391	21	0	0		0	0	0	0	0	0.390	0.494	0.545	0	0.9598	1.0000
3.8.5	ethdsy.Malacka 2.4	weak		7	true	35	5634.000	258.000	35	1750.000	0.000	2944.000	256.000	10	13076	0.167	0.519	8.761	35	0	0	0.425	0.060	18	333	0	333	333	5	5	0	0	0	13	0	446	T?/M?	live	0	0	0	650	268.909	400.000	223.600	319	0	332	3	4	333	13	0	0		0	0	0	0	0	0.329	0.414	0.454	0	0.9562	1.0000
3.8.5	ethdsy.Malacka 2.4	weak		8	true	35	5608.000	382.000	35	1750.000	0.000	2913.000	376.000	8	12301	0.180	0.554	8.750	35	0	0	0.480	0.082	19	345	5	345	345	0	11	0	0	0	19	0	400	T?/M?	live	0	0	0	650	242.611	400.000	201.457	362	0	270	1	5	344	19	0	0		0	0	0	0	0	0.390	0.494	0.545	0	0.9362	1.0000
3.8.5	jcs.AutoBot 4.2.1	weak		1	true	35	3688.000	1564.000	29	1450.000	300.000	1646.000	1144.000	13	25043	0.603	1.236	13.427	35	0	0	0.189	0.128	69	1280	9	1280	1280	5	15	0	0	0	110	1223	1405	T?/M?	live	0	0	0	650	444.694	650.000	565.514	438	163	312	2	7	1278	110	0	0		0	0	0	0	0	0.382	0.464	0.546	0	0.7022	0.8286
3.8.5	jcs.AutoBot 4.2.1	weak		2	true	35	4261.000	1061.000	33	1650.000	100.000	1904.000	892.000	10	21354	0.489	1.202	13.560	35	0	0	0.199	0.112	59	1012	9	1012	1012	5	15	0	0	0	84	708	1091	T?/M?	live	0	0	0	650	423.943	650.000	460.114	645	149	370	3	4	1007	84	0	0		0	0	0	0	0	0.403	0.468	0.530	0	0.8006	0.9429
3.8.5	jcs.AutoBot 4.2.1	weak		3	true	35	3460.000	1594.000	28	1400.000	350.000	1503.000	1068.000	15	23818	0.595	1.250	13.590	35	0	0	0.157	0.101	47	1212	3	1212	1212	6	15	0	0	0	103	1293	1318	T?/M?	live	0	0	0	650	411.294	650.000	530.514	557	25	136	2	14	1207	103	0	0		0	0	0	0	0	0.382	0.466	0.546	0	0.6846	0.8000
3.8.5	jcs.AutoBot 4.2.1	weak		4	true	35	3763.000	1318.000	31	1550.000	200.000	1575.000	960.000	13	23524	0.592	1.239	14.264	35	0	0	0.178	0.117	94	1193	3	1193	1193	5	19	0	0	0	110	1245	1293	T?/M?	live	0	0	0	650	443.543	650.000	522.114	442	65	232	2	6	1189	110	0	0		0	0	0	0	0	0.397	0.468	0.530	0	0.7406	0.8857
3.8.5	jcs.AutoBot 4.2.1	weak		5	true	35	4348.000	1097.000	32	1600.000	150.000	2035.000	874.000	13	19270	0.482	1.134	13.228	35	0	0	0.219	0.111	32	881	8	881	881	8	13	0	0	0	74	725	912	T?/M?	live	0	0	0	650	394.503	650.000	400.571	617	64	448	3	6	881	74	0	0		0	0	0	0	0	0.382	0.484	0.546	0	0.7985	0.9143
3.8.5	jcs.AutoBot 4.2.1	weak		6	true	35	3994.000	1382.000	31	1550.000	200.000	1758.000	1067.000	9	22071	0.560	1.183	14.242	34	0	0	0.191	0.110	60	1051	7	1052	1050	5	19	0	0	0	83	519	1135	T?/M?	live	0	0	0	650	432.891	650.000	482.794	391	105	218	2	5	1025	83	0	0		0	0	0	1	1	0.397	0.464	0.530	0	0.7429	0.8857
3.8.5	jcs.AutoBot 4.2.1	weak		7	true	35	3879.000	1256.000	32	1600.000	150.000	1645.000	1043.000	14	25294	0.600	1.249	12.808	35	0	0	0.181	0.099	62	1302	13	1302	1302	5	14	0	0	0	110	748	1440	T?/M?	live	0	0	0	650	442.583	650.000	572.686	346	310	294	3	7	1301	108	0	0		0	0	0	0	0	0.382	0.466	0.546	0	0.7554	0.9143
3.8.5	jcs.AutoBot 4.2.1	weak		8	true	35	4060.000	1081.000	33	1650.000	100.000	1741.000	934.000	11	23946	0.552	1.220	13.456	35	0	0	0.175	0.103	37	1235	7	1235	1235	2	17	0	0	0	141	1071	1326	T?/M?	live	0	0	0	650	426.880	650.000	534.171	759	160	298	2	9	1234	141	0	0		0	0	0	0	0	0.397	0.467	0.530	0	0.7897	0.9429
3.8.5	justin.DemonicRage 3.20	mid		1	true	35	3527.000	1155.000	31	1550.000	200.000	1403.000	869.000	7	28784	0.615	1.104	17.914	34	0	0	0.121	0.068	55	1596	1	1596	1596	3	10	0	0	0	132	800	1694	T?/M?	live	0	0	0	650	513.815	575.000	667.529	1611	0	43	2	7	1540	132	0	0		0	0	0	1	1	0.367	0.453	0.553	0	0.7533	0.8857
3.8.5	justin.DemonicRage 3.20	mid		2	true	35	3223.000	1474.000	30	1500.000	250.000	1196.000	1113.000	19	30471	0.631	1.138	19.990	35	0	0	0.126	0.076	86	1715	2	1715	1715	9	16	0	0	0	157	1652	1894	T?/M?	live	0	0	0	650	520.971	650.000	720.600	225	0	102	2	9	1715	157	0	0		0	0	0	0	0	0.359	0.449	0.575	0	0.6862	0.8571
3.8.5	justin.DemonicRage 3.20	mid		3	true	35	3164.000	1659.000	28	1400.000	350.000	1260.000	1163.000	11	31024	0.645	1.173	18.440	35	0	0	0.113	0.079	81	1731	2	1731	1731	5	16	0	0	0	169	1324	1963	T?/M?	live	0	0	0	650	527.671	650.000	736.400	615	0	33	2	47	1728	169	0	0		0	0	0	0	0	0.367	0.452	0.553	0	0.6560	0.8000
3.8.5	justin.DemonicRage 3.20	mid		4	true	35	3409.000	1237.000	31	1550.000	200.000	1302.000	952.000	17	30836	0.637	1.144	18.854	35	0	0	0.111	0.073	74	1733	3	1733	1733	9	16	0	0	0	144	1841	1910	T?/M?	live	0	0	0	650	541.477	650.000	731.029	791	0	0	3	9	1728	144	0	0		0	0	0	0	0	0.359	0.448	0.575	0	0.7337	0.8857
3.8.5	justin.DemonicRage 3.20	mid		5	true	35	3442.000	1258.000	32	1600.000	150.000	1275.000	1045.000	18	30687	0.631	1.154	20.525	35	0	0	0.120	0.074	78	1721	3	1721	1721	13	15	0	0	0	165	1719	1926	T?/M?	live	0	0	0	650	535.600	650.000	726.771	668	0	101	2	7	1721	165	0	0		0	0	0	0	0	0.367	0.449	0.553	0	0.7323	0.9143
3.8.5	justin.DemonicRage 3.20	mid		6	true	35	3067.000	1692.000	27	1350.000	400.000	1235.000	1123.000	14	30284	0.622	1.163	18.530	35	0	0	0.112	0.077	73	1692	2	1692	1692	7	19	0	0	0	176	1864	1890	T?/M?	live	0	0	0	650	547.886	650.000	715.257	534	0	32	3	9	1692	176	0	0		0	0	0	0	0	0.359	0.448	0.575	0	0.6445	0.7714
3.8.5	justin.DemonicRage 3.20	mid		7	true	35	3261.000	1520.000	28	1400.000	350.000	1331.000	1021.000	10	28589	0.587	1.060	18.739	35	0	0	0.135	0.063	74	1527	1	1527	1527	2	20	0	0	0	157	1414	1753	T?/M?	live	0	0	0	650	491.389	400.000	666.829	408	0	70	2	7	1527	157	0	0		0	0	0	0	0	0.367	0.448	0.553	0	0.6821	0.8000
3.8.5	justin.DemonicRage 3.20	mid		8	true	35	3153.000	1382.000	31	1550.000	200.000	1093.000	1102.000	15	34045	0.644	1.181	20.064	35	0	0	0.109	0.081	122	1946	3	1948	1945	7	22	0	0	0	217	1933	2273	T?/M?	live	0	0	0	650	533.086	550.000	822.714	1821	1	25	2	155	1948	217	0	0		0	0	0	0	0	0.359	0.459	0.575	0	0.6953	0.8857
3.8.5	jwst.DAD.DarkAndDarker 1.1	weak		1	true	35	3534.000	1657.000	25	1250.000	500.000	1739.000	956.000	5	20617	0.310	0.808	16.954	34	0	0	0.171	0.103	36	980	2	981	980	3	13	0	0	0	63	904	940	T?/M?	live	0	0	0	650	414.376	650.000	432.471	313	189	459	2	8	931	63	0	0		0	0	0	1	1	0.395	0.460	0.517	0	0.6808	0.7143
3.8.5	jwst.DAD.DarkAndDarker 1.1	weak		2	true	35	3872.000	1390.000	26	1300.000	450.000	1966.000	769.000	7	19100	0.337	0.864	15.750	34	0	0	0.231	0.089	24	878	1	877	877	3	17	0	0	0	61	599	833	T?/M?	live	0	0	0	650	404.738	425.000	386.029	265	134	488	2	7	826	61	0	0		0	0	0	1	1	0.417	0.477	0.543	0	0.7358	0.7429
3.8.5	jwst.DAD.DarkAndDarker 1.1	weak		3	true	35	2953.000	2668.000	18	900.000	850.000	1642.000	1456.000	5	20447	0.327	0.922	16.804	34	0	0	0.152	0.149	39	979	1	980	979	3	15	0	0	0	68	647	966	T?/M?	live	0	0	0	650	471.015	650.000	439.765	197	138	560	2	236	966	68	0	0		0	0	0	1	1	0.395	0.455	0.507	0	0.5254	0.5143
3.8.5	jwst.DAD.DarkAndDarker 1.1	weak		4	true	35	4766.000	616.000	35	1750.000	0.000	2221.000	592.000	12	18890	0.291	0.738	11.972	35	0	0	0.207	0.078	33	839	2	839	839	4	12	0	0	0	68	841	854	T?/M?	live	0	0	0	650	334.257	400.000	389.714	416	198	464	3	7	837	68	0	0		0	0	0	0	0	0.444	0.493	0.543	0	0.8855	1.0000
3.8.5	jwst.DAD.DarkAndDarker 1.1	weak		5	true	35	3330.000	2149.000	21	1050.000	700.000	1776.000	1119.000	7	20270	0.313	0.855	12.231	34	0	0	0.180	0.111	80	976	2	976	975	16	10	0	0	0	65	0	938	T?/M?	live	0	0	0	650	443.962	650.000	432.206	329	116	531	2	7	949	65	0	0		0	0	0	1	1	0.426	0.455	0.480	0	0.6078	0.6000
3.8.5	jwst.DAD.DarkAndDarker 1.1	weak		6	true	35	3654.000	1454.000	26	1300.000	450.000	1786.000	826.000	6	20619	0.325	0.848	16.392	34	0	0	0.169	0.081	25	972	1	972	971	4	19	0	0	0	89	957	970	T?/M?	live	0	0	0	650	414.882	650.000	440.235	467	257	434	2	7	946	88	0	0		0	0	0	1	1	0.478	0.521	0.566	0	0.7153	0.7429
3.8.5	jwst.DAD.DarkAndDarker 1.1	weak		7	true	35	3859.000	1549.000	27	1350.000	400.000	1866.000	960.000	16	21402	0.322	0.885	14.645	35	0	0	0.197	0.098	108	1050	2	1050	1050	7	14	0	0	0	69	1025	1052	T?/M?	live	0	0	0	650	438.789	400.000	461.486	247	169	559	3	8	1040	69	0	0		0	0	0	0	0	0.433	0.469	0.504	0	0.7136	0.7714
3.8.5	jwst.DAD.DarkAndDarker 1.1	weak		8	true	35	4052.000	1261.000	29	1450.000	300.000	1964.000	839.000	11	20536	0.332	0.810	15.390	35	0	0	0.176	0.086	33	952	4	952	952	3	12	0	0	0	64	0	994	T?/M?	live	0	0	0	650	407.254	650.000	436.743	491	212	427	2	6	952	64	0	0		0	0	0	0	0	0.478	0.521	0.566	0	0.7627	0.8286
3.8.5	kinsen.nano.Quarrelet 1.0	weak		1	true	35	3662.000	920.000	34	1700.000	50.000	1357.000	847.000	4	19409	0.407	0.857	11.873	34	0	0	0.154	0.058	74	814	3	824	814	1	10	0	0	0	67	0	929	T?/M?	live	0	0	0	650	485.050	650.000	401.971	757	360	99	2	7	795	67	0	0		0	0	0	1	1	0.370	0.434	0.464	0	0.7992	0.9714
3.8.5	kinsen.nano.Quarrelet 1.0	weak		2	true	35	3432.000	1245.000	30	1500.000	250.000	1387.000	874.000	8	19189	0.346	0.804	11.868	35	0	0	0.157	0.059	77	794	4	803	793	1	17	0	0	0	44	0	937	T?/M?	live	0	0	0	650	451.500	400.000	398.257	604	475	245	2	6	803	44	0	0		0	0	0	0	0	0.412	0.446	0.469	0	0.7338	0.8571
3.8.5	kinsen.nano.Quarrelet 1.0	weak		3	true	35	3561.000	1049.000	32	1600.000	150.000	1370.000	826.000	7	18951	0.380	0.837	11.905	35	0	0	0.164	0.061	79	774	2	782	772	0	8	0	0	0	57	732	931	T?/M?	live	0	0	0	650	434.460	400.000	391.457	574	557	203	1	7	782	56	0	0		0	0	0	0	0	0.370	0.431	0.464	0	0.7725	0.9143
3.8.5	kinsen.nano.Quarrelet 1.0	weak		4	true	35	3649.000	974.000	33	1650.000	100.000	1395.000	828.000	12	19099	0.368	0.817	12.605	35	0	0	0.161	0.064	83	785	6	793	783	5	20	0	0	0	53	455	928	T?/M?	live	0	0	0	650	434.411	400.000	395.686	859	559	196	3	7	793	53	0	0		0	0	0	0	0	0.392	0.442	0.469	0	0.7893	0.9429
3.8.5	kinsen.nano.Quarrelet 1.0	weak		5	true	35	3359.000	1127.000	31	1550.000	200.000	1262.000	834.000	10	19673	0.371	0.864	13.600	35	0	0	0.143	0.059	80	831	2	840	830	5	20	0	0	0	54	0	972	T?/M?	live	0	0	0	650	471.400	500.000	412.086	828	425	164	2	6	837	54	0	0		0	0	0	0	0	0.370	0.431	0.469	0	0.7488	0.8857
3.8.5	kinsen.nano.Quarrelet 1.0	weak		6	true	35	3540.000	955.000	32	1600.000	150.000	1363.000	737.000	11	18726	0.398	0.871	12.304	35	0	0	0.168	0.051	127	778	1	788	777	5	12	0	0	0	52	0	910	T?/M?	live	0	0	0	650	464.223	400.000	385.029	694	337	213	2	7	788	52	0	0		0	0	0	0	0	0.412	0.459	0.530	0	0.7875	0.9143
3.8.5	kinsen.nano.Quarrelet 1.0	weak		7	true	35	3708.000	1101.000	33	1650.000	100.000	1449.000	952.000	11	19200	0.369	0.875	12.256	35	0	0	0.160	0.071	75	791	2	797	788	4	13	0	0	0	55	538	933	T?/M?	live	0	0	0	650	461.240	400.000	398.571	552	473	260	2	4	797	55	0	0		0	0	0	0	0	0.392	0.436	0.469	0	0.7711	0.9429
3.8.5	kinsen.nano.Quarrelet 1.0	weak		8	true	35	3550.000	620.000	35	1750.000	0.000	1209.000	620.000	9	19458	0.402	0.858	13.757	35	0	0	0.130	0.047	99	799	3	809	798	2	10	0	0	0	52	346	970	T?/M?	live	0	0	0	650	513.434	650.000	405.943	925	693	75	1	9	809	52	0	0		0	0	0	0	0	0.391	0.447	0.530	0	0.8513	1.0000
3.8.5	lorneswork.Predator 1.0	weak		1	true	35	5768.000	2808.000	27	1350.000	400.000	3584.000	2169.000	10	15253	0.221	0.611	10.362	35	0	0	0.417	0.408	37	664	0	664	664	2	27	0	0	0	35	0	593	T?/M?	live	0	0	0	650	290.040	650.000	285.800	299	0	462	3	5	664	35	0	0		0	0	0	0	0	0.367	0.389	0.424	0	0.6726	0.7714
3.8.5	lorneswork.Predator 1.0	weak		2	true	35	6161.000	2572.000	30	1500.000	250.000	3722.000	2167.000	10	15374	0.229	0.654	9.071	35	0	0	0.412	0.420	32	675	3	676	675	3	42	0	0	0	35	0	592	T?/M?	live	0	0	0	650	306.677	650.000	289.257	290	0	481	2	4	676	35	0	0		0	0	0	0	0	0.367	0.388	0.416	0	0.7055	0.8571
3.8.5	lorneswork.Predator 1.0	weak		3	true	35	5527.000	1632.000	30	1500.000	250.000	3178.000	1240.000	9	14169	0.179	0.588	9.113	35	0	0	0.411	0.260	16	550	2	550	550	1	28	0	0	0	28	0	518	T?/M?	live	0	0	0	650	264.871	650.000	254.829	223	0	404	2	4	550	28	0	0		0	0	0	0	0	0.367	0.394	0.424	0	0.7720	0.8571
3.8.5	lorneswork.Predator 1.0	weak		4	true	35	5708.000	2337.000	28	1400.000	350.000	3494.000	1762.000	10	15021	0.202	0.587	8.285	35	0	0	0.416	0.327	23	623	4	623	623	3	38	0	0	0	37	105	572	T?/M?	live	0	0	0	650	274.443	650.000	279.171	285	0	456	3	5	623	37	0	0		0	0	0	0	0	0.385	0.405	0.443	0	0.7095	0.8000
3.8.5	lorneswork.Predator 1.0	weak		5	true	35	5509.000	3164.000	25	1250.000	500.000	3474.000	2381.000	8	16415	0.261	0.722	9.267	35	0	0	0.354	0.431	44	761	3	760	760	2	39	0	0	0	47	0	669	T?/M?	live	0	0	0	650	324.226	650.000	319.000	313	0	543	2	4	760	47	0	0		0	0	0	0	0	0.385	0.498	0.575	0	0.6352	0.7143
3.8.5	lorneswork.Predator 1.0	weak		6	true	35	5797.000	2563.000	28	1400.000	350.000	3545.000	1999.000	8	14838	0.230	0.647	11.403	35	0	0	0.430	0.417	29	629	2	629	629	1	38	0	0	0	31	0	557	T?/M?	live	0	0	0	650	289.723	650.000	273.943	202	0	443	2	6	626	31	0	0		0	0	0	0	0	0.470	0.500	0.519	0	0.6934	0.8000
3.8.5	lorneswork.Predator 1.0	weak		7	true	35	5900.000	2420.000	30	1500.000	250.000	3489.000	2019.000	5	15534	0.261	0.699	11.487	34	0	0	0.373	0.370	28	678	0	678	677	2	29	0	0	0	46	0	580	T?/M?	live	0	0	0	650	292.879	650.000	292.353	218	0	486	2	2	654	46	0	0		0	0	0	1	1	0.443	0.519	0.575	0	0.7091	0.8571
3.8.5	lorneswork.Predator 1.0	weak		8	true	35	5818.000	2697.000	28	1400.000	350.000	3548.000	2143.000	10	15286	0.230	0.601	9.886	35	0	0	0.419	0.433	28	654	2	654	654	2	20	0	0	0	32	0	594	T?/M?	live	0	0	0	650	286.486	650.000	286.743	270	0	450	2	6	653	32	0	0		0	0	0	0	0	0.396	0.461	0.509	0	0.6833	0.8000
3.8.5	marcinek.TopGun 1.3	weak		1	true	35	3887.000	1764.000	25	1250.000	500.000	2073.000	1044.000	12	19024	0.290	0.818	12.761	34	0	0	0.191	0.176	115	900	4	870	868	5	20	0	0	0	45	0	826	T?/M?	live	0	0	0	650	443.176	650.000	389.029	419	130	524	3	6	833	41	0	0		489	0	0	1	1	0.392	0.492	0.563	0	0.6878	0.7143
3.8.5	marcinek.TopGun 1.3	weak		2	true	35	4551.000	831.000	32	1600.000	150.000	2221.000	611.000	4	17376	0.239	0.689	9.643	34	0	0	0.240	0.085	97	776	1	777	774	2	25	0	0	0	48	589	703	T?/M?	live	0	0	0	650	393.385	400.000	337.294	297	162	502	2	4	730	48	0	0		0	0	0	1	1	0.478	0.510	0.549	0	0.8456	0.9143
3.8.5	marcinek.TopGun 1.3	weak		3	true	35	3611.000	2146.000	22	1100.000	650.000	1994.000	1196.000	5	18287	0.288	0.832	11.581	34	0	0	0.197	0.146	103	859	1	861	855	2	19	0	0	0	54	528	786	T?/M?	live	0	0	0	650	436.656	650.000	372.029	308	131	528	2	6	830	54	0	0		0	0	0	1	1	0.392	0.494	0.563	0	0.6272	0.6286
3.8.5	marcinek.TopGun 1.3	weak		4	true	35	4181.000	1334.000	29	1450.000	300.000	2066.000	899.000	13	18299	0.263	0.792	12.741	35	0	0	0.212	0.120	123	848	3	831	819	6	24	0	0	0	54	560	820	T?/M?	live	0	0	0	650	435.463	650.000	372.829	394	137	525	3	3	830	52	0	0		298	0	0	0	0	0.477	0.506	0.549	0	0.7581	0.8286
3.8.5	marcinek.TopGun 1.3	weak		5	true	35	3941.000	1698.000	26	1300.000	450.000	2022.000	1030.000	10	19013	0.284	0.810	11.979	34	0	0	0.197	0.126	141	913	4	914	906	7	26	0	0	0	46	0	835	T?/M?	live	0	0	0	650	441.112	650.000	389.235	426	52	511	3	3	875	46	0	0		0	0	0	1	1	0.392	0.492	0.563	0	0.6989	0.7429
3.8.5	marcinek.TopGun 1.3	weak		6	true	35	4019.000	1436.000	28	1400.000	350.000	1970.000	931.000	14	18435	0.274	0.770	11.192	35	0	0	0.189	0.112	117	859	4	860	858	6	20	0	0	0	58	0	831	T?/M?	live	0	0	0	650	448.134	650.000	376.714	355	83	476	3	5	860	58	0	0		0	0	0	0	0	0.478	0.506	0.549	0	0.7368	0.8000
3.8.5	marcinek.TopGun 1.3	weak		7	true	35	4004.000	2290.000	24	1200.000	550.000	2203.000	1506.000	22	18961	0.298	0.882	12.064	35	0	0	0.202	0.210	103	908	0	892	887	10	20	0	0	0	47	0	849	T?/M?	live	0	0	0	650	464.609	650.000	391.743	304	133	619	3	6	892	47	0	0		298	0	0	0	0	0.392	0.492	0.563	0	0.6362	0.6857
3.8.5	marcinek.TopGun 1.3	weak		8	true	35	3683.000	2247.000	22	1100.000	650.000	2064.000	1320.000	6	19791	0.289	0.896	12.554	34	0	0	0.195	0.149	117	967	2	968	959	5	29	0	0	0	61	885	899	T?/M?	live	0	0	0	650	461.206	650.000	417.794	344	52	577	2	93	944	61	0	0		0	0	0	1	1	0.477	0.501	0.549	0	0.6211	0.6286
3.8.5	maribo.IotaCT 1.0	weak		1	true	35	5219.000	492.000	35	1750.000	0.000	2599.000	492.000	11	13719	0.228	0.628	9.262	35	0	0	0.349	0.069	4	509	3	509	509	4	9	0	0	0	32	0	490	T?/M?	live	0	0	0	650	380.363	400.000	241.971	341	0	373	3	5	509	32	0	0		0	0	0	0	0	0.389	0.414	0.438	0	0.9139	1.0000
3.8.5	maribo.IotaCT 1.0	weak		2	true	35	5300.000	723.000	35	1750.000	0.000	2667.000	723.000	11	14263	0.235	0.655	9.108	35	0	0	0.323	0.102	5	551	4	551	550	3	16	0	0	0	31	0	527	T?/M?	live	0	0	0	650	382.546	400.000	257.514	310	5	411	3	5	551	31	0	0		0	0	0	0	0	0.359	0.392	0.416	0	0.8800	1.0000
3.8.5	maribo.IotaCT 1.0	weak		3	true	35	5154.000	1013.000	33	1650.000	100.000	2651.000	862.000	11	14265	0.240	0.661	9.749	35	0	0	0.351	0.112	18	545	6	545	545	1	14	0	0	0	21	0	530	T?/M?	live	0	0	0	650	389.331	400.000	257.571	249	26	402	2	5	544	20	0	0		0	0	0	0	0	0.359	0.399	0.427	0	0.8357	0.9429
3.8.5	maribo.IotaCT 1.0	weak		4	true	35	5152.000	948.000	33	1650.000	100.000	2662.000	797.000	11	14033	0.244	0.682	9.571	35	0	0	0.341	0.107	6	533	5	533	533	3	16	0	0	0	26	0	517	T?/M?	live	0	0	0	650	403.077	400.000	250.943	305	18	393	3	4	533	26	0	0		0	0	0	0	0	0.362	0.399	0.432	0	0.8446	0.9429
3.8.5	maribo.IotaCT 1.0	weak		5	true	35	5030.000	929.000	33	1650.000	100.000	2560.000	776.000	9	15014	0.215	0.626	10.071	35	0	0	0.321	0.100	22	603	7	603	603	2	9	0	0	0	42	0	591	T?/M?	live	0	0	0	650	398.794	400.000	278.971	407	52	413	2	3	603	42	0	0		0	0	0	0	0	0.362	0.446	0.546	0	0.8441	0.9429
3.8.5	maribo.IotaCT 1.0	weak		6	true	35	5104.000	762.000	34	1700.000	50.000	2557.000	690.000	9	14397	0.247	0.689	9.742	35	0	0	0.337	0.096	10	553	2	553	553	1	13	0	0	0	36	0	536	T?/M?	live	0	0	0	650	387.883	400.000	261.343	356	0	404	2	4	553	36	0	0		0	0	0	0	0	0.419	0.485	0.517	0	0.8701	0.9714
3.8.5	maribo.IotaCT 1.0	weak		7	true	35	5302.000	932.000	34	1700.000	50.000	2729.000	856.000	16	14167	0.287	0.785	12.665	35	0	0	0.350	0.116	7	539	2	539	539	7	14	0	0	0	31	0	511	T?/M?	live	0	0	0	650	401.566	400.000	254.771	286	0	407	2	5	529	31	0	0		0	0	0	0	0	0.362	0.487	0.546	0	0.8505	0.9714
3.8.5	maribo.IotaCT 1.0	weak		8	true	35	5203.000	671.000	35	1750.000	0.000	2586.000	671.000	9	14869	0.254	0.695	9.964	35	0	0	0.312	0.086	17	596	3	596	596	0	13	0	0	0	57	506	577	T?/M?	live	0	0	0	650	389.517	400.000	274.829	424	0	411	1	6	596	57	0	0		0	0	0	0	0	0.419	0.485	0.517	0	0.8858	1.0000
3.8.5	nat.Samekh 0.4	mid		1	true	35	3140.000	1525.000	30	1500.000	250.000	1130.000	1158.000	22	31083	0.536	1.094	29.751	35	0	0	0.113	0.081	103	1681	11	1680	1679	14	19	0	0	0	160	1813	1958	T?/M?	live	0	0	0	650	493.606	650.000	738.086	449	251	56	2	11	1680	159	0	0		0	0	0	0	0	0.359	0.426	0.509	0	0.6731	0.8571
3.8.5	nat.Samekh 0.4	mid		2	true	35	2972.000	1731.000	26	1300.000	450.000	1206.000	1105.000	12	29522	0.543	1.057	32.777	35	0	0	0.116	0.070	85	1570	9	1570	1570	5	18	0	0	0	139	1241	1787	T?/M?	live	0	0	0	650	490.226	650.000	693.486	446	158	103	2	10	1566	137	0	0		0	0	0	0	0	0.344	0.423	0.521	0	0.6319	0.7429
3.8.5	nat.Samekh 0.4	mid		3	true	35	3024.000	1426.000	29	1450.000	300.000	1089.000	1001.000	12	31162	0.541	1.065	30.161	35	0	0	0.116	0.065	85	1681	11	1681	1681	3	23	0	0	0	162	1811	1950	T?/M?	live	0	0	0	650	492.957	650.000	740.343	562	294	43	2	18	1667	161	0	0		0	0	0	0	0	0.359	0.422	0.509	0	0.6796	0.8286
3.8.5	nat.Samekh 0.4	mid		4	true	35	3233.000	1311.000	30	1500.000	250.000	1215.000	966.000	14	29665	0.511	1.022	29.183	35	0	0	0.110	0.066	74	1576	12	1576	1576	5	19	0	0	0	139	1403	1805	T?/M?	live	0	0	0	650	491.000	650.000	697.571	497	206	41	3	10	1576	137	0	0		0	0	0	0	0	0.344	0.427	0.521	0	0.7115	0.8571
3.8.5	nat.Samekh 0.4	mid		5	true	35	3445.000	1145.000	32	1600.000	150.000	1285.000	924.000	13	29340	0.512	1.015	31.985	35	0	0	0.116	0.063	77	1562	10	1562	1562	7	23	0	0	0	125	1736	1792	T?/M?	live	0	0	0	650	496.897	650.000	688.286	854	169	54	2	8	1560	124	0	0		0	0	0	0	0	0.344	0.438	0.521	0	0.7505	0.9143
3.8.5	nat.Samekh 0.4	mid		6	true	35	2869.000	1789.000	26	1300.000	450.000	1113.000	1148.000	11	30587	0.560	1.116	28.396	35	0	0	0.112	0.074	90	1645	13	1645	1645	5	23	0	0	0	149	1507	1910	T?/M?	live	0	0	0	650	482.097	650.000	723.914	488	212	26	3	7	1637	149	0	0		0	0	0	0	0	0.418	0.460	0.499	0	0.6159	0.7429
3.8.5	nat.Samekh 0.4	mid		7	true	35	3257.000	1273.000	32	1600.000	150.000	1122.000	1062.000	16	31526	0.507	1.028	33.186	35	0	0	0.107	0.071	79	1703	14	1683	1683	6	19	0	0	0	162	1946	2004	T?/M?	live	0	0	0	650	481.589	650.000	750.743	656	342	14	3	10	1678	159	0	0		298	0	0	0	0	0.344	0.445	0.521	0	0.7190	0.9143
3.8.5	nat.Samekh 0.4	mid		8	true	35	2843.000	1589.000	29	1450.000	300.000	939.000	1172.000	15	32652	0.555	1.117	35.223	35	0	0	0.112	0.074	132	1785	10	1785	1784	8	20	0	0	0	176	2093	2151	T?/M?	live	0	0	0	650	479.011	650.000	782.914	1387	218	60	2	13	1785	174	0	0		0	0	0	0	0	0.418	0.463	0.504	0	0.6415	0.8286
3.8.5	oog.mini.AlphaDragon 0.1	weak		1	true	35	3731.000	896.000	34	1700.000	50.000	1413.000	823.000	12	29357	0.472	0.956	14.917	35	0	0	0.121	0.072	110	1782	9	1782	1780	6	22	0	0	0	176	1651	1766	T?/M?	live	0	0	0	650	511.837	650.000	688.771	725	46	42	2	9	1782	176	0	0		0	0	0	0	0	0.367	0.414	0.449	0	0.8064	0.9714
3.8.5	oog.mini.AlphaDragon 0.1	weak		2	true	35	4019.000	917.000	34	1700.000	50.000	1655.000	845.000	13	27902	0.478	0.977	12.904	35	0	0	0.146	0.072	110	1664	5	1664	1664	6	17	0	0	0	124	1407	1658	T?/M?	live	0	0	0	650	522.571	650.000	647.200	705	164	111	2	9	1664	123	0	0		0	0	0	0	0	0.225	0.373	0.468	0	0.8142	0.9714
3.8.5	oog.mini.AlphaDragon 0.1	weak		3	true	35	3855.000	1014.000	33	1650.000	100.000	1567.000	867.000	13	26836	0.453	0.943	13.165	35	0	0	0.141	0.076	85	1559	10	1561	1557	6	22	0	0	0	136	1322	1566	T?/M?	live	0	0	0	650	512.851	475.000	616.743	551	139	97	2	13	1561	135	0	0		0	0	0	0	0	0.367	0.414	0.449	0	0.7917	0.9429
3.8.5	oog.mini.AlphaDragon 0.1	weak		4	true	35	3749.000	890.000	33	1650.000	100.000	1477.000	748.000	12	28143	0.449	0.907	13.638	35	0	0	0.145	0.069	127	1665	11	1667	1664	6	28	0	0	0	146	1662	1674	T?/M?	live	0	0	0	650	526.517	650.000	654.086	682	226	191	2	7	1653	145	0	0		0	0	0	0	0	0.154	0.351	0.468	0	0.8081	0.9429
3.8.5	oog.mini.AlphaDragon 0.1	weak		5	true	35	3830.000	930.000	34	1700.000	50.000	1493.000	856.000	14	29098	0.485	0.975	14.127	35	0	0	0.131	0.069	106	1731	12	1731	1730	7	19	0	0	0	152	1689	1762	T?/M?	live	0	0	0	650	512.934	650.000	681.371	638	311	108	2	11	1731	152	0	0		0	0	0	0	0	0.367	0.418	0.449	0	0.8046	0.9714
3.8.5	oog.mini.AlphaDragon 0.1	weak		6	true	35	3518.000	1185.000	31	1550.000	200.000	1395.000	897.000	9	29851	0.454	0.900	14.846	34	0	0	0.125	0.067	95	1791	10	1791	1790	6	15	0	0	0	165	1713	1770	T?/M?	live	0	0	0	650	532.194	650.000	700.824	467	298	72	3	11	1732	165	0	0		0	0	0	1	1	0.067	0.313	0.468	0	0.7480	0.8857
3.8.5	oog.mini.AlphaDragon 0.1	weak		7	true	35	3482.000	1398.000	30	1500.000	250.000	1411.000	1040.000	12	28111	0.475	0.971	14.002	35	0	0	0.143	0.082	133	1658	9	1657	1656	7	20	0	0	0	156	1316	1673	T?/M?	live	0	0	0	650	502.577	525.000	653.171	342	130	200	2	9	1652	156	0	0		0	0	0	0	0	0.367	0.421	0.468	0	0.7135	0.8571
3.8.5	oog.mini.AlphaDragon 0.1	weak		8	true	35	3462.000	1330.000	30	1500.000	250.000	1401.000	969.000	13	28239	0.371	0.810	13.781	35	0	0	0.131	0.077	100	1672	6	1672	1669	6	20	0	0	0	135	1468	1689	T?/M?	live	0	0	0	650	530.823	650.000	656.829	654	139	64	2	12	1672	134	0	0		0	0	0	0	0	0.067	0.253	0.415	0	0.7225	0.8571
3.8.5	pl.Drum 0.1	weak		1	true	35	3472.000	2191.000	21	1050.000	700.000	1920.000	1213.000	5	20442	0.306	0.879	131.662	34	0	0	0.205	0.138	70	1007	2	1007	1006	5	30	0	0	0	69	172	937	T?/M?	live	0	0	0	650	468.462	650.000	428.353	300	117	555	2	7	964	69	0	0		0	0	0	1	1	0.473	0.507	0.567	0	0.6131	0.6000
3.8.5	pl.Drum 0.1	weak		2	true	35	3937.000	1855.000	25	1250.000	500.000	2103.000	1154.000	6	20840	0.297	0.875	13.372	34	0	0	0.213	0.125	67	1027	1	1027	1027	4	20	0	0	0	77	898	962	T?/M?	live	0	0	0	650	401.015	525.000	440.382	293	188	581	2	5	984	77	0	0		0	0	0	1	1	0.446	0.500	0.540	0	0.6797	0.7143
3.8.5	pl.Drum 0.1	weak		3	true	35	4706.000	861.000	33	1650.000	100.000	2284.000	717.000	8	18358	0.340	0.870	11.275	35	0	0	0.215	0.093	39	847	0	847	847	1	18	0	0	0	52	0	797	T?/M?	live	0	0	0	650	377.449	525.000	374.514	635	138	494	1	4	834	52	0	0		0	0	0	0	0	0.480	0.511	0.567	0	0.8453	0.9429
3.8.5	pl.Drum 0.1	weak		4	true	35	4587.000	1039.000	32	1600.000	150.000	2242.000	832.000	12	19049	0.292	0.783	13.247	35	0	0	0.209	0.098	43	901	2	901	901	4	16	0	0	0	64	0	862	T?/M?	live	0	0	0	650	371.060	400.000	394.257	432	88	511	3	5	901	64	0	0		0	0	0	0	0	0.446	0.497	0.540	0	0.8153	0.9143
3.8.5	pl.Drum 0.1	weak		5	true	35	3057.000	2849.000	17	850.000	900.000	1812.000	1565.000	12	21151	0.320	0.970	14.537	34	0	0	0.183	0.182	83	1055	4	1056	1052	8	23	0	0	0	76	715	1003	T?/M?	live	0	0	0	650	460.888	650.000	456.500	235	25	600	3	7	1024	76	0	0		0	0	0	1	1	0.446	0.501	0.540	0	0.5176	0.4857
3.8.5	pl.Drum 0.1	weak		6	true	35	4416.000	1248.000	30	1500.000	250.000	2198.000	893.000	13	18668	0.296	0.835	13.388	35	0	0	0.227	0.150	51	875	0	855	853	4	20	0	0	0	51	322	839	T?/M?	live	0	0	0	650	394.731	400.000	383.371	429	127	540	3	4	855	49	0	0		298	0	0	0	0	0.446	0.498	0.533	0	0.7797	0.8571
3.8.5	pl.Drum 0.1	weak		7	true	35	3880.000	1696.000	27	1350.000	400.000	1928.000	1138.000	18	22306	0.333	0.948	14.083	35	0	0	0.175	0.123	64	1124	3	1126	1124	11	16	0	0	0	76	478	1107	T?/M?	live	0	0	0	650	472.740	650.000	487.314	225	352	580	3	5	1117	76	0	0		0	0	0	0	0	0.446	0.499	0.540	0	0.6958	0.7714
3.8.5	pl.Drum 0.1	weak		8	true	35	3365.000	2688.000	19	950.000	800.000	1974.000	1537.000	11	20918	0.305	0.934	11.991	34	0	0	0.171	0.169	62	1038	3	1038	1037	8	21	0	0	0	47	0	965	T?/M?	live	0	0	0	650	485.306	650.000	447.441	142	140	612	2	13	999	47	0	0		0	0	0	1	1	0.446	0.495	0.533	0	0.5559	0.5429
3.8.5	pl.Patton.GeneralPatton 1.54	weak		1	true	35	3911.000	1686.000	25	1250.000	500.000	2073.000	991.000	13	21653	0.378	0.943	13.870	35	0	0	0.210	0.098	67	1056	0	1056	1056	2	22	0	0	0	77	1028	1060	T?/M?	live	0	0	0	650	434.323	400.000	468.657	328	249	570	2	6	1043	77	0	0		0	0	0	0	0	0.344	0.440	0.521	0	0.6988	0.7143
3.8.5	pl.Patton.GeneralPatton 1.54	weak		2	true	35	4343.000	1384.000	30	1500.000	250.000	2152.000	1039.000	10	21791	0.373	0.992	15.217	35	0	0	0.187	0.115	46	1068	2	1068	1067	4	21	0	0	0	67	0	1068	T?/M?	live	0	0	0	650	413.623	450.000	472.600	286	280	588	2	5	1068	67	0	0		0	0	0	0	0	0.371	0.450	0.496	0	0.7583	0.8571
3.8.5	pl.Patton.GeneralPatton 1.54	weak		3	true	35	3960.000	1570.000	26	1300.000	450.000	2054.000	945.000	12	21174	0.377	0.947	12.531	35	0	0	0.190	0.110	54	1028	2	1028	1027	4	16	0	0	0	62	0	1016	T?/M?	live	0	0	0	650	398.474	400.000	454.971	352	93	505	2	50	1008	62	0	0		0	0	0	0	0	0.344	0.422	0.521	0	0.7161	0.7429
3.8.5	pl.Patton.GeneralPatton 1.54	weak		4	true	35	4454.000	954.000	32	1600.000	150.000	2127.000	752.000	10	23188	0.368	0.929	14.555	35	0	0	0.213	0.095	163	1231	1	1231	1229	6	15	0	0	0	88	1105	1191	T?/M?	live	0	0	0	650	390.631	400.000	512.514	435	167	589	2	7	1229	88	0	0		0	0	0	0	0	0.379	0.457	0.496	0	0.8236	0.9143
3.8.5	pl.Patton.GeneralPatton 1.54	weak		5	true	35	4584.000	911.000	33	1650.000	100.000	2186.000	770.000	17	20597	0.359	0.884	14.594	35	0	0	0.190	0.083	31	1013	3	1013	1013	8	17	0	0	0	101	878	988	T?/M?	live	0	0	0	650	379.674	400.000	438.486	415	104	480	3	8	1013	101	0	0		0	0	0	0	0	0.425	0.465	0.496	0	0.8342	0.9429
3.8.5	pl.Patton.GeneralPatton 1.54	weak		6	true	35	4030.000	1430.000	29	1450.000	300.000	1932.000	1003.000	10	23280	0.432	1.062	16.172	35	0	0	0.171	0.099	65	1169	1	1169	1168	2	21	0	0	0	89	781	1209	T?/M?	live	0	0	0	650	418.957	650.000	515.143	316	265	528	2	7	1169	88	0	0		0	0	0	0	0	0.418	0.460	0.499	0	0.7381	0.8286
3.8.5	pl.Patton.GeneralPatton 1.54	weak		7	true	35	3918.000	1424.000	28	1400.000	350.000	1902.000	941.000	11	22613	0.393	1.025	16.535	35	0	0	0.177	0.100	60	1132	5	1132	1131	4	22	0	0	0	95	869	1134	T?/M?	live	0	0	0	650	432.080	425.000	496.086	244	236	533	2	6	1126	95	0	0		0	0	0	0	0	0.443	0.469	0.496	0	0.7334	0.8000
3.8.5	pl.Patton.GeneralPatton 1.54	weak		8	true	35	4114.000	1319.000	29	1450.000	300.000	1988.000	882.000	11	21384	0.366	0.919	12.941	35	0	0	0.192	0.093	75	1037	6	1037	1034	2	23	0	0	0	62	0	1049	T?/M?	live	0	0	0	650	394.194	400.000	460.971	335	178	577	2	78	1036	62	0	0		0	0	0	0	0	0.418	0.454	0.499	0	0.7572	0.8286
3.8.5	rtk.Tachikoma 1.0	weak		1	true	35	3853.000	1233.000	31	1550.000	200.000	1647.000	927.000	6	23888	0.632	1.148	13.053	34	0	0	0.170	0.083	69	1302	3	1303	1301	4	22	0	0	0	91	916	1303	T?/M?	live	0	0	0	650	457.018	400.000	537.647	579	44	168	2	9	1276	91	0	0		0	0	0	1	1	0.369	0.442	0.505	0	0.7576	0.8857
3.8.5	rtk.Tachikoma 1.0	weak		2	true	35	3972.000	998.000	33	1650.000	100.000	1666.000	862.000	11	25749	0.559	1.080	13.647	35	0	0	0.155	0.073	80	1441	8	1441	1441	4	16	0	0	0	104	1428	1472	T?/M?	live	0	0	0	650	476.569	650.000	585.686	545	144	273	2	6	1440	102	0	0		0	0	0	0	0	0.355	0.440	0.509	0	0.7992	0.9429
3.8.5	rtk.Tachikoma 1.0	weak		3	true	35	3519.000	1272.000	30	1500.000	250.000	1440.000	911.000	15	25462	0.641	1.188	12.966	35	0	0	0.142	0.075	70	1422	4	1422	1422	5	20	0	0	0	110	1172	1450	T?/M?	live	0	0	0	650	483.646	650.000	577.486	593	92	192	2	8	1422	110	0	0		0	0	0	0	0	0.355	0.430	0.505	0	0.7345	0.8571
3.8.5	rtk.Tachikoma 1.0	weak		4	true	35	4015.000	942.000	35	1750.000	0.000	1595.000	941.000	11	27564	0.619	1.177	13.030	35	0	0	0.154	0.079	75	1584	10	1585	1584	5	22	0	0	0	121	835	1628	T?/M?	live	0	0	0	650	477.834	650.000	637.543	371	159	157	2	3	1585	121	0	0		0	0	0	0	0	0.384	0.448	0.491	0	0.8100	1.0000
3.8.5	rtk.Tachikoma 1.0	weak		5	true	35	3489.000	1592.000	28	1400.000	350.000	1478.000	1034.000	4	25007	0.623	1.166	12.814	34	0	0	0.142	0.076	70	1375	5	1376	1375	2	27	0	0	0	98	808	1396	T?/M?	live	0	0	0	650	476.047	650.000	578.176	415	56	223	2	3	1366	98	0	0		0	0	0	1	1	0.355	0.428	0.509	0	0.6867	0.8000
3.8.5	rtk.Tachikoma 1.0	weak		6	true	35	3862.000	1165.000	32	1600.000	150.000	1635.000	949.000	10	25471	0.625	1.147	12.686	35	0	0	0.155	0.076	81	1421	5	1421	1420	3	20	0	0	0	117	1113	1441	T?/M?	live	0	0	0	650	463.331	400.000	577.743	440	73	250	2	7	1421	117	0	0		0	0	0	0	0	0.427	0.464	0.491	0	0.7683	0.9143
3.8.5	rtk.Tachikoma 1.0	weak		7	true	35	3650.000	1482.000	28	1400.000	350.000	1671.000	982.000	7	24061	0.598	1.129	13.751	34	0	0	0.166	0.087	62	1308	5	1309	1307	3	24	0	0	0	80	1193	1259	T?/M?	live	0	0	0	650	423.800	400.000	537.824	403	77	267	2	5	1252	80	0	0		0	0	0	1	1	0.378	0.446	0.509	0	0.7112	0.8000
3.8.5	rtk.Tachikoma 1.0	weak		8	true	35	3625.000	1250.000	31	1550.000	200.000	1483.000	963.000	12	26733	0.665	1.212	12.841	35	0	0	0.145	0.078	85	1518	8	1519	1517	4	15	0	0	0	116	1418	1558	T?/M?	live	0	0	0	650	485.797	650.000	613.800	414	120	149	2	787	1514	115	0	0		0	0	0	0	0	0.427	0.465	0.491	0	0.7436	0.8857
3.8.5	rz.Aleph 0.34	mid		1	true	35	3437.000	1222.000	32	1600.000	150.000	1275.000	1007.000	12	29098	0.475	0.982	17.278	35	0	0	0.117	0.066	71	1469	4	1468	1468	5	15	0	0	0	130	1211	1791	T?/M?	live	0	0	0	650	514.466	650.000	681.371	642	0	68	2	9	1468	130	0	0		0	0	0	0	0	0.370	0.408	0.447	0	0.7377	0.9143
3.8.5	rz.Aleph 0.34	mid		2	true	35	3045.000	1300.000	30	1500.000	250.000	1060.000	944.000	10	30377	0.468	0.981	15.243	35	0	0	0.112	0.059	93	1530	1	1535	1530	4	9	0	0	0	141	1636	1913	T?/M?	live	0	0	0	650	513.083	650.000	717.914	890	1	35	2	10	1530	141	0	0		0	0	0	0	0	0.373	0.414	0.456	0	0.7008	0.8571
3.8.5	rz.Aleph 0.34	mid		3	true	35	3540.000	1025.000	34	1700.000	50.000	1251.000	953.000	9	27224	0.458	0.939	16.407	35	0	0	0.117	0.061	43	1376	2	1376	1376	1	21	0	0	0	124	1250	1606	T?/M?	live	0	0	0	650	483.160	425.000	627.829	502	0	3	1	12	1362	124	0	0		0	0	0	0	0	0.382	0.411	0.447	0	0.7755	0.9714
3.8.5	rz.Aleph 0.34	mid		4	true	35	3400.000	1297.000	31	1550.000	200.000	1294.000	1008.000	12	27689	0.467	0.990	15.213	35	0	0	0.125	0.068	71	1384	2	1384	1384	5	15	0	0	0	141	1349	1665	T?/M?	live	0	0	0	650	501.954	650.000	641.114	445	0	94	2	9	1384	141	0	0		0	0	0	0	0	0.373	0.413	0.456	0	0.7239	0.8857
3.8.5	rz.Aleph 0.34	mid		5	true	35	3069.000	1677.000	29	1450.000	300.000	1120.000	1244.000	16	29862	0.484	1.037	14.524	35	0	0	0.115	0.078	97	1542	3	1542	1542	8	10	0	0	0	157	1383	1863	T?/M?	live	0	0	0	650	512.774	650.000	703.200	453	22	54	2	11	1542	157	0	0		0	0	0	0	0	0.373	0.414	0.456	0	0.6466	0.8286
3.8.5	rz.Aleph 0.34	mid		6	true	35	3031.000	1471.000	28	1400.000	350.000	1141.000	976.000	13	27973	0.472	1.015	13.534	35	0	0	0.120	0.070	78	1458	0	1458	1458	5	7	0	0	0	144	1360	1681	T?/M?	live	0	0	0	650	516.003	650.000	649.229	364	0	109	2	9	1448	144	0	0		0	0	0	0	0	0.367	0.417	0.468	0	0.6733	0.8000
3.8.5	rz.Aleph 0.34	mid		7	true	35	3063.000	1385.000	31	1550.000	200.000	1019.000	1093.000	11	29515	0.471	0.972	15.088	35	0	0	0.117	0.070	88	1522	0	1522	1522	3	14	0	0	0	168	1761	1850	T?/M?	live	0	0	0	650	482.794	400.000	693.286	691	25	15	2	10	1522	168	0	0		0	0	0	0	0	0.367	0.414	0.449	0	0.6886	0.8857
3.8.5	rz.Aleph 0.34	mid		8	true	35	3079.000	1308.000	31	1550.000	200.000	1025.000	1019.000	12	29725	0.465	0.971	14.093	35	0	0	0.112	0.063	96	1545	3	1545	1545	6	13	0	0	0	156	808	1849	T?/M?	live	0	0	0	650	510.563	650.000	699.286	576	0	4	2	11	1545	156	0	0		0	0	0	0	0	0.290	0.388	0.468	0	0.7018	0.8857
3.8.5	sheldor.mini.FoilistMC 1.0	mid		1	true	35	3089.000	1222.000	31	1550.000	200.000	1041.000	946.000	15	44143	0.730	1.207	16.922	35	0	0	0.123	0.076	246	3092	7	3092	3092	4	21	0	0	0	322	3160	3207	T?/M?	live	0	0	0	650	524.340	400.000	1111.229	3274	268	69	3	13	3092	322	0	0		0	0	0	0	0	0.275	0.385	0.530	0	0.7165	0.8857
3.8.5	sheldor.mini.FoilistMC 1.0	mid		2	true	35	3176.000	1276.000	29	1450.000	300.000	1215.000	870.000	15	45889	0.734	1.229	15.614	35	0	0	0.116	0.077	224	3274	11	3274	3274	15	23	0	0	0	279	3120	3256	T?/M?	live	0	0	0	650	588.943	650.000	1161.114	1287	379	47	2	14	3250	279	0	0		0	0	0	0	0	0.313	0.381	0.474	0	0.7134	0.8286
3.8.5	sheldor.mini.FoilistMC 1.0	mid		3	true	35	3232.000	1371.000	30	1500.000	250.000	1204.000	1016.000	11	44127	0.735	1.226	16.785	35	0	0	0.117	0.069	210	3105	10	3105	3105	5	20	0	0	0	288	2894	3104	T?/M?	live	0	0	0	650	571.497	650.000	1110.771	494	268	17	2	2328	3075	286	0	0		0	0	0	0	0	0.275	0.383	0.530	0	0.7022	0.8571
3.8.5	sheldor.mini.FoilistMC 1.0	mid		4	true	35	2645.000	1746.000	26	1300.000	450.000	933.000	1116.000	23	54817	0.752	1.282	20.518	35	0	0	0.112	0.078	358	4065	5	4065	4064	23	30	0	0	0	435	4079	4164	T?/M?	live	0	0	0	650	580.474	650.000	1416.200	2925	407	11	3	15	4045	433	0	0		0	0	0	0	0	0.313	0.388	0.474	0	0.6024	0.7429
3.8.5	sheldor.mini.FoilistMC 1.0	mid		5	true	35	3120.000	1557.000	28	1400.000	350.000	1232.000	1061.000	17	47989	0.747	1.267	17.667	35	0	0	0.116	0.073	262	3464	14	3464	3464	22	25	0	0	0	338	3267	3490	T?/M?	live	0	0	0	650	583.989	650.000	1221.114	996	209	58	3	12	3464	338	0	0		0	0	0	0	0	0.275	0.387	0.495	0	0.6671	0.8000
3.8.5	sheldor.mini.FoilistMC 1.0	mid		6	true	35	3231.000	1405.000	30	1500.000	250.000	1208.000	1062.000	23	51767	0.711	1.238	18.405	35	0	0	0.120	0.079	287	3786	15	3803	3786	16	39	0	0	0	343	3405	3819	T?/M?	live	0	0	0	650	577.994	650.000	1329.057	777	498	62	3	14	3767	342	0	0		0	0	0	0	0	0.313	0.386	0.474	0	0.6969	0.8571
3.8.5	sheldor.mini.FoilistMC 1.0	mid		7	true	35	3189.000	1373.000	28	1400.000	350.000	1281.000	887.000	19	44281	0.716	1.257	17.191	35	0	0	0.114	0.074	197	3146	8	3146	3146	13	19	0	0	0	291	3029	3124	T?/M?	live	0	0	0	650	579.400	650.000	1115.171	1244	309	61	3	12	3145	289	0	0		0	0	0	0	0	0.275	0.381	0.468	0	0.6990	0.8000
3.8.5	sheldor.mini.FoilistMC 1.0	mid		8	true	35	2874.000	1484.000	27	1350.000	400.000	1065.000	932.000	11	46980	0.737	1.243	17.152	35	0	0	0.109	0.074	260	3374	8	3374	3373	19	29	0	0	0	327	3121	3419	T?/M?	live	0	0	0	650	582.997	650.000	1192.286	2887	305	51	2	779	3374	326	0	0		0	0	0	0	0	0.313	0.382	0.474	0	0.6595	0.7714
3.8.5	shrub.Silver v048	weak		1	true	35	4807.000	1156.000	31	1550.000	200.000	2496.000	866.000	10	19491	0.291	0.771	12.000	35	0	0	0.210	0.123	20	791	1	791	791	2	15	0	0	0	36	0	896	T?/M?	live	0	0	0	650	383.091	650.000	406.886	454	21	575	2	5	791	36	0	0		0	0	0	0	0	0.446	0.501	0.540	0	0.8061	0.8857
3.8.5	shrub.Silver v048	weak		2	true	35	4483.000	1171.000	29	1450.000	300.000	2318.000	755.000	15	19015	0.290	0.722	11.786	35	0	0	0.218	0.118	24	757	2	722	722	5	8	0	0	0	47	0	866	T?/M?	live	0	0	0	650	365.003	650.000	393.286	334	25	593	3	7	722	45	0	0		596	0	0	0	0	0.446	0.498	0.533	0	0.7929	0.8286
3.8.5	shrub.Silver v048	weak		3	true	35	4426.000	1209.000	28	1400.000	350.000	2352.000	716.000	12	19529	0.304	0.811	15.108	35	0	0	0.185	0.112	8	792	0	792	792	2	16	0	0	0	36	0	875	T?/M?	live	0	0	0	650	384.743	650.000	407.971	500	0	657	2	50	792	36	0	0		0	0	0	0	0	0.446	0.499	0.540	0	0.7854	0.8000
3.8.5	shrub.Silver v048	weak		4	true	35	4673.000	1259.000	29	1450.000	300.000	2506.000	830.000	4	18730	0.297	0.760	9.972	34	0	0	0.229	0.125	13	741	2	741	741	3	10	0	0	0	45	35	792	T?/M?	live	0	0	0	650	385.829	650.000	381.000	426	0	592	2	6	708	45	0	0		0	0	0	1	1	0.446	0.498	0.533	0	0.7878	0.8286
3.8.5	shrub.Silver v048	weak		5	true	35	4595.000	1297.000	29	1450.000	300.000	2433.000	857.000	12	18635	0.290	0.751	13.433	35	0	0	0.204	0.143	7	736	0	736	736	4	10	0	0	0	39	0	821	T?/M?	live	0	0	0	650	385.289	650.000	382.429	559	47	589	3	5	736	39	0	0		0	0	0	0	0	0.473	0.509	0.539	0	0.7799	0.8286
3.8.5	shrub.Silver v048	weak		6	true	35	4621.000	1384.000	29	1450.000	300.000	2457.000	949.000	9	18956	0.293	0.770	11.086	35	0	0	0.210	0.157	11	761	1	761	761	2	18	0	0	0	51	393	841	T?/M?	live	0	0	0	650	350.106	650.000	391.600	442	57	609	2	5	760	51	0	0		0	0	0	0	0	0.379	0.503	0.553	0	0.7695	0.8286
3.8.5	shrub.Silver v048	weak		7	true	35	4514.000	1138.000	29	1450.000	300.000	2353.000	716.000	10	18544	0.260	0.685	10.458	35	0	0	0.223	0.110	10	728	1	728	728	5	16	0	0	0	34	0	824	T?/M?	live	0	0	0	650	348.846	650.000	379.829	439	0	554	2	4	727	34	0	0		0	0	0	0	0	0.473	0.509	0.539	0	0.7987	0.8286
3.8.5	shrub.Silver v048	weak		8	true	35	4466.000	1541.000	28	1400.000	350.000	2369.000	1039.000	11	19370	0.290	0.794	12.459	35	0	0	0.199	0.167	14	777	0	777	777	4	19	0	0	0	48	0	874	T?/M?	live	0	0	0	650	391.791	650.000	403.429	462	65	612	2	8	776	48	0	0		0	0	0	0	0	0.379	0.476	0.553	0	0.7435	0.8000
3.8.5	supersample.SuperTrackFire 1.0	weak		1	true	35	4111.000	138.000	35	1750.000	0.000	1676.000	138.000	9	16419	0.229	0.679	11.057	35	0	0	0.194	0.014	100	676	5	681	674	1	15	0	0	0	38	262	711	T?/M?	live	0	0	0	650	429.586	400.000	319.114	547	59	231	2	3	681	38	0	0		0	0	0	0	0	0.446	0.517	0.550	0	0.9675	1.0000
3.8.5	supersample.SuperTrackFire 1.0	weak		2	true	35	4217.000	119.000	35	1750.000	0.000	1764.000	119.000	11	16186	0.242	0.694	10.023	35	0	0	0.198	0.016	82	665	8	669	660	4	21	0	0	0	37	636	680	T?/M?	live	0	0	0	650	417.909	400.000	312.457	728	48	302	2	6	669	37	0	0		0	0	0	0	0	0.393	0.490	0.565	1	0.9726	1.0000
3.8.5	supersample.SuperTrackFire 1.0	weak		3	true	35	4141.000	154.000	35	1750.000	0.000	1701.000	153.000	11	16486	0.227	0.698	11.959	35	0	0	0.181	0.017	89	687	5	690	683	3	19	0	0	0	47	438	713	T?/M?	live	0	0	0	650	401.294	400.000	321.029	730	32	259	2	6	690	47	0	0		0	0	0	0	0	0.446	0.517	0.550	0	0.9641	1.0000
3.8.5	supersample.SuperTrackFire 1.0	weak		4	true	35	3986.000	284.000	34	1700.000	50.000	1621.000	215.000	12	17265	0.272	0.753	12.231	35	0	0	0.179	0.026	80	748	3	752	745	5	15	0	0	0	43	0	778	T?/M?	live	0	0	0	650	419.449	400.000	343.286	954	18	213	3	5	752	43	0	0		0	0	0	0	0	0.432	0.514	0.565	1	0.9335	0.9714
3.8.5	supersample.SuperTrackFire 1.0	weak		5	true	35	4012.000	253.000	35	1750.000	0.000	1594.000	253.000	15	17645	0.248	0.759	12.391	35	0	0	0.189	0.023	140	773	1	781	768	7	18	0	0	0	46	0	813	T?/M?	live	0	0	0	650	449.103	400.000	354.171	604	92	311	2	4	781	46	0	0		0	0	0	0	0	0.442	0.491	0.541	1	0.9407	1.0000
3.8.5	supersample.SuperTrackFire 1.0	weak		6	true	35	4077.000	148.000	35	1750.000	0.000	1647.000	148.000	11	16909	0.255	0.773	10.693	35	0	0	0.184	0.014	99	710	4	720	708	3	4	0	0	0	44	0	748	T?/M?	live	0	0	0	650	421.346	400.000	333.114	705	101	224	3	3	720	44	0	0		0	0	0	0	0	0.469	0.528	0.581	0	0.9650	1.0000
3.8.5	supersample.SuperTrackFire 1.0	weak		7	true	35	4208.000	131.000	35	1750.000	0.000	1757.000	131.000	10	16023	0.230	0.690	12.048	35	0	0	0.214	0.013	98	651	4	654	649	3	15	0	0	0	41	0	669	T?/M?	live	0	0	0	650	404.840	400.000	307.800	493	58	366	2	5	654	41	0	0		0	0	0	0	0	0.442	0.488	0.541	1	0.9698	1.0000
3.8.5	supersample.SuperTrackFire 1.0	weak		8	true	35	4008.000	81.000	35	1750.000	0.000	1590.000	79.000	12	16481	0.229	0.715	11.418	35	0	0	0.186	0.010	99	682	3	687	680	3	20	0	0	0	29	0	707	T?/M?	live	0	0	0	650	414.477	400.000	320.886	665	14	265	2	8	687	29	0	0		0	0	0	0	0	0.455	0.528	0.581	0	0.9802	1.0000
3.8.5	tad.Dalek98 0.98	weak		1	true	35	3645.000	802.000	35	1750.000	0.000	1288.000	799.000	12	22467	0.422	0.920	15.649	35	0	0	0.137	0.054	33	1056	1	1038	1038	2	7	0	0	0	78	1100	1226	T?/M?	live	0	0	0	650	504.340	650.000	491.914	1008	0	67	3	5	1038	78	0	0		298	0	0	0	0	0.384	0.450	0.509	0	0.8197	1.0000
3.8.5	tad.Dalek98 0.98	weak		2	true	35	3584.000	576.000	34	1700.000	50.000	1289.000	505.000	11	20954	0.298	0.723	15.875	35	0	0	0.140	0.034	21	949	2	949	949	2	13	0	0	0	78	0	1098	T?/M?	live	0	0	0	650	463.606	400.000	448.686	1255	0	44	2	6	949	78	0	0		0	0	0	0	0	0.384	0.450	0.491	0	0.8615	0.9714
3.8.5	tad.Dalek98 0.98	weak		3	true	35	3700.000	546.000	35	1750.000	0.000	1333.000	546.000	10	20368	0.345	0.787	14.419	35	0	0	0.140	0.036	10	903	3	903	903	2	10	0	0	0	62	0	1041	T?/M?	live	0	0	0	650	507.963	575.000	431.943	1006	0	72	2	8	903	62	0	0		0	0	0	0	0	0.384	0.458	0.509	0	0.8714	1.0000
3.8.5	tad.Dalek98 0.98	weak		4	true	35	3446.000	759.000	33	1650.000	100.000	1227.000	612.000	5	21678	0.379	0.824	13.026	34	0	0	0.129	0.040	22	976	3	976	976	4	13	0	0	0	68	366	1110	T?/M?	live	0	0	0	650	523.850	625.000	464.647	1272	28	54	3	8	936	68	0	0		0	0	0	1	1	0.427	0.460	0.491	0	0.8195	0.9429
3.8.5	tad.Dalek98 0.98	weak		5	true	35	3555.000	816.000	35	1750.000	0.000	1213.000	816.000	13	23135	0.461	0.956	13.373	35	0	0	0.134	0.053	41	1093	1	1093	1093	6	12	0	0	0	96	1158	1285	T?/M?	live	0	0	0	650	501.946	400.000	511.000	891	13	46	3	7	1093	96	0	0		0	0	0	0	0	0.390	0.451	0.491	0	0.8133	1.0000
3.8.5	tad.Dalek98 0.98	weak		6	true	35	3570.000	902.000	34	1700.000	50.000	1280.000	820.000	15	21433	0.450	0.940	14.074	35	0	0	0.133	0.053	32	982	3	982	982	7	16	0	0	0	77	1037	1132	T?/M?	live	0	0	0	650	512.497	650.000	462.371	823	0	125	3	9	982	77	0	0		0	0	0	0	0	0.443	0.473	0.517	0	0.7983	0.9714
3.8.5	tad.Dalek98 0.98	weak		7	true	35	3720.000	522.000	35	1750.000	0.000	1350.000	520.000	12	21343	0.340	0.786	16.745	35	0	0	0.133	0.040	16	954	3	954	954	4	13	0	0	0	70	653	1134	T?/M?	live	0	0	0	650	514.291	650.000	459.800	1428	0	44	3	6	954	70	0	0		0	0	0	0	0	0.427	0.458	0.488	0	0.8769	1.0000
3.8.5	tad.Dalek98 0.98	weak		8	true	35	3689.000	540.000	35	1750.000	0.000	1324.000	539.000	12	20626	0.350	0.785	13.961	35	0	0	0.141	0.041	14	912	1	912	912	3	6	0	0	0	83	561	1068	T?/M?	live	0	0	0	650	478.069	400.000	439.314	959	0	78	2	7	912	83	0	0		0	0	0	0	0	0.450	0.485	0.519	1	0.8723	1.0000
3.8.5	theo.QuarkSoup 1.5fga	weak		1	true	35	3471.000	1237.000	31	1550.000	200.000	1365.000	953.000	16	26303	0.487	0.993	13.921	35	0	0	0.126	0.066	40	1313	1	1315	1313	7	19	0	0	0	120	984	1518	T?/M?	live	0	0	0	650	482.943	650.000	601.514	429	0	51	3	8	1315	120	0	0		0	0	0	0	0	0.375	0.474	0.581	0	0.7373	0.8857
3.8.5	theo.QuarkSoup 1.5fga	weak		2	true	35	3147.000	1218.000	31	1550.000	200.000	1080.000	939.000	14	30142	0.431	0.962	15.258	35	0	0	0.107	0.064	95	1422	1	1425	1422	8	16	0	0	0	130	1535	1893	T?/M?	live	0	0	0	650	507.580	400.000	711.200	1089	0	17	2	9	1420	130	0	0		0	0	0	0	0	0.359	0.416	0.509	0	0.7210	0.8857
3.8.5	theo.QuarkSoup 1.5fga	weak		3	true	35	3235.000	1369.000	30	1500.000	250.000	1209.000	1009.000	11	28624	0.485	1.013	16.030	35	0	0	0.122	0.069	69	1370	2	1370	1370	5	12	0	0	0	143	1622	1739	T?/M?	live	0	0	0	650	480.066	650.000	667.829	508	0	52	2	8	1364	143	0	0		0	0	0	0	0	0.375	0.468	0.581	0	0.7026	0.8571
3.8.5	theo.QuarkSoup 1.5fga	weak		4	true	35	3534.000	835.000	34	1700.000	50.000	1248.000	766.000	13	28500	0.468	0.964	14.179	35	0	0	0.117	0.053	60	1369	0	1369	1369	4	16	0	0	0	139	1696	1718	T?/M?	live	0	0	0	650	488.286	525.000	664.286	751	0	60	2	8	1369	137	0	0		0	0	0	0	0	0.359	0.433	0.511	0	0.8089	0.9714
3.8.5	theo.QuarkSoup 1.5fga	weak		5	true	35	3256.000	1269.000	31	1550.000	200.000	1176.000	981.000	16	28288	0.456	0.973	16.358	35	0	0	0.109	0.064	55	1422	1	1425	1422	10	13	0	0	0	145	907	1687	T?/M?	live	0	0	0	650	478.709	650.000	658.229	643	0	14	3	7	1402	145	0	0		0	0	0	0	0	0.375	0.467	0.581	0	0.7196	0.8857
3.8.5	theo.QuarkSoup 1.5fga	weak		6	true	35	3327.000	1471.000	28	1400.000	350.000	1392.000	972.000	14	25544	0.446	0.951	14.522	35	0	0	0.132	0.072	35	1281	3	1281	1281	6	24	0	0	0	122	1327	1437	T?/M?	live	0	0	0	650	476.851	650.000	579.829	598	34	71	3	7	1257	122	0	0		0	0	0	0	0	0.359	0.422	0.509	0	0.6934	0.8000
3.8.5	theo.QuarkSoup 1.5fga	weak		7	true	35	3328.000	1299.000	31	1550.000	200.000	1235.000	1009.000	17	27593	0.489	1.009	13.710	35	0	0	0.121	0.069	58	1418	1	1420	1418	8	17	0	0	0	125	958	1612	T?/M?	live	0	0	0	650	488.780	650.000	638.371	395	17	26	3	8	1410	125	0	0		0	0	0	0	0	0.375	0.467	0.581	0	0.7193	0.8857
3.8.5	theo.QuarkSoup 1.5fga	weak		8	true	35	3451.000	1064.000	33	1650.000	100.000	1234.000	920.000	13	27366	0.447	0.950	13.656	35	0	0	0.112	0.063	52	1386	0	1386	1386	2	15	0	0	0	151	1023	1603	T?/M?	live	0	0	0	650	470.314	650.000	631.886	428	0	10	2	7	1386	151	0	0		0	0	0	0	0	0.359	0.427	0.509	0	0.7643	0.9429
3.8.5	theo.avenge.Pequod 1.0	mid		1	true	35	2696.000	1538.000	27	1350.000	400.000	930.000	972.000	15	33228	0.525	1.350	17.511	35	0	0	0.094	0.061	111	1381	2	1387	1379	75	10	0	0	0	123	1635	2166	T?/M?	live	0	0	0	650	531.106	650.000	799.371	559	35	17	2	10	1385	123	0	0		0	0	0	0	0	0.315	0.387	0.439	0	0.6368	0.7714
3.8.5	theo.avenge.Pequod 1.0	mid		2	true	35	2991.000	1204.000	31	1550.000	200.000	972.000	931.000	13	38582	0.477	1.345	17.462	35	0	0	0.104	0.057	183	1448	0	1473	1448	7	12	0	0	0	137	2606	2674	T?/M?	live	0	0	0	650	530.429	650.000	952.343	1157	34	23	2	10	1471	137	0	0		0	0	0	0	0	0.382	0.418	0.456	0	0.7130	0.8857
3.8.5	theo.avenge.Pequod 1.0	mid		3	true	35	2382.000	1821.000	24	1200.000	550.000	816.000	1070.000	6	34494	0.554	1.375	17.798	34	0	0	0.101	0.061	153	1456	0	1468	1454	5	6	0	0	0	128	1622	2253	T?/M?	live	0	0	0	650	509.341	650.000	838.353	921	94	36	2	84	1425	128	0	0		0	0	0	1	1	0.366	0.406	0.447	0	0.5667	0.6857
3.8.5	theo.avenge.Pequod 1.0	mid		4	true	35	2991.000	1407.000	29	1450.000	300.000	1073.000	984.000	12	34128	0.543	1.373	17.459	35	0	0	0.111	0.061	137	1393	0	1398	1393	5	16	0	0	0	117	1657	2256	T?/M?	live	0	0	0	650	534.977	650.000	825.086	789	3	24	3	10	1398	117	0	0		0	0	0	0	0	0.373	0.413	0.456	0	0.6801	0.8286
3.8.5	theo.avenge.Pequod 1.0	mid		5	true	35	3259.000	1211.000	29	1450.000	300.000	1290.000	796.000	12	29111	0.469	1.242	42.107	35	0	0	0.110	0.056	55	1205	2	1205	1205	5	12	0	0	0	109	520	1763	T?/M?	live	0	0	0	650	516.026	650.000	681.743	505	12	24	3	5	1205	109	0	0		0	0	0	0	0	0.366	0.407	0.447	0	0.7291	0.8286
3.8.5	theo.avenge.Pequod 1.0	mid		6	true	35	3273.000	1146.000	31	1550.000	200.000	1202.000	863.000	12	32119	0.523	1.319	16.918	35	0	0	0.120	0.064	117	1286	0	1297	1286	4	10	0	0	0	111	1856	2050	T?/M?	live	0	0	0	650	529.097	650.000	767.686	397	54	93	2	10	1297	111	0	0		0	0	0	0	0	0.373	0.411	0.456	0	0.7407	0.8857
3.8.5	theo.avenge.Pequod 1.0	mid		7	true	35	2535.000	1641.000	26	1300.000	450.000	846.000	1019.000	11	35565	0.535	1.359	15.884	35	0	0	0.101	0.061	166	1435	0	1455	1435	4	8	0	0	0	146	1916	2396	T?/M?	live	0	0	0	650	528.531	650.000	866.143	750	125	0	2	11	1454	146	0	0		0	0	0	0	0	0.366	0.403	0.447	0	0.6070	0.7429
3.8.5	theo.avenge.Pequod 1.0	mid		8	true	35	3131.000	1314.000	29	1450.000	300.000	1185.000	894.000	13	31545	0.530	1.312	17.024	35	0	0	0.113	0.059	107	1306	0	1308	1305	4	11	0	0	0	103	1389	2002	T?/M?	live	0	0	0	650	507.403	400.000	751.286	686	1	59	2	8	1308	103	0	0		0	0	0	0	0	0.373	0.418	0.456	0	0.7044	0.8286
3.8.5	theo.real.Ahab 1.0	mid		1	true	35	2748.000	1667.000	25	1250.000	500.000	1079.000	979.000	12	33772	0.728	1.526	16.481	35	0	0	0.105	0.066	106	1737	1	1741	1737	4	14	0	0	0	156	964	2230	T?/M?	live	0	0	0	650	518.420	650.000	814.914	811	2	1	3	8	1741	156	0	0		0	0	0	0	0	0.333	0.441	0.565	0	0.6224	0.7143
3.8.5	theo.real.Ahab 1.0	mid		2	true	35	3061.000	1300.000	30	1500.000	250.000	1073.000	959.000	13	36122	0.721	1.546	17.523	35	0	0	0.103	0.067	127	1787	1	1811	1787	6	16	0	0	0	174	1917	2431	T?/M?	live	0	0	0	650	530.834	650.000	882.057	787	2	16	2	8	1811	174	0	0		0	0	0	0	0	0.358	0.431	0.537	1	0.7019	0.8571
3.8.5	theo.real.Ahab 1.0	mid		3	true	35	3079.000	1478.000	29	1450.000	300.000	1137.000	1060.000	12	34710	0.781	1.574	15.057	35	0	0	0.104	0.075	105	1758	1	1761	1758	2	20	0	0	0	155	2133	2298	T?/M?	live	0	0	0	650	520.123	650.000	841.714	644	61	12	2	12	1761	155	0	0		0	0	0	0	0	0.333	0.440	0.565	0	0.6757	0.8286
3.8.5	theo.real.Ahab 1.0	mid		4	true	35	3017.000	1167.000	30	1500.000	250.000	1024.000	827.000	12	35193	0.730	1.509	18.257	35	0	0	0.109	0.055	137	1793	0	1794	1793	5	17	0	0	0	176	2289	2324	T?/M?	live	0	0	0	650	533.583	650.000	855.514	650	41	33	2	8	1786	176	0	0		0	0	0	0	0	0.358	0.431	0.537	1	0.7211	0.8571
3.8.5	theo.real.Ahab 1.0	mid		5	true	35	2930.000	1399.000	30	1500.000	250.000	961.000	1062.000	17	37590	0.767	1.580	17.285	35	0	0	0.107	0.068	169	1916	0	1918	1916	7	17	0	0	0	177	2518	2609	T?/M?	live	0	0	0	650	517.729	650.000	924.000	1548	1	22	2	12	1918	177	0	0		0	0	0	0	0	0.333	0.440	0.565	0	0.6768	0.8571
3.8.5	theo.real.Ahab 1.0	mid		6	true	35	3003.000	1355.000	30	1500.000	250.000	1019.000	1011.000	15	34565	0.751	1.548	16.518	35	0	0	0.110	0.070	138	1829	1	1808	1808	8	12	0	0	0	153	1757	2281	T?/M?	live	0	0	0	650	513.857	650.000	837.571	439	75	13	3	10	1808	153	0	0		298	0	0	0	0	0.358	0.432	0.537	1	0.6891	0.8571
3.8.5	theo.real.Ahab 1.0	mid		7	true	35	3201.000	1075.000	33	1650.000	100.000	1026.000	943.000	25	37294	0.737	1.532	16.914	35	0	0	0.106	0.065	173	1886	1	1889	1886	12	16	0	0	0	165	2138	2556	T?/M?	live	0	0	0	650	522.600	575.000	915.543	1238	84	42	3	10	1889	165	0	0		0	0	0	0	0	0.333	0.437	0.565	0	0.7486	0.9429
3.8.5	theo.real.Ahab 1.0	mid		8	true	35	3086.000	1491.000	29	1450.000	300.000	1147.000	1072.000	11	34340	0.734	1.520	16.310	34	0	0	0.109	0.075	108	1798	0	1798	1798	5	26	0	0	0	154	2037	2168	T?/M?	live	0	0	0	650	523.200	650.000	828.706	470	0	11	2	581	1735	153	0	0		0	0	0	1	1	0.358	0.432	0.537	1	0.6742	0.8286
3.8.5	tide.pear.Pear 0.62.1	mid		1	true	35	3119.000	1592.000	29	1450.000	300.000	1163.000	1163.000	12	29750	0.476	0.994	14.155	35	0	0	0.114	0.079	83	1527	60	1527	1527	5	13	0	0	0	162	1502	1825	T?/M?	live	0	0	0	650	495.811	650.000	700.000	727	0	101	2	10	1510	162	0	0		0	0	0	0	0	0.299	0.360	0.390	0	0.6621	0.8286
3.8.5	tide.pear.Pear 0.62.1	mid		2	true	35	3232.000	1052.000	33	1650.000	100.000	1043.000	917.000	10	32570	0.486	0.970	13.366	35	0	0	0.108	0.061	117	1540	19	1540	1540	4	14	0	0	0	143	1499	2131	T?/M?	live	0	0	0	650	508.831	650.000	780.571	928	64	6	2	9	1540	143	0	0		0	0	0	0	0	0.355	0.415	0.474	0	0.7544	0.9429
3.8.5	tide.pear.Pear 0.62.1	mid		3	true	35	2825.000	1346.000	31	1550.000	200.000	820.000	1080.000	9	34463	0.461	0.940	16.127	35	0	0	0.103	0.065	149	1703	37	1710	1703	3	6	0	0	0	153	1686	2270	T?/M?	live	0	0	0	650	500.491	650.000	834.657	749	78	30	2	255	1673	153	0	0		0	0	0	0	0	0.275	0.349	0.384	0	0.6773	0.8857
3.8.5	tide.pear.Pear 0.62.1	mid		4	true	35	3243.000	1398.000	30	1500.000	250.000	1223.000	1045.000	10	30458	0.485	0.978	14.572	35	0	0	0.117	0.072	85	1503	49	1503	1503	5	25	0	0	0	153	1386	1910	T?/M?	live	0	0	0	650	490.386	650.000	720.229	587	137	56	2	10	1503	153	0	0		0	0	0	0	0	0.330	0.414	0.474	0	0.6988	0.8571
3.8.5	tide.pear.Pear 0.62.1	mid		5	true	35	2667.000	1700.000	29	1450.000	300.000	794.000	1292.000	10	36396	0.483	0.972	13.152	35	0	0	0.103	0.075	166	1782	51	1784	1782	6	16	0	0	0	186	2125	2492	T?/M?	live	0	0	0	650	506.920	650.000	889.886	816	2	38	2	7	1780	186	0	0		0	0	0	0	0	0.313	0.356	0.395	0	0.6107	0.8286
3.8.5	tide.pear.Pear 0.62.1	mid		6	true	35	2728.000	1468.000	30	1500.000	250.000	813.000	1116.000	10	36631	0.484	0.965	13.168	35	0	0	0.107	0.065	185	1712	43	1722	1712	3	11	0	0	0	152	2101	2563	T?/M?	live	0	0	0	650	506.346	650.000	896.600	1457	46	26	2	8	1721	152	0	0		0	0	0	0	0	0.366	0.397	0.439	0	0.6501	0.8571
3.8.5	tide.pear.Pear 0.62.1	mid		7	true	35	2781.000	1814.000	27	1350.000	400.000	1005.000	1254.000	12	33133	0.490	1.000	15.935	35	0	0	0.109	0.078	120	1659	57	1661	1659	7	13	0	0	0	153	2024	2161	T?/M?	live	0	0	0	650	491.366	650.000	796.657	698	83	19	2	11	1659	153	0	0		0	0	0	0	0	0.313	0.359	0.427	0	0.6052	0.7714
3.8.5	tide.pear.Pear 0.62.1	mid		8	true	35	3133.000	1334.000	30	1500.000	250.000	1127.000	986.000	7	29290	0.494	0.956	15.061	35	0	0	0.109	0.068	74	1507	47	1507	1507	1	10	0	0	0	140	944	1794	T?/M?	live	0	0	0	650	496.289	650.000	686.857	706	74	60	1	11	1507	140	0	0		0	0	0	0	0	0.366	0.401	0.439	0	0.7014	0.8571
3.8.5	vjik.UnViolation 1.1	weak		1	true	35	5902.000	1677.000	30	1500.000	250.000	3479.000	1308.000	10	17531	0.274	0.860	14.526	34	0	0	0.369	0.559	21	783	2	740	739	7	32	0	0	0	62	545	723	T?/M?	live	0	0	0	650	400.665	650.000	347.824	326	33	549	3	6	711	58	0	0		596	0	0	1	1	0.445	0.509	0.565	0	0.7787	0.8571
3.8.5	vjik.UnViolation 1.1	weak		2	true	35	6223.000	814.000	35	1750.000	0.000	3436.000	813.000	11	15206	0.248	0.750	13.311	35	0	0	0.428	0.305	13	629	2	629	629	4	27	0	0	0	64	271	590	T?/M?	live	0	0	0	650	396.986	650.000	284.457	335	0	454	2	2	629	64	0	0		0	0	0	0	0	0.400	0.429	0.454	0	0.8843	1.0000
3.8.5	vjik.UnViolation 1.1	weak		3	true	35	6167.000	987.000	34	1700.000	50.000	3452.000	911.000	10	15621	0.266	0.801	12.518	35	0	0	0.428	0.345	26	657	5	656	656	3	33	0	0	0	63	233	620	T?/M?	live	0	0	0	650	387.074	650.000	296.314	287	9	487	2	39	655	63	0	0		0	0	0	0	0	0.454	0.520	0.565	0	0.8620	0.9714
3.8.5	vjik.UnViolation 1.1	weak		4	true	35	6162.000	967.000	34	1700.000	50.000	3446.000	899.000	10	15556	0.238	0.702	10.229	35	0	0	0.382	0.326	14	641	5	641	641	3	29	0	0	0	75	560	611	T?/M?	live	0	0	0	650	396.143	650.000	294.457	262	26	495	2	6	641	75	0	0		0	0	0	0	0	0.400	0.429	0.454	0	0.8644	0.9714
3.8.5	vjik.UnViolation 1.1	weak		5	true	35	6301.000	1183.000	34	1700.000	50.000	3565.000	1109.000	10	16631	0.265	0.818	10.063	35	0	0	0.376	0.425	16	725	5	725	725	3	36	0	0	0	70	664	681	T?/M?	live	0	0	0	650	408.583	650.000	325.171	453	5	551	3	6	725	70	0	0		0	0	0	0	0	0.360	0.396	0.416	0	0.8419	0.9714
3.8.5	vjik.UnViolation 1.1	weak		6	true	35	6389.000	1017.000	35	1750.000	0.000	3573.000	1017.000	10	15694	0.239	0.744	12.190	35	0	0	0.405	0.390	16	645	3	646	645	4	31	0	0	0	62	226	616	T?/M?	live	0	0	0	650	397.020	650.000	298.400	262	14	506	2	6	644	62	0	0		0	0	0	0	0	0.359	0.384	0.409	0	0.8627	1.0000
3.8.5	vjik.UnViolation 1.1	weak		7	true	35	6231.000	1196.000	34	1700.000	50.000	3501.000	1119.000	9	16606	0.248	0.752	11.103	35	0	0	0.363	0.390	29	706	4	706	706	3	23	0	0	0	68	547	681	T?/M?	live	0	0	0	650	424.889	650.000	324.457	481	6	539	3	4	706	68	0	0		0	0	0	0	0	0.360	0.396	0.416	0	0.8390	0.9714
3.8.5	vjik.UnViolation 1.1	weak		8	true	35	6305.000	892.000	35	1750.000	0.000	3503.000	891.000	8	15209	0.239	0.761	14.510	35	0	0	0.415	0.335	19	616	1	616	616	0	29	0	0	0	55	0	591	T?/M?	live	0	0	0	650	412.551	650.000	284.543	375	26	464	1	4	615	55	0	0		0	0	0	0	0	0.359	0.384	0.409	0	0.8761	1.0000
3.8.5	wcsv.Engineer.Engineer 0.5.4	mid		1	true	35	2722.000	1831.000	25	1250.000	500.000	1050.000	1136.000	9	31367	0.545	1.026	13.821	35	0	0	0.106	0.073	96	1809	10	1810	1809	1	16	0	0	0	160	1659	1962	T?/M?	live	0	0	0	650	457.731	650.000	746.200	1019	213	42	2	7	1773	159	0	0		0	0	0	0	0	0.333	0.402	0.463	0	0.5978	0.7143
3.8.5	wcsv.Engineer.Engineer 0.5.4	mid		2	true	35	2600.000	2150.000	24	1200.000	550.000	1001.000	1373.000	17	31995	0.539	1.044	13.941	35	0	0	0.103	0.084	91	1852	13	1852	1852	11	24	0	0	0	171	1750	2018	T?/M?	live	0	0	0	650	466.989	650.000	764.143	511	225	67	2	9	1832	170	0	0		0	0	0	0	0	0.317	0.409	0.490	1	0.5474	0.6857
3.8.5	wcsv.Engineer.Engineer 0.5.4	mid		3	true	35	2574.000	1877.000	25	1250.000	500.000	917.000	1178.000	10	32176	0.551	1.060	14.288	35	0	0	0.088	0.081	87	1865	15	1865	1865	1	15	0	0	0	179	1913	2065	T?/M?	live	0	0	0	650	468.771	650.000	769.314	1123	423	25	2	153	1865	177	0	0		0	0	0	0	0	0.333	0.399	0.463	1	0.5783	0.7143
3.8.5	wcsv.Engineer.Engineer 0.5.4	mid		4	true	35	3028.000	1464.000	29	1450.000	300.000	1088.000	1041.000	11	29895	0.513	1.006	13.795	35	0	0	0.106	0.067	77	1698	9	1697	1697	6	20	0	0	0	132	1467	1837	T?/M?	live	0	0	0	650	461.394	650.000	704.143	521	128	36	2	8	1690	131	0	0		0	0	0	0	0	0.317	0.410	0.490	1	0.6741	0.8286
3.8.5	wcsv.Engineer.Engineer 0.5.4	mid		5	true	35	2560.000	2012.000	24	1200.000	550.000	954.000	1243.000	7	30620	0.515	1.019	13.177	34	0	0	0.101	0.078	84	1752	13	1752	1752	5	16	0	0	0	151	1666	1858	T?/M?	live	0	0	0	650	465.950	650.000	731.206	652	248	18	3	10	1703	148	0	0		0	0	0	1	1	0.317	0.396	0.464	1	0.5599	0.6857
3.8.5	wcsv.Engineer.Engineer 0.5.4	mid		6	true	35	2700.000	1984.000	25	1250.000	500.000	1031.000	1283.000	7	31032	0.544	1.043	13.627	34	0	0	0.107	0.081	77	1758	18	1758	1758	2	20	0	0	0	174	1790	1903	T?/M?	live	0	0	0	650	475.882	650.000	741.529	554	361	33	2	10	1709	174	0	0		0	0	0	1	1	0.344	0.425	0.530	0	0.5764	0.7143
3.8.5	wcsv.Engineer.Engineer 0.5.4	mid		7	true	35	2401.000	1991.000	25	1250.000	500.000	783.000	1276.000	16	33571	0.564	1.077	15.032	35	0	0	0.099	0.085	138	1969	17	1969	1969	6	22	0	0	0	180	1648	2224	T?/M?	live	0	0	0	650	465.263	650.000	809.171	1088	302	15	3	11	1966	179	0	0		0	0	0	0	0	0.345	0.433	0.469	0	0.5467	0.7143
3.8.5	wcsv.Engineer.Engineer 0.5.4	mid		8	true	35	2613.000	1747.000	26	1300.000	450.000	901.000	1111.000	17	30954	0.516	1.028	14.550	35	0	0	0.102	0.073	112	1782	7	1782	1782	7	14	0	0	0	169	1919	1990	T?/M?	live	0	0	0	650	457.686	650.000	734.400	1800	155	15	2	306	1782	169	0	0		0	0	0	0	0	0.361	0.430	0.530	0	0.5993	0.7429
3.8.5	wiki.WaveRammer 1.0	weak		1	true	35	4462.000	3113.000	21	1050.000	700.000	2810.000	2047.000	8	15700	0.261	0.752	10.708	34	0	0	0.320	0.302	5	694	4	694	694	5	22	0	0	0	33	0	600	T?/M?	live	0	0	0	650	325.776	650.000	297.559	180	0	482	3	5	672	33	0	0		0	0	0	1	1	0.459	0.503	0.561	0	0.5890	0.6000
3.8.5	wiki.WaveRammer 1.0	weak		2	true	35	3551.000	3333.000	17	850.000	900.000	2223.000	1982.000	7	17152	0.296	0.857	12.450	34	0	0	0.231	0.269	29	806	2	806	806	4	16	0	0	0	55	605	711	T?/M?	live	0	0	0	650	359.362	650.000	342.029	106	0	529	3	6	786	55	0	0		0	0	0	1	1	0.459	0.520	0.566	0	0.5158	0.4857
3.8.5	wiki.WaveRammer 1.0	weak		3	true	35	3413.000	3906.000	13	650.000	1100.000	2339.000	2226.000	5	16665	0.269	0.782	14.345	34	0	0	0.260	0.323	58	763	2	763	763	3	24	0	0	0	53	605	671	T?/M?	live	0	0	0	650	345.824	650.000	327.559	106	0	530	3	38	745	53	0	0		0	0	0	1	1	0.459	0.505	0.561	0	0.4663	0.3714
3.8.5	wiki.WaveRammer 1.0	weak		4	true	35	3528.000	3881.000	14	700.000	1050.000	2405.000	2314.000	11	16414	0.276	0.794	11.602	35	0	0	0.264	0.322	16	739	4	739	739	3	31	0	0	0	36	0	663	T?/M?	live	0	0	0	650	344.517	650.000	318.971	143	0	546	2	6	733	36	0	0		0	0	0	0	0	0.459	0.526	0.566	0	0.4762	0.4000
3.8.5	wiki.WaveRammer 1.0	weak		5	true	35	3285.000	3988.000	12	600.000	1150.000	2308.000	2191.000	11	16033	0.263	0.746	13.995	34	0	0	0.253	0.322	45	719	2	719	719	11	25	0	0	0	37	531	617	T?/M?	live	0	0	0	650	340.665	650.000	305.412	73	1	502	3	5	692	37	0	0		0	0	0	1	1	0.459	0.512	0.566	0	0.4517	0.3429
3.8.5	wiki.WaveRammer 1.0	weak		6	true	35	3377.000	4071.000	12	600.000	1150.000	2428.000	2334.000	13	17132	0.279	0.831	14.704	35	0	0	0.283	0.320	28	802	2	802	802	3	23	0	0	0	45	271	733	T?/M?	live	0	0	0	650	362.614	650.000	339.486	218	0	521	2	6	797	44	0	0		0	0	0	0	0	0.473	0.507	0.567	0	0.4534	0.3429
3.8.5	wiki.WaveRammer 1.0	weak		7	true	35	3880.000	3314.000	18	900.000	850.000	2462.000	2045.000	16	15986	0.278	0.820	12.888	35	0	0	0.283	0.309	16	710	3	710	709	7	39	0	0	0	34	0	637	T?/M?	live	0	0	0	650	313.800	650.000	306.743	139	44	506	3	7	707	34	0	0		0	0	0	0	0	0.459	0.526	0.566	0	0.5393	0.5143
3.8.5	wiki.WaveRammer 1.0	weak		8	true	35	3870.000	3518.000	17	850.000	900.000	2517.000	2173.000	14	16217	0.283	0.815	16.608	35	0	0	0.295	0.316	30	728	2	728	728	7	34	0	0	0	32	447	657	T?/M?	live	0	0	0	650	318.329	650.000	313.343	207	0	528	2	20	726	32	0	0		0	0	0	0	0	0.473	0.505	0.567	0	0.5238	0.4857
3.8.5	zen.Ronin 1.0.0	mid		1	false	0	0.000	0.000	0	0.000	0.000	0.000	0.000	0	0	0.000	0.000	0.000	0	0	0	NaN	NaN	0	0	0	0	0	0	0	0	0	0	0	0	0	-	-	0	0	0	-	NaN	NaN	NaN	0	0	0	0	0	0	0	0	0	expected 2 robots; found 1	0	0	0	0	0	0.433	0.433	0.433	0		
3.8.5	zen.Ronin 1.0.0	mid		2	false	0	0.000	0.000	0	0.000	0.000	0.000	0.000	0	0	0.000	0.000	0.000	0	0	0	NaN	NaN	0	0	0	0	0	0	0	0	0	0	0	0	0	-	-	0	0	0	-	NaN	NaN	NaN	0	0	0	0	0	0	0	0	0	expected 2 robots; found 1	0	0	0	0	0	0.451	0.451	0.451	0		
3.8.5	zen.Ronin 1.0.0	mid		3	false	0	0.000	0.000	0	0.000	0.000	0.000	0.000	0	0	0.000	0.000	0.000	0	0	0	NaN	NaN	0	0	0	0	0	0	0	0	0	0	0	0	0	-	-	0	0	0	-	NaN	NaN	NaN	0	0	0	0	0	0	0	0	0	expected 2 robots; found 1	0	0	0	0	0	0.451	0.451	0.451	0		
3.8.5	zen.Ronin 1.0.0	mid		4	false	0	0.000	0.000	0	0.000	0.000	0.000	0.000	0	0	0.000	0.000	0.000	0	0	0	NaN	NaN	0	0	0	0	0	0	0	0	0	0	0	0	0	-	-	0	0	0	-	NaN	NaN	NaN	0	0	0	0	0	0	0	0	0	expected 2 robots; found 1	0	0	0	0	0	0.512	0.512	0.512	0		
3.8.5	zen.Ronin 1.0.0	mid		5	false	0	0.000	0.000	0	0.000	0.000	0.000	0.000	0	0	0.000	0.000	0.000	0	0	0	NaN	NaN	0	0	0	0	0	0	0	0	0	0	0	0	0	-	-	0	0	0	-	NaN	NaN	NaN	0	0	0	0	0	0	0	0	0	expected 2 robots; found 1	0	0	0	0	0	0.464	0.464	0.464	0		
3.8.5	zen.Ronin 1.0.0	mid		6	false	0	0.000	0.000	0	0.000	0.000	0.000	0.000	0	0	0.000	0.000	0.000	0	0	0	NaN	NaN	0	0	0	0	0	0	0	0	0	0	0	0	0	-	-	0	0	0	-	NaN	NaN	NaN	0	0	0	0	0	0	0	0	0	expected 2 robots; found 1	0	0	0	0	0	0.543	0.543	0.543	0		
3.8.5	zen.Ronin 1.0.0	mid		7	false	0	0.000	0.000	0	0.000	0.000	0.000	0.000	0	0	0.000	0.000	0.000	0	0	0	NaN	NaN	0	0	0	0	0	0	0	0	0	0	0	0	0	-	-	0	0	0	-	NaN	NaN	NaN	0	0	0	0	0	0	0	0	0	expected 2 robots; found 1	0	0	0	0	0	0.512	0.512	0.512	0		
3.8.5	zen.Ronin 1.0.0	mid		8	false	0	0.000	0.000	0	0.000	0.000	0.000	0.000	0	0	0.000	0.000	0.000	0	0	0	NaN	NaN	0	0	0	0	0	0	0	0	0	0	0	0	0	-	-	0	0	0	-	NaN	NaN	NaN	0	0	0	0	0	0	0	0	0	expected 2 robots; found 1	0	0	0	0	0	0.546	0.546	0.546	0		
3.8.5	zezinho.QuerMePegarKKKK 1.0	weak		1	true	35	4137.000	1557.000	28	1400.000	350.000	2065.000	1027.000	12	21442	0.380	0.955	9.754	35	0	0	0.181	0.118	46	1036	4	1035	1035	4	13	0	0	0	85	751	1050	T?/M?	live	0	0	0	650	455.431	650.000	462.629	257	14	509	3	6	1035	85	0	0		0	0	0	0	0	0.358	0.439	0.517	0	0.7266	0.8000
3.8.5	zezinho.QuerMePegarKKKK 1.0	weak		2	true	35	4100.000	1883.000	26	1300.000	450.000	2167.000	1217.000	14	22254	0.391	0.983	9.593	35	0	0	0.220	0.343	38	1114	2	1104	1104	6	18	0	0	0	81	670	1125	T?/M?	live	0	0	0	650	433.074	650.000	485.829	301	27	473	3	9	1104	81	0	0		159	0	0	0	0	0.417	0.470	0.543	0	0.6853	0.7429
3.8.5	zezinho.QuerMePegarKKKK 1.0	weak		3	true	35	4439.000	1480.000	31	1550.000	200.000	2168.000	1112.000	9	23659	0.427	1.026	10.082	34	0	0	0.181	0.126	44	1207	3	1206	1206	6	14	0	0	0	93	758	1228	T?/M?	live	0	0	0	650	443.047	650.000	538.147	467	3	435	2	11	1199	93	0	0		0	0	0	1	0	0.367	0.445	0.517	0	0.7500	0.8857
3.8.5	zezinho.QuerMePegarKKKK 1.0	weak		4	true	35	4409.000	1137.000	33	1650.000	100.000	2006.000	945.000	10	25168	0.486	0.950	10.415	35	0	0	0.184	0.104	105	1305	4	1305	1305	4	22	0	0	0	98	733	1389	T?/M?	live	0	0	0	650	422.991	650.000	569.086	473	23	367	3	11	1302	98	0	0		0	0	0	0	0	0.426	0.473	0.543	0	0.7950	0.9429
3.8.5	zezinho.QuerMePegarKKKK 1.0	weak		5	true	35	3987.000	1512.000	28	1400.000	350.000	1948.000	941.000	11	23732	0.429	1.003	9.422	35	0	0	0.179	0.123	86	1202	5	1202	1202	5	21	0	0	0	94	930	1218	T?/M?	live	0	0	0	650	429.294	650.000	528.057	598	2	392	2	7	1196	94	0	0		0	0	0	0	0	0.406	0.452	0.517	0	0.7250	0.8000
3.8.5	zezinho.QuerMePegarKKKK 1.0	weak		6	true	35	4192.000	1113.000	31	1550.000	200.000	1971.000	816.000	13	24210	0.464	0.955	10.224	35	0	0	0.174	0.077	35	1227	4	1227	1227	3	19	0	0	0	100	890	1293	T?/M?	live	0	0	0	650	388.431	400.000	541.714	541	0	274	2	10	1226	100	0	0		0	0	0	0	0	0.426	0.470	0.543	0	0.7902	0.8857
3.8.5	zezinho.QuerMePegarKKKK 1.0	weak		7	true	35	3931.000	1711.000	26	1300.000	450.000	2009.000	1060.000	13	23583	0.408	0.987	9.808	35	0	0	0.188	0.127	53	1208	1	1208	1208	3	21	0	0	0	112	1108	1254	T?/M?	live	0	0	0	650	449.254	650.000	523.800	654	31	407	2	6	1206	112	0	0		0	0	0	0	0	0.395	0.464	0.517	0	0.6967	0.7429
3.8.5	zezinho.QuerMePegarKKKK 1.0	weak		8	true	35	4178.000	1554.000	28	1400.000	350.000	2090.000	1016.000	12	23671	0.413	0.956	10.170	35	0	0	0.198	0.139	105	1197	3	1197	1197	2	20	0	0	0	83	1139	1238	T?/M?	live	0	0	0	650	431.603	650.000	526.314	440	0	512	2	11	1194	83	0	0		0	0	0	0	0	0.426	0.463	0.504	0	0.7289	0.8000
3.4	GarmBox.Oranges 1.0.1	weak		1	true	35	5068.000	680.000	35	1750.000	0.000	2430.000	626.000	11	14051	0.230	0.677	11.643	35	0	0	0.354	0.103	129	543	2	542	541	1	15	0	0	0	55	200	512	T?/M?	live	0	0	0	650	346.494	400.000	251.457	414	34	380	3	3	537	55	0	0		0	0	0	0	0	0.427	0.489	0.530	0	0.8817	1.0000
3.4	GarmBox.Oranges 1.0.1	weak		2	true	35	4862.000	504.000	35	1750.000	0.000	2287.000	436.000	12	14643	0.193	0.582	9.526	35	0	0	0.304	0.081	135	585	2	587	585	4	23	0	0	0	46	33	562	T?/M?	live	0	0	0	650	371.580	400.000	268.371	449	58	380	2	5	585	46	0	0		0	0	0	0	0	0.382	0.416	0.439	0	0.9061	1.0000
3.4	GarmBox.Oranges 1.0.1	weak		3	true	35	4865.000	396.000	35	1750.000	0.000	2238.000	320.000	10	14348	0.202	0.610	9.207	35	0	0	0.322	0.080	137	561	4	561	558	1	19	0	0	0	37	0	536	T?/M?	live	0	0	0	650	367.966	400.000	259.943	411	35	372	1	301	560	37	0	0		0	0	0	0	0	0.465	0.491	0.530	0	0.9247	1.0000
3.4	GarmBox.Oranges 1.0.1	weak		4	true	35	4671.000	288.000	35	1750.000	0.000	2139.000	284.000	11	15049	0.193	0.575	11.881	35	0	0	0.255	0.047	99	615	3	616	613	4	18	0	0	0	44	309	582	T?/M?	live	0	0	0	650	370.200	400.000	279.971	384	36	414	3	5	615	44	0	0		0	0	0	0	0	0.382	0.413	0.439	0	0.9419	1.0000
3.4	GarmBox.Oranges 1.0.1	weak		5	true	35	4746.000	384.000	35	1750.000	0.000	2187.000	342.000	12	14726	0.196	0.581	8.595	35	0	0	0.286	0.053	125	584	2	586	582	3	19	0	0	0	56	186	565	T?/M?	live	0	0	0	650	355.860	400.000	270.743	413	132	394	2	4	582	56	0	0		0	0	0	0	0	0.397	0.453	0.512	0	0.9251	1.0000
3.4	GarmBox.Oranges 1.0.1	weak		6	true	35	4826.000	447.000	35	1750.000	0.000	2272.000	388.000	13	14642	0.200	0.593	8.931	35	0	0	0.304	0.068	126	582	2	582	578	2	16	0	0	0	48	360	561	T?/M?	live	0	0	0	650	363.746	400.000	268.343	466	73	395	3	4	579	47	0	0		0	0	0	0	0	0.433	0.451	0.465	0	0.9152	1.0000
3.4	GarmBox.Oranges 1.0.1	weak		7	true	35	4823.000	244.000	35	1750.000	0.000	2256.000	226.000	11	13789	0.207	0.606	9.749	35	0	0	0.310	0.047	99	523	0	523	521	1	17	0	0	0	36	0	498	T?/M?	live	0	0	0	650	352.520	400.000	243.971	409	0	384	2	4	523	36	0	0		0	0	0	0	0	0.489	0.523	0.546	0	0.9518	1.0000
3.4	GarmBox.Oranges 1.0.1	weak		8	true	35	4818.000	447.000	35	1750.000	0.000	2255.000	440.000	11	14873	0.196	0.575	9.319	35	0	0	0.280	0.068	100	607	2	607	605	4	14	0	0	0	56	511	571	T?/M?	live	0	0	0	650	388.454	400.000	274.943	448	3	400	2	4	603	56	0	0		0	0	0	0	0	0.397	0.437	0.463	0	0.9151	1.0000
3.4	ahr.ice.Ice 1.0	weak		1	true	35	4629.000	949.000	34	1700.000	50.000	2161.000	877.000	10	17299	0.429	1.177	27.422	35	0	0	0.230	0.084	16	728	2	728	728	3	11	0	0	0	41	213	750	T?/M?	live	0	0	0	650	329.534	400.000	344.257	454	84	442	2	6	728	41	0	0		0	0	0	0	0	0.459	0.508	0.561	0	0.8299	0.9714
3.4	ahr.ice.Ice 1.0	weak		2	true	35	4296.000	612.000	34	1700.000	50.000	1881.000	536.000	10	17409	0.435	1.243	28.452	35	0	0	0.193	0.050	12	726	5	726	726	3	8	0	0	0	60	701	751	T?/M?	live	0	0	0	650	340.183	400.000	347.400	535	74	421	2	1	718	60	0	0		0	0	0	0	0	0.392	0.492	0.563	0	0.8753	0.9714
3.4	ahr.ice.Ice 1.0	weak		3	true	35	4355.000	523.000	34	1700.000	50.000	1929.000	449.000	8	16750	0.354	0.955	29.919	35	0	0	0.204	0.047	7	689	2	689	689	3	8	0	0	0	57	434	717	T?/M?	live	0	0	0	650	335.149	400.000	328.571	609	65	417	1	71	688	57	0	0		0	0	0	0	0	0.478	0.520	0.561	0	0.8928	0.9714
3.4	ahr.ice.Ice 1.0	weak		4	true	35	4405.000	429.000	35	1750.000	0.000	1906.000	425.000	13	17378	0.373	1.073	30.947	35	0	0	0.204	0.042	11	729	1	729	729	6	10	0	0	0	50	744	763	T?/M?	live	0	0	0	650	337.129	400.000	346.514	639	43	346	3	5	729	50	0	0		0	0	0	0	0	0.392	0.492	0.563	0	0.9113	1.0000
3.4	ahr.ice.Ice 1.0	weak		5	true	35	4495.000	729.000	34	1700.000	50.000	2048.000	661.000	8	17192	0.379	1.030	25.761	35	0	0	0.225	0.068	13	721	2	721	721	4	12	0	0	0	56	734	750	T?/M?	live	0	0	0	650	315.346	400.000	341.200	499	24	409	2	4	721	56	0	0		0	0	0	0	0	0.473	0.529	0.567	0	0.8605	0.9714
3.4	ahr.ice.Ice 1.0	weak		6	true	35	4366.000	678.000	33	1650.000	100.000	1995.000	539.000	15	17040	0.368	1.111	27.409	35	0	0	0.232	0.163	8	711	4	678	678	4	13	0	0	0	48	678	738	T?/M?	live	0	0	0	650	337.360	400.000	336.857	704	45	401	3	4	678	46	0	0		520	0	0	0	0	0.459	0.502	0.561	0	0.8656	0.9429
3.4	ahr.ice.Ice 1.0	weak		7	true	35	4344.000	784.000	34	1700.000	50.000	1922.000	712.000	10	18227	0.404	1.178	28.555	35	0	0	0.190	0.070	8	785	1	785	785	3	16	0	0	0	85	595	824	T?/M?	live	0	0	0	650	339.857	400.000	370.771	685	112	401	2	4	785	85	0	0		0	0	0	0	0	0.473	0.519	0.567	0	0.8471	0.9714
3.4	ahr.ice.Ice 1.0	weak		8	true	35	4470.000	804.000	34	1700.000	50.000	2030.000	731.000	10	17369	0.406	1.188	30.247	35	0	0	0.215	0.075	8	725	5	725	725	5	7	0	0	0	69	721	754	T?/M?	live	0	0	0	650	339.414	400.000	346.257	354	96	433	2	2	725	69	0	0		0	0	0	0	0	0.459	0.507	0.561	0	0.8476	0.9714
3.4	apc.Colossus2 0.12	weak		1	true	35	5865.000	190.000	35	1750.000	0.000	3138.000	190.000	12	11031	0.140	0.469	9.172	35	0	0	0.605	0.055	9	236	3	236	236	1	3	0	0	0	4	0	313	T?/M?	live	0	0	0	650	208.989	400.000	165.171	205	8	259	3	3	236	4	0	0		0	0	0	0	0	0.457	0.483	0.504	0	0.9686	1.0000
3.4	apc.Colossus2 0.12	weak		2	true	35	5996.000	505.000	35	1750.000	0.000	3236.000	499.000	8	11171	0.119	0.432	9.587	35	0	0	0.608	0.122	15	248	2	251	248	1	16	0	0	0	12	0	328	T?/M?	live	0	0	0	650	196.343	400.000	169.171	261	12	253	2	4	240	12	0	0		0	0	0	0	0	0.457	0.465	0.480	0	0.9223	1.0000
3.4	apc.Colossus2 0.12	weak		3	true	35	5974.000	405.000	35	1750.000	0.000	3225.000	404.000	9	11241	0.154	0.496	9.642	35	0	0	0.597	0.101	12	256	2	257	256	0	7	0	0	0	9	0	332	T?/M?	live	0	0	0	650	208.317	400.000	171.171	201	9	264	1	40	254	9	0	0		0	0	0	0	0	0.478	0.531	0.566	0	0.9365	1.0000
3.4	apc.Colossus2 0.12	weak		4	true	35	6059.000	565.000	35	1750.000	0.000	3296.000	564.000	11	11039	0.144	0.485	11.604	35	0	0	0.641	0.140	10	259	2	259	259	2	14	0	0	0	8	0	316	T?/M?	live	0	0	0	650	194.369	400.000	165.400	273	13	259	2	4	253	8	0	0		0	0	0	0	0	0.457	0.477	0.497	0	0.9147	1.0000
3.4	apc.Colossus2 0.12	weak		5	true	35	5937.000	351.000	35	1750.000	0.000	3191.000	349.000	13	11182	0.154	0.487	10.110	35	0	0	0.593	0.097	18	252	0	253	252	3	9	0	0	0	9	0	326	T?/M?	live	0	0	0	650	204.103	400.000	169.486	198	1	262	3	1	247	9	0	0		0	0	0	0	0	0.532	0.548	0.566	0	0.9442	1.0000
3.4	apc.Colossus2 0.12	weak		6	true	35	5966.000	344.000	35	1750.000	0.000	3222.000	344.000	10	11022	0.147	0.489	8.552	35	0	0	0.619	0.097	6	243	1	244	243	5	8	0	0	0	7	0	315	T?/M?	live	0	0	0	650	211.126	400.000	164.914	167	0	270	2	3	242	7	0	0		0	0	0	0	0	0.475	0.492	0.504	0	0.9455	1.0000
3.4	apc.Colossus2 0.12	weak		7	true	35	5914.000	641.000	34	1700.000	50.000	3192.000	538.000	13	11383	0.143	0.465	8.173	35	0	0	0.612	0.424	45	260	0	238	235	4	14	0	0	0	10	0	345	T?/M?	live	0	0	0	650	201.671	400.000	175.229	173	16	253	3	2	231	10	0	0		410	0	0	0	0	0.532	0.545	0.566	0	0.9022	0.9714
3.4	apc.Colossus2 0.12	weak		8	true	35	5992.000	341.000	35	1750.000	0.000	3243.000	341.000	10	10885	0.149	0.485	10.965	35	0	0	0.632	0.106	4	237	0	238	237	0	10	0	0	0	7	0	306	T?/M?	live	0	0	0	650	196.420	400.000	161.000	152	1	255	1	3	237	7	0	0		0	0	0	0	0	0.478	0.531	0.566	0	0.9462	1.0000
3.4	ara.Shera 0.88	weak		1	true	35	3822.000	1144.000	32	1600.000	150.000	1595.000	928.000	12	21061	0.356	0.879	13.008	35	0	0	0.177	0.071	44	982	2	982	982	3	11	0	0	0	95	993	1093	T?/M?	live	0	0	0	650	380.594	400.000	451.743	587	0	244	3	7	982	95	0	0		0	0	0	0	0	0.430	0.463	0.518	0	0.7696	0.9143
3.4	ara.Shera 0.88	weak		2	true	35	3633.000	1143.000	32	1600.000	150.000	1442.000	907.000	14	22902	0.392	0.920	13.740	35	0	0	0.147	0.065	53	1106	3	1106	1106	8	16	0	0	0	114	1205	1241	T?/M?	live	0	0	0	650	408.817	650.000	504.343	994	0	200	2	8	1106	114	0	0		0	0	0	0	0	0.465	0.511	0.566	0	0.7607	0.9143
3.4	ara.Shera 0.88	weak		3	true	35	3856.000	1096.000	32	1600.000	150.000	1627.000	882.000	12	21456	0.389	0.868	12.795	35	0	0	0.169	0.071	44	1003	5	1003	1003	3	15	0	0	0	88	0	1115	T?/M?	live	0	0	0	650	394.009	400.000	463.029	606	0	238	2	1637	1001	88	0	0		0	0	0	0	0	0.353	0.438	0.518	0	0.7787	0.9143
3.4	ara.Shera 0.88	weak		4	true	35	3635.000	1447.000	29	1450.000	300.000	1602.000	1010.000	17	20893	0.436	0.964	14.623	35	0	0	0.172	0.085	46	949	3	950	949	9	24	0	0	0	88	518	1073	T?/M?	live	0	0	0	650	402.469	625.000	446.943	788	0	316	3	8	950	88	0	0		0	0	0	0	0	0.442	0.497	0.533	0	0.7153	0.8286
3.4	ara.Shera 0.88	weak		5	true	35	3710.000	1012.000	32	1600.000	150.000	1500.000	793.000	12	20801	0.411	0.915	13.973	35	0	0	0.149	0.065	9	954	3	954	954	7	11	0	0	0	96	940	1068	T?/M?	live	0	0	0	650	411.009	650.000	444.314	1101	0	126	2	6	954	96	0	0		0	0	0	0	0	0.353	0.439	0.518	0	0.7857	0.9143
3.4	ara.Shera 0.88	weak		6	true	35	3531.000	1494.000	28	1400.000	350.000	1569.000	981.000	15	20990	0.391	0.915	13.345	35	0	0	0.164	0.076	30	973	5	973	973	6	11	0	0	0	91	64	1066	T?/M?	live	0	0	0	650	398.409	650.000	449.714	937	0	241	2	5	968	91	0	0		0	0	0	0	0	0.430	0.487	0.524	0	0.7027	0.8000
3.4	ara.Shera 0.88	weak		7	true	35	3807.000	1173.000	32	1600.000	150.000	1591.000	943.000	14	21177	0.377	0.878	13.796	35	0	0	0.161	0.073	30	948	5	948	948	7	12	0	0	0	92	953	1080	T?/M?	live	0	0	0	650	391.757	650.000	455.057	572	0	194	3	9	946	92	0	0		0	0	0	0	0	0.353	0.438	0.518	0	0.7645	0.9143
3.4	ara.Shera 0.88	weak		8	true	35	3916.000	680.000	35	1750.000	0.000	1513.000	680.000	13	20998	0.391	0.897	14.228	35	0	0	0.149	0.059	15	966	5	966	966	4	10	0	0	0	79	14	1070	T?/M?	live	0	0	0	650	410.451	650.000	449.943	802	0	201	2	1245	966	79	0	0		0	0	0	0	0	0.430	0.482	0.524	0	0.8520	1.0000
3.4	bvh.tyr.Tyr 1.74	weak		1	true	35	5109.000	328.000	35	1750.000	0.000	2505.000	320.000	10	15400	0.225	0.650	10.295	35	0	0	0.301	0.088	9	601	4	601	601	2	8	0	0	0	25	0	603	T?/M?	live	0	0	0	650	376.251	400.000	290.000	315	0	447	3	7	599	25	0	0		0	0	0	0	0	0.447	0.502	0.537	0	0.9397	1.0000
3.4	bvh.tyr.Tyr 1.74	weak		2	true	35	5093.000	303.000	35	1750.000	0.000	2489.000	297.000	11	15555	0.217	0.612	11.557	35	0	0	0.289	0.062	11	613	4	613	613	3	8	0	0	0	40	0	619	T?/M?	live	0	0	0	650	384.546	400.000	294.429	277	4	430	2	6	610	40	0	0		0	0	0	0	0	0.333	0.414	0.498	0	0.9438	1.0000
3.4	bvh.tyr.Tyr 1.74	weak		3	true	35	5047.000	370.000	35	1750.000	0.000	2437.000	355.000	10	15441	0.208	0.616	11.220	35	0	0	0.278	0.090	20	591	2	591	591	3	18	0	0	0	37	0	607	T?/M?	live	0	0	0	650	376.994	400.000	291.171	242	0	454	2	7	586	37	0	0		0	0	0	0	0	0.429	0.481	0.537	1	0.9317	1.0000
3.4	bvh.tyr.Tyr 1.74	weak		4	true	35	5244.000	490.000	35	1750.000	0.000	2599.000	471.000	12	14936	0.233	0.646	10.907	35	0	0	0.297	0.124	23	565	3	565	565	4	13	0	0	0	31	0	573	T?/M?	live	0	0	0	650	376.320	400.000	276.743	385	1	438	2	6	557	31	0	0		0	0	0	0	0	0.374	0.430	0.498	0	0.9145	1.0000
3.4	bvh.tyr.Tyr 1.74	weak		5	true	35	5132.000	488.000	35	1750.000	0.000	2455.000	441.000	10	14950	0.206	0.624	7.601	35	0	0	0.282	0.116	55	561	2	561	561	3	12	0	0	0	30	0	573	T?/M?	live	0	0	0	650	383.337	400.000	277.143	269	1	428	2	5	548	30	0	0		0	0	0	0	0	0.358	0.383	0.398	1	0.9132	1.0000
3.4	bvh.tyr.Tyr 1.74	weak		6	true	35	5047.000	329.000	35	1750.000	0.000	2449.000	319.000	9	15350	0.230	0.645	10.902	35	0	0	0.275	0.091	4	591	1	591	591	4	9	0	0	0	35	0	600	T?/M?	live	0	0	0	650	396.071	400.000	288.571	358	0	447	3	6	583	35	0	0		0	0	0	0	0	0.377	0.419	0.451	1	0.9388	1.0000
3.4	bvh.tyr.Tyr 1.74	weak		7	true	35	5000.000	442.000	34	1700.000	50.000	2463.000	356.000	9	14900	0.172	0.578	7.798	35	0	0	0.287	0.080	12	554	3	554	554	1	10	0	0	0	31	0	569	T?/M?	live	0	0	0	650	371.163	400.000	275.714	266	0	420	2	6	549	31	0	0		0	0	0	0	0	0.358	0.381	0.398	1	0.9188	0.9714
3.4	bvh.tyr.Tyr 1.74	weak		8	true	35	5070.000	322.000	35	1750.000	0.000	2473.000	310.000	8	15319	0.209	0.634	11.177	35	0	0	0.279	0.066	8	598	2	598	598	2	12	0	0	0	38	525	601	T?/M?	live	0	0	0	650	387.480	400.000	287.686	356	0	442	1	60	595	38	0	0		0	0	0	0	0	0.377	0.419	0.451	1	0.9403	1.0000
3.4	com.syncleus.robocode.Dreadnaught 0.1	weak		1	true	35	6015.000	822.000	35	1750.000	0.000	3248.000	822.000	13	10740	0.162	0.506	8.218	35	0	0	0.689	0.389	9	261	3	243	243	4	8	0	0	0	11	0	308	T?/M?	live	0	0	0	650	178.997	400.000	156.857	245	0	223	3	2	227	11	0	0		407	0	0	0	0	0.525	0.535	0.542	0	0.8798	1.0000
3.4	com.syncleus.robocode.Dreadnaught 0.1	weak		2	true	35	5951.000	660.000	35	1750.000	0.000	3210.000	660.000	10	10430	0.143	0.496	8.518	35	0	0	0.699	0.176	6	248	2	249	248	3	5	0	0	0	7	0	287	T?/M?	live	0	0	0	650	171.189	400.000	148.000	293	1	220	2	3	237	7	0	0		0	0	0	0	0	0.456	0.483	0.504	0	0.9002	1.0000
3.4	com.syncleus.robocode.Dreadnaught 0.1	weak		3	true	35	5827.000	442.000	35	1750.000	0.000	3106.000	442.000	12	10114	0.139	0.479	9.595	35	0	0	0.699	0.120	8	229	3	229	229	0	8	0	0	0	4	0	265	T?/M?	live	0	0	0	650	174.734	400.000	138.971	231	0	215	1	4	220	4	0	0		0	0	0	0	0	0.525	0.533	0.540	0	0.9295	1.0000
3.4	com.syncleus.robocode.Dreadnaught 0.1	weak		4	true	35	6047.000	821.000	35	1750.000	0.000	3272.000	816.000	11	10310	0.153	0.507	9.921	35	0	0	0.721	0.212	25	240	2	240	240	3	13	0	0	0	6	0	279	T?/M?	live	0	0	0	650	161.134	400.000	144.571	219	0	218	2	4	224	6	0	0		0	0	0	0	0	0.482	0.515	0.542	0	0.8805	1.0000
3.4	com.syncleus.robocode.Dreadnaught 0.1	weak		5	true	35	5928.000	735.000	35	1750.000	0.000	3176.000	730.000	13	10591	0.149	0.521	8.731	35	0	0	0.666	0.180	21	261	2	261	260	2	13	0	0	0	7	0	296	T?/M?	live	0	0	0	650	187.474	400.000	152.600	255	0	235	2	4	242	7	0	0		0	0	0	0	0	0.525	0.534	0.544	0	0.8897	1.0000
3.4	com.syncleus.robocode.Dreadnaught 0.1	weak		6	true	35	5998.000	725.000	35	1750.000	0.000	3248.000	720.000	11	10243	0.153	0.508	9.203	35	0	0	0.721	0.187	10	234	1	234	234	3	8	0	0	0	6	0	274	T?/M?	live	0	0	0	650	166.217	400.000	142.657	274	0	212	2	4	224	6	0	0		0	0	0	0	0	0.504	0.527	0.542	0	0.8922	1.0000
3.4	com.syncleus.robocode.Dreadnaught 0.1	weak		7	true	35	5886.000	586.000	35	1750.000	0.000	3154.000	586.000	10	10234	0.143	0.504	8.860	35	0	0	0.696	0.140	7	243	1	243	243	2	8	0	0	0	4	0	273	T?/M?	live	0	0	0	650	177.220	400.000	142.400	220	0	218	3	3	237	4	0	0		0	0	0	0	0	0.520	0.530	0.544	0	0.9095	1.0000
3.4	com.syncleus.robocode.Dreadnaught 0.1	weak		8	true	35	5961.000	644.000	35	1750.000	0.000	3186.000	634.000	11	10171	0.160	0.534	10.342	35	0	0	0.701	0.163	30	237	0	237	237	1	12	0	0	0	5	0	268	T?/M?	live	0	0	0	650	172.751	400.000	140.600	250	0	218	2	3	225	5	0	0		0	0	0	0	0	0.534	0.539	0.542	0	0.9025	1.0000
3.4	davidalves.Firebird 0.25	mid		1	true	35	2636.000	1682.000	26	1300.000	450.000	918.000	1046.000	10	32405	0.642	1.148	20.129	35	0	0	0.088	0.066	83	1758	4	1758	1758	2	9	0	0	0	140	619	2065	T?/M?	live	0	0	0	650	476.240	650.000	775.857	268	2	0	2	9	1757	140	0	0		0	0	0	0	0	0.333	0.410	0.490	1	0.6105	0.7429
3.4	davidalves.Firebird 0.25	mid		2	true	35	2934.000	1518.000	29	1450.000	300.000	1014.000	1080.000	11	33337	0.643	1.156	19.725	35	0	0	0.090	0.068	79	1742	4	1742	1742	4	22	0	0	0	157	1915	2163	T?/M?	live	0	0	0	650	481.186	650.000	802.486	428	0	0	2	13	1742	157	0	0		0	0	0	0	0	0.422	0.459	0.530	1	0.6590	0.8286
3.4	davidalves.Firebird 0.25	mid		3	true	35	2784.000	1664.000	28	1400.000	350.000	939.000	1160.000	11	34934	0.649	1.141	19.573	35	0	0	0.091	0.067	79	1872	0	1879	1872	3	22	0	0	0	159	353	2254	T?/M?	live	0	0	0	650	476.717	650.000	848.114	173	25	0	2	10	1835	159	0	0		0	0	0	0	0	0.317	0.397	0.490	1	0.6259	0.8000
3.4	davidalves.Firebird 0.25	mid		4	true	35	3093.000	1375.000	31	1550.000	200.000	1041.000	1085.000	10	32976	0.666	1.162	19.121	35	0	0	0.096	0.073	81	1729	1	1729	1729	3	17	0	0	0	161	105	2121	T?/M?	live	0	0	0	650	467.357	650.000	792.171	202	31	0	3	10	1729	161	0	0		0	0	0	0	0	0.333	0.441	0.530	0	0.6923	0.8857
3.4	davidalves.Firebird 0.25	mid		5	true	35	2849.000	1712.000	27	1350.000	400.000	1040.000	1140.000	12	31969	0.665	1.155	21.227	35	0	0	0.092	0.077	74	1720	3	1720	1720	4	16	0	0	0	157	950	2039	T?/M?	live	0	0	0	650	476.246	650.000	763.400	518	7	3	2	8	1720	157	0	0		0	0	0	0	0	0.317	0.410	0.490	1	0.6246	0.7714
3.4	davidalves.Firebird 0.25	mid		6	true	35	2705.000	1748.000	27	1350.000	400.000	921.000	1189.000	10	35244	0.643	1.130	20.171	35	0	0	0.092	0.075	103	1866	1	1866	1866	1	20	0	0	0	170	1416	2323	T?/M?	live	0	0	0	650	470.751	650.000	856.971	266	50	0	2	11	1865	170	0	0		0	0	0	0	0	0.333	0.405	0.463	1	0.6075	0.7714
3.4	davidalves.Firebird 0.25	mid		7	true	35	2721.000	1856.000	28	1400.000	350.000	880.000	1345.000	13	33923	0.628	1.139	19.449	35	0	0	0.088	0.082	89	1786	1	1788	1786	5	16	0	0	0	181	1960	2219	T?/M?	live	0	0	0	650	473.611	650.000	819.229	219	53	0	3	12	1776	181	0	0		0	0	0	0	0	0.317	0.413	0.490	1	0.5945	0.8000
3.4	davidalves.Firebird 0.25	mid		8	true	35	2853.000	1620.000	29	1450.000	300.000	945.000	1186.000	14	34884	0.631	1.125	19.246	35	0	0	0.084	0.073	83	1831	2	1831	1831	5	13	0	0	0	154	1556	2293	T?/M?	live	0	0	0	650	475.651	650.000	846.686	159	0	2	2	14	1831	154	0	0		0	0	0	0	0	0.333	0.408	0.470	1	0.6378	0.8286
3.4	dcs.Eater_of_Worlds_Mini 1.0	weak		1	true	35	4912.000	111.000	35	1750.000	0.000	2343.000	110.000	9	15922	0.190	0.566	8.359	35	0	0	0.255	0.022	1	611	2	611	611	2	3	0	0	0	34	0	639	T?/M?	live	0	0	0	650	353.180	400.000	304.914	380	104	458	3	3	611	34	0	0		0	0	0	0	0	0.436	0.463	0.495	0	0.9779	1.0000
3.4	dcs.Eater_of_Worlds_Mini 1.0	weak		2	true	35	4969.000	173.000	35	1750.000	0.000	2358.000	154.000	11	15590	0.179	0.543	8.720	35	0	0	0.265	0.031	30	602	3	603	602	4	7	0	0	0	25	0	613	T?/M?	live	0	0	0	650	331.283	400.000	295.429	503	123	467	2	4	599	25	0	0		0	0	0	0	0	0.443	0.468	0.499	0	0.9664	1.0000
3.4	dcs.Eater_of_Worlds_Mini 1.0	weak		3	true	35	4744.000	59.000	35	1750.000	0.000	2203.000	59.000	7	16860	0.188	0.561	11.207	35	0	0	0.232	0.011	7	662	3	662	662	1	9	0	0	0	43	634	712	T?/M?	live	0	0	0	650	358.786	400.000	331.714	557	197	469	1	137	661	43	0	0		0	0	0	0	0	0.418	0.433	0.457	0	0.9877	1.0000
3.4	dcs.Eater_of_Worlds_Mini 1.0	weak		4	true	35	4830.000	41.000	35	1750.000	0.000	2272.000	40.000	12	16103	0.208	0.585	10.346	35	0	0	0.238	0.006	3	623	2	623	623	2	8	0	0	0	40	0	648	T?/M?	live	0	0	0	650	358.014	400.000	310.086	474	65	478	2	3	622	40	0	0		0	0	0	0	0	0.450	0.477	0.499	0	0.9916	1.0000
3.4	dcs.Eater_of_Worlds_Mini 1.0	weak		5	true	35	4689.000	52.000	35	1750.000	0.000	2158.000	52.000	11	17235	0.217	0.608	10.011	35	0	0	0.234	0.010	4	685	2	685	685	3	8	0	0	0	46	648	745	T?/M?	live	0	0	0	650	358.497	400.000	342.429	592	140	382	3	5	684	46	0	0		0	0	0	0	0	0.525	0.535	0.542	0	0.9890	1.0000
3.4	dcs.Eater_of_Worlds_Mini 1.0	weak		6	true	35	4892.000	61.000	35	1750.000	0.000	2327.000	60.000	10	15879	0.188	0.568	9.535	35	0	0	0.245	0.011	4	600	2	600	600	1	18	0	0	0	30	0	632	T?/M?	live	0	0	0	650	362.926	400.000	303.686	379	186	480	2	6	599	30	0	0		0	0	0	0	0	0.421	0.456	0.489	0	0.9877	1.0000
3.4	dcs.Eater_of_Worlds_Mini 1.0	weak		7	true	35	4819.000	98.000	35	1750.000	0.000	2266.000	97.000	12	16506	0.209	0.589	11.768	35	0	0	0.233	0.020	5	644	2	645	644	2	5	0	0	0	48	529	676	T?/M?	live	0	0	0	650	342.074	400.000	321.600	583	170	489	2	5	643	48	0	0		0	0	0	0	0	0.520	0.532	0.544	0	0.9801	1.0000
3.4	dcs.Eater_of_Worlds_Mini 1.0	weak		8	true	35	4974.000	184.000	35	1750.000	0.000	2368.000	167.000	10	15847	0.187	0.551	9.033	35	0	0	0.270	0.032	23	603	2	603	603	0	14	0	0	0	37	321	639	T?/M?	live	0	0	0	650	349.723	400.000	302.771	439	147	456	1	11	596	37	0	0		0	0	0	0	0	0.435	0.483	0.534	0	0.9643	1.0000
3.4	dft.Immortal 1.40	mid		1	true	35	3211.000	1147.000	32	1600.000	150.000	1083.000	942.000	14	30881	0.501	0.950	15.861	35	0	0	0.099	0.061	66	1548	1	1548	1548	5	14	0	0	0	160	1849	1930	T?/M?	live	0	0	0	650	510.726	650.000	732.314	412	0	0	2	10	1548	160	0	0		0	0	0	0	0	0.329	0.464	0.565	0	0.7368	0.9143
3.4	dft.Immortal 1.40	mid		2	true	35	3281.000	1537.000	30	1500.000	250.000	1259.000	1177.000	11	29583	0.504	0.977	15.034	35	0	0	0.115	0.079	68	1512	1	1512	1512	2	20	0	0	0	141	563	1816	T?/M?	live	0	0	0	650	499.954	650.000	695.229	522	2	20	2	8	1512	141	0	0		0	0	0	0	0	0.353	0.456	0.524	0	0.6810	0.8571
3.4	dft.Immortal 1.40	mid		3	true	35	3331.000	1290.000	31	1550.000	200.000	1238.000	997.000	11	27240	0.491	0.945	15.283	35	0	0	0.109	0.073	35	1405	1	1405	1405	2	23	0	0	0	142	1536	1593	T?/M?	live	0	0	0	650	495.120	650.000	628.286	507	0	11	2	1129	1405	142	0	0		0	0	0	0	0	0.329	0.474	0.565	0	0.7208	0.8857
3.4	dft.Immortal 1.40	mid		4	true	35	3144.000	1496.000	29	1450.000	300.000	1190.000	1087.000	10	30224	0.465	0.963	14.289	34	0	0	0.117	0.070	88	1530	0	1531	1530	11	19	0	0	0	174	1612	1776	T?/M?	live	0	0	0	650	500.188	650.000	708.588	413	4	8	3	10	1470	174	0	0		0	0	0	1	1	0.353	0.456	0.524	0	0.6776	0.8286
3.4	dft.Immortal 1.40	mid		5	true	35	3631.000	945.000	34	1700.000	50.000	1331.000	874.000	11	28297	0.467	0.959	14.597	35	0	0	0.120	0.065	51	1400	1	1401	1400	5	12	0	0	0	153	1628	1688	T?/M?	live	0	0	0	650	498.914	650.000	658.486	567	6	65	2	6	1397	153	0	0		0	0	0	0	0	0.390	0.474	0.545	0	0.7935	0.9714
3.4	dft.Immortal 1.40	mid		6	true	35	3262.000	1280.000	31	1550.000	200.000	1185.000	991.000	13	28905	0.480	0.946	14.957	35	0	0	0.104	0.067	48	1484	0	1484	1484	4	16	0	0	0	172	1660	1732	T?/M?	live	0	0	0	650	505.360	650.000	675.857	386	0	0	3	11	1481	172	0	0		0	0	0	0	0	0.329	0.468	0.565	0	0.7182	0.8857
3.4	dft.Immortal 1.40	mid		7	true	35	3491.000	790.000	34	1700.000	50.000	1216.000	718.000	11	28346	0.407	0.820	15.779	35	0	0	0.102	0.050	27	1407	0	1409	1407	4	15	0	0	0	137	321	1691	T?/M?	live	0	0	0	650	499.614	650.000	659.886	383	1	12	2	9	1409	137	0	0		0	0	0	0	0	0.389	0.479	0.545	0	0.8155	0.9714
3.4	dft.Immortal 1.40	mid		8	true	35	3177.000	1350.000	31	1500.000	200.000	1166.000	1076.000	12	31560	0.490	0.967	15.987	35	0	0	0.106	0.071	70	1524	1	1531	1524	4	15	0	0	0	159	1702	1893	T?/M?	live	0	0	0	650	513.003	650.000	751.714	381	51	0	2	9	1529	159	0	0		0	0	0	0	0	0.329	0.475	0.565	0	0.7018	0.8824
3.4	dk.stable.Gorgatron 1.1	weak		1	true	35	4813.000	654.000	35	1750.000	0.000	2261.000	654.000	14	15362	0.390	0.974	14.991	35	0	0	0.265	0.079	6	530	3	540	530	2	8	0	0	0	45	0	609	T?/M?	live	0	0	0	650	386.397	400.000	288.914	523	175	427	2	3	539	45	0	0		0	0	0	0	0	0.450	0.485	0.519	1	0.8804	1.0000
3.4	dk.stable.Gorgatron 1.1	weak		2	true	35	4881.000	563.000	35	1750.000	0.000	2307.000	560.000	11	14837	0.334	0.915	15.186	35	0	0	0.287	0.069	8	501	3	509	501	3	9	0	0	0	45	0	572	T?/M?	live	0	0	0	650	348.474	400.000	273.914	500	216	416	2	4	506	45	0	0		0	0	0	0	0	0.435	0.464	0.488	0	0.8966	1.0000
3.4	dk.stable.Gorgatron 1.1	weak		3	true	35	4739.000	511.000	35	1750.000	0.000	2199.000	511.000	15	15123	0.360	0.884	14.958	35	0	0	0.281	0.054	10	527	2	533	527	4	7	0	0	0	48	0	595	T?/M?	live	0	0	0	650	386.231	400.000	282.086	485	162	412	2	242	532	48	0	0		0	0	0	0	0	0.459	0.495	0.519	1	0.9027	1.0000
3.4	dk.stable.Gorgatron 1.1	weak		4	true	35	4720.000	550.000	35	1750.000	0.000	2164.000	533.000	11	15453	0.354	0.888	15.961	35	0	0	0.260	0.069	11	536	4	544	536	5	11	0	0	0	53	0	610	T?/M?	live	0	0	0	650	392.146	400.000	291.514	363	139	442	2	4	543	53	0	0		0	0	0	0	0	0.443	0.466	0.488	0	0.8956	1.0000
3.4	dk.stable.Gorgatron 1.1	weak		5	true	35	4236.000	640.000	33	1650.000	100.000	1881.000	485.000	16	16046	0.340	0.868	14.061	35	0	0	0.201	0.157	5	580	2	567	556	5	13	0	0	0	55	594	655	T?/M?	live	0	0	0	650	385.791	400.000	308.457	725	106	441	3	1	566	53	0	0		406	0	0	0	0	0.459	0.508	0.542	1	0.8687	0.9429
3.4	dk.stable.Gorgatron 1.1	weak		6	true	35	5062.000	757.000	34	1700.000	50.000	2494.000	647.000	13	13722	0.283	0.798	14.357	35	0	0	0.364	0.201	25	438	3	410	407	4	13	0	0	0	24	0	503	T?/M?	live	0	0	0	650	336.957	400.000	242.057	377	123	344	3	3	408	21	0	0		522	0	0	0	0	0.459	0.487	0.519	0	0.8699	0.9714
3.4	dk.stable.Gorgatron 1.1	weak		7	true	35	4719.000	534.000	35	1750.000	0.000	2168.000	522.000	13	15465	0.323	0.880	14.626	35	0	0	0.262	0.062	19	535	3	545	535	4	10	0	0	0	46	171	617	T?/M?	live	0	0	0	650	387.509	400.000	291.857	405	264	442	3	5	541	46	0	0		0	0	0	0	0	0.426	0.457	0.498	1	0.8983	1.0000
3.4	dk.stable.Gorgatron 1.1	weak		8	true	35	4830.000	365.000	35	1750.000	0.000	2274.000	361.000	11	14371	0.314	0.837	14.697	35	0	0	0.321	0.053	4	476	6	479	476	1	11	0	0	0	50	0	539	T?/M?	live	0	0	0	650	358.980	400.000	260.600	444	175	372	2	156	477	50	0	0		0	0	0	0	0	0.482	0.515	0.542	1	0.9297	1.0000
3.4	dmh.robocode.robot.PinkPanther 1.1	weak		1	true	35	3032.000	965.000	32	1600.000	150.000	933.000	746.000	17	24384	0.498	1.009	14.453	35	0	0	0.089	0.044	27	1181	29	1181	1181	9	7	0	0	0	95	200	1383	T?/M?	live	0	0	0	650	617.151	575.000	546.686	689	132	0	2	7	1172	95	0	0		0	0	0	0	0	0.355	0.427	0.505	0	0.7586	0.9143
3.4	dmh.robocode.robot.PinkPanther 1.1	weak		2	true	35	2852.000	1480.000	29	1450.000	300.000	936.000	1052.000	12	25456	0.540	1.078	14.253	35	0	0	0.099	0.060	46	1254	53	1254	1254	6	12	0	0	0	101	1441	1481	T?/M?	live	0	0	0	650	615.363	650.000	577.314	954	222	46	2	11	1248	101	0	0		0	0	0	0	0	0.389	0.472	0.545	0	0.6584	0.8286
3.4	dmh.robocode.robot.PinkPanther 1.1	weak		3	true	35	2900.000	1273.000	31	1550.000	200.000	877.000	977.000	13	25414	0.453	1.014	13.553	35	0	0	0.091	0.057	34	1253	40	1253	1253	6	15	0	0	0	89	650	1490	T?/M?	live	0	0	0	650	610.171	650.000	576.114	604	191	6	2	15	1253	87	0	0		0	0	0	0	0	0.389	0.447	0.505	0	0.6949	0.8857
3.4	dmh.robocode.robot.PinkPanther 1.1	weak		4	true	35	3132.000	1161.000	31	1550.000	200.000	1076.000	870.000	15	23480	0.495	1.004	14.233	35	0	0	0.108	0.048	28	1120	40	1120	1120	3	11	0	0	0	94	1163	1320	T?/M?	live	0	0	0	650	618.346	650.000	520.857	657	126	38	3	8	1120	94	0	0		0	0	0	0	0	0.389	0.466	0.537	0	0.7296	0.8857
3.4	dmh.robocode.robot.PinkPanther 1.1	weak		5	true	35	3127.000	1008.000	33	1650.000	100.000	959.000	863.000	17	25421	0.491	1.026	15.040	35	0	0	0.089	0.049	28	1272	22	1272	1272	9	8	0	0	0	112	1074	1491	T?/M?	live	0	0	0	650	621.783	650.000	576.314	911	160	0	2	9	1272	111	0	0		0	0	0	0	0	0.355	0.421	0.505	0	0.7562	0.9429
3.4	dmh.robocode.robot.PinkPanther 1.1	weak		6	true	35	2884.000	1472.000	30	1500.000	250.000	913.000	1103.000	10	25428	0.500	1.019	13.843	35	0	0	0.094	0.054	54	1249	45	1249	1249	3	13	0	0	0	86	0	1487	T?/M?	live	0	0	0	650	610.766	650.000	576.514	543	89	1	2	9	1243	86	0	0		0	0	0	0	0	0.389	0.454	0.531	0	0.6621	0.8571
3.4	dmh.robocode.robot.PinkPanther 1.1	weak		7	true	35	3042.000	1239.000	31	1550.000	200.000	994.000	951.000	12	24532	0.474	0.992	14.772	35	0	0	0.100	0.052	30	1193	40	1193	1193	5	6	0	0	0	106	859	1402	T?/M?	live	0	0	0	650	595.629	650.000	550.914	1002	152	19	3	10	1188	106	0	0		0	0	0	0	0	0.355	0.420	0.505	0	0.7106	0.8857
3.4	dmh.robocode.robot.PinkPanther 1.1	weak		8	true	35	3173.000	1355.000	28	1400.000	350.000	1266.000	849.000	9	21391	0.388	0.896	13.975	35	0	0	0.132	0.051	16	997	45	978	978	1	15	0	0	0	70	0	1135	T?/M?	live	0	0	0	650	543.549	400.000	461.171	778	0	86	2	9	978	70	0	0		0	0	0	0	0	0.389	0.454	0.531	0	0.7008	0.8000
3.4	dz.Caedo 1.4	weak		1	true	35	5072.000	1002.000	32	1600.000	150.000	2658.000	789.000	6	22473	0.349	0.886	15.157	34	0	0	0.205	0.124	13	1071	4	1071	1071	2	20	0	0	0	74	640	1074	T?/M?	live	0	0	0	650	303.968	650.000	492.206	491	0	501	2	7	1035	74	0	0		0	0	0	1	1	0.442	0.508	0.565	1	0.8350	0.9143
3.4	dz.Caedo 1.4	weak		2	true	35	5155.000	859.000	32	1600.000	150.000	2716.000	647.000	13	22715	0.351	0.899	13.851	35	0	0	0.193	0.140	12	1106	0	1106	1106	5	29	0	0	0	74	0	1104	T?/M?	live	0	0	0	650	316.854	650.000	499.000	419	11	582	3	7	1098	74	0	0		0	0	0	0	0	0.393	0.500	0.550	1	0.8572	0.9143
3.4	dz.Caedo 1.4	weak		3	true	35	5535.000	509.000	35	1750.000	0.000	2863.000	509.000	9	20687	0.354	0.882	15.654	35	0	0	0.221	0.134	9	976	0	976	976	0	18	0	0	0	49	0	977	T?/M?	live	0	0	0	650	311.063	650.000	441.057	348	24	589	1	1211	976	49	0	0		0	0	0	0	0	0.459	0.516	0.565	1	0.9158	1.0000
3.4	dz.Caedo 1.4	weak		4	true	35	5054.000	943.000	32	1600.000	150.000	2641.000	730.000	12	23327	0.351	0.904	14.208	35	0	0	0.182	0.120	13	1124	2	1125	1124	4	21	0	0	0	77	796	1159	T?/M?	live	0	0	0	650	318.877	650.000	516.486	367	10	593	3	6	1121	76	0	0		0	0	0	0	0	0.393	0.500	0.550	1	0.8428	0.9143
3.4	dz.Caedo 1.4	weak		5	true	35	5340.000	800.000	33	1650.000	100.000	2819.000	649.000	14	19973	0.338	0.869	11.336	35	0	0	0.219	0.147	1	918	3	882	881	6	26	0	0	0	67	762	934	T?/M?	live	0	0	0	650	324.254	650.000	420.657	685	3	535	3	7	882	63	0	0		612	0	0	0	0	0.459	0.516	0.565	1	0.8697	0.9429
3.4	dz.Caedo 1.4	weak		6	true	35	4859.000	1037.000	30	1500.000	250.000	2596.000	694.000	12	22543	0.336	0.876	15.009	35	0	0	0.199	0.123	13	1073	2	1073	1073	2	22	0	0	0	72	0	1090	T?/M?	live	0	0	0	650	314.509	650.000	494.086	518	0	553	2	8	1063	72	0	0		0	0	0	0	0	0.393	0.499	0.550	1	0.8241	0.8571
3.4	dz.Caedo 1.4	weak		7	true	35	5044.000	949.000	31	1550.000	200.000	2692.000	671.000	18	23406	0.357	0.892	14.721	35	0	0	0.185	0.124	12	1146	2	1146	1146	9	27	0	0	0	86	180	1153	T?/M?	live	0	0	0	650	319.551	650.000	518.743	450	0	549	3	7	1132	86	0	0		0	0	0	0	0	0.442	0.505	0.565	1	0.8416	0.8857
3.4	dz.Caedo 1.4	weak		8	true	35	5046.000	915.000	33	1650.000	100.000	2573.000	774.000	9	24501	0.339	0.849	14.794	35	0	0	0.178	0.127	14	1192	5	1193	1192	2	21	0	0	0	91	1197	1273	T?/M?	live	0	0	0	650	314.126	650.000	550.029	488	36	456	2	948	1192	91	0	0		0	0	0	0	0	0.393	0.500	0.553	1	0.8465	0.9429
3.4	element.Earth 1.1	weak		1	true	35	4376.000	779.000	34	1700.000	50.000	1947.000	713.000	10	21827	0.296	0.768	12.901	35	0	0	0.189	0.077	18	1116	1	1116	1116	2	10	0	0	0	105	1007	1091	T?/M?	live	0	0	0	650	378.920	400.000	473.629	560	226	368	2	5	1116	105	0	0		0	0	0	0	0	0.426	0.470	0.530	1	0.8489	0.9714
3.4	element.Earth 1.1	weak		2	true	35	3712.000	1371.000	29	1450.000	300.000	1671.000	942.000	19	24271	0.359	0.871	12.986	35	0	0	0.165	0.250	39	1279	7	1255	1255	10	19	0	0	0	113	919	1309	T?/M?	live	0	0	0	650	367.603	400.000	543.457	463	262	227	3	7	1245	113	0	0		345	0	0	0	0	0.448	0.506	0.542	1	0.7303	0.8286
3.4	element.Earth 1.1	weak		3	true	35	3938.000	1151.000	31	1550.000	200.000	1752.000	871.000	3	24012	0.370	0.855	14.405	34	0	0	0.164	0.077	20	1262	4	1262	1262	2	15	0	0	0	100	235	1246	T?/M?	live	0	0	0	650	413.126	550.000	530.529	540	307	146	1	892	1213	100	0	0		0	0	0	1	1	0.426	0.472	0.530	0	0.7738	0.8857
3.4	element.Earth 1.1	weak		4	true	35	3726.000	1226.000	31	1550.000	200.000	1551.000	916.000	15	24637	0.385	0.897	13.771	35	0	0	0.154	0.191	53	1300	2	1283	1283	7	13	0	0	0	124	1119	1337	T?/M?	live	0	0	0	650	398.554	575.000	553.914	215	430	249	3	8	1269	124	0	0		258	0	0	0	0	0.426	0.491	0.542	1	0.7524	0.8857
3.4	element.Earth 1.1	weak		5	true	35	3503.000	1400.000	28	1400.000	350.000	1543.000	907.000	12	24574	0.352	0.837	13.777	35	0	0	0.169	0.074	47	1306	3	1306	1306	6	18	0	0	0	103	935	1356	T?/M?	live	0	0	0	650	373.983	400.000	552.114	333	254	173	2	9	1305	103	0	0		0	0	0	0	0	0.422	0.471	0.530	0	0.7145	0.8000
3.4	element.Earth 1.1	weak		6	true	35	3701.000	1334.000	28	1400.000	350.000	1712.000	853.000	13	23975	0.389	0.900	13.357	35	0	0	0.163	0.079	44	1261	5	1261	1261	4	15	0	0	0	112	1175	1282	T?/M?	live	0	0	0	650	413.511	600.000	535.000	487	348	318	2	8	1259	112	0	0		0	0	0	0	0	0.426	0.488	0.542	1	0.7351	0.8000
3.4	element.Earth 1.1	weak		7	true	35	4274.000	1033.000	32	1600.000	150.000	1948.000	793.000	13	21725	0.320	0.813	13.978	35	0	0	0.203	0.080	39	1102	5	1102	1102	4	17	0	0	0	98	723	1106	T?/M?	live	0	0	0	650	355.831	400.000	470.714	433	246	289	3	6	1101	98	0	0		0	0	0	0	0	0.427	0.477	0.530	0	0.8054	0.9143
3.4	element.Earth 1.1	weak		8	true	35	3652.000	1442.000	29	1450.000	300.000	1616.000	1026.000	4	25080	0.366	0.874	14.428	34	0	0	0.168	0.088	68	1340	2	1340	1340	2	23	0	0	0	111	0	1324	T?/M?	live	0	0	0	650	376.515	400.000	560.000	328	255	328	2	3103	1285	111	0	0		0	0	0	1	1	0.426	0.486	0.542	1	0.7169	0.8286
3.4	ethdsy.Malacka 2.4	weak		1	true	35	5529.000	389.000	35	1750.000	0.000	2857.000	385.000	10	12750	0.166	0.533	10.058	35	0	0	0.425	0.083	22	394	4	394	394	6	8	0	0	0	22	0	428	T?/M?	live	0	0	0	650	251.114	400.000	214.286	316	1	318	2	2	393	22	0	0		0	0	0	0	0	0.446	0.474	0.496	0	0.9343	1.0000
3.4	ethdsy.Malacka 2.4	weak		2	true	35	5544.000	315.000	35	1750.000	0.000	2866.000	312.000	12	12484	0.181	0.570	9.513	35	0	0	0.446	0.078	19	409	4	411	408	1	12	0	0	0	21	0	412	T?/M?	live	0	0	0	650	272.029	400.000	206.686	321	23	300	2	6	410	21	0	0		0	0	0	0	0	0.509	0.540	0.565	0	0.9462	1.0000
3.4	ethdsy.Malacka 2.4	weak		3	true	35	5550.000	353.000	35	1750.000	0.000	2872.000	347.000	8	12979	0.157	0.522	9.274	35	0	0	0.435	0.079	28	390	2	391	390	0	18	0	0	0	18	0	449	T?/M?	live	0	0	0	650	262.269	400.000	220.829	322	44	326	1	57	389	18	0	0		0	0	0	0	0	0.446	0.474	0.496	0	0.9402	1.0000
3.4	ethdsy.Malacka 2.4	weak		4	true	35	5478.000	293.000	35	1750.000	0.000	2815.000	290.000	11	12376	0.149	0.540	9.127	35	0	0	0.455	0.065	22	388	1	389	388	5	8	0	0	0	26	0	407	T?/M?	live	0	0	0	650	250.903	400.000	203.600	350	37	285	2	4	389	26	0	0		0	0	0	0	0	0.509	0.540	0.565	0	0.9492	1.0000
3.4	ethdsy.Malacka 2.4	weak		5	true	35	5535.000	385.000	35	1750.000	0.000	2854.000	377.000	11	12368	0.171	0.528	8.761	35	0	0	0.476	0.083	18	395	2	396	395	3	15	0	0	0	28	0	406	T?/M?	live	0	0	0	650	241.103	400.000	203.371	328	0	300	2	3	390	28	0	0		0	0	0	0	0	0.390	0.486	0.545	0	0.9350	1.0000
3.4	ethdsy.Malacka 2.4	weak		6	true	35	5512.000	423.000	35	1750.000	0.000	2833.000	412.000	9	13241	0.178	0.536	9.849	35	0	0	0.431	0.082	26	447	1	447	447	3	9	0	0	0	29	0	462	T?/M?	live	0	0	0	650	262.117	400.000	228.314	392	0	339	2	2	443	29	0	0		0	0	0	0	0	0.329	0.414	0.454	0	0.9287	1.0000
3.4	ethdsy.Malacka 2.4	weak		7	true	35	5493.000	246.000	35	1750.000	0.000	2820.000	242.000	11	12503	0.178	0.571	9.712	35	0	0	0.437	0.058	22	406	3	406	406	3	10	0	0	0	22	0	415	T?/M?	live	0	0	0	650	266.714	400.000	207.229	283	8	298	3	4	406	22	0	0		0	0	0	0	0	0.390	0.494	0.545	0	0.9571	1.0000
3.4	ethdsy.Malacka 2.4	weak		8	true	35	5575.000	321.000	35	1750.000	0.000	2896.000	319.000	8	12030	0.157	0.520	8.431	35	0	0	0.498	0.071	10	364	2	364	364	0	12	0	0	0	20	365	385	T?/M?	live	0	0	0	650	248.863	400.000	193.714	398	0	273	1	3	363	20	0	0		0	0	0	0	0	0.329	0.414	0.454	0	0.9456	1.0000
3.4	jcs.AutoBot 4.2.1	weak		1	true	35	4237.000	1820.000	30	1500.000	250.000	1818.000	1096.000	14	20054	0.496	1.073	14.663	35	0	0	0.278	0.257	210	942	3	934	934	4	28	0	0	0	96	837	1007	T?/M?	live	0	0	0	650	373.077	650.000	422.971	384	69	219	3	7	920	96	0	0		118	0	0	0	0	0.397	0.468	0.530	0	0.6995	0.8571
3.4	jcs.AutoBot 4.2.1	weak		2	true	35	4252.000	857.000	34	1700.000	50.000	1846.000	783.000	12	21317	0.509	1.125	13.560	35	0	0	0.208	0.096	34	1039	6	1039	1039	3	16	0	0	0	96	562	1093	T?/M?	live	0	0	0	650	374.480	400.000	459.057	708	52	285	2	5	1035	95	0	0		0	0	0	0	0	0.382	0.474	0.546	0	0.8323	0.9714
3.4	jcs.AutoBot 4.2.1	weak		3	true	35	3333.000	1898.000	25	1250.000	500.000	1507.000	1085.000	12	22357	0.575	1.169	14.157	35	0	0	0.200	0.111	132	1079	5	1080	1079	2	19	0	0	0	104	1166	1200	T?/M?	live	0	0	0	650	440.357	650.000	488.771	443	47	236	2	1940	1076	103	0	0		0	0	0	0	0	0.397	0.465	0.530	0	0.6372	0.7143
3.4	jcs.AutoBot 4.2.1	weak		4	true	35	3626.000	1262.000	31	1550.000	200.000	1480.000	970.000	19	24151	0.598	1.168	14.764	35	0	0	0.145	0.079	32	1226	5	1226	1226	10	18	0	0	0	91	0	1343	T?/M?	live	0	0	0	650	445.200	650.000	540.029	628	38	129	3	8	1226	91	0	0		0	0	0	0	0	0.382	0.466	0.546	0	0.7418	0.8857
3.4	jcs.AutoBot 4.2.1	weak		5	true	35	4103.000	1356.000	30	1500.000	250.000	1908.000	937.000	13	20479	0.443	1.052	14.566	35	0	0	0.231	0.116	65	979	9	979	979	4	19	0	0	0	85	1004	1039	T?/M?	live	0	0	0	650	368.729	400.000	435.114	676	36	272	3	5	970	85	0	0		0	0	0	0	0	0.403	0.464	0.530	0	0.7516	0.8571
3.4	jcs.AutoBot 4.2.1	weak		6	true	35	4301.000	1183.000	33	1650.000	100.000	1893.000	993.000	12	22107	0.563	1.213	13.720	35	0	0	0.217	0.126	69	1086	6	1086	1086	3	16	0	0	0	107	730	1169	T?/M?	live	0	0	0	650	420.011	650.000	481.629	461	84	260	2	6	1080	106	0	0		0	0	0	0	0	0.382	0.469	0.546	0	0.7843	0.9429
3.4	jcs.AutoBot 4.2.1	weak		7	true	35	4286.000	1154.000	33	1650.000	100.000	1891.000	966.000	13	21124	0.472	1.045	13.862	35	0	0	0.224	0.140	72	1019	9	1019	1019	5	14	0	0	0	86	989	1082	T?/M?	live	0	0	0	650	367.457	575.000	453.543	407	93	323	2	7	1017	86	0	0		0	0	0	0	0	0.397	0.461	0.530	0	0.7879	0.9429
3.4	jcs.AutoBot 4.2.1	weak		8	true	35	4064.000	1647.000	30	1500.000	250.000	1824.000	1162.000	9	21217	0.540	1.121	15.781	35	0	0	0.211	0.142	137	1013	6	1013	1013	0	21	0	0	0	87	394	1083	T?/M?	live	0	0	0	650	407.700	650.000	456.200	404	71	364	1	1651	1011	87	0	0		0	0	0	0	0	0.382	0.452	0.517	0	0.7116	0.8571
3.4	justin.DemonicRage 3.20	mid		1	true	35	3414.000	1313.000	30	1500.000	250.000	1362.000	955.000	14	29151	0.612	1.100	18.640	35	0	0	0.117	0.069	44	1608	6	1608	1608	5	18	0	0	0	158	1305	1774	T?/M?	live	0	0	0	650	536.303	650.000	682.886	249	0	16	2	8	1608	158	0	0		0	0	0	0	0	0.359	0.454	0.575	0	0.7222	0.8571
3.4	justin.DemonicRage 3.20	mid		2	true	35	3318.000	1324.000	30	1500.000	250.000	1275.000	960.000	16	29806	0.647	1.140	18.635	35	0	0	0.122	0.071	75	1698	0	1698	1698	9	22	0	0	0	161	1694	1845	T?/M?	live	0	0	0	650	530.471	650.000	701.600	494	0	87	2	8	1698	161	0	0		0	0	0	0	0	0.367	0.449	0.553	0	0.7148	0.8571
3.4	justin.DemonicRage 3.20	mid		3	true	35	3224.000	1456.000	29	1450.000	300.000	1255.000	1026.000	17	31539	0.605	1.123	20.377	35	0	0	0.108	0.078	65	1773	2	1773	1773	13	26	0	0	0	164	1848	1968	T?/M?	live	0	0	0	650	547.703	650.000	751.114	708	0	43	2	748	1765	164	0	0		0	0	0	0	0	0.359	0.445	0.575	0	0.6889	0.8286
3.4	justin.DemonicRage 3.20	mid		4	true	35	3250.000	1367.000	30	1500.000	250.000	1217.000	1006.000	12	31532	0.600	1.116	19.115	34	0	0	0.118	0.071	75	1773	3	1773	1773	7	13	0	0	0	159	1711	1938	T?/M?	live	0	0	0	650	545.624	650.000	750.176	542	0	46	3	9	1714	159	0	0		0	0	0	1	1	0.367	0.449	0.553	0	0.7039	0.8571
3.4	justin.DemonicRage 3.20	mid		5	true	35	3645.000	878.000	34	1700.000	50.000	1340.000	805.000	16	30463	0.606	1.102	20.446	35	0	0	0.112	0.063	53	1700	2	1700	1700	5	13	0	0	0	154	1654	1894	T?/M?	live	0	0	0	650	544.400	650.000	720.371	399	0	10	3	8	1700	154	0	0		0	0	0	0	0	0.359	0.445	0.575	0	0.8059	0.9714
3.4	justin.DemonicRage 3.20	mid		6	true	35	3328.000	1305.000	30	1500.000	250.000	1304.000	945.000	13	30331	0.609	1.098	20.777	35	0	0	0.105	0.073	40	1688	3	1691	1688	5	26	0	0	0	167	1700	1862	T?/M?	live	0	0	0	650	544.937	650.000	716.600	475	1	8	3	10	1691	166	0	0		0	0	0	0	0	0.367	0.448	0.553	0	0.7183	0.8571
3.4	justin.DemonicRage 3.20	mid		7	true	35	3527.000	1096.000	33	1650.000	100.000	1298.000	953.000	11	31731	0.635	1.123	19.656	35	0	0	0.107	0.073	51	1797	1	1797	1797	2	20	0	0	0	148	1959	1995	T?/M?	live	0	0	0	650	539.180	650.000	756.600	396	0	35	2	11	1797	148	0	0		0	0	0	0	0	0.359	0.449	0.575	0	0.7629	0.9429
3.4	justin.DemonicRage 3.20	mid		8	true	35	3335.000	1291.000	30	1500.000	250.000	1294.000	935.000	10	30349	0.562	1.044	19.938	35	0	0	0.107	0.071	44	1684	4	1684	1684	9	20	0	0	0	137	1700	1864	T?/M?	live	0	0	0	650	535.689	650.000	717.114	422	0	7	2	4327	1682	137	0	0		0	0	0	0	0	0.367	0.442	0.553	0	0.7209	0.8571
3.4	jwst.DAD.DarkAndDarker 1.1	weak		1	true	35	4817.000	593.000	35	1750.000	0.000	2251.000	584.000	11	18163	0.306	0.765	12.520	35	0	0	0.227	0.082	27	810	1	810	810	3	15	0	0	0	50	0	795	T?/M?	live	0	0	0	650	340.540	400.000	368.943	477	78	476	3	8	809	50	0	0		0	0	0	0	0	0.417	0.484	0.543	0	0.8904	1.0000
3.4	jwst.DAD.DarkAndDarker 1.1	weak		2	true	35	4531.000	718.000	35	1750.000	0.000	2010.000	709.000	15	20909	0.317	0.769	16.873	35	0	0	0.173	0.077	45	986	2	986	985	6	13	0	0	0	94	433	1011	T?/M?	live	0	0	0	650	380.871	650.000	447.400	463	100	439	2	9	985	94	0	0		0	0	0	0	0	0.395	0.462	0.517	0	0.8632	1.0000
3.4	jwst.DAD.DarkAndDarker 1.1	weak		3	true	35	4961.000	794.000	35	1750.000	0.000	2249.000	676.000	11	17849	0.293	0.768	13.268	35	0	0	0.235	0.107	106	782	4	782	781	2	22	0	0	0	47	174	777	T?/M?	live	0	0	0	650	348.023	400.000	359.971	493	154	476	2	8	777	47	0	0		0	0	0	0	0	0.426	0.477	0.543	0	0.8620	1.0000
3.4	jwst.DAD.DarkAndDarker 1.1	weak		4	true	35	4792.000	916.000	34	1700.000	50.000	2172.000	725.000	12	18287	0.280	0.710	13.206	35	0	0	0.250	0.123	127	819	2	819	819	5	19	0	0	0	49	0	820	T?/M?	live	0	0	0	650	333.969	400.000	372.486	766	132	405	2	6	817	49	0	0		0	0	0	0	0	0.395	0.442	0.497	0	0.8395	0.9714
3.4	jwst.DAD.DarkAndDarker 1.1	weak		5	true	35	4755.000	638.000	34	1700.000	50.000	2266.000	576.000	13	18256	0.284	0.698	12.492	35	0	0	0.231	0.077	28	803	3	803	803	4	11	0	0	0	69	262	796	T?/M?	live	0	0	0	650	320.171	400.000	371.600	445	91	505	2	4	802	69	0	0		0	0	0	0	0	0.478	0.523	0.566	0	0.8817	0.9714
3.4	jwst.DAD.DarkAndDarker 1.1	weak		6	true	35	4503.000	538.000	34	1700.000	50.000	2058.000	471.000	12	19708	0.264	0.674	12.522	35	0	0	0.210	0.054	55	897	2	898	897	2	11	0	0	0	60	108	924	T?/M?	live	0	0	0	650	326.703	400.000	413.086	504	162	475	2	6	897	60	0	0		0	0	0	0	0	0.426	0.455	0.480	0	0.8933	0.9714
3.4	jwst.DAD.DarkAndDarker 1.1	weak		7	true	35	4741.000	554.000	35	1750.000	0.000	2197.000	554.000	12	18744	0.293	0.739	13.720	35	0	0	0.217	0.064	29	839	1	839	839	2	17	0	0	0	55	0	853	T?/M?	live	0	0	0	650	343.380	400.000	385.543	329	128	419	2	7	839	55	0	0		0	0	0	0	0	0.499	0.530	0.566	0	0.8954	1.0000
3.4	jwst.DAD.DarkAndDarker 1.1	weak		8	true	35	4606.000	572.000	35	1750.000	0.000	2088.000	572.000	9	19709	0.270	0.686	16.622	35	0	0	0.197	0.069	25	906	1	906	905	0	18	0	0	0	51	0	930	T?/M?	live	0	0	0	650	339.886	400.000	413.114	544	224	382	1	91	906	51	0	0		0	0	0	0	0	0.433	0.463	0.497	0	0.8895	1.0000
3.4	kinsen.nano.Quarrelet 1.0	weak		1	true	35	3431.000	880.000	34	1700.000	50.000	1162.000	810.000	11	20410	0.419	0.887	12.899	35	0	0	0.129	0.057	111	866	1	872	866	1	13	0	0	0	61	780	1049	T?/M?	live	0	0	0	650	521.891	650.000	433.143	748	587	69	2	7	872	61	0	0		0	0	0	0	0	0.392	0.441	0.469	0	0.7959	0.9714
3.4	kinsen.nano.Quarrelet 1.0	weak		2	true	35	3141.000	1294.000	30	1500.000	250.000	1143.000	914.000	13	20243	0.401	0.880	11.264	35	0	0	0.136	0.057	123	863	2	869	861	6	15	0	0	0	60	30	1050	T?/M?	live	0	0	0	650	497.131	650.000	428.371	653	470	109	2	5	869	60	0	0		0	0	0	0	0	0.370	0.429	0.464	0	0.7082	0.8571
3.4	kinsen.nano.Quarrelet 1.0	weak		3	true	35	3823.000	820.000	33	1650.000	100.000	1543.000	672.000	8	17696	0.368	0.827	13.207	35	0	0	0.198	0.051	97	708	1	720	705	0	22	0	0	0	48	0	815	T?/M?	live	0	0	0	650	456.911	400.000	355.600	856	386	296	1	92	720	48	0	0		0	0	0	0	0	0.412	0.448	0.469	0	0.8234	0.9429
3.4	kinsen.nano.Quarrelet 1.0	weak		4	true	35	3761.000	694.000	35	1750.000	0.000	1384.000	694.000	14	18344	0.312	0.792	13.259	35	0	0	0.161	0.172	112	744	3	715	707	13	19	0	0	0	44	685	864	T?/M?	live	0	0	0	650	499.426	575.000	374.114	674	345	199	3	6	715	41	0	0		542	0	0	0	0	0.370	0.432	0.464	0	0.8442	1.0000
3.4	kinsen.nano.Quarrelet 1.0	weak		5	true	35	3499.000	1154.000	32	1600.000	150.000	1333.000	931.000	11	19436	0.343	0.855	12.551	35	0	0	0.163	0.065	115	815	2	826	815	4	13	0	0	0	78	946	968	T?/M?	live	0	0	0	650	505.020	650.000	405.314	721	613	173	2	8	826	78	0	0		0	0	0	0	0	0.412	0.456	0.530	0	0.7520	0.9143
3.4	kinsen.nano.Quarrelet 1.0	weak		6	true	35	3592.000	1224.000	33	1650.000	100.000	1356.000	1072.000	12	20028	0.380	0.893	12.984	35	0	0	0.150	0.074	131	840	1	848	840	3	15	0	0	0	49	606	1016	T?/M?	live	0	0	0	650	495.466	650.000	422.229	677	733	180	3	6	848	49	0	0		0	0	0	0	0	0.392	0.436	0.469	0	0.7458	0.9429
3.4	kinsen.nano.Quarrelet 1.0	weak		7	true	35	3150.000	1418.000	29	1450.000	300.000	1196.000	975.000	12	20647	0.407	0.908	12.140	35	0	0	0.135	0.061	102	900	2	913	900	5	14	0	0	0	62	336	1056	T?/M?	live	0	0	0	650	492.286	650.000	439.914	688	426	94	2	6	893	62	0	0		0	0	0	0	0	0.391	0.452	0.530	0	0.6896	0.8286
3.4	kinsen.nano.Quarrelet 1.0	weak		8	true	35	3235.000	1117.000	32	1600.000	150.000	1103.000	892.000	12	20278	0.389	0.893	12.055	35	0	0	0.126	0.061	114	858	0	866	857	3	19	0	0	0	61	0	1049	T?/M?	live	0	0	0	650	515.363	575.000	429.371	671	680	80	2	610	866	61	0	0		0	0	0	0	0	0.412	0.446	0.469	0	0.7433	0.9143
3.4	lorneswork.Predator 1.0	weak		1	true	35	5376.000	285.000	35	1750.000	0.000	2727.000	283.000	10	13363	0.135	0.460	8.683	35	0	0	0.377	0.045	14	466	3	467	466	2	15	0	0	0	29	383	460	T?/M?	live	0	0	0	650	227.951	400.000	231.800	338	0	386	2	3	467	29	0	0		0	0	0	0	0	0.387	0.398	0.416	0	0.9497	1.0000
3.4	lorneswork.Predator 1.0	weak		2	true	35	5478.000	355.000	35	1750.000	0.000	2815.000	353.000	9	13040	0.145	0.486	9.921	35	0	0	0.432	0.071	11	449	4	449	449	1	9	0	0	0	29	0	442	T?/M?	live	0	0	0	650	226.023	400.000	222.571	355	0	329	2	3	449	29	0	0		0	0	0	0	0	0.379	0.397	0.424	0	0.9391	1.0000
3.4	lorneswork.Predator 1.0	weak		3	true	35	5398.000	297.000	35	1750.000	0.000	2747.000	297.000	9	13205	0.145	0.474	8.789	35	0	0	0.396	0.053	11	458	4	458	458	2	20	0	0	0	23	0	451	T?/M?	live	0	0	0	650	222.177	400.000	227.286	315	0	357	1	36	458	23	0	0		0	0	0	0	0	0.380	0.394	0.416	0	0.9478	1.0000
3.4	lorneswork.Predator 1.0	weak		4	true	35	5406.000	177.000	35	1750.000	0.000	2726.000	172.000	9	12660	0.113	0.425	8.140	35	0	0	0.413	0.036	41	430	1	430	430	4	15	0	0	0	17	0	415	T?/M?	live	0	0	0	650	227.060	400.000	211.714	279	0	342	3	5	430	17	0	0		0	0	0	0	0	0.367	0.381	0.397	0	0.9683	1.0000
3.4	lorneswork.Predator 1.0	weak		5	true	35	5443.000	231.000	35	1750.000	0.000	2786.000	230.000	9	12657	0.144	0.488	9.511	35	0	0	0.425	0.050	7	421	2	421	421	3	11	0	0	0	25	0	418	T?/M?	live	0	0	0	650	225.031	400.000	211.629	337	0	331	2	2	421	25	0	0		0	0	0	0	0	0.470	0.495	0.509	0	0.9593	1.0000
3.4	lorneswork.Predator 1.0	weak		6	true	35	5211.000	583.000	33	1650.000	100.000	2701.000	431.000	11	12943	0.175	0.531	8.832	35	0	0	0.389	0.062	17	439	2	439	439	1	15	0	0	0	19	0	436	T?/M?	live	0	0	0	650	215.951	400.000	219.800	310	0	333	2	3	437	19	0	0		0	0	0	0	0	0.385	0.494	0.575	0	0.8994	0.9429
3.4	lorneswork.Predator 1.0	weak		7	true	35	5385.000	272.000	35	1750.000	0.000	2737.000	270.000	9	13298	0.143	0.497	9.944	35	0	0	0.381	0.049	9	459	1	459	459	3	9	0	0	0	20	0	455	T?/M?	live	0	0	0	650	217.549	400.000	229.943	402	0	374	2	2	458	20	0	0		0	0	0	0	0	0.438	0.477	0.509	0	0.9519	1.0000
3.4	lorneswork.Predator 1.0	weak		8	true	35	5464.000	378.000	35	1750.000	0.000	2791.000	370.000	11	13083	0.167	0.560	10.755	35	0	0	0.422	0.064	20	446	1	446	446	4	19	0	0	0	27	348	446	T?/M?	live	0	0	0	650	213.840	400.000	223.800	273	0	349	2	5	444	27	0	0		0	0	0	0	0	0.500	0.534	0.575	0	0.9353	1.0000
3.4	marcinek.TopGun 1.3	weak		1	true	35	4454.000	164.000	35	1750.000	0.000	1962.000	163.000	12	16722	0.215	0.627	12.212	35	0	0	0.209	0.023	131	709	5	714	704	4	16	0	0	0	43	538	702	T?/M?	live	0	0	0	650	383.403	400.000	327.771	496	163	423	2	6	713	43	0	0		0	0	0	0	0	0.480	0.517	0.549	0	0.9645	1.0000
3.4	marcinek.TopGun 1.3	weak		2	true	35	4708.000	337.000	35	1750.000	0.000	2126.000	307.000	11	16296	0.223	0.675	10.438	35	0	0	0.242	0.060	166	659	3	660	652	4	22	0	0	0	44	173	668	T?/M?	live	0	0	0	650	349.469	400.000	315.600	433	120	433	3	4	657	44	0	0		0	0	0	0	0	0.392	0.496	0.563	0	0.9332	1.0000
3.4	marcinek.TopGun 1.3	weak		3	true	35	4616.000	186.000	35	1750.000	0.000	2096.000	185.000	10	16108	0.208	0.632	12.162	35	0	0	0.237	0.036	112	680	1	682	672	3	12	0	0	0	44	361	660	T?/M?	live	0	0	0	650	357.520	400.000	310.229	506	139	421	1	13	681	44	0	0		0	0	0	0	0	0.479	0.511	0.549	0	0.9613	1.0000
3.4	marcinek.TopGun 1.3	weak		4	true	35	4723.000	287.000	35	1750.000	0.000	2142.000	241.000	10	15570	0.217	0.655	11.516	35	0	0	0.257	0.050	153	628	3	629	624	4	20	0	0	0	29	0	625	T?/M?	live	0	0	0	650	331.600	400.000	294.857	446	154	397	3	6	625	29	0	0		0	0	0	0	0	0.392	0.499	0.563	0	0.9427	1.0000
3.4	marcinek.TopGun 1.3	weak		5	true	35	4547.000	200.000	35	1750.000	0.000	2015.000	182.000	11	16508	0.213	0.617	9.187	35	0	0	0.222	0.036	135	703	2	704	697	4	19	0	0	0	35	0	692	T?/M?	live	0	0	0	650	382.986	400.000	321.657	471	105	383	2	5	699	35	0	0		0	0	0	0	0	0.480	0.517	0.549	0	0.9579	1.0000
3.4	marcinek.TopGun 1.3	weak		6	true	35	4680.000	224.000	35	1750.000	0.000	2130.000	199.000	13	15754	0.228	0.700	10.914	35	0	0	0.267	0.041	140	645	6	648	640	3	13	0	0	0	30	0	640	T?/M?	live	0	0	0	650	352.123	400.000	300.114	589	185	383	2	5	648	30	0	0		0	0	0	0	0	0.392	0.496	0.563	0	0.9543	1.0000
3.4	marcinek.TopGun 1.3	weak		7	true	35	4390.000	118.000	35	1750.000	0.000	1907.000	115.000	11	16965	0.214	0.624	12.418	35	0	0	0.217	0.019	140	725	6	727	720	4	15	0	0	0	25	0	728	T?/M?	live	0	0	0	650	387.831	400.000	334.714	386	174	389	3	6	726	25	0	0		0	0	0	0	0	0.480	0.513	0.549	0	0.9738	1.0000
3.4	marcinek.TopGun 1.3	weak		8	true	35	4819.000	286.000	35	1750.000	0.000	2261.000	280.000	11	15228	0.231	0.692	9.794	35	0	0	0.281	0.062	101	609	2	609	608	0	9	0	0	0	33	0	597	T?/M?	live	0	0	0	650	334.034	400.000	285.086	505	115	413	1	176	605	33	0	0		0	0	0	0	0	0.392	0.499	0.563	0	0.9440	1.0000
3.4	maribo.IotaCT 1.0	weak		1	true	35	5090.000	393.000	35	1750.000	0.000	2491.000	393.000	10	14127	0.210	0.609	7.691	35	0	0	0.310	0.059	3	536	5	536	536	2	19	0	0	0	34	0	522	T?/M?	live	0	0	0	650	356.034	400.000	253.629	335	47	388	3	4	536	34	0	0		0	0	0	0	0	0.359	0.392	0.416	0	0.9283	1.0000
3.4	maribo.IotaCT 1.0	weak		2	true	35	5191.000	298.000	35	1750.000	0.000	2569.000	298.000	8	13433	0.173	0.528	9.093	35	0	0	0.358	0.048	2	494	6	494	494	2	14	0	0	0	37	310	479	T?/M?	live	0	0	0	650	319.560	400.000	233.800	446	33	336	2	4	494	36	0	0		0	0	0	0	0	0.389	0.414	0.438	0	0.9457	1.0000
3.4	maribo.IotaCT 1.0	weak		3	true	35	5347.000	422.000	35	1750.000	0.000	2706.000	421.000	7	12890	0.164	0.530	7.653	35	0	0	0.403	0.079	2	458	3	457	456	0	11	0	0	0	39	366	440	T?/M?	live	0	0	0	650	305.414	400.000	218.286	360	0	318	1	6	457	38	0	0		0	0	0	0	0	0.362	0.392	0.416	0	0.9269	1.0000
3.4	maribo.IotaCT 1.0	weak		4	true	35	5247.000	315.000	35	1750.000	0.000	2623.000	313.000	10	12904	0.145	0.489	8.286	35	0	0	0.390	0.056	10	456	3	456	456	2	13	0	0	0	26	0	449	T?/M?	live	0	0	0	650	341.649	400.000	218.686	278	0	319	2	4	456	26	0	0		0	0	0	0	0	0.359	0.399	0.427	0	0.9434	1.0000
3.4	maribo.IotaCT 1.0	weak		5	true	35	5114.000	245.000	35	1750.000	0.000	2512.000	243.000	9	13423	0.191	0.577	9.962	35	0	0	0.340	0.042	3	489	3	489	489	2	10	0	0	0	32	263	475	T?/M?	live	0	0	0	650	327.360	400.000	233.514	397	0	350	2	4	489	32	0	0		0	0	0	0	0	0.504	0.516	0.532	0	0.9543	1.0000
3.4	maribo.IotaCT 1.0	weak		6	true	35	5161.000	241.000	35	1750.000	0.000	2551.000	240.000	10	13311	0.206	0.576	9.421	35	0	0	0.361	0.057	4	489	1	489	489	2	6	0	0	0	31	0	472	T?/M?	live	0	0	0	650	350.031	400.000	230.314	428	4	324	2	4	488	31	0	0		0	0	0	0	0	0.362	0.477	0.546	0	0.9554	1.0000
3.4	maribo.IotaCT 1.0	weak		7	true	35	5166.000	176.000	35	1750.000	0.000	2555.000	175.000	10	13112	0.160	0.517	8.874	35	0	0	0.378	0.037	3	474	3	474	474	2	12	0	0	0	44	27	459	T?/M?	live	0	0	0	650	332.903	400.000	224.629	417	21	317	2	6	474	44	0	0		0	0	0	0	0	0.419	0.472	0.510	0	0.9671	1.0000
3.4	maribo.IotaCT 1.0	weak		8	true	35	5321.000	319.000	35	1750.000	0.000	2684.000	319.000	9	12543	0.189	0.584	9.601	35	0	0	0.402	0.060	2	429	1	429	429	0	20	0	0	0	28	0	418	T?/M?	live	0	0	0	650	320.054	400.000	208.371	302	0	297	1	28	429	28	0	0		0	0	0	0	0	0.432	0.506	0.546	0	0.9434	1.0000
3.4	nat.Samekh 0.4	mid		1	true	35	3054.000	1549.000	28	1400.000	350.000	1162.000	1052.000	13	29680	0.545	1.075	30.180	35	0	0	0.109	0.073	72	1590	6	1590	1590	5	22	0	0	0	142	1405	1812	T?/M?	live	0	0	0	650	495.100	650.000	698.000	395	65	44	2	13	1588	142	0	0		0	0	0	0	0	0.344	0.427	0.521	0	0.6635	0.8000
3.4	nat.Samekh 0.4	mid		2	true	35	3459.000	1179.000	31	1550.000	200.000	1350.000	892.000	11	28543	0.532	1.050	32.302	35	0	0	0.119	0.067	46	1514	8	1514	1514	7	19	0	0	0	132	1477	1702	T?/M?	live	0	0	0	650	502.491	650.000	665.514	636	132	41	2	13	1508	132	0	0		0	0	0	0	0	0.375	0.430	0.509	0	0.7458	0.8857
3.4	nat.Samekh 0.4	mid		3	true	35	2932.000	1813.000	26	1300.000	450.000	1171.000	1161.000	5	29454	0.480	0.997	35.092	34	0	0	0.109	0.075	65	1576	7	1576	1576	3	22	0	0	0	136	1019	1745	T?/M?	live	0	0	0	650	480.041	650.000	689.118	630	85	10	2	4704	1526	135	0	0		0	0	0	1	1	0.344	0.430	0.521	0	0.6179	0.7429
3.4	nat.Samekh 0.4	mid		4	true	35	3344.000	1155.000	32	1600.000	150.000	1195.000	938.000	11	29526	0.516	1.025	30.748	35	0	0	0.108	0.066	52	1579	7	1579	1579	6	21	0	0	0	147	1647	1791	T?/M?	live	0	0	0	650	484.429	650.000	693.600	318	95	8	3	9	1579	147	0	0		0	0	0	0	0	0.359	0.425	0.509	0	0.7433	0.9143
3.4	nat.Samekh 0.4	mid		5	true	35	3032.000	1499.000	28	1400.000	350.000	1149.000	1001.000	10	28479	0.535	1.070	29.741	35	0	0	0.098	0.071	38	1499	9	1499	1499	4	12	0	0	0	147	1669	1709	T?/M?	live	0	0	0	650	467.740	650.000	663.686	546	110	20	2	9	1499	145	0	0		0	0	0	0	0	0.418	0.464	0.499	0	0.6692	0.8000
3.4	nat.Samekh 0.4	mid		6	true	35	2783.000	1814.000	26	1300.000	450.000	1049.000	1167.000	16	30803	0.516	1.038	36.434	35	0	0	0.103	0.068	82	1659	8	1659	1659	8	21	0	0	0	148	124	1923	T?/M?	live	0	0	0	650	480.791	650.000	730.086	402	128	25	2	10	1646	148	0	0		0	0	0	0	0	0.344	0.442	0.521	0	0.6054	0.7429
3.4	nat.Samekh 0.4	mid		7	true	35	3043.000	1432.000	30	1500.000	250.000	1048.000	1081.000	8	31773	0.541	1.090	35.605	34	0	0	0.101	0.069	74	1728	13	1729	1728	5	19	0	0	0	160	1731	1948	T?/M?	live	0	0	0	650	481.238	650.000	754.824	270	233	0	2	11	1667	158	0	0		0	0	0	1	1	0.418	0.461	0.499	0	0.6800	0.8571
3.4	nat.Samekh 0.4	mid		8	true	35	2967.000	1564.000	28	1400.000	350.000	1091.000	1062.000	11	29980	0.506	1.006	35.271	35	0	0	0.114	0.066	81	1602	9	1602	1602	4	15	0	0	0	131	1614	1859	T?/M?	live	0	0	0	650	487.206	650.000	706.571	244	137	66	2	2328	1595	130	0	0		0	0	0	0	0	0.344	0.445	0.521	0	0.6548	0.8000
3.4	oog.mini.AlphaDragon 0.1	weak		1	true	35	3479.000	1395.000	30	1500.000	250.000	1417.000	1035.000	18	29876	0.456	0.972	15.252	35	0	0	0.131	0.082	108	1801	11	1775	1773	23	20	0	0	0	170	973	1839	T?/M?	live	0	0	0	650	520.391	650.000	703.600	403	265	83	3	9	1775	168	0	0		312	0	0	0	0	0.225	0.373	0.468	0	0.7138	0.8571
3.4	oog.mini.AlphaDragon 0.1	weak		2	true	35	3748.000	936.000	33	1650.000	100.000	1484.000	793.000	14	29893	0.463	0.955	14.578	35	0	0	0.132	0.069	103	1818	11	1820	1816	5	27	0	0	0	183	1685	1827	T?/M?	live	0	0	0	650	519.237	650.000	704.086	848	159	108	2	11	1820	182	0	0		0	0	0	0	0	0.367	0.416	0.449	0	0.8002	0.9429
3.4	oog.mini.AlphaDragon 0.1	weak		3	true	35	3686.000	1167.000	32	1600.000	150.000	1482.000	956.000	12	28870	0.408	0.897	14.319	35	0	0	0.144	0.077	133	1719	7	1719	1717	26	22	0	0	0	150	1728	1740	T?/M?	live	0	0	0	650	479.577	400.000	674.857	431	195	211	2	1259	1713	150	0	0		0	0	0	0	0	0.290	0.383	0.468	0	0.7595	0.9143
3.4	oog.mini.AlphaDragon 0.1	weak		4	true	35	3718.000	1097.000	32	1600.000	150.000	1509.000	889.000	13	28383	0.461	0.949	14.236	35	0	0	0.133	0.076	93	1689	6	1689	1689	7	18	0	0	0	156	1511	1684	T?/M?	live	0	0	0	650	522.529	650.000	660.943	557	89	85	3	6	1686	156	0	0		0	0	0	0	0	0.367	0.417	0.449	0	0.7722	0.9143
3.4	oog.mini.AlphaDragon 0.1	weak		5	true	35	3794.000	823.000	33	1650.000	100.000	1519.000	679.000	14	26981	0.409	0.870	13.664	35	0	0	0.151	0.057	101	1580	8	1582	1580	8	26	0	0	0	150	1247	1578	T?/M?	live	0	0	0	650	503.837	400.000	620.886	596	141	154	2	11	1582	149	0	0		0	0	0	0	0	0.154	0.345	0.468	0	0.8217	0.9429
3.4	oog.mini.AlphaDragon 0.1	weak		6	true	35	3894.000	1131.000	32	1600.000	150.000	1659.000	923.000	11	26440	0.432	0.934	13.709	35	0	0	0.149	0.083	115	1541	7	1541	1541	4	15	0	0	0	131	1501	1517	T?/M?	live	0	0	0	650	467.840	575.000	605.429	586	47	254	2	8	1539	130	0	0		0	0	0	0	0	0.367	0.415	0.449	0	0.7749	0.9143
3.4	oog.mini.AlphaDragon 0.1	weak		7	true	35	3700.000	957.000	33	1650.000	100.000	1439.000	816.000	8	27091	0.388	0.821	14.099	34	0	0	0.132	0.070	86	1564	6	1562	1560	63	23	0	0	0	125	437	1546	T?/M?	live	0	0	0	650	534.559	650.000	628.265	359	205	28	2	8	1528	125	0	0		0	0	0	1	1	0.067	0.280	0.415	0	0.7945	0.9429
3.4	oog.mini.AlphaDragon 0.1	weak		8	true	35	3970.000	1055.000	33	1650.000	100.000	1669.000	910.000	10	27601	0.418	0.938	14.755	35	0	0	0.158	0.078	135	1624	8	1624	1621	2	15	0	0	0	147	1486	1633	T?/M?	live	0	0	0	650	468.109	450.000	638.600	609	167	237	2	644	1624	147	0	0		0	0	0	0	0	0.367	0.419	0.468	0	0.7900	0.9429
3.4	pl.Drum 0.1	weak		1	true	35	4649.000	1147.000	32	1600.000	150.000	2194.000	828.000	10	18313	0.336	0.874	12.106	34	0	0	0.224	0.107	96	848	3	848	848	5	22	0	0	0	60	0	796	T?/M?	live	0	0	0	650	359.018	650.000	379.000	303	68	515	2	5	835	60	0	0		0	0	0	1	0	0.446	0.500	0.540	0	0.8021	0.9143
3.4	pl.Drum 0.1	weak		2	true	35	4551.000	1142.000	32	1600.000	150.000	2189.000	912.000	15	19557	0.340	0.898	15.735	35	0	0	0.199	0.106	60	934	2	934	933	9	26	0	0	0	64	737	895	T?/M?	live	0	0	0	650	365.197	650.000	408.771	348	140	556	2	6	931	64	0	0		0	0	0	0	0	0.473	0.507	0.567	0	0.7994	0.9143
3.4	pl.Drum 0.1	weak		3	true	35	4879.000	773.000	34	1700.000	50.000	2369.000	704.000	13	18088	0.284	0.785	12.471	35	0	0	0.247	0.091	45	829	1	829	829	3	20	0	0	0	63	659	783	T?/M?	live	0	0	0	650	346.071	400.000	366.800	461	153	537	2	207	825	63	0	0		0	0	0	0	0	0.446	0.497	0.540	0	0.8632	0.9714
3.4	pl.Drum 0.1	weak		4	true	35	4543.000	748.000	34	1650.000	50.000	2144.000	663.000	11	19070	0.281	0.769	15.290	35	0	0	0.205	0.077	51	897	0	897	895	5	14	0	0	0	71	839	869	T?/M?	live	0	0	0	650	328.377	400.000	394.857	500	123	458	3	6	897	71	0	0		0	0	0	0	0	0.480	0.511	0.567	0	0.8586	0.9706
3.4	pl.Drum 0.1	weak		5	true	35	4531.000	1247.000	30	1500.000	250.000	2266.000	819.000	11	17918	0.292	0.805	12.987	35	0	0	0.239	0.102	85	816	3	816	815	3	14	0	0	0	63	613	767	T?/M?	live	0	0	0	650	335.431	400.000	361.943	425	121	520	2	6	812	63	0	0		0	0	0	0	0	0.473	0.501	0.533	0	0.7842	0.8571
3.4	pl.Drum 0.1	weak		6	true	35	4684.000	1027.000	33	1650.000	100.000	2238.000	832.000	15	18834	0.330	0.854	13.182	35	0	0	0.216	0.117	83	882	2	883	878	7	18	0	0	0	55	525	839	T?/M?	live	0	0	0	650	371.051	650.000	388.114	351	133	555	3	8	879	55	0	0		0	0	0	0	0	0.468	0.508	0.540	0	0.8202	0.9429
3.4	pl.Drum 0.1	weak		7	true	35	4392.000	1242.000	30	1500.000	250.000	2188.000	894.000	15	19262	0.350	0.905	14.157	35	0	0	0.217	0.098	55	914	0	914	911	9	20	0	0	0	65	554	892	T?/M?	live	0	0	0	650	386.903	400.000	400.343	465	181	489	2	6	914	65	0	0		0	0	0	0	0	0.473	0.509	0.539	0	0.7796	0.8571
3.4	pl.Drum 0.1	weak		8	true	35	5054.000	887.000	35	1750.000	0.000	2428.000	857.000	13	17817	0.312	0.840	11.691	35	0	0	0.246	0.118	74	811	4	811	810	3	19	0	0	0	46	461	780	T?/M?	live	0	0	0	650	351.206	450.000	359.057	446	157	495	2	1415	811	46	0	0		0	0	0	0	0	0.468	0.508	0.540	0	0.8507	1.0000
3.4	pl.Patton.GeneralPatton 1.54	weak		1	true	35	4753.000	840.000	34	1700.000	50.000	2264.000	769.000	15	19388	0.310	0.857	12.679	35	0	0	0.213	0.094	56	922	5	922	922	5	15	0	0	0	64	0	894	T?/M?	live	0	0	0	650	356.531	400.000	403.943	427	126	560	3	5	922	64	0	0		0	0	0	0	0	0.379	0.457	0.496	0	0.8498	0.9714
3.4	pl.Patton.GeneralPatton 1.54	weak		2	true	35	4542.000	993.000	32	1600.000	150.000	2199.000	784.000	9	19788	0.366	0.864	13.547	35	0	0	0.239	0.093	34	928	2	928	928	5	19	0	0	0	73	859	930	T?/M?	live	0	0	0	650	330.326	400.000	415.371	343	119	465	2	6	928	73	0	0		0	0	0	0	0	0.344	0.442	0.521	0	0.8206	0.9143
3.4	pl.Patton.GeneralPatton 1.54	weak		3	true	35	4434.000	1136.000	31	1550.000	200.000	2171.000	861.000	10	20835	0.423	1.016	15.910	35	0	0	0.195	0.100	35	1003	3	1002	1000	3	19	0	0	0	69	0	990	T?/M?	live	0	0	0	650	367.286	650.000	445.286	426	137	531	2	2110	998	69	0	0		0	0	0	0	0	0.425	0.463	0.496	0	0.7961	0.8857
3.4	pl.Patton.GeneralPatton 1.54	weak		4	true	35	4326.000	949.000	31	1550.000	200.000	2073.000	675.000	11	21123	0.315	0.747	15.684	35	0	0	0.183	0.077	46	1052	4	1052	1052	5	14	0	0	0	77	574	1026	T?/M?	live	0	0	0	650	356.406	400.000	453.514	464	54	438	2	6	1051	77	0	0		0	0	0	0	0	0.344	0.427	0.521	0	0.8201	0.8857
3.4	pl.Patton.GeneralPatton 1.54	weak		5	true	35	4501.000	1026.000	32	1600.000	150.000	2169.000	821.000	15	22387	0.408	0.979	14.681	35	0	0	0.187	0.101	59	1144	1	1144	1144	7	25	0	0	0	89	359	1093	T?/M?	live	0	0	0	650	392.083	650.000	489.629	303	279	577	3	7	1133	89	0	0		0	0	0	0	0	0.418	0.457	0.499	0	0.8144	0.9143
3.4	pl.Patton.GeneralPatton 1.54	weak		6	true	35	4567.000	1015.000	33	1650.000	100.000	2170.000	877.000	11	21188	0.408	0.961	16.152	35	0	0	0.200	0.097	55	1035	2	1035	1033	2	19	0	0	0	79	603	1051	T?/M?	live	0	0	0	650	367.346	650.000	455.371	435	234	456	2	9	1035	79	0	0		0	0	0	0	0	0.425	0.463	0.496	0	0.8182	0.9429
3.4	pl.Patton.GeneralPatton 1.54	weak		7	true	35	4720.000	661.000	35	1750.000	0.000	2183.000	661.000	10	20594	0.293	0.731	14.788	35	0	0	0.179	0.076	24	1015	3	1015	1015	2	15	0	0	0	77	735	981	T?/M?	live	0	0	0	650	353.869	400.000	438.400	499	98	465	2	5	1015	77	0	0		0	0	0	0	0	0.418	0.457	0.499	0	0.8772	1.0000
3.4	pl.Patton.GeneralPatton 1.54	weak		8	true	35	4676.000	1071.000	33	1650.000	100.000	2249.000	932.000	11	20325	0.391	0.995	14.669	35	0	0	0.205	0.107	48	968	3	968	967	5	16	0	0	0	68	218	958	T?/M?	live	0	0	0	650	347.071	400.000	430.714	265	148	554	2	194	968	67	0	0		0	0	0	0	0	0.443	0.469	0.496	0	0.8136	0.9429
3.4	rtk.Tachikoma 1.0	weak		1	true	35	3969.000	703.000	35	1750.000	0.000	1557.000	702.000	12	25326	0.542	1.082	14.253	35	0	0	0.149	0.057	58	1406	6	1406	1405	3	13	0	0	0	87	0	1427	T?/M?	live	0	0	0	650	474.646	650.000	573.600	508	63	128	2	7	1406	87	0	0		0	0	0	0	0	0.355	0.432	0.509	0	0.8495	1.0000
3.4	rtk.Tachikoma 1.0	weak		2	true	35	3551.000	1262.000	30	1500.000	250.000	1480.000	905.000	6	25437	0.601	1.155	14.370	34	0	0	0.133	0.069	47	1409	7	1409	1409	4	21	0	0	0	91	270	1410	T?/M?	live	0	0	0	650	473.029	650.000	578.029	657	55	83	2	6	1373	91	0	0		0	0	0	1	1	0.356	0.433	0.505	0	0.7378	0.8571
3.4	rtk.Tachikoma 1.0	weak		3	true	35	3784.000	1244.000	30	1500.000	250.000	1670.000	886.000	10	23666	0.563	1.083	14.125	35	0	0	0.171	0.065	62	1275	5	1275	1274	2	14	0	0	0	72	179	1294	T?/M?	live	0	0	0	650	474.331	400.000	526.171	499	11	276	2	1543	1275	71	0	0		0	0	0	0	0	0.384	0.455	0.509	0	0.7526	0.8571
3.4	rtk.Tachikoma 1.0	weak		4	true	35	3846.000	1176.000	33	1650.000	100.000	1561.000	1032.000	11	27030	0.608	1.180	15.119	35	0	0	0.147	0.079	82	1552	5	1552	1550	4	24	0	0	0	102	1409	1577	T?/M?	live	0	0	0	650	469.446	650.000	622.286	395	35	204	2	11	1552	102	0	0		0	0	0	0	0	0.355	0.430	0.509	0	0.7658	0.9429
3.4	rtk.Tachikoma 1.0	weak		5	true	35	3860.000	1064.000	32	1600.000	150.000	1626.000	844.000	3	23745	0.543	1.093	13.975	34	0	0	0.142	0.066	35	1275	6	1275	1272	2	21	0	0	0	96	565	1257	T?/M?	live	0	0	0	650	474.038	500.000	529.647	676	69	109	2	6	1242	96	0	0		0	0	0	1	1	0.384	0.445	0.491	0	0.7839	0.9143
3.4	rtk.Tachikoma 1.0	weak		6	true	35	3814.000	1197.000	31	1550.000	200.000	1639.000	917.000	10	24877	0.625	1.164	14.066	35	0	0	0.161	0.076	52	1372	5	1372	1372	2	16	0	0	0	93	266	1387	T?/M?	live	0	0	0	650	470.037	650.000	560.771	545	54	150	2	8	1364	93	0	0		0	0	0	0	0	0.378	0.448	0.509	0	0.7611	0.8857
3.4	rtk.Tachikoma 1.0	weak		7	true	35	3611.000	1248.000	30	1500.000	250.000	1480.000	846.000	12	24604	0.556	1.130	14.111	35	0	0	0.149	0.087	110	1355	7	1355	1355	4	21	0	0	0	88	0	1364	T?/M?	live	0	0	0	650	463.606	650.000	552.971	644	54	169	2	7	1355	88	0	0		0	0	0	0	0	0.427	0.464	0.491	0	0.7432	0.8571
3.4	rtk.Tachikoma 1.0	weak		8	true	35	4094.000	604.000	35	1750.000	0.000	1662.000	603.000	8	24401	0.529	1.027	13.918	35	0	0	0.147	0.056	45	1338	7	1339	1336	1	17	0	0	0	94	264	1346	T?/M?	live	0	0	0	650	487.249	650.000	547.171	746	210	153	1	1542	1339	94	0	0		0	0	0	0	0	0.384	0.451	0.509	0	0.8714	1.0000
3.4	rz.Aleph 0.34	mid		1	true	35	3297.000	1149.000	32	1600.000	150.000	1164.000	934.000	13	28715	0.466	0.978	14.701	35	0	0	0.110	0.057	65	1464	1	1464	1464	4	13	0	0	0	133	1069	1741	T?/M?	live	0	0	0	650	510.677	650.000	670.429	464	7	72	2	10	1464	133	0	0		0	0	0	0	0	0.373	0.411	0.456	0	0.7416	0.9143
3.4	rz.Aleph 0.34	mid		2	true	35	3358.000	1225.000	31	1550.000	200.000	1261.000	936.000	14	27739	0.435	0.964	15.110	35	0	0	0.117	0.063	53	1432	0	1432	1432	5	14	0	0	0	149	1366	1654	T?/M?	live	0	0	0	650	510.914	575.000	642.543	525	0	34	2	7	1432	149	0	0		0	0	0	0	0	0.382	0.411	0.447	0	0.7327	0.8857
3.4	rz.Aleph 0.34	mid		3	true	35	2767.000	1920.000	26	1300.000	450.000	1026.000	1265.000	8	29588	0.464	0.973	16.323	34	0	0	0.112	0.069	75	1539	2	1539	1539	4	19	0	0	0	143	1594	1772	T?/M?	live	0	0	0	650	511.856	650.000	691.235	289	20	10	2	2471	1462	143	0	0		0	0	0	1	1	0.373	0.416	0.456	0	0.5904	0.7429
3.4	rz.Aleph 0.34	mid		4	true	35	3292.000	1563.000	28	1400.000	350.000	1375.000	1057.000	12	26914	0.454	0.989	15.696	35	0	0	0.131	0.073	71	1365	1	1365	1365	6	15	0	0	0	128	1463	1579	T?/M?	live	0	0	0	650	512.414	650.000	618.971	450	2	139	3	7	1363	128	0	0		0	0	0	0	0	0.382	0.412	0.456	0	0.6781	0.8000
3.4	rz.Aleph 0.34	mid		5	true	35	3661.000	989.000	34	1700.000	50.000	1352.000	914.000	11	27122	0.447	0.959	14.607	35	0	0	0.126	0.068	50	1348	1	1348	1347	19	17	0	0	0	122	1411	1602	T?/M?	live	0	0	0	650	509.251	650.000	624.914	628	0	34	2	10	1340	122	0	0		0	0	0	0	0	0.367	0.420	0.468	0	0.7873	0.9714
3.4	rz.Aleph 0.34	mid		6	true	35	2893.000	1815.000	26	1300.000	450.000	1134.000	1155.000	19	27876	0.405	0.946	15.052	35	0	0	0.114	0.187	67	1412	2	1388	1388	9	19	0	0	0	124	1485	1692	T?/M?	live	0	0	0	650	520.489	650.000	646.457	542	0	52	3	7	1388	123	0	0		387	0	0	0	0	0.373	0.411	0.449	0	0.6145	0.7429
3.4	rz.Aleph 0.34	mid		7	true	35	3518.000	1181.000	33	1650.000	100.000	1292.000	1033.000	14	28973	0.445	0.967	17.093	35	0	0	0.118	0.069	78	1490	3	1490	1490	9	13	0	0	0	148	1317	1785	T?/M?	live	0	0	0	650	516.103	650.000	677.800	501	0	17	3	9	1490	148	0	0		0	0	0	0	0	0.290	0.390	0.468	0	0.7487	0.9429
3.4	rz.Aleph 0.34	mid		8	true	35	3046.000	1513.000	29	1450.000	300.000	1101.000	1074.000	3	29140	0.427	0.940	16.705	34	0	0	0.102	0.067	51	1483	2	1483	1483	1	8	0	0	0	148	1323	1728	T?/M?	live	0	0	0	650	515.400	650.000	680.353	585	13	7	1	4062	1432	148	0	0		0	0	0	1	1	0.381	0.419	0.449	0	0.6681	0.8286
3.4	sheldor.mini.FoilistMC 1.0	mid		1	true	35	3654.000	750.000	34	1700.000	50.000	1349.000	683.000	13	39201	0.691	1.198	15.984	34	0	0	0.105	0.067	110	2666	19	2665	2665	10	18	0	0	0	263	2351	2571	T?/M?	live	0	0	0	650	570.868	650.000	971.206	478	346	53	3	11	2592	261	0	0		0	0	0	1	1	0.313	0.392	0.474	0	0.8297	0.9714
3.4	sheldor.mini.FoilistMC 1.0	mid		2	true	35	3170.000	1464.000	28	1400.000	350.000	1253.000	967.000	14	39945	0.729	1.222	15.070	35	0	0	0.106	0.072	140	2749	9	2749	2749	5	24	0	0	0	243	2504	2722	T?/M?	live	0	0	0	650	575.511	650.000	991.286	576	126	8	3	12	2749	243	0	0		0	0	0	0	0	0.275	0.388	0.530	0	0.6841	0.8000
3.4	sheldor.mini.FoilistMC 1.0	mid		3	true	35	3137.000	1477.000	29	1450.000	300.000	1180.000	1048.000	18	43666	0.782	1.309	18.329	35	0	0	0.116	0.083	212	3068	11	3068	3068	10	31	0	0	0	307	2809	3049	T?/M?	live	0	0	0	650	579.671	650.000	1097.600	360	240	60	2	12	3041	306	0	0		0	0	0	0	0	0.313	0.385	0.474	0	0.6799	0.8286
3.4	sheldor.mini.FoilistMC 1.0	mid		4	true	35	3310.000	1224.000	31	1550.000	200.000	1215.000	940.000	14	45362	0.778	1.274	17.446	35	0	0	0.107	0.070	205	3223	15	3223	3222	8	24	0	0	0	302	3069	3222	T?/M?	live	0	0	0	650	583.354	650.000	1146.057	275	206	0	2	14	3223	301	0	0		0	0	0	0	0	0.275	0.387	0.530	0	0.7300	0.8857
3.4	sheldor.mini.FoilistMC 1.0	mid		5	true	35	3044.000	1463.000	28	1400.000	350.000	1145.000	961.000	15	42310	0.710	1.190	16.820	35	0	0	0.111	0.073	173	2946	11	2946	2946	6	23	0	0	0	297	2796	2969	T?/M?	live	0	0	0	650	572.863	400.000	1058.857	401	298	17	2	14	2946	296	0	0		0	0	0	0	0	0.313	0.373	0.474	0	0.6754	0.8000
3.4	sheldor.mini.FoilistMC 1.0	mid		6	true	35	3151.000	1335.000	28	1400.000	350.000	1242.000	848.000	17	41226	0.682	1.163	15.245	35	0	0	0.108	0.065	144	2846	16	2846	2846	7	26	0	0	0	252	2474	2795	T?/M?	live	0	0	0	650	559.529	550.000	1027.886	340	330	31	2	11	2809	252	0	0		0	0	0	0	0	0.275	0.367	0.432	0	0.7024	0.8000
3.4	sheldor.mini.FoilistMC 1.0	mid		7	true	35	3485.000	1013.000	33	1650.000	100.000	1255.000	882.000	13	47380	0.720	1.224	18.483	35	0	0	0.112	0.073	223	3400	18	3405	3400	5	28	0	0	0	327	3275	3412	T?/M?	live	0	0	0	650	571.029	650.000	1203.714	273	405	60	2	16	3405	326	0	0		0	0	0	0	0	0.313	0.377	0.474	0	0.7748	0.9429
3.4	sheldor.mini.FoilistMC 1.0	mid		8	true	35	3217.000	1397.000	29	1450.000	300.000	1244.000	971.000	12	43930	0.620	1.144	19.086	35	0	0	0.113	0.079	193	3085	14	3085	3085	2	22	0	0	0	263	3001	3092	T?/M?	live	0	0	0	650	579.446	650.000	1105.143	281	362	24	2	12632	3081	262	0	0		0	0	0	0	0	0.275	0.371	0.463	0	0.6972	0.8286
3.4	shrub.Silver v048	weak		1	true	35	4818.000	52.000	35	1750.000	0.000	2265.000	51.000	9	18667	0.230	0.645	10.806	35	0	0	0.217	0.013	3	726	0	726	726	1	11	0	0	0	45	0	835	T?/M?	live	0	0	0	650	322.423	400.000	383.343	577	54	455	2	5	725	45	0	0		0	0	0	0	0	0.476	0.505	0.533	0	0.9893	1.0000
3.4	shrub.Silver v048	weak		2	true	35	4815.000	96.000	35	1750.000	0.000	2263.000	95.000	9	18487	0.233	0.642	11.912	35	0	0	0.221	0.010	8	717	1	717	717	3	8	0	0	0	27	0	832	T?/M?	live	0	0	0	650	325.989	400.000	378.200	506	47	433	2	6	716	27	0	0		0	0	0	0	0	0.468	0.509	0.540	0	0.9805	1.0000
3.4	shrub.Silver v048	weak		3	true	35	4907.000	106.000	35	1750.000	0.000	2339.000	106.000	8	17853	0.235	0.661	10.001	35	0	0	0.213	0.015	3	692	2	692	692	2	6	0	0	0	36	0	773	T?/M?	live	0	0	0	650	329.040	400.000	360.086	381	34	496	1	191	692	36	0	0		0	0	0	0	0	0.476	0.509	0.533	0	0.9789	1.0000
3.4	shrub.Silver v048	weak		4	true	35	4989.000	60.000	35	1750.000	0.000	2407.000	60.000	12	17198	0.228	0.659	13.564	35	0	0	0.222	0.009	0	643	5	643	643	3	7	0	0	0	32	0	725	T?/M?	live	0	0	0	650	341.163	400.000	341.371	670	18	493	3	3	643	32	0	0		0	0	0	0	0	0.468	0.510	0.540	0	0.9881	1.0000
3.4	shrub.Silver v048	weak		5	true	35	5046.000	92.000	35	1750.000	0.000	2455.000	92.000	11	16754	0.231	0.691	15.158	35	0	0	0.251	0.013	1	609	1	609	609	2	6	0	0	0	21	0	703	T?/M?	live	0	0	0	650	318.720	400.000	328.686	580	30	457	2	3	608	21	0	0		0	0	0	0	0	0.471	0.515	0.553	0	0.9821	1.0000
3.4	shrub.Silver v048	weak		6	true	35	5002.000	104.000	35	1750.000	0.000	2418.000	102.000	10	17340	0.219	0.636	9.847	35	0	0	0.235	0.015	1	655	5	655	655	3	9	0	0	0	33	0	735	T?/M?	live	0	0	0	650	331.631	400.000	345.429	453	24	494	3	3	654	33	0	0		0	0	0	0	0	0.473	0.502	0.533	0	0.9796	1.0000
3.4	shrub.Silver v048	weak		7	true	35	5144.000	114.000	35	1750.000	0.000	2531.000	113.000	8	16077	0.204	0.622	10.278	35	0	0	0.256	0.021	6	578	1	578	578	2	9	0	0	0	26	0	637	T?/M?	live	0	0	0	650	313.034	400.000	309.343	413	0	503	2	2	577	26	0	0		0	0	0	0	0	0.471	0.516	0.553	0	0.9783	1.0000
3.4	shrub.Silver v048	weak		8	true	35	4870.000	99.000	35	1750.000	0.000	2307.000	98.000	9	17935	0.218	0.633	9.390	35	0	0	0.224	0.013	8	684	2	684	684	0	12	0	0	0	29	0	776	T?/M?	live	0	0	0	650	313.051	400.000	362.429	500	12	525	1	24	683	29	0	0		0	0	0	0	0	0.473	0.509	0.539	0	0.9801	1.0000
3.4	supersample.SuperTrackFire 1.0	weak		1	true	35	3923.000	98.000	35	1750.000	0.000	1520.000	98.000	10	16988	0.232	0.676	12.429	35	0	0	0.166	0.010	116	716	2	722	715	1	11	0	0	0	52	0	760	T?/M?	live	0	0	0	650	436.889	400.000	335.371	589	28	217	3	6	722	52	0	0		0	0	0	0	0	0.393	0.490	0.565	1	0.9756	1.0000
3.4	supersample.SuperTrackFire 1.0	weak		2	true	35	4079.000	152.000	35	1750.000	0.000	1649.000	152.000	10	16534	0.226	0.666	10.946	35	0	0	0.185	0.015	115	687	1	697	684	1	13	0	0	0	44	0	710	T?/M?	live	0	0	0	650	433.766	400.000	322.400	765	75	289	2	5	697	44	0	0		0	0	0	0	0	0.446	0.517	0.550	0	0.9641	1.0000
3.4	supersample.SuperTrackFire 1.0	weak		3	true	35	4054.000	222.000	35	1750.000	0.000	1629.000	222.000	10	16936	0.245	0.713	13.233	35	0	0	0.170	0.022	115	715	5	720	710	2	15	0	0	0	41	0	749	T?/M?	live	0	0	0	650	421.311	400.000	333.886	770	45	219	2	202	720	41	0	0		0	0	0	0	0	0.432	0.509	0.565	1	0.9481	1.0000
3.4	supersample.SuperTrackFire 1.0	weak		4	true	35	4181.000	122.000	35	1750.000	0.000	1734.000	122.000	10	16420	0.218	0.656	11.675	35	0	0	0.193	0.014	76	684	2	687	678	2	15	0	0	0	57	354	705	T?/M?	live	0	0	0	650	415.897	400.000	319.143	751	30	279	2	6	687	57	0	0		0	0	0	0	0	0.393	0.485	0.550	1	0.9716	1.0000
3.4	supersample.SuperTrackFire 1.0	weak		5	true	35	4094.000	133.000	35	1750.000	0.000	1662.000	132.000	9	16950	0.251	0.740	13.275	35	0	0	0.178	0.016	76	722	1	728	718	3	13	0	0	0	43	0	743	T?/M?	live	0	0	0	650	407.240	400.000	334.286	723	3	271	2	3	728	43	0	0		0	0	0	0	0	0.455	0.526	0.581	0	0.9685	1.0000
3.4	supersample.SuperTrackFire 1.0	weak		6	true	35	4296.000	219.000	35	1750.000	0.000	1830.000	218.000	11	15711	0.230	0.671	10.440	35	0	0	0.210	0.027	100	623	5	627	620	1	19	0	0	0	30	0	648	T?/M?	live	0	0	0	650	407.600	400.000	298.886	499	128	319	2	5	627	30	0	0		0	0	0	0	0	0.442	0.494	0.541	1	0.9515	1.0000
3.4	supersample.SuperTrackFire 1.0	weak		7	true	35	4226.000	129.000	35	1750.000	0.000	1772.000	127.000	11	16024	0.253	0.739	11.065	35	0	0	0.197	0.013	98	653	5	659	650	3	10	0	0	0	39	0	672	T?/M?	live	0	0	0	650	403.777	400.000	307.829	580	37	318	2	4	659	39	0	0		0	0	0	0	0	0.496	0.537	0.581	0	0.9704	1.0000
3.4	supersample.SuperTrackFire 1.0	weak		8	true	35	4007.000	137.000	35	1750.000	0.000	1589.000	137.000	10	16811	0.204	0.647	11.441	35	0	0	0.179	0.012	91	698	8	704	696	2	20	0	0	0	51	0	742	T?/M?	live	0	0	0	650	427.160	400.000	330.314	561	46	221	2	54	704	51	0	0		0	0	0	0	0	0.442	0.483	0.524	1	0.9669	1.0000
3.4	tad.Dalek98 0.98	weak		1	true	35	3866.000	726.000	35	1750.000	0.000	1472.000	722.000	10	20343	0.387	0.863	13.182	35	0	0	0.153	0.054	14	906	2	906	906	3	16	0	0	0	64	0	1044	T?/M?	live	0	0	0	650	461.249	400.000	431.229	1188	0	98	3	8	906	64	0	0		0	0	0	0	0	0.427	0.463	0.491	0	0.8419	1.0000
3.4	tad.Dalek98 0.98	weak		2	true	35	3638.000	431.000	35	1750.000	0.000	1282.000	431.000	11	20794	0.349	0.785	13.899	35	0	0	0.129	0.035	12	936	1	936	936	4	18	0	0	0	63	0	1080	T?/M?	live	0	0	0	650	502.309	525.000	444.114	1408	0	49	2	6	936	63	0	0		0	0	0	0	0	0.420	0.469	0.509	0	0.8941	1.0000
3.4	tad.Dalek98 0.98	weak		3	true	35	3810.000	729.000	35	1750.000	0.000	1425.000	729.000	9	21414	0.353	0.816	17.907	35	0	0	0.158	0.048	34	979	4	979	979	1	10	0	0	0	91	570	1143	T?/M?	live	0	0	0	650	478.651	400.000	461.829	812	39	136	2	682	979	91	0	0		0	0	0	0	0	0.390	0.456	0.491	0	0.8394	1.0000
3.4	tad.Dalek98 0.98	weak		4	true	35	3751.000	592.000	35	1750.000	0.000	1376.000	592.000	10	20682	0.316	0.744	13.891	35	0	0	0.151	0.041	23	902	2	902	902	2	10	0	0	0	86	962	1069	T?/M?	live	0	0	0	650	482.737	450.000	440.914	1080	0	105	2	10	902	86	0	0		0	0	0	0	0	0.384	0.446	0.509	0	0.8637	1.0000
3.4	tad.Dalek98 0.98	weak		5	true	35	3523.000	648.000	34	1700.000	50.000	1237.000	575.000	12	21549	0.366	0.820	16.864	35	0	0	0.128	0.037	16	958	1	958	958	5	14	0	0	0	86	871	1146	T?/M?	live	0	0	0	650	499.717	400.000	465.686	1044	32	62	2	8	958	86	0	0		0	0	0	0	0	0.450	0.470	0.488	0	0.8446	0.9714
3.4	tad.Dalek98 0.98	weak		6	true	35	3583.000	467.000	35	1750.000	0.000	1236.000	467.000	10	21982	0.310	0.737	14.430	35	0	0	0.127	0.032	22	1000	1	1000	1000	3	9	0	0	0	81	1025	1197	T?/M?	live	0	0	0	650	519.429	650.000	478.057	1341	0	17	3	5	1000	81	0	0		0	0	0	0	0	0.427	0.461	0.491	0	0.8847	1.0000
3.4	tad.Dalek98 0.98	weak		7	true	35	3792.000	586.000	35	1750.000	0.000	1410.000	586.000	11	20259	0.317	0.764	14.307	35	0	0	0.152	0.044	10	895	1	895	895	2	12	0	0	0	67	295	1025	T?/M?	live	0	0	0	650	472.869	400.000	428.829	981	0	158	2	8	895	67	0	0		0	0	0	0	0	0.450	0.477	0.517	0	0.8661	1.0000
3.4	tad.Dalek98 0.98	weak		8	true	35	3715.000	706.000	34	1700.000	50.000	1402.000	631.000	9	20623	0.350	0.803	14.677	35	0	0	0.146	0.047	12	923	4	923	923	1	18	0	0	0	67	772	1067	T?/M?	live	0	0	0	650	487.091	400.000	439.229	1441	37	92	1	83	923	67	0	0		0	0	0	0	0	0.427	0.454	0.485	0	0.8403	0.9714
3.4	theo.QuarkSoup 1.5fga	weak		1	true	35	3339.000	1022.000	33	1650.000	100.000	1138.000	878.000	13	28581	0.416	0.921	16.627	35	0	0	0.102	0.056	43	1426	0	1427	1426	8	19	0	0	0	135	1679	1732	T?/M?	live	0	0	0	650	502.140	650.000	666.600	572	0	0	2	7	1427	135	0	0		0	0	0	0	0	0.359	0.421	0.509	0	0.7657	0.9429
3.4	theo.QuarkSoup 1.5fga	weak		2	true	35	3746.000	917.000	34	1700.000	50.000	1422.000	851.000	8	26208	0.468	0.971	14.529	34	0	0	0.137	0.062	43	1271	0	1273	1271	4	14	0	0	0	115	1343	1480	T?/M?	live	0	0	0	650	460.429	650.000	596.529	407	33	36	2	8	1228	115	0	0		0	0	0	1	1	0.386	0.481	0.581	0	0.8033	0.9714
3.4	theo.QuarkSoup 1.5fga	weak		3	true	35	3332.000	1423.000	31	1550.000	200.000	1248.000	1132.000	13	30040	0.457	0.955	15.212	35	0	0	0.126	0.074	90	1422	1	1422	1422	8	21	0	0	0	146	1486	1869	T?/M?	live	0	0	0	650	484.451	650.000	708.286	580	2	21	3	2280	1422	146	0	0		0	0	0	0	0	0.359	0.433	0.511	0	0.7007	0.8857
3.4	theo.QuarkSoup 1.5fga	weak		4	true	35	3276.000	1081.000	32	1600.000	150.000	1140.000	869.000	19	29604	0.473	0.985	14.749	35	0	0	0.107	0.054	64	1464	1	1464	1464	9	13	0	0	0	135	1778	1802	T?/M?	live	0	0	0	650	501.449	650.000	695.829	552	21	9	3	10	1442	135	0	0		0	0	0	0	0	0.375	0.467	0.581	0	0.7519	0.9143
3.4	theo.QuarkSoup 1.5fga	weak		5	true	35	3257.000	1361.000	29	1450.000	300.000	1292.000	921.000	9	27713	0.399	0.903	17.034	34	0	0	0.117	0.058	61	1348	1	1348	1348	10	11	0	0	0	128	1582	1611	T?/M?	live	0	0	0	650	482.521	525.000	645.147	785	0	22	2	8	1305	128	0	0		0	0	0	1	1	0.359	0.422	0.509	0	0.7053	0.8286
3.4	theo.QuarkSoup 1.5fga	weak		6	true	35	2978.000	1772.000	27	1350.000	400.000	1162.000	1207.000	18	28531	0.483	1.010	15.182	35	0	0	0.123	0.219	85	1436	0	1393	1393	8	21	0	0	0	124	1376	1731	T?/M?	live	0	0	0	650	484.251	650.000	665.171	320	0	37	3	9	1392	123	0	0		614	0	0	0	0	0.375	0.467	0.581	0	0.6269	0.7714
3.4	theo.QuarkSoup 1.5fga	weak		7	true	35	3247.000	1194.000	30	1500.000	250.000	1228.000	832.000	11	27868	0.393	0.864	15.878	34	0	0	0.119	0.051	51	1424	1	1424	1424	9	20	0	0	0	129	273	1545	T?/M?	live	0	0	0	650	496.309	650.000	630.412	723	0	10	2	7	1314	128	0	0		0	0	0	1	1	0.359	0.422	0.509	0	0.7311	0.8571
3.4	theo.QuarkSoup 1.5fga	weak		8	true	35	3477.000	1105.000	32	1600.000	150.000	1309.000	882.000	9	27466	0.449	0.966	17.783	35	0	0	0.129	0.060	52	1372	0	1372	1372	0	11	0	0	0	109	705	1599	T?/M?	live	0	0	0	650	475.723	650.000	634.743	477	0	38	1	1851	1347	109	0	0		0	0	0	0	0	0.375	0.467	0.581	0	0.7588	0.9143
3.4	theo.avenge.Pequod 1.0	mid		1	true	35	3320.000	1205.000	31	1550.000	200.000	1229.000	923.000	14	32074	0.522	1.316	16.970	35	0	0	0.109	0.062	86	1310	2	1315	1310	6	12	0	0	0	117	1826	2032	T?/M?	live	0	0	0	650	537.989	650.000	766.400	341	36	12	2	9	1314	117	0	0		0	0	0	0	0	0.370	0.411	0.456	0	0.7337	0.8857
3.4	theo.avenge.Pequod 1.0	mid		2	true	35	3223.000	1155.000	31	1550.000	200.000	1154.000	869.000	11	32762	0.482	1.269	17.265	35	0	0	0.095	0.056	61	1352	0	1363	1352	3	9	0	0	0	128	1215	2072	T?/M?	live	0	0	0	650	528.300	650.000	786.057	591	1	0	2	9	1347	128	0	0		0	0	0	0	0	0.366	0.397	0.439	0	0.7362	0.8857
3.4	theo.avenge.Pequod 1.0	mid		3	true	35	3204.000	1186.000	29	1450.000	300.000	1240.000	764.000	10	29976	0.497	1.249	18.337	35	0	0	0.106	0.051	67	1247	1	1249	1247	2	12	0	0	0	103	0	1831	T?/M?	live	0	0	0	650	507.114	650.000	706.457	424	25	23	2	1658	1249	103	0	0		0	0	0	0	0	0.373	0.414	0.456	0	0.7298	0.8286
3.4	theo.avenge.Pequod 1.0	mid		4	true	35	3259.000	991.000	32	1600.000	150.000	1134.000	782.000	9	31744	0.462	1.252	17.370	35	0	0	0.096	0.051	66	1330	0	1340	1330	4	7	0	0	0	103	1690	1984	T?/M?	live	0	0	0	650	529.831	650.000	756.971	183	1	0	2	8	1340	103	0	0		0	0	0	0	0	0.366	0.406	0.447	0	0.7668	0.9143
3.4	theo.avenge.Pequod 1.0	mid		5	true	35	3012.000	1360.000	29	1450.000	300.000	1085.000	937.000	13	31830	0.503	1.305	18.469	35	0	0	0.094	0.060	57	1322	1	1323	1320	24	15	0	0	0	132	1721	2013	T?/M?	live	0	0	0	650	520.614	650.000	759.429	271	49	0	2	9	1323	132	0	0		0	0	0	0	0	0.373	0.411	0.456	0	0.6889	0.8286
3.4	theo.avenge.Pequod 1.0	mid		6	true	35	3355.000	1103.000	32	1600.000	150.000	1203.000	893.000	10	31098	0.514	1.302	16.544	35	0	0	0.110	0.059	82	1326	1	1326	1326	4	11	0	0	0	114	685	1930	T?/M?	live	0	0	0	650	524.254	650.000	738.514	296	32	33	2	10	1326	114	0	0		0	0	0	0	0	0.366	0.407	0.447	0	0.7526	0.9143
3.4	theo.avenge.Pequod 1.0	mid		7	true	35	3222.000	1041.000	33	1650.000	100.000	1047.000	898.000	11	34417	0.539	1.334	19.094	35	0	0	0.095	0.057	91	1393	0	1418	1393	3	16	0	0	0	121	1903	2243	T?/M?	live	0	0	0	650	530.491	650.000	833.343	415	61	0	2	9	1416	121	0	0		0	0	0	0	0	0.373	0.417	0.456	0	0.7558	0.9429
3.4	theo.avenge.Pequod 1.0	mid		8	true	35	3203.000	1079.000	31	1550.000	200.000	1137.000	798.000	9	31996	0.477	1.249	17.741	35	0	0	0.096	0.050	66	1338	1	1346	1337	1	12	0	0	0	110	0	2005	T?/M?	live	0	0	0	650	526.011	650.000	764.171	427	31	0	1	1280	1346	109	0	0		0	0	0	0	0	0.366	0.403	0.447	0	0.7480	0.8857
3.4	theo.real.Ahab 1.0	mid		1	true	35	2846.000	1819.000	25	1250.000	500.000	1156.000	1110.000	5	33128	0.725	1.531	16.915	34	0	0	0.106	0.075	75	1761	0	1768	1761	2	26	0	0	0	142	1594	2041	T?/M?	live	0	0	0	650	516.868	650.000	792.500	235	1	5	2	10	1698	142	0	0		0	0	0	1	1	0.358	0.433	0.537	1	0.6101	0.7143
3.4	theo.real.Ahab 1.0	mid		2	true	35	3011.000	1403.000	29	1450.000	300.000	1085.000	982.000	15	34081	0.772	1.544	17.251	35	0	0	0.097	0.064	94	1808	0	1813	1808	4	17	0	0	0	153	1758	2206	T?/M?	live	0	0	0	650	528.409	650.000	823.743	173	1	3	2	12	1813	153	0	0		0	0	0	0	0	0.333	0.440	0.565	0	0.6821	0.8286
3.4	theo.real.Ahab 1.0	mid		3	true	35	3120.000	1271.000	30	1500.000	250.000	1118.000	921.000	12	33770	0.698	1.492	19.583	35	0	0	0.099	0.065	90	1727	2	1730	1727	3	16	0	0	0	160	1345	2183	T?/M?	live	0	0	0	650	531.171	650.000	814.857	265	1	6	2	5961	1730	160	0	0		0	0	0	0	0	0.358	0.432	0.537	1	0.7105	0.8571
3.4	theo.real.Ahab 1.0	mid		4	true	35	3067.000	1398.000	30	1500.000	250.000	1081.000	1042.000	17	36660	0.694	1.496	17.607	35	0	0	0.099	0.069	116	1833	1	1844	1833	10	12	0	0	0	161	2123	2453	T?/M?	live	0	0	0	650	521.800	650.000	897.429	199	3	19	3	11	1844	160	0	0		0	0	0	0	0	0.333	0.436	0.565	0	0.6869	0.8571
3.4	theo.real.Ahab 1.0	mid		5	true	35	3225.000	1243.000	30	1500.000	250.000	1206.000	894.000	13	32523	0.743	1.538	17.142	35	0	0	0.108	0.064	69	1744	3	1755	1744	6	20	0	0	0	132	1424	2041	T?/M?	live	0	0	0	650	532.337	650.000	779.229	246	1	0	3	10	1748	131	0	0		0	0	0	0	0	0.358	0.430	0.537	1	0.7218	0.8571
3.4	theo.real.Ahab 1.0	mid		6	true	35	3074.000	1508.000	29	1450.000	300.000	1132.000	1077.000	12	34973	0.730	1.512	17.479	35	0	0	0.101	0.075	96	1745	0	1746	1745	4	20	0	0	0	161	2235	2297	T?/M?	live	0	0	0	650	525.214	650.000	849.229	194	1	2	3	9	1746	161	0	0		0	0	0	0	0	0.333	0.432	0.565	0	0.6709	0.8286
3.4	theo.real.Ahab 1.0	mid		7	true	35	2847.000	1587.000	27	1350.000	400.000	1043.000	1028.000	11	34208	0.736	1.526	18.794	35	0	0	0.099	0.067	93	1790	3	1791	1790	4	20	0	0	0	175	1961	2220	T?/M?	live	0	0	0	650	526.794	650.000	827.371	194	0	5	2	10	1791	175	0	0		0	0	0	0	0	0.358	0.433	0.537	1	0.6421	0.7714
3.4	theo.real.Ahab 1.0	mid		8	true	35	3097.000	1354.000	30	1500.000	250.000	1097.000	1000.000	15	33949	0.756	1.527	16.631	35	0	0	0.102	0.067	101	1789	1	1795	1789	6	23	0	0	0	154	1879	2204	T?/M?	live	0	0	0	650	528.189	650.000	819.971	190	1	0	2	11	1795	154	0	0		0	0	0	0	0	0.333	0.432	0.565	0	0.6958	0.8571
3.4	tide.pear.Pear 0.62.1	mid		1	true	35	2975.000	1370.000	30	1500.000	250.000	986.000	1016.000	12	30790	0.480	0.972	12.959	35	0	0	0.092	0.063	67	1594	49	1594	1594	6	14	0	0	0	141	1373	1933	T?/M?	live	0	0	0	650	501.037	650.000	729.714	505	33	0	2	10	1594	141	0	0		0	0	0	0	0	0.275	0.404	0.474	0	0.6847	0.8571
3.4	tide.pear.Pear 0.62.1	mid		2	true	35	3182.000	1498.000	30	1500.000	250.000	1172.000	1130.000	14	30930	0.488	0.934	12.311	35	0	0	0.104	0.073	64	1537	45	1541	1537	6	21	0	0	0	131	1824	1944	T?/M?	live	0	0	0	650	498.286	650.000	733.714	517	1	0	2	10	1536	130	0	0		0	0	0	0	0	0.275	0.346	0.384	0	0.6799	0.8571
3.4	tide.pear.Pear 0.62.1	mid		3	true	35	2852.000	1654.000	29	1450.000	300.000	949.000	1229.000	10	34198	0.456	0.919	13.811	34	0	0	0.092	0.071	90	1705	50	1709	1705	3	17	0	0	0	164	1973	2194	T?/M?	live	0	0	0	650	502.618	650.000	833.529	244	120	12	2	6601	1667	164	0	0		0	0	0	1	1	0.330	0.409	0.474	0	0.6329	0.8286
3.4	tide.pear.Pear 0.62.1	mid		4	true	35	2794.000	1611.000	29	1450.000	300.000	897.000	1180.000	13	33188	0.460	0.944	13.154	35	0	0	0.090	0.069	91	1708	41	1706	1698	23	10	0	0	0	167	1830	2148	T?/M?	live	0	0	0	650	507.683	650.000	798.229	145	27	6	2	9	1706	167	0	0		0	0	0	0	0	0.275	0.350	0.394	0	0.6343	0.8286
3.4	tide.pear.Pear 0.62.1	mid		5	true	35	2714.000	1940.000	24	1200.000	550.000	1093.000	1153.000	10	30134	0.515	0.964	14.200	35	0	0	0.103	0.072	72	1581	78	1570	1570	4	12	0	0	0	157	1701	1871	T?/M?	live	0	0	0	650	499.083	650.000	710.971	352	58	24	2	8	1568	157	0	0		0	0	0	0	0	0.315	0.396	0.439	0	0.5832	0.6857
3.4	tide.pear.Pear 0.62.1	mid		6	true	35	2957.000	1562.000	28	1400.000	350.000	1086.000	1066.000	10	31197	0.445	0.898	13.609	35	0	0	0.100	0.068	65	1549	65	1552	1549	1	13	0	0	0	165	1349	1964	T?/M?	live	0	0	0	650	509.497	650.000	741.343	622	32	14	2	1213	1552	165	0	0		0	0	0	0	0	0.313	0.347	0.375	0	0.6543	0.8000
3.4	tide.pear.Pear 0.62.1	mid		7	true	35	2620.000	1794.000	26	1300.000	450.000	902.000	1142.000	12	32092	0.513	0.979	12.821	35	0	0	0.089	0.070	74	1676	86	1676	1676	4	15	0	0	0	174	1489	2044	T?/M?	live	0	0	0	650	504.043	650.000	766.914	274	33	0	2	8	1658	174	0	0		0	0	0	0	0	0.366	0.407	0.447	0	0.5936	0.7429
3.4	tide.pear.Pear 0.62.1	mid		8	true	35	2981.000	1382.000	30	1500.000	250.000	1003.000	1031.000	9	32092	0.428	0.872	13.944	35	0	0	0.096	0.063	79	1632	39	1632	1632	1	11	0	0	0	161	1644	2050	T?/M?	live	0	0	0	650	501.786	650.000	766.914	603	90	0	1	3333	1624	161	0	0		0	0	0	0	0	0.313	0.354	0.391	0	0.6832	0.8571
3.4	vjik.UnViolation 1.1	weak		1	true	35	5883.000	397.000	35	1750.000	0.000	3152.000	393.000	10	13152	0.141	0.509	8.423	35	0	0	0.463	0.133	16	506	2	507	506	1	22	0	0	0	46	427	458	T?/M?	live	0	0	0	650	324.200	400.000	225.771	372	0	344	3	4	503	46	0	0		0	0	0	0	0	0.400	0.419	0.441	0	0.9368	1.0000
3.4	vjik.UnViolation 1.1	weak		2	true	35	5894.000	434.000	35	1750.000	0.000	3156.000	429.000	9	13431	0.188	0.601	8.896	35	0	0	0.443	0.116	17	530	3	530	530	3	13	0	0	0	57	283	475	T?/M?	live	0	0	0	650	338.714	400.000	233.743	300	30	362	2	5	529	57	0	0		0	0	0	0	0	0.521	0.545	0.565	0	0.9314	1.0000
3.4	vjik.UnViolation 1.1	weak		3	true	35	5844.000	413.000	35	1750.000	0.000	3116.000	409.000	9	13702	0.158	0.518	8.724	35	0	0	0.415	0.109	21	548	3	548	548	2	17	0	0	0	59	387	493	T?/M?	live	0	0	0	650	334.911	400.000	241.486	352	0	379	1	26	546	59	0	0		0	0	0	0	0	0.400	0.424	0.445	0	0.9340	1.0000
3.4	vjik.UnViolation 1.1	weak		4	true	35	5885.000	432.000	35	1750.000	0.000	3154.000	430.000	11	13017	0.158	0.608	9.292	35	0	0	0.458	0.129	18	500	2	500	500	3	19	0	0	0	53	202	445	T?/M?	live	0	0	0	650	309.383	400.000	221.914	321	0	343	2	6	498	53	0	0		0	0	0	0	0	0.485	0.530	0.565	0	0.9316	1.0000
3.4	vjik.UnViolation 1.1	weak		5	true	35	5930.000	558.000	35	1750.000	0.000	3189.000	550.000	8	13661	0.158	0.560	8.807	35	0	0	0.453	0.144	24	548	3	548	548	3	24	0	0	0	56	337	489	T?/M?	live	0	0	0	650	328.866	400.000	240.314	273	0	368	2	6	547	56	0	0		0	0	0	0	0	0.333	0.371	0.409	0	0.9140	1.0000
3.4	vjik.UnViolation 1.1	weak		6	true	35	5770.000	289.000	35	1750.000	0.000	3059.000	286.000	10	13574	0.174	0.525	10.744	35	0	0	0.429	0.094	10	537	3	537	537	4	13	0	0	0	67	444	483	T?/M?	live	0	0	0	650	337.057	400.000	237.829	242	14	373	3	5	534	67	0	0		0	0	0	0	0	0.397	0.405	0.416	0	0.9523	1.0000
3.4	vjik.UnViolation 1.1	weak		7	true	35	5906.000	540.000	35	1750.000	0.000	3162.000	534.000	11	13872	0.159	0.545	7.961	35	0	0	0.419	0.147	28	553	7	553	553	4	19	0	0	0	66	299	501	T?/M?	live	0	0	0	650	344.197	400.000	246.343	225	27	386	3	3	550	66	0	0		0	0	0	0	0	0.333	0.371	0.409	0	0.9162	1.0000
3.4	vjik.UnViolation 1.1	weak		8	true	35	5822.000	341.000	35	1750.000	0.000	3101.000	339.000	7	13337	0.161	0.527	9.312	35	0	0	0.433	0.113	10	526	3	526	526	2	12	0	0	0	66	360	469	T?/M?	live	0	0	0	650	329.009	400.000	231.057	309	0	350	1	117	525	66	0	0		0	0	0	0	0	0.397	0.405	0.416	0	0.9447	1.0000
3.4	wcsv.Engineer.Engineer 0.5.4	mid		1	true	35	3037.000	1585.000	29	1450.000	300.000	1097.000	1155.000	13	30817	0.536	1.000	15.726	35	0	0	0.101	0.074	60	1771	10	1771	1771	5	18	0	0	0	143	1102	1933	T?/M?	live	0	0	0	650	474.174	650.000	730.486	590	219	4	3	11	1771	143	0	0		0	0	0	0	0	0.317	0.407	0.490	1	0.6571	0.8286
3.4	wcsv.Engineer.Engineer 0.5.4	mid		2	true	35	2869.000	1680.000	29	1450.000	300.000	956.000	1250.000	16	32930	0.519	0.987	14.155	35	0	0	0.104	0.072	105	1912	14	1911	1911	5	16	0	0	0	179	2065	2131	T?/M?	live	0	0	0	650	467.543	650.000	790.857	199	298	0	2	10	1911	178	0	0		0	0	0	0	0	0.333	0.398	0.463	1	0.6307	0.8286
3.4	wcsv.Engineer.Engineer 0.5.4	mid		3	true	35	2679.000	2012.000	24	1200.000	550.000	1072.000	1228.000	12	29965	0.522	0.994	14.012	35	0	0	0.107	0.072	73	1691	8	1689	1689	29	18	0	0	0	139	658	1859	T?/M?	live	0	0	0	650	467.843	650.000	706.143	277	191	19	2	165	1689	139	0	0		0	0	0	0	0	0.317	0.404	0.490	1	0.5711	0.6857
3.4	wcsv.Engineer.Engineer 0.5.4	mid		4	true	35	2949.000	1870.000	27	1350.000	400.000	1129.000	1294.000	7	30059	0.509	0.992	15.975	34	0	0	0.111	0.078	79	1708	8	1708	1708	7	11	0	0	0	174	1517	1812	T?/M?	live	0	0	0	650	473.897	650.000	712.912	415	162	55	2	12	1649	174	0	0		0	0	0	1	1	0.333	0.396	0.463	1	0.6120	0.7714
3.4	wcsv.Engineer.Engineer 0.5.4	mid		5	true	35	2742.000	1998.000	25	1250.000	500.000	1060.000	1283.000	10	31000	0.527	1.020	15.202	35	0	0	0.110	0.079	86	1766	12	1766	1766	6	13	0	0	0	165	755	1933	T?/M?	live	0	0	0	650	463.286	650.000	735.714	429	246	35	2	9	1733	164	0	0		0	0	0	0	0	0.392	0.450	0.530	0	0.5785	0.7143
3.4	wcsv.Engineer.Engineer 0.5.4	mid		6	true	35	2930.000	1602.000	29	1450.000	300.000	1005.000	1174.000	14	31964	0.517	1.000	15.407	35	0	0	0.110	0.076	103	1852	16	1852	1852	6	19	0	0	0	160	1364	1997	T?/M?	live	0	0	0	650	466.749	650.000	763.257	350	273	30	2	10	1820	160	0	0		0	0	0	0	0	0.327	0.428	0.469	0	0.6465	0.8286
3.4	wcsv.Engineer.Engineer 0.5.4	mid		7	true	35	2920.000	1642.000	27	1350.000	400.000	1116.000	1070.000	13	29497	0.495	0.967	14.446	35	0	0	0.108	0.074	61	1660	8	1660	1660	5	22	0	0	0	157	1590	1798	T?/M?	live	0	0	0	650	464.143	650.000	692.771	439	233	14	2	8	1660	156	0	0		0	0	0	0	0	0.344	0.422	0.530	0	0.6401	0.7714
3.4	wcsv.Engineer.Engineer 0.5.4	mid		8	true	35	2858.000	1766.000	27	1350.000	400.000	1063.000	1191.000	7	30498	0.471	0.935	15.069	35	0	0	0.108	0.075	80	1736	12	1736	1736	0	21	0	0	0	152	1481	1907	T?/M?	live	0	0	0	650	469.229	650.000	721.371	367	249	53	1	6864	1728	151	0	0		0	0	0	0	0	0.345	0.434	0.469	0	0.6181	0.7714
3.4	wiki.WaveRammer 1.0	weak		1	true	35	5554.000	1718.000	33	1650.000	100.000	2832.000	1425.000	11	15481	0.276	0.853	11.931	35	0	0	0.335	0.223	126	671	4	671	670	1	35	0	0	0	41	490	600	T?/M?	live	0	0	0	650	258.963	650.000	292.314	262	11	475	2	8	649	41	0	0		0	0	0	0	0	0.512	0.537	0.566	0	0.7638	0.9429
3.4	wiki.WaveRammer 1.0	weak		2	true	35	5500.000	1949.000	31	1550.000	200.000	2929.000	1476.000	10	14489	0.228	0.775	8.722	35	0	0	0.390	0.253	145	604	1	603	603	3	21	0	0	0	31	0	542	T?/M?	live	0	0	0	650	237.563	450.000	263.971	339	26	409	2	6	579	31	0	0		0	0	0	0	0	0.464	0.510	0.561	0	0.7384	0.8857
3.4	wiki.WaveRammer 1.0	weak		3	true	35	5452.000	1709.000	33	1600.000	100.000	2733.000	1336.000	7	14951	0.269	0.790	11.769	34	0	0	0.358	0.224	190	634	1	634	634	2	26	0	0	0	36	0	536	T?/M?	live	0	0	0	650	247.741	650.000	270.294	240	3	421	2	507	589	36	0	0		0	0	0	1	1	0.473	0.528	0.566	0	0.7613	0.9412
3.4	wiki.WaveRammer 1.0	weak		4	true	35	5586.000	1793.000	32	1600.000	150.000	2936.000	1418.000	9	14118	0.222	0.773	9.465	35	0	0	0.399	0.237	125	566	2	567	566	2	27	0	0	0	24	0	515	T?/M?	live	0	0	0	650	236.480	650.000	253.371	253	22	409	2	4	555	24	0	0		0	0	0	0	0	0.464	0.514	0.561	0	0.7570	0.9143
3.4	wiki.WaveRammer 1.0	weak		5	true	35	5257.000	1906.000	30	1500.000	250.000	2739.000	1281.000	12	14927	0.258	0.798	13.203	35	0	0	0.365	0.230	164	635	1	635	635	6	35	0	0	0	50	2	571	T?/M?	live	0	0	0	650	251.754	650.000	276.486	390	9	416	3	6	616	50	0	0		0	0	0	0	0	0.473	0.515	0.567	0	0.7339	0.8571
3.4	wiki.WaveRammer 1.0	weak		6	true	35	5429.000	1402.000	33	1650.000	100.000	2766.000	1137.000	9	15028	0.270	0.809	12.288	34	0	0	0.338	0.180	85	645	3	645	645	5	24	0	0	0	37	0	560	T?/M?	live	0	0	0	650	268.229	650.000	281.941	352	9	450	2	8	625	37	0	0		0	0	0	1	1	0.459	0.528	0.566	0	0.7948	0.9429
3.4	wiki.WaveRammer 1.0	weak		7	true	35	5723.000	1480.000	34	1700.000	50.000	2877.000	1216.000	11	13553	0.225	0.694	12.035	35	0	0	0.409	0.217	151	525	5	525	525	3	23	0	0	0	18	0	474	T?/M?	live	0	0	0	650	225.791	400.000	237.229	197	10	400	3	7	505	18	0	0		0	0	0	0	0	0.473	0.507	0.567	0	0.7945	0.9714
3.4	wiki.WaveRammer 1.0	weak		8	true	35	5446.000	1655.000	32	1600.000	150.000	2818.000	1270.000	9	14491	0.251	0.751	11.324	35	0	0	0.366	0.209	132	598	3	598	598	0	23	0	0	0	27	0	537	T?/M?	live	0	0	0	650	246.334	400.000	264.029	247	0	440	1	232	581	27	0	0		0	0	0	0	0	0.512	0.537	0.566	0	0.7669	0.9143
3.4	zen.Ronin 1.0.0	mid		1	false	0	0.000	0.000	0	0.000	0.000	0.000	0.000	0	0	0.000	0.000	0.000	0	0	0	NaN	NaN	0	0	0	0	0	0	0	0	0	0	0	0	0	-	-	0	0	0	-	NaN	NaN	NaN	0	0	0	0	0	0	0	0	0	expected 2 robots; found 1	0	0	0	0	0	0.397	0.397	0.397	0		
3.4	zen.Ronin 1.0.0	mid		2	false	0	0.000	0.000	0	0.000	0.000	0.000	0.000	0	0	0.000	0.000	0.000	0	0	0	NaN	NaN	0	0	0	0	0	0	0	0	0	0	0	0	0	-	-	0	0	0	-	NaN	NaN	NaN	0	0	0	0	0	0	0	0	0	expected 2 robots; found 1	0	0	0	0	0	0.397	0.415	0.434	0		
3.4	zen.Ronin 1.0.0	mid		3	false	0	0.000	0.000	0	0.000	0.000	0.000	0.000	0	0	0.000	0.000	0.000	0	0	0	NaN	NaN	0	0	0	0	0	0	0	0	0	0	0	0	0	-	-	0	0	0	-	NaN	NaN	NaN	0	0	0	0	0	0	0	0	0	expected 2 robots; found 1	0	0	0	0	0	0.512	0.512	0.512	0		
3.4	zen.Ronin 1.0.0	mid		4	false	0	0.000	0.000	0	0.000	0.000	0.000	0.000	0	0	0.000	0.000	0.000	0	0	0	NaN	NaN	0	0	0	0	0	0	0	0	0	0	0	0	0	-	-	0	0	0	-	NaN	NaN	NaN	0	0	0	0	0	0	0	0	0	expected 2 robots; found 1	0	0	0	0	0	0.451	0.451	0.451	0		
3.4	zen.Ronin 1.0.0	mid		5	false	0	0.000	0.000	0	0.000	0.000	0.000	0.000	0	0	0.000	0.000	0.000	0	0	0	NaN	NaN	0	0	0	0	0	0	0	0	0	0	0	0	0	-	-	0	0	0	-	NaN	NaN	NaN	0	0	0	0	0	0	0	0	0	expected 2 robots; found 1	0	0	0	0	0	0.489	0.489	0.489	0		
3.4	zen.Ronin 1.0.0	mid		6	false	0	0.000	0.000	0	0.000	0.000	0.000	0.000	0	0	0.000	0.000	0.000	0	0	0	NaN	NaN	0	0	0	0	0	0	0	0	0	0	0	0	0	-	-	0	0	0	-	NaN	NaN	NaN	0	0	0	0	0	0	0	0	0	expected 2 robots; found 1	0	0	0	0	0	0.512	0.512	0.512	0		
3.4	zen.Ronin 1.0.0	mid		7	false	0	0.000	0.000	0	0.000	0.000	0.000	0.000	0	0	0.000	0.000	0.000	0	0	0	NaN	NaN	0	0	0	0	0	0	0	0	0	0	0	0	0	-	-	0	0	0	-	NaN	NaN	NaN	0	0	0	0	0	0	0	0	0	expected 2 robots; found 1	0	0	0	0	0	0.543	0.543	0.543	0		
3.4	zen.Ronin 1.0.0	mid		8	false	0	0.000	0.000	0	0.000	0.000	0.000	0.000	0	0	0.000	0.000	0.000	0	0	0	NaN	NaN	0	0	0	0	0	0	0	0	0	0	0	0	0	-	-	0	0	0	-	NaN	NaN	NaN	0	0	0	0	0	0	0	0	0	expected 2 robots; found 1	0	0	0	0	0	0.489	0.489	0.489	0		
3.4	zezinho.QuerMePegarKKKK 1.0	weak		1	true	35	4374.000	929.000	34	1700.000	50.000	1950.000	850.000	16	25477	0.434	0.971	17.376	35	0	0	0.174	0.086	45	1331	5	1332	1331	7	19	0	0	0	105	1086	1411	T?/M?	live	0	0	0	650	392.931	425.000	577.914	535	23	194	2	8	1328	105	0	0		0	0	0	0	0	0.395	0.462	0.543	0	0.8248	0.9714
3.4	zezinho.QuerMePegarKKKK 1.0	weak		2	true	35	3909.000	1264.000	31	1550.000	200.000	1717.000	923.000	14	27157	0.447	0.984	16.708	35	0	0	0.169	0.086	88	1457	2	1457	1457	8	29	0	0	0	137	1357	1569	T?/M?	live	0	0	0	650	398.826	575.000	625.914	554	10	120	2	9	1451	137	0	0		0	0	0	0	0	0.367	0.441	0.517	0	0.7557	0.8857
3.4	zezinho.QuerMePegarKKKK 1.0	weak		3	true	35	4288.000	1198.000	33	1650.000	100.000	1909.000	928.000	7	26351	0.494	1.006	17.670	34	0	0	0.173	0.087	95	1363	5	1363	1363	2	23	0	0	0	131	1118	1498	T?/M?	live	0	0	0	650	413.529	650.000	617.324	413	1	202	2	801	1350	131	0	0		0	0	0	1	0	0.395	0.464	0.543	0	0.7816	0.9429
3.4	zezinho.QuerMePegarKKKK 1.0	weak		4	true	35	4235.000	1262.000	32	1600.000	150.000	1898.000	995.000	13	26651	0.479	0.989	17.050	35	0	0	0.181	0.094	117	1409	1	1409	1409	8	26	0	0	0	112	814	1519	T?/M?	live	0	0	0	650	411.400	650.000	611.457	517	0	308	2	8	1405	112	0	0		0	0	0	0	0	0.395	0.445	0.517	0	0.7704	0.9143
3.4	zezinho.QuerMePegarKKKK 1.0	weak		5	true	35	4175.000	1418.000	31	1550.000	200.000	1900.000	978.000	11	25234	0.475	0.981	16.576	35	0	0	0.206	0.125	145	1299	3	1299	1299	7	19	0	0	0	119	952	1408	T?/M?	live	0	0	0	650	396.814	650.000	570.971	528	0	223	2	7	1288	119	0	0		0	0	0	0	0	0.395	0.464	0.543	0	0.7465	0.8857
3.4	zezinho.QuerMePegarKKKK 1.0	weak		6	true	35	4291.000	796.000	34	1700.000	50.000	1881.000	719.000	11	25762	0.418	0.868	18.329	35	0	0	0.176	0.074	62	1375	0	1375	1375	5	23	0	0	0	132	1136	1458	T?/M?	live	0	0	0	650	396.823	450.000	586.057	920	21	200	2	7	1373	132	0	0		0	0	0	0	0	0.395	0.455	0.517	0	0.8435	0.9714
3.4	zezinho.QuerMePegarKKKK 1.0	weak		7	true	35	4555.000	965.000	33	1650.000	100.000	2093.000	738.000	5	22042	0.411	0.899	17.033	34	0	0	0.207	0.114	77	1079	2	1079	1079	1	17	0	0	0	81	0	1069	T?/M?	live	0	0	0	650	397.129	650.000	473.824	675	0	287	2	8	1033	81	0	0		0	0	0	1	1	0.426	0.468	0.543	0	0.8252	0.9429
3.4	zezinho.QuerMePegarKKKK 1.0	weak		8	true	35	4002.000	1516.000	30	1500.000	250.000	1810.000	1081.000	13	28344	0.502	1.034	16.956	35	0	0	0.193	0.116	156	1540	2	1540	1540	5	20	0	0	0	142	1470	1664	T?/M?	live	0	0	0	650	406.874	650.000	659.829	433	0	280	2	24	1525	142	0	0		0	0	0	0	0	0.395	0.473	0.543	0	0.7253	0.8571
