build	opponent	role	rank	seed	ok	rounds	score	theirScore	firsts	survival	theirSurvival	bulletDamage	theirBulletDamage	skippedTurns	turns	turnP50Ms	turnP95Ms	turnMaxMs	roundRecords	faults	faultRecords	ourHitRate	theirHitRate	phantomWaves	enemyShots	unseenShots	inferredWaves	matchedWaves	radarReacquired	hiddenShots	profileFound	memoryFailures	seedsEvicted	bulletsIntercepted	jitteredShots	shotsFired	tiers	openingGun	gunSeed	surfSeed	seedDecays	openingDistance	meanDistance	targetDistance	roundTicks	finishTicks	ramTicks	fullPowerShots	maxLevel	slowTicks	shadowedWaves	interceptsShadowed	flavourChanges	flavourStep	errors	duressTicks	engineDisables	securityErrors	rShortfall	finalRMissing	hostCpuMin	hostCpuMean	hostCpuMax	otherJvms	score_share	survival_share
3.5.1	GarmBox.Oranges 1.0.1	weak		1	true	35	4372.000	1318.000	31	1550.000	200.000	2113.000	1033.000	11	18018	0.264	0.798	12.402	35	0	0	0.220	0.134	145	843	2	845	841	5	31	0	0	0	76	745	801	T?/M?	live	0	0	0	650	475.583	650.000	364.800	325	73	493	2	4	845	75	0	0		0	0	0	0	0	0.394	0.434	0.496	0	0.7684	0.8857
3.5.1	GarmBox.Oranges 1.0.1	weak		2	true	35	4516.000	1289.000	33	1650.000	100.000	2111.000	1145.000	14	18828	0.292	0.871	11.479	35	0	0	0.222	0.137	188	892	0	893	890	4	15	0	0	0	99	709	865	T?/M?	live	0	0	0	650	460.143	650.000	387.943	386	147	553	2	5	893	99	0	0		0	0	0	0	0	0.414	0.491	0.550	0	0.7780	0.9429
3.5.1	GarmBox.Oranges 1.0.1	weak		3	true	35	4505.000	876.000	33	1650.000	100.000	2117.000	729.000	6	17065	0.236	0.701	12.448	34	0	0	0.238	0.091	113	763	2	763	757	3	23	0	0	0	53	344	702	T?/M?	live	0	0	0	650	445.359	400.000	334.618	419	61	433	2	149	734	53	0	0		0	0	0	1	1	0.394	0.416	0.458	0	0.8372	0.9429
3.5.1	GarmBox.Oranges 1.0.1	weak		4	true	35	4234.000	1554.000	28	1400.000	350.000	2168.000	1059.000	15	17608	0.293	0.866	10.623	35	0	0	0.274	0.137	155	817	1	819	815	6	18	0	0	0	73	668	775	T?/M?	live	0	0	0	650	444.783	650.000	353.086	314	12	497	2	5	819	73	0	0		0	0	0	0	0	0.457	0.497	0.550	0	0.7315	0.8000
3.5.1	GarmBox.Oranges 1.0.1	weak		5	true	35	4653.000	661.000	34	1700.000	50.000	2184.000	589.000	11	16310	0.213	0.681	11.743	35	0	0	0.240	0.082	100	705	3	706	702	4	25	0	0	0	53	266	671	T?/M?	live	0	0	0	650	416.031	475.000	316.000	487	108	436	2	5	706	53	0	0		0	0	0	0	0	0.426	0.473	0.531	0	0.8756	0.9714
3.5.1	GarmBox.Oranges 1.0.1	weak		6	true	35	4651.000	680.000	34	1700.000	50.000	2184.000	602.000	12	16105	0.226	0.708	11.168	35	0	0	0.261	0.077	127	695	2	696	693	3	21	0	0	0	47	142	661	T?/M?	live	0	0	0	650	432.777	400.000	310.143	526	64	439	2	4	695	47	0	0		0	0	0	0	0	0.381	0.419	0.470	0	0.8724	0.9714
3.5.1	GarmBox.Oranges 1.0.1	weak		7	true	35	4638.000	1333.000	32	1550.000	150.000	2344.000	1099.000	4	17322	0.257	0.780	13.943	34	0	0	0.275	0.150	128	784	2	787	782	1	21	0	0	0	67	359	707	T?/M?	live	0	0	0	650	429.112	450.000	340.235	373	95	520	2	4	753	67	0	0		0	0	0	1	1	0.381	0.415	0.458	0	0.7768	0.9118
3.5.1	GarmBox.Oranges 1.0.1	weak		8	true	35	3981.000	1599.000	28	1400.000	350.000	1953.000	1107.000	6	19067	0.235	0.756	12.870	34	0	0	0.213	0.132	159	905	0	906	902	2	29	0	0	0	61	0	862	T?/M?	live	0	0	0	650	456.785	650.000	396.559	463	115	497	2	8	884	61	0	0		0	0	0	1	1	0.381	0.433	0.478	0	0.7134	0.8000
3.5.1	ahr.ice.Ice 1.0	weak		1	true	35	3609.000	1767.000	25	1250.000	500.000	1817.000	1051.000	11	17707	0.422	1.252	34.102	35	0	0	0.173	0.103	9	754	4	754	754	3	12	0	0	0	51	0	772	T?/M?	live	0	0	0	650	378.680	650.000	355.914	366	60	483	2	5	753	51	0	0		0	0	0	0	0	0.420	0.495	0.566	0	0.6713	0.7143
3.5.1	ahr.ice.Ice 1.0	weak		2	true	35	3947.000	1820.000	27	1350.000	400.000	1971.000	1248.000	4	17194	0.401	1.187	29.135	34	0	0	0.202	0.124	5	714	3	714	714	0	13	0	0	0	45	685	710	T?/M?	live	0	0	0	650	364.294	650.000	342.676	361	49	510	1	525	697	45	0	0		0	0	0	1	1	0.489	0.521	0.551	0	0.6844	0.7714
3.5.1	ahr.ice.Ice 1.0	weak		3	true	35	4113.000	1173.000	31	1550.000	200.000	1895.000	890.000	10	18142	0.431	1.270	38.108	35	0	0	0.173	0.081	3	773	3	773	773	1	13	0	0	0	69	360	814	T?/M?	live	0	0	0	650	372.291	625.000	368.343	441	154	437	1	270	773	69	0	0		0	0	0	0	0	0.420	0.495	0.566	0	0.7781	0.8857
3.5.1	ahr.ice.Ice 1.0	weak		4	true	35	3979.000	1658.000	28	1400.000	350.000	1950.000	1149.000	9	17667	0.380	1.032	25.884	35	0	0	0.186	0.109	10	747	2	747	747	2	19	0	0	0	54	218	761	T?/M?	live	0	0	0	650	366.149	650.000	354.771	480	59	501	2	3	745	54	0	0		0	0	0	0	0	0.475	0.518	0.551	0	0.7059	0.8000
3.5.1	ahr.ice.Ice 1.0	weak		5	true	35	3310.000	2179.000	22	1100.000	650.000	1729.000	1245.000	11	18172	0.409	1.222	25.835	35	0	0	0.164	0.117	11	784	4	783	783	3	11	0	0	0	47	0	802	T?/M?	live	0	0	0	650	392.826	650.000	369.200	345	100	535	2	3	782	47	0	0		0	0	0	0	0	0.472	0.508	0.551	0	0.6030	0.6286
3.5.1	ahr.ice.Ice 1.0	weak		6	true	35	3707.000	1951.000	24	1200.000	550.000	1960.000	1159.000	5	18410	0.405	1.238	26.961	34	0	0	0.206	0.107	27	822	2	822	822	3	13	0	0	0	58	633	771	T?/M?	live	0	0	0	650	374.388	650.000	358.676	354	35	487	2	4	750	58	0	0		0	0	0	1	1	0.466	0.517	0.574	0	0.6552	0.6857
3.5.1	ahr.ice.Ice 1.0	weak		7	true	35	3758.000	1891.000	26	1300.000	450.000	1898.000	1229.000	12	18479	0.399	1.152	26.348	35	0	0	0.178	0.115	12	803	4	803	803	4	19	0	0	0	52	715	832	T?/M?	live	0	0	0	650	383.949	650.000	377.971	374	84	509	3	5	803	52	0	0		0	0	0	0	0	0.472	0.502	0.546	0	0.6653	0.7429
3.5.1	ahr.ice.Ice 1.0	weak		8	true	35	4264.000	1087.000	32	1600.000	150.000	1975.000	867.000	8	17971	0.383	1.040	33.525	35	0	0	0.188	0.081	11	771	3	771	771	1	8	0	0	0	52	0	809	T?/M?	live	0	0	0	650	360.794	525.000	363.457	558	52	390	1	256	771	52	0	0		0	0	0	0	0	0.466	0.518	0.574	0	0.7969	0.9143
3.5.1	apc.Colossus2 0.12	weak		1	true	35	6915.000	1717.000	35	1750.000	0.000	4013.000	1717.000	11	12526	0.210	0.526	8.219	35	0	0	0.604	0.669	9	309	2	310	309	2	30	0	0	0	14	0	408	T?/M?	live	0	0	0	650	241.497	650.000	207.886	243	24	364	2	4	309	14	0	0		0	0	0	0	0	0.428	0.438	0.454	0	0.8011	1.0000
3.5.1	apc.Colossus2 0.12	weak		2	true	35	6830.000	1492.000	35	1750.000	0.000	3941.000	1492.000	9	12277	0.232	0.576	10.010	35	0	0	0.627	0.668	18	288	2	287	287	1	31	0	0	0	18	0	393	T?/M?	live	0	0	0	650	249.163	650.000	200.771	268	35	334	2	2	286	18	0	0		0	0	0	0	0	0.458	0.520	0.567	0	0.8207	1.0000
3.5.1	apc.Colossus2 0.12	weak		3	true	35	6995.000	1869.000	35	1750.000	0.000	4079.000	1869.000	10	12503	0.220	0.556	8.837	35	0	0	0.621	0.733	7	327	5	327	326	1	21	0	0	0	14	0	403	T?/M?	live	0	0	0	650	229.377	650.000	207.229	195	15	355	1	66	325	14	0	0		0	0	0	0	0	0.434	0.480	0.522	0	0.7891	1.0000
3.5.1	apc.Colossus2 0.12	weak		4	true	35	6934.000	1861.000	35	1750.000	0.000	4028.000	1861.000	11	13098	0.247	0.584	9.515	35	0	0	0.600	1.011	12	345	2	319	317	5	26	0	0	0	21	0	449	T?/M?	live	0	0	0	650	246.611	650.000	224.229	253	11	367	3	6	319	18	0	0		460	0	0	0	0	0.515	0.534	0.567	0	0.7884	1.0000
3.5.1	apc.Colossus2 0.12	weak		5	true	35	6959.000	1800.000	35	1750.000	0.000	4049.000	1800.000	10	12417	0.218	0.546	9.349	35	0	0	0.650	0.695	23	301	2	301	300	4	17	0	0	0	11	0	400	T?/M?	live	0	0	0	650	239.263	650.000	204.771	241	15	341	2	2	300	11	0	0		0	0	0	0	0	0.458	0.492	0.522	0	0.7945	1.0000
3.5.1	apc.Colossus2 0.12	weak		6	true	35	6910.000	1718.000	35	1750.000	0.000	4008.000	1717.000	9	12475	0.236	0.606	9.482	35	0	0	0.614	0.649	13	307	2	309	307	3	24	0	0	0	21	0	402	T?/M?	live	0	0	0	650	244.386	650.000	206.429	249	0	352	2	5	308	21	0	0		0	0	0	0	0	0.515	0.534	0.567	0	0.8009	1.0000
3.5.1	apc.Colossus2 0.12	weak		7	true	35	6889.000	1697.000	35	1750.000	0.000	3991.000	1697.000	12	12420	0.229	0.560	9.133	35	0	0	0.612	0.650	10	318	2	321	318	4	38	0	0	0	17	0	399	T?/M?	live	0	0	0	650	235.666	650.000	204.857	241	12	355	3	4	319	17	0	0		0	0	0	0	0	0.514	0.535	0.567	0	0.8024	1.0000
3.5.1	apc.Colossus2 0.12	weak		8	true	35	6843.000	1513.000	35	1750.000	0.000	3953.000	1513.000	9	11992	0.224	0.574	8.883	35	0	0	0.654	0.648	7	280	0	280	280	1	31	0	0	0	15	0	377	T?/M?	live	0	0	0	650	236.666	650.000	192.629	298	17	318	1	34	280	15	0	0		0	0	0	0	0	0.468	0.510	0.529	0	0.8189	1.0000
3.5.1	ara.Shera 0.88	weak		1	true	35	3451.000	1286.000	30	1500.000	250.000	1385.000	905.000	12	21510	0.426	0.941	13.934	35	0	0	0.151	0.063	38	983	4	983	983	12	14	0	0	0	82	0	1114	T?/M?	live	0	0	0	650	409.877	400.000	464.571	689	0	215	2	5	983	82	0	0		0	0	0	0	0	0.468	0.518	0.567	0	0.7285	0.8571
3.5.1	ara.Shera 0.88	weak		2	true	35	3523.000	1290.000	30	1500.000	250.000	1454.000	928.000	13	22409	0.331	0.861	13.990	35	0	0	0.131	0.070	26	1069	3	1070	1069	4	12	0	0	0	85	1053	1168	T?/M?	live	0	0	0	650	438.103	650.000	490.257	884	0	289	2	6	1066	85	0	0		0	0	0	0	0	0.405	0.450	0.486	0	0.7320	0.8571
3.5.1	ara.Shera 0.88	weak		3	true	35	3651.000	1473.000	29	1450.000	300.000	1625.000	1026.000	14	19925	0.396	0.921	13.599	35	0	0	0.168	0.075	33	882	4	882	882	6	16	0	0	0	72	231	983	T?/M?	live	0	0	0	650	401.194	600.000	419.286	588	0	289	2	8	882	72	0	0		0	0	0	0	0	0.453	0.495	0.533	0	0.7125	0.8286
3.5.1	ara.Shera 0.88	weak		4	true	35	3587.000	1434.000	31	1550.000	200.000	1454.000	1124.000	14	22349	0.429	0.932	13.470	35	0	0	0.152	0.084	53	1055	1	1055	1055	5	16	0	0	0	80	342	1179	T?/M?	live	0	0	0	650	403.263	650.000	488.543	638	0	248	3	7	1053	80	0	0		0	0	0	0	0	0.405	0.463	0.541	0	0.7144	0.8857
3.5.1	ara.Shera 0.88	weak		5	true	35	3691.000	1099.000	32	1600.000	150.000	1487.000	869.000	10	20895	0.383	0.879	14.214	35	0	0	0.156	0.060	32	938	5	938	938	4	12	0	0	0	86	658	1066	T?/M?	live	0	0	0	650	393.229	400.000	447.000	810	0	190	3	6	938	86	0	0		0	0	0	0	0	0.432	0.489	0.533	0	0.7706	0.9143
3.5.1	ara.Shera 0.88	weak		6	true	35	3681.000	1053.000	32	1600.000	150.000	1481.000	826.000	10	20851	0.376	0.861	13.634	35	0	0	0.153	0.066	17	938	2	938	938	3	14	0	0	0	81	918	1064	T?/M?	live	0	0	0	650	399.211	625.000	445.743	1023	0	122	2	9	938	81	0	0		0	0	0	0	0	0.405	0.455	0.491	0	0.7776	0.9143
3.5.1	ara.Shera 0.88	weak		7	true	35	3890.000	965.000	33	1650.000	100.000	1605.000	817.000	14	21367	0.379	0.886	13.428	35	0	0	0.167	0.069	25	972	1	972	972	5	24	0	0	0	75	640	1111	T?/M?	live	0	0	0	650	397.391	550.000	460.486	837	0	200	2	8	972	75	0	0		0	0	0	0	0	0.432	0.485	0.533	0	0.8012	0.9429
3.5.1	ara.Shera 0.88	weak		8	true	35	3869.000	1085.000	32	1600.000	150.000	1633.000	864.000	12	20144	0.397	0.895	13.699	35	0	0	0.169	0.066	29	922	2	922	922	3	16	0	0	0	78	48	996	T?/M?	live	0	0	0	650	401.063	650.000	425.543	773	0	243	2	7	918	78	0	0		0	0	0	0	0	0.405	0.455	0.491	0	0.7810	0.9143
3.5.1	bvh.tyr.Tyr 1.74	weak		1	true	35	5246.000	781.000	35	1750.000	0.000	2622.000	781.000	12	17025	0.291	0.844	9.832	35	0	0	0.263	0.139	15	715	3	715	715	6	22	0	0	0	46	0	725	T?/M?	live	0	0	0	650	440.611	400.000	336.429	404	0	503	3	6	714	46	0	0		0	0	0	0	0	0.415	0.488	0.545	0	0.8704	1.0000
3.5.1	bvh.tyr.Tyr 1.74	weak		2	true	35	4779.000	990.000	32	1600.000	150.000	2407.000	770.000	12	17107	0.295	0.844	11.702	35	0	0	0.232	0.117	14	745	4	745	745	5	13	0	0	0	53	658	723	T?/M?	live	0	0	0	650	476.786	650.000	338.771	290	0	539	2	6	744	53	0	0		0	0	0	0	0	0.391	0.473	0.531	0	0.8284	0.9143
3.5.1	bvh.tyr.Tyr 1.74	weak		3	true	35	5102.000	771.000	35	1750.000	0.000	2501.000	768.000	12	16852	0.309	0.841	10.639	35	0	0	0.255	0.135	9	703	4	703	703	2	11	0	0	0	39	0	701	T?/M?	live	0	0	0	650	450.414	600.000	331.486	271	0	519	2	1937	702	39	0	0		0	0	0	0	0	0.435	0.497	0.545	0	0.8687	1.0000
3.5.1	bvh.tyr.Tyr 1.74	weak		4	true	35	4747.000	1116.000	31	1550.000	200.000	2433.000	825.000	16	16899	0.278	0.799	11.811	35	0	0	0.249	0.109	21	717	2	717	717	8	16	0	0	0	51	315	709	T?/M?	live	0	0	0	650	459.820	650.000	332.829	204	0	531	2	5	711	51	0	0		0	0	0	0	0	0.391	0.441	0.490	0	0.8097	0.8857
3.5.1	bvh.tyr.Tyr 1.74	weak		5	true	35	5006.000	939.000	33	1650.000	100.000	2549.000	784.000	14	16592	0.277	0.830	9.909	35	0	0	0.254	0.133	5	702	1	701	700	36	20	0	0	0	36	0	684	T?/M?	live	0	0	0	650	450.666	650.000	324.057	350	0	510	2	4	701	36	0	0		0	0	0	0	0	0.387	0.406	0.445	0	0.8421	0.9429
3.5.1	bvh.tyr.Tyr 1.74	weak		6	true	35	4699.000	1166.000	31	1550.000	200.000	2390.000	848.000	12	16626	0.271	0.816	11.654	35	0	0	0.231	0.134	23	706	3	706	706	7	11	0	0	0	32	0	680	T?/M?	live	0	0	0	650	466.394	600.000	325.029	371	0	524	3	6	705	32	0	0		0	0	0	0	0	0.381	0.408	0.445	0	0.8012	0.8857
3.5.1	bvh.tyr.Tyr 1.74	weak		7	true	35	5069.000	756.000	34	1700.000	50.000	2533.000	685.000	12	16913	0.286	0.848	10.229	35	0	0	0.259	0.119	21	718	4	719	718	4	27	0	0	0	35	0	715	T?/M?	live	0	0	0	650	451.551	450.000	333.229	294	0	528	2	5	719	34	0	0		0	0	0	0	0	0.383	0.403	0.445	0	0.8702	0.9714
3.5.1	bvh.tyr.Tyr 1.74	weak		8	true	35	4959.000	455.000	34	1700.000	50.000	2443.000	375.000	9	15381	0.239	0.665	11.665	35	0	0	0.268	0.085	3	616	3	616	616	0	20	0	0	0	37	547	602	T?/M?	live	0	0	0	650	423.629	400.000	289.457	343	0	451	1	94	616	37	0	0		0	0	0	0	0	0.381	0.399	0.412	0	0.9160	0.9714
3.5.1	com.syncleus.robocode.Dreadnaught 0.1	weak		1	true	35	6048.000	2182.000	32	1600.000	150.000	3483.000	1937.000	13	13624	0.261	0.648	13.911	35	0	0	0.494	0.587	49	473	4	452	452	38	20	0	0	0	27	0	482	T?/M?	live	0	0	0	650	284.166	650.000	239.257	449	9	378	3	3	452	24	0	0		398	0	0	0	0	0.482	0.560	0.603	0	0.7349	0.9143
3.5.1	com.syncleus.robocode.Dreadnaught 0.1	weak		2	true	35	6446.000	1909.000	35	1750.000	0.000	3622.000	1909.000	10	13239	0.238	0.607	9.165	35	0	0	0.500	0.403	49	450	3	450	450	2	29	0	0	0	19	0	455	T?/M?	live	0	0	0	650	289.974	650.000	228.257	354	20	386	2	3	450	19	0	0		0	0	0	0	0	0.546	0.565	0.592	0	0.7715	1.0000
3.5.1	com.syncleus.robocode.Dreadnaught 0.1	weak		3	true	35	6303.000	1970.000	34	1700.000	50.000	3565.000	1890.000	10	13036	0.258	0.665	10.423	35	0	0	0.524	0.394	50	427	3	427	427	0	20	0	0	0	22	0	439	T?/M?	live	0	0	0	650	273.174	650.000	222.457	274	16	380	1	66	427	22	0	0		0	0	0	0	0	0.526	0.575	0.603	0	0.7619	0.9714
3.5.1	com.syncleus.robocode.Dreadnaught 0.1	weak		4	true	35	6033.000	1803.000	33	1650.000	100.000	3400.000	1647.000	11	12761	0.245	0.626	11.684	35	0	0	0.530	0.352	51	414	2	414	414	3	23	0	0	0	22	0	422	T?/M?	live	0	0	0	650	271.403	650.000	214.600	296	0	355	2	1	413	22	0	0		0	0	0	0	0	0.546	0.565	0.592	0	0.7699	0.9429
3.5.1	com.syncleus.robocode.Dreadnaught 0.1	weak		5	true	35	6284.000	1705.000	35	1750.000	0.000	3487.000	1705.000	12	13022	0.250	0.642	10.810	35	0	0	0.499	0.351	46	444	0	443	443	3	31	0	0	0	22	395	442	T?/M?	live	0	0	0	650	280.071	650.000	222.057	372	20	373	2	5	443	22	0	0		0	0	0	0	0	0.526	0.575	0.603	0	0.7866	1.0000
3.5.1	com.syncleus.robocode.Dreadnaught 0.1	weak		6	true	35	6183.000	2203.000	32	1600.000	150.000	3609.000	1954.000	12	13173	0.244	0.630	10.183	35	0	0	0.520	0.390	41	451	2	451	451	3	26	0	0	0	14	0	453	T?/M?	live	0	0	0	650	291.551	650.000	226.371	251	32	377	3	4	451	14	0	0		0	0	0	0	0	0.530	0.551	0.571	0	0.7373	0.9143
3.5.1	com.syncleus.robocode.Dreadnaught 0.1	weak		7	true	35	6134.000	1967.000	33	1650.000	100.000	3488.000	1812.000	15	13380	0.238	0.609	10.039	35	0	0	0.505	0.368	52	456	4	456	456	1	20	0	0	0	27	0	466	T?/M?	live	0	0	0	650	273.340	650.000	232.286	358	39	381	2	3	453	27	0	0		0	0	0	0	0	0.546	0.577	0.603	0	0.7572	0.9429
3.5.1	com.syncleus.robocode.Dreadnaught 0.1	weak		8	true	35	6224.000	1884.000	34	1700.000	50.000	3495.000	1808.000	8	12831	0.234	0.610	11.174	35	0	0	0.533	0.393	56	422	4	423	422	2	31	0	0	0	22	0	432	T?/M?	live	0	0	0	650	274.009	650.000	216.600	331	35	348	1	9	423	22	0	0		0	0	0	0	0	0.530	0.550	0.571	0	0.7676	0.9714
3.5.1	davidalves.Firebird 0.25	mid		1	true	35	2980.000	1453.000	31	1550.000	200.000	949.000	1167.000	11	35891	0.656	1.155	19.680	35	0	0	0.093	0.071	108	1891	1	1891	1891	4	16	0	0	0	176	2127	2376	T?/M?	live	0	0	0	650	471.646	650.000	875.457	280	81	1	2	10	1873	176	0	0		0	0	0	0	0	0.393	0.464	0.552	0	0.6722	0.8857
3.5.1	davidalves.Firebird 0.25	mid		2	true	35	2910.000	1709.000	28	1400.000	350.000	1051.000	1217.000	9	34684	0.603	1.099	20.083	35	0	0	0.096	0.078	82	1823	1	1823	1823	3	29	0	0	0	181	1708	2264	T?/M?	live	0	0	0	650	470.283	650.000	840.971	354	51	0	1	3257	1823	180	0	0		0	0	0	0	0	0.311	0.414	0.499	0	0.6300	0.8000
3.5.1	davidalves.Firebird 0.25	mid		3	true	35	3124.000	1241.000	31	1550.000	200.000	1063.000	952.000	13	32009	0.621	1.118	19.039	35	0	0	0.101	0.060	72	1671	0	1671	1671	5	13	0	0	0	170	255	2038	T?/M?	live	0	0	0	650	476.926	650.000	764.543	492	0	0	2	11	1665	170	0	0		0	0	0	0	0	0.393	0.452	0.524	0	0.7157	0.8857
3.5.1	davidalves.Firebird 0.25	mid		4	true	35	3233.000	1320.000	31	1550.000	200.000	1159.000	1034.000	11	33235	0.604	1.135	19.255	35	0	0	0.096	0.070	68	1717	1	1717	1717	5	17	0	0	0	166	2059	2130	T?/M?	live	0	0	0	650	474.137	650.000	799.571	559	33	1	2	10	1717	166	0	0		0	0	0	0	0	0.311	0.406	0.499	0	0.7101	0.8857
3.5.1	davidalves.Firebird 0.25	mid		5	true	35	2720.000	1845.000	26	1300.000	450.000	988.000	1200.000	6	32908	0.654	1.142	19.718	34	0	0	0.093	0.072	79	1791	2	1791	1791	6	16	0	0	0	161	1282	2061	T?/M?	live	0	0	0	650	473.956	650.000	794.206	339	0	0	3	12	1730	161	0	0		0	0	0	1	1	0.311	0.407	0.471	0	0.5958	0.7429
3.5.1	davidalves.Firebird 0.25	mid		6	true	35	3166.000	1250.000	31	1550.000	200.000	1098.000	962.000	11	32346	0.639	1.105	16.248	35	0	0	0.092	0.067	66	1676	0	1676	1676	1	11	0	0	0	144	1208	2054	T?/M?	live	0	0	0	650	481.997	650.000	774.171	466	0	0	2	10	1673	144	0	0		0	0	0	0	0	0.365	0.415	0.499	0	0.7169	0.8857
3.5.1	davidalves.Firebird 0.25	mid		7	true	35	2849.000	1754.000	27	1350.000	400.000	1058.000	1183.000	12	33388	0.615	1.096	19.130	35	0	0	0.088	0.076	73	1771	1	1771	1771	2	22	0	0	0	169	2079	2129	T?/M?	live	0	0	0	650	475.760	650.000	803.943	395	35	0	3	8	1750	169	0	0		0	0	0	0	0	0.311	0.408	0.471	0	0.6189	0.7714
3.5.1	davidalves.Firebird 0.25	mid		8	true	35	2734.000	1500.000	29	1400.000	300.000	898.000	1069.000	12	34103	0.624	1.091	20.254	35	0	0	0.086	0.066	88	1779	1	1779	1779	2	16	0	0	0	177	1736	2216	T?/M?	live	0	0	0	650	467.926	650.000	824.371	226	14	0	2	2858	1779	177	0	0		0	0	0	0	0	0.365	0.413	0.499	0	0.6457	0.8235
3.5.1	dcs.Eater_of_Worlds_Mini 1.0	weak		1	true	35	4758.000	60.000	35	1750.000	0.000	2215.000	60.000	12	16700	0.193	0.560	9.559	35	0	0	0.244	0.009	6	661	2	661	661	3	6	0	0	0	48	0	691	T?/M?	live	0	0	0	650	347.486	400.000	327.143	511	76	463	3	4	661	48	0	0		0	0	0	0	0	0.425	0.472	0.511	1	0.9875	1.0000
3.5.1	dcs.Eater_of_Worlds_Mini 1.0	weak		2	true	35	4672.000	477.000	34	1700.000	50.000	2201.000	407.000	8	18714	0.238	0.624	11.701	35	0	0	0.196	0.050	12	762	3	762	762	3	18	0	0	0	53	410	829	T?/M?	live	0	0	0	650	406.580	400.000	384.686	508	254	541	2	7	753	53	0	0		0	0	0	0	0	0.377	0.438	0.476	0	0.9074	0.9714
3.5.1	dcs.Eater_of_Worlds_Mini 1.0	weak		3	true	35	4681.000	441.000	34	1700.000	50.000	2209.000	371.000	11	18332	0.250	0.658	11.648	35	0	0	0.201	0.050	3	750	2	750	750	2	16	0	0	0	44	0	806	T?/M?	live	0	0	0	650	397.340	400.000	373.771	691	262	526	2	5	750	44	0	0		0	0	0	0	0	0.420	0.480	0.540	1	0.9139	0.9714
3.5.1	dcs.Eater_of_Worlds_Mini 1.0	weak		4	true	35	4737.000	450.000	34	1700.000	50.000	2253.000	380.000	11	17595	0.236	0.622	12.320	35	0	0	0.206	0.051	13	708	5	708	708	2	13	0	0	0	50	450	748	T?/M?	live	0	0	0	650	381.940	400.000	352.714	662	145	564	2	5	708	50	0	0		0	0	0	0	0	0.377	0.453	0.482	0	0.9132	0.9714
3.5.1	dcs.Eater_of_Worlds_Mini 1.0	weak		5	true	35	4623.000	684.000	32	1600.000	150.000	2268.000	481.000	11	18061	0.265	0.676	12.314	35	0	0	0.204	0.062	11	727	2	727	727	2	6	0	0	0	42	0	781	T?/M?	live	0	0	0	650	414.357	400.000	366.029	516	105	569	2	5	726	42	0	0		0	0	0	0	0	0.377	0.463	0.526	0	0.8711	0.9143
3.5.1	dcs.Eater_of_Worlds_Mini 1.0	weak		6	true	35	4607.000	381.000	34	1700.000	50.000	2139.000	313.000	13	18430	0.260	0.677	12.394	35	0	0	0.211	0.037	19	757	2	757	757	2	17	0	0	0	49	0	820	T?/M?	live	0	0	0	650	404.420	400.000	376.571	578	206	531	3	2	757	49	0	0		0	0	0	0	0	0.526	0.568	0.603	0	0.9236	0.9714
3.5.1	dcs.Eater_of_Worlds_Mini 1.0	weak		7	true	35	4720.000	440.000	35	1750.000	0.000	2183.000	440.000	11	19074	0.294	0.704	13.222	35	0	0	0.195	0.049	16	791	2	791	791	1	11	0	0	0	50	0	865	T?/M?	live	0	0	0	650	412.863	400.000	394.971	355	150	566	2	6	791	50	0	0		0	0	0	0	0	0.482	0.558	0.603	0	0.9147	1.0000
3.5.1	dcs.Eater_of_Worlds_Mini 1.0	weak		8	true	35	4848.000	171.000	35	1750.000	0.000	2286.000	171.000	10	16762	0.242	0.641	9.977	35	0	0	0.238	0.022	5	654	3	654	654	0	9	0	0	0	39	0	683	T?/M?	live	0	0	0	650	376.840	400.000	328.914	517	129	502	1	214	648	39	0	0		0	0	0	0	0	0.530	0.551	0.571	0	0.9659	1.0000
3.5.1	dft.Immortal 1.40	mid		1	true	35	3594.000	932.000	34	1700.000	50.000	1299.000	858.000	10	28966	0.478	0.939	16.930	35	0	0	0.109	0.058	42	1409	0	1409	1409	2	17	0	0	0	149	1537	1758	T?/M?	live	0	0	0	650	500.337	650.000	677.600	573	4	0	2	10	1409	149	0	0		0	0	0	0	0	0.428	0.474	0.533	0	0.7941	0.9714
3.5.1	dft.Immortal 1.40	mid		2	true	35	3056.000	1528.000	29	1450.000	300.000	1123.000	1097.000	12	30101	0.515	0.982	15.063	35	0	0	0.101	0.073	57	1522	1	1522	1522	2	14	0	0	0	149	602	1855	T?/M?	live	0	0	0	650	506.431	650.000	710.029	438	2	0	2	10	1522	149	0	0		0	0	0	0	0	0.389	0.465	0.566	0	0.6667	0.8286
3.5.1	dft.Immortal 1.40	mid		3	true	35	3168.000	1233.000	31	1500.000	200.000	1158.000	957.000	5	30163	0.469	0.933	15.060	34	0	0	0.111	0.065	75	1466	0	1467	1466	1	13	0	0	0	158	1672	1729	T?/M?	live	0	0	0	650	490.418	650.000	695.294	603	1	6	1	648	1408	158	0	0		0	0	0	1	1	0.405	0.464	0.533	0	0.7198	0.8824
3.5.1	dft.Immortal 1.40	mid		4	true	35	3192.000	1189.000	31	1550.000	200.000	1121.000	900.000	12	28375	0.505	0.968	13.860	35	0	0	0.098	0.062	35	1462	0	1462	1462	6	12	0	0	0	156	1664	1680	T?/M?	live	0	0	0	650	503.574	650.000	660.714	458	30	0	3	10	1461	155	0	0		0	0	0	0	0	0.389	0.465	0.566	0	0.7286	0.8857
3.5.1	dft.Immortal 1.40	mid		5	true	35	2975.000	1528.000	29	1450.000	300.000	1043.000	1099.000	14	30323	0.494	0.989	15.607	35	0	0	0.110	0.069	81	1581	1	1582	1581	9	13	0	0	0	185	1826	1886	T?/M?	live	0	0	0	650	509.414	650.000	716.371	247	1	62	2	9	1573	185	0	0		0	0	0	0	0	0.389	0.458	0.566	0	0.6607	0.8286
3.5.1	dft.Immortal 1.40	mid		6	true	35	3517.000	1032.000	33	1650.000	100.000	1289.000	903.000	11	29999	0.486	0.948	14.944	35	0	0	0.112	0.063	53	1439	0	1440	1439	3	14	0	0	0	154	1418	1820	T?/M?	live	0	0	0	650	511.063	650.000	707.114	525	0	1	2	8	1439	154	0	0		0	0	0	0	0	0.354	0.460	0.573	0	0.7731	0.9429
3.5.1	dft.Immortal 1.40	mid		7	true	35	3317.000	1233.000	31	1550.000	200.000	1226.000	943.000	12	29521	0.471	0.954	14.465	35	0	0	0.111	0.175	60	1463	0	1413	1413	8	11	0	0	0	151	1189	1809	T?/M?	live	0	0	0	650	495.474	650.000	693.457	741	25	20	3	5	1413	147	0	0		714	0	0	0	0	0.389	0.465	0.566	0	0.7290	0.8857
3.5.1	dft.Immortal 1.40	mid		8	true	35	3308.000	1218.000	32	1550.000	150.000	1224.000	1002.000	11	29023	0.478	0.914	15.406	35	0	0	0.109	0.070	45	1461	1	1463	1461	0	14	0	0	0	155	1539	1715	T?/M?	live	0	0	0	650	487.754	650.000	679.229	306	45	24	1	3221	1462	155	0	0		0	0	0	0	0	0.354	0.456	0.573	0	0.7309	0.9118
3.5.1	dk.stable.Gorgatron 1.1	weak		1	true	35	4556.000	1259.000	32	1600.000	150.000	2226.000	1026.000	15	15735	0.353	0.929	16.905	35	0	0	0.273	0.110	17	564	4	570	564	4	17	0	0	0	50	589	636	T?/M?	live	0	0	0	650	399.049	400.000	299.571	380	29	448	3	6	570	50	0	0		0	0	0	0	0	0.446	0.466	0.483	0	0.7835	0.9143
3.5.1	dk.stable.Gorgatron 1.1	weak		2	true	35	4929.000	1560.000	32	1600.000	150.000	2553.000	1318.000	14	15598	0.363	0.964	14.611	35	0	0	0.295	0.149	4	555	2	558	555	7	13	0	0	0	48	0	613	T?/M?	live	0	0	0	650	346.486	475.000	295.657	373	120	483	2	4	557	47	0	0		0	0	0	0	0	0.485	0.505	0.527	0	0.7596	0.9143
3.5.1	dk.stable.Gorgatron 1.1	weak		3	true	35	4591.000	970.000	33	1650.000	100.000	2194.000	819.000	12	15907	0.357	0.928	14.681	35	0	0	0.254	0.087	11	569	0	576	568	5	8	0	0	0	55	610	651	T?/M?	live	0	0	0	650	409.206	400.000	304.486	425	142	435	2	6	576	55	0	0		0	0	0	0	0	0.462	0.474	0.488	0	0.8256	0.9429
3.5.1	dk.stable.Gorgatron 1.1	weak		4	true	35	4429.000	1330.000	31	1550.000	200.000	2157.000	1031.000	16	15546	0.377	0.996	15.478	35	0	0	0.240	0.250	4	547	0	538	532	6	8	0	0	0	41	0	624	T?/M?	live	0	0	0	650	397.117	650.000	294.171	535	284	437	3	1	538	40	0	0		273	0	0	0	0	0.452	0.499	0.527	0	0.7691	0.8857
3.5.1	dk.stable.Gorgatron 1.1	weak		5	true	35	4644.000	1033.000	32	1600.000	150.000	2301.000	800.000	12	15303	0.346	0.937	15.272	35	0	0	0.275	0.082	10	534	1	541	534	3	9	0	0	0	50	0	604	T?/M?	live	0	0	0	650	405.914	400.000	287.229	411	219	440	2	4	541	50	0	0		0	0	0	0	0	0.462	0.473	0.488	0	0.8180	0.9143
3.5.1	dk.stable.Gorgatron 1.1	weak		6	true	35	4657.000	1390.000	32	1600.000	150.000	2314.000	1157.000	12	15989	0.354	0.936	14.923	35	0	0	0.257	0.131	4	576	2	583	576	2	13	0	0	0	63	563	639	T?/M?	live	0	0	0	650	383.349	400.000	306.829	354	200	484	2	3	583	63	0	0		0	0	0	0	0	0.452	0.506	0.538	0	0.7701	0.9143
3.5.1	dk.stable.Gorgatron 1.1	weak		7	true	35	5040.000	1825.000	31	1550.000	200.000	2697.000	1506.000	13	14762	0.326	0.895	14.687	35	0	0	0.344	0.314	4	519	2	493	492	4	15	0	0	0	36	440	567	T?/M?	live	0	0	0	650	316.391	650.000	271.771	316	143	404	3	3	491	35	0	0		468	0	0	0	0	0.452	0.503	0.527	0	0.7342	0.8857
3.5.1	dk.stable.Gorgatron 1.1	weak		8	true	35	4559.000	908.000	33	1650.000	100.000	2162.000	760.000	11	16101	0.395	0.980	14.865	35	0	0	0.238	0.077	8	577	1	578	577	2	11	0	0	0	45	0	660	T?/M?	live	0	0	0	650	431.391	400.000	310.029	523	89	465	2	747	577	45	0	0		0	0	0	0	0	0.419	0.501	0.552	0	0.8339	0.9429
3.5.1	dmh.robocode.robot.PinkPanther 1.1	weak		1	true	35	2750.000	1606.000	29	1450.000	300.000	853.000	1160.000	13	25163	0.533	1.072	14.053	35	0	0	0.088	0.067	43	1250	38	1235	1235	3	13	0	0	0	95	0	1481	T?/M?	live	0	0	0	650	604.086	650.000	568.943	781	139	6	2	9	1235	94	0	0		0	0	0	0	0	0.368	0.472	0.573	0	0.6313	0.8286
3.5.1	dmh.robocode.robot.PinkPanther 1.1	weak		2	true	35	3027.000	1056.000	32	1600.000	150.000	929.000	843.000	13	24542	0.501	1.019	14.838	35	0	0	0.096	0.047	43	1193	28	1183	1183	6	9	0	0	0	82	1283	1391	T?/M?	live	0	0	0	650	611.189	650.000	551.200	851	146	26	2	8	1169	81	0	0		0	0	0	0	0	0.330	0.442	0.529	0	0.7414	0.9143
3.5.1	dmh.robocode.robot.PinkPanther 1.1	weak		3	true	35	3329.000	910.000	34	1700.000	50.000	1076.000	837.000	13	23865	0.503	1.007	15.309	35	0	0	0.099	0.051	21	1144	14	1144	1144	4	13	0	0	0	92	1054	1338	T?/M?	live	0	0	0	650	609.326	650.000	531.857	551	184	1	2	12	1144	91	0	0		0	0	0	0	0	0.354	0.463	0.573	0	0.7853	0.9714
3.5.1	dmh.robocode.robot.PinkPanther 1.1	weak		4	true	35	2785.000	1427.000	29	1450.000	300.000	879.000	994.000	16	24708	0.498	0.999	14.161	35	0	0	0.091	0.056	36	1214	45	1204	1204	9	12	0	0	0	100	1347	1439	T?/M?	live	0	0	0	650	620.754	650.000	555.943	811	138	2	2	9	1204	100	0	0		0	0	0	0	0	0.330	0.432	0.529	0	0.6612	0.8286
3.5.1	dmh.robocode.robot.PinkPanther 1.1	weak		5	true	35	2311.000	2016.000	25	1250.000	500.000	696.000	1279.000	10	26435	0.444	0.974	16.835	34	0	0	0.070	0.061	25	1316	84	1307	1307	6	11	0	0	0	86	1127	1278	T?/M?	live	0	0	0	650	603.244	650.000	606.882	1056	138	0	2	8	1087	85	0	0		0	0	0	1	1	0.354	0.435	0.504	0	0.5341	0.7143
3.5.1	dmh.robocode.robot.PinkPanther 1.1	weak		6	true	35	2822.000	1280.000	30	1500.000	250.000	862.000	905.000	14	24438	0.447	0.983	14.270	35	0	0	0.090	0.052	40	1175	51	1175	1175	6	8	0	0	0	84	1193	1402	T?/M?	live	0	0	0	650	623.097	650.000	548.229	915	248	2	3	8	1170	83	0	0		0	0	0	0	0	0.330	0.425	0.529	0	0.6880	0.8571
3.5.1	dmh.robocode.robot.PinkPanther 1.1	weak		7	true	35	2904.000	1371.000	30	1500.000	250.000	936.000	1000.000	11	25875	0.416	0.969	14.946	35	0	0	0.092	0.053	19	1287	52	1287	1287	8	18	0	0	0	119	948	1260	T?/M?	live	0	0	0	650	597.029	650.000	589.286	1417	236	0	2	7	1081	119	0	0		0	0	0	0	0	0.354	0.429	0.493	0	0.6793	0.8571
3.5.1	dmh.robocode.robot.PinkPanther 1.1	weak		8	true	35	2635.000	1395.000	28	1400.000	350.000	812.000	892.000	10	24937	0.487	0.978	14.523	35	0	0	0.078	0.049	27	1215	71	1215	1215	1	7	0	0	0	115	841	1446	T?/M?	live	0	0	0	650	608.331	650.000	562.486	864	55	1	1	2360	1215	115	0	0		0	0	0	0	0	0.330	0.429	0.529	0	0.6538	0.8000
3.5.1	dz.Caedo 1.4	weak		1	true	35	4866.000	1171.000	30	1500.000	250.000	2599.000	809.000	15	22847	0.362	0.900	15.200	35	0	0	0.191	0.124	5	1089	4	1084	1084	3	24	0	0	0	82	21	1105	T?/M?	live	0	0	0	650	309.183	650.000	502.771	441	0	541	3	7	1064	82	0	0		79	0	0	0	0	0.405	0.509	0.574	0	0.8060	0.8571
3.5.1	dz.Caedo 1.4	weak		2	true	35	5341.000	740.000	33	1650.000	100.000	2815.000	593.000	10	21449	0.350	0.876	16.293	34	0	0	0.207	0.123	11	1010	4	974	974	4	25	0	0	0	64	853	976	T?/M?	live	0	0	0	650	322.438	400.000	457.118	345	30	637	1	7	971	64	0	0		0	0	0	1	0	0.403	0.507	0.583	0	0.8783	0.9429
3.5.1	dz.Caedo 1.4	weak		3	true	35	5181.000	1049.000	32	1600.000	150.000	2747.000	827.000	16	21629	0.357	0.903	13.444	35	0	0	0.204	0.138	8	1007	2	1007	1007	8	24	0	0	0	65	291	1014	T?/M?	live	0	0	0	650	306.829	650.000	467.971	304	0	596	2	9	997	65	0	0		0	0	0	0	0	0.403	0.501	0.574	0	0.8316	0.9143
3.5.1	dz.Caedo 1.4	weak		4	true	35	5179.000	897.000	33	1650.000	100.000	2674.000	760.000	12	21117	0.362	0.910	14.429	35	0	0	0.202	0.135	8	964	1	964	964	7	22	0	0	0	61	0	1001	T?/M?	live	0	0	0	650	324.286	650.000	453.343	321	12	560	3	7	960	61	0	0		0	0	0	0	0	0.376	0.504	0.583	0	0.8524	0.9429
3.5.1	dz.Caedo 1.4	weak		5	true	35	4947.000	1007.000	32	1600.000	150.000	2540.000	797.000	14	21835	0.371	0.914	16.311	35	0	0	0.185	0.127	8	1021	4	1021	1021	4	21	0	0	0	72	1005	1060	T?/M?	live	0	0	0	650	309.637	650.000	473.857	550	11	516	3	6	1021	72	0	0		0	0	0	0	0	0.403	0.501	0.574	0	0.8309	0.9143
3.5.1	dz.Caedo 1.4	weak		6	true	35	5182.000	748.000	33	1650.000	100.000	2683.000	617.000	13	23362	0.357	0.896	14.106	35	0	0	0.188	0.130	10	1150	4	1150	1149	6	19	0	0	0	74	804	1170	T?/M?	live	0	0	0	650	322.394	650.000	517.486	608	11	558	2	7	1149	74	0	0		0	0	0	0	0	0.376	0.501	0.583	0	0.8739	0.9429
3.5.1	dz.Caedo 1.4	weak		7	true	35	5246.000	609.000	32	1600.000	150.000	2796.000	403.000	13	21975	0.350	0.883	29.068	35	0	0	0.201	0.123	3	1087	5	1087	1087	6	21	0	0	0	74	524	1053	T?/M?	live	0	0	0	650	317.843	650.000	477.857	506	0	575	2	6	1083	74	0	0		0	0	0	0	0	0.403	0.501	0.574	0	0.8960	0.9143
3.5.1	dz.Caedo 1.4	weak		8	true	35	5336.000	634.000	34	1700.000	50.000	2750.000	570.000	11	22366	0.359	0.892	14.882	35	0	0	0.198	0.130	18	1085	1	1085	1085	2	23	0	0	0	60	359	1084	T?/M?	live	0	0	0	650	326.749	650.000	489.029	290	0	640	2	9	1085	60	0	0		0	0	0	0	0	0.376	0.501	0.583	0	0.8938	0.9714
3.5.1	element.Earth 1.1	weak		1	true	35	3861.000	1078.000	31	1550.000	200.000	1683.000	799.000	10	24412	0.345	0.778	15.216	35	0	0	0.175	0.075	43	1290	1	1290	1290	4	19	0	0	0	116	1117	1327	T?/M?	live	0	0	0	650	368.349	400.000	547.486	484	306	207	3	7	1290	116	0	0		0	0	0	0	0	0.452	0.513	0.552	0	0.7817	0.8857
3.5.1	element.Earth 1.1	weak		2	true	35	3764.000	1234.000	30	1500.000	250.000	1655.000	891.000	12	24449	0.382	0.891	12.784	35	0	0	0.183	0.081	44	1296	1	1296	1296	3	13	0	0	0	107	1134	1348	T?/M?	live	0	0	0	650	385.043	400.000	548.543	522	327	211	3	6	1296	107	0	0		0	0	0	0	0	0.393	0.456	0.524	0	0.7531	0.8571
3.5.1	element.Earth 1.1	weak		3	true	35	3898.000	1228.000	30	1500.000	250.000	1768.000	874.000	9	23716	0.386	0.862	14.828	35	0	0	0.170	0.084	43	1250	3	1251	1250	2	15	0	0	0	97	536	1264	T?/M?	live	0	0	0	650	406.054	550.000	527.600	564	235	225	1	2562	1248	96	0	0		0	0	0	0	0	0.419	0.498	0.552	0	0.7604	0.8571
3.5.1	element.Earth 1.1	weak		4	true	35	3998.000	1129.000	29	1450.000	300.000	1866.000	688.000	6	20468	0.308	0.740	14.496	34	0	0	0.213	0.081	40	1016	2	1016	1015	3	14	0	0	0	85	865	933	T?/M?	live	0	0	0	650	374.456	400.000	425.529	377	165	308	2	4	961	84	0	0		0	0	0	1	1	0.400	0.470	0.524	0	0.7798	0.8286
3.5.1	element.Earth 1.1	weak		5	true	35	3783.000	1411.000	29	1450.000	300.000	1726.000	989.000	12	24382	0.383	0.881	13.589	35	0	0	0.170	0.082	51	1292	2	1292	1292	4	20	0	0	0	109	670	1324	T?/M?	live	0	0	0	650	362.174	400.000	546.629	328	261	244	3	4	1292	109	0	0		0	0	0	0	0	0.419	0.495	0.552	0	0.7283	0.8286
3.5.1	element.Earth 1.1	weak		6	true	35	3869.000	1230.000	30	1500.000	250.000	1747.000	876.000	10	23621	0.377	0.889	14.197	35	0	0	0.162	0.079	31	1238	1	1238	1238	2	10	0	0	0	116	1193	1265	T?/M?	live	0	0	0	650	405.757	500.000	524.886	559	313	249	2	6	1238	116	0	0		0	0	0	0	0	0.393	0.450	0.524	0	0.7588	0.8571
3.5.1	element.Earth 1.1	weak		7	true	35	3972.000	1107.000	31	1550.000	200.000	1777.000	826.000	11	23065	0.379	0.885	14.678	35	0	0	0.165	0.077	29	1197	0	1197	1197	2	15	0	0	0	98	878	1204	T?/M?	live	0	0	0	650	417.006	550.000	509.000	486	243	281	2	8	1197	98	0	0		0	0	0	0	0	0.419	0.495	0.552	0	0.7820	0.8857
3.5.1	element.Earth 1.1	weak		8	true	35	3647.000	1057.000	31	1550.000	200.000	1513.000	781.000	4	25816	0.364	0.850	12.872	34	0	0	0.145	0.060	38	1394	4	1394	1394	1	17	0	0	0	132	1284	1394	T?/M?	live	0	0	0	650	437.065	450.000	582.941	373	301	129	2	10	1343	132	0	0		0	0	0	1	1	0.393	0.446	0.524	0	0.7753	0.8857
3.5.1	ethdsy.Malacka 2.4	weak		1	true	35	5802.000	887.000	35	1750.000	0.000	3085.000	883.000	10	14484	0.247	0.684	12.953	35	0	0	0.388	0.170	23	528	2	529	527	1	17	0	0	0	28	0	546	T?/M?	live	0	0	0	650	295.846	650.000	263.829	376	10	401	3	4	528	28	0	0		0	0	0	0	0	0.460	0.521	0.566	0	0.8674	1.0000
3.5.1	ethdsy.Malacka 2.4	weak		2	true	35	5497.000	656.000	34	1700.000	50.000	2895.000	582.000	9	13658	0.191	0.570	9.659	35	0	0	0.414	0.107	24	473	6	473	473	2	10	0	0	0	29	0	486	T?/M?	live	0	0	0	650	269.349	400.000	240.229	332	0	374	2	4	472	29	0	0		0	0	0	0	0	0.390	0.429	0.460	0	0.8934	0.9714
3.5.1	ethdsy.Malacka 2.4	weak		3	true	35	5480.000	283.000	35	1750.000	0.000	2817.000	283.000	9	13732	0.211	0.625	9.764	35	0	0	0.404	0.071	12	454	1	454	454	1	17	0	0	0	34	0	498	T?/M?	live	0	0	0	650	273.411	400.000	242.343	415	35	363	1	58	453	34	0	0		0	0	0	0	0	0.460	0.521	0.566	0	0.9509	1.0000
3.5.1	ethdsy.Malacka 2.4	weak		4	true	35	5603.000	473.000	35	1750.000	0.000	2919.000	469.000	9	12978	0.182	0.552	10.468	35	0	0	0.424	0.089	12	438	1	438	438	2	10	0	0	0	19	0	445	T?/M?	live	0	0	0	650	267.340	400.000	220.800	321	18	343	2	4	435	19	0	0		0	0	0	0	0	0.390	0.421	0.443	0	0.9222	1.0000
3.5.1	ethdsy.Malacka 2.4	weak		5	true	35	5806.000	230.000	35	1750.000	0.000	3088.000	229.000	13	12935	0.150	0.500	9.327	35	0	0	0.446	0.054	22	219	4	219	219	3	11	0	0	0	12	0	442	T?/M?	live	0	0	0	650	260.680	400.000	219.571	231	8	320	3	5	219	12	0	0		0	0	0	0	0	0.389	0.444	0.478	0	0.9619	1.0000
3.5.1	ethdsy.Malacka 2.4	weak		6	true	35	5705.000	643.000	35	1750.000	0.000	3005.000	637.000	12	14112	0.234	0.678	10.559	35	0	0	0.411	0.134	31	466	0	466	466	3	12	0	0	0	34	0	522	T?/M?	live	0	0	0	650	274.734	475.000	253.200	424	83	379	3	4	466	34	0	0		0	0	0	0	0	0.504	0.534	0.573	0	0.8987	1.0000
3.5.1	ethdsy.Malacka 2.4	weak		7	true	35	5582.000	311.000	35	1750.000	0.000	2901.000	309.000	10	13433	0.184	0.530	9.447	35	0	0	0.424	0.072	16	373	2	374	373	2	15	0	0	0	27	0	484	T?/M?	live	0	0	0	650	268.117	400.000	233.800	323	11	286	2	5	372	27	0	0		0	0	0	0	0	0.389	0.456	0.505	0	0.9472	1.0000
3.5.1	ethdsy.Malacka 2.4	weak		8	true	35	5656.000	269.000	35	1750.000	0.000	2948.000	264.000	11	12448	0.170	0.571	9.238	35	0	0	0.446	0.087	22	358	3	358	358	1	6	0	0	0	21	0	412	T?/M?	live	0	0	0	650	269.314	400.000	205.657	245	0	311	1	3	358	21	0	0		0	0	0	0	0	0.504	0.541	0.573	0	0.9546	1.0000
3.5.1	jcs.AutoBot 4.2.1	weak		1	true	35	4062.000	1231.000	32	1600.000	150.000	1799.000	1019.000	13	23553	0.563	1.203	14.736	35	0	0	0.187	0.104	40	1187	6	1187	1187	5	16	0	0	0	127	1157	1289	T?/M?	live	0	0	0	650	451.043	650.000	522.943	545	102	329	2	8	1186	126	0	0		0	0	0	0	0	0.394	0.468	0.573	0	0.7674	0.9143
3.5.1	jcs.AutoBot 4.2.1	weak		2	true	35	3574.000	1360.000	31	1550.000	200.000	1440.000	1023.000	12	25695	0.564	1.222	14.788	35	0	0	0.165	0.095	85	1343	7	1343	1343	6	16	0	0	0	136	1322	1489	T?/M?	live	0	0	0	650	436.869	650.000	584.143	536	38	122	2	8	1339	135	0	0		0	0	0	0	0	0.381	0.451	0.550	0	0.7244	0.8857
3.5.1	jcs.AutoBot 4.2.1	weak		3	true	35	3794.000	1126.000	31	1550.000	200.000	1588.000	803.000	10	23222	0.599	1.197	13.456	35	0	0	0.176	0.091	86	1169	5	1169	1169	1	17	0	0	0	102	1086	1264	T?/M?	live	0	0	0	650	440.626	650.000	513.486	531	114	294	2	1237	1167	102	0	0		0	0	0	0	0	0.394	0.468	0.573	0	0.7711	0.8857
3.5.1	jcs.AutoBot 4.2.1	weak		4	true	35	4328.000	1003.000	34	1700.000	50.000	1905.000	924.000	13	21969	0.537	1.162	14.855	35	0	0	0.208	0.111	47	1060	7	1060	1060	6	14	0	0	0	94	834	1155	T?/M?	live	0	0	0	650	438.471	650.000	477.686	490	137	312	3	5	1059	93	0	0		0	0	0	0	0	0.381	0.458	0.550	0	0.8119	0.9714
3.5.1	jcs.AutoBot 4.2.1	weak		5	true	35	3889.000	1303.000	31	1550.000	200.000	1703.000	1023.000	13	23405	0.555	1.152	14.216	35	0	0	0.180	0.110	44	1175	4	1176	1175	4	13	0	0	0	91	1189	1256	T?/M?	live	0	0	0	650	441.011	650.000	518.714	495	33	313	2	9	1176	90	0	0		0	0	0	0	0	0.394	0.469	0.573	0	0.7490	0.8857
3.5.1	jcs.AutoBot 4.2.1	weak		6	true	35	3564.000	1639.000	28	1400.000	350.000	1581.000	1105.000	17	23687	0.565	1.170	13.773	35	0	0	0.179	0.267	55	1182	7	1153	1153	9	14	0	0	0	112	488	1306	T?/M?	live	0	0	0	650	457.460	650.000	526.771	550	77	177	3	6	1147	111	0	0		463	0	0	0	0	0.381	0.455	0.550	0	0.6850	0.8000
3.5.1	jcs.AutoBot 4.2.1	weak		7	true	35	3678.000	1435.000	30	1500.000	250.000	1575.000	1036.000	17	23684	0.584	1.203	15.155	35	0	0	0.180	0.116	94	1185	2	1185	1185	9	16	0	0	0	116	1247	1300	T?/M?	live	0	0	0	650	460.283	650.000	526.686	595	81	260	3	7	1180	116	0	0		0	0	0	0	0	0.394	0.472	0.573	0	0.7193	0.8571
3.5.1	jcs.AutoBot 4.2.1	weak		8	true	35	3522.000	1413.000	29	1450.000	300.000	1511.000	979.000	12	24219	0.599	1.251	15.800	35	0	0	0.156	0.092	47	1225	3	1225	1225	4	11	0	0	0	101	762	1353	T?/M?	live	0	0	0	650	460.934	625.000	541.971	687	38	181	2	1119	1224	101	0	0		0	0	0	0	0	0.381	0.454	0.550	0	0.7137	0.8286
3.5.1	justin.DemonicRage 3.20	mid		1	true	35	3300.000	1387.000	29	1450.000	300.000	1317.000	948.000	9	27438	0.579	1.052	18.279	35	0	0	0.121	0.071	59	1504	1	1504	1504	2	17	0	0	0	159	1269	1632	T?/M?	live	0	0	0	650	512.789	400.000	633.943	831	0	41	2	11	1504	159	0	0		0	0	0	0	0	0.370	0.453	0.527	1	0.7041	0.8286
3.5.1	justin.DemonicRage 3.20	mid		2	true	35	3536.000	1183.000	32	1600.000	150.000	1357.000	971.000	16	30720	0.612	1.097	19.263	35	0	0	0.112	0.069	63	1734	0	1734	1734	8	15	0	0	0	167	1803	1897	T?/M?	live	0	0	0	650	531.734	650.000	727.714	832	0	13	2	10	1731	167	0	0		0	0	0	0	0	0.381	0.450	0.569	0	0.7493	0.9143
3.5.1	justin.DemonicRage 3.20	mid		3	true	35	3419.000	1322.000	31	1550.000	200.000	1317.000	1038.000	10	30771	0.590	1.066	18.982	35	0	0	0.119	0.072	80	1711	1	1711	1711	3	21	0	0	0	167	1800	1931	T?/M?	live	0	0	0	650	518.866	650.000	729.171	501	0	53	2	1587	1709	167	0	0		0	0	0	0	0	0.363	0.442	0.527	1	0.7212	0.8857
3.5.1	justin.DemonicRage 3.20	mid		4	true	35	3022.000	1668.000	28	1400.000	350.000	1137.000	1165.000	14	32073	0.612	1.095	18.740	35	0	0	0.107	0.077	87	1781	1	1781	1781	8	20	0	0	0	192	2019	2058	T?/M?	live	0	0	0	650	525.357	650.000	766.371	335	0	12	2	13	1781	192	0	0		0	0	0	0	0	0.381	0.451	0.569	0	0.6443	0.8000
3.5.1	justin.DemonicRage 3.20	mid		5	true	35	3319.000	1419.000	30	1500.000	250.000	1291.000	1063.000	15	31146	0.606	1.092	19.343	35	0	0	0.110	0.076	57	1746	4	1746	1746	8	19	0	0	0	190	1568	1958	T?/M?	live	0	0	0	650	524.397	650.000	739.886	602	0	15	2	8	1744	190	0	0		0	0	0	0	0	0.363	0.442	0.527	1	0.7005	0.8571
3.5.1	justin.DemonicRage 3.20	mid		6	true	35	3031.000	1763.000	26	1300.000	450.000	1254.000	1113.000	18	29579	0.594	1.098	20.855	35	0	0	0.124	0.072	75	1638	1	1638	1638	10	16	0	0	0	177	1797	1828	T?/M?	live	0	0	0	650	527.937	650.000	695.114	346	0	22	3	9	1638	177	0	0		0	0	0	0	0	0.381	0.453	0.569	0	0.6322	0.7429
3.5.1	justin.DemonicRage 3.20	mid		7	true	35	3170.000	1456.000	28	1400.000	350.000	1264.000	949.000	14	29277	0.603	1.079	18.364	35	0	0	0.114	0.239	52	1627	3	1594	1594	3	13	0	0	0	117	1052	1784	T?/M?	live	0	0	0	650	528.477	650.000	686.486	636	0	42	3	7	1594	116	0	0		478	0	0	0	0	0.363	0.437	0.524	1	0.6853	0.8000
3.5.1	justin.DemonicRage 3.20	mid		8	true	35	3498.000	1298.000	31	1550.000	200.000	1369.000	1012.000	10	30496	0.600	1.080	18.843	35	0	0	0.123	0.075	65	1687	1	1687	1687	1	21	0	0	0	169	1879	1916	T?/M?	live	0	0	0	650	542.266	650.000	721.314	597	0	31	2	3065	1687	169	0	0		0	0	0	0	0	0.381	0.450	0.569	0	0.7294	0.8857
3.5.1	jwst.DAD.DarkAndDarker 1.1	weak		1	true	35	4112.000	1147.000	30	1500.000	250.000	1952.000	799.000	8	20668	0.304	0.778	14.295	34	0	0	0.191	0.080	66	977	1	977	976	5	19	0	0	0	72	480	984	T?/M?	live	0	0	0	650	412.524	400.000	444.441	494	237	503	2	8	957	72	0	0		0	0	0	1	1	0.353	0.466	0.539	0	0.7819	0.8571
3.5.1	jwst.DAD.DarkAndDarker 1.1	weak		2	true	35	2669.000	2903.000	15	750.000	1000.000	1580.000	1508.000	10	23210	0.346	0.908	13.762	35	0	0	0.152	0.135	78	1181	2	1181	1181	4	15	0	0	0	76	365	1198	T?/M?	live	0	0	0	650	477.874	650.000	513.143	198	218	584	2	1758	1178	76	0	0		0	0	0	0	0	0.353	0.469	0.521	0	0.4790	0.4286
3.5.1	jwst.DAD.DarkAndDarker 1.1	weak		3	true	35	3765.000	1359.000	28	1400.000	350.000	1768.000	875.000	9	21621	0.316	0.855	15.563	35	0	0	0.174	0.085	47	1048	2	1048	1048	0	20	0	0	0	70	0	1079	T?/M?	live	0	0	0	650	402.457	400.000	467.743	516	188	460	1	43	1048	70	0	0		0	0	0	0	0	0.353	0.456	0.539	0	0.7348	0.8000
3.5.1	jwst.DAD.DarkAndDarker 1.1	weak		4	true	35	3334.000	2075.000	22	1100.000	650.000	1742.000	1156.000	12	20597	0.334	0.931	15.567	35	0	0	0.180	0.114	64	996	4	996	996	4	17	0	0	0	69	0	1002	T?/M?	live	0	0	0	650	455.543	650.000	438.486	384	105	495	2	7	996	69	0	0		0	0	0	0	0	0.418	0.486	0.521	0	0.6164	0.6286
3.5.1	jwst.DAD.DarkAndDarker 1.1	weak		5	true	35	3366.000	2209.000	22	1100.000	650.000	1774.000	1282.000	11	21253	0.316	0.870	98.276	35	0	0	0.171	0.129	70	1029	3	1029	1028	6	18	0	0	0	61	688	1037	T?/M?	live	0	0	0	650	443.980	425.000	457.229	343	79	571	3	9	1019	61	0	0		0	0	0	0	0	0.418	0.443	0.473	0	0.6038	0.6286
3.5.1	jwst.DAD.DarkAndDarker 1.1	weak		6	true	35	4485.000	501.000	34	1700.000	50.000	2046.000	430.000	9	19559	0.284	0.710	14.665	35	0	0	0.191	0.046	21	900	2	901	900	3	13	0	0	0	67	380	900	T?/M?	live	0	0	0	650	352.131	400.000	408.829	449	182	420	2	7	888	67	0	0		0	0	0	0	0	0.458	0.520	0.567	0	0.8995	0.9714
3.5.1	jwst.DAD.DarkAndDarker 1.1	weak		7	true	35	3292.000	2288.000	21	1050.000	700.000	1740.000	1245.000	15	21231	0.308	0.887	15.796	35	0	0	0.188	0.128	111	1037	3	1038	1037	8	20	0	0	0	69	1039	1066	T?/M?	live	0	0	0	650	444.266	400.000	456.600	191	246	556	3	7	1037	69	0	0		0	0	0	0	0	0.428	0.461	0.522	0	0.5900	0.6000
3.5.1	jwst.DAD.DarkAndDarker 1.1	weak		8	true	35	4077.000	1254.000	29	1450.000	300.000	1990.000	828.000	12	20156	0.322	0.800	17.768	35	0	0	0.187	0.094	27	932	2	932	931	2	13	0	0	0	74	571	955	T?/M?	live	0	0	0	650	366.077	650.000	425.886	458	195	460	2	1171	932	74	0	0		0	0	0	0	0	0.468	0.521	0.567	0	0.7648	0.8286
3.5.1	kinsen.nano.Quarrelet 1.0	weak		1	true	35	3206.000	1473.000	29	1450.000	300.000	1243.000	1040.000	13	19745	0.373	0.859	12.894	35	0	0	0.154	0.068	123	837	3	850	836	3	18	0	0	0	58	0	997	T?/M?	live	0	0	0	650	500.946	600.000	414.143	558	391	174	2	8	850	58	0	0		0	0	0	0	0	0.369	0.396	0.431	0	0.6852	0.8286
3.5.1	kinsen.nano.Quarrelet 1.0	weak		2	true	35	3282.000	1021.000	32	1600.000	150.000	1146.000	801.000	10	19850	0.413	0.877	13.017	35	0	0	0.141	0.051	120	840	2	850	839	1	17	0	0	0	72	545	1014	T?/M?	live	0	0	0	650	487.889	575.000	417.143	703	388	73	2	6	850	72	0	0		0	0	0	0	0	0.430	0.467	0.527	0	0.7627	0.9143
3.5.1	kinsen.nano.Quarrelet 1.0	weak		3	true	35	3560.000	845.000	33	1650.000	100.000	1333.000	695.000	2	19255	0.367	0.832	14.098	34	0	0	0.153	0.047	68	801	1	810	801	1	7	0	0	0	55	118	916	T?/M?	live	0	0	0	650	505.097	550.000	396.618	795	457	106	1	1278	778	55	0	0		0	0	0	1	1	0.369	0.405	0.465	0	0.8082	0.9429
3.5.1	kinsen.nano.Quarrelet 1.0	weak		4	true	35	3444.000	909.000	32	1600.000	150.000	1285.000	687.000	14	18960	0.337	0.801	13.248	35	0	0	0.154	0.192	110	788	1	746	741	6	22	0	0	0	48	0	910	T?/M?	live	0	0	0	650	492.617	575.000	391.714	681	476	125	3	5	746	48	0	0		636	0	0	0	0	0.433	0.471	0.527	0	0.7912	0.9143
3.5.1	kinsen.nano.Quarrelet 1.0	weak		5	true	35	3381.000	1225.000	30	1500.000	250.000	1339.000	856.000	11	19849	0.356	0.862	12.432	35	0	0	0.154	0.053	101	853	1	862	850	4	12	0	0	0	63	171	995	T?/M?	live	0	0	0	650	468.869	500.000	417.114	657	406	195	3	6	860	63	0	0		0	0	0	0	0	0.369	0.437	0.527	0	0.7340	0.8571
3.5.1	kinsen.nano.Quarrelet 1.0	weak		6	true	35	3603.000	586.000	34	1700.000	50.000	1306.000	512.000	9	18772	0.338	0.793	12.941	35	0	0	0.160	0.039	75	768	2	774	767	4	13	0	0	0	61	847	907	T?/M?	live	0	0	0	650	467.517	400.000	386.343	846	458	152	3	8	774	60	0	0		0	0	0	0	0	0.401	0.436	0.460	0	0.8601	0.9714
3.5.1	kinsen.nano.Quarrelet 1.0	weak		7	true	35	3600.000	1021.000	32	1600.000	150.000	1413.000	799.000	9	18558	0.380	0.850	12.751	35	0	0	0.162	0.059	91	759	2	771	756	1	23	0	0	0	46	0	887	T?/M?	live	0	0	0	650	474.300	475.000	380.229	665	432	224	2	6	771	46	0	0		0	0	0	0	0	0.369	0.461	0.527	0	0.7791	0.9143
3.5.1	kinsen.nano.Quarrelet 1.0	weak		8	true	35	4023.000	672.000	35	1750.000	0.000	1603.000	672.000	12	17374	0.328	0.808	13.157	35	0	0	0.192	0.054	98	689	2	699	688	2	13	0	0	0	42	0	781	T?/M?	live	0	0	0	650	444.591	400.000	346.400	745	270	324	2	402	699	42	0	0		0	0	0	0	0	0.401	0.430	0.460	0	0.8569	1.0000
3.5.1	lorneswork.Predator 1.0	weak		1	true	35	5898.000	3012.000	27	1350.000	400.000	3697.000	2378.000	4	16596	0.231	0.671	10.033	34	0	0	0.370	0.432	34	751	2	751	751	2	19	0	0	0	46	341	650	T?/M?	live	0	0	0	650	307.988	650.000	322.176	264	0	518	2	4	720	46	0	0		0	0	0	1	1	0.370	0.395	0.417	1	0.6620	0.7714
3.5.1	lorneswork.Predator 1.0	weak		2	true	35	5646.000	3198.000	25	1250.000	500.000	3596.000	2409.000	11	15623	0.225	0.592	11.123	35	0	0	0.401	0.491	33	689	4	689	689	2	39	0	0	0	29	0	611	T?/M?	live	0	0	0	650	307.471	650.000	296.371	219	0	481	2	5	689	29	0	0		0	0	0	0	0	0.363	0.403	0.423	0	0.6384	0.7143
3.5.1	lorneswork.Predator 1.0	weak		3	true	35	5713.000	1737.000	31	1550.000	200.000	3273.000	1417.000	9	14816	0.205	0.603	10.989	35	0	0	0.404	0.273	27	608	2	608	608	2	24	0	0	0	25	0	554	T?/M?	live	0	0	0	650	268.240	650.000	273.314	251	0	449	2	378	607	25	0	0		0	0	0	0	0	0.370	0.398	0.417	1	0.7668	0.8857
3.5.1	lorneswork.Predator 1.0	weak		4	true	35	5890.000	2362.000	29	1450.000	300.000	3561.000	1888.000	12	15515	0.220	0.628	12.399	35	0	0	0.404	0.348	37	668	3	668	668	4	37	0	0	0	38	0	613	T?/M?	live	0	0	0	650	297.326	650.000	293.286	188	0	458	2	3	667	38	0	0		0	0	0	0	0	0.363	0.411	0.440	0	0.7138	0.8286
3.5.1	lorneswork.Predator 1.0	weak		5	true	35	5580.000	1919.000	29	1450.000	300.000	3306.000	1439.000	10	14565	0.243	0.663	9.577	35	0	0	0.409	0.266	21	589	4	589	589	2	30	0	0	0	30	0	544	T?/M?	live	0	0	0	650	266.003	650.000	266.143	253	0	443	2	6	589	30	0	0		0	0	0	0	0	0.440	0.519	0.569	0	0.7441	0.8286
3.5.1	lorneswork.Predator 1.0	weak		6	true	35	5119.000	2280.000	26	1300.000	450.000	3083.000	1572.000	5	14669	0.210	0.593	9.165	34	0	0	0.389	0.315	18	586	2	586	586	3	25	0	0	0	31	39	524	T?/M?	live	0	0	0	650	262.776	650.000	265.029	296	0	408	2	4	557	31	0	0		0	0	0	1	1	0.452	0.489	0.503	0	0.6919	0.7429
3.5.1	lorneswork.Predator 1.0	weak		7	true	35	5578.000	1377.000	32	1600.000	150.000	3088.000	1142.000	10	14579	0.237	0.688	12.723	35	0	0	0.361	0.231	22	576	3	576	576	1	24	0	0	0	26	0	540	T?/M?	live	0	0	0	650	262.029	650.000	266.543	311	0	457	2	1	576	26	0	0		0	0	0	0	0	0.440	0.519	0.569	0	0.8020	0.9143
3.5.1	lorneswork.Predator 1.0	weak		8	true	35	5913.000	2905.000	28	1400.000	350.000	3612.000	2363.000	8	15867	0.231	0.609	10.654	35	0	0	0.398	0.464	30	708	2	708	708	1	38	0	0	0	53	173	620	T?/M?	live	0	0	0	650	298.849	650.000	303.343	207	0	530	1	81	705	53	0	0		0	0	0	0	0	0.390	0.451	0.503	0	0.6706	0.8000
3.5.1	marcinek.TopGun 1.3	weak		1	true	35	4300.000	1398.000	29	1450.000	300.000	2168.000	975.000	16	18260	0.305	0.824	10.877	35	0	0	0.214	0.117	97	845	6	810	803	4	27	0	0	0	61	0	802	T?/M?	live	0	0	0	650	446.114	650.000	371.714	309	57	541	3	6	805	54	0	0		587	0	0	0	0	0.420	0.497	0.566	0	0.7547	0.8286
3.5.1	marcinek.TopGun 1.3	weak		2	true	35	3825.000	1843.000	25	1250.000	500.000	2015.000	1118.000	12	20027	0.284	0.791	10.836	35	0	0	0.194	0.123	143	969	5	970	963	5	27	0	0	0	64	0	947	T?/M?	live	0	0	0	650	443.211	650.000	422.200	275	149	526	3	6	968	64	0	0		0	0	0	0	0	0.448	0.506	0.551	0	0.6748	0.7143
3.5.1	marcinek.TopGun 1.3	weak		3	true	35	3957.000	2315.000	24	1200.000	550.000	2164.000	1510.000	11	19469	0.306	0.876	11.934	34	0	0	0.183	0.172	118	935	7	938	932	9	30	0	0	0	65	85	870	T?/M?	live	0	0	0	650	457.253	650.000	410.676	179	141	631	2	186	921	65	0	0		0	0	0	1	1	0.420	0.491	0.566	0	0.6309	0.6857
3.5.1	marcinek.TopGun 1.3	weak		4	true	35	4040.000	1087.000	29	1450.000	300.000	1952.000	658.000	7	17599	0.236	0.670	12.021	34	0	0	0.206	0.075	120	788	5	789	786	5	16	0	0	0	41	0	753	T?/M?	live	0	0	0	650	410.444	650.000	354.706	389	143	424	3	6	771	41	0	0		0	0	0	1	1	0.448	0.493	0.549	0	0.7880	0.8286
3.5.1	marcinek.TopGun 1.3	weak		5	true	35	3321.000	2187.000	21	1050.000	700.000	1810.000	1163.000	16	18774	0.280	0.791	11.042	35	0	0	0.200	0.261	136	866	4	832	830	7	30	0	0	0	64	317	863	T?/M?	live	0	0	0	650	428.411	650.000	386.400	219	184	486	3	6	828	57	0	0		555	0	0	0	0	0.420	0.497	0.566	0	0.6029	0.6000
3.5.1	marcinek.TopGun 1.3	weak		6	true	35	3902.000	1747.000	25	1250.000	500.000	2070.000	1015.000	6	17310	0.269	0.785	11.553	34	0	0	0.210	0.117	116	780	4	782	778	2	20	0	0	0	40	564	705	T?/M?	live	0	0	0	650	432.297	650.000	338.265	243	56	480	2	5	741	40	0	0		0	0	0	1	1	0.448	0.508	0.551	0	0.6907	0.7143
3.5.1	marcinek.TopGun 1.3	weak		7	true	35	3550.000	1870.000	24	1200.000	550.000	1823.000	1065.000	13	18140	0.293	0.844	10.861	35	0	0	0.178	0.141	122	839	3	839	836	4	34	0	0	0	54	293	807	T?/M?	live	0	0	0	650	439.563	650.000	368.286	447	63	483	3	5	838	54	0	0		0	0	0	0	0	0.420	0.497	0.566	0	0.6550	0.6857
3.5.1	marcinek.TopGun 1.3	weak		8	true	35	3666.000	1995.000	23	1150.000	600.000	1962.000	1106.000	3	18160	0.279	0.796	9.489	34	0	0	0.207	0.128	132	838	3	838	836	0	23	0	0	0	49	0	779	T?/M?	live	0	0	0	650	432.924	650.000	365.559	433	67	492	1	352	802	49	0	0		0	0	0	1	1	0.448	0.503	0.551	0	0.6476	0.6571
3.5.1	maribo.IotaCT 1.0	weak		1	true	35	5324.000	847.000	35	1750.000	0.000	2687.000	847.000	12	15120	0.243	0.637	10.717	35	0	0	0.304	0.117	4	612	6	612	611	3	20	0	0	0	51	435	588	T?/M?	live	0	0	0	650	396.289	400.000	282.000	428	78	414	3	5	612	49	0	0		0	0	0	0	0	0.384	0.401	0.423	0	0.8627	1.0000
3.5.1	maribo.IotaCT 1.0	weak		2	true	35	5220.000	732.000	35	1750.000	0.000	2600.000	732.000	11	14563	0.232	0.659	10.288	35	0	0	0.305	0.099	3	568	4	568	568	5	15	0	0	0	36	0	552	T?/M?	live	0	0	0	650	396.437	400.000	266.086	399	0	412	2	7	568	36	0	0		0	0	0	0	0	0.381	0.404	0.425	0	0.8770	1.0000
3.5.1	maribo.IotaCT 1.0	weak		3	true	35	5165.000	1024.000	34	1700.000	50.000	2610.000	948.000	10	15118	0.240	0.640	11.046	35	0	0	0.300	0.116	9	608	5	608	608	5	11	0	0	0	55	544	582	T?/M?	live	0	0	0	650	405.966	650.000	281.943	304	18	434	2	5	608	55	0	0		0	0	0	0	0	0.384	0.401	0.423	0	0.8345	0.9714
3.5.1	maribo.IotaCT 1.0	weak		4	true	35	5254.000	883.000	34	1700.000	50.000	2684.000	808.000	12	14168	0.222	0.621	8.744	35	0	0	0.330	0.125	6	543	6	543	542	3	12	0	0	0	41	482	524	T?/M?	live	0	0	0	650	404.629	400.000	254.800	420	44	405	3	5	543	40	0	0		0	0	0	0	0	0.381	0.431	0.499	0	0.8561	0.9714
3.5.1	maribo.IotaCT 1.0	weak		5	true	35	5258.000	919.000	34	1700.000	50.000	2690.000	843.000	13	14379	0.238	0.669	9.033	35	0	0	0.327	0.113	6	555	4	555	555	4	15	0	0	0	34	264	537	T?/M?	live	0	0	0	650	401.460	400.000	260.829	389	31	403	3	4	555	34	0	0		0	0	0	0	0	0.381	0.414	0.448	0	0.8512	0.9714
3.5.1	maribo.IotaCT 1.0	weak		6	true	35	5199.000	507.000	35	1750.000	0.000	2583.000	507.000	12	14100	0.227	0.630	11.175	35	0	0	0.325	0.083	4	541	4	541	541	3	19	0	0	0	26	0	518	T?/M?	live	0	0	0	650	372.477	400.000	252.857	407	0	385	2	4	540	26	0	0		0	0	0	0	0	0.470	0.513	0.573	0	0.9111	1.0000
3.5.1	maribo.IotaCT 1.0	weak		7	true	35	5050.000	737.000	34	1700.000	50.000	2514.000	662.000	11	14105	0.243	0.669	9.093	35	0	0	0.321	0.080	2	532	2	532	532	3	16	0	0	0	39	417	513	T?/M?	live	0	0	0	650	384.391	400.000	253.000	290	0	406	3	5	532	39	0	0		0	0	0	0	0	0.425	0.502	0.573	0	0.8726	0.9714
3.5.1	maribo.IotaCT 1.0	weak		8	true	35	5373.000	674.000	35	1750.000	0.000	2727.000	674.000	10	13883	0.233	0.649	8.562	35	0	0	0.356	0.115	9	526	3	526	526	3	14	0	0	0	24	0	510	T?/M?	live	0	0	0	650	357.403	400.000	246.657	452	25	368	2	137	526	24	0	0		0	0	0	0	0	0.437	0.480	0.517	0	0.8885	1.0000
3.5.1	nat.Samekh 0.4	mid		1	true	35	3219.000	1274.000	30	1500.000	250.000	1194.000	917.000	15	29490	0.468	1.019	31.790	35	0	0	0.109	0.061	67	1566	7	1566	1565	7	26	0	0	0	151	1311	1792	T?/M?	live	0	0	0	650	474.649	650.000	692.571	632	207	16	2	7	1559	151	0	0		0	0	0	0	0	0.355	0.449	0.524	0	0.7164	0.8571
3.5.1	nat.Samekh 0.4	mid		2	true	35	3571.000	952.000	33	1650.000	100.000	1335.000	809.000	13	28902	0.498	1.016	35.193	35	0	0	0.109	0.058	46	1540	10	1540	1540	5	14	0	0	0	131	1559	1728	T?/M?	live	0	0	0	650	489.720	650.000	675.771	729	203	56	2	8	1539	129	0	0		0	0	0	0	0	0.378	0.426	0.516	0	0.7895	0.9429
3.5.1	nat.Samekh 0.4	mid		3	true	35	3299.000	1287.000	31	1550.000	200.000	1214.000	999.000	12	29273	0.490	0.992	31.924	35	0	0	0.112	0.068	62	1550	10	1550	1550	3	12	0	0	0	129	1655	1790	T?/M?	live	0	0	0	650	496.689	650.000	686.371	539	187	8	2	2744	1550	129	0	0		0	0	0	0	0	0.355	0.428	0.480	0	0.7194	0.8857
3.5.1	nat.Samekh 0.4	mid		4	true	35	3287.000	1262.000	31	1550.000	200.000	1200.000	968.000	11	29425	0.488	1.036	30.800	34	0	0	0.104	0.068	48	1558	11	1558	1558	8	25	0	0	0	136	1113	1747	T?/M?	live	0	0	0	650	482.953	650.000	691.324	671	276	1	3	9	1515	136	0	0		0	0	0	1	1	0.362	0.427	0.516	0	0.7226	0.8857
3.5.1	nat.Samekh 0.4	mid		5	true	35	3285.000	1284.000	32	1600.000	150.000	1144.000	1068.000	12	30816	0.509	1.037	33.648	35	0	0	0.111	0.068	78	1628	14	1628	1628	5	25	0	0	0	157	1894	1934	T?/M?	live	0	0	0	650	487.803	650.000	730.457	476	297	46	2	13	1628	152	0	0		0	0	0	0	0	0.362	0.435	0.516	1	0.7190	0.9143
3.5.1	nat.Samekh 0.4	mid		6	true	35	2892.000	1751.000	27	1350.000	400.000	1092.000	1179.000	13	31184	0.565	1.095	33.475	35	0	0	0.103	0.074	72	1684	6	1684	1683	30	20	0	0	0	152	1591	1965	T?/M?	live	0	0	0	650	483.043	650.000	740.971	463	115	9	2	12	1680	152	0	0		0	0	0	0	0	0.377	0.484	0.603	1	0.6229	0.7714
3.5.1	nat.Samekh 0.4	mid		7	true	35	3071.000	1751.000	28	1400.000	350.000	1185.000	1243.000	14	30380	0.546	1.086	36.637	35	0	0	0.110	0.077	71	1622	11	1622	1622	6	19	0	0	0	144	1113	1906	T?/M?	live	0	0	0	650	501.871	650.000	718.000	518	202	10	2	12	1622	143	0	0		0	0	0	0	0	0.362	0.439	0.516	1	0.6369	0.8000
3.5.1	nat.Samekh 0.4	mid		8	true	35	3118.000	1475.000	30	1500.000	250.000	1111.000	1120.000	9	31751	0.525	1.020	35.547	35	0	0	0.106	0.071	81	1720	10	1720	1720	0	22	0	0	0	140	1727	2007	T?/M?	live	0	0	0	650	476.234	650.000	757.171	370	296	14	1	4374	1710	138	0	0		0	0	0	0	0	0.377	0.474	0.560	1	0.6789	0.8571
3.5.1	oog.mini.AlphaDragon 0.1	weak		1	true	35	4187.000	834.000	34	1700.000	50.000	1795.000	762.000	14	24225	0.390	0.873	13.380	35	0	0	0.154	0.072	44	1352	4	1352	1352	4	24	0	0	0	107	1283	1317	T?/M?	live	0	0	0	650	443.129	400.000	542.143	531	64	215	2	7	1352	107	0	0		0	0	0	0	0	0.367	0.438	0.506	0	0.8339	0.9714
3.5.1	oog.mini.AlphaDragon 0.1	weak		2	true	35	3971.000	817.000	35	1750.000	0.000	1559.000	817.000	15	28730	0.452	0.916	14.069	35	0	0	0.141	0.070	103	1726	5	1727	1725	13	27	0	0	0	134	1657	1718	T?/M?	live	0	0	0	650	518.777	650.000	670.857	596	160	79	2	10	1727	134	0	0		0	0	0	0	0	0.201	0.377	0.485	0	0.8294	1.0000
3.5.1	oog.mini.AlphaDragon 0.1	weak		3	true	35	3769.000	1038.000	32	1600.000	150.000	1553.000	833.000	9	27366	0.447	0.952	14.474	35	0	0	0.150	0.075	148	1603	15	1604	1601	3	21	0	0	0	131	1592	1604	T?/M?	live	0	0	0	650	515.403	400.000	631.886	614	211	212	2	1506	1603	130	0	0		0	0	0	0	0	0.367	0.428	0.506	0	0.7841	0.9143
3.5.1	oog.mini.AlphaDragon 0.1	weak		4	true	35	3553.000	1092.000	32	1600.000	150.000	1368.000	878.000	15	30440	0.448	0.969	13.979	35	0	0	0.137	0.071	135	1825	15	1826	1824	12	21	0	0	0	172	1847	1862	T?/M?	live	0	0	0	650	531.877	650.000	719.714	547	504	218	3	10	1814	172	0	0		0	0	0	0	0	0.231	0.391	0.485	0	0.7649	0.9143
3.5.1	oog.mini.AlphaDragon 0.1	weak		5	true	35	3794.000	919.000	32	1600.000	150.000	1570.000	708.000	13	25815	0.437	0.934	13.915	35	0	0	0.147	0.068	78	1483	7	1483	1482	4	22	0	0	0	142	1022	1477	T?/M?	live	0	0	0	650	525.657	650.000	587.571	694	118	104	2	5	1483	142	0	0		0	0	0	0	0	0.367	0.419	0.506	0	0.8050	0.9143
3.5.1	oog.mini.AlphaDragon 0.1	weak		6	true	35	4098.000	700.000	35	1750.000	0.000	1665.000	700.000	11	26281	0.423	0.878	13.888	35	0	0	0.143	0.065	65	1515	8	1515	1514	4	14	0	0	0	129	1492	1508	T?/M?	live	0	0	0	650	501.797	400.000	600.886	630	201	68	2	8	1515	129	0	0		0	0	0	0	0	0.201	0.340	0.470	0	0.8541	1.0000
3.5.1	oog.mini.AlphaDragon 0.1	weak		7	true	35	3787.000	1012.000	33	1650.000	100.000	1513.000	864.000	12	28106	0.492	0.995	14.502	35	0	0	0.133	0.067	104	1666	7	1666	1665	3	18	0	0	0	152	1432	1679	T?/M?	live	0	0	0	650	527.263	650.000	653.029	648	126	67	2	10	1666	152	0	0		0	0	0	0	0	0.367	0.423	0.485	0	0.7891	0.9429
3.5.1	oog.mini.AlphaDragon 0.1	weak		8	true	35	4044.000	1021.000	32	1600.000	150.000	1781.000	810.000	15	25385	0.357	0.853	12.952	35	0	0	0.166	0.075	91	1451	8	1451	1448	7	16	0	0	0	132	1058	1435	T?/M?	live	0	0	0	650	445.514	400.000	575.286	555	126	242	3	310	1451	130	0	0		0	0	0	0	0	0.201	0.329	0.470	0	0.7984	0.9143
3.5.1	pl.Drum 0.1	weak		1	true	35	3283.000	2132.000	22	1050.000	650.000	1756.000	1217.000	6	21510	0.299	0.848	17.373	34	0	0	0.178	0.131	70	1055	0	1055	1054	3	22	0	0	0	64	500	973	T?/M?	live	0	0	0	650	436.082	650.000	462.176	382	575	538	2	7	1001	64	0	0		0	0	0	1	1	0.466	0.511	0.574	0	0.6063	0.6176
3.5.1	pl.Drum 0.1	weak		2	true	35	3531.000	2520.000	20	1000.000	750.000	2051.000	1458.000	11	21626	0.310	0.884	15.799	34	0	0	0.185	0.148	78	1084	4	1084	1083	6	22	0	0	0	73	660	1016	T?/M?	live	0	0	0	650	447.809	650.000	466.853	285	196	601	2	5	1037	72	0	0		0	0	0	1	1	0.462	0.504	0.544	0	0.5835	0.5714
3.5.1	pl.Drum 0.1	weak		3	true	35	3680.000	2131.000	23	1150.000	600.000	1981.000	1280.000	16	20725	0.303	0.868	16.581	35	0	0	0.196	0.141	86	1025	2	1025	1022	8	25	0	0	0	68	852	988	T?/M?	live	0	0	0	650	455.700	650.000	442.143	336	109	609	2	264	1021	68	0	0		0	0	0	0	0	0.466	0.513	0.574	0	0.6333	0.6571
3.5.1	pl.Drum 0.1	weak		4	true	35	3378.000	2144.000	22	1100.000	650.000	1782.000	1220.000	11	20942	0.317	0.890	13.596	34	0	0	0.196	0.131	96	1043	5	1043	1040	8	20	0	0	0	61	0	988	T?/M?	live	0	0	0	650	449.374	650.000	444.706	181	63	585	3	6	1003	61	0	0		0	0	0	1	1	0.462	0.502	0.544	0	0.6117	0.6286
3.5.1	pl.Drum 0.1	weak		5	true	35	4065.000	1356.000	28	1400.000	350.000	2025.000	867.000	6	19793	0.313	0.856	15.610	34	0	0	0.207	0.088	64	953	4	953	952	3	12	0	0	0	73	731	885	T?/M?	live	0	0	0	650	359.521	400.000	410.941	367	66	500	2	6	911	73	0	0		0	0	0	1	1	0.462	0.502	0.545	0	0.7499	0.8000
3.5.1	pl.Drum 0.1	weak		6	true	35	4211.000	1543.000	28	1400.000	350.000	2159.000	1046.000	9	20032	0.315	0.887	16.089	34	0	0	0.207	0.113	67	962	7	963	960	6	13	0	0	0	57	354	885	T?/M?	live	0	0	0	650	387.726	650.000	420.059	528	166	560	2	7	917	56	0	0		0	0	0	1	1	0.460	0.504	0.534	0	0.7318	0.8000
3.5.1	pl.Drum 0.1	weak		7	true	35	3310.000	2810.000	18	900.000	850.000	1975.000	1595.000	18	20859	0.316	0.942	16.045	35	0	0	0.189	0.179	83	1034	3	1034	1033	8	23	0	0	0	55	0	1011	T?/M?	live	0	0	0	650	475.794	650.000	445.971	264	139	631	2	6	1034	55	0	0		0	0	0	0	0	0.462	0.502	0.545	0	0.5408	0.5143
3.5.1	pl.Drum 0.1	weak		8	true	35	3165.000	2444.000	18	900.000	850.000	1852.000	1240.000	14	20574	0.332	0.910	15.420	35	0	0	0.176	0.133	68	1019	3	1019	1018	5	16	0	0	0	61	738	976	T?/M?	live	0	0	0	650	472.303	650.000	437.829	215	19	639	2	1606	1018	61	0	0		0	0	0	0	0	0.449	0.498	0.534	0	0.5643	0.5143
3.5.1	pl.Patton.GeneralPatton 1.54	weak		1	true	35	4262.000	1272.000	31	1500.000	200.000	2010.000	909.000	7	21664	0.397	0.966	16.193	34	0	0	0.196	0.115	84	1068	2	1068	1068	3	15	0	0	0	71	0	1016	T?/M?	live	0	0	0	650	411.574	550.000	459.529	523	139	478	3	6	1015	71	0	0		0	0	0	1	1	0.362	0.436	0.516	0	0.7701	0.8824
3.5.1	pl.Patton.GeneralPatton 1.54	weak		2	true	35	3920.000	1493.000	27	1350.000	400.000	1964.000	932.000	17	21754	0.386	0.968	17.471	35	0	0	0.172	0.103	43	1070	4	1070	1070	10	17	0	0	0	88	317	1066	T?/M?	live	0	0	0	650	416.243	650.000	471.543	402	191	571	2	6	1070	88	0	0		0	0	0	0	0	0.406	0.460	0.511	1	0.7242	0.7714
3.5.1	pl.Patton.GeneralPatton 1.54	weak		3	true	35	4668.000	1011.000	33	1650.000	100.000	2250.000	864.000	12	20015	0.395	0.948	15.613	35	0	0	0.198	0.108	31	943	3	943	943	3	18	0	0	0	79	389	937	T?/M?	live	0	0	0	650	337.689	400.000	421.857	347	141	488	2	8	943	78	0	0		0	0	0	0	0	0.362	0.436	0.516	0	0.8220	0.9429
3.5.1	pl.Patton.GeneralPatton 1.54	weak		4	true	35	4809.000	614.000	34	1700.000	50.000	2316.000	545.000	11	18989	0.298	0.760	13.462	35	0	0	0.216	0.074	29	883	4	884	882	6	22	0	0	0	57	0	855	T?/M?	live	0	0	0	650	349.517	400.000	392.543	464	53	544	3	6	884	57	0	0		0	0	0	0	0	0.362	0.428	0.500	1	0.8868	0.9714
3.5.1	pl.Patton.GeneralPatton 1.54	weak		5	true	35	4085.000	1540.000	29	1450.000	300.000	1990.000	1118.000	3	22684	0.302	0.842	14.995	34	0	0	0.153	0.109	35	1160	2	1160	1159	1	14	0	0	0	98	1078	1103	T?/M?	live	0	0	0	650	428.856	650.000	496.794	352	198	501	1	306	1123	98	0	0		0	0	0	1	1	0.362	0.419	0.500	1	0.7262	0.8286
3.5.1	pl.Patton.GeneralPatton 1.54	weak		6	true	35	3064.000	1855.000	23	1100.000	600.000	1512.000	1029.000	5	25370	0.411	1.051	18.024	34	0	0	0.144	0.091	91	1304	1	1304	1304	6	17	0	0	0	94	0	1284	T?/M?	live	0	0	0	650	475.456	650.000	569.500	148	554	575	2	6	1243	94	0	0		0	0	0	1	1	0.377	0.468	0.540	1	0.6229	0.6471
3.5.1	pl.Patton.GeneralPatton 1.54	weak		7	true	35	4357.000	1084.000	31	1550.000	200.000	2060.000	772.000	11	19914	0.367	0.922	13.621	35	0	0	0.226	0.090	86	936	2	937	936	5	21	0	0	0	76	430	948	T?/M?	live	0	0	0	650	370.040	400.000	418.971	350	199	491	2	7	937	76	0	0		0	0	0	0	0	0.416	0.460	0.500	1	0.8008	0.8857
3.5.1	pl.Patton.GeneralPatton 1.54	weak		8	true	35	3819.000	1402.000	28	1400.000	350.000	1800.000	926.000	10	22555	0.398	0.999	14.505	35	0	0	0.162	0.096	53	1127	3	1127	1127	2	11	0	0	0	67	136	1142	T?/M?	live	0	0	0	650	434.737	500.000	494.429	239	150	579	1	415	1127	67	0	0		0	0	0	0	0	0.377	0.466	0.540	0	0.7315	0.8000
3.5.1	rtk.Tachikoma 1.0	weak		1	true	35	4054.000	760.000	34	1700.000	50.000	1678.000	689.000	12	23999	0.573	1.129	13.855	35	0	0	0.164	0.057	52	1322	2	1323	1322	4	20	0	0	0	69	0	1313	T?/M?	live	0	0	0	650	467.123	400.000	535.686	566	72	258	2	7	1319	69	0	0		0	0	0	0	0	0.330	0.430	0.529	0	0.8421	0.9714
3.5.1	rtk.Tachikoma 1.0	weak		2	true	35	3881.000	1205.000	32	1600.000	150.000	1647.000	996.000	8	25247	0.605	1.159	13.516	35	0	0	0.147	0.083	55	1390	7	1390	1390	3	26	0	0	0	96	868	1424	T?/M?	live	0	0	0	650	484.351	650.000	571.343	577	245	218	2	8	1390	95	0	0		0	0	0	0	0	0.357	0.451	0.542	0	0.7631	0.9143
3.5.1	rtk.Tachikoma 1.0	weak		3	true	35	3829.000	1280.000	31	1550.000	200.000	1663.000	997.000	11	26340	0.582	1.136	15.197	35	0	0	0.162	0.085	87	1493	6	1493	1493	4	24	0	0	0	91	0	1519	T?/M?	live	0	0	0	650	473.294	650.000	602.571	437	122	289	2	3018	1493	91	0	0		0	0	0	0	0	0.330	0.436	0.529	0	0.7495	0.8857
3.5.1	rtk.Tachikoma 1.0	weak		4	true	35	3896.000	967.000	33	1650.000	100.000	1603.000	823.000	11	24195	0.625	1.152	14.550	35	0	0	0.149	0.071	65	1317	3	1318	1317	7	16	0	0	0	90	0	1351	T?/M?	live	0	0	0	650	479.814	400.000	541.286	497	58	202	3	7	1318	89	0	0		0	0	0	0	0	0.357	0.455	0.542	0	0.8012	0.9429
3.5.1	rtk.Tachikoma 1.0	weak		5	true	35	3956.000	1195.000	31	1550.000	200.000	1765.000	909.000	10	23671	0.525	1.049	14.196	35	0	0	0.163	0.073	70	1281	2	1281	1279	4	21	0	0	0	86	925	1270	T?/M?	live	0	0	0	650	422.360	450.000	526.314	426	30	348	2	5	1281	86	0	0		0	0	0	0	0	0.338	0.437	0.542	0	0.7680	0.8857
3.5.1	rtk.Tachikoma 1.0	weak		6	true	35	3740.000	1312.000	31	1550.000	200.000	1545.000	1006.000	8	26313	0.609	1.154	14.269	34	0	0	0.180	0.088	106	1486	12	1486	1486	5	26	0	0	0	124	1337	1486	T?/M?	live	0	0	0	650	453.456	650.000	603.529	525	87	173	2	6	1438	124	0	0		0	0	0	1	1	0.442	0.467	0.494	0	0.7403	0.8857
3.5.1	rtk.Tachikoma 1.0	weak		7	true	35	4134.000	1098.000	32	1600.000	150.000	1860.000	883.000	13	22310	0.522	1.024	13.437	35	0	0	0.166	0.080	37	1171	4	1171	1171	4	24	0	0	0	70	0	1140	T?/M?	live	0	0	0	650	418.186	400.000	487.429	654	0	310	3	7	1170	70	0	0		0	0	0	0	0	0.357	0.445	0.542	0	0.7901	0.9143
3.5.1	rtk.Tachikoma 1.0	weak		8	true	35	4025.000	731.000	34	1700.000	50.000	1658.000	659.000	9	24076	0.546	1.097	13.870	35	0	0	0.158	0.055	55	1319	3	1319	1319	4	10	0	0	0	88	0	1321	T?/M?	live	0	0	0	650	497.157	650.000	537.886	632	45	241	2	1311	1319	88	0	0		0	0	0	0	0	0.446	0.476	0.527	0	0.8463	0.9714
3.5.1	rz.Aleph 0.34	mid		1	true	35	3317.000	1156.000	32	1600.000	150.000	1171.000	936.000	14	28664	0.450	0.973	15.646	35	0	0	0.117	0.063	79	1464	2	1464	1464	6	13	0	0	0	135	832	1747	T?/M?	live	0	0	0	650	515.963	650.000	668.971	455	32	41	2	10	1464	135	0	0		0	0	0	0	0	0.345	0.399	0.435	0	0.7416	0.9143
3.5.1	rz.Aleph 0.34	mid		2	true	35	3005.000	1631.000	28	1400.000	350.000	1120.000	1126.000	10	28731	0.432	0.932	15.840	35	0	0	0.103	0.071	58	1467	4	1467	1467	2	18	0	0	0	123	0	1743	T?/M?	live	0	0	0	650	513.757	650.000	670.886	432	0	12	2	4816	1456	122	0	0		0	0	0	0	0	0.349	0.408	0.484	0	0.6482	0.8000
3.5.1	rz.Aleph 0.34	mid		3	true	35	2880.000	2024.000	26	1300.000	450.000	1128.000	1371.000	9	30037	0.460	0.977	15.484	35	0	0	0.123	0.085	110	1587	1	1587	1587	1	12	0	0	0	153	1463	1868	T?/M?	live	0	0	0	650	508.851	650.000	708.200	432	0	48	2	4244	1562	153	0	0		0	0	0	0	0	0.345	0.406	0.482	0	0.5873	0.7429
3.5.1	rz.Aleph 0.34	mid		4	true	35	3554.000	1098.000	34	1700.000	50.000	1263.000	1025.000	12	29173	0.457	0.988	14.700	35	0	0	0.117	0.071	61	1491	3	1491	1491	6	7	0	0	0	148	1596	1791	T?/M?	live	0	0	0	650	514.011	650.000	683.514	516	0	24	2	11	1491	148	0	0		0	0	0	0	0	0.349	0.406	0.472	0	0.7640	0.9714
3.5.1	rz.Aleph 0.34	mid		5	true	35	3385.000	1045.000	33	1650.000	100.000	1176.000	899.000	9	28836	0.453	0.994	15.953	35	0	0	0.115	0.064	71	1488	1	1488	1488	4	10	0	0	0	137	635	1755	T?/M?	live	0	0	0	650	516.263	650.000	673.886	241	0	57	2	9	1485	137	0	0		0	0	0	0	0	0.349	0.413	0.506	0	0.7641	0.9429
3.5.1	rz.Aleph 0.34	mid		6	true	35	3477.000	1160.000	32	1600.000	150.000	1312.000	941.000	15	27802	0.468	0.985	15.471	35	0	0	0.114	0.066	44	1441	1	1441	1441	6	17	0	0	0	134	268	1655	T?/M?	live	0	0	0	650	514.834	650.000	644.343	638	0	28	2	10	1440	134	0	0		0	0	0	0	0	0.275	0.403	0.485	0	0.7498	0.9143
3.5.1	rz.Aleph 0.34	mid		7	true	35	3415.000	1357.000	32	1600.000	150.000	1255.000	1138.000	12	29965	0.495	1.026	15.753	35	0	0	0.123	0.076	95	1549	0	1550	1549	6	17	0	0	0	173	1753	1854	T?/M?	live	0	0	0	650	518.671	650.000	706.143	307	14	102	2	11	1549	173	0	0		0	0	0	0	0	0.355	0.421	0.506	0	0.7156	0.9143
3.5.1	rz.Aleph 0.34	mid		8	true	35	3109.000	1328.000	30	1500.000	250.000	1100.000	969.000	3	28710	0.438	0.916	16.567	34	0	0	0.100	0.060	46	1481	2	1481	1481	1	10	0	0	0	137	958	1696	T?/M?	live	0	0	0	650	507.818	650.000	669.059	397	0	1	1	1859	1436	137	0	0		0	0	0	1	1	0.201	0.377	0.485	0	0.7007	0.8571
3.5.1	sheldor.mini.FoilistMC 1.0	mid		1	true	35	3425.000	1250.000	31	1550.000	200.000	1314.000	966.000	18	45407	0.732	1.222	17.257	35	0	0	0.113	0.071	209	3241	12	3240	3240	8	30	0	0	0	333	3186	3212	T?/M?	live	0	0	0	650	580.569	650.000	1147.343	458	311	60	2	12	3240	331	0	0		0	0	0	0	0	0.288	0.385	0.460	0	0.7326	0.8857
3.5.1	sheldor.mini.FoilistMC 1.0	mid		2	true	35	3108.000	1587.000	28	1400.000	350.000	1201.000	1087.000	22	45642	0.746	1.280	16.557	35	0	0	0.114	0.089	238	3232	16	3232	3232	16	26	0	0	0	345	2883	3237	T?/M?	live	0	0	0	650	574.263	650.000	1154.057	371	426	91	2	13	3225	344	0	0		0	0	0	0	0	0.275	0.382	0.437	0	0.6620	0.8000
3.5.1	sheldor.mini.FoilistMC 1.0	mid		3	true	35	3500.000	1013.000	32	1600.000	150.000	1326.000	807.000	12	43662	0.656	1.162	16.718	35	0	0	0.110	0.066	183	3091	11	3090	3090	2	28	0	0	0	294	2637	3060	T?/M?	live	0	0	0	650	575.469	650.000	1097.486	652	232	21	2	9883	3090	294	0	0		0	0	0	0	0	0.288	0.382	0.460	0	0.7755	0.9143
3.5.1	sheldor.mini.FoilistMC 1.0	mid		4	true	35	3485.000	1269.000	31	1550.000	200.000	1373.000	984.000	16	45762	0.716	1.243	17.601	35	0	0	0.113	0.079	190	3266	11	3279	3266	13	24	0	0	0	325	3098	3254	T?/M?	live	0	0	0	650	586.491	650.000	1157.486	331	406	31	3	15	3279	324	0	0		0	0	0	0	0	0.275	0.382	0.437	0	0.7331	0.8857
3.5.1	sheldor.mini.FoilistMC 1.0	mid		5	true	35	3290.000	1548.000	29	1450.000	300.000	1313.000	1116.000	22	45221	0.707	1.244	17.098	35	0	0	0.122	0.084	247	3216	10	3216	3216	16	35	0	0	0	296	2834	3199	T?/M?	live	0	0	0	650	573.129	650.000	1142.029	109	240	71	3	14	3203	296	0	0		0	0	0	0	0	0.288	0.380	0.440	0	0.6800	0.8286
3.5.1	sheldor.mini.FoilistMC 1.0	mid		6	true	35	3461.000	1396.000	31	1550.000	200.000	1341.000	1104.000	22	44896	0.768	1.311	17.823	35	0	0	0.118	0.083	226	3177	12	3177	3177	14	37	0	0	0	278	3075	3193	T?/M?	live	0	0	0	650	580.046	650.000	1132.743	308	359	60	2	14	3172	277	0	0		0	0	0	0	0	0.275	0.384	0.437	0	0.7126	0.8857
3.5.1	sheldor.mini.FoilistMC 1.0	mid		7	true	35	3520.000	1193.000	31	1550.000	200.000	1396.000	911.000	14	41674	0.722	1.243	16.692	35	0	0	0.115	0.078	173	2897	16	2897	2897	7	21	0	0	0	257	2166	2862	T?/M?	live	0	0	0	650	571.774	650.000	1040.686	488	422	45	2	13	2884	256	0	0		0	0	0	0	0	0.288	0.376	0.440	0	0.7469	0.8857
3.5.1	sheldor.mini.FoilistMC 1.0	mid		8	true	35	2920.000	1761.000	25	1250.000	500.000	1216.000	1052.000	18	43947	0.673	1.204	17.270	35	0	0	0.114	0.081	201	3116	7	3136	3116	8	39	0	0	0	278	2533	3072	T?/M?	live	0	0	0	650	595.174	650.000	1105.629	391	176	32	2	8060	3114	276	0	0		0	0	0	0	0	0.275	0.382	0.435	0	0.6238	0.7143
3.5.1	shrub.Silver v048	weak		1	true	35	4253.000	1712.000	26	1300.000	450.000	2314.000	1068.000	17	19865	0.318	0.814	11.187	35	0	0	0.194	0.181	24	808	1	808	808	9	14	0	0	0	45	0	910	T?/M?	live	0	0	0	650	403.094	650.000	417.571	350	31	642	3	8	808	45	0	0		0	0	0	0	0	0.462	0.504	0.545	0	0.7130	0.7429
3.5.1	shrub.Silver v048	weak		2	true	35	4764.000	847.000	31	1550.000	200.000	2457.000	563.000	11	18385	0.281	0.723	12.403	35	0	0	0.225	0.087	10	718	3	718	718	2	10	0	0	0	33	0	804	T?/M?	live	0	0	0	650	356.654	650.000	375.286	472	21	578	2	5	717	33	0	0		0	0	0	0	0	0.479	0.511	0.534	0	0.8490	0.8857
3.5.1	shrub.Silver v048	weak		3	true	35	4525.000	783.000	31	1550.000	200.000	2254.000	501.000	4	19503	0.275	0.709	12.784	34	0	0	0.208	0.065	13	781	4	781	781	5	9	0	0	0	43	253	864	T?/M?	live	0	0	0	650	358.818	650.000	404.647	595	29	499	2	7	753	43	0	0		0	0	0	1	1	0.462	0.504	0.545	0	0.8525	0.8857
3.5.1	shrub.Silver v048	weak		4	true	35	4140.000	1551.000	26	1300.000	450.000	2221.000	914.000	13	19905	0.316	0.787	171.914	35	0	0	0.197	0.140	23	814	3	814	814	7	16	0	0	0	49	0	911	T?/M?	live	0	0	0	650	392.720	650.000	418.714	330	0	637	3	7	809	49	0	0		0	0	0	0	0	0.460	0.504	0.534	0	0.7275	0.7429
3.5.1	shrub.Silver v048	weak		5	true	35	3734.000	1817.000	23	1150.000	600.000	2043.000	966.000	7	20144	0.305	0.783	95.133	34	0	0	0.174	0.134	16	828	3	828	828	5	14	0	0	0	36	0	885	T?/M?	live	0	0	0	650	385.026	650.000	419.853	302	40	603	3	4	787	36	0	0		0	0	0	1	1	0.449	0.499	0.534	1	0.6727	0.6571
3.5.1	shrub.Silver v048	weak		6	true	35	4415.000	1259.000	27	1350.000	400.000	2395.000	699.000	12	18466	0.278	0.728	10.544	35	0	0	0.231	0.109	19	720	0	720	720	2	10	0	0	0	47	0	815	T?/M?	live	0	0	0	650	370.997	650.000	377.600	456	0	587	2	3	720	47	0	0		0	0	0	0	0	0.434	0.491	0.524	1	0.7781	0.7714
3.5.1	shrub.Silver v048	weak		7	true	35	4489.000	1283.000	29	1450.000	300.000	2344.000	847.000	6	19441	0.298	0.747	52.820	34	0	0	0.192	0.113	10	788	0	788	788	1	10	0	0	0	38	832	850	T?/M?	live	0	0	0	650	377.485	650.000	405.412	322	18	573	2	4	765	38	0	0		0	0	0	1	1	0.449	0.500	0.534	1	0.7777	0.8286
3.5.1	shrub.Silver v048	weak		8	true	35	4477.000	1622.000	28	1400.000	350.000	2394.000	1107.000	5	20417	0.287	0.746	14.786	34	0	0	0.218	0.147	38	829	2	829	829	0	20	0	0	0	47	0	954	T?/M?	live	0	0	0	650	389.000	650.000	436.971	442	44	570	1	119	813	47	0	0		0	0	0	1	1	0.370	0.460	0.524	1	0.7341	0.8000
3.5.1	supersample.SuperTrackFire 1.0	weak		1	true	35	4038.000	266.000	35	1750.000	0.000	1615.000	266.000	11	17055	0.281	0.771	12.965	35	0	0	0.179	0.027	132	723	2	732	721	5	13	0	0	0	48	682	766	T?/M?	live	0	0	0	650	471.783	400.000	337.286	758	84	192	3	6	732	48	0	0		0	0	0	0	0	0.484	0.542	0.574	0	0.9382	1.0000
3.5.1	supersample.SuperTrackFire 1.0	weak		2	true	35	4301.000	195.000	35	1750.000	0.000	1834.000	195.000	12	16255	0.221	0.663	9.323	35	0	0	0.205	0.022	87	678	5	685	675	4	14	0	0	0	48	0	693	T?/M?	live	0	0	0	650	418.343	400.000	314.429	821	34	290	3	4	685	46	0	0		0	0	0	0	0	0.403	0.496	0.583	0	0.9566	1.0000
3.5.1	supersample.SuperTrackFire 1.0	weak		3	true	35	4062.000	148.000	35	1750.000	0.000	1635.000	148.000	10	16911	0.229	0.670	11.815	35	0	0	0.183	0.019	91	719	2	731	717	4	14	0	0	0	36	0	747	T?/M?	live	0	0	0	650	412.446	400.000	333.200	714	51	237	2	6	731	36	0	0		0	0	0	0	0	0.405	0.490	0.567	0	0.9648	1.0000
3.5.1	supersample.SuperTrackFire 1.0	weak		4	true	35	4008.000	166.000	35	1750.000	0.000	1590.000	166.000	12	16928	0.266	0.748	12.733	35	0	0	0.179	0.017	131	712	6	719	704	4	16	0	0	0	38	0	753	T?/M?	live	0	0	0	650	447.446	400.000	333.657	881	122	197	3	4	719	38	0	0		0	0	0	0	0	0.403	0.523	0.583	0	0.9602	1.0000
3.5.1	supersample.SuperTrackFire 1.0	weak		5	true	35	4172.000	200.000	35	1750.000	0.000	1726.000	198.000	10	16238	0.233	0.691	9.330	35	0	0	0.203	0.023	109	660	2	661	657	3	20	0	0	0	38	0	697	T?/M?	live	0	0	0	650	397.329	400.000	313.943	578	110	249	2	4	661	38	0	0		0	0	0	0	0	0.425	0.499	0.535	0	0.9543	1.0000
3.5.1	supersample.SuperTrackFire 1.0	weak		6	true	35	4061.000	179.000	35	1750.000	0.000	1634.000	179.000	13	16950	0.263	0.739	9.006	35	0	0	0.182	0.018	120	729	3	741	727	3	16	0	0	0	39	0	754	T?/M?	live	0	0	0	650	428.509	400.000	334.286	844	9	231	2	4	741	38	0	0		0	0	0	0	0	0.376	0.506	0.582	0	0.9578	1.0000
3.5.1	supersample.SuperTrackFire 1.0	weak		7	true	35	4081.000	242.000	35	1750.000	0.000	1650.000	242.000	15	16856	0.219	0.637	10.655	35	0	0	0.199	0.190	122	716	3	692	679	3	16	0	0	0	35	0	748	T?/M?	live	0	0	0	650	437.031	400.000	331.600	626	59	210	3	6	692	35	0	0		468	0	0	0	0	0.376	0.462	0.516	0	0.9440	1.0000
3.5.1	supersample.SuperTrackFire 1.0	weak		8	true	35	4163.000	170.000	35	1750.000	0.000	1719.000	170.000	11	17371	0.248	0.754	12.805	35	0	0	0.182	0.020	75	753	2	760	753	3	10	0	0	0	50	763	784	T?/M?	live	0	0	0	650	395.054	400.000	346.314	943	129	257	2	74	760	50	0	0		0	0	0	0	0	0.503	0.532	0.582	0	0.9608	1.0000
3.5.1	tad.Dalek98 0.98	weak		1	true	35	3738.000	839.000	33	1650.000	100.000	1473.000	695.000	9	20143	0.354	0.786	11.165	35	0	0	0.161	0.052	21	888	4	888	888	2	10	0	0	0	77	870	1016	T?/M?	live	0	0	0	650	453.966	400.000	425.514	882	0	158	2	7	888	77	0	0		0	0	0	0	0	0.375	0.471	0.542	0	0.8167	0.9429
3.5.1	tad.Dalek98 0.98	weak		2	true	35	3725.000	586.000	34	1700.000	50.000	1409.000	511.000	11	20049	0.343	0.778	15.648	35	0	0	0.152	0.043	6	873	0	873	873	3	15	0	0	0	63	0	1026	T?/M?	live	0	0	0	650	492.903	400.000	422.829	1349	25	64	2	6	873	63	0	0		0	0	0	0	0	0.442	0.462	0.494	0	0.8641	0.9714
3.5.1	tad.Dalek98 0.98	weak		3	true	35	3795.000	498.000	35	1750.000	0.000	1413.000	498.000	9	19654	0.324	0.782	14.717	35	0	0	0.147	0.039	2	864	5	864	864	2	9	0	0	0	63	961	977	T?/M?	live	0	0	0	650	486.489	550.000	411.543	1000	0	105	1	385	864	63	0	0		0	0	0	0	0	0.357	0.458	0.542	0	0.8840	1.0000
3.5.1	tad.Dalek98 0.98	weak		4	true	35	3802.000	471.000	35	1750.000	0.000	1418.000	471.000	13	19954	0.329	0.782	16.582	35	0	0	0.151	0.035	11	876	2	876	876	6	7	0	0	0	55	0	1011	T?/M?	live	0	0	0	650	512.917	400.000	420.114	1205	4	110	2	8	876	55	0	0		0	0	0	0	0	0.446	0.465	0.494	0	0.8898	1.0000
3.5.1	tad.Dalek98 0.98	weak		5	true	35	3780.000	530.000	35	1750.000	0.000	1400.000	529.000	10	20042	0.355	0.805	12.339	35	0	0	0.154	0.037	34	875	2	875	875	3	8	0	0	0	51	0	1009	T?/M?	live	0	0	0	650	497.814	400.000	422.629	966	0	202	2	8	875	51	0	0		0	0	0	0	0	0.446	0.467	0.494	0	0.8770	1.0000
3.5.1	tad.Dalek98 0.98	weak		6	true	35	3639.000	658.000	35	1750.000	0.000	1283.000	658.000	14	21900	0.375	0.886	17.123	35	0	0	0.137	0.041	31	1010	0	1010	1010	7	7	0	0	0	91	861	1187	T?/M?	live	0	0	0	650	514.769	650.000	475.714	954	0	63	3	8	1010	91	0	0		0	0	0	0	0	0.452	0.496	0.527	0	0.8469	1.0000
3.5.1	tad.Dalek98 0.98	weak		7	true	35	3540.000	899.000	33	1650.000	100.000	1308.000	754.000	9	21422	0.365	0.840	14.483	35	0	0	0.134	0.052	26	971	3	971	971	3	9	0	0	0	77	0	1134	T?/M?	live	0	0	0	650	486.211	475.000	462.057	896	0	105	2	6	971	77	0	0		0	0	0	0	0	0.446	0.469	0.494	0	0.7975	0.9429
3.5.1	tad.Dalek98 0.98	weak		8	true	35	3544.000	615.000	34	1700.000	50.000	1259.000	543.000	11	21116	0.337	0.799	12.801	35	0	0	0.129	0.042	15	950	4	950	950	2	11	0	0	0	78	1072	1108	T?/M?	live	0	0	0	650	476.117	400.000	453.314	1113	11	33	2	770	950	78	0	0		0	0	0	0	0	0.452	0.508	0.538	0	0.8521	0.9714
3.5.1	theo.QuarkSoup 1.5fga	weak		1	true	35	3378.000	1114.000	32	1600.000	150.000	1233.000	905.000	19	27974	0.442	0.956	16.560	35	0	0	0.116	0.064	46	1382	2	1386	1382	8	14	0	0	0	108	1525	1643	T?/M?	live	0	0	0	650	478.163	650.000	649.257	435	1	57	2	9	1377	108	0	0		0	0	0	0	0	0.376	0.474	0.582	0	0.7520	0.9143
3.5.1	theo.QuarkSoup 1.5fga	weak		2	true	35	3163.000	1582.000	29	1450.000	300.000	1202.000	1152.000	13	27895	0.476	0.974	14.671	35	0	0	0.132	0.075	86	1421	1	1422	1421	5	16	0	0	0	127	1563	1672	T?/M?	live	0	0	0	650	473.609	550.000	647.000	376	0	69	2	10	1416	127	0	0		0	0	0	0	0	0.378	0.427	0.480	0	0.6666	0.8286
3.5.1	theo.QuarkSoup 1.5fga	weak		3	true	35	3504.000	1206.000	32	1600.000	150.000	1329.000	990.000	12	26919	0.510	0.999	14.926	35	0	0	0.127	0.068	65	1369	1	1369	1369	5	9	0	0	0	134	1217	1577	T?/M?	live	0	0	0	650	480.346	650.000	619.114	723	0	114	2	1743	1369	134	0	0		0	0	0	0	0	0.355	0.467	0.582	0	0.7439	0.9143
3.5.1	theo.QuarkSoup 1.5fga	weak		4	true	35	3403.000	1070.000	32	1600.000	150.000	1250.000	861.000	13	28025	0.441	0.951	15.301	35	0	0	0.112	0.059	36	1379	0	1393	1379	3	17	0	0	0	124	1014	1639	T?/M?	live	0	0	0	650	500.166	650.000	650.714	652	40	13	2	10	1372	124	0	0		0	0	0	0	0	0.378	0.429	0.480	0	0.7608	0.9143
3.5.1	theo.QuarkSoup 1.5fga	weak		5	true	35	3240.000	1365.000	30	1500.000	250.000	1216.000	1008.000	15	27386	0.505	1.008	16.599	35	0	0	0.123	0.067	68	1384	2	1384	1384	8	9	0	0	0	131	1443	1613	T?/M?	live	0	0	0	650	474.083	650.000	632.457	357	0	56	3	10	1384	131	0	0		0	0	0	0	0	0.355	0.465	0.582	0	0.7036	0.8571
3.5.1	theo.QuarkSoup 1.5fga	weak		6	true	35	3599.000	1243.000	32	1600.000	150.000	1419.000	1029.000	12	27296	0.450	0.967	15.881	35	0	0	0.134	0.076	61	1286	1	1295	1286	5	26	0	0	0	111	787	1617	T?/M?	live	0	0	0	650	466.817	650.000	629.886	574	43	72	3	9	1295	111	0	0		0	0	0	0	0	0.378	0.429	0.480	0	0.7433	0.9143
3.5.1	theo.QuarkSoup 1.5fga	weak		7	true	35	3135.000	1376.000	30	1500.000	250.000	1131.000	1014.000	11	29371	0.493	0.980	15.349	35	0	0	0.114	0.063	84	1498	1	1498	1498	3	18	0	0	0	133	1302	1783	T?/M?	live	0	0	0	650	487.529	650.000	689.171	331	38	23	2	9	1481	133	0	0		0	0	0	0	0	0.355	0.466	0.582	0	0.6950	0.8571
3.5.1	theo.QuarkSoup 1.5fga	weak		8	true	35	3344.000	1519.000	29	1450.000	300.000	1364.000	1093.000	12	27900	0.488	1.004	15.284	35	0	0	0.129	0.076	73	1361	2	1371	1361	2	22	0	0	0	136	1540	1666	T?/M?	live	0	0	0	650	480.623	650.000	647.143	487	37	137	2	11	1371	136	0	0		0	0	0	0	0	0.378	0.429	0.480	0	0.6876	0.8286
3.5.1	theo.avenge.Pequod 1.0	mid		1	true	35	3374.000	1168.000	31	1550.000	200.000	1283.000	884.000	14	30939	0.478	1.283	17.691	35	0	0	0.104	0.059	64	1273	1	1277	1272	7	16	0	0	0	140	1883	1920	T?/M?	live	0	0	0	650	526.620	650.000	733.971	298	40	0	2	6	1277	140	0	0		0	0	0	0	0	0.371	0.413	0.435	0	0.7428	0.8857
3.5.1	theo.avenge.Pequod 1.0	mid		2	true	35	3227.000	1243.000	30	1500.000	250.000	1206.000	893.000	13	31043	0.497	1.276	18.205	35	0	0	0.110	0.065	80	1288	1	1291	1288	5	19	0	0	0	106	652	1928	T?/M?	live	0	0	0	650	540.917	650.000	736.943	353	56	24	2	8	1291	106	0	0		0	0	0	0	0	0.349	0.409	0.484	0	0.7219	0.8571
3.5.1	theo.avenge.Pequod 1.0	mid		3	true	35	3340.000	1079.000	31	1550.000	200.000	1248.000	800.000	8	31456	0.511	1.273	18.141	35	0	0	0.114	0.056	65	1252	0	1252	1252	0	8	0	0	0	116	233	1965	T?/M?	live	0	0	0	650	525.237	650.000	748.743	253	0	41	1	2491	1252	116	0	0		0	0	0	0	0	0.345	0.412	0.435	0	0.7558	0.8857
3.5.1	theo.avenge.Pequod 1.0	mid		4	true	35	3418.000	1055.000	33	1650.000	100.000	1216.000	911.000	12	32715	0.504	1.307	18.993	35	0	0	0.101	0.060	75	1323	1	1326	1322	5	13	0	0	0	109	539	2083	T?/M?	live	0	0	0	650	533.954	650.000	784.714	335	42	9	2	10	1326	109	0	0		0	0	0	0	0	0.349	0.410	0.484	0	0.7641	0.9429
3.5.1	theo.avenge.Pequod 1.0	mid		5	true	35	3220.000	1334.000	29	1450.000	300.000	1246.000	912.000	8	30251	0.522	1.298	16.356	35	0	0	0.104	0.064	59	1256	0	1258	1256	3	16	0	0	0	125	1699	1858	T?/M?	live	0	0	0	650	532.991	650.000	714.314	497	0	5	2	10	1258	125	0	0		0	0	0	0	0	0.345	0.406	0.435	0	0.7071	0.8286
3.5.1	theo.avenge.Pequod 1.0	mid		6	true	35	3475.000	840.000	34	1700.000	50.000	1200.000	768.000	12	31483	0.504	1.276	15.826	35	0	0	0.100	0.051	69	1283	1	1284	1282	6	12	0	0	0	108	1814	1971	T?/M?	live	0	0	0	650	522.669	650.000	749.514	452	0	4	2	9	1284	108	0	0		0	0	0	0	0	0.349	0.416	0.484	0	0.8053	0.9714
3.5.1	theo.avenge.Pequod 1.0	mid		7	true	35	3113.000	1548.000	28	1400.000	350.000	1214.000	1053.000	7	31071	0.529	1.309	17.021	34	0	0	0.116	0.071	72	1315	0	1317	1315	3	15	0	0	0	133	1624	1882	T?/M?	live	0	0	0	650	514.971	650.000	733.941	306	20	19	2	8	1268	133	0	0		0	0	0	1	1	0.345	0.408	0.435	0	0.6679	0.8000
3.5.1	theo.avenge.Pequod 1.0	mid		8	true	35	3011.000	1318.000	30	1500.000	250.000	1039.000	958.000	10	35637	0.472	1.286	19.609	35	0	0	0.086	0.061	87	1348	1	1350	1346	28	10	0	0	0	126	0	2346	T?/M?	live	0	0	0	650	524.700	650.000	868.200	198	3	0	3	4435	1350	125	0	0		0	0	0	0	0	0.349	0.426	0.506	0	0.6955	0.8571
3.5.1	theo.real.Ahab 1.0	mid		1	true	35	2916.000	1559.000	27	1350.000	400.000	1114.000	998.000	15	34109	0.717	1.513	17.080	34	0	0	0.103	0.063	101	1790	2	1793	1790	12	15	0	0	0	148	1679	2151	T?/M?	live	0	0	0	650	518.350	650.000	825.853	200	1	11	2	10	1740	147	0	0		0	0	0	1	1	0.356	0.449	0.571	0	0.6516	0.7714
3.5.1	theo.real.Ahab 1.0	mid		2	true	35	2780.000	1717.000	26	1300.000	450.000	1036.000	1087.000	15	33543	0.741	1.536	17.968	35	0	0	0.105	0.070	101	1806	0	1807	1806	8	17	0	0	0	173	1178	2177	T?/M?	live	0	0	0	650	518.006	650.000	808.371	132	0	0	2	12	1807	173	0	0		0	0	0	0	0	0.381	0.437	0.545	0	0.6182	0.7429
3.5.1	theo.real.Ahab 1.0	mid		3	true	35	3149.000	1459.000	29	1450.000	300.000	1189.000	1032.000	13	32603	0.719	1.500	17.656	35	0	0	0.110	0.072	89	1763	0	1763	1763	4	26	0	0	0	160	2013	2062	T?/M?	live	0	0	0	650	513.506	650.000	781.514	160	21	24	2	1581	1757	160	0	0		0	0	0	0	0	0.356	0.435	0.552	0	0.6834	0.8286
3.5.1	theo.real.Ahab 1.0	mid		4	true	35	3161.000	1492.000	29	1450.000	300.000	1199.000	1071.000	6	32820	0.757	1.515	16.684	34	0	0	0.100	0.074	73	1727	3	1727	1727	6	14	0	0	0	146	1813	2043	T?/M?	live	0	0	0	650	519.174	650.000	791.882	140	8	19	3	9	1681	146	0	0		0	0	0	1	1	0.300	0.435	0.545	0	0.6793	0.8286
3.5.1	theo.real.Ahab 1.0	mid		5	true	35	2982.000	1424.000	29	1450.000	300.000	1053.000	1006.000	8	34408	0.719	1.523	15.906	34	0	0	0.096	0.064	90	1884	0	1884	1884	7	16	0	0	0	165	1426	2161	T?/M?	live	0	0	0	650	521.997	650.000	834.294	99	28	3	2	12	1826	165	0	0		0	0	0	1	1	0.356	0.439	0.552	0	0.6768	0.8286
3.5.1	theo.real.Ahab 1.0	mid		6	true	35	3251.000	1078.000	33	1650.000	100.000	1069.000	938.000	15	35944	0.704	1.506	17.265	35	0	0	0.096	0.064	110	1808	0	1813	1808	9	12	0	0	0	169	2225	2369	T?/M?	live	0	0	0	650	533.543	650.000	876.971	144	17	2	3	10	1813	169	0	0		0	0	0	0	0	0.300	0.440	0.545	0	0.7510	0.9429
3.5.1	theo.real.Ahab 1.0	mid		7	true	35	3191.000	1338.000	30	1500.000	250.000	1181.000	987.000	16	33335	0.735	1.509	17.627	35	0	0	0.102	0.069	85	1749	1	1750	1749	8	12	0	0	0	157	1956	2139	T?/M?	live	0	0	0	650	522.031	650.000	802.429	230	2	17	3	7	1739	156	0	0		0	0	0	0	0	0.356	0.437	0.552	0	0.7046	0.8571
3.5.1	theo.real.Ahab 1.0	mid		8	true	35	2816.000	1738.000	26	1300.000	450.000	1077.000	1108.000	13	33518	0.745	1.532	17.849	35	0	0	0.098	0.074	83	1815	2	1817	1815	4	19	0	0	0	167	1799	2145	T?/M?	live	0	0	0	650	519.874	650.000	807.657	155	0	4	3	787	1811	167	0	0		0	0	0	0	0	0.300	0.435	0.545	0	0.6184	0.7429
3.5.1	tide.pear.Pear 0.62.1	mid		1	true	35	2851.000	1782.000	27	1350.000	400.000	1049.000	1217.000	11	31022	0.516	0.970	12.736	35	0	0	0.102	0.075	71	1617	75	1617	1617	5	18	0	0	0	150	1838	1950	T?/M?	live	0	0	0	650	497.383	650.000	736.343	368	74	11	2	8	1604	150	0	0		0	0	0	0	0	0.288	0.375	0.440	0	0.6154	0.7714
3.5.1	tide.pear.Pear 0.62.1	mid		2	true	35	2983.000	1436.000	28	1400.000	350.000	1104.000	934.000	9	29805	0.516	0.971	12.696	35	0	0	0.101	0.059	47	1554	48	1554	1554	2	15	0	0	0	148	1705	1825	T?/M?	live	0	0	0	650	507.143	650.000	701.571	478	93	0	2	11	1538	147	0	0		0	0	0	0	0	0.345	0.397	0.437	0	0.6750	0.8000
3.5.1	tide.pear.Pear 0.62.1	mid		3	true	35	3333.000	1169.000	32	1600.000	150.000	1186.000	959.000	8	30350	0.425	0.869	11.973	35	0	0	0.101	0.065	48	1495	25	1498	1495	2	18	0	0	0	144	1221	1896	T?/M?	live	0	0	0	650	499.491	650.000	717.143	755	55	26	2	4304	1498	144	0	0		0	0	0	0	0	0.288	0.367	0.440	0	0.7403	0.9143
3.5.1	tide.pear.Pear 0.62.1	mid		4	true	35	3060.000	1257.000	32	1600.000	150.000	959.000	1037.000	12	32154	0.510	0.977	12.921	35	0	0	0.092	0.065	74	1626	27	1628	1626	6	17	0	0	0	152	84	2061	T?/M?	live	0	0	0	650	504.766	650.000	768.686	212	31	5	3	10	1628	152	0	0		0	0	0	0	0	0.358	0.407	0.437	0	0.7088	0.9143
3.5.1	tide.pear.Pear 0.62.1	mid		5	true	35	2787.000	1770.000	25	1250.000	500.000	1102.000	1060.000	10	29548	0.512	0.965	12.733	35	0	0	0.102	0.067	60	1524	72	1525	1524	4	19	0	0	0	141	1651	1821	T?/M?	live	0	0	0	650	502.654	650.000	694.229	392	1	0	2	8	1520	141	0	0		0	0	0	0	0	0.275	0.372	0.421	0	0.6116	0.7143
3.5.1	tide.pear.Pear 0.62.1	mid		6	true	35	2938.000	1642.000	28	1400.000	350.000	1066.000	1140.000	11	31410	0.484	0.975	13.814	35	0	0	0.106	0.071	86	1629	70	1629	1629	4	14	0	0	0	139	0	1981	T?/M?	live	0	0	0	650	488.680	650.000	747.429	432	73	22	2	11	1606	139	0	0		0	0	0	0	0	0.345	0.402	0.435	0	0.6415	0.8000
3.5.1	tide.pear.Pear 0.62.1	mid		7	true	35	2794.000	1709.000	27	1350.000	400.000	996.000	1137.000	11	31168	0.485	0.939	12.795	35	0	0	0.100	0.069	73	1616	64	1606	1605	6	17	0	0	0	153	1492	1979	T?/M?	live	0	0	0	650	513.086	650.000	740.514	533	83	0	2	10	1606	153	0	0		0	0	0	0	0	0.275	0.359	0.421	0	0.6205	0.7714
3.5.1	tide.pear.Pear 0.62.1	mid		8	true	35	3220.000	1233.000	30	1500.000	250.000	1201.000	880.000	9	28266	0.477	0.952	13.759	35	0	0	0.098	0.061	25	1468	40	1468	1468	2	12	0	0	0	142	1561	1682	T?/M?	live	0	0	0	650	495.117	650.000	657.600	600	14	0	2	531	1464	142	0	0		0	0	0	0	0	0.378	0.417	0.435	0	0.7231	0.8571
3.5.1	vjik.UnViolation 1.1	weak		1	true	35	6330.000	1159.000	34	1700.000	50.000	3585.000	1090.000	12	15924	0.263	0.781	12.606	35	0	0	0.416	0.422	28	671	5	672	671	5	38	0	0	0	62	335	635	T?/M?	live	0	0	0	650	393.974	650.000	304.971	453	2	507	2	7	672	62	0	0		0	0	0	0	0	0.447	0.504	0.552	0	0.8452	0.9714
3.5.1	vjik.UnViolation 1.1	weak		2	true	35	6292.000	1030.000	35	1750.000	0.000	3493.000	1027.000	9	16990	0.248	0.744	11.226	35	0	0	0.326	0.333	14	739	1	739	739	3	27	0	0	0	69	176	699	T?/M?	live	0	0	0	650	438.560	650.000	335.429	354	0	573	3	5	739	69	0	0		0	0	0	0	0	0.400	0.423	0.447	0	0.8593	1.0000
3.5.1	vjik.UnViolation 1.1	weak		3	true	35	6364.000	985.000	35	1750.000	0.000	3553.000	985.000	8	15549	0.256	0.717	11.026	35	0	0	0.392	0.362	12	640	2	640	639	2	32	0	0	0	63	467	605	T?/M?	live	0	0	0	650	417.331	650.000	294.257	333	0	500	2	7	640	62	0	0		0	0	0	0	0	0.400	0.490	0.552	0	0.8660	1.0000
3.5.1	vjik.UnViolation 1.1	weak		4	true	35	6043.000	1011.000	34	1700.000	50.000	3339.000	941.000	10	16779	0.251	0.771	9.762	35	0	0	0.342	0.313	29	726	2	726	725	2	38	0	0	0	75	323	691	T?/M?	live	0	0	0	650	436.343	650.000	329.400	395	8	533	2	5	724	73	0	0		0	0	0	0	0	0.356	0.408	0.430	0	0.8567	0.9714
3.5.1	vjik.UnViolation 1.1	weak		5	true	35	6190.000	805.000	35	1750.000	0.000	3407.000	802.000	10	15753	0.250	0.744	9.523	35	0	0	0.378	0.316	22	656	2	656	656	4	31	0	0	0	60	596	629	T?/M?	live	0	0	0	650	432.434	650.000	300.086	468	0	478	2	5	655	60	0	0		0	0	0	0	0	0.356	0.391	0.413	0	0.8849	1.0000
3.5.1	vjik.UnViolation 1.1	weak		6	true	35	6285.000	927.000	35	1750.000	0.000	3486.000	925.000	11	15608	0.233	0.716	11.429	35	0	0	0.392	0.337	16	658	3	658	658	3	32	0	0	0	56	567	615	T?/M?	live	0	0	0	650	393.420	650.000	295.943	355	10	480	2	5	657	56	0	0		0	0	0	0	0	0.361	0.381	0.397	0	0.8715	1.0000
3.5.1	vjik.UnViolation 1.1	weak		7	true	35	6290.000	983.000	35	1750.000	0.000	3492.000	983.000	11	16560	0.243	0.708	10.426	35	0	0	0.362	0.352	20	725	1	724	724	3	29	0	0	0	77	461	683	T?/M?	live	0	0	0	650	424.120	650.000	323.143	532	0	512	2	5	723	77	0	0		0	0	0	0	0	0.356	0.385	0.409	0	0.8648	1.0000
3.5.1	vjik.UnViolation 1.1	weak		8	true	35	6339.000	984.000	35	1750.000	0.000	3533.000	983.000	9	15834	0.246	0.714	8.617	35	0	0	0.391	0.339	9	675	1	676	675	1	31	0	0	0	75	555	628	T?/M?	live	0	0	0	650	396.477	650.000	302.400	339	0	489	1	408	676	74	0	0		0	0	0	0	0	0.361	0.398	0.435	0	0.8656	1.0000
3.5.1	wcsv.Engineer.Engineer 0.5.4	mid		1	true	35	2913.000	1582.000	30	1500.000	250.000	939.000	1223.000	8	32335	0.534	1.014	14.601	34	0	0	0.100	0.072	95	1877	11	1877	1877	7	19	0	0	0	141	2000	2023	T?/M?	live	0	0	0	650	466.903	650.000	772.882	330	181	4	2	10	1823	141	0	0		0	0	0	1	1	0.311	0.410	0.471	0	0.6481	0.8571
3.5.1	wcsv.Engineer.Engineer 0.5.4	mid		2	true	35	2717.000	1728.000	27	1350.000	400.000	928.000	1161.000	14	31271	0.526	1.019	14.026	35	0	0	0.094	0.073	77	1803	6	1803	1803	6	12	0	0	0	186	1643	1956	T?/M?	live	0	0	0	650	470.900	650.000	743.457	326	132	9	2	11	1789	186	0	0		0	0	0	0	0	0.351	0.413	0.499	0	0.6112	0.7714
3.5.1	wcsv.Engineer.Engineer 0.5.4	mid		3	true	35	2867.000	1757.000	27	1350.000	400.000	1061.000	1191.000	5	30108	0.506	0.978	14.043	34	0	0	0.098	0.075	64	1717	7	1717	1717	2	22	0	0	0	162	1713	1784	T?/M?	live	0	0	0	650	461.579	650.000	707.176	341	143	0	2	878	1647	161	0	0		0	0	0	1	1	0.311	0.407	0.471	0	0.6200	0.7714
3.5.1	wcsv.Engineer.Engineer 0.5.4	mid		4	true	35	2908.000	1757.000	28	1400.000	350.000	1039.000	1253.000	14	30149	0.522	0.996	14.700	35	0	0	0.102	0.077	76	1726	4	1726	1726	7	13	0	0	0	165	1753	1868	T?/M?	live	0	0	0	650	474.020	650.000	711.400	195	86	0	3	9	1719	165	0	0		0	0	0	0	0	0.365	0.419	0.499	0	0.6234	0.8000
3.5.1	wcsv.Engineer.Engineer 0.5.4	mid		5	true	35	3528.000	954.000	34	1700.000	50.000	1242.000	882.000	11	29760	0.467	0.953	13.996	35	0	0	0.104	0.064	41	1694	10	1694	1694	3	17	0	0	0	163	1653	1828	T?/M?	live	0	0	0	650	470.980	650.000	700.286	601	165	44	2	8	1694	162	0	0		0	0	0	0	0	0.365	0.393	0.425	0	0.7871	0.9714
3.5.1	wcsv.Engineer.Engineer 0.5.4	mid		6	true	35	2899.000	1760.000	27	1350.000	400.000	1096.000	1191.000	14	30656	0.528	1.013	14.912	35	0	0	0.103	0.077	71	1747	11	1747	1747	8	13	0	0	0	170	1477	1918	T?/M?	live	0	0	0	650	470.517	650.000	725.886	313	185	12	2	8	1746	170	0	0		0	0	0	0	0	0.401	0.448	0.527	0	0.6222	0.7714
3.5.1	wcsv.Engineer.Engineer 0.5.4	mid		7	true	35	2702.000	2001.000	25	1250.000	500.000	1024.000	1293.000	14	31051	0.509	0.978	14.187	35	0	0	0.103	0.190	82	1793	6	1734	1734	7	16	0	0	0	162	1495	1944	T?/M?	live	0	0	0	650	461.283	650.000	737.171	274	65	33	3	9	1728	160	0	0		826	0	0	0	0	0.365	0.397	0.465	0	0.5745	0.7143
3.5.1	wcsv.Engineer.Engineer 0.5.4	mid		8	true	35	3177.000	1342.000	31	1550.000	200.000	1108.000	1054.000	11	30202	0.510	1.009	14.713	35	0	0	0.099	0.072	52	1719	15	1719	1719	3	18	0	0	0	158	1051	1872	T?/M?	live	0	0	0	650	468.374	650.000	712.914	507	259	0	2	12	1712	158	0	0		0	0	0	0	0	0.401	0.435	0.460	0	0.7030	0.8857
3.5.1	wiki.WaveRammer 1.0	weak		1	true	35	3670.000	3597.000	16	800.000	950.000	2421.000	2180.000	10	17250	0.273	0.772	13.115	34	0	0	0.247	0.282	9	804	4	804	804	4	23	0	0	0	41	502	694	T?/M?	live	0	0	0	650	339.529	650.000	343.971	100	5	545	3	7	776	41	0	0		0	0	0	1	1	0.472	0.503	0.546	0	0.5050	0.4571
3.5.1	wiki.WaveRammer 1.0	weak		2	true	35	3634.000	3596.000	15	750.000	1000.000	2446.000	2076.000	6	16413	0.273	0.750	13.006	34	0	0	0.288	0.281	24	746	1	746	746	5	19	0	0	0	41	0	654	T?/M?	live	0	0	0	650	329.409	650.000	319.765	150	0	506	3	7	725	41	0	0		0	0	0	1	1	0.472	0.514	0.557	0	0.5026	0.4286
3.5.1	wiki.WaveRammer 1.0	weak		3	true	35	3389.000	3885.000	14	700.000	1050.000	2243.000	2264.000	4	16055	0.270	0.730	12.164	34	0	0	0.265	0.360	58	723	2	723	723	2	39	0	0	0	31	70	625	T?/M?	live	0	0	0	650	342.565	650.000	306.735	145	0	478	2	657	697	31	0	0		0	0	0	1	1	0.472	0.505	0.546	0	0.4659	0.4000
3.5.1	wiki.WaveRammer 1.0	weak		4	true	35	3332.000	4119.000	12	600.000	1150.000	2394.000	2367.000	9	16304	0.277	0.748	11.461	35	0	0	0.250	0.318	13	731	3	731	731	5	33	0	0	0	43	113	665	T?/M?	live	0	0	0	650	343.957	650.000	315.829	73	11	524	2	4	730	43	0	0		0	0	0	0	0	0.472	0.510	0.557	0	0.4472	0.3429
3.5.1	wiki.WaveRammer 1.0	weak		5	true	35	4210.000	3866.000	17	850.000	900.000	2839.000	2439.000	7	15708	0.263	0.750	14.955	34	0	0	0.327	0.363	38	690	4	690	690	5	38	0	0	0	24	0	604	T?/M?	live	0	0	0	650	336.329	650.000	299.382	147	2	487	2	4	672	24	0	0		0	0	0	1	1	0.472	0.507	0.557	0	0.5213	0.4857
3.5.1	wiki.WaveRammer 1.0	weak		6	true	35	3826.000	3640.000	16	800.000	950.000	2538.000	2163.000	7	16041	0.272	0.806	14.008	34	0	0	0.296	0.316	45	717	3	717	717	3	22	0	0	0	36	263	628	T?/M?	live	0	0	0	650	327.976	650.000	309.794	148	28	500	2	4	696	36	0	0		0	0	0	1	1	0.482	0.518	0.574	0	0.5125	0.4571
3.5.1	wiki.WaveRammer 1.0	weak		7	true	35	3660.000	3712.000	16	800.000	950.000	2400.000	2288.000	5	16883	0.270	0.760	12.672	34	0	0	0.250	0.338	16	783	4	784	783	2	34	0	0	0	35	0	680	T?/M?	live	0	0	0	650	330.997	650.000	332.176	188	2	531	2	5	761	35	0	0		0	0	0	1	1	0.472	0.508	0.557	0	0.4965	0.4571
3.5.1	wiki.WaveRammer 1.0	weak		8	true	35	2667.000	4116.000	10	500.000	1250.000	1866.000	2233.000	4	15617	0.282	0.789	9.041	34	0	0	0.218	0.327	29	678	4	678	678	2	25	0	0	0	36	0	592	T?/M?	live	0	0	0	650	349.315	650.000	293.412	47	13	489	1	57	650	36	0	0		0	0	0	1	1	0.466	0.510	0.574	0	0.3932	0.2857
3.5.1	zen.Ronin 1.0.0	mid		1	false	0	0.000	0.000	0	0.000	0.000	0.000	0.000	0	0	0.000	0.000	0.000	0	0	0	NaN	NaN	0	0	0	0	0	0	0	0	0	0	0	0	0	-	-	0	0	0	-	NaN	NaN	NaN	0	0	0	0	0	0	0	0	0	expected 2 robots; found 1	0	0	0	0	0	0.470	0.470	0.470	0		
3.5.1	zen.Ronin 1.0.0	mid		2	false	0	0.000	0.000	0	0.000	0.000	0.000	0.000	0	0	0.000	0.000	0.000	0	0	0	NaN	NaN	0	0	0	0	0	0	0	0	0	0	0	0	0	-	-	0	0	0	-	NaN	NaN	NaN	0	0	0	0	0	0	0	0	0	expected 2 robots; found 1	0	0	0	0	0	0.478	0.478	0.478	0		
3.5.1	zen.Ronin 1.0.0	mid		3	false	0	0.000	0.000	0	0.000	0.000	0.000	0.000	0	0	0.000	0.000	0.000	0	0	0	NaN	NaN	0	0	0	0	0	0	0	0	0	0	0	0	0	-	-	0	0	0	-	NaN	NaN	NaN	0	0	0	0	0	0	0	0	0	expected 2 robots; found 1	0	0	0	0	0	0.461	0.465	0.470	0		
3.5.1	zen.Ronin 1.0.0	mid		4	false	0	0.000	0.000	0	0.000	0.000	0.000	0.000	0	0	0.000	0.000	0.000	0	0	0	NaN	NaN	0	0	0	0	0	0	0	0	0	0	0	0	0	-	-	0	0	0	-	NaN	NaN	NaN	0	0	0	0	0	0	0	0	0	expected 2 robots; found 1	0	0	0	0	0	0.478	0.478	0.478	0		
3.5.1	zen.Ronin 1.0.0	mid		5	false	0	0.000	0.000	0	0.000	0.000	0.000	0.000	0	0	0.000	0.000	0.000	0	0	0	NaN	NaN	0	0	0	0	0	0	0	0	0	0	0	0	0	-	-	0	0	0	-	NaN	NaN	NaN	0	0	0	0	0	0	0	0	0	expected 2 robots; found 1	0	0	0	0	0	0.461	0.461	0.461	0		
3.5.1	zen.Ronin 1.0.0	mid		6	false	0	0.000	0.000	0	0.000	0.000	0.000	0.000	0	0	0.000	0.000	0.000	0	0	0	NaN	NaN	0	0	0	0	0	0	0	0	0	0	0	0	0	-	-	0	0	0	-	NaN	NaN	NaN	0	0	0	0	0	0	0	0	0	expected 2 robots; found 1	0	0	0	0	0	0.525	0.525	0.525	0		
3.5.1	zen.Ronin 1.0.0	mid		7	false	0	0.000	0.000	0	0.000	0.000	0.000	0.000	0	0	0.000	0.000	0.000	0	0	0	NaN	NaN	0	0	0	0	0	0	0	0	0	0	0	0	0	-	-	0	0	0	-	NaN	NaN	NaN	0	0	0	0	0	0	0	0	0	expected 2 robots; found 1	0	0	0	0	0	0.525	0.525	0.525	0		
3.5.1	zen.Ronin 1.0.0	mid		8	false	0	0.000	0.000	0	0.000	0.000	0.000	0.000	0	0	0.000	0.000	0.000	0	0	0	NaN	NaN	0	0	0	0	0	0	0	0	0	0	0	0	0	-	-	0	0	0	-	NaN	NaN	NaN	0	0	0	0	0	0	0	0	0	expected 2 robots; found 1	0	0	0	0	0	0.569	0.569	0.569	0		
3.5.1	zezinho.QuerMePegarKKKK 1.0	weak		1	true	35	4351.000	1288.000	32	1550.000	150.000	2059.000	980.000	14	24280	0.445	0.947	17.532	35	0	0	0.192	0.120	96	1260	3	1260	1260	5	27	0	0	0	99	797	1302	T?/M?	live	0	0	0	650	421.123	650.000	543.714	484	18	339	3	7	1260	99	0	0		0	0	0	0	0	0.300	0.443	0.539	0	0.7716	0.9118
3.5.1	zezinho.QuerMePegarKKKK 1.0	weak		2	true	35	4056.000	1705.000	27	1350.000	400.000	2082.000	1115.000	15	24928	0.412	0.972	17.289	35	0	0	0.195	0.132	79	1291	3	1291	1291	8	23	0	0	0	114	1186	1349	T?/M?	live	0	0	0	650	449.394	650.000	562.229	600	22	484	2	6	1288	114	0	0		0	0	0	0	0	0.380	0.467	0.521	0	0.7040	0.7714
3.5.1	zezinho.QuerMePegarKKKK 1.0	weak		3	true	35	4083.000	1585.000	28	1400.000	350.000	2042.000	1000.000	7	22856	0.426	0.967	16.801	34	0	0	0.180	0.112	39	1143	4	1143	1143	1	15	0	0	0	91	716	1160	T?/M?	live	0	0	0	650	436.744	650.000	514.529	378	0	426	2	366	1137	91	0	0		0	0	0	1	0	0.300	0.448	0.539	0	0.7204	0.8000
3.5.1	zezinho.QuerMePegarKKKK 1.0	weak		4	true	35	4513.000	782.000	35	1750.000	0.000	1966.000	730.000	9	24339	0.387	0.813	16.922	35	0	0	0.176	0.086	75	1250	3	1250	1250	2	27	0	0	0	100	923	1314	T?/M?	live	0	0	0	650	414.191	525.000	545.400	755	11	192	2	6	1248	100	0	0		0	0	0	0	0	0.418	0.454	0.520	0	0.8523	1.0000
3.5.1	zezinho.QuerMePegarKKKK 1.0	weak		5	true	35	4135.000	1904.000	27	1350.000	400.000	2088.000	1191.000	13	22069	0.407	0.951	17.065	35	0	0	0.231	0.184	121	1085	2	1085	1085	5	26	0	0	0	80	795	1106	T?/M?	live	0	0	0	650	417.757	650.000	480.543	401	0	375	2	8	1076	80	0	0		0	0	0	0	0	0.353	0.462	0.539	0	0.6847	0.7714
3.5.1	zezinho.QuerMePegarKKKK 1.0	weak		6	true	35	3819.000	1830.000	26	1300.000	450.000	1898.000	1130.000	13	24083	0.414	0.970	17.508	35	0	0	0.186	0.129	92	1236	0	1236	1236	5	25	0	0	0	103	1163	1269	T?/M?	live	0	0	0	650	438.466	650.000	538.086	560	0	419	3	7	1228	103	0	0		0	0	0	0	0	0.418	0.469	0.521	0	0.6760	0.7429
3.5.1	zezinho.QuerMePegarKKKK 1.0	weak		7	true	35	4208.000	1345.000	29	1450.000	300.000	2090.000	907.000	11	23662	0.406	0.938	16.663	35	0	0	0.197	0.106	61	1185	5	1185	1185	3	22	0	0	0	94	999	1229	T?/M?	live	0	0	0	650	418.749	400.000	526.057	611	38	382	3	7	1182	94	0	0		0	0	0	0	0	0.353	0.458	0.539	0	0.7578	0.8286
3.5.1	zezinho.QuerMePegarKKKK 1.0	weak		8	true	35	3962.000	1625.000	26	1300.000	450.000	1993.000	931.000	9	21029	0.363	0.898	17.126	35	0	0	0.201	0.126	84	1010	2	1010	1010	0	25	0	0	0	79	864	1020	T?/M?	live	0	0	0	650	429.883	400.000	450.829	386	1	500	1	9	1008	79	0	0		0	0	0	0	0	0.418	0.457	0.520	0	0.7091	0.7429
3.4	GarmBox.Oranges 1.0.1	weak		1	true	35	4936.000	385.000	35	1750.000	0.000	2321.000	336.000	13	13784	0.206	0.603	9.051	35	0	0	0.329	0.064	129	525	3	526	524	4	20	0	0	0	36	0	495	T?/M?	live	0	0	0	650	350.866	400.000	243.829	349	0	382	2	6	525	36	0	0		0	0	0	0	0	0.414	0.484	0.550	0	0.9276	1.0000
3.4	GarmBox.Oranges 1.0.1	weak		2	true	35	4955.000	588.000	35	1750.000	0.000	2367.000	488.000	11	13888	0.172	0.535	7.373	35	0	0	0.360	0.103	155	528	5	530	527	3	17	0	0	0	33	286	503	T?/M?	live	0	0	0	650	334.409	400.000	246.800	363	78	376	2	5	525	32	0	0		0	0	0	0	0	0.394	0.414	0.448	0	0.8939	1.0000
3.4	GarmBox.Oranges 1.0.1	weak		3	true	35	5018.000	248.000	35	1750.000	0.000	2432.000	244.000	9	13371	0.209	0.636	9.147	35	0	0	0.349	0.046	72	497	1	497	497	1	12	0	0	0	33	0	473	T?/M?	live	0	0	0	650	346.543	400.000	232.029	380	29	346	1	69	494	33	0	0		0	0	0	0	0	0.457	0.517	0.550	0	0.9529	1.0000
3.4	GarmBox.Oranges 1.0.1	weak		4	true	35	4885.000	664.000	34	1700.000	50.000	2347.000	542.000	15	14146	0.152	0.497	10.721	35	0	0	0.327	0.253	112	542	4	516	515	5	21	0	0	0	58	431	528	T?/M?	live	0	0	0	650	339.083	400.000	254.171	466	59	361	3	5	515	58	0	0		382	0	0	0	0	0.394	0.400	0.414	0	0.8803	0.9714
3.4	GarmBox.Oranges 1.0.1	weak		5	true	35	4867.000	340.000	35	1750.000	0.000	2297.000	300.000	10	14173	0.164	0.532	11.383	35	0	0	0.317	0.055	120	544	2	544	543	2	12	0	0	0	30	0	523	T?/M?	live	0	0	0	650	351.280	400.000	254.943	370	96	389	2	4	542	30	0	0		0	0	0	0	0	0.381	0.393	0.406	0	0.9347	1.0000
3.4	GarmBox.Oranges 1.0.1	weak		6	true	35	4809.000	498.000	35	1750.000	0.000	2235.000	474.000	10	14671	0.205	0.590	10.540	35	0	0	0.292	0.071	118	581	1	583	578	3	21	0	0	0	51	541	562	T?/M?	live	0	0	0	650	359.837	400.000	269.171	353	10	379	2	7	581	50	0	0		0	0	0	0	0	0.402	0.441	0.475	0	0.9062	1.0000
3.4	GarmBox.Oranges 1.0.1	weak		7	true	35	4815.000	223.000	35	1750.000	0.000	2261.000	216.000	11	13894	0.173	0.545	8.377	35	0	0	0.323	0.041	89	532	1	533	529	1	9	0	0	0	34	0	509	T?/M?	live	0	0	0	650	328.777	400.000	246.971	569	4	365	2	5	530	34	0	0		0	0	0	0	0	0.388	0.449	0.478	0	0.9557	1.0000
3.4	GarmBox.Oranges 1.0.1	weak		8	true	35	4873.000	437.000	35	1750.000	0.000	2226.000	310.000	10	14135	0.148	0.520	8.336	35	0	0	0.309	0.070	183	546	1	548	543	2	17	0	0	0	42	472	527	T?/M?	live	0	0	0	650	340.137	400.000	253.857	379	60	348	1	12	545	42	0	0		0	0	0	0	0	0.383	0.414	0.446	0	0.9177	1.0000
3.4	ahr.ice.Ice 1.0	weak		1	true	35	4501.000	525.000	35	1750.000	0.000	2000.000	521.000	11	17099	0.360	0.998	26.084	35	0	0	0.218	0.054	10	709	5	709	709	2	8	0	0	0	39	0	742	T?/M?	live	0	0	0	650	335.609	400.000	338.543	690	56	395	3	3	708	39	0	0		0	0	0	0	0	0.489	0.523	0.551	0	0.8955	1.0000
3.4	ahr.ice.Ice 1.0	weak		2	true	35	4493.000	376.000	35	1750.000	0.000	1994.000	376.000	10	16796	0.374	1.192	33.215	35	0	0	0.217	0.037	6	696	1	696	696	1	11	0	0	0	50	0	722	T?/M?	live	0	0	0	650	337.563	400.000	329.886	571	89	385	1	41	696	50	0	0		0	0	0	0	0	0.420	0.491	0.566	0	0.9228	1.0000
3.4	ahr.ice.Ice 1.0	weak		3	true	35	4709.000	479.000	35	1750.000	0.000	2174.000	479.000	7	15859	0.348	1.133	25.902	35	0	0	0.247	0.054	4	631	5	631	631	3	14	0	0	0	29	0	654	T?/M?	live	0	0	0	650	333.514	400.000	303.114	488	92	405	1	15	631	29	0	0		0	0	0	0	0	0.489	0.523	0.551	0	0.9077	1.0000
3.4	ahr.ice.Ice 1.0	weak		4	true	35	4268.000	816.000	33	1650.000	100.000	1914.000	674.000	9	17949	0.434	1.186	33.327	34	0	0	0.204	0.062	13	769	1	769	769	5	9	0	0	0	59	0	781	T?/M?	live	0	0	0	650	342.879	400.000	360.853	486	115	399	3	4	743	59	0	0		0	0	0	1	1	0.420	0.495	0.566	0	0.8395	0.9429
3.4	ahr.ice.Ice 1.0	weak		5	true	35	4562.000	489.000	35	1750.000	0.000	2051.000	484.000	10	16695	0.341	0.979	26.375	35	0	0	0.220	0.044	13	682	5	682	682	4	8	0	0	0	49	0	705	T?/M?	live	0	0	0	650	322.111	400.000	327.000	549	69	437	2	3	682	49	0	0		0	0	0	0	0	0.482	0.525	0.574	0	0.9032	1.0000
3.4	ahr.ice.Ice 1.0	weak		6	true	35	4616.000	573.000	35	1750.000	0.000	2095.000	572.000	11	16871	0.354	1.121	24.509	35	0	0	0.223	0.064	13	699	5	699	699	1	14	0	0	0	50	0	723	T?/M?	live	0	0	0	650	329.543	400.000	332.029	726	112	428	2	4	699	50	0	0		0	0	0	0	0	0.472	0.502	0.546	0	0.8896	1.0000
3.4	ahr.ice.Ice 1.0	weak		7	true	35	4462.000	474.000	35	1750.000	0.000	1969.000	472.000	11	16974	0.354	1.037	27.572	35	0	0	0.217	0.056	4	695	4	695	695	2	15	0	0	0	46	638	728	T?/M?	live	0	0	0	650	328.123	400.000	334.971	449	66	374	2	3	695	46	0	0		0	0	0	0	0	0.466	0.518	0.574	0	0.9040	1.0000
3.4	ahr.ice.Ice 1.0	weak		8	true	35	4417.000	510.000	35	1750.000	0.000	1931.000	506.000	9	17384	0.368	1.176	28.457	35	0	0	0.194	0.047	12	729	1	729	729	0	5	0	0	0	51	0	767	T?/M?	live	0	0	0	650	340.423	400.000	346.686	570	34	386	1	167	729	51	0	0		0	0	0	0	0	0.472	0.502	0.546	0	0.8965	1.0000
3.4	apc.Colossus2 0.12	weak		1	true	35	6026.000	505.000	35	1750.000	0.000	3261.000	502.000	10	11024	0.147	0.473	8.648	35	0	0	0.634	0.128	26	252	1	252	252	2	9	0	0	0	6	0	316	T?/M?	live	0	0	0	650	198.360	400.000	164.971	264	18	255	2	4	248	6	0	0		0	0	0	0	0	0.458	0.492	0.522	0	0.9227	1.0000
3.4	apc.Colossus2 0.12	weak		2	true	35	6053.000	622.000	35	1750.000	0.000	3293.000	622.000	8	11210	0.131	0.430	8.978	35	0	0	0.632	0.149	19	260	4	262	260	1	5	0	0	0	6	0	328	T?/M?	live	0	0	0	650	190.754	400.000	170.286	244	5	269	2	3	258	6	0	0		0	0	0	0	0	0.428	0.445	0.473	0	0.9068	1.0000
3.4	apc.Colossus2 0.12	weak		3	true	35	6040.000	516.000	35	1750.000	0.000	3282.000	514.000	12	11189	0.155	0.507	10.153	35	0	0	0.638	0.115	15	251	1	251	251	2	11	0	0	0	6	0	325	T?/M?	live	0	0	0	650	205.151	400.000	169.686	200	1	259	1	8	249	6	0	0		0	0	0	0	0	0.515	0.537	0.567	0	0.9213	1.0000
3.4	apc.Colossus2 0.12	weak		4	true	35	5938.000	359.000	35	1750.000	0.000	3199.000	358.000	11	11251	0.142	0.460	8.336	35	0	0	0.594	0.099	10	259	3	259	259	3	12	0	0	0	7	0	332	T?/M?	live	0	0	0	650	195.689	400.000	171.457	179	38	270	2	2	257	7	0	0		0	0	0	0	0	0.434	0.470	0.514	0	0.9430	1.0000
3.4	apc.Colossus2 0.12	weak		5	true	35	5956.000	283.000	35	1750.000	0.000	3214.000	283.000	11	10866	0.139	0.469	9.150	35	0	0	0.646	0.087	5	243	1	243	243	2	17	0	0	0	5	0	308	T?/M?	live	0	0	0	650	216.571	400.000	160.457	197	0	245	2	3	239	5	0	0		0	0	0	0	0	0.515	0.537	0.567	0	0.9546	1.0000
3.4	apc.Colossus2 0.12	weak		6	true	35	5873.000	629.000	34	1700.000	50.000	3209.000	540.000	8	11172	0.138	0.422	8.654	35	0	0	0.634	0.418	18	255	4	231	231	3	9	0	0	0	3	0	330	T?/M?	live	0	0	0	650	212.369	400.000	169.200	190	4	246	3	3	228	2	0	0		385	0	0	0	0	0.458	0.482	0.514	0	0.9033	0.9714
3.4	apc.Colossus2 0.12	weak		7	true	35	5906.000	250.000	35	1750.000	0.000	3171.000	250.000	11	10825	0.139	0.453	9.130	35	0	0	0.637	0.072	8	237	5	238	237	2	7	0	0	0	5	0	303	T?/M?	live	0	0	0	650	197.831	400.000	159.286	181	0	245	2	2	238	5	0	0		0	0	0	0	0	0.468	0.510	0.529	0	0.9594	1.0000
3.4	apc.Colossus2 0.12	weak		8	true	35	5973.000	366.000	35	1750.000	0.000	3226.000	366.000	11	10888	0.154	0.498	10.329	35	0	0	0.644	0.110	6	250	1	251	250	1	12	0	0	0	8	0	305	T?/M?	live	0	0	0	650	189.446	400.000	161.086	220	14	251	1	4	249	8	0	0		0	0	0	0	0	0.514	0.535	0.567	0	0.9423	1.0000
3.4	ara.Shera 0.88	weak		1	true	35	4025.000	702.000	34	1700.000	50.000	1662.000	629.000	5	19690	0.315	0.823	15.043	34	0	0	0.173	0.056	18	845	3	845	845	1	14	0	0	0	69	316	924	T?/M?	live	0	0	0	650	391.479	400.000	411.324	774	0	280	2	8	818	69	0	0		0	0	0	1	1	0.432	0.462	0.486	0	0.8515	0.9714
3.4	ara.Shera 0.88	weak		2	true	35	3787.000	915.000	33	1650.000	100.000	1512.000	762.000	13	21280	0.384	0.932	13.831	35	0	0	0.161	0.064	35	988	3	987	987	6	15	0	0	0	96	1011	1105	T?/M?	live	0	0	0	650	411.283	650.000	458.000	595	0	204	3	7	987	96	0	0		0	0	0	0	0	0.459	0.505	0.533	0	0.8054	0.9429
3.4	ara.Shera 0.88	weak		3	true	35	3916.000	730.000	34	1700.000	50.000	1568.000	652.000	9	18961	0.329	0.782	13.029	35	0	0	0.167	0.058	10	815	3	815	815	3	9	0	0	0	73	753	896	T?/M?	live	0	0	0	650	406.440	400.000	391.743	705	0	237	1	20	815	73	0	0		0	0	0	0	0	0.428	0.456	0.486	0	0.8429	0.9714
3.4	ara.Shera 0.88	weak		4	true	35	3507.000	1291.000	31	1550.000	200.000	1386.000	998.000	12	22208	0.405	0.939	14.566	34	0	0	0.152	0.063	45	1048	2	1048	1048	8	17	0	0	0	82	585	1116	T?/M?	live	0	0	0	650	403.162	650.000	475.971	599	0	163	3	7	980	82	0	0		0	0	0	1	1	0.432	0.485	0.533	0	0.7309	0.8857
3.4	ara.Shera 0.88	weak		5	true	35	3719.000	1210.000	31	1550.000	200.000	1563.000	907.000	14	20853	0.419	0.932	13.689	35	0	0	0.157	0.075	31	950	5	950	950	5	17	0	0	0	86	780	1064	T?/M?	live	0	0	0	650	394.714	650.000	445.800	656	0	235	2	6	949	86	0	0		0	0	0	0	0	0.405	0.452	0.491	0	0.7545	0.8857
3.4	ara.Shera 0.88	weak		6	true	35	3858.000	1203.000	31	1550.000	200.000	1686.000	916.000	8	21168	0.446	0.961	13.599	35	0	0	0.158	0.074	28	989	2	989	989	1	15	0	0	0	77	0	1087	T?/M?	live	0	0	0	650	409.249	650.000	454.800	1395	0	198	2	8	989	77	0	0		0	0	0	0	0	0.432	0.485	0.533	0	0.7623	0.8857
3.4	ara.Shera 0.88	weak		7	true	35	3593.000	1183.000	31	1550.000	200.000	1459.000	871.000	17	21108	0.394	0.889	14.144	35	0	0	0.157	0.069	47	965	2	965	965	6	14	0	0	0	99	912	1077	T?/M?	live	0	0	0	650	383.380	400.000	453.086	752	0	248	3	9	965	99	0	0		0	0	0	0	0	0.405	0.455	0.491	0	0.7523	0.8857
3.4	ara.Shera 0.88	weak		8	true	35	4001.000	756.000	35	1750.000	0.000	1584.000	756.000	8	20023	0.353	0.829	14.172	35	0	0	0.162	0.061	8	886	2	886	886	2	18	0	0	0	67	681	991	T?/M?	live	0	0	0	650	399.063	650.000	422.086	626	0	176	1	1469	886	67	0	0		0	0	0	0	0	0.432	0.482	0.533	0	0.8411	1.0000
3.4	bvh.tyr.Tyr 1.74	weak		1	true	35	5122.000	327.000	35	1750.000	0.000	2516.000	318.000	9	14897	0.213	0.629	8.218	35	0	0	0.303	0.095	8	562	0	562	562	1	12	0	0	0	30	0	568	T?/M?	live	0	0	0	650	372.331	400.000	275.629	243	0	439	2	5	560	30	0	0		0	0	0	0	0	0.391	0.455	0.490	0	0.9400	1.0000
3.4	bvh.tyr.Tyr 1.74	weak		2	true	35	5086.000	426.000	35	1750.000	0.000	2480.000	423.000	11	15314	0.237	0.655	10.787	35	0	0	0.291	0.107	10	578	2	578	578	3	16	0	0	0	26	0	601	T?/M?	live	0	0	0	650	356.914	400.000	287.543	230	0	447	3	5	566	26	0	0		0	0	0	0	0	0.415	0.472	0.545	0	0.9227	1.0000
3.4	bvh.tyr.Tyr 1.74	weak		3	true	35	5071.000	206.000	35	1750.000	0.000	2469.000	197.000	9	14496	0.189	0.615	9.461	35	0	0	0.295	0.066	9	550	2	550	550	3	11	0	0	0	29	0	543	T?/M?	live	0	0	0	650	364.303	400.000	264.171	383	0	395	2	7	545	29	0	0		0	0	0	0	0	0.391	0.450	0.490	0	0.9610	1.0000
3.4	bvh.tyr.Tyr 1.74	weak		4	true	35	5115.000	387.000	35	1750.000	0.000	2467.000	357.000	11	15030	0.241	0.678	11.140	35	0	0	0.279	0.073	33	585	2	585	585	5	14	0	0	0	36	0	573	T?/M?	live	0	0	0	650	385.720	400.000	279.429	320	0	437	2	4	579	36	0	0		0	0	0	0	0	0.478	0.513	0.545	0	0.9297	1.0000
3.4	bvh.tyr.Tyr 1.74	weak		5	true	35	4979.000	351.000	35	1750.000	0.000	2395.000	341.000	12	16140	0.224	0.621	12.745	35	0	0	0.268	0.083	12	655	2	655	655	5	13	0	0	0	39	371	658	T?/M?	live	0	0	0	650	395.451	400.000	311.143	264	0	446	3	5	653	39	0	0		0	0	0	0	0	0.381	0.399	0.412	0	0.9341	1.0000
3.4	bvh.tyr.Tyr 1.74	weak		6	true	35	5128.000	301.000	35	1750.000	0.000	2491.000	285.000	11	14577	0.219	0.625	9.953	35	0	0	0.311	0.094	18	553	2	553	553	3	12	0	0	0	20	0	549	T?/M?	live	0	0	0	650	380.803	400.000	266.486	226	0	414	3	4	548	20	0	0		0	0	0	0	0	0.387	0.397	0.408	0	0.9446	1.0000
3.4	bvh.tyr.Tyr 1.74	weak		7	true	35	5148.000	349.000	35	1750.000	0.000	2530.000	339.000	10	14908	0.182	0.578	7.860	35	0	0	0.313	0.095	23	559	1	559	559	2	11	0	0	0	37	0	583	T?/M?	live	0	0	0	650	365.154	400.000	275.943	258	0	426	2	5	550	37	0	0		0	0	0	0	0	0.300	0.382	0.412	0	0.9365	1.0000
3.4	bvh.tyr.Tyr 1.74	weak		8	true	35	5168.000	321.000	35	1750.000	0.000	2518.000	310.000	8	14827	0.195	0.617	8.197	35	0	0	0.291	0.096	19	572	2	572	572	1	9	0	0	0	40	522	564	T?/M?	live	0	0	0	650	371.086	400.000	273.629	343	0	431	1	9	565	40	0	0		0	0	0	0	0	0.387	0.408	0.445	0	0.9415	1.0000
3.4	com.syncleus.robocode.Dreadnaught 0.1	weak		1	true	35	6031.000	799.000	35	1750.000	0.000	3275.000	798.000	10	10497	0.163	0.526	10.264	35	0	0	0.688	0.199	5	242	2	242	242	2	8	0	0	0	7	0	289	T?/M?	live	0	0	0	650	174.746	400.000	149.914	247	0	230	3	4	232	7	0	0		0	0	0	0	0	0.546	0.554	0.565	0	0.8830	1.0000
3.4	com.syncleus.robocode.Dreadnaught 0.1	weak		2	true	35	6046.000	963.000	35	1750.000	0.000	3287.000	963.000	11	10702	0.173	0.552	10.352	35	0	0	0.670	0.217	9	269	2	269	268	3	10	0	0	0	12	0	304	T?/M?	live	0	0	0	650	184.666	400.000	155.771	278	0	235	3	1	244	12	0	0		0	0	0	0	0	0.482	0.553	0.603	0	0.8626	1.0000
3.4	com.syncleus.robocode.Dreadnaught 0.1	weak		3	true	35	5986.000	752.000	35	1750.000	0.000	3227.000	747.000	8	10285	0.158	0.519	9.458	35	0	0	0.719	0.195	22	235	4	235	235	1	13	0	0	0	9	0	276	T?/M?	live	0	0	0	650	169.471	400.000	143.857	319	0	221	1	4	225	9	0	0		0	0	0	0	0	0.546	0.558	0.571	0	0.8884	1.0000
3.4	com.syncleus.robocode.Dreadnaught 0.1	weak		4	true	35	5970.000	692.000	35	1750.000	0.000	3225.000	692.000	9	10455	0.163	0.549	10.717	35	0	0	0.698	0.175	6	240	5	241	240	5	10	0	0	0	5	0	288	T?/M?	live	0	0	0	650	178.814	400.000	148.714	291	0	229	2	2	232	5	0	0		0	0	0	0	0	0.526	0.571	0.603	0	0.8961	1.0000
3.4	com.syncleus.robocode.Dreadnaught 0.1	weak		5	true	35	5920.000	596.000	35	1750.000	0.000	3183.000	596.000	11	10243	0.159	0.539	9.328	35	0	0	0.705	0.152	5	244	1	244	244	3	15	0	0	0	7	0	274	T?/M?	live	0	0	0	650	193.286	400.000	142.657	272	0	213	2	2	231	7	0	0		0	0	0	0	0	0.546	0.558	0.571	0	0.9085	1.0000
3.4	com.syncleus.robocode.Dreadnaught 0.1	weak		6	true	35	6030.000	796.000	35	1750.000	0.000	3275.000	796.000	12	10345	0.156	0.533	10.172	35	0	0	0.704	0.198	7	245	1	245	245	3	23	0	0	0	4	0	280	T?/M?	live	0	0	0	650	167.666	400.000	145.571	231	3	230	2	3	217	4	0	0		0	0	0	0	0	0.592	0.596	0.603	0	0.8834	1.0000
3.4	com.syncleus.robocode.Dreadnaught 0.1	weak		7	true	35	5901.000	708.000	35	1750.000	0.000	3166.000	708.000	12	10530	0.145	0.514	9.136	35	0	0	0.662	0.164	11	256	2	256	256	1	11	0	0	0	13	0	291	T?/M?	live	0	0	0	650	168.406	400.000	150.857	327	0	238	2	3	243	13	0	0		0	0	0	0	0	0.530	0.551	0.571	0	0.8929	1.0000
3.4	com.syncleus.robocode.Dreadnaught 0.1	weak		8	true	35	5965.000	722.000	35	1750.000	0.000	3221.000	722.000	7	10475	0.155	0.528	10.619	35	0	0	0.690	0.188	10	253	2	253	253	1	12	0	0	0	7	0	290	T?/M?	live	0	0	0	650	176.263	400.000	149.286	285	2	229	1	96	237	7	0	0		0	0	0	0	0	0.552	0.579	0.593	0	0.8920	1.0000
3.4	davidalves.Firebird 0.25	mid		1	true	35	3040.000	1449.000	31	1550.000	200.000	995.000	1168.000	12	34567	0.630	1.140	19.863	35	0	0	0.085	0.073	72	1833	3	1833	1833	2	30	0	0	0	187	2226	2248	T?/M?	live	0	0	0	650	478.643	650.000	837.629	152	0	0	2	11	1833	187	0	0		0	0	0	0	0	0.311	0.413	0.499	0	0.6772	0.8857
3.4	davidalves.Firebird 0.25	mid		2	true	35	2837.000	1562.000	29	1450.000	300.000	938.000	1135.000	14	35242	0.644	1.145	20.371	35	0	0	0.090	0.072	102	1876	1	1876	1876	5	23	0	0	0	171	1417	2311	T?/M?	live	0	0	0	650	466.837	650.000	856.914	216	0	0	2	12	1876	171	0	0		0	0	0	0	0	0.393	0.464	0.552	0	0.6449	0.8286
3.4	davidalves.Firebird 0.25	mid		3	true	35	2576.000	1989.000	25	1250.000	500.000	917.000	1265.000	4	33223	0.605	1.098	21.960	35	0	0	0.093	0.074	94	1832	2	1832	1832	2	20	0	0	0	172	1830	2154	T?/M?	live	0	0	0	650	451.940	650.000	799.229	186	55	21	2	4776	1831	170	0	0		0	0	0	0	0	0.311	0.408	0.499	0	0.5643	0.7143
3.4	davidalves.Firebird 0.25	mid		4	true	35	3219.000	1175.000	32	1600.000	150.000	1090.000	963.000	10	33830	0.628	1.133	22.075	35	0	0	0.091	0.068	64	1705	2	1705	1705	3	21	0	0	0	140	230	2177	T?/M?	live	0	0	0	650	479.137	650.000	816.571	235	6	0	3	8	1705	140	0	0		0	0	0	0	0	0.393	0.447	0.524	0	0.7326	0.9143
3.4	davidalves.Firebird 0.25	mid		5	true	35	2547.000	2059.000	22	1100.000	650.000	1066.000	1136.000	17	30533	0.643	1.153	19.242	35	0	0	0.094	0.073	49	1634	3	1634	1634	8	12	0	0	0	140	1677	1875	T?/M?	live	0	0	0	650	480.960	650.000	722.371	209	0	7	3	10	1627	140	0	0		0	0	0	0	0	0.365	0.416	0.499	0	0.5530	0.6286
3.4	davidalves.Firebird 0.25	mid		6	true	35	2736.000	1646.000	28	1400.000	350.000	896.000	1155.000	8	34685	0.626	1.105	19.593	34	0	0	0.086	0.069	85	1872	0	1872	1872	6	20	0	0	0	187	1923	2227	T?/M?	live	0	0	0	650	468.944	650.000	847.176	169	0	0	2	11	1827	187	0	0		0	0	0	1	1	0.311	0.407	0.471	0	0.6244	0.8000
3.4	davidalves.Firebird 0.25	mid		7	true	35	2897.000	1600.000	29	1450.000	300.000	983.000	1172.000	15	33701	0.652	1.135	21.443	35	0	0	0.092	0.073	76	1786	2	1786	1786	9	14	0	0	0	166	2143	2193	T?/M?	live	0	0	0	650	482.354	650.000	812.886	267	41	0	3	11	1786	166	0	0		0	0	0	0	0	0.365	0.410	0.499	0	0.6442	0.8286
3.4	davidalves.Firebird 0.25	mid		8	true	35	2970.000	1453.000	30	1500.000	250.000	988.000	1095.000	12	34516	0.568	1.046	21.130	35	0	0	0.092	0.072	90	1781	3	1781	1781	5	10	0	0	0	163	1991	2256	T?/M?	live	0	0	0	650	473.103	650.000	836.171	231	63	22	2	6272	1781	163	0	0		0	0	0	0	0	0.311	0.407	0.471	0	0.6715	0.8571
3.4	dcs.Eater_of_Worlds_Mini 1.0	weak		1	true	35	4859.000	40.000	35	1750.000	0.000	2299.000	40.000	8	15809	0.177	0.540	10.173	35	0	0	0.252	0.009	1	608	4	608	608	2	10	0	0	0	40	573	631	T?/M?	live	0	0	0	650	345.237	400.000	301.686	461	60	443	2	5	607	40	0	0		0	0	0	0	0	0.420	0.477	0.540	0	0.9918	1.0000
3.4	dcs.Eater_of_Worlds_Mini 1.0	weak		2	true	35	4973.000	114.000	35	1750.000	0.000	2387.000	110.000	10	15546	0.200	0.571	11.634	35	0	0	0.283	0.021	12	588	2	588	588	1	10	0	0	0	34	0	624	T?/M?	live	0	0	0	650	343.520	400.000	294.171	505	148	420	2	4	583	34	0	0		0	0	0	0	0	0.469	0.501	0.540	1	0.9776	1.0000
3.4	dcs.Eater_of_Worlds_Mini 1.0	weak		3	true	35	5001.000	121.000	35	1750.000	0.000	2416.000	120.000	10	15301	0.185	0.540	9.305	35	0	0	0.273	0.024	2	575	2	575	575	3	8	0	0	0	34	0	596	T?/M?	live	0	0	0	650	325.803	400.000	287.171	412	108	451	1	52	572	34	0	0		0	0	0	0	0	0.377	0.447	0.476	0	0.9764	1.0000
3.4	dcs.Eater_of_Worlds_Mini 1.0	weak		4	true	35	4711.000	36.000	35	1750.000	0.000	2176.000	35.000	8	16795	0.178	0.538	11.912	35	0	0	0.229	0.005	2	672	1	672	672	2	12	0	0	0	43	540	700	T?/M?	live	0	0	0	650	347.437	400.000	329.857	596	61	449	2	7	672	43	0	0		0	0	0	0	0	0.420	0.477	0.540	0	0.9924	1.0000
3.4	dcs.Eater_of_Worlds_Mini 1.0	weak		5	true	35	4853.000	60.000	35	1750.000	0.000	2294.000	60.000	11	15982	0.213	0.629	9.865	35	0	0	0.257	0.006	2	615	4	615	615	3	6	0	0	0	33	0	637	T?/M?	live	0	0	0	650	337.211	400.000	306.629	476	61	472	2	3	615	33	0	0		0	0	0	0	0	0.552	0.580	0.603	0	0.9878	1.0000
3.4	dcs.Eater_of_Worlds_Mini 1.0	weak		6	true	35	4701.000	80.000	35	1750.000	0.000	2168.000	80.000	9	17231	0.195	0.570	12.079	35	0	0	0.220	0.013	4	690	1	690	690	1	19	0	0	0	40	0	742	T?/M?	live	0	0	0	650	357.477	400.000	342.314	633	132	420	2	7	690	40	0	0		0	0	0	0	0	0.377	0.453	0.482	0	0.9833	1.0000
3.4	dcs.Eater_of_Worlds_Mini 1.0	weak		7	true	35	4739.000	50.000	35	1750.000	0.000	2199.000	50.000	11	16727	0.201	0.593	11.800	35	0	0	0.224	0.008	2	667	0	667	667	2	11	0	0	0	24	0	696	T?/M?	live	0	0	0	650	350.163	400.000	327.914	655	146	477	3	7	664	24	0	0		0	0	0	0	0	0.524	0.546	0.571	0	0.9896	1.0000
3.4	dcs.Eater_of_Worlds_Mini 1.0	weak		8	true	35	4763.000	64.000	35	1750.000	0.000	2218.000	62.000	11	16597	0.224	0.634	11.578	35	0	0	0.238	0.010	3	655	4	655	655	1	5	0	0	0	41	0	685	T?/M?	live	0	0	0	650	341.780	400.000	324.200	608	92	467	2	403	655	41	0	0		0	0	0	0	0	0.482	0.560	0.603	0	0.9867	1.0000
3.4	dft.Immortal 1.40	mid		1	true	35	3421.000	1202.000	31	1550.000	200.000	1319.000	912.000	13	28550	0.455	0.938	15.123	35	0	0	0.110	0.065	39	1381	1	1394	1381	4	16	0	0	0	140	1380	1713	T?/M?	live	0	0	0	650	507.937	650.000	665.714	584	7	8	2	7	1394	140	0	0		0	0	0	0	0	0.389	0.461	0.566	0	0.7400	0.8857
3.4	dft.Immortal 1.40	mid		2	true	35	3221.000	1279.000	31	1550.000	200.000	1149.000	1002.000	11	29307	0.497	0.975	14.292	35	0	0	0.102	0.066	58	1498	2	1499	1498	5	7	0	0	0	184	1591	1756	T?/M?	live	0	0	0	650	507.194	650.000	687.343	289	18	2	2	10	1498	184	0	0		0	0	0	0	0	0.405	0.470	0.533	0	0.7158	0.8857
3.4	dft.Immortal 1.40	mid		3	true	35	3370.000	1292.000	30	1500.000	250.000	1334.000	930.000	10	28380	0.479	0.947	14.441	35	0	0	0.121	0.064	60	1400	0	1400	1400	2	16	0	0	0	154	1652	1709	T?/M?	live	0	0	0	650	493.097	600.000	660.857	469	3	35	2	1116	1395	154	0	0		0	0	0	0	0	0.389	0.468	0.566	0	0.7229	0.8571
3.4	dft.Immortal 1.40	mid		4	true	35	2810.000	1893.000	25	1250.000	500.000	1132.000	1183.000	15	29721	0.456	0.959	15.552	35	0	0	0.110	0.073	70	1525	1	1525	1525	9	12	0	0	0	143	1679	1827	T?/M?	live	0	0	0	650	495.903	650.000	699.171	346	0	33	3	11	1525	143	0	0		0	0	0	0	0	0.405	0.468	0.533	0	0.5975	0.7143
3.4	dft.Immortal 1.40	mid		5	true	35	3306.000	1496.000	29	1450.000	300.000	1325.000	1065.000	7	28896	0.467	0.975	15.009	34	0	0	0.129	0.070	67	1441	1	1447	1441	5	8	0	0	0	134	1073	1697	T?/M?	live	0	0	0	650	494.609	650.000	672.294	417	6	111	2	10	1393	134	0	0		0	0	0	1	1	0.368	0.470	0.573	0	0.6885	0.8286
3.4	dft.Immortal 1.40	mid		6	true	35	3312.000	1021.000	33	1650.000	100.000	1116.000	881.000	12	29849	0.473	0.939	15.172	35	0	0	0.098	0.059	56	1515	0	1515	1515	2	17	0	0	0	183	1663	1816	T?/M?	live	0	0	0	650	501.357	650.000	702.829	289	10	25	2	10	1515	183	0	0		0	0	0	0	0	0.389	0.461	0.566	0	0.7644	0.9429
3.4	dft.Immortal 1.40	mid		7	true	35	3380.000	1204.000	32	1550.000	150.000	1279.000	998.000	12	29180	0.508	0.965	14.571	35	0	0	0.108	0.070	48	1429	0	1431	1429	5	16	0	0	0	159	1682	1692	T?/M?	live	0	0	0	650	507.423	650.000	683.714	528	22	24	3	10	1429	159	0	0		0	0	0	0	0	0.354	0.456	0.573	0	0.7373	0.9118
3.4	dft.Immortal 1.40	mid		8	true	35	3369.000	1026.000	32	1600.000	150.000	1212.000	811.000	12	28547	0.425	0.866	143.830	35	0	0	0.108	0.055	55	1416	0	1416	1416	4	12	0	0	0	151	1080	1719	T?/M?	live	0	0	0	650	503.037	650.000	665.629	531	0	21	2	2600	1416	151	0	0		0	0	0	0	0	0.389	0.467	0.566	0	0.7666	0.9143
3.4	dk.stable.Gorgatron 1.1	weak		1	true	35	4872.000	770.000	35	1750.000	0.000	2299.000	749.000	13	15444	0.360	0.954	17.122	35	0	0	0.272	0.093	25	537	2	544	537	4	12	0	0	0	45	0	609	T?/M?	live	0	0	0	650	355.389	400.000	291.257	403	222	460	2	3	542	45	0	0		0	0	0	0	0	0.485	0.505	0.527	0	0.8635	1.0000
3.4	dk.stable.Gorgatron 1.1	weak		2	true	35	4542.000	381.000	35	1750.000	0.000	2035.000	381.000	10	15818	0.327	0.823	14.782	35	0	0	0.223	0.042	2	555	3	566	555	4	8	0	0	0	53	0	640	T?/M?	live	0	0	0	650	379.317	400.000	301.943	660	145	406	2	4	566	53	0	0		0	0	0	0	0	0.446	0.466	0.483	0	0.9226	1.0000
3.4	dk.stable.Gorgatron 1.1	weak		3	true	35	4711.000	588.000	35	1750.000	0.000	2149.000	558.000	13	15487	0.371	0.917	14.348	35	0	0	0.243	0.065	28	544	1	548	544	4	8	0	0	0	59	0	610	T?/M?	live	0	0	0	650	372.869	400.000	292.486	414	126	458	2	202	548	59	0	0		0	0	0	0	0	0.452	0.503	0.527	0	0.8890	1.0000
3.4	dk.stable.Gorgatron 1.1	weak		4	true	35	4720.000	485.000	35	1750.000	0.000	2184.000	481.000	12	15226	0.315	0.850	15.019	35	0	0	0.252	0.055	5	526	2	532	526	3	12	0	0	0	50	159	597	T?/M?	live	0	0	0	650	368.291	400.000	285.029	420	131	432	3	3	531	50	0	0		0	0	0	0	0	0.462	0.471	0.488	0	0.9068	1.0000
3.4	dk.stable.Gorgatron 1.1	weak		5	true	35	4785.000	503.000	35	1750.000	0.000	2238.000	503.000	12	15049	0.369	0.885	15.045	35	0	0	0.272	0.065	4	515	3	518	514	6	5	0	0	0	46	0	587	T?/M?	live	0	0	0	650	365.851	400.000	279.971	528	131	417	2	3	518	46	0	0		0	0	0	0	0	0.452	0.501	0.527	0	0.9049	1.0000
3.4	dk.stable.Gorgatron 1.1	weak		6	true	35	4992.000	592.000	35	1750.000	0.000	2376.000	552.000	13	14159	0.317	0.874	15.380	35	0	0	0.347	0.084	32	462	4	465	460	5	19	0	0	0	38	0	532	T?/M?	live	0	0	0	650	352.480	400.000	254.543	440	202	364	2	1	462	38	0	0		0	0	0	0	0	0.462	0.489	0.527	0	0.8940	1.0000
3.4	dk.stable.Gorgatron 1.1	weak		7	true	35	4602.000	806.000	34	1700.000	50.000	2119.000	715.000	13	16114	0.412	0.994	14.558	35	0	0	0.237	0.076	23	575	2	586	575	5	14	0	0	0	74	648	665	T?/M?	live	0	0	0	650	377.263	400.000	310.400	686	195	416	3	3	586	74	0	0		0	0	0	0	0	0.446	0.516	0.552	0	0.8510	0.9714
3.4	dk.stable.Gorgatron 1.1	weak		8	true	35	4842.000	543.000	35	1750.000	0.000	2231.000	478.000	11	14614	0.327	0.858	14.354	35	0	0	0.300	0.075	52	490	2	498	489	2	18	0	0	0	47	301	557	T?/M?	live	0	0	0	650	354.949	400.000	267.543	372	134	405	1	105	491	47	0	0		0	0	0	0	0	0.452	0.501	0.533	0	0.8992	1.0000
3.4	dmh.robocode.robot.PinkPanther 1.1	weak		1	true	35	3142.000	1019.000	33	1650.000	100.000	972.000	867.000	12	24903	0.519	1.048	14.769	35	0	0	0.084	0.051	25	1228	15	1220	1220	4	9	0	0	0	102	1114	1426	T?/M?	live	0	0	0	650	603.029	650.000	561.514	740	142	4	2	8	1214	101	0	0		0	0	0	0	0	0.330	0.436	0.529	0	0.7551	0.9429
3.4	dmh.robocode.robot.PinkPanther 1.1	weak		2	true	35	2945.000	1225.000	30	1500.000	250.000	966.000	862.000	15	24161	0.493	1.008	13.558	35	0	0	0.096	0.051	37	1170	47	1170	1169	14	11	0	0	0	88	1328	1386	T?/M?	live	0	0	0	650	608.743	650.000	540.314	690	109	2	3	8	1170	88	0	0		0	0	0	0	0	0.354	0.464	0.573	0	0.7062	0.8571
3.4	dmh.robocode.robot.PinkPanther 1.1	weak		3	true	35	2971.000	1251.000	31	1550.000	200.000	931.000	955.000	11	25049	0.520	1.044	14.293	35	0	0	0.092	0.053	32	1248	23	1240	1240	3	9	0	0	0	100	0	1461	T?/M?	live	0	0	0	650	603.457	650.000	565.686	929	100	8	2	1599	1238	100	0	0		0	0	0	0	0	0.330	0.435	0.529	0	0.7037	0.8857
3.4	dmh.robocode.robot.PinkPanther 1.1	weak		4	true	35	2896.000	1242.000	31	1550.000	200.000	871.000	953.000	20	26046	0.560	1.089	13.909	35	0	0	0.086	0.055	39	1311	38	1311	1311	9	8	0	0	0	122	1437	1550	T?/M?	live	0	0	0	650	617.486	650.000	594.171	689	137	6	3	11	1311	122	0	0		0	0	0	0	0	0.354	0.456	0.573	0	0.6999	0.8857
3.4	dmh.robocode.robot.PinkPanther 1.1	weak		5	true	35	2953.000	1218.000	31	1550.000	200.000	919.000	922.000	9	25633	0.470	0.989	14.869	34	0	0	0.089	0.048	29	1268	41	1267	1266	6	12	0	0	0	101	1233	1463	T?/M?	live	0	0	0	650	613.929	650.000	581.971	906	224	3	2	9	1232	100	0	0		0	0	0	1	1	0.330	0.425	0.529	0	0.7080	0.8857
3.4	dmh.robocode.robot.PinkPanther 1.1	weak		6	true	35	3204.000	1071.000	33	1650.000	100.000	1029.000	924.000	13	24662	0.475	1.014	14.415	35	0	0	0.100	0.052	36	1209	18	1200	1200	8	14	0	0	0	96	856	1429	T?/M?	live	0	0	0	650	617.414	650.000	554.629	694	169	4	3	10	1200	93	0	0		0	0	0	0	0	0.354	0.429	0.493	0	0.7495	0.9429
3.4	dmh.robocode.robot.PinkPanther 1.1	weak		7	true	35	2818.000	1290.000	30	1500.000	250.000	856.000	930.000	15	25749	0.470	0.994	14.153	35	0	0	0.083	0.160	28	1291	34	1234	1233	15	7	0	0	0	126	1212	1518	T?/M?	live	0	0	0	650	595.237	650.000	585.686	696	204	1	3	10	1234	121	0	0		647	0	0	0	0	0.330	0.428	0.529	0	0.6860	0.8571
3.4	dmh.robocode.robot.PinkPanther 1.1	weak		8	true	35	3330.000	1372.000	31	1550.000	200.000	1241.000	1075.000	5	22925	0.445	0.952	14.091	34	0	0	0.127	0.064	36	1077	37	1077	1076	3	11	0	0	0	78	474	1217	T?/M?	live	0	0	0	650	530.118	400.000	503.824	675	156	110	2	11	1045	78	0	0		0	0	0	1	1	0.354	0.424	0.485	0	0.7082	0.8857
3.4	dz.Caedo 1.4	weak		1	true	35	5371.000	702.000	34	1700.000	50.000	2787.000	629.000	13	22917	0.361	0.933	12.385	35	0	0	0.201	0.129	19	1110	3	1110	1110	6	26	0	0	0	69	655	1141	T?/M?	live	0	0	0	650	320.034	650.000	504.771	525	36	579	2	6	1109	69	0	0		0	0	0	0	0	0.376	0.495	0.583	0	0.8844	0.9714
3.4	dz.Caedo 1.4	weak		2	true	35	4697.000	1181.000	29	1450.000	300.000	2506.000	772.000	14	22351	0.350	0.887	13.363	35	0	0	0.192	0.128	17	1045	2	1045	1045	4	19	0	0	0	72	660	1099	T?/M?	live	0	0	0	650	317.340	650.000	488.600	302	0	498	3	6	1039	72	0	0		0	0	0	0	0	0.405	0.509	0.574	0	0.7991	0.8286
3.4	dz.Caedo 1.4	weak		3	true	35	4873.000	1049.000	30	1500.000	250.000	2601.000	695.000	10	23204	0.353	0.872	13.761	35	0	0	0.197	0.118	24	1124	2	1124	1124	2	17	0	0	0	88	0	1161	T?/M?	live	0	0	0	650	313.397	400.000	512.971	512	24	545	2	1516	1124	88	0	0		0	0	0	0	0	0.376	0.504	0.583	0	0.8229	0.8571
3.4	dz.Caedo 1.4	weak		4	true	35	5263.000	757.000	33	1650.000	100.000	2753.000	619.000	10	21048	0.367	0.914	15.252	34	0	0	0.211	0.129	2	993	2	993	993	8	18	0	0	0	61	550	961	T?/M?	live	0	0	0	650	329.344	650.000	450.882	526	18	524	2	6	960	61	0	0		0	0	0	1	1	0.403	0.501	0.574	0	0.8743	0.9429
3.4	dz.Caedo 1.4	weak		5	true	35	5497.000	583.000	33	1650.000	100.000	2953.000	442.000	15	21719	0.344	0.882	13.589	35	0	0	0.212	0.127	6	1079	4	1076	1075	63	28	0	0	0	60	0	1040	T?/M?	live	0	0	0	650	327.446	625.000	470.543	316	22	607	2	6	1074	60	0	0		0	0	0	0	0	0.376	0.504	0.583	0	0.9041	0.9429
3.4	dz.Caedo 1.4	weak		6	true	35	5295.000	605.000	33	1650.000	100.000	2774.000	469.000	14	23579	0.346	0.882	15.597	35	0	0	0.191	0.115	10	1186	2	1186	1186	3	14	0	0	0	104	802	1176	T?/M?	live	0	0	0	650	320.097	650.000	523.686	495	30	609	2	6	1186	104	0	0		0	0	0	0	0	0.403	0.503	0.574	0	0.8975	0.9429
3.4	dz.Caedo 1.4	weak		7	true	35	5081.000	797.000	32	1600.000	150.000	2651.000	596.000	11	21617	0.354	0.899	12.888	35	0	0	0.195	0.135	12	1014	2	1014	1014	5	32	0	0	0	54	0	1050	T?/M?	live	0	0	0	650	314.849	650.000	467.629	518	25	542	2	7	1014	54	0	0		0	0	0	0	0	0.376	0.504	0.583	0	0.8644	0.9143
3.4	dz.Caedo 1.4	weak		8	true	35	5208.000	679.000	32	1600.000	150.000	2763.000	477.000	13	21459	0.355	0.917	14.802	35	0	0	0.194	0.124	1	1047	1	1047	1047	3	24	0	0	0	59	0	1015	T?/M?	live	0	0	0	650	315.806	650.000	463.114	503	38	610	2	370	1047	59	0	0		0	0	0	0	0	0.403	0.501	0.574	0	0.8847	0.9143
3.4	element.Earth 1.1	weak		1	true	35	3681.000	1310.000	30	1500.000	250.000	1597.000	955.000	12	25963	0.347	0.864	14.361	35	0	0	0.150	0.077	47	1406	1	1406	1406	3	20	0	0	0	106	662	1452	T?/M?	live	0	0	0	650	412.034	475.000	591.800	414	364	151	2	5	1399	106	0	0		0	0	0	0	0	0.400	0.463	0.524	0	0.7375	0.8571
3.4	element.Earth 1.1	weak		2	true	35	4083.000	906.000	33	1650.000	100.000	1765.000	768.000	10	23822	0.358	0.774	14.583	35	0	0	0.149	0.067	24	1243	2	1243	1243	2	16	0	0	0	108	876	1266	T?/M?	live	0	0	0	650	416.186	650.000	530.629	465	401	242	2	6	1243	108	0	0		0	0	0	0	0	0.419	0.500	0.552	0	0.8184	0.9429
3.4	element.Earth 1.1	weak		3	true	35	3849.000	1709.000	27	1350.000	400.000	1899.000	1142.000	13	23749	0.344	0.841	15.167	35	0	0	0.179	0.109	46	1256	2	1256	1256	4	19	0	0	0	108	954	1232	T?/M?	live	0	0	0	650	349.823	400.000	528.543	247	262	393	2	3128	1229	108	0	0		0	0	0	0	0	0.393	0.454	0.524	0	0.6925	0.7714
3.4	element.Earth 1.1	weak		4	true	35	4045.000	1298.000	30	1500.000	250.000	1893.000	951.000	15	23046	0.372	0.915	13.708	35	0	0	0.187	0.092	31	1203	5	1203	1203	8	17	0	0	0	132	1030	1191	T?/M?	live	0	0	0	650	369.240	425.000	508.457	419	280	302	3	4	1199	132	0	0		0	0	0	0	0	0.419	0.497	0.552	0	0.7571	0.8571
3.4	element.Earth 1.1	weak		5	true	35	4049.000	1271.000	29	1450.000	300.000	1959.000	865.000	10	21787	0.324	0.823	12.766	35	0	0	0.187	0.089	16	1107	1	1107	1107	3	15	0	0	0	105	946	1090	T?/M?	live	0	0	0	650	356.980	425.000	472.486	461	281	320	2	4	1106	105	0	0		0	0	0	0	0	0.393	0.454	0.524	0	0.7611	0.8286
3.4	element.Earth 1.1	weak		6	true	35	3624.000	1439.000	28	1400.000	350.000	1643.000	946.000	11	24070	0.380	0.887	12.624	34	0	0	0.184	0.086	48	1272	4	1272	1271	4	20	0	0	0	116	1118	1276	T?/M?	live	0	0	0	650	388.471	400.000	535.206	483	219	153	2	6	1230	116	0	0		0	0	0	1	0	0.419	0.495	0.552	0	0.7158	0.8000
3.4	element.Earth 1.1	weak		7	true	35	3524.000	1421.000	28	1400.000	350.000	1554.000	932.000	11	24136	0.306	0.775	13.795	35	0	0	0.188	0.075	55	1266	1	1232	1232	4	12	0	0	0	133	1185	1325	T?/M?	live	0	0	0	650	373.843	400.000	539.600	352	352	221	3	4	1232	130	0	0		506	0	0	0	0	0.393	0.454	0.524	0	0.7126	0.8000
3.4	element.Earth 1.1	weak		8	true	35	3878.000	1180.000	31	1550.000	200.000	1692.000	900.000	11	24311	0.396	0.880	13.190	35	0	0	0.167	0.078	62	1290	4	1290	1290	1	23	0	0	0	106	1151	1317	T?/M?	live	0	0	0	650	394.617	500.000	544.600	443	180	263	2	2246	1290	106	0	0		0	0	0	0	0	0.419	0.493	0.552	0	0.7667	0.8857
3.4	ethdsy.Malacka 2.4	weak		1	true	35	5594.000	186.000	35	1750.000	0.000	2910.000	184.000	9	13314	0.145	0.485	8.177	35	0	0	0.404	0.049	20	312	1	312	312	2	13	0	0	0	19	0	462	T?/M?	live	0	0	0	650	262.677	400.000	230.400	273	0	351	2	4	311	19	0	0		0	0	0	0	0	0.390	0.421	0.443	0	0.9678	1.0000
3.4	ethdsy.Malacka 2.4	weak		2	true	35	5499.000	304.000	35	1750.000	0.000	2830.000	300.000	9	12559	0.175	0.562	9.215	35	0	0	0.443	0.081	26	399	2	399	399	2	12	0	0	0	32	0	420	T?/M?	live	0	0	0	650	267.731	400.000	208.829	387	18	303	2	4	398	32	0	0		0	0	0	0	0	0.503	0.536	0.566	0	0.9476	1.0000
3.4	ethdsy.Malacka 2.4	weak		3	true	35	5506.000	324.000	35	1750.000	0.000	2812.000	315.000	8	12447	0.158	0.516	8.586	35	0	0	0.454	0.072	29	399	1	399	399	0	14	0	0	0	21	182	410	T?/M?	live	0	0	0	650	252.594	400.000	205.629	439	8	300	1	28	398	21	0	0		0	0	0	0	0	0.390	0.421	0.443	0	0.9444	1.0000
3.4	ethdsy.Malacka 2.4	weak		4	true	35	5540.000	352.000	35	1750.000	0.000	2867.000	349.000	10	12304	0.142	0.518	9.640	35	0	0	0.484	0.081	14	392	3	392	392	4	15	0	0	0	17	0	403	T?/M?	live	0	0	0	650	251.940	400.000	201.543	353	25	288	2	4	391	17	0	0		0	0	0	0	0	0.460	0.516	0.566	0	0.9403	1.0000
3.4	ethdsy.Malacka 2.4	weak		5	true	35	5806.000	230.000	35	1750.000	0.000	3088.000	229.000	11	12935	0.175	0.562	10.410	35	0	0	0.446	0.054	22	219	4	219	219	3	11	0	0	0	12	0	442	T?/M?	live	0	0	0	650	260.680	400.000	219.571	231	8	320	3	5	219	12	0	0		0	0	0	0	0	0.505	0.541	0.573	0	0.9619	1.0000
3.4	ethdsy.Malacka 2.4	weak		6	true	35	5572.000	416.000	35	1750.000	0.000	2887.000	409.000	12	12248	0.163	0.517	9.256	35	0	0	0.458	0.076	12	382	4	382	382	2	10	0	0	0	19	0	395	T?/M?	live	0	0	0	650	241.980	400.000	199.943	301	0	301	2	4	380	19	0	0		0	0	0	0	0	0.389	0.444	0.478	0	0.9305	1.0000
3.4	ethdsy.Malacka 2.4	weak		7	true	35	5588.000	488.000	34	1700.000	50.000	2942.000	396.000	11	13109	0.163	0.530	9.386	35	0	0	0.435	0.252	28	319	4	295	295	4	4	0	0	0	24	0	453	T?/M?	live	0	0	0	650	252.949	400.000	224.543	252	0	319	3	4	294	24	0	0		402	0	0	0	0	0.504	0.541	0.573	0	0.9197	0.9714
3.4	ethdsy.Malacka 2.4	weak		8	true	35	5404.000	496.000	34	1700.000	50.000	2812.000	408.000	9	12807	0.171	0.532	8.227	35	0	0	0.436	0.072	25	426	6	426	426	0	9	0	0	0	29	408	431	T?/M?	live	0	0	0	650	246.840	400.000	215.914	453	0	302	1	6	424	29	0	0		0	0	0	0	0	0.389	0.456	0.505	0	0.9159	0.9714
3.4	jcs.AutoBot 4.2.1	weak		1	true	35	3723.000	1645.000	28	1400.000	350.000	1621.000	974.000	12	22564	0.554	1.191	13.649	35	0	0	0.209	0.135	160	1119	8	1119	1119	2	14	0	0	0	106	928	1205	T?/M?	live	0	0	0	650	404.994	650.000	494.686	751	177	233	3	7	1100	106	0	0		0	0	0	0	0	0.381	0.453	0.550	0	0.6936	0.8000
3.4	jcs.AutoBot 4.2.1	weak		2	true	35	4124.000	975.000	33	1650.000	100.000	1795.000	830.000	8	21920	0.526	1.056	14.801	35	0	0	0.206	0.104	42	1073	4	1073	1073	4	9	0	0	0	95	1091	1154	T?/M?	live	0	0	0	650	399.489	400.000	476.286	662	132	282	2	9	1073	95	0	0		0	0	0	0	0	0.394	0.473	0.573	0	0.8088	0.9429
3.4	jcs.AutoBot 4.2.1	weak		3	true	35	3668.000	1124.000	32	1600.000	150.000	1465.000	904.000	13	24967	0.605	1.202	14.699	35	0	0	0.176	0.082	70	1281	8	1281	1281	3	15	0	0	0	149	1314	1414	T?/M?	live	0	0	0	650	441.994	650.000	563.343	476	163	260	2	8	1281	149	0	0		0	0	0	0	0	0.381	0.454	0.550	0	0.7654	0.9143
3.4	jcs.AutoBot 4.2.1	weak		4	true	35	4358.000	1318.000	34	1700.000	50.000	1931.000	1183.000	16	22337	0.584	1.215	14.114	35	0	0	0.216	0.154	86	1100	6	1100	1100	6	27	0	0	0	95	388	1175	T?/M?	live	0	0	0	650	407.974	650.000	488.200	391	82	309	2	6	1087	94	0	0		0	0	0	0	0	0.394	0.468	0.573	0	0.7678	0.9714
3.4	jcs.AutoBot 4.2.1	weak		5	true	35	4099.000	1534.000	31	1550.000	200.000	1766.000	1042.000	15	22133	0.557	1.152	14.912	35	0	0	0.215	0.145	186	1081	3	1082	1081	5	19	0	0	0	101	1002	1170	T?/M?	live	0	0	0	650	410.843	650.000	482.371	351	58	265	2	7	1070	101	0	0		0	0	0	0	0	0.381	0.454	0.550	0	0.7277	0.8857
3.4	jcs.AutoBot 4.2.1	weak		6	true	35	4145.000	1337.000	31	1550.000	200.000	1889.000	985.000	8	20636	0.459	1.087	12.926	35	0	0	0.227	0.230	72	980	7	956	956	4	15	0	0	0	90	0	1040	T?/M?	live	0	0	0	650	400.320	650.000	439.600	598	35	330	3	8	945	88	0	0		376	0	0	0	0	0.394	0.473	0.573	0	0.7561	0.8857
3.4	jcs.AutoBot 4.2.1	weak		7	true	35	3925.000	1127.000	33	1650.000	100.000	1614.000	965.000	15	24447	0.592	1.218	16.003	35	0	0	0.176	0.110	59	1246	5	1246	1246	3	14	0	0	0	109	1341	1375	T?/M?	live	0	0	0	650	434.200	650.000	548.486	605	175	151	2	8	1243	109	0	0		0	0	0	0	0	0.381	0.450	0.550	0	0.7769	0.9429
3.4	jcs.AutoBot 4.2.1	weak		8	true	35	3621.000	1769.000	27	1350.000	400.000	1592.000	1053.000	11	22322	0.533	1.140	15.144	35	0	0	0.205	0.134	141	1107	3	1107	1107	1	15	0	0	0	99	1072	1189	T?/M?	live	0	0	0	650	403.546	650.000	487.771	546	69	215	2	2870	1101	99	0	0		0	0	0	0	0	0.394	0.467	0.573	0	0.6718	0.7714
3.4	justin.DemonicRage 3.20	mid		1	true	35	3181.000	1394.000	29	1450.000	300.000	1219.000	953.000	13	29620	0.561	1.093	19.040	35	0	0	0.108	0.071	57	1659	1	1659	1659	4	15	0	0	0	152	884	1807	T?/M?	live	0	0	0	650	529.783	650.000	696.286	467	0	35	3	6	1653	152	0	0		0	0	0	0	0	0.363	0.453	0.569	0	0.6953	0.8286
3.4	justin.DemonicRage 3.20	mid		2	true	35	3283.000	1382.000	29	1450.000	300.000	1302.000	957.000	12	30063	0.614	1.100	18.655	35	0	0	0.122	0.073	70	1679	2	1679	1679	4	23	0	0	0	142	1427	1865	T?/M?	live	0	0	0	650	527.363	650.000	708.943	551	0	24	2	9	1678	142	0	0		0	0	0	0	0	0.363	0.445	0.527	1	0.7038	0.8286
3.4	justin.DemonicRage 3.20	mid		3	true	35	3536.000	1115.000	32	1600.000	150.000	1351.000	908.000	12	29928	0.609	1.081	19.040	35	0	0	0.116	0.065	59	1647	4	1647	1647	3	19	0	0	0	157	1294	1843	T?/M?	live	0	0	0	650	530.391	650.000	705.086	399	0	32	2	201	1646	157	0	0		0	0	0	0	0	0.381	0.451	0.569	0	0.7603	0.9143
3.4	justin.DemonicRage 3.20	mid		4	true	35	3592.000	1087.000	33	1650.000	100.000	1349.000	947.000	14	31337	0.593	1.082	18.222	35	0	0	0.108	0.071	55	1741	2	1741	1741	6	15	0	0	0	169	1881	1961	T?/M?	live	0	0	0	650	545.591	650.000	745.343	284	0	0	2	10	1741	169	0	0		0	0	0	0	0	0.363	0.442	0.527	1	0.7677	0.9429
3.4	justin.DemonicRage 3.20	mid		5	true	35	3536.000	1258.000	30	1500.000	250.000	1462.000	907.000	13	28318	0.574	1.053	19.262	35	0	0	0.121	0.069	35	1553	2	1553	1553	8	7	0	0	0	148	1680	1693	T?/M?	live	0	0	0	650	535.023	650.000	659.086	409	0	51	3	8	1549	148	0	0		0	0	0	0	0	0.381	0.454	0.569	0	0.7376	0.8571
3.4	justin.DemonicRage 3.20	mid		6	true	35	3121.000	1486.000	27	1350.000	400.000	1277.000	923.000	12	29331	0.595	1.073	19.647	35	0	0	0.114	0.063	48	1655	4	1655	1655	6	22	0	0	0	155	990	1781	T?/M?	live	0	0	0	650	535.594	650.000	688.029	602	0	14	3	9	1649	155	0	0		0	0	0	0	0	0.363	0.442	0.527	1	0.6774	0.7714
3.4	justin.DemonicRage 3.20	mid		7	true	35	3459.000	1199.000	32	1600.000	150.000	1299.000	977.000	13	31373	0.597	1.104	18.858	35	0	0	0.109	0.074	55	1776	1	1776	1776	2	15	0	0	0	164	1925	1974	T?/M?	live	0	0	0	650	544.123	650.000	746.371	412	0	18	2	7	1776	164	0	0		0	0	0	0	0	0.381	0.454	0.569	0	0.7426	0.9143
3.4	justin.DemonicRage 3.20	mid		8	true	35	3280.000	1361.000	29	1450.000	300.000	1302.000	939.000	11	29897	0.575	1.048	18.928	35	0	0	0.114	0.071	49	1666	3	1666	1666	2	20	0	0	0	139	1622	1850	T?/M?	live	0	0	0	650	537.711	650.000	704.200	509	0	5	2	2985	1666	139	0	0		0	0	0	0	0	0.363	0.439	0.540	1	0.7067	0.8286
3.4	jwst.DAD.DarkAndDarker 1.1	weak		1	true	35	4698.000	474.000	35	1750.000	0.000	2125.000	433.000	10	18510	0.292	0.714	11.097	35	0	0	0.203	0.055	59	820	3	820	820	6	19	0	0	0	53	0	826	T?/M?	live	0	0	0	650	371.109	400.000	378.857	355	127	475	2	7	817	53	0	0		0	0	0	0	0	0.380	0.484	0.521	0	0.9084	1.0000
3.4	jwst.DAD.DarkAndDarker 1.1	weak		2	true	35	4706.000	612.000	34	1700.000	50.000	2224.000	529.000	9	18210	0.275	0.700	12.120	35	0	0	0.218	0.068	29	809	1	809	809	2	22	0	0	0	66	481	803	T?/M?	live	0	0	0	650	332.583	400.000	370.286	598	187	458	2	7	808	66	0	0		0	0	0	0	0	0.413	0.482	0.539	0	0.8849	0.9714
3.4	jwst.DAD.DarkAndDarker 1.1	weak		3	true	35	4596.000	605.000	34	1700.000	50.000	2134.000	539.000	11	19003	0.305	0.770	16.755	35	0	0	0.207	0.071	29	851	1	851	850	4	11	0	0	0	59	559	865	T?/M?	live	0	0	0	650	343.226	400.000	392.943	487	101	433	2	7	850	59	0	0		0	0	0	0	0	0.418	0.489	0.521	0	0.8837	0.9714
3.4	jwst.DAD.DarkAndDarker 1.1	weak		4	true	35	4591.000	461.000	35	1750.000	0.000	2076.000	461.000	11	19257	0.255	0.690	15.438	35	0	0	0.194	0.057	21	877	3	877	876	2	20	0	0	0	82	356	894	T?/M?	live	0	0	0	650	357.234	400.000	400.200	438	152	419	2	5	877	82	0	0		0	0	0	0	0	0.353	0.437	0.513	0	0.9087	1.0000
3.4	jwst.DAD.DarkAndDarker 1.1	weak		5	true	35	4669.000	683.000	35	1750.000	0.000	2079.000	622.000	11	19567	0.337	0.784	13.417	35	0	0	0.213	0.092	73	892	1	892	892	3	17	0	0	0	71	533	918	T?/M?	live	0	0	0	650	359.751	400.000	409.057	603	118	408	3	6	892	71	0	0		0	0	0	0	0	0.468	0.523	0.567	0	0.8724	1.0000
3.4	jwst.DAD.DarkAndDarker 1.1	weak		6	true	35	4730.000	411.000	35	1750.000	0.000	2192.000	411.000	10	18067	0.250	0.648	14.204	35	0	0	0.219	0.056	20	796	5	796	796	3	12	0	0	0	62	560	797	T?/M?	live	0	0	0	650	342.917	400.000	366.200	480	129	448	3	8	796	62	0	0		0	0	0	0	0	0.428	0.442	0.473	0	0.9201	1.0000
3.4	jwst.DAD.DarkAndDarker 1.1	weak		7	true	35	4651.000	668.000	34	1700.000	50.000	2179.000	574.000	14	18840	0.286	0.721	14.447	35	0	0	0.214	0.074	23	852	3	852	852	5	9	0	0	0	61	0	839	T?/M?	live	0	0	0	650	338.197	400.000	388.286	386	136	508	2	7	850	61	0	0		0	0	0	0	0	0.468	0.521	0.567	0	0.8744	0.9714
3.4	jwst.DAD.DarkAndDarker 1.1	weak		8	true	35	4688.000	635.000	34	1700.000	50.000	2214.000	566.000	10	19074	0.266	0.692	14.191	35	0	0	0.211	0.072	30	848	3	848	848	0	15	0	0	0	52	0	860	T?/M?	live	0	0	0	650	354.663	400.000	394.971	581	182	496	1	577	841	52	0	0		0	0	0	0	0	0.428	0.453	0.514	0	0.8807	0.9714
3.4	kinsen.nano.Quarrelet 1.0	weak		1	true	35	3539.000	1006.000	34	1650.000	50.000	1308.000	920.000	11	19799	0.395	0.897	12.946	35	0	0	0.148	0.067	118	831	1	841	828	4	15	0	0	0	50	0	998	T?/M?	live	0	0	0	650	505.423	650.000	415.686	617	614	123	2	8	841	50	0	0		0	0	0	0	0	0.430	0.467	0.527	0	0.7787	0.9706
3.4	kinsen.nano.Quarrelet 1.0	weak		2	true	35	3462.000	895.000	34	1700.000	50.000	1186.000	818.000	11	19887	0.384	0.847	12.568	35	0	0	0.142	0.060	128	825	3	831	824	2	15	0	0	0	52	644	1013	T?/M?	live	0	0	0	650	509.454	650.000	418.200	621	733	118	2	6	831	51	0	0		0	0	0	0	0	0.369	0.396	0.431	0	0.7946	0.9714
3.4	kinsen.nano.Quarrelet 1.0	weak		3	true	35	3191.000	1029.000	33	1650.000	100.000	1011.000	885.000	11	21473	0.387	0.856	12.870	35	0	0	0.124	0.054	135	928	0	935	925	2	24	0	0	0	66	0	1151	T?/M?	live	0	0	0	650	501.469	525.000	463.514	742	768	124	2	1733	935	66	0	0		0	0	0	0	0	0.430	0.464	0.527	0	0.7562	0.9429
3.4	kinsen.nano.Quarrelet 1.0	weak		4	true	35	3596.000	899.000	33	1650.000	100.000	1353.000	754.000	6	18974	0.272	0.719	12.008	34	0	0	0.156	0.053	75	786	2	794	786	3	12	0	0	0	50	0	907	T?/M?	live	0	0	0	650	448.132	400.000	395.353	691	468	123	3	5	778	50	0	0		0	0	0	1	1	0.369	0.397	0.431	0	0.8000	0.9429
3.4	kinsen.nano.Quarrelet 1.0	weak		5	true	35	3579.000	1137.000	32	1600.000	150.000	1393.000	922.000	10	19344	0.398	0.848	12.071	35	0	0	0.175	0.060	132	813	3	820	810	4	23	0	0	0	58	0	963	T?/M?	live	0	0	0	650	449.971	400.000	402.686	713	435	196	2	7	820	57	0	0		0	0	0	0	0	0.429	0.444	0.460	0	0.7589	0.9143
3.4	kinsen.nano.Quarrelet 1.0	weak		6	true	35	3717.000	777.000	34	1700.000	50.000	1399.000	702.000	11	18737	0.385	0.876	13.368	35	0	0	0.168	0.052	117	774	1	784	773	2	17	0	0	0	52	881	910	T?/M?	live	0	0	0	650	495.706	650.000	385.343	596	389	132	3	8	782	52	0	0		0	0	0	0	0	0.369	0.452	0.527	0	0.8271	0.9714
3.4	kinsen.nano.Quarrelet 1.0	weak		7	true	35	3687.000	846.000	33	1650.000	100.000	1428.000	700.000	12	18382	0.358	0.813	13.332	35	0	0	0.165	0.053	85	750	5	758	748	3	17	0	0	0	59	153	877	T?/M?	live	0	0	0	650	461.800	400.000	375.200	778	374	237	2	4	758	59	0	0		0	0	0	0	0	0.401	0.434	0.460	0	0.8134	0.9429
3.4	kinsen.nano.Quarrelet 1.0	weak		8	true	35	3492.000	1124.000	32	1600.000	150.000	1320.000	907.000	9	19566	0.404	0.888	13.267	35	0	0	0.155	0.063	117	821	2	827	821	1	10	0	0	0	60	456	992	T?/M?	live	0	0	0	650	521.854	650.000	409.029	589	449	144	2	667	827	60	0	0		0	0	0	0	0	0.431	0.467	0.527	0	0.7565	0.9143
3.4	lorneswork.Predator 1.0	weak		1	true	35	5505.000	350.000	35	1750.000	0.000	2833.000	346.000	10	12603	0.138	0.451	8.026	35	0	0	0.448	0.067	13	418	2	418	418	2	10	0	0	0	20	0	412	T?/M?	live	0	0	0	650	211.226	400.000	210.086	290	0	332	2	2	418	20	0	0		0	0	0	0	0	0.363	0.403	0.423	0	0.9402	1.0000
3.4	lorneswork.Predator 1.0	weak		2	true	35	5378.000	484.000	34	1700.000	50.000	2774.000	405.000	9	12600	0.126	0.446	8.923	35	0	0	0.432	0.074	24	415	5	415	415	2	14	0	0	0	14	0	416	T?/M?	live	0	0	0	650	213.914	400.000	210.000	267	0	311	2	5	414	14	0	0		0	0	0	0	0	0.370	0.396	0.413	1	0.9174	0.9714
3.4	lorneswork.Predator 1.0	weak		3	true	35	5376.000	195.000	35	1750.000	0.000	2730.000	194.000	9	12980	0.133	0.458	8.836	35	0	0	0.392	0.036	7	448	0	448	448	1	10	0	0	0	16	0	438	T?/M?	live	0	0	0	650	221.889	400.000	220.857	341	0	345	1	5	448	16	0	0		0	0	0	0	0	0.363	0.403	0.423	0	0.9650	1.0000
3.4	lorneswork.Predator 1.0	weak		4	true	35	5524.000	319.000	35	1750.000	0.000	2853.000	318.000	9	12585	0.117	0.420	8.771	35	0	0	0.424	0.057	15	421	2	421	421	5	16	0	0	0	20	0	409	T?/M?	live	0	0	0	650	225.774	400.000	209.571	340	0	334	2	3	421	20	0	0		0	0	0	0	0	0.387	0.405	0.417	0	0.9454	1.0000
3.4	lorneswork.Predator 1.0	weak		5	true	35	5443.000	231.000	35	1750.000	0.000	2786.000	230.000	9	12657	0.144	0.475	9.358	35	0	0	0.425	0.050	7	421	2	421	421	3	11	0	0	0	25	0	418	T?/M?	live	0	0	0	650	225.031	400.000	211.629	337	0	331	2	3	421	25	0	0		0	0	0	0	0	0.452	0.485	0.503	0	0.9593	1.0000
3.4	lorneswork.Predator 1.0	weak		6	true	35	5423.000	308.000	35	1750.000	0.000	2762.000	302.000	12	13160	0.176	0.546	10.629	35	0	0	0.409	0.056	17	455	2	455	455	4	7	0	0	0	22	0	453	T?/M?	live	0	0	0	650	220.466	400.000	226.000	367	0	341	3	3	454	22	0	0		0	0	0	0	0	0.440	0.523	0.569	0	0.9463	1.0000
3.4	lorneswork.Predator 1.0	weak		7	true	35	5469.000	353.000	35	1750.000	0.000	2806.000	353.000	10	13036	0.137	0.472	9.065	35	0	0	0.404	0.059	12	440	0	440	440	3	11	0	0	0	23	0	443	T?/M?	live	0	0	0	650	218.234	400.000	222.457	331	0	359	2	3	439	23	0	0		0	0	0	0	0	0.452	0.485	0.503	0	0.9394	1.0000
3.4	lorneswork.Predator 1.0	weak		8	true	35	5348.000	200.000	35	1750.000	0.000	2705.000	197.000	9	13001	0.162	0.542	9.635	35	0	0	0.410	0.032	11	447	4	447	447	0	7	0	0	0	25	0	439	T?/M?	live	0	0	0	650	221.997	400.000	221.457	280	0	348	1	11	446	25	0	0		0	0	0	0	0	0.498	0.530	0.569	0	0.9640	1.0000
3.4	marcinek.TopGun 1.3	weak		1	true	35	4603.000	197.000	35	1750.000	0.000	2086.000	197.000	11	16360	0.230	0.646	11.365	35	0	0	0.244	0.038	130	690	3	692	686	2	8	0	0	0	46	0	685	T?/M?	live	0	0	0	650	377.937	400.000	317.429	470	118	408	2	4	690	45	0	0		0	0	0	0	0	0.502	0.528	0.551	0	0.9590	1.0000
3.4	marcinek.TopGun 1.3	weak		2	true	35	4655.000	279.000	35	1750.000	0.000	2090.000	252.000	10	16091	0.235	0.702	11.447	35	0	0	0.234	0.041	136	669	3	671	660	3	23	0	0	0	30	0	651	T?/M?	live	0	0	0	650	374.191	400.000	309.743	335	129	451	2	5	670	30	0	0		0	0	0	0	0	0.420	0.500	0.566	0	0.9435	1.0000
3.4	marcinek.TopGun 1.3	weak		3	true	35	4617.000	223.000	35	1750.000	0.000	2077.000	204.000	10	16226	0.209	0.618	12.841	35	0	0	0.242	0.038	126	677	3	678	672	2	19	0	0	0	41	394	671	T?/M?	live	0	0	0	650	355.191	400.000	313.600	582	159	393	1	21	676	41	0	0		0	0	0	0	0	0.489	0.521	0.551	0	0.9539	1.0000
3.4	marcinek.TopGun 1.3	weak		4	true	35	4776.000	318.000	35	1750.000	0.000	2169.000	274.000	12	15313	0.221	0.656	11.330	35	0	0	0.304	0.189	130	612	6	582	578	7	14	0	0	0	32	0	610	T?/M?	live	0	0	0	650	341.197	400.000	287.514	317	61	350	3	6	578	30	0	0		474	0	0	0	0	0.420	0.506	0.566	0	0.9376	1.0000
3.4	marcinek.TopGun 1.3	weak		5	true	35	4327.000	200.000	34	1700.000	50.000	1899.000	111.000	10	16665	0.215	0.609	11.285	35	0	0	0.212	0.014	139	703	4	707	697	5	20	0	0	0	37	0	711	T?/M?	live	0	0	0	650	367.860	400.000	326.143	424	158	337	2	4	707	37	0	0		0	0	0	0	0	0.448	0.515	0.551	0	0.9558	0.9714
3.4	marcinek.TopGun 1.3	weak		6	true	35	4633.000	197.000	35	1750.000	0.000	2097.000	185.000	10	15770	0.234	0.702	10.167	35	0	0	0.249	0.034	127	656	2	656	648	4	20	0	0	0	26	0	634	T?/M?	live	0	0	0	650	362.057	400.000	300.571	460	66	407	3	3	654	25	0	0		0	0	0	0	0	0.420	0.500	0.566	0	0.9592	1.0000
3.4	marcinek.TopGun 1.3	weak		7	true	35	4644.000	208.000	35	1750.000	0.000	2115.000	204.000	9	15734	0.205	0.607	10.153	35	0	0	0.255	0.037	135	648	2	648	644	1	14	0	0	0	32	0	634	T?/M?	live	0	0	0	650	373.257	400.000	299.543	364	106	393	2	4	645	32	0	0		0	0	0	0	0	0.502	0.528	0.551	0	0.9571	1.0000
3.4	marcinek.TopGun 1.3	weak		8	true	35	4746.000	158.000	35	1750.000	0.000	2205.000	157.000	8	14809	0.237	0.709	10.330	35	0	0	0.266	0.035	126	576	4	576	573	3	15	0	0	0	28	0	565	T?/M?	live	0	0	0	650	354.757	400.000	273.114	528	66	411	2	6	576	28	0	0		0	0	0	0	0	0.420	0.506	0.566	0	0.9678	1.0000
3.4	maribo.IotaCT 1.0	weak		1	true	35	5275.000	394.000	35	1750.000	0.000	2646.000	394.000	10	13217	0.190	0.594	8.462	35	0	0	0.381	0.074	4	479	3	479	479	3	22	0	0	0	38	0	466	T?/M?	live	0	0	0	650	326.703	400.000	227.629	320	9	337	2	6	479	38	0	0		0	0	0	0	0	0.381	0.409	0.425	0	0.9305	1.0000
3.4	maribo.IotaCT 1.0	weak		2	true	35	5312.000	381.000	35	1750.000	0.000	2677.000	380.000	10	13134	0.160	0.501	7.939	35	0	0	0.378	0.078	4	478	3	478	478	1	11	0	0	0	27	0	455	T?/M?	live	0	0	0	650	315.466	400.000	225.257	438	0	332	2	6	476	27	0	0		0	0	0	0	0	0.390	0.405	0.423	0	0.9331	1.0000
3.4	maribo.IotaCT 1.0	weak		3	true	35	5126.000	254.000	35	1750.000	0.000	2521.000	253.000	10	13376	0.167	0.545	7.811	35	0	0	0.349	0.047	8	485	1	485	485	1	13	0	0	0	27	0	475	T?/M?	live	0	0	0	650	328.009	400.000	232.171	347	26	354	1	4	485	26	0	0		0	0	0	0	0	0.381	0.409	0.425	0	0.9528	1.0000
3.4	maribo.IotaCT 1.0	weak		4	true	35	5217.000	378.000	35	1750.000	0.000	2597.000	378.000	11	13358	0.146	0.496	7.908	35	0	0	0.362	0.071	3	491	3	491	491	4	16	0	0	0	28	12	472	T?/M?	live	0	0	0	650	342.071	400.000	231.657	379	2	330	2	5	491	28	0	0		0	0	0	0	0	0.384	0.398	0.410	0	0.9324	1.0000
3.4	maribo.IotaCT 1.0	weak		5	true	35	5156.000	204.000	35	1750.000	0.000	2546.000	203.000	12	13116	0.220	0.624	9.214	35	0	0	0.392	0.040	25	473	5	473	473	4	13	0	0	0	32	0	461	T?/M?	live	0	0	0	650	331.097	400.000	224.743	223	3	328	3	5	473	32	0	0		0	0	0	0	0	0.499	0.533	0.573	0	0.9619	1.0000
3.4	maribo.IotaCT 1.0	weak		6	true	35	5269.000	206.000	35	1750.000	0.000	2636.000	203.000	10	12521	0.163	0.531	8.652	35	0	0	0.390	0.045	8	431	3	431	431	3	13	0	0	0	27	106	420	T?/M?	live	0	0	0	650	306.809	400.000	207.743	369	0	303	2	4	430	27	0	0		0	0	0	0	0	0.425	0.484	0.566	0	0.9624	1.0000
3.4	maribo.IotaCT 1.0	weak		7	true	35	5148.000	237.000	35	1750.000	0.000	2540.000	237.000	10	13203	0.183	0.563	8.508	35	0	0	0.348	0.043	0	479	0	479	479	2	14	0	0	0	33	0	459	T?/M?	live	0	0	0	650	342.011	400.000	227.229	311	0	351	3	5	476	33	0	0		0	0	0	0	0	0.448	0.489	0.517	0	0.9560	1.0000
3.4	maribo.IotaCT 1.0	weak		8	true	35	5162.000	245.000	35	1750.000	0.000	2552.000	245.000	10	13452	0.203	0.593	10.123	35	0	0	0.357	0.038	1	499	3	499	498	0	15	0	0	0	35	0	479	T?/M?	live	0	0	0	650	331.031	400.000	234.343	454	8	344	1	6	499	35	0	0		0	0	0	0	0	0.425	0.502	0.573	0	0.9547	1.0000
3.4	nat.Samekh 0.4	mid		1	true	35	3217.000	1470.000	29	1450.000	300.000	1249.000	1033.000	12	28761	0.503	1.063	28.271	35	0	0	0.115	0.068	66	1518	11	1518	1518	3	21	0	0	0	145	1450	1738	T?/M?	live	0	0	0	650	492.223	650.000	671.743	564	146	58	3	10	1506	143	0	0		0	0	0	0	0	0.378	0.434	0.516	0	0.6864	0.8286
3.4	nat.Samekh 0.4	mid		2	true	35	3212.000	1271.000	30	1500.000	250.000	1185.000	912.000	12	28815	0.502	1.001	136.477	35	0	0	0.108	0.059	52	1517	10	1517	1517	6	17	0	0	0	157	764	1749	T?/M?	live	0	0	0	650	490.037	650.000	673.286	375	184	26	2	11	1517	156	0	0		0	0	0	0	0	0.355	0.440	0.518	0	0.7165	0.8571
3.4	nat.Samekh 0.4	mid		3	true	35	2937.000	1813.000	27	1350.000	400.000	1123.000	1238.000	6	31155	0.515	1.052	33.334	34	0	0	0.113	0.079	79	1689	5	1689	1689	4	21	0	0	0	143	0	1873	T?/M?	live	0	0	0	650	496.006	650.000	736.912	407	153	11	2	1611	1620	142	0	0		0	0	0	1	1	0.362	0.422	0.516	1	0.6183	0.7714
3.4	nat.Samekh 0.4	mid		4	true	35	2959.000	1705.000	27	1350.000	400.000	1143.000	1127.000	11	29931	0.496	1.041	33.042	35	0	0	0.104	0.078	58	1598	11	1598	1598	3	20	0	0	0	139	1710	1847	T?/M?	live	0	0	0	650	480.849	650.000	705.171	455	152	27	2	12	1598	139	0	0		0	0	0	0	0	0.355	0.424	0.480	0	0.6344	0.7714
3.4	nat.Samekh 0.4	mid		5	true	35	2839.000	1906.000	26	1300.000	450.000	1088.000	1255.000	9	30578	0.538	1.082	34.674	34	0	0	0.109	0.078	81	1635	12	1635	1635	7	19	0	0	0	130	1803	1868	T?/M?	live	0	0	0	650	484.347	650.000	724.324	443	177	7	2	579	1590	130	0	0		0	0	0	1	1	0.377	0.464	0.540	1	0.5983	0.7429
3.4	nat.Samekh 0.4	mid		6	true	35	3267.000	1330.000	30	1500.000	250.000	1236.000	973.000	13	29400	0.544	1.071	32.155	35	0	0	0.114	0.066	58	1576	7	1576	1576	4	18	0	0	0	146	1614	1800	T?/M?	live	0	0	0	650	488.549	650.000	690.000	653	42	7	2	11	1569	146	0	0		0	0	0	0	0	0.362	0.437	0.516	1	0.7107	0.8571
3.4	nat.Samekh 0.4	mid		7	true	35	3048.000	1457.000	28	1400.000	350.000	1163.000	965.000	12	29311	0.523	1.037	31.744	35	0	0	0.107	0.068	54	1555	10	1555	1555	3	18	0	0	0	125	811	1778	T?/M?	live	0	0	0	650	486.994	650.000	687.457	325	140	0	2	14	1554	124	0	0		0	0	0	0	0	0.377	0.478	0.560	1	0.6766	0.8000
3.4	nat.Samekh 0.4	mid		8	true	35	3193.000	1385.000	30	1500.000	250.000	1169.000	1019.000	9	29264	0.486	1.014	31.138	35	0	0	0.115	0.071	67	1554	10	1554	1554	0	15	0	0	0	134	1277	1801	T?/M?	live	0	0	0	650	493.237	650.000	686.114	680	215	5	1	2427	1554	134	0	0		0	0	0	0	0	0.362	0.439	0.516	1	0.6975	0.8571
3.4	oog.mini.AlphaDragon 0.1	weak		1	true	35	3846.000	995.000	33	1650.000	100.000	1556.000	855.000	14	28599	0.472	0.986	16.442	35	0	0	0.141	0.081	123	1696	14	1697	1696	7	23	0	0	0	138	940	1674	T?/M?	live	0	0	0	650	516.906	650.000	667.114	602	394	193	3	9	1683	137	0	0		0	0	0	0	0	0.338	0.409	0.485	0	0.7945	0.9429
3.4	oog.mini.AlphaDragon 0.1	weak		2	true	35	3616.000	1004.000	33	1650.000	100.000	1368.000	860.000	16	29563	0.477	0.989	14.426	35	0	0	0.125	0.074	125	1772	18	1772	1770	6	21	0	0	0	181	1651	1793	T?/M?	live	0	0	0	650	516.609	650.000	694.657	827	249	70	2	10	1772	180	0	0		0	0	0	0	0	0.367	0.426	0.506	0	0.7827	0.9429
3.4	oog.mini.AlphaDragon 0.1	weak		3	true	35	3921.000	593.000	35	1750.000	0.000	1518.000	593.000	10	26934	0.402	0.872	14.265	35	0	0	0.123	0.056	60	1561	13	1562	1559	2	23	0	0	0	142	1544	1556	T?/M?	live	0	0	0	650	524.120	650.000	619.543	773	269	41	2	1341	1562	141	0	0		0	0	0	0	0	0.338	0.413	0.485	0	0.8686	1.0000
3.4	oog.mini.AlphaDragon 0.1	weak		4	true	35	3722.000	1132.000	31	1550.000	200.000	1562.000	838.000	12	26337	0.398	0.897	14.749	35	0	0	0.148	0.074	112	1513	9	1513	1512	7	16	0	0	0	136	1488	1503	T?/M?	live	0	0	0	650	458.700	400.000	602.486	769	184	235	3	9	1510	136	0	0		0	0	0	0	0	0.367	0.433	0.506	0	0.7668	0.8857
3.4	oog.mini.AlphaDragon 0.1	weak		5	true	35	3890.000	985.000	35	1750.000	0.000	1492.000	985.000	16	30179	0.458	0.945	14.315	35	0	0	0.144	0.081	173	1819	14	1817	1816	50	27	0	0	0	171	1103	1846	T?/M?	live	0	0	0	650	512.529	650.000	712.257	346	330	293	3	9	1817	171	0	0		0	0	0	0	0	0.201	0.365	0.485	0	0.7979	1.0000
3.4	oog.mini.AlphaDragon 0.1	weak		6	true	35	3666.000	1176.000	32	1600.000	150.000	1465.000	960.000	13	29708	0.454	0.961	14.231	34	0	0	0.150	0.078	127	1794	8	1794	1792	8	23	0	0	0	135	1737	1753	T?/M?	live	0	0	0	650	533.900	650.000	696.941	508	175	201	2	10	1741	132	0	0		0	0	0	1	1	0.367	0.428	0.506	0	0.7571	0.9143
3.4	oog.mini.AlphaDragon 0.1	weak		7	true	35	3653.000	1341.000	30	1500.000	250.000	1560.000	989.000	11	28295	0.337	0.783	14.493	35	0	0	0.146	0.077	136	1680	10	1680	1679	3	20	0	0	0	135	1240	1691	T?/M?	live	0	0	0	650	480.849	400.000	658.429	668	184	209	2	10	1673	133	0	0		0	0	0	0	0	0.074	0.259	0.401	0	0.7315	0.8571
3.4	oog.mini.AlphaDragon 0.1	weak		8	true	35	3952.000	1280.000	31	1550.000	200.000	1760.000	991.000	10	26302	0.392	0.910	15.601	35	0	0	0.159	0.083	106	1531	8	1531	1531	2	22	0	0	0	127	1229	1502	T?/M?	live	0	0	0	650	463.409	400.000	601.486	474	66	279	2	2737	1529	126	0	0		0	0	0	0	0	0.367	0.418	0.485	0	0.7554	0.8857
3.4	pl.Drum 0.1	weak		1	true	35	4836.000	799.000	34	1700.000	50.000	2334.000	731.000	11	17816	0.285	0.788	11.436	35	0	0	0.226	0.098	44	814	3	814	814	3	20	0	0	0	76	306	766	T?/M?	live	0	0	0	650	333.420	400.000	359.029	370	44	539	2	7	814	76	0	0		0	0	0	0	0	0.462	0.503	0.544	0	0.8582	0.9714
3.4	pl.Drum 0.1	weak		2	true	35	4838.000	882.000	34	1700.000	50.000	2317.000	792.000	11	18168	0.338	0.889	13.139	35	0	0	0.228	0.103	72	839	0	839	838	2	23	0	0	0	60	422	800	T?/M?	live	0	0	0	650	365.603	650.000	369.086	430	81	499	3	6	835	60	0	0		0	0	0	0	0	0.466	0.511	0.574	0	0.8458	0.9714
3.4	pl.Drum 0.1	weak		3	true	35	4909.000	700.000	35	1750.000	0.000	2341.000	700.000	9	17817	0.249	0.704	12.892	35	0	0	0.234	0.086	35	814	2	814	814	0	16	0	0	0	51	0	765	T?/M?	live	0	0	0	650	334.911	400.000	359.057	450	43	504	1	108	814	51	0	0		0	0	0	0	0	0.462	0.504	0.544	0	0.8752	1.0000
3.4	pl.Drum 0.1	weak		4	true	35	4947.000	709.000	35	1750.000	0.000	2373.000	709.000	13	17661	0.267	0.744	11.488	35	0	0	0.232	0.091	40	798	2	798	797	5	19	0	0	0	68	728	758	T?/M?	live	0	0	0	650	340.011	400.000	354.600	449	77	502	3	8	798	67	0	0		0	0	0	0	0	0.466	0.517	0.574	0	0.8746	1.0000
3.4	pl.Drum 0.1	weak		5	true	35	4577.000	1287.000	30	1500.000	250.000	2294.000	881.000	10	17753	0.302	0.836	12.804	35	0	0	0.268	0.122	91	808	1	808	808	3	9	0	0	0	55	614	768	T?/M?	live	0	0	0	650	328.251	400.000	357.229	310	77	509	2	6	805	55	0	0		0	0	0	0	0	0.460	0.504	0.534	0	0.7805	0.8571
3.4	pl.Drum 0.1	weak		6	true	35	4977.000	761.000	35	1750.000	0.000	2396.000	758.000	10	17742	0.304	0.828	11.390	35	0	0	0.239	0.096	55	807	0	807	804	7	20	0	0	0	53	0	770	T?/M?	live	0	0	0	650	337.877	400.000	356.914	348	118	516	2	6	807	53	0	0		0	0	0	0	0	0.466	0.508	0.545	0	0.8674	1.0000
3.4	pl.Drum 0.1	weak		7	true	35	4787.000	1021.000	34	1700.000	50.000	2299.000	947.000	16	19200	0.343	0.900	16.258	35	0	0	0.212	0.109	60	906	3	907	905	7	18	0	0	0	54	0	880	T?/M?	live	0	0	0	650	372.303	525.000	398.571	428	156	502	2	7	907	54	0	0		0	0	0	0	0	0.449	0.501	0.534	1	0.8242	0.9714
3.4	pl.Drum 0.1	weak		8	true	35	4978.000	874.000	35	1750.000	0.000	2329.000	788.000	8	17881	0.283	0.787	12.860	35	0	0	0.245	0.110	116	807	3	807	807	3	20	0	0	0	51	247	787	T?/M?	live	0	0	0	650	349.771	400.000	360.886	372	319	491	1	780	801	51	0	0		0	0	0	0	0	0.462	0.507	0.545	0	0.8506	1.0000
3.4	pl.Patton.GeneralPatton 1.54	weak		1	true	35	4668.000	863.000	32	1600.000	150.000	2301.000	660.000	6	18028	0.342	0.888	11.458	34	0	0	0.238	0.086	23	798	5	798	798	4	20	0	0	0	67	134	742	T?/M?	live	0	0	0	650	320.147	400.000	357.176	331	102	513	2	5	757	67	0	0		0	0	0	1	1	0.416	0.459	0.500	1	0.8440	0.9143
3.4	pl.Patton.GeneralPatton 1.54	weak		2	true	35	4475.000	1242.000	31	1500.000	200.000	2262.000	965.000	11	21132	0.384	0.977	15.085	35	0	0	0.239	0.115	69	998	3	998	998	4	26	0	0	0	76	803	968	T?/M?	live	0	0	0	650	347.343	400.000	453.771	368	553	554	2	8	993	76	0	0		0	0	0	0	0	0.362	0.436	0.516	0	0.7828	0.8824
3.4	pl.Patton.GeneralPatton 1.54	weak		3	true	35	4646.000	1115.000	33	1650.000	100.000	2223.000	977.000	10	20494	0.369	0.901	13.026	35	0	0	0.199	0.110	31	997	1	998	996	3	30	0	0	0	75	0	972	T?/M?	live	0	0	0	650	375.940	650.000	435.543	343	226	442	1	219	993	75	0	0		0	0	0	0	0	0.406	0.453	0.500	1	0.8065	0.9429
3.4	pl.Patton.GeneralPatton 1.54	weak		4	true	35	4356.000	1012.000	31	1550.000	200.000	2047.000	678.000	9	19550	0.306	0.767	16.075	35	0	0	0.199	0.091	70	936	2	936	936	4	19	0	0	0	82	823	903	T?/M?	live	0	0	0	650	333.100	400.000	408.571	606	154	442	2	6	934	82	0	0		0	0	0	0	0	0.378	0.449	0.516	0	0.8115	0.8857
3.4	pl.Patton.GeneralPatton 1.54	weak		5	true	35	4573.000	970.000	33	1650.000	100.000	2179.000	827.000	10	20777	0.409	0.981	13.766	35	0	0	0.196	0.101	48	1000	1	1000	999	4	15	0	0	0	74	637	996	T?/M?	live	0	0	0	650	351.129	400.000	443.629	399	157	555	2	7	1000	74	0	0		0	0	0	0	0	0.420	0.479	0.540	1	0.8250	0.9429
3.4	pl.Patton.GeneralPatton 1.54	weak		6	true	35	4478.000	1185.000	33	1650.000	100.000	2086.000	1033.000	12	21969	0.388	0.975	15.105	35	0	0	0.186	0.116	50	1084	2	1084	1083	4	14	0	0	0	104	754	1105	T?/M?	live	0	0	0	650	365.909	650.000	477.686	569	198	362	2	7	1079	104	0	0		0	0	0	0	0	0.362	0.441	0.500	1	0.7907	0.9429
3.4	pl.Patton.GeneralPatton 1.54	weak		7	true	35	4321.000	1291.000	30	1500.000	250.000	2129.000	934.000	15	20703	0.433	1.051	15.601	35	0	0	0.193	0.110	48	995	2	995	994	6	32	0	0	0	79	711	998	T?/M?	live	0	0	0	650	382.297	650.000	441.514	316	78	508	3	8	995	79	0	0		0	0	0	0	0	0.377	0.466	0.540	0	0.7700	0.8571
3.4	pl.Patton.GeneralPatton 1.54	weak		8	true	35	4590.000	995.000	32	1600.000	150.000	2236.000	792.000	13	19460	0.343	0.899	14.815	35	0	0	0.207	0.102	21	904	1	904	904	3	15	0	0	0	68	538	897	T?/M?	live	0	0	0	650	331.497	400.000	406.000	385	168	489	3	221	904	68	0	0		0	0	0	0	0	0.416	0.460	0.500	1	0.8218	0.9143
3.4	rtk.Tachikoma 1.0	weak		1	true	35	3847.000	1100.000	33	1650.000	100.000	1532.000	942.000	11	26167	0.639	1.178	14.199	35	0	0	0.146	0.086	85	1473	4	1473	1472	2	18	0	0	0	99	617	1511	T?/M?	live	0	0	0	650	484.269	650.000	597.629	631	132	108	2	8	1473	98	0	0		0	0	0	0	0	0.357	0.444	0.542	0	0.7776	0.9429
3.4	rtk.Tachikoma 1.0	weak		2	true	35	3788.000	1018.000	31	1550.000	200.000	1620.000	736.000	15	23410	0.593	1.104	12.875	35	0	0	0.155	0.059	49	1265	2	1265	1264	7	19	0	0	0	79	939	1258	T?/M?	live	0	0	0	650	479.914	650.000	518.857	607	20	215	3	9	1265	78	0	0		0	0	0	0	0	0.330	0.432	0.529	0	0.7882	0.8857
3.4	rtk.Tachikoma 1.0	weak		3	true	35	4086.000	731.000	35	1750.000	0.000	1655.000	731.000	8	24247	0.526	1.042	13.486	35	0	0	0.147	0.062	39	1325	2	1326	1325	0	26	0	0	0	95	1120	1333	T?/M?	live	0	0	0	650	493.997	575.000	542.771	574	11	155	1	1862	1326	95	0	0		0	0	0	0	0	0.357	0.452	0.542	0	0.8482	1.0000
3.4	rtk.Tachikoma 1.0	weak		4	true	35	3950.000	1006.000	34	1700.000	50.000	1592.000	940.000	15	25998	0.617	1.152	13.957	35	0	0	0.157	0.075	78	1464	5	1464	1463	8	24	0	0	0	93	626	1488	T?/M?	live	0	0	0	650	467.146	650.000	592.800	637	10	238	2	9	1462	93	0	0		0	0	0	0	0	0.330	0.436	0.529	0	0.7970	0.9714
3.4	rtk.Tachikoma 1.0	weak		5	true	35	4414.000	642.000	34	1700.000	50.000	1984.000	572.000	10	20655	0.473	0.940	14.601	35	0	0	0.181	0.070	30	1066	4	1066	1065	3	12	0	0	0	52	0	1024	T?/M?	live	0	0	0	650	410.337	400.000	440.143	948	2	324	2	3	1066	52	0	0		0	0	0	0	0	0.391	0.456	0.494	0	0.8730	0.9714
3.4	rtk.Tachikoma 1.0	weak		6	true	35	3754.000	1084.000	31	1550.000	200.000	1594.000	799.000	10	24161	0.575	1.104	13.218	35	0	0	0.143	0.070	37	1319	5	1319	1318	1	20	0	0	0	82	0	1307	T?/M?	live	0	0	0	650	471.317	525.000	540.314	687	55	153	2	8	1307	82	0	0		0	0	0	0	0	0.338	0.434	0.542	0	0.7759	0.8857
3.4	rtk.Tachikoma 1.0	weak		7	true	35	4173.000	993.000	33	1650.000	100.000	1833.000	846.000	11	23184	0.530	1.065	14.066	35	0	0	0.207	0.087	70	1245	5	1245	1244	4	19	0	0	0	97	174	1245	T?/M?	live	0	0	0	650	399.189	400.000	512.400	456	80	344	3	6	1244	96	0	0		0	0	0	0	0	0.391	0.459	0.494	0	0.8078	0.9429
3.4	rtk.Tachikoma 1.0	weak		8	true	35	4174.000	1143.000	34	1700.000	50.000	1729.000	1034.000	8	25733	0.583	1.130	15.053	35	0	0	0.168	0.099	131	1438	9	1438	1438	1	30	0	0	0	105	1164	1462	T?/M?	live	0	0	0	650	459.331	650.000	585.229	442	197	309	2	953	1429	105	0	0		0	0	0	0	0	0.357	0.451	0.542	0	0.7850	0.9714
3.4	rz.Aleph 0.34	mid		1	true	35	3180.000	1162.000	32	1600.000	150.000	1057.000	942.000	15	29149	0.459	0.982	14.238	35	0	0	0.099	0.063	61	1520	0	1520	1520	7	16	0	0	0	149	1314	1777	T?/M?	live	0	0	0	650	512.089	650.000	682.829	450	0	3	2	12	1520	148	0	0		0	0	0	0	0	0.349	0.422	0.484	0	0.7324	0.9143
3.4	rz.Aleph 0.34	mid		2	true	35	3151.000	1443.000	30	1500.000	250.000	1143.000	1080.000	11	29475	0.477	1.014	14.512	35	0	0	0.116	0.071	82	1526	2	1526	1526	3	16	0	0	0	134	1536	1836	T?/M?	live	0	0	0	650	514.903	650.000	692.143	407	0	25	2	11	1526	134	0	0		0	0	0	0	0	0.345	0.401	0.435	0	0.6859	0.8571
3.4	rz.Aleph 0.34	mid		3	true	35	3477.000	1151.000	32	1600.000	150.000	1307.000	929.000	10	27558	0.398	0.913	15.342	35	0	0	0.115	0.064	57	1402	0	1402	1402	4	8	0	0	0	159	1200	1639	T?/M?	live	0	0	0	650	512.946	650.000	637.371	793	29	35	2	4936	1396	159	0	0		0	0	0	0	0	0.349	0.402	0.484	0	0.7513	0.9143
3.4	rz.Aleph 0.34	mid		4	true	35	2860.000	1988.000	26	1300.000	450.000	1108.000	1334.000	16	29258	0.471	1.017	14.171	35	0	0	0.130	0.087	137	1552	1	1552	1552	10	11	0	0	0	153	1160	1769	T?/M?	live	0	0	0	650	515.963	575.000	685.943	312	33	237	2	8	1538	153	0	0		0	0	0	0	0	0.345	0.410	0.484	0	0.5899	0.7429
3.4	rz.Aleph 0.34	mid		5	true	35	3378.000	1515.000	29	1450.000	300.000	1388.000	1084.000	12	26213	0.444	0.980	15.223	35	0	0	0.125	0.078	42	1308	2	1308	1308	6	14	0	0	0	124	614	1515	T?/M?	live	0	0	0	650	512.226	650.000	598.943	492	0	64	2	10	1308	124	0	0		0	0	0	0	0	0.367	0.426	0.485	0	0.6904	0.8286
3.4	rz.Aleph 0.34	mid		6	true	35	3044.000	1419.000	31	1550.000	200.000	992.000	1122.000	12	30036	0.492	1.020	15.149	35	0	0	0.100	0.075	78	1581	1	1581	1581	5	18	0	0	0	164	1363	1869	T?/M?	live	0	0	0	650	517.020	650.000	708.171	296	0	6	3	10	1581	164	0	0		0	0	0	0	0	0.353	0.417	0.506	0	0.6821	0.8857
3.4	rz.Aleph 0.34	mid		7	true	35	3367.000	1108.000	33	1650.000	100.000	1158.000	961.000	12	29611	0.450	0.957	15.811	35	0	0	0.110	0.065	61	1495	0	1495	1495	4	17	0	0	0	138	1575	1828	T?/M?	live	0	0	0	650	510.851	650.000	696.029	325	34	46	3	11	1493	138	0	0		0	0	0	0	0	0.201	0.378	0.485	0	0.7524	0.9429
3.4	rz.Aleph 0.34	mid		8	true	35	3079.000	1461.000	30	1500.000	250.000	1080.000	1096.000	10	30534	0.487	1.019	15.178	35	0	0	0.109	0.070	97	1608	0	1608	1608	2	20	0	0	0	167	963	1914	T?/M?	live	0	0	0	650	527.960	650.000	722.400	589	1	72	2	372	1608	167	0	0		0	0	0	0	0	0.367	0.423	0.506	0	0.6782	0.8571
3.4	sheldor.mini.FoilistMC 1.0	mid		1	true	35	3311.000	1299.000	29	1450.000	300.000	1327.000	871.000	12	42408	0.765	1.260	17.894	35	0	0	0.118	0.061	165	2978	11	2978	2978	7	26	0	0	0	308	2580	2952	T?/M?	live	0	0	0	650	576.817	650.000	1061.657	488	159	34	2	11	2962	307	0	0		0	0	0	0	0	0.275	0.381	0.437	0	0.7182	0.8286
3.4	sheldor.mini.FoilistMC 1.0	mid		2	true	35	3343.000	1260.000	30	1500.000	250.000	1300.000	910.000	15	43317	0.724	1.225	16.110	35	0	0	0.118	0.071	201	3056	7	3056	3056	9	27	0	0	0	287	2562	3021	T?/M?	live	0	0	0	650	578.680	650.000	1087.629	150	263	95	2	13	3042	286	0	0		0	0	0	0	0	0.288	0.383	0.460	0	0.7263	0.8571
3.4	sheldor.mini.FoilistMC 1.0	mid		3	true	35	3326.000	1323.000	29	1450.000	300.000	1340.000	897.000	12	41837	0.696	1.212	15.465	35	0	0	0.123	0.082	189	2916	9	2917	2915	6	27	0	0	0	298	2815	2886	T?/M?	live	0	0	0	650	579.054	650.000	1045.343	214	310	116	2	6375	2911	295	0	0		0	0	0	0	0	0.275	0.381	0.437	0	0.7154	0.8286
3.4	sheldor.mini.FoilistMC 1.0	mid		4	true	35	2925.000	1802.000	26	1300.000	450.000	1159.000	1158.000	14	45212	0.729	1.257	17.890	35	0	0	0.114	0.082	233	3187	12	3186	3186	9	34	0	0	0	342	3181	3204	T?/M?	live	0	0	0	650	574.677	650.000	1141.771	146	352	72	2	11	3182	340	0	0		0	0	0	0	0	0.288	0.381	0.447	0	0.6188	0.7429
3.4	sheldor.mini.FoilistMC 1.0	mid		5	true	35	3300.000	1308.000	30	1500.000	250.000	1266.000	950.000	15	45026	0.707	1.215	17.621	35	0	0	0.109	0.075	207	3204	9	3204	3204	9	31	0	0	0	313	2466	3184	T?/M?	live	0	0	0	650	585.323	650.000	1136.457	437	199	11	2	13	3202	312	0	0		0	0	0	0	0	0.275	0.380	0.433	0	0.7161	0.8571
3.4	sheldor.mini.FoilistMC 1.0	mid		6	true	35	3679.000	890.000	34	1700.000	50.000	1369.000	815.000	18	43036	0.717	1.228	17.728	35	0	0	0.110	0.070	170	3027	13	3027	3027	11	22	0	0	0	278	2925	2991	T?/M?	live	0	0	0	650	580.443	650.000	1079.600	322	330	33	3	9	3027	278	0	0		0	0	0	0	0	0.288	0.377	0.440	0	0.8052	0.9714
3.4	sheldor.mini.FoilistMC 1.0	mid		7	true	35	3506.000	1186.000	31	1550.000	200.000	1383.000	898.000	15	41222	0.712	1.212	16.752	35	0	0	0.111	0.076	155	2881	8	2881	2881	9	20	0	0	0	281	2359	2826	T?/M?	live	0	0	0	650	575.860	650.000	1027.771	469	164	13	2	13	2874	281	0	0		0	0	0	0	0	0.275	0.378	0.437	0	0.7472	0.8857
3.4	sheldor.mini.FoilistMC 1.0	mid		8	true	35	3121.000	1484.000	28	1400.000	350.000	1222.000	1004.000	15	45895	0.749	1.251	17.436	35	0	0	0.106	0.073	197	3276	8	3286	3276	8	28	0	0	0	291	2852	3242	T?/M?	live	0	0	0	650	578.803	650.000	1161.286	285	242	45	2	17	3267	291	0	0		0	0	0	0	0	0.288	0.382	0.440	0	0.6777	0.8000
3.4	shrub.Silver v048	weak		1	true	35	4923.000	82.000	35	1750.000	0.000	2350.000	82.000	9	17322	0.227	0.643	9.821	35	0	0	0.225	0.012	2	640	2	640	640	2	8	0	0	0	35	0	738	T?/M?	live	0	0	0	650	324.557	400.000	344.914	484	17	473	2	3	639	34	0	0		0	0	0	0	0	0.460	0.508	0.534	0	0.9836	1.0000
3.4	shrub.Silver v048	weak		2	true	35	4916.000	102.000	35	1750.000	0.000	2347.000	100.000	11	17947	0.240	0.676	12.518	35	0	0	0.214	0.018	5	675	4	675	675	2	5	0	0	0	30	0	778	T?/M?	live	0	0	0	650	327.389	400.000	362.771	536	20	525	3	6	674	30	0	0		0	0	0	0	0	0.497	0.515	0.545	0	0.9797	1.0000
3.4	shrub.Silver v048	weak		3	true	35	5011.000	119.000	35	1750.000	0.000	2426.000	119.000	9	17222	0.234	0.686	10.864	35	0	0	0.233	0.013	5	651	3	651	651	1	9	0	0	0	17	0	718	T?/M?	live	0	0	0	650	326.991	400.000	342.057	442	56	516	1	54	648	17	0	0		0	0	0	0	0	0.494	0.516	0.534	0	0.9768	1.0000
3.4	shrub.Silver v048	weak		4	true	35	4954.000	113.000	35	1750.000	0.000	2379.000	113.000	9	17957	0.227	0.649	13.310	35	0	0	0.223	0.016	0	687	1	687	687	4	18	0	0	0	32	0	772	T?/M?	live	0	0	0	650	322.363	400.000	363.057	510	4	517	2	2	687	32	0	0		0	0	0	0	0	0.462	0.507	0.545	0	0.9777	1.0000
3.4	shrub.Silver v048	weak		5	true	35	4941.000	101.000	35	1750.000	0.000	2367.000	100.000	11	17667	0.213	0.641	14.490	35	0	0	0.224	0.015	2	672	1	672	672	4	6	0	0	0	31	0	762	T?/M?	live	0	0	0	650	322.169	400.000	354.771	541	29	478	2	3	672	31	0	0		0	0	0	0	0	0.381	0.470	0.524	1	0.9800	1.0000
3.4	shrub.Silver v048	weak		6	true	35	4998.000	85.000	35	1750.000	0.000	2415.000	85.000	11	17477	0.220	0.632	29.446	35	0	0	0.253	0.012	1	661	0	661	661	2	9	0	0	0	35	0	743	T?/M?	live	0	0	0	650	323.240	400.000	349.343	531	7	503	2	7	661	35	0	0		0	0	0	0	0	0.449	0.500	0.534	1	0.9833	1.0000
3.4	shrub.Silver v048	weak		7	true	35	4848.000	165.000	34	1700.000	50.000	2342.000	100.000	13	17713	0.203	0.605	11.962	35	0	0	0.226	0.011	1	674	1	674	674	2	8	0	0	0	26	0	762	T?/M?	live	0	0	0	650	333.411	400.000	356.086	471	22	496	3	6	674	26	0	0		0	0	0	0	0	0.381	0.470	0.524	1	0.9671	0.9714
3.4	shrub.Silver v048	weak		8	true	35	4905.000	84.000	35	1750.000	0.000	2337.000	83.000	9	17759	0.216	0.619	66.157	35	0	0	0.221	0.013	3	675	2	675	675	1	10	0	0	0	24	754	764	T?/M?	live	0	0	0	650	338.963	400.000	357.400	415	1	508	1	51	674	24	0	0		0	0	0	0	0	0.449	0.499	0.534	1	0.9832	1.0000
3.4	supersample.SuperTrackFire 1.0	weak		1	true	35	4230.000	142.000	35	1750.000	0.000	1775.000	142.000	9	16100	0.202	0.615	9.580	35	0	0	0.203	0.018	97	664	2	670	663	2	18	0	0	0	31	0	678	T?/M?	live	0	0	0	650	414.051	400.000	310.000	726	37	280	2	3	670	31	0	0		0	0	0	0	0	0.403	0.481	0.583	0	0.9675	1.0000
3.4	supersample.SuperTrackFire 1.0	weak		2	true	35	4038.000	213.000	35	1750.000	0.000	1615.000	213.000	12	17142	0.247	0.744	13.117	35	0	0	0.178	0.021	110	727	5	736	725	2	18	0	0	0	40	0	772	T?/M?	live	0	0	0	650	447.017	400.000	339.771	699	102	191	3	6	736	40	0	0		0	0	0	0	0	0.410	0.526	0.574	0	0.9499	1.0000
3.4	supersample.SuperTrackFire 1.0	weak		3	true	35	4202.000	277.000	35	1750.000	0.000	1752.000	276.000	12	16368	0.265	0.755	12.235	35	0	0	0.195	0.028	106	673	3	680	668	3	23	0	0	0	36	0	701	T?/M?	live	0	0	0	650	408.897	400.000	317.657	566	82	296	2	284	680	36	0	0		0	0	0	0	0	0.403	0.522	0.583	0	0.9382	1.0000
3.4	supersample.SuperTrackFire 1.0	weak		4	true	35	4134.000	106.000	35	1750.000	0.000	1695.000	106.000	11	16120	0.222	0.680	9.978	35	0	0	0.190	0.013	97	657	4	661	656	3	14	0	0	0	34	0	681	T?/M?	live	0	0	0	650	432.794	400.000	310.571	559	27	287	2	5	661	34	0	0		0	0	0	0	0	0.405	0.490	0.567	0	0.9750	1.0000
3.4	supersample.SuperTrackFire 1.0	weak		5	true	35	4258.000	222.000	35	1750.000	0.000	1798.000	222.000	10	16225	0.223	0.657	11.288	35	0	0	0.198	0.026	78	666	3	679	666	3	18	0	0	0	41	0	690	T?/M?	live	0	0	0	650	412.137	400.000	313.571	652	55	300	2	4	679	40	0	0		0	0	0	0	0	0.376	0.500	0.582	0	0.9504	1.0000
3.4	supersample.SuperTrackFire 1.0	weak		6	true	35	4163.000	176.000	35	1750.000	0.000	1719.000	176.000	11	16876	0.230	0.673	13.018	35	0	0	0.183	0.017	84	721	3	727	721	6	12	0	0	0	39	0	747	T?/M?	live	0	0	0	650	407.134	400.000	332.171	752	26	257	2	5	727	39	0	0		0	0	0	0	0	0.425	0.499	0.535	0	0.9594	1.0000
3.4	supersample.SuperTrackFire 1.0	weak		7	true	35	4133.000	285.000	35	1750.000	0.000	1694.000	285.000	11	16523	0.245	0.704	11.187	35	0	0	0.192	0.166	110	687	2	660	648	4	12	0	0	0	36	0	714	T?/M?	live	0	0	0	650	413.946	400.000	322.086	571	51	258	3	6	660	34	0	0		518	0	0	0	0	0.503	0.532	0.582	0	0.9355	1.0000
3.4	supersample.SuperTrackFire 1.0	weak		8	true	35	4183.000	257.000	35	1750.000	0.000	1735.000	257.000	9	16703	0.213	0.646	12.499	35	0	0	0.183	0.025	77	696	1	700	693	1	21	0	0	0	40	0	723	T?/M?	live	0	0	0	650	412.883	400.000	327.229	624	81	306	1	206	700	40	0	0		0	0	0	0	0	0.376	0.452	0.516	0	0.9421	1.0000
3.4	tad.Dalek98 0.98	weak		1	true	35	3410.000	936.000	32	1600.000	150.000	1253.000	724.000	13	21646	0.413	0.891	13.719	35	0	0	0.139	0.044	25	977	0	976	976	5	9	0	0	0	96	940	1156	T?/M?	live	0	0	0	650	485.843	400.000	468.457	712	17	96	2	8	976	96	0	0		0	0	0	0	0	0.357	0.445	0.494	0	0.7846	0.9143
3.4	tad.Dalek98 0.98	weak		2	true	35	3682.000	719.000	35	1750.000	0.000	1318.000	718.000	13	21662	0.369	0.832	15.330	35	0	0	0.125	0.045	15	973	1	973	973	3	6	0	0	0	78	1059	1155	T?/M?	live	0	0	0	650	520.706	475.000	468.914	1163	0	54	3	9	973	78	0	0		0	0	0	0	0	0.357	0.452	0.542	0	0.8366	1.0000
3.4	tad.Dalek98 0.98	weak		3	true	35	3718.000	572.000	35	1750.000	0.000	1348.000	572.000	9	21458	0.345	0.815	14.982	35	0	0	0.139	0.046	13	954	2	954	954	0	18	0	0	0	86	247	1146	T?/M?	live	0	0	0	650	493.369	625.000	463.086	1382	0	47	1	87	954	86	0	0		0	0	0	0	0	0.391	0.454	0.494	0	0.8667	1.0000
3.4	tad.Dalek98 0.98	weak		4	true	35	3709.000	889.000	33	1650.000	100.000	1445.000	747.000	11	20590	0.428	0.908	16.626	35	0	0	0.163	0.054	31	926	7	926	926	3	12	0	0	0	74	854	1060	T?/M?	live	0	0	0	650	489.357	450.000	438.286	747	22	190	2	9	926	74	0	0		0	0	0	0	0	0.357	0.449	0.542	0	0.8067	0.9429
3.4	tad.Dalek98 0.98	weak		5	true	35	3791.000	571.000	35	1750.000	0.000	1409.000	571.000	11	20418	0.356	0.797	15.146	35	0	0	0.150	0.042	11	896	3	896	896	6	12	0	0	0	75	746	1048	T?/M?	live	0	0	0	650	476.020	400.000	433.371	1104	33	89	3	9	896	75	0	0		0	0	0	0	0	0.462	0.492	0.527	0	0.8691	1.0000
3.4	tad.Dalek98 0.98	weak		6	true	35	3565.000	615.000	35	1750.000	0.000	1221.000	615.000	13	21837	0.348	0.791	16.604	35	0	0	0.127	0.044	13	983	5	983	983	3	10	0	0	0	100	92	1167	T?/M?	live	0	0	0	650	533.871	650.000	473.914	1032	0	15	3	8	983	100	0	0		0	0	0	0	0	0.446	0.467	0.494	0	0.8529	1.0000
3.4	tad.Dalek98 0.98	weak		7	true	35	3606.000	834.000	34	1700.000	50.000	1310.000	763.000	13	22306	0.454	0.957	15.499	35	0	0	0.136	0.048	31	1031	1	1031	1031	3	15	0	0	0	89	649	1218	T?/M?	live	0	0	0	650	512.334	650.000	487.314	1052	0	102	2	9	1031	89	0	0		0	0	0	0	0	0.452	0.498	0.533	0	0.8122	0.9714
3.4	tad.Dalek98 0.98	weak		8	true	35	3652.000	665.000	35	1750.000	0.000	1293.000	665.000	14	21670	0.437	0.950	14.331	35	0	0	0.134	0.048	18	998	2	998	998	4	12	0	0	0	75	711	1150	T?/M?	live	0	0	0	650	506.994	650.000	469.143	991	0	63	2	385	998	75	0	0		0	0	0	0	0	0.446	0.473	0.507	0	0.8460	1.0000
3.4	theo.QuarkSoup 1.5fga	weak		1	true	35	3575.000	1175.000	32	1600.000	150.000	1387.000	958.000	14	26623	0.444	0.963	14.594	35	0	0	0.123	0.070	43	1301	1	1301	1301	6	15	0	0	0	123	1410	1540	T?/M?	live	0	0	0	650	494.243	650.000	610.657	762	0	113	2	7	1301	123	0	0		0	0	0	0	0	0.355	0.425	0.480	0	0.7526	0.9143
3.4	theo.QuarkSoup 1.5fga	weak		2	true	35	3650.000	1103.000	33	1650.000	100.000	1406.000	959.000	12	26922	0.471	0.994	16.392	35	0	0	0.123	0.068	47	1307	2	1318	1307	3	20	0	0	0	115	765	1577	T?/M?	live	0	0	0	650	458.506	650.000	619.200	400	1	49	3	8	1313	115	0	0		0	0	0	0	0	0.355	0.473	0.582	0	0.7679	0.9429
3.4	theo.QuarkSoup 1.5fga	weak		3	true	35	3456.000	920.000	33	1650.000	100.000	1236.000	781.000	17	28488	0.407	0.904	15.840	35	0	0	0.112	0.053	51	1366	1	1366	1365	7	17	0	0	0	150	1617	1716	T?/M?	live	0	0	0	650	493.386	650.000	663.943	527	32	18	2	1036	1366	150	0	0		0	0	0	0	0	0.378	0.430	0.480	0	0.7898	0.9429
3.4	theo.QuarkSoup 1.5fga	weak		4	true	35	3159.000	1603.000	28	1400.000	350.000	1262.000	1099.000	17	27844	0.503	1.023	14.522	35	0	0	0.121	0.074	67	1392	0	1392	1392	9	15	0	0	0	105	1626	1667	T?/M?	live	0	0	0	650	486.649	650.000	645.543	472	37	52	3	10	1389	105	0	0		0	0	0	0	0	0.355	0.465	0.582	0	0.6634	0.8000
3.4	theo.QuarkSoup 1.5fga	weak		5	true	35	3508.000	1006.000	34	1700.000	50.000	1225.000	935.000	14	27882	0.454	0.941	15.167	35	0	0	0.106	0.065	44	1383	0	1385	1383	4	12	0	0	0	142	1621	1660	T?/M?	live	0	0	0	650	481.894	650.000	646.629	473	0	0	2	10	1384	142	0	0		0	0	0	0	0	0.378	0.429	0.480	0	0.7771	0.9714
3.4	theo.QuarkSoup 1.5fga	weak		6	true	35	3155.000	1402.000	29	1450.000	300.000	1196.000	970.000	15	27232	0.511	1.015	18.366	35	0	0	0.123	0.062	57	1399	2	1399	1399	7	13	0	0	0	122	1500	1621	T?/M?	live	0	0	0	650	500.831	650.000	628.057	420	0	22	3	6	1399	122	0	0		0	0	0	0	0	0.355	0.465	0.582	0	0.6923	0.8286
3.4	theo.QuarkSoup 1.5fga	weak		7	true	35	3640.000	1152.000	32	1600.000	150.000	1448.000	930.000	13	26909	0.412	0.928	14.927	35	0	0	0.131	0.065	47	1353	1	1354	1353	6	14	0	0	0	114	1099	1513	T?/M?	live	0	0	0	650	457.586	475.000	618.829	690	0	86	2	8	1300	114	0	0		0	0	0	0	0	0.378	0.425	0.474	0	0.7596	0.9143
3.4	theo.QuarkSoup 1.5fga	weak		8	true	35	3440.000	1111.000	31	1550.000	200.000	1337.000	824.000	12	27193	0.412	0.887	15.673	35	0	0	0.118	0.058	40	1306	0	1321	1305	14	14	0	0	0	137	1241	1586	T?/M?	live	0	0	0	650	469.871	650.000	626.943	675	35	14	2	10	1314	137	0	0		0	0	0	0	0	0.355	0.463	0.582	0	0.7559	0.8857
3.4	theo.avenge.Pequod 1.0	mid		1	true	35	2835.000	1677.000	26	1300.000	450.000	1094.000	1038.000	13	31790	0.535	1.340	16.417	35	0	0	0.101	0.062	79	1379	1	1380	1379	3	14	0	0	0	110	99	2007	T?/M?	live	0	0	0	650	526.474	650.000	758.286	291	0	21	3	8	1380	110	0	0		0	0	0	0	0	0.345	0.417	0.484	0	0.6283	0.7429
3.4	theo.avenge.Pequod 1.0	mid		2	true	35	2974.000	1553.000	28	1400.000	350.000	1110.000	1046.000	6	33895	0.528	1.339	18.585	34	0	0	0.111	0.062	104	1362	1	1370	1361	4	14	0	0	0	128	1002	2123	T?/M?	live	0	0	0	650	527.882	650.000	811.206	313	26	9	2	9	1308	128	0	0		0	0	0	1	1	0.345	0.410	0.435	0	0.6569	0.8000
3.4	theo.avenge.Pequod 1.0	mid		3	true	35	3066.000	1134.000	31	1550.000	200.000	1018.000	849.000	11	32566	0.482	1.261	17.510	35	0	0	0.097	0.052	98	1389	0	1392	1389	2	13	0	0	0	151	1055	2083	T?/M?	live	0	0	0	650	535.037	650.000	780.457	311	0	36	2	1295	1392	151	0	0		0	0	0	0	0	0.349	0.412	0.484	0	0.7300	0.8857
3.4	theo.avenge.Pequod 1.0	mid		4	true	35	3227.000	1123.000	31	1550.000	200.000	1151.000	840.000	10	32740	0.520	1.297	17.630	35	0	0	0.110	0.052	74	1351	0	1352	1351	4	14	0	0	0	103	1942	2073	T?/M?	live	0	0	0	650	526.391	650.000	785.429	358	0	45	2	12	1340	103	0	0		0	0	0	0	0	0.345	0.409	0.435	0	0.7418	0.8857
3.4	theo.avenge.Pequod 1.0	mid		5	true	35	3123.000	1392.000	29	1450.000	300.000	1165.000	966.000	13	31322	0.494	1.282	17.060	35	0	0	0.107	0.063	81	1310	1	1314	1310	7	19	0	0	0	123	1316	1966	T?/M?	live	0	0	0	650	530.749	650.000	744.914	203	62	22	2	9	1314	123	0	0		0	0	0	0	0	0.349	0.412	0.484	0	0.6917	0.8286
3.4	theo.avenge.Pequod 1.0	mid		6	true	35	2990.000	1473.000	28	1400.000	350.000	1119.000	980.000	10	32589	0.493	1.273	17.946	35	0	0	0.104	0.063	85	1346	0	1347	1346	3	14	0	0	0	115	1168	2085	T?/M?	live	0	0	0	650	531.586	650.000	781.114	317	30	37	2	11	1347	115	0	0		0	0	0	0	0	0.345	0.408	0.435	0	0.6700	0.8000
3.4	theo.avenge.Pequod 1.0	mid		7	true	35	2945.000	1345.000	30	1500.000	250.000	970.000	978.000	11	34654	0.507	1.330	18.376	35	0	0	0.095	0.056	106	1425	0	1433	1424	5	16	0	0	0	113	1814	2274	T?/M?	live	0	0	0	650	538.180	650.000	840.114	218	1	1	2	8	1428	113	0	0		0	0	0	0	0	0.349	0.426	0.506	0	0.6865	0.8571
3.4	theo.avenge.Pequod 1.0	mid		8	true	35	2929.000	1751.000	26	1300.000	450.000	1191.000	1115.000	9	31555	0.504	1.287	17.772	35	0	0	0.099	0.069	64	1364	0	1372	1364	1	13	0	0	0	111	1010	1964	T?/M?	live	0	0	0	650	528.923	650.000	751.571	259	62	1	1	4724	1369	111	0	0		0	0	0	0	0	0.345	0.406	0.435	0	0.6259	0.7429
3.4	theo.real.Ahab 1.0	mid		1	true	35	2940.000	1541.000	27	1350.000	400.000	1130.000	969.000	13	33021	0.726	1.509	16.829	35	0	0	0.104	0.063	91	1719	2	1725	1719	5	18	0	0	0	155	2078	2113	T?/M?	live	0	0	0	650	527.057	650.000	793.457	217	1	18	3	8	1725	155	0	0		0	0	0	0	0	0.300	0.435	0.545	0	0.6561	0.7714
3.4	theo.real.Ahab 1.0	mid		2	true	35	3313.000	1376.000	30	1500.000	250.000	1279.000	1020.000	13	32873	0.700	1.482	18.255	35	0	0	0.110	0.073	79	1705	0	1707	1705	4	21	0	0	0	136	460	2092	T?/M?	live	0	0	0	650	509.300	650.000	789.229	264	0	24	2	10	1699	136	0	0		0	0	0	0	0	0.356	0.449	0.571	0	0.7065	0.8571
3.4	theo.real.Ahab 1.0	mid		3	true	35	2991.000	1767.000	28	1400.000	350.000	1124.000	1267.000	9	35268	0.741	1.515	16.266	34	0	0	0.106	0.083	102	1850	0	1851	1849	4	19	0	0	0	192	1821	2257	T?/M?	live	0	0	0	650	525.912	650.000	862.471	74	0	21	2	1443	1783	192	0	0		0	0	0	1	1	0.300	0.436	0.545	0	0.6286	0.8000
3.4	theo.real.Ahab 1.0	mid		4	true	35	3383.000	1111.000	33	1650.000	100.000	1180.000	972.000	11	34274	0.739	1.516	17.683	35	0	0	0.092	0.070	70	1775	0	1775	1775	3	16	0	0	0	165	2146	2213	T?/M?	live	0	0	0	650	520.114	650.000	829.257	136	1	0	2	12	1775	165	0	0		0	0	0	0	0	0.356	0.437	0.552	0	0.7528	0.9429
3.4	theo.real.Ahab 1.0	mid		5	true	35	3344.000	1124.000	31	1550.000	200.000	1256.000	845.000	5	32373	0.716	1.475	16.290	34	0	0	0.109	0.062	62	1667	0	1669	1667	4	17	0	0	0	139	1903	1981	T?/M?	live	0	0	0	650	525.118	650.000	770.882	381	15	0	2	8	1607	139	0	0		0	0	0	1	1	0.300	0.433	0.545	0	0.7484	0.8857
3.4	theo.real.Ahab 1.0	mid		6	true	35	2944.000	1660.000	27	1350.000	400.000	1139.000	1098.000	14	34911	0.732	1.526	16.490	35	0	0	0.102	0.078	77	1722	1	1737	1722	4	17	0	0	0	144	862	2282	T?/M?	live	0	0	0	650	523.000	650.000	847.457	150	2	13	3	11	1737	144	0	0		0	0	0	0	0	0.356	0.439	0.552	0	0.6394	0.7714
3.4	theo.real.Ahab 1.0	mid		7	true	35	3403.000	1297.000	32	1600.000	150.000	1253.000	1076.000	77	34435	0.719	1.533	17.146	35	0	0	0.115	0.075	100	1744	0	1744	1744	6	23	0	0	0	154	1648	2254	T?/M?	live	0	0	0	650	522.243	650.000	833.857	183	14	33	2	5	1744	153	0	0	Unable to stop thread: hadur2.Hadur 3.4	0	1	0	0	0	0.300	0.435	0.545	0	0.7240	0.9143
3.4	theo.real.Ahab 1.0	mid		8	true	35	3450.000	1232.000	31	1550.000	200.000	1346.000	943.000	12	31654	0.711	1.494	15.387	35	0	0	0.103	0.070	56	1648	2	1653	1648	4	19	0	0	0	156	1960	1975	T?/M?	live	0	0	0	650	526.283	650.000	754.400	208	1	0	2	14	1643	156	0	0		0	0	0	0	0	0.356	0.429	0.552	0	0.7369	0.8857
3.4	tide.pear.Pear 0.62.1	mid		1	true	35	2922.000	1615.000	27	1350.000	400.000	1104.000	1046.000	4	29054	0.521	0.982	12.783	34	0	0	0.107	0.065	50	1553	65	1553	1553	2	18	0	0	0	129	452	1719	T?/M?	live	0	0	0	650	491.159	650.000	676.353	507	11	0	2	11	1496	129	0	0		0	0	0	1	1	0.309	0.385	0.437	0	0.6440	0.7714
3.4	tide.pear.Pear 0.62.1	mid		2	true	35	2940.000	1515.000	29	1450.000	300.000	1026.000	1084.000	13	31918	0.515	0.968	14.724	35	0	0	0.095	0.064	73	1648	52	1648	1648	4	15	0	0	0	146	1899	2019	T?/M?	live	0	0	0	650	509.826	650.000	761.943	427	34	0	2	10	1632	146	0	0		0	0	0	0	0	0.288	0.363	0.440	0	0.6599	0.8286
3.4	tide.pear.Pear 0.62.1	mid		3	true	35	2752.000	1807.000	26	1300.000	450.000	1024.000	1168.000	13	31185	0.529	1.010	13.079	35	0	0	0.098	0.071	71	1668	86	1658	1658	5	20	0	0	0	164	1603	1957	T?/M?	live	0	0	0	650	499.723	650.000	741.000	381	109	38	2	13	1653	164	0	0		0	0	0	0	0	0.309	0.387	0.437	0	0.6036	0.7429
3.4	tide.pear.Pear 0.62.1	mid		4	true	35	2822.000	1894.000	27	1350.000	400.000	1024.000	1320.000	10	32499	0.510	0.972	12.892	35	0	0	0.105	0.078	95	1711	80	1711	1711	4	17	0	0	0	142	53	2098	T?/M?	live	0	0	0	650	500.846	650.000	778.543	163	61	2	2	7	1705	142	0	0		0	0	0	0	0	0.288	0.349	0.404	0	0.5984	0.7714
3.4	tide.pear.Pear 0.62.1	mid		5	true	35	3012.000	1362.000	30	1500.000	250.000	1020.000	1001.000	11	29851	0.495	0.958	12.850	35	0	0	0.092	0.063	51	1557	41	1557	1557	7	18	0	0	0	134	1666	1836	T?/M?	live	0	0	0	650	513.000	650.000	702.886	256	45	0	2	10	1552	134	0	0		0	0	0	0	0	0.320	0.393	0.435	0	0.6886	0.8571
3.4	tide.pear.Pear 0.62.1	mid		6	true	35	3111.000	1439.000	30	1500.000	250.000	1105.000	1081.000	12	31547	0.456	0.927	12.437	35	0	0	0.097	0.238	59	1574	53	1540	1540	5	15	0	0	0	151	1695	1996	T?/M?	live	0	0	0	650	500.211	650.000	751.343	373	61	0	3	8	1535	148	0	0		483	0	0	0	0	0.275	0.364	0.421	0	0.6837	0.8571
3.4	tide.pear.Pear 0.62.1	mid		7	true	35	2561.000	2145.000	23	1150.000	600.000	1024.000	1278.000	12	30239	0.514	1.017	12.839	35	0	0	0.101	0.080	71	1621	83	1608	1606	6	12	0	0	0	136	1683	1891	T?/M?	live	0	0	0	650	497.503	650.000	713.971	375	54	4	2	10	1608	136	0	0		0	0	0	0	0	0.371	0.410	0.435	0	0.5442	0.6571
3.4	tide.pear.Pear 0.62.1	mid		8	true	35	3254.000	1397.000	31	1550.000	200.000	1177.000	1105.000	8	30091	0.442	0.879	12.857	35	0	0	0.112	0.074	71	1536	20	1536	1536	1	17	0	0	0	122	981	1866	T?/M?	live	0	0	0	650	495.211	650.000	709.743	448	85	26	2	4036	1536	122	0	0		0	0	0	0	0	0.275	0.350	0.392	0	0.6996	0.8857
3.4	vjik.UnViolation 1.1	weak		1	true	35	5845.000	303.000	35	1750.000	0.000	3117.000	301.000	11	12897	0.154	0.508	8.814	35	0	0	0.496	0.109	14	495	3	496	495	4	19	0	0	0	50	1	442	T?/M?	live	0	0	0	650	312.546	400.000	218.486	345	4	317	3	3	494	50	0	0		0	0	0	0	0	0.400	0.419	0.430	0	0.9507	1.0000
3.4	vjik.UnViolation 1.1	weak		2	true	35	5832.000	316.000	35	1750.000	0.000	3110.000	316.000	9	13139	0.182	0.615	8.710	35	0	0	0.456	0.122	14	508	5	508	508	1	20	0	0	0	51	312	452	T?/M?	live	0	0	0	650	313.314	400.000	225.400	316	36	352	2	3	508	51	0	0		0	0	0	0	0	0.466	0.516	0.552	0	0.9486	1.0000
3.4	vjik.UnViolation 1.1	weak		3	true	35	5888.000	498.000	35	1750.000	0.000	3149.000	495.000	7	13739	0.158	0.548	8.295	35	0	0	0.421	0.121	22	547	5	547	547	2	15	0	0	0	56	458	490	T?/M?	live	0	0	0	650	330.889	400.000	242.543	367	3	385	1	38	545	56	0	0		0	0	0	0	0	0.413	0.422	0.430	0	0.9220	1.0000
3.4	vjik.UnViolation 1.1	weak		4	true	35	5889.000	511.000	35	1750.000	0.000	3152.000	504.000	9	13908	0.198	0.653	9.618	35	0	0	0.413	0.146	17	567	1	567	567	3	23	0	0	0	76	371	507	T?/M?	live	0	0	0	650	336.980	400.000	247.371	375	0	381	2	5	564	76	0	0		0	0	0	0	0	0.447	0.500	0.552	0	0.9202	1.0000
3.4	vjik.UnViolation 1.1	weak		5	true	35	5825.000	403.000	35	1750.000	0.000	3104.000	399.000	11	13562	0.165	0.521	8.001	35	0	0	0.445	0.105	19	544	3	544	544	2	24	0	0	0	51	275	480	T?/M?	live	0	0	0	650	321.077	400.000	237.486	404	23	376	2	5	542	51	0	0		0	0	0	0	0	0.361	0.383	0.397	0	0.9353	1.0000
3.4	vjik.UnViolation 1.1	weak		6	true	35	5841.000	246.000	35	1750.000	0.000	3118.000	245.000	8	12430	0.144	0.482	9.054	35	0	0	0.505	0.101	13	465	1	465	465	3	11	0	0	0	45	0	408	T?/M?	live	0	0	0	650	327.311	400.000	205.143	246	0	307	2	6	463	45	0	0		0	0	0	0	0	0.356	0.390	0.409	0	0.9596	1.0000
3.4	vjik.UnViolation 1.1	weak		7	true	35	5975.000	489.000	35	1750.000	0.000	3223.000	482.000	9	13086	0.163	0.587	10.427	35	0	0	0.464	0.156	17	496	2	496	496	2	25	0	0	0	49	0	454	T?/M?	live	0	0	0	650	336.686	400.000	223.886	292	37	334	2	4	490	49	0	0		0	0	0	0	0	0.361	0.390	0.415	0	0.9244	1.0000
3.4	vjik.UnViolation 1.1	weak		8	true	35	5869.000	325.000	35	1750.000	0.000	3132.000	323.000	7	13334	0.138	0.495	8.748	35	0	0	0.441	0.125	5	527	4	527	527	1	16	0	0	0	56	389	469	T?/M?	live	0	0	0	650	331.160	400.000	230.971	320	1	361	1	45	524	56	0	0		0	0	0	0	0	0.370	0.386	0.400	0	0.9475	1.0000
3.4	wcsv.Engineer.Engineer 0.5.4	mid		1	true	35	2856.000	1775.000	28	1400.000	350.000	1003.000	1268.000	12	31368	0.539	1.011	15.402	35	0	0	0.100	0.079	80	1804	13	1804	1804	3	21	0	0	0	189	1959	1982	T?/M?	live	0	0	0	650	454.749	650.000	746.229	258	209	20	2	10	1804	188	0	0		0	0	0	0	0	0.365	0.415	0.499	0	0.6167	0.8000
3.4	wcsv.Engineer.Engineer 0.5.4	mid		2	true	35	2829.000	1799.000	27	1350.000	400.000	1028.000	1234.000	12	31157	0.512	0.989	13.515	35	0	0	0.096	0.077	70	1788	7	1788	1788	6	27	0	0	0	164	1862	1956	T?/M?	live	0	0	0	650	470.526	650.000	740.200	387	163	12	2	11	1786	163	0	0		0	0	0	0	0	0.311	0.413	0.471	0	0.6113	0.7714
3.4	wcsv.Engineer.Engineer 0.5.4	mid		3	true	35	2922.000	1730.000	28	1400.000	350.000	1049.000	1230.000	10	30954	0.515	0.973	15.374	35	0	0	0.101	0.080	74	1782	12	1782	1782	2	20	0	0	0	165	1768	1943	T?/M?	live	0	0	0	650	459.026	650.000	734.400	426	279	0	2	4034	1781	165	0	0		0	0	0	0	0	0.365	0.417	0.499	0	0.6281	0.8000
3.4	wcsv.Engineer.Engineer 0.5.4	mid		4	true	35	2753.000	1809.000	26	1300.000	450.000	1018.000	1161.000	13	29995	0.503	0.984	15.800	35	0	0	0.108	0.071	85	1705	12	1705	1705	5	16	0	0	0	163	1562	1850	T?/M?	live	0	0	0	650	467.783	650.000	707.000	470	67	18	2	6	1690	162	0	0		0	0	0	0	0	0.311	0.399	0.471	0	0.6035	0.7429
3.4	wcsv.Engineer.Engineer 0.5.4	mid		5	true	35	2718.000	2141.000	24	1200.000	550.000	1104.000	1350.000	10	30468	0.547	1.023	14.194	35	0	0	0.112	0.084	89	1731	9	1731	1731	4	15	0	0	0	186	1719	1909	T?/M?	live	0	0	0	650	469.311	650.000	720.514	318	179	1	2	9	1731	186	0	0		0	0	0	0	0	0.369	0.447	0.527	0	0.5594	0.6857
3.4	wcsv.Engineer.Engineer 0.5.4	mid		6	true	35	2888.000	1530.000	29	1450.000	300.000	978.000	1099.000	5	31351	0.515	0.978	15.666	34	0	0	0.095	0.069	65	1806	13	1806	1806	2	21	0	0	0	176	1711	1918	T?/M?	live	0	0	0	650	474.109	650.000	748.529	421	185	7	3	7	1756	175	0	0		0	0	0	1	1	0.365	0.397	0.465	0	0.6537	0.8286
3.4	wcsv.Engineer.Engineer 0.5.4	mid		7	true	35	3035.000	1590.000	29	1450.000	300.000	1091.000	1161.000	14	30439	0.525	1.000	14.472	35	0	0	0.107	0.076	72	1737	12	1736	1736	5	22	0	0	0	152	1651	1910	T?/M?	live	0	0	0	650	460.623	650.000	719.686	509	140	0	3	10	1736	151	0	0		0	0	0	0	0	0.401	0.448	0.527	0	0.6562	0.8286
3.4	wcsv.Engineer.Engineer 0.5.4	mid		8	true	35	3151.000	1421.000	30	1500.000	250.000	1143.000	1060.000	11	30482	0.525	1.020	15.139	35	0	0	0.114	0.071	75	1756	11	1756	1756	3	24	0	0	0	151	1464	1868	T?/M?	live	0	0	0	650	474.006	650.000	720.914	328	149	12	2	9	1735	150	0	0		0	0	0	0	0	0.365	0.415	0.527	0	0.6892	0.8571
3.4	wiki.WaveRammer 1.0	weak		1	true	35	5861.000	1490.000	35	1750.000	0.000	2866.000	1264.000	14	14110	0.225	0.765	9.358	35	0	0	0.397	0.229	192	568	7	568	567	5	33	0	0	0	32	0	511	T?/M?	live	0	0	0	650	245.874	600.000	253.143	276	22	412	2	5	555	32	0	0		0	0	0	0	0	0.498	0.522	0.557	0	0.7973	1.0000
3.4	wiki.WaveRammer 1.0	weak		2	true	35	5585.000	1412.000	33	1650.000	100.000	2861.000	1112.000	9	13809	0.223	0.703	13.739	35	0	0	0.393	0.201	144	549	5	549	549	1	32	0	0	0	34	32	494	T?/M?	live	0	0	0	650	229.994	650.000	244.543	314	9	394	2	4	543	34	0	0		0	0	0	0	0	0.475	0.508	0.546	0	0.7982	0.9429
3.4	wiki.WaveRammer 1.0	weak		3	true	35	5403.000	1623.000	32	1600.000	150.000	2722.000	1183.000	12	14103	0.237	0.697	12.085	35	0	0	0.386	0.209	179	574	5	574	574	1	29	0	0	0	40	0	517	T?/M?	live	0	0	0	650	246.466	400.000	252.943	232	5	415	1	451	563	40	0	0		0	0	0	0	0	0.484	0.516	0.557	0	0.7690	0.9143
3.4	wiki.WaveRammer 1.0	weak		4	true	35	5565.000	1964.000	32	1600.000	150.000	2781.000	1418.000	7	14004	0.209	0.803	8.320	34	0	0	0.395	0.376	170	561	3	551	550	4	27	0	0	0	29	0	503	T?/M?	live	0	0	0	650	256.891	650.000	254.235	310	13	368	3	5	537	28	0	0		157	0	0	1	1	0.475	0.512	0.546	0	0.7391	0.9143
3.4	wiki.WaveRammer 1.0	weak		5	true	35	5758.000	2143.000	32	1600.000	150.000	2955.000	1606.000	11	14246	0.247	0.810	9.276	35	0	0	0.425	0.281	238	573	5	573	573	8	34	0	0	0	30	0	522	T?/M?	live	0	0	0	650	234.797	650.000	257.029	200	3	406	2	5	550	30	0	0		0	0	0	0	0	0.482	0.518	0.574	0	0.7288	0.9143
3.4	wiki.WaveRammer 1.0	weak		6	true	35	5611.000	1940.000	32	1600.000	150.000	2695.000	1340.000	6	14265	0.241	0.760	12.996	34	0	0	0.375	0.224	292	586	5	586	586	4	32	0	0	0	26	0	516	T?/M?	live	0	0	0	650	260.785	650.000	258.294	398	16	393	2	3	555	26	0	0		0	0	0	1	1	0.472	0.507	0.557	0	0.7431	0.9143
3.4	wiki.WaveRammer 1.0	weak		7	true	35	5406.000	1829.000	31	1550.000	200.000	2792.000	1289.000	13	14451	0.254	0.786	9.398	35	0	0	0.383	0.236	158	599	5	599	599	5	26	0	0	0	32	0	538	T?/M?	live	0	0	0	650	244.823	575.000	262.886	307	21	427	3	4	595	32	0	0		0	0	0	0	0	0.466	0.510	0.574	0	0.7472	0.8857
3.4	wiki.WaveRammer 1.0	weak		8	true	35	5488.000	1846.000	31	1550.000	200.000	2834.000	1368.000	9	14997	0.279	0.811	14.312	35	0	0	0.367	0.232	186	644	4	644	644	2	36	0	0	0	33	0	574	T?/M?	live	0	0	0	650	239.769	650.000	278.486	327	7	431	2	1230	632	33	0	0		0	0	0	0	0	0.472	0.514	0.557	0	0.7483	0.8857
3.4	zen.Ronin 1.0.0	mid		1	false	0	0.000	0.000	0	0.000	0.000	0.000	0.000	0	0	0.000	0.000	0.000	0	0	0	NaN	NaN	0	0	0	0	0	0	0	0	0	0	0	0	0	-	-	0	0	0	-	NaN	NaN	NaN	0	0	0	0	0	0	0	0	0	expected 2 robots; found 1	0	0	0	0	0	0.447	0.447	0.447	0		
3.4	zen.Ronin 1.0.0	mid		2	false	0	0.000	0.000	0	0.000	0.000	0.000	0.000	0	0	0.000	0.000	0.000	0	0	0	NaN	NaN	0	0	0	0	0	0	0	0	0	0	0	0	0	-	-	0	0	0	-	NaN	NaN	NaN	0	0	0	0	0	0	0	0	0	expected 2 robots; found 1	0	0	0	0	0	0.470	0.470	0.470	0		
3.4	zen.Ronin 1.0.0	mid		3	false	0	0.000	0.000	0	0.000	0.000	0.000	0.000	0	0	0.000	0.000	0.000	0	0	0	NaN	NaN	0	0	0	0	0	0	0	0	0	0	0	0	0	-	-	0	0	0	-	NaN	NaN	NaN	0	0	0	0	0	0	0	0	0	expected 2 robots; found 1	0	0	0	0	0	0.478	0.478	0.478	0		
3.4	zen.Ronin 1.0.0	mid		4	false	0	0.000	0.000	0	0.000	0.000	0.000	0.000	0	0	0.000	0.000	0.000	0	0	0	NaN	NaN	0	0	0	0	0	0	0	0	0	0	0	0	0	-	-	0	0	0	-	NaN	NaN	NaN	0	0	0	0	0	0	0	0	0	expected 2 robots; found 1	0	0	0	0	0	0.461	0.461	0.461	0		
3.4	zen.Ronin 1.0.0	mid		5	false	0	0.000	0.000	0	0.000	0.000	0.000	0.000	0	0	0.000	0.000	0.000	0	0	0	NaN	NaN	0	0	0	0	0	0	0	0	0	0	0	0	0	-	-	0	0	0	-	NaN	NaN	NaN	0	0	0	0	0	0	0	0	0	expected 2 robots; found 1	0	0	0	0	0	0.478	0.478	0.478	0		
3.4	zen.Ronin 1.0.0	mid		6	false	0	0.000	0.000	0	0.000	0.000	0.000	0.000	0	0	0.000	0.000	0.000	0	0	0	NaN	NaN	0	0	0	0	0	0	0	0	0	0	0	0	0	-	-	0	0	0	-	NaN	NaN	NaN	0	0	0	0	0	0	0	0	0	expected 2 robots; found 1	0	0	0	0	0	0.447	0.447	0.447	0		
3.4	zen.Ronin 1.0.0	mid		7	false	0	0.000	0.000	0	0.000	0.000	0.000	0.000	0	0	0.000	0.000	0.000	0	0	0	NaN	NaN	0	0	0	0	0	0	0	0	0	0	0	0	0	-	-	0	0	0	-	NaN	NaN	NaN	0	0	0	0	0	0	0	0	0	expected 2 robots; found 1	0	0	0	0	0	0.569	0.569	0.569	0		
3.4	zen.Ronin 1.0.0	mid		8	false	0	0.000	0.000	0	0.000	0.000	0.000	0.000	0	0	0.000	0.000	0.000	0	0	0	NaN	NaN	0	0	0	0	0	0	0	0	0	0	0	0	0	-	-	0	0	0	-	NaN	NaN	NaN	0	0	0	0	0	0	0	0	0	expected 2 robots; found 1	0	0	0	0	0	0.525	0.525	0.525	0		
3.4	zezinho.QuerMePegarKKKK 1.0	weak		1	true	35	4217.000	1145.000	30	1500.000	250.000	2044.000	776.000	11	24770	0.491	0.977	16.427	35	0	0	0.205	0.084	75	1258	6	1259	1258	4	16	0	0	0	101	1099	1343	T?/M?	live	0	0	0	650	401.589	600.000	557.714	435	62	401	2	10	1258	101	0	0		0	0	0	0	0	0.418	0.471	0.521	0	0.7865	0.8571
3.4	zezinho.QuerMePegarKKKK 1.0	weak		2	true	35	4382.000	1038.000	32	1600.000	150.000	2063.000	785.000	11	22929	0.436	0.922	18.376	35	0	0	0.204	0.090	80	1150	3	1150	1150	4	15	0	0	0	87	919	1178	T?/M?	live	0	0	0	650	398.491	550.000	505.114	548	0	430	2	5	1147	87	0	0		0	0	0	0	0	0.300	0.448	0.539	0	0.8085	0.9143
3.4	zezinho.QuerMePegarKKKK 1.0	weak		3	true	35	4062.000	1359.000	31	1550.000	200.000	1820.000	927.000	1	25571	0.474	0.971	17.562	33	0	0	0.166	0.089	91	1326	5	1326	1326	1	23	0	0	0	107	454	1363	T?/M?	live	0	0	0	650	410.215	650.000	590.212	416	49	240	1	196	1266	106	0	0		0	0	0	2	1	0.380	0.464	0.521	0	0.7493	0.8857
3.4	zezinho.QuerMePegarKKKK 1.0	weak		4	true	35	3892.000	1645.000	30	1500.000	250.000	1764.000	1249.000	14	30070	0.548	1.062	16.476	35	0	0	0.184	0.124	134	1665	6	1665	1665	7	24	0	0	0	164	1708	1848	T?/M?	live	0	0	0	650	413.683	625.000	709.143	492	40	192	3	9	1662	164	0	0		0	0	0	0	0	0.300	0.458	0.539	0	0.7029	0.8571
3.4	zezinho.QuerMePegarKKKK 1.0	weak		5	true	35	4377.000	1271.000	31	1550.000	200.000	2079.000	835.000	12	21834	0.404	0.875	16.201	35	0	0	0.222	0.125	112	1069	2	1069	1069	2	19	0	0	0	76	0	1096	T?/M?	live	0	0	0	650	391.506	650.000	473.829	567	12	316	2	7	1059	76	0	0		0	0	0	0	0	0.380	0.471	0.521	0	0.7750	0.8857
3.4	zezinho.QuerMePegarKKKK 1.0	weak		6	true	35	4443.000	866.000	34	1700.000	50.000	2010.000	784.000	11	25320	0.466	0.964	16.411	35	0	0	0.186	0.084	58	1336	6	1336	1336	5	15	0	0	0	109	1249	1391	T?/M?	live	0	0	0	650	396.846	400.000	573.429	639	20	242	2	9	1335	108	0	0		0	0	0	0	0	0.353	0.455	0.539	0	0.8369	0.9714
3.4	zezinho.QuerMePegarKKKK 1.0	weak		7	true	35	4094.000	1148.000	32	1600.000	150.000	1758.000	854.000	5	26544	0.448	0.936	17.088	34	0	0	0.183	0.109	115	1410	5	1410	1410	3	26	0	0	0	120	1026	1460	T?/M?	live	0	0	0	650	401.197	450.000	604.235	733	0	144	2	7	1357	120	0	0		0	0	0	1	1	0.418	0.467	0.521	0	0.7810	0.9143
3.4	zezinho.QuerMePegarKKKK 1.0	weak		8	true	35	4470.000	1000.000	34	1700.000	50.000	1950.000	842.000	11	25044	0.457	0.932	16.075	35	0	0	0.192	0.106	108	1319	5	1319	1319	1	21	0	0	0	128	1110	1363	T?/M?	live	0	0	0	650	395.869	400.000	565.543	659	0	243	1	62	1312	128	0	0		0	0	0	0	0	0.353	0.467	0.539	0	0.8172	0.9714
