build	seed	round	ticks	outcome	hadur_end	drussgt_end	lead_200	lead_400	lead_600	lead_800	lead_1000	hadur_shots	hadur_hits	hadur_destroyed	hadur_light_shots	hadur_light_hits	hadur_spent	hadur_damage	drussgt_shots	drussgt_hits	drussgt_destroyed	drussgt_light_shots	drussgt_light_hits	drussgt_spent	drussgt_damage	hadur_skips	flattener	drussgt_gun
released	1	0	1502	win	11.42	0.00	48.81	38.96	12.66	17.39	14.76	116	11	13	28	1	120.66	72.86	112	13	13	66	8	36.76	12.60	1		
released	1	1	2175	win	5.86	0.00	27.90	36.50	25.35	6.18	4.83	178	15	17	108	9	115.07	53.58	163	13	18	135	12	55.55	12.10	1	0	DC
released	1	2	3579	loss	0.00	1.15	-13.60	-10.24	-8.98	-8.92	-9.25	301	26	34	235	24	82.09	21.18	299	22	35	240	19	99.35	32.20	0	0	DC
released	1	3	1974	win	5.31	0.00	29.85	8.40	29.81	10.43	4.06	160	14	8	92	8	110.83	61.40	147	14	9	109	12	60.05	15.50	0	1	DC
released	1	4	2632	loss	0.00	7.62	0.00	31.15	2.41	1.25	1.53	210	13	25	141	9	104.62	34.06	215	21	24	176	16	70.95	17.80	0	1	DC
released	1	5	1186	win	24.88	0.00	0.00	6.08	41.01	28.47	25.83	90	7	6	22	1	94.97	58.60	79	6	6	48	4	51.85	15.50	0	0	DC
released	1	6	3718	loss	0.00	0.87	17.50	-0.19	-2.70	-6.40	-9.01	308	20	44	243	17	92.75	27.52	313	23	44	262	20	90.35	25.60	1	1	DC
released	1	7	3453	loss	0.00	6.69	-17.50	-14.76	-8.73	-5.61	-3.14	290	24	37	204	16	88.92	18.80	287	25	38	221	22	92.45	25.30	1	1	DC
released	1	8	1889	win	4.15	0.00	15.55	21.45	27.05	8.43	9.61	152	11	12	70	5	115.50	44.16	144	10	13	115	10	60.70	6.00	0	1	DC
released	1	9	3028	loss	0.00	13.10	17.50	6.70	-2.68	-6.62	-8.17	250	15	27	184	13	90.12	25.20	252	28	28	196	25	81.20	26.00	0	1	DC
released	1	10	2955	loss	0.00	12.87	0.00	-0.23	-5.38	-7.99	-8.19	242	19	26	172	15	84.86	20.02	244	24	26	192	21	85.40	26.30	0	0	DC
released	1	11	3396	loss	0.00	2.13	0.00	-10.20	-9.08	2.48	0.20	279	12	33	201	7	90.68	27.76	284	22	32	230	19	89.30	27.80	0	0	DC
released	1	12	2885	double	0.00	0.00	0.00	17.75	5.55	2.17	4.24	225	18	24	153	11	105.74	45.62	218	22	24	177	20	70.50	23.50	0	0	DC-AS
released	1	13	3306	loss	0.00	5.40	0.00	-11.58	-9.26	-7.76	-12.12	268	17	37	188	9	90.32	26.74	276	27	38	217	23	88.10	28.90	1	0	DC
released	1	14	1492	win	10.40	0.00	13.60	15.95	16.55	15.32	11.50	117	14	12	41	6	108.13	62.48	112	16	12	80	14	51.90	20.70	0	0	DC-AS
released	1	15	2916	loss	0.00	11.70	13.60	18.25	0.98	-0.41	-1.02	232	11	27	166	7	98.66	24.76	241	26	27	191	23	76.75	17.60	0	0	DC
released	1	16	3434	loss	0.00	14.95	-15.55	-25.35	-13.62	-12.20	-14.46	289	19	42	212	11	81.34	18.12	287	23	43	225	19	88.55	33.20	1	0	DC-AS
released	1	17	2818	loss	0.00	24.97	-1.95	-3.59	-13.45	-16.96	-16.74	232	13	26	177	11	78.49	16.26	232	27	25	184	23	79.30	29.30	1	0	DC-AS
released	1	18	3774	double	0.00	0.00	-1.95	10.06	-0.14	-3.33	-2.74	310	20	30	242	16	98.40	22.96	284	18	30	239	15	89.80	17.50	1	0	DC
released	1	19	2437	loss	0.00	17.22	15.55	-6.35	1.47	-4.73	-5.24	194	17	25	119	10	92.09	34.56	198	23	25	142	18	75.00	24.00	0	0	DC
released	1	20	2954	double	0.00	0.00	27.90	14.75	5.49	1.14	1.82	216	17	31	145	11	107.48	45.92	223	19	31	186	16	69.45	21.20	1	0	DC
released	1	21	2947	loss	0.00	36.32	-13.60	-27.42	-34.26	-34.14	-37.20	238	19	29	189	16	66.27	20.26	246	30	28	200	23	75.20	49.30	0	0	DC
released	1	22	3312	loss	0.00	11.93	-15.55	-7.58	-11.53	-9.67	-12.42	277	17	39	208	11	82.73	29.86	278	24	39	222	19	83.40	37.40	0	0	DC-AS
released	1	23	2105	win	2.49	0.00	30.30	43.40	30.15	9.48	6.50	169	11	15	90	5	120.56	52.50	150	10	15	129	10	52.00	6.00	0	0	DC
released	1	24	3311	loss	0.00	3.05	-1.95	12.70	0.75	-2.30	-3.74	274	20	35	212	17	100.21	27.20	277	27	34	230	25	82.95	19.40	0	0	DC-AS
released	1	25	3083	loss	0.00	15.57	-17.50	1.69	-4.89	-10.53	-10.43	255	19	22	189	16	84.73	21.36	256	29	21	203	25	84.50	30.50	0	0	DC-AS
released	1	26	2616	loss	0.00	20.72	-1.95	-15.20	-7.80	-11.55	-11.54	210	17	24	136	11	88.77	24.82	214	21	24	159	14	75.30	28.40	0	0	DC
released	1	27	3356	loss	0.00	40.49	-46.48	-49.26	-46.36	-48.26	-47.22	282	25	34	230	19	62.57	25.10	283	25	34	245	18	70.25	55.40	1	0	DC-AS
released	1	28	2994	loss	0.00	15.02	1.95	1.71	-5.41	-6.59	-8.23	246	17	28	178	13	86.13	30.92	249	30	28	197	25	78.05	34.20	0	0	DC
released	1	29	2968	loss	0.00	5.48	15.55	25.45	2.36	-1.56	-1.23	236	14	33	179	11	102.72	34.10	246	24	33	204	22	74.50	19.10	0	0	DC-AS
released	1	30	2632	loss	0.00	36.23	-17.50	-29.93	-34.70	-35.84	-34.49	210	14	32	147	11	78.23	17.70	217	30	32	177	25	70.05	34.20	1	0	DC
released	1	31	2371	win	4.58	0.00	13.60	14.87	12.17	3.45	3.38	198	14	22	134	8	103.53	45.88	191	15	22	154	11	69.35	20.80	0	0	DC
released	1	32	3170	loss	0.00	21.06	-13.60	-15.86	-16.14	-16.87	-16.02	263	17	31	193	13	80.48	15.64	263	26	30	205	22	85.15	31.40	0	0	DC
released	1	33	3430	loss	0.00	29.50	-15.55	-25.06	-33.77	-34.86	-35.83	285	20	34	230	19	76.38	9.08	288	26	34	252	22	83.00	31.00	0	0	DC
released	1	34	2440	loss	0.00	32.55	-47.65	-35.44	-36.02	-36.13	-38.04	198	14	17	124	9	74.74	26.84	199	23	17	151	18	68.65	43.10	0	0	DC-AS
released	2	0	2972	loss	0.00	1.46	31.59	20.04	9.54	0.96	-1.44	241	20	32	185	15	109.95	54.50	244	25	33	194	22	61.89	24.10	0		
released	2	1	3451	loss	0.00	5.33	-15.55	-13.21	-8.11	-7.55	-8.56	287	25	30	218	17	76.37	29.86	290	27	30	230	22	94.00	44.70	0	0	DC
released	2	2	3025	loss	0.00	17.09	-17.50	0.39	-11.39	-12.52	-11.58	249	17	28	190	14	83.17	25.26	251	30	28	205	23	81.65	33.90	0	0	DC
released	2	3	2968	loss	0.00	60.13	-30.15	-60.12	-61.36	-60.08	-59.84	236	13	33	205	13	53.18	5.48	248	26	33	224	21	68.30	51.50	0	0	DC
released	2	4	3480	loss	0.00	9.18	0.00	-14.75	-13.95	-13.17	-14.73	293	28	32	224	23	80.20	32.68	293	25	32	235	22	85.55	42.30	0	0	DC
released	2	5	3342	loss	0.00	12.42	-17.50	-16.94	-13.11	-6.64	-9.24	280	20	31	200	11	81.80	37.70	281	26	31	226	20	79.55	44.00	1	0	DC
released	2	6	2003	win	8.28	0.00	13.60	26.75	15.00	6.31	5.53	164	17	20	94	9	107.46	50.88	146	13	20	107	10	58.60	12.20	0	0	DC
released	2	7	2455	win	0.00	0.00	0.00	22.32	15.06	-1.95	-1.40	197	18	26	145	15	110.29	32.40	199	16	27	157	15	75.65	10.40	0	0	DC
released	2	8	3183	loss	0.00	13.95	-31.46	2.29	-6.28	-10.81	-13.47	265	28	27	195	21	79.93	41.66	265	33	27	211	26	77.25	49.50	0	1	DC-AS
released	2	9	2244	win	0.36	0.00	15.55	4.95	23.87	6.29	5.58	187	11	29	121	7	113.05	42.52	178	16	29	147	15	67.10	12.80	1	1	DC-AS
released	2	10	3317	loss	0.00	3.52	15.55	-0.59	-0.19	-1.28	-4.34	270	24	37	197	17	96.86	27.58	277	27	38	225	24	85.65	22.10	1	1	DC
released	2	11	3329	loss	0.00	28.01	1.95	-26.00	-28.25	-31.79	-31.53	273	21	31	218	17	72.84	21.36	278	25	32	225	18	84.10	37.60	0	1	DC
released	2	12	3227	loss	0.00	10.19	0.00	-0.42	-8.71	-11.89	-10.67	268	20	29	202	16	86.65	27.80	270	23	29	219	18	82.30	28.90	0	1	DC
released	2	13	3109	loss	0.00	16.50	-13.60	-7.38	-12.57	-13.98	-10.53	257	26	29	177	18	83.90	25.02	258	32	29	202	27	82.20	33.50	1	1	DC-AS
released	2	14	2494	win	0.87	0.00	1.95	11.25	17.20	4.42	5.70	207	14	22	137	10	112.56	34.86	188	14	22	155	14	71.80	8.40	0	1	DC
released	2	15	1922	win	6.10	0.00	-1.95	5.33	5.29	14.63	6.27	150	14	22	57	4	103.23	45.70	149	8	22	97	4	66.95	18.30	0	1	DC-AS
released	2	16	2659	win	12.41	0.00	0.00	-0.65	-1.13	-0.57	-0.87	227	20	21	149	12	88.15	35.40	205	18	22	141	14	80.85	23.10	0	1	DC-AS
released	2	17	1897	win	6.36	0.00	1.95	10.95	16.35	16.54	12.19	150	8	16	76	3	109.63	49.10	111	7	16	69	5	59.65	13.70	0	1	DC-AS
released	2	18	3488	loss	0.00	5.52	-1.95	-1.30	-4.05	-10.61	-10.71	283	29	35	220	26	86.43	24.26	292	32	35	241	28	92.00	31.50	1	1	DC-AS
released	2	19	3303	loss	0.00	10.94	1.95	-0.78	-6.35	-9.54	-8.43	273	16	42	204	14	86.65	17.02	275	24	43	224	22	89.55	24.70	0	1	DC-AS
released	2	20	3372	loss	0.00	21.50	-17.50	-23.17	-26.16	-25.26	-24.99	281	22	45	219	17	74.10	28.36	283	28	44	248	21	79.55	55.60	0	1	DC-AS
released	2	21	3396	double	0.00	0.00	15.55	7.55	3.80	0.97	-0.59	247	16	35	180	9	96.32	49.76	250	22	34	210	18	74.50	35.20	1	1	DC-AS
released	2	22	2884	loss	0.00	34.85	-1.95	-24.02	-24.73	-24.39	-27.58	239	15	30	173	10	69.97	22.46	239	28	32	191	23	72.85	54.40	0	1	DC-AS
released	2	23	2797	loss	0.00	20.46	0.00	-8.07	-16.24	-14.70	-16.18	226	16	41	159	12	81.62	26.28	230	20	41	181	15	77.30	35.80	0	1	DC
released	2	24	3168	loss	0.00	28.06	-31.66	-18.13	-22.66	-25.16	-29.16	259	21	31	197	14	67.18	40.70	266	32	30	219	24	71.30	61.60	0	1	DC-AS
released	2	25	3298	loss	0.00	4.47	15.55	5.90	2.03	-4.72	-7.84	271	21	40	210	18	97.00	23.86	275	27	40	226	23	86.65	24.90	1	1	DC-AS
released	2	26	2739	loss	0.00	42.78	-15.55	-34.25	-34.21	-36.63	-36.97	224	10	26	174	9	71.24	4.92	226	22	26	181	18	74.20	33.00	0	1	DC-AS
released	2	27	2410	loss	0.00	37.26	-1.95	-17.78	-22.60	-24.57	-25.84	188	11	25	122	8	81.20	8.00	195	21	26	151	17	72.25	25.30	0	1	DC
released	2	28	3208	loss	0.00	5.11	1.95	4.08	1.26	-2.45	-3.80	254	13	26	191	11	95.44	17.34	266	20	26	217	18	89.90	16.70	0	1	DC
released	2	29	3008	loss	0.00	30.90	-17.50	-26.35	-21.66	-25.35	-24.45	251	17	34	186	13	73.88	20.50	251	28	34	198	23	75.55	40.10	0	1	DC-AS
released	2	30	2830	loss	0.00	19.00	0.00	-1.34	-7.53	-12.77	-13.49	232	21	31	159	17	87.40	13.64	233	29	31	182	25	84.55	23.00	0	1	DC-AS
released	2	31	805	win	35.64	0.00	0.00	22.82	28.02	35.64	35.64	55	6	2	0	0	93.83	50.72	51	3	2	20	3	50.65	1.80	0	1	DC-AS
released	2	32	3732	double	0.00	0.00	-1.95	8.96	-3.25	-0.75	0.93	277	24	34	197	14	94.73	25.58	282	27	35	227	22	91.70	22.60	0	1	DC-AS
released	2	33	3219	win	0.24	0.00	0.00	-0.66	-2.87	-5.20	-6.42	271	23	37	195	18	94.13	27.18	268	22	37	212	18	89.70	24.30	0	1	DC-AS
released	2	34	3421	win	1.07	0.00	11.75	-1.23	0.10	0.87	-0.61	296	21	38	227	16	92.16	32.40	270	20	38	209	18	85.10	16.70	2	1	DC-AS
released	3	0	2574	loss	0.00	6.88	31.57	13.42	0.69	-3.07	-3.40	194	15	31	139	11	93.59	36.54	205	21	32	105	8	78.91	30.10	1		
released	3	1	3176	loss	0.00	16.30	1.95	-18.04	-16.93	-18.02	-17.69	265	30	26	207	27	75.95	17.56	264	31	25	212	28	91.20	37.20	1	0	DC
released	3	2	3153	win	0.02	0.00	0.00	9.53	-2.69	1.54	-0.11	268	19	40	193	14	100.09	20.30	262	22	40	203	21	89.90	14.00	2	0	DC
released	3	3	3315	loss	0.00	1.79	15.55	20.35	-1.19	-4.81	-1.57	270	20	36	213	18	102.15	27.96	276	25	36	234	23	82.70	16.60	1	0	DC-AS
released	3	4	3209	loss	0.00	21.08	-1.95	-15.83	-19.32	-17.59	-18.79	267	19	23	197	14	80.93	11.84	267	27	23	214	24	87.05	28.50	0	0	DC
released	3	5	2488	loss	0.00	35.36	-17.33	-23.75	-26.29	-23.16	-19.78	201	16	20	128	9	74.11	20.42	203	27	20	147	21	71.35	40.30	1	0	DC
released	3	6	3552	loss	0.00	16.96	-15.55	-16.91	-18.24	-23.38	-24.47	299	23	35	235	21	83.08	15.14	300	24	35	246	20	87.70	28.30	0	0	DC
released	3	7	2983	loss	0.00	19.47	14.75	-0.72	-13.24	-16.16	-19.09	245	16	23	180	13	87.64	25.40	247	24	23	207	18	75.55	29.10	0	0	DC
released	3	8	1748	win	9.92	0.00	1.95	6.62	12.72	13.94	12.17	139	10	10	55	2	111.44	41.78	109	7	10	69	5	62.85	5.80	1	0	DC-AS
released	3	9	3261	loss	0.00	20.71	0.00	-18.92	-21.40	-17.62	-18.39	273	18	27	198	12	80.61	23.62	273	22	27	222	18	79.65	35.80	1	0	DC
released	3	10	2492	loss	0.00	31.06	-28.66	-7.67	-13.68	-14.32	-15.97	203	18	18	128	13	77.29	25.66	203	33	18	152	29	70.75	41.20	0	0	DC
released	3	11	3282	loss	0.00	5.26	-15.55	1.25	-7.10	-7.62	-7.41	261	29	23	209	24	80.26	50.36	275	33	23	234	26	79.35	52.30	1	0	DC
released	3	12	2767	win	7.25	0.00	27.90	8.30	0.30	-1.51	-0.45	235	23	27	179	17	100.66	43.50	228	14	27	184	10	71.60	20.60	0	1	DC
released	3	13	2071	win	7.07	0.00	0.00	0.37	21.37	4.33	7.26	171	17	16	84	6	99.29	50.18	138	13	16	95	10	67.40	26.80	0	1	DC-AS
released	3	14	2894	loss	0.00	50.11	-46.44	-44.58	-44.81	-46.87	-44.65	240	19	24	186	16	57.36	19.18	241	31	24	195	26	67.15	56.20	0	1	DC
released	3	15	867	win	39.91	0.00	29.50	26.90	33.30	40.61	39.91	61	8	2	13	0	93.89	76.70	58	7	2	21	4	40.10	12.50	0	1	DC
released	3	16	3060	win	2.72	0.00	31.10	11.65	1.61	2.56	1.50	264	19	25	188	11	96.67	40.54	251	17	26	197	14	78.35	24.10	0	1	DC-AS
released	3	17	1224	win	17.78	0.00	15.55	-1.07	23.13	14.44	18.60	92	10	10	15	1	100.59	47.60	86	5	10	49	3	60.90	12.90	0	1	DC-AS
released	3	18	2467	win	0.00	0.00	15.55	6.20	10.77	4.72	4.13	201	13	26	132	7	106.91	44.92	191	18	26	153	15	69.75	21.10	0	1	DC-AS
released	3	19	2655	loss	0.00	18.60	17.50	-8.52	-9.83	-12.03	-11.37	215	16	32	143	13	89.22	27.84	217	19	31	172	14	74.75	29.40	0	1	DC-AS
released	3	20	3608	loss	0.00	4.23	0.00	0.52	-10.35	-9.17	-12.06	299	26	41	233	19	86.12	30.20	303	28	41	256	24	90.15	35.00	0	1	DC-AS
released	3	21	3644	double	0.00	0.00	-15.55	-6.42	0.91	-3.73	-4.91	285	14	36	221	10	94.25	22.40	298	19	36	249	17	92.10	21.30	0	1	DC-AS
released	3	22	3074	win	0.04	0.00	-1.95	35.20	9.55	0.74	-1.78	253	18	31	202	15	108.47	35.46	255	23	31	228	23	75.25	13.80	0	1	DC-AS
released	3	23	2614	loss	0.00	49.97	-18.10	-32.38	-38.19	-39.80	-39.78	208	11	37	156	10	65.53	13.08	215	30	36	171	24	66.65	43.70	0	1	DC
released	3	24	3265	loss	0.00	21.77	4.95	-9.07	-20.83	-22.48	-20.45	273	16	43	210	15	83.53	7.76	272	23	43	227	20	84.20	22.10	1	1	DC
released	3	25	3354	loss	0.00	35.45	-17.50	-33.00	-38.07	-39.28	-39.13	273	20	34	219	17	70.12	17.72	282	26	35	245	20	76.00	42.50	0	1	DC-AS
released	3	26	1666	win	7.66	0.00	17.50	5.70	11.10	16.75	12.74	125	10	18	49	3	111.32	54.96	126	12	19	88	11	62.00	9.20	0	1	DC
released	3	27	3103	loss	0.00	33.49	-15.55	-23.27	-27.78	-29.94	-27.68	247	12	38	187	11	71.75	15.22	258	27	37	210	23	77.50	38.80	0	1	DC
released	3	28	3600	loss	0.00	1.12	-1.95	-1.23	0.42	-8.24	-7.44	300	21	40	238	20	94.71	12.20	300	23	40	248	21	97.80	15.40	0	1	DC
released	3	29	2333	win	4.95	0.00	13.15	23.20	11.75	3.53	5.16	194	15	19	115	7	108.93	54.26	179	11	19	139	7	59.45	19.70	0	1	DC-AS
released	3	30	3499	loss	0.00	2.70	15.55	2.03	-4.16	-4.81	-7.99	279	24	40	215	18	84.99	32.80	294	28	39	249	23	89.80	38.20	0	1	DC-AS
released	3	31	3282	loss	0.00	18.82	0.00	-15.76	-17.10	-18.29	-18.56	274	19	40	204	15	84.10	16.86	274	23	38	226	19	83.90	28.40	2	1	DC
released	3	32	3511	loss	0.00	0.86	0.00	-0.10	-0.33	-4.64	-5.13	291	22	45	220	18	93.61	20.86	293	23	46	239	19	92.85	19.70	1	1	DC
released	3	33	3006	loss	0.00	30.83	-1.95	-19.06	-25.20	-27.35	-27.54	248	11	33	190	11	78.77	4.68	249	23	33	205	19	82.05	25.30	0	1	DC
released	3	34	3130	loss	0.00	41.49	-28.66	-31.38	-35.91	-37.47	-36.62	256	12	37	193	12	70.51	5.04	261	24	37	217	21	75.95	33.80	0	1	DC-AS
released	4	0	945	win	59.49	0.00	49.67	43.37	47.57	60.49	59.49	69	9	5	27	1	84.61	78.00	50	3	5	17	1	24.50	3.00	1		
released	4	1	2969	loss	0.00	19.88	15.55	-12.64	-17.40	-16.33	-16.05	246	19	26	185	16	77.29	19.30	246	28	26	198	24	85.30	36.60	0	0	DC
released	4	2	3205	loss	0.00	11.40	13.60	0.44	-3.19	-5.76	-6.17	256	17	31	185	11	88.62	39.82	267	30	31	223	24	75.05	38.10	0	0	DC
released	4	3	3503	win	1.82	0.00	-1.95	-1.34	-2.40	-5.12	-4.48	303	24	38	228	21	97.09	14.76	289	19	38	233	17	94.65	12.20	0	0	DC
released	4	4	3553	loss	0.00	3.55	-17.50	-2.50	-8.63	-7.89	-10.57	292	25	41	216	20	85.12	18.92	297	21	41	242	19	95.35	26.00	0	0	DC
released	4	5	3468	loss	0.00	2.19	15.55	4.06	-4.59	-3.90	-4.84	285	19	32	219	13	89.15	30.74	290	25	32	237	19	89.70	32.10	0	0	DC-AS
released	4	6	3135	loss	0.30	36.46	-32.10	-33.72	-36.80	-37.92	-39.80	262	20	35	211	17	66.17	10.24	261	27	35	215	21	81.35	41.50	0	0	DC
released	4	7	3102	loss	0.00	7.12	-15.55	14.77	2.03	-3.91	-4.71	247	24	21	189	19	90.56	32.38	256	34	20	218	31	83.30	32.30	0	0	DC
released	4	8	3534	loss	0.00	2.84	-13.60	-1.54	-4.79	-5.59	-8.44	289	25	39	221	21	89.70	23.62	295	26	38	249	23	92.45	27.10	0	1	DC-AS
released	4	9	3389	loss	0.00	23.26	0.00	-20.58	-22.00	-26.38	-27.52	276	19	47	218	18	80.03	8.80	283	23	47	238	20	87.45	26.10	0	1	DC
released	4	10	3067	loss	0.00	17.20	1.95	-6.73	-9.91	-8.70	-13.44	252	15	40	182	10	78.65	28.96	254	29	40	198	23	81.60	40.80	0	0	DC
released	4	11	3236	loss	0.00	27.59	-15.55	-24.74	-25.72	-26.87	-24.81	271	20	37	206	15	77.66	12.84	270	27	37	219	21	82.20	32.40	0	0	DC
released	4	12	2849	loss	0.00	4.21	27.90	10.75	4.95	2.27	-0.11	231	18	30	166	13	102.99	38.38	236	26	31	198	23	73.60	21.60	0	0	DC
released	4	13	3268	loss	0.00	33.82	-7.20	-39.86	-41.37	-41.39	-40.08	275	26	42	228	24	65.10	29.60	276	23	42	244	18	71.50	54.50	0	0	DC
released	4	14	2529	loss	0.00	49.43	-31.10	-32.77	-41.43	-43.74	-43.11	204	13	30	149	12	70.44	6.28	207	23	30	161	17	67.55	34.80	1	0	DC
released	4	15	3094	loss	0.00	28.89	-15.55	-18.00	-23.85	-24.03	-25.11	257	20	24	190	15	75.18	20.70	257	30	24	213	25	77.15	39.40	0	0	DC
released	4	16	3331	win	1.90	0.00	13.60	-1.38	-4.37	-1.67	-0.21	289	18	34	187	11	94.42	21.66	274	15	35	217	13	91.10	18.50	0	0	DC-AS
released	4	17	3108	loss	0.00	16.43	0.00	-9.80	-6.40	-10.07	-8.16	258	14	38	185	8	81.05	24.42	259	27	40	201	22	83.55	36.40	0	0	DC
released	4	18	3417	loss	0.00	4.02	0.00	-2.39	-0.44	-3.84	-4.91	284	21	39	211	18	94.49	16.94	285	24	39	234	22	92.85	18.40	0	0	DC-AS
released	4	19	3279	double	0.00	0.00	30.30	43.80	18.30	3.01	0.73	229	17	30	169	12	113.94	44.72	238	23	30	211	23	65.60	13.80	0	0	DC
released	4	20	2094	win	2.17	0.00	10.60	15.68	6.05	6.54	3.05	171	14	18	107	8	106.52	50.10	166	13	17	130	11	63.00	19.70	0	0	DC-AS
released	4	21	3040	loss	0.00	19.77	1.95	5.13	-12.25	-14.75	-18.54	242	10	25	185	8	83.37	13.70	251	28	25	202	23	86.05	26.00	0	0	DC
released	4	22	2930	loss	0.00	30.23	0.00	-17.27	-21.91	-24.86	-27.81	242	14	31	188	11	74.45	16.46	241	29	31	203	23	78.95	36.70	0	0	DC-AS
released	4	23	3200	loss	0.00	28.91	-15.55	-22.09	-26.40	-27.67	-27.43	267	12	35	201	9	79.61	7.08	266	22	35	221	19	82.30	26.30	0	0	DC
released	4	24	3415	loss	0.00	2.76	0.00	4.38	-4.49	-7.37	-6.45	286	26	29	227	20	85.64	37.40	286	28	29	240	22	86.60	39.40	0	0	DC
released	4	25	3285	win	0.66	0.00	13.60	21.70	-1.82	-1.79	-3.79	282	19	34	225	14	100.65	36.90	275	23	34	231	17	79.55	22.10	0	0	DC
released	4	26	2022	win	3.57	0.00	-1.95	16.08	6.36	6.79	7.89	165	13	20	85	7	109.96	42.30	160	16	20	128	15	66.90	12.80	0	0	DC
released	4	27	3397	loss	0.00	14.92	-15.55	-20.04	-12.94	-12.73	-12.63	261	26	38	185	16	79.50	31.46	284	33	38	227	27	83.20	43.20	1	0	DC
released	4	28	3053	loss	0.00	50.70	-29.15	-51.93	-52.75	-52.73	-51.34	241	20	35	187	19	62.50	8.64	255	24	35	217	19	69.75	44.50	0	0	DC-AS
released	4	29	3383	loss	0.00	18.80	-13.60	-10.87	-17.68	-21.41	-23.42	262	25	32	203	22	82.48	16.32	282	28	32	233	23	86.20	30.30	1	0	DC-AS
released	4	30	3206	loss	0.00	14.06	13.60	-7.62	-9.59	-9.62	-10.01	264	18	41	192	13	82.60	36.26	268	28	41	217	23	78.50	40.90	0	0	DC-AS
released	4	31	3516	loss	0.00	18.12	-1.95	-16.46	-18.64	-21.83	-22.97	291	19	40	226	16	82.96	13.20	294	24	40	248	21	87.90	27.50	0	0	DC-AS
released	4	32	3269	loss	0.00	9.40	15.55	-8.77	-6.73	-5.20	-5.99	272	20	41	193	15	90.48	22.90	273	25	42	213	22	85.55	24.40	1	0	DC-AS
released	4	33	2440	loss	0.00	47.90	-17.50	-31.76	-36.84	-38.52	-39.05	194	18	21	138	14	67.47	21.54	199	27	21	162	21	62.55	47.10	1	0	DC
released	4	34	3341	loss	0.00	39.57	-17.50	-41.73	-44.37	-43.80	-44.62	281	19	44	229	18	69.78	8.72	281	23	43	238	17	76.45	36.80	0	0	DC
released	5	0	1847	win	4.73	0.00	32.45	8.75	10.45	16.22	9.62	148	13	25	68	5	118.44	69.26	138	18	25	109	15	45.51	19.20	0		
released	5	1	3246	loss	0.00	1.22	1.95	8.79	-11.91	-7.01	-5.97	270	18	41	227	17	86.48	15.16	269	20	41	218	16	101.65	24.00	0	0	DC
released	5	2	3110	win	5.04	0.00	13.60	-0.59	0.13	0.16	1.16	267	26	30	189	18	94.86	29.14	257	21	30	210	18	85.85	20.50	0	0	DC
released	5	3	3363	loss	0.00	17.20	-15.55	-14.90	-18.50	-22.41	-21.38	279	19	26	224	17	74.45	15.88	281	25	26	232	20	92.25	37.60	0	0	DC
released	5	4	2870	loss	0.00	59.31	-15.55	-58.83	-61.71	-61.16	-61.66	227	18	31	198	16	52.51	10.08	238	30	31	215	25	66.60	55.60	0	0	DC
released	5	5	3120	loss	0.00	9.09	43.05	23.20	-4.53	-6.34	-6.63	256	17	33	199	13	98.07	35.70	261	28	34	215	23	73.95	22.40	0	0	DC
released	5	6	3480	loss	0.00	13.07	1.95	-13.00	-17.09	-17.54	-15.48	293	24	40	222	20	79.82	21.86	292	24	41	241	21	88.80	35.40	0	0	DC
released	5	7	3057	loss	0.00	14.33	29.50	9.90	-3.58	-7.32	-6.71	242	10	22	174	8	93.99	23.04	252	23	22	202	19	78.40	21.00	0	0	DC
released	5	8	732	win	55.80	0.00	13.60	28.00	56.70	55.80	55.80	51	8	3	14	1	73.55	68.30	42	4	3	8	1	40.70	11.90	0	0	DC-AS
released	5	9	3317	loss	0.00	7.57	15.55	-13.57	-4.18	-5.29	-6.61	272	17	36	200	9	90.77	28.34	276	25	35	222	19	85.80	29.60	0	0	DC-AS
released	5	10	3252	win	2.73	0.00	15.55	17.10	1.11	-0.17	-0.32	277	16	32	214	12	102.51	35.54	258	13	32	219	12	75.60	16.90	1	0	DC-AS
released	5	11	3157	loss	0.00	8.21	-1.95	12.40	-1.75	-4.65	-4.12	257	17	33	194	14	92.97	35.22	263	27	33	219	23	77.45	29.70	1	0	DC
released	5	12	880	win	23.94	0.00	0.00	52.65	27.00	29.74	23.94	59	7	6	0	0	108.95	65.38	59	6	6	37	5	39.75	6.80	0	0	DC-AS
released	5	13	2793	loss	0.00	1.04	29.50	17.30	7.05	3.05	2.82	225	12	34	154	5	109.96	35.90	231	18	34	195	17	72.65	12.80	0	0	DC
released	5	14	2465	win	0.02	0.00	0.00	25.89	6.79	4.73	5.11	203	16	22	124	8	107.59	39.10	200	23	21	168	21	74.30	17.40	0	0	DC
released	5	15	3457	loss	0.00	25.03	-17.50	-26.21	-26.49	-25.43	-26.80	248	17	29	185	13	70.42	22.98	291	28	29	236	22	82.35	44.90	0	0	DC-AS
released	5	16	2323	loss	0.00	80.95	-63.14	-67.75	-70.24	-71.72	-74.77	188	6	19	147	6	50.01	2.40	191	28	18	163	23	50.25	53.60	0	0	DC-AS
released	5	17	3377	loss	0.00	26.52	-32.25	-24.14	-27.05	-31.56	-30.38	279	22	41	220	19	73.33	20.34	284	27	41	230	21	81.30	41.90	0	0	DC-AS
released	5	18	2828	loss	0.00	12.64	0.00	0.17	-2.39	-5.97	-6.92	228	21	23	155	15	89.31	30.80	233	26	23	183	21	78.75	31.50	0	0	DC-AS
released	5	19	3119	loss	0.00	37.92	-17.50	-28.94	-32.69	-37.47	-38.94	259	13	32	207	13	72.89	5.52	259	26	32	210	20	78.75	31.80	0	0	DC-AS
released	5	20	2956	loss	0.00	11.93	0.00	-1.07	-2.32	-2.27	-2.68	243	13	33	173	8	87.55	22.70	243	25	33	193	22	84.75	27.70	0	0	DC-AS
released	5	21	3036	loss	0.00	27.52	-17.50	-16.01	-18.97	-23.99	-25.90	251	16	23	192	14	77.24	17.18	251	29	24	204	23	79.45	34.40	1	0	DC-AS
released	5	22	2885	win	8.51	0.00	0.00	-1.57	-2.92	-5.27	-5.92	247	18	23	173	12	91.71	40.06	235	16	23	187	12	83.35	23.10	0	0	DC
released	5	23	2419	loss	0.00	21.62	-15.55	-9.07	-7.15	-1.27	-4.60	193	17	29	107	11	85.94	18.12	196	24	30	127	21	77.80	24.70	0	0	DC
released	5	24	3029	win	2.71	0.00	-15.55	14.39	-1.70	-0.07	-1.42	261	28	22	170	17	95.82	38.16	244	22	22	193	17	81.60	27.90	0	0	DC-AS
released	5	25	3335	loss	0.00	31.82	-15.55	-26.87	-33.20	-32.05	-32.19	281	17	42	214	14	75.00	11.36	279	23	42	230	20	79.55	34.00	0	0	DC-AS
released	5	26	2770	loss	0.00	20.60	1.95	-6.84	-16.96	-14.02	-13.05	225	17	24	150	12	85.94	19.26	227	21	24	184	17	79.45	27.70	0	0	DC
released	5	27	3378	win	2.49	0.00	0.00	0.08	-4.78	-3.45	-0.79	293	26	37	215	17	95.45	28.94	278	21	38	225	17	87.90	21.70	0	0	DC-AS
released	5	28	1921	win	6.94	0.00	0.00	25.89	3.46	8.84	4.98	157	16	20	85	6	103.91	62.44	145	14	21	118	11	56.95	28.60	0	0	DC
released	5	29	3361	loss	0.00	19.45	1.95	-12.34	-21.01	-23.37	-22.30	281	19	38	222	18	83.15	17.58	282	26	38	238	20	84.30	29.00	0	0	DC-AS
released	5	30	1296	win	17.27	0.00	-15.55	5.66	2.81	10.44	14.81	99	16	8	0	0	100.50	62.86	95	10	8	46	4	54.65	25.00	0	0	DC-AS
released	5	31	2992	win	3.50	0.00	-2.25	2.31	1.43	-1.14	-1.01	256	23	25	201	19	98.87	36.90	248	19	25	205	17	77.10	20.90	0	0	DC
released	5	32	3205	loss	0.00	20.75	15.55	-10.00	-18.88	-22.26	-23.87	267	19	33	211	16	78.35	22.86	267	29	32	227	23	82.65	37.50	0	0	DC
released	5	33	1624	win	10.88	0.00	15.10	27.10	20.05	11.04	10.44	128	14	3	41	3	113.76	61.20	117	8	3	72	7	48.15	13.90	0	0	DC
released	5	34	3463	loss	0.00	25.86	-29.15	-24.10	-26.56	-22.63	-25.38	253	23	30	180	16	74.34	20.00	291	32	31	236	28	82.95	39.80	0	0	DC-AS
released	6	0	876	win	29.56	0.00	34.89	42.79	30.44	34.04	29.56	59	8	6	0	0	108.77	75.32	56	5	7	31	4	30.39	7.30	0		
released	6	1	2573	win	1.89	0.00	-15.55	-14.19	-11.01	-4.62	-4.56	222	23	17	156	17	72.99	41.40	205	25	17	155	18	93.25	52.60	0	0	DC
released	6	2	1587	win	11.76	0.00	27.90	28.30	20.80	5.42	9.21	125	14	6	25	1	117.07	53.24	122	9	6	81	9	50.70	5.40	0	0	DC
released	6	3	3498	loss	0.00	7.94	0.00	-5.77	-12.07	-12.77	-11.03	287	23	31	215	19	85.84	20.82	293	27	30	239	23	91.45	28.90	0	1	DC
released	6	4	3066	loss	0.00	2.92	-1.95	22.75	3.04	0.58	0.10	241	12	31	183	10	105.23	24.40	255	19	30	216	18	80.75	12.20	0	1	DC
released	6	5	3366	loss	0.00	21.15	-17.50	-12.22	-24.13	-27.10	-25.84	278	24	46	225	21	75.81	20.96	282	26	44	231	20	85.20	38.60	1	0	DC
released	6	6	3427	loss	0.00	30.43	-30.15	-29.61	-33.02	-33.58	-32.42	281	15	37	221	12	71.76	10.44	287	23	36	244	17	83.75	41.50	0	1	DC
released	6	7	2711	win	5.54	0.00	26.75	27.75	3.06	7.39	1.39	228	24	17	155	16	111.08	43.06	213	15	16	169	13	65.85	11.40	1	1	DC
released	6	8	1038	win	50.70	0.00	13.60	36.00	43.25	52.15	50.80	78	8	1	36	1	84.29	66.80	45	2	1	18	1	37.35	5.50	0	1	RANDOM
released	6	9	1677	win	12.42	0.00	43.10	65.35	40.75	16.49	14.40	132	11	9	51	1	120.69	64.92	96	8	8	69	7	40.70	7.60	0	1	RANDOM
released	6	10	1655	win	9.61	0.00	-1.95	31.70	36.35	14.60	14.42	130	8	11	48	2	118.42	52.74	112	6	11	80	5	50.90	4.40	0	1	RANDOM
released	6	11	3425	loss	0.00	3.74	14.75	2.70	-7.05	-8.18	-7.05	267	16	32	216	12	96.72	28.20	285	21	32	244	19	83.25	22.10	0	1	DC
released	6	12	3568	loss	0.00	3.78	0.00	0.93	-5.46	-10.97	-9.90	298	24	44	238	19	86.88	34.36	300	25	45	255	21	87.80	34.80	0	1	DC
released	6	13	3235	loss	0.00	46.04	-45.53	-50.41	-49.54	-50.91	-50.42	273	23	36	222	21	61.34	11.56	272	26	36	227	20	73.60	47.30	0	1	DC
released	6	14	3203	loss	0.00	4.95	-2.50	2.62	-1.34	-3.41	-6.66	266	21	37	204	15	85.29	36.62	267	26	37	227	23	82.45	35.80	0	1	DC
released	6	15	2990	loss	0.00	25.70	-1.95	-27.81	-22.91	-25.65	-26.30	239	22	35	185	16	76.00	27.66	246	27	36	213	21	76.20	43.20	0	1	DC
released	6	16	2776	loss	0.00	3.01	17.50	18.75	10.75	1.93	2.07	223	16	32	164	13	108.44	34.90	228	23	32	195	23	72.40	13.80	1	1	DC-AS
released	6	17	1856	win	6.75	0.00	13.60	25.00	28.60	12.30	9.04	149	9	23	73	4	113.35	50.10	140	7	23	101	4	58.00	10.10	0	1	DC
released	6	18	3451	win	1.24	0.00	15.55	-0.03	-3.71	-0.89	-3.64	300	20	37	233	13	92.95	33.24	287	21	36	235	16	87.35	27.90	0	1	DC
released	6	19	2999	loss	0.00	50.09	-30.15	-38.78	-43.46	-47.34	-47.92	251	12	56	195	11	65.93	6.96	251	26	56	217	21	70.05	39.40	0	1	DC
released	6	20	3067	loss	0.00	38.89	-15.55	-36.46	-41.00	-42.57	-42.27	256	27	31	203	26	71.53	12.72	256	28	31	212	22	74.20	38.20	0	1	DC
released	6	21	3266	loss	0.00	2.67	1.95	13.35	0.22	-2.63	-2.50	271	27	40	202	21	97.40	32.72	273	30	40	221	26	82.95	24.40	1	1	DC
released	6	22	3529	loss	0.00	13.63	1.95	-0.87	-19.05	-21.92	-21.48	290	20	35	236	19	81.66	17.70	296	25	35	255	19	90.30	40.40	0	1	DC
released	6	23	3090	loss	0.00	37.49	-28.66	-25.23	-30.92	-32.26	-35.53	258	18	34	193	13	71.49	14.04	257	30	34	216	25	75.15	39.40	1	1	DC-AS
released	6	24	3008	loss	0.00	29.63	0.00	-21.47	-27.25	-28.15	-27.13	243	17	34	178	14	81.63	10.24	250	22	34	212	17	78.80	26.30	0	1	DC
released	6	25	3320	loss	0.00	18.80	-1.95	-20.99	-20.28	-21.65	-21.55	279	25	36	217	19	75.74	32.56	279	28	36	242	23	78.65	45.70	0	1	DC
released	6	26	2940	loss	0.00	36.74	0.00	-28.30	-27.13	-29.03	-30.98	240	18	30	178	12	73.63	14.04	244	34	30	201	26	75.90	37.50	0	1	DC
released	6	27	2838	loss	0.00	15.84	-1.95	-0.67	-8.70	-12.41	-12.74	230	18	35	166	13	86.33	25.60	233	21	37	184	16	83.85	27.30	0	1	DC-AS
released	6	28	3395	win	0.00	0.00	-1.95	11.30	0.97	-2.67	-0.39	293	19	41	230	16	101.36	27.04	280	19	41	231	17	85.10	16.10	0	1	DC
released	6	29	1440	win	11.89	0.00	0.00	15.95	7.03	14.13	13.88	112	8	9	33	1	109.42	49.36	105	10	9	72	9	57.85	9.20	0	1	DC
released	6	30	3262	loss	0.00	40.00	-15.55	-38.21	-41.95	-43.34	-43.20	275	20	37	225	18	67.65	18.82	274	27	36	237	22	71.00	45.50	0	1	DC-AS
released	6	31	3457	loss	0.00	3.94	13.60	4.95	-3.59	-4.30	-5.78	279	20	47	207	14	93.85	24.26	290	26	47	238	22	89.20	23.50	0	1	DC
released	6	32	2635	loss	0.00	62.52	-17.50	-50.75	-52.35	-53.76	-55.48	219	12	29	170	12	58.62	5.00	217	29	27	184	25	62.35	45.50	0	1	DC-AS
released	6	33	2980	loss	0.00	31.02	-1.95	-17.25	-22.80	-25.43	-26.05	247	13	40	184	12	78.68	5.84	247	26	40	201	24	81.15	25.90	0	1	DC-AS
released	6	34	2944	loss	0.00	27.71	1.95	-11.71	-18.79	-20.93	-19.32	243	16	25	178	11	76.53	21.58	243	29	25	192	25	76.75	38.00	0	1	DC-AS
released	7	0	3484	double	0.00	0.00	32.36	19.31	-1.75	0.88	-1.81	272	22	31	207	16	102.89	47.12	271	23	31	224	19	72.45	26.40	0		
released	7	1	3308	loss	0.00	3.01	-17.50	15.82	-3.08	-9.65	-8.29	271	20	38	226	17	93.58	27.46	276	22	38	237	19	87.20	25.50	0	0	DC
released	7	2	3297	loss	0.00	20.89	-13.60	-23.94	-19.63	-19.57	-18.95	270	18	38	198	14	74.89	11.12	275	25	37	214	21	90.65	34.00	0	0	DC
released	7	3	872	win	25.06	0.00	-1.95	-1.15	15.77	29.15	25.06	60	6	5	0	0	98.28	42.06	55	4	5	13	3	61.45	3.60	1	0	DC
released	7	4	3719	loss	0.00	0.91	-15.55	-1.58	-6.90	-7.59	-9.90	312	24	39	237	22	90.49	19.02	314	21	39	258	19	95.50	22.50	1	0	DC
released	7	5	3352	loss	0.00	6.54	-13.60	0.86	-9.06	-8.61	-4.82	279	22	33	203	13	86.30	30.80	280	28	32	232	23	87.00	34.60	1	0	DC
released	7	6	3017	win	1.88	0.00	0.00	8.60	2.13	-0.20	-0.30	257	15	33	202	12	103.28	26.16	250	18	33	209	16	82.10	11.60	0	0	DC-AS
released	7	7	3283	loss	0.00	3.93	13.60	6.80	-0.62	-3.55	-3.82	272	23	31	208	18	93.78	38.58	273	27	31	226	22	79.25	30.90	2	0	DC-AS
released	7	8	2685	loss	0.00	4.23	-1.95	5.77	1.35	0.51	1.42	216	18	24	159	12	100.15	34.20	220	21	25	181	20	76.80	21.70	1	0	DC-AS
released	7	9	3387	loss	0.00	1.54	1.95	-1.84	1.94	-4.25	-5.19	282	21	34	223	16	87.19	31.28	283	25	33	236	21	89.65	35.60	0	0	DC-AS
released	7	10	3566	loss	0.00	13.03	0.00	-20.71	-16.51	-18.72	-17.77	293	21	41	232	15	76.55	33.24	299	24	41	248	17	84.05	46.10	0	0	DC
released	7	11	2118	win	7.38	0.00	28.70	35.40	8.70	7.65	5.84	173	15	14	101	8	114.68	62.88	150	9	14	126	7	48.40	16.50	0	0	DC-AS
released	7	12	1719	win	5.80	0.00	15.55	11.77	24.17	10.22	10.27	137	12	21	64	3	105.17	63.92	134	22	20	103	18	56.10	29.00	0	0	DC
released	7	13	2996	loss	0.00	51.81	-47.02	-52.94	-51.91	-50.49	-49.97	246	21	26	206	15	54.10	22.28	250	28	26	218	21	66.70	62.00	0	0	DC
released	7	14	2833	loss	0.00	24.19	1.95	-15.85	-14.16	-15.95	-14.86	233	18	29	166	13	78.30	20.54	234	29	28	181	25	79.30	36.40	1	0	DC
released	7	15	2884	loss	0.00	30.83	-1.95	-17.34	-20.12	-26.26	-28.91	239	15	32	185	12	72.62	18.90	238	30	33	187	23	77.10	40.20	0	0	DC
released	7	16	3397	loss	0.00	26.71	-17.50	-31.87	-28.01	-28.88	-27.81	280	20	31	216	16	75.17	14.76	284	25	31	236	21	83.00	36.40	1	0	DC-AS
released	7	17	3062	loss	0.00	25.85	-15.55	-22.49	-24.72	-22.83	-23.41	251	19	28	177	15	83.73	12.84	254	21	28	208	16	79.70	26.50	1	0	DC-AS
released	7	18	3012	loss	0.00	26.77	13.60	0.06	-20.58	-23.34	-22.17	247	16	23	194	15	81.04	16.26	249	30	23	207	25	79.45	30.30	1	0	DC-AS
released	7	19	3005	loss	0.00	37.90	-17.50	-26.05	-32.66	-33.24	-35.21	251	19	26	192	17	71.28	11.96	250	28	28	198	23	76.20	37.40	1	0	DC
released	7	20	2926	loss	0.30	41.82	-1.95	-26.89	-33.72	-36.67	-41.46	242	16	25	186	15	71.64	7.68	243	31	25	196	26	74.65	34.40	1	0	DC-AS
released	7	21	3624	loss	0.00	2.27	17.50	0.42	-7.26	-3.86	-3.08	286	20	36	208	11	92.67	31.84	305	27	36	252	21	87.35	28.90	0	0	DC
released	7	22	2856	loss	0.00	3.62	-1.95	6.80	2.76	0.88	0.25	233	20	29	171	13	89.26	48.80	236	25	29	190	20	73.60	36.70	2	0	DC
released	7	23	3097	loss	0.00	26.25	-1.95	-19.33	-25.01	-25.92	-29.32	257	18	30	200	15	76.29	18.26	257	25	30	219	19	79.65	36.00	0	0	DC
released	7	24	3107	loss	0.00	27.66	-17.50	-18.99	-15.18	-18.96	-22.70	245	12	30	176	8	79.22	13.84	258	30	30	205	24	80.80	41.40	0	0	DC-AS
released	7	25	2787	loss	0.00	36.29	-1.95	-18.79	-19.54	-23.20	-24.85	230	9	27	161	8	77.32	4.16	230	27	26	181	24	77.70	26.10	1	0	DC
released	7	26	3137	loss	0.00	31.76	-1.95	-18.36	-25.07	-29.57	-30.46	260	13	36	201	12	78.38	5.60	261	26	36	215	23	80.95	26.30	0	0	DC
released	7	27	3486	loss	0.00	4.69	-1.95	-0.54	-1.02	-4.86	-9.52	287	19	40	221	16	91.53	15.32	291	25	40	241	21	95.15	20.20	1	0	DC-AS
released	7	28	2929	loss	0.00	10.79	0.00	0.71	1.46	-3.80	-6.16	238	22	34	174	18	91.80	24.66	241	30	33	190	26	83.85	25.50	0	0	DC-AS
released	7	29	3126	loss	0.00	46.29	-28.66	-37.51	-45.46	-44.43	-48.38	258	16	32	202	14	66.66	7.60	261	28	31	227	23	72.95	40.20	0	0	DC
released	7	30	3296	loss	0.00	15.59	-1.95	-5.01	-14.04	-14.13	-17.12	269	15	39	194	11	88.82	18.34	276	18	40	226	15	84.80	22.20	0	0	DC-AS
released	7	31	2204	win	4.57	0.00	29.50	21.90	9.85	5.04	6.27	181	17	16	102	9	114.15	51.72	171	14	15	138	12	58.75	13.90	0	0	DC-AS
released	7	32	3112	loss	0.00	13.39	13.60	0.75	-8.81	-10.21	-10.43	257	16	48	196	13	86.95	26.24	259	24	47	215	20	81.35	29.90	0	0	DC-AS
released	7	33	3382	loss	0.00	9.62	14.75	-5.77	-9.20	-12.53	-11.79	283	25	46	219	21	85.00	35.02	284	28	46	234	21	82.70	38.60	0	0	DC
released	7	34	2079	win	7.21	0.00	-13.60	0.64	9.54	3.83	4.79	174	18	15	118	10	96.25	67.86	166	14	17	127	10	63.80	32.90	0	0	DC
released	8	0	2459	loss	0.00	2.64	31.31	38.96	10.91	5.76	4.23	193	15	21	126	9	118.96	61.92	199	24	21	151	19	50.25	19.20	0		
released	8	1	1842	win	10.23	0.00	15.55	-2.15	10.64	2.83	-1.97	150	16	14	93	10	99.56	54.18	143	19	14	108	17	62.45	23.70	1	0	DC
released	8	2	2728	win	4.08	0.00	18.75	2.05	3.10	1.28	2.00	232	18	20	178	12	92.94	45.84	225	15	20	161	8	74.55	29.20	1	0	DC
released	8	3	3380	loss	0.00	5.03	-17.50	-0.87	-5.28	-1.94	-3.65	268	21	36	191	16	85.22	18.42	281	27	36	222	24	96.55	28.10	0	0	DC
released	8	4	3674	win	0.00	0.00	16.70	-16.20	-18.01	-15.50	-16.65	313	28	41	251	22	86.38	41.34	307	24	41	258	19	87.35	38.40	0	0	DC
released	8	5	3423	loss	0.00	4.27	0.00	-5.69	0.63	-2.50	-4.00	286	16	39	214	11	91.04	18.94	286	24	37	227	21	92.70	24.30	0	0	DC
released	8	6	3539	win	1.37	0.00	-1.95	-12.54	-3.41	-4.19	-4.17	307	24	37	234	18	95.68	17.80	289	18	37	231	15	94.45	16.30	0	0	DC
released	8	7	2931	loss	0.00	13.74	29.85	0.43	-1.16	-1.88	-3.56	238	17	25	161	12	91.59	27.64	242	30	24	186	27	78.30	27.40	0	0	DC
released	8	8	1474	win	15.94	0.00	13.60	15.85	20.60	18.17	19.76	111	7	6	43	0	107.78	60.92	80	6	6	48	2	48.90	13.20	0	0	DC-AS
released	8	9	2219	loss	0.00	15.04	14.75	-3.38	-5.81	-6.57	-4.11	168	18	18	83	13	96.08	34.44	178	20	18	127	16	69.40	27.40	3	0	DC-AS
released	8	10	2950	loss	0.00	55.78	-32.10	-53.65	-57.50	-56.71	-58.96	227	13	24	193	12	54.86	7.12	245	27	24	208	19	70.85	51.00	1	0	DC
released	8	11	3463	loss	0.00	5.58	15.55	-4.49	-12.81	-11.89	-13.03	287	29	37	226	23	81.51	35.56	291	26	38	248	19	86.85	40.60	0	0	DC
released	8	12	3312	loss	0.00	31.42	-17.33	-26.58	-32.73	-34.24	-36.17	267	17	32	213	15	67.88	17.74	277	26	30	228	20	78.85	46.50	0	0	DC
released	8	13	2774	loss	0.00	0.82	26.75	40.55	13.85	2.45	2.99	223	17	30	152	11	113.85	63.68	229	21	31	208	19	59.75	19.70	0	0	DC-AS
released	8	14	2800	loss	0.00	21.48	1.95	-9.99	-16.91	-14.97	-13.62	224	19	35	154	12	79.65	24.46	229	26	35	183	19	79.55	37.80	1	0	DC
released	8	15	3189	win	1.01	0.00	15.55	12.25	1.64	0.14	0.45	273	25	35	201	18	102.70	33.80	264	24	34	215	22	80.60	18.80	0	0	DC
released	8	16	2199	loss	0.00	47.54	0.00	-18.86	-32.48	-33.21	-32.41	175	9	24	119	8	76.75	5.08	175	23	24	135	18	66.45	27.30	0	0	DC-AS
released	8	17	3058	double	0.00	0.00	-1.95	19.05	8.33	3.26	1.88	240	13	23	178	8	104.04	41.26	230	18	23	188	14	73.90	22.30	1	0	DC-AS
released	8	18	793	win	39.10	0.00	15.55	20.85	44.10	39.10	39.10	54	6	1	0	0	92.78	54.30	49	2	1	16	2	47.05	1.20	0	0	DC-AS
released	8	19	3368	loss	0.00	16.95	-17.50	-13.84	-17.57	-17.24	-14.78	281	16	37	209	9	83.55	18.66	281	24	37	231	20	84.75	29.40	0	0	DC-AS
released	8	20	3097	loss	0.00	2.65	0.00	7.60	4.05	-1.34	-3.93	252	16	33	203	14	102.29	25.00	256	23	33	213	22	83.00	14.20	0	0	DC-AS
released	8	21	3474	loss	0.00	13.96	1.95	-11.00	-13.88	-13.74	-14.30	284	20	38	209	15	87.48	13.16	289	27	36	239	22	89.85	24.50	0	0	DC
released	8	22	3190	loss	0.00	8.68	15.55	7.65	1.95	-6.54	-5.53	263	19	29	200	15	95.09	22.82	264	26	29	212	22	84.10	20.80	0	0	DC-AS
released	8	23	3271	loss	0.30	24.11	-15.55	-19.83	-24.60	-20.57	-22.23	273	18	36	204	12	76.11	23.18	273	26	36	225	20	79.65	40.10	0	0	DC
released	8	24	3385	win	0.07	0.00	27.90	8.40	-0.97	3.61	0.33	284	24	35	211	15	99.55	45.34	270	24	36	210	18	82.70	24.30	0	0	DC-AS
released	8	25	3239	loss	0.00	20.92	-15.55	-25.99	-23.71	-22.54	-19.28	250	22	34	181	16	79.91	26.62	270	23	33	218	16	79.00	39.20	0	0	DC-AS
released	8	26	2875	loss	0.00	42.63	-31.05	-35.84	-41.33	-38.91	-41.45	239	16	21	191	14	67.55	19.34	238	24	22	196	19	68.00	45.70	0	0	DC-AS
released	8	27	2873	loss	0.00	33.20	-15.55	-11.03	-19.25	-23.74	-24.59	212	8	23	155	7	74.09	12.50	237	31	23	194	27	78.45	34.40	1	0	DC
released	8	28	3122	loss	0.00	36.12	0.00	-30.36	-39.14	-37.80	-34.45	259	26	33	207	22	72.61	13.88	260	36	31	224	29	77.00	39.40	0	0	DC
released	8	29	3076	loss	0.00	32.67	-1.00	-23.79	-26.79	-28.95	-30.71	247	19	27	185	16	69.45	24.02	256	30	27	217	26	73.60	46.10	2	0	DC-AS
released	8	30	2513	win	3.73	0.00	0.00	16.70	7.93	3.49	2.39	210	17	20	154	11	101.80	53.98	199	16	20	167	14	64.35	27.80	0	0	DC-AS
released	8	31	3615	loss	0.00	4.56	0.00	-11.23	-10.58	-12.00	-11.34	294	24	39	226	21	91.06	22.22	304	22	39	259	18	91.50	24.70	0	0	DC
released	8	32	2827	loss	0.00	23.98	-15.55	-15.06	-15.78	-17.07	-18.11	230	19	34	171	15	78.31	28.64	233	33	33	188	28	74.65	42.00	0	0	DC
released	8	33	3344	loss	0.00	13.73	-1.95	-11.59	-11.00	-13.95	-13.17	279	14	38	215	11	83.94	20.62	279	22	38	234	18	86.95	30.60	0	0	DC
released	8	34	3007	loss	0.00	36.82	-32.56	-32.21	-29.38	-31.76	-30.69	250	17	29	188	11	68.63	30.24	251	29	28	205	22	72.65	47.50	1	0	DC
released	9	0	2637	double	0.00	0.00	30.88	41.83	30.68	6.30	5.45	193	15	21	117	8	125.58	63.92	204	21	21	176	20	46.28	13.80	0		
released	9	1	3572	loss	0.00	10.46	0.00	-24.17	-16.72	-17.37	-17.66	293	26	36	229	21	75.55	23.30	298	23	36	253	20	92.70	41.10	0	0	DC
released	9	2	2931	loss	0.00	17.41	1.95	-7.34	-8.88	-8.81	-11.90	241	17	24	175	12	83.54	29.08	242	28	24	191	22	76.60	32.70	0	0	DC
released	9	3	2558	win	2.93	0.00	15.55	26.05	1.38	2.62	7.47	215	19	28	124	7	110.22	45.46	192	18	27	148	15	67.20	16.70	1	0	DC
released	9	4	3051	loss	0.00	13.08	-17.16	-3.07	-4.54	-6.91	-4.99	253	21	30	175	13	81.94	31.68	252	31	30	199	27	81.50	38.80	1	0	DC
released	9	5	3154	loss	0.00	7.97	0.00	-0.66	0.07	2.28	-4.17	251	14	29	184	10	94.14	20.50	263	24	28	197	21	86.55	20.30	0	0	DC
released	9	6	2774	loss	0.00	47.88	-15.55	-34.87	-39.48	-43.35	-42.79	221	14	24	170	13	62.70	6.32	229	29	25	180	22	73.95	40.80	0	0	DC
released	9	7	2747	loss	0.00	30.24	-1.95	-17.16	-17.21	-20.94	-22.93	225	13	23	159	11	81.99	6.80	225	24	23	175	23	79.15	23.50	0	0	DC
released	9	8	3110	loss	0.00	7.11	17.50	5.70	-3.29	-6.01	-3.04	256	24	26	187	17	93.59	30.92	258	32	26	210	28	81.80	26.40	1	0	DC
released	9	9	2997	loss	0.00	42.61	-32.25	-32.04	-29.60	-36.12	-37.01	231	11	33	171	10	68.70	6.08	249	29	34	193	25	75.75	36.40	1	0	DC
released	9	10	3331	win	0.38	0.00	-1.95	-2.99	0.54	2.60	0.76	287	19	30	210	12	100.47	21.16	273	19	30	218	16	90.45	15.00	1	0	DC
released	9	11	3626	loss	0.00	8.25	13.60	-17.41	-18.50	-14.95	-11.34	306	28	40	225	18	84.32	28.94	306	25	40	248	20	87.00	36.00	0	0	DC
released	9	12	2991	loss	0.00	24.79	-1.95	-16.43	-15.97	-17.13	-19.70	246	17	41	176	13	81.42	15.16	248	27	41	197	23	81.50	30.50	0	0	DC
released	9	13	3324	loss	0.00	2.93	-15.55	-7.50	3.09	0.77	-2.15	258	25	26	192	17	89.55	32.10	276	33	26	219	27	88.80	33.70	0	0	DC
released	9	14	3436	loss	0.00	31.50	-32.95	-35.90	-36.05	-33.42	-33.96	288	23	30	213	17	74.57	17.48	289	26	32	236	21	77.45	39.00	1	0	DC
released	9	15	1810	win	9.02	0.00	29.15	41.55	28.30	12.25	7.45	144	12	21	66	5	118.63	57.00	143	13	21	117	13	48.95	7.80	0	0	DC
released	9	16	2663	loss	0.00	34.24	-47.11	-22.65	-25.29	-29.03	-28.12	219	17	24	155	12	74.32	25.62	219	18	24	167	12	67.75	42.50	0	0	DC-AS
released	9	17	2717	win	0.00	0.00	28.35	16.65	18.72	4.06	1.26	224	16	22	164	12	111.17	43.60	203	19	22	157	16	68.55	15.80	0	0	DC-AS
released	9	18	3346	loss	0.00	37.30	-31.75	-38.33	-35.49	-39.14	-37.86	271	20	32	210	16	71.51	13.52	281	29	32	238	24	75.75	39.20	0	0	DC-AS
released	9	19	3386	loss	0.00	7.41	31.10	13.65	-5.17	-6.20	-7.58	263	15	31	199	10	95.32	28.08	284	26	33	234	21	82.90	22.00	0	0	DC
released	9	20	3051	loss	0.00	11.93	1.95	1.54	-5.07	-6.77	-7.80	252	15	29	191	10	84.97	27.20	253	28	30	206	22	83.65	32.60	0	0	DC-AS
released	9	21	2847	loss	0.00	16.17	29.50	2.80	-9.44	-7.44	-6.24	225	21	26	167	16	87.06	38.18	236	34	27	195	29	72.60	38.20	0	0	DC
released	9	22	3157	loss	0.00	19.21	-1.95	-9.52	-17.57	-15.65	-14.70	262	17	34	193	11	84.07	12.92	262	27	34	217	20	86.90	25.70	0	0	DC
released	9	23	3548	double	0.00	0.00	15.55	12.95	2.21	0.29	0.90	252	18	28	163	12	101.74	29.32	267	21	28	206	18	83.55	17.40	0	0	DC-AS
released	9	24	3179	loss	0.00	32.69	-15.55	-25.87	-26.73	-30.40	-32.60	265	20	36	201	18	77.46	9.68	265	28	36	218	24	78.95	30.30	0	0	DC-AS
released	9	25	911	win	29.89	0.00	15.55	24.70	16.50	33.74	29.89	63	7	4	0	0	98.09	60.84	61	8	4	22	7	45.75	9.10	0	0	DC-AS
released	9	26	3702	loss	0.00	21.06	-15.55	-35.49	-24.72	-31.39	-29.28	310	30	32	245	25	78.79	20.28	313	26	32	258	22	83.55	37.00	0	0	DC-AS
released	9	27	1107	win	21.53	0.00	31.45	24.80	26.65	17.93	22.23	80	9	5	15	1	109.14	63.66	77	9	5	46	7	43.15	8.60	0	0	DC
released	9	28	3110	loss	0.00	39.33	-15.55	-31.48	-35.36	-36.13	-38.39	258	17	25	197	15	71.01	8.12	260	27	25	219	23	76.40	35.60	1	0	DC-AS
released	9	29	3308	loss	0.00	13.85	-17.50	-18.11	-24.09	-24.97	-26.25	262	18	26	192	16	86.95	17.58	277	21	26	230	18	84.65	23.30	0	0	DC-AS
released	9	30	3407	loss	0.00	32.53	-15.55	-33.15	-28.94	-35.11	-36.24	281	15	43	221	11	74.04	11.56	287	25	43	240	19	79.45	35.20	0	0	DC-AS
released	9	31	3106	loss	0.00	26.85	-15.55	-26.15	-17.14	-20.82	-22.79	258	17	34	190	11	76.33	19.26	259	29	33	208	23	78.05	39.20	0	0	DC-AS
released	9	32	3053	loss	0.00	7.08	17.50	20.65	1.29	-1.98	-3.31	249	17	31	190	13	98.79	27.84	254	26	32	202	22	79.90	19.20	0	0	DC-AS
released	9	33	3462	loss	0.00	4.00	1.95	1.20	-5.51	-4.16	-6.84	282	26	31	212	20	91.34	30.54	289	29	32	233	25	89.05	28.40	0	0	DC-AS
released	9	34	2823	loss	0.00	43.95	-15.55	-39.75	-39.57	-39.64	-39.68	233	22	23	180	20	70.55	14.86	234	30	23	194	24	70.60	41.10	0	0	DC
released	10	0	2240	win	7.36	0.00	27.55	35.30	4.30	5.94	3.40	184	20	21	122	12	110.33	75.22	176	21	21	130	14	51.34	23.20	2		
released	10	1	2670	win	3.21	0.00	35.10	22.00	3.66	7.20	2.87	224	15	31	157	8	107.12	46.88	220	14	31	164	11	67.50	19.10	0	0	DC
released	10	2	2470	loss	0.00	5.18	13.60	5.88	6.38	1.28	-0.05	189	12	19	132	6	97.18	44.36	201	23	18	162	21	71.15	32.00	0	0	DC
released	10	3	3006	win	0.59	0.00	0.00	0.71	1.66	3.24	1.97	252	20	37	175	16	92.59	20.94	245	20	37	188	19	93.85	21.10	0	0	DC
released	10	4	3148	loss	0.00	12.13	29.50	-1.48	-11.52	-9.46	-9.33	262	21	42	202	14	81.27	36.62	262	29	42	213	21	82.90	43.40	1	0	DC
released	10	5	3189	double	0.00	0.00	15.55	7.65	0.32	5.23	1.95	241	21	19	165	15	95.91	31.24	248	22	19	186	20	85.80	24.30	0	0	DC
released	10	6	2785	loss	0.00	21.40	-30.61	-7.90	-5.74	-14.42	-15.53	227	15	34	166	10	79.39	24.54	228	26	34	179	21	80.10	38.60	1	1	DC
released	10	7	3392	loss	0.00	5.82	-1.95	-10.53	-7.62	-4.27	-3.19	284	14	33	202	8	87.96	20.30	284	20	33	214	17	91.60	25.80	0	1	DC
released	10	8	3443	loss	0.00	11.09	-1.95	-12.13	-14.41	-13.15	-14.32	271	22	33	198	17	85.31	22.22	286	25	32	236	21	87.90	30.40	1	0	DC-AS
released	10	9	2891	loss	0.00	15.72	1.95	-2.20	-2.17	-10.31	-11.12	237	21	25	174	16	82.32	30.80	239	31	26	193	27	79.45	38.40	0	0	DC
released	10	10	3432	double	0.00	0.00	28.70	11.25	1.44	-5.31	0.92	273	25	28	196	20	101.67	34.12	270	25	29	216	21	81.60	21.00	0	0	DC
released	10	11	3556	loss	0.00	7.20	-15.55	-7.55	-12.34	-12.58	-8.97	300	23	41	225	15	83.17	29.46	300	24	41	250	18	88.80	37.80	0	0	DC
released	10	12	2690	loss	0.00	46.20	-15.55	-38.79	-38.48	-41.39	-45.03	223	15	20	184	11	59.95	14.42	222	28	20	187	23	72.60	50.40	0	0	DC-AS
released	10	13	2968	loss	0.00	25.27	0.00	-5.69	-12.97	-17.26	-19.33	246	10	28	183	8	76.23	20.18	247	26	29	197	22	79.85	37.00	0	0	DC-AS
released	10	14	3108	loss	0.00	41.51	-17.50	-41.41	-32.99	-34.20	-37.79	258	12	37	187	8	71.78	9.04	260	26	36	220	23	72.70	36.60	0	0	DC
released	10	15	3259	loss	0.00	9.85	15.55	5.70	-3.94	-11.18	-14.13	270	26	40	208	25	91.58	20.34	272	30	40	218	27	86.30	22.00	1	0	DC
released	10	16	3773	loss	0.00	11.53	-30.61	-14.62	-15.60	-19.69	-18.34	307	22	44	237	19	82.08	19.04	317	23	44	265	20	90.75	32.80	0	0	DC-AS
released	10	17	3422	loss	0.00	8.88	-1.95	0.25	-10.18	-11.56	-11.89	287	22	26	224	18	87.74	29.36	285	26	27	239	21	84.45	32.30	0	0	DC-AS
released	10	18	2876	loss	0.00	13.63	27.90	9.25	-3.05	-5.51	-7.45	230	18	29	172	14	91.26	36.34	238	32	28	200	27	74.00	32.30	1	0	DC
released	10	19	2909	loss	0.00	24.79	17.50	-8.15	-17.86	-15.30	-14.47	239	15	33	170	10	82.11	18.82	241	31	32	195	26	78.85	31.60	0	0	DC
released	10	20	3056	win	0.54	0.00	17.50	-0.10	-11.43	1.05	-0.08	262	26	27	194	21	96.20	41.62	251	28	27	196	22	80.85	30.20	1	0	DC-AS
released	10	21	3024	loss	0.00	3.43	15.55	18.25	2.10	1.15	0.31	247	21	28	184	17	103.59	28.36	251	25	28	200	25	79.45	15.00	0	0	DC
released	10	22	2880	loss	0.00	26.26	14.75	-13.12	-20.74	-18.85	-21.12	237	20	32	171	16	77.57	27.92	240	30	32	194	24	74.60	40.90	0	0	DC
released	10	23	2660	loss	0.00	30.54	0.00	-23.11	-30.69	-31.22	-33.34	218	14	21	164	11	75.11	18.94	219	28	21	177	20	73.35	32.30	1	0	DC
released	10	24	2422	loss	0.00	41.72	-1.95	-21.64	-27.45	-30.28	-31.19	196	13	18	126	10	79.87	9.88	196	20	18	154	17	67.30	27.40	0	0	DC
released	10	25	3063	loss	0.00	1.01	13.60	-0.94	4.19	1.63	-0.61	252	16	27	193	10	96.82	41.54	254	22	28	198	16	78.60	29.80	1	0	DC
released	10	26	976	win	20.49	0.00	15.55	31.10	34.15	23.53	20.49	68	7	6	0	0	111.03	58.98	68	6	6	25	3	44.60	4.80	0	0	DC
released	10	27	3097	loss	0.00	32.11	-15.55	-31.95	-30.15	-30.50	-32.37	259	22	30	198	16	74.92	19.96	259	30	30	213	23	75.25	40.20	0	0	DC-AS
released	10	28	3257	loss	0.00	0.55	13.60	4.95	2.48	-1.60	0.38	265	14	36	211	12	102.73	24.84	270	19	37	218	17	84.80	13.00	0	0	DC-AS
released	10	29	3342	loss	0.00	32.53	-30.24	-30.94	-35.90	-36.28	-37.99	281	19	40	225	16	69.74	23.92	282	25	41	241	20	74.20	45.50	1	0	DC
released	10	30	3006	loss	0.00	19.25	0.00	-8.44	-16.72	-18.57	-16.47	248	22	29	186	17	82.49	23.34	249	27	29	205	21	81.25	33.70	0	0	DC
released	10	31	2846	loss	0.00	3.35	30.30	29.25	3.38	2.40	-0.05	222	20	26	154	14	105.98	39.26	237	29	26	179	26	72.25	19.80	0	0	DC
released	10	32	3138	loss	0.00	13.64	0.00	0.39	-9.31	-12.55	-12.39	244	16	33	194	12	80.77	29.12	261	26	34	216	20	83.45	38.20	0	0	DC
released	10	33	2424	win	0.97	0.00	13.60	12.30	2.70	-3.98	-3.43	202	16	22	154	12	109.12	43.72	196	21	22	154	18	69.10	17.00	0	0	DC
released	10	34	2876	loss	0.00	8.51	-1.95	21.95	-1.10	-1.78	-1.51	224	16	25	175	13	93.07	35.02	236	30	25	192	25	77.20	29.50	0	0	DC-AS
lead-aware	1	0	3620	win	47.20	0.00	48.71	52.81	53.06	50.71	49.36	324	33	31	319	30	44.80	47.40	291	35	31	218	25	80.95	37.70	0		
lead-aware	1	1	2761	win	30.88	0.00	-5.40	12.90	36.35	35.50	34.65	233	26	30	208	23	71.65	44.60	225	23	31	204	22	71.55	22.90	0	0	DC
lead-aware	1	2	4396	win	24.70	0.00	-1.95	15.00	16.10	16.80	17.35	388	36	47	369	35	73.95	23.70	370	30	47	351	30	89.70	18.00	1	0	DC
lead-aware	1	3	4210	win	5.90	0.00	15.55	0.20	-0.65	-0.45	1.15	370	33	47	348	31	77.70	31.80	359	32	46	337	30	92.65	37.40	0	1	DC
lead-aware	1	4	4669	win	25.00	0.00	-1.95	10.40	11.80	13.75	14.65	412	33	64	393	32	76.35	22.50	401	23	65	384	23	88.35	13.80	0	1	DC
lead-aware	1	5	1237	loss	0.00	56.65	-31.10	-60.70	-55.80	-57.35	-55.75	86	11	9	61	10	54.85	13.70	88	16	8	58	10	63.40	64.20	0	1	DC
lead-aware	1	6	5216	win	10.05	0.00	1.95	17.95	15.50	15.70	15.20	459	29	58	444	27	73.65	30.20	447	45	57	431	44	95.85	36.10	0	1	DC
lead-aware	1	7	4874	win	34.65	0.00	32.20	32.40	31.90	32.10	31.95	436	33	59	424	31	66.85	31.80	417	33	59	405	33	83.35	19.80	0	1	DC
lead-aware	1	8	1597	loss	0.00	38.70	-17.50	-14.55	-35.75	-38.55	-39.05	118	7	12	77	5	87.65	21.40	122	12	12	101	10	56.10	25.40	0	1	DC
lead-aware	1	9	5661	win	0.15	0.00	15.55	14.70	13.75	11.50	7.85	502	39	59	485	38	82.30	24.90	489	59	58	472	59	101.55	35.40	0	1	DC-AS
lead-aware	1	10	5303	win	0.10	0.00	-15.55	1.40	0.20	-0.15	1.45	465	29	75	446	28	81.65	20.90	455	40	74	436	39	102.45	33.10	0	1	DC
lead-aware	1	11	4721	win	18.20	0.00	12.85	22.40	21.55	19.65	19.15	418	31	53	399	29	78.00	31.00	405	37	54	391	37	85.95	22.20	1	1	DC-AS
lead-aware	1	12	2699	win	4.55	0.00	-13.60	-19.15	3.25	3.80	3.45	230	27	28	195	24	88.80	38.70	213	22	28	185	20	82.35	31.40	0	1	DC
lead-aware	1	13	1580	loss	0.00	29.55	-31.10	-19.15	-30.80	-31.40	-29.80	116	9	16	77	8	83.75	12.90	118	11	16	84	9	73.30	24.80	0	1	DC-AS
lead-aware	1	14	2598	loss	0.00	28.35	-1.95	-0.75	-0.55	0.95	0.10	202	9	33	162	9	94.20	3.60	212	15	33	185	15	74.80	9.00	0	1	DC-AS
lead-aware	1	15	5201	win	20.45	0.00	1.95	31.10	31.65	33.25	34.15	461	31	58	446	29	73.85	31.00	426	43	58	412	43	89.10	25.80	1	1	DC-AS
lead-aware	1	16	4798	win	9.40	0.00	-1.95	14.10	14.65	13.45	14.00	426	34	54	405	33	81.45	22.90	402	41	57	382	41	96.30	24.60	0	1	DC-AS
lead-aware	1	17	1813	loss	0.00	19.00	-17.50	-2.35	-2.50	-16.45	-16.80	136	7	26	91	5	96.85	21.40	139	13	26	105	12	70.85	16.90	1	1	DC-AS
lead-aware	1	18	3448	win	4.80	0.00	-15.55	-15.55	-1.45	1.70	3.30	298	23	34	267	22	87.15	18.50	277	19	34	246	18	95.75	20.50	0	1	DC-AS
lead-aware	1	19	1369	loss	0.00	21.80	0.00	-1.95	-21.85	-18.20	-20.80	94	5	12	49	3	93.70	20.60	98	10	12	63	8	70.50	19.40	0	1	DC-AS
lead-aware	1	20	1030	loss	0.00	74.05	1.95	-76.20	-74.25	-72.65	-74.05	67	6	9	43	6	51.10	2.40	70	7	9	46	2	53.70	49.70	0	1	DC-AS
lead-aware	1	21	5429	win	7.95	0.00	0.00	15.15	15.60	16.50	16.70	482	38	72	466	37	77.80	24.50	465	52	71	449	52	98.55	31.20	1	1	DC-AS
lead-aware	1	22	1466	loss	0.00	35.50	-1.95	-7.25	-34.15	-33.60	-32.45	106	6	12	67	5	82.75	11.70	108	11	13	73	9	69.60	20.00	0	1	DC-AS
lead-aware	1	23	3687	win	2.16	0.00	-48.60	0.15	1.75	2.65	3.10	322	33	45	297	30	77.89	41.10	310	32	45	286	29	89.70	46.50	0	1	DC-AS
lead-aware	1	24	1972	loss	0.00	1.75	-15.55	-10.25	-17.65	-1.60	1.40	147	14	24	103	10	94.70	42.80	155	18	24	119	15	76.75	32.20	0	1	DC
lead-aware	1	25	3691	loss	0.00	12.40	-3.00	4.85	5.55	2.95	3.50	304	17	48	270	15	93.30	25.40	312	34	48	290	34	77.50	20.40	2	1	DC
lead-aware	1	26	5165	win	20.65	0.00	23.90	25.25	23.35	24.60	22.00	459	45	67	444	43	73.65	36.60	447	51	66	435	51	86.25	30.60	1	1	DC
lead-aware	1	27	1499	loss	0.00	27.20	0.00	-31.10	-27.15	-26.95	-25.70	108	9	11	71	7	79.25	22.20	111	13	11	79	10	72.65	35.10	0	1	DC
lead-aware	1	28	4531	win	14.27	0.00	0.00	15.05	16.65	17.20	19.50	400	31	54	381	29	74.33	31.00	389	38	53	371	37	90.75	31.90	0	1	DC
lead-aware	1	29	1217	loss	0.00	38.35	0.00	-15.55	-39.00	-38.30	-37.75	84	5	10	48	4	76.05	11.30	86	7	10	54	4	69.70	31.50	0	1	DC-AS
lead-aware	1	30	5351	win	8.30	0.00	15.55	9.65	12.30	12.50	10.95	468	31	53	449	30	81.95	21.70	461	41	53	445	41	97.15	24.60	1	1	DC
lead-aware	1	31	3353	win	10.17	0.00	-15.55	-0.60	-0.75	-5.95	1.25	291	24	39	262	20	82.16	43.26	281	29	38	258	27	80.35	35.60	0	1	DC
lead-aware	1	32	3076	loss	0.00	7.40	0.00	-9.90	2.35	4.45	2.90	251	18	32	214	16	93.55	25.80	256	24	32	229	23	83.00	23.50	0	1	DC
lead-aware	1	33	860	loss	0.00	49.10	-31.10	-31.10	-50.05	-49.10	-49.10	50	2	7	17	1	66.05	10.10	53	7	7	21	3	65.55	40.60	0	1	DC
lead-aware	1	34	5359	win	4.55	0.00	0.00	12.70	12.80	13.35	13.55	477	35	55	460	33	79.15	32.60	451	49	54	436	48	94.65	38.50	0	1	DC
lead-aware	2	0	3580	win	54.12	0.00	47.74	54.14	57.59	59.19	55.89	315	26	30	305	23	56.68	44.60	288	26	30	251	25	68.34	16.80	1		
lead-aware	2	1	1608	loss	0.00	13.15	0.00	-31.10	-19.40	-17.35	-17.85	119	9	11	82	7	80.35	22.20	120	7	11	75	4	84.00	31.50	0	0	DC
lead-aware	2	2	5419	win	20.50	0.00	24.05	23.65	24.55	24.05	23.85	482	41	60	468	39	74.10	35.00	452	45	60	441	45	86.00	27.00	0	0	DC
lead-aware	2	3	5317	win	0.30	0.00	10.15	-0.05	-1.95	-0.35	2.30	472	32	59	450	30	87.90	31.40	456	39	58	443	38	91.80	32.50	0	0	DC
lead-aware	2	4	1203	loss	0.00	35.30	-1.95	-20.55	-26.20	-34.10	-35.30	77	4	11	33	3	89.10	10.90	84	8	11	50	6	65.80	18.20	0	0	DC-AS
lead-aware	2	5	1490	loss	0.00	34.10	1.95	-14.10	-24.60	-34.90	-33.30	100	2	18	53	2	96.95	0.80	111	7	18	81	7	68.25	4.20	2	0	DC
lead-aware	2	6	1365	loss	0.00	33.45	1.95	-31.10	-33.50	-31.90	-34.85	97	13	7	62	12	74.45	14.50	98	13	7	65	10	74.10	35.10	0	0	DC
lead-aware	2	7	4865	loss	0.00	1.25	-15.55	0.10	-1.45	-4.85	7.55	419	31	44	397	29	82.60	31.00	418	47	44	400	46	95.10	37.30	1	0	DC
lead-aware	2	8	1043	loss	0.00	49.40	0.00	-44.80	-48.25	-45.95	-49.40	71	5	10	42	3	61.80	20.60	71	9	10	43	4	61.05	50.90	0	0	DC
lead-aware	2	9	1757	loss	0.00	18.50	0.00	-2.35	-6.55	-18.05	-16.70	123	7	10	77	5	97.40	21.40	134	12	10	100	11	70.90	16.30	0	0	DC
lead-aware	2	10	4453	win	13.15	0.00	-1.95	4.70	5.05	8.40	8.25	391	35	49	366	34	86.40	23.30	379	27	49	361	27	89.25	16.20	0	0	DC
lead-aware	2	11	5360	win	17.00	0.00	28.00	26.45	23.65	23.40	22.90	471	29	40	458	27	72.20	30.20	462	46	40	450	46	90.90	27.60	0	0	DC
lead-aware	2	12	5213	win	2.75	0.00	14.50	13.35	12.50	12.00	11.50	460	38	56	440	37	87.20	24.50	446	46	55	428	46	96.10	27.60	0	0	DC
lead-aware	2	13	1498	win	16.05	0.00	-15.55	-17.50	16.75	15.70	17.20	120	8	10	81	4	84.15	40.40	108	7	10	69	5	73.80	22.40	0	0	DC-AS
lead-aware	2	14	1080	loss	0.00	46.70	0.00	-33.05	-47.20	-47.35	-46.70	73	5	11	41	4	66.50	11.30	73	7	11	42	3	66.75	40.60	0	0	DC
lead-aware	2	15	4985	win	5.15	0.00	-1.95	21.80	20.95	19.75	19.25	439	38	39	416	36	88.55	33.80	401	48	39	385	48	88.15	28.80	0	0	DC
lead-aware	2	16	4745	win	17.10	0.00	-1.95	11.45	10.60	13.60	15.55	419	36	59	400	35	77.05	23.70	405	37	59	387	37	93.15	22.20	1	0	DC-AS
lead-aware	2	17	2837	loss	0.00	28.00	-3.00	-0.50	-1.35	0.95	1.15	232	19	18	200	17	83.45	26.20	234	34	18	214	32	69.50	33.80	1	0	DC-AS
lead-aware	2	18	4957	win	9.97	0.00	0.00	16.10	15.60	16.15	13.55	439	31	62	419	30	82.08	21.70	422	39	62	404	39	95.70	23.40	0	0	DC
lead-aware	2	19	4820	win	25.65	0.00	15.70	27.20	25.65	25.85	25.95	428	30	65	414	27	68.70	39.90	399	37	64	386	36	82.45	31.30	0	0	DC
lead-aware	2	20	4769	win	4.80	0.00	0.00	9.50	8.30	7.10	7.65	419	32	55	401	29	76.25	40.70	410	45	55	394	43	90.30	45.20	0	0	DC
lead-aware	2	21	5069	win	9.32	0.00	0.00	3.40	3.60	5.20	5.75	442	39	46	420	38	84.90	24.90	433	37	47	417	37	92.15	22.20	0	0	DC-AS
lead-aware	2	22	4973	win	27.96	0.00	45.00	44.50	42.85	41.65	42.55	441	37	47	427	34	72.79	42.70	411	46	47	402	46	77.85	27.60	0	0	DC
lead-aware	2	23	1459	loss	0.00	13.45	-17.50	-13.80	-14.95	-12.55	-12.35	103	7	7	56	4	97.25	30.70	107	14	7	71	12	70.55	21.80	0	0	DC
lead-aware	2	24	1569	loss	0.00	31.90	-15.55	-33.05	-35.30	-34.15	-32.20	117	9	13	82	8	76.45	12.90	116	8	13	84	5	75.00	32.10	0	0	DC
lead-aware	2	25	1409	loss	0.00	33.55	-17.50	-31.10	-33.50	-32.95	-31.80	101	9	13	66	8	74.85	12.90	102	11	13	69	8	74.70	33.90	0	0	DC-AS
lead-aware	2	26	613	loss	0.00	72.65	-64.15	-62.20	-72.65	-72.65	-72.65	32	1	3	5	1	53.15	0.40	32	5	3	3	0	56.20	48.50	0	0	DC-AS
lead-aware	2	27	2155	win	9.00	0.00	0.00	-11.70	9.30	8.45	8.65	179	21	23	138	17	93.75	45.60	168	18	23	133	17	77.80	19.90	0	0	DC-AS
lead-aware	2	28	2886	win	22.85	0.00	0.00	-1.65	0.65	-0.65	-9.05	247	19	29	215	17	84.95	26.20	237	15	28	208	15	80.55	9.00	0	0	DC
lead-aware	2	29	1638	loss	0.00	20.85	0.00	-15.55	-25.85	-24.95	-23.70	110	11	12	72	9	81.30	23.00	123	10	12	87	7	77.25	33.30	0	0	DC
lead-aware	2	30	4788	win	24.50	0.00	17.50	12.85	12.35	11.15	8.90	424	46	54	407	45	73.85	27.70	401	35	55	384	35	88.35	21.00	0	0	DC
lead-aware	2	31	4462	loss	0.00	0.65	0.00	0.25	4.35	7.35	5.10	367	29	54	340	27	86.65	30.20	380	41	54	360	40	93.00	33.70	0	1	DC
lead-aware	2	32	1379	loss	0.00	35.65	0.00	-17.30	-36.10	-33.10	-36.75	100	9	16	65	8	74.75	12.90	100	11	16	68	8	72.60	33.90	0	1	DC-AS
lead-aware	2	33	3945	win	29.21	0.00	0.00	31.50	33.00	32.85	34.80	346	27	42	325	25	71.99	29.40	323	31	41	303	31	84.45	18.60	0	1	DC
lead-aware	2	34	1611	loss	0.00	30.20	-15.55	-32.15	-32.25	-32.75	-33.80	119	8	20	83	8	79.55	3.20	120	9	19	85	7	81.00	23.60	0	1	DC
lead-aware	3	0	3726	win	50.43	0.00	44.25	46.90	48.50	46.95	50.45	328	31	42	317	28	60.27	46.60	303	26	42	282	25	67.50	18.40	2		
lead-aware	3	1	3802	loss	0.00	1.15	-13.60	0.85	2.25	2.80	1.25	320	18	47	295	15	79.38	35.10	321	26	48	296	23	92.05	42.90	0	0	DC
lead-aware	3	2	3621	win	42.57	0.00	15.55	28.80	26.55	25.55	25.75	318	28	32	300	25	66.38	40.48	306	28	32	290	28	73.10	16.80	0	0	DC
lead-aware	3	3	5160	win	4.80	0.00	17.50	6.40	5.90	1.80	4.45	457	32	64	434	31	88.75	22.10	435	37	63	417	37	94.45	22.20	0	0	DC
lead-aware	3	4	712	loss	0.00	53.20	-1.95	-31.10	-53.20	-53.20	-53.20	39	0	4	3	0	70.50	0.00	39	5	4	6	2	65.25	30.30	0	0	DC
lead-aware	3	5	4685	win	29.55	0.00	13.60	30.05	28.85	28.00	26.85	415	27	58	400	25	69.25	29.40	404	35	57	390	35	85.80	21.00	0	0	DC
lead-aware	3	6	1498	loss	0.00	21.45	15.55	-16.35	-20.80	-20.60	-21.20	109	6	11	69	4	84.90	21.00	111	10	11	74	7	75.85	28.50	0	0	DC
lead-aware	3	7	5679	win	16.70	0.00	31.00	31.55	33.15	33.70	34.25	506	36	55	494	34	72.80	33.00	467	55	53	455	55	91.65	33.00	0	0	DC
lead-aware	3	8	2116	loss	0.00	0.50	0.00	-14.10	-19.95	-0.50	-3.80	160	9	21	113	6	102.95	31.50	167	13	21	135	12	79.25	16.90	0	0	DC
lead-aware	3	9	4211	win	25.87	0.00	0.00	34.45	32.90	32.40	32.25	371	35	47	352	33	71.73	32.60	355	41	46	337	41	85.65	24.60	0	0	DC
lead-aware	3	10	4685	win	9.39	0.00	17.50	14.20	12.30	13.20	14.10	413	28	55	393	26	78.21	29.80	402	38	55	383	37	92.90	31.90	1	0	DC
lead-aware	3	11	4841	win	15.75	0.00	14.75	15.90	15.40	11.65	12.55	428	36	50	411	34	76.35	33.00	412	34	51	395	33	88.40	29.50	0	0	DC
lead-aware	3	12	4093	loss	0.00	15.70	-1.95	-1.90	-1.35	-1.60	1.40	342	27	32	314	27	87.05	10.80	346	36	32	325	36	89.70	21.60	0	0	DC-AS
lead-aware	3	13	1329	loss	0.00	36.60	-3.00	-15.45	-28.65	-37.80	-38.50	72	2	6	32	1	81.20	10.10	96	8	6	63	5	68.30	22.50	0	0	DC
lead-aware	3	14	5312	win	0.10	0.00	14.75	8.10	8.65	9.90	10.80	461	30	59	440	28	88.10	30.60	451	39	58	436	38	92.25	32.50	0	0	DC
lead-aware	3	15	4980	win	18.55	0.00	15.55	31.05	30.40	32.00	29.40	442	29	59	427	27	71.95	30.20	428	46	58	413	46	90.40	27.60	0	0	DC
lead-aware	3	16	3970	win	14.37	0.00	-13.60	12.90	13.35	14.95	15.15	348	34	36	324	32	78.63	32.20	322	32	38	300	31	87.90	28.30	1	0	DC-AS
lead-aware	3	17	1687	loss	0.00	30.15	-34.10	-36.05	-33.05	-32.60	-34.15	113	7	15	78	7	76.05	2.80	126	10	15	91	7	81.90	33.30	0	0	DC-AS
lead-aware	3	18	1847	loss	0.00	13.70	0.00	-2.50	-12.40	-22.35	-13.55	132	6	16	86	3	98.30	30.30	143	13	16	112	10	70.85	20.70	0	0	DC-AS
lead-aware	3	19	5355	win	9.50	0.00	15.55	14.65	14.15	14.00	13.85	475	34	56	458	33	78.95	22.90	459	46	56	441	46	98.05	27.60	1	0	DC-AS
lead-aware	3	20	5419	double	0.00	0.00	1.95	15.00	12.40	9.00	7.90	439	29	62	421	25	77.20	48.80	432	60	61	418	58	88.50	54.20	1	0	DC-AS
lead-aware	3	21	3273	win	9.95	0.00	-15.55	-17.50	14.20	15.45	14.95	284	30	18	256	28	81.25	30.60	271	32	19	244	31	89.25	28.30	1	0	DC-AS
lead-aware	3	22	3315	loss	0.30	11.25	3.10	-1.70	-13.15	2.70	2.90	275	23	29	247	21	90.67	34.10	279	36	29	259	35	76.25	30.70	1	0	DC-AS
lead-aware	3	23	1685	loss	0.00	27.65	-1.95	-9.90	-25.30	-29.50	-27.90	121	5	17	77	5	93.50	2.00	126	7	17	90	6	76.50	8.50	1	0	DC
lead-aware	3	24	4449	win	16.25	0.00	0.00	12.65	15.30	17.60	18.15	387	36	46	367	34	76.75	33.00	379	33	46	361	32	87.65	28.90	0	0	DC-AS
lead-aware	3	25	4547	win	8.55	0.00	15.55	15.30	17.60	18.15	19.40	401	30	58	383	27	73.40	39.90	389	42	58	371	40	89.95	43.40	0	0	DC-AS
lead-aware	3	26	5335	win	16.65	0.45	34.20	31.95	30.75	29.00	28.60	475	39	68	463	37	70.75	34.20	462	60	67	451	60	89.10	36.00	1	0	DC
lead-aware	3	27	4742	win	30.89	0.00	13.60	31.55	30.70	31.25	32.75	419	25	62	404	23	67.91	28.60	407	33	62	393	33	86.25	19.80	0	0	DC
lead-aware	3	28	3051	loss	0.00	25.90	-1.95	-1.45	-0.55	-1.40	-1.90	251	15	35	217	15	88.00	6.00	253	21	36	226	20	80.55	16.90	1	0	DC
lead-aware	3	29	4195	win	0.10	0.00	-1.95	-1.30	6.65	5.45	2.15	364	22	48	335	19	90.05	36.70	340	40	48	320	39	87.00	33.10	0	0	DC
lead-aware	3	30	1480	loss	0.00	23.45	-17.50	-46.65	-24.35	-22.05	-22.75	108	11	7	73	8	75.55	32.30	109	14	7	78	10	72.15	44.80	0	0	DC
lead-aware	3	31	3759	win	18.70	0.00	-15.55	16.60	17.85	17.00	16.75	325	20	30	304	17	71.35	35.90	316	25	30	295	23	85.20	33.20	0	0	DC
lead-aware	3	32	5123	win	30.50	0.00	28.75	29.30	29.85	31.10	32.00	455	30	48	443	28	67.70	30.60	443	36	48	431	36	85.65	21.60	0	0	DC-AS
lead-aware	3	33	4621	win	20.95	0.00	15.55	14.70	12.30	13.80	14.00	409	37	45	392	35	72.35	33.40	388	33	45	371	32	87.20	28.90	0	0	DC
lead-aware	3	34	5584	win	4.20	0.00	-1.95	15.90	13.55	12.00	11.50	497	45	65	483	43	75.60	36.60	478	59	65	464	58	96.10	44.50	1	0	DC
lead-aware	4	0	4748	win	43.50	0.00	54.83	56.08	55.73	56.28	55.78	411	37	44	399	33	59.80	52.60	407	51	43	399	51	72.07	30.60	4		
lead-aware	4	1	941	loss	0.00	48.70	-1.80	-48.45	-47.40	-48.70	-48.70	55	0	2	23	0	64.70	0.00	59	7	2	19	3	73.65	35.80	1	0	DC
lead-aware	4	2	5010	win	32.40	0.00	31.25	32.15	33.75	33.60	35.90	445	30	46	433	28	66.70	30.60	426	35	47	414	35	85.50	21.00	0	0	DC
lead-aware	4	3	1553	loss	0.00	29.55	0.00	-15.55	-31.25	-30.80	-31.50	111	6	13	72	5	83.25	11.70	116	9	13	83	7	73.60	23.60	0	0	DC-AS
lead-aware	4	4	4984	win	22.10	0.00	15.55	16.85	17.45	18.35	18.90	442	39	47	425	38	75.65	24.90	407	32	47	389	32	90.25	19.20	0	0	DC
lead-aware	4	5	1643	loss	0.00	16.10	-13.60	-15.55	-18.70	-20.25	-19.00	122	12	14	82	9	86.20	32.70	124	12	14	93	9	72.80	34.50	0	0	DC
lead-aware	4	6	5304	loss	0.00	1.95	15.55	5.25	5.80	4.60	3.60	457	36	56	434	35	86.86	23.70	459	50	56	443	50	96.85	30.00	0	0	DC
lead-aware	4	7	3688	win	21.77	0.00	13.60	9.65	11.50	11.35	11.90	322	29	34	297	27	78.13	30.20	311	19	34	290	18	83.65	20.50	0	0	DC-AS
lead-aware	4	8	4139	win	2.80	0.00	0.00	15.80	14.60	14.45	13.60	363	30	40	340	27	78.85	39.90	328	43	40	305	41	90.60	44.00	0	0	DC
lead-aware	4	9	4614	win	45.60	0.00	47.00	48.15	46.95	48.55	49.80	410	43	39	400	40	60.55	45.10	377	39	39	368	39	72.75	23.40	0	1	DC
lead-aware	4	10	2667	loss	0.00	17.05	15.55	-1.05	-2.25	-1.70	-2.20	215	17	33	176	14	93.65	34.70	218	25	32	193	23	67.90	28.40	0	1	DC
lead-aware	4	11	1308	loss	0.00	39.95	-29.15	-31.10	-37.90	-37.35	-35.75	92	5	9	55	5	77.65	2.00	93	11	8	60	8	73.35	33.90	0	1	DC
lead-aware	4	12	1626	loss	0.00	38.25	-1.95	-12.30	-40.10	-38.15	-37.70	118	9	11	79	8	83.95	12.90	124	11	11	98	9	64.60	24.80	1	1	DC
lead-aware	4	13	2935	double	0.00	0.00	0.00	-0.80	0.45	-1.10	-9.95	215	14	28	178	10	89.95	42.80	216	25	28	184	22	81.50	36.40	0	1	DC
lead-aware	4	14	1532	loss	0.00	37.95	0.00	-2.75	-9.05	-36.20	-34.10	111	10	9	76	8	75.85	22.60	115	20	9	83	16	65.25	38.80	1	1	DC
lead-aware	4	15	4383	win	36.80	0.00	17.50	29.75	28.55	30.30	31.30	390	33	49	374	31	68.60	31.80	347	26	50	330	26	80.25	15.60	0	1	DC
lead-aware	4	16	1286	loss	0.00	69.75	-29.15	-72.40	-70.45	-70.95	-71.00	80	7	7	58	7	48.70	2.80	93	14	7	64	9	60.75	53.90	0	1	DC-AS
lead-aware	4	17	5391	win	13.14	0.00	24.90	21.35	22.95	24.20	23.70	478	30	65	460	28	82.66	30.60	464	41	65	453	41	87.80	24.60	0	1	DC-AS
lead-aware	4	18	1466	loss	0.00	34.10	16.70	-13.35	-35.85	-36.35	-35.80	108	9	12	75	6	71.85	31.50	108	12	12	79	7	64.40	47.90	0	1	DC-AS
lead-aware	4	19	3877	win	10.82	0.00	-17.50	10.45	9.60	11.20	8.50	333	38	39	310	35	76.90	43.10	325	33	39	306	31	82.95	38.00	0	1	DC-AS
lead-aware	4	20	3559	loss	0.00	3.50	-17.50	-17.50	16.25	15.60	11.40	283	17	38	254	15	83.00	25.40	297	40	39	269	39	94.95	33.10	1	1	DC-AS
lead-aware	4	21	1248	loss	0.00	37.30	-15.55	-20.95	-34.10	-37.40	-36.50	80	6	7	42	4	78.30	21.00	89	12	8	61	9	63.75	34.50	0	1	DC
lead-aware	4	22	5663	double	0.00	0.00	13.75	10.30	9.00	8.25	8.15	472	38	61	454	36	81.55	33.80	472	53	61	457	52	95.40	40.90	0	1	DC
lead-aware	4	23	627	loss	5.85	53.10	-15.55	-31.10	-47.25	-47.25	-47.25	32	1	6	0	0	62.40	9.70	32	4	6	1	0	60.60	38.80	0	1	DC
lead-aware	4	24	1244	loss	0.00	66.20	13.60	-66.05	-67.25	-66.70	-66.50	86	5	10	61	4	54.85	11.30	90	13	10	67	8	54.90	53.30	0	1	DC
lead-aware	4	25	4244	win	32.00	0.00	15.55	25.55	25.60	26.85	24.40	374	36	47	356	34	70.70	33.00	362	32	44	346	32	81.50	19.20	0	1	DC
lead-aware	4	26	1470	loss	0.00	30.20	-15.55	-33.05	-30.90	-30.00	-28.40	107	8	12	76	5	68.05	31.10	108	10	12	78	5	70.20	51.50	0	1	DC
lead-aware	4	27	1306	loss	0.00	54.95	0.00	-31.10	-53.15	-53.65	-53.10	92	2	9	60	2	68.40	0.80	94	9	9	66	6	64.50	32.70	0	1	DC
lead-aware	4	28	4486	win	18.25	0.00	0.00	19.35	21.30	21.05	15.75	395	34	58	377	32	73.85	32.20	376	33	59	358	32	88.80	28.90	1	1	DC
lead-aware	4	29	5087	win	17.35	0.00	15.55	15.25	16.05	17.65	19.25	451	39	63	435	38	74.70	24.90	436	43	60	419	43	93.60	25.80	1	1	DC-AS
lead-aware	4	30	5251	loss	0.00	2.50	0.00	-1.30	0.15	-0.35	-1.85	453	33	59	432	33	84.15	13.20	451	43	57	431	43	103.65	25.80	1	1	DC
lead-aware	4	31	4998	win	21.60	0.00	15.55	31.60	31.10	33.40	32.20	443	28	65	427	26	73.90	29.80	409	40	66	393	40	88.55	24.00	0	1	DC
lead-aware	4	32	4441	win	5.05	0.00	0.00	11.40	10.20	7.95	7.80	389	28	44	365	25	83.30	39.10	378	46	43	361	45	87.30	36.70	1	1	DC
lead-aware	4	33	3305	win	5.20	0.00	1.95	0.00	1.00	-0.65	-1.50	285	23	39	254	21	86.90	27.80	275	29	39	247	28	90.55	26.50	0	1	DC
lead-aware	4	34	4329	win	4.17	0.00	0.00	-0.70	-0.30	-1.50	-0.80	374	33	48	351	30	79.95	41.10	368	38	50	348	36	88.00	41.00	0	1	DC
lead-aware	5	0	4609	win	49.00	0.00	55.26	57.61	58.51	59.76	59.61	409	39	43	404	36	53.30	49.80	396	49	42	378	48	72.46	29.80	2		
lead-aware	5	1	1452	loss	0.00	29.30	-8.85	-24.40	-33.10	-34.10	-32.50	94	4	13	55	4	81.55	1.60	105	5	13	61	2	81.95	19.60	0	0	DC
lead-aware	5	2	4466	win	40.65	0.00	13.60	32.65	32.50	33.65	31.05	395	39	58	382	37	63.55	34.20	378	32	57	365	32	80.10	19.20	0	0	DC
lead-aware	5	3	1516	loss	0.00	11.65	-17.50	-10.90	-17.00	-12.70	-12.50	108	11	9	65	8	90.35	32.30	112	11	9	74	8	74.80	29.10	0	1	DC
lead-aware	5	4	4685	win	9.40	0.00	0.00	4.50	6.30	3.00	3.90	414	33	51	395	32	76.55	22.50	383	35	51	358	34	98.45	30.10	0	1	DC
lead-aware	5	5	4601	win	17.60	0.00	13.75	20.05	19.90	18.25	20.55	403	36	50	387	33	70.95	42.30	393	37	50	378	35	83.55	35.60	0	1	DC
lead-aware	5	6	4429	win	42.10	0.00	44.95	44.45	45.35	46.60	42.65	391	31	49	378	28	65.25	40.30	373	31	49	363	31	73.95	18.60	0	1	DC
lead-aware	5	7	4270	win	10.80	0.00	0.00	6.00	6.90	7.10	9.40	375	34	41	353	31	79.25	41.50	365	32	40	349	30	83.55	37.40	0	1	DC
lead-aware	5	8	4977	win	6.80	0.00	-1.95	2.05	0.85	1.90	1.25	440	33	72	421	32	79.15	22.50	422	34	72	402	33	98.50	29.50	0	1	DC-AS
lead-aware	5	9	1010	loss	0.00	41.25	-31.10	-31.10	-38.10	-40.75	-41.25	66	4	3	31	3	71.35	10.90	67	8	3	35	5	67.65	32.10	1	1	DC
lead-aware	5	10	1463	loss	0.00	44.05	-17.50	-19.15	-48.35	-46.75	-45.85	98	12	11	65	12	70.85	4.80	107	10	11	76	7	71.85	33.30	0	1	DC-AS
lead-aware	5	11	2992	loss	0.00	11.65	0.00	-2.00	-2.15	0.40	0.95	245	22	28	209	20	91.10	27.40	247	30	29	221	29	79.85	27.10	1	1	DC
lead-aware	5	12	1827	loss	0.00	26.15	-15.55	-31.10	-35.35	-33.75	-33.20	119	11	21	84	10	76.65	13.70	140	9	21	107	6	80.40	32.70	0	1	DC
lead-aware	5	13	1733	loss	0.00	26.90	-17.50	-15.55	-30.00	-32.35	-32.85	116	7	19	74	7	89.30	2.80	131	7	19	95	6	78.85	13.30	0	1	DC
lead-aware	5	14	1679	loss	0.00	48.30	-17.50	-15.55	-52.35	-54.60	-51.00	120	8	14	89	8	69.35	3.20	128	10	15	100	7	69.60	33.30	0	1	DC-AS
lead-aware	5	15	511	loss	0.00	91.90	-48.60	-91.90	-91.90	-91.90	-91.90	24	0	2	2	0	43.10	0.00	24	6	2	2	0	43.20	58.20	0	1	DC
lead-aware	5	16	4761	loss	0.00	0.50	-1.95	-2.45	-1.65	0.30	1.55	409	37	54	388	35	80.80	33.40	404	38	55	385	36	94.80	41.00	0	1	DC-AS
lead-aware	5	17	5224	win	15.60	0.00	13.60	14.75	15.65	15.15	16.30	460	31	78	443	30	77.45	21.70	435	36	79	417	36	94.45	21.60	1	1	DC-AS
lead-aware	5	18	4200	win	4.05	0.00	13.60	10.85	12.45	11.60	13.20	369	34	52	347	31	77.60	41.50	357	45	52	337	43	89.55	45.20	0	1	DC-AS
lead-aware	5	19	4085	win	9.98	0.00	0.00	-2.50	-0.75	20.25	20.60	358	29	45	332	27	83.72	30.20	347	43	46	326	43	89.85	25.80	0	1	DC
lead-aware	5	20	4808	win	28.95	0.00	13.60	30.20	31.00	31.20	31.40	420	38	69	406	36	68.95	33.80	411	41	68	398	41	85.05	24.60	1	1	DC
lead-aware	5	21	1291	loss	0.00	46.35	-17.50	-17.35	-47.25	-45.65	-45.10	92	4	14	59	4	70.25	1.60	92	8	15	60	5	71.40	32.10	0	1	DC
lead-aware	5	22	1833	loss	0.00	30.30	1.95	-2.25	-2.15	-23.50	-31.90	139	13	10	99	12	87.90	14.50	142	14	10	111	12	69.90	21.80	0	1	DC-AS
lead-aware	5	23	1221	loss	0.00	34.35	-17.50	-18.30	-32.25	-31.45	-32.30	85	5	8	49	3	75.10	20.60	85	10	8	49	6	68.75	37.60	0	1	DC-AS
lead-aware	5	24	1590	loss	0.00	22.95	-31.10	-17.15	-27.05	-27.20	-27.35	117	10	17	81	7	78.30	31.90	119	10	17	85	5	71.85	41.90	0	1	DC-AS
lead-aware	5	25	4212	win	25.45	0.00	0.00	40.15	41.05	36.70	34.10	371	27	49	351	24	74.10	38.70	349	42	49	332	42	80.55	25.20	0	1	DC
lead-aware	5	26	1318	loss	0.00	35.10	-29.15	-32.90	-35.85	-34.60	-35.20	92	7	9	58	5	73.15	21.40	95	7	9	65	3	68.25	40.60	0	1	DC
lead-aware	5	27	1456	loss	0.00	18.85	0.00	-15.55	-27.00	-17.50	-16.10	104	8	18	59	7	93.65	12.50	106	9	18	67	8	78.10	14.50	0	1	DC
lead-aware	5	28	1363	loss	0.00	26.30	-17.50	-17.50	-22.00	-23.40	-24.60	96	6	11	54	4	88.35	21.00	99	11	11	67	9	68.45	24.80	0	1	DC
lead-aware	5	29	4707	win	23.40	0.00	13.60	27.05	26.20	25.70	25.20	417	35	56	402	32	69.45	41.90	394	42	57	380	41	82.70	34.30	0	1	DC-AS
lead-aware	5	30	1511	loss	0.00	33.80	0.00	-2.35	-13.30	-32.30	-32.45	109	6	11	66	6	90.45	2.40	112	12	11	75	11	72.20	11.50	0	1	DC
lead-aware	5	31	1296	loss	0.00	33.05	0.00	-10.95	-28.00	-33.05	-33.20	86	5	7	46	3	82.60	20.60	93	16	7	59	12	67.35	30.50	0	1	DC
lead-aware	5	32	4604	win	0.25	0.00	-31.10	0.00	0.55	2.15	2.60	406	28	49	385	26	79.45	29.80	395	37	48	374	35	97.05	40.40	0	1	DC
lead-aware	5	33	5001	win	17.00	0.00	15.55	17.10	19.40	18.55	18.05	444	37	53	427	36	75.65	24.10	420	40	53	400	40	94.20	24.00	0	1	DC
lead-aware	5	34	5207	loss	0.00	4.35	15.55	9.70	9.80	6.50	6.00	451	38	55	433	36	79.45	33.80	450	57	55	435	56	92.90	43.30	0	1	DC
lead-aware	6	0	3984	win	27.80	0.00	49.84	44.49	50.49	44.64	47.39	353	36	35	347	33	50.60	48.60	334	54	34	263	45	89.63	52.20	1		
lead-aware	6	1	2246	win	5.04	0.00	-17.50	-3.30	-0.60	-1.85	-0.95	188	16	22	151	13	87.01	34.30	175	18	22	98	11	86.35	29.40	0	0	DC
lead-aware	6	2	607	loss	0.00	60.20	0.00	-46.65	-60.20	-60.20	-60.20	31	1	5	1	0	58.60	9.70	31	5	5	0	0	59.35	48.50	0	0	DC
lead-aware	6	3	759	loss	0.00	32.50	-31.10	-31.10	-25.40	-32.50	-32.50	43	3	3	5	1	74.60	19.80	43	5	3	0	0	71.55	37.80	0	1	DC
lead-aware	6	4	3615	win	10.60	0.00	14.75	9.65	13.90	11.45	13.40	318	21	38	302	19	61.40	27.00	302	30	38	222	22	104.00	44.40	1	1	DC
lead-aware	6	5	1453	win	15.25	0.00	-17.50	-17.15	16.30	13.00	16.50	116	13	8	78	8	81.90	51.70	105	12	8	69	9	70.05	34.50	0	0	DC
lead-aware	6	6	4932	win	8.05	0.00	0.00	-0.75	0.65	-0.55	0.00	435	39	47	412	39	85.65	15.60	415	30	47	395	30	98.25	18.00	0	1	DC
lead-aware	6	7	1565	loss	0.00	48.85	-48.60	-60.45	-53.45	-52.20	-50.25	110	11	12	85	10	57.25	13.70	116	11	12	84	6	69.40	52.10	0	1	DC
lead-aware	6	8	4295	win	8.24	0.00	-1.95	-11.70	5.10	5.30	4.80	377	34	38	349	33	88.91	22.90	357	32	37	336	32	91.35	19.20	0	1	DC-AS
lead-aware	6	9	3894	win	33.00	0.00	13.60	15.65	16.20	17.70	18.95	343	20	47	325	18	68.65	32.90	328	32	47	307	32	81.40	19.20	0	1	DC-AS
lead-aware	6	10	4723	win	30.39	0.00	15.55	29.85	30.65	30.50	30.70	420	43	44	406	41	66.91	35.80	405	45	44	392	45	84.15	27.00	0	1	DC
lead-aware	6	11	1549	loss	0.00	52.45	-31.10	-46.65	-54.80	-55.05	-54.50	101	3	12	69	3	69.30	1.20	117	8	12	90	5	66.15	32.10	0	1	DC
lead-aware	6	12	5533	win	3.36	0.00	16.70	13.30	13.50	12.30	11.15	492	42	60	477	40	75.44	35.40	479	58	60	464	57	96.45	43.90	0	1	DC
lead-aware	6	13	1420	loss	0.00	40.10	0.00	-9.90	-38.20	-39.65	-39.10	85	2	12	44	2	85.40	0.80	103	11	12	73	10	69.45	15.70	0	1	DC
lead-aware	6	14	4529	win	11.52	0.00	-17.50	15.30	14.80	16.40	16.10	400	38	40	380	36	77.28	33.80	386	41	39	368	40	90.30	33.70	0	1	DC
lead-aware	6	15	2647	win	12.62	0.00	13.60	-4.95	0.40	-5.10	5.05	224	11	22	184	6	95.63	46.28	214	19	22	191	18	68.10	20.50	1	1	DC
lead-aware	6	16	4752	win	15.35	0.00	14.75	26.35	27.85	28.75	31.40	415	36	56	398	33	72.40	42.30	404	47	54	390	46	84.20	37.30	1	1	DC-AS
lead-aware	6	17	1566	loss	0.00	28.70	-33.05	-18.30	-30.75	-31.20	-31.40	115	8	19	80	6	76.25	21.80	116	10	19	81	6	73.20	37.60	0	1	DC-AS
lead-aware	6	18	5059	win	2.00	0.00	0.00	-0.55	1.40	-0.15	0.40	443	41	58	423	40	81.55	25.70	432	42	58	413	41	99.00	34.30	0	1	DC-AS
lead-aware	6	19	3513	win	0.24	0.00	-1.95	-18.30	7.80	10.10	8.80	305	21	30	274	18	89.81	36.30	267	24	29	241	22	86.05	32.60	0	1	DC
lead-aware	6	20	4135	win	50.70	0.00	46.80	48.05	45.70	47.30	47.85	367	36	34	357	32	55.20	51.60	331	32	32	321	31	67.65	28.30	0	1	DC
lead-aware	6	21	4161	win	32.60	0.00	16.45	28.10	26.20	26.40	28.00	362	39	49	344	37	71.60	34.20	353	31	49	337	31	80.15	18.60	0	1	DC
lead-aware	6	22	1347	loss	0.00	61.45	-13.60	-62.10	-61.55	-63.10	-62.20	83	6	10	58	5	54.55	11.70	98	13	10	73	8	59.70	53.30	0	1	DC-AS
lead-aware	6	23	5582	win	19.85	0.00	31.20	32.80	34.40	32.50	32.35	494	41	64	483	39	69.75	35.00	469	56	63	458	56	90.15	33.60	0	1	DC-AS
lead-aware	6	24	1464	loss	0.00	16.65	-15.55	-31.10	-15.60	-17.15	-16.60	103	13	14	64	9	82.45	42.40	108	13	14	79	9	68.40	44.20	0	1	DC
lead-aware	6	25	1345	loss	0.00	71.10	-46.65	-73.65	-72.05	-73.25	-71.65	92	7	11	67	6	55.45	12.10	100	12	11	81	7	49.20	52.70	0	1	DC
lead-aware	6	26	5350	win	7.90	0.00	-1.95	16.15	14.60	15.15	12.80	474	33	62	456	32	81.75	22.50	444	43	63	427	43	97.20	25.80	1	1	DC
lead-aware	6	27	4569	win	29.45	0.00	23.90	30.50	30.35	30.90	29.70	404	37	53	388	34	70.00	42.70	383	40	53	369	39	78.65	28.30	0	1	DC
lead-aware	6	28	5345	win	0.10	0.00	-15.00	-0.25	2.05	1.20	0.00	465	36	52	450	33	74.25	42.30	427	43	52	412	40	91.05	53.10	0	1	DC
lead-aware	6	29	1456	loss	0.00	65.05	-1.95	-69.15	-68.60	-67.35	-66.80	107	6	18	82	5	56.95	11.70	110	9	18	89	4	54.30	50.90	0	1	DC-AS
lead-aware	6	30	4738	loss	0.00	2.75	-15.55	0.05	2.70	2.90	0.65	408	33	41	389	31	75.95	31.80	406	45	41	386	43	96.90	45.20	1	1	DC-AS
lead-aware	6	31	4679	win	13.45	0.00	13.60	13.20	11.65	11.15	10.65	414	29	48	395	27	76.55	30.20	392	34	48	374	33	91.20	29.50	0	1	DC
lead-aware	6	32	1552	loss	0.00	26.60	13.60	-9.15	-27.30	-26.85	-25.95	113	11	13	71	9	89.00	23.00	116	12	14	86	10	66.60	25.40	0	1	DC
lead-aware	6	33	1668	loss	0.00	38.75	17.50	8.15	-2.50	-0.55	-16.05	124	9	16	87	7	80.85	22.20	128	19	16	102	15	62.00	33.40	1	1	DC
lead-aware	6	34	3941	win	43.35	0.00	15.55	28.80	29.35	31.65	32.20	347	34	45	331	32	65.35	32.20	336	21	45	320	21	77.60	12.60	1	1	DC-AS
lead-aware	7	0	3694	win	43.00	0.00	44.76	47.26	48.56	44.81	48.11	325	25	39	314	22	62.30	44.20	309	34	37	273	33	72.62	23.20	0		
lead-aware	7	1	4452	win	22.47	0.00	13.90	24.85	24.00	24.55	21.00	394	30	40	376	27	71.68	39.90	383	34	40	369	33	81.05	29.50	0	0	DC
lead-aware	7	2	4435	win	37.43	0.00	13.60	30.50	32.70	32.20	33.45	393	30	63	378	28	67.68	30.60	372	26	63	358	26	81.00	15.60	0	0	DC
lead-aware	7	3	896	loss	0.00	61.80	-15.55	-46.65	-61.85	-61.80	-61.80	47	1	5	17	1	60.20	0.40	57	7	5	27	3	62.55	40.60	0	0	DC
lead-aware	7	4	4578	win	24.45	0.00	17.50	24.45	25.70	23.10	21.90	404	27	49	385	25	75.55	29.40	393	32	49	378	32	85.15	19.20	0	0	DC
lead-aware	7	5	4818	win	19.40	0.00	13.60	15.35	14.85	14.70	17.35	427	46	40	410	45	74.15	27.70	414	43	40	396	43	91.30	25.80	0	0	DC
lead-aware	7	6	3010	loss	0.00	10.30	1.95	0.50	0.35	0.90	0.75	245	15	27	202	12	104.05	33.90	251	30	26	231	30	68.85	18.00	0	1	DC
lead-aware	7	7	989	loss	0.00	49.35	-17.50	-25.05	-46.95	-48.50	-49.35	63	5	8	27	3	72.90	20.60	66	13	8	40	9	55.10	39.40	0	1	DC-AS
lead-aware	7	8	3327	win	25.65	0.00	-1.95	18.65	19.35	20.25	21.35	284	23	42	262	18	69.10	55.70	277	21	42	261	18	70.35	39.90	0	1	DC-AS
lead-aware	7	9	2851	loss	0.00	20.70	-1.95	-1.70	-0.80	0.70	0.20	219	16	29	185	15	84.80	15.70	233	25	29	203	23	81.75	26.10	0	1	DC-AS
lead-aware	7	10	1616	loss	0.00	36.85	-15.55	-32.90	-41.55	-41.00	-43.25	94	6	11	61	4	70.45	21.00	122	11	11	94	7	68.70	43.00	0	1	DC-AS
lead-aware	7	11	1572	loss	0.00	32.35	-3.00	-2.95	-29.60	-31.25	-32.80	107	7	11	66	6	87.60	12.10	117	12	11	86	10	69.35	20.60	0	0	DC-AS
lead-aware	7	12	4718	win	29.15	0.00	19.80	23.75	21.40	23.35	22.50	416	40	50	403	37	66.70	43.90	388	32	51	373	30	78.80	32.60	0	0	DC
lead-aware	7	13	1705	win	20.20	0.00	0.00	-13.50	6.20	21.15	23.45	139	13	14	100	8	86.05	51.70	127	12	14	95	10	64.85	25.40	0	1	DC-AS
lead-aware	7	14	1541	loss	0.00	36.00	0.00	-31.10	-38.15	-37.25	-35.65	115	7	14	80	6	76.25	12.10	115	7	14	85	4	71.25	31.50	0	1	DC-AS
lead-aware	7	15	4562	win	16.00	0.00	0.00	15.90	18.20	19.85	17.25	402	25	56	381	24	79.05	19.30	378	30	57	357	30	94.50	18.00	0	1	DC
lead-aware	7	16	5101	loss	0.00	5.15	14.75	1.15	1.60	1.10	1.65	440	24	55	423	22	75.45	28.20	437	43	55	419	41	96.35	44.00	0	1	DC-AS
lead-aware	7	17	1334	loss	0.00	50.40	-17.50	-34.10	-47.95	-48.80	-51.40	95	7	10	64	7	67.90	2.80	96	12	10	66	9	68.40	34.50	0	1	DC-AS
lead-aware	7	18	1522	loss	0.00	49.90	-31.10	-48.45	-54.05	-52.80	-49.80	106	6	14	76	5	66.10	11.70	115	10	14	89	6	64.05	42.40	0	1	DC
lead-aware	7	19	1357	loss	0.00	45.45	-1.95	-8.85	-40.35	-42.60	-42.75	96	0	12	55	0	85.45	0.00	99	10	12	71	9	64.45	15.10	0	1	DC
lead-aware	7	20	4083	win	25.75	0.00	0.00	30.55	31.45	30.05	33.05	359	28	51	341	25	69.20	39.10	345	35	51	328	34	82.35	30.10	0	1	DC
lead-aware	7	21	1430	loss	0.00	15.25	-1.95	-17.50	-19.55	-12.85	-11.25	101	5	11	56	2	93.35	29.90	104	11	12	70	9	70.60	24.80	0	1	DC
lead-aware	7	22	1348	loss	0.00	51.50	-17.50	-48.60	-52.65	-53.85	-53.65	80	5	11	51	4	61.65	11.30	98	10	11	71	6	63.30	42.40	0	1	DC-AS
lead-aware	7	23	1514	loss	0.00	36.50	0.00	-11.70	-36.40	-36.20	-36.70	105	5	10	66	4	82.65	11.30	112	12	10	79	9	69.00	24.90	1	1	DC-AS
lead-aware	7	24	4945	win	45.30	0.00	47.70	48.25	48.10	51.55	51.55	440	40	66	433	37	56.95	43.90	424	44	66	417	44	76.20	26.40	0	1	DC
lead-aware	7	25	4603	win	24.50	0.00	11.95	24.85	24.70	26.30	23.70	407	33	49	391	30	71.35	41.10	395	36	48	383	35	80.85	30.70	1	1	DC
lead-aware	7	26	1493	loss	0.00	29.35	-17.50	-31.10	-28.80	-29.65	-29.45	102	9	12	67	7	74.95	22.20	110	13	12	77	9	73.50	39.40	0	1	DC-AS
lead-aware	7	27	1646	loss	0.00	55.65	-1.95	-63.90	-62.30	-62.45	-60.15	119	10	13	94	9	58.15	13.30	126	9	13	102	4	62.10	50.90	0	1	DC-AS
lead-aware	7	28	4830	win	13.20	0.00	17.50	18.40	20.00	16.85	15.30	421	35	64	402	33	78.30	32.60	413	44	62	396	43	90.15	30.70	0	1	DC
lead-aware	7	29	1477	loss	0.00	33.75	0.00	-25.60	-33.40	-32.25	-33.80	108	7	10	72	5	78.45	21.40	110	13	10	82	10	66.90	35.10	0	1	DC
lead-aware	7	30	5140	win	30.10	0.00	33.65	32.10	31.25	32.05	34.00	460	39	54	450	37	64.50	34.20	445	47	54	434	47	84.15	28.20	0	1	DC
lead-aware	7	31	4970	win	25.45	0.00	13.60	31.05	29.50	29.35	30.60	441	26	49	426	24	71.85	29.00	409	36	49	394	36	87.55	21.60	1	1	DC-AS
lead-aware	7	32	1713	loss	0.00	25.05	15.55	-5.55	-17.10	-26.80	-26.60	125	10	16	79	9	97.60	13.30	131	12	16	95	11	70.05	11.50	1	1	DC-AS
lead-aware	7	33	593	loss	0.00	64.65	0.00	-32.90	-64.65	-64.65	-64.65	30	1	1	0	0	58.50	9.70	30	5	1	2	0	54.90	48.50	0	1	DC
lead-aware	7	34	4736	win	33.65	0.00	31.10	31.40	31.85	32.60	33.15	420	34	53	407	32	66.05	32.20	406	37	52	393	37	84.30	22.20	1	1	DC-AS
lead-aware	8	0	4178	win	38.89	0.00	44.94	49.44	49.64	51.94	51.79	369	34	38	358	31	65.51	47.80	354	42	37	341	42	70.73	25.20	1		
lead-aware	8	1	4908	win	4.10	0.00	17.50	2.10	-0.50	0.90	2.50	433	33	56	413	32	79.45	22.50	420	38	56	399	37	100.00	31.90	2	0	DC
lead-aware	8	2	1464	loss	0.00	39.85	-15.55	-44.60	-38.40	-37.85	-36.90	103	8	14	67	8	76.90	3.20	108	13	15	74	10	73.60	35.10	1	0	DC
lead-aware	8	3	4999	win	10.05	0.00	15.55	18.20	16.65	18.25	18.80	442	33	50	423	31	79.35	31.80	411	46	49	392	45	91.85	31.90	1	0	DC
lead-aware	8	4	1340	loss	0.00	40.55	0.00	-15.15	-37.15	-37.30	-37.80	94	9	9	50	7	90.80	22.20	99	16	9	77	14	52.85	23.00	1	0	DC
lead-aware	8	5	1391	loss	0.00	44.20	0.00	-35.60	-42.20	-43.05	-44.60	101	6	11	67	5	73.00	11.70	102	12	12	74	9	65.70	34.50	1	0	DC
lead-aware	8	6	4469	win	26.75	0.00	13.60	29.90	30.00	27.75	28.10	392	31	52	375	29	70.65	31.00	374	38	53	355	38	86.30	22.80	0	1	DC
lead-aware	8	7	4959	win	17.60	0.00	0.00	16.75	17.30	16.70	19.00	439	34	51	422	33	75.35	22.90	422	38	51	402	38	94.50	22.80	0	1	DC
lead-aware	8	8	4792	win	26.35	0.00	-1.95	15.75	16.30	16.85	17.05	418	39	49	402	38	71.40	24.90	410	33	49	394	33	90.30	19.80	1	0	DC-AS
lead-aware	8	9	4535	win	13.62	0.00	14.75	16.95	14.35	15.60	18.60	393	32	52	371	29	80.00	40.70	388	34	53	375	33	80.80	29.50	0	1	DC
lead-aware	8	10	4800	win	0.05	0.00	0.00	1.05	-0.70	1.25	1.10	419	38	45	395	37	86.30	24.50	406	52	45	385	52	98.70	31.20	1	1	DC
lead-aware	8	11	4392	win	21.05	0.00	-17.50	13.60	12.75	12.95	14.55	388	46	47	370	44	73.15	37.00	362	36	46	345	35	84.90	30.70	0	1	DC
lead-aware	8	12	4635	win	40.05	0.00	31.60	36.75	35.90	36.80	38.90	411	43	43	400	41	61.45	35.80	389	37	43	373	37	81.55	22.20	0	1	DC
lead-aware	8	13	3133	loss	0.00	22.45	13.60	2.50	1.30	1.15	1.35	250	22	31	217	19	86.05	36.70	263	32	31	248	30	66.45	37.40	0	1	DC
lead-aware	8	14	4515	win	26.41	0.00	0.00	26.25	25.75	27.00	27.80	398	29	45	380	27	73.59	30.20	386	33	45	371	33	84.90	19.80	0	1	DC
lead-aware	8	15	4499	win	34.65	0.00	15.55	32.45	31.25	32.50	31.20	397	41	36	382	39	67.45	35.00	368	36	35	353	36	81.40	21.60	0	1	DC
lead-aware	8	16	4917	win	14.02	0.00	15.55	16.20	17.45	18.35	19.25	435	22	44	419	19	73.93	36.70	408	29	45	393	27	87.40	35.60	0	1	DC-AS
lead-aware	8	17	1419	loss	0.00	48.55	-13.60	-34.70	-51.35	-50.30	-51.50	104	12	14	74	11	65.90	14.10	105	12	14	78	8	64.35	43.60	0	1	DC-AS
lead-aware	8	18	1919	loss	0.00	20.05	0.00	-23.05	-20.25	-25.50	-27.05	108	6	13	64	5	92.20	11.70	148	11	13	115	10	78.60	15.70	0	1	DC-AS
lead-aware	8	19	1619	loss	0.00	35.85	-31.10	-33.05	-39.95	-39.25	-37.05	107	7	11	72	6	75.45	12.10	122	9	11	92	6	72.30	32.70	0	1	DC
lead-aware	8	20	1920	loss	0.00	12.45	1.95	-11.70	-0.95	-2.50	-12.65	146	12	12	102	8	97.05	42.00	151	18	12	123	14	65.95	29.10	0	1	DC
lead-aware	8	21	4973	win	15.90	0.00	15.55	21.50	18.90	21.55	20.70	440	38	45	423	36	76.50	33.80	411	43	45	395	42	88.85	30.10	0	1	DC-AS
lead-aware	8	22	4948	win	22.20	0.00	1.95	19.15	17.60	17.45	16.10	439	43	66	424	42	71.65	26.50	423	41	66	407	41	92.25	24.60	0	1	DC-AS
lead-aware	8	23	1252	loss	0.00	39.35	0.00	-31.20	-36.10	-37.30	-38.85	88	2	9	53	1	73.55	10.10	88	9	9	56	6	70.80	32.70	0	1	DC-AS
lead-aware	8	24	5265	win	0.05	0.00	-1.95	-0.45	-1.40	-1.20	-2.40	461	33	46	444	31	77.55	31.80	451	42	46	434	40	98.25	43.40	0	1	DC-AS
lead-aware	8	25	4977	win	14.95	0.00	17.50	25.35	25.90	24.35	25.15	441	29	49	423	27	78.45	30.20	425	45	49	410	45	89.95	27.00	0	1	DC
lead-aware	8	26	1054	loss	0.00	58.60	-33.05	-50.25	-57.60	-55.30	-58.60	71	6	8	40	5	65.50	11.70	72	10	8	47	6	55.80	42.40	0	1	DC
lead-aware	8	27	4697	win	19.35	0.00	13.60	26.05	27.65	27.05	26.55	415	37	57	397	35	75.85	33.40	403	44	58	388	44	86.65	26.40	1	1	DC
lead-aware	8	28	3035	loss	0.00	17.95	0.00	0.65	2.05	0.85	-2.45	249	21	31	212	20	94.40	17.70	253	24	31	228	23	77.55	17.60	0	1	DC
lead-aware	8	29	1916	loss	0.00	14.45	0.00	-10.50	-13.65	-19.05	-17.80	129	7	17	84	5	96.15	21.40	148	7	17	111	5	75.70	17.60	0	1	DC
lead-aware	8	30	2168	loss	0.00	24.40	-3.00	-1.80	-0.70	-2.60	-6.30	162	13	20	123	12	88.35	14.50	171	20	19	139	18	73.65	19.50	0	1	DC
lead-aware	8	31	4279	win	13.95	0.00	0.00	0.30	1.55	1.40	3.35	376	37	48	354	36	78.30	24.10	358	25	48	336	24	93.30	24.10	0	1	DC
lead-aware	8	32	3696	loss	0.00	13.00	-15.55	-0.45	-0.60	-0.85	0.40	302	27	41	276	24	79.35	38.70	313	31	41	293	28	78.45	45.90	0	1	DC
lead-aware	8	33	4694	win	18.90	0.00	15.55	22.35	19.95	21.00	21.90	410	27	55	393	24	72.45	38.70	403	40	56	388	39	85.05	33.10	0	1	DC-AS
lead-aware	8	34	4350	win	7.70	0.00	0.00	0.10	1.70	-1.60	-1.40	378	38	37	353	36	85.10	33.80	343	34	37	322	33	86.85	29.50	0	1	DC
lead-aware	9	0	4093	win	31.38	0.00	44.33	45.43	47.48	46.83	47.38	361	26	46	350	23	65.02	44.60	335	40	45	303	38	76.87	28.80	0		
lead-aware	9	1	4741	win	15.70	0.00	-1.95	13.80	16.15	13.90	13.40	419	31	59	399	30	79.95	21.70	392	32	59	373	32	93.00	19.20	0	0	DC
lead-aware	9	2	5008	win	11.45	0.00	0.00	15.05	14.90	14.05	14.95	444	32	54	425	31	80.60	22.10	422	38	54	404	38	95.70	22.80	0	0	DC
lead-aware	9	3	5071	win	23.25	0.00	29.55	24.85	23.55	24.45	26.40	451	31	52	438	28	70.20	40.30	420	39	52	408	38	83.00	32.50	0	0	DC
lead-aware	9	4	4802	win	0.15	0.00	0.00	-1.65	3.20	2.70	2.20	423	34	47	397	33	90.40	22.90	402	43	46	382	43	96.30	25.80	1	0	DC
lead-aware	9	5	2091	win	0.60	0.00	0.00	-27.10	-16.55	4.25	4.10	172	12	14	125	7	104.15	51.30	153	14	14	129	12	66.15	26.60	1	0	DC
lead-aware	9	6	3454	loss	0.00	18.95	-1.95	2.80	1.60	2.85	2.35	288	14	36	255	13	89.85	14.90	291	34	36	270	34	81.45	20.40	0	0	DC
lead-aware	9	7	3426	loss	0.30	14.55	-15.55	-5.20	2.60	2.10	1.05	286	22	35	255	20	87.00	27.40	288	35	35	268	34	79.20	30.10	0	0	DC
lead-aware	9	8	5222	win	12.50	0.00	13.60	13.40	12.90	13.00	12.50	463	37	58	446	36	77.75	24.10	450	44	59	433	44	95.70	26.40	0	0	DC-AS
lead-aware	9	9	1862	win	0.55	0.00	0.00	-15.15	-13.50	2.25	2.25	151	9	15	103	4	103.90	50.10	140	13	15	113	11	66.90	26.00	0	0	DC
lead-aware	9	10	4960	win	3.96	0.00	1.95	3.15	3.35	4.95	7.25	437	41	61	412	40	91.69	25.70	422	37	61	406	37	91.30	22.20	0	0	DC
lead-aware	9	11	5202	win	2.23	0.00	-15.55	15.10	15.20	16.10	16.10	462	30	64	444	28	78.77	30.60	447	49	65	430	48	97.65	38.50	0	0	DC
lead-aware	9	12	4977	win	14.10	0.00	0.00	16.40	16.85	17.40	18.10	437	35	47	424	32	67.75	41.90	429	41	47	416	39	87.75	42.80	1	0	DC
lead-aware	9	13	1501	loss	0.00	21.90	-1.95	-6.45	-2.10	-19.10	-21.35	97	3	11	51	1	94.80	19.80	111	11	11	74	9	70.15	17.70	0	0	DC
lead-aware	9	14	1516	loss	0.00	30.90	-1.95	-17.50	-30.55	-31.05	-31.55	112	6	15	75	5	79.65	11.70	111	9	16	76	6	75.65	27.90	0	0	DC-AS
lead-aware	9	15	1214	loss	0.00	37.45	-1.95	-11.25	-32.85	-35.20	-36.75	83	4	6	42	2	85.20	20.20	85	8	6	54	5	59.75	27.30	0	0	DC
lead-aware	9	16	1414	loss	0.00	26.15	15.55	-9.10	-21.80	-25.75	-25.90	101	3	13	59	1	87.80	19.80	102	11	13	64	8	70.40	24.30	1	0	DC-AS
lead-aware	9	17	4509	win	18.65	0.00	32.05	23.90	24.10	24.30	22.40	398	33	47	379	30	76.00	41.10	385	38	47	370	37	81.55	31.90	0	0	DC-AS
lead-aware	9	18	1257	loss	0.00	38.95	0.00	-15.55	-37.90	-38.05	-39.70	80	4	7	44	3	75.65	10.90	89	8	7	55	4	70.55	31.60	0	0	DC-AS
lead-aware	9	19	4538	win	0.00	0.00	15.55	6.85	6.70	3.40	3.60	393	25	46	364	23	95.05	28.60	371	36	46	348	36	89.05	21.60	0	0	DC-AS
lead-aware	9	20	5372	win	6.15	0.00	12.55	7.65	6.10	6.30	6.70	475	36	50	457	35	80.80	23.70	455	44	50	438	44	96.45	26.40	0	0	DC-AS
lead-aware	9	21	1481	loss	0.00	29.50	0.00	-9.65	-29.55	-31.10	-30.20	107	3	15	66	1	86.55	19.80	110	8	15	77	4	68.10	25.70	0	0	DC-AS
lead-aware	9	22	4203	win	19.30	0.00	-15.55	14.85	16.45	17.00	15.00	370	34	48	352	31	71.35	41.50	359	30	48	343	28	82.65	36.20	0	0	DC-AS
lead-aware	9	23	2752	win	8.20	0.00	-15.55	-1.75	-0.85	-3.45	6.65	232	25	24	200	21	82.40	47.20	226	26	24	198	23	78.70	38.10	0	0	DC
lead-aware	9	24	5154	win	5.50	0.00	1.95	14.05	15.45	15.30	10.15	450	41	57	432	40	79.35	25.70	444	53	55	427	53	97.20	31.80	1	0	DC
lead-aware	9	25	5601	win	5.47	0.00	-1.95	16.00	16.00	13.40	13.25	497	27	73	480	26	79.98	20.10	485	47	73	469	47	100.75	28.20	0	0	DC
lead-aware	9	26	4935	win	9.37	0.45	14.75	22.65	23.20	20.75	22.00	436	28	51	417	25	78.38	39.10	425	45	52	411	44	87.35	36.10	0	0	DC
lead-aware	9	27	1800	loss	0.00	21.60	-15.55	-0.90	-0.90	-2.45	-20.55	137	11	16	100	8	82.15	32.30	138	18	15	107	15	70.00	38.10	0	0	DC-AS
lead-aware	9	28	1306	loss	0.00	48.80	15.55	-1.40	-15.60	-48.85	-49.35	88	3	12	51	2	77.25	10.50	94	12	12	65	9	59.90	29.70	0	0	DC-AS
lead-aware	9	29	5471	win	20.65	0.00	32.20	34.15	31.55	31.40	30.55	482	37	50	471	35	68.55	33.40	473	55	50	461	55	91.75	33.00	0	0	DC
lead-aware	9	30	1412	loss	0.00	19.90	-13.60	-14.40	-16.00	-17.20	-18.40	101	3	15	61	0	84.10	29.10	103	11	15	65	8	72.15	33.90	0	0	DC
lead-aware	9	31	1361	loss	0.00	28.00	13.60	-32.90	-28.60	-27.00	-28.15	94	6	11	58	3	76.00	30.30	99	11	11	68	7	68.25	43.00	0	0	DC
lead-aware	9	32	955	loss	0.00	54.00	1.95	-14.80	-54.60	-53.45	-54.00	49	3	5	21	1	56.70	19.80	62	10	5	33	4	60.70	55.80	1	0	DC
lead-aware	9	33	4866	loss	0.00	2.65	-15.55	0.70	0.55	2.85	1.65	420	30	46	403	27	74.50	39.90	419	40	46	403	37	91.65	51.30	0	0	DC
lead-aware	9	34	692	loss	0.00	63.75	0.00	-46.60	-63.75	-63.75	-63.75	36	1	8	7	0	57.25	9.70	39	6	7	11	1	56.25	49.10	0	0	DC
lead-aware	10	0	867	loss	0.00	50.25	49.10	30.80	-18.55	-50.25	-50.25	53	3	4	2	0	61.10	35.40	51	14	4	0	0	56.05	59.70	3		
lead-aware	10	1	3611	win	18.20	0.00	16.60	19.80	16.10	16.55	17.60	311	21	42	297	19	57.00	27.00	300	28	42	215	19	103.40	42.20	2	0	DC
lead-aware	10	2	1124	loss	0.00	27.35	1.95	-12.75	-15.65	-26.10	-27.35	73	3	10	26	2	94.25	10.50	77	8	10	36	6	70.85	11.90	0	0	DC
lead-aware	10	3	2193	loss	0.00	23.65	-1.95	4.70	5.95	4.65	1.70	172	8	25	132	8	92.25	3.20	173	12	24	134	11	80.95	10.40	0	0	DC
lead-aware	10	4	4568	win	6.96	0.00	0.00	8.95	9.15	9.35	8.85	399	26	47	374	24	86.64	29.00	377	28	47	359	27	86.55	21.10	0	0	DC
lead-aware	10	5	2516	loss	0.00	1.05	-16.60	-32.15	5.15	2.90	4.50	195	14	20	160	12	86.35	30.50	203	24	20	167	22	90.05	32.60	0	0	DC
lead-aware	10	6	5193	loss	0.00	2.85	1.95	1.65	4.10	1.85	3.45	450	29	58	433	27	75.29	30.20	449	45	58	432	43	97.95	45.20	0	0	DC
lead-aware	10	7	3415	win	11.90	0.00	-15.55	-0.60	2.40	0.15	1.05	296	21	36	266	17	85.10	45.60	270	32	36	247	30	76.90	31.50	1	0	DC
lead-aware	10	8	1825	loss	0.00	16.00	0.00	-1.65	-14.30	-7.40	-18.30	131	13	16	84	12	100.05	14.50	140	14	16	103	14	75.80	8.40	0	0	DC
lead-aware	10	9	4461	win	14.77	0.00	0.00	14.50	14.35	15.05	16.65	394	22	56	374	20	75.83	27.40	382	29	56	363	28	91.50	26.50	1	0	DC
lead-aware	10	10	1726	loss	0.00	15.25	-1.95	-13.50	-20.35	-17.70	-17.85	123	11	15	78	9	95.55	23.00	131	10	14	95	8	74.65	19.40	0	0	DC
lead-aware	10	11	969	loss	0.00	60.05	-13.60	-46.65	-61.75	-59.85	-60.05	52	2	9	24	1	57.00	10.10	64	7	9	36	2	60.00	49.70	0	0	DC-AS
lead-aware	10	12	1817	win	2.20	0.00	-15.55	-16.55	-15.25	0.85	1.05	149	13	13	110	8	87.05	51.70	139	10	13	105	6	74.65	42.40	0	0	DC
lead-aware	10	13	4393	win	4.35	0.00	-15.55	6.60	4.00	1.05	1.95	388	37	45	363	35	87.15	33.40	374	37	46	356	36	88.50	31.30	0	0	DC
lead-aware	10	14	1594	loss	0.00	20.65	-4.95	-18.85	-19.50	-22.65	-22.10	117	9	12	78	7	83.85	22.20	119	12	10	80	9	74.45	27.40	0	0	DC
lead-aware	10	15	5273	win	12.30	0.00	0.00	19.00	19.20	20.80	17.85	463	29	51	446	28	77.75	20.90	432	42	50	411	42	97.00	25.20	1	0	DC-AS
lead-aware	10	16	3680	win	0.13	0.00	-15.55	-15.55	1.45	2.00	3.85	317	23	38	287	22	87.19	18.50	306	24	38	277	23	98.10	23.50	1	0	DC-AS
lead-aware	10	17	4873	win	21.60	0.00	13.60	15.35	15.90	17.85	16.65	432	39	63	415	38	74.65	24.90	413	35	63	395	35	91.15	21.00	0	0	DC-AS
lead-aware	10	18	1257	loss	0.00	32.40	-13.60	-17.15	-31.25	-30.70	-30.15	88	7	12	52	5	75.40	21.40	89	11	12	52	7	70.35	38.20	0	0	DC-AS
lead-aware	10	19	5117	win	23.15	0.00	31.60	21.30	20.40	23.95	23.45	455	39	47	444	37	65.85	34.20	416	43	46	394	41	91.00	34.40	1	0	DC
lead-aware	10	20	5469	win	0.10	0.00	1.95	14.75	16.35	15.15	12.90	476	37	53	458	36	81.95	24.10	472	56	53	455	56	101.40	33.60	1	0	DC
lead-aware	10	21	2728	win	16.35	0.00	0.00	-1.00	0.50	-6.15	16.65	225	22	26	190	20	89.35	27.40	220	20	25	187	20	82.00	12.00	1	0	DC
lead-aware	10	22	1115	loss	0.00	38.55	1.95	-15.55	-39.25	-37.30	-38.55	72	6	9	35	5	75.65	11.70	76	9	9	40	5	70.60	32.20	0	0	DC
lead-aware	10	23	5503	win	3.79	0.00	15.55	10.85	10.85	12.10	10.55	483	29	55	465	28	81.60	20.90	474	44	55	457	44	99.30	26.40	1	0	DC
lead-aware	10	24	1691	loss	0.00	12.35	-1.95	-24.40	-10.25	-15.15	-17.40	117	9	16	73	6	93.10	31.50	128	9	16	93	6	73.40	26.80	0	0	DC-AS
lead-aware	10	25	1319	loss	0.00	41.45	-1.95	-36.35	-37.95	-38.80	-40.70	90	8	10	58	6	69.25	21.80	95	14	10	67	10	64.65	44.80	0	0	DC-AS
lead-aware	10	26	2827	loss	0.00	4.70	-17.50	-17.50	0.75	0.25	-0.95	221	18	37	186	15	86.37	35.10	230	30	38	199	28	84.50	36.20	0	0	DC-AS
lead-aware	10	27	1416	loss	0.00	37.95	-13.60	-31.10	-37.90	-39.45	-39.25	102	4	9	65	4	78.65	1.60	103	8	9	70	6	74.85	23.00	0	0	DC-AS
lead-aware	10	28	1468	loss	0.00	27.55	-15.55	-15.55	-27.75	-24.75	-25.70	100	7	9	60	6	84.00	12.10	107	10	9	69	8	75.65	24.20	0	0	DC-AS
lead-aware	10	29	3661	double	0.00	0.00	-15.55	-31.10	-1.10	-1.60	-1.25	275	22	32	246	19	81.15	36.70	259	25	31	230	22	90.25	42.30	1	0	DC
lead-aware	10	30	3715	win	2.30	0.00	0.90	-2.75	1.35	1.90	0.35	322	20	39	290	19	92.45	17.30	311	28	39	282	28	95.65	16.80	1	0	DC
lead-aware	10	31	5531	win	8.75	0.00	0.00	14.10	14.65	12.30	12.15	492	29	56	476	28	78.80	20.90	470	45	56	454	45	99.30	27.00	1	0	DC
lead-aware	10	32	5292	win	19.25	0.00	15.55	30.90	29.35	30.85	27.55	471	33	66	458	31	71.15	31.80	454	51	66	441	51	91.50	30.60	0	0	DC-AS
lead-aware	10	33	4734	win	20.95	0.00	15.55	23.05	24.30	25.20	25.05	418	26	58	399	24	76.95	29.00	406	37	56	391	37	87.10	22.20	0	0	DC
lead-aware	10	34	1820	loss	0.00	20.55	-31.10	-31.10	-25.75	-24.00	-21.70	126	5	16	87	4	85.80	11.30	139	6	16	103	4	81.65	21.80	0	0	DC-AS
lead-aware-sampled	1	0	3885	win	41.05	0.00	32.44	30.44	33.49	32.99	34.59	340	33	34	328	31	60.40	38.10	318	26	34	289	24	78.98	22.70	0		
lead-aware-sampled	1	1	4999	win	31.25	0.00	14.75	26.45	25.50	24.20	22.75	438	48	45	422	45	73.40	47.10	427	44	45	422	44	73.05	26.40	0	0	DC
lead-aware-sampled	1	2	4639	win	37.50	0.00	25.70	41.20	38.60	37.75	41.95	407	33	55	394	30	64.75	41.10	389	38	56	379	38	76.35	22.80	0	0	DC
lead-aware-sampled	1	3	1327	loss	0.00	23.85	1.95	-17.85	-24.90	-22.85	-22.30	91	6	11	49	4	86.80	21.00	95	10	11	52	7	71.95	26.20	0	1	DC
lead-aware-sampled	1	4	5401	win	14.90	0.00	7.45	20.50	20.60	21.85	21.35	473	36	50	460	32	71.35	51.60	461	49	50	452	48	85.35	38.50	1	1	DC
lead-aware-sampled	1	5	4486	win	14.66	0.00	1.95	16.95	18.20	16.80	17.70	390	41	42	357	39	83.31	28.74	384	37	42	367	37	88.20	22.20	0	1	DC
lead-aware-sampled	1	6	1083	win	18.56	0.00	16.15	10.65	-15.55	9.50	19.06	76	11	11	39	6	112.34	74.78	78	6	10	62	5	33.30	12.70	0	1	DC-AS
lead-aware-sampled	1	7	954	loss	0.00	52.20	10.30	-22.45	-51.40	-51.55	-52.20	61	3	9	31	2	66.85	10.50	62	7	8	32	3	61.60	40.60	0	1	DC
lead-aware-sampled	1	8	4237	win	8.80	0.00	1.95	0.35	-1.85	-1.10	-2.30	366	39	30	343	38	79.15	24.90	359	32	29	336	31	95.25	28.30	0	1	DC-AS
lead-aware-sampled	1	9	1347	loss	0.00	35.80	-15.55	-31.10	-34.70	-36.25	-35.35	88	6	9	55	4	69.85	21.00	96	12	9	65	8	70.20	43.60	1	1	DC-AS
lead-aware-sampled	1	10	4225	win	37.65	0.00	27.65	35.75	36.65	34.85	34.70	366	39	49	349	36	69.10	43.50	352	31	49	342	31	70.80	18.60	0	1	DC
lead-aware-sampled	1	11	1880	loss	0.00	40.25	-13.60	-44.70	-49.25	-47.10	-46.55	144	14	15	115	13	68.05	14.90	146	9	15	119	5	70.50	41.80	0	1	DC
lead-aware-sampled	1	12	1244	loss	0.00	56.30	-15.55	-62.20	-54.00	-56.25	-55.70	82	2	8	52	1	63.70	10.10	89	11	8	63	7	60.15	43.00	0	1	DC-AS
lead-aware-sampled	1	13	4392	win	10.05	0.00	-13.60	2.10	2.05	4.00	4.90	382	31	45	360	30	78.90	21.70	368	28	45	345	27	96.60	25.90	0	1	DC
lead-aware-sampled	1	14	1556	loss	0.00	20.95	0.00	-7.00	-21.00	-19.50	-19.90	108	8	10	63	6	94.05	21.80	116	11	10	82	9	70.60	20.00	1	1	DC-AS
lead-aware-sampled	1	15	4479	win	21.65	0.00	13.60	19.30	21.35	20.85	21.40	388	44	49	370	41	72.10	45.50	381	45	49	368	44	80.55	36.10	1	1	DC-AS
lead-aware-sampled	1	16	4729	win	6.38	0.00	-15.55	2.10	0.55	3.90	4.45	410	42	53	389	41	80.17	26.10	403	37	54	382	36	96.65	31.30	0	1	DC-AS
lead-aware-sampled	1	17	1367	loss	0.00	63.45	-44.70	-65.45	-67.00	-65.75	-62.75	89	10	11	64	9	55.15	13.30	101	14	11	78	9	56.55	53.90	1	1	DC-AS
lead-aware-sampled	1	18	5200	win	6.30	0.00	15.30	4.00	3.85	4.50	4.70	456	41	48	436	39	82.60	35.00	431	42	48	418	41	87.25	29.50	0	1	DC-AS
lead-aware-sampled	1	19	2908	win	10.85	0.00	15.55	-9.50	8.85	9.85	10.75	246	24	35	215	20	81.95	46.80	238	23	35	214	20	78.10	36.30	0	1	DC-AS
lead-aware-sampled	1	20	3118	loss	0.00	16.95	-1.95	2.65	1.10	0.60	-1.65	252	15	16	214	13	95.50	24.60	260	29	16	235	28	73.90	20.60	0	1	DC-AS
lead-aware-sampled	1	21	4822	win	15.55	0.00	16.70	10.00	13.00	16.70	18.05	413	47	43	395	45	75.65	37.40	411	33	44	397	32	85.25	28.90	1	1	DC
lead-aware-sampled	1	22	4871	win	19.65	0.00	1.95	15.05	15.95	14.70	18.20	423	47	48	406	46	74.80	28.10	418	41	49	401	41	90.90	24.60	0	1	DC
lead-aware-sampled	1	23	2199	loss	0.00	27.95	1.95	-2.25	-0.90	1.20	-2.45	170	12	18	133	10	85.45	23.40	176	19	18	147	17	68.00	29.60	0	1	DC
lead-aware-sampled	1	24	1469	loss	0.00	50.30	-29.15	-44.70	-52.70	-50.75	-49.15	107	8	9	75	8	69.90	3.20	109	9	9	81	6	66.75	32.70	0	1	DC
lead-aware-sampled	1	25	4694	win	17.09	0.00	17.50	7.25	7.10	7.45	4.50	408	45	48	386	44	80.96	27.30	402	35	49	385	35	88.50	21.00	0	1	DC-AS
lead-aware-sampled	1	26	1409	loss	0.00	59.20	-15.55	-62.00	-64.35	-61.25	-59.65	101	6	16	76	5	56.35	11.70	104	10	16	79	5	60.60	51.50	0	1	DC
lead-aware-sampled	1	27	1238	loss	0.00	44.40	17.50	-18.15	-41.45	-41.95	-44.20	86	4	10	53	2	69.65	20.20	88	12	11	59	7	63.00	43.10	0	1	DC
lead-aware-sampled	1	28	1291	loss	0.00	25.80	1.95	-29.15	-23.35	-21.50	-23.05	85	5	10	49	2	75.10	29.90	92	12	10	59	8	71.30	43.60	1	1	DC
lead-aware-sampled	1	29	4772	win	11.25	0.00	0.00	14.30	14.85	13.65	11.05	417	40	52	397	39	78.70	25.30	410	47	52	391	47	95.70	28.20	0	1	DC
lead-aware-sampled	1	30	1862	loss	0.00	13.10	-13.60	-29.15	-5.45	-15.70	-16.65	132	9	12	93	6	85.35	31.50	144	12	12	111	9	77.00	34.50	0	1	DC-AS
lead-aware-sampled	1	31	2811	loss	0.00	21.20	-13.60	-0.30	-0.35	-0.50	-2.75	223	16	20	190	14	84.40	25.00	231	23	20	204	21	74.95	32.00	0	1	DC-AS
lead-aware-sampled	1	32	1497	loss	0.00	32.40	0.90	-13.35	-25.50	-33.80	-33.95	103	4	14	61	3	89.05	10.90	110	8	14	77	6	68.70	18.20	0	1	DC
lead-aware-sampled	1	33	4501	win	7.95	0.00	17.50	10.30	10.30	7.90	6.15	392	38	50	373	35	75.40	43.10	385	45	50	367	42	88.55	44.70	0	1	DC
lead-aware-sampled	1	34	4767	win	0.10	0.00	1.95	-15.30	-0.10	-0.25	0.65	405	36	45	378	35	90.45	23.70	400	43	45	380	43	96.00	25.80	0	1	DC
lead-aware-sampled	2	0	3493	win	48.50	0.00	44.30	48.65	50.65	49.75	50.10	302	33	34	292	30	57.10	47.40	292	35	35	242	32	70.91	23.80	0		
lead-aware-sampled	2	1	4265	win	11.65	0.00	1.95	4.10	3.60	7.45	8.70	371	44	42	350	43	77.00	26.90	364	36	43	341	35	93.60	30.70	0	0	DC
lead-aware-sampled	2	2	3937	win	46.65	0.00	43.40	45.00	46.25	48.90	48.20	339	45	25	325	42	61.90	45.90	335	31	25	324	31	68.45	18.60	0	0	DC
lead-aware-sampled	2	3	5146	win	34.20	0.00	33.15	34.75	34.60	34.45	35.00	452	26	45	442	24	63.70	29.00	445	35	43	434	35	86.55	21.00	1	1	DC-AS
lead-aware-sampled	2	4	4493	win	26.40	0.00	15.55	26.20	27.25	26.60	27.30	391	37	42	373	35	72.40	33.40	382	38	43	366	38	84.50	22.80	0	1	DC
lead-aware-sampled	2	5	5133	win	15.62	0.00	15.55	14.65	12.95	14.70	15.25	446	32	53	431	30	72.35	31.40	430	36	53	414	35	90.10	30.70	0	1	DC
lead-aware-sampled	2	6	1420	loss	0.00	31.45	-31.10	-34.55	-35.45	-33.85	-31.55	98	9	18	67	6	67.15	31.50	103	13	19	73	8	69.45	53.30	1	1	DC
lead-aware-sampled	2	7	3727	win	6.00	0.00	1.95	-0.85	7.20	5.65	7.25	318	23	31	281	20	101.35	37.10	315	27	32	299	27	75.25	16.20	0	1	DC
lead-aware-sampled	2	8	1387	loss	0.00	32.50	-29.15	-15.40	-31.50	-32.20	-33.20	97	8	15	57	7	83.70	12.50	101	11	15	67	9	70.75	24.80	0	1	DC-AS
lead-aware-sampled	2	9	4121	win	5.40	0.00	25.85	31.95	31.10	30.60	29.50	352	39	44	317	36	102.59	43.50	353	35	44	341	35	72.15	21.00	0	1	DC
lead-aware-sampled	2	10	4760	win	13.20	0.00	0.00	-0.25	2.75	3.30	4.90	415	43	45	400	40	69.25	45.10	407	33	45	393	30	86.25	47.10	0	1	DC
lead-aware-sampled	2	11	4919	win	0.30	0.00	0.00	7.65	7.85	8.75	8.35	423	38	45	400	37	84.85	24.50	422	48	45	403	48	97.50	28.80	0	1	DC-AS
lead-aware-sampled	2	12	4273	win	20.70	0.00	17.50	-1.90	17.45	18.10	17.95	370	34	37	346	32	81.40	32.20	365	28	39	350	28	80.95	16.80	0	1	DC
lead-aware-sampled	2	13	6045	double	0.00	0.00	1.95	15.20	15.40	13.85	13.15	491	43	55	475	42	78.76	26.50	493	66	55	475	66	103.15	39.60	0	1	DC
lead-aware-sampled	2	14	1145	loss	0.00	52.70	-44.70	-44.70	-47.80	-52.50	-52.70	77	2	10	45	2	66.90	0.80	79	12	9	48	9	67.65	34.50	1	1	DC
lead-aware-sampled	2	15	1403	loss	0.00	41.25	-13.60	-29.15	-47.15	-45.90	-42.80	80	7	13	51	5	61.65	21.40	102	11	13	72	6	69.30	52.10	0	1	DC
lead-aware-sampled	2	16	1626	loss	0.00	27.75	1.95	-11.80	-13.30	-27.95	-30.55	109	7	11	63	6	96.00	12.10	122	15	11	87	14	69.30	12.20	0	1	DC-AS
lead-aware-sampled	2	17	4716	win	12.50	0.00	0.00	-0.45	-1.30	0.30	1.20	411	34	51	391	33	79.15	22.90	399	26	49	380	25	94.05	24.70	0	1	DC-AS
lead-aware-sampled	2	18	4474	win	29.30	0.00	17.50	25.65	27.60	28.50	29.75	389	38	47	371	36	72.20	33.80	367	35	47	351	35	82.25	21.00	0	1	DC-AS
lead-aware-sampled	2	19	4537	win	16.68	0.00	-0.05	11.25	10.75	12.00	9.40	396	37	43	375	36	77.57	24.10	382	34	45	363	34	91.50	20.40	1	1	DC-AS
lead-aware-sampled	2	20	1924	loss	0.00	1.65	-31.10	-16.20	-10.35	-0.05	0.25	145	14	13	104	9	90.35	52.10	150	17	13	121	13	73.10	41.80	0	1	DC-AS
lead-aware-sampled	2	21	4438	win	11.96	0.00	1.95	13.30	11.05	10.90	7.60	385	35	50	364	33	78.94	32.60	379	36	50	361	35	89.25	30.70	0	1	DC-AS
lead-aware-sampled	2	22	1548	loss	0.00	29.05	-29.15	-29.15	-33.35	-31.05	-31.45	112	14	8	75	14	79.65	5.60	114	11	8	78	9	81.10	24.80	1	1	DC
lead-aware-sampled	2	23	4121	win	46.02	0.00	46.75	46.60	45.75	46.75	48.35	353	35	39	339	32	61.53	41.90	351	31	38	340	31	72.45	18.60	0	1	DC-AS
lead-aware-sampled	2	24	2248	loss	0.00	13.90	0.00	-15.20	-1.70	-1.40	-2.35	170	13	16	134	10	83.60	33.10	179	18	16	149	15	76.85	38.10	0	1	DC-AS
lead-aware-sampled	2	25	5222	win	20.50	0.00	26.00	25.55	25.15	26.40	24.50	458	36	52	444	34	71.70	33.00	450	49	53	435	49	89.70	29.40	0	1	DC
lead-aware-sampled	2	26	5501	win	9.00	0.00	0.00	19.85	19.25	17.65	17.20	484	48	47	469	47	76.15	28.50	466	58	47	450	58	97.90	34.80	0	1	DC-AS
lead-aware-sampled	2	27	1556	loss	0.00	28.70	-13.60	-32.00	-31.00	-30.45	-29.20	109	10	9	70	9	83.05	13.30	115	13	10	80	11	74.65	26.00	0	1	DC
lead-aware-sampled	2	28	1410	loss	0.00	34.00	-13.60	-29.15	-32.55	-33.75	-31.80	94	5	11	57	5	77.85	2.00	102	10	11	66	8	79.30	24.20	0	1	DC
lead-aware-sampled	2	29	1396	loss	0.00	29.45	-13.60	-29.15	-30.50	-31.70	-29.75	99	11	8	66	9	70.95	23.00	101	12	8	68	8	74.55	43.60	0	1	DC
lead-aware-sampled	2	30	5159	win	25.60	0.00	31.10	27.60	28.85	28.35	29.00	453	36	46	441	34	67.50	33.00	445	47	48	433	47	88.35	28.20	1	1	DC-AS
lead-aware-sampled	2	31	954	loss	0.00	65.15	-31.10	-62.20	-60.85	-64.25	-65.15	61	2	4	33	2	58.95	0.80	62	9	4	34	5	59.70	41.80	0	1	DC
lead-aware-sampled	2	32	1222	loss	0.00	32.70	-15.55	-15.55	-28.05	-28.55	-30.35	82	5	4	46	3	74.80	20.60	85	13	4	50	9	71.15	38.30	0	1	DC
lead-aware-sampled	2	33	3560	win	35.70	0.00	0.00	3.00	4.60	5.50	6.05	301	26	40	280	25	70.00	26.00	298	19	39	277	19	82.50	11.40	0	1	DC
lead-aware-sampled	2	34	4508	win	14.46	0.00	0.00	14.90	17.35	15.20	14.00	390	39	37	369	38	78.49	24.90	385	41	36	365	41	93.75	24.60	1	1	DC-AS
lead-aware-sampled	3	0	3395	win	47.70	0.00	44.25	43.85	47.85	49.30	48.10	296	31	33	286	28	56.50	46.60	281	28	35	237	25	71.80	23.60	0		
lead-aware-sampled	3	1	1103	loss	0.00	31.30	9.25	-11.70	-21.00	-32.75	-31.30	57	4	6	15	2	84.45	20.20	75	7	6	34	3	66.95	28.40	0	0	DC
lead-aware-sampled	3	2	4685	win	25.95	0.00	20.25	22.25	22.80	21.25	22.85	411	46	51	396	44	68.85	37.00	398	43	51	380	42	85.70	30.10	1	0	DC
lead-aware-sampled	3	3	4536	win	11.60	0.00	-13.60	1.30	-0.95	-0.05	1.30	394	43	47	373	42	80.35	26.50	387	29	48	368	28	92.25	26.50	0	1	DC
lead-aware-sampled	3	4	4855	win	12.65	0.00	27.30	27.85	4.55	3.70	5.30	422	40	44	404	38	89.15	34.60	418	35	44	406	35	81.90	21.00	0	1	DC
lead-aware-sampled	3	5	1414	loss	0.00	34.50	0.00	-13.95	-18.60	-34.05	-33.50	98	10	14	51	9	96.75	13.30	104	12	14	75	11	60.60	11.50	0	1	DC
lead-aware-sampled	3	6	952	win	16.80	0.00	-15.55	-31.10	-2.20	17.50	16.80	68	9	5	25	4	86.35	50.10	60	8	5	23	5	67.60	27.30	0	1	DC
lead-aware-sampled	3	7	4013	loss	0.00	15.10	1.95	2.45	2.65	4.25	5.85	332	29	43	305	28	83.15	20.90	341	37	44	319	36	86.45	31.30	2	1	DC
lead-aware-sampled	3	8	1582	loss	0.00	30.00	0.00	-13.60	-31.25	-30.85	-28.90	115	8	15	80	6	76.25	21.80	118	10	15	87	6	71.90	37.60	0	1	DC-AS
lead-aware-sampled	3	9	4325	win	17.85	0.00	0.00	13.25	13.10	14.70	15.95	376	40	43	356	38	75.65	34.60	369	34	41	352	33	85.95	29.50	0	1	DC
lead-aware-sampled	3	10	4594	loss	0.00	2.30	1.95	0.20	-0.30	-1.40	-2.00	388	32	42	365	31	81.35	22.10	390	42	42	367	41	99.90	34.30	1	1	DC-AS
lead-aware-sampled	3	11	5042	win	32.45	0.00	31.20	31.75	31.25	30.85	32.45	444	48	62	430	46	66.65	37.80	417	45	61	406	45	82.35	27.00	0	1	DC
lead-aware-sampled	3	12	897	loss	0.00	60.55	-15.55	-0.50	-9.45	-60.55	-60.55	54	3	5	21	2	66.45	10.50	57	8	5	30	3	54.75	40.70	0	1	DC-AS
lead-aware-sampled	3	13	1378	loss	0.00	41.40	-31.10	-29.15	-47.55	-44.80	-41.80	89	7	7	56	7	69.95	2.80	99	9	7	65	6	76.05	32.70	0	1	DC-AS
lead-aware-sampled	3	14	5392	win	8.20	0.00	17.50	12.60	6.40	7.05	8.65	471	37	62	453	36	81.45	24.10	455	46	63	438	46	96.45	27.60	0	1	DC-AS
lead-aware-sampled	3	15	3877	win	7.36	0.00	1.95	-7.45	6.05	6.95	7.50	333	34	34	305	32	85.04	32.20	325	33	33	303	32	88.35	28.90	1	1	DC
lead-aware-sampled	3	16	1348	loss	0.00	39.55	-15.55	-15.55	-38.75	-37.40	-38.10	90	4	11	53	4	77.45	1.60	96	11	11	60	8	75.20	24.30	0	1	DC-AS
lead-aware-sampled	3	17	1342	loss	0.00	37.35	0.00	-31.10	-36.15	-37.00	-38.45	86	8	8	51	7	73.35	12.50	96	13	8	63	10	72.20	35.10	0	1	DC-AS
lead-aware-sampled	3	18	4430	win	27.63	0.00	16.70	27.75	27.95	27.20	28.45	386	33	41	369	30	69.12	41.10	378	34	41	364	33	80.30	29.50	0	1	DC-AS
lead-aware-sampled	3	19	5332	win	8.00	0.00	15.55	13.05	11.60	12.85	13.20	466	47	46	449	46	78.05	28.10	461	55	47	444	55	97.35	33.00	1	1	DC-AS
lead-aware-sampled	3	20	1180	loss	0.00	39.55	-29.15	-13.60	-37.65	-40.25	-39.50	76	10	7	43	8	68.65	22.60	83	16	7	52	12	66.65	46.00	0	1	DC
lead-aware-sampled	3	21	1505	loss	0.00	33.90	-31.10	-29.15	-38.10	-36.15	-33.85	108	7	11	71	7	79.25	2.80	110	8	11	76	6	77.70	23.00	0	1	DC
lead-aware-sampled	3	22	4915	win	9.10	0.00	17.50	14.75	14.25	13.55	15.15	428	36	44	410	34	76.10	33.00	419	48	44	402	47	93.45	37.90	1	1	DC
lead-aware-sampled	3	23	3566	win	11.52	0.00	0.00	-7.35	3.85	3.35	5.10	299	36	34	270	34	83.28	33.00	298	30	34	274	29	86.30	27.10	1	1	DC
lead-aware-sampled	3	24	4575	win	25.55	0.00	0.00	16.90	19.20	19.75	22.05	398	31	50	380	30	73.10	21.70	389	27	50	371	27	90.75	16.20	0	1	DC
lead-aware-sampled	3	25	3564	win	3.55	0.00	0.00	-14.00	1.85	-1.45	-0.20	301	37	30	275	35	79.25	33.40	294	30	29	266	28	92.90	36.20	0	1	DC-AS
lead-aware-sampled	3	26	787	loss	0.00	43.75	-31.10	-29.15	-41.35	-43.75	-43.75	43	3	3	7	1	71.95	19.80	46	7	4	11	3	67.90	34.70	0	1	DC
lead-aware-sampled	3	27	1652	loss	0.00	11.70	-44.70	-31.10	-7.75	-12.65	-12.80	117	10	13	77	7	85.70	31.90	124	12	13	91	9	78.00	34.50	0	1	DC-AS
lead-aware-sampled	3	28	3246	win	0.75	0.00	15.55	-1.70	-1.50	-2.00	-13.10	277	26	35	244	22	88.75	47.60	251	30	35	223	27	80.05	40.50	0	1	DC
lead-aware-sampled	3	29	1434	loss	0.00	20.05	-15.55	-29.15	-19.80	-19.95	-21.50	100	10	6	64	7	76.60	31.90	105	12	7	69	8	75.05	43.60	0	1	DC
lead-aware-sampled	3	30	1161	loss	0.00	42.10	-13.60	-29.15	-36.85	-37.70	-41.35	79	6	9	46	4	68.95	21.00	81	13	9	52	9	64.35	44.20	0	1	DC
lead-aware-sampled	3	31	2095	win	1.70	0.00	0.00	-20.15	0.35	0.90	1.80	173	13	15	136	8	85.75	51.70	162	13	15	131	9	76.10	44.20	0	1	DC
lead-aware-sampled	3	32	1470	loss	0.00	53.45	1.95	-60.25	-58.25	-57.70	-56.10	106	8	10	79	8	60.55	3.20	109	10	10	78	6	69.45	42.40	0	1	DC
lead-aware-sampled	3	33	703	loss	0.00	63.60	0.00	-46.65	-63.60	-63.60	-63.60	36	1	5	7	0	57.25	9.70	40	6	5	12	1	56.40	49.10	0	1	DC
lead-aware-sampled	3	34	1472	loss	0.00	37.60	17.50	-19.00	-38.65	-37.75	-38.50	92	4	8	57	3	73.95	10.90	108	10	8	76	7	72.20	33.30	0	1	DC-AS
lead-aware-sampled	4	0	3220	win	50.48	0.00	47.55	51.30	50.15	46.50	47.45	279	37	22	264	34	55.82	49.00	262	29	22	203	23	69.75	24.60	1		
lead-aware-sampled	4	1	4086	win	37.30	0.00	1.95	31.60	29.85	30.75	29.55	355	45	32	339	43	65.10	36.60	348	37	32	331	37	80.40	22.20	0	0	DC
lead-aware-sampled	4	2	4243	win	49.70	0.00	45.15	44.65	45.30	46.55	48.95	370	39	40	359	36	57.35	43.50	363	35	41	352	35	72.65	21.00	0	0	DC
lead-aware-sampled	4	3	4366	win	8.81	0.00	0.00	15.75	15.35	16.95	19.95	376	45	39	351	44	89.86	27.30	373	35	38	355	35	88.35	21.00	0	1	DC
lead-aware-sampled	4	4	1623	loss	0.00	41.05	0.00	-19.00	-45.25	-44.00	-42.95	113	7	16	81	7	70.50	2.80	121	8	16	88	5	75.95	32.10	0	1	DC
lead-aware-sampled	4	5	4293	win	29.07	0.00	13.60	28.25	29.15	31.45	32.35	373	32	36	355	30	69.83	31.40	366	34	35	349	34	83.10	20.40	0	1	DC
lead-aware-sampled	4	6	3666	win	1.55	0.00	1.95	-11.40	2.70	2.35	0.10	312	30	38	280	28	91.45	30.60	308	30	39	284	29	88.60	27.10	0	1	DC
lead-aware-sampled	4	7	4295	win	13.60	0.00	-13.60	16.90	17.80	14.60	16.20	373	34	34	355	31	71.65	41.50	365	39	33	347	37	87.15	41.60	0	1	DC
lead-aware-sampled	4	8	1521	loss	0.00	15.90	-15.55	-31.10	-24.90	-17.40	-16.15	108	7	11	65	3	90.35	40.00	114	12	11	87	9	65.70	34.50	0	1	DC-AS
lead-aware-sampled	4	9	5217	win	12.75	0.00	0.00	16.25	18.55	19.45	17.65	455	39	54	439	38	75.10	24.90	450	49	54	432	49	96.70	29.40	1	1	DC-AS
lead-aware-sampled	4	10	4608	loss	0.00	7.90	0.00	-0.70	-1.10	0.50	0.70	380	27	51	354	27	88.20	10.80	392	36	50	371	36	96.60	21.60	1	1	DC-AS
lead-aware-sampled	4	11	3354	loss	0.00	11.35	1.95	0.15	1.05	-0.05	0.15	275	18	27	245	16	83.00	25.80	281	26	26	257	24	85.35	33.80	0	1	DC
lead-aware-sampled	4	12	4697	win	33.65	0.00	15.55	30.55	30.15	30.85	31.10	410	40	43	397	38	65.05	34.60	399	39	43	386	39	83.25	23.40	0	1	DC
lead-aware-sampled	4	13	3826	win	64.20	0.00	45.25	45.10	46.00	46.55	48.95	327	30	38	316	27	53.05	39.90	324	14	38	313	14	66.80	8.40	0	1	DC-AS
lead-aware-sampled	4	14	5097	win	0.10	0.00	1.95	0.70	-0.15	2.15	3.40	445	34	56	422	33	89.15	22.90	439	37	57	421	36	96.65	26.50	1	1	DC
lead-aware-sampled	4	15	1704	loss	0.00	34.75	1.95	-15.40	-39.50	-37.20	-36.80	117	10	14	83	9	74.60	13.30	129	12	14	98	9	73.55	34.50	0	1	DC-AS
lead-aware-sampled	4	16	1776	loss	0.00	31.90	-15.55	-0.85	0.05	-1.85	-12.15	132	10	14	95	8	82.70	22.60	137	17	14	109	14	66.35	31.60	0	1	DC-AS
lead-aware-sampled	4	17	1436	loss	0.00	53.55	-31.10	-50.25	-54.70	-54.50	-55.70	97	7	14	67	6	65.20	12.10	106	11	14	81	7	60.90	43.00	0	1	DC-AS
lead-aware-sampled	4	18	4736	win	15.75	0.00	1.95	-0.65	-0.10	1.65	2.20	412	42	57	391	42	80.05	16.80	401	28	57	381	28	96.15	16.80	0	1	DC-AS
lead-aware-sampled	4	19	4973	win	9.45	0.00	14.50	7.90	9.50	9.70	11.30	434	39	54	414	38	79.51	24.90	427	38	53	411	38	92.05	22.80	1	1	DC-AS
lead-aware-sampled	4	20	1443	loss	0.00	11.90	-31.10	-34.55	-9.75	-12.00	-11.80	103	10	7	63	4	84.30	59.80	107	11	6	82	6	60.25	52.10	0	1	DC
lead-aware-sampled	4	21	4583	win	43.15	0.00	48.60	49.60	50.60	50.10	47.85	400	37	50	390	34	58.50	42.70	386	42	52	375	42	77.70	25.20	1	1	DC
lead-aware-sampled	4	22	4567	win	11.50	0.00	15.55	25.20	23.65	21.50	20.65	399	32	47	380	29	75.05	40.70	388	52	46	371	51	88.00	40.30	0	1	DC-AS
lead-aware-sampled	4	23	2709	win	30.60	0.00	-31.10	15.65	18.40	18.95	19.50	231	25	27	206	22	69.35	37.90	218	10	27	193	8	77.70	24.20	0	1	DC
lead-aware-sampled	4	24	2852	loss	0.00	15.20	1.95	1.45	0.60	1.50	1.00	227	16	28	194	13	84.80	34.30	235	27	28	207	24	75.55	37.20	0	1	DC
lead-aware-sampled	4	25	1561	loss	0.00	22.45	0.00	-10.50	-16.55	-22.40	-22.90	113	7	19	72	5	87.15	21.40	116	9	20	82	6	73.10	26.40	0	1	DC
lead-aware-sampled	4	26	1160	loss	0.00	28.20	-17.50	-24.80	-23.70	-25.15	-27.60	76	6	5	35	3	84.50	30.30	80	12	5	50	9	63.10	34.50	0	1	DC-AS
lead-aware-sampled	4	27	1738	loss	0.00	28.30	-17.50	-12.45	-32.85	-31.95	-31.40	127	10	15	87	8	86.70	22.60	133	9	15	102	6	66.95	27.90	0	1	DC-AS
lead-aware-sampled	4	28	1470	loss	0.00	32.85	17.50	-13.60	-32.45	-31.20	-32.65	97	6	11	60	5	78.15	11.70	107	12	11	70	9	74.65	29.70	0	1	DC
lead-aware-sampled	4	29	1584	loss	0.00	29.75	-46.65	-29.15	-33.45	-32.20	-32.35	109	7	8	76	5	71.95	21.40	118	9	7	86	5	74.50	41.80	0	1	DC
lead-aware-sampled	4	30	5457	win	1.80	0.00	15.55	16.30	12.30	11.80	11.30	478	32	60	462	30	79.50	31.40	473	50	60	458	49	97.15	39.10	1	1	DC-AS
lead-aware-sampled	4	31	1531	loss	0.00	48.00	1.95	-44.70	-51.60	-50.15	-47.85	112	4	18	80	4	70.40	1.60	114	6	19	85	3	69.30	30.90	0	1	DC-AS
lead-aware-sampled	4	32	1579	loss	0.00	10.35	-31.10	-17.15	-2.45	-11.30	-9.00	114	14	16	78	8	78.00	61.40	118	17	15	89	11	65.90	60.00	0	1	DC-AS
lead-aware-sampled	4	33	1743	loss	0.00	16.15	0.00	-33.05	-18.65	-19.25	-18.35	129	14	9	90	11	85.05	33.50	132	15	8	98	12	73.30	36.30	0	1	DC-AS
lead-aware-sampled	4	34	1444	loss	0.00	44.80	-31.10	-29.15	-45.55	-45.25	-44.70	105	9	8	77	7	62.30	22.20	106	10	8	79	5	64.50	51.50	0	1	DC-AS
lead-aware-sampled	5	0	3409	win	52.00	0.00	45.16	51.36	53.61	49.16	49.46	297	36	44	287	33	56.60	48.60	273	32	44	225	28	68.16	22.00	2		
lead-aware-sampled	5	1	4911	win	27.70	0.00	31.25	31.45	31.65	31.15	30.65	431	33	54	417	31	71.10	31.80	424	37	54	412	37	85.20	22.20	0	0	DC
lead-aware-sampled	5	2	5001	win	15.40	0.00	21.35	17.90	16.70	16.20	17.40	438	33	52	416	30	85.35	41.10	428	43	52	420	43	78.60	25.80	0	0	DC
lead-aware-sampled	5	3	1534	loss	0.00	22.25	0.00	-15.75	-23.65	-21.00	-20.45	103	7	15	56	6	97.25	12.10	114	12	15	78	11	73.60	11.50	0	0	DC
lead-aware-sampled	5	4	1528	loss	0.00	20.55	-15.55	-23.50	-11.95	-20.45	-21.65	109	5	5	65	4	92.30	11.30	112	9	6	76	8	77.60	14.50	0	0	DC
lead-aware-sampled	5	5	4587	win	20.65	0.00	0.00	17.15	18.75	20.00	19.50	402	34	44	381	32	79.05	32.20	394	36	42	380	36	84.30	21.60	0	0	DC
lead-aware-sampled	5	6	2619	loss	0.00	1.00	0.00	-15.20	-1.90	1.80	1.75	208	17	27	173	13	85.55	44.00	213	26	26	182	22	82.45	47.20	0	1	DC
lead-aware-sampled	5	7	4918	win	31.40	0.00	31.25	30.95	34.30	34.30	34.85	431	46	52	419	44	65.30	37.00	419	46	52	407	46	84.45	27.60	1	1	DC
lead-aware-sampled	5	8	681	loss	0.00	53.75	0.00	-15.55	-53.75	-53.75	-53.75	35	1	1	2	0	64.55	9.70	36	5	0	2	0	65.80	48.50	0	1	DC
lead-aware-sampled	5	9	5057	win	1.65	0.00	1.95	2.15	4.60	5.95	4.25	442	44	57	423	43	80.40	26.90	429	47	55	409	46	99.55	37.30	1	1	DC
lead-aware-sampled	5	10	2451	win	5.05	0.00	-15.55	-15.20	5.75	5.95	5.80	205	16	26	171	12	84.45	43.60	190	17	26	158	14	80.50	37.50	0	1	DC
lead-aware-sampled	5	11	1626	loss	0.00	19.80	0.00	-7.70	-13.35	-22.40	-21.75	116	8	10	71	6	94.85	21.80	123	10	9	88	8	70.85	19.40	0	1	DC
lead-aware-sampled	5	12	3997	win	32.80	0.00	0.00	33.60	34.15	36.20	35.70	346	34	24	329	31	68.15	41.50	320	28	24	304	27	76.80	25.90	0	1	DC-AS
lead-aware-sampled	5	13	1651	loss	0.00	23.00	0.00	-18.35	-25.85	-26.70	-27.55	120	11	9	81	10	84.15	13.70	123	11	9	84	9	79.05	24.80	0	1	DC-AS
lead-aware-sampled	5	14	5093	win	22.05	0.00	17.50	32.70	33.60	34.95	32.95	444	36	46	431	34	68.45	33.00	419	47	46	405	47	88.05	28.20	0	1	DC
lead-aware-sampled	5	15	1452	loss	0.00	25.60	1.05	-27.75	-24.85	-26.75	-27.25	91	9	5	58	6	70.15	31.50	107	15	5	75	10	71.25	49.70	1	1	DC
lead-aware-sampled	5	16	1670	loss	0.00	13.95	-15.55	-14.35	-14.70	-17.40	-15.45	122	9	17	81	6	88.05	31.50	126	8	17	91	5	73.90	32.10	0	1	DC-AS
lead-aware-sampled	5	17	4551	win	27.20	0.00	1.95	18.90	21.90	23.50	24.75	397	45	45	380	44	73.25	27.30	388	31	45	372	31	87.00	18.60	1	1	DC-AS
lead-aware-sampled	5	18	4980	win	20.40	0.00	24.90	31.00	32.25	32.45	30.80	436	31	49	418	28	77.95	40.30	423	46	49	413	46	80.65	27.60	1	1	DC-AS
lead-aware-sampled	5	19	1323	loss	0.00	29.95	-13.60	-17.20	-27.65	-29.30	-31.70	74	5	7	33	4	84.30	11.30	93	8	8	55	6	73.55	23.00	0	1	DC-AS
lead-aware-sampled	5	20	3656	win	41.30	0.00	-2.00	29.95	30.85	32.80	34.05	317	32	31	302	29	59.45	40.70	309	19	32	294	18	73.35	20.50	0	1	DC-AS
lead-aware-sampled	5	21	1351	loss	0.00	35.75	-1.05	-32.15	-34.60	-36.15	-35.95	87	4	11	54	3	69.75	10.90	97	12	11	63	9	74.95	34.50	0	1	DC-AS
lead-aware-sampled	5	22	1089	loss	0.00	48.30	-13.60	-29.15	-45.80	-45.60	-48.30	73	4	6	42	3	64.65	10.90	74	10	6	43	6	66.90	42.40	0	1	DC
lead-aware-sampled	5	23	1262	loss	0.00	37.55	-31.10	-29.15	-36.30	-37.40	-36.50	83	5	8	48	4	73.05	11.30	89	13	8	56	10	72.75	35.10	0	1	DC
lead-aware-sampled	5	24	1796	loss	0.00	31.90	-31.10	-1.95	-7.15	-33.50	-31.90	127	10	13	91	8	79.30	22.60	138	16	13	107	12	68.90	35.30	0	1	DC
lead-aware-sampled	5	25	5119	win	12.85	0.00	15.45	13.55	15.15	13.60	14.50	441	44	45	425	42	74.75	36.20	438	46	46	423	45	90.30	36.70	1	1	DC
lead-aware-sampled	5	26	4501	win	9.90	0.00	0.00	0.00	-0.05	0.15	0.70	390	41	40	369	40	77.85	25.70	383	35	40	362	34	95.25	30.10	0	1	DC-AS
lead-aware-sampled	5	27	1534	loss	0.00	12.35	1.95	-15.40	-10.90	-12.10	-13.65	104	6	6	63	3	86.25	30.30	112	10	6	76	7	77.60	33.30	0	1	DC
lead-aware-sampled	5	28	4864	win	7.60	0.00	0.00	-0.20	1.50	1.70	4.70	424	42	39	404	41	80.45	26.10	408	35	39	389	34	95.40	30.10	0	1	DC
lead-aware-sampled	5	29	2710	loss	0.00	14.00	-13.60	-1.20	2.80	2.30	3.30	215	13	29	178	11	89.95	23.80	222	22	30	188	20	80.00	25.10	0	1	DC
lead-aware-sampled	5	30	580	loss	0.00	72.45	-29.15	-58.40	-72.45	-72.45	-72.45	29	1	1	4	0	49.15	9.70	29	6	1	2	0	52.95	58.20	0	1	DC
lead-aware-sampled	5	31	1591	loss	0.00	27.20	17.50	-7.00	-19.50	-29.10	-28.55	110	8	13	72	6	81.30	21.80	119	13	12	82	8	73.25	33.00	0	1	DC
lead-aware-sampled	5	32	1649	loss	0.00	29.45	-13.60	-16.35	-32.60	-32.65	-31.75	120	7	15	85	5	76.75	21.40	124	9	15	91	5	72.40	37.00	0	1	DC
lead-aware-sampled	5	33	1920	loss	0.00	0.95	1.95	-15.40	-13.60	2.50	4.10	136	9	13	92	5	95.00	40.80	148	17	13	110	14	78.20	30.40	0	1	DC
lead-aware-sampled	5	34	4737	loss	0.00	9.25	0.00	-1.55	0.30	-0.40	0.60	399	31	55	378	30	78.75	21.70	406	46	56	387	45	95.10	36.70	2	1	DC-AS
lead-aware-sampled	6	0	4573	win	31.95	0.00	31.85	33.10	33.30	32.80	34.40	399	47	44	388	45	63.40	43.70	390	49	44	343	45	81.30	33.00	2		
lead-aware-sampled	6	1	4653	win	12.85	0.00	17.50	6.20	8.15	11.85	12.20	406	45	32	384	44	81.30	27.30	399	42	33	380	42	91.65	25.20	1	0	DC
lead-aware-sampled	6	2	1252	loss	0.00	30.80	-15.55	-19.65	-19.00	-25.45	-26.30	81	7	8	36	5	91.35	21.40	89	15	8	55	13	62.95	22.40	0	0	DC
lead-aware-sampled	6	3	5029	win	9.05	0.00	17.50	10.60	11.15	12.05	13.30	438	43	51	421	42	76.30	26.50	433	43	52	413	42	96.15	30.10	1	1	DC
lead-aware-sampled	6	4	3006	win	13.95	0.00	0.00	-8.70	2.80	2.30	3.55	255	25	23	222	23	86.55	28.60	239	15	24	211	14	83.85	18.10	0	1	DC
lead-aware-sampled	6	5	529	loss	0.00	73.70	-31.10	-73.70	-73.70	-73.70	-73.70	25	2	3	3	0	43.20	19.40	25	7	4	0	0	46.65	67.90	0	1	DC
lead-aware-sampled	6	6	1722	loss	0.00	26.30	0.00	0.15	-9.40	-26.50	-28.05	127	10	18	87	8	87.75	22.60	132	14	18	99	11	68.80	26.10	0	1	DC
lead-aware-sampled	6	7	5219	win	1.85	0.00	-13.60	2.20	3.10	6.10	5.60	456	37	56	439	35	76.65	33.40	443	42	57	426	40	97.05	43.40	1	1	DC
lead-aware-sampled	6	8	2799	win	59.25	0.00	0.00	35.80	34.60	36.20	37.45	240	24	30	225	20	52.80	53.10	233	19	30	218	18	61.15	20.50	0	1	DC
lead-aware-sampled	6	9	3222	loss	0.00	7.95	15.70	-1.70	-7.95	-0.20	-0.35	259	22	27	223	19	93.55	36.70	269	36	26	247	34	77.55	30.20	0	1	DC
lead-aware-sampled	6	10	1699	win	3.65	0.00	-13.60	-8.25	-21.40	5.55	3.30	134	18	7	85	14	104.05	44.40	119	18	7	85	17	69.45	19.90	0	1	DC
lead-aware-sampled	6	11	3844	win	23.60	0.00	15.55	25.85	23.60	22.75	24.00	325	32	35	308	30	81.80	44.00	325	31	35	313	31	70.35	18.60	0	1	DC
lead-aware-sampled	6	12	4684	win	23.90	0.00	13.60	25.60	26.50	27.15	25.60	407	31	43	389	29	74.00	31.00	401	37	43	386	37	86.35	22.20	0	1	DC
lead-aware-sampled	6	13	4820	win	16.70	0.00	-15.55	16.20	16.50	17.75	17.95	422	33	51	406	31	71.80	31.80	414	39	51	398	38	90.90	32.50	0	1	DC-AS
lead-aware-sampled	6	14	5143	win	16.15	0.00	17.50	13.50	12.45	13.70	12.35	451	41	59	435	40	74.70	25.70	444	45	59	427	45	94.80	27.00	0	1	DC
lead-aware-sampled	6	15	5385	win	24.40	0.00	28.85	29.75	30.30	29.80	30.20	472	33	47	459	31	72.30	31.80	449	41	46	437	41	86.55	24.60	1	1	DC
lead-aware-sampled	6	16	4183	win	36.55	0.00	16.70	30.35	33.00	31.80	31.30	364	40	53	350	37	62.30	43.90	350	35	51	335	34	77.10	30.10	0	1	DC-AS
lead-aware-sampled	6	17	4424	win	8.00	0.00	-13.60	-1.45	-0.90	-0.35	-0.85	384	35	49	361	34	80.95	23.30	375	30	50	353	29	95.85	27.10	1	1	DC-AS
lead-aware-sampled	6	18	5044	loss	0.00	0.55	17.50	2.35	3.25	3.20	3.75	410	25	49	383	23	90.95	28.60	432	47	49	416	47	92.00	28.20	0	1	DC
lead-aware-sampled	6	19	1487	loss	0.00	40.45	-13.60	-48.60	-44.55	-42.95	-43.45	95	6	16	64	5	67.90	11.70	109	6	16	78	2	72.15	40.00	0	1	DC-AS
lead-aware-sampled	6	20	3839	loss	0.00	5.85	1.95	-0.50	-0.20	-2.80	-7.95	311	27	37	280	25	88.45	29.40	324	37	38	301	36	86.80	31.30	0	1	DC
lead-aware-sampled	6	21	3961	loss	0.00	3.20	-15.55	-13.60	-0.40	1.20	1.40	326	20	36	299	19	82.55	17.30	332	35	36	304	34	100.20	30.10	1	1	DC
lead-aware-sampled	6	22	4878	win	16.30	0.00	15.55	3.70	4.10	4.75	5.30	420	43	48	399	42	80.85	26.50	416	36	47	400	36	89.60	21.60	1	1	DC-AS
lead-aware-sampled	6	23	1678	loss	0.00	20.80	-13.60	-29.15	-23.90	-26.25	-25.20	121	10	19	81	9	86.10	13.30	126	8	19	87	6	80.30	23.00	0	1	DC
lead-aware-sampled	6	24	4145	win	17.45	0.00	-31.10	1.90	5.05	6.50	4.95	361	38	40	342	36	71.25	33.80	353	26	40	333	24	88.95	33.80	0	1	DC-AS
lead-aware-sampled	6	25	5503	win	6.65	0.00	15.55	13.15	12.45	13.45	12.60	480	45	55	464	44	77.60	27.30	473	58	56	456	58	99.15	34.80	1	1	DC
lead-aware-sampled	6	26	4576	win	21.35	0.00	12.55	15.35	15.55	15.85	17.45	397	38	51	379	36	74.05	33.80	381	33	51	365	32	84.35	24.10	0	1	DC
lead-aware-sampled	6	27	1580	loss	0.00	33.65	-1.95	-31.10	-36.15	-36.30	-37.75	106	6	14	69	6	79.05	2.40	117	8	15	83	6	78.75	23.00	0	1	DC-AS
lead-aware-sampled	6	28	1365	loss	0.00	32.80	0.00	-13.65	-21.30	-32.75	-34.15	88	5	11	46	4	87.55	11.30	99	11	11	63	9	69.25	20.00	0	1	DC
lead-aware-sampled	6	29	4688	win	14.15	0.00	0.00	12.45	12.40	11.55	13.15	410	38	54	391	36	76.15	33.80	392	38	56	375	37	89.40	31.90	0	1	DC-AS
lead-aware-sampled	6	30	3351	win	18.20	0.00	15.55	20.45	20.75	22.45	22.65	282	26	27	258	22	72.60	47.60	278	31	27	257	29	77.10	36.80	0	1	DC
lead-aware-sampled	6	31	3815	win	4.54	0.00	0.00	0.25	1.85	0.30	-0.55	322	34	34	291	32	87.85	32.20	319	34	33	296	33	88.45	29.50	0	1	DC-AS
lead-aware-sampled	6	32	3510	loss	0.00	14.75	-13.60	0.40	-0.45	-0.25	1.00	284	20	42	256	18	80.20	26.60	295	32	42	273	30	83.85	37.40	0	1	DC
lead-aware-sampled	6	33	5088	win	12.70	0.00	16.70	14.45	14.65	15.90	18.20	438	53	54	422	51	72.80	39.80	438	53	56	423	52	90.30	40.90	1	1	DC-AS
lead-aware-sampled	6	34	5161	win	1.75	0.00	-17.50	0.60	0.20	3.20	2.00	450	37	41	433	35	76.45	33.40	443	42	41	426	40	97.05	43.40	0	1	DC
lead-aware-sampled	7	0	3203	win	54.00	0.00	44.15	48.80	47.60	50.35	51.75	278	35	30	268	32	54.70	48.20	265	29	29	219	26	67.91	22.20	0		
lead-aware-sampled	7	1	1327	loss	0.00	31.45	1.95	-13.65	-28.05	-33.30	-32.75	89	8	10	50	8	81.05	3.20	94	7	11	53	4	79.90	21.90	0	0	DC
lead-aware-sampled	7	2	4518	win	8.12	0.00	-13.60	9.05	9.60	11.30	12.90	391	30	41	370	29	79.33	21.30	378	29	42	352	28	97.90	26.50	0	0	DC
lead-aware-sampled	7	3	3916	win	6.20	0.00	-15.55	0.15	0.35	0.65	0.85	336	34	39	312	32	78.00	32.20	330	33	38	306	31	92.70	38.00	0	1	DC
lead-aware-sampled	7	4	1891	loss	0.00	33.95	-15.55	-46.65	-45.25	-45.05	-43.70	122	14	11	90	14	71.40	5.60	145	10	11	112	7	81.15	33.30	0	1	DC
lead-aware-sampled	7	5	1515	loss	0.00	16.50	-44.70	-29.65	-14.45	-15.20	-17.45	103	8	15	63	5	84.30	31.10	112	12	16	78	9	74.40	34.50	0	1	DC
lead-aware-sampled	7	6	4546	win	7.60	0.00	0.00	0.10	0.90	1.80	1.30	393	34	36	371	32	80.00	32.20	385	41	36	366	40	91.95	33.70	1	1	DC
lead-aware-sampled	7	7	1573	loss	0.00	40.55	0.00	-36.50	-43.30	-44.50	-41.50	116	8	16	82	7	74.50	12.50	118	11	16	90	8	68.10	33.90	0	1	DC
lead-aware-sampled	7	8	4709	win	37.95	0.00	27.65	26.60	26.80	27.35	28.70	404	46	44	391	44	64.45	37.00	403	37	43	391	37	80.45	22.20	0	1	DC-AS
lead-aware-sampled	7	9	595	loss	0.00	72.55	-13.60	-42.75	-72.55	-72.55	-72.55	28	0	4	0	0	54.60	0.00	30	5	4	1	0	56.70	48.50	0	1	DC
lead-aware-sampled	7	10	572	loss	0.00	64.55	-13.60	-46.50	-64.55	-64.55	-64.55	28	2	2	0	0	54.60	19.40	29	6	2	3	0	51.15	58.20	0	1	DC
lead-aware-sampled	7	11	5294	win	13.82	0.00	1.95	14.10	13.05	15.35	17.75	463	41	49	446	40	76.13	25.70	446	46	50	430	46	95.70	27.60	1	1	DC
lead-aware-sampled	7	12	1127	loss	0.00	48.55	-13.60	-15.15	-46.95	-48.85	-48.55	72	7	9	38	5	70.10	21.40	79	12	9	53	8	57.05	43.60	0	1	DC-AS
lead-aware-sampled	7	13	4748	win	18.88	0.00	17.50	20.40	19.90	19.05	18.90	414	36	60	394	34	78.12	33.00	406	42	60	392	42	86.10	25.20	1	1	DC-AS
lead-aware-sampled	7	14	711	loss	0.00	49.15	0.00	-29.15	-49.15	-49.15	-49.15	37	0	2	1	0	70.30	0.00	39	4	2	4	1	68.85	29.70	0	1	DC
lead-aware-sampled	7	15	4989	win	33.55	0.00	31.20	33.85	34.40	31.10	30.95	431	34	55	420	32	63.45	32.20	428	36	54	417	36	84.00	21.60	0	1	DC
lead-aware-sampled	7	16	5061	win	15.20	0.00	17.50	8.25	8.80	9.00	8.85	444	42	56	425	41	79.55	26.10	433	39	57	417	39	92.15	23.40	0	1	DC-AS
lead-aware-sampled	7	17	5501	win	2.65	0.00	-1.95	7.80	8.35	11.10	10.60	480	33	53	460	32	85.00	22.50	468	43	54	453	43	97.20	25.80	1	1	DC-AS
lead-aware-sampled	7	18	4707	win	13.65	0.00	1.95	11.80	12.70	9.50	10.75	409	44	39	390	42	76.05	36.20	399	42	40	382	41	88.85	34.30	2	1	DC
lead-aware-sampled	7	19	4193	win	42.10	0.00	26.85	38.90	37.70	38.75	38.25	366	48	60	351	45	64.35	47.10	359	42	58	349	42	71.05	25.20	0	1	DC-AS
lead-aware-sampled	7	20	1471	loss	0.00	56.05	-29.15	-60.25	-59.30	-56.30	-54.70	108	6	16	81	6	60.75	2.40	109	8	17	81	4	66.75	41.20	0	1	DC-AS
lead-aware-sampled	7	21	5260	win	5.55	0.00	15.55	8.70	9.95	9.45	8.70	459	43	43	439	42	82.90	26.50	454	51	42	438	51	95.30	30.60	0	1	DC
lead-aware-sampled	7	22	4429	win	15.55	0.00	1.95	10.35	8.80	7.15	5.95	380	38	63	357	37	81.60	24.50	377	33	63	358	33	90.75	19.80	1	1	DC-AS
lead-aware-sampled	7	23	4559	win	9.65	0.00	-17.50	1.00	1.65	1.15	1.00	394	30	51	372	29	80.10	21.30	377	26	51	355	25	96.15	24.70	0	1	DC-AS
lead-aware-sampled	7	24	4765	double	0.00	0.00	0.00	-9.75	0.85	1.75	1.25	362	30	43	332	29	91.70	21.30	374	38	44	352	38	95.70	22.80	0	1	DC
lead-aware-sampled	7	25	2168	loss	0.00	19.15	-3.00	-1.65	-2.05	-8.80	-25.10	164	14	14	124	12	90.40	24.20	172	15	15	143	13	71.80	22.40	0	1	DC-AS
lead-aware-sampled	7	26	1395	loss	0.00	25.40	1.95	-13.60	-24.80	-25.30	-25.80	98	6	15	58	4	83.80	21.00	101	11	15	67	8	72.35	29.10	0	1	DC
lead-aware-sampled	7	27	4908	loss	0.00	8.25	15.70	1.55	0.90	0.75	1.65	408	35	47	383	34	88.10	23.30	420	47	48	405	47	90.00	28.20	0	1	DC-AS
lead-aware-sampled	7	28	4908	win	1.55	0.00	1.95	7.60	8.95	8.70	9.35	428	33	50	404	32	87.20	22.50	411	44	50	391	44	97.65	26.40	0	1	DC
lead-aware-sampled	7	29	5454	win	8.64	0.00	0.00	14.50	12.40	14.45	14.50	478	48	50	461	47	78.61	28.50	449	54	51	431	54	96.55	32.40	1	1	DC
lead-aware-sampled	7	30	1380	loss	0.00	46.15	-31.10	-50.25	-44.85	-46.05	-45.15	98	6	7	66	4	69.00	21.00	102	13	7	77	9	60.30	44.20	0	1	DC
lead-aware-sampled	7	31	888	loss	0.00	63.15	0.00	-44.70	-63.55	-63.15	-63.15	53	1	5	23	1	60.80	0.40	57	6	5	28	2	60.75	40.00	0	1	DC
lead-aware-sampled	7	32	4739	win	26.30	0.00	0.00	16.85	19.50	16.20	16.20	407	43	47	392	42	68.45	26.50	404	34	48	387	34	89.60	20.40	0	1	DC
lead-aware-sampled	7	33	2400	win	7.05	0.00	17.50	-1.95	-2.10	-26.85	-1.85	198	18	25	158	15	93.80	35.10	192	13	25	161	11	78.90	21.20	0	1	DC-AS
lead-aware-sampled	7	34	5404	win	6.75	0.00	13.60	14.45	16.40	14.85	16.80	474	42	49	459	40	75.15	35.40	459	54	49	444	53	95.05	41.50	0	1	DC-AS
lead-aware-sampled	8	0	3332	win	55.70	0.00	46.71	50.96	49.71	49.56	51.16	288	35	32	279	32	52.80	48.20	279	29	32	229	26	68.45	21.80	0		
lead-aware-sampled	8	1	4191	win	7.69	0.00	-13.60	1.10	4.40	6.70	4.45	364	35	40	340	34	80.96	23.30	345	32	38	320	31	95.95	28.30	0	0	DC
lead-aware-sampled	8	2	4746	win	11.80	0.00	1.95	2.90	3.45	4.80	5.00	414	46	37	394	46	78.40	18.40	402	36	38	381	36	98.10	21.60	0	0	DC
lead-aware-sampled	8	3	1408	loss	0.00	21.50	-31.10	-25.90	-17.05	-18.95	-20.50	98	10	10	57	5	85.65	50.50	105	15	10	82	11	56.35	45.40	0	1	DC
lead-aware-sampled	8	4	1083	loss	0.00	59.50	-31.10	-60.70	-56.70	-59.65	-59.50	74	3	5	49	2	53.65	10.50	73	13	6	39	8	62.85	53.30	0	1	DC
lead-aware-sampled	8	5	4168	win	26.25	0.00	0.00	9.55	10.10	13.45	15.15	362	36	42	340	35	76.90	23.70	349	22	42	330	22	86.55	13.20	0	1	DC
lead-aware-sampled	8	6	1396	loss	0.00	26.40	-0.05	-3.30	-19.20	-23.30	-24.50	94	7	6	55	3	81.55	40.00	103	17	6	75	12	61.05	41.30	0	1	DC
lead-aware-sampled	8	7	4926	win	18.40	0.00	17.65	22.10	23.80	23.30	23.15	426	45	59	415	42	62.95	45.90	423	51	59	407	49	88.25	48.80	1	1	DC
lead-aware-sampled	8	8	4913	loss	0.00	6.05	1.95	13.15	14.75	13.20	13.50	418	29	54	396	28	82.14	20.90	421	55	52	402	55	97.35	33.00	1	1	DC
lead-aware-sampled	8	9	1544	loss	0.00	20.20	-32.15	-16.60	-22.00	-20.65	-20.30	110	8	13	70	6	85.00	21.80	115	9	13	76	6	74.35	25.60	0	1	DC
lead-aware-sampled	8	10	5018	win	20.10	0.00	1.95	15.45	15.30	16.55	20.25	441	39	40	424	38	75.55	24.90	416	36	40	398	36	91.60	21.60	0	1	DC
lead-aware-sampled	8	11	1667	loss	0.00	27.80	-15.55	-31.10	-33.05	-31.35	-29.40	123	11	10	86	11	80.75	4.40	125	7	10	90	5	81.75	22.40	0	1	DC
lead-aware-sampled	8	12	5665	win	2.07	0.00	0.00	16.15	16.35	13.05	15.00	498	41	54	480	40	83.68	25.70	455	53	55	438	53	98.85	31.80	0	1	DC
lead-aware-sampled	8	13	2513	loss	0.00	5.40	1.95	-13.60	-2.00	-0.40	-1.95	196	18	26	159	16	88.05	25.80	202	18	26	167	16	87.70	29.00	0	1	DC-AS
lead-aware-sampled	8	14	4776	win	6.07	0.00	15.55	14.50	13.20	13.40	13.35	415	35	41	396	32	77.98	41.90	407	41	42	392	39	88.05	42.80	0	1	DC-AS
lead-aware-sampled	8	15	1532	loss	0.00	30.65	0.00	-13.60	-34.15	-32.20	-33.05	100	10	14	67	8	71.05	22.60	113	12	15	81	8	73.75	43.60	0	1	DC
lead-aware-sampled	8	16	4709	win	11.35	0.00	-13.60	14.95	13.40	15.35	15.55	411	37	46	394	34	73.60	42.70	387	41	46	371	39	86.85	42.80	0	1	DC-AS
lead-aware-sampled	8	17	4186	win	46.45	0.00	15.55	33.35	34.60	33.60	32.30	366	43	41	353	41	60.65	35.80	346	25	41	333	25	75.30	15.00	0	1	DC-AS
lead-aware-sampled	8	18	4836	win	3.95	0.00	1.95	-0.65	-0.30	1.50	2.55	419	39	43	395	39	89.45	15.60	414	31	43	394	30	98.10	27.70	0	1	DC-AS
lead-aware-sampled	8	19	5448	win	6.00	0.00	27.65	11.85	13.45	15.75	16.40	471	45	50	451	43	84.10	36.60	471	49	50	461	49	88.65	29.40	1	1	DC-AS
lead-aware-sampled	8	20	1665	loss	0.00	10.35	-15.55	-32.15	-20.65	-11.50	-11.65	119	6	21	79	2	86.95	39.60	125	10	21	94	6	73.75	37.60	0	1	DC-AS
lead-aware-sampled	8	21	3891	loss	0.00	9.20	-1.95	0.15	-0.35	-0.50	1.90	316	20	39	288	19	84.97	17.30	328	32	39	304	31	92.40	28.30	1	1	DC
lead-aware-sampled	8	22	1343	loss	0.00	25.55	-15.55	-15.20	-24.75	-23.15	-24.35	94	4	14	56	1	79.70	29.50	96	11	14	61	7	69.10	38.20	0	1	DC-AS
lead-aware-sampled	8	23	2858	win	9.95	0.00	0.00	-10.50	17.45	16.25	14.70	240	11	29	203	9	92.45	23.00	227	20	29	194	20	86.25	12.00	0	1	DC
lead-aware-sampled	8	24	5078	win	8.30	0.00	31.25	-1.70	1.30	2.20	1.10	443	41	54	421	39	85.00	35.00	427	34	55	413	33	86.85	29.50	1	1	DC-AS
lead-aware-sampled	8	25	1436	loss	0.00	24.35	-31.10	-34.55	-25.90	-24.65	-22.35	102	13	9	66	10	76.80	33.10	105	13	9	72	8	69.55	53.30	0	1	DC-AS
lead-aware-sampled	8	26	4399	win	19.70	0.00	-15.55	14.35	14.35	13.85	14.05	377	33	46	360	30	69.15	41.10	374	33	46	358	31	84.90	38.00	0	1	DC-AS
lead-aware-sampled	8	27	4811	win	12.60	0.00	15.55	5.90	7.15	6.65	9.40	419	41	51	399	40	79.95	25.70	412	36	51	394	35	93.40	25.90	0	1	DC
lead-aware-sampled	8	28	5021	win	5.90	0.00	1.95	-1.20	-0.30	-0.45	1.85	440	48	56	421	47	79.15	28.50	428	44	56	410	43	96.60	35.50	0	1	DC
lead-aware-sampled	8	29	2472	loss	0.00	16.65	-13.60	-1.20	-1.00	1.30	0.20	194	14	17	157	11	87.85	33.50	200	21	17	170	17	73.10	33.50	0	1	DC-AS
lead-aware-sampled	8	30	1862	loss	0.00	25.35	-15.55	5.80	-31.00	-29.40	-28.15	134	11	16	100	8	76.30	32.30	144	13	16	115	9	69.80	44.20	0	1	DC-AS
lead-aware-sampled	8	31	5040	win	12.32	0.00	15.55	10.30	12.60	12.65	12.50	440	38	47	419	37	83.93	24.50	422	34	47	405	34	91.50	20.40	1	1	DC-AS
lead-aware-sampled	8	32	1521	loss	0.00	22.20	-15.55	-32.75	-22.45	-24.10	-22.85	110	14	11	72	12	81.30	24.20	112	12	11	79	9	75.20	34.50	0	1	DC
lead-aware-sampled	8	33	5557	win	10.45	0.00	1.95	17.15	17.70	17.20	17.05	487	36	60	471	35	78.30	23.70	457	45	60	441	45	97.35	27.00	0	1	DC-AS
lead-aware-sampled	8	34	1337	loss	0.00	55.70	-15.55	-49.50	-54.75	-55.95	-54.70	95	5	10	66	4	64.20	11.30	97	11	10	72	7	59.55	43.00	1	1	DC-AS
lead-aware-sampled	9	0	3928	win	47.50	0.00	43.57	46.42	50.17	48.62	49.67	343	37	26	333	34	61.20	49.00	319	37	25	299	37	67.91	22.20	1		
lead-aware-sampled	9	1	4878	win	15.60	0.00	-3.60	14.20	15.10	14.25	14.10	427	43	48	411	41	72.30	35.80	419	45	48	404	44	89.85	36.10	0	0	DC
lead-aware-sampled	9	2	4851	win	22.77	0.00	1.95	16.90	15.70	13.80	14.15	423	36	55	406	35	74.38	23.70	415	32	55	399	32	91.05	19.20	0	0	DC
lead-aware-sampled	9	3	1616	loss	0.00	31.15	-29.15	-38.45	-35.35	-35.50	-34.25	109	9	13	77	7	70.10	22.20	122	13	14	91	9	74.10	44.20	1	1	DC
lead-aware-sampled	9	4	2758	win	4.85	0.00	15.55	-15.75	-12.95	-1.20	-0.30	230	27	25	190	24	97.00	38.70	226	23	25	201	22	77.10	22.90	0	1	DC
lead-aware-sampled	9	5	4531	double	0.00	0.00	13.60	-5.15	2.40	2.95	1.75	347	28	48	319	26	87.55	29.80	347	38	48	324	37	92.65	31.90	0	1	DC
lead-aware-sampled	9	6	2312	win	0.70	0.00	-29.15	-15.55	-0.60	-2.15	-1.60	191	12	18	153	8	89.40	42.00	180	15	17	147	12	80.80	36.30	0	1	DC
lead-aware-sampled	9	7	4419	win	23.65	0.00	0.00	16.95	18.20	16.30	17.20	385	36	33	368	34	69.95	33.00	377	32	33	360	31	87.15	28.30	0	1	DC
lead-aware-sampled	9	8	4696	win	26.30	0.00	15.55	28.25	25.85	26.90	25.35	411	33	37	395	31	70.70	31.80	402	40	38	387	40	86.50	24.00	2	1	DC-AS
lead-aware-sampled	9	9	3758	win	30.60	0.00	0.00	33.40	34.30	32.05	29.90	324	26	38	304	24	69.40	29.00	317	31	38	296	31	85.35	18.60	1	1	DC-AS
lead-aware-sampled	9	10	2131	loss	0.00	24.10	1.95	2.10	2.30	1.10	-17.60	160	10	18	121	8	89.20	22.60	170	20	18	141	18	70.70	25.40	0	1	DC
lead-aware-sampled	9	11	2634	win	22.15	0.00	1.95	-11.15	20.55	22.15	21.65	223	22	24	195	17	74.10	55.30	206	18	24	182	15	69.30	38.10	0	1	DC
lead-aware-sampled	9	12	1625	loss	0.00	17.65	0.00	-17.50	-16.05	-19.10	-19.10	109	6	12	66	4	90.45	21.00	121	8	12	85	6	75.75	23.00	0	1	DC
lead-aware-sampled	9	13	5486	win	4.45	0.00	15.55	11.75	11.40	11.95	10.75	481	40	45	463	39	81.40	25.30	468	52	45	451	52	98.40	31.20	0	1	DC
lead-aware-sampled	9	14	3958	win	11.55	0.00	0.00	-2.00	7.40	9.45	10.70	337	42	34	312	40	79.95	35.40	334	38	35	313	37	87.90	31.90	0	1	DC
lead-aware-sampled	9	15	4692	win	14.90	0.00	13.60	17.25	17.80	18.45	20.75	408	36	55	386	34	81.50	33.00	400	44	53	385	44	86.20	26.40	0	1	DC-AS
lead-aware-sampled	9	16	3814	win	4.00	0.00	-15.55	0.05	2.20	3.25	4.85	330	25	44	304	23	81.10	28.60	316	25	45	290	23	94.20	33.20	0	1	DC-AS
lead-aware-sampled	9	17	4710	win	9.25	0.00	17.50	7.10	6.00	5.85	3.35	408	35	49	384	33	86.25	32.60	402	43	50	386	43	87.50	25.80	0	1	DC-AS
lead-aware-sampled	9	18	4628	win	0.10	0.00	-10.60	0.15	9.05	7.25	9.20	396	36	47	374	34	80.30	33.00	387	55	46	367	54	94.05	42.10	1	1	DC-AS
lead-aware-sampled	9	19	5026	win	29.30	0.00	33.05	28.55	28.40	28.25	28.10	440	34	49	428	32	66.20	32.20	427	43	48	414	43	87.45	25.80	0	1	DC-AS
lead-aware-sampled	9	20	1547	loss	0.00	26.60	-15.55	-15.55	-26.65	-26.80	-26.15	97	3	16	57	2	83.70	10.50	114	8	16	75	6	77.70	23.00	0	1	DC-AS
lead-aware-sampled	9	21	2966	win	10.10	0.00	-1.95	-15.55	2.35	4.30	5.20	252	23	23	222	21	80.70	27.80	239	16	22	208	14	90.05	27.80	0	1	DC-AS
lead-aware-sampled	9	22	4514	win	25.70	0.00	15.55	22.80	21.95	22.30	20.60	395	47	35	379	45	69.10	37.40	383	43	37	366	42	85.65	30.10	0	1	DC-AS
lead-aware-sampled	9	23	1751	loss	0.00	19.60	-13.60	-13.60	-2.50	-2.55	-18.45	128	9	12	86	8	90.50	12.90	133	15	12	96	14	79.65	18.10	0	1	DC-AS
lead-aware-sampled	9	24	974	loss	0.00	46.85	-15.55	-29.15	-46.00	-46.85	-46.85	62	5	7	30	4	65.40	11.30	63	8	7	31	4	67.05	41.20	0	1	DC-AS
lead-aware-sampled	9	25	3405	win	46.25	0.00	17.50	38.35	42.05	44.35	46.30	296	31	31	276	28	65.10	40.30	287	22	31	272	21	69.25	22.30	0	1	DC-AS
lead-aware-sampled	9	26	3145	double	0.00	0.00	1.95	-6.15	1.00	1.55	4.55	237	13	29	197	12	98.62	14.50	249	18	30	212	18	93.55	10.80	0	1	DC-AS
lead-aware-sampled	9	27	4282	win	9.15	0.00	1.95	2.00	3.25	5.65	7.95	373	38	45	355	35	70.60	43.10	365	35	46	346	32	88.95	48.30	0	1	DC
lead-aware-sampled	9	28	1752	loss	0.00	41.15	15.55	-1.95	-5.35	-41.75	-41.10	124	10	13	92	8	71.60	22.60	136	19	12	110	15	64.00	43.00	1	1	DC
lead-aware-sampled	9	29	1108	loss	0.00	29.00	-13.60	-16.00	-26.15	-27.55	-29.00	71	6	8	33	3	77.40	30.30	76	12	8	38	7	67.40	41.60	0	1	DC
lead-aware-sampled	9	30	1343	loss	0.00	42.45	-31.10	-41.90	-39.60	-40.70	-40.85	94	9	18	68	5	57.50	40.80	98	15	18	73	8	58.90	67.90	0	1	DC-AS
lead-aware-sampled	9	31	2645	loss	0.00	35.25	15.55	0.70	1.70	1.10	-0.70	211	11	29	176	10	85.85	13.70	217	27	28	194	25	68.15	23.70	1	1	DC
lead-aware-sampled	9	32	1709	loss	0.00	22.45	0.00	-11.55	-24.90	-24.35	-23.80	117	7	11	77	4	85.70	30.70	129	10	12	101	7	67.95	33.30	0	1	DC-AS
lead-aware-sampled	9	33	2354	loss	0.00	15.10	-13.60	-0.65	-1.50	-2.00	-1.80	180	15	20	143	12	86.45	33.90	189	23	21	160	20	74.55	35.20	0	1	DC-AS
lead-aware-sampled	9	34	1252	loss	0.00	40.10	-13.60	-17.20	-43.75	-42.15	-40.90	69	3	11	32	2	75.35	10.50	88	8	11	53	4	69.80	31.60	0	1	DC-AS
lead-aware-sampled	10	0	4818	win	26.15	0.00	29.41	25.81	26.86	26.71	27.61	420	47	47	406	45	72.10	43.70	407	43	47	393	42	78.95	30.10	1		
lead-aware-sampled	10	1	1167	loss	0.00	32.95	-46.65	-31.10	-38.15	-35.05	-32.05	79	9	7	46	7	68.95	22.20	80	7	7	45	2	72.60	44.90	0	0	DC
lead-aware-sampled	10	2	4923	win	6.80	0.00	13.90	8.75	10.35	11.60	10.05	426	36	42	401	34	89.90	33.00	419	42	42	406	42	86.25	25.20	1	0	DC
lead-aware-sampled	10	3	3589	win	5.25	0.00	-15.55	-14.10	-2.75	-1.75	-0.35	306	23	42	273	21	91.65	27.80	297	20	42	273	19	86.95	21.10	0	1	DC
lead-aware-sampled	10	4	1194	loss	0.00	34.05	-13.60	-17.20	-28.60	-29.10	-33.80	82	6	4	47	3	72.95	30.30	84	15	4	55	11	64.00	45.40	1	1	DC
lead-aware-sampled	10	5	1760	loss	0.00	26.85	15.55	-15.25	-31.85	-31.75	-31.10	130	13	14	93	12	81.45	14.50	133	10	14	97	6	77.55	28.00	0	1	DC
lead-aware-sampled	10	6	647	loss	0.00	57.10	-31.10	-46.65	-57.10	-57.10	-57.10	34	0	4	2	0	62.60	0.00	34	4	4	0	0	66.30	38.80	0	1	DC
lead-aware-sampled	10	7	4935	win	12.95	0.00	10.15	3.30	1.75	-0.05	0.50	431	49	47	412	47	78.25	38.20	423	43	48	410	42	86.85	34.90	0	1	DC
lead-aware-sampled	10	8	3509	win	12.15	0.00	-29.15	1.90	0.00	1.00	2.25	303	29	37	278	27	76.55	30.20	293	22	39	267	20	90.75	31.40	0	1	DC
lead-aware-sampled	10	9	3964	win	39.25	0.00	14.90	26.55	29.90	31.15	31.35	345	40	37	329	37	64.10	43.90	334	28	37	319	27	73.90	25.90	1	1	DC-AS
lead-aware-sampled	10	10	4013	win	35.95	0.00	0.00	32.05	32.60	32.20	34.85	348	32	32	330	30	69.15	31.40	333	26	32	316	26	80.55	15.60	1	1	DC
lead-aware-sampled	10	11	4463	win	17.83	0.00	1.95	15.15	15.00	16.25	15.75	387	43	36	366	42	79.02	26.50	382	36	36	364	36	89.70	21.60	0	1	DC
lead-aware-sampled	10	12	4172	loss	0.00	1.15	15.55	-8.75	3.75	5.70	5.55	349	30	44	321	28	86.70	30.60	355	40	45	333	39	92.05	33.10	1	1	DC-AS
lead-aware-sampled	10	13	3981	loss	0.00	0.45	15.55	-1.10	-11.85	2.05	2.60	322	30	35	289	28	93.25	30.60	335	38	36	311	37	89.45	27.10	0	1	DC
lead-aware-sampled	10	14	1504	loss	0.00	31.30	-16.60	-20.20	-33.75	-31.45	-30.20	109	8	10	73	7	77.50	12.50	111	9	10	76	6	74.05	27.90	0	1	DC
lead-aware-sampled	10	15	4857	win	16.75	0.00	1.95	14.20	12.30	14.95	16.55	423	45	44	405	44	77.70	27.30	417	41	43	400	41	90.75	24.60	0	1	DC-AS
lead-aware-sampled	10	16	2734	win	5.45	0.00	1.95	-13.60	-0.65	-1.15	-1.20	229	22	31	192	20	92.35	27.40	222	18	32	192	17	86.20	19.90	0	1	DC-AS
lead-aware-sampled	10	17	1774	loss	0.00	24.40	13.60	-2.60	-13.05	-29.45	-28.55	117	14	12	76	12	87.55	24.20	135	15	13	100	11	71.15	28.00	0	1	DC-AS
lead-aware-sampled	10	18	4325	win	21.50	0.00	15.55	23.50	24.05	26.85	28.80	377	41	36	356	39	77.60	35.00	368	40	38	351	40	83.40	24.00	0	1	DC-AS
lead-aware-sampled	10	19	1628	loss	0.00	16.85	-17.50	-15.20	-17.60	-17.40	-16.50	111	10	13	71	7	85.10	31.90	122	13	12	87	10	73.30	35.10	0	1	DC
lead-aware-sampled	10	20	4529	win	23.95	0.00	13.15	18.65	17.45	19.40	21.70	394	43	41	378	40	69.00	45.10	388	39	41	372	36	82.20	36.30	1	1	DC
lead-aware-sampled	10	21	4998	win	16.75	0.00	1.95	17.65	20.40	19.35	21.30	436	46	53	420	45	73.20	27.70	427	49	53	410	49	94.65	29.40	0	1	DC
lead-aware-sampled	10	22	1507	loss	0.00	19.25	-13.60	-16.80	-20.40	-19.85	-20.00	108	12	9	72	8	77.40	42.00	112	13	9	78	8	69.20	48.50	0	1	DC
lead-aware-sampled	10	23	4823	win	24.70	0.00	14.75	14.80	16.40	15.20	14.35	421	43	36	407	41	68.00	35.80	413	37	36	398	36	86.55	31.30	1	1	DC
lead-aware-sampled	10	24	5196	win	11.33	0.00	15.55	29.40	28.20	29.25	28.40	456	36	54	441	33	73.43	42.30	440	56	53	427	55	88.60	42.70	1	1	DC
lead-aware-sampled	10	25	4983	win	15.65	0.00	0.00	17.00	18.70	17.35	13.00	428	35	48	412	33	73.45	32.60	425	39	47	410	38	90.75	32.50	1	1	DC-AS
lead-aware-sampled	10	26	1430	loss	0.00	33.55	-31.10	-29.15	-34.20	-34.35	-33.45	103	5	4	68	5	75.05	2.00	104	9	3	71	6	75.00	32.70	0	1	DC-AS
lead-aware-sampled	10	27	2596	win	3.40	0.00	0.00	-5.10	-12.20	-0.30	-0.80	215	20	22	173	18	99.20	26.60	206	19	21	170	17	84.40	24.80	0	1	DC-AS
lead-aware-sampled	10	28	3661	win	11.05	0.00	-15.55	15.65	15.30	16.80	17.80	310	21	42	286	18	75.40	36.30	304	31	41	280	29	88.80	36.80	0	1	DC-AS
lead-aware-sampled	10	29	3730	loss	0.00	2.00	-31.10	-13.60	0.30	1.05	0.70	310	23	29	283	21	80.95	27.80	312	32	29	285	30	95.40	37.40	0	1	DC-AS
lead-aware-sampled	10	30	5275	win	0.05	0.00	0.00	0.10	1.35	2.70	0.45	455	41	61	434	41	84.35	16.40	448	46	62	427	46	105.00	27.60	0	1	DC-AS
lead-aware-sampled	10	31	1682	loss	0.00	21.85	-13.60	-2.35	-8.30	-17.90	-20.60	120	8	17	80	5	87.05	31.10	129	14	16	95	9	69.55	32.50	0	1	DC-AS
lead-aware-sampled	10	32	1602	loss	0.00	27.15	-17.50	-16.45	-31.85	-31.20	-28.20	118	12	7	83	10	76.55	23.40	120	11	7	86	7	73.60	38.20	0	1	DC-AS
lead-aware-sampled	10	33	1294	loss	0.00	55.80	-13.60	-44.70	-54.75	-53.15	-55.40	88	2	12	61	2	58.75	0.80	92	10	12	59	6	69.50	42.40	0	1	DC-AS
lead-aware-sampled	10	34	3742	win	4.25	0.00	-15.55	-8.55	6.55	6.05	6.60	322	24	33	294	21	84.00	37.50	311	30	32	287	28	86.65	36.20	1	1	DC-AS
random-gun	1	0	2909	win	1.34	0.00	49.36	27.91	-0.85	3.04	2.60	248	17	24	167	9	108.67	48.96	235	19	24	175	14	67.20	21.00	1		
random-gun	1	1	2968	loss	0.00	14.12	-15.55	-3.28	-3.75	-8.19	-11.47	236	20	23	175	18	76.37	20.38	243	31	21	177	23	89.55	40.80	1	0	DC
random-gun	1	2	3478	loss	0.00	16.39	-32.25	-16.45	-21.70	-23.41	-23.30	293	31	21	231	26	76.35	22.20	291	27	22	238	22	89.25	40.40	0	0	DC
random-gun	1	3	3096	loss	0.00	1.49	-1.95	0.45	0.98	2.22	0.40	251	18	24	185	12	94.99	38.38	259	22	22	187	17	80.25	50.00	0	0	DC-AS
random-gun	1	4	3565	double	0.00	0.00	-1.95	-0.94	0.40	0.97	-3.74	295	24	37	221	22	96.22	13.16	282	23	37	213	22	97.00	14.20	0	0	DC
random-gun	1	5	2967	loss	0.00	32.00	-17.50	-20.83	-27.83	-31.46	-31.15	247	15	20	196	12	68.36	25.60	246	28	20	204	21	73.90	47.70	1	0	DC
random-gun	1	6	1148	win	17.52	0.00	15.55	27.25	18.32	17.33	19.32	85	11	14	12	0	104.78	72.06	83	8	14	52	4	42.75	21.80	0	0	DC
random-gun	1	7	2828	loss	0.00	42.57	-1.95	-39.32	-39.64	-41.51	-39.67	227	22	26	174	20	67.46	13.20	234	26	25	186	19	71.40	49.70	1	1	DC
random-gun	1	8	1912	win	7.33	0.00	15.55	48.25	22.75	12.36	10.00	154	10	13	67	2	119.78	48.90	131	6	13	105	6	54.15	3.60	0	1	DC-AS
random-gun	1	9	3120	loss	0.00	12.52	-15.55	-21.23	-23.25	-20.61	-20.57	251	25	24	173	16	87.24	30.14	260	29	25	217	23	81.80	34.50	0	1	DC-AS
random-gun	1	10	3430	loss	0.00	17.64	0.00	-16.66	-20.36	-21.79	-23.00	287	22	34	226	19	83.60	13.24	288	25	34	246	19	87.90	26.90	0	1	DC
random-gun	1	11	3078	loss	0.00	24.33	-1.95	-27.50	-27.06	-25.37	-24.13	250	27	23	191	22	75.16	30.34	257	24	22	219	18	74.45	44.50	0	1	DC
random-gun	1	12	3043	loss	0.00	11.68	-15.55	-1.45	-6.09	-10.11	-9.43	252	18	24	188	15	83.01	27.92	251	23	24	198	18	83.95	35.20	0	1	DC-AS
random-gun	1	13	3551	loss	0.00	12.72	0.00	-8.74	-11.86	-16.33	-15.18	293	16	26	219	11	86.14	15.76	299	22	27	251	19	89.55	25.90	0	1	DC-AS
random-gun	1	14	3331	loss	0.00	42.20	-32.10	-43.98	-45.34	-44.47	-46.52	273	19	27	220	18	68.14	8.44	278	24	28	239	20	75.60	38.20	0	1	DC-AS
random-gun	1	15	3392	loss	0.00	13.31	-1.95	-5.50	-14.14	-13.69	-10.40	263	19	23	178	13	88.18	20.54	283	26	21	234	23	85.45	27.00	0	0	DC
random-gun	1	16	3478	loss	0.00	20.11	-1.95	-15.31	-28.92	-28.58	-29.05	291	27	31	243	24	78.58	21.74	291	30	33	256	24	84.75	36.30	0	1	DC-AS
random-gun	1	17	2819	loss	0.00	1.01	-1.95	-2.49	-0.16	-2.28	6.53	230	18	26	128	10	101.05	26.54	230	26	25	172	23	85.90	18.00	0	1	DC-AS
random-gun	1	18	3034	loss	0.00	36.02	-15.55	-36.41	-32.51	-32.56	-32.77	252	17	23	177	12	79.00	11.64	253	18	24	204	14	72.25	29.80	1	1	DC-AS
random-gun	1	19	3484	loss	0.00	2.50	0.00	8.60	-0.71	-5.15	-7.54	291	22	30	222	18	95.02	19.86	293	25	30	246	23	91.55	18.60	0	1	DC
random-gun	1	20	3356	loss	0.00	32.84	-15.55	-39.34	-36.05	-37.77	-37.53	283	27	30	226	22	73.06	16.72	281	29	30	239	22	77.25	39.60	2	1	DC
random-gun	1	21	2330	loss	0.00	48.93	1.95	-29.69	-35.01	-34.10	-34.96	189	9	23	134	7	71.93	5.48	189	24	22	155	21	66.75	33.00	1	1	DC-AS
random-gun	1	22	2737	loss	0.00	24.96	0.00	-6.15	-15.29	-16.23	-16.08	225	18	22	161	13	82.07	28.08	226	31	22	189	25	72.90	36.50	1	1	DC
random-gun	1	23	3245	loss	0.00	8.77	-1.95	-9.24	-0.72	-3.02	-6.44	265	23	29	191	17	89.99	19.08	270	32	30	208	29	90.80	24.80	0	1	DC
random-gun	1	24	3018	win	1.32	0.00	-1.95	15.50	1.48	1.76	2.11	258	21	24	193	15	102.02	39.46	237	19	24	183	17	76.15	21.70	1	1	DC
random-gun	1	25	2795	loss	0.00	19.03	-3.00	-3.71	-9.94	-10.50	-11.80	231	24	26	165	18	77.61	32.94	231	32	27	185	27	76.75	42.20	0	1	DC-AS
random-gun	1	26	3013	loss	0.00	6.63	-17.55	3.08	-0.81	2.99	0.16	240	18	28	168	11	89.91	29.56	249	28	28	186	26	84.15	29.10	0	1	DC
random-gun	1	27	3671	loss	0.00	7.52	-1.95	-5.80	-13.91	-16.91	-16.82	299	28	25	237	23	81.83	35.00	307	29	25	265	22	85.95	47.00	0	1	DC-AS
random-gun	1	28	2641	loss	0.00	20.20	14.75	6.12	-2.31	-5.46	-5.80	215	16	20	149	11	83.65	35.26	216	34	20	168	29	72.70	39.80	1	1	DC-AS
random-gun	1	29	2902	loss	0.00	47.47	-31.95	-34.28	-38.35	-36.38	-38.90	240	11	28	171	9	69.72	5.76	240	27	28	192	24	70.30	35.20	1	1	DC-AS
random-gun	1	30	3297	loss	0.30	3.92	-17.50	-14.45	-14.23	-15.11	-17.35	275	35	29	203	28	89.76	37.20	276	31	29	221	27	84.00	35.30	0	1	DC
random-gun	1	31	2979	loss	0.00	15.48	14.75	-2.31	-3.10	-7.16	-8.53	243	20	20	174	17	85.69	29.20	247	31	21	196	27	79.25	33.60	0	1	DC
random-gun	1	32	3036	loss	0.00	2.24	19.55	3.05	1.21	-1.23	-1.09	249	31	24	194	25	95.97	50.28	253	35	23	209	28	75.05	38.00	0	1	DC
random-gun	1	33	3109	loss	0.00	3.56	28.70	7.60	4.71	-2.09	-0.82	251	22	24	200	17	95.53	40.46	259	28	24	208	23	78.85	31.30	0	1	DC
random-gun	1	34	3244	loss	0.00	43.81	-31.90	-39.45	-40.46	-43.63	-44.53	257	14	24	194	14	68.31	5.76	272	27	23	222	24	75.00	37.20	0	1	DC
random-gun	2	0	2769	loss	0.00	7.33	34.89	14.24	2.48	-4.18	-3.94	224	17	25	167	12	99.51	37.38	225	24	26	150	17	73.55	23.50	1		
random-gun	2	1	3312	loss	0.00	8.48	15.55	5.10	-4.68	-6.89	-9.34	272	19	22	204	18	94.93	17.02	277	24	23	214	22	87.25	16.40	1	0	DC
random-gun	2	2	3428	loss	0.00	2.08	-15.55	-9.12	-3.85	-7.23	-10.89	285	32	31	212	28	89.49	27.98	287	27	31	230	22	91.25	40.30	0	0	DC
random-gun	2	3	3474	loss	0.00	2.45	-1.95	-2.37	-8.05	-9.29	-11.20	291	33	25	234	26	88.17	44.34	291	31	26	253	26	81.85	40.40	1	0	DC
random-gun	2	4	2062	win	3.01	0.00	15.55	7.45	5.79	5.61	6.77	169	18	18	89	8	108.21	54.20	160	23	18	122	17	63.70	23.70	0	1	DC
random-gun	2	5	1326	win	18.29	0.00	28.70	56.60	30.95	16.12	19.93	100	9	8	25	1	115.05	59.58	90	5	8	64	4	43.80	4.20	0	1	DC
random-gun	2	6	3091	loss	0.00	1.93	0.00	8.65	-4.51	-6.09	-7.14	243	20	20	180	14	93.82	37.98	257	34	19	216	29	83.05	31.50	2	1	DC
random-gun	2	7	2824	loss	0.00	27.72	-17.50	-18.44	-17.72	-19.93	-21.70	234	15	17	176	13	73.19	12.74	232	28	18	179	24	83.80	36.20	0	1	DC
random-gun	2	8	3290	loss	0.00	21.41	-15.38	-19.82	-27.11	-29.39	-27.50	276	25	27	230	20	73.31	27.98	275	26	27	240	19	82.05	46.10	1	1	DC-AS
random-gun	2	9	3161	loss	0.00	29.62	-17.50	-26.16	-26.23	-30.06	-31.00	266	24	30	205	18	67.81	25.26	263	31	30	222	25	78.55	50.30	0	1	DC-AS
random-gun	2	10	3006	loss	0.00	50.77	-30.33	-53.19	-52.14	-52.36	-50.44	245	25	20	210	24	55.68	19.86	251	31	21	216	25	67.55	58.60	0	1	DC
random-gun	2	11	3109	win	0.06	0.00	13.60	23.60	1.53	0.37	0.62	263	21	18	211	15	100.47	56.10	245	23	18	209	19	67.25	34.40	0	1	DC
random-gun	2	12	3323	loss	0.00	18.66	-15.55	-19.51	-11.17	-16.38	-18.17	272	22	32	200	16	81.80	19.88	279	29	32	228	23	85.05	33.60	0	1	DC
random-gun	2	13	2710	loss	0.30	4.64	0.00	1.85	5.35	2.36	-0.55	220	17	17	164	11	93.27	41.56	223	25	18	185	21	76.75	34.40	0	1	DC
random-gun	2	14	3075	loss	0.00	41.02	-17.50	-37.23	-36.62	-39.23	-43.12	255	17	19	200	16	68.19	8.84	257	29	19	210	25	76.55	39.60	0	1	DC
random-gun	2	15	3270	loss	0.00	16.10	15.55	-8.32	-10.50	-12.63	-16.24	263	16	30	195	12	87.49	19.94	271	27	29	215	22	83.45	27.60	0	1	DC
random-gun	2	16	2784	win	0.10	0.00	-1.95	9.62	-0.32	1.68	1.71	237	25	21	142	17	105.99	27.14	223	18	22	160	15	82.75	12.80	0	1	DC-AS
random-gun	2	17	2963	loss	0.00	32.45	-30.15	-20.86	-27.84	-28.91	-31.96	247	22	26	191	18	73.22	19.20	244	30	27	201	25	76.10	40.20	0	1	DC-AS
random-gun	2	18	2261	win	5.49	0.00	13.60	18.05	8.35	4.65	2.23	180	15	15	117	11	110.60	41.58	180	10	15	141	8	63.90	6.80	0	1	DC-AS
random-gun	2	19	3180	loss	0.00	25.59	-1.95	-23.47	-15.36	-21.82	-20.91	254	16	22	190	12	79.69	14.72	264	30	22	213	25	82.20	31.90	0	1	DC-AS
random-gun	2	20	2321	loss	0.00	3.28	30.30	34.60	5.75	5.86	4.11	181	14	16	104	7	113.93	49.40	189	21	16	138	17	60.35	17.40	1	1	DC
random-gun	2	21	3052	loss	0.00	10.33	-1.95	-1.67	-2.51	-2.44	-4.97	253	21	25	185	14	86.38	26.90	252	33	24	194	28	87.40	31.70	0	1	DC-AS
random-gun	2	22	2517	win	0.99	0.00	-1.95	20.90	18.95	3.70	3.56	210	14	25	152	10	110.32	42.92	201	22	25	173	21	68.85	15.20	0	1	DC-AS
random-gun	2	23	2896	win	6.18	0.00	0.00	-1.91	1.90	-1.75	-0.87	249	27	30	171	21	93.87	29.56	240	19	29	184	16	84.40	21.30	1	1	DC
random-gun	2	24	2603	loss	0.00	18.21	14.75	-0.55	1.06	-4.15	-6.08	211	18	17	153	10	75.06	44.34	213	36	15	159	29	74.35	54.90	1	1	DC
random-gun	2	25	2864	loss	0.00	30.18	-32.10	-17.53	-18.75	-20.98	-20.54	232	20	26	161	16	76.85	20.68	236	31	26	184	28	75.40	38.80	0	1	DC
random-gun	2	26	3308	loss	0.00	26.11	0.00	-24.13	-27.16	-28.19	-31.50	278	29	30	215	23	74.60	22.48	278	30	30	234	23	79.90	41.80	0	1	DC
random-gun	2	27	3032	loss	0.00	17.13	-1.95	-7.98	-9.15	-10.69	-9.79	251	19	21	179	16	82.84	19.18	251	29	21	197	26	85.15	30.50	0	1	DC
random-gun	2	28	2970	loss	0.00	39.73	1.95	-32.33	-33.79	-33.20	-35.53	247	15	32	181	13	71.55	7.52	247	26	30	206	23	74.55	34.20	0	1	DC-AS
random-gun	2	29	2644	loss	0.00	25.05	-1.95	-1.43	-20.82	-18.90	-20.10	216	22	18	155	21	84.77	10.60	215	25	18	174	20	80.25	21.80	0	1	DC-AS
random-gun	2	30	2845	loss	0.00	26.31	0.00	-10.69	-18.79	-16.15	-17.26	233	22	22	169	17	77.70	22.82	235	37	21	195	31	78.15	39.20	1	1	DC
random-gun	2	31	2846	loss	0.00	22.57	-16.02	-18.29	-11.30	-8.21	-12.72	235	19	23	163	11	74.03	37.02	237	34	23	176	29	74.35	50.90	0	1	DC
random-gun	2	32	3291	loss	0.00	19.47	-15.55	-19.22	-15.63	-17.28	-17.70	270	21	21	195	17	80.64	20.62	276	28	21	220	24	83.90	34.20	0	1	DC
random-gun	2	33	2860	loss	0.00	35.96	-1.95	-18.51	-28.56	-28.68	-30.78	226	15	29	161	13	78.05	7.36	236	27	29	192	23	76.30	28.10	1	1	DC-AS
random-gun	2	34	3219	loss	0.00	48.78	-45.76	-58.63	-60.94	-61.89	-61.92	263	17	25	214	14	62.94	17.58	272	27	25	232	21	66.20	49.40	0	1	DC
random-gun	3	0	2370	loss	0.00	11.12	34.66	19.01	-7.88	-1.70	1.93	182	20	25	132	14	93.26	46.96	189	28	25	120	19	65.92	33.50	1		
random-gun	3	1	2793	double	0.00	0.00	0.00	6.50	-7.71	-6.94	-7.29	228	18	27	179	17	87.94	16.50	226	17	27	139	11	100.80	23.00	0	0	DC
random-gun	3	2	1120	win	17.23	0.45	0.00	41.87	15.79	16.02	16.78	73	12	8	0	0	96.96	69.72	80	13	8	54	9	49.30	29.60	3	0	DC
random-gun	3	3	993	win	31.16	0.00	15.55	12.00	29.95	31.89	31.16	72	7	3	18	1	95.81	58.60	67	6	2	33	4	48.05	8.40	0	1	DC
random-gun	3	4	3243	win	0.05	0.00	15.55	0.56	0.32	-0.82	-2.71	276	23	28	220	20	101.72	30.12	270	21	29	228	19	84.10	17.70	0	1	DC
random-gun	3	5	1010	win	36.76	0.00	13.60	43.05	55.69	40.68	36.76	73	7	7	0	0	98.55	60.96	71	3	7	50	3	40.85	1.80	0	1	DC
random-gun	3	6	3171	loss	0.00	22.91	-15.55	-24.86	-24.04	-21.87	-23.84	266	17	27	207	13	71.06	16.82	264	23	26	233	20	86.30	41.10	0	1	DC
random-gun	3	7	3732	loss	0.00	9.83	-17.50	-14.47	-19.23	-17.50	-19.09	316	26	26	246	23	85.68	16.96	314	25	26	277	21	92.00	28.10	0	1	DC
random-gun	3	8	3214	loss	0.00	2.84	25.70	12.20	0.32	-2.08	-1.15	264	23	24	202	17	96.04	40.58	269	27	24	229	23	75.65	27.30	0	1	DC
random-gun	3	9	2806	win	1.11	0.00	0.00	-0.07	2.65	-0.72	-0.66	240	26	28	159	20	96.67	32.60	230	22	29	189	19	84.20	24.70	1	1	DC-AS
random-gun	3	10	3456	loss	0.00	30.45	-30.15	-28.68	-35.25	-36.00	-36.78	285	18	28	230	17	71.76	8.32	291	24	28	245	20	84.65	35.00	0	1	DC-AS
random-gun	3	11	3189	loss	0.00	25.28	-1.95	-21.03	-17.74	-22.38	-25.65	266	15	38	202	13	78.78	12.58	266	26	38	218	22	83.60	31.10	0	1	DC
random-gun	3	12	3417	loss	0.00	10.66	0.00	-11.47	-14.41	-15.11	-14.97	273	24	37	212	17	83.26	28.50	287	25	37	245	18	85.85	37.20	1	1	DC
random-gun	3	13	2562	win	1.06	0.00	29.50	3.45	10.92	4.05	3.59	215	20	16	142	12	108.23	47.12	196	20	16	157	16	69.10	21.50	0	1	DC
random-gun	3	14	4004	double	0.00	0.00	29.15	-3.08	-3.20	-2.64	-5.81	299	26	22	229	19	93.18	37.44	291	28	21	237	22	86.05	32.60	0	1	DC
random-gun	3	15	3423	loss	0.00	9.02	0.00	-1.84	-8.66	-9.75	-8.55	285	20	25	209	15	91.12	10.68	284	26	26	231	24	93.40	18.00	0	1	DC
random-gun	3	16	2929	loss	0.00	35.04	-1.95	-17.86	-29.69	-33.02	-34.62	240	21	26	187	19	75.63	10.48	241	31	26	198	26	77.85	32.50	1	1	DC-AS
random-gun	3	17	3286	loss	0.00	12.95	15.55	-0.88	-5.37	-11.02	-13.05	268	21	34	200	18	87.21	22.38	274	30	34	218	25	85.70	28.60	0	1	DC-AS
random-gun	3	18	2803	loss	0.00	16.51	14.75	-8.11	-8.54	-8.03	-8.31	230	17	21	155	9	86.41	32.40	231	25	20	179	19	75.55	35.10	0	1	DC-AS
random-gun	3	19	3312	loss	0.00	18.34	13.60	-6.11	-15.60	-18.64	-20.74	269	21	18	207	18	83.09	19.94	276	30	18	230	25	84.50	31.00	1	1	DC
random-gun	3	20	2845	loss	0.30	21.20	-1.95	-8.41	-16.18	-15.72	-15.69	233	21	23	182	17	76.53	28.28	235	28	23	198	22	77.55	39.80	1	1	DC
random-gun	3	21	3558	loss	0.00	10.02	0.00	-10.31	-11.65	-13.69	-14.00	290	23	37	220	20	86.76	21.02	299	24	39	249	20	88.95	27.50	0	1	DC
random-gun	3	22	3306	loss	0.00	5.35	-1.95	6.14	-6.04	-7.64	-9.47	275	18	26	219	14	88.28	34.76	276	24	26	236	19	82.70	34.20	0	1	DC
random-gun	3	23	2751	loss	0.00	41.88	-17.01	-35.66	-32.91	-33.58	-33.71	227	17	21	162	10	64.79	29.84	229	27	21	188	21	63.95	55.80	0	1	DC-AS
random-gun	3	24	2943	loss	0.00	16.13	-17.50	7.01	-11.59	-12.95	-14.09	243	21	25	184	17	84.51	26.50	243	30	26	201	24	80.75	33.10	0	1	DC
random-gun	3	25	3747	loss	0.00	25.86	-1.95	-40.31	-42.67	-38.19	-38.18	316	34	42	252	28	75.80	17.44	318	27	43	271	21	82.40	37.60	1	1	DC
random-gun	3	26	3527	loss	0.00	7.44	13.15	-9.45	-15.41	-13.59	-12.42	298	32	34	223	23	82.85	45.58	298	30	34	255	23	79.40	47.60	1	1	DC
random-gun	3	27	2819	loss	0.00	22.09	-1.95	-2.95	-10.55	-16.48	-15.48	231	12	27	178	9	83.00	21.14	232	28	27	190	22	79.30	31.90	0	1	DC-AS
random-gun	3	28	3551	win	0.03	0.00	-1.95	6.90	-1.80	-7.39	-6.56	299	26	28	239	24	99.90	21.54	294	22	28	243	20	89.90	14.80	1	1	DC
random-gun	3	29	3088	loss	0.00	14.74	13.60	-8.28	-8.03	-10.11	-10.07	256	18	32	186	11	86.72	25.72	256	31	32	205	26	82.20	30.80	0	1	DC
random-gun	3	30	2941	loss	0.00	42.64	-32.10	-34.18	-37.37	-39.54	-40.63	236	17	26	175	15	73.37	8.48	244	26	26	195	23	71.20	34.20	0	1	DC
random-gun	3	31	2141	win	6.05	0.00	-15.38	16.47	11.19	5.07	4.11	178	22	14	119	16	98.80	55.26	171	16	14	137	14	62.85	27.80	0	1	DC-AS
random-gun	3	32	2867	loss	0.00	16.51	0.00	4.45	-10.41	-11.68	-14.77	235	18	31	172	14	88.28	26.96	237	25	31	195	21	77.05	29.30	0	1	DC
random-gun	3	33	3168	loss	0.00	20.93	-32.21	-28.59	-22.50	-23.00	-21.00	256	25	31	193	18	82.44	22.52	265	25	31	205	20	79.95	35.60	0	1	DC
random-gun	3	34	3285	loss	0.00	8.09	-1.95	-1.19	-1.90	-7.37	-6.70	273	23	21	202	18	91.80	22.50	274	30	21	223	27	87.10	23.90	0	1	DC
random-gun	4	0	2918	double	0.00	0.00	35.59	17.64	4.28	4.16	1.24	228	20	15	161	13	110.44	50.68	222	22	14	177	17	65.45	21.60	0		
random-gun	4	1	2655	win	8.40	0.00	-1.95	17.10	-2.63	-3.00	-4.34	226	24	23	179	19	91.94	43.26	208	21	22	160	15	76.00	27.30	0	0	DC
random-gun	4	2	3041	win	0.43	0.00	15.55	27.60	4.12	-0.78	-0.62	262	24	26	206	21	107.25	38.18	251	22	27	206	20	74.85	16.40	0	0	DC
random-gun	4	3	2825	loss	0.00	22.90	0.00	-9.99	-13.68	-15.13	-15.21	234	13	23	178	12	72.78	14.74	231	29	23	184	25	87.25	37.60	1	1	DC
random-gun	4	4	3412	loss	0.00	0.61	0.00	16.84	0.43	-3.24	-2.15	271	14	26	216	12	98.03	24.48	286	22	26	243	19	88.40	18.00	0	0	DC
random-gun	4	5	3527	loss	0.00	15.16	0.00	-29.50	-20.11	-19.65	-17.27	285	29	28	211	20	75.24	30.74	297	28	30	243	23	85.05	46.90	0	0	DC
random-gun	4	6	2920	loss	0.00	54.68	-31.63	-48.84	-51.35	-52.37	-54.87	245	12	28	200	10	56.93	15.42	245	25	28	203	19	64.55	53.80	0	1	DC
random-gun	4	7	3571	loss	0.00	18.36	-15.55	-19.26	-23.22	-24.19	-24.54	302	20	26	237	17	80.97	18.94	299	21	26	246	16	83.85	32.00	0	0	DC
random-gun	4	8	2774	loss	0.30	25.57	-15.55	-15.84	-21.24	-20.85	-19.53	227	30	22	158	22	74.64	40.88	230	31	21	183	22	69.10	53.10	0	0	DC
random-gun	4	9	2786	loss	0.00	19.78	14.75	-1.69	-8.42	-15.64	-15.26	229	16	20	166	13	87.12	26.76	229	24	20	190	20	74.45	30.20	0	1	DC
random-gun	4	10	3507	win	1.05	0.00	0.00	-3.50	-7.60	-5.97	-3.47	306	35	29	227	26	87.50	39.40	288	28	29	235	23	86.70	38.20	0	0	DC
random-gun	4	11	2783	loss	0.00	41.59	-1.95	-26.51	-40.52	-40.50	-40.45	229	21	18	190	21	72.84	9.12	229	27	18	196	19	73.45	34.10	0	1	DC
random-gun	4	12	2778	loss	0.00	30.32	-15.55	-24.17	-21.69	-22.83	-22.74	227	16	26	148	10	80.72	15.44	229	20	26	178	16	74.95	31.40	0	1	DC
random-gun	4	13	2526	win	8.73	0.00	14.75	2.42	3.26	-1.75	-2.96	209	23	21	122	11	90.24	52.94	206	25	20	157	18	72.50	38.00	0	1	DC
random-gun	4	14	3820	loss	0.00	7.39	-15.55	-11.58	-13.30	-16.94	-17.16	322	25	28	250	21	89.31	19.62	323	21	28	266	17	90.85	25.70	0	1	DC
random-gun	4	15	3010	loss	0.00	40.46	-32.10	-26.21	-34.84	-35.23	-35.50	239	15	21	182	12	69.16	12.56	251	32	21	209	25	74.75	44.20	0	1	DC-AS
random-gun	4	16	2886	loss	0.00	12.74	0.00	-0.54	-2.25	-2.00	-5.48	237	12	25	159	11	94.14	6.24	236	18	24	180	18	89.10	10.80	0	1	DC-AS
random-gun	4	17	2400	loss	0.00	26.01	15.55	5.85	-5.02	-8.98	-12.01	182	8	15	112	5	85.95	24.28	194	28	15	147	23	71.90	29.90	5	1	DC-AS
random-gun	4	18	3169	win	3.42	0.00	31.10	12.85	-2.66	-3.53	-4.46	272	24	23	203	17	97.12	37.62	263	29	23	211	24	80.65	24.60	0	1	DC-AS
random-gun	4	19	2823	loss	0.00	52.89	-30.95	-42.58	-42.52	-46.86	-46.90	216	11	26	155	9	63.68	6.84	234	26	26	193	21	65.60	37.80	0	1	DC-AS
random-gun	4	20	2591	win	2.66	0.00	17.50	19.05	6.39	3.34	4.22	218	22	27	138	13	108.39	36.68	204	17	26	158	15	71.60	11.80	0	1	DC-AS
random-gun	4	21	830	win	38.54	0.00	0.00	37.50	46.49	38.54	38.54	57	6	7	0	0	93.73	53.64	53	1	7	26	1	47.25	0.60	0	1	DC-AS
random-gun	4	22	1783	win	7.01	0.00	13.60	27.20	33.70	13.29	11.10	143	9	8	64	3	115.84	51.42	132	9	7	103	8	55.30	8.60	0	1	DC-AS
random-gun	4	23	2700	loss	0.00	20.85	-1.95	-1.57	-8.56	-10.51	-10.41	222	20	27	160	15	77.77	31.60	221	35	26	178	29	77.05	43.20	0	1	DC-AS
random-gun	4	24	2565	loss	0.00	38.27	-1.95	-17.49	-23.82	-27.11	-27.11	207	13	24	151	12	76.66	7.20	210	29	24	162	24	75.10	29.30	1	1	DC
random-gun	4	25	2790	loss	0.00	35.54	-32.55	-25.11	-32.33	-32.30	-29.19	225	16	19	160	14	73.44	14.40	230	25	19	186	21	73.60	35.20	0	1	DC
random-gun	4	26	3125	loss	0.00	13.92	14.75	-5.52	-6.58	-8.46	-8.65	253	21	21	182	15	83.01	35.24	261	32	21	210	26	79.65	40.90	0	1	DC
random-gun	4	27	2170	win	0.23	0.45	13.60	18.80	10.00	7.94	5.03	179	14	15	110	9	110.48	50.24	173	19	16	140	17	64.55	20.00	0	1	DC
random-gun	4	28	2196	loss	0.00	51.89	-32.55	-33.09	-48.02	-51.82	-54.87	176	19	20	134	16	68.02	17.48	177	26	20	140	18	60.95	44.50	1	1	DC
random-gun	4	29	3116	win	1.07	0.00	26.75	23.40	3.03	0.28	-5.59	266	23	26	200	18	108.68	38.42	255	18	26	208	15	73.05	14.80	0	1	DC
random-gun	4	30	3409	loss	0.00	11.36	0.00	-0.96	-4.41	-8.83	-9.27	266	13	31	196	12	89.65	6.60	286	25	31	232	24	93.90	15.80	0	1	DC
random-gun	4	31	3250	loss	0.00	35.28	-16.35	-35.62	-37.24	-39.93	-37.77	273	28	29	220	24	69.52	24.86	273	32	29	239	24	72.85	48.10	0	1	DC-AS
random-gun	4	32	2953	loss	0.00	28.22	-1.95	-16.00	-21.10	-23.54	-22.55	244	19	27	182	16	73.34	31.58	245	30	24	203	25	71.75	48.90	0	1	DC-AS
random-gun	4	33	2703	loss	0.00	19.30	17.50	6.25	-6.94	-8.12	-8.07	220	17	18	154	12	88.32	27.16	222	34	16	173	28	75.60	31.10	0	1	DC
random-gun	4	34	3505	loss	0.00	3.28	-15.55	-3.12	-8.98	-10.65	-13.06	292	15	27	224	10	88.25	27.80	293	29	27	238	25	90.35	30.50	0	1	DC-AS
random-gun	5	0	3462	double	0.00	0.00	36.25	8.30	-1.23	1.01	-0.98	253	24	23	192	18	90.09	39.70	252	28	24	181	21	86.30	35.40	1		
random-gun	5	1	3088	loss	0.00	17.35	-32.10	-27.23	-27.50	-22.03	-11.20	253	20	33	170	14	80.45	21.74	256	27	33	198	24	84.30	35.60	1	0	DC
random-gun	5	2	3344	loss	0.00	28.24	-15.55	-29.01	-27.94	-29.20	-28.02	281	19	37	217	14	76.38	15.48	281	25	37	228	21	80.15	34.40	1	0	DC
random-gun	5	3	3453	loss	0.00	18.57	-15.55	-19.53	-19.80	-23.26	-23.30	282	24	30	221	20	76.15	29.84	291	27	30	261	23	80.25	43.90	0	0	DC
random-gun	5	4	2697	loss	0.00	51.57	-39.31	-44.24	-49.36	-49.12	-50.07	225	24	19	192	21	53.89	34.20	224	33	19	192	23	59.70	68.20	0	0	DC
random-gun	5	5	3373	loss	0.00	24.62	0.00	-20.36	-27.81	-25.07	-24.44	284	24	22	210	20	82.59	13.68	282	25	23	230	22	81.20	27.30	1	0	DC
random-gun	5	6	923	win	23.88	0.00	0.00	20.95	22.20	29.18	23.88	64	7	7	0	0	105.93	57.70	62	8	7	34	7	47.60	6.00	1	1	DC
random-gun	5	7	3029	loss	0.00	33.74	0.00	-22.00	-23.69	-27.82	-28.92	252	15	29	186	12	79.91	9.16	253	29	29	202	26	76.45	27.70	1	1	DC
random-gun	5	8	3086	loss	0.00	32.84	-1.95	-27.79	-31.70	-32.15	-33.13	258	20	28	194	17	78.06	11.68	257	23	28	202	17	77.25	31.20	1	1	DC
random-gun	5	9	3435	loss	0.00	1.58	-15.55	-7.84	-7.81	-8.71	-10.56	288	18	33	212	12	88.71	39.54	289	27	33	238	22	83.95	37.20	0	0	DC
random-gun	5	10	3028	loss	0.00	26.60	-1.95	-21.68	-20.32	-23.17	-23.14	253	26	24	189	22	75.14	26.02	252	34	23	208	28	76.80	43.00	0	0	DC-AS
random-gun	5	11	3274	loss	0.00	4.33	0.00	-1.26	-6.74	-10.29	-10.62	271	21	26	204	17	86.31	33.48	275	34	26	228	31	85.65	32.70	0	1	DC-AS
random-gun	5	12	2747	loss	0.00	45.59	-15.55	-28.05	-36.15	-39.09	-39.83	227	20	21	173	19	67.04	10.36	228	34	21	181	29	71.90	41.00	1	0	DC
random-gun	5	13	3236	win	3.36	0.00	-1.95	-0.88	-1.24	0.68	-3.17	279	28	28	207	21	94.33	42.86	262	19	29	210	17	77.20	29.60	0	0	DC
random-gun	5	14	2530	loss	0.00	78.65	-62.14	-69.35	-69.70	-70.99	-74.29	201	12	17	169	10	45.30	7.28	209	32	17	180	25	53.65	60.70	0	1	DC
random-gun	5	15	3282	loss	0.00	14.84	-1.95	-0.64	-10.71	-10.46	-15.16	269	16	29	201	13	87.56	8.60	272	27	29	220	24	91.10	19.40	1	1	DC
random-gun	5	16	2957	loss	0.00	48.12	-32.15	-37.31	-41.92	-45.68	-47.15	238	12	28	180	10	65.96	11.16	246	27	27	199	21	70.10	43.60	1	1	DC-AS
random-gun	5	17	3246	loss	0.00	8.72	28.70	8.90	-4.67	-7.71	-8.74	269	23	31	203	20	93.14	29.12	271	29	32	220	25	81.45	26.10	0	1	DC
random-gun	5	18	3230	loss	0.00	10.77	-17.50	-0.97	-5.14	-8.18	-8.77	269	19	32	201	15	85.29	22.70	268	28	31	216	24	88.00	31.10	0	1	DC
random-gun	5	19	3360	loss	0.00	4.76	13.60	-8.42	-7.88	-5.48	-2.38	280	31	22	198	21	91.14	30.98	279	35	22	230	31	86.85	30.80	0	1	DC-AS
random-gun	5	20	952	win	30.95	0.00	43.05	46.30	34.10	32.79	30.95	67	8	2	0	0	105.66	71.26	66	6	2	44	5	34.30	6.80	0	1	DC-AS
random-gun	5	21	2964	loss	0.00	7.41	0.00	-1.04	1.74	-3.52	-5.65	243	14	25	194	10	94.41	36.46	245	26	25	205	23	76.55	29.10	0	1	DC-AS
random-gun	5	22	3273	loss	0.00	27.02	0.00	-19.86	-22.31	-27.14	-25.00	272	22	22	203	19	81.03	12.56	274	28	22	221	24	80.90	28.70	1	1	DC
random-gun	5	23	2899	win	0.44	0.00	28.35	41.25	11.40	1.61	0.81	246	21	20	191	16	110.70	47.00	225	24	20	196	22	67.05	18.40	1	1	DC-AS
random-gun	5	24	873	win	32.24	0.00	-15.55	38.08	27.22	32.64	32.24	62	9	5	16	1	86.65	70.38	57	5	5	30	2	45.35	24.40	0	1	DC
random-gun	5	25	3498	loss	0.00	7.02	13.60	-1.05	-9.10	-10.86	-13.05	286	22	25	219	19	92.47	21.14	292	23	26	241	19	88.50	22.50	0	1	DC
random-gun	5	26	3248	loss	0.00	25.66	-15.55	-20.11	-21.80	-21.89	-23.80	270	18	27	197	16	82.44	9.16	270	25	27	214	23	82.10	24.50	0	1	DC
random-gun	5	27	3501	loss	0.00	18.50	17.50	-23.03	-28.02	-26.67	-24.35	295	31	29	237	25	77.52	28.62	295	31	28	257	23	82.05	43.20	1	1	DC
random-gun	5	28	3176	loss	0.00	6.37	29.15	17.15	-0.14	-4.11	-4.98	253	22	29	193	19	100.98	28.08	264	29	29	219	28	78.90	17.80	0	1	DC
random-gun	5	29	917	win	18.87	0.00	28.35	41.05	28.50	28.38	18.87	66	9	2	0	0	109.65	80.52	62	7	2	34	4	38.90	14.90	0	1	DC
random-gun	5	30	3645	double	0.00	0.00	13.60	5.90	-0.85	-2.09	-6.23	286	25	22	215	18	96.89	25.98	294	25	22	239	22	89.50	21.70	0	1	DC
random-gun	5	31	3153	loss	0.00	26.96	-30.76	-30.25	-25.41	-25.65	-28.23	262	26	23	191	19	78.52	27.10	264	26	23	206	21	78.20	36.60	1	1	DC
random-gun	5	32	3376	win	0.00	0.00	-17.50	-5.31	-4.70	-2.85	-1.00	285	32	29	199	23	88.64	41.10	283	29	29	226	25	85.45	39.60	0	1	DC-AS
random-gun	5	33	2834	loss	0.00	13.44	-15.55	-0.66	-4.58	-8.96	-9.94	232	24	26	164	17	85.27	30.32	233	28	26	185	20	81.45	35.80	0	1	DC-AS
random-gun	5	34	2953	loss	0.00	33.60	0.00	-18.56	-26.75	-33.25	-34.53	244	17	33	188	15	77.51	8.64	245	27	32	199	22	78.15	29.70	0	1	DC
all-chaff	1	0	3479	win	34.10	0.00	44.56	39.56	39.96	40.46	41.11	305	27	31	294	25	62.40	42.00	285	30	33	227	24	79.37	28.00	1		
all-chaff	1	1	8072	win	1.31	0.00	4.00	5.25	4.75	4.95	6.40	725	63	75	723	63	77.69	25.20	689	67	75	688	67	105.15	40.20	1	0	DC
all-chaff	1	2	7660	loss	0.00	12.35	-1.65	-0.75	2.25	2.80	4.05	674	53	76	673	53	70.30	21.20	674	78	76	674	78	101.10	46.80	2	0	DC
all-chaff	1	3	7712	loss	0.00	10.50	-0.60	0.30	1.55	1.40	1.25	681	46	77	680	46	71.00	18.40	678	68	77	678	68	101.70	40.80	2	0	DC
all-chaff	1	4	8003	loss	0.00	5.40	-0.25	-3.20	-5.80	-5.95	-4.35	708	50	102	707	50	73.70	20.00	707	71	102	707	71	106.05	42.60	0	0	DC
all-chaff	1	5	7915	win	8.40	0.00	-2.70	-1.10	-2.30	-2.45	-1.20	711	61	79	711	61	71.10	24.40	695	64	79	695	64	104.25	38.40	1	0	DC
all-chaff	1	6	8197	loss	0.00	1.90	1.50	2.05	2.60	3.85	4.40	702	46	86	700	46	74.77	18.40	725	65	83	725	65	108.75	39.00	0	0	DC
all-chaff	1	7	7148	loss	0.00	17.80	0.45	-0.60	-2.15	-5.10	-5.25	627	57	66	625	57	68.50	22.80	627	77	66	627	77	94.05	46.20	0	0	DC
all-chaff	1	8	7884	loss	0.00	6.05	-0.60	-0.75	0.50	1.40	0.90	697	44	88	695	44	75.50	17.60	695	62	88	695	62	104.25	37.20	0	0	DC-AS
all-chaff	1	9	7866	loss	0.00	7.65	2.20	1.00	1.20	-2.80	-4.00	692	55	100	691	55	72.10	22.00	694	75	101	694	75	104.10	45.00	0	0	DC
all-chaff	1	10	7492	loss	0.00	14.85	1.15	5.20	5.05	5.25	1.85	659	59	73	658	59	68.80	23.60	659	83	72	659	83	98.85	49.80	1	0	DC
all-chaff	1	11	8052	win	2.20	0.00	0.45	1.70	2.25	3.65	6.15	724	61	92	723	61	75.30	24.40	711	67	92	711	67	106.65	40.20	1	0	DC
all-chaff	1	12	7922	win	4.10	0.00	-0.60	-0.40	-1.95	-3.50	-2.60	712	61	89	710	61	77.00	24.40	692	63	88	692	63	103.80	37.80	0	0	DC
all-chaff	1	13	7377	loss	0.00	21.10	-0.25	-3.55	-2.30	-1.75	-2.95	652	46	74	652	46	65.20	18.40	649	82	73	649	82	97.35	49.20	1	0	DC
all-chaff	1	14	7504	loss	0.00	15.95	1.50	3.80	4.35	2.80	1.95	662	60	77	662	60	66.20	24.00	661	86	78	661	86	99.15	51.60	2	0	DC
all-chaff	1	15	7432	loss	0.00	15.20	0.10	-1.80	-3.35	-5.45	-6.65	654	56	88	653	56	68.30	22.40	655	77	90	655	77	98.25	46.20	1	0	DC
all-chaff	1	16	8052	win	4.95	0.00	-1.65	-1.80	-0.55	-0.70	0.20	724	56	86	722	56	77.05	22.40	693	59	85	693	59	103.95	35.40	0	0	DC-AS
all-chaff	1	17	8032	win	1.70	0.00	0.80	0.30	-0.90	0.00	-0.50	723	59	75	723	59	72.30	23.60	708	69	76	708	69	106.20	41.40	0	0	DC-AS
all-chaff	1	18	7710	loss	0.00	9.80	0.45	0.15	-2.40	-3.60	-3.20	678	50	74	676	50	73.60	20.00	678	71	73	678	71	101.70	42.60	2	1	DC-AS
all-chaff	1	19	8178	loss	0.00	1.75	-0.60	0.30	1.55	2.10	2.65	725	60	83	725	60	72.50	24.00	723	79	80	723	79	108.45	47.40	0	1	DC-AS
all-chaff	1	20	7438	loss	0.00	17.25	-0.25	1.70	-0.55	-0.35	-2.25	654	58	77	654	58	65.40	23.20	655	87	78	655	87	98.25	52.20	1	1	DC
all-chaff	1	21	7714	loss	0.00	7.10	2.20	0.65	0.85	2.10	2.65	682	60	91	680	60	74.00	24.00	681	73	93	681	73	102.15	43.80	1	1	DC
all-chaff	1	22	7604	loss	0.00	10.15	-0.25	-0.75	-3.35	-1.75	-1.30	672	55	94	670	55	73.00	22.00	671	72	95	671	72	100.65	43.20	1	1	DC-AS
all-chaff	1	23	6937	loss	0.00	7.00	-0.60	17.35	20.25	20.10	21.00	607	57	94	602	56	75.20	38.40	610	82	94	610	82	91.50	49.20	1	1	DC-AS
all-chaff	1	24	6831	loss	0.00	30.30	2.20	2.05	3.30	1.30	0.25	602	31	101	601	31	63.10	12.40	601	74	99	601	74	90.15	44.40	1	1	DC-AS
all-chaff	1	25	8177	win	1.20	0.00	-1.30	0.30	3.30	1.05	2.30	734	48	112	733	48	76.30	19.20	722	62	111	722	62	108.30	37.20	1	1	DC-AS
all-chaff	1	26	6107	win	39.98	0.00	1.50	2.05	3.65	1.05	-0.95	547	42	86	545	40	59.24	40.44	535	45	86	535	45	80.25	27.00	2	1	DC
all-chaff	1	27	7177	loss	0.00	21.15	-3.15	-4.35	-4.50	-5.00	-7.25	630	46	79	628	46	68.80	18.40	631	79	78	631	79	94.65	47.40	2	1	DC
all-chaff	1	28	8179	win	1.70	0.00	0.45	2.40	0.50	1.05	3.00	737	64	99	737	64	73.70	25.60	717	75	97	717	75	107.55	45.00	1	1	DC
all-chaff	1	29	7334	loss	0.00	16.75	-0.65	-1.15	-2.35	-0.75	0.85	647	51	89	646	51	67.60	20.40	644	76	89	644	76	96.60	45.60	1	1	DC-AS
all-chaff	1	30	7624	loss	0.00	13.80	0.45	3.10	1.20	3.85	3.85	673	58	99	673	58	67.30	23.20	672	87	96	672	87	100.80	52.20	1	1	DC
all-chaff	1	31	7022	loss	0.00	21.15	0.80	-0.15	-1.70	-2.55	-3.05	618	61	92	616	61	67.60	24.40	618	85	92	618	85	92.70	51.00	1	1	DC
all-chaff	1	32	7807	loss	0.00	6.90	1.35	2.60	3.50	4.75	4.50	691	55	95	690	55	72.00	22.00	687	71	95	687	71	103.05	42.60	1	1	DC-AS
all-chaff	1	33	6895	loss	0.00	22.95	-0.25	0.30	0.85	-2.80	-3.65	604	55	71	601	55	69.10	22.00	607	80	71	607	80	91.05	48.00	1	1	DC-AS
all-chaff	1	34	7883	win	4.18	0.00	2.55	2.40	0.85	1.40	1.15	697	77	100	696	77	72.42	30.80	694	77	101	694	77	104.10	46.20	4	1	DC
all-chaff	2	0	1032	loss	0.00	42.04	40.71	34.76	7.41	-31.49	-42.04	65	5	8	8	3	77.30	33.20	64	14	8	7	1	55.67	42.10	3		
all-chaff	2	1	3693	win	27.20	0.00	23.20	24.05	34.35	31.75	30.30	328	29	37	324	29	44.40	11.60	307	31	38	220	24	113.95	36.80	0	0	DC
all-chaff	2	2	5472	win	12.40	0.00	0.45	-0.05	1.20	0.70	0.20	489	35	52	488	35	51.80	14.00	460	54	52	386	48	120.80	46.30	2	0	DC
all-chaff	2	3	732	loss	0.00	99.05	-0.70	-10.85	-99.05	-99.05	-99.05	43	3	2	7	1	36.20	8.40	45	16	2	23	7	42.35	79.70	3	0	DC-AS
all-chaff	2	4	3848	win	0.10	0.00	9.60	5.40	-1.20	-1.15	4.35	344	22	42	343	22	37.30	8.80	314	33	42	212	21	138.40	69.20	1	0	DC
all-chaff	2	5	5155	win	35.80	0.00	-1.30	9.75	25.90	25.75	24.15	460	49	51	459	49	48.90	19.60	442	50	52	418	50	103.10	30.00	1	0	DC
all-chaff	2	6	6946	loss	0.00	23.00	-0.15	0.05	-1.50	-2.70	-4.00	612	45	80	611	45	64.10	18.00	611	77	81	608	77	94.05	46.20	1	1	DC
all-chaff	2	7	6598	loss	0.00	19.65	-1.65	-4.25	-6.65	-2.90	-3.50	581	40	66	578	40	66.80	16.00	576	65	66	569	64	96.00	42.20	2	0	DC
all-chaff	2	8	7995	loss	0.00	5.70	0.45	-1.80	-1.25	-1.50	-2.60	708	46	91	707	46	73.70	18.40	707	67	91	707	67	106.05	40.20	1	0	DC
all-chaff	2	9	7956	loss	0.00	6.05	1.15	-0.40	-0.20	2.10	1.60	705	52	87	704	52	73.40	20.80	703	70	87	703	70	105.45	42.00	1	0	DC
all-chaff	2	10	8058	loss	0.00	5.40	-0.25	2.05	2.25	0.35	-0.50	714	55	91	714	55	71.40	22.00	712	77	91	712	77	106.80	46.20	1	0	DC-AS
all-chaff	2	11	7824	win	3.09	0.00	-1.30	-2.85	-2.30	-1.40	-1.90	700	44	97	698	43	75.71	33.20	660	71	98	660	71	99.00	42.60	0	0	DC
all-chaff	2	12	8057	win	7.50	0.00	2.20	4.50	3.85	3.70	2.50	723	56	89	723	56	72.30	22.40	702	59	87	702	59	105.30	35.40	0	0	DC
all-chaff	2	13	7174	loss	0.00	17.65	2.55	0.30	-0.20	-0.70	-1.55	629	49	77	626	49	71.60	19.60	628	69	76	628	69	94.20	41.40	1	0	DC
all-chaff	2	14	7272	loss	0.00	21.05	0.45	-4.25	-3.70	-4.00	-1.90	639	36	73	637	36	69.70	14.40	640	70	73	640	70	96.00	42.00	0	0	DC
all-chaff	2	15	8172	loss	0.00	1.75	0.45	2.05	2.25	1.40	2.20	724	66	93	724	66	72.40	26.40	716	79	93	716	79	107.40	47.40	1	0	DC
all-chaff	2	16	7393	loss	0.00	15.55	-0.25	1.70	1.55	1.25	1.95	651	51	69	649	51	70.90	20.40	649	74	69	649	74	97.35	44.40	0	0	DC-AS
all-chaff	2	17	7193	win	12.10	0.00	0.10	23.20	26.20	24.55	25.45	645	42	81	642	41	73.20	32.40	631	60	81	631	60	94.65	36.00	1	0	DC-AS
all-chaff	2	18	8012	loss	0.00	3.65	1.50	-0.75	-0.55	-2.80	-5.40	701	56	86	699	56	74.73	22.40	706	73	85	706	73	105.90	43.80	0	0	DC-AS
all-chaff	2	19	8265	loss	0.00	1.05	0.80	-1.45	-1.60	-1.40	0.20	731	46	98	730	46	76.00	18.40	729	65	97	729	65	109.35	39.00	0	0	DC-AS
all-chaff	2	20	7400	win	10.20	0.00	-0.60	-1.20	-0.65	-1.15	-2.35	663	49	85	661	48	72.10	35.20	641	68	86	641	68	96.15	40.80	0	0	DC-AS
all-chaff	2	21	7906	loss	0.00	3.30	-0.25	0.30	2.60	2.10	1.15	696	65	91	694	65	75.40	26.00	696	76	90	696	76	104.40	45.60	1	0	DC-AS
all-chaff	2	22	8016	loss	0.00	3.15	-0.25	0.40	-0.80	-1.40	-0.50	708	57	87	707	57	73.70	22.80	707	73	86	707	73	106.05	43.80	0	0	DC
all-chaff	2	23	8214	win	1.00	0.00	1.85	1.70	2.25	2.80	4.75	738	58	105	738	58	73.80	23.20	725	72	103	725	72	108.75	43.20	1	0	DC
all-chaff	2	24	8173	loss	0.00	1.00	0.10	1.35	1.55	2.10	1.60	722	57	72	721	57	75.10	22.80	721	71	72	721	71	108.15	42.60	0	0	DC
all-chaff	2	25	8147	loss	0.00	0.50	-0.60	1.00	-0.90	-1.75	-6.10	719	63	79	718	63	74.80	25.20	720	74	79	720	74	108.00	44.40	1	0	DC
all-chaff	2	26	8177	loss	0.00	6.05	0.45	0.30	1.20	1.75	0.20	721	42	108	721	42	72.10	16.80	721	69	108	721	69	108.15	41.40	0	0	DC
all-chaff	2	27	7420	loss	0.00	18.45	0.45	-0.05	-0.20	-1.75	-3.40	653	46	71	652	46	68.20	18.40	652	78	71	652	78	97.80	46.80	1	0	DC
all-chaff	2	28	7492	loss	0.00	13.35	-1.65	-3.90	-4.40	-4.90	-5.40	660	54	74	658	54	71.80	21.60	661	73	76	661	73	99.15	43.80	0	0	DC
all-chaff	2	29	7793	loss	0.00	10.05	-0.25	-0.05	-1.95	-1.75	-3.30	683	52	92	682	52	71.20	20.80	686	75	92	686	75	102.90	45.00	0	0	DC
all-chaff	2	30	8159	loss	0.30	4.05	1.15	0.65	2.35	4.65	1.35	720	53	95	720	53	72.00	21.20	720	74	97	720	74	108.00	44.40	0	0	DC-AS
all-chaff	2	31	7781	loss	0.00	13.75	-0.60	-1.45	-0.90	-2.10	-1.90	688	39	79	688	39	68.80	15.60	687	72	78	687	72	103.05	43.20	0	0	DC-AS
all-chaff	2	32	7855	loss	0.30	7.50	1.15	-0.40	-0.90	-1.05	-1.55	694	56	79	693	56	72.30	22.40	692	74	80	692	74	103.80	44.40	1	0	DC-AS
all-chaff	2	33	8118	loss	0.00	4.35	-0.60	-0.05	0.50	1.75	1.40	718	52	89	718	52	71.80	20.80	718	75	89	718	75	107.70	45.00	0	0	DC
all-chaff	2	34	6666	loss	0.00	27.80	-1.65	-0.40	-3.70	-5.25	-10.40	585	41	71	581	41	70.10	16.40	585	72	70	585	72	87.75	43.20	0	0	DC-AS
all-chaff	3	0	4112	win	45.30	0.00	45.27	49.17	48.57	50.52	51.07	352	36	31	343	34	61.30	45.60	330	36	31	310	36	70.98	21.60	3		
all-chaff	3	1	7477	loss	0.00	13.55	1.20	0.70	0.55	-2.05	-2.55	660	42	84	658	42	71.80	16.80	659	68	85	658	68	100.65	40.80	1	0	DC
all-chaff	3	2	2312	loss	0.00	66.70	0.80	-0.75	0.15	1.40	-1.30	185	12	15	132	9	66.20	15.60	190	32	16	159	23	52.30	45.60	3	0	DC
all-chaff	3	3	7637	loss	0.00	14.25	0.45	1.35	0.15	-1.40	0.60	674	44	72	673	44	70.30	17.60	673	72	72	673	72	100.95	43.20	2	0	DC
all-chaff	3	4	7749	win	12.80	0.00	2.90	4.85	6.80	8.40	8.60	696	58	71	695	58	72.50	23.20	676	53	72	676	53	101.40	31.80	0	0	DC
all-chaff	3	5	7707	loss	0.00	7.25	-0.25	-1.80	-3.35	1.05	1.60	679	50	99	676	50	76.60	20.00	680	65	99	680	65	102.00	39.00	0	0	DC
all-chaff	3	6	8238	loss	0.00	2.10	0.45	1.00	1.55	-1.75	-2.95	727	55	89	727	55	72.70	22.00	728	74	88	728	74	109.20	44.40	1	0	DC
all-chaff	3	7	8560	double	0.00	0.00	1.50	2.40	4.70	4.90	5.45	757	52	83	757	52	75.70	20.80	730	67	84	730	67	109.50	40.20	1	0	DC
all-chaff	3	8	7382	loss	0.00	16.85	0.80	0.65	-0.55	0.00	1.25	652	41	78	650	41	71.00	16.40	649	68	76	649	68	97.35	40.80	1	0	DC-AS
all-chaff	3	9	8141	win	0.90	0.00	0.45	1.35	2.60	2.80	0.90	732	63	80	732	63	73.20	25.20	718	73	79	718	73	107.70	43.80	0	0	DC-AS
all-chaff	3	10	7246	loss	0.00	18.55	-0.95	0.30	2.25	3.85	2.45	639	51	64	637	51	69.70	20.40	638	77	64	638	77	95.70	46.20	1	0	DC
all-chaff	3	11	7127	loss	0.00	21.25	-0.60	-1.10	0.50	-1.85	-2.00	629	49	81	627	49	68.70	19.60	628	77	81	628	77	94.20	46.20	1	0	DC
all-chaff	3	12	8009	win	7.70	0.00	-0.25	-1.10	-0.20	-0.35	-0.95	721	52	95	721	52	72.10	20.80	704	59	94	704	59	105.60	35.40	0	0	DC
all-chaff	3	13	7320	loss	0.00	18.70	-0.25	-0.75	0.85	-1.85	-4.80	646	42	84	644	42	70.40	16.80	643	72	83	643	72	96.45	43.20	1	0	DC-AS
all-chaff	3	14	7857	loss	0.00	10.40	1.50	1.35	-0.90	0.00	-1.30	695	50	89	695	50	69.50	20.00	692	76	89	692	76	103.80	45.60	0	0	DC
all-chaff	3	15	8261	win	0.00	0.00	-2.35	-3.20	-4.05	-4.55	-4.70	732	60	85	731	60	76.10	24.00	709	68	83	709	68	106.35	40.80	1	0	DC
all-chaff	3	16	7833	loss	0.00	11.70	-1.30	0.65	0.85	-0.70	1.60	692	34	95	691	34	72.10	13.60	687	63	96	687	63	103.05	37.80	0	0	DC-AS
all-chaff	3	17	8222	win	0.80	0.00	1.15	1.35	-0.20	-1.40	-1.90	738	56	76	737	56	76.70	22.40	717	66	76	717	66	107.55	39.60	0	0	DC-AS
all-chaff	3	18	7188	loss	0.30	24.10	-2.70	-1.45	-1.95	-3.50	-4.00	634	51	61	634	51	63.40	20.40	631	88	60	631	88	94.65	52.80	1	0	DC-AS
all-chaff	3	19	8075	loss	0.00	3.25	-0.60	-0.75	-0.90	-1.40	-1.90	713	54	92	712	54	74.20	21.60	714	71	90	714	71	107.10	42.60	0	0	DC-AS
all-chaff	3	20	7720	loss	0.00	14.20	-0.25	-0.75	-0.55	-3.15	-1.55	682	45	86	682	45	68.20	18.00	680	76	86	680	76	102.00	45.60	1	0	DC
all-chaff	3	21	8159	win	0.00	0.00	-1.65	-1.10	-0.55	-0.35	1.25	723	50	98	721	50	78.10	20.00	720	63	96	720	63	108.00	37.80	1	0	DC
all-chaff	3	22	7550	loss	0.00	9.70	0.10	0.65	-0.90	-3.15	-6.80	664	53	91	661	53	74.72	21.20	665	69	91	664	69	100.55	41.40	0	0	DC
all-chaff	3	23	7736	loss	0.30	5.80	-1.30	1.00	2.25	1.05	-2.35	682	55	78	679	55	76.90	22.00	682	67	79	682	67	102.30	40.20	0	0	DC
all-chaff	3	24	6959	loss	0.00	23.45	-0.60	-1.45	-1.60	-2.45	-3.05	610	47	69	607	47	69.70	18.80	610	75	69	610	75	91.50	45.00	1	0	DC-AS
all-chaff	3	25	8162	loss	0.00	2.40	-0.25	-2.85	-2.30	-2.45	-6.10	723	61	95	723	61	72.30	24.40	719	77	95	719	77	107.85	46.20	2	0	DC
all-chaff	3	26	6251	loss	0.00	24.65	-0.25	0.65	0.50	1.75	1.95	541	38	59	511	37	80.40	18.80	548	57	59	548	57	82.20	34.20	3	0	DC
all-chaff	3	27	7960	loss	0.00	7.05	-0.25	0.30	-2.45	-2.60	-2.75	705	58	86	705	58	70.50	23.20	702	80	85	702	80	105.30	48.00	0	0	DC-AS
all-chaff	3	28	8080	loss	0.00	4.95	-0.95	-2.50	-3.70	-4.20	-2.60	713	56	94	713	56	71.30	22.40	715	76	95	715	76	107.25	45.60	0	0	DC-AS
all-chaff	3	29	8133	win	0.60	0.00	1.15	2.40	1.90	4.90	7.10	732	60	90	731	60	75.60	24.00	713	69	90	713	69	106.95	41.40	0	0	DC
all-chaff	3	30	7890	loss	0.00	7.15	0.80	2.05	-0.55	0.70	-2.60	695	54	85	694	54	72.40	21.60	697	76	84	697	76	104.55	45.60	0	0	DC
all-chaff	3	31	7349	loss	0.00	19.70	-2.70	-4.95	-4.40	-7.70	-6.10	649	56	91	649	56	64.90	22.40	647	87	91	647	87	97.05	52.20	1	0	DC
all-chaff	3	32	7956	win	0.90	0.00	-0.25	-2.15	-0.55	-2.90	-1.65	715	54	88	712	54	80.20	21.60	699	59	88	699	59	104.85	35.40	0	0	DC
all-chaff	3	33	7415	loss	0.00	13.25	1.50	1.35	1.20	0.00	0.90	653	47	90	650	47	74.00	18.80	654	67	90	654	67	98.10	40.20	1	0	DC-AS
all-chaff	3	34	7064	loss	0.00	26.75	2.90	2.05	1.90	1.40	3.25	623	38	81	622	38	65.20	15.20	621	79	81	621	79	93.15	47.40	2	0	DC-AS
hold-fire	1	0	4630	win	40.65	0.00	46.48	47.78	53.63	52.38	51.13	13	3	3	7	0	12.40	29.10	365	60	3	281	51	100.22	53.80	0		
hold-fire	1	1	5500	loss	0.00	5.15	23.40	19.95	21.10	20.60	21.35	0	0	0	0	0	0.00	0.00	464	89	0	363	78	155.60	93.30	1	0	DC
hold-fire	1	2	4559	win	0.00	0.00	9.80	-9.55	11.15	18.25	5.80	7	0	0	7	0	0.70	0.00	375	57	0	254	40	154.25	90.20	1	0	DC
hold-fire	1	3	4216	win	11.95	0.00	7.85	18.80	19.35	27.60	13.75	8	0	1	7	0	2.65	0.00	349	50	1	225	32	142.55	75.20	0	1	DC
hold-fire	1	4	3937	win	36.75	0.00	23.40	33.10	35.05	36.50	30.95	10	1	0	8	0	4.70	9.70	302	42	0	166	20	129.40	59.90	0	1	DC
hold-fire	1	5	3977	win	28.70	0.00	-5.75	19.95	36.55	33.70	36.70	10	0	0	8	0	3.50	0.00	325	44	0	211	29	127.35	55.40	0	0	DC
hold-fire	1	6	3917	loss	0.00	6.00	9.80	-9.55	-1.27	6.28	0.08	2	0	0	1	0	1.17	0.00	322	50	1	201	34	154.60	94.20	0	0	DC
hold-fire	1	7	4917	win	10.43	0.00	9.80	24.75	16.95	24.90	21.70	9	0	0	8	0	1.67	0.00	377	61	0	262	46	143.75	76.50	1	0	DC
hold-fire	1	8	3808	win	21.60	0.00	23.40	33.10	26.40	23.10	28.40	11	0	0	9	0	4.80	0.00	315	42	0	195	25	132.55	61.70	0	0	DC-AS
hold-fire	1	9	4357	win	14.66	0.00	7.85	6.00	24.05	26.80	22.05	10	0	1	8	0	3.54	0.00	365	52	1	248	37	141.55	72.90	0	0	DC-AS
hold-fire	1	10	3364	win	6.51	0.00	7.85	-11.50	2.01	-3.69	3.06	9	0	0	8	0	2.59	0.00	271	36	0	163	21	140.75	84.00	0	0	DC
hold-fire	1	11	3309	win	7.63	0.00	9.80	6.00	-0.20	7.15	3.90	9	0	0	9	0	0.90	0.00	255	30	1	144	16	136.85	76.20	0	0	DC
hold-fire	1	12	1314	loss	0.00	41.65	9.80	4.05	1.85	-16.70	-16.15	0	0	0	0	0	0.00	0.00	84	17	0	0	0	125.10	100.20	0	0	DC
hold-fire	1	13	2837	loss	0.00	13.50	-7.70	4.05	-0.20	-3.75	-7.40	0	0	0	0	0	0.00	0.00	223	38	0	86	17	152.75	108.90	0	0	DC-AS
hold-fire	1	14	3799	win	6.82	0.00	-7.70	6.00	24.05	2.35	10.35	7	0	0	6	0	2.55	0.00	305	42	0	200	29	137.95	73.70	0	0	DC
hold-fire	1	15	4554	loss	0.00	4.55	-7.70	19.95	12.15	21.60	23.15	4	0	0	4	0	0.40	0.00	379	68	0	190	32	155.55	93.50	1	0	DC
hold-fire	1	16	4749	win	20.30	0.00	23.40	46.25	49.15	40.95	39.35	8	0	0	8	0	0.80	0.00	400	65	0	280	49	139.30	65.00	0	0	DC-AS
hold-fire	1	17	4888	win	8.81	0.00	9.80	-11.55	10.90	16.95	22.10	17	0	0	12	0	10.69	0.00	389	54	0	303	48	142.65	72.40	0	0	DC-AS
hold-fire	1	18	7334	win	8.95	0.00	7.85	33.10	40.50	37.05	39.15	8	0	1	7	0	2.65	0.00	594	109	1	503	102	164.10	88.00	1	0	DC-AS
hold-fire	1	19	949	loss	0.00	57.45	-7.70	-27.05	-15.30	-57.45	-57.45	0	0	0	0	0	0.00	0.00	54	11	0	0	0	104.50	101.90	0	0	DC-AS
hold-fire	1	20	3705	loss	0.00	5.95	-5.75	19.95	12.95	-1.60	-3.85	1	0	0	1	0	0.10	0.00	300	50	0	181	32	154.10	103.80	1	0	DC-AS
hold-fire	1	21	4037	win	36.90	0.00	25.35	46.25	48.35	36.05	41.75	10	0	0	8	0	3.71	0.00	337	48	0	243	40	123.85	47.20	0	0	DC-AS
hold-fire	1	22	4413	win	37.80	0.00	23.40	46.25	47.65	47.25	54.05	6	0	0	6	0	0.60	0.00	370	57	0	285	52	123.70	45.70	0	0	DC-AS
hold-fire	1	23	970	loss	0.00	60.90	9.80	-27.05	-46.40	-56.20	-60.90	0	0	0	0	0	0.00	0.00	57	11	0	0	0	100.15	100.40	0	0	DC
hold-fire	1	24	948	loss	0.00	63.95	7.85	-42.60	-60.00	-63.95	-63.95	0	0	0	0	0	0.00	0.00	56	11	0	0	0	97.10	100.40	1	0	DC
hold-fire	1	25	3615	loss	0.00	13.05	-7.70	-11.50	11.15	9.10	7.10	1	0	0	0	0	1.61	0.00	294	55	0	122	26	152.20	97.00	1	0	DC
hold-fire	1	26	5024	win	21.10	0.00	23.40	31.15	33.35	29.80	22.45	9	0	0	7	0	4.60	0.00	425	63	1	317	50	147.15	70.30	0	0	DC
hold-fire	1	27	5285	win	0.08	0.00	7.85	19.95	20.50	21.70	26.60	8	0	0	4	0	3.92	0.00	447	75	1	320	57	156.55	89.00	0	0	DC
hold-fire	1	28	4732	win	22.35	0.00	23.40	38.70	38.45	32.10	31.75	10	0	0	9	0	2.85	0.00	399	63	1	291	50	141.45	67.90	0	0	DC
hold-fire	1	29	4558	win	21.80	0.00	7.85	25.55	33.65	39.25	31.60	6	1	0	6	1	0.60	0.40	381	61	1	272	48	137.65	67.10	0	0	DC-AS
hold-fire	1	30	4784	win	3.35	0.00	7.85	6.00	24.05	29.65	20.55	10	0	0	8	0	3.65	0.00	383	64	0	262	47	145.05	81.30	0	0	DC
hold-fire	1	31	5294	win	10.89	0.00	23.40	6.00	17.60	18.65	27.05	9	0	0	7	0	3.21	0.00	448	73	2	349	63	150.00	80.30	0	0	DC
hold-fire	1	32	4370	loss	0.00	1.20	9.80	19.95	-1.00	2.35	1.25	1	0	0	1	0	0.10	0.00	360	58	0	230	42	156.00	92.60	0	0	DC-AS
hold-fire	1	33	5313	win	29.11	0.00	23.40	37.90	46.40	47.15	41.60	9	0	0	8	0	1.49	0.00	444	71	0	324	53	143.40	66.90	0	0	DC-AS
hold-fire	1	34	5695	win	6.40	0.00	23.40	19.15	35.00	32.20	30.00	9	0	0	9	0	0.90	0.00	485	88	1	367	73	155.35	87.00	0	0	DC-AS
hold-fire	2	0	5335	win	26.18	0.00	48.32	48.67	42.67	44.62	45.92	13	4	2	7	0	11.74	34.84	421	82	4	329	70	113.13	73.00	1		
hold-fire	2	1	2582	win	22.45	0.00	-23.25	-27.05	-0.20	6.70	21.20	10	1	0	8	0	4.70	9.70	193	21	0	128	14	116.65	63.60	1	0	DC
hold-fire	2	2	4141	win	26.99	0.00	21.45	31.15	31.85	33.75	32.00	10	0	0	7	0	6.55	0.00	348	46	1	245	35	130.30	54.90	0	0	DC
hold-fire	2	3	5293	loss	0.00	0.60	7.85	18.00	18.55	26.30	29.20	2	0	2	0	0	3.90	0.00	448	81	4	306	57	153.70	88.60	1	1	DC
hold-fire	2	4	4655	win	14.55	0.00	9.80	33.10	16.95	26.20	31.25	11	0	0	8	0	6.65	0.00	391	63	0	297	55	138.85	68.50	0	1	DC
hold-fire	2	5	2762	win	17.46	0.00	9.80	6.00	-0.20	8.35	9.45	8	0	0	7	0	1.04	0.00	218	22	0	130	14	124.60	64.70	0	1	DC
hold-fire	2	6	4046	win	16.90	0.00	23.40	24.75	25.10	20.25	22.80	7	0	0	7	0	0.70	0.00	323	45	1	199	28	137.35	67.80	0	0	DC
hold-fire	2	7	4021	loss	0.00	0.70	25.35	19.95	30.60	32.30	31.35	0	0	0	0	0	0.00	0.00	333	57	0	152	22	152.45	89.20	0	0	DC
hold-fire	2	8	3408	loss	0.00	5.35	-10.75	-45.65	-18.35	-0.80	1.25	1	0	1	0	0	0.55	0.00	276	45	1	163	33	142.50	86.40	0	0	DC-AS
hold-fire	2	9	4994	win	8.85	0.00	23.40	19.95	-3.30	13.60	15.35	11	0	1	10	0	2.95	0.00	416	61	1	306	47	153.30	83.10	0	0	DC-AS
hold-fire	2	10	902	loss	0.00	62.95	7.85	5.20	-39.65	-62.95	-62.95	0	0	0	0	0	0.00	0.00	52	11	0	0	0	99.00	101.90	0	0	DC
hold-fire	2	11	4600	win	10.90	0.00	23.40	33.10	28.70	26.60	27.75	7	0	0	7	0	0.70	0.00	386	66	0	254	45	144.30	77.10	1	0	DC
hold-fire	2	12	4214	loss	0.00	2.40	7.85	19.95	20.50	14.85	8.90	1	0	1	0	0	1.95	0.00	350	62	2	218	44	146.60	86.30	0	0	DC
hold-fire	2	13	3752	loss	0.00	1.10	23.40	19.15	12.15	-4.00	-3.85	1	0	1	1	0	0.10	0.00	305	45	1	186	29	152.15	90.30	0	0	DC
hold-fire	2	14	4229	win	22.60	0.00	25.35	24.75	25.30	30.65	33.05	10	0	0	9	0	2.40	0.00	340	49	0	221	32	134.20	63.70	1	0	DC
hold-fire	2	15	815	loss	0.00	77.40	-36.85	-56.46	-60.26	-77.40	-77.40	1	0	0	0	0	0.26	0.00	46	12	0	2	1	83.50	100.20	0	0	DC
hold-fire	2	16	1184	loss	0.00	43.30	7.85	6.00	-14.95	-14.75	-38.55	0	0	0	0	0	0.00	0.00	74	14	0	3	1	119.70	100.40	0	0	DC-AS
hold-fire	2	17	3369	loss	0.00	10.95	-23.25	-42.60	-15.30	3.50	4.95	1	0	0	1	0	0.10	0.00	273	48	0	129	27	151.35	97.80	1	0	DC-AS
hold-fire	2	18	902	loss	0.00	64.30	9.80	-9.55	-28.90	-64.30	-64.30	0	0	0	0	0	0.00	0.00	53	11	0	0	0	96.75	100.40	0	0	DC-AS
hold-fire	2	19	3993	win	20.02	0.00	-21.30	-9.55	11.15	23.70	27.85	10	0	0	9	0	2.18	0.00	313	42	0	216	33	130.15	64.00	0	0	DC-AS
hold-fire	2	20	5543	win	13.07	0.00	23.40	16.85	34.15	28.90	25.25	7	1	1	7	1	0.70	0.40	468	79	1	363	66	153.30	81.90	1	0	DC-AS
hold-fire	2	21	2833	loss	0.00	4.85	9.80	11.60	-3.75	-4.35	-12.80	3	0	0	3	0	0.30	0.00	222	33	0	93	13	148.80	90.90	0	0	DC-AS
hold-fire	2	22	2483	loss	0.00	4.85	9.80	-9.55	11.15	-14.90	-12.80	1	0	1	1	0	0.10	0.00	190	26	2	79	11	145.20	80.30	0	0	DC-AS
hold-fire	2	23	858	loss	0.00	69.65	23.40	-27.05	-28.90	-69.65	-69.65	0	0	0	0	0	0.00	0.00	48	11	0	0	0	91.40	100.40	0	0	DC-AS
hold-fire	2	24	4499	win	20.70	0.00	9.80	24.75	35.00	35.70	34.35	11	0	0	9	0	4.80	0.00	369	56	1	263	44	133.75	61.00	0	0	DC-AS
hold-fire	2	25	2169	loss	0.00	18.30	7.85	33.10	17.40	2.00	-0.95	0	0	0	0	0	0.00	0.00	158	28	0	5	1	153.40	100.20	0	0	DC-AS
hold-fire	2	26	3649	win	1.80	0.00	-7.70	-25.10	-14.15	-4.05	3.15	10	0	0	10	0	1.00	0.00	261	34	0	152	21	144.05	85.70	0	0	DC-AS
hold-fire	2	27	3830	loss	0.00	2.20	9.80	6.00	16.30	5.70	-1.20	1	0	0	1	0	0.10	0.00	312	53	1	174	33	148.60	89.40	1	0	DC
hold-fire	2	28	4975	win	7.32	0.00	7.85	19.95	12.15	13.30	14.25	12	1	0	9	0	3.87	2.12	403	59	1	282	43	154.45	85.30	0	0	DC-AS
hold-fire	2	29	2920	loss	0.00	8.10	-7.70	-27.05	-1.35	-6.75	-19.45	0	0	0	0	0	0.00	0.00	227	31	0	114	16	154.65	97.90	0	0	DC
hold-fire	2	30	5195	win	10.45	0.00	23.40	46.25	33.85	35.15	36.95	8	0	0	7	0	2.65	0.00	422	73	0	285	49	147.50	80.40	0	0	DC
hold-fire	2	31	4038	win	37.17	0.00	7.85	18.80	35.70	41.60	44.95	10	0	1	8	0	4.70	0.00	336	41	1	247	35	123.80	46.80	0	0	DC-AS
hold-fire	2	32	4531	win	4.35	0.00	7.85	5.20	10.55	12.30	10.70	9	0	0	8	0	2.75	0.00	379	55	0	258	39	150.85	85.40	0	0	DC-AS
hold-fire	2	33	1593	loss	0.00	33.20	23.40	18.80	11.80	8.55	-3.05	1	0	0	1	0	0.10	0.00	107	21	1	0	0	137.45	100.70	0	0	DC
hold-fire	2	34	4562	loss	0.00	15.55	7.85	6.00	24.05	25.80	24.80	3	0	0	2	0	2.15	0.00	382	79	0	194	47	151.80	95.50	1	0	DC
