build	opponent	role	rank	seed	round	won	survived	ticks	damageDealt	damageTaken	hitRate	duressTicks	skips
hadur2.Hadur 3.10	AD.CodaFirst 1.1	weak		1	0	1	1	392	67.0	0.0	0.4000	0	5
hadur2.Hadur 3.10	AD.CodaFirst 1.1	weak		1	1	1	1	365	79.0	0.0	0.4615	0	0
hadur2.Hadur 3.10	AD.CodaFirst 1.1	weak		1	2	1	1	405	70.8	11.2	0.3750	0	0
hadur2.Hadur 3.10	AD.CodaFirst 1.1	weak		1	3	1	1	416	61.0	0.0	0.2941	0	0
hadur2.Hadur 3.10	AD.CodaFirst 1.1	weak		1	4	1	1	343	79.0	0.0	0.4545	0	0
hadur2.Hadur 3.10	AD.CodaFirst 1.1	weak		1	5	1	1	435	80.4	10.0	0.3529	0	0
hadur2.Hadur 3.10	AD.CodaFirst 1.1	weak		1	6	1	1	320	80.0	0.0	0.5000	0	0
hadur2.Hadur 3.10	AD.CodaFirst 1.1	weak		1	7	1	1	432	64.0	16.0	0.2500	0	0
hadur2.Hadur 3.10	AD.CodaFirst 1.1	weak		1	8	1	1	336	80.0	0.0	0.4545	0	0
hadur2.Hadur 3.10	AD.CodaFirst 1.1	weak		1	9	1	1	323	76.0	0.0	0.4444	0	0
hadur2.Hadur 3.10	AD.CodaFirst 1.1	weak		1	10	1	1	567	25.0	0.0	0.0417	0	0
hadur2.Hadur 3.10	AD.CodaFirst 1.1	weak		1	11	1	1	461	44.5	0.0	0.1111	0	0
hadur2.Hadur 3.10	AD.CodaFirst 1.1	weak		1	12	1	1	332	80.0	0.0	0.5000	0	0
hadur2.Hadur 3.10	AD.CodaFirst 1.1	weak		1	13	1	1	300	85.0	0.0	0.6250	0	0
hadur2.Hadur 3.10	AD.CodaFirst 1.1	weak		1	14	1	1	328	80.0	10.0	0.5000	0	0
hadur2.Hadur 3.10	AD.CodaFirst 1.1	weak		1	15	1	1	346	73.0	0.0	0.3636	0	0
hadur2.Hadur 3.10	AD.CodaFirst 1.1	weak		1	16	1	1	270	91.0	0.0	0.8333	0	0
hadur2.Hadur 3.10	AD.CodaFirst 1.1	weak		1	17	1	1	287	91.0	0.0	0.7143	0	0
hadur2.Hadur 3.10	AD.CodaFirst 1.1	weak		1	18	1	1	303	79.0	0.0	0.5000	0	0
hadur2.Hadur 3.10	AD.CodaFirst 1.1	weak		1	19	1	1	301	85.0	0.0	0.6250	0	0
hadur2.Hadur 3.10	AD.CodaFirst 1.1	weak		1	20	1	1	352	80.4	10.0	0.4615	0	0
hadur2.Hadur 3.10	AD.CodaFirst 1.1	weak		1	21	1	1	391	64.0	0.0	0.2857	0	0
hadur2.Hadur 3.10	AD.CodaFirst 1.1	weak		1	22	1	1	316	80.0	0.0	0.5556	0	0
hadur2.Hadur 3.10	AD.CodaFirst 1.1	weak		1	23	1	1	303	85.0	0.0	0.6250	0	0
hadur2.Hadur 3.10	AD.CodaFirst 1.1	weak		1	24	1	1	388	61.0	0.0	0.2308	0	0
hadur2.Hadur 3.10	AD.CodaFirst 1.1	weak		1	25	1	1	271	88.0	0.0	0.8333	0	0
hadur2.Hadur 3.10	AD.CodaFirst 1.1	weak		1	26	1	1	312	85.0	0.0	0.5556	0	0
hadur2.Hadur 3.10	AD.CodaFirst 1.1	weak		1	27	1	1	352	80.0	0.0	0.4167	0	0
hadur2.Hadur 3.10	AD.CodaFirst 1.1	weak		1	28	1	1	393	61.0	0.0	0.2143	0	0
hadur2.Hadur 3.10	AD.CodaFirst 1.1	weak		1	29	1	1	366	80.4	10.0	0.4615	0	0
hadur2.Hadur 3.10	AD.CodaFirst 1.1	weak		1	30	1	1	348	80.4	23.6	0.4615	0	0
hadur2.Hadur 3.10	AD.CodaFirst 1.1	weak		1	31	1	1	334	80.0	0.0	0.4545	0	0
hadur2.Hadur 3.10	AD.CodaFirst 1.1	weak		1	32	1	1	350	80.0	10.0	0.4167	0	0
hadur2.Hadur 3.10	AD.CodaFirst 1.1	weak		1	33	1	1	350	82.0	10.0	0.5000	0	0
hadur2.Hadur 3.10	AD.CodaFirst 1.1	weak		1	34	1	1	359	76.0	0.0	0.3333	0	5
hadur2.Hadur 3.10	AD.CodaFirst 1.1	weak		2	0	1	1	579	41.5	80.0	0.2333	298	8
hadur2.Hadur 3.10	AD.CodaFirst 1.1	weak		2	1	1	1	443	64.0	0.0	0.2632	0	0
hadur2.Hadur 3.10	AD.CodaFirst 1.1	weak		2	2	1	1	431	70.8	11.2	0.3333	0	0
hadur2.Hadur 3.10	AD.CodaFirst 1.1	weak		2	3	1	1	458	71.4	11.2	0.3000	0	0
hadur2.Hadur 3.10	AD.CodaFirst 1.1	weak		2	4	1	1	319	91.0	0.0	0.5556	0	0
hadur2.Hadur 3.10	AD.CodaFirst 1.1	weak		2	5	1	1	385	80.0	10.0	0.3333	0	0
hadur2.Hadur 3.10	AD.CodaFirst 1.1	weak		2	6	1	1	319	88.0	0.0	0.5556	0	0
hadur2.Hadur 3.10	AD.CodaFirst 1.1	weak		2	7	1	1	274	91.0	0.0	0.8333	0	0
hadur2.Hadur 3.10	AD.CodaFirst 1.1	weak		2	8	1	1	301	88.0	0.0	0.6250	0	0
hadur2.Hadur 3.10	AD.CodaFirst 1.1	weak		2	9	1	1	389	67.0	0.0	0.3077	0	0
hadur2.Hadur 3.10	AD.CodaFirst 1.1	weak		2	10	1	1	360	73.0	0.0	0.3333	0	0
hadur2.Hadur 3.10	AD.CodaFirst 1.1	weak		2	11	1	1	334	80.0	0.0	0.5000	0	0
hadur2.Hadur 3.10	AD.CodaFirst 1.1	weak		2	12	1	1	339	80.0	10.0	0.4545	0	0
hadur2.Hadur 3.10	AD.CodaFirst 1.1	weak		2	13	1	1	353	70.0	0.0	0.3636	0	0
hadur2.Hadur 3.10	AD.CodaFirst 1.1	weak		2	14	1	1	300	85.0	0.0	0.6250	0	0
hadur2.Hadur 3.10	AD.CodaFirst 1.1	weak		2	15	1	1	272	94.0	0.0	0.8333	0	0
hadur2.Hadur 3.10	AD.CodaFirst 1.1	weak		2	16	1	1	296	88.0	0.0	0.6250	0	0
hadur2.Hadur 3.10	AD.CodaFirst 1.1	weak		2	17	1	1	347	80.0	10.0	0.4545	0	0
hadur2.Hadur 3.10	AD.CodaFirst 1.1	weak		2	18	1	1	316	80.0	0.0	0.5556	0	0
hadur2.Hadur 3.10	AD.CodaFirst 1.1	weak		2	19	1	1	368	80.0	0.0	0.3846	0	0
hadur2.Hadur 3.10	AD.CodaFirst 1.1	weak		2	20	1	1	315	82.0	0.0	0.5556	0	0
hadur2.Hadur 3.10	AD.CodaFirst 1.1	weak		2	21	1	1	287	79.0	0.0	0.5714	0	0
hadur2.Hadur 3.10	AD.CodaFirst 1.1	weak		2	22	1	1	303	79.0	0.0	0.5000	0	0
hadur2.Hadur 3.10	AD.CodaFirst 1.1	weak		2	23	1	1	272	94.0	0.0	0.8333	0	0
hadur2.Hadur 3.10	AD.CodaFirst 1.1	weak		2	24	1	1	306	82.0	0.0	0.6250	0	0
hadur2.Hadur 3.10	AD.CodaFirst 1.1	weak		2	25	1	1	403	58.0	0.0	0.2143	0	0
hadur2.Hadur 3.10	AD.CodaFirst 1.1	weak		2	26	1	1	337	70.0	0.0	0.4000	0	0
hadur2.Hadur 3.10	AD.CodaFirst 1.1	weak		2	27	1	1	351	76.0	0.0	0.3636	0	0
hadur2.Hadur 3.10	AD.CodaFirst 1.1	weak		2	28	1	1	348	73.0	0.0	0.3636	0	0
hadur2.Hadur 3.10	AD.CodaFirst 1.1	weak		2	29	1	1	349	73.0	0.0	0.3636	0	0
hadur2.Hadur 3.10	AD.CodaFirst 1.1	weak		2	30	1	1	391	67.0	0.0	0.2857	0	0
hadur2.Hadur 3.10	AD.CodaFirst 1.1	weak		2	31	1	1	289	85.0	0.0	0.7143	0	0
hadur2.Hadur 3.10	AD.CodaFirst 1.1	weak		2	32	1	1	386	70.0	0.0	0.2857	0	0
hadur2.Hadur 3.10	AD.CodaFirst 1.1	weak		2	33	1	1	317	82.0	0.0	0.5556	0	0
hadur2.Hadur 3.10	AD.CodaFirst 1.1	weak		2	34	1	1	414	61.0	0.0	0.2000	0	5
hadur2.Hadur 3.10	AD.CodaFirst 1.1	weak		3	0	1	1	316	90.2	3.2	0.8000	0	4
hadur2.Hadur 3.10	AD.CodaFirst 1.1	weak		3	1	1	1	426	70.8	0.0	0.3333	0	0
hadur2.Hadur 3.10	AD.CodaFirst 1.1	weak		3	2	1	1	331	76.0	0.0	0.5455	0	0
hadur2.Hadur 3.10	AD.CodaFirst 1.1	weak		3	3	1	1	401	64.5	0.0	0.3750	0	0
hadur2.Hadur 3.10	AD.CodaFirst 1.1	weak		3	4	1	1	395	67.9	0.0	0.4375	0	0
hadur2.Hadur 3.10	AD.CodaFirst 1.1	weak		3	5	1	1	325	82.0	0.0	0.6000	0	0
hadur2.Hadur 3.10	AD.CodaFirst 1.1	weak		3	6	1	1	332	85.0	0.0	0.5000	0	0
hadur2.Hadur 3.10	AD.CodaFirst 1.1	weak		3	7	1	1	304	85.0	0.0	0.6250	0	0
hadur2.Hadur 3.10	AD.CodaFirst 1.1	weak		3	8	1	1	495	48.0	0.0	0.1429	0	0
hadur2.Hadur 3.10	AD.CodaFirst 1.1	weak		3	9	1	1	329	80.0	10.0	0.5000	0	0
hadur2.Hadur 3.10	AD.CodaFirst 1.1	weak		3	10	1	1	293	82.0	0.0	0.6250	0	0
hadur2.Hadur 3.10	AD.CodaFirst 1.1	weak		3	11	1	1	333	80.0	10.0	0.5000	0	0
hadur2.Hadur 3.10	AD.CodaFirst 1.1	weak		3	12	1	1	323	73.0	0.0	0.4444	0	0
hadur2.Hadur 3.10	AD.CodaFirst 1.1	weak		3	13	1	1	328	85.0	0.0	0.5000	0	0
hadur2.Hadur 3.10	AD.CodaFirst 1.1	weak		3	14	1	1	318	85.0	0.0	0.5556	0	0
hadur2.Hadur 3.10	AD.CodaFirst 1.1	weak		3	15	1	1	314	80.0	0.0	0.5556	0	0
hadur2.Hadur 3.10	AD.CodaFirst 1.1	weak		3	16	1	1	302	79.0	0.0	0.5000	0	0
hadur2.Hadur 3.10	AD.CodaFirst 1.1	weak		3	17	1	1	406	55.0	0.0	0.2000	0	0
hadur2.Hadur 3.10	AD.CodaFirst 1.1	weak		3	18	1	1	430	64.4	29.6	0.2778	0	1
hadur2.Hadur 3.10	AD.CodaFirst 1.1	weak		3	19	1	1	351	80.0	0.0	0.4167	0	0
hadur2.Hadur 3.10	AD.CodaFirst 1.1	weak		3	20	1	1	305	94.0	0.0	0.6250	0	0
hadur2.Hadur 3.10	AD.CodaFirst 1.1	weak		3	21	1	1	381	70.0	0.0	0.3077	0	0
hadur2.Hadur 3.10	AD.CodaFirst 1.1	weak		3	22	1	1	319	79.0	0.0	0.4444	0	0
hadur2.Hadur 3.10	AD.CodaFirst 1.1	weak		3	23	1	1	311	82.0	0.0	0.5556	0	0
hadur2.Hadur 3.10	AD.CodaFirst 1.1	weak		3	24	1	1	385	70.0	0.0	0.3077	0	0
hadur2.Hadur 3.10	AD.CodaFirst 1.1	weak		3	25	1	1	378	80.4	23.6	0.4286	0	0
hadur2.Hadur 3.10	AD.CodaFirst 1.1	weak		3	26	1	1	340	82.0	0.0	0.4545	0	0
hadur2.Hadur 3.10	AD.CodaFirst 1.1	weak		3	27	1	1	290	85.0	0.0	0.7143	0	0
hadur2.Hadur 3.10	AD.CodaFirst 1.1	weak		3	28	1	1	367	70.0	0.0	0.3333	0	0
hadur2.Hadur 3.10	AD.CodaFirst 1.1	weak		3	29	1	1	350	80.0	0.0	0.4167	0	0
hadur2.Hadur 3.10	AD.CodaFirst 1.1	weak		3	30	1	1	355	80.0	0.0	0.4167	0	0
hadur2.Hadur 3.10	AD.CodaFirst 1.1	weak		3	31	1	1	337	82.0	0.0	0.5000	0	0
hadur2.Hadur 3.10	AD.CodaFirst 1.1	weak		3	32	1	1	299	85.0	0.0	0.6250	0	0
hadur2.Hadur 3.10	AD.CodaFirst 1.1	weak		3	33	1	1	354	70.0	0.0	0.3636	0	0
hadur2.Hadur 3.10	AD.CodaFirst 1.1	weak		3	34	1	1	285	91.0	0.0	0.7143	0	8
hadur2.Hadur 3.10	AD.CodaFirst 1.1	weak		4	0	1	1	291	88.0	0.0	0.8750	0	6
hadur2.Hadur 3.10	AD.CodaFirst 1.1	weak		4	1	1	1	305	91.0	0.0	0.8889	0	0
hadur2.Hadur 3.10	AD.CodaFirst 1.1	weak		4	2	1	1	308	85.0	0.0	0.6667	0	0
hadur2.Hadur 3.10	AD.CodaFirst 1.1	weak		4	3	1	1	412	64.5	0.0	0.3529	0	0
hadur2.Hadur 3.10	AD.CodaFirst 1.1	weak		4	4	1	1	460	48.5	2.0	0.2500	0	0
hadur2.Hadur 3.10	AD.CodaFirst 1.1	weak		4	5	1	1	490	52.0	0.0	0.1500	0	0
hadur2.Hadur 3.10	AD.CodaFirst 1.1	weak		4	6	1	1	335	80.0	10.0	0.5000	0	0
hadur2.Hadur 3.10	AD.CodaFirst 1.1	weak		4	7	1	1	315	82.0	0.0	0.5556	0	0
hadur2.Hadur 3.10	AD.CodaFirst 1.1	weak		4	8	1	1	317	80.0	10.0	0.5000	0	0
hadur2.Hadur 3.10	AD.CodaFirst 1.1	weak		4	9	1	1	345	70.0	0.0	0.3636	0	0
hadur2.Hadur 3.10	AD.CodaFirst 1.1	weak		4	10	1	1	289	88.0	0.0	0.7143	0	0
hadur2.Hadur 3.10	AD.CodaFirst 1.1	weak		4	11	1	1	352	80.4	23.6	0.5000	0	0
hadur2.Hadur 3.10	AD.CodaFirst 1.1	weak		4	12	1	1	382	80.4	10.0	0.4286	0	0
hadur2.Hadur 3.10	AD.CodaFirst 1.1	weak		4	13	1	1	315	85.0	0.0	0.5556	0	0
hadur2.Hadur 3.10	AD.CodaFirst 1.1	weak		4	14	1	1	275	94.0	0.0	0.8333	0	0
hadur2.Hadur 3.10	AD.CodaFirst 1.1	weak		4	15	1	1	312	82.0	0.0	0.5556	0	0
hadur2.Hadur 3.10	AD.CodaFirst 1.1	weak		4	16	1	1	336	76.0	0.0	0.4000	0	0
hadur2.Hadur 3.10	AD.CodaFirst 1.1	weak		4	17	1	1	337	70.0	0.0	0.4000	0	0
hadur2.Hadur 3.10	AD.CodaFirst 1.1	weak		4	18	1	1	299	85.0	0.0	0.6250	0	0
hadur2.Hadur 3.10	AD.CodaFirst 1.1	weak		4	19	1	1	376	70.0	0.0	0.3077	0	0
hadur2.Hadur 3.10	AD.CodaFirst 1.1	weak		4	20	1	1	345	82.0	0.0	0.4545	0	0
hadur2.Hadur 3.10	AD.CodaFirst 1.1	weak		4	21	1	1	444	49.0	0.0	0.1765	0	0
hadur2.Hadur 3.10	AD.CodaFirst 1.1	weak		4	22	1	1	302	85.0	0.0	0.6250	0	0
hadur2.Hadur 3.10	AD.CodaFirst 1.1	weak		4	23	1	1	302	80.0	10.0	0.6250	0	0
hadur2.Hadur 3.10	AD.CodaFirst 1.1	weak		4	24	1	1	327	82.0	0.0	0.5000	0	0
hadur2.Hadur 3.10	AD.CodaFirst 1.1	weak		4	25	1	1	335	80.4	10.0	0.5455	0	0
hadur2.Hadur 3.10	AD.CodaFirst 1.1	weak		4	26	1	1	287	85.0	0.0	0.7143	0	0
hadur2.Hadur 3.10	AD.CodaFirst 1.1	weak		4	27	1	1	282	85.0	0.0	0.7143	0	0
hadur2.Hadur 3.10	AD.CodaFirst 1.1	weak		4	28	1	1	307	80.0	0.0	0.5556	0	0
hadur2.Hadur 3.10	AD.CodaFirst 1.1	weak		4	29	1	1	284	88.0	0.0	0.7143	0	0
hadur2.Hadur 3.10	AD.CodaFirst 1.1	weak		4	30	1	1	402	80.4	10.0	0.4000	0	0
hadur2.Hadur 3.10	AD.CodaFirst 1.1	weak		4	31	1	1	317	82.0	0.0	0.5556	0	0
hadur2.Hadur 3.10	AD.CodaFirst 1.1	weak		4	32	1	1	404	70.0	0.0	0.2857	0	0
hadur2.Hadur 3.10	AD.CodaFirst 1.1	weak		4	33	1	1	306	85.0	0.0	0.6250	0	0
hadur2.Hadur 3.10	AD.CodaFirst 1.1	weak		4	34	1	1	469	46.0	16.0	0.1579	0	5
hadur2.Hadur 3.10	DM.Mijit .3	weak		1	0	1	1	769	17.0	28.2	0.0667	0	6
hadur2.Hadur 3.10	DM.Mijit .3	weak		1	1	1	1	598	30.3	9.4	0.1000	0	0
hadur2.Hadur 3.10	DM.Mijit .3	weak		1	2	1	1	414	21.4	0.0	0.1176	0	0
hadur2.Hadur 3.10	DM.Mijit .3	weak		1	3	1	1	719	29.1	18.8	0.0750	0	0
hadur2.Hadur 3.10	DM.Mijit .3	weak		1	4	1	1	607	38.8	9.4	0.1250	0	0
hadur2.Hadur 3.10	DM.Mijit .3	weak		1	5	1	1	614	60.2	37.6	0.1935	0	0
hadur2.Hadur 3.10	DM.Mijit .3	weak		1	6	1	1	402	67.6	0.0	0.4000	0	0
hadur2.Hadur 3.10	DM.Mijit .3	weak		1	7	1	1	341	53.9	9.4	0.2727	0	0
hadur2.Hadur 3.10	DM.Mijit .3	weak		1	8	1	1	678	32.0	9.4	0.0588	0	0
hadur2.Hadur 3.10	DM.Mijit .3	weak		1	9	1	1	630	31.1	18.8	0.0968	0	0
hadur2.Hadur 3.10	DM.Mijit .3	weak		1	10	1	1	508	53.8	18.8	0.2083	0	0
hadur2.Hadur 3.10	DM.Mijit .3	weak		1	11	1	1	534	49.4	18.8	0.1923	0	0
hadur2.Hadur 3.10	DM.Mijit .3	weak		1	12	1	1	583	52.0	28.2	0.1429	0	0
hadur2.Hadur 3.10	DM.Mijit .3	weak		1	13	1	1	503	64.0	0.0	0.1739	0	1
hadur2.Hadur 3.10	DM.Mijit .3	weak		1	14	1	1	487	64.5	18.8	0.2727	0	0
hadur2.Hadur 3.10	DM.Mijit .3	weak		1	15	1	1	375	76.1	9.4	0.3077	0	0
hadur2.Hadur 3.10	DM.Mijit .3	weak		1	16	1	1	649	23.4	0.0	0.0333	0	0
hadur2.Hadur 3.10	DM.Mijit .3	weak		1	17	1	1	566	36.5	37.6	0.1071	0	0
hadur2.Hadur 3.10	DM.Mijit .3	weak		1	18	1	1	481	48.9	9.4	0.2273	0	0
hadur2.Hadur 3.10	DM.Mijit .3	weak		1	19	1	1	417	61.7	0.0	0.2941	0	0
hadur2.Hadur 3.10	DM.Mijit .3	weak		1	20	1	1	450	67.7	18.8	0.2353	0	0
hadur2.Hadur 3.10	DM.Mijit .3	weak		1	21	1	1	466	51.3	18.8	0.1579	0	0
hadur2.Hadur 3.10	DM.Mijit .3	weak		1	22	1	1	760	34.9	18.8	0.0976	0	0
hadur2.Hadur 3.10	DM.Mijit .3	weak		1	23	1	1	498	58.2	0.0	0.2500	0	0
hadur2.Hadur 3.10	DM.Mijit .3	weak		1	24	1	1	433	47.1	9.4	0.2222	0	0
hadur2.Hadur 3.10	DM.Mijit .3	weak		1	25	1	1	543	41.7	9.4	0.1154	0	0
hadur2.Hadur 3.10	DM.Mijit .3	weak		1	26	1	1	584	44.3	9.4	0.1071	0	0
hadur2.Hadur 3.10	DM.Mijit .3	weak		1	27	1	1	475	57.1	0.0	0.2381	0	0
hadur2.Hadur 3.10	DM.Mijit .3	weak		1	28	1	1	531	29.1	9.4	0.1154	0	0
hadur2.Hadur 3.10	DM.Mijit .3	weak		1	29	1	1	650	38.8	18.8	0.1176	0	0
hadur2.Hadur 3.10	DM.Mijit .3	weak		1	30	1	1	531	52.2	9.4	0.2000	0	0
hadur2.Hadur 3.10	DM.Mijit .3	weak		1	31	1	1	609	59.5	37.6	0.1935	0	0
hadur2.Hadur 3.10	DM.Mijit .3	weak		1	32	1	1	397	55.2	0.0	0.2143	0	0
hadur2.Hadur 3.10	DM.Mijit .3	weak		1	33	1	1	463	58.7	9.4	0.1667	0	0
hadur2.Hadur 3.10	DM.Mijit .3	weak		1	34	1	1	383	74.2	9.4	0.3077	0	4
hadur2.Hadur 3.10	DM.Mijit .3	weak		2	0	1	1	605	29.2	9.4	0.0968	0	5
hadur2.Hadur 3.10	DM.Mijit .3	weak		2	1	1	1	583	50.3	28.2	0.1667	0	0
hadur2.Hadur 3.10	DM.Mijit .3	weak		2	2	1	1	497	56.0	9.4	0.2273	0	0
hadur2.Hadur 3.10	DM.Mijit .3	weak		2	3	1	1	444	54.1	9.4	0.1765	0	0
hadur2.Hadur 3.10	DM.Mijit .3	weak		2	4	1	1	455	64.6	9.4	0.2222	0	0
hadur2.Hadur 3.10	DM.Mijit .3	weak		2	5	1	1	408	26.4	9.4	0.1250	0	0
hadur2.Hadur 3.10	DM.Mijit .3	weak		2	6	1	1	547	46.2	9.4	0.1538	0	0
hadur2.Hadur 3.10	DM.Mijit .3	weak		2	7	1	1	539	53.0	18.8	0.1667	0	0
hadur2.Hadur 3.10	DM.Mijit .3	weak		2	8	1	1	512	64.9	18.8	0.2273	0	0
hadur2.Hadur 3.10	DM.Mijit .3	weak		2	9	1	1	466	68.0	18.8	0.2222	0	0
hadur2.Hadur 3.10	DM.Mijit .3	weak		2	10	1	1	420	64.0	0.0	0.2500	0	0
hadur2.Hadur 3.10	DM.Mijit .3	weak		2	11	1	1	416	40.7	0.0	0.1333	0	0
hadur2.Hadur 3.10	DM.Mijit .3	weak		2	12	1	1	591	22.2	18.8	0.1333	0	0
hadur2.Hadur 3.10	DM.Mijit .3	weak		2	13	1	1	427	65.8	0.0	0.2500	0	0
hadur2.Hadur 3.10	DM.Mijit .3	weak		2	14	1	1	621	55.2	28.2	0.1613	0	0
hadur2.Hadur 3.10	DM.Mijit .3	weak		2	15	1	1	497	51.9	9.4	0.1818	0	0
hadur2.Hadur 3.10	DM.Mijit .3	weak		2	16	1	1	460	59.4	9.4	0.2222	0	0
hadur2.Hadur 3.10	DM.Mijit .3	weak		2	17	1	1	507	50.5	9.4	0.1429	0	0
hadur2.Hadur 3.10	DM.Mijit .3	weak		2	18	1	1	423	59.8	0.0	0.2353	0	0
hadur2.Hadur 3.10	DM.Mijit .3	weak		2	19	1	1	601	40.8	28.2	0.1724	0	0
hadur2.Hadur 3.10	DM.Mijit .3	weak		2	20	1	1	607	48.4	18.8	0.1379	0	0
hadur2.Hadur 3.10	DM.Mijit .3	weak		2	21	1	1	592	53.3	18.8	0.1379	0	0
hadur2.Hadur 3.10	DM.Mijit .3	weak		2	22	1	1	934	38.0	56.4	0.1833	0	0
hadur2.Hadur 3.10	DM.Mijit .3	weak		2	23	1	1	847	33.2	47.0	0.2500	0	0
hadur2.Hadur 3.10	DM.Mijit .3	weak		2	24	1	1	532	49.8	0.0	0.1200	0	0
hadur2.Hadur 3.10	DM.Mijit .3	weak		2	25	1	1	472	48.0	0.0	0.1500	0	0
hadur2.Hadur 3.10	DM.Mijit .3	weak		2	26	1	1	556	43.5	18.8	0.1923	0	0
hadur2.Hadur 3.10	DM.Mijit .3	weak		2	27	1	1	841	16.6	28.2	0.0769	0	0
hadur2.Hadur 3.10	DM.Mijit .3	weak		2	28	1	1	496	58.7	9.4	0.2609	0	0
hadur2.Hadur 3.10	DM.Mijit .3	weak		2	29	1	1	492	58.2	0.0	0.2609	0	1
hadur2.Hadur 3.10	DM.Mijit .3	weak		2	30	1	1	464	53.8	9.4	0.1667	0	0
hadur2.Hadur 3.10	DM.Mijit .3	weak		2	31	1	1	430	65.5	9.4	0.2500	0	0
hadur2.Hadur 3.10	DM.Mijit .3	weak		2	32	1	1	468	56.9	9.4	0.1667	0	0
hadur2.Hadur 3.10	DM.Mijit .3	weak		2	33	1	1	518	50.9	9.4	0.1364	0	0
hadur2.Hadur 3.10	DM.Mijit .3	weak		2	34	1	1	601	46.2	18.8	0.1333	0	5
hadur2.Hadur 3.10	DM.Mijit .3	weak		3	0	1	1	501	58.2	9.4	0.2400	0	4
hadur2.Hadur 3.10	DM.Mijit .3	weak		3	1	1	1	755	25.7	37.6	0.1136	0	0
hadur2.Hadur 3.10	DM.Mijit .3	weak		3	2	1	1	380	53.4	18.8	0.2308	0	0
hadur2.Hadur 3.10	DM.Mijit .3	weak		3	3	1	1	555	48.4	18.8	0.1250	0	0
hadur2.Hadur 3.10	DM.Mijit .3	weak		3	4	1	1	470	58.0	9.4	0.2500	0	0
hadur2.Hadur 3.10	DM.Mijit .3	weak		3	5	1	1	379	76.9	28.2	0.3077	0	0
hadur2.Hadur 3.10	DM.Mijit .3	weak		3	6	1	1	636	45.4	28.2	0.1613	0	0
hadur2.Hadur 3.10	DM.Mijit .3	weak		3	7	0	0	732	33.2	42.2	0.1026	0	0
hadur2.Hadur 3.10	DM.Mijit .3	weak		3	8	1	1	643	33.5	18.8	0.0909	0	0
hadur2.Hadur 3.10	DM.Mijit .3	weak		3	9	1	1	439	41.5	0.0	0.2105	0	0
hadur2.Hadur 3.10	DM.Mijit .3	weak		3	10	1	1	508	29.7	18.8	0.1250	0	0
hadur2.Hadur 3.10	DM.Mijit .3	weak		3	11	1	1	636	59.8	47.0	0.2121	0	0
hadur2.Hadur 3.10	DM.Mijit .3	weak		3	12	1	1	567	41.7	18.8	0.1111	0	0
hadur2.Hadur 3.10	DM.Mijit .3	weak		3	13	1	1	571	59.5	47.0	0.2143	0	0
hadur2.Hadur 3.10	DM.Mijit .3	weak		3	14	1	1	614	43.1	9.4	0.1034	0	0
hadur2.Hadur 3.10	DM.Mijit .3	weak		3	15	1	1	491	62.0	18.8	0.2727	0	1
hadur2.Hadur 3.10	DM.Mijit .3	weak		3	16	1	1	504	49.2	9.4	0.1364	0	0
hadur2.Hadur 3.10	DM.Mijit .3	weak		3	17	1	1	438	20.2	0.0	0.1053	0	0
hadur2.Hadur 3.10	DM.Mijit .3	weak		3	18	1	1	507	68.5	28.2	0.2273	0	0
hadur2.Hadur 3.10	DM.Mijit .3	weak		3	19	1	1	371	75.4	9.4	0.4615	0	0
hadur2.Hadur 3.10	DM.Mijit .3	weak		3	20	1	1	483	49.8	0.0	0.1429	0	0
hadur2.Hadur 3.10	DM.Mijit .3	weak		3	21	1	1	452	72.1	28.2	0.2353	0	0
hadur2.Hadur 3.10	DM.Mijit .3	weak		3	22	1	1	464	51.1	0.0	0.1667	0	0
hadur2.Hadur 3.10	DM.Mijit .3	weak		3	23	1	1	599	53.3	28.2	0.2143	0	0
hadur2.Hadur 3.10	DM.Mijit .3	weak		3	24	1	1	541	38.6	0.0	0.0870	0	0
hadur2.Hadur 3.10	DM.Mijit .3	weak		3	25	1	1	552	54.4	9.4	0.1923	0	0
hadur2.Hadur 3.10	DM.Mijit .3	weak		3	26	1	1	421	57.6	9.4	0.2500	0	0
hadur2.Hadur 3.10	DM.Mijit .3	weak		3	27	1	1	558	44.2	9.4	0.1154	0	0
hadur2.Hadur 3.10	DM.Mijit .3	weak		3	28	1	1	503	61.9	9.4	0.1905	0	0
hadur2.Hadur 3.10	DM.Mijit .3	weak		3	29	1	1	434	74.2	18.8	0.2941	0	0
hadur2.Hadur 3.10	DM.Mijit .3	weak		3	30	1	1	531	72.3	37.6	0.2174	0	0
hadur2.Hadur 3.10	DM.Mijit .3	weak		3	31	1	1	544	56.0	18.8	0.1304	0	0
hadur2.Hadur 3.10	DM.Mijit .3	weak		3	32	1	1	420	58.1	9.4	0.2000	0	0
hadur2.Hadur 3.10	DM.Mijit .3	weak		3	33	1	1	782	29.1	28.2	0.0667	0	0
hadur2.Hadur 3.10	DM.Mijit .3	weak		3	34	1	1	515	59.8	9.4	0.2400	0	5
hadur2.Hadur 3.10	DM.Mijit .3	weak		4	0	1	1	573	59.8	37.6	0.2069	0	5
hadur2.Hadur 3.10	DM.Mijit .3	weak		4	1	1	1	584	38.8	28.2	0.1290	0	0
hadur2.Hadur 3.10	DM.Mijit .3	weak		4	2	1	1	564	43.0	18.8	0.1154	0	0
hadur2.Hadur 3.10	DM.Mijit .3	weak		4	3	1	1	586	35.4	0.0	0.1071	0	0
hadur2.Hadur 3.10	DM.Mijit .3	weak		4	4	1	1	496	60.9	18.8	0.2609	0	0
hadur2.Hadur 3.10	DM.Mijit .3	weak		4	5	1	1	636	44.8	37.6	0.1471	0	0
hadur2.Hadur 3.10	DM.Mijit .3	weak		4	6	1	1	495	54.8	9.4	0.2174	0	0
hadur2.Hadur 3.10	DM.Mijit .3	weak		4	7	1	1	669	21.1	0.0	0.0588	0	0
hadur2.Hadur 3.10	DM.Mijit .3	weak		4	8	1	1	538	41.3	9.4	0.1538	0	0
hadur2.Hadur 3.10	DM.Mijit .3	weak		4	9	1	1	562	48.5	0.0	0.1724	0	0
hadur2.Hadur 3.10	DM.Mijit .3	weak		4	10	1	1	570	38.6	18.8	0.1034	0	0
hadur2.Hadur 3.10	DM.Mijit .3	weak		4	11	1	1	499	50.5	9.4	0.2174	0	0
hadur2.Hadur 3.10	DM.Mijit .3	weak		4	12	1	1	537	48.5	9.4	0.1923	0	0
hadur2.Hadur 3.10	DM.Mijit .3	weak		4	13	1	1	519	41.9	0.0	0.1667	0	0
hadur2.Hadur 3.10	DM.Mijit .3	weak		4	14	1	1	495	52.5	9.4	0.1500	0	0
hadur2.Hadur 3.10	DM.Mijit .3	weak		4	15	1	1	624	38.9	9.4	0.1250	0	0
hadur2.Hadur 3.10	DM.Mijit .3	weak		4	16	1	1	551	61.1	9.4	0.2143	0	0
hadur2.Hadur 3.10	DM.Mijit .3	weak		4	17	1	1	638	49.9	28.2	0.1290	0	0
hadur2.Hadur 3.10	DM.Mijit .3	weak		4	18	1	1	412	61.7	0.0	0.3125	0	0
hadur2.Hadur 3.10	DM.Mijit .3	weak		4	19	1	1	620	48.0	28.2	0.0968	0	0
hadur2.Hadur 3.10	DM.Mijit .3	weak		4	20	1	1	433	62.0	0.0	0.3333	0	0
hadur2.Hadur 3.10	DM.Mijit .3	weak		4	21	1	1	420	58.2	0.0	0.2000	0	0
hadur2.Hadur 3.10	DM.Mijit .3	weak		4	22	1	1	622	28.5	9.4	0.0645	0	0
hadur2.Hadur 3.10	DM.Mijit .3	weak		4	23	1	1	343	77.2	0.0	0.4545	0	0
hadur2.Hadur 3.10	DM.Mijit .3	weak		4	24	1	1	479	64.5	18.8	0.2105	0	0
hadur2.Hadur 3.10	DM.Mijit .3	weak		4	25	1	1	517	46.1	0.0	0.1364	0	0
hadur2.Hadur 3.10	DM.Mijit .3	weak		4	26	1	1	364	61.9	9.4	0.2500	0	0
hadur2.Hadur 3.10	DM.Mijit .3	weak		4	27	1	1	451	48.5	18.8	0.1667	0	0
hadur2.Hadur 3.10	DM.Mijit .3	weak		4	28	1	1	400	57.7	9.4	0.2667	0	0
hadur2.Hadur 3.10	DM.Mijit .3	weak		4	29	1	1	556	51.4	9.4	0.1304	0	0
hadur2.Hadur 3.10	DM.Mijit .3	weak		4	30	1	1	456	48.4	0.0	0.1667	0	0
hadur2.Hadur 3.10	DM.Mijit .3	weak		4	31	1	1	395	63.6	0.0	0.3333	0	0
hadur2.Hadur 3.10	DM.Mijit .3	weak		4	32	1	1	463	57.1	9.4	0.1765	0	0
hadur2.Hadur 3.10	DM.Mijit .3	weak		4	33	1	1	427	71.2	18.8	0.3125	0	0
hadur2.Hadur 3.10	DM.Mijit .3	weak		4	34	1	1	489	48.9	9.4	0.1429	0	6
hadur2.Hadur 3.10	EH.Fusion 0.32	weak		1	0	0	0	291	89.4	96.0	0.6250	0	1
hadur2.Hadur 3.10	EH.Fusion 0.32	weak		1	1	1	1	305	73.7	48.0	0.5556	0	4
hadur2.Hadur 3.10	EH.Fusion 0.32	weak		1	2	1	1	328	100.0	64.0	0.6000	0	0
hadur2.Hadur 3.10	EH.Fusion 0.32	weak		1	3	1	1	297	107.2	80.0	0.7500	0	0
hadur2.Hadur 3.10	EH.Fusion 0.32	weak		1	4	1	1	328	122.8	112.0	0.7000	0	0
hadur2.Hadur 3.10	EH.Fusion 0.32	weak		1	5	1	1	311	85.4	32.0	0.5556	0	0
hadur2.Hadur 3.10	EH.Fusion 0.32	weak		1	6	1	1	366	64.0	16.0	0.4286	0	1
hadur2.Hadur 3.10	EH.Fusion 0.32	weak		1	7	1	1	369	64.0	0.0	0.4286	0	0
hadur2.Hadur 3.10	EH.Fusion 0.32	weak		1	8	1	1	343	67.9	0.0	0.5833	0	0
hadur2.Hadur 3.10	EH.Fusion 0.32	weak		1	9	0	0	335	95.7	123.9	0.6000	0	0
hadur2.Hadur 3.10	EH.Fusion 0.32	weak		1	10	1	1	333	85.0	48.0	0.5000	0	0
hadur2.Hadur 3.10	EH.Fusion 0.32	weak		1	11	1	1	329	103.0	80.0	0.6000	0	0
hadur2.Hadur 3.10	EH.Fusion 0.32	weak		1	12	1	1	302	73.0	16.0	0.5000	0	0
hadur2.Hadur 3.10	EH.Fusion 0.32	weak		1	13	1	1	355	118.0	112.0	0.6667	0	0
hadur2.Hadur 3.10	EH.Fusion 0.32	weak		1	14	1	1	317	82.5	32.0	0.5556	0	0
hadur2.Hadur 3.10	EH.Fusion 0.32	weak		1	15	1	1	282	103.0	64.0	0.8571	0	0
hadur2.Hadur 3.10	EH.Fusion 0.32	weak		1	16	1	1	344	127.0	128.0	0.6364	0	0
hadur2.Hadur 3.10	EH.Fusion 0.32	weak		1	17	1	1	268	88.0	32.0	0.8333	0	0
hadur2.Hadur 3.10	EH.Fusion 0.32	weak		1	18	1	1	282	86.0	32.0	0.8571	0	0
hadur2.Hadur 3.10	EH.Fusion 0.32	weak		1	19	1	1	282	76.0	16.0	0.5714	0	0
hadur2.Hadur 3.10	EH.Fusion 0.32	weak		1	20	1	1	284	85.0	32.0	0.7143	0	0
hadur2.Hadur 3.10	EH.Fusion 0.32	weak		1	21	1	1	262	79.0	0.0	0.6667	0	0
hadur2.Hadur 3.10	EH.Fusion 0.32	weak		1	22	1	1	344	109.0	96.0	0.5455	0	0
hadur2.Hadur 3.10	EH.Fusion 0.32	weak		1	23	1	1	297	109.0	80.0	0.7500	0	0
hadur2.Hadur 3.10	EH.Fusion 0.32	weak		1	24	1	1	281	85.0	32.0	0.7143	0	0
hadur2.Hadur 3.10	EH.Fusion 0.32	weak		1	25	1	1	271	79.0	32.0	0.6667	0	0
hadur2.Hadur 3.10	EH.Fusion 0.32	weak		1	26	1	1	355	82.0	48.0	0.5000	0	0
hadur2.Hadur 3.10	EH.Fusion 0.32	weak		1	27	1	1	282	103.0	80.0	0.8571	0	0
hadur2.Hadur 3.10	EH.Fusion 0.32	weak		1	28	1	1	280	96.0	32.0	0.8571	0	0
hadur2.Hadur 3.10	EH.Fusion 0.32	weak		1	29	1	1	306	91.0	48.0	0.6250	0	0
hadur2.Hadur 3.10	EH.Fusion 0.32	weak		1	30	1	1	322	97.0	64.0	0.7000	0	0
hadur2.Hadur 3.10	EH.Fusion 0.32	weak		1	31	1	1	266	80.0	0.0	0.8333	0	0
hadur2.Hadur 3.10	EH.Fusion 0.32	weak		1	32	1	1	283	94.0	48.0	0.7143	0	0
hadur2.Hadur 3.10	EH.Fusion 0.32	weak		1	33	1	1	272	79.0	16.0	0.6667	0	0
hadur2.Hadur 3.10	EH.Fusion 0.32	weak		1	34	1	1	266	79.0	32.0	0.6667	0	7
hadur2.Hadur 3.10	EH.Fusion 0.32	weak		2	0	0	0	300	36.0	84.4	1.0000	137	3
hadur2.Hadur 3.10	EH.Fusion 0.32	weak		2	1	1	1	244	64.0	48.0	1.0000	0	3
hadur2.Hadur 3.10	EH.Fusion 0.32	weak		2	2	0	0	264	64.0	80.0	0.6667	0	0
hadur2.Hadur 3.10	EH.Fusion 0.32	weak		2	3	1	1	379	91.6	64.0	0.3846	0	0
hadur2.Hadur 3.10	EH.Fusion 0.32	weak		2	4	1	1	308	79.0	16.0	0.5000	0	0
hadur2.Hadur 3.10	EH.Fusion 0.32	weak		2	5	1	1	314	104.5	80.0	0.6667	0	0
hadur2.Hadur 3.10	EH.Fusion 0.32	weak		2	6	1	1	379	61.0	0.0	0.4000	0	0
hadur2.Hadur 3.10	EH.Fusion 0.32	weak		2	7	1	1	307	76.0	0.0	0.7778	0	0
hadur2.Hadur 3.10	EH.Fusion 0.32	weak		2	8	1	1	356	67.0	0.0	0.4615	0	0
hadur2.Hadur 3.10	EH.Fusion 0.32	weak		2	9	1	1	360	114.5	110.5	0.6923	0	0
hadur2.Hadur 3.10	EH.Fusion 0.32	weak		2	10	1	1	300	79.0	32.0	0.6250	0	0
hadur2.Hadur 3.10	EH.Fusion 0.32	weak		2	11	1	1	329	103.0	80.0	0.6000	0	0
hadur2.Hadur 3.10	EH.Fusion 0.32	weak		2	12	1	1	334	81.5	32.0	0.5000	0	0
hadur2.Hadur 3.10	EH.Fusion 0.32	weak		2	13	1	1	316	70.0	32.0	0.4444	0	0
hadur2.Hadur 3.10	EH.Fusion 0.32	weak		2	14	1	1	345	109.0	96.0	0.5455	0	0
hadur2.Hadur 3.10	EH.Fusion 0.32	weak		2	15	1	1	269	79.0	16.0	0.6667	0	0
hadur2.Hadur 3.10	EH.Fusion 0.32	weak		2	16	1	1	312	97.0	80.0	0.6667	0	0
hadur2.Hadur 3.10	EH.Fusion 0.32	weak		2	17	1	1	333	91.0	48.0	0.5000	0	0
hadur2.Hadur 3.10	EH.Fusion 0.32	weak		2	18	1	1	281	94.0	48.0	0.7143	0	0
hadur2.Hadur 3.10	EH.Fusion 0.32	weak		2	19	1	1	264	79.0	0.0	0.6667	0	0
hadur2.Hadur 3.10	EH.Fusion 0.32	weak		2	20	1	1	330	103.0	80.0	0.6000	0	0
hadur2.Hadur 3.10	EH.Fusion 0.32	weak		2	21	1	1	382	64.0	32.0	0.2308	0	0
hadur2.Hadur 3.10	EH.Fusion 0.32	weak		2	22	1	1	329	85.0	48.0	0.5000	0	0
hadur2.Hadur 3.10	EH.Fusion 0.32	weak		2	23	1	1	268	79.0	16.0	0.6667	0	0
hadur2.Hadur 3.10	EH.Fusion 0.32	weak		2	24	1	1	290	76.0	16.0	0.5714	0	0
hadur2.Hadur 3.10	EH.Fusion 0.32	weak		2	25	1	1	329	112.0	96.0	0.6000	0	0
hadur2.Hadur 3.10	EH.Fusion 0.32	weak		2	26	1	1	268	80.0	0.0	0.8333	0	0
hadur2.Hadur 3.10	EH.Fusion 0.32	weak		2	27	1	1	321	70.0	16.0	0.4444	0	0
hadur2.Hadur 3.10	EH.Fusion 0.32	weak		2	28	1	1	297	91.0	48.0	0.6250	0	0
hadur2.Hadur 3.10	EH.Fusion 0.32	weak		2	29	1	1	328	121.0	112.0	0.7000	0	0
hadur2.Hadur 3.10	EH.Fusion 0.32	weak		2	30	1	1	271	79.0	16.0	0.6667	0	0
hadur2.Hadur 3.10	EH.Fusion 0.32	weak		2	31	1	1	331	80.5	48.0	0.5000	0	0
hadur2.Hadur 3.10	EH.Fusion 0.32	weak		2	32	1	1	301	73.0	0.0	0.5000	0	0
hadur2.Hadur 3.10	EH.Fusion 0.32	weak		2	33	1	1	283	85.0	32.0	0.7143	0	0
hadur2.Hadur 3.10	EH.Fusion 0.32	weak		2	34	1	1	284	85.0	32.0	0.7143	0	6
hadur2.Hadur 3.10	EH.Fusion 0.32	weak		3	0	0	0	247	72.4	70.1	0.8000	0	0
hadur2.Hadur 3.10	EH.Fusion 0.32	weak		3	1	0	0	273	73.7	80.0	0.8333	0	0
hadur2.Hadur 3.10	EH.Fusion 0.32	weak		3	2	1	1	371	67.0	64.0	0.3333	0	4
hadur2.Hadur 3.10	EH.Fusion 0.32	weak		3	3	1	1	313	107.2	80.0	0.6667	0	0
hadur2.Hadur 3.10	EH.Fusion 0.32	weak		3	4	1	1	285	91.0	48.0	0.7143	0	0
hadur2.Hadur 3.10	EH.Fusion 0.32	weak		3	5	1	1	309	97.0	48.0	0.6667	0	0
hadur2.Hadur 3.10	EH.Fusion 0.32	weak		3	6	1	1	442	58.0	16.0	0.2632	0	0
hadur2.Hadur 3.10	EH.Fusion 0.32	weak		3	7	1	1	338	79.0	16.0	0.5455	0	0
hadur2.Hadur 3.10	EH.Fusion 0.32	weak		3	8	1	1	348	67.0	0.0	0.5000	0	0
hadur2.Hadur 3.10	EH.Fusion 0.32	weak		3	9	1	1	377	103.0	96.0	0.4615	0	0
hadur2.Hadur 3.10	EH.Fusion 0.32	weak		3	10	1	1	273	79.0	16.0	0.6667	0	0
hadur2.Hadur 3.10	EH.Fusion 0.32	weak		3	11	1	1	355	87.5	48.0	0.5000	0	0
hadur2.Hadur 3.10	EH.Fusion 0.32	weak		3	12	1	1	272	88.0	16.0	0.8333	0	0
hadur2.Hadur 3.10	EH.Fusion 0.32	weak		3	13	1	1	300	82.0	32.0	0.6250	0	0
hadur2.Hadur 3.10	EH.Fusion 0.32	weak		3	14	1	1	281	76.0	16.0	0.5714	0	0
hadur2.Hadur 3.10	EH.Fusion 0.32	weak		3	15	1	1	313	79.0	32.0	0.4444	0	0
hadur2.Hadur 3.10	EH.Fusion 0.32	weak		3	16	1	1	273	80.0	0.0	0.8333	0	0
hadur2.Hadur 3.10	EH.Fusion 0.32	weak		3	17	1	1	300	82.0	32.0	0.6250	0	0
hadur2.Hadur 3.10	EH.Fusion 0.32	weak		3	18	1	1	289	85.0	32.0	0.7143	0	0
hadur2.Hadur 3.10	EH.Fusion 0.32	weak		3	19	1	1	299	82.0	16.0	0.6250	0	0
hadur2.Hadur 3.10	EH.Fusion 0.32	weak		3	20	1	1	369	115.0	96.0	0.6154	0	0
hadur2.Hadur 3.10	EH.Fusion 0.32	weak		3	21	1	1	282	76.0	0.0	0.5714	0	0
hadur2.Hadur 3.10	EH.Fusion 0.32	weak		3	22	1	1	311	79.0	32.0	0.4444	0	0
hadur2.Hadur 3.10	EH.Fusion 0.32	weak		3	23	1	1	344	109.0	96.0	0.5455	0	0
hadur2.Hadur 3.10	EH.Fusion 0.32	weak		3	24	1	1	301	82.0	32.0	0.6250	0	0
hadur2.Hadur 3.10	EH.Fusion 0.32	weak		3	25	1	1	324	92.0	58.0	0.6000	0	0
hadur2.Hadur 3.10	EH.Fusion 0.32	weak		3	26	1	1	318	80.0	16.0	0.5556	0	0
hadur2.Hadur 3.10	EH.Fusion 0.32	weak		3	27	1	1	347	64.0	16.0	0.3636	0	0
hadur2.Hadur 3.10	EH.Fusion 0.32	weak		3	28	1	1	281	76.0	16.0	0.5714	0	0
hadur2.Hadur 3.10	EH.Fusion 0.32	weak		3	29	1	1	374	92.0	58.0	0.4615	0	0
hadur2.Hadur 3.10	EH.Fusion 0.32	weak		3	30	1	1	282	94.0	48.0	0.7143	0	0
hadur2.Hadur 3.10	EH.Fusion 0.32	weak		3	31	1	1	284	85.0	48.0	0.7143	0	0
hadur2.Hadur 3.10	EH.Fusion 0.32	weak		3	32	1	1	298	109.0	80.0	0.7500	0	0
hadur2.Hadur 3.10	EH.Fusion 0.32	weak		3	33	1	1	296	73.0	16.0	0.5000	0	0
hadur2.Hadur 3.10	EH.Fusion 0.32	weak		3	34	1	1	288	76.0	16.0	0.5714	0	7
hadur2.Hadur 3.10	EH.Fusion 0.32	weak		4	0	1	1	291	83.0	80.0	0.6250	0	5
hadur2.Hadur 3.10	EH.Fusion 0.32	weak		4	1	0	0	302	89.7	96.0	0.7500	0	0
hadur2.Hadur 3.10	EH.Fusion 0.32	weak		4	2	1	1	313	134.2	128.0	0.8889	0	0
hadur2.Hadur 3.10	EH.Fusion 0.32	weak		4	3	1	1	338	140.2	128.0	0.8182	0	0
hadur2.Hadur 3.10	EH.Fusion 0.32	weak		4	4	1	1	267	91.0	32.0	0.8333	0	0
hadur2.Hadur 3.10	EH.Fusion 0.32	weak		4	5	1	1	281	91.0	32.0	0.7143	0	0
hadur2.Hadur 3.10	EH.Fusion 0.32	weak		4	6	1	1	433	54.5	0.0	0.2778	0	0
hadur2.Hadur 3.10	EH.Fusion 0.32	weak		4	7	1	1	343	67.9	0.0	0.5833	0	0
hadur2.Hadur 3.10	EH.Fusion 0.32	weak		4	8	1	1	397	58.2	0.0	0.3750	0	0
hadur2.Hadur 3.10	EH.Fusion 0.32	weak		4	9	1	1	328	112.0	96.0	0.6000	0	0
hadur2.Hadur 3.10	EH.Fusion 0.32	weak		4	10	1	1	323	97.0	64.0	0.7000	0	0
hadur2.Hadur 3.10	EH.Fusion 0.32	weak		4	11	1	1	300	91.0	48.0	0.6250	0	0
hadur2.Hadur 3.10	EH.Fusion 0.32	weak		4	12	1	1	273	79.0	16.0	0.6667	0	0
hadur2.Hadur 3.10	EH.Fusion 0.32	weak		4	13	1	1	371	106.0	80.0	0.5385	0	0
hadur2.Hadur 3.10	EH.Fusion 0.32	weak		4	14	0	0	385	111.7	123.9	0.5385	0	0
hadur2.Hadur 3.10	EH.Fusion 0.32	weak		4	15	1	1	298	91.0	48.0	0.6250	0	0
hadur2.Hadur 3.10	EH.Fusion 0.32	weak		4	16	1	1	299	109.0	80.0	0.7500	0	0
hadur2.Hadur 3.10	EH.Fusion 0.32	weak		4	17	1	1	291	76.0	0.0	0.5714	0	0
hadur2.Hadur 3.10	EH.Fusion 0.32	weak		4	18	1	1	267	79.0	16.0	0.6667	0	0
hadur2.Hadur 3.10	EH.Fusion 0.32	weak		4	19	1	1	313	79.0	32.0	0.4444	0	0
hadur2.Hadur 3.10	EH.Fusion 0.32	weak		4	20	1	1	322	70.0	16.0	0.4444	0	0
hadur2.Hadur 3.10	EH.Fusion 0.32	weak		4	21	1	1	267	79.0	16.0	0.6667	0	0
hadur2.Hadur 3.10	EH.Fusion 0.32	weak		4	22	1	1	304	88.0	32.0	0.6250	0	0
hadur2.Hadur 3.10	EH.Fusion 0.32	weak		4	23	1	1	271	79.0	16.0	0.6667	0	0
hadur2.Hadur 3.10	EH.Fusion 0.32	weak		4	24	1	1	353	109.0	96.0	0.6667	0	0
hadur2.Hadur 3.10	EH.Fusion 0.32	weak		4	25	1	1	279	76.0	16.0	0.5714	0	0
hadur2.Hadur 3.10	EH.Fusion 0.32	weak		4	26	1	1	345	64.0	0.0	0.3636	0	0
hadur2.Hadur 3.10	EH.Fusion 0.32	weak		4	27	1	1	393	109.0	112.0	0.4286	0	0
hadur2.Hadur 3.10	EH.Fusion 0.32	weak		4	28	1	1	313	96.0	48.0	0.6667	0	0
hadur2.Hadur 3.10	EH.Fusion 0.32	weak		4	29	1	1	281	85.0	48.0	0.7143	0	0
hadur2.Hadur 3.10	EH.Fusion 0.32	weak		4	30	1	1	298	109.0	64.0	0.8750	0	0
hadur2.Hadur 3.10	EH.Fusion 0.32	weak		4	31	1	1	265	79.0	48.0	0.6667	0	0
hadur2.Hadur 3.10	EH.Fusion 0.32	weak		4	32	1	1	282	94.0	48.0	0.7143	0	0
hadur2.Hadur 3.10	EH.Fusion 0.32	weak		4	33	1	1	264	79.0	16.0	0.6667	0	0
hadur2.Hadur 3.10	EH.Fusion 0.32	weak		4	34	1	1	296	73.0	16.0	0.5000	0	7
hadur2.Hadur 3.10	Lo_Ian.Gandalf_V4 4.0	weak		1	0	1	1	652	56.0	32.0	0.1389	298	9
hadur2.Hadur 3.10	Lo_Ian.Gandalf_V4 4.0	weak		1	1	1	1	464	70.0	0.0	0.3333	0	0
hadur2.Hadur 3.10	Lo_Ian.Gandalf_V4 4.0	weak		1	2	1	1	360	103.0	48.0	0.6154	0	0
hadur2.Hadur 3.10	Lo_Ian.Gandalf_V4 4.0	weak		1	3	1	1	449	85.0	0.0	0.4000	0	0
hadur2.Hadur 3.10	Lo_Ian.Gandalf_V4 4.0	weak		1	4	1	1	417	91.0	16.0	0.5294	0	0
hadur2.Hadur 3.10	Lo_Ian.Gandalf_V4 4.0	weak		1	5	1	1	453	76.0	0.0	0.3500	0	0
hadur2.Hadur 3.10	Lo_Ian.Gandalf_V4 4.0	weak		1	6	1	1	510	77.6	0.0	0.3333	0	0
hadur2.Hadur 3.10	Lo_Ian.Gandalf_V4 4.0	weak		1	7	1	1	465	85.0	0.0	0.3810	0	0
hadur2.Hadur 3.10	Lo_Ian.Gandalf_V4 4.0	weak		1	8	1	1	411	97.0	0.0	0.5294	0	0
hadur2.Hadur 3.10	Lo_Ian.Gandalf_V4 4.0	weak		1	9	1	1	418	88.0	0.0	0.5000	0	0
hadur2.Hadur 3.10	Lo_Ian.Gandalf_V4 4.0	weak		1	10	1	1	619	84.8	16.0	0.2069	0	0
hadur2.Hadur 3.10	Lo_Ian.Gandalf_V4 4.0	weak		1	11	1	1	434	81.8	0.0	0.2941	0	0
hadur2.Hadur 3.10	Lo_Ian.Gandalf_V4 4.0	weak		1	12	1	1	302	85.0	0.0	0.6250	0	0
hadur2.Hadur 3.10	Lo_Ian.Gandalf_V4 4.0	weak		1	13	1	1	342	85.0	0.0	0.4545	0	0
hadur2.Hadur 3.10	Lo_Ian.Gandalf_V4 4.0	weak		1	14	1	1	333	94.0	0.0	0.5000	0	0
hadur2.Hadur 3.10	Lo_Ian.Gandalf_V4 4.0	weak		1	15	1	1	374	79.0	0.0	0.3333	0	0
hadur2.Hadur 3.10	Lo_Ian.Gandalf_V4 4.0	weak		1	16	1	1	413	76.0	0.0	0.2667	0	0
hadur2.Hadur 3.10	Lo_Ian.Gandalf_V4 4.0	weak		1	17	1	1	409	81.9	0.0	0.3333	0	0
hadur2.Hadur 3.10	Lo_Ian.Gandalf_V4 4.0	weak		1	18	1	1	311	88.0	0.0	0.5556	0	0
hadur2.Hadur 3.10	Lo_Ian.Gandalf_V4 4.0	weak		1	19	1	1	477	70.0	0.0	0.2105	0	0
hadur2.Hadur 3.10	Lo_Ian.Gandalf_V4 4.0	weak		1	20	1	1	347	79.0	0.0	0.3636	0	0
hadur2.Hadur 3.10	Lo_Ian.Gandalf_V4 4.0	weak		1	21	1	1	402	66.9	0.0	0.2857	0	0
hadur2.Hadur 3.10	Lo_Ian.Gandalf_V4 4.0	weak		1	22	1	1	418	70.0	0.0	0.2667	0	0
hadur2.Hadur 3.10	Lo_Ian.Gandalf_V4 4.0	weak		1	23	1	1	327	81.8	0.4	0.5000	0	0
hadur2.Hadur 3.10	Lo_Ian.Gandalf_V4 4.0	weak		1	24	1	1	385	80.0	0.0	0.3846	0	0
hadur2.Hadur 3.10	Lo_Ian.Gandalf_V4 4.0	weak		1	25	1	1	371	96.9	0.0	0.4615	0	0
hadur2.Hadur 3.10	Lo_Ian.Gandalf_V4 4.0	weak		1	26	1	1	362	88.0	0.0	0.4167	0	0
hadur2.Hadur 3.10	Lo_Ian.Gandalf_V4 4.0	weak		1	27	1	1	385	79.0	0.0	0.3077	0	0
hadur2.Hadur 3.10	Lo_Ian.Gandalf_V4 4.0	weak		1	28	1	1	335	91.0	16.0	0.5000	0	0
hadur2.Hadur 3.10	Lo_Ian.Gandalf_V4 4.0	weak		1	29	1	1	369	81.8	0.0	0.4167	0	0
hadur2.Hadur 3.10	Lo_Ian.Gandalf_V4 4.0	weak		1	30	1	1	511	70.0	0.0	0.1905	0	0
hadur2.Hadur 3.10	Lo_Ian.Gandalf_V4 4.0	weak		1	31	1	1	416	70.0	0.0	0.2667	0	0
hadur2.Hadur 3.10	Lo_Ian.Gandalf_V4 4.0	weak		1	32	1	1	396	76.0	0.0	0.2857	0	0
hadur2.Hadur 3.10	Lo_Ian.Gandalf_V4 4.0	weak		1	33	1	1	411	73.0	0.0	0.2667	0	0
hadur2.Hadur 3.10	Lo_Ian.Gandalf_V4 4.0	weak		1	34	1	1	409	96.9	0.0	0.4000	0	6
hadur2.Hadur 3.10	Lo_Ian.Gandalf_V4 4.0	weak		2	0	1	1	492	82.0	0.0	0.3478	0	6
hadur2.Hadur 3.10	Lo_Ian.Gandalf_V4 4.0	weak		2	1	1	1	568	79.0	0.4	0.3103	0	0
hadur2.Hadur 3.10	Lo_Ian.Gandalf_V4 4.0	weak		2	2	1	1	402	87.3	0.0	0.5294	0	0
hadur2.Hadur 3.10	Lo_Ian.Gandalf_V4 4.0	weak		2	3	1	1	450	78.8	0.0	0.4211	0	0
hadur2.Hadur 3.10	Lo_Ian.Gandalf_V4 4.0	weak		2	4	1	1	463	106.0	32.0	0.4762	0	0
hadur2.Hadur 3.10	Lo_Ian.Gandalf_V4 4.0	weak		2	5	1	1	387	76.0	0.0	0.4667	0	0
hadur2.Hadur 3.10	Lo_Ian.Gandalf_V4 4.0	weak		2	6	1	1	330	91.0	0.0	0.8182	0	0
hadur2.Hadur 3.10	Lo_Ian.Gandalf_V4 4.0	weak		2	7	1	1	470	75.6	16.0	0.3333	0	0
hadur2.Hadur 3.10	Lo_Ian.Gandalf_V4 4.0	weak		2	8	1	1	335	73.0	0.0	0.4000	0	0
hadur2.Hadur 3.10	Lo_Ian.Gandalf_V4 4.0	weak		2	9	1	1	344	85.0	0.0	0.4545	0	0
hadur2.Hadur 3.10	Lo_Ian.Gandalf_V4 4.0	weak		2	10	1	1	485	64.0	0.0	0.1579	0	0
hadur2.Hadur 3.10	Lo_Ian.Gandalf_V4 4.0	weak		2	11	1	1	425	94.0	0.0	0.3125	0	0
hadur2.Hadur 3.10	Lo_Ian.Gandalf_V4 4.0	weak		2	12	1	1	400	81.7	0.0	0.3333	0	0
hadur2.Hadur 3.10	Lo_Ian.Gandalf_V4 4.0	weak		2	13	1	1	323	85.0	0.0	0.5000	0	0
hadur2.Hadur 3.10	Lo_Ian.Gandalf_V4 4.0	weak		2	14	1	1	326	85.0	0.0	0.5000	0	0
hadur2.Hadur 3.10	Lo_Ian.Gandalf_V4 4.0	weak		2	15	1	1	262	74.2	32.0	0.8000	0	0
hadur2.Hadur 3.10	Lo_Ian.Gandalf_V4 4.0	weak		2	16	1	1	354	85.0	0.0	0.4545	0	0
hadur2.Hadur 3.10	Lo_Ian.Gandalf_V4 4.0	weak		2	17	1	1	391	76.0	0.0	0.2857	0	0
hadur2.Hadur 3.10	Lo_Ian.Gandalf_V4 4.0	weak		2	18	1	1	381	94.0	0.0	0.3846	0	0
hadur2.Hadur 3.10	Lo_Ian.Gandalf_V4 4.0	weak		2	19	1	1	326	79.0	0.0	0.4000	0	0
hadur2.Hadur 3.10	Lo_Ian.Gandalf_V4 4.0	weak		2	20	1	1	322	82.0	16.0	0.5556	0	0
hadur2.Hadur 3.10	Lo_Ian.Gandalf_V4 4.0	weak		2	21	1	1	345	88.0	0.0	0.4545	0	0
hadur2.Hadur 3.10	Lo_Ian.Gandalf_V4 4.0	weak		2	22	1	1	449	81.8	0.0	0.2941	0	0
hadur2.Hadur 3.10	Lo_Ian.Gandalf_V4 4.0	weak		2	23	1	1	413	82.0	0.0	0.3571	0	0
hadur2.Hadur 3.10	Lo_Ian.Gandalf_V4 4.0	weak		2	24	1	1	327	79.0	0.0	0.4000	0	0
hadur2.Hadur 3.10	Lo_Ian.Gandalf_V4 4.0	weak		2	25	1	1	328	81.7	0.0	0.5000	0	0
hadur2.Hadur 3.10	Lo_Ian.Gandalf_V4 4.0	weak		2	26	1	1	486	70.0	0.0	0.2000	0	0
hadur2.Hadur 3.10	Lo_Ian.Gandalf_V4 4.0	weak		2	27	1	1	386	73.0	0.0	0.3077	0	0
hadur2.Hadur 3.10	Lo_Ian.Gandalf_V4 4.0	weak		2	28	1	1	345	82.0	0.0	0.4545	0	0
hadur2.Hadur 3.10	Lo_Ian.Gandalf_V4 4.0	weak		2	29	1	1	299	85.0	0.0	0.6250	0	0
hadur2.Hadur 3.10	Lo_Ian.Gandalf_V4 4.0	weak		2	30	1	1	413	76.0	0.0	0.2667	0	0
hadur2.Hadur 3.10	Lo_Ian.Gandalf_V4 4.0	weak		2	31	1	1	317	82.0	0.0	0.5556	0	0
hadur2.Hadur 3.10	Lo_Ian.Gandalf_V4 4.0	weak		2	32	1	1	368	94.0	0.0	0.4167	0	0
hadur2.Hadur 3.10	Lo_Ian.Gandalf_V4 4.0	weak		2	33	1	1	375	76.0	0.0	0.3333	0	0
hadur2.Hadur 3.10	Lo_Ian.Gandalf_V4 4.0	weak		2	34	1	1	405	91.0	0.0	0.3571	0	6
hadur2.Hadur 3.10	Lo_Ian.Gandalf_V4 4.0	weak		3	0	1	1	557	91.0	48.0	0.2963	0	4
hadur2.Hadur 3.10	Lo_Ian.Gandalf_V4 4.0	weak		3	1	1	1	335	70.0	0.0	0.5833	0	0
hadur2.Hadur 3.10	Lo_Ian.Gandalf_V4 4.0	weak		3	2	1	1	461	73.0	0.0	0.3333	0	0
hadur2.Hadur 3.10	Lo_Ian.Gandalf_V4 4.0	weak		3	3	1	1	401	70.0	0.0	0.4375	0	0
hadur2.Hadur 3.10	Lo_Ian.Gandalf_V4 4.0	weak		3	4	1	1	536	91.0	16.0	0.3462	0	0
hadur2.Hadur 3.10	Lo_Ian.Gandalf_V4 4.0	weak		3	5	1	1	390	87.9	0.0	0.6000	0	0
hadur2.Hadur 3.10	Lo_Ian.Gandalf_V4 4.0	weak		3	6	1	1	446	79.0	0.0	0.4211	0	0
hadur2.Hadur 3.10	Lo_Ian.Gandalf_V4 4.0	weak		3	7	1	1	366	88.0	0.0	0.4167	0	0
hadur2.Hadur 3.10	Lo_Ian.Gandalf_V4 4.0	weak		3	8	1	1	371	66.8	0.0	0.3077	0	0
hadur2.Hadur 3.10	Lo_Ian.Gandalf_V4 4.0	weak		3	9	1	1	327	67.0	0.0	0.4000	0	0
hadur2.Hadur 3.10	Lo_Ian.Gandalf_V4 4.0	weak		3	10	1	1	371	70.0	0.0	0.3333	0	0
hadur2.Hadur 3.10	Lo_Ian.Gandalf_V4 4.0	weak		3	11	1	1	480	66.9	0.0	0.2105	0	0
hadur2.Hadur 3.10	Lo_Ian.Gandalf_V4 4.0	weak		3	12	1	1	604	81.7	0.4	0.1786	0	0
hadur2.Hadur 3.10	Lo_Ian.Gandalf_V4 4.0	weak		3	13	1	1	407	70.0	16.0	0.2500	0	0
hadur2.Hadur 3.10	Lo_Ian.Gandalf_V4 4.0	weak		3	14	1	1	314	81.8	0.0	0.5556	0	0
hadur2.Hadur 3.10	Lo_Ian.Gandalf_V4 4.0	weak		3	15	1	1	363	80.0	0.0	0.3846	0	0
hadur2.Hadur 3.10	Lo_Ian.Gandalf_V4 4.0	weak		3	16	1	1	408	82.0	0.0	0.3333	0	0
hadur2.Hadur 3.10	Lo_Ian.Gandalf_V4 4.0	weak		3	17	1	1	467	81.8	0.0	0.2632	0	0
hadur2.Hadur 3.10	Lo_Ian.Gandalf_V4 4.0	weak		3	18	1	1	350	81.4	0.0	0.4545	0	0
hadur2.Hadur 3.10	Lo_Ian.Gandalf_V4 4.0	weak		3	19	1	1	411	76.0	0.0	0.2667	0	0
hadur2.Hadur 3.10	Lo_Ian.Gandalf_V4 4.0	weak		3	20	1	1	375	85.0	0.0	0.3846	0	0
hadur2.Hadur 3.10	Lo_Ian.Gandalf_V4 4.0	weak		3	21	1	1	441	88.0	0.0	0.2941	0	0
hadur2.Hadur 3.10	Lo_Ian.Gandalf_V4 4.0	weak		3	22	1	1	496	76.0	0.0	0.2000	0	0
hadur2.Hadur 3.10	Lo_Ian.Gandalf_V4 4.0	weak		3	23	1	1	339	88.0	0.0	0.5000	0	0
hadur2.Hadur 3.10	Lo_Ian.Gandalf_V4 4.0	weak		3	24	1	1	334	85.0	0.0	0.5000	0	0
hadur2.Hadur 3.10	Lo_Ian.Gandalf_V4 4.0	weak		3	25	1	1	377	94.0	0.0	0.3846	0	0
hadur2.Hadur 3.10	Lo_Ian.Gandalf_V4 4.0	weak		3	26	1	1	361	80.0	0.4	0.4167	0	0
hadur2.Hadur 3.10	Lo_Ian.Gandalf_V4 4.0	weak		3	27	1	1	531	81.5	0.0	0.2083	0	0
hadur2.Hadur 3.10	Lo_Ian.Gandalf_V4 4.0	weak		3	28	1	1	392	88.0	0.0	0.3571	0	0
hadur2.Hadur 3.10	Lo_Ian.Gandalf_V4 4.0	weak		3	29	1	1	428	96.7	0.0	0.3750	0	0
hadur2.Hadur 3.10	Lo_Ian.Gandalf_V4 4.0	weak		3	30	1	1	342	94.0	0.0	0.5000	0	0
hadur2.Hadur 3.10	Lo_Ian.Gandalf_V4 4.0	weak		3	31	1	1	415	85.0	0.0	0.3333	0	0
hadur2.Hadur 3.10	Lo_Ian.Gandalf_V4 4.0	weak		3	32	1	1	403	73.0	0.0	0.2857	0	0
hadur2.Hadur 3.10	Lo_Ian.Gandalf_V4 4.0	weak		3	33	1	1	348	88.0	0.0	0.4545	0	0
hadur2.Hadur 3.10	Lo_Ian.Gandalf_V4 4.0	weak		3	34	1	1	331	88.0	0.0	0.5000	0	6
hadur2.Hadur 3.10	Lo_Ian.Gandalf_V4 4.0	weak		4	0	1	1	452	91.0	0.0	0.4500	0	7
hadur2.Hadur 3.10	Lo_Ian.Gandalf_V4 4.0	weak		4	1	1	1	434	87.7	0.0	0.4737	0	0
hadur2.Hadur 3.10	Lo_Ian.Gandalf_V4 4.0	weak		4	2	1	1	505	76.5	0.0	0.2917	0	0
hadur2.Hadur 3.10	Lo_Ian.Gandalf_V4 4.0	weak		4	3	1	1	427	91.0	16.0	0.5000	0	0
hadur2.Hadur 3.10	Lo_Ian.Gandalf_V4 4.0	weak		4	4	1	1	490	87.8	0.0	0.3913	0	0
hadur2.Hadur 3.10	Lo_Ian.Gandalf_V4 4.0	weak		4	5	1	1	531	60.9	0.4	0.2692	0	0
hadur2.Hadur 3.10	Lo_Ian.Gandalf_V4 4.0	weak		4	6	1	1	317	88.0	0.0	0.5556	0	0
hadur2.Hadur 3.10	Lo_Ian.Gandalf_V4 4.0	weak		4	7	1	1	384	94.5	48.0	0.4615	0	0
hadur2.Hadur 3.10	Lo_Ian.Gandalf_V4 4.0	weak		4	8	1	1	347	79.0	0.0	0.3636	0	0
hadur2.Hadur 3.10	Lo_Ian.Gandalf_V4 4.0	weak		4	9	1	1	378	91.0	16.0	0.3846	0	0
hadur2.Hadur 3.10	Lo_Ian.Gandalf_V4 4.0	weak		4	10	1	1	462	81.9	0.0	0.2778	0	0
hadur2.Hadur 3.10	Lo_Ian.Gandalf_V4 4.0	weak		4	11	1	1	355	82.0	0.0	0.4545	0	0
hadur2.Hadur 3.10	Lo_Ian.Gandalf_V4 4.0	weak		4	12	1	1	441	76.0	0.0	0.2353	0	0
hadur2.Hadur 3.10	Lo_Ian.Gandalf_V4 4.0	weak		4	13	1	1	420	85.0	0.0	0.3333	0	0
hadur2.Hadur 3.10	Lo_Ian.Gandalf_V4 4.0	weak		4	14	1	1	442	79.0	0.0	0.2353	0	0
hadur2.Hadur 3.10	Lo_Ian.Gandalf_V4 4.0	weak		4	15	1	1	396	88.0	0.0	0.3571	0	0
hadur2.Hadur 3.10	Lo_Ian.Gandalf_V4 4.0	weak		4	16	1	1	478	70.0	0.0	0.2105	0	0
hadur2.Hadur 3.10	Lo_Ian.Gandalf_V4 4.0	weak		4	17	1	1	373	82.0	0.0	0.3846	0	0
hadur2.Hadur 3.10	Lo_Ian.Gandalf_V4 4.0	weak		4	18	1	1	348	85.0	0.0	0.4545	0	0
hadur2.Hadur 3.10	Lo_Ian.Gandalf_V4 4.0	weak		4	19	1	1	378	76.0	0.0	0.3077	0	0
hadur2.Hadur 3.10	Lo_Ian.Gandalf_V4 4.0	weak		4	20	1	1	332	79.0	0.0	0.4000	0	0
hadur2.Hadur 3.10	Lo_Ian.Gandalf_V4 4.0	weak		4	21	1	1	361	79.0	0.0	0.3333	0	0
hadur2.Hadur 3.10	Lo_Ian.Gandalf_V4 4.0	weak		4	22	1	1	371	94.0	0.0	0.4167	0	0
hadur2.Hadur 3.10	Lo_Ian.Gandalf_V4 4.0	weak		4	23	1	1	353	79.0	0.0	0.3636	0	0
hadur2.Hadur 3.10	Lo_Ian.Gandalf_V4 4.0	weak		4	24	1	1	419	66.8	0.0	0.2667	0	0
hadur2.Hadur 3.10	Lo_Ian.Gandalf_V4 4.0	weak		4	25	1	1	330	94.0	0.0	0.5000	0	0
hadur2.Hadur 3.10	Lo_Ian.Gandalf_V4 4.0	weak		4	26	1	1	332	81.7	0.0	0.5000	0	0
hadur2.Hadur 3.10	Lo_Ian.Gandalf_V4 4.0	weak		4	27	1	1	386	76.0	0.0	0.3077	0	0
hadur2.Hadur 3.10	Lo_Ian.Gandalf_V4 4.0	weak		4	28	1	1	343	73.0	0.0	0.3636	0	0
hadur2.Hadur 3.10	Lo_Ian.Gandalf_V4 4.0	weak		4	29	1	1	371	82.0	0.0	0.3846	0	0
hadur2.Hadur 3.10	Lo_Ian.Gandalf_V4 4.0	weak		4	30	1	1	377	88.0	0.0	0.3846	0	0
hadur2.Hadur 3.10	Lo_Ian.Gandalf_V4 4.0	weak		4	31	1	1	320	94.0	0.0	0.5556	0	0
hadur2.Hadur 3.10	Lo_Ian.Gandalf_V4 4.0	weak		4	32	1	1	396	82.0	0.0	0.3571	0	0
hadur2.Hadur 3.10	Lo_Ian.Gandalf_V4 4.0	weak		4	33	1	1	342	79.0	0.0	0.4000	0	0
hadur2.Hadur 3.10	Lo_Ian.Gandalf_V4 4.0	weak		4	34	1	1	374	88.0	0.0	0.3846	0	6
hadur2.Hadur 3.10	McS.Spanky_test 0.1a	weak		1	0	1	1	675	93.0	0.0	0.2500	0	7
hadur2.Hadur 3.10	McS.Spanky_test 0.1a	weak		1	1	1	1	588	93.0	0.0	0.3103	0	0
hadur2.Hadur 3.10	McS.Spanky_test 0.1a	weak		1	2	1	1	528	95.0	0.0	0.3600	0	0
hadur2.Hadur 3.10	McS.Spanky_test 0.1a	weak		1	3	1	1	474	95.0	0.0	0.4286	0	0
hadur2.Hadur 3.10	McS.Spanky_test 0.1a	weak		1	4	1	1	601	93.0	0.0	0.1852	0	0
hadur2.Hadur 3.10	McS.Spanky_test 0.1a	weak		1	5	1	1	495	93.0	0.0	0.2500	0	0
hadur2.Hadur 3.10	McS.Spanky_test 0.1a	weak		1	6	1	1	356	96.0	0.0	0.4545	0	0
hadur2.Hadur 3.10	McS.Spanky_test 0.1a	weak		1	7	1	1	429	97.0	0.0	0.3750	0	0
hadur2.Hadur 3.10	McS.Spanky_test 0.1a	weak		1	8	1	1	417	97.0	0.0	0.3750	0	0
hadur2.Hadur 3.10	McS.Spanky_test 0.1a	weak		1	9	1	1	429	95.0	0.0	0.3125	0	0
hadur2.Hadur 3.10	McS.Spanky_test 0.1a	weak		1	10	1	1	299	89.8	0.0	0.6250	0	0
hadur2.Hadur 3.10	McS.Spanky_test 0.1a	weak		1	11	1	1	495	94.0	0.0	0.2500	0	0
hadur2.Hadur 3.10	McS.Spanky_test 0.1a	weak		1	12	1	1	431	94.0	0.0	0.3125	0	0
hadur2.Hadur 3.10	McS.Spanky_test 0.1a	weak		1	13	1	1	427	95.0	0.0	0.3125	0	0
hadur2.Hadur 3.10	McS.Spanky_test 0.1a	weak		1	14	1	1	530	94.0	0.0	0.2273	0	0
hadur2.Hadur 3.10	McS.Spanky_test 0.1a	weak		1	15	1	1	423	96.0	0.0	0.3125	0	0
hadur2.Hadur 3.10	McS.Spanky_test 0.1a	weak		1	16	1	1	443	94.0	0.0	0.2941	0	0
hadur2.Hadur 3.10	McS.Spanky_test 0.1a	weak		1	17	1	1	545	93.0	0.0	0.2174	0	0
hadur2.Hadur 3.10	McS.Spanky_test 0.1a	weak		1	18	1	1	368	96.0	0.0	0.4167	0	0
hadur2.Hadur 3.10	McS.Spanky_test 0.1a	weak		1	19	1	1	448	94.0	0.0	0.2941	0	0
hadur2.Hadur 3.10	McS.Spanky_test 0.1a	weak		1	20	1	1	393	95.0	0.0	0.3571	0	0
hadur2.Hadur 3.10	McS.Spanky_test 0.1a	weak		1	21	1	1	464	94.0	0.0	0.2778	0	0
hadur2.Hadur 3.10	McS.Spanky_test 0.1a	weak		1	22	1	1	423	96.0	0.0	0.3125	0	0
hadur2.Hadur 3.10	McS.Spanky_test 0.1a	weak		1	23	1	1	450	97.0	0.0	0.3333	0	0
hadur2.Hadur 3.10	McS.Spanky_test 0.1a	weak		1	24	1	1	418	96.0	0.0	0.3750	0	0
hadur2.Hadur 3.10	McS.Spanky_test 0.1a	weak		1	25	1	1	451	98.0	0.0	0.3333	0	0
hadur2.Hadur 3.10	McS.Spanky_test 0.1a	weak		1	26	1	1	384	96.0	0.0	0.3846	0	0
hadur2.Hadur 3.10	McS.Spanky_test 0.1a	weak		1	27	1	1	438	97.0	0.0	0.3529	0	0
hadur2.Hadur 3.10	McS.Spanky_test 0.1a	weak		1	28	1	1	381	96.0	0.0	0.3846	0	0
hadur2.Hadur 3.10	McS.Spanky_test 0.1a	weak		1	29	1	1	453	94.0	0.0	0.2941	0	0
hadur2.Hadur 3.10	McS.Spanky_test 0.1a	weak		1	30	1	1	419	98.0	0.0	0.3750	0	0
hadur2.Hadur 3.10	McS.Spanky_test 0.1a	weak		1	31	1	1	460	96.0	0.0	0.2778	0	0
hadur2.Hadur 3.10	McS.Spanky_test 0.1a	weak		1	32	1	1	371	95.0	0.0	0.4167	0	0
hadur2.Hadur 3.10	McS.Spanky_test 0.1a	weak		1	33	1	1	448	95.0	0.0	0.2941	0	0
hadur2.Hadur 3.10	McS.Spanky_test 0.1a	weak		1	34	1	1	406	97.0	0.0	0.4000	0	7
hadur2.Hadur 3.10	McS.Spanky_test 0.1a	weak		2	0	1	1	810	93.0	0.0	0.2000	0	5
hadur2.Hadur 3.10	McS.Spanky_test 0.1a	weak		2	1	1	1	531	92.0	0.0	0.3462	0	0
hadur2.Hadur 3.10	McS.Spanky_test 0.1a	weak		2	2	1	1	588	93.0	0.0	0.3000	0	0
hadur2.Hadur 3.10	McS.Spanky_test 0.1a	weak		2	3	1	1	521	94.0	0.0	0.2609	0	0
hadur2.Hadur 3.10	McS.Spanky_test 0.1a	weak		2	4	1	1	643	92.0	0.0	0.1724	0	0
hadur2.Hadur 3.10	McS.Spanky_test 0.1a	weak		2	5	1	1	360	96.0	0.0	0.4167	0	0
hadur2.Hadur 3.10	McS.Spanky_test 0.1a	weak		2	6	1	1	394	95.0	0.0	0.3571	0	0
hadur2.Hadur 3.10	McS.Spanky_test 0.1a	weak		2	7	1	1	530	93.0	0.0	0.2273	0	0
hadur2.Hadur 3.10	McS.Spanky_test 0.1a	weak		2	8	1	1	444	96.0	0.0	0.3333	0	0
hadur2.Hadur 3.10	McS.Spanky_test 0.1a	weak		2	9	1	1	395	96.0	0.0	0.3571	0	0
hadur2.Hadur 3.10	McS.Spanky_test 0.1a	weak		2	10	1	1	458	96.0	0.0	0.2778	0	0
hadur2.Hadur 3.10	McS.Spanky_test 0.1a	weak		2	11	1	1	440	98.0	0.0	0.3529	0	0
hadur2.Hadur 3.10	McS.Spanky_test 0.1a	weak		2	12	1	1	394	98.0	0.0	0.4286	0	0
hadur2.Hadur 3.10	McS.Spanky_test 0.1a	weak		2	13	1	1	363	96.0	0.0	0.4167	0	0
hadur2.Hadur 3.10	McS.Spanky_test 0.1a	weak		2	14	1	1	380	96.0	0.0	0.3846	0	0
hadur2.Hadur 3.10	McS.Spanky_test 0.1a	weak		2	15	1	1	392	96.0	0.0	0.4286	0	0
hadur2.Hadur 3.10	McS.Spanky_test 0.1a	weak		2	16	1	1	385	96.0	0.0	0.3846	0	0
hadur2.Hadur 3.10	McS.Spanky_test 0.1a	weak		2	17	1	1	413	96.0	0.0	0.3333	0	0
hadur2.Hadur 3.10	McS.Spanky_test 0.1a	weak		2	18	1	1	401	97.0	0.0	0.4000	0	0
hadur2.Hadur 3.10	McS.Spanky_test 0.1a	weak		2	19	1	1	461	95.0	0.0	0.2778	0	0
hadur2.Hadur 3.10	McS.Spanky_test 0.1a	weak		2	20	1	1	470	95.0	0.0	0.2632	0	0
hadur2.Hadur 3.10	McS.Spanky_test 0.1a	weak		2	21	1	1	372	97.0	0.0	0.4286	0	0
hadur2.Hadur 3.10	McS.Spanky_test 0.1a	weak		2	22	1	1	436	94.0	0.0	0.3125	0	0
hadur2.Hadur 3.10	McS.Spanky_test 0.1a	weak		2	23	1	1	437	95.0	0.0	0.3125	0	0
hadur2.Hadur 3.10	McS.Spanky_test 0.1a	weak		2	24	1	1	340	96.0	0.0	0.5000	0	0
hadur2.Hadur 3.10	McS.Spanky_test 0.1a	weak		2	25	1	1	649	91.0	0.0	0.1667	0	0
hadur2.Hadur 3.10	McS.Spanky_test 0.1a	weak		2	26	1	1	362	95.0	0.0	0.4167	0	0
hadur2.Hadur 3.10	McS.Spanky_test 0.1a	weak		2	27	1	1	409	97.0	0.0	0.4000	0	0
hadur2.Hadur 3.10	McS.Spanky_test 0.1a	weak		2	28	1	1	452	96.0	0.0	0.2941	0	0
hadur2.Hadur 3.10	McS.Spanky_test 0.1a	weak		2	29	1	1	459	94.0	0.0	0.2778	0	0
hadur2.Hadur 3.10	McS.Spanky_test 0.1a	weak		2	30	1	1	453	96.0	0.0	0.2941	0	0
hadur2.Hadur 3.10	McS.Spanky_test 0.1a	weak		2	31	1	1	432	94.0	0.0	0.3125	0	0
hadur2.Hadur 3.10	McS.Spanky_test 0.1a	weak		2	32	1	1	541	94.0	0.0	0.2174	0	0
hadur2.Hadur 3.10	McS.Spanky_test 0.1a	weak		2	33	1	1	430	95.0	0.0	0.3125	0	0
hadur2.Hadur 3.10	McS.Spanky_test 0.1a	weak		2	34	1	1	462	94.0	0.0	0.2778	0	4
hadur2.Hadur 3.10	McS.Spanky_test 0.1a	weak		3	0	1	1	327	99.2	10.0	0.6000	0	3
hadur2.Hadur 3.10	McS.Spanky_test 0.1a	weak		3	1	1	1	591	93.0	0.0	0.3000	0	0
hadur2.Hadur 3.10	McS.Spanky_test 0.1a	weak		3	2	1	1	289	96.0	0.0	0.7143	0	0
hadur2.Hadur 3.10	McS.Spanky_test 0.1a	weak		3	3	1	1	418	97.0	0.0	0.3750	0	0
hadur2.Hadur 3.10	McS.Spanky_test 0.1a	weak		3	4	1	1	820	87.0	0.0	0.1739	0	0
hadur2.Hadur 3.10	McS.Spanky_test 0.1a	weak		3	5	1	1	556	93.0	0.0	0.2963	0	0
hadur2.Hadur 3.10	McS.Spanky_test 0.1a	weak		3	6	1	1	363	96.0	0.0	0.4167	0	0
hadur2.Hadur 3.10	McS.Spanky_test 0.1a	weak		3	7	1	1	659	91.0	0.0	0.1613	0	0
hadur2.Hadur 3.10	McS.Spanky_test 0.1a	weak		3	8	1	1	421	95.0	0.0	0.3333	0	0
hadur2.Hadur 3.10	McS.Spanky_test 0.1a	weak		3	9	1	1	507	95.0	0.0	0.2381	0	0
hadur2.Hadur 3.10	McS.Spanky_test 0.1a	weak		3	10	1	1	417	96.0	0.0	0.3333	0	0
hadur2.Hadur 3.10	McS.Spanky_test 0.1a	weak		3	11	1	1	504	96.0	0.0	0.2381	0	0
hadur2.Hadur 3.10	McS.Spanky_test 0.1a	weak		3	12	1	1	355	98.0	0.0	0.5000	0	0
hadur2.Hadur 3.10	McS.Spanky_test 0.1a	weak		3	13	1	1	475	96.0	0.0	0.2632	0	0
hadur2.Hadur 3.10	McS.Spanky_test 0.1a	weak		3	14	1	1	397	97.0	0.0	0.4286	0	0
hadur2.Hadur 3.10	McS.Spanky_test 0.1a	weak		3	15	1	1	492	96.0	0.0	0.2500	0	0
hadur2.Hadur 3.10	McS.Spanky_test 0.1a	weak		3	16	1	1	428	94.0	0.0	0.3125	0	0
hadur2.Hadur 3.10	McS.Spanky_test 0.1a	weak		3	17	1	1	418	96.0	4.0	0.3750	0	0
hadur2.Hadur 3.10	McS.Spanky_test 0.1a	weak		3	18	1	1	439	96.0	0.0	0.3529	0	0
hadur2.Hadur 3.10	McS.Spanky_test 0.1a	weak		3	19	1	1	507	93.0	0.0	0.2381	0	0
hadur2.Hadur 3.10	McS.Spanky_test 0.1a	weak		3	20	1	1	370	96.0	0.0	0.4167	0	0
hadur2.Hadur 3.10	McS.Spanky_test 0.1a	weak		3	21	1	1	409	96.0	0.0	0.3333	0	0
hadur2.Hadur 3.10	McS.Spanky_test 0.1a	weak		3	22	1	1	400	97.0	0.0	0.4000	0	0
hadur2.Hadur 3.10	McS.Spanky_test 0.1a	weak		3	23	1	1	427	97.0	0.0	0.3750	0	0
hadur2.Hadur 3.10	McS.Spanky_test 0.1a	weak		3	24	1	1	388	96.0	0.0	0.3846	0	0
hadur2.Hadur 3.10	McS.Spanky_test 0.1a	weak		3	25	1	1	462	94.0	0.0	0.2778	0	0
hadur2.Hadur 3.10	McS.Spanky_test 0.1a	weak		3	26	1	1	381	96.0	0.0	0.3846	0	0
hadur2.Hadur 3.10	McS.Spanky_test 0.1a	weak		3	27	1	1	391	95.0	0.0	0.3571	0	0
hadur2.Hadur 3.10	McS.Spanky_test 0.1a	weak		3	28	1	1	375	96.0	0.0	0.3846	0	0
hadur2.Hadur 3.10	McS.Spanky_test 0.1a	weak		3	29	1	1	434	96.0	0.0	0.3125	0	0
hadur2.Hadur 3.10	McS.Spanky_test 0.1a	weak		3	30	1	1	484	93.0	0.0	0.2632	0	0
hadur2.Hadur 3.10	McS.Spanky_test 0.1a	weak		3	31	1	1	498	95.0	0.0	0.2500	0	0
hadur2.Hadur 3.10	McS.Spanky_test 0.1a	weak		3	32	1	1	499	95.0	0.0	0.2500	0	0
hadur2.Hadur 3.10	McS.Spanky_test 0.1a	weak		3	33	1	1	343	98.0	0.0	0.5455	0	0
hadur2.Hadur 3.10	McS.Spanky_test 0.1a	weak		3	34	1	1	391	97.0	0.0	0.4000	0	5
hadur2.Hadur 3.10	McS.Spanky_test 0.1a	weak		4	0	1	1	559	95.0	0.0	0.3333	0	5
hadur2.Hadur 3.10	McS.Spanky_test 0.1a	weak		4	1	1	1	859	89.0	0.0	0.1800	0	0
hadur2.Hadur 3.10	McS.Spanky_test 0.1a	weak		4	2	1	1	622	95.0	0.0	0.2813	0	0
hadur2.Hadur 3.10	McS.Spanky_test 0.1a	weak		4	3	1	1	596	92.0	0.0	0.2414	0	0
hadur2.Hadur 3.10	McS.Spanky_test 0.1a	weak		4	4	1	1	343	82.8	0.0	0.4545	0	0
hadur2.Hadur 3.10	McS.Spanky_test 0.1a	weak		4	5	1	1	572	93.0	0.0	0.2000	0	0
hadur2.Hadur 3.10	McS.Spanky_test 0.1a	weak		4	6	1	1	484	96.0	0.0	0.2632	0	0
hadur2.Hadur 3.10	McS.Spanky_test 0.1a	weak		4	7	1	1	393	97.0	0.0	0.4286	0	0
hadur2.Hadur 3.10	McS.Spanky_test 0.1a	weak		4	8	1	1	620	91.0	0.0	0.1786	0	0
hadur2.Hadur 3.10	McS.Spanky_test 0.1a	weak		4	9	1	1	449	96.0	0.0	0.2941	0	0
hadur2.Hadur 3.10	McS.Spanky_test 0.1a	weak		4	10	1	1	518	97.0	0.0	0.2727	0	0
hadur2.Hadur 3.10	McS.Spanky_test 0.1a	weak		4	11	1	1	442	96.0	0.0	0.2941	0	0
hadur2.Hadur 3.10	McS.Spanky_test 0.1a	weak		4	12	1	1	352	98.0	0.0	0.5455	0	0
hadur2.Hadur 3.10	McS.Spanky_test 0.1a	weak		4	13	1	1	475	94.0	0.0	0.2632	0	0
hadur2.Hadur 3.10	McS.Spanky_test 0.1a	weak		4	14	1	1	404	96.0	0.0	0.3571	0	0
hadur2.Hadur 3.10	McS.Spanky_test 0.1a	weak		4	15	1	1	403	97.0	0.0	0.4000	0	0
hadur2.Hadur 3.10	McS.Spanky_test 0.1a	weak		4	16	1	1	546	94.0	0.0	0.2174	0	0
hadur2.Hadur 3.10	McS.Spanky_test 0.1a	weak		4	17	1	1	494	96.0	4.0	0.2500	0	0
hadur2.Hadur 3.10	McS.Spanky_test 0.1a	weak		4	18	1	1	302	93.6	0.0	0.6250	0	0
hadur2.Hadur 3.10	McS.Spanky_test 0.1a	weak		4	19	1	1	486	93.0	0.0	0.2500	0	0
hadur2.Hadur 3.10	McS.Spanky_test 0.1a	weak		4	20	1	1	374	99.0	0.0	0.4615	0	0
hadur2.Hadur 3.10	McS.Spanky_test 0.1a	weak		4	21	1	1	479	94.0	0.0	0.2632	0	0
hadur2.Hadur 3.10	McS.Spanky_test 0.1a	weak		4	22	1	1	448	96.0	0.0	0.3333	0	0
hadur2.Hadur 3.10	McS.Spanky_test 0.1a	weak		4	23	1	1	389	96.0	0.0	0.3846	0	0
hadur2.Hadur 3.10	McS.Spanky_test 0.1a	weak		4	24	1	1	337	96.0	0.0	0.5000	0	0
hadur2.Hadur 3.10	McS.Spanky_test 0.1a	weak		4	25	1	1	438	97.0	0.0	0.3529	0	0
hadur2.Hadur 3.10	McS.Spanky_test 0.1a	weak		4	26	1	1	428	95.0	0.0	0.3125	0	0
hadur2.Hadur 3.10	McS.Spanky_test 0.1a	weak		4	27	1	1	375	98.0	0.0	0.4615	0	0
hadur2.Hadur 3.10	McS.Spanky_test 0.1a	weak		4	28	1	1	404	95.0	0.0	0.3571	0	0
hadur2.Hadur 3.10	McS.Spanky_test 0.1a	weak		4	29	1	1	426	96.0	4.0	0.3529	0	0
hadur2.Hadur 3.10	McS.Spanky_test 0.1a	weak		4	30	1	1	418	97.0	0.0	0.4000	0	0
hadur2.Hadur 3.10	McS.Spanky_test 0.1a	weak		4	31	1	1	362	96.0	0.0	0.4167	0	0
hadur2.Hadur 3.10	McS.Spanky_test 0.1a	weak		4	32	1	1	351	99.0	0.0	0.5000	0	0
hadur2.Hadur 3.10	McS.Spanky_test 0.1a	weak		4	33	1	1	446	97.0	0.0	0.3158	0	0
hadur2.Hadur 3.10	McS.Spanky_test 0.1a	weak		4	34	1	1	486	92.0	0.0	0.2500	0	4
hadur2.Hadur 3.10	adt.Ar2 1.0	weak		1	0	1	1	551	42.0	16.0	0.1429	298	8
hadur2.Hadur 3.10	adt.Ar2 1.0	weak		1	1	1	1	394	58.0	0.0	0.3333	0	0
hadur2.Hadur 3.10	adt.Ar2 1.0	weak		1	2	1	1	388	62.9	0.0	0.4000	0	0
hadur2.Hadur 3.10	adt.Ar2 1.0	weak		1	3	1	1	395	67.0	16.0	0.3333	0	0
hadur2.Hadur 3.10	adt.Ar2 1.0	weak		1	4	1	1	345	72.0	0.0	0.5833	0	0
hadur2.Hadur 3.10	adt.Ar2 1.0	weak		1	5	1	1	344	88.9	35.0	0.4545	0	0
hadur2.Hadur 3.10	adt.Ar2 1.0	weak		1	6	1	1	384	61.0	0.0	0.2308	0	0
hadur2.Hadur 3.10	adt.Ar2 1.0	weak		1	7	1	1	340	79.0	16.0	0.4000	0	0
hadur2.Hadur 3.10	adt.Ar2 1.0	weak		1	8	1	1	395	66.0	0.0	0.2857	0	0
hadur2.Hadur 3.10	adt.Ar2 1.0	weak		1	9	1	1	331	69.5	0.0	0.4000	0	0
hadur2.Hadur 3.10	adt.Ar2 1.0	weak		1	10	1	1	330	72.1	0.0	0.4000	0	0
hadur2.Hadur 3.10	adt.Ar2 1.0	weak		1	11	1	1	341	71.3	0.0	0.3636	0	0
hadur2.Hadur 3.10	adt.Ar2 1.0	weak		1	12	1	1	459	55.3	16.0	0.1667	0	0
hadur2.Hadur 3.10	adt.Ar2 1.0	weak		1	13	1	1	346	76.0	16.0	0.3636	0	0
hadur2.Hadur 3.10	adt.Ar2 1.0	weak		1	14	1	1	362	64.0	0.0	0.2500	0	0
hadur2.Hadur 3.10	adt.Ar2 1.0	weak		1	15	1	1	286	79.0	0.0	0.5714	0	0
hadur2.Hadur 3.10	adt.Ar2 1.0	weak		1	16	1	1	359	66.6	0.0	0.3333	0	0
hadur2.Hadur 3.10	adt.Ar2 1.0	weak		1	17	1	1	384	72.1	16.0	0.3077	0	0
hadur2.Hadur 3.10	adt.Ar2 1.0	weak		1	18	1	1	396	58.0	0.0	0.2143	0	0
hadur2.Hadur 3.10	adt.Ar2 1.0	weak		1	19	1	1	443	57.0	16.0	0.1765	0	0
hadur2.Hadur 3.10	adt.Ar2 1.0	weak		1	20	1	1	318	84.5	16.0	0.5556	0	0
hadur2.Hadur 3.10	adt.Ar2 1.0	weak		1	21	1	1	343	69.4	0.0	0.3636	0	0
hadur2.Hadur 3.10	adt.Ar2 1.0	weak		1	22	1	1	400	58.0	0.0	0.2143	0	0
hadur2.Hadur 3.10	adt.Ar2 1.0	weak		1	23	1	1	405	76.0	32.0	0.2857	0	1
hadur2.Hadur 3.10	adt.Ar2 1.0	weak		1	24	1	1	320	73.0	0.0	0.4444	0	0
hadur2.Hadur 3.10	adt.Ar2 1.0	weak		1	25	1	1	369	69.9	0.0	0.3077	0	0
hadur2.Hadur 3.10	adt.Ar2 1.0	weak		1	26	1	1	331	79.0	16.0	0.4000	0	0
hadur2.Hadur 3.10	adt.Ar2 1.0	weak		1	27	1	1	453	54.6	0.0	0.1667	0	0
hadur2.Hadur 3.10	adt.Ar2 1.0	weak		1	28	1	1	390	58.0	0.0	0.2143	0	0
hadur2.Hadur 3.10	adt.Ar2 1.0	weak		1	29	1	1	292	79.0	0.0	0.5714	0	0
hadur2.Hadur 3.10	adt.Ar2 1.0	weak		1	30	1	1	307	76.0	0.0	0.5000	0	0
hadur2.Hadur 3.10	adt.Ar2 1.0	weak		1	31	1	1	337	72.1	0.0	0.4000	0	0
hadur2.Hadur 3.10	adt.Ar2 1.0	weak		1	32	1	1	451	51.2	1.6	0.1765	0	1
hadur2.Hadur 3.10	adt.Ar2 1.0	weak		1	33	1	1	368	72.1	7.2	0.3077	0	1
hadur2.Hadur 3.10	adt.Ar2 1.0	weak		1	34	1	1	322	73.0	0.0	0.4444	0	7
hadur2.Hadur 3.10	adt.Ar2 1.0	weak		2	0	1	1	398	70.7	18.8	0.3750	0	6
hadur2.Hadur 3.10	adt.Ar2 1.0	weak		2	1	1	1	408	82.0	48.0	0.4375	0	0
hadur2.Hadur 3.10	adt.Ar2 1.0	weak		2	2	1	1	386	71.8	19.5	0.4286	0	0
hadur2.Hadur 3.10	adt.Ar2 1.0	weak		2	3	1	1	394	58.0	0.0	0.3125	0	0
hadur2.Hadur 3.10	adt.Ar2 1.0	weak		2	4	1	1	406	74.9	0.0	0.3889	0	0
hadur2.Hadur 3.10	adt.Ar2 1.0	weak		2	5	1	1	375	72.1	19.6	0.3077	0	0
hadur2.Hadur 3.10	adt.Ar2 1.0	weak		2	6	1	1	398	71.3	16.0	0.2857	0	0
hadur2.Hadur 3.10	adt.Ar2 1.0	weak		2	7	1	1	423	56.1	0.0	0.1875	0	0
hadur2.Hadur 3.10	adt.Ar2 1.0	weak		2	8	1	1	328	72.1	0.0	0.4000	0	0
hadur2.Hadur 3.10	adt.Ar2 1.0	weak		2	9	1	1	549	55.2	34.9	0.1667	0	0
hadur2.Hadur 3.10	adt.Ar2 1.0	weak		2	10	1	1	394	63.4	16.0	0.2143	0	0
hadur2.Hadur 3.10	adt.Ar2 1.0	weak		2	11	1	1	372	68.4	0.0	0.3077	0	0
hadur2.Hadur 3.10	adt.Ar2 1.0	weak		2	12	1	1	279	79.0	0.0	0.6667	0	0
hadur2.Hadur 3.10	adt.Ar2 1.0	weak		2	13	1	1	374	69.3	0.0	0.3077	0	0
hadur2.Hadur 3.10	adt.Ar2 1.0	weak		2	14	1	1	380	60.0	0.0	0.2308	0	0
hadur2.Hadur 3.10	adt.Ar2 1.0	weak		2	15	1	1	379	72.1	16.0	0.3077	0	0
hadur2.Hadur 3.10	adt.Ar2 1.0	weak		2	16	1	1	396	70.5	16.0	0.2857	0	0
hadur2.Hadur 3.10	adt.Ar2 1.0	weak		2	17	1	1	382	61.0	0.0	0.2308	0	0
hadur2.Hadur 3.10	adt.Ar2 1.0	weak		2	18	1	1	363	64.0	0.0	0.2500	0	0
hadur2.Hadur 3.10	adt.Ar2 1.0	weak		2	19	1	1	429	61.0	16.0	0.1875	0	0
hadur2.Hadur 3.10	adt.Ar2 1.0	weak		2	20	1	1	336	81.8	16.0	0.5000	0	0
hadur2.Hadur 3.10	adt.Ar2 1.0	weak		2	21	1	1	411	57.0	0.0	0.1875	0	0
hadur2.Hadur 3.10	adt.Ar2 1.0	weak		2	22	1	1	399	58.0	0.0	0.2143	0	0
hadur2.Hadur 3.10	adt.Ar2 1.0	weak		2	23	1	1	386	66.2	1.0	0.2857	0	0
hadur2.Hadur 3.10	adt.Ar2 1.0	weak		2	24	1	1	464	67.9	16.0	0.2105	0	0
hadur2.Hadur 3.10	adt.Ar2 1.0	weak		2	25	1	1	455	70.6	32.0	0.2222	0	0
hadur2.Hadur 3.10	adt.Ar2 1.0	weak		2	26	1	1	364	64.0	0.0	0.2500	0	0
hadur2.Hadur 3.10	adt.Ar2 1.0	weak		2	27	1	1	400	67.0	1.2	0.3333	0	0
hadur2.Hadur 3.10	adt.Ar2 1.0	weak		2	28	1	1	406	68.9	18.4	0.2667	0	0
hadur2.Hadur 3.10	adt.Ar2 1.0	weak		2	29	1	1	428	56.1	0.0	0.1875	0	0
hadur2.Hadur 3.10	adt.Ar2 1.0	weak		2	30	1	1	429	81.1	32.5	0.2941	0	0
hadur2.Hadur 3.10	adt.Ar2 1.0	weak		2	31	1	1	294	76.0	0.0	0.5000	0	0
hadur2.Hadur 3.10	adt.Ar2 1.0	weak		2	32	1	1	407	69.8	16.0	0.2667	0	0
hadur2.Hadur 3.10	adt.Ar2 1.0	weak		2	33	1	1	375	66.4	0.0	0.3077	0	0
hadur2.Hadur 3.10	adt.Ar2 1.0	weak		2	34	1	1	399	66.8	1.2	0.2667	0	8
hadur2.Hadur 3.10	adt.Ar2 1.0	weak		3	0	1	1	441	53.8	0.0	0.2632	0	4
hadur2.Hadur 3.10	adt.Ar2 1.0	weak		3	1	1	1	325	75.6	0.0	0.5000	0	0
hadur2.Hadur 3.10	adt.Ar2 1.0	weak		3	2	1	1	395	75.2	35.2	0.4667	0	0
hadur2.Hadur 3.10	adt.Ar2 1.0	weak		3	3	1	1	329	81.2	16.0	0.6364	0	0
hadur2.Hadur 3.10	adt.Ar2 1.0	weak		3	4	1	1	431	83.6	48.0	0.3333	0	0
hadur2.Hadur 3.10	adt.Ar2 1.0	weak		3	5	1	1	333	79.0	16.0	0.4000	0	0
hadur2.Hadur 3.10	adt.Ar2 1.0	weak		3	6	1	1	426	66.4	16.0	0.2500	0	0
hadur2.Hadur 3.10	adt.Ar2 1.0	weak		3	7	1	1	385	61.0	0.0	0.2308	0	0
hadur2.Hadur 3.10	adt.Ar2 1.0	weak		3	8	1	1	396	58.0	0.0	0.2143	0	0
hadur2.Hadur 3.10	adt.Ar2 1.0	weak		3	9	1	1	314	73.0	0.0	0.4444	0	0
hadur2.Hadur 3.10	adt.Ar2 1.0	weak		3	10	1	1	328	70.4	0.0	0.4000	0	0
hadur2.Hadur 3.10	adt.Ar2 1.0	weak		3	11	1	1	420	65.6	0.0	0.2353	0	0
hadur2.Hadur 3.10	adt.Ar2 1.0	weak		3	12	1	1	410	57.0	0.0	0.2000	0	0
hadur2.Hadur 3.10	adt.Ar2 1.0	weak		3	13	1	1	386	61.0	0.0	0.2308	0	0
hadur2.Hadur 3.10	adt.Ar2 1.0	weak		3	14	1	1	425	65.4	0.0	0.2353	0	0
hadur2.Hadur 3.10	adt.Ar2 1.0	weak		3	15	1	1	380	69.9	2.2	0.3846	0	0
hadur2.Hadur 3.10	adt.Ar2 1.0	weak		3	16	1	1	375	72.1	16.0	0.3077	0	0
hadur2.Hadur 3.10	adt.Ar2 1.0	weak		3	17	1	1	340	71.3	0.0	0.3636	0	0
hadur2.Hadur 3.10	adt.Ar2 1.0	weak		3	18	1	1	380	61.0	0.0	0.2308	0	0
hadur2.Hadur 3.10	adt.Ar2 1.0	weak		3	19	1	1	336	81.8	16.0	0.5000	0	0
hadur2.Hadur 3.10	adt.Ar2 1.0	weak		3	20	1	1	392	58.0	0.0	0.2143	0	0
hadur2.Hadur 3.10	adt.Ar2 1.0	weak		3	21	1	1	345	69.4	0.0	0.3636	0	0
hadur2.Hadur 3.10	adt.Ar2 1.0	weak		3	22	1	1	370	75.1	16.0	0.3333	0	0
hadur2.Hadur 3.10	adt.Ar2 1.0	weak		3	23	1	1	350	69.4	0.0	0.3636	0	0
hadur2.Hadur 3.10	adt.Ar2 1.0	weak		3	24	1	1	389	61.0	0.0	0.2308	0	0
hadur2.Hadur 3.10	adt.Ar2 1.0	weak		3	25	1	1	431	54.1	0.0	0.1875	0	0
hadur2.Hadur 3.10	adt.Ar2 1.0	weak		3	26	1	1	369	66.7	0.0	0.3333	0	0
hadur2.Hadur 3.10	adt.Ar2 1.0	weak		3	27	1	1	472	42.0	0.0	0.1053	0	0
hadur2.Hadur 3.10	adt.Ar2 1.0	weak		3	28	1	1	381	67.9	0.0	0.3077	0	0
hadur2.Hadur 3.10	adt.Ar2 1.0	weak		3	29	1	1	370	69.9	0.0	0.3077	0	0
hadur2.Hadur 3.10	adt.Ar2 1.0	weak		3	30	1	1	384	66.2	0.0	0.2857	0	0
hadur2.Hadur 3.10	adt.Ar2 1.0	weak		3	31	1	1	381	67.9	0.0	0.2857	0	0
hadur2.Hadur 3.10	adt.Ar2 1.0	weak		3	32	1	1	468	53.3	0.0	0.1579	0	0
hadur2.Hadur 3.10	adt.Ar2 1.0	weak		3	33	1	1	321	73.0	0.0	0.4444	0	0
hadur2.Hadur 3.10	adt.Ar2 1.0	weak		3	34	1	1	352	70.6	3.2	0.3636	0	5
hadur2.Hadur 3.10	adt.Ar2 1.0	weak		4	0	1	1	440	61.2	2.5	0.3158	0	6
hadur2.Hadur 3.10	adt.Ar2 1.0	weak		4	1	1	1	362	66.1	0.0	0.4615	0	0
hadur2.Hadur 3.10	adt.Ar2 1.0	weak		4	2	1	1	386	62.3	3.3	0.3333	0	0
hadur2.Hadur 3.10	adt.Ar2 1.0	weak		4	3	1	1	435	64.5	4.0	0.4211	0	0
hadur2.Hadur 3.10	adt.Ar2 1.0	weak		4	4	1	1	394	58.0	0.0	0.2143	0	0
hadur2.Hadur 3.10	adt.Ar2 1.0	weak		4	5	1	1	359	66.7	0.0	0.3636	0	0
hadur2.Hadur 3.10	adt.Ar2 1.0	weak		4	6	1	1	374	71.2	16.0	0.3077	0	0
hadur2.Hadur 3.10	adt.Ar2 1.0	weak		4	7	1	1	284	79.0	0.0	0.5714	0	0
hadur2.Hadur 3.10	adt.Ar2 1.0	weak		4	8	1	1	425	65.2	16.0	0.2500	0	0
hadur2.Hadur 3.10	adt.Ar2 1.0	weak		4	9	1	1	374	72.1	19.6	0.3077	0	0
hadur2.Hadur 3.10	adt.Ar2 1.0	weak		4	10	1	1	349	76.0	16.0	0.3636	0	0
hadur2.Hadur 3.10	adt.Ar2 1.0	weak		4	11	1	1	396	69.4	16.0	0.2857	0	0
hadur2.Hadur 3.10	adt.Ar2 1.0	weak		4	12	1	1	367	84.5	32.0	0.4167	0	0
hadur2.Hadur 3.10	adt.Ar2 1.0	weak		4	13	1	1	382	72.1	16.0	0.3077	0	0
hadur2.Hadur 3.10	adt.Ar2 1.0	weak		4	14	1	1	365	64.0	0.0	0.2500	0	0
hadur2.Hadur 3.10	adt.Ar2 1.0	weak		4	15	1	1	284	88.0	16.0	0.7143	0	0
hadur2.Hadur 3.10	adt.Ar2 1.0	weak		4	16	1	1	342	67.1	0.0	0.4000	0	0
hadur2.Hadur 3.10	adt.Ar2 1.0	weak		4	17	1	1	329	77.5	16.0	0.4000	0	0
hadur2.Hadur 3.10	adt.Ar2 1.0	weak		4	18	1	1	313	72.4	0.0	0.4444	0	0
hadur2.Hadur 3.10	adt.Ar2 1.0	weak		4	19	1	1	310	73.0	0.0	0.5000	0	0
hadur2.Hadur 3.10	adt.Ar2 1.0	weak		4	20	1	1	428	72.1	32.0	0.2500	0	0
hadur2.Hadur 3.10	adt.Ar2 1.0	weak		4	21	1	1	352	71.6	16.0	0.3636	0	0
hadur2.Hadur 3.10	adt.Ar2 1.0	weak		4	22	1	1	344	76.0	16.0	0.3636	0	0
hadur2.Hadur 3.10	adt.Ar2 1.0	weak		4	23	1	1	285	77.4	0.0	0.5714	0	0
hadur2.Hadur 3.10	adt.Ar2 1.0	weak		4	24	1	1	383	66.2	0.0	0.3077	0	0
hadur2.Hadur 3.10	adt.Ar2 1.0	weak		4	25	1	1	374	73.0	16.0	0.3077	0	0
hadur2.Hadur 3.10	adt.Ar2 1.0	weak		4	26	1	1	393	68.8	0.0	0.2667	0	0
hadur2.Hadur 3.10	adt.Ar2 1.0	weak		4	27	1	1	393	66.0	0.0	0.2857	0	0
hadur2.Hadur 3.10	adt.Ar2 1.0	weak		4	28	1	1	369	69.9	0.0	0.3077	0	0
hadur2.Hadur 3.10	adt.Ar2 1.0	weak		4	29	1	1	371	72.1	3.6	0.3077	0	0
hadur2.Hadur 3.10	adt.Ar2 1.0	weak		4	30	1	1	305	80.0	0.0	0.5556	0	0
hadur2.Hadur 3.10	adt.Ar2 1.0	weak		4	31	1	1	330	72.1	0.0	0.4000	0	0
hadur2.Hadur 3.10	adt.Ar2 1.0	weak		4	32	1	1	339	79.0	16.0	0.4000	0	0
hadur2.Hadur 3.10	adt.Ar2 1.0	weak		4	33	1	1	376	72.1	16.0	0.3077	0	0
hadur2.Hadur 3.10	adt.Ar2 1.0	weak		4	34	1	1	330	72.1	3.6	0.4000	0	6
hadur2.Hadur 3.10	amk.superstrike.SuperStrike 0.3	weak		1	0	1	1	411	67.9	0.0	0.4118	0	7
hadur2.Hadur 3.10	amk.superstrike.SuperStrike 0.3	weak		1	1	1	1	502	67.9	20.0	0.2917	0	0
hadur2.Hadur 3.10	amk.superstrike.SuperStrike 0.3	weak		1	2	1	1	398	74.0	20.0	0.4375	0	0
hadur2.Hadur 3.10	amk.superstrike.SuperStrike 0.3	weak		1	3	1	1	494	63.5	0.0	0.1818	0	0
hadur2.Hadur 3.10	amk.superstrike.SuperStrike 0.3	weak		1	4	1	1	332	77.0	0.0	0.4000	0	0
hadur2.Hadur 3.10	amk.superstrike.SuperStrike 0.3	weak		1	5	1	1	427	64.0	0.0	0.2500	0	0
hadur2.Hadur 3.10	amk.superstrike.SuperStrike 0.3	weak		1	6	1	1	504	57.0	0.0	0.1429	0	0
hadur2.Hadur 3.10	amk.superstrike.SuperStrike 0.3	weak		1	7	1	1	511	66.0	20.0	0.2727	0	0
hadur2.Hadur 3.10	amk.superstrike.SuperStrike 0.3	weak		1	8	1	1	504	57.5	0.0	0.1429	0	0
hadur2.Hadur 3.10	amk.superstrike.SuperStrike 0.3	weak		1	9	1	1	493	54.0	0.0	0.1429	0	0
hadur2.Hadur 3.10	amk.superstrike.SuperStrike 0.3	weak		1	10	1	1	465	64.0	20.0	0.2105	0	0
hadur2.Hadur 3.10	amk.superstrike.SuperStrike 0.3	weak		1	11	1	1	367	69.5	0.0	0.3333	0	0
hadur2.Hadur 3.10	amk.superstrike.SuperStrike 0.3	weak		1	12	1	1	308	80.0	0.0	0.5000	0	0
hadur2.Hadur 3.10	amk.superstrike.SuperStrike 0.3	weak		1	13	1	1	557	49.5	0.0	0.1200	0	0
hadur2.Hadur 3.10	amk.superstrike.SuperStrike 0.3	weak		1	14	1	1	435	74.0	20.0	0.2500	0	0
hadur2.Hadur 3.10	amk.superstrike.SuperStrike 0.3	weak		1	15	1	1	340	76.0	0.0	0.4000	0	0
hadur2.Hadur 3.10	amk.superstrike.SuperStrike 0.3	weak		1	16	1	1	308	80.0	0.0	0.5000	0	0
hadur2.Hadur 3.10	amk.superstrike.SuperStrike 0.3	weak		1	17	1	1	350	75.5	0.0	0.3636	0	0
hadur2.Hadur 3.10	amk.superstrike.SuperStrike 0.3	weak		1	18	1	1	419	70.8	10.0	0.2667	0	0
hadur2.Hadur 3.10	amk.superstrike.SuperStrike 0.3	weak		1	19	1	1	367	73.5	0.0	0.3333	0	0
hadur2.Hadur 3.10	amk.superstrike.SuperStrike 0.3	weak		1	20	1	1	378	77.0	0.0	0.3077	0	0
hadur2.Hadur 3.10	amk.superstrike.SuperStrike 0.3	weak		1	21	1	1	335	77.5	0.0	0.4000	0	0
hadur2.Hadur 3.10	amk.superstrike.SuperStrike 0.3	weak		1	22	1	1	391	76.0	10.0	0.2857	0	0
hadur2.Hadur 3.10	amk.superstrike.SuperStrike 0.3	weak		1	23	1	1	463	54.1	0.0	0.1667	0	0
hadur2.Hadur 3.10	amk.superstrike.SuperStrike 0.3	weak		1	24	1	1	472	64.0	30.0	0.2105	0	1
hadur2.Hadur 3.10	amk.superstrike.SuperStrike 0.3	weak		1	25	1	1	391	64.0	0.0	0.2857	0	0
hadur2.Hadur 3.10	amk.superstrike.SuperStrike 0.3	weak		1	26	1	1	396	68.0	0.0	0.2857	0	0
hadur2.Hadur 3.10	amk.superstrike.SuperStrike 0.3	weak		1	27	1	1	391	70.0	0.0	0.2857	0	0
hadur2.Hadur 3.10	amk.superstrike.SuperStrike 0.3	weak		1	28	1	1	400	68.0	0.0	0.2857	0	0
hadur2.Hadur 3.10	amk.superstrike.SuperStrike 0.3	weak		1	29	1	1	541	50.3	10.0	0.1250	0	0
hadur2.Hadur 3.10	amk.superstrike.SuperStrike 0.3	weak		1	30	1	1	502	47.8	10.0	0.1429	0	0
hadur2.Hadur 3.10	amk.superstrike.SuperStrike 0.3	weak		1	31	1	1	504	58.0	10.0	0.1818	0	0
hadur2.Hadur 3.10	amk.superstrike.SuperStrike 0.3	weak		1	32	1	1	321	80.0	0.0	0.6000	0	0
hadur2.Hadur 3.10	amk.superstrike.SuperStrike 0.3	weak		1	33	1	1	436	64.0	10.0	0.2353	0	1
hadur2.Hadur 3.10	amk.superstrike.SuperStrike 0.3	weak		1	34	1	1	335	80.0	0.0	0.4545	0	6
hadur2.Hadur 3.10	amk.superstrike.SuperStrike 0.3	weak		2	0	1	1	386	72.4	10.0	0.4667	0	7
hadur2.Hadur 3.10	amk.superstrike.SuperStrike 0.3	weak		2	1	1	1	519	50.0	0.0	0.2000	0	0
hadur2.Hadur 3.10	amk.superstrike.SuperStrike 0.3	weak		2	2	1	1	381	77.6	11.6	0.5333	0	0
hadur2.Hadur 3.10	amk.superstrike.SuperStrike 0.3	weak		2	3	1	1	420	67.9	0.4	0.3889	0	0
hadur2.Hadur 3.10	amk.superstrike.SuperStrike 0.3	weak		2	4	1	1	326	79.5	0.0	0.4000	0	0
hadur2.Hadur 3.10	amk.superstrike.SuperStrike 0.3	weak		2	5	1	1	350	71.3	0.0	0.3636	0	0
hadur2.Hadur 3.10	amk.superstrike.SuperStrike 0.3	weak		2	6	1	1	380	78.5	20.0	0.3077	0	0
hadur2.Hadur 3.10	amk.superstrike.SuperStrike 0.3	weak		2	7	1	1	469	62.0	0.0	0.1667	0	0
hadur2.Hadur 3.10	amk.superstrike.SuperStrike 0.3	weak		2	8	1	1	393	74.0	10.0	0.2857	0	0
hadur2.Hadur 3.10	amk.superstrike.SuperStrike 0.3	weak		2	9	1	1	434	64.0	10.0	0.2353	0	0
hadur2.Hadur 3.10	amk.superstrike.SuperStrike 0.3	weak		2	10	1	1	361	74.0	0.0	0.3333	0	0
hadur2.Hadur 3.10	amk.superstrike.SuperStrike 0.3	weak		2	11	1	1	448	64.0	0.0	0.2222	0	0
hadur2.Hadur 3.10	amk.superstrike.SuperStrike 0.3	weak		2	12	1	1	317	80.0	0.0	0.4444	0	0
hadur2.Hadur 3.10	amk.superstrike.SuperStrike 0.3	weak		2	13	1	1	528	62.0	20.0	0.1364	0	0
hadur2.Hadur 3.10	amk.superstrike.SuperStrike 0.3	weak		2	14	1	1	349	80.0	0.0	0.4167	0	0
hadur2.Hadur 3.10	amk.superstrike.SuperStrike 0.3	weak		2	15	1	1	330	81.5	0.0	0.5000	0	0
hadur2.Hadur 3.10	amk.superstrike.SuperStrike 0.3	weak		2	16	1	1	431	56.0	0.0	0.1875	0	0
hadur2.Hadur 3.10	amk.superstrike.SuperStrike 0.3	weak		2	17	1	1	413	64.0	0.0	0.2500	0	0
hadur2.Hadur 3.10	amk.superstrike.SuperStrike 0.3	weak		2	18	1	1	460	58.0	0.0	0.1667	0	0
hadur2.Hadur 3.10	amk.superstrike.SuperStrike 0.3	weak		2	19	1	1	493	54.0	0.0	0.1500	0	0
hadur2.Hadur 3.10	amk.superstrike.SuperStrike 0.3	weak		2	20	1	1	500	67.0	10.0	0.2000	0	0
hadur2.Hadur 3.10	amk.superstrike.SuperStrike 0.3	weak		2	21	1	1	510	52.0	0.0	0.1364	0	0
hadur2.Hadur 3.10	amk.superstrike.SuperStrike 0.3	weak		2	22	1	1	391	67.0	0.0	0.4000	0	0
hadur2.Hadur 3.10	amk.superstrike.SuperStrike 0.3	weak		2	23	1	1	363	71.5	0.0	0.3333	0	0
hadur2.Hadur 3.10	amk.superstrike.SuperStrike 0.3	weak		2	24	1	1	424	71.0	0.0	0.2500	0	0
hadur2.Hadur 3.10	amk.superstrike.SuperStrike 0.3	weak		2	25	1	1	617	38.0	10.0	0.0714	0	0
hadur2.Hadur 3.10	amk.superstrike.SuperStrike 0.3	weak		2	26	1	1	432	64.0	0.0	0.2353	0	0
hadur2.Hadur 3.10	amk.superstrike.SuperStrike 0.3	weak		2	27	1	1	438	57.7	0.0	0.2353	0	0
hadur2.Hadur 3.10	amk.superstrike.SuperStrike 0.3	weak		2	28	1	1	405	68.0	0.0	0.2667	0	0
hadur2.Hadur 3.10	amk.superstrike.SuperStrike 0.3	weak		2	29	1	1	484	65.5	10.0	0.2000	0	0
hadur2.Hadur 3.10	amk.superstrike.SuperStrike 0.3	weak		2	30	1	1	455	61.5	10.0	0.1667	0	1
hadur2.Hadur 3.10	amk.superstrike.SuperStrike 0.3	weak		2	31	1	1	428	70.0	10.0	0.2500	0	0
hadur2.Hadur 3.10	amk.superstrike.SuperStrike 0.3	weak		2	32	1	1	359	72.0	0.0	0.3333	0	0
hadur2.Hadur 3.10	amk.superstrike.SuperStrike 0.3	weak		2	33	1	1	415	66.0	0.0	0.2500	0	0
hadur2.Hadur 3.10	amk.superstrike.SuperStrike 0.3	weak		2	34	1	1	368	80.5	10.0	0.4167	0	6
hadur2.Hadur 3.10	amk.superstrike.SuperStrike 0.3	weak		3	0	1	1	613	58.5	30.0	0.2188	0	4
hadur2.Hadur 3.10	amk.superstrike.SuperStrike 0.3	weak		3	1	1	1	650	44.2	10.0	0.1714	0	0
hadur2.Hadur 3.10	amk.superstrike.SuperStrike 0.3	weak		3	2	1	1	413	66.0	0.0	0.2667	0	0
hadur2.Hadur 3.10	amk.superstrike.SuperStrike 0.3	weak		3	3	1	1	363	74.0	0.0	0.3333	0	0
hadur2.Hadur 3.10	amk.superstrike.SuperStrike 0.3	weak		3	4	1	1	424	70.0	10.0	0.2500	0	0
hadur2.Hadur 3.10	amk.superstrike.SuperStrike 0.3	weak		3	5	1	1	321	80.0	0.0	0.4444	0	0
hadur2.Hadur 3.10	amk.superstrike.SuperStrike 0.3	weak		3	6	1	1	402	70.0	0.0	0.2667	0	0
hadur2.Hadur 3.10	amk.superstrike.SuperStrike 0.3	weak		3	7	1	1	326	80.0	10.0	0.5000	0	0
hadur2.Hadur 3.10	amk.superstrike.SuperStrike 0.3	weak		3	8	1	1	465	58.0	0.0	0.1667	0	0
hadur2.Hadur 3.10	amk.superstrike.SuperStrike 0.3	weak		3	9	1	1	421	82.0	20.0	0.3125	0	0
hadur2.Hadur 3.10	amk.superstrike.SuperStrike 0.3	weak		3	10	1	1	410	64.0	0.0	0.2000	0	0
hadur2.Hadur 3.10	amk.superstrike.SuperStrike 0.3	weak		3	11	1	1	390	64.8	0.0	0.2857	0	0
hadur2.Hadur 3.10	amk.superstrike.SuperStrike 0.3	weak		3	12	1	1	392	68.0	0.0	0.2857	0	0
hadur2.Hadur 3.10	amk.superstrike.SuperStrike 0.3	weak		3	13	1	1	435	64.0	0.0	0.2500	0	0
hadur2.Hadur 3.10	amk.superstrike.SuperStrike 0.3	weak		3	14	1	1	389	59.5	0.0	0.2308	0	0
hadur2.Hadur 3.10	amk.superstrike.SuperStrike 0.3	weak		3	15	1	1	459	62.0	0.0	0.1667	0	0
hadur2.Hadur 3.10	amk.superstrike.SuperStrike 0.3	weak		3	16	1	1	485	64.0	10.0	0.2000	0	1
hadur2.Hadur 3.10	amk.superstrike.SuperStrike 0.3	weak		3	17	1	1	498	55.5	0.0	0.1500	0	0
hadur2.Hadur 3.10	amk.superstrike.SuperStrike 0.3	weak		3	18	1	1	380	74.0	0.0	0.3077	0	0
hadur2.Hadur 3.10	amk.superstrike.SuperStrike 0.3	weak		3	19	1	1	410	68.0	0.0	0.2500	0	0
hadur2.Hadur 3.10	amk.superstrike.SuperStrike 0.3	weak		3	20	1	1	483	64.0	0.0	0.1579	0	0
hadur2.Hadur 3.10	amk.superstrike.SuperStrike 0.3	weak		3	21	1	1	488	56.0	0.0	0.1500	0	0
hadur2.Hadur 3.10	amk.superstrike.SuperStrike 0.3	weak		3	22	1	1	296	82.0	0.0	0.6250	0	0
hadur2.Hadur 3.10	amk.superstrike.SuperStrike 0.3	weak		3	23	1	1	405	74.0	10.0	0.2667	0	0
hadur2.Hadur 3.10	amk.superstrike.SuperStrike 0.3	weak		3	24	1	1	455	64.0	0.0	0.2105	0	0
hadur2.Hadur 3.10	amk.superstrike.SuperStrike 0.3	weak		3	25	1	1	405	71.0	0.0	0.2667	0	0
hadur2.Hadur 3.10	amk.superstrike.SuperStrike 0.3	weak		3	26	1	1	709	34.2	10.0	0.0857	0	0
hadur2.Hadur 3.10	amk.superstrike.SuperStrike 0.3	weak		3	27	1	1	443	66.5	0.0	0.2778	0	0
hadur2.Hadur 3.10	amk.superstrike.SuperStrike 0.3	weak		3	28	1	1	379	70.0	0.0	0.3077	0	0
hadur2.Hadur 3.10	amk.superstrike.SuperStrike 0.3	weak		3	29	1	1	425	64.0	10.0	0.2500	0	0
hadur2.Hadur 3.10	amk.superstrike.SuperStrike 0.3	weak		3	30	1	1	341	76.0	0.0	0.4000	0	1
hadur2.Hadur 3.10	amk.superstrike.SuperStrike 0.3	weak		3	31	1	1	471	52.5	0.0	0.1579	0	0
hadur2.Hadur 3.10	amk.superstrike.SuperStrike 0.3	weak		3	32	1	1	398	72.0	0.0	0.2857	0	0
hadur2.Hadur 3.10	amk.superstrike.SuperStrike 0.3	weak		3	33	1	1	322	78.0	0.0	0.4444	0	0
hadur2.Hadur 3.10	amk.superstrike.SuperStrike 0.3	weak		3	34	1	1	436	62.0	0.0	0.1875	0	7
hadur2.Hadur 3.10	amk.superstrike.SuperStrike 0.3	weak		4	0	1	1	450	74.0	20.0	0.3500	0	6
hadur2.Hadur 3.10	amk.superstrike.SuperStrike 0.3	weak		4	1	1	1	471	64.0	20.0	0.2857	0	0
hadur2.Hadur 3.10	amk.superstrike.SuperStrike 0.3	weak		4	2	1	1	493	44.4	0.0	0.1739	0	0
hadur2.Hadur 3.10	amk.superstrike.SuperStrike 0.3	weak		4	3	1	1	496	55.0	0.0	0.1429	0	0
hadur2.Hadur 3.10	amk.superstrike.SuperStrike 0.3	weak		4	4	1	1	431	76.0	20.0	0.2500	0	0
hadur2.Hadur 3.10	amk.superstrike.SuperStrike 0.3	weak		4	5	1	1	428	64.0	0.0	0.1875	0	0
hadur2.Hadur 3.10	amk.superstrike.SuperStrike 0.3	weak		4	6	1	1	377	90.0	30.0	0.3846	0	0
hadur2.Hadur 3.10	amk.superstrike.SuperStrike 0.3	weak		4	7	1	1	422	64.0	10.0	0.2500	0	0
hadur2.Hadur 3.10	amk.superstrike.SuperStrike 0.3	weak		4	8	1	1	449	64.0	0.0	0.2222	0	0
hadur2.Hadur 3.10	amk.superstrike.SuperStrike 0.3	weak		4	9	1	1	668	36.0	10.0	0.0625	0	0
hadur2.Hadur 3.10	amk.superstrike.SuperStrike 0.3	weak		4	10	1	1	330	80.0	0.0	0.5000	0	0
hadur2.Hadur 3.10	amk.superstrike.SuperStrike 0.3	weak		4	11	1	1	375	78.0	10.0	0.3077	0	0
hadur2.Hadur 3.10	amk.superstrike.SuperStrike 0.3	weak		4	12	1	1	428	64.0	0.1	0.2353	0	0
hadur2.Hadur 3.10	amk.superstrike.SuperStrike 0.3	weak		4	13	1	1	328	78.0	0.0	0.4000	0	0
hadur2.Hadur 3.10	amk.superstrike.SuperStrike 0.3	weak		4	14	1	1	423	64.0	0.0	0.2500	0	0
hadur2.Hadur 3.10	amk.superstrike.SuperStrike 0.3	weak		4	15	1	1	405	68.0	0.0	0.2667	0	0
hadur2.Hadur 3.10	amk.superstrike.SuperStrike 0.3	weak		4	16	1	1	433	64.0	0.0	0.2353	0	0
hadur2.Hadur 3.10	amk.superstrike.SuperStrike 0.3	weak		4	17	1	1	385	68.0	0.0	0.3077	0	0
hadur2.Hadur 3.10	amk.superstrike.SuperStrike 0.3	weak		4	18	1	1	340	75.5	0.0	0.4000	0	0
hadur2.Hadur 3.10	amk.superstrike.SuperStrike 0.3	weak		4	19	1	1	472	63.0	10.0	0.1579	0	0
hadur2.Hadur 3.10	amk.superstrike.SuperStrike 0.3	weak		4	20	1	1	521	57.5	0.0	0.1364	0	0
hadur2.Hadur 3.10	amk.superstrike.SuperStrike 0.3	weak		4	21	1	1	367	77.5	0.0	0.3333	0	0
hadur2.Hadur 3.10	amk.superstrike.SuperStrike 0.3	weak		4	22	1	1	327	78.0	0.0	0.4000	0	0
hadur2.Hadur 3.10	amk.superstrike.SuperStrike 0.3	weak		4	23	1	1	344	76.0	0.0	0.3636	0	0
hadur2.Hadur 3.10	amk.superstrike.SuperStrike 0.3	weak		4	24	1	1	364	74.0	0.0	0.3333	0	0
hadur2.Hadur 3.10	amk.superstrike.SuperStrike 0.3	weak		4	25	1	1	387	70.0	0.0	0.2857	0	0
hadur2.Hadur 3.10	amk.superstrike.SuperStrike 0.3	weak		4	26	1	1	393	64.0	0.0	0.2857	0	0
hadur2.Hadur 3.10	amk.superstrike.SuperStrike 0.3	weak		4	27	1	1	541	52.0	0.0	0.1304	0	0
hadur2.Hadur 3.10	amk.superstrike.SuperStrike 0.3	weak		4	28	1	1	405	70.5	0.0	0.2667	0	0
hadur2.Hadur 3.10	amk.superstrike.SuperStrike 0.3	weak		4	29	1	1	480	56.5	0.0	0.1579	0	1
hadur2.Hadur 3.10	amk.superstrike.SuperStrike 0.3	weak		4	30	1	1	498	54.0	0.0	0.1905	0	0
hadur2.Hadur 3.10	amk.superstrike.SuperStrike 0.3	weak		4	31	1	1	498	54.0	0.0	0.1905	0	0
hadur2.Hadur 3.10	amk.superstrike.SuperStrike 0.3	weak		4	32	1	1	471	63.5	10.0	0.2105	0	0
hadur2.Hadur 3.10	amk.superstrike.SuperStrike 0.3	weak		4	33	1	1	455	64.0	0.0	0.2222	0	0
hadur2.Hadur 3.10	amk.superstrike.SuperStrike 0.3	weak		4	34	1	1	410	72.0	10.0	0.2667	0	7
hadur2.Hadur 3.10	apv.TheBrainPi 0.5fix	weak		1	0	1	1	752	39.0	32.8	0.0909	0	7
hadur2.Hadur 3.10	apv.TheBrainPi 0.5fix	weak		1	1	1	1	495	48.8	0.0	0.2083	0	0
hadur2.Hadur 3.10	apv.TheBrainPi 0.5fix	weak		1	2	1	1	723	27.8	48.0	0.1395	0	0
hadur2.Hadur 3.10	apv.TheBrainPi 0.5fix	weak		1	3	1	1	652	22.0	16.0	0.0588	0	0
hadur2.Hadur 3.10	apv.TheBrainPi 0.5fix	weak		1	4	0	0	723	8.7	62.8	0.0909	0	0
hadur2.Hadur 3.10	apv.TheBrainPi 0.5fix	weak		1	5	1	1	647	22.0	16.0	0.0588	0	0
hadur2.Hadur 3.10	apv.TheBrainPi 0.5fix	weak		1	6	1	1	917	14.4	64.0	0.1452	0	0
hadur2.Hadur 3.10	apv.TheBrainPi 0.5fix	weak		1	7	1	1	785	16.0	48.0	0.1346	0	0
hadur2.Hadur 3.10	apv.TheBrainPi 0.5fix	weak		1	8	1	1	822	37.0	32.8	0.1200	0	0
hadur2.Hadur 3.10	apv.TheBrainPi 0.5fix	weak		1	9	1	1	495	40.0	0.0	0.1739	0	0
hadur2.Hadur 3.10	apv.TheBrainPi 0.5fix	weak		1	10	1	1	428	55.0	0.0	0.2778	0	0
hadur2.Hadur 3.10	apv.TheBrainPi 0.5fix	weak		1	11	1	1	565	46.0	48.0	0.1481	0	0
hadur2.Hadur 3.10	apv.TheBrainPi 0.5fix	weak		1	12	1	1	590	58.2	48.8	0.1481	0	0
hadur2.Hadur 3.10	apv.TheBrainPi 0.5fix	weak		1	13	1	1	581	34.0	16.0	0.0741	0	0
hadur2.Hadur 3.10	apv.TheBrainPi 0.5fix	weak		1	14	1	1	585	48.4	16.8	0.1667	0	0
hadur2.Hadur 3.10	apv.TheBrainPi 0.5fix	weak		1	15	1	1	665	39.0	1.6	0.1053	0	0
hadur2.Hadur 3.10	apv.TheBrainPi 0.5fix	weak		1	16	0	0	792	30.2	84.9	0.1923	0	0
hadur2.Hadur 3.10	apv.TheBrainPi 0.5fix	weak		1	17	1	1	715	16.0	32.0	0.0500	0	0
hadur2.Hadur 3.10	apv.TheBrainPi 0.5fix	weak		1	18	1	1	683	47.4	48.8	0.1316	0	1
hadur2.Hadur 3.10	apv.TheBrainPi 0.5fix	weak		1	19	1	1	515	37.0	16.0	0.1250	0	0
hadur2.Hadur 3.10	apv.TheBrainPi 0.5fix	weak		1	20	1	1	769	19.6	0.8	0.0444	0	0
hadur2.Hadur 3.10	apv.TheBrainPi 0.5fix	weak		1	21	1	1	546	39.8	0.8	0.1481	0	0
hadur2.Hadur 3.10	apv.TheBrainPi 0.5fix	weak		1	22	1	1	630	43.0	48.0	0.2059	0	0
hadur2.Hadur 3.10	apv.TheBrainPi 0.5fix	weak		1	23	1	1	1090	59.0	70.4	0.2000	0	0
hadur2.Hadur 3.10	apv.TheBrainPi 0.5fix	weak		1	24	1	1	845	4.0	48.0	0.1455	0	0
hadur2.Hadur 3.10	apv.TheBrainPi 0.5fix	weak		1	25	0	0	634	39.0	76.5	0.2000	0	0
hadur2.Hadur 3.10	apv.TheBrainPi 0.5fix	weak		1	26	0	0	589	28.8	61.6	0.1333	0	0
hadur2.Hadur 3.10	apv.TheBrainPi 0.5fix	weak		1	27	1	1	474	64.0	32.0	0.1579	0	1
hadur2.Hadur 3.10	apv.TheBrainPi 0.5fix	weak		1	28	1	1	471	55.0	16.0	0.1579	0	0
hadur2.Hadur 3.10	apv.TheBrainPi 0.5fix	weak		1	29	0	0	565	16.8	57.5	0.0357	0	0
hadur2.Hadur 3.10	apv.TheBrainPi 0.5fix	weak		1	30	1	1	527	39.6	0.0	0.1600	0	0
hadur2.Hadur 3.10	apv.TheBrainPi 0.5fix	weak		1	31	1	1	485	48.8	0.0	0.2174	0	0
hadur2.Hadur 3.10	apv.TheBrainPi 0.5fix	weak		1	32	1	1	480	43.0	0.0	0.1739	0	0
hadur2.Hadur 3.10	apv.TheBrainPi 0.5fix	weak		1	33	1	1	439	88.0	64.0	0.2941	0	0
hadur2.Hadur 3.10	apv.TheBrainPi 0.5fix	weak		1	34	1	1	860	6.0	0.0	0.1481	0	6
hadur2.Hadur 3.10	apv.TheBrainPi 0.5fix	weak		2	0	1	1	489	66.4	32.0	0.2727	0	5
hadur2.Hadur 3.10	apv.TheBrainPi 0.5fix	weak		2	1	1	1	730	27.0	16.0	0.0714	0	0
hadur2.Hadur 3.10	apv.TheBrainPi 0.5fix	weak		2	2	1	1	550	31.0	0.0	0.1111	0	0
hadur2.Hadur 3.10	apv.TheBrainPi 0.5fix	weak		2	3	1	1	455	58.0	16.0	0.2500	0	0
hadur2.Hadur 3.10	apv.TheBrainPi 0.5fix	weak		2	4	0	0	722	11.3	59.6	0.0930	0	0
hadur2.Hadur 3.10	apv.TheBrainPi 0.5fix	weak		2	5	1	1	596	42.8	32.0	0.1613	0	0
hadur2.Hadur 3.10	apv.TheBrainPi 0.5fix	weak		2	6	1	1	809	24.6	48.0	0.0980	0	0
hadur2.Hadur 3.10	apv.TheBrainPi 0.5fix	weak		2	7	1	1	428	55.0	0.0	0.2778	0	0
hadur2.Hadur 3.10	apv.TheBrainPi 0.5fix	weak		2	8	1	1	596	31.0	16.0	0.1000	0	0
hadur2.Hadur 3.10	apv.TheBrainPi 0.5fix	weak		2	9	1	1	804	29.8	48.0	0.0833	0	0
hadur2.Hadur 3.10	apv.TheBrainPi 0.5fix	weak		2	10	0	0	773	22.2	65.2	0.1042	0	0
hadur2.Hadur 3.10	apv.TheBrainPi 0.5fix	weak		2	11	1	1	503	60.8	32.0	0.2500	0	0
hadur2.Hadur 3.10	apv.TheBrainPi 0.5fix	weak		2	12	1	1	555	72.4	64.8	0.2857	0	0
hadur2.Hadur 3.10	apv.TheBrainPi 0.5fix	weak		2	13	1	1	1306	51.6	53.6	0.1087	0	0
hadur2.Hadur 3.10	apv.TheBrainPi 0.5fix	weak		2	14	0	0	523	45.6	90.2	0.2308	0	0
hadur2.Hadur 3.10	apv.TheBrainPi 0.5fix	weak		2	15	1	1	578	39.6	16.0	0.1379	0	0
hadur2.Hadur 3.10	apv.TheBrainPi 0.5fix	weak		2	16	1	1	543	40.0	16.0	0.1538	0	0
hadur2.Hadur 3.10	apv.TheBrainPi 0.5fix	weak		2	17	1	1	670	42.0	32.0	0.0857	0	0
hadur2.Hadur 3.10	apv.TheBrainPi 0.5fix	weak		2	18	1	1	619	47.6	16.8	0.1250	0	0
hadur2.Hadur 3.10	apv.TheBrainPi 0.5fix	weak		2	19	1	1	596	48.8	32.0	0.1667	0	0
hadur2.Hadur 3.10	apv.TheBrainPi 0.5fix	weak		2	20	1	1	495	58.0	32.0	0.2273	0	0
hadur2.Hadur 3.10	apv.TheBrainPi 0.5fix	weak		2	21	1	1	588	34.0	32.0	0.1034	0	0
hadur2.Hadur 3.10	apv.TheBrainPi 0.5fix	weak		2	22	1	1	414	55.0	0.0	0.2500	0	0
hadur2.Hadur 3.10	apv.TheBrainPi 0.5fix	weak		2	23	0	0	900	29.9	68.3	0.2167	0	0
hadur2.Hadur 3.10	apv.TheBrainPi 0.5fix	weak		2	24	1	1	635	25.0	16.0	0.0345	0	0
hadur2.Hadur 3.10	apv.TheBrainPi 0.5fix	weak		2	25	1	1	533	43.0	16.0	0.1600	0	0
hadur2.Hadur 3.10	apv.TheBrainPi 0.5fix	weak		2	26	1	1	679	55.0	32.0	0.1282	0	0
hadur2.Hadur 3.10	apv.TheBrainPi 0.5fix	weak		2	27	1	1	535	34.0	0.0	0.1154	0	0
hadur2.Hadur 3.10	apv.TheBrainPi 0.5fix	weak		2	28	1	1	518	55.0	32.0	0.1667	0	0
hadur2.Hadur 3.10	apv.TheBrainPi 0.5fix	weak		2	29	1	1	512	58.8	0.8	0.2308	0	0
hadur2.Hadur 3.10	apv.TheBrainPi 0.5fix	weak		2	30	1	1	574	36.0	0.0	0.1034	0	0
hadur2.Hadur 3.10	apv.TheBrainPi 0.5fix	weak		2	31	0	0	552	20.3	63.1	0.1111	0	0
hadur2.Hadur 3.10	apv.TheBrainPi 0.5fix	weak		2	32	1	1	604	40.0	48.0	0.1333	0	0
hadur2.Hadur 3.10	apv.TheBrainPi 0.5fix	weak		2	33	1	1	698	47.2	48.0	0.1429	0	0
hadur2.Hadur 3.10	apv.TheBrainPi 0.5fix	weak		2	34	1	1	676	39.0	0.0	0.1053	0	6
hadur2.Hadur 3.10	apv.TheBrainPi 0.5fix	weak		3	0	1	1	727	20.2	1.6	0.0488	0	4
hadur2.Hadur 3.10	apv.TheBrainPi 0.5fix	weak		3	1	1	1	634	47.6	32.0	0.1212	0	1
hadur2.Hadur 3.10	apv.TheBrainPi 0.5fix	weak		3	2	1	1	538	54.6	32.0	0.2308	0	0
hadur2.Hadur 3.10	apv.TheBrainPi 0.5fix	weak		3	3	1	1	585	25.0	0.0	0.0690	0	0
hadur2.Hadur 3.10	apv.TheBrainPi 0.5fix	weak		3	4	1	1	490	43.0	0.0	0.1739	0	0
hadur2.Hadur 3.10	apv.TheBrainPi 0.5fix	weak		3	5	1	1	682	45.0	48.0	0.1579	0	0
hadur2.Hadur 3.10	apv.TheBrainPi 0.5fix	weak		3	6	1	1	1140	42.8	36.0	0.0769	0	0
hadur2.Hadur 3.10	apv.TheBrainPi 0.5fix	weak		3	7	1	1	730	39.0	48.0	0.0930	0	0
hadur2.Hadur 3.10	apv.TheBrainPi 0.5fix	weak		3	8	1	1	714	39.0	16.0	0.0976	0	0
hadur2.Hadur 3.10	apv.TheBrainPi 0.5fix	weak		3	9	1	1	855	12.4	48.0	0.1071	0	0
hadur2.Hadur 3.10	apv.TheBrainPi 0.5fix	weak		3	10	1	1	504	49.0	16.0	0.2083	0	0
hadur2.Hadur 3.10	apv.TheBrainPi 0.5fix	weak		3	11	1	1	815	39.4	64.0	0.0980	0	0
hadur2.Hadur 3.10	apv.TheBrainPi 0.5fix	weak		3	12	1	1	494	49.0	16.0	0.2174	0	0
hadur2.Hadur 3.10	apv.TheBrainPi 0.5fix	weak		3	13	1	1	561	48.0	16.0	0.1786	0	0
hadur2.Hadur 3.10	apv.TheBrainPi 0.5fix	weak		3	14	1	1	1058	21.0	32.0	0.0986	0	0
hadur2.Hadur 3.10	apv.TheBrainPi 0.5fix	weak		3	15	1	1	683	38.4	32.8	0.1316	0	0
hadur2.Hadur 3.10	apv.TheBrainPi 0.5fix	weak		3	16	1	1	717	42.6	50.4	0.1463	0	0
hadur2.Hadur 3.10	apv.TheBrainPi 0.5fix	weak		3	17	0	0	677	44.0	73.1	0.2368	0	0
hadur2.Hadur 3.10	apv.TheBrainPi 0.5fix	weak		3	18	0	0	618	33.6	50.7	0.1000	0	1
hadur2.Hadur 3.10	apv.TheBrainPi 0.5fix	weak		3	19	0	0	826	47.0	64.9	0.1282	0	1
hadur2.Hadur 3.10	apv.TheBrainPi 0.5fix	weak		3	20	0	0	811	5.1	69.6	0.1509	0	0
hadur2.Hadur 3.10	apv.TheBrainPi 0.5fix	weak		3	21	1	1	834	15.8	64.0	0.1273	0	1
hadur2.Hadur 3.10	apv.TheBrainPi 0.5fix	weak		3	22	1	1	625	34.0	32.0	0.1250	0	0
hadur2.Hadur 3.10	apv.TheBrainPi 0.5fix	weak		3	23	1	1	806	27.6	16.0	0.0625	0	0
hadur2.Hadur 3.10	apv.TheBrainPi 0.5fix	weak		3	24	1	1	480	43.0	0.0	0.1818	0	0
hadur2.Hadur 3.10	apv.TheBrainPi 0.5fix	weak		3	25	1	1	458	60.4	0.8	0.3000	0	0
hadur2.Hadur 3.10	apv.TheBrainPi 0.5fix	weak		3	26	1	1	556	40.0	16.0	0.1200	0	0
hadur2.Hadur 3.10	apv.TheBrainPi 0.5fix	weak		3	27	1	1	705	18.2	16.0	0.0541	0	0
hadur2.Hadur 3.10	apv.TheBrainPi 0.5fix	weak		3	28	1	1	626	25.0	32.0	0.0625	0	0
hadur2.Hadur 3.10	apv.TheBrainPi 0.5fix	weak		3	29	1	1	539	48.8	16.0	0.1852	0	0
hadur2.Hadur 3.10	apv.TheBrainPi 0.5fix	weak		3	30	1	1	658	33.6	32.0	0.1111	0	0
hadur2.Hadur 3.10	apv.TheBrainPi 0.5fix	weak		3	31	1	1	670	39.0	16.0	0.1053	0	0
hadur2.Hadur 3.10	apv.TheBrainPi 0.5fix	weak		3	32	1	1	617	39.0	0.8	0.1176	0	0
hadur2.Hadur 3.10	apv.TheBrainPi 0.5fix	weak		3	33	1	1	612	54.2	48.0	0.1875	0	0
hadur2.Hadur 3.10	apv.TheBrainPi 0.5fix	weak		3	34		0	757	30.5	0.0			0
hadur2.Hadur 3.10	apv.TheBrainPi 0.5fix	weak		4	0	1	1	601	22.0	0.0	0.0625	298	8
hadur2.Hadur 3.10	apv.TheBrainPi 0.5fix	weak		4	1	1	1	576	25.0	0.0	0.0690	0	0
hadur2.Hadur 3.10	apv.TheBrainPi 0.5fix	weak		4	2	1	1	962	42.8	33.6	0.1290	0	0
hadur2.Hadur 3.10	apv.TheBrainPi 0.5fix	weak		4	3	1	1	852	29.4	1.6	0.0556	0	0
hadur2.Hadur 3.10	apv.TheBrainPi 0.5fix	weak		4	4	1	1	558	51.6	32.0	0.2143	0	0
hadur2.Hadur 3.10	apv.TheBrainPi 0.5fix	weak		4	5	1	1	513	46.0	16.0	0.1667	0	0
hadur2.Hadur 3.10	apv.TheBrainPi 0.5fix	weak		4	6	1	1	719	16.0	32.0	0.1250	0	0
hadur2.Hadur 3.10	apv.TheBrainPi 0.5fix	weak		4	7	1	1	507	40.0	0.0	0.1364	0	0
hadur2.Hadur 3.10	apv.TheBrainPi 0.5fix	weak		4	8	1	1	531	48.8	16.0	0.1923	0	0
hadur2.Hadur 3.10	apv.TheBrainPi 0.5fix	weak		4	9	1	1	694	22.0	48.0	0.1463	0	0
hadur2.Hadur 3.10	apv.TheBrainPi 0.5fix	weak		4	10	1	1	597	45.4	0.0	0.1290	0	0
hadur2.Hadur 3.10	apv.TheBrainPi 0.5fix	weak		4	11	1	1	686	39.0	32.8	0.1026	0	0
hadur2.Hadur 3.10	apv.TheBrainPi 0.5fix	weak		4	12	1	1	603	40.0	48.0	0.1290	0	0
hadur2.Hadur 3.10	apv.TheBrainPi 0.5fix	weak		4	13	1	1	547	31.0	0.0	0.1111	0	0
hadur2.Hadur 3.10	apv.TheBrainPi 0.5fix	weak		4	14	1	1	683	39.0	17.6	0.1026	0	0
hadur2.Hadur 3.10	apv.TheBrainPi 0.5fix	weak		4	15	1	1	450	55.0	16.0	0.2500	0	0
hadur2.Hadur 3.10	apv.TheBrainPi 0.5fix	weak		4	16	1	1	569	39.6	16.0	0.1379	0	0
hadur2.Hadur 3.10	apv.TheBrainPi 0.5fix	weak		4	17	1	1	639	31.0	48.0	0.0882	0	0
hadur2.Hadur 3.10	apv.TheBrainPi 0.5fix	weak		4	18	1	1	720	33.8	48.0	0.1628	0	0
hadur2.Hadur 3.10	apv.TheBrainPi 0.5fix	weak		4	19	1	1	603	39.0	0.0	0.1212	0	0
hadur2.Hadur 3.10	apv.TheBrainPi 0.5fix	weak		4	20	1	1	600	31.0	32.0	0.1000	0	0
hadur2.Hadur 3.10	apv.TheBrainPi 0.5fix	weak		4	21	1	1	585	39.4	16.0	0.1333	0	0
hadur2.Hadur 3.10	apv.TheBrainPi 0.5fix	weak		4	22	1	1	615	37.0	48.0	0.1250	0	0
hadur2.Hadur 3.10	apv.TheBrainPi 0.5fix	weak		4	23	1	1	586	68.8	48.8	0.2414	0	0
hadur2.Hadur 3.10	apv.TheBrainPi 0.5fix	weak		4	24	1	1	563	39.8	32.0	0.1429	0	0
hadur2.Hadur 3.10	apv.TheBrainPi 0.5fix	weak		4	25	1	1	782	21.8	48.0	0.1250	0	0
hadur2.Hadur 3.10	apv.TheBrainPi 0.5fix	weak		4	26	1	1	593	40.0	48.0	0.1333	0	0
hadur2.Hadur 3.10	apv.TheBrainPi 0.5fix	weak		4	27	1	1	648	30.8	0.8	0.1143	0	0
hadur2.Hadur 3.10	apv.TheBrainPi 0.5fix	weak		4	28	0	0	849	9.5	60.0	0.1296	0	0
hadur2.Hadur 3.10	apv.TheBrainPi 0.5fix	weak		4	29	1	1	568	37.0	16.0	0.1429	0	0
hadur2.Hadur 3.10	apv.TheBrainPi 0.5fix	weak		4	30	1	1	495	49.0	16.0	0.2273	0	0
hadur2.Hadur 3.10	apv.TheBrainPi 0.5fix	weak		4	31	1	1	598	31.0	16.0	0.1071	0	0
hadur2.Hadur 3.10	apv.TheBrainPi 0.5fix	weak		4	32	1	1	613	30.8	16.8	0.0968	0	0
hadur2.Hadur 3.10	apv.TheBrainPi 0.5fix	weak		4	33	1	1	526	43.0	16.0	0.1250	0	0
hadur2.Hadur 3.10	apv.TheBrainPi 0.5fix	weak		4	34	1	1	520	63.2	0.0	0.2000	0	6
hadur2.Hadur 3.10	bk.Shooter 1.0	weak		1	0	1	1	880	61.7	30.0	0.2545	596	8
hadur2.Hadur 3.10	bk.Shooter 1.0	weak		1	1	1	1	563	64.0	0.0	0.2143	0	0
hadur2.Hadur 3.10	bk.Shooter 1.0	weak		1	2	1	1	634	78.0	10.0	0.1875	0	0
hadur2.Hadur 3.10	bk.Shooter 1.0	weak		1	3	1	1	426	92.0	0.0	0.3125	0	0
hadur2.Hadur 3.10	bk.Shooter 1.0	weak		1	4	1	1	444	86.0	0.0	0.2941	0	0
hadur2.Hadur 3.10	bk.Shooter 1.0	weak		1	5	1	1	500	78.0	0.0	0.2000	0	0
hadur2.Hadur 3.10	bk.Shooter 1.0	weak		1	6	1	1	449	82.0	0.0	0.2941	0	0
hadur2.Hadur 3.10	bk.Shooter 1.0	weak		1	7	1	1	449	84.0	0.0	0.2222	0	1
hadur2.Hadur 3.10	bk.Shooter 1.0	weak		1	8	1	1	462	80.0	0.0	0.2632	0	0
hadur2.Hadur 3.10	bk.Shooter 1.0	weak		1	9	1	1	408	78.0	0.0	0.2667	0	0
hadur2.Hadur 3.10	bk.Shooter 1.0	weak		1	10	1	1	435	82.0	0.0	0.2941	0	0
hadur2.Hadur 3.10	bk.Shooter 1.0	weak		1	11	1	1	446	92.0	0.0	0.2941	0	0
hadur2.Hadur 3.10	bk.Shooter 1.0	weak		1	12	1	1	397	86.0	0.0	0.3571	0	0
hadur2.Hadur 3.10	bk.Shooter 1.0	weak		1	13	1	1	478	86.0	0.0	0.2632	0	0
hadur2.Hadur 3.10	bk.Shooter 1.0	weak		1	14	1	1	421	86.0	0.0	0.3125	0	0
hadur2.Hadur 3.10	bk.Shooter 1.0	weak		1	15	1	1	378	96.0	0.0	0.3846	0	0
hadur2.Hadur 3.10	bk.Shooter 1.0	weak		1	16	1	1	400	90.0	0.0	0.3571	0	0
hadur2.Hadur 3.10	bk.Shooter 1.0	weak		1	17	1	1	497	90.0	0.0	0.2500	0	0
hadur2.Hadur 3.10	bk.Shooter 1.0	weak		1	18	1	1	390	88.0	10.0	0.3571	0	0
hadur2.Hadur 3.10	bk.Shooter 1.0	weak		1	19	1	1	453	78.0	10.0	0.2353	0	0
hadur2.Hadur 3.10	bk.Shooter 1.0	weak		1	20	1	1	368	84.0	0.0	0.4167	0	0
hadur2.Hadur 3.10	bk.Shooter 1.0	weak		1	21	1	1	441	76.0	10.0	0.2353	0	0
hadur2.Hadur 3.10	bk.Shooter 1.0	weak		1	22	1	1	448	78.0	0.0	0.2353	0	0
hadur2.Hadur 3.10	bk.Shooter 1.0	weak		1	23	1	1	378	79.0	10.0	0.3077	0	0
hadur2.Hadur 3.10	bk.Shooter 1.0	weak		1	24	1	1	434	88.0	0.0	0.3125	0	0
hadur2.Hadur 3.10	bk.Shooter 1.0	weak		1	25	1	1	422	82.0	0.0	0.3125	0	0
hadur2.Hadur 3.10	bk.Shooter 1.0	weak		1	26	1	1	460	70.0	0.0	0.2222	0	0
hadur2.Hadur 3.10	bk.Shooter 1.0	weak		1	27	1	1	398	88.0	10.0	0.3571	0	0
hadur2.Hadur 3.10	bk.Shooter 1.0	weak		1	28	1	1	510	84.0	10.0	0.3043	0	0
hadur2.Hadur 3.10	bk.Shooter 1.0	weak		1	29	1	1	461	86.0	0.0	0.2778	0	0
hadur2.Hadur 3.10	bk.Shooter 1.0	weak		1	30	1	1	418	88.0	0.0	0.3125	0	1
hadur2.Hadur 3.10	bk.Shooter 1.0	weak		1	31	1	1	460	80.0	0.0	0.2222	0	1
hadur2.Hadur 3.10	bk.Shooter 1.0	weak		1	32	1	1	378	88.0	0.0	0.3846	0	0
hadur2.Hadur 3.10	bk.Shooter 1.0	weak		1	33	1	1	465	82.0	10.0	0.3000	0	0
hadur2.Hadur 3.10	bk.Shooter 1.0	weak		1	34	1	1	406	86.0	0.0	0.3333	0	6
hadur2.Hadur 3.10	bk.Shooter 1.0	weak		2	0	1	1	509	77.6	0.0	0.3200	0	6
hadur2.Hadur 3.10	bk.Shooter 1.0	weak		2	1	1	1	534	74.0	0.0	0.2692	0	0
hadur2.Hadur 3.10	bk.Shooter 1.0	weak		2	2	1	1	595	78.0	0.0	0.2581	0	0
hadur2.Hadur 3.10	bk.Shooter 1.0	weak		2	3	1	1	473	81.0	10.0	0.2632	0	0
hadur2.Hadur 3.10	bk.Shooter 1.0	weak		2	4	1	1	402	80.0	0.0	0.3333	0	0
hadur2.Hadur 3.10	bk.Shooter 1.0	weak		2	5	1	1	489	70.0	10.0	0.2000	0	0
hadur2.Hadur 3.10	bk.Shooter 1.0	weak		2	6	1	1	390	86.0	0.0	0.3571	0	0
hadur2.Hadur 3.10	bk.Shooter 1.0	weak		2	7	1	1	372	78.0	0.0	0.3333	0	1
hadur2.Hadur 3.10	bk.Shooter 1.0	weak		2	8	1	1	447	78.0	0.0	0.2353	0	0
hadur2.Hadur 3.10	bk.Shooter 1.0	weak		2	9	1	1	490	82.0	10.0	0.2500	0	0
hadur2.Hadur 3.10	bk.Shooter 1.0	weak		2	10	1	1	417	86.0	0.0	0.3333	0	0
hadur2.Hadur 3.10	bk.Shooter 1.0	weak		2	11	1	1	550	74.0	0.0	0.1667	0	0
hadur2.Hadur 3.10	bk.Shooter 1.0	weak		2	12	1	1	581	66.0	10.0	0.1538	0	0
hadur2.Hadur 3.10	bk.Shooter 1.0	weak		2	13	1	1	452	80.0	0.0	0.2353	0	0
hadur2.Hadur 3.10	bk.Shooter 1.0	weak		2	14	1	1	401	84.0	0.0	0.3333	0	0
hadur2.Hadur 3.10	bk.Shooter 1.0	weak		2	15	1	1	444	80.0	10.0	0.2353	0	0
hadur2.Hadur 3.10	bk.Shooter 1.0	weak		2	16	1	1	551	74.0	0.0	0.1667	0	0
hadur2.Hadur 3.10	bk.Shooter 1.0	weak		2	17	1	1	452	82.0	0.0	0.2778	0	0
hadur2.Hadur 3.10	bk.Shooter 1.0	weak		2	18	1	1	412	80.0	0.0	0.3333	0	0
hadur2.Hadur 3.10	bk.Shooter 1.0	weak		2	19	1	1	450	86.0	10.0	0.2941	0	0
hadur2.Hadur 3.10	bk.Shooter 1.0	weak		2	20	1	1	400	86.0	0.0	0.3571	0	0
hadur2.Hadur 3.10	bk.Shooter 1.0	weak		2	21	1	1	360	96.0	20.0	0.4167	0	0
hadur2.Hadur 3.10	bk.Shooter 1.0	weak		2	22	1	1	448	84.0	0.0	0.2778	0	0
hadur2.Hadur 3.10	bk.Shooter 1.0	weak		2	23	1	1	423	70.0	0.0	0.2500	0	0
hadur2.Hadur 3.10	bk.Shooter 1.0	weak		2	24	1	1	446	82.0	0.0	0.2778	0	0
hadur2.Hadur 3.10	bk.Shooter 1.0	weak		2	25	1	1	483	84.0	10.0	0.2500	0	0
hadur2.Hadur 3.10	bk.Shooter 1.0	weak		2	26	1	1	505	84.0	0.0	0.2381	0	0
hadur2.Hadur 3.10	bk.Shooter 1.0	weak		2	27	1	1	479	80.0	0.0	0.2500	0	0
hadur2.Hadur 3.10	bk.Shooter 1.0	weak		2	28	1	1	493	82.0	0.0	0.2381	0	0
hadur2.Hadur 3.10	bk.Shooter 1.0	weak		2	29	1	1	364	86.0	0.0	0.4167	0	0
hadur2.Hadur 3.10	bk.Shooter 1.0	weak		2	30	1	1	417	75.0	0.0	0.2667	0	0
hadur2.Hadur 3.10	bk.Shooter 1.0	weak		2	31	1	1	459	80.0	0.0	0.2222	0	0
hadur2.Hadur 3.10	bk.Shooter 1.0	weak		2	32	1	1	361	90.0	0.0	0.4167	0	0
hadur2.Hadur 3.10	bk.Shooter 1.0	weak		2	33	1	1	384	82.0	0.0	0.3571	0	0
hadur2.Hadur 3.10	bk.Shooter 1.0	weak		2	34	1	1	407	84.0	10.0	0.3333	0	5
hadur2.Hadur 3.10	bk.Shooter 1.0	weak		3	0	1	1	614	80.0	0.0	0.2500	0	5
hadur2.Hadur 3.10	bk.Shooter 1.0	weak		3	1	1	1	594	86.0	10.0	0.2667	0	0
hadur2.Hadur 3.10	bk.Shooter 1.0	weak		3	2	1	1	738	72.0	30.0	0.1951	0	0
hadur2.Hadur 3.10	bk.Shooter 1.0	weak		3	3	1	1	396	82.0	0.0	0.3571	0	0
hadur2.Hadur 3.10	bk.Shooter 1.0	weak		3	4	1	1	479	90.0	0.0	0.2632	0	0
hadur2.Hadur 3.10	bk.Shooter 1.0	weak		3	5	1	1	540	68.0	0.0	0.1739	0	0
hadur2.Hadur 3.10	bk.Shooter 1.0	weak		3	6	1	1	434	90.0	0.0	0.3125	0	0
hadur2.Hadur 3.10	bk.Shooter 1.0	weak		3	7	1	1	413	78.0	0.0	0.2667	0	0
hadur2.Hadur 3.10	bk.Shooter 1.0	weak		3	8	1	1	415	84.0	0.0	0.3333	0	0
hadur2.Hadur 3.10	bk.Shooter 1.0	weak		3	9	1	1	471	74.0	0.0	0.2105	0	0
hadur2.Hadur 3.10	bk.Shooter 1.0	weak		3	10	1	1	475	84.0	0.0	0.2632	0	0
hadur2.Hadur 3.10	bk.Shooter 1.0	weak		3	11	1	1	519	80.0	10.0	0.2174	0	0
hadur2.Hadur 3.10	bk.Shooter 1.0	weak		3	12	1	1	487	74.0	0.0	0.2000	0	0
hadur2.Hadur 3.10	bk.Shooter 1.0	weak		3	13	1	1	479	84.0	0.0	0.2500	0	0
hadur2.Hadur 3.10	bk.Shooter 1.0	weak		3	14	1	1	529	72.0	0.0	0.1739	0	0
hadur2.Hadur 3.10	bk.Shooter 1.0	weak		3	15	1	1	414	84.0	0.0	0.3125	0	0
hadur2.Hadur 3.10	bk.Shooter 1.0	weak		3	16	1	1	442	82.0	0.0	0.2941	0	0
hadur2.Hadur 3.10	bk.Shooter 1.0	weak		3	17	1	1	519	82.0	20.0	0.2273	0	0
hadur2.Hadur 3.10	bk.Shooter 1.0	weak		3	18	1	1	423	76.0	0.0	0.2500	0	0
hadur2.Hadur 3.10	bk.Shooter 1.0	weak		3	19	1	1	472	70.0	0.0	0.2105	0	0
hadur2.Hadur 3.10	bk.Shooter 1.0	weak		3	20	1	1	542	80.0	0.0	0.2083	0	0
hadur2.Hadur 3.10	bk.Shooter 1.0	weak		3	21	1	1	473	74.0	0.0	0.2105	0	0
hadur2.Hadur 3.10	bk.Shooter 1.0	weak		3	22	1	1	422	82.0	0.0	0.3125	0	0
hadur2.Hadur 3.10	bk.Shooter 1.0	weak		3	23	1	1	696	86.0	20.0	0.1515	0	0
hadur2.Hadur 3.10	bk.Shooter 1.0	weak		3	24	1	1	409	94.0	10.0	0.3333	0	0
hadur2.Hadur 3.10	bk.Shooter 1.0	weak		3	25	1	1	409	98.0	0.0	0.4000	0	0
hadur2.Hadur 3.10	bk.Shooter 1.0	weak		3	26	1	1	346	88.0	0.0	0.4545	0	0
hadur2.Hadur 3.10	bk.Shooter 1.0	weak		3	27	1	1	398	92.0	0.0	0.3571	0	0
hadur2.Hadur 3.10	bk.Shooter 1.0	weak		3	28	1	1	367	86.0	0.0	0.4167	0	0
hadur2.Hadur 3.10	bk.Shooter 1.0	weak		3	29	1	1	413	80.0	0.0	0.3125	0	0
hadur2.Hadur 3.10	bk.Shooter 1.0	weak		3	30	1	1	466	80.0	10.0	0.2632	0	0
hadur2.Hadur 3.10	bk.Shooter 1.0	weak		3	31	1	1	377	88.0	0.0	0.3846	0	0
hadur2.Hadur 3.10	bk.Shooter 1.0	weak		3	32	1	1	421	86.0	0.0	0.3125	0	0
hadur2.Hadur 3.10	bk.Shooter 1.0	weak		3	33	1	1	460	72.0	0.0	0.2222	0	0
hadur2.Hadur 3.10	bk.Shooter 1.0	weak		3	34	1	1	641	80.0	0.0	0.1379	0	6
hadur2.Hadur 3.10	bk.Shooter 1.0	weak		4	0	1	1	595	54.0	0.0	0.1379	0	6
hadur2.Hadur 3.10	bk.Shooter 1.0	weak		4	1	1	1	615	83.9	10.0	0.2581	0	0
hadur2.Hadur 3.10	bk.Shooter 1.0	weak		4	2	1	1	500	68.0	10.0	0.1905	0	0
hadur2.Hadur 3.10	bk.Shooter 1.0	weak		4	3	1	1	449	80.0	0.0	0.2353	0	0
hadur2.Hadur 3.10	bk.Shooter 1.0	weak		4	4	1	1	416	84.0	0.0	0.3125	0	0
hadur2.Hadur 3.10	bk.Shooter 1.0	weak		4	5	1	1	433	74.0	0.0	0.2500	0	0
hadur2.Hadur 3.10	bk.Shooter 1.0	weak		4	6	1	1	421	78.0	0.0	0.2667	0	0
hadur2.Hadur 3.10	bk.Shooter 1.0	weak		4	7	1	1	404	84.0	0.0	0.3333	0	0
hadur2.Hadur 3.10	bk.Shooter 1.0	weak		4	8	1	1	494	82.0	0.0	0.2500	0	0
hadur2.Hadur 3.10	bk.Shooter 1.0	weak		4	9	1	1	539	83.0	0.0	0.2174	0	0
hadur2.Hadur 3.10	bk.Shooter 1.0	weak		4	10	1	1	380	88.0	0.0	0.3846	0	0
hadur2.Hadur 3.10	bk.Shooter 1.0	weak		4	11	1	1	452	86.0	0.0	0.2778	0	0
hadur2.Hadur 3.10	bk.Shooter 1.0	weak		4	12	1	1	365	84.0	0.0	0.4167	0	0
hadur2.Hadur 3.10	bk.Shooter 1.0	weak		4	13	1	1	538	88.0	0.0	0.2174	0	0
hadur2.Hadur 3.10	bk.Shooter 1.0	weak		4	14	1	1	537	90.0	20.0	0.2500	0	0
hadur2.Hadur 3.10	bk.Shooter 1.0	weak		4	15	1	1	401	86.0	10.0	0.3571	0	0
hadur2.Hadur 3.10	bk.Shooter 1.0	weak		4	16	1	1	520	80.0	0.0	0.1818	0	0
hadur2.Hadur 3.10	bk.Shooter 1.0	weak		4	17	1	1	398	80.0	0.0	0.2857	0	0
hadur2.Hadur 3.10	bk.Shooter 1.0	weak		4	18	1	1	683	76.0	0.0	0.1250	0	0
hadur2.Hadur 3.10	bk.Shooter 1.0	weak		4	19	1	1	438	80.0	10.0	0.2778	0	0
hadur2.Hadur 3.10	bk.Shooter 1.0	weak		4	20	1	1	492	86.0	10.0	0.2381	0	0
hadur2.Hadur 3.10	bk.Shooter 1.0	weak		4	21	1	1	450	94.0	20.0	0.3333	0	0
hadur2.Hadur 3.10	bk.Shooter 1.0	weak		4	22	1	1	489	80.0	10.0	0.2000	0	0
hadur2.Hadur 3.10	bk.Shooter 1.0	weak		4	23	1	1	449	80.0	0.0	0.2353	0	0
hadur2.Hadur 3.10	bk.Shooter 1.0	weak		4	24	1	1	438	82.0	0.0	0.2941	0	0
hadur2.Hadur 3.10	bk.Shooter 1.0	weak		4	25	1	1	422	86.0	0.0	0.3125	0	0
hadur2.Hadur 3.10	bk.Shooter 1.0	weak		4	26	1	1	499	80.0	0.0	0.2381	0	0
hadur2.Hadur 3.10	bk.Shooter 1.0	weak		4	27	1	1	440	80.0	0.0	0.2941	0	0
hadur2.Hadur 3.10	bk.Shooter 1.0	weak		4	28	1	1	531	82.0	0.0	0.2174	0	0
hadur2.Hadur 3.10	bk.Shooter 1.0	weak		4	29	1	1	449	86.0	0.0	0.2778	0	0
hadur2.Hadur 3.10	bk.Shooter 1.0	weak		4	30	1	1	489	86.0	10.0	0.2500	0	0
hadur2.Hadur 3.10	bk.Shooter 1.0	weak		4	31	1	1	426	90.0	0.0	0.3125	0	0
hadur2.Hadur 3.10	bk.Shooter 1.0	weak		4	32	1	1	344	90.0	0.0	0.4545	0	0
hadur2.Hadur 3.10	bk.Shooter 1.0	weak		4	33	1	1	401	86.0	0.0	0.3333	0	0
hadur2.Hadur 3.10	bk.Shooter 1.0	weak		4	34	1	1	427	84.0	0.0	0.3125	0	5
hadur2.Hadur 3.10	bots.UnterExBot 1.0	weak		1	0	1	1	502	62.8	7.2	0.2917	0	6
hadur2.Hadur 3.10	bots.UnterExBot 1.0	weak		1	1	1	1	704	63.7	4.4	0.1579	0	0
hadur2.Hadur 3.10	bots.UnterExBot 1.0	weak		1	2	1	1	570	61.8	7.6	0.1200	0	0
hadur2.Hadur 3.10	bots.UnterExBot 1.0	weak		1	3	1	1	569	64.1	0.0	0.1600	0	0
hadur2.Hadur 3.10	bots.UnterExBot 1.0	weak		1	4	1	1	485	74.9	12.0	0.2381	0	0
hadur2.Hadur 3.10	bots.UnterExBot 1.0	weak		1	5	1	1	444	60.6	0.0	0.1765	0	0
hadur2.Hadur 3.10	bots.UnterExBot 1.0	weak		1	6	1	1	689	63.1	0.0	0.1471	0	0
hadur2.Hadur 3.10	bots.UnterExBot 1.0	weak		1	7	1	1	475	69.4	0.0	0.2000	0	0
hadur2.Hadur 3.10	bots.UnterExBot 1.0	weak		1	8	1	1	517	61.9	4.0	0.1739	0	0
hadur2.Hadur 3.10	bots.UnterExBot 1.0	weak		1	9	1	1	491	64.4	0.0	0.2000	0	0
hadur2.Hadur 3.10	bots.UnterExBot 1.0	weak		1	10	1	1	423	66.1	0.0	0.2353	0	0
hadur2.Hadur 3.10	bots.UnterExBot 1.0	weak		1	11	1	1	572	61.7	0.0	0.1538	0	0
hadur2.Hadur 3.10	bots.UnterExBot 1.0	weak		1	12	1	1	524	63.9	0.0	0.1364	0	0
hadur2.Hadur 3.10	bots.UnterExBot 1.0	weak		1	13	1	1	545	68.9	0.0	0.2083	0	0
hadur2.Hadur 3.10	bots.UnterExBot 1.0	weak		1	14	1	1	589	64.4	0.0	0.1538	0	0
hadur2.Hadur 3.10	bots.UnterExBot 1.0	weak		1	15	1	1	473	64.3	0.8	0.2105	0	0
hadur2.Hadur 3.10	bots.UnterExBot 1.0	weak		1	16	1	1	529	67.4	0.0	0.1818	0	0
hadur2.Hadur 3.10	bots.UnterExBot 1.0	weak		1	17	1	1	552	67.4	0.0	0.2083	0	0
hadur2.Hadur 3.10	bots.UnterExBot 1.0	weak		1	18	1	1	436	65.9	0.0	0.2353	0	0
hadur2.Hadur 3.10	bots.UnterExBot 1.0	weak		1	19	1	1	518	66.4	4.4	0.1818	0	0
hadur2.Hadur 3.10	bots.UnterExBot 1.0	weak		1	20	1	1	411	66.6	0.0	0.2667	0	0
hadur2.Hadur 3.10	bots.UnterExBot 1.0	weak		1	21	1	1	524	63.6	0.4	0.1818	0	0
hadur2.Hadur 3.10	bots.UnterExBot 1.0	weak		1	22	1	1	383	72.8	0.0	0.3077	0	0
hadur2.Hadur 3.10	bots.UnterExBot 1.0	weak		1	23	1	1	356	68.2	0.0	0.3333	0	0
hadur2.Hadur 3.10	bots.UnterExBot 1.0	weak		1	24	1	1	483	68.8	0.0	0.2000	0	0
hadur2.Hadur 3.10	bots.UnterExBot 1.0	weak		1	25	1	1	503	69.7	0.4	0.1905	0	0
hadur2.Hadur 3.10	bots.UnterExBot 1.0	weak		1	26	1	1	368	67.8	0.0	0.3077	0	0
hadur2.Hadur 3.10	bots.UnterExBot 1.0	weak		1	27	1	1	729	64.7	0.8	0.1143	0	0
hadur2.Hadur 3.10	bots.UnterExBot 1.0	weak		1	28	1	1	435	67.7	0.0	0.2778	0	0
hadur2.Hadur 3.10	bots.UnterExBot 1.0	weak		1	29	1	1	373	68.8	0.0	0.3077	0	0
hadur2.Hadur 3.10	bots.UnterExBot 1.0	weak		1	30	1	1	385	64.8	0.0	0.2857	0	0
hadur2.Hadur 3.10	bots.UnterExBot 1.0	weak		1	31	1	1	354	73.2	0.0	0.3636	0	0
hadur2.Hadur 3.10	bots.UnterExBot 1.0	weak		1	32	1	1	365	70.0	4.0	0.3333	0	0
hadur2.Hadur 3.10	bots.UnterExBot 1.0	weak		1	33	1	1	476	69.5	0.4	0.2105	0	0
hadur2.Hadur 3.10	bots.UnterExBot 1.0	weak		1	34	1	1	398	67.6	0.0	0.2857	0	6
hadur2.Hadur 3.10	bots.UnterExBot 1.0	weak		2	0	1	1	505	66.4	23.0	0.2500	0	7
hadur2.Hadur 3.10	bots.UnterExBot 1.0	weak		2	1	1	1	497	70.7	6.4	0.3043	0	0
hadur2.Hadur 3.10	bots.UnterExBot 1.0	weak		2	2	1	1	504	65.3	0.0	0.2500	0	0
hadur2.Hadur 3.10	bots.UnterExBot 1.0	weak		2	3	1	1	366	66.3	0.0	0.3333	0	0
hadur2.Hadur 3.10	bots.UnterExBot 1.0	weak		2	4	1	1	542	67.7	9.2	0.1739	0	0
hadur2.Hadur 3.10	bots.UnterExBot 1.0	weak		2	5	1	1	496	66.4	3.2	0.1905	0	0
hadur2.Hadur 3.10	bots.UnterExBot 1.0	weak		2	6	1	1	571	67.6	0.0	0.1600	0	0
hadur2.Hadur 3.10	bots.UnterExBot 1.0	weak		2	7	1	1	394	66.6	0.0	0.2667	0	0
hadur2.Hadur 3.10	bots.UnterExBot 1.0	weak		2	8	1	1	379	68.6	0.0	0.3077	0	0
hadur2.Hadur 3.10	bots.UnterExBot 1.0	weak		2	9	1	1	491	67.1	5.2	0.2000	0	0
hadur2.Hadur 3.10	bots.UnterExBot 1.0	weak		2	10	1	1	396	73.5	13.6	0.2857	0	0
hadur2.Hadur 3.10	bots.UnterExBot 1.0	weak		2	11	1	1	712	68.8	0.8	0.1111	0	0
hadur2.Hadur 3.10	bots.UnterExBot 1.0	weak		2	12	1	1	445	66.0	0.0	0.2222	0	0
hadur2.Hadur 3.10	bots.UnterExBot 1.0	weak		2	13	1	1	744	63.1	0.4	0.1579	0	0
hadur2.Hadur 3.10	bots.UnterExBot 1.0	weak		2	14	1	1	491	68.8	0.0	0.2174	0	0
hadur2.Hadur 3.10	bots.UnterExBot 1.0	weak		2	15	1	1	532	61.5	7.2	0.1364	0	0
hadur2.Hadur 3.10	bots.UnterExBot 1.0	weak		2	16	1	1	367	72.6	0.0	0.3333	0	0
hadur2.Hadur 3.10	bots.UnterExBot 1.0	weak		2	17	1	1	431	69.1	0.0	0.2500	0	0
hadur2.Hadur 3.10	bots.UnterExBot 1.0	weak		2	18	1	1	427	69.7	0.0	0.2353	0	0
hadur2.Hadur 3.10	bots.UnterExBot 1.0	weak		2	19	1	1	628	69.6	6.8	0.1379	0	0
hadur2.Hadur 3.10	bots.UnterExBot 1.0	weak		2	20	1	1	430	66.6	0.0	0.2500	0	0
hadur2.Hadur 3.10	bots.UnterExBot 1.0	weak		2	21	1	1	398	67.2	0.0	0.2857	0	0
hadur2.Hadur 3.10	bots.UnterExBot 1.0	weak		2	22	1	1	372	65.5	0.0	0.3077	0	0
hadur2.Hadur 3.10	bots.UnterExBot 1.0	weak		2	23	1	1	467	66.9	0.0	0.2105	0	0
hadur2.Hadur 3.10	bots.UnterExBot 1.0	weak		2	24	1	1	380	67.4	0.0	0.3077	0	0
hadur2.Hadur 3.10	bots.UnterExBot 1.0	weak		2	25	1	1	541	63.7	0.0	0.1304	0	0
hadur2.Hadur 3.10	bots.UnterExBot 1.0	weak		2	26	1	1	402	71.0	0.0	0.2857	0	0
hadur2.Hadur 3.10	bots.UnterExBot 1.0	weak		2	27	1	1	521	67.2	0.0	0.1818	0	0
hadur2.Hadur 3.10	bots.UnterExBot 1.0	weak		2	28	1	1	575	68.7	0.4	0.1538	0	0
hadur2.Hadur 3.10	bots.UnterExBot 1.0	weak		2	29	1	1	695	69.2	2.0	0.1765	0	0
hadur2.Hadur 3.10	bots.UnterExBot 1.0	weak		2	30	1	1	491	69.4	0.0	0.2381	0	0
hadur2.Hadur 3.10	bots.UnterExBot 1.0	weak		2	31	1	1	370	68.6	0.0	0.3333	0	0
hadur2.Hadur 3.10	bots.UnterExBot 1.0	weak		2	32	1	1	414	65.0	0.0	0.2500	0	0
hadur2.Hadur 3.10	bots.UnterExBot 1.0	weak		2	33	1	1	374	69.4	0.0	0.3077	0	0
hadur2.Hadur 3.10	bots.UnterExBot 1.0	weak		2	34	1	1	505	64.5	0.0	0.1905	0	5
hadur2.Hadur 3.10	bots.UnterExBot 1.0	weak		3	0	1	1	499	69.9	23.4	0.2917	0	5
hadur2.Hadur 3.10	bots.UnterExBot 1.0	weak		3	1	1	1	459	64.9	0.4	0.3000	0	0
hadur2.Hadur 3.10	bots.UnterExBot 1.0	weak		3	2	1	1	438	65.9	0.0	0.3158	0	0
hadur2.Hadur 3.10	bots.UnterExBot 1.0	weak		3	3	1	1	580	71.3	6.0	0.1538	0	0
hadur2.Hadur 3.10	bots.UnterExBot 1.0	weak		3	4	1	1	428	66.9	3.2	0.2500	0	0
hadur2.Hadur 3.10	bots.UnterExBot 1.0	weak		3	5	1	1	348	73.2	0.0	0.3636	0	0
hadur2.Hadur 3.10	bots.UnterExBot 1.0	weak		3	6	1	1	518	70.4	0.4	0.1818	0	0
hadur2.Hadur 3.10	bots.UnterExBot 1.0	weak		3	7	1	1	481	69.4	0.0	0.2105	0	0
hadur2.Hadur 3.10	bots.UnterExBot 1.0	weak		3	8	1	1	503	66.8	0.0	0.1905	0	0
hadur2.Hadur 3.10	bots.UnterExBot 1.0	weak		3	9	1	1	503	66.7	14.8	0.1905	0	0
hadur2.Hadur 3.10	bots.UnterExBot 1.0	weak		3	10	1	1	407	65.6	0.0	0.2667	0	0
hadur2.Hadur 3.10	bots.UnterExBot 1.0	weak		3	11	1	1	504	68.0	0.4	0.1905	0	0
hadur2.Hadur 3.10	bots.UnterExBot 1.0	weak		3	12	1	1	368	65.8	0.0	0.3077	0	0
hadur2.Hadur 3.10	bots.UnterExBot 1.0	weak		3	13	1	1	369	75.1	20.6	0.3333	0	0
hadur2.Hadur 3.10	bots.UnterExBot 1.0	weak		3	14	1	1	491	60.9	0.0	0.1500	0	0
hadur2.Hadur 3.10	bots.UnterExBot 1.0	weak		3	15	1	1	669	64.9	0.0	0.1212	0	0
hadur2.Hadur 3.10	bots.UnterExBot 1.0	weak		3	16	1	1	279	106.0	112.0	0.8571	0	0
hadur2.Hadur 3.10	bots.UnterExBot 1.0	weak		3	17	1	1	489	66.2	0.0	0.1905	0	0
hadur2.Hadur 3.10	bots.UnterExBot 1.0	weak		3	18	1	1	400	70.8	0.0	0.2857	0	0
hadur2.Hadur 3.10	bots.UnterExBot 1.0	weak		3	19	1	1	416	65.1	0.0	0.2667	0	0
hadur2.Hadur 3.10	bots.UnterExBot 1.0	weak		3	20	1	1	352	72.6	0.0	0.3636	0	0
hadur2.Hadur 3.10	bots.UnterExBot 1.0	weak		3	21	1	1	530	66.9	0.0	0.1818	0	0
hadur2.Hadur 3.10	bots.UnterExBot 1.0	weak		3	22	1	1	561	66.2	0.0	0.1538	0	0
hadur2.Hadur 3.10	bots.UnterExBot 1.0	weak		3	23	1	1	430	70.1	0.0	0.2500	0	0
hadur2.Hadur 3.10	bots.UnterExBot 1.0	weak		3	24	1	1	430	69.1	0.0	0.2353	0	0
hadur2.Hadur 3.10	bots.UnterExBot 1.0	weak		3	25	1	1	402	71.0	0.0	0.2667	0	0
hadur2.Hadur 3.10	bots.UnterExBot 1.0	weak		3	26	1	1	849	57.2	0.0	0.0682	0	0
hadur2.Hadur 3.10	bots.UnterExBot 1.0	weak		3	27	1	1	525	68.0	0.0	0.2400	0	0
hadur2.Hadur 3.10	bots.UnterExBot 1.0	weak		3	28	1	1	604	65.3	3.2	0.2000	0	0
hadur2.Hadur 3.10	bots.UnterExBot 1.0	weak		3	29	1	1	543	67.8	0.0	0.2000	0	0
hadur2.Hadur 3.10	bots.UnterExBot 1.0	weak		3	30	1	1	577	68.2	0.0	0.1600	0	0
hadur2.Hadur 3.10	bots.UnterExBot 1.0	weak		3	31	1	1	398	64.2	0.0	0.2857	0	0
hadur2.Hadur 3.10	bots.UnterExBot 1.0	weak		3	32	1	1	399	64.0	0.0	0.2857	0	0
hadur2.Hadur 3.10	bots.UnterExBot 1.0	weak		3	33	1	1	532	65.9	0.0	0.1739	0	0
hadur2.Hadur 3.10	bots.UnterExBot 1.0	weak		3	34	1	1	434	65.7	0.0	0.2353	0	4
hadur2.Hadur 3.10	bots.UnterExBot 1.0	weak		4	0	1	1	873	66.5	18.0	0.2453	596	9
hadur2.Hadur 3.10	bots.UnterExBot 1.0	weak		4	1	1	1	569	68.6	5.6	0.2143	0	1
hadur2.Hadur 3.10	bots.UnterExBot 1.0	weak		4	2	1	1	565	67.9	0.8	0.2143	0	0
hadur2.Hadur 3.10	bots.UnterExBot 1.0	weak		4	3	1	1	994	63.4	0.8	0.1429	0	0
hadur2.Hadur 3.10	bots.UnterExBot 1.0	weak		4	4	1	1	637	57.8	0.4	0.1515	0	0
hadur2.Hadur 3.10	bots.UnterExBot 1.0	weak		4	5	1	1	412	69.2	0.0	0.3125	0	0
hadur2.Hadur 3.10	bots.UnterExBot 1.0	weak		4	6	1	1	376	64.0	0.0	0.3077	0	0
hadur2.Hadur 3.10	bots.UnterExBot 1.0	weak		4	7	1	1	530	63.1	0.0	0.1364	0	0
hadur2.Hadur 3.10	bots.UnterExBot 1.0	weak		4	8	1	1	345	70.8	0.0	0.3636	0	0
hadur2.Hadur 3.10	bots.UnterExBot 1.0	weak		4	9	1	1	356	73.8	0.0	0.3636	0	0
hadur2.Hadur 3.10	bots.UnterExBot 1.0	weak		4	10	1	1	446	69.9	0.4	0.2353	0	0
hadur2.Hadur 3.10	bots.UnterExBot 1.0	weak		4	11	1	1	482	68.7	0.4	0.2000	0	0
hadur2.Hadur 3.10	bots.UnterExBot 1.0	weak		4	12	1	1	708	67.5	1.6	0.1389	0	0
hadur2.Hadur 3.10	bots.UnterExBot 1.0	weak		4	13	1	1	492	64.7	0.0	0.2381	0	0
hadur2.Hadur 3.10	bots.UnterExBot 1.0	weak		4	14	1	1	354	73.7	0.0	0.4167	0	0
hadur2.Hadur 3.10	bots.UnterExBot 1.0	weak		4	15	1	1	380	72.2	0.0	0.3077	0	0
hadur2.Hadur 3.10	bots.UnterExBot 1.0	weak		4	16	1	1	382	66.6	0.0	0.2857	0	0
hadur2.Hadur 3.10	bots.UnterExBot 1.0	weak		4	17	1	1	380	66.9	0.0	0.2857	0	0
hadur2.Hadur 3.10	bots.UnterExBot 1.0	weak		4	18	1	1	417	65.8	0.0	0.2667	0	0
hadur2.Hadur 3.10	bots.UnterExBot 1.0	weak		4	19	1	1	333	75.4	0.0	0.4000	0	0
hadur2.Hadur 3.10	bots.UnterExBot 1.0	weak		4	20	1	1	407	66.4	0.0	0.2667	0	0
hadur2.Hadur 3.10	bots.UnterExBot 1.0	weak		4	21	1	1	505	68.4	0.0	0.1905	0	0
hadur2.Hadur 3.10	bots.UnterExBot 1.0	weak		4	22	1	1	543	66.2	0.0	0.1667	0	0
hadur2.Hadur 3.10	bots.UnterExBot 1.0	weak		4	23	1	1	512	69.4	0.0	0.1905	0	0
hadur2.Hadur 3.10	bots.UnterExBot 1.0	weak		4	24	1	1	405	69.8	0.0	0.2667	0	0
hadur2.Hadur 3.10	bots.UnterExBot 1.0	weak		4	25	1	1	440	67.7	0.0	0.2222	0	0
hadur2.Hadur 3.10	bots.UnterExBot 1.0	weak		4	26	1	1	511	70.0	1.6	0.1905	0	0
hadur2.Hadur 3.10	bots.UnterExBot 1.0	weak		4	27	1	1	448	63.2	0.0	0.1765	0	0
hadur2.Hadur 3.10	bots.UnterExBot 1.0	weak		4	28	1	1	364	70.7	0.0	0.3333	0	0
hadur2.Hadur 3.10	bots.UnterExBot 1.0	weak		4	29	1	1	511	70.3	0.4	0.1905	0	0
hadur2.Hadur 3.10	bots.UnterExBot 1.0	weak		4	30	1	1	428	66.0	0.0	0.2500	0	0
hadur2.Hadur 3.10	bots.UnterExBot 1.0	weak		4	31	1	1	714	66.2	0.0	0.1176	0	0
hadur2.Hadur 3.10	bots.UnterExBot 1.0	weak		4	32	1	1	545	65.4	0.0	0.2083	0	0
hadur2.Hadur 3.10	bots.UnterExBot 1.0	weak		4	33	1	1	406	62.9	2.4	0.2500	0	0
hadur2.Hadur 3.10	bots.UnterExBot 1.0	weak		4	34	1	1	417	70.6	0.0	0.2667	0	7
hadur2.Hadur 3.10	dmh.robocode.robot.GreenDragon 1.0	weak		1	0	1	1	756	20.2	10.0	0.0930	0	6
hadur2.Hadur 3.10	dmh.robocode.robot.GreenDragon 1.0	weak		1	1	1	1	489	53.5	0.0	0.2273	0	0
hadur2.Hadur 3.10	dmh.robocode.robot.GreenDragon 1.0	weak		1	2	1	1	715	27.2	30.0	0.1463	0	0
hadur2.Hadur 3.10	dmh.robocode.robot.GreenDragon 1.0	weak		1	3	1	1	721	32.0	20.3	0.0526	0	0
hadur2.Hadur 3.10	dmh.robocode.robot.GreenDragon 1.0	weak		1	4	1	1	521	53.0	10.0	0.2000	0	0
hadur2.Hadur 3.10	dmh.robocode.robot.GreenDragon 1.0	weak		1	5	1	1	599	37.0	10.0	0.1000	0	0
hadur2.Hadur 3.10	dmh.robocode.robot.GreenDragon 1.0	weak		1	6	1	1	698	19.4	0.0	0.0526	0	0
hadur2.Hadur 3.10	dmh.robocode.robot.GreenDragon 1.0	weak		1	7	1	1	372	66.0	0.0	0.4286	0	0
hadur2.Hadur 3.10	dmh.robocode.robot.GreenDragon 1.0	weak		1	8	1	1	546	54.8	25.2	0.1923	0	0
hadur2.Hadur 3.10	dmh.robocode.robot.GreenDragon 1.0	weak		1	9	1	1	473	55.2	0.0	0.1579	0	0
hadur2.Hadur 3.10	dmh.robocode.robot.GreenDragon 1.0	weak		1	10	1	1	661	30.0	10.0	0.0323	0	0
hadur2.Hadur 3.10	dmh.robocode.robot.GreenDragon 1.0	weak		1	11	1	1	793	20.0	20.0	0.0667	0	0
hadur2.Hadur 3.10	dmh.robocode.robot.GreenDragon 1.0	weak		1	12	1	1	472	46.0	0.0	0.1905	0	0
hadur2.Hadur 3.10	dmh.robocode.robot.GreenDragon 1.0	weak		1	13	1	1	462	52.0	0.0	0.2500	0	0
hadur2.Hadur 3.10	dmh.robocode.robot.GreenDragon 1.0	weak		1	14	1	1	449	72.0	20.0	0.2778	0	0
hadur2.Hadur 3.10	dmh.robocode.robot.GreenDragon 1.0	weak		1	15	1	1	804	20.2	30.0	0.1702	0	0
hadur2.Hadur 3.10	dmh.robocode.robot.GreenDragon 1.0	weak		1	16	1	1	505	55.1	20.0	0.1905	0	0
hadur2.Hadur 3.10	dmh.robocode.robot.GreenDragon 1.0	weak		1	17	1	1	552	44.0	0.0	0.1250	0	0
hadur2.Hadur 3.10	dmh.robocode.robot.GreenDragon 1.0	weak		1	18	1	1	519	48.0	0.0	0.1364	0	0
hadur2.Hadur 3.10	dmh.robocode.robot.GreenDragon 1.0	weak		1	19	1	1	650	48.2	23.2	0.1429	0	0
hadur2.Hadur 3.10	dmh.robocode.robot.GreenDragon 1.0	weak		1	20	1	1	550	45.7	0.0	0.1481	0	0
hadur2.Hadur 3.10	dmh.robocode.robot.GreenDragon 1.0	weak		1	21	1	1	534	38.8	0.0	0.1538	0	0
hadur2.Hadur 3.10	dmh.robocode.robot.GreenDragon 1.0	weak		1	22	1	1	471	61.0	10.0	0.2381	0	0
hadur2.Hadur 3.10	dmh.robocode.robot.GreenDragon 1.0	weak		1	23	1	1	444	60.0	0.0	0.1765	0	0
hadur2.Hadur 3.10	dmh.robocode.robot.GreenDragon 1.0	weak		1	24	1	1	434	62.0	0.0	0.1875	0	0
hadur2.Hadur 3.10	dmh.robocode.robot.GreenDragon 1.0	weak		1	25	1	1	429	67.0	10.0	0.2500	0	0
hadur2.Hadur 3.10	dmh.robocode.robot.GreenDragon 1.0	weak		1	26	1	1	532	48.0	0.0	0.1250	0	0
hadur2.Hadur 3.10	dmh.robocode.robot.GreenDragon 1.0	weak		1	27	1	1	523	68.0	40.0	0.2174	0	0
hadur2.Hadur 3.10	dmh.robocode.robot.GreenDragon 1.0	weak		1	28	1	1	541	60.0	30.0	0.2083	0	0
hadur2.Hadur 3.10	dmh.robocode.robot.GreenDragon 1.0	weak		1	29	1	1	541	43.7	0.0	0.1600	0	0
hadur2.Hadur 3.10	dmh.robocode.robot.GreenDragon 1.0	weak		1	30	1	1	474	55.0	0.0	0.1579	0	0
hadur2.Hadur 3.10	dmh.robocode.robot.GreenDragon 1.0	weak		1	31	1	1	563	50.0	10.0	0.1481	0	0
hadur2.Hadur 3.10	dmh.robocode.robot.GreenDragon 1.0	weak		1	32	1	1	531	59.0	12.8	0.2963	0	0
hadur2.Hadur 3.10	dmh.robocode.robot.GreenDragon 1.0	weak		1	33	1	0	697	39.0	47.3	0.1389	0	0
hadur2.Hadur 3.10	dmh.robocode.robot.GreenDragon 1.0	weak		1	34	1	1	420	64.0	0.0	0.2667	0	6
hadur2.Hadur 3.10	dmh.robocode.robot.GreenDragon 1.0	weak		2	0	1	1	500	50.5	0.0	0.2174	0	4
hadur2.Hadur 3.10	dmh.robocode.robot.GreenDragon 1.0	weak		2	1	1	1	883	18.5	50.0	0.1404	0	0
hadur2.Hadur 3.10	dmh.robocode.robot.GreenDragon 1.0	weak		2	2	1	1	570	64.0	30.0	0.1481	0	0
hadur2.Hadur 3.10	dmh.robocode.robot.GreenDragon 1.0	weak		2	3	1	1	510	45.7	0.0	0.1667	0	0
hadur2.Hadur 3.10	dmh.robocode.robot.GreenDragon 1.0	weak		2	4	1	1	686	43.9	30.0	0.1892	0	0
hadur2.Hadur 3.10	dmh.robocode.robot.GreenDragon 1.0	weak		2	5	1	1	516	55.8	20.0	0.1364	0	0
hadur2.Hadur 3.10	dmh.robocode.robot.GreenDragon 1.0	weak		2	6	1	1	694	15.5	10.0	0.0556	0	0
hadur2.Hadur 3.10	dmh.robocode.robot.GreenDragon 1.0	weak		2	7	1	1	652	42.8	34.0	0.1429	0	0
hadur2.Hadur 3.10	dmh.robocode.robot.GreenDragon 1.0	weak		2	8	1	1	570	48.5	10.0	0.1724	0	0
hadur2.Hadur 3.10	dmh.robocode.robot.GreenDragon 1.0	weak		2	9	1	1	492	54.0	10.0	0.2273	0	0
hadur2.Hadur 3.10	dmh.robocode.robot.GreenDragon 1.0	weak		2	10	1	1	538	48.0	0.0	0.1250	0	0
hadur2.Hadur 3.10	dmh.robocode.robot.GreenDragon 1.0	weak		2	11	1	1	536	48.0	0.0	0.1600	0	0
hadur2.Hadur 3.10	dmh.robocode.robot.GreenDragon 1.0	weak		2	12	1	1	517	55.5	20.0	0.2083	0	0
hadur2.Hadur 3.10	dmh.robocode.robot.GreenDragon 1.0	weak		2	13	1	1	584	66.0	40.0	0.2143	0	0
hadur2.Hadur 3.10	dmh.robocode.robot.GreenDragon 1.0	weak		2	14	1	1	591	32.0	0.0	0.0741	0	0
hadur2.Hadur 3.10	dmh.robocode.robot.GreenDragon 1.0	weak		2	15	1	1	561	35.4	0.0	0.1154	0	0
hadur2.Hadur 3.10	dmh.robocode.robot.GreenDragon 1.0	weak		2	16	1	1	679	44.3	30.0	0.1622	0	0
hadur2.Hadur 3.10	dmh.robocode.robot.GreenDragon 1.0	weak		2	17	1	1	510	50.2	0.0	0.2083	0	0
hadur2.Hadur 3.10	dmh.robocode.robot.GreenDragon 1.0	weak		2	18	1	1	407	77.1	10.0	0.3750	0	0
hadur2.Hadur 3.10	dmh.robocode.robot.GreenDragon 1.0	weak		2	19	1	1	673	37.0	20.0	0.0625	0	1
hadur2.Hadur 3.10	dmh.robocode.robot.GreenDragon 1.0	weak		2	20	1	1	464	58.0	0.0	0.2105	0	0
hadur2.Hadur 3.10	dmh.robocode.robot.GreenDragon 1.0	weak		2	21	1	1	594	34.5	10.0	0.1034	0	0
hadur2.Hadur 3.10	dmh.robocode.robot.GreenDragon 1.0	weak		2	22	1	1	518	50.0	0.0	0.2000	0	0
hadur2.Hadur 3.10	dmh.robocode.robot.GreenDragon 1.0	weak		2	23	1	1	499	48.5	0.0	0.2174	0	0
hadur2.Hadur 3.10	dmh.robocode.robot.GreenDragon 1.0	weak		2	24	1	1	527	54.8	0.0	0.2000	0	0
hadur2.Hadur 3.10	dmh.robocode.robot.GreenDragon 1.0	weak		2	25	1	1	461	60.0	0.0	0.1667	0	0
hadur2.Hadur 3.10	dmh.robocode.robot.GreenDragon 1.0	weak		2	26	1	1	378	65.3	0.0	0.3077	0	0
hadur2.Hadur 3.10	dmh.robocode.robot.GreenDragon 1.0	weak		2	27	1	1	565	48.0	10.0	0.1154	0	0
hadur2.Hadur 3.10	dmh.robocode.robot.GreenDragon 1.0	weak		2	28	1	1	376	72.0	10.0	0.3333	0	0
hadur2.Hadur 3.10	dmh.robocode.robot.GreenDragon 1.0	weak		2	29	1	1	490	59.3	20.0	0.1500	0	0
hadur2.Hadur 3.10	dmh.robocode.robot.GreenDragon 1.0	weak		2	30	1	1	809	10.0	20.0	0.1020	0	0
hadur2.Hadur 3.10	dmh.robocode.robot.GreenDragon 1.0	weak		2	31	1	1	522	58.2	20.0	0.2308	0	0
hadur2.Hadur 3.10	dmh.robocode.robot.GreenDragon 1.0	weak		2	32	1	1	472	66.6	30.0	0.2500	0	0
hadur2.Hadur 3.10	dmh.robocode.robot.GreenDragon 1.0	weak		2	33	1	1	530	65.0	30.0	0.1739	0	0
hadur2.Hadur 3.10	dmh.robocode.robot.GreenDragon 1.0	weak		2	34	1	1	433	75.6	20.0	0.2500	0	6
hadur2.Hadur 3.10	dmh.robocode.robot.GreenDragon 1.0	weak		3	0	1	1	494	66.0	30.0	0.2609	0	4
hadur2.Hadur 3.10	dmh.robocode.robot.GreenDragon 1.0	weak		3	1	1	1	659	24.7	0.0	0.0588	0	0
hadur2.Hadur 3.10	dmh.robocode.robot.GreenDragon 1.0	weak		3	2	1	1	543	54.0	20.0	0.1600	0	0
hadur2.Hadur 3.10	dmh.robocode.robot.GreenDragon 1.0	weak		3	3	1	1	756	9.7	0.0	0.0238	0	0
hadur2.Hadur 3.10	dmh.robocode.robot.GreenDragon 1.0	weak		3	4	1	1	540	48.0	10.0	0.1538	0	0
hadur2.Hadur 3.10	dmh.robocode.robot.GreenDragon 1.0	weak		3	5	1	1	572	38.8	30.0	0.1379	0	0
hadur2.Hadur 3.10	dmh.robocode.robot.GreenDragon 1.0	weak		3	6	1	1	540	48.5	0.0	0.1852	0	0
hadur2.Hadur 3.10	dmh.robocode.robot.GreenDragon 1.0	weak		3	7	1	1	552	38.8	0.0	0.1429	0	0
hadur2.Hadur 3.10	dmh.robocode.robot.GreenDragon 1.0	weak		3	8	1	1	632	29.4	10.0	0.0938	0	0
hadur2.Hadur 3.10	dmh.robocode.robot.GreenDragon 1.0	weak		3	9	1	1	602	38.8	15.2	0.1290	0	0
hadur2.Hadur 3.10	dmh.robocode.robot.GreenDragon 1.0	weak		3	10	1	1	586	32.8	10.0	0.1034	0	0
hadur2.Hadur 3.10	dmh.robocode.robot.GreenDragon 1.0	weak		3	11	1	1	534	50.5	10.0	0.2222	0	0
hadur2.Hadur 3.10	dmh.robocode.robot.GreenDragon 1.0	weak		3	12	1	1	493	48.7	10.0	0.2273	0	0
hadur2.Hadur 3.10	dmh.robocode.robot.GreenDragon 1.0	weak		3	13	1	1	564	59.6	30.0	0.1600	0	0
hadur2.Hadur 3.10	dmh.robocode.robot.GreenDragon 1.0	weak		3	14	1	1	441	62.0	0.0	0.1765	0	0
hadur2.Hadur 3.10	dmh.robocode.robot.GreenDragon 1.0	weak		3	15	1	1	626	41.7	20.0	0.1000	0	0
hadur2.Hadur 3.10	dmh.robocode.robot.GreenDragon 1.0	weak		3	16	1	1	573	47.0	10.0	0.1379	0	0
hadur2.Hadur 3.10	dmh.robocode.robot.GreenDragon 1.0	weak		3	17	1	1	468	58.2	0.0	0.2857	0	0
hadur2.Hadur 3.10	dmh.robocode.robot.GreenDragon 1.0	weak		3	18	1	1	514	54.8	10.0	0.2174	0	0
hadur2.Hadur 3.10	dmh.robocode.robot.GreenDragon 1.0	weak		3	19	1	1	492	60.0	10.0	0.1500	0	0
hadur2.Hadur 3.10	dmh.robocode.robot.GreenDragon 1.0	weak		3	20	1	1	679	35.6	10.0	0.1111	0	0
hadur2.Hadur 3.10	dmh.robocode.robot.GreenDragon 1.0	weak		3	21	1	1	464	58.0	0.0	0.2500	0	0
hadur2.Hadur 3.10	dmh.robocode.robot.GreenDragon 1.0	weak		3	22	1	1	465	77.1	40.0	0.3158	0	0
hadur2.Hadur 3.10	dmh.robocode.robot.GreenDragon 1.0	weak		3	23	1	1	542	48.0	0.0	0.1250	0	0
hadur2.Hadur 3.10	dmh.robocode.robot.GreenDragon 1.0	weak		3	24	1	1	603	41.1	20.0	0.1724	0	0
hadur2.Hadur 3.10	dmh.robocode.robot.GreenDragon 1.0	weak		3	25	1	1	541	42.2	10.0	0.1250	0	0
hadur2.Hadur 3.10	dmh.robocode.robot.GreenDragon 1.0	weak		3	26	1	1	586	48.5	19.0	0.1667	0	0
hadur2.Hadur 3.10	dmh.robocode.robot.GreenDragon 1.0	weak		3	27	1	1	616	45.0	20.0	0.1290	0	0
hadur2.Hadur 3.10	dmh.robocode.robot.GreenDragon 1.0	weak		3	28	1	1	541	48.0	0.0	0.1538	0	0
hadur2.Hadur 3.10	dmh.robocode.robot.GreenDragon 1.0	weak		3	29	1	1	486	62.0	10.0	0.2273	0	0
hadur2.Hadur 3.10	dmh.robocode.robot.GreenDragon 1.0	weak		3	30	1	1	556	57.7	20.0	0.1481	0	0
hadur2.Hadur 3.10	dmh.robocode.robot.GreenDragon 1.0	weak		3	31	1	1	531	54.7	10.0	0.2083	0	0
hadur2.Hadur 3.10	dmh.robocode.robot.GreenDragon 1.0	weak		3	32	1	1	480	64.0	10.0	0.2000	0	0
hadur2.Hadur 3.10	dmh.robocode.robot.GreenDragon 1.0	weak		3	33	1	1	567	48.4	13.7	0.1481	0	0
hadur2.Hadur 3.10	dmh.robocode.robot.GreenDragon 1.0	weak		3	34	1	1	540	51.0	10.0	0.1304	0	5
hadur2.Hadur 3.10	dmh.robocode.robot.GreenDragon 1.0	weak		4	0	1	1	779	39.0	50.0	0.2553	0	6
hadur2.Hadur 3.10	dmh.robocode.robot.GreenDragon 1.0	weak		4	1	1	1	636	32.0	20.0	0.0625	0	0
hadur2.Hadur 3.10	dmh.robocode.robot.GreenDragon 1.0	weak		4	2	1	0	749	34.9	45.2	0.0976	0	0
hadur2.Hadur 3.10	dmh.robocode.robot.GreenDragon 1.0	weak		4	3	1	1	565	35.4	19.6	0.1111	0	0
hadur2.Hadur 3.10	dmh.robocode.robot.GreenDragon 1.0	weak		4	4	1	1	561	48.2	20.0	0.1429	0	0
hadur2.Hadur 3.10	dmh.robocode.robot.GreenDragon 1.0	weak		4	5	1	1	662	45.3	40.0	0.1429	0	0
hadur2.Hadur 3.10	dmh.robocode.robot.GreenDragon 1.0	weak		4	6	1	1	736	29.1	20.0	0.0732	0	0
hadur2.Hadur 3.10	dmh.robocode.robot.GreenDragon 1.0	weak		4	7	1	1	595	38.8	10.0	0.1333	0	1
hadur2.Hadur 3.10	dmh.robocode.robot.GreenDragon 1.0	weak		4	8	1	1	592	29.1	0.0	0.1000	0	0
hadur2.Hadur 3.10	dmh.robocode.robot.GreenDragon 1.0	weak		4	9	1	1	521	48.5	0.0	0.2000	0	0
hadur2.Hadur 3.10	dmh.robocode.robot.GreenDragon 1.0	weak		4	10	1	1	501	58.2	10.0	0.2500	0	0
hadur2.Hadur 3.10	dmh.robocode.robot.GreenDragon 1.0	weak		4	11	1	1	521	64.0	20.0	0.1739	0	0
hadur2.Hadur 3.10	dmh.robocode.robot.GreenDragon 1.0	weak		4	12	1	1	629	32.0	0.0	0.0667	0	0
hadur2.Hadur 3.10	dmh.robocode.robot.GreenDragon 1.0	weak		4	13	1	1	532	51.0	20.0	0.1667	0	0
hadur2.Hadur 3.10	dmh.robocode.robot.GreenDragon 1.0	weak		4	14	1	1	694	38.5	21.4	0.1053	0	0
hadur2.Hadur 3.10	dmh.robocode.robot.GreenDragon 1.0	weak		4	15	1	1	586	48.9	7.4	0.1935	0	0
hadur2.Hadur 3.10	dmh.robocode.robot.GreenDragon 1.0	weak		4	16	1	1	563	37.1	0.0	0.1071	0	1
hadur2.Hadur 3.10	dmh.robocode.robot.GreenDragon 1.0	weak		4	17	1	1	631	38.8	10.8	0.1212	0	0
hadur2.Hadur 3.10	dmh.robocode.robot.GreenDragon 1.0	weak		4	18	1	1	543	54.0	10.0	0.1923	0	0
hadur2.Hadur 3.10	dmh.robocode.robot.GreenDragon 1.0	weak		4	19	1	1	440	68.0	10.0	0.2778	0	0
hadur2.Hadur 3.10	dmh.robocode.robot.GreenDragon 1.0	weak		4	20	1	1	727	19.0	0.0	0.0789	0	0
hadur2.Hadur 3.10	dmh.robocode.robot.GreenDragon 1.0	weak		4	21	1	1	518	38.4	10.0	0.1250	0	0
hadur2.Hadur 3.10	dmh.robocode.robot.GreenDragon 1.0	weak		4	22	1	1	490	53.7	0.0	0.2273	0	0
hadur2.Hadur 3.10	dmh.robocode.robot.GreenDragon 1.0	weak		4	23	1	1	493	57.0	20.0	0.2273	0	0
hadur2.Hadur 3.10	dmh.robocode.robot.GreenDragon 1.0	weak		4	24	1	1	504	64.0	20.0	0.1429	0	0
hadur2.Hadur 3.10	dmh.robocode.robot.GreenDragon 1.0	weak		4	25	1	1	633	34.0	10.0	0.1290	0	0
hadur2.Hadur 3.10	dmh.robocode.robot.GreenDragon 1.0	weak		4	26	1	1	427	77.1	20.0	0.3529	0	0
hadur2.Hadur 3.10	dmh.robocode.robot.GreenDragon 1.0	weak		4	27	1	1	598	42.8	10.0	0.1111	0	0
hadur2.Hadur 3.10	dmh.robocode.robot.GreenDragon 1.0	weak		4	28	1	1	691	23.0	0.0	0.0882	0	0
hadur2.Hadur 3.10	dmh.robocode.robot.GreenDragon 1.0	weak		4	29	1	1	476	63.0	20.0	0.2500	0	0
hadur2.Hadur 3.10	dmh.robocode.robot.GreenDragon 1.0	weak		4	30	1	1	617	38.8	10.0	0.1250	0	0
hadur2.Hadur 3.10	dmh.robocode.robot.GreenDragon 1.0	weak		4	31	1	1	588	40.0	10.0	0.1071	0	0
hadur2.Hadur 3.10	dmh.robocode.robot.GreenDragon 1.0	weak		4	32	1	1	580	38.8	0.0	0.1333	0	0
hadur2.Hadur 3.10	dmh.robocode.robot.GreenDragon 1.0	weak		4	33	1	1	388	70.0	0.0	0.4667	0	0
hadur2.Hadur 3.10	dmh.robocode.robot.GreenDragon 1.0	weak		4	34	1	1	517	38.4	10.0	0.0909	0	5
hadur2.Hadur 3.10	dsw.StaticD 1.0	weak		1	0	1	1	629	87.3	34.8	0.2647	0	4
hadur2.Hadur 3.10	dsw.StaticD 1.0	weak		1	1	1	1	477	75.7	0.0	0.3182	0	0
hadur2.Hadur 3.10	dsw.StaticD 1.0	weak		1	2	1	1	465	81.8	3.2	0.3810	0	0
hadur2.Hadur 3.10	dsw.StaticD 1.0	weak		1	3	1	1	510	65.5	0.0	0.1905	0	0
hadur2.Hadur 3.10	dsw.StaticD 1.0	weak		1	4	1	1	371	76.9	0.0	0.3333	0	0
hadur2.Hadur 3.10	dsw.StaticD 1.0	weak		1	5	1	1	590	70.8	0.0	0.1538	0	0
hadur2.Hadur 3.10	dsw.StaticD 1.0	weak		1	6	1	1	462	80.7	0.0	0.2632	0	0
hadur2.Hadur 3.10	dsw.StaticD 1.0	weak		1	7	1	1	398	84.5	0.0	0.3571	0	0
hadur2.Hadur 3.10	dsw.StaticD 1.0	weak		1	8	1	1	411	75.3	0.0	0.2667	0	0
hadur2.Hadur 3.10	dsw.StaticD 1.0	weak		1	9	1	1	415	73.6	0.0	0.2667	0	0
hadur2.Hadur 3.10	dsw.StaticD 1.0	weak		1	10	1	1	428	80.5	0.0	0.3125	0	0
hadur2.Hadur 3.10	dsw.StaticD 1.0	weak		1	11	1	1	443	73.7	0.0	0.2353	0	0
hadur2.Hadur 3.10	dsw.StaticD 1.0	weak		1	12	1	1	457	80.0	0.0	0.2778	0	0
hadur2.Hadur 3.10	dsw.StaticD 1.0	weak		1	13	1	1	362	81.5	0.0	0.4167	0	0
hadur2.Hadur 3.10	dsw.StaticD 1.0	weak		1	14	1	1	399	80.0	0.0	0.3333	0	0
hadur2.Hadur 3.10	dsw.StaticD 1.0	weak		1	15	1	1	382	83.3	0.0	0.3846	0	0
hadur2.Hadur 3.10	dsw.StaticD 1.0	weak		1	16	1	1	451	78.9	0.0	0.2353	0	0
hadur2.Hadur 3.10	dsw.StaticD 1.0	weak		1	17	1	1	340	85.4	0.0	0.5000	0	0
hadur2.Hadur 3.10	dsw.StaticD 1.0	weak		1	18	1	1	487	76.6	0.0	0.2000	0	0
hadur2.Hadur 3.10	dsw.StaticD 1.0	weak		1	19	1	1	505	80.0	8.5	0.2381	0	0
hadur2.Hadur 3.10	dsw.StaticD 1.0	weak		1	20	1	1	355	80.0	0.0	0.4167	0	0
hadur2.Hadur 3.10	dsw.StaticD 1.0	weak		1	21	1	1	427	82.0	0.0	0.3125	0	0
hadur2.Hadur 3.10	dsw.StaticD 1.0	weak		1	22	1	1	470	74.2	0.0	0.2105	0	0
hadur2.Hadur 3.10	dsw.StaticD 1.0	weak		1	23	1	1	425	80.0	0.0	0.3125	0	0
hadur2.Hadur 3.10	dsw.StaticD 1.0	weak		1	24	1	1	340	83.7	0.0	0.4545	0	0
hadur2.Hadur 3.10	dsw.StaticD 1.0	weak		1	25	1	1	473	77.8	0.0	0.2105	0	0
hadur2.Hadur 3.10	dsw.StaticD 1.0	weak		1	26	1	1	387	78.7	0.0	0.3077	0	0
hadur2.Hadur 3.10	dsw.StaticD 1.0	weak		1	27	1	1	506	74.8	0.0	0.1905	0	0
hadur2.Hadur 3.10	dsw.StaticD 1.0	weak		1	28	1	1	357	83.6	0.0	0.4545	0	0
hadur2.Hadur 3.10	dsw.StaticD 1.0	weak		1	29	1	1	459	70.3	0.0	0.2222	0	0
hadur2.Hadur 3.10	dsw.StaticD 1.0	weak		1	30	1	1	551	63.8	0.0	0.1250	0	0
hadur2.Hadur 3.10	dsw.StaticD 1.0	weak		1	31	1	1	441	80.4	0.0	0.2941	0	0
hadur2.Hadur 3.10	dsw.StaticD 1.0	weak		1	32	1	1	432	80.0	0.0	0.2941	0	0
hadur2.Hadur 3.10	dsw.StaticD 1.0	weak		1	33	1	1	461	79.9	0.0	0.2222	0	0
hadur2.Hadur 3.10	dsw.StaticD 1.0	weak		1	34	1	1	390	82.9	3.8	0.3571	0	4
hadur2.Hadur 3.10	dsw.StaticD 1.0	weak		2	0	1	1	528	73.0	4.8	0.2800	0	5
hadur2.Hadur 3.10	dsw.StaticD 1.0	weak		2	1	1	1	717	77.4	6.9	0.1795	0	0
hadur2.Hadur 3.10	dsw.StaticD 1.0	weak		2	2	1	1	600	66.2	0.0	0.1481	0	0
hadur2.Hadur 3.10	dsw.StaticD 1.0	weak		2	3	1	1	447	72.4	0.0	0.2353	0	0
hadur2.Hadur 3.10	dsw.StaticD 1.0	weak		2	4	1	1	607	70.8	0.0	0.2000	0	0
hadur2.Hadur 3.10	dsw.StaticD 1.0	weak		2	5	1	1	483	80.0	3.9	0.2500	0	0
hadur2.Hadur 3.10	dsw.StaticD 1.0	weak		2	6	1	1	372	80.0	0.0	0.3571	0	0
hadur2.Hadur 3.10	dsw.StaticD 1.0	weak		2	7	1	1	471	74.0	0.0	0.2105	0	0
hadur2.Hadur 3.10	dsw.StaticD 1.0	weak		2	8	1	1	471	80.0	0.0	0.2632	0	0
hadur2.Hadur 3.10	dsw.StaticD 1.0	weak		2	9	1	1	389	79.4	0.0	0.3077	0	0
hadur2.Hadur 3.10	dsw.StaticD 1.0	weak		2	10	1	1	403	79.8	0.0	0.2857	0	0
hadur2.Hadur 3.10	dsw.StaticD 1.0	weak		2	11	1	1	377	83.8	0.0	0.3846	0	0
hadur2.Hadur 3.10	dsw.StaticD 1.0	weak		2	12	1	1	459	80.0	3.3	0.2778	0	0
hadur2.Hadur 3.10	dsw.StaticD 1.0	weak		2	13	1	1	498	81.6	6.8	0.2273	0	0
hadur2.Hadur 3.10	dsw.StaticD 1.0	weak		2	14	1	1	538	58.7	0.0	0.1304	0	0
hadur2.Hadur 3.10	dsw.StaticD 1.0	weak		2	15	1	1	396	82.7	0.0	0.3333	0	0
hadur2.Hadur 3.10	dsw.StaticD 1.0	weak		2	16	1	1	378	84.2	0.0	0.3846	0	0
hadur2.Hadur 3.10	dsw.StaticD 1.0	weak		2	17	1	1	416	75.0	0.0	0.2667	0	0
hadur2.Hadur 3.10	dsw.StaticD 1.0	weak		2	18	1	1	382	76.8	0.0	0.3077	0	0
hadur2.Hadur 3.10	dsw.StaticD 1.0	weak		2	19	1	1	354	82.3	0.0	0.4167	0	0
hadur2.Hadur 3.10	dsw.StaticD 1.0	weak		2	20	1	1	474	76.1	0.0	0.2105	0	0
hadur2.Hadur 3.10	dsw.StaticD 1.0	weak		2	21	1	1	358	82.2	0.0	0.4167	0	0
hadur2.Hadur 3.10	dsw.StaticD 1.0	weak		2	22	1	1	371	82.5	0.0	0.3846	0	0
hadur2.Hadur 3.10	dsw.StaticD 1.0	weak		2	23	1	1	363	88.1	3.9	0.4167	0	0
hadur2.Hadur 3.10	dsw.StaticD 1.0	weak		2	24	1	1	353	81.5	0.0	0.4545	0	0
hadur2.Hadur 3.10	dsw.StaticD 1.0	weak		2	25	1	1	416	76.7	0.0	0.2667	0	0
hadur2.Hadur 3.10	dsw.StaticD 1.0	weak		2	26	1	1	424	80.5	0.0	0.3125	0	0
hadur2.Hadur 3.10	dsw.StaticD 1.0	weak		2	27	1	1	396	81.8	0.0	0.3571	0	0
hadur2.Hadur 3.10	dsw.StaticD 1.0	weak		2	28	1	1	433	75.2	0.0	0.2500	0	0
hadur2.Hadur 3.10	dsw.StaticD 1.0	weak		2	29	1	1	361	84.7	0.0	0.4167	0	0
hadur2.Hadur 3.10	dsw.StaticD 1.0	weak		2	30	1	1	444	69.6	0.0	0.2353	0	0
hadur2.Hadur 3.10	dsw.StaticD 1.0	weak		2	31	1	1	353	85.4	0.0	0.4167	0	0
hadur2.Hadur 3.10	dsw.StaticD 1.0	weak		2	32	1	1	457	80.0	0.0	0.2500	0	0
hadur2.Hadur 3.10	dsw.StaticD 1.0	weak		2	33	1	1	343	87.9	0.0	0.4545	0	0
hadur2.Hadur 3.10	dsw.StaticD 1.0	weak		2	34	1	1	320	85.2	0.0	0.5556	0	6
hadur2.Hadur 3.10	dsw.StaticD 1.0	weak		3	0	1	1	523	84.3	16.5	0.3200	0	4
hadur2.Hadur 3.10	dsw.StaticD 1.0	weak		3	1	1	1	577	67.9	8.8	0.2414	0	0
hadur2.Hadur 3.10	dsw.StaticD 1.0	weak		3	2	1	1	508	77.6	0.7	0.3200	0	0
hadur2.Hadur 3.10	dsw.StaticD 1.0	weak		3	3	1	1	358	82.7	0.0	0.4167	0	0
hadur2.Hadur 3.10	dsw.StaticD 1.0	weak		3	4	1	1	620	67.1	0.0	0.1429	0	0
hadur2.Hadur 3.10	dsw.StaticD 1.0	weak		3	5	1	1	419	80.0	0.0	0.3125	0	0
hadur2.Hadur 3.10	dsw.StaticD 1.0	weak		3	6	1	1	388	79.5	0.0	0.3077	0	0
hadur2.Hadur 3.10	dsw.StaticD 1.0	weak		3	7	1	1	524	75.2	0.0	0.1818	0	0
hadur2.Hadur 3.10	dsw.StaticD 1.0	weak		3	8	1	1	409	80.9	0.0	0.3333	0	0
hadur2.Hadur 3.10	dsw.StaticD 1.0	weak		3	9	1	1	463	80.0	0.0	0.2778	0	0
hadur2.Hadur 3.10	dsw.StaticD 1.0	weak		3	10	1	1	476	78.6	0.0	0.2105	0	0
hadur2.Hadur 3.10	dsw.StaticD 1.0	weak		3	11	1	1	507	77.5	3.8	0.1905	0	0
hadur2.Hadur 3.10	dsw.StaticD 1.0	weak		3	12	1	1	511	76.8	0.0	0.1905	0	0
hadur2.Hadur 3.10	dsw.StaticD 1.0	weak		3	13	1	1	440	76.1	3.2	0.2353	0	0
hadur2.Hadur 3.10	dsw.StaticD 1.0	weak		3	14	1	1	479	81.9	9.3	0.2500	0	0
hadur2.Hadur 3.10	dsw.StaticD 1.0	weak		3	15	1	1	545	79.8	5.7	0.1739	0	0
hadur2.Hadur 3.10	dsw.StaticD 1.0	weak		3	16	1	1	465	80.5	0.0	0.2632	0	0
hadur2.Hadur 3.10	dsw.StaticD 1.0	weak		3	17	1	1	559	75.3	6.4	0.1667	0	0
hadur2.Hadur 3.10	dsw.StaticD 1.0	weak		3	18	1	1	492	75.2	0.0	0.2000	0	0
hadur2.Hadur 3.10	dsw.StaticD 1.0	weak		3	19	1	1	566	57.7	0.0	0.1538	0	0
hadur2.Hadur 3.10	dsw.StaticD 1.0	weak		3	20	1	1	567	69.1	0.0	0.2000	0	0
hadur2.Hadur 3.10	dsw.StaticD 1.0	weak		3	21	1	1	379	82.8	0.0	0.3846	0	0
hadur2.Hadur 3.10	dsw.StaticD 1.0	weak		3	22	1	1	394	79.3	0.0	0.2857	0	0
hadur2.Hadur 3.10	dsw.StaticD 1.0	weak		3	23	1	1	412	77.2	0.0	0.2667	0	0
hadur2.Hadur 3.10	dsw.StaticD 1.0	weak		3	24	1	1	434	77.8	0.0	0.2500	0	0
hadur2.Hadur 3.10	dsw.StaticD 1.0	weak		3	25	1	1	531	69.4	0.0	0.1739	0	0
hadur2.Hadur 3.10	dsw.StaticD 1.0	weak		3	26	1	1	427	80.0	0.0	0.3125	0	0
hadur2.Hadur 3.10	dsw.StaticD 1.0	weak		3	27	1	1	400	81.2	0.0	0.3333	0	0
hadur2.Hadur 3.10	dsw.StaticD 1.0	weak		3	28	1	1	371	87.5	0.0	0.4167	0	0
hadur2.Hadur 3.10	dsw.StaticD 1.0	weak		3	29	1	1	392	82.3	0.0	0.3571	0	0
hadur2.Hadur 3.10	dsw.StaticD 1.0	weak		3	30	1	1	645	65.8	0.0	0.1333	0	0
hadur2.Hadur 3.10	dsw.StaticD 1.0	weak		3	31	1	1	428	71.2	0.0	0.2500	0	0
hadur2.Hadur 3.10	dsw.StaticD 1.0	weak		3	32	1	1	380	83.9	0.0	0.3846	0	0
hadur2.Hadur 3.10	dsw.StaticD 1.0	weak		3	33	1	1	403	76.8	0.0	0.2857	0	0
hadur2.Hadur 3.10	dsw.StaticD 1.0	weak		3	34	1	1	406	80.0	0.0	0.3125	0	4
hadur2.Hadur 3.10	dsw.StaticD 1.0	weak		4	0	1	1	654	74.2	5.8	0.2059	0	6
hadur2.Hadur 3.10	dsw.StaticD 1.0	weak		4	1	1	1	477	78.4	3.9	0.3636	0	0
hadur2.Hadur 3.10	dsw.StaticD 1.0	weak		4	2	1	1	610	68.7	6.9	0.1724	0	0
hadur2.Hadur 3.10	dsw.StaticD 1.0	weak		4	3	1	1	393	82.4	0.0	0.3571	0	0
hadur2.Hadur 3.10	dsw.StaticD 1.0	weak		4	4	1	1	484	73.4	0.0	0.2000	0	0
hadur2.Hadur 3.10	dsw.StaticD 1.0	weak		4	5	1	1	390	80.5	0.0	0.3571	0	0
hadur2.Hadur 3.10	dsw.StaticD 1.0	weak		4	6	1	1	504	73.6	5.1	0.1905	0	0
hadur2.Hadur 3.10	dsw.StaticD 1.0	weak		4	7	1	1	398	82.6	0.0	0.3571	0	0
hadur2.Hadur 3.10	dsw.StaticD 1.0	weak		4	8	1	1	405	80.3	0.0	0.3333	0	0
hadur2.Hadur 3.10	dsw.StaticD 1.0	weak		4	9	1	1	373	81.5	0.0	0.3846	0	0
hadur2.Hadur 3.10	dsw.StaticD 1.0	weak		4	10	1	1	456	78.2	0.0	0.2222	0	0
hadur2.Hadur 3.10	dsw.StaticD 1.0	weak		4	11	1	1	455	76.6	0.0	0.2222	0	0
hadur2.Hadur 3.10	dsw.StaticD 1.0	weak		4	12	1	1	521	68.1	0.0	0.1818	0	0
hadur2.Hadur 3.10	dsw.StaticD 1.0	weak		4	13	1	1	358	80.0	0.0	0.3846	0	0
hadur2.Hadur 3.10	dsw.StaticD 1.0	weak		4	14	1	1	573	64.0	4.1	0.1481	0	0
hadur2.Hadur 3.10	dsw.StaticD 1.0	weak		4	15	1	1	314	89.3	0.0	0.5556	0	0
hadur2.Hadur 3.10	dsw.StaticD 1.0	weak		4	16	1	1	470	74.1	0.0	0.2105	0	0
hadur2.Hadur 3.10	dsw.StaticD 1.0	weak		4	17	1	1	379	83.6	0.0	0.3846	0	0
hadur2.Hadur 3.10	dsw.StaticD 1.0	weak		4	18	1	1	355	82.0	0.0	0.4167	0	0
hadur2.Hadur 3.10	dsw.StaticD 1.0	weak		4	19	1	1	335	81.5	0.0	0.5000	0	0
hadur2.Hadur 3.10	dsw.StaticD 1.0	weak		4	20	1	1	707	64.0	3.8	0.1143	0	0
hadur2.Hadur 3.10	dsw.StaticD 1.0	weak		4	21	1	1	474	80.0	4.1	0.2632	0	0
hadur2.Hadur 3.10	dsw.StaticD 1.0	weak		4	22	1	1	491	80.0	4.8	0.2273	0	0
hadur2.Hadur 3.10	dsw.StaticD 1.0	weak		4	23	1	1	453	80.8	3.1	0.2778	0	0
hadur2.Hadur 3.10	dsw.StaticD 1.0	weak		4	24	1	1	307	85.2	0.0	0.5556	0	0
hadur2.Hadur 3.10	dsw.StaticD 1.0	weak		4	25	1	1	478	76.0	0.0	0.2105	0	0
hadur2.Hadur 3.10	dsw.StaticD 1.0	weak		4	26	1	1	538	69.4	4.5	0.1739	0	0
hadur2.Hadur 3.10	dsw.StaticD 1.0	weak		4	27	1	1	399	80.9	0.0	0.3333	0	0
hadur2.Hadur 3.10	dsw.StaticD 1.0	weak		4	28	1	1	429	82.5	0.0	0.3125	0	0
hadur2.Hadur 3.10	dsw.StaticD 1.0	weak		4	29	1	1	395	83.1	0.0	0.3571	0	0
hadur2.Hadur 3.10	dsw.StaticD 1.0	weak		4	30	1	1	502	73.0	0.0	0.1905	0	0
hadur2.Hadur 3.10	dsw.StaticD 1.0	weak		4	31	1	1	307	91.2	0.0	0.6250	0	0
hadur2.Hadur 3.10	dsw.StaticD 1.0	weak		4	32	1	1	416	80.0	5.0	0.3125	0	0
hadur2.Hadur 3.10	dsw.StaticD 1.0	weak		4	33	1	1	410	80.8	0.0	0.3333	0	0
hadur2.Hadur 3.10	dsw.StaticD 1.0	weak		4	34	1	1	495	67.1	0.0	0.1905	0	7
hadur2.Hadur 3.10	ers.nano.lig.LigMA 1.9	weak		1	0	1	1	601	39.5	20.0	0.1250	298	15
hadur2.Hadur 3.10	ers.nano.lig.LigMA 1.9	weak		1	1	1	1	529	80.0	50.0	0.3200	0	0
hadur2.Hadur 3.10	ers.nano.lig.LigMA 1.9	weak		1	2	1	1	347	76.0	10.0	0.5833	0	0
hadur2.Hadur 3.10	ers.nano.lig.LigMA 1.9	weak		1	3	1	1	352	86.0	30.0	0.6154	0	0
hadur2.Hadur 3.10	ers.nano.lig.LigMA 1.9	weak		1	4	1	1	359	68.0	0.0	0.5385	0	0
hadur2.Hadur 3.10	ers.nano.lig.LigMA 1.9	weak		1	5	1	1	300	82.0	0.0	0.6250	0	0
hadur2.Hadur 3.10	ers.nano.lig.LigMA 1.9	weak		1	6	1	1	463	55.0	0.0	0.1667	0	0
hadur2.Hadur 3.10	ers.nano.lig.LigMA 1.9	weak		1	7	1	1	532	66.0	10.0	0.1667	0	0
hadur2.Hadur 3.10	ers.nano.lig.LigMA 1.9	weak		1	8	1	1	596	37.0	0.0	0.0741	0	0
hadur2.Hadur 3.10	ers.nano.lig.LigMA 1.9	weak		1	9	1	1	543	50.0	0.0	0.1852	0	0
hadur2.Hadur 3.10	ers.nano.lig.LigMA 1.9	weak		1	10	1	1	551	67.0	40.0	0.2222	0	0
hadur2.Hadur 3.10	ers.nano.lig.LigMA 1.9	weak		1	11	1	1	688	39.0	20.0	0.1143	0	0
hadur2.Hadur 3.10	ers.nano.lig.LigMA 1.9	weak		1	12	1	1	814	30.9	40.0	0.1200	0	0
hadur2.Hadur 3.10	ers.nano.lig.LigMA 1.9	weak		1	13	1	1	696	30.0	10.0	0.0789	0	0
hadur2.Hadur 3.10	ers.nano.lig.LigMA 1.9	weak		1	14	1	1	720	59.0	20.0	0.1395	0	0
hadur2.Hadur 3.10	ers.nano.lig.LigMA 1.9	weak		1	15	1	1	581	39.3	0.0	0.1379	0	0
hadur2.Hadur 3.10	ers.nano.lig.LigMA 1.9	weak		1	16	1	1	589	60.0	30.0	0.2069	0	0
hadur2.Hadur 3.10	ers.nano.lig.LigMA 1.9	weak		1	17	1	1	415	60.5	10.0	0.2941	0	0
hadur2.Hadur 3.10	ers.nano.lig.LigMA 1.9	weak		1	18	1	1	687	38.0	20.0	0.1212	0	0
hadur2.Hadur 3.10	ers.nano.lig.LigMA 1.9	weak		1	19	1	1	586	40.0	0.0	0.0769	0	0
hadur2.Hadur 3.10	ers.nano.lig.LigMA 1.9	weak		1	20	1	1	856	34.1	40.0	0.0980	0	0
hadur2.Hadur 3.10	ers.nano.lig.LigMA 1.9	weak		1	21	1	1	466	52.0	0.0	0.2381	0	0
hadur2.Hadur 3.10	ers.nano.lig.LigMA 1.9	weak		1	22	1	1	473	55.0	10.0	0.2381	0	0
hadur2.Hadur 3.10	ers.nano.lig.LigMA 1.9	weak		1	23	1	1	549	46.0	10.0	0.1600	0	0
hadur2.Hadur 3.10	ers.nano.lig.LigMA 1.9	weak		1	24	1	1	520	71.0	40.0	0.1818	0	0
hadur2.Hadur 3.10	ers.nano.lig.LigMA 1.9	weak		1	25	1	1	466	58.0	0.0	0.1667	0	0
hadur2.Hadur 3.10	ers.nano.lig.LigMA 1.9	weak		1	26	1	1	566	49.7	10.0	0.1538	0	0
hadur2.Hadur 3.10	ers.nano.lig.LigMA 1.9	weak		1	27	1	1	467	62.5	10.0	0.2500	0	0
hadur2.Hadur 3.10	ers.nano.lig.LigMA 1.9	weak		1	28	1	1	398	63.5	10.0	0.2143	0	0
hadur2.Hadur 3.10	ers.nano.lig.LigMA 1.9	weak		1	29	1	1	531	59.0	20.0	0.1364	0	0
hadur2.Hadur 3.10	ers.nano.lig.LigMA 1.9	weak		1	30	1	1	711	32.3	10.0	0.0556	0	0
hadur2.Hadur 3.10	ers.nano.lig.LigMA 1.9	weak		1	31	1	1	506	52.0	10.0	0.2174	0	0
hadur2.Hadur 3.10	ers.nano.lig.LigMA 1.9	weak		1	32	1	1	514	52.0	0.0	0.2083	0	0
hadur2.Hadur 3.10	ers.nano.lig.LigMA 1.9	weak		1	33	1	1	657	32.0	0.0	0.0857	0	0
hadur2.Hadur 3.10	ers.nano.lig.LigMA 1.9	weak		1	34	1	1	771	16.0	0.0	0.0465	0	5
hadur2.Hadur 3.10	ers.nano.lig.LigMA 1.9	weak		2	0	1	1	357	87.3	30.0	0.6923	0	5
hadur2.Hadur 3.10	ers.nano.lig.LigMA 1.9	weak		2	1	1	1	367	84.0	20.0	0.5714	0	0
hadur2.Hadur 3.10	ers.nano.lig.LigMA 1.9	weak		2	2	1	1	366	75.0	20.0	0.5000	0	0
hadur2.Hadur 3.10	ers.nano.lig.LigMA 1.9	weak		2	3	1	1	330	84.0	20.0	0.7273	0	0
hadur2.Hadur 3.10	ers.nano.lig.LigMA 1.9	weak		2	4	1	1	431	79.0	40.0	0.4444	0	0
hadur2.Hadur 3.10	ers.nano.lig.LigMA 1.9	weak		2	5	1	1	330	78.0	0.0	0.6364	0	0
hadur2.Hadur 3.10	ers.nano.lig.LigMA 1.9	weak		2	6	0	0	721	48.4	40.1	0.1176	0	0
hadur2.Hadur 3.10	ers.nano.lig.LigMA 1.9	weak		2	7	1	1	418	66.0	0.0	0.2667	0	0
hadur2.Hadur 3.10	ers.nano.lig.LigMA 1.9	weak		2	8	1	1	644	41.0	20.0	0.0690	0	0
hadur2.Hadur 3.10	ers.nano.lig.LigMA 1.9	weak		2	9	1	1	771	40.0	40.0	0.1111	0	0
hadur2.Hadur 3.10	ers.nano.lig.LigMA 1.9	weak		2	10	1	1	495	61.7	20.0	0.2609	0	0
hadur2.Hadur 3.10	ers.nano.lig.LigMA 1.9	weak		2	11	1	1	554	65.0	10.0	0.2143	0	0
hadur2.Hadur 3.10	ers.nano.lig.LigMA 1.9	weak		2	12	1	1	679	53.0	40.0	0.1212	0	0
hadur2.Hadur 3.10	ers.nano.lig.LigMA 1.9	weak		2	13	1	1	467	53.0	0.0	0.2381	0	0
hadur2.Hadur 3.10	ers.nano.lig.LigMA 1.9	weak		2	14	1	1	524	59.0	20.0	0.2500	0	0
hadur2.Hadur 3.10	ers.nano.lig.LigMA 1.9	weak		2	15	1	1	463	64.0	10.0	0.1667	0	0
hadur2.Hadur 3.10	ers.nano.lig.LigMA 1.9	weak		2	16	1	1	582	63.3	40.0	0.1200	0	0
hadur2.Hadur 3.10	ers.nano.lig.LigMA 1.9	weak		2	17	1	1	713	41.0	30.0	0.1579	0	0
hadur2.Hadur 3.10	ers.nano.lig.LigMA 1.9	weak		2	18	1	1	684	43.0	30.0	0.1111	0	0
hadur2.Hadur 3.10	ers.nano.lig.LigMA 1.9	weak		2	19	1	1	752	27.0	20.0	0.0930	0	0
hadur2.Hadur 3.10	ers.nano.lig.LigMA 1.9	weak		2	20	1	1	614	44.0	20.0	0.1290	0	0
hadur2.Hadur 3.10	ers.nano.lig.LigMA 1.9	weak		2	21	1	1	643	58.0	40.0	0.1515	0	0
hadur2.Hadur 3.10	ers.nano.lig.LigMA 1.9	weak		2	22	1	1	572	71.0	50.0	0.2222	0	0
hadur2.Hadur 3.10	ers.nano.lig.LigMA 1.9	weak		2	23	1	1	532	54.0	10.0	0.1739	0	0
hadur2.Hadur 3.10	ers.nano.lig.LigMA 1.9	weak		2	24	1	1	660	50.0	30.0	0.0968	0	0
hadur2.Hadur 3.10	ers.nano.lig.LigMA 1.9	weak		2	25	1	1	575	60.0	30.0	0.2143	0	0
hadur2.Hadur 3.10	ers.nano.lig.LigMA 1.9	weak		2	26	1	1	670	29.1	10.0	0.0833	0	0
hadur2.Hadur 3.10	ers.nano.lig.LigMA 1.9	weak		2	27	1	1	500	67.0	30.0	0.2727	0	0
hadur2.Hadur 3.10	ers.nano.lig.LigMA 1.9	weak		2	28	1	1	495	62.0	10.0	0.2381	0	0
hadur2.Hadur 3.10	ers.nano.lig.LigMA 1.9	weak		2	29	1	1	533	61.0	20.0	0.2174	0	0
hadur2.Hadur 3.10	ers.nano.lig.LigMA 1.9	weak		2	30	1	1	519	50.0	0.0	0.1364	0	0
hadur2.Hadur 3.10	ers.nano.lig.LigMA 1.9	weak		2	31	1	1	450	60.0	0.0	0.1765	0	0
hadur2.Hadur 3.10	ers.nano.lig.LigMA 1.9	weak		2	32	1	1	407	66.0	0.0	0.2667	0	0
hadur2.Hadur 3.10	ers.nano.lig.LigMA 1.9	weak		2	33	0	0	645	29.1	47.1	0.0938	0	0
hadur2.Hadur 3.10	ers.nano.lig.LigMA 1.9	weak		2	34	1	1	439	64.0	0.0	0.2778	0	6
hadur2.Hadur 3.10	ers.nano.lig.LigMA 1.9	weak		3	0	1	1	353	74.0	20.0	0.5385	0	6
hadur2.Hadur 3.10	ers.nano.lig.LigMA 1.9	weak		3	1	1	1	381	88.0	30.0	0.6000	0	0
hadur2.Hadur 3.10	ers.nano.lig.LigMA 1.9	weak		3	2	1	1	347	79.0	10.0	0.6667	0	0
hadur2.Hadur 3.10	ers.nano.lig.LigMA 1.9	weak		3	3	1	1	342	81.0	10.0	0.5833	0	0
hadur2.Hadur 3.10	ers.nano.lig.LigMA 1.9	weak		3	4	1	1	401	77.6	10.0	0.5000	0	0
hadur2.Hadur 3.10	ers.nano.lig.LigMA 1.9	weak		3	5	1	1	281	93.0	20.0	0.7143	0	0
hadur2.Hadur 3.10	ers.nano.lig.LigMA 1.9	weak		3	6	1	1	466	64.0	10.0	0.1667	0	0
hadur2.Hadur 3.10	ers.nano.lig.LigMA 1.9	weak		3	7	1	1	552	52.0	10.0	0.1250	0	0
hadur2.Hadur 3.10	ers.nano.lig.LigMA 1.9	weak		3	8	1	1	519	50.0	0.0	0.1364	0	0
hadur2.Hadur 3.10	ers.nano.lig.LigMA 1.9	weak		3	9	1	1	382	70.0	0.0	0.3077	0	0
hadur2.Hadur 3.10	ers.nano.lig.LigMA 1.9	weak		3	10	1	1	510	49.0	10.0	0.1304	0	0
hadur2.Hadur 3.10	ers.nano.lig.LigMA 1.9	weak		3	11	1	1	689	39.0	10.0	0.1053	0	0
hadur2.Hadur 3.10	ers.nano.lig.LigMA 1.9	weak		3	12	1	1	701	49.7	0.0	0.1220	0	0
hadur2.Hadur 3.10	ers.nano.lig.LigMA 1.9	weak		3	13	1	1	764	28.0	20.0	0.1136	0	0
hadur2.Hadur 3.10	ers.nano.lig.LigMA 1.9	weak		3	14	1	1	508	60.0	10.0	0.2500	0	0
hadur2.Hadur 3.10	ers.nano.lig.LigMA 1.9	weak		3	15	1	1	612	40.0	0.0	0.1250	0	0
hadur2.Hadur 3.10	ers.nano.lig.LigMA 1.9	weak		3	16	1	1	733	45.1	40.0	0.2051	0	0
hadur2.Hadur 3.10	ers.nano.lig.LigMA 1.9	weak		3	17	1	1	520	61.1	20.0	0.2174	0	0
hadur2.Hadur 3.10	ers.nano.lig.LigMA 1.9	weak		3	18	1	1	575	39.0	0.0	0.0800	0	0
hadur2.Hadur 3.10	ers.nano.lig.LigMA 1.9	weak		3	19	1	1	574	42.0	10.0	0.1154	0	0
hadur2.Hadur 3.10	ers.nano.lig.LigMA 1.9	weak		3	20	1	1	485	56.0	10.0	0.2273	0	0
hadur2.Hadur 3.10	ers.nano.lig.LigMA 1.9	weak		3	21	1	1	466	58.0	0.0	0.2500	0	0
hadur2.Hadur 3.10	ers.nano.lig.LigMA 1.9	weak		3	22	1	1	651	48.0	30.0	0.1290	0	0
hadur2.Hadur 3.10	ers.nano.lig.LigMA 1.9	weak		3	23	1	1	430	61.0	0.0	0.1875	0	0
hadur2.Hadur 3.10	ers.nano.lig.LigMA 1.9	weak		3	24	1	1	563	66.0	30.0	0.1600	0	0
hadur2.Hadur 3.10	ers.nano.lig.LigMA 1.9	weak		3	25	1	1	561	55.0	20.0	0.1852	0	0
hadur2.Hadur 3.10	ers.nano.lig.LigMA 1.9	weak		3	26	1	1	533	43.0	10.0	0.1200	0	0
hadur2.Hadur 3.10	ers.nano.lig.LigMA 1.9	weak		3	27	1	1	551	45.0	0.0	0.1481	0	0
hadur2.Hadur 3.10	ers.nano.lig.LigMA 1.9	weak		3	28	1	1	382	70.0	10.0	0.4286	0	0
hadur2.Hadur 3.10	ers.nano.lig.LigMA 1.9	weak		3	29	1	1	475	58.0	10.0	0.1579	0	0
hadur2.Hadur 3.10	ers.nano.lig.LigMA 1.9	weak		3	30	0	0	700	32.0	30.0	0.0625	0	0
hadur2.Hadur 3.10	ers.nano.lig.LigMA 1.9	weak		3	31	1	1	643	39.0	10.0	0.0968	0	0
hadur2.Hadur 3.10	ers.nano.lig.LigMA 1.9	weak		3	32	1	1	805	29.2	30.0	0.0652	0	0
hadur2.Hadur 3.10	ers.nano.lig.LigMA 1.9	weak		3	33	1	1	714	37.0	30.0	0.0789	0	0
hadur2.Hadur 3.10	ers.nano.lig.LigMA 1.9	weak		3	34	1	1	425	57.5	0.0	0.2778	0	5
hadur2.Hadur 3.10	ers.nano.lig.LigMA 1.9	weak		4	0	1	1	364	72.0	10.0	0.5000	0	6
hadur2.Hadur 3.10	ers.nano.lig.LigMA 1.9	weak		4	1	1	1	358	83.0	20.0	0.6154	0	0
hadur2.Hadur 3.10	ers.nano.lig.LigMA 1.9	weak		4	2	1	1	369	71.4	20.0	0.5714	0	0
hadur2.Hadur 3.10	ers.nano.lig.LigMA 1.9	weak		4	3	1	1	397	82.0	20.0	0.5000	0	0
hadur2.Hadur 3.10	ers.nano.lig.LigMA 1.9	weak		4	4	1	1	394	74.0	20.0	0.4375	0	0
hadur2.Hadur 3.10	ers.nano.lig.LigMA 1.9	weak		4	5	1	1	327	90.0	20.0	0.5000	0	0
hadur2.Hadur 3.10	ers.nano.lig.LigMA 1.9	weak		4	6	1	1	643	33.0	10.0	0.0667	0	0
hadur2.Hadur 3.10	ers.nano.lig.LigMA 1.9	weak		4	7	1	1	598	49.0	20.0	0.1111	0	0
hadur2.Hadur 3.10	ers.nano.lig.LigMA 1.9	weak		4	8	1	1	516	74.2	40.0	0.3043	0	0
hadur2.Hadur 3.10	ers.nano.lig.LigMA 1.9	weak		4	9	1	1	566	44.0	0.0	0.1481	0	0
hadur2.Hadur 3.10	ers.nano.lig.LigMA 1.9	weak		4	10	1	1	521	50.0	0.0	0.1304	0	0
hadur2.Hadur 3.10	ers.nano.lig.LigMA 1.9	weak		4	11	1	1	593	58.0	30.0	0.1724	0	0
hadur2.Hadur 3.10	ers.nano.lig.LigMA 1.9	weak		4	12	1	1	653	50.0	20.0	0.1429	0	0
hadur2.Hadur 3.10	ers.nano.lig.LigMA 1.9	weak		4	13	1	1	592	46.0	10.0	0.1333	0	0
hadur2.Hadur 3.10	ers.nano.lig.LigMA 1.9	weak		4	14	1	1	682	39.5	20.0	0.1081	0	0
hadur2.Hadur 3.10	ers.nano.lig.LigMA 1.9	weak		4	15	1	1	568	49.0	10.0	0.1724	0	0
hadur2.Hadur 3.10	ers.nano.lig.LigMA 1.9	weak		4	16	1	1	616	49.0	20.0	0.1563	0	0
hadur2.Hadur 3.10	ers.nano.lig.LigMA 1.9	weak		4	17	1	1	516	43.0	0.0	0.1667	0	0
hadur2.Hadur 3.10	ers.nano.lig.LigMA 1.9	weak		4	18	1	1	452	66.0	10.0	0.3000	0	0
hadur2.Hadur 3.10	ers.nano.lig.LigMA 1.9	weak		4	19	1	1	524	49.0	10.0	0.1304	0	0
hadur2.Hadur 3.10	ers.nano.lig.LigMA 1.9	weak		4	20	1	1	559	42.6	0.0	0.1154	0	0
hadur2.Hadur 3.10	ers.nano.lig.LigMA 1.9	weak		4	21	1	1	551	58.0	20.0	0.1852	0	0
hadur2.Hadur 3.10	ers.nano.lig.LigMA 1.9	weak		4	22	1	1	455	63.0	10.0	0.2500	0	0
hadur2.Hadur 3.10	ers.nano.lig.LigMA 1.9	weak		4	23	1	1	507	58.0	10.0	0.1739	0	0
hadur2.Hadur 3.10	ers.nano.lig.LigMA 1.9	weak		4	24	1	1	382	70.0	0.0	0.3077	0	0
hadur2.Hadur 3.10	ers.nano.lig.LigMA 1.9	weak		4	25	1	1	566	41.0	0.0	0.0800	0	0
hadur2.Hadur 3.10	ers.nano.lig.LigMA 1.9	weak		4	26	1	1	464	64.0	10.0	0.2222	0	0
hadur2.Hadur 3.10	ers.nano.lig.LigMA 1.9	weak		4	27	1	1	858	27.0	30.0	0.1731	0	0
hadur2.Hadur 3.10	ers.nano.lig.LigMA 1.9	weak		4	28	1	1	583	36.2	0.0	0.1071	0	0
hadur2.Hadur 3.10	ers.nano.lig.LigMA 1.9	weak		4	29	1	1	677	58.0	50.0	0.1714	0	0
hadur2.Hadur 3.10	ers.nano.lig.LigMA 1.9	weak		4	30	1	1	634	52.0	40.0	0.1515	0	0
hadur2.Hadur 3.10	ers.nano.lig.LigMA 1.9	weak		4	31	1	1	577	42.0	0.0	0.1379	0	0
hadur2.Hadur 3.10	ers.nano.lig.LigMA 1.9	weak		4	32	1	1	604	49.0	10.0	0.1613	0	0
hadur2.Hadur 3.10	ers.nano.lig.LigMA 1.9	weak		4	33	1	1	506	56.0	0.0	0.2174	0	0
hadur2.Hadur 3.10	ers.nano.lig.LigMA 1.9	weak		4	34	1	1	493	48.0	10.0	0.1500	0	5
hadur2.Hadur 3.10	fm.claire 1.7	weak		1	0	1	1	517	9.7	0.0	0.0400	0	5
hadur2.Hadur 3.10	fm.claire 1.7	weak		1	1	1	1	604	29.1	16.0	0.0938	0	0
hadur2.Hadur 3.10	fm.claire 1.7	weak		1	2	1	1	455	48.5	0.0	0.2381	0	0
hadur2.Hadur 3.10	fm.claire 1.7	weak		1	3	1	1	558	38.8	16.0	0.1429	0	0
hadur2.Hadur 3.10	fm.claire 1.7	weak		1	4	1	1	488	45.1	0.0	0.1818	0	0
hadur2.Hadur 3.10	fm.claire 1.7	weak		1	5	1	1	332	53.5	0.0	0.4000	0	0
hadur2.Hadur 3.10	fm.claire 1.7	weak		1	6	1	1	513	29.5	0.0	0.1304	0	0
hadur2.Hadur 3.10	fm.claire 1.7	weak		1	7	1	1	410	48.0	0.0	0.1875	0	0
hadur2.Hadur 3.10	fm.claire 1.7	weak		1	8	1	1	358	51.0	0.0	0.2500	0	0
hadur2.Hadur 3.10	fm.claire 1.7	weak		1	9	1	1	455	19.5	0.0	0.0556	0	0
hadur2.Hadur 3.10	fm.claire 1.7	weak		1	10	1	1	367	61.0	0.0	0.3846	0	0
hadur2.Hadur 3.10	fm.claire 1.7	weak		1	11	1	1	520	34.0	16.0	0.0909	0	0
hadur2.Hadur 3.10	fm.claire 1.7	weak		1	12	1	1	415	52.0	0.0	0.2500	0	0
hadur2.Hadur 3.10	fm.claire 1.7	weak		1	13	1	1	525	25.7	0.0	0.0870	0	0
hadur2.Hadur 3.10	fm.claire 1.7	weak		1	14	1	1	424	48.0	0.0	0.1765	0	0
hadur2.Hadur 3.10	fm.claire 1.7	weak		1	15	1	1	486	33.0	16.0	0.1364	0	0
hadur2.Hadur 3.10	fm.claire 1.7	weak		1	16	1	1	546	29.8	9.4	0.1429	0	0
hadur2.Hadur 3.10	fm.claire 1.7	weak		1	17	1	1	574	29.1	0.0	0.1034	0	0
hadur2.Hadur 3.10	fm.claire 1.7	weak		1	18	1	1	513	31.0	0.0	0.1250	0	0
hadur2.Hadur 3.10	fm.claire 1.7	weak		1	19	1	1	579	19.4	0.0	0.0690	0	0
hadur2.Hadur 3.10	fm.claire 1.7	weak		1	20	1	1	462	52.0	16.0	0.2500	0	0
hadur2.Hadur 3.10	fm.claire 1.7	weak		1	21	1	1	527	29.1	0.0	0.1154	0	0
hadur2.Hadur 3.10	fm.claire 1.7	weak		1	22	1	1	521	38.8	11.2	0.1600	0	0
hadur2.Hadur 3.10	fm.claire 1.7	weak		1	23	1	1	474	34.9	0.0	0.1579	0	0
hadur2.Hadur 3.10	fm.claire 1.7	weak		1	24	1	1	513	38.8	0.0	0.1667	0	0
hadur2.Hadur 3.10	fm.claire 1.7	weak		1	25	1	1	515	35.4	0.0	0.1304	0	0
hadur2.Hadur 3.10	fm.claire 1.7	weak		1	26	1	1	452	40.0	0.0	0.2000	0	0
hadur2.Hadur 3.10	fm.claire 1.7	weak		1	27	1	1	440	34.0	0.0	0.1579	0	0
hadur2.Hadur 3.10	fm.claire 1.7	weak		1	28	1	1	410	86.8	64.0	0.3333	0	0
hadur2.Hadur 3.10	fm.claire 1.7	weak		1	29	1	1	553	10.0	0.0	0.0400	0	0
hadur2.Hadur 3.10	fm.claire 1.7	weak		1	30	1	1	455	48.5	9.0	0.2500	0	0
hadur2.Hadur 3.10	fm.claire 1.7	weak		1	31	1	1	390	52.0	0.0	0.2857	0	0
hadur2.Hadur 3.10	fm.claire 1.7	weak		1	32	1	1	475	32.5	0.0	0.1000	0	0
hadur2.Hadur 3.10	fm.claire 1.7	weak		1	33	1	1	637	28.5	32.9	0.0909	0	0
hadur2.Hadur 3.10	fm.claire 1.7	weak		1	34	1	1	476	29.1	0.0	0.1364	0	5
hadur2.Hadur 3.10	fm.claire 1.7	weak		2	0	1	1	476	58.2	48.0	0.2609	0	6
hadur2.Hadur 3.10	fm.claire 1.7	weak		2	1	1	1	539	29.1	0.0	0.1154	0	0
hadur2.Hadur 3.10	fm.claire 1.7	weak		2	2	1	1	699	29.5	48.0	0.1026	0	0
hadur2.Hadur 3.10	fm.claire 1.7	weak		2	3	1	1	543	35.8	16.4	0.1429	0	0
hadur2.Hadur 3.10	fm.claire 1.7	weak		2	4	1	1	359	35.5	0.0	0.2308	0	0
hadur2.Hadur 3.10	fm.claire 1.7	weak		2	5	1	1	559	19.4	0.0	0.0714	0	0
hadur2.Hadur 3.10	fm.claire 1.7	weak		2	6	1	1	610	27.8	24.8	0.0625	0	0
hadur2.Hadur 3.10	fm.claire 1.7	weak		2	7	1	1	558	19.4	0.0	0.0714	0	0
hadur2.Hadur 3.10	fm.claire 1.7	weak		2	8	1	1	663	10.5	14.8	0.0833	0	0
hadur2.Hadur 3.10	fm.claire 1.7	weak		2	9	1	1	552	13.0	0.0	0.0370	0	0
hadur2.Hadur 3.10	fm.claire 1.7	weak		2	10	1	1	500	31.0	0.0	0.1304	0	0
hadur2.Hadur 3.10	fm.claire 1.7	weak		2	11	1	1	489	29.1	32.0	0.1304	0	0
hadur2.Hadur 3.10	fm.claire 1.7	weak		2	12	1	1	637	11.2	0.0	0.0303	0	0
hadur2.Hadur 3.10	fm.claire 1.7	weak		2	13	1	1	531	37.4	16.0	0.1200	0	1
hadur2.Hadur 3.10	fm.claire 1.7	weak		2	14	1	1	634	19.4	0.0	0.0588	0	0
hadur2.Hadur 3.10	fm.claire 1.7	weak		2	15	1	1	563	29.1	0.0	0.1071	0	0
hadur2.Hadur 3.10	fm.claire 1.7	weak		2	16	1	1	537	38.8	0.0	0.1481	0	0
hadur2.Hadur 3.10	fm.claire 1.7	weak		2	17	1	1	580	10.5	0.0	0.0345	0	0
hadur2.Hadur 3.10	fm.claire 1.7	weak		2	18	1	1	490	38.8	0.0	0.1739	0	0
hadur2.Hadur 3.10	fm.claire 1.7	weak		2	19	1	1	452	41.0	0.0	0.2000	0	0
hadur2.Hadur 3.10	fm.claire 1.7	weak		2	20	1	1	588	29.1	0.0	0.1000	0	0
hadur2.Hadur 3.10	fm.claire 1.7	weak		2	21	1	1	526	31.0	0.0	0.1200	0	0
hadur2.Hadur 3.10	fm.claire 1.7	weak		2	22	1	1	434	43.0	0.0	0.2222	0	0
hadur2.Hadur 3.10	fm.claire 1.7	weak		2	23	1	1	418	47.1	0.0	0.2353	0	0
hadur2.Hadur 3.10	fm.claire 1.7	weak		2	24	1	1	559	13.0	0.0	0.0370	0	0
hadur2.Hadur 3.10	fm.claire 1.7	weak		2	25	1	1	566	29.1	23.6	0.1034	0	0
hadur2.Hadur 3.10	fm.claire 1.7	weak		2	26	1	1	500	38.8	0.0	0.1667	0	0
hadur2.Hadur 3.10	fm.claire 1.7	weak		2	27	1	1	394	58.2	0.0	0.3750	0	0
hadur2.Hadur 3.10	fm.claire 1.7	weak		2	28	1	1	379	53.5	0.0	0.2308	0	0
hadur2.Hadur 3.10	fm.claire 1.7	weak		2	29	1	1	533	28.0	0.0	0.0455	0	0
hadur2.Hadur 3.10	fm.claire 1.7	weak		2	30	1	1	386	64.0	0.0	0.2667	0	0
hadur2.Hadur 3.10	fm.claire 1.7	weak		2	31	1	1	425	43.0	0.0	0.1250	0	0
hadur2.Hadur 3.10	fm.claire 1.7	weak		2	32	1	1	498	35.4	16.4	0.1304	0	0
hadur2.Hadur 3.10	fm.claire 1.7	weak		2	33	1	1	540	31.0	0.0	0.1200	0	0
hadur2.Hadur 3.10	fm.claire 1.7	weak		2	34	1	1	409	49.0	0.0	0.2941	0	4
hadur2.Hadur 3.10	fm.claire 1.7	weak		3	0	1	1	398	61.0	16.0	0.3750	0	6
hadur2.Hadur 3.10	fm.claire 1.7	weak		3	1	1	1	438	55.0	16.0	0.2632	0	0
hadur2.Hadur 3.10	fm.claire 1.7	weak		3	2	1	1	399	48.5	16.0	0.2941	0	0
hadur2.Hadur 3.10	fm.claire 1.7	weak		3	3	1	1	436	58.0	16.0	0.2632	0	0
hadur2.Hadur 3.10	fm.claire 1.7	weak		3	4	1	1	403	52.0	0.0	0.2000	0	0
hadur2.Hadur 3.10	fm.claire 1.7	weak		3	5	1	1	631	16.0	0.0	0.0345	0	0
hadur2.Hadur 3.10	fm.claire 1.7	weak		3	6	1	1	426	40.3	0.0	0.1250	0	0
hadur2.Hadur 3.10	fm.claire 1.7	weak		3	7	1	1	478	41.8	16.0	0.2273	0	0
hadur2.Hadur 3.10	fm.claire 1.7	weak		3	8	1	1	473	48.5	0.0	0.2273	0	0
hadur2.Hadur 3.10	fm.claire 1.7	weak		3	9	1	1	360	64.0	16.0	0.3333	0	0
hadur2.Hadur 3.10	fm.claire 1.7	weak		3	10	1	1	383	52.4	0.0	0.2308	0	0
hadur2.Hadur 3.10	fm.claire 1.7	weak		3	11	1	1	497	35.0	32.0	0.1364	0	0
hadur2.Hadur 3.10	fm.claire 1.7	weak		3	12	1	1	339	61.6	0.0	0.3000	0	0
hadur2.Hadur 3.10	fm.claire 1.7	weak		3	13	1	1	409	46.5	0.0	0.1333	0	0
hadur2.Hadur 3.10	fm.claire 1.7	weak		3	14	1	1	513	32.0	0.0	0.0870	0	0
hadur2.Hadur 3.10	fm.claire 1.7	weak		3	15	1	1	408	53.5	0.0	0.2500	0	0
hadur2.Hadur 3.10	fm.claire 1.7	weak		3	16	1	1	357	49.3	18.7	0.3333	0	0
hadur2.Hadur 3.10	fm.claire 1.7	weak		3	17	1	1	563	22.0	0.0	0.0417	0	0
hadur2.Hadur 3.10	fm.claire 1.7	weak		3	18	1	1	512	38.8	16.0	0.1600	0	0
hadur2.Hadur 3.10	fm.claire 1.7	weak		3	19	1	1	593	38.2	32.0	0.2667	0	0
hadur2.Hadur 3.10	fm.claire 1.7	weak		3	20	1	1	485	41.7	0.0	0.1429	0	0
hadur2.Hadur 3.10	fm.claire 1.7	weak		3	21	1	1	373	49.0	0.0	0.2308	0	0
hadur2.Hadur 3.10	fm.claire 1.7	weak		3	22	1	1	546	21.5	0.0	0.0435	0	0
hadur2.Hadur 3.10	fm.claire 1.7	weak		3	23	1	1	447	48.5	18.0	0.2500	0	0
hadur2.Hadur 3.10	fm.claire 1.7	weak		3	24	1	1	464	31.0	0.0	0.1500	0	0
hadur2.Hadur 3.10	fm.claire 1.7	weak		3	25	1	1	625	9.7	0.0	0.0303	0	0
hadur2.Hadur 3.10	fm.claire 1.7	weak		3	26	1	1	554	40.2	32.0	0.1481	0	0
hadur2.Hadur 3.10	fm.claire 1.7	weak		3	27	1	1	458	43.0	0.0	0.2000	0	0
hadur2.Hadur 3.10	fm.claire 1.7	weak		3	28	1	1	523	34.0	0.0	0.1200	0	0
hadur2.Hadur 3.10	fm.claire 1.7	weak		3	29	1	1	551	29.1	0.0	0.1071	0	0
hadur2.Hadur 3.10	fm.claire 1.7	weak		3	30	1	1	374	58.0	0.0	0.3571	0	0
hadur2.Hadur 3.10	fm.claire 1.7	weak		3	31	1	1	462	28.5	0.0	0.1053	0	0
hadur2.Hadur 3.10	fm.claire 1.7	weak		3	32	1	1	464	45.1	0.0	0.1905	0	0
hadur2.Hadur 3.10	fm.claire 1.7	weak		3	33	1	1	566	19.4	0.0	0.0769	0	0
hadur2.Hadur 3.10	fm.claire 1.7	weak		3	34	1	1	379	44.4	0.0	0.2667	0	5
hadur2.Hadur 3.10	fm.claire 1.7	weak		4	0	1	1	662	9.7	16.0	0.0278	0	5
hadur2.Hadur 3.10	fm.claire 1.7	weak		4	1	1	1	457	38.8	16.0	0.2000	0	0
hadur2.Hadur 3.10	fm.claire 1.7	weak		4	2	1	1	503	19.4	0.0	0.0833	0	0
hadur2.Hadur 3.10	fm.claire 1.7	weak		4	3	1	1	504	38.8	0.0	0.1667	0	0
hadur2.Hadur 3.10	fm.claire 1.7	weak		4	4	1	1	490	29.1	3.9	0.1304	0	0
hadur2.Hadur 3.10	fm.claire 1.7	weak		4	5	1	1	594	19.4	32.0	0.0667	0	0
hadur2.Hadur 3.10	fm.claire 1.7	weak		4	6	1	1	538	29.1	0.0	0.1111	0	0
hadur2.Hadur 3.10	fm.claire 1.7	weak		4	7	1	1	501	29.1	0.0	0.1250	0	0
hadur2.Hadur 3.10	fm.claire 1.7	weak		4	8	1	1	500	29.1	12.8	0.1250	0	0
hadur2.Hadur 3.10	fm.claire 1.7	weak		4	9	1	1	491	48.5	25.0	0.2174	0	0
hadur2.Hadur 3.10	fm.claire 1.7	weak		4	10	1	1	656	9.7	0.0	0.0286	0	0
hadur2.Hadur 3.10	fm.claire 1.7	weak		4	11	1	1	481	24.0	0.0	0.0909	0	0
hadur2.Hadur 3.10	fm.claire 1.7	weak		4	12	1	1	498	24.6	0.0	0.0870	0	0
hadur2.Hadur 3.10	fm.claire 1.7	weak		4	13	1	1	529	31.0	0.0	0.1200	0	0
hadur2.Hadur 3.10	fm.claire 1.7	weak		4	14	1	1	506	38.8	1.1	0.1667	0	0
hadur2.Hadur 3.10	fm.claire 1.7	weak		4	15	1	1	606	22.4	32.0	0.0625	0	0
hadur2.Hadur 3.10	fm.claire 1.7	weak		4	16	1	1	512	21.2	0.0	0.0833	0	0
hadur2.Hadur 3.10	fm.claire 1.7	weak		4	17	1	1	537	29.1	10.1	0.1154	0	0
hadur2.Hadur 3.10	fm.claire 1.7	weak		4	18	1	1	420	52.0	0.0	0.2778	0	0
hadur2.Hadur 3.10	fm.claire 1.7	weak		4	19	1	1	530	29.1	15.6	0.1154	0	0
hadur2.Hadur 3.10	fm.claire 1.7	weak		4	20	1	1	371	48.0	0.0	0.2857	0	0
hadur2.Hadur 3.10	fm.claire 1.7	weak		4	21	1	1	510	34.0	0.0	0.0952	0	0
hadur2.Hadur 3.10	fm.claire 1.7	weak		4	22	1	1	459	48.5	0.0	0.2500	0	0
hadur2.Hadur 3.10	fm.claire 1.7	weak		4	23	1	1	447	48.0	20.0	0.1667	0	0
hadur2.Hadur 3.10	fm.claire 1.7	weak		4	24	1	1	562	38.3	32.0	0.1923	0	0
hadur2.Hadur 3.10	fm.claire 1.7	weak		4	25	1	1	529	38.0	16.0	0.0909	0	0
hadur2.Hadur 3.10	fm.claire 1.7	weak		4	26	1	1	429	54.5	0.0	0.2778	0	0
hadur2.Hadur 3.10	fm.claire 1.7	weak		4	27	1	1	542	19.0	0.0	0.0400	0	0
hadur2.Hadur 3.10	fm.claire 1.7	weak		4	28	1	1	546	41.7	20.8	0.1154	0	0
hadur2.Hadur 3.10	fm.claire 1.7	weak		4	29	1	1	504	37.0	0.0	0.1250	0	0
hadur2.Hadur 3.10	fm.claire 1.7	weak		4	30	1	1	454	48.5	0.0	0.2500	0	0
hadur2.Hadur 3.10	fm.claire 1.7	weak		4	31	1	1	473	45.1	0.0	0.1818	0	0
hadur2.Hadur 3.10	fm.claire 1.7	weak		4	32	1	1	507	25.0	0.0	0.0870	0	0
hadur2.Hadur 3.10	fm.claire 1.7	weak		4	33	1	1	712	10.1	16.0	0.0500	0	0
hadur2.Hadur 3.10	fm.claire 1.7	weak		4	34	1	1	431	49.0	16.0	0.2632	0	6
hadur2.Hadur 3.10	hapiel.Spiral 0.1	weak		1	0	1	1	938	53.7	15.2	0.1379	0	7
hadur2.Hadur 3.10	hapiel.Spiral 0.1	weak		1	1	1	1	621	67.4	12.9	0.1935	0	0
hadur2.Hadur 3.10	hapiel.Spiral 0.1	weak		1	2	1	1	551	80.0	11.2	0.1250	0	1
hadur2.Hadur 3.10	hapiel.Spiral 0.1	weak		1	3	1	1	792	49.4	8.0	0.1395	0	0
hadur2.Hadur 3.10	hapiel.Spiral 0.1	weak		1	4	1	1	618	77.3	1.0	0.2000	0	0
hadur2.Hadur 3.10	hapiel.Spiral 0.1	weak		1	5	1	1	729	68.5	2.3	0.1351	0	0
hadur2.Hadur 3.10	hapiel.Spiral 0.1	weak		1	6	1	1	610	68.4	4.4	0.1786	0	0
hadur2.Hadur 3.10	hapiel.Spiral 0.1	weak		1	7	1	1	789	71.2	13.4	0.1364	0	0
hadur2.Hadur 3.10	hapiel.Spiral 0.1	weak		1	8	1	1	720	75.6	1.5	0.1667	0	0
hadur2.Hadur 3.10	hapiel.Spiral 0.1	weak		1	9	1	1	891	83.3	8.9	0.1569	0	0
hadur2.Hadur 3.10	hapiel.Spiral 0.1	weak		1	10	1	1	672	88.6	4.6	0.2222	0	0
hadur2.Hadur 3.10	hapiel.Spiral 0.1	weak		1	11	1	1	557	74.3	5.4	0.1667	0	0
hadur2.Hadur 3.10	hapiel.Spiral 0.1	weak		1	12	1	1	1735	47.8	24.3	0.2385	0	0
hadur2.Hadur 3.10	hapiel.Spiral 0.1	weak		1	13	1	1	734	54.7	8.3	0.0857	0	0
hadur2.Hadur 3.10	hapiel.Spiral 0.1	weak		1	14	1	1	486	69.6	9.6	0.2000	0	0
hadur2.Hadur 3.10	hapiel.Spiral 0.1	weak		1	15	1	1	494	83.0	22.2	0.2500	0	0
hadur2.Hadur 3.10	hapiel.Spiral 0.1	weak		1	16	1	1	539	59.3	2.7	0.1667	0	0
hadur2.Hadur 3.10	hapiel.Spiral 0.1	weak		1	17	1	1	575	76.3	8.0	0.1600	0	0
hadur2.Hadur 3.10	hapiel.Spiral 0.1	weak		1	18	1	1	557	68.0	0.0	0.1667	0	0
hadur2.Hadur 3.10	hapiel.Spiral 0.1	weak		1	19	1	1	475	81.1	0.0	0.3000	0	0
hadur2.Hadur 3.10	hapiel.Spiral 0.1	weak		1	20	1	1	630	83.5	10.4	0.1724	0	0
hadur2.Hadur 3.10	hapiel.Spiral 0.1	weak		1	21	1	1	538	75.8	0.0	0.1739	0	0
hadur2.Hadur 3.10	hapiel.Spiral 0.1	weak		1	22	1	1	574	70.5	5.1	0.1600	0	0
hadur2.Hadur 3.10	hapiel.Spiral 0.1	weak		1	23	1	1	520	71.4	1.4	0.1818	0	0
hadur2.Hadur 3.10	hapiel.Spiral 0.1	weak		1	24	1	1	467	71.2	2.9	0.2105	0	0
hadur2.Hadur 3.10	hapiel.Spiral 0.1	weak		1	25	1	1	461	84.3	5.0	0.2778	0	0
hadur2.Hadur 3.10	hapiel.Spiral 0.1	weak		1	26	1	1	640	65.1	25.6	0.1667	0	0
hadur2.Hadur 3.10	hapiel.Spiral 0.1	weak		1	27	1	1	458	71.6	0.8	0.2222	0	0
hadur2.Hadur 3.10	hapiel.Spiral 0.1	weak		1	28	1	1	477	78.2	25.7	0.2105	0	0
hadur2.Hadur 3.10	hapiel.Spiral 0.1	weak		1	29	1	1	501	76.9	1.5	0.2000	0	0
hadur2.Hadur 3.10	hapiel.Spiral 0.1	weak		1	30	1	1	697	64.1	4.7	0.1176	0	0
hadur2.Hadur 3.10	hapiel.Spiral 0.1	weak		1	31	1	1	780	65.9	5.4	0.1395	0	0
hadur2.Hadur 3.10	hapiel.Spiral 0.1	weak		1	32	1	1	367	78.6	0.0	0.4615	0	0
hadur2.Hadur 3.10	hapiel.Spiral 0.1	weak		1	33	1	1	542	75.0	9.7	0.2083	0	0
hadur2.Hadur 3.10	hapiel.Spiral 0.1	weak		1	34	1	1	520	70.1	0.0	0.1818	0	6
hadur2.Hadur 3.10	hapiel.Spiral 0.1	weak		2	0	1	1	1172	63.0	28.4	0.1558	298	8
hadur2.Hadur 3.10	hapiel.Spiral 0.1	weak		2	1	1	1	735	74.1	8.0	0.1538	0	0
hadur2.Hadur 3.10	hapiel.Spiral 0.1	weak		2	2	1	1	541	83.6	7.7	0.2308	0	0
hadur2.Hadur 3.10	hapiel.Spiral 0.1	weak		2	3	1	1	604	78.7	0.0	0.1481	0	0
hadur2.Hadur 3.10	hapiel.Spiral 0.1	weak		2	4	1	1	619	86.1	0.8	0.1724	0	0
hadur2.Hadur 3.10	hapiel.Spiral 0.1	weak		2	5	1	1	649	67.5	0.0	0.1563	0	0
hadur2.Hadur 3.10	hapiel.Spiral 0.1	weak		2	6	1	1	538	77.9	4.6	0.2400	0	0
hadur2.Hadur 3.10	hapiel.Spiral 0.1	weak		2	7	1	1	483	79.0	11.4	0.2105	0	0
hadur2.Hadur 3.10	hapiel.Spiral 0.1	weak		2	8	1	1	487	84.3	10.4	0.2500	0	0
hadur2.Hadur 3.10	hapiel.Spiral 0.1	weak		2	9	1	1	567	61.8	4.7	0.1200	0	0
hadur2.Hadur 3.10	hapiel.Spiral 0.1	weak		2	10	1	1	486	83.3	19.1	0.2500	0	0
hadur2.Hadur 3.10	hapiel.Spiral 0.1	weak		2	11	1	1	406	78.3	0.0	0.2667	0	0
hadur2.Hadur 3.10	hapiel.Spiral 0.1	weak		2	12	1	1	543	71.4	3.1	0.2174	0	0
hadur2.Hadur 3.10	hapiel.Spiral 0.1	weak		2	13	1	1	434	68.2	13.7	0.2500	0	0
hadur2.Hadur 3.10	hapiel.Spiral 0.1	weak		2	14	1	1	454	81.5	8.4	0.2778	0	0
hadur2.Hadur 3.10	hapiel.Spiral 0.1	weak		2	15	1	1	482	78.0	8.8	0.2105	0	0
hadur2.Hadur 3.10	hapiel.Spiral 0.1	weak		2	16	1	1	595	69.2	18.4	0.1786	0	0
hadur2.Hadur 3.10	hapiel.Spiral 0.1	weak		2	17	1	1	474	67.2	1.5	0.2105	0	0
hadur2.Hadur 3.10	hapiel.Spiral 0.1	weak		2	18	1	1	358	80.0	0.0	0.3846	0	0
hadur2.Hadur 3.10	hapiel.Spiral 0.1	weak		2	19	1	1	628	72.0	13.7	0.1379	0	0
hadur2.Hadur 3.10	hapiel.Spiral 0.1	weak		2	20	1	1	564	80.0	0.0	0.2000	0	0
hadur2.Hadur 3.10	hapiel.Spiral 0.1	weak		2	21	1	1	810	51.5	0.8	0.1591	0	0
hadur2.Hadur 3.10	hapiel.Spiral 0.1	weak		2	22	1	1	661	66.9	11.7	0.1714	0	0
hadur2.Hadur 3.10	hapiel.Spiral 0.1	weak		2	23	1	1	546	60.1	10.8	0.1538	0	0
hadur2.Hadur 3.10	hapiel.Spiral 0.1	weak		2	24	1	1	440	69.4	0.0	0.2353	0	0
hadur2.Hadur 3.10	hapiel.Spiral 0.1	weak		2	25	1	1	527	73.9	5.7	0.1818	0	0
hadur2.Hadur 3.10	hapiel.Spiral 0.1	weak		2	26	1	1	567	43.5	0.0	0.1200	0	0
hadur2.Hadur 3.10	hapiel.Spiral 0.1	weak		2	27	1	1	432	81.7	2.7	0.3125	0	0
hadur2.Hadur 3.10	hapiel.Spiral 0.1	weak		2	28	1	1	586	75.5	3.5	0.1538	0	0
hadur2.Hadur 3.10	hapiel.Spiral 0.1	weak		2	29	1	1	470	82.7	2.8	0.2632	0	0
hadur2.Hadur 3.10	hapiel.Spiral 0.1	weak		2	30	1	1	456	74.0	9.0	0.2222	0	0
hadur2.Hadur 3.10	hapiel.Spiral 0.1	weak		2	31	1	1	455	72.2	0.6	0.2222	0	0
hadur2.Hadur 3.10	hapiel.Spiral 0.1	weak		2	32	1	1	492	77.8	11.3	0.2000	0	0
hadur2.Hadur 3.10	hapiel.Spiral 0.1	weak		2	33	1	1	470	84.6	0.0	0.2632	0	0
hadur2.Hadur 3.10	hapiel.Spiral 0.1	weak		2	34	1	1	583	64.8	0.0	0.1538	0	5
hadur2.Hadur 3.10	hapiel.Spiral 0.1	weak		3	0	1	1	762	76.5	10.5	0.1860	0	5
hadur2.Hadur 3.10	hapiel.Spiral 0.1	weak		3	1	1	1	616	63.9	12.0	0.1613	0	0
hadur2.Hadur 3.10	hapiel.Spiral 0.1	weak		3	2	1	1	570	79.7	4.1	0.1600	0	0
hadur2.Hadur 3.10	hapiel.Spiral 0.1	weak		3	3	1	1	403	88.6	0.0	0.3333	0	0
hadur2.Hadur 3.10	hapiel.Spiral 0.1	weak		3	4	1	1	429	89.0	0.0	0.3125	0	0
hadur2.Hadur 3.10	hapiel.Spiral 0.1	weak		3	5	1	1	629	68.5	0.8	0.1333	0	0
hadur2.Hadur 3.10	hapiel.Spiral 0.1	weak		3	6	1	1	470	68.1	0.0	0.2105	0	0
hadur2.Hadur 3.10	hapiel.Spiral 0.1	weak		3	7	1	1	676	69.6	5.7	0.1765	0	0
hadur2.Hadur 3.10	hapiel.Spiral 0.1	weak		3	8	1	1	604	55.4	0.0	0.1667	0	0
hadur2.Hadur 3.10	hapiel.Spiral 0.1	weak		3	9	1	1	433	68.0	0.0	0.2353	0	0
hadur2.Hadur 3.10	hapiel.Spiral 0.1	weak		3	10	1	1	497	74.5	1.1	0.2000	0	0
hadur2.Hadur 3.10	hapiel.Spiral 0.1	weak		3	11	1	1	477	85.1	5.9	0.2500	0	0
hadur2.Hadur 3.10	hapiel.Spiral 0.1	weak		3	12	1	1	401	86.2	12.6	0.4000	0	0
hadur2.Hadur 3.10	hapiel.Spiral 0.1	weak		3	13	1	1	529	77.4	2.2	0.1818	0	0
hadur2.Hadur 3.10	hapiel.Spiral 0.1	weak		3	14	1	1	685	71.1	8.3	0.1250	0	0
hadur2.Hadur 3.10	hapiel.Spiral 0.1	weak		3	15	1	1	481	74.8	5.9	0.2105	0	0
hadur2.Hadur 3.10	hapiel.Spiral 0.1	weak		3	16	1	1	373	83.9	0.0	0.3846	0	0
hadur2.Hadur 3.10	hapiel.Spiral 0.1	weak		3	17	1	1	482	78.2	0.0	0.2105	0	0
hadur2.Hadur 3.10	hapiel.Spiral 0.1	weak		3	18	1	1	420	79.2	1.1	0.2667	0	0
hadur2.Hadur 3.10	hapiel.Spiral 0.1	weak		3	19	1	1	554	66.5	0.0	0.1667	0	0
hadur2.Hadur 3.10	hapiel.Spiral 0.1	weak		3	20	1	1	414	81.0	0.4	0.3333	0	0
hadur2.Hadur 3.10	hapiel.Spiral 0.1	weak		3	21	1	1	387	80.3	0.0	0.3571	0	0
hadur2.Hadur 3.10	hapiel.Spiral 0.1	weak		3	22	1	1	378	82.8	0.0	0.3846	0	0
hadur2.Hadur 3.10	hapiel.Spiral 0.1	weak		3	23	1	1	619	64.5	2.7	0.1379	0	0
hadur2.Hadur 3.10	hapiel.Spiral 0.1	weak		3	24	1	1	571	69.3	0.0	0.1600	0	0
hadur2.Hadur 3.10	hapiel.Spiral 0.1	weak		3	25	1	1	529	68.6	2.9	0.2174	0	0
hadur2.Hadur 3.10	hapiel.Spiral 0.1	weak		3	26	1	1	615	69.6	0.0	0.1786	0	0
hadur2.Hadur 3.10	hapiel.Spiral 0.1	weak		3	27	1	1	523	85.0	6.7	0.2174	0	0
hadur2.Hadur 3.10	hapiel.Spiral 0.1	weak		3	28	1	1	443	74.9	9.6	0.2353	0	0
hadur2.Hadur 3.10	hapiel.Spiral 0.1	weak		3	29	1	1	487	83.2	1.8	0.2500	0	0
hadur2.Hadur 3.10	hapiel.Spiral 0.1	weak		3	30	1	1	812	64.1	0.0	0.1220	0	0
hadur2.Hadur 3.10	hapiel.Spiral 0.1	weak		3	31	1	1	456	87.0	4.5	0.3158	0	0
hadur2.Hadur 3.10	hapiel.Spiral 0.1	weak		3	32	1	1	484	68.8	0.0	0.2000	0	0
hadur2.Hadur 3.10	hapiel.Spiral 0.1	weak		3	33	1	1	744	53.1	1.8	0.1351	0	0
hadur2.Hadur 3.10	hapiel.Spiral 0.1	weak		3	34	1	1	581	77.6	13.8	0.2143	0	6
hadur2.Hadur 3.10	hapiel.Spiral 0.1	weak		4	0	1	1	647	77.4	33.8	0.3611	298	7
hadur2.Hadur 3.10	hapiel.Spiral 0.1	weak		4	1	1	1	787	80.8	8.1	0.1818	0	0
hadur2.Hadur 3.10	hapiel.Spiral 0.1	weak		4	2	1	1	691	63.3	3.6	0.1176	0	0
hadur2.Hadur 3.10	hapiel.Spiral 0.1	weak		4	3	1	1	624	72.6	4.3	0.1935	0	0
hadur2.Hadur 3.10	hapiel.Spiral 0.1	weak		4	4	1	1	613	75.8	0.0	0.1935	0	0
hadur2.Hadur 3.10	hapiel.Spiral 0.1	weak		4	5	1	1	1068	42.9	21.6	0.1831	0	0
hadur2.Hadur 3.10	hapiel.Spiral 0.1	weak		4	6	0	0	1328	29.1	23.2	0.2088	0	0
hadur2.Hadur 3.10	hapiel.Spiral 0.1	weak		4	7	1	1	369	92.2	28.0	0.4167	0	0
hadur2.Hadur 3.10	hapiel.Spiral 0.1	weak		4	8	1	1	503	77.7	3.2	0.1905	0	0
hadur2.Hadur 3.10	hapiel.Spiral 0.1	weak		4	9	1	1	485	75.6	0.0	0.2000	0	0
hadur2.Hadur 3.10	hapiel.Spiral 0.1	weak		4	10	1	1	447	81.2	0.0	0.2941	0	0
hadur2.Hadur 3.10	hapiel.Spiral 0.1	weak		4	11	1	1	691	64.5	8.7	0.1212	0	0
hadur2.Hadur 3.10	hapiel.Spiral 0.1	weak		4	12	1	1	369	95.1	19.8	0.4167	0	0
hadur2.Hadur 3.10	hapiel.Spiral 0.1	weak		4	13	1	1	639	61.5	1.7	0.1333	0	0
hadur2.Hadur 3.10	hapiel.Spiral 0.1	weak		4	14	1	1	612	73.7	0.2	0.1724	0	0
hadur2.Hadur 3.10	hapiel.Spiral 0.1	weak		4	15	1	1	724	61.1	0.9	0.1351	0	0
hadur2.Hadur 3.10	hapiel.Spiral 0.1	weak		4	16	1	1	561	70.6	13.2	0.2222	0	0
hadur2.Hadur 3.10	hapiel.Spiral 0.1	weak		4	17	1	1	518	86.7	3.2	0.2609	0	0
hadur2.Hadur 3.10	hapiel.Spiral 0.1	weak		4	18	1	1	511	80.3	3.2	0.2273	0	0
hadur2.Hadur 3.10	hapiel.Spiral 0.1	weak		4	19	1	1	563	67.9	5.0	0.1923	0	0
hadur2.Hadur 3.10	hapiel.Spiral 0.1	weak		4	20	1	1	639	69.8	0.6	0.1613	0	0
hadur2.Hadur 3.10	hapiel.Spiral 0.1	weak		4	21	1	1	514	67.6	0.7	0.2174	0	0
hadur2.Hadur 3.10	hapiel.Spiral 0.1	weak		4	22	1	1	424	86.9	3.7	0.3125	0	0
hadur2.Hadur 3.10	hapiel.Spiral 0.1	weak		4	23	1	1	563	70.0	5.6	0.1600	0	0
hadur2.Hadur 3.10	hapiel.Spiral 0.1	weak		4	24	1	1	521	75.0	8.3	0.1818	0	0
hadur2.Hadur 3.10	hapiel.Spiral 0.1	weak		4	25	1	1	440	84.1	7.0	0.3125	0	0
hadur2.Hadur 3.10	hapiel.Spiral 0.1	weak		4	26	1	1	503	80.8	10.0	0.2381	0	0
hadur2.Hadur 3.10	hapiel.Spiral 0.1	weak		4	27	1	1	441	84.3	7.8	0.2941	0	0
hadur2.Hadur 3.10	hapiel.Spiral 0.1	weak		4	28	1	1	536	82.1	0.0	0.2174	0	0
hadur2.Hadur 3.10	hapiel.Spiral 0.1	weak		4	29	1	1	624	70.1	0.5	0.1724	0	0
hadur2.Hadur 3.10	hapiel.Spiral 0.1	weak		4	30	1	1	454	79.7	4.4	0.2778	0	0
hadur2.Hadur 3.10	hapiel.Spiral 0.1	weak		4	31	1	1	553	80.0	2.3	0.2083	0	0
hadur2.Hadur 3.10	hapiel.Spiral 0.1	weak		4	32	1	1	634	71.9	1.7	0.1379	0	0
hadur2.Hadur 3.10	hapiel.Spiral 0.1	weak		4	33	1	1	481	78.1	0.0	0.2105	0	0
hadur2.Hadur 3.10	hapiel.Spiral 0.1	weak		4	34	1	1	470	67.3	0.0	0.2105	0	6
hadur2.Hadur 3.10	hirataatsushi.Trinity 0.003	weak		1	0	1	1	409	79.0	12.0	0.3750	0	7
hadur2.Hadur 3.10	hirataatsushi.Trinity 0.003	weak		1	1	1	1	420	78.0	4.0	0.3529	0	0
hadur2.Hadur 3.10	hirataatsushi.Trinity 0.003	weak		1	2	1	1	386	81.0	4.0	0.4667	0	1
hadur2.Hadur 3.10	hirataatsushi.Trinity 0.003	weak		1	3	1	1	356	88.4	6.8	0.6923	0	0
hadur2.Hadur 3.10	hirataatsushi.Trinity 0.003	weak		1	4	1	1	342	93.0	8.0	0.5455	0	0
hadur2.Hadur 3.10	hirataatsushi.Trinity 0.003	weak		1	5	1	1	297	88.0	0.0	0.6250	0	0
hadur2.Hadur 3.10	hirataatsushi.Trinity 0.003	weak		1	6	1	1	383	84.0	0.0	0.3846	0	0
hadur2.Hadur 3.10	hirataatsushi.Trinity 0.003	weak		1	7	1	1	300	87.0	8.0	0.6250	0	0
hadur2.Hadur 3.10	hirataatsushi.Trinity 0.003	weak		1	8	1	1	420	98.4	48.0	0.4375	0	0
hadur2.Hadur 3.10	hirataatsushi.Trinity 0.003	weak		1	9	1	1	304	85.0	0.0	0.6250	0	0
hadur2.Hadur 3.10	hirataatsushi.Trinity 0.003	weak		1	10	1	1	326	82.0	0.0	0.5000	0	0
hadur2.Hadur 3.10	hirataatsushi.Trinity 0.003	weak		1	11	1	1	297	98.0	16.0	0.7500	0	0
hadur2.Hadur 3.10	hirataatsushi.Trinity 0.003	weak		1	12	1	1	334	82.0	0.0	0.5000	0	0
hadur2.Hadur 3.10	hirataatsushi.Trinity 0.003	weak		1	13	1	1	354	80.0	0.0	0.3636	0	0
hadur2.Hadur 3.10	hirataatsushi.Trinity 0.003	weak		1	14	1	1	346	84.0	4.0	0.4545	0	0
hadur2.Hadur 3.10	hirataatsushi.Trinity 0.003	weak		1	15	1	1	335	88.0	0.0	0.5000	0	0
hadur2.Hadur 3.10	hirataatsushi.Trinity 0.003	weak		1	16	1	1	346	84.0	0.0	0.4545	0	0
hadur2.Hadur 3.10	hirataatsushi.Trinity 0.003	weak		1	17	1	1	346	82.0	4.0	0.4545	0	0
hadur2.Hadur 3.10	hirataatsushi.Trinity 0.003	weak		1	18	1	1	341	84.0	0.0	0.5000	0	0
hadur2.Hadur 3.10	hirataatsushi.Trinity 0.003	weak		1	19	1	1	269	91.0	0.0	0.8333	0	0
hadur2.Hadur 3.10	hirataatsushi.Trinity 0.003	weak		1	20	1	1	295	88.8	60.0	0.6250	0	0
hadur2.Hadur 3.10	hirataatsushi.Trinity 0.003	weak		1	21	1	1	305	90.0	0.0	0.6250	0	0
hadur2.Hadur 3.10	hirataatsushi.Trinity 0.003	weak		1	22	1	1	304	90.0	0.0	0.6250	0	0
hadur2.Hadur 3.10	hirataatsushi.Trinity 0.003	weak		1	23	1	1	266	91.0	0.0	0.8333	0	0
hadur2.Hadur 3.10	hirataatsushi.Trinity 0.003	weak		1	24	1	1	288	91.0	0.0	0.7143	0	0
hadur2.Hadur 3.10	hirataatsushi.Trinity 0.003	weak		1	25	1	1	313	84.4	16.0	0.5556	0	0
hadur2.Hadur 3.10	hirataatsushi.Trinity 0.003	weak		1	26	1	1	387	87.0	8.0	0.3846	0	0
hadur2.Hadur 3.10	hirataatsushi.Trinity 0.003	weak		1	27	1	1	359	83.0	4.0	0.4545	0	0
hadur2.Hadur 3.10	hirataatsushi.Trinity 0.003	weak		1	28	1	1	416	89.4	24.0	0.3333	0	0
hadur2.Hadur 3.10	hirataatsushi.Trinity 0.003	weak		1	29	1	1	453	82.0	12.0	0.2778	0	0
hadur2.Hadur 3.10	hirataatsushi.Trinity 0.003	weak		1	30	1	1	308	87.0	0.0	0.5556	0	0
hadur2.Hadur 3.10	hirataatsushi.Trinity 0.003	weak		1	31	1	1	333	90.0	24.0	0.5000	0	0
hadur2.Hadur 3.10	hirataatsushi.Trinity 0.003	weak		1	32	1	1	334	82.0	0.0	0.5000	0	0
hadur2.Hadur 3.10	hirataatsushi.Trinity 0.003	weak		1	33	1	1	401	74.0	0.0	0.2857	0	0
hadur2.Hadur 3.10	hirataatsushi.Trinity 0.003	weak		1	34	1	1	316	84.0	16.0	0.5556	0	6
hadur2.Hadur 3.10	hirataatsushi.Trinity 0.003	weak		2	0	1	1	355	92.0	16.0	0.5000	0	6
hadur2.Hadur 3.10	hirataatsushi.Trinity 0.003	weak		2	1	1	1	306	84.4	12.0	0.6667	0	0
hadur2.Hadur 3.10	hirataatsushi.Trinity 0.003	weak		2	2	1	1	572	109.0	80.0	0.3929	0	0
hadur2.Hadur 3.10	hirataatsushi.Trinity 0.003	weak		2	3	1	1	375	82.5	4.0	0.5000	0	0
hadur2.Hadur 3.10	hirataatsushi.Trinity 0.003	weak		2	4	1	1	357	93.0	24.0	0.5833	0	0
hadur2.Hadur 3.10	hirataatsushi.Trinity 0.003	weak		2	5	1	1	348	87.0	8.0	0.4545	0	0
hadur2.Hadur 3.10	hirataatsushi.Trinity 0.003	weak		2	6	1	1	343	84.0	0.0	0.4545	0	0
hadur2.Hadur 3.10	hirataatsushi.Trinity 0.003	weak		2	7	1	1	355	80.0	0.0	0.3636	0	0
hadur2.Hadur 3.10	hirataatsushi.Trinity 0.003	weak		2	8	1	1	442	77.0	8.0	0.2353	0	0
hadur2.Hadur 3.10	hirataatsushi.Trinity 0.003	weak		2	9	1	1	337	85.0	0.0	0.5000	0	0
hadur2.Hadur 3.10	hirataatsushi.Trinity 0.003	weak		2	10	1	1	291	88.0	0.0	0.7143	0	0
hadur2.Hadur 3.10	hirataatsushi.Trinity 0.003	weak		2	11	1	1	358	92.0	21.0	0.5833	0	0
hadur2.Hadur 3.10	hirataatsushi.Trinity 0.003	weak		2	12	1	1	315	90.0	12.0	0.5556	0	0
hadur2.Hadur 3.10	hirataatsushi.Trinity 0.003	weak		2	13	1	1	464	72.0	4.0	0.2222	0	0
hadur2.Hadur 3.10	hirataatsushi.Trinity 0.003	weak		2	14	1	1	327	82.0	0.0	0.5000	0	0
hadur2.Hadur 3.10	hirataatsushi.Trinity 0.003	weak		2	15	1	1	309	96.0	8.0	0.6250	0	0
hadur2.Hadur 3.10	hirataatsushi.Trinity 0.003	weak		2	16	1	1	380	78.0	4.0	0.3077	0	0
hadur2.Hadur 3.10	hirataatsushi.Trinity 0.003	weak		2	17	1	1	355	98.0	36.0	0.5455	0	0
hadur2.Hadur 3.10	hirataatsushi.Trinity 0.003	weak		2	18	1	1	290	91.0	0.0	0.7143	0	0
hadur2.Hadur 3.10	hirataatsushi.Trinity 0.003	weak		2	19	1	1	458	64.0	27.6	0.2222	0	0
hadur2.Hadur 3.10	hirataatsushi.Trinity 0.003	weak		2	20	1	1	334	80.0	0.0	0.4000	0	0
hadur2.Hadur 3.10	hirataatsushi.Trinity 0.003	weak		2	21	1	1	439	80.0	12.0	0.2353	0	0
hadur2.Hadur 3.10	hirataatsushi.Trinity 0.003	weak		2	22	1	1	297	91.0	4.0	0.6250	0	0
hadur2.Hadur 3.10	hirataatsushi.Trinity 0.003	weak		2	23	1	1	319	96.0	56.0	0.6667	0	0
hadur2.Hadur 3.10	hirataatsushi.Trinity 0.003	weak		2	24	1	1	436	77.0	8.0	0.2500	0	0
hadur2.Hadur 3.10	hirataatsushi.Trinity 0.003	weak		2	25	1	1	311	85.2	4.0	0.5556	0	0
hadur2.Hadur 3.10	hirataatsushi.Trinity 0.003	weak		2	26	1	1	317	95.4	24.0	0.5556	0	0
hadur2.Hadur 3.10	hirataatsushi.Trinity 0.003	weak		2	27	1	1	312	86.0	0.0	0.5556	0	0
hadur2.Hadur 3.10	hirataatsushi.Trinity 0.003	weak		2	28	1	1	314	91.0	20.0	0.5556	0	0
hadur2.Hadur 3.10	hirataatsushi.Trinity 0.003	weak		2	29	1	1	323	109.0	44.0	0.6667	0	0
hadur2.Hadur 3.10	hirataatsushi.Trinity 0.003	weak		2	30	1	1	378	84.0	4.0	0.4615	0	0
hadur2.Hadur 3.10	hirataatsushi.Trinity 0.003	weak		2	31	1	1	335	82.0	0.0	0.5000	0	0
hadur2.Hadur 3.10	hirataatsushi.Trinity 0.003	weak		2	32	1	1	343	81.0	0.0	0.5000	0	0
hadur2.Hadur 3.10	hirataatsushi.Trinity 0.003	weak		2	33	1	1	360	88.4	12.0	0.4167	0	0
hadur2.Hadur 3.10	hirataatsushi.Trinity 0.003	weak		2	34	1	1	350	84.0	4.0	0.4545	0	6
hadur2.Hadur 3.10	hirataatsushi.Trinity 0.003	weak		3	0	1	1	466	105.8	60.0	0.3684	0	5
hadur2.Hadur 3.10	hirataatsushi.Trinity 0.003	weak		3	1	1	1	413	72.4	12.0	0.3529	0	0
hadur2.Hadur 3.10	hirataatsushi.Trinity 0.003	weak		3	2	1	1	473	74.0	4.0	0.2105	0	0
hadur2.Hadur 3.10	hirataatsushi.Trinity 0.003	weak		3	3	1	1	509	71.8	11.0	0.2381	0	0
hadur2.Hadur 3.10	hirataatsushi.Trinity 0.003	weak		3	4	1	1	438	80.0	4.0	0.2353	0	0
hadur2.Hadur 3.10	hirataatsushi.Trinity 0.003	weak		3	5	1	1	410	79.0	4.0	0.2667	0	0
hadur2.Hadur 3.10	hirataatsushi.Trinity 0.003	weak		3	6	1	1	367	85.0	0.0	0.4167	0	0
hadur2.Hadur 3.10	hirataatsushi.Trinity 0.003	weak		3	7	1	1	302	96.0	12.0	0.6250	0	0
hadur2.Hadur 3.10	hirataatsushi.Trinity 0.003	weak		3	8	1	1	365	82.0	0.0	0.4167	0	0
hadur2.Hadur 3.10	hirataatsushi.Trinity 0.003	weak		3	9	1	1	329	88.0	4.0	0.5000	0	0
hadur2.Hadur 3.10	hirataatsushi.Trinity 0.003	weak		3	10	1	1	386	87.0	8.0	0.3571	0	0
hadur2.Hadur 3.10	hirataatsushi.Trinity 0.003	weak		3	11	1	1	344	87.0	8.0	0.4545	0	0
hadur2.Hadur 3.10	hirataatsushi.Trinity 0.003	weak		3	12	1	1	363	86.0	0.0	0.4167	0	0
hadur2.Hadur 3.10	hirataatsushi.Trinity 0.003	weak		3	13	1	1	286	91.0	4.0	0.7143	0	0
hadur2.Hadur 3.10	hirataatsushi.Trinity 0.003	weak		3	14	1	1	390	80.0	4.0	0.3077	0	0
hadur2.Hadur 3.10	hirataatsushi.Trinity 0.003	weak		3	15	1	1	355	86.0	8.0	0.4545	0	0
hadur2.Hadur 3.10	hirataatsushi.Trinity 0.003	weak		3	16	1	1	327	82.0	0.0	0.5000	0	0
hadur2.Hadur 3.10	hirataatsushi.Trinity 0.003	weak		3	17	1	1	337	88.0	8.0	0.5000	0	0
hadur2.Hadur 3.10	hirataatsushi.Trinity 0.003	weak		3	18	1	1	315	83.0	0.0	0.5556	0	0
hadur2.Hadur 3.10	hirataatsushi.Trinity 0.003	weak		3	19	1	1	406	88.0	16.0	0.3571	0	0
hadur2.Hadur 3.10	hirataatsushi.Trinity 0.003	weak		3	20	1	1	383	78.0	0.0	0.3077	0	0
hadur2.Hadur 3.10	hirataatsushi.Trinity 0.003	weak		3	21	1	1	392	80.0	0.0	0.2857	0	0
hadur2.Hadur 3.10	hirataatsushi.Trinity 0.003	weak		3	22	1	1	438	80.0	8.0	0.2353	0	0
hadur2.Hadur 3.10	hirataatsushi.Trinity 0.003	weak		3	23	1	1	417	81.0	8.0	0.3125	0	0
hadur2.Hadur 3.10	hirataatsushi.Trinity 0.003	weak		3	24	1	1	430	80.0	4.0	0.3125	0	0
hadur2.Hadur 3.10	hirataatsushi.Trinity 0.003	weak		3	25	1	1	421	81.0	8.0	0.3333	0	0
hadur2.Hadur 3.10	hirataatsushi.Trinity 0.003	weak		3	26	1	1	328	85.0	4.0	0.5000	0	0
hadur2.Hadur 3.10	hirataatsushi.Trinity 0.003	weak		3	27	1	1	712	65.0	24.0	0.1176	0	0
hadur2.Hadur 3.10	hirataatsushi.Trinity 0.003	weak		3	28	1	1	323	89.0	0.0	0.5556	0	0
hadur2.Hadur 3.10	hirataatsushi.Trinity 0.003	weak		3	29	1	1	306	90.0	0.0	0.6250	0	0
hadur2.Hadur 3.10	hirataatsushi.Trinity 0.003	weak		3	30	1	1	353	80.0	0.0	0.3636	0	0
hadur2.Hadur 3.10	hirataatsushi.Trinity 0.003	weak		3	31	1	1	307	87.0	0.0	0.6250	0	0
hadur2.Hadur 3.10	hirataatsushi.Trinity 0.003	weak		3	32	1	1	353	83.0	0.0	0.4545	0	0
hadur2.Hadur 3.10	hirataatsushi.Trinity 0.003	weak		3	33	1	1	375	85.0	8.0	0.3846	0	0
hadur2.Hadur 3.10	hirataatsushi.Trinity 0.003	weak		3	34	1	1	344	84.0	4.0	0.4545	0	7
hadur2.Hadur 3.10	hirataatsushi.Trinity 0.003	weak		4	0	1	1	306	108.0	28.0	0.7778	0	5
hadur2.Hadur 3.10	hirataatsushi.Trinity 0.003	weak		4	1	1	1	380	84.0	4.0	0.3846	0	0
hadur2.Hadur 3.10	hirataatsushi.Trinity 0.003	weak		4	2	0	0	299	48.0	83.7	0.3750	0	0
hadur2.Hadur 3.10	hirataatsushi.Trinity 0.003	weak		4	3	1	1	343	90.0	8.0	0.4545	0	0
hadur2.Hadur 3.10	hirataatsushi.Trinity 0.003	weak		4	4	1	1	373	79.0	0.0	0.3333	0	0
hadur2.Hadur 3.10	hirataatsushi.Trinity 0.003	weak		4	5	1	1	390	86.0	8.0	0.4286	0	0
hadur2.Hadur 3.10	hirataatsushi.Trinity 0.003	weak		4	6	1	1	310	87.0	4.0	0.6667	0	0
hadur2.Hadur 3.10	hirataatsushi.Trinity 0.003	weak		4	7	1	1	290	94.0	4.0	0.7143	0	0
hadur2.Hadur 3.10	hirataatsushi.Trinity 0.003	weak		4	8	1	1	377	78.0	0.0	0.3077	0	0
hadur2.Hadur 3.10	hirataatsushi.Trinity 0.003	weak		4	9	1	1	396	83.0	4.0	0.3571	0	0
hadur2.Hadur 3.10	hirataatsushi.Trinity 0.003	weak		4	10	1	1	493	70.0	0.0	0.2000	0	0
hadur2.Hadur 3.10	hirataatsushi.Trinity 0.003	weak		4	11	1	1	449	80.0	8.0	0.2941	0	0
hadur2.Hadur 3.10	hirataatsushi.Trinity 0.003	weak		4	12	1	1	323	86.0	0.0	0.5556	0	0
hadur2.Hadur 3.10	hirataatsushi.Trinity 0.003	weak		4	13	1	1	273	92.0	0.0	0.8333	0	1
hadur2.Hadur 3.10	hirataatsushi.Trinity 0.003	weak		4	14	1	1	439	77.0	4.0	0.2353	0	0
hadur2.Hadur 3.10	hirataatsushi.Trinity 0.003	weak		4	15	1	1	425	80.4	8.0	0.3529	0	0
hadur2.Hadur 3.10	hirataatsushi.Trinity 0.003	weak		4	16	1	1	363	86.0	4.0	0.4167	0	0
hadur2.Hadur 3.10	hirataatsushi.Trinity 0.003	weak		4	17	1	1	272	96.0	4.0	0.8333	0	0
hadur2.Hadur 3.10	hirataatsushi.Trinity 0.003	weak		4	18	1	1	386	78.0	0.0	0.3077	0	0
hadur2.Hadur 3.10	hirataatsushi.Trinity 0.003	weak		4	19	1	1	307	90.0	0.0	0.6250	0	0
hadur2.Hadur 3.10	hirataatsushi.Trinity 0.003	weak		4	20	1	1	367	91.0	8.0	0.4167	0	0
hadur2.Hadur 3.10	hirataatsushi.Trinity 0.003	weak		4	21	1	1	436	86.0	16.0	0.3125	0	0
hadur2.Hadur 3.10	hirataatsushi.Trinity 0.003	weak		4	22	1	1	302	84.0	0.0	0.6250	0	0
hadur2.Hadur 3.10	hirataatsushi.Trinity 0.003	weak		4	23	1	1	304	93.0	8.0	0.6250	0	0
hadur2.Hadur 3.10	hirataatsushi.Trinity 0.003	weak		4	24	1	1	453	73.0	4.0	0.2353	0	0
hadur2.Hadur 3.10	hirataatsushi.Trinity 0.003	weak		4	25	1	1	370	80.0	0.0	0.3846	0	0
hadur2.Hadur 3.10	hirataatsushi.Trinity 0.003	weak		4	26	1	1	401	74.0	0.0	0.2857	0	0
hadur2.Hadur 3.10	hirataatsushi.Trinity 0.003	weak		4	27	1	1	476	80.0	16.0	0.2500	0	0
hadur2.Hadur 3.10	hirataatsushi.Trinity 0.003	weak		4	28	1	1	400	80.0	4.0	0.3571	0	0
hadur2.Hadur 3.10	hirataatsushi.Trinity 0.003	weak		4	29	1	1	305	96.0	8.0	0.6250	0	0
hadur2.Hadur 3.10	hirataatsushi.Trinity 0.003	weak		4	30	1	1	373	84.0	8.0	0.4167	0	0
hadur2.Hadur 3.10	hirataatsushi.Trinity 0.003	weak		4	31	1	1	306	93.0	8.0	0.6250	0	0
hadur2.Hadur 3.10	hirataatsushi.Trinity 0.003	weak		4	32	1	1	328	85.0	0.0	0.5000	0	0
hadur2.Hadur 3.10	hirataatsushi.Trinity 0.003	weak		4	33	1	1	305	90.0	8.0	0.6250	0	0
hadur2.Hadur 3.10	hirataatsushi.Trinity 0.003	weak		4	34	1	1	278	92.0	4.0	0.7143	0	5
hadur2.Hadur 3.10	hlavko.nano.Ringo 2.0	weak		1	0	1	1	1152	26.7	64.0	0.2530	298	8
hadur2.Hadur 3.10	hlavko.nano.Ringo 2.0	weak		1	1	1	1	421	50.8	0.0	0.1875	0	1
hadur2.Hadur 3.10	hlavko.nano.Ringo 2.0	weak		1	2	1	1	463	42.6	0.0	0.1111	0	0
hadur2.Hadur 3.10	hlavko.nano.Ringo 2.0	weak		1	3	1	1	441	43.4	0.0	0.1176	0	0
hadur2.Hadur 3.10	hlavko.nano.Ringo 2.0	weak		1	4	1	1	507	35.2	0.0	0.0952	0	0
hadur2.Hadur 3.10	hlavko.nano.Ringo 2.0	weak		1	5	1	1	464	54.9	16.0	0.2381	0	0
hadur2.Hadur 3.10	hlavko.nano.Ringo 2.0	weak		1	6	1	1	562	35.8	16.0	0.1111	0	0
hadur2.Hadur 3.10	hlavko.nano.Ringo 2.0	weak		1	7	1	1	551	54.4	32.0	0.1852	0	0
hadur2.Hadur 3.10	hlavko.nano.Ringo 2.0	weak		1	8	1	1	433	62.1	26.1	0.1875	0	0
hadur2.Hadur 3.10	hlavko.nano.Ringo 2.0	weak		1	9	1	1	409	51.8	0.0	0.2500	0	0
hadur2.Hadur 3.10	hlavko.nano.Ringo 2.0	weak		1	10	1	1	493	38.7	0.0	0.1429	0	0
hadur2.Hadur 3.10	hlavko.nano.Ringo 2.0	weak		1	11	1	1	414	53.5	0.0	0.2000	0	0
hadur2.Hadur 3.10	hlavko.nano.Ringo 2.0	weak		1	12	1	1	382	58.8	0.0	0.2308	0	0
hadur2.Hadur 3.10	hlavko.nano.Ringo 2.0	weak		1	13	1	1	350	62.7	0.0	0.2727	0	0
hadur2.Hadur 3.10	hlavko.nano.Ringo 2.0	weak		1	14	1	1	497	39.4	0.0	0.1000	0	0
hadur2.Hadur 3.10	hlavko.nano.Ringo 2.0	weak		1	15	1	1	477	46.6	0.0	0.2000	0	0
hadur2.Hadur 3.10	hlavko.nano.Ringo 2.0	weak		1	16	1	1	433	46.0	0.0	0.1765	0	0
hadur2.Hadur 3.10	hlavko.nano.Ringo 2.0	weak		1	17	1	1	374	60.1	0.0	0.2857	0	0
hadur2.Hadur 3.10	hlavko.nano.Ringo 2.0	weak		1	18	1	1	353	62.7	0.0	0.2727	0	0
hadur2.Hadur 3.10	hlavko.nano.Ringo 2.0	weak		1	19	1	1	490	48.0	0.0	0.1429	0	0
hadur2.Hadur 3.10	hlavko.nano.Ringo 2.0	weak		1	20	1	1	290	74.1	0.0	0.5714	0	0
hadur2.Hadur 3.10	hlavko.nano.Ringo 2.0	weak		1	21	1	1	358	64.6	0.0	0.3333	0	0
hadur2.Hadur 3.10	hlavko.nano.Ringo 2.0	weak		1	22	1	1	415	64.9	2.3	0.2941	0	0
hadur2.Hadur 3.10	hlavko.nano.Ringo 2.0	weak		1	23	1	1	479	50.1	0.0	0.1500	0	0
hadur2.Hadur 3.10	hlavko.nano.Ringo 2.0	weak		1	24	1	1	400	56.0	16.0	0.2143	0	0
hadur2.Hadur 3.10	hlavko.nano.Ringo 2.0	weak		1	25	1	1	436	52.8	0.0	0.1765	0	0
hadur2.Hadur 3.10	hlavko.nano.Ringo 2.0	weak		1	26	1	1	271	80.0	0.0	0.6667	0	0
hadur2.Hadur 3.10	hlavko.nano.Ringo 2.0	weak		1	27	1	1	348	64.4	5.0	0.3636	0	0
hadur2.Hadur 3.10	hlavko.nano.Ringo 2.0	weak		1	28	1	1	362	60.4	0.0	0.2500	0	0
hadur2.Hadur 3.10	hlavko.nano.Ringo 2.0	weak		1	29	1	1	497	49.1	0.0	0.1364	0	0
hadur2.Hadur 3.10	hlavko.nano.Ringo 2.0	weak		1	30	1	1	282	74.7	0.0	0.5714	0	0
hadur2.Hadur 3.10	hlavko.nano.Ringo 2.0	weak		1	31	1	1	553	32.0	0.0	0.0800	0	0
hadur2.Hadur 3.10	hlavko.nano.Ringo 2.0	weak		1	32	1	1	423	53.2	0.0	0.2500	0	0
hadur2.Hadur 3.10	hlavko.nano.Ringo 2.0	weak		1	33	1	1	363	61.4	0.0	0.3333	0	0
hadur2.Hadur 3.10	hlavko.nano.Ringo 2.0	weak		1	34	1	1	479	39.3	0.0	0.1053	0	4
hadur2.Hadur 3.10	hlavko.nano.Ringo 2.0	weak		2	0	0	0	554	20.4	86.0	0.2000	298	3
hadur2.Hadur 3.10	hlavko.nano.Ringo 2.0	weak		2	1	1	1	531	40.4	0.0	0.1538	0	4
hadur2.Hadur 3.10	hlavko.nano.Ringo 2.0	weak		2	2	1	1	444	47.5	0.0	0.2105	0	0
hadur2.Hadur 3.10	hlavko.nano.Ringo 2.0	weak		2	3	1	1	402	61.6	0.0	0.3750	0	0
hadur2.Hadur 3.10	hlavko.nano.Ringo 2.0	weak		2	4	1	1	359	66.0	0.0	0.3333	0	0
hadur2.Hadur 3.10	hlavko.nano.Ringo 2.0	weak		2	5	1	1	426	47.7	0.0	0.1250	0	0
hadur2.Hadur 3.10	hlavko.nano.Ringo 2.0	weak		2	6	1	1	517	37.5	0.0	0.0909	0	0
hadur2.Hadur 3.10	hlavko.nano.Ringo 2.0	weak		2	7	1	1	370	64.0	0.0	0.2500	0	0
hadur2.Hadur 3.10	hlavko.nano.Ringo 2.0	weak		2	8	1	1	437	41.9	0.0	0.1765	0	0
hadur2.Hadur 3.10	hlavko.nano.Ringo 2.0	weak		2	9	1	1	399	54.8	0.0	0.2667	0	0
hadur2.Hadur 3.10	hlavko.nano.Ringo 2.0	weak		2	10	1	1	396	53.8	0.0	0.2143	0	0
hadur2.Hadur 3.10	hlavko.nano.Ringo 2.0	weak		2	11	1	1	388	79.0	32.0	0.3077	0	0
hadur2.Hadur 3.10	hlavko.nano.Ringo 2.0	weak		2	12	1	1	386	61.6	0.0	0.2308	0	0
hadur2.Hadur 3.10	hlavko.nano.Ringo 2.0	weak		2	13	1	1	510	35.9	0.0	0.0909	0	0
hadur2.Hadur 3.10	hlavko.nano.Ringo 2.0	weak		2	14	1	1	443	58.9	0.0	0.2222	0	0
hadur2.Hadur 3.10	hlavko.nano.Ringo 2.0	weak		2	15	1	1	386	55.8	0.0	0.2308	0	0
hadur2.Hadur 3.10	hlavko.nano.Ringo 2.0	weak		2	16	1	1	415	51.4	0.0	0.1875	0	0
hadur2.Hadur 3.10	hlavko.nano.Ringo 2.0	weak		2	17	1	1	323	75.2	0.0	0.5000	0	0
hadur2.Hadur 3.10	hlavko.nano.Ringo 2.0	weak		2	18	1	1	387	68.5	16.0	0.3077	0	0
hadur2.Hadur 3.10	hlavko.nano.Ringo 2.0	weak		2	19	1	1	455	47.2	0.0	0.1111	0	0
hadur2.Hadur 3.10	hlavko.nano.Ringo 2.0	weak		2	20	1	1	573	37.1	16.0	0.0800	0	0
hadur2.Hadur 3.10	hlavko.nano.Ringo 2.0	weak		2	21	1	1	365	59.9	0.0	0.2500	0	0
hadur2.Hadur 3.10	hlavko.nano.Ringo 2.0	weak		2	22	1	1	392	53.4	0.0	0.2667	0	0
hadur2.Hadur 3.10	hlavko.nano.Ringo 2.0	weak		2	23	1	1	622	27.9	16.0	0.0645	0	0
hadur2.Hadur 3.10	hlavko.nano.Ringo 2.0	weak		2	24	1	1	498	47.0	16.0	0.1818	0	0
hadur2.Hadur 3.10	hlavko.nano.Ringo 2.0	weak		2	25	1	1	476	50.7	2.1	0.2727	0	0
hadur2.Hadur 3.10	hlavko.nano.Ringo 2.0	weak		2	26	1	1	532	46.1	4.0	0.1600	0	0
hadur2.Hadur 3.10	hlavko.nano.Ringo 2.0	weak		2	27	1	1	436	51.1	0.0	0.1765	0	0
hadur2.Hadur 3.10	hlavko.nano.Ringo 2.0	weak		2	28	1	1	609	46.5	32.0	0.1429	0	0
hadur2.Hadur 3.10	hlavko.nano.Ringo 2.0	weak		2	29	1	1	461	53.3	16.0	0.2000	0	0
hadur2.Hadur 3.10	hlavko.nano.Ringo 2.0	weak		2	30	1	1	421	52.0	0.0	0.2353	0	0
hadur2.Hadur 3.10	hlavko.nano.Ringo 2.0	weak		2	31	1	1	422	47.2	0.0	0.1333	0	0
hadur2.Hadur 3.10	hlavko.nano.Ringo 2.0	weak		2	32	1	1	389	57.5	0.0	0.2308	0	0
hadur2.Hadur 3.10	hlavko.nano.Ringo 2.0	weak		2	33	1	1	436	51.8	0.0	0.1765	0	0
hadur2.Hadur 3.10	hlavko.nano.Ringo 2.0	weak		2	34	1	1	388	80.0	16.0	0.3333	0	6
hadur2.Hadur 3.10	hlavko.nano.Ringo 2.0	weak		3	0	1	1	483	44.4	4.6	0.1818	0	3
hadur2.Hadur 3.10	hlavko.nano.Ringo 2.0	weak		3	1	1	1	492	42.9	0.0	0.1739	0	0
hadur2.Hadur 3.10	hlavko.nano.Ringo 2.0	weak		3	2	1	1	404	58.8	0.0	0.3529	0	0
hadur2.Hadur 3.10	hlavko.nano.Ringo 2.0	weak		3	3	1	1	302	73.7	0.0	0.5000	0	0
hadur2.Hadur 3.10	hlavko.nano.Ringo 2.0	weak		3	4	1	1	392	58.6	0.0	0.2143	0	0
hadur2.Hadur 3.10	hlavko.nano.Ringo 2.0	weak		3	5	1	1	466	43.0	0.0	0.1111	0	0
hadur2.Hadur 3.10	hlavko.nano.Ringo 2.0	weak		3	6	1	1	451	43.4	0.0	0.1176	0	0
hadur2.Hadur 3.10	hlavko.nano.Ringo 2.0	weak		3	7	1	1	312	73.0	0.0	0.4444	0	0
hadur2.Hadur 3.10	hlavko.nano.Ringo 2.0	weak		3	8	1	1	298	73.8	0.0	0.5000	0	0
hadur2.Hadur 3.10	hlavko.nano.Ringo 2.0	weak		3	9	1	1	573	34.0	0.0	0.0769	0	0
hadur2.Hadur 3.10	hlavko.nano.Ringo 2.0	weak		3	10	1	1	439	48.6	3.7	0.1765	0	0
hadur2.Hadur 3.10	hlavko.nano.Ringo 2.0	weak		3	11	1	1	537	36.7	0.0	0.0870	0	0
hadur2.Hadur 3.10	hlavko.nano.Ringo 2.0	weak		3	12	1	1	528	33.6	0.0	0.1200	0	0
hadur2.Hadur 3.10	hlavko.nano.Ringo 2.0	weak		3	13	1	1	427	58.2	0.0	0.3158	0	0
hadur2.Hadur 3.10	hlavko.nano.Ringo 2.0	weak		3	14	1	1	521	39.2	0.0	0.1600	0	0
hadur2.Hadur 3.10	hlavko.nano.Ringo 2.0	weak		3	15	1	1	435	52.8	0.0	0.1765	0	0
hadur2.Hadur 3.10	hlavko.nano.Ringo 2.0	weak		3	16	1	1	511	33.9	0.0	0.1364	0	0
hadur2.Hadur 3.10	hlavko.nano.Ringo 2.0	weak		3	17	1	1	400	56.3	0.0	0.3125	0	0
hadur2.Hadur 3.10	hlavko.nano.Ringo 2.0	weak		3	18	1	1	332	66.2	0.0	0.4000	0	0
hadur2.Hadur 3.10	hlavko.nano.Ringo 2.0	weak		3	19	1	1	436	64.0	0.0	0.2222	0	0
hadur2.Hadur 3.10	hlavko.nano.Ringo 2.0	weak		3	20	1	1	369	65.9	0.0	0.3077	0	0
hadur2.Hadur 3.10	hlavko.nano.Ringo 2.0	weak		3	21	1	1	348	66.3	0.0	0.3636	0	0
hadur2.Hadur 3.10	hlavko.nano.Ringo 2.0	weak		3	22	1	1	535	37.9	0.0	0.0870	0	0
hadur2.Hadur 3.10	hlavko.nano.Ringo 2.0	weak		3	23	1	1	379	52.2	0.0	0.2308	0	0
hadur2.Hadur 3.10	hlavko.nano.Ringo 2.0	weak		3	24	1	1	363	66.7	0.0	0.3333	0	0
hadur2.Hadur 3.10	hlavko.nano.Ringo 2.0	weak		3	25	1	1	391	65.0	0.0	0.2667	0	0
hadur2.Hadur 3.10	hlavko.nano.Ringo 2.0	weak		3	26	1	1	465	48.7	0.0	0.1579	0	0
hadur2.Hadur 3.10	hlavko.nano.Ringo 2.0	weak		3	27	1	1	434	52.7	0.0	0.1765	0	0
hadur2.Hadur 3.10	hlavko.nano.Ringo 2.0	weak		3	28	1	1	459	49.0	0.0	0.1579	0	0
hadur2.Hadur 3.10	hlavko.nano.Ringo 2.0	weak		3	29	1	1	378	66.4	16.0	0.4286	0	0
hadur2.Hadur 3.10	hlavko.nano.Ringo 2.0	weak		3	30	1	1	439	51.8	0.0	0.1765	0	0
hadur2.Hadur 3.10	hlavko.nano.Ringo 2.0	weak		3	31	1	1	350	66.4	0.0	0.3636	0	0
hadur2.Hadur 3.10	hlavko.nano.Ringo 2.0	weak		3	32	1	1	336	80.0	16.0	0.4545	0	0
hadur2.Hadur 3.10	hlavko.nano.Ringo 2.0	weak		3	33	1	1	498	37.8	0.0	0.0952	0	0
hadur2.Hadur 3.10	hlavko.nano.Ringo 2.0	weak		3	34	1	1	422	51.7	0.0	0.1875	0	5
hadur2.Hadur 3.10	hlavko.nano.Ringo 2.0	weak		4	0	1	1	542	35.0	3.3	0.1154	0	6
hadur2.Hadur 3.10	hlavko.nano.Ringo 2.0	weak		4	1	1	1	404	54.0	0.0	0.3125	0	0
hadur2.Hadur 3.10	hlavko.nano.Ringo 2.0	weak		4	2	1	1	461	47.6	0.0	0.2000	0	0
hadur2.Hadur 3.10	hlavko.nano.Ringo 2.0	weak		4	3	1	1	515	38.7	0.0	0.0952	0	0
hadur2.Hadur 3.10	hlavko.nano.Ringo 2.0	weak		4	4	1	1	327	79.0	32.0	0.4000	0	0
hadur2.Hadur 3.10	hlavko.nano.Ringo 2.0	weak		4	5	1	1	508	35.9	0.0	0.0952	0	0
hadur2.Hadur 3.10	hlavko.nano.Ringo 2.0	weak		4	6	1	1	497	40.0	0.0	0.1429	0	0
hadur2.Hadur 3.10	hlavko.nano.Ringo 2.0	weak		4	7	1	1	536	46.6	0.0	0.1538	0	0
hadur2.Hadur 3.10	hlavko.nano.Ringo 2.0	weak		4	8	1	1	542	38.8	0.0	0.1481	0	0
hadur2.Hadur 3.10	hlavko.nano.Ringo 2.0	weak		4	9	1	1	416	47.0	0.0	0.2353	0	0
hadur2.Hadur 3.10	hlavko.nano.Ringo 2.0	weak		4	10	1	1	374	57.8	0.0	0.3077	0	0
hadur2.Hadur 3.10	hlavko.nano.Ringo 2.0	weak		4	11	1	1	397	55.8	0.0	0.2143	0	0
hadur2.Hadur 3.10	hlavko.nano.Ringo 2.0	weak		4	12	1	1	375	57.5	0.0	0.2308	0	0
hadur2.Hadur 3.10	hlavko.nano.Ringo 2.0	weak		4	13	1	1	394	56.5	0.0	0.2143	0	0
hadur2.Hadur 3.10	hlavko.nano.Ringo 2.0	weak		4	14	1	1	434	52.2	0.0	0.1765	0	0
hadur2.Hadur 3.10	hlavko.nano.Ringo 2.0	weak		4	15	1	1	351	64.9	0.0	0.3636	0	0
hadur2.Hadur 3.10	hlavko.nano.Ringo 2.0	weak		4	16	1	1	424	53.5	0.0	0.1875	0	0
hadur2.Hadur 3.10	hlavko.nano.Ringo 2.0	weak		4	17	1	1	452	47.9	0.0	0.1176	0	0
hadur2.Hadur 3.10	hlavko.nano.Ringo 2.0	weak		4	18	1	1	464	52.1	0.0	0.1579	0	0
hadur2.Hadur 3.10	hlavko.nano.Ringo 2.0	weak		4	19	1	1	444	50.2	0.0	0.1667	0	0
hadur2.Hadur 3.10	hlavko.nano.Ringo 2.0	weak		4	20	1	1	500	40.5	0.0	0.1818	0	0
hadur2.Hadur 3.10	hlavko.nano.Ringo 2.0	weak		4	21	1	1	361	64.4	0.0	0.4167	0	0
hadur2.Hadur 3.10	hlavko.nano.Ringo 2.0	weak		4	22	1	1	379	56.6	0.0	0.3077	0	0
hadur2.Hadur 3.10	hlavko.nano.Ringo 2.0	weak		4	23	1	1	351	69.1	0.0	0.3636	0	0
hadur2.Hadur 3.10	hlavko.nano.Ringo 2.0	weak		4	24	1	1	405	56.0	0.0	0.2000	0	0
hadur2.Hadur 3.10	hlavko.nano.Ringo 2.0	weak		4	25	1	1	455	64.5	16.0	0.2000	0	0
hadur2.Hadur 3.10	hlavko.nano.Ringo 2.0	weak		4	26	1	1	378	65.9	0.0	0.2857	0	0
hadur2.Hadur 3.10	hlavko.nano.Ringo 2.0	weak		4	27	1	1	359	68.8	0.0	0.3333	0	0
hadur2.Hadur 3.10	hlavko.nano.Ringo 2.0	weak		4	28	1	1	323	68.4	0.0	0.4444	0	0
hadur2.Hadur 3.10	hlavko.nano.Ringo 2.0	weak		4	29	1	1	368	62.3	0.0	0.2500	0	0
hadur2.Hadur 3.10	hlavko.nano.Ringo 2.0	weak		4	30	1	1	482	48.0	0.0	0.1500	0	0
hadur2.Hadur 3.10	hlavko.nano.Ringo 2.0	weak		4	31	1	1	383	66.7	0.0	0.2857	0	0
hadur2.Hadur 3.10	hlavko.nano.Ringo 2.0	weak		4	32	1	1	361	59.6	0.0	0.2500	0	0
hadur2.Hadur 3.10	hlavko.nano.Ringo 2.0	weak		4	33	1	1	373	64.1	0.0	0.3077	0	0
hadur2.Hadur 3.10	hlavko.nano.Ringo 2.0	weak		4	34	1	1	430	48.3	0.0	0.1875	0	6
hadur2.Hadur 3.10	jab.micro.Sanguijuela 0.8	weak		1	0	1	1	278	73.7	68.6	0.7143	0	5
hadur2.Hadur 3.10	jab.micro.Sanguijuela 0.8	weak		1	1	1	1	262	73.7	63.4	0.8333	0	0
hadur2.Hadur 3.10	jab.micro.Sanguijuela 0.8	weak		1	2	1	1	344	140.8	128.0	0.7273	0	0
hadur2.Hadur 3.10	jab.micro.Sanguijuela 0.8	weak		1	3	1	1	296	111.4	80.0	0.7500	0	0
hadur2.Hadur 3.10	jab.micro.Sanguijuela 0.8	weak		1	4	1	1	313	125.8	96.0	0.7778	0	0
hadur2.Hadur 3.10	jab.micro.Sanguijuela 0.8	weak		1	5	1	1	323	107.8	64.0	0.7000	0	0
hadur2.Hadur 3.10	jab.micro.Sanguijuela 0.8	weak		1	6	1	1	344	116.8	96.0	0.6364	0	0
hadur2.Hadur 3.10	jab.micro.Sanguijuela 0.8	weak		1	7	1	1	337	97.0	48.0	0.6364	0	0
hadur2.Hadur 3.10	jab.micro.Sanguijuela 0.8	weak		1	8	1	1	313	108.4	80.0	0.6667	0	0
hadur2.Hadur 3.10	jab.micro.Sanguijuela 0.8	weak		1	9	1	1	339	148.0	144.0	0.9091	0	0
hadur2.Hadur 3.10	jab.micro.Sanguijuela 0.8	weak		1	10	1	1	295	110.2	80.0	0.7500	0	0
hadur2.Hadur 3.10	jab.micro.Sanguijuela 0.8	weak		1	11	1	1	280	91.0	32.0	0.7143	0	0
hadur2.Hadur 3.10	jab.micro.Sanguijuela 0.8	weak		1	12	1	1	279	103.0	64.0	0.8571	0	0
hadur2.Hadur 3.10	jab.micro.Sanguijuela 0.8	weak		1	13	1	1	313	134.2	128.0	0.8889	0	0
hadur2.Hadur 3.10	jab.micro.Sanguijuela 0.8	weak		1	14	1	1	265	90.4	32.0	0.8333	0	0
hadur2.Hadur 3.10	jab.micro.Sanguijuela 0.8	weak		1	15	1	1	292	104.2	64.0	0.8750	0	0
hadur2.Hadur 3.10	jab.micro.Sanguijuela 0.8	weak		1	16	1	1	314	124.6	112.0	0.7778	0	0
hadur2.Hadur 3.10	jab.micro.Sanguijuela 0.8	weak		1	17	1	1	376	119.2	96.0	0.5385	0	0
hadur2.Hadur 3.10	jab.micro.Sanguijuela 0.8	weak		1	18	1	1	312	143.8	144.0	0.8889	0	0
hadur2.Hadur 3.10	jab.micro.Sanguijuela 0.8	weak		1	19	1	1	282	88.0	32.0	0.7143	0	0
hadur2.Hadur 3.10	jab.micro.Sanguijuela 0.8	weak		1	20	1	1	328	121.6	96.0	0.7000	0	0
hadur2.Hadur 3.10	jab.micro.Sanguijuela 0.8	weak		1	21	1	1	344	119.8	112.0	0.6364	0	0
hadur2.Hadur 3.10	jab.micro.Sanguijuela 0.8	weak		1	22	1	1	313	143.2	144.0	0.8889	0	0
hadur2.Hadur 3.10	jab.micro.Sanguijuela 0.8	weak		1	23	1	1	309	121.0	80.0	0.8889	0	0
hadur2.Hadur 3.10	jab.micro.Sanguijuela 0.8	weak		1	24	1	1	312	125.8	112.0	0.7778	0	0
hadur2.Hadur 3.10	jab.micro.Sanguijuela 0.8	weak		1	25	1	1	296	118.0	96.0	0.8750	0	0
hadur2.Hadur 3.10	jab.micro.Sanguijuela 0.8	weak		1	26	1	1	298	103.0	48.0	0.7500	0	0
hadur2.Hadur 3.10	jab.micro.Sanguijuela 0.8	weak		1	27	1	1	297	110.8	80.0	0.7500	0	0
hadur2.Hadur 3.10	jab.micro.Sanguijuela 0.8	weak		1	28	1	1	297	110.8	80.0	0.7500	0	0
hadur2.Hadur 3.10	jab.micro.Sanguijuela 0.8	weak		1	29	1	1	296	101.8	48.0	0.7500	0	0
hadur2.Hadur 3.10	jab.micro.Sanguijuela 0.8	weak		1	30	1	1	296	101.8	64.0	0.7500	0	0
hadur2.Hadur 3.10	jab.micro.Sanguijuela 0.8	weak		1	31	1	1	312	134.2	128.0	0.8889	0	0
hadur2.Hadur 3.10	jab.micro.Sanguijuela 0.8	weak		1	32	1	1	295	73.6	48.0	0.5000	0	0
hadur2.Hadur 3.10	jab.micro.Sanguijuela 0.8	weak		1	33	1	1	266	89.2	32.0	0.8333	0	0
hadur2.Hadur 3.10	jab.micro.Sanguijuela 0.8	weak		1	34	1	1	297	127.0	112.0	0.8750	0	7
hadur2.Hadur 3.10	jab.micro.Sanguijuela 0.8	weak		2	0	1	1	265	89.8	32.0	0.8333	0	7
hadur2.Hadur 3.10	jab.micro.Sanguijuela 0.8	weak		2	1	1	1	276	89.7	32.0	0.8571	0	0
hadur2.Hadur 3.10	jab.micro.Sanguijuela 0.8	weak		2	2	1	1	281	104.8	64.0	0.8571	0	0
hadur2.Hadur 3.10	jab.micro.Sanguijuela 0.8	weak		2	3	1	1	312	134.8	128.0	0.8889	0	0
hadur2.Hadur 3.10	jab.micro.Sanguijuela 0.8	weak		2	4	1	1	288	64.0	32.0	0.5714	0	0
hadur2.Hadur 3.10	jab.micro.Sanguijuela 0.8	weak		2	5	1	1	261	77.2	48.0	0.8333	0	0
hadur2.Hadur 3.10	jab.micro.Sanguijuela 0.8	weak		2	6	0	0	263	91.0	87.6	0.8333	0	0
hadur2.Hadur 3.10	jab.micro.Sanguijuela 0.8	weak		2	7	1	1	280	87.4	32.0	0.7143	0	0
hadur2.Hadur 3.10	jab.micro.Sanguijuela 0.8	weak		2	8	1	1	344	119.2	112.0	0.6364	0	0
hadur2.Hadur 3.10	jab.micro.Sanguijuela 0.8	weak		2	9	1	1	360	117.4	96.0	0.5833	0	0
hadur2.Hadur 3.10	jab.micro.Sanguijuela 0.8	weak		2	10	1	1	261	83.8	48.0	0.8333	0	0
hadur2.Hadur 3.10	jab.micro.Sanguijuela 0.8	weak		2	11	1	1	312	134.8	128.0	0.8889	0	0
hadur2.Hadur 3.10	jab.micro.Sanguijuela 0.8	weak		2	12	1	1	270	80.0	64.0	0.8333	0	0
hadur2.Hadur 3.10	jab.micro.Sanguijuela 0.8	weak		2	13	1	1	312	143.2	144.0	0.8889	0	0
hadur2.Hadur 3.10	jab.micro.Sanguijuela 0.8	weak		2	14	1	1	248	74.2	64.0	0.8000	0	0
hadur2.Hadur 3.10	jab.micro.Sanguijuela 0.8	weak		2	15	1	1	246	64.0	34.4	0.8000	0	0
hadur2.Hadur 3.10	jab.micro.Sanguijuela 0.8	weak		2	16	1	1	283	80.0	48.0	0.7143	0	0
hadur2.Hadur 3.10	jab.micro.Sanguijuela 0.8	weak		2	17	1	1	231	62.2	64.0	0.7500	0	0
hadur2.Hadur 3.10	jab.micro.Sanguijuela 0.8	weak		2	18	1	1	361	135.8	125.6	0.6667	0	0
hadur2.Hadur 3.10	jab.micro.Sanguijuela 0.8	weak		2	19	1	1	295	85.6	48.0	0.6250	0	0
hadur2.Hadur 3.10	jab.micro.Sanguijuela 0.8	weak		2	20	1	1	268	80.0	48.0	0.8333	0	0
hadur2.Hadur 3.10	jab.micro.Sanguijuela 0.8	weak		2	21	1	1	248	78.4	48.0	0.8000	0	0
hadur2.Hadur 3.10	jab.micro.Sanguijuela 0.8	weak		2	22	1	1	252	80.0	48.0	1.0000	0	0
hadur2.Hadur 3.10	jab.micro.Sanguijuela 0.8	weak		2	23	0	0	232	64.0	64.0	0.7500	0	0
hadur2.Hadur 3.10	jab.micro.Sanguijuela 0.8	weak		2	24	1	1	303	108.1	96.0	0.8750	0	0
hadur2.Hadur 3.10	jab.micro.Sanguijuela 0.8	weak		2	25	1	1	296	119.8	96.0	0.8750	0	0
hadur2.Hadur 3.10	jab.micro.Sanguijuela 0.8	weak		2	26	1	1	331	102.6	43.2	0.6000	0	0
hadur2.Hadur 3.10	jab.micro.Sanguijuela 0.8	weak		2	27	1	1	296	119.8	96.0	0.8750	0	0
hadur2.Hadur 3.10	jab.micro.Sanguijuela 0.8	weak		2	28	1	1	328	122.2	112.0	0.7000	0	0
hadur2.Hadur 3.10	jab.micro.Sanguijuela 0.8	weak		2	29	1	1	281	97.0	64.0	0.8571	0	0
hadur2.Hadur 3.10	jab.micro.Sanguijuela 0.8	weak		2	30	1	1	392	116.2	112.0	0.5000	0	0
hadur2.Hadur 3.10	jab.micro.Sanguijuela 0.8	weak		2	31	1	1	292	104.8	64.0	0.8750	0	0
hadur2.Hadur 3.10	jab.micro.Sanguijuela 0.8	weak		2	32	1	1	328	116.8	96.0	0.7000	0	0
hadur2.Hadur 3.10	jab.micro.Sanguijuela 0.8	weak		2	33	1	1	312	107.8	80.0	0.6667	0	0
hadur2.Hadur 3.10	jab.micro.Sanguijuela 0.8	weak		2	34	1	1	280	96.4	48.0	0.8571	0	5
hadur2.Hadur 3.10	jab.micro.Sanguijuela 0.8	weak		3	0	0	0	263	87.4	84.6	0.8333	0	0
hadur2.Hadur 3.10	jab.micro.Sanguijuela 0.8	weak		3	1	1	1	263	80.0	77.6	0.8333	0	0
hadur2.Hadur 3.10	jab.micro.Sanguijuela 0.8	weak		3	2	1	1	328	125.8	128.0	0.7000	0	0
hadur2.Hadur 3.10	jab.micro.Sanguijuela 0.8	weak		3	3	1	1	312	108.4	80.0	0.6667	0	0
hadur2.Hadur 3.10	jab.micro.Sanguijuela 0.8	weak		3	4	1	1	312	125.8	112.0	0.7778	0	0
hadur2.Hadur 3.10	jab.micro.Sanguijuela 0.8	weak		3	5	1	1	328	123.4	112.0	0.7000	0	0
hadur2.Hadur 3.10	jab.micro.Sanguijuela 0.8	weak		3	6	1	1	280	95.8	48.0	0.7143	0	0
hadur2.Hadur 3.10	jab.micro.Sanguijuela 0.8	weak		3	7	1	1	280	102.4	64.0	0.8571	0	0
hadur2.Hadur 3.10	jab.micro.Sanguijuela 0.8	weak		3	8	1	1	296	111.4	80.0	0.7500	0	0
hadur2.Hadur 3.10	jab.micro.Sanguijuela 0.8	weak		3	9	1	1	328	104.8	80.0	0.6000	0	0
hadur2.Hadur 3.10	jab.micro.Sanguijuela 0.8	weak		3	10	1	1	392	128.6	112.8	0.5714	0	0
hadur2.Hadur 3.10	jab.micro.Sanguijuela 0.8	weak		3	11	1	1	312	143.8	144.0	0.8889	0	0
hadur2.Hadur 3.10	jab.micro.Sanguijuela 0.8	weak		3	12	1	1	280	87.4	32.0	0.7143	0	0
hadur2.Hadur 3.10	jab.micro.Sanguijuela 0.8	weak		3	13	1	1	328	123.4	112.0	0.7000	0	0
hadur2.Hadur 3.10	jab.micro.Sanguijuela 0.8	weak		3	14	1	1	281	112.0	80.0	0.8571	0	0
hadur2.Hadur 3.10	jab.micro.Sanguijuela 0.8	weak		3	15	1	1	329	122.8	112.0	0.7000	0	0
hadur2.Hadur 3.10	jab.micro.Sanguijuela 0.8	weak		3	16	0	0	385	128.8	135.5	0.6923	0	0
hadur2.Hadur 3.10	jab.micro.Sanguijuela 0.8	weak		3	17	1	1	314	143.2	144.0	0.8889	0	0
hadur2.Hadur 3.10	jab.micro.Sanguijuela 0.8	weak		3	18	1	1	313	107.8	80.0	0.6667	0	0
hadur2.Hadur 3.10	jab.micro.Sanguijuela 0.8	weak		3	19	1	1	263	90.4	32.0	0.8333	0	0
hadur2.Hadur 3.10	jab.micro.Sanguijuela 0.8	weak		3	20	1	1	312	108.4	80.0	0.6667	0	0
hadur2.Hadur 3.10	jab.micro.Sanguijuela 0.8	weak		3	21	1	1	328	123.4	112.0	0.7000	0	0
hadur2.Hadur 3.10	jab.micro.Sanguijuela 0.8	weak		3	22	1	1	312	134.8	128.0	0.8889	0	0
hadur2.Hadur 3.10	jab.micro.Sanguijuela 0.8	weak		3	23	1	1	297	94.0	48.0	0.6250	0	0
hadur2.Hadur 3.10	jab.micro.Sanguijuela 0.8	weak		3	24	1	1	265	91.0	32.0	0.8333	0	0
hadur2.Hadur 3.10	jab.micro.Sanguijuela 0.8	weak		3	25	1	1	296	111.4	80.0	0.7500	0	0
hadur2.Hadur 3.10	jab.micro.Sanguijuela 0.8	weak		3	26	1	1	328	122.8	96.0	0.7000	0	0
hadur2.Hadur 3.10	jab.micro.Sanguijuela 0.8	weak		3	27	1	1	297	110.8	80.0	0.7500	0	0
hadur2.Hadur 3.10	jab.micro.Sanguijuela 0.8	weak		3	28	1	1	296	102.4	64.0	0.7500	0	0
hadur2.Hadur 3.10	jab.micro.Sanguijuela 0.8	weak		3	29	1	1	265	91.0	48.0	0.8333	0	0
hadur2.Hadur 3.10	jab.micro.Sanguijuela 0.8	weak		3	30	1	1	296	101.8	64.0	0.7500	0	0
hadur2.Hadur 3.10	jab.micro.Sanguijuela 0.8	weak		3	31	1	1	376	111.4	96.0	0.4615	0	0
hadur2.Hadur 3.10	jab.micro.Sanguijuela 0.8	weak		3	32	1	1	311	119.8	96.0	0.7778	0	0
hadur2.Hadur 3.10	jab.micro.Sanguijuela 0.8	weak		3	33	1	1	297	94.0	48.0	0.6250	0	0
hadur2.Hadur 3.10	jab.micro.Sanguijuela 0.8	weak		3	34	1	1	281	104.8	64.0	0.8571	0	7
hadur2.Hadur 3.10	jab.micro.Sanguijuela 0.8	weak		4	0	1	1	277	92.8	80.0	0.7143	0	6
hadur2.Hadur 3.10	jab.micro.Sanguijuela 0.8	weak		4	1	1	1	263	83.8	80.0	0.8333	0	0
hadur2.Hadur 3.10	jab.micro.Sanguijuela 0.8	weak		4	2	1	1	312	134.2	128.0	0.8889	0	0
hadur2.Hadur 3.10	jab.micro.Sanguijuela 0.8	weak		4	3	1	1	296	110.8	80.0	0.7500	0	0
hadur2.Hadur 3.10	jab.micro.Sanguijuela 0.8	weak		4	4	1	1	295	120.4	96.0	0.8750	0	0
hadur2.Hadur 3.10	jab.micro.Sanguijuela 0.8	weak		4	5	1	1	345	123.4	96.0	0.6364	0	0
hadur2.Hadur 3.10	jab.micro.Sanguijuela 0.8	weak		4	6	1	1	296	111.4	80.0	0.7500	0	0
hadur2.Hadur 3.10	jab.micro.Sanguijuela 0.8	weak		4	7	1	1	314	125.8	112.0	0.7778	0	0
hadur2.Hadur 3.10	jab.micro.Sanguijuela 0.8	weak		4	8	1	1	281	105.4	64.0	0.8571	0	0
hadur2.Hadur 3.10	jab.micro.Sanguijuela 0.8	weak		4	9	0	0	395	132.9	131.7	0.6429	0	0
hadur2.Hadur 3.10	jab.micro.Sanguijuela 0.8	weak		4	10	1	1	280	79.0	16.0	0.5714	0	0
hadur2.Hadur 3.10	jab.micro.Sanguijuela 0.8	weak		4	11	1	1	312	103.6	64.0	0.6667	0	0
hadur2.Hadur 3.10	jab.micro.Sanguijuela 0.8	weak		4	12	1	1	295	82.6	32.0	0.6250	0	0
hadur2.Hadur 3.10	jab.micro.Sanguijuela 0.8	weak		4	13	1	1	296	119.2	96.0	0.8750	0	0
hadur2.Hadur 3.10	jab.micro.Sanguijuela 0.8	weak		4	14	1	1	344	138.4	144.0	0.7273	0	0
hadur2.Hadur 3.10	jab.micro.Sanguijuela 0.8	weak		4	15	1	1	295	111.7	74.6	0.8750	0	0
hadur2.Hadur 3.10	jab.micro.Sanguijuela 0.8	weak		4	16	1	1	280	104.2	64.0	0.8571	0	0
hadur2.Hadur 3.10	jab.micro.Sanguijuela 0.8	weak		4	17	1	1	324	135.2	112.0	0.9000	0	0
hadur2.Hadur 3.10	jab.micro.Sanguijuela 0.8	weak		4	18	1	1	328	122.2	112.0	0.7000	0	0
hadur2.Hadur 3.10	jab.micro.Sanguijuela 0.8	weak		4	19	1	1	298	85.0	16.0	0.6250	0	0
hadur2.Hadur 3.10	jab.micro.Sanguijuela 0.8	weak		4	20	1	1	296	111.4	80.0	0.7500	0	0
hadur2.Hadur 3.10	jab.micro.Sanguijuela 0.8	weak		4	21	1	1	312	143.2	144.0	0.8889	0	0
hadur2.Hadur 3.10	jab.micro.Sanguijuela 0.8	weak		4	22	1	1	295	102.4	64.0	0.7500	0	0
hadur2.Hadur 3.10	jab.micro.Sanguijuela 0.8	weak		4	23	1	1	296	110.8	80.0	0.7500	0	0
hadur2.Hadur 3.10	jab.micro.Sanguijuela 0.8	weak		4	24	1	1	282	105.4	48.0	0.8571	0	0
hadur2.Hadur 3.10	jab.micro.Sanguijuela 0.8	weak		4	25	1	1	327	131.8	128.0	0.8000	0	0
hadur2.Hadur 3.10	jab.micro.Sanguijuela 0.8	weak		4	26	1	1	280	105.4	64.0	0.8571	0	0
hadur2.Hadur 3.10	jab.micro.Sanguijuela 0.8	weak		4	27	1	1	344	138.4	144.0	0.7273	0	0
hadur2.Hadur 3.10	jab.micro.Sanguijuela 0.8	weak		4	28	1	1	296	119.8	96.0	0.8750	0	0
hadur2.Hadur 3.10	jab.micro.Sanguijuela 0.8	weak		4	29	1	1	295	92.8	64.0	0.7500	0	0
hadur2.Hadur 3.10	jab.micro.Sanguijuela 0.8	weak		4	30	1	1	323	116.8	96.0	0.8000	0	0
hadur2.Hadur 3.10	jab.micro.Sanguijuela 0.8	weak		4	31	1	1	344	122.8	112.0	0.6364	0	0
hadur2.Hadur 3.10	jab.micro.Sanguijuela 0.8	weak		4	32	1	1	310	124.0	106.6	0.8889	0	0
hadur2.Hadur 3.10	jab.micro.Sanguijuela 0.8	weak		4	33	1	1	280	91.0	32.0	0.7143	0	0
hadur2.Hadur 3.10	jab.micro.Sanguijuela 0.8	weak		4	34	1	1	297	110.8	80.0	0.7500	0	6
hadur2.Hadur 3.10	jmcd.BeoWulf 2.8	weak		1	0	1	1	774	66.6	37.0	0.1556	0	5
hadur2.Hadur 3.10	jmcd.BeoWulf 2.8	weak		1	1	1	1	816	58.4	35.6	0.1200	0	0
hadur2.Hadur 3.10	jmcd.BeoWulf 2.8	weak		1	2	1	1	1126	19.3	50.1	0.1829	0	0
hadur2.Hadur 3.10	jmcd.BeoWulf 2.8	weak		1	3	1	1	546	71.3	37.5	0.1667	0	0
hadur2.Hadur 3.10	jmcd.BeoWulf 2.8	weak		1	4	1	1	1059	24.6	27.7	0.2090	0	0
hadur2.Hadur 3.10	jmcd.BeoWulf 2.8	weak		1	5	0	0	738	38.0	30.6	0.1316	0	0
hadur2.Hadur 3.10	jmcd.BeoWulf 2.8	weak		1	6	1	1	887	27.2	9.9	0.1765	0	0
hadur2.Hadur 3.10	jmcd.BeoWulf 2.8	weak		1	7	1	1	817	45.4	18.6	0.1064	0	0
hadur2.Hadur 3.10	jmcd.BeoWulf 2.8	weak		1	8	1	1	441	74.3	8.8	0.2941	0	0
hadur2.Hadur 3.10	jmcd.BeoWulf 2.8	weak		1	9	1	1	600	60.3	15.3	0.1667	0	0
hadur2.Hadur 3.10	jmcd.BeoWulf 2.8	weak		1	10	1	1	831	43.0	25.9	0.1429	0	0
hadur2.Hadur 3.10	jmcd.BeoWulf 2.8	weak		1	11	1	1	705	53.1	20.3	0.1316	0	0
hadur2.Hadur 3.10	jmcd.BeoWulf 2.8	weak		1	12	1	1	1053	50.9	28.9	0.1045	0	0
hadur2.Hadur 3.10	jmcd.BeoWulf 2.8	weak		1	13	1	1	729	66.8	35.8	0.1750	0	0
hadur2.Hadur 3.10	jmcd.BeoWulf 2.8	weak		1	14	1	1	501	77.5	21.8	0.3182	0	0
hadur2.Hadur 3.10	jmcd.BeoWulf 2.8	weak		1	15	0	0	855	10.6	26.6	0.1400	0	0
hadur2.Hadur 3.10	jmcd.BeoWulf 2.8	weak		1	16	1	1	985	52.6	44.5	0.1935	0	0
hadur2.Hadur 3.10	jmcd.BeoWulf 2.8	weak		1	17	1	1	605	69.7	48.5	0.1481	0	0
hadur2.Hadur 3.10	jmcd.BeoWulf 2.8	weak		1	18	1	1	650	42.3	0.0	0.0968	0	0
hadur2.Hadur 3.10	jmcd.BeoWulf 2.8	weak		1	19	1	1	809	38.2	8.5	0.0889	0	0
hadur2.Hadur 3.10	jmcd.BeoWulf 2.8	weak		1	20	1	1	640	69.8	17.9	0.2059	0	0
hadur2.Hadur 3.10	jmcd.BeoWulf 2.8	weak		1	21	1	1	899	36.4	19.8	0.1250	0	0
hadur2.Hadur 3.10	jmcd.BeoWulf 2.8	weak		1	22	1	1	764	43.7	11.0	0.0976	0	0
hadur2.Hadur 3.10	jmcd.BeoWulf 2.8	weak		1	23	1	1	962	45.6	30.0	0.1452	0	0
hadur2.Hadur 3.10	jmcd.BeoWulf 2.8	weak		1	24	1	1	693	49.6	7.7	0.1351	0	1
hadur2.Hadur 3.10	jmcd.BeoWulf 2.8	weak		1	25	1	1	711	52.2	14.1	0.1351	0	0
hadur2.Hadur 3.10	jmcd.BeoWulf 2.8	weak		1	26	1	1	537	105.3	52.0	0.2800	0	0
hadur2.Hadur 3.10	jmcd.BeoWulf 2.8	weak		1	27	1	1	620	57.1	15.0	0.1034	0	0
hadur2.Hadur 3.10	jmcd.BeoWulf 2.8	weak		1	28	1	1	532	62.1	4.7	0.1739	0	0
hadur2.Hadur 3.10	jmcd.BeoWulf 2.8	weak		1	29	1	1	601	60.9	4.3	0.1724	0	0
hadur2.Hadur 3.10	jmcd.BeoWulf 2.8	weak		1	30	1	1	895	44.1	20.5	0.1132	0	0
hadur2.Hadur 3.10	jmcd.BeoWulf 2.8	weak		1	31	1	1	985	49.3	29.1	0.1290	0	0
hadur2.Hadur 3.10	jmcd.BeoWulf 2.8	weak		1	32	1	1	746	58.3	13.1	0.1463	0	0
hadur2.Hadur 3.10	jmcd.BeoWulf 2.8	weak		1	33	1	1	798	58.3	12.2	0.1277	0	0
hadur2.Hadur 3.10	jmcd.BeoWulf 2.8	weak		1	34	1	1	604	61.1	14.8	0.1935	0	6
hadur2.Hadur 3.10	jmcd.BeoWulf 2.8	weak		2	0	1	1	603	62.3	12.5	0.1935	0	6
hadur2.Hadur 3.10	jmcd.BeoWulf 2.8	weak		2	1	1	1	784	48.4	50.9	0.1915	0	0
hadur2.Hadur 3.10	jmcd.BeoWulf 2.8	weak		2	2	1	1	772	52.1	27.3	0.1190	0	1
hadur2.Hadur 3.10	jmcd.BeoWulf 2.8	weak		2	3	1	1	634	46.8	13.7	0.1250	0	0
hadur2.Hadur 3.10	jmcd.BeoWulf 2.8	weak		2	4	1	1	700	58.9	34.3	0.1842	0	0
hadur2.Hadur 3.10	jmcd.BeoWulf 2.8	weak		2	5	1	1	1102	42.2	43.5	0.1733	0	0
hadur2.Hadur 3.10	jmcd.BeoWulf 2.8	weak		2	6	1	1	576	52.2	0.0	0.1481	0	0
hadur2.Hadur 3.10	jmcd.BeoWulf 2.8	weak		2	7	1	1	1219	19.1	29.6	0.1279	0	0
hadur2.Hadur 3.10	jmcd.BeoWulf 2.8	weak		2	8	1	1	776	56.5	22.7	0.1395	0	0
hadur2.Hadur 3.10	jmcd.BeoWulf 2.8	weak		2	9	1	1	699	55.8	21.9	0.1579	0	0
hadur2.Hadur 3.10	jmcd.BeoWulf 2.8	weak		2	10	1	1	812	59.4	27.6	0.1429	0	0
hadur2.Hadur 3.10	jmcd.BeoWulf 2.8	weak		2	11	1	1	577	55.1	0.0	0.1786	0	0
hadur2.Hadur 3.10	jmcd.BeoWulf 2.8	weak		2	12	1	1	693	50.3	17.3	0.1351	0	0
hadur2.Hadur 3.10	jmcd.BeoWulf 2.8	weak		2	13	1	1	824	57.9	29.4	0.1458	0	0
hadur2.Hadur 3.10	jmcd.BeoWulf 2.8	weak		2	14	1	1	1066	39.1	41.0	0.1781	0	0
hadur2.Hadur 3.10	jmcd.BeoWulf 2.8	weak		2	15	1	1	684	54.6	16.2	0.1389	0	0
hadur2.Hadur 3.10	jmcd.BeoWulf 2.8	weak		2	16	1	1	599	65.9	11.2	0.1429	0	0
hadur2.Hadur 3.10	jmcd.BeoWulf 2.8	weak		2	17	1	1	1112	44.8	33.5	0.1600	0	0
hadur2.Hadur 3.10	jmcd.BeoWulf 2.8	weak		2	18	1	1	805	36.1	19.8	0.1277	0	0
hadur2.Hadur 3.10	jmcd.BeoWulf 2.8	weak		2	19	1	1	498	71.7	7.0	0.2000	0	0
hadur2.Hadur 3.10	jmcd.BeoWulf 2.8	weak		2	20	1	1	1006	36.7	6.4	0.0645	0	0
hadur2.Hadur 3.10	jmcd.BeoWulf 2.8	weak		2	21	1	1	567	59.8	8.2	0.2143	0	0
hadur2.Hadur 3.10	jmcd.BeoWulf 2.8	weak		2	22	1	1	975	56.1	53.3	0.1746	0	0
hadur2.Hadur 3.10	jmcd.BeoWulf 2.8	weak		2	23	1	1	599	67.4	1.4	0.1613	0	0
hadur2.Hadur 3.10	jmcd.BeoWulf 2.8	weak		2	24	1	1	655	64.9	4.0	0.1622	0	0
hadur2.Hadur 3.10	jmcd.BeoWulf 2.8	weak		2	25	1	1	571	60.0	0.9	0.2143	0	0
hadur2.Hadur 3.10	jmcd.BeoWulf 2.8	weak		2	26	1	1	937	52.0	52.5	0.1967	0	0
hadur2.Hadur 3.10	jmcd.BeoWulf 2.8	weak		2	27	1	1	506	78.0	16.8	0.1905	0	0
hadur2.Hadur 3.10	jmcd.BeoWulf 2.8	weak		2	28	1	1	1101	37.3	22.8	0.2143	0	0
hadur2.Hadur 3.10	jmcd.BeoWulf 2.8	weak		2	29	1	1	576	74.4	23.7	0.1600	0	0
hadur2.Hadur 3.10	jmcd.BeoWulf 2.8	weak		2	30	1	1	726	54.7	11.6	0.0857	0	0
hadur2.Hadur 3.10	jmcd.BeoWulf 2.8	weak		2	31	1	1	644	47.9	0.0	0.1212	0	0
hadur2.Hadur 3.10	jmcd.BeoWulf 2.8	weak		2	32	1	1	738	57.5	21.3	0.1463	0	0
hadur2.Hadur 3.10	jmcd.BeoWulf 2.8	weak		2	33	1	1	869	40.1	21.7	0.1321	0	0
hadur2.Hadur 3.10	jmcd.BeoWulf 2.8	weak		2	34	1	1	640	56.3	7.5	0.1515	0	6
hadur2.Hadur 3.10	jmcd.BeoWulf 2.8	weak		3	0	1	1	983	41.0	37.4	0.1719	0	7
hadur2.Hadur 3.10	jmcd.BeoWulf 2.8	weak		3	1	1	1	714	50.1	20.6	0.1892	0	0
hadur2.Hadur 3.10	jmcd.BeoWulf 2.8	weak		3	2	1	1	620	65.0	19.2	0.1290	0	0
hadur2.Hadur 3.10	jmcd.BeoWulf 2.8	weak		3	3	1	1	1198	17.3	31.7	0.1667	0	0
hadur2.Hadur 3.10	jmcd.BeoWulf 2.8	weak		3	4	1	1	1007	26.3	24.9	0.1194	0	0
hadur2.Hadur 3.10	jmcd.BeoWulf 2.8	weak		3	5	1	1	566	56.1	10.4	0.1852	0	0
hadur2.Hadur 3.10	jmcd.BeoWulf 2.8	weak		3	6	1	1	1097	37.7	42.7	0.1867	0	0
hadur2.Hadur 3.10	jmcd.BeoWulf 2.8	weak		3	7	1	1	563	56.8	0.0	0.1600	0	0
hadur2.Hadur 3.10	jmcd.BeoWulf 2.8	weak		3	8	1	1	1259	38.5	36.9	0.2093	0	1
hadur2.Hadur 3.10	jmcd.BeoWulf 2.8	weak		3	9	1	1	1042	36.1	20.0	0.1875	0	0
hadur2.Hadur 3.10	jmcd.BeoWulf 2.8	weak		3	10	1	1	702	55.7	18.5	0.1429	0	0
hadur2.Hadur 3.10	jmcd.BeoWulf 2.8	weak		3	11	1	1	582	54.6	0.0	0.1200	0	0
hadur2.Hadur 3.10	jmcd.BeoWulf 2.8	weak		3	12	1	1	688	57.0	17.6	0.1429	0	1
hadur2.Hadur 3.10	jmcd.BeoWulf 2.8	weak		3	13	1	1	618	49.0	0.0	0.1563	0	0
hadur2.Hadur 3.10	jmcd.BeoWulf 2.8	weak		3	14	1	1	646	64.6	29.0	0.1818	0	0
hadur2.Hadur 3.10	jmcd.BeoWulf 2.8	weak		3	15	1	1	728	57.6	27.9	0.1750	0	0
hadur2.Hadur 3.10	jmcd.BeoWulf 2.8	weak		3	16	1	1	435	72.4	0.0	0.2500	0	0
hadur2.Hadur 3.10	jmcd.BeoWulf 2.8	weak		3	17	1	1	1009	39.8	14.7	0.1639	0	0
hadur2.Hadur 3.10	jmcd.BeoWulf 2.8	weak		3	18	1	1	647	45.4	0.0	0.1212	0	0
hadur2.Hadur 3.10	jmcd.BeoWulf 2.8	weak		3	19	1	1	713	56.2	19.9	0.1316	0	0
hadur2.Hadur 3.10	jmcd.BeoWulf 2.8	weak		3	20	1	1	722	55.6	18.4	0.1282	0	0
hadur2.Hadur 3.10	jmcd.BeoWulf 2.8	weak		3	21	1	1	957	38.1	34.1	0.1935	0	0
hadur2.Hadur 3.10	jmcd.BeoWulf 2.8	weak		3	22	1	1	870	41.5	13.6	0.1250	0	0
hadur2.Hadur 3.10	jmcd.BeoWulf 2.8	weak		3	23	1	1	735	44.0	21.6	0.1282	0	0
hadur2.Hadur 3.10	jmcd.BeoWulf 2.8	weak		3	24	1	1	562	57.3	3.9	0.1786	0	0
hadur2.Hadur 3.10	jmcd.BeoWulf 2.8	weak		3	25	1	1	514	61.6	0.0	0.2083	0	0
hadur2.Hadur 3.10	jmcd.BeoWulf 2.8	weak		3	26	1	1	530	82.8	43.3	0.2174	0	0
hadur2.Hadur 3.10	jmcd.BeoWulf 2.8	weak		3	27	1	1	446	79.9	30.8	0.2353	0	0
hadur2.Hadur 3.10	jmcd.BeoWulf 2.8	weak		3	28	1	1	619	65.2	13.6	0.1379	0	0
hadur2.Hadur 3.10	jmcd.BeoWulf 2.8	weak		3	29	1	1	527	75.1	25.1	0.2273	0	0
hadur2.Hadur 3.10	jmcd.BeoWulf 2.8	weak		3	30	1	1	751	71.9	12.0	0.1395	0	0
hadur2.Hadur 3.10	jmcd.BeoWulf 2.8	weak		3	31	1	1	629	53.1	2.0	0.1563	0	0
hadur2.Hadur 3.10	jmcd.BeoWulf 2.8	weak		3	32	1	1	549	62.5	9.1	0.2308	0	0
hadur2.Hadur 3.10	jmcd.BeoWulf 2.8	weak		3	33	1	1	706	45.0	13.5	0.1316	0	0
hadur2.Hadur 3.10	jmcd.BeoWulf 2.8	weak		3	34	1	1	677	47.1	0.0	0.0882	0	5
hadur2.Hadur 3.10	jmcd.BeoWulf 2.8	weak		4	0	1	1	647	47.6	26.5	0.1765	0	6
hadur2.Hadur 3.10	jmcd.BeoWulf 2.8	weak		4	1	1	1	594	37.7	11.6	0.1000	0	0
hadur2.Hadur 3.10	jmcd.BeoWulf 2.8	weak		4	2	1	1	870	34.8	22.0	0.1154	0	0
hadur2.Hadur 3.10	jmcd.BeoWulf 2.8	weak		4	3	1	1	638	60.9	29.0	0.1818	0	0
hadur2.Hadur 3.10	jmcd.BeoWulf 2.8	weak		4	4	1	1	720	45.2	8.0	0.1053	0	0
hadur2.Hadur 3.10	jmcd.BeoWulf 2.8	weak		4	5	1	1	763	44.8	13.5	0.0952	0	0
hadur2.Hadur 3.10	jmcd.BeoWulf 2.8	weak		4	6	1	1	799	45.6	20.6	0.1304	0	0
hadur2.Hadur 3.10	jmcd.BeoWulf 2.8	weak		4	7	1	1	647	55.4	9.6	0.1471	0	0
hadur2.Hadur 3.10	jmcd.BeoWulf 2.8	weak		4	8	1	1	493	66.7	6.1	0.2273	0	0
hadur2.Hadur 3.10	jmcd.BeoWulf 2.8	weak		4	9	1	1	683	70.5	25.9	0.1471	0	0
hadur2.Hadur 3.10	jmcd.BeoWulf 2.8	weak		4	10	1	1	551	69.5	15.0	0.1667	0	0
hadur2.Hadur 3.10	jmcd.BeoWulf 2.8	weak		4	11	1	1	488	85.5	27.7	0.2500	0	0
hadur2.Hadur 3.10	jmcd.BeoWulf 2.8	weak		4	12	1	1	1072	38.5	25.9	0.1449	0	0
hadur2.Hadur 3.10	jmcd.BeoWulf 2.8	weak		4	13	1	1	551	65.3	7.4	0.2222	0	0
hadur2.Hadur 3.10	jmcd.BeoWulf 2.8	weak		4	14	1	1	620	58.5	7.4	0.1333	0	0
hadur2.Hadur 3.10	jmcd.BeoWulf 2.8	weak		4	15	1	1	454	72.6	16.3	0.2353	0	0
hadur2.Hadur 3.10	jmcd.BeoWulf 2.8	weak		4	16	1	1	686	51.4	20.4	0.1176	0	0
hadur2.Hadur 3.10	jmcd.BeoWulf 2.8	weak		4	17	1	1	1093	36.2	48.4	0.1867	0	1
hadur2.Hadur 3.10	jmcd.BeoWulf 2.8	weak		4	18	1	1	789	42.8	14.0	0.1163	0	0
hadur2.Hadur 3.10	jmcd.BeoWulf 2.8	weak		4	19	0	0	1067	46.8	48.2	0.1449	0	0
hadur2.Hadur 3.10	jmcd.BeoWulf 2.8	weak		4	20	1	1	572	70.8	27.0	0.2222	0	0
hadur2.Hadur 3.10	jmcd.BeoWulf 2.8	weak		4	21	1	1	490	74.6	20.5	0.2000	0	0
hadur2.Hadur 3.10	jmcd.BeoWulf 2.8	weak		4	22	1	1	560	67.1	23.1	0.1667	0	0
hadur2.Hadur 3.10	jmcd.BeoWulf 2.8	weak		4	23	1	1	581	55.7	7.9	0.1200	0	0
hadur2.Hadur 3.10	jmcd.BeoWulf 2.8	weak		4	24	1	1	653	71.9	14.1	0.1714	0	0
hadur2.Hadur 3.10	jmcd.BeoWulf 2.8	weak		4	25	1	1	649	62.8	21.9	0.1765	0	0
hadur2.Hadur 3.10	jmcd.BeoWulf 2.8	weak		4	26	1	1	984	40.3	36.0	0.1935	0	0
hadur2.Hadur 3.10	jmcd.BeoWulf 2.8	weak		4	27	1	1	630	63.2	20.2	0.1379	0	0
hadur2.Hadur 3.10	jmcd.BeoWulf 2.8	weak		4	28	1	1	969	31.2	21.4	0.1475	0	0
hadur2.Hadur 3.10	jmcd.BeoWulf 2.8	weak		4	29	1	1	800	63.3	28.7	0.1364	0	0
hadur2.Hadur 3.10	jmcd.BeoWulf 2.8	weak		4	30	1	1	440	71.9	0.0	0.2941	0	0
hadur2.Hadur 3.10	jmcd.BeoWulf 2.8	weak		4	31	1	1	512	83.8	26.7	0.2381	0	0
hadur2.Hadur 3.10	jmcd.BeoWulf 2.8	weak		4	32	1	1	769	49.7	13.2	0.1463	0	0
hadur2.Hadur 3.10	jmcd.BeoWulf 2.8	weak		4	33	1	1	959	37.7	27.7	0.2000	0	0
hadur2.Hadur 3.10	jmcd.BeoWulf 2.8	weak		4	34	1	1	600	58.3	11.3	0.1154	0	6
hadur2.Hadur 3.10	js.PinBall 1.6	weak		1	0	1	1	613	51.7	28.0	0.1613	0	3
hadur2.Hadur 3.10	js.PinBall 1.6	weak		1	1	1	1	392	77.6	0.0	0.5000	0	0
hadur2.Hadur 3.10	js.PinBall 1.6	weak		1	2	1	1	481	64.1	0.0	0.2727	0	0
hadur2.Hadur 3.10	js.PinBall 1.6	weak		1	3	1	1	709	42.3	11.9	0.0588	0	1
hadur2.Hadur 3.10	js.PinBall 1.6	weak		1	4	1	1	536	61.9	6.5	0.1739	0	0
hadur2.Hadur 3.10	js.PinBall 1.6	weak		1	5	1	1	455	66.3	6.3	0.3158	0	0
hadur2.Hadur 3.10	js.PinBall 1.6	weak		1	6	1	1	640	45.1	6.5	0.1290	0	0
hadur2.Hadur 3.10	js.PinBall 1.6	weak		1	7	1	1	362	74.4	8.5	0.3333	0	0
hadur2.Hadur 3.10	js.PinBall 1.6	weak		1	8	1	1	400	74.3	0.0	0.2857	0	0
hadur2.Hadur 3.10	js.PinBall 1.6	weak		1	9	1	1	561	49.1	0.0	0.1250	0	0
hadur2.Hadur 3.10	js.PinBall 1.6	weak		1	10	1	1	413	69.1	0.0	0.3125	0	0
hadur2.Hadur 3.10	js.PinBall 1.6	weak		1	11	1	1	574	53.8	9.3	0.1200	0	0
hadur2.Hadur 3.10	js.PinBall 1.6	weak		1	12	1	1	411	67.5	0.0	0.2667	0	0
hadur2.Hadur 3.10	js.PinBall 1.6	weak		1	13	1	1	400	74.2	6.7	0.2857	0	0
hadur2.Hadur 3.10	js.PinBall 1.6	weak		1	14	1	1	408	67.7	0.0	0.2667	0	0
hadur2.Hadur 3.10	js.PinBall 1.6	weak		1	15	1	1	379	74.8	0.0	0.3077	0	0
hadur2.Hadur 3.10	js.PinBall 1.6	weak		1	16	1	1	509	54.1	0.0	0.1429	0	0
hadur2.Hadur 3.10	js.PinBall 1.6	weak		1	17	1	1	380	70.0	0.0	0.3077	0	0
hadur2.Hadur 3.10	js.PinBall 1.6	weak		1	18	1	1	333	80.0	0.0	0.4545	0	0
hadur2.Hadur 3.10	js.PinBall 1.6	weak		1	19	1	1	348	80.0	0.0	0.4167	0	0
hadur2.Hadur 3.10	js.PinBall 1.6	weak		1	20	1	1	537	48.4	6.1	0.1250	0	0
hadur2.Hadur 3.10	js.PinBall 1.6	weak		1	21	1	1	446	61.5	6.5	0.1765	0	0
hadur2.Hadur 3.10	js.PinBall 1.6	weak		1	22	1	1	471	64.2	6.4	0.2105	0	0
hadur2.Hadur 3.10	js.PinBall 1.6	weak		1	23	1	1	391	67.9	0.0	0.2857	0	0
hadur2.Hadur 3.10	js.PinBall 1.6	weak		1	24	1	1	316	81.6	0.0	0.5556	0	0
hadur2.Hadur 3.10	js.PinBall 1.6	weak		1	25	1	1	563	52.9	6.4	0.1200	0	0
hadur2.Hadur 3.10	js.PinBall 1.6	weak		1	26	1	1	570	48.4	6.2	0.1200	0	0
hadur2.Hadur 3.10	js.PinBall 1.6	weak		1	27	1	1	470	64.0	0.0	0.2105	0	0
hadur2.Hadur 3.10	js.PinBall 1.6	weak		1	28	1	1	527	53.7	6.1	0.2083	0	0
hadur2.Hadur 3.10	js.PinBall 1.6	weak		1	29	1	1	491	61.1	0.0	0.2273	0	0
hadur2.Hadur 3.10	js.PinBall 1.6	weak		1	30	1	1	426	58.6	0.0	0.1875	0	0
hadur2.Hadur 3.10	js.PinBall 1.6	weak		1	31	1	1	496	64.0	1.9	0.1905	0	0
hadur2.Hadur 3.10	js.PinBall 1.6	weak		1	32	1	1	331	80.9	0.0	0.5000	0	0
hadur2.Hadur 3.10	js.PinBall 1.6	weak		1	33	1	1	420	64.0	0.0	0.2500	0	0
hadur2.Hadur 3.10	js.PinBall 1.6	weak		1	34	1	1	402	64.4	0.0	0.2667	0	5
hadur2.Hadur 3.10	js.PinBall 1.6	weak		2	0	1	1	821	39.5	26.1	0.1800	0	6
hadur2.Hadur 3.10	js.PinBall 1.6	weak		2	1	1	1	500	76.0	19.9	0.3478	0	0
hadur2.Hadur 3.10	js.PinBall 1.6	weak		2	2	1	1	360	79.9	0.0	0.3333	0	0
hadur2.Hadur 3.10	js.PinBall 1.6	weak		2	3	1	1	431	71.4	0.0	0.2500	0	0
hadur2.Hadur 3.10	js.PinBall 1.6	weak		2	4	1	1	330	96.2	32.0	0.6000	0	0
hadur2.Hadur 3.10	js.PinBall 1.6	weak		2	5	1	1	365	68.1	7.1	0.3333	0	0
hadur2.Hadur 3.10	js.PinBall 1.6	weak		2	6	1	1	415	74.5	0.0	0.2667	0	0
hadur2.Hadur 3.10	js.PinBall 1.6	weak		2	7	1	1	299	96.4	31.9	0.7500	0	0
hadur2.Hadur 3.10	js.PinBall 1.6	weak		2	8	1	1	408	73.3	5.9	0.2667	0	0
hadur2.Hadur 3.10	js.PinBall 1.6	weak		2	9	1	1	527	64.0	5.8	0.1667	0	0
hadur2.Hadur 3.10	js.PinBall 1.6	weak		2	10	1	1	507	59.5	6.5	0.1429	0	0
hadur2.Hadur 3.10	js.PinBall 1.6	weak		2	11	1	1	392	74.9	0.0	0.2857	0	0
hadur2.Hadur 3.10	js.PinBall 1.6	weak		2	12	1	1	467	70.7	6.3	0.2105	0	0
hadur2.Hadur 3.10	js.PinBall 1.6	weak		2	13	1	1	447	64.4	0.0	0.2222	0	0
hadur2.Hadur 3.10	js.PinBall 1.6	weak		2	14	1	1	365	74.6	0.0	0.3333	0	0
hadur2.Hadur 3.10	js.PinBall 1.6	weak		2	15	1	1	340	80.0	0.0	0.4545	0	0
hadur2.Hadur 3.10	js.PinBall 1.6	weak		2	16	1	1	494	50.7	0.0	0.1500	0	0
hadur2.Hadur 3.10	js.PinBall 1.6	weak		2	17	1	1	508	64.2	10.3	0.1905	0	0
hadur2.Hadur 3.10	js.PinBall 1.6	weak		2	18	1	1	356	77.3	7.2	0.3636	0	0
hadur2.Hadur 3.10	js.PinBall 1.6	weak		2	19	1	1	459	66.1	0.0	0.2105	0	0
hadur2.Hadur 3.10	js.PinBall 1.6	weak		2	20	1	1	576	39.8	0.0	0.0800	0	0
hadur2.Hadur 3.10	js.PinBall 1.6	weak		2	21	1	1	390	75.6	0.0	0.2857	0	0
hadur2.Hadur 3.10	js.PinBall 1.6	weak		2	22	1	1	447	67.4	6.6	0.2353	0	0
hadur2.Hadur 3.10	js.PinBall 1.6	weak		2	23	1	1	352	67.3	0.0	0.3636	0	0
hadur2.Hadur 3.10	js.PinBall 1.6	weak		2	24	1	1	339	77.2	0.0	0.4000	0	0
hadur2.Hadur 3.10	js.PinBall 1.6	weak		2	25	1	1	558	48.0	0.0	0.1200	0	0
hadur2.Hadur 3.10	js.PinBall 1.6	weak		2	26	1	1	427	64.0	4.0	0.2500	0	0
hadur2.Hadur 3.10	js.PinBall 1.6	weak		2	27	1	1	522	64.0	5.6	0.1818	0	0
hadur2.Hadur 3.10	js.PinBall 1.6	weak		2	28	1	1	351	72.9	0.0	0.3636	0	0
hadur2.Hadur 3.10	js.PinBall 1.6	weak		2	29	1	1	444	64.0	2.8	0.2353	0	0
hadur2.Hadur 3.10	js.PinBall 1.6	weak		2	30	1	1	468	64.3	0.0	0.2105	0	0
hadur2.Hadur 3.10	js.PinBall 1.6	weak		2	31	1	1	377	71.3	0.0	0.3077	0	0
hadur2.Hadur 3.10	js.PinBall 1.6	weak		2	32	1	1	416	64.0	0.0	0.2667	0	0
hadur2.Hadur 3.10	js.PinBall 1.6	weak		2	33	1	1	405	66.0	0.0	0.2667	0	0
hadur2.Hadur 3.10	js.PinBall 1.6	weak		2	34	1	1	349	77.7	0.0	0.3636	0	4
hadur2.Hadur 3.10	js.PinBall 1.6	weak		3	0	1	1	541	59.1	10.1	0.2308	0	5
hadur2.Hadur 3.10	js.PinBall 1.6	weak		3	1	1	1	467	72.7	21.8	0.3333	0	0
hadur2.Hadur 3.10	js.PinBall 1.6	weak		3	2	1	1	541	71.5	25.0	0.2692	0	0
hadur2.Hadur 3.10	js.PinBall 1.6	weak		3	3	1	1	711	53.4	12.9	0.1111	0	0
hadur2.Hadur 3.10	js.PinBall 1.6	weak		3	4	1	1	522	52.8	0.0	0.1364	0	0
hadur2.Hadur 3.10	js.PinBall 1.6	weak		3	5	1	1	306	87.1	12.0	0.6250	0	0
hadur2.Hadur 3.10	js.PinBall 1.6	weak		3	6	1	1	467	64.0	0.0	0.2105	0	0
hadur2.Hadur 3.10	js.PinBall 1.6	weak		3	7	1	1	372	75.1	0.0	0.3333	0	0
hadur2.Hadur 3.10	js.PinBall 1.6	weak		3	8	1	1	424	68.1	8.4	0.2500	0	0
hadur2.Hadur 3.10	js.PinBall 1.6	weak		3	9	1	1	525	67.5	21.4	0.1818	0	0
hadur2.Hadur 3.10	js.PinBall 1.6	weak		3	10	1	1	324	82.5	0.0	0.5000	0	0
hadur2.Hadur 3.10	js.PinBall 1.6	weak		3	11	1	1	381	75.4	7.2	0.3846	0	0
hadur2.Hadur 3.10	js.PinBall 1.6	weak		3	12	1	1	491	64.0	0.0	0.1905	0	0
hadur2.Hadur 3.10	js.PinBall 1.6	weak		3	13	1	1	419	66.6	0.0	0.2667	0	0
hadur2.Hadur 3.10	js.PinBall 1.6	weak		3	14	1	1	354	80.1	0.0	0.4167	0	0
hadur2.Hadur 3.10	js.PinBall 1.6	weak		3	15	1	1	369	70.5	0.0	0.3333	0	0
hadur2.Hadur 3.10	js.PinBall 1.6	weak		3	16	1	1	462	60.5	0.0	0.1667	0	0
hadur2.Hadur 3.10	js.PinBall 1.6	weak		3	17	1	1	434	72.0	0.0	0.2500	0	0
hadur2.Hadur 3.10	js.PinBall 1.6	weak		3	18	1	1	465	64.0	0.0	0.2105	0	0
hadur2.Hadur 3.10	js.PinBall 1.6	weak		3	19	1	1	620	48.0	0.0	0.1034	0	0
hadur2.Hadur 3.10	js.PinBall 1.6	weak		3	20	1	1	440	67.2	0.0	0.2353	0	0
hadur2.Hadur 3.10	js.PinBall 1.6	weak		3	21	1	1	358	74.5	0.0	0.3636	0	0
hadur2.Hadur 3.10	js.PinBall 1.6	weak		3	22	1	1	463	65.3	0.0	0.2105	0	0
hadur2.Hadur 3.10	js.PinBall 1.6	weak		3	23	1	1	466	64.0	5.5	0.2105	0	0
hadur2.Hadur 3.10	js.PinBall 1.6	weak		3	24	1	1	539	64.0	14.3	0.1667	0	0
hadur2.Hadur 3.10	js.PinBall 1.6	weak		3	25	1	1	467	67.7	0.0	0.2222	0	0
hadur2.Hadur 3.10	js.PinBall 1.6	weak		3	26	1	1	393	80.0	0.0	0.3333	0	0
hadur2.Hadur 3.10	js.PinBall 1.6	weak		3	27	1	1	526	52.5	0.0	0.1364	0	0
hadur2.Hadur 3.10	js.PinBall 1.6	weak		3	28	1	1	492	64.0	0.0	0.1905	0	0
hadur2.Hadur 3.10	js.PinBall 1.6	weak		3	29	1	1	307	84.3	0.0	0.5556	0	0
hadur2.Hadur 3.10	js.PinBall 1.6	weak		3	30	1	1	317	79.8	0.0	0.4444	0	0
hadur2.Hadur 3.10	js.PinBall 1.6	weak		3	31	1	1	400	74.0	0.0	0.2857	0	0
hadur2.Hadur 3.10	js.PinBall 1.6	weak		3	32	1	1	373	69.1	0.0	0.3333	0	0
hadur2.Hadur 3.10	js.PinBall 1.6	weak		3	33	1	1	378	66.2	0.0	0.3077	0	0
hadur2.Hadur 3.10	js.PinBall 1.6	weak		3	34	1	1	353	71.9	0.0	0.3636	0	6
hadur2.Hadur 3.10	js.PinBall 1.6	weak		4	0	0	0	1042	25.2	55.1	0.1714	298	3
hadur2.Hadur 3.10	js.PinBall 1.6	weak		4	1	1	1	356	74.7	0.0	0.5385	0	5
hadur2.Hadur 3.10	js.PinBall 1.6	weak		4	2	1	1	505	58.6	0.0	0.2500	0	0
hadur2.Hadur 3.10	js.PinBall 1.6	weak		4	3	1	1	462	62.0	0.0	0.1667	0	0
hadur2.Hadur 3.10	js.PinBall 1.6	weak		4	4	1	1	404	81.3	14.1	0.3571	0	0
hadur2.Hadur 3.10	js.PinBall 1.6	weak		4	5	1	1	482	64.8	6.3	0.2000	0	0
hadur2.Hadur 3.10	js.PinBall 1.6	weak		4	6	1	1	441	69.5	0.0	0.2353	0	0
hadur2.Hadur 3.10	js.PinBall 1.6	weak		4	7	1	1	545	54.8	0.0	0.1304	0	0
hadur2.Hadur 3.10	js.PinBall 1.6	weak		4	8	1	1	601	50.8	0.0	0.1379	0	0
hadur2.Hadur 3.10	js.PinBall 1.6	weak		4	9	1	1	427	61.5	0.0	0.2778	0	0
hadur2.Hadur 3.10	js.PinBall 1.6	weak		4	10	1	1	475	53.5	0.0	0.1905	0	0
hadur2.Hadur 3.10	js.PinBall 1.6	weak		4	11	1	1	443	59.8	0.0	0.1765	0	0
hadur2.Hadur 3.10	js.PinBall 1.6	weak		4	12	1	1	451	63.7	0.0	0.1765	0	0
hadur2.Hadur 3.10	js.PinBall 1.6	weak		4	13	1	1	584	48.6	0.0	0.1852	0	0
hadur2.Hadur 3.10	js.PinBall 1.6	weak		4	14	1	1	476	64.0	0.0	0.2000	0	0
hadur2.Hadur 3.10	js.PinBall 1.6	weak		4	15	1	1	424	69.8	0.0	0.2500	0	0
hadur2.Hadur 3.10	js.PinBall 1.6	weak		4	16	1	1	451	67.7	0.0	0.2222	0	0
hadur2.Hadur 3.10	js.PinBall 1.6	weak		4	17	1	1	446	64.1	0.0	0.2353	0	0
hadur2.Hadur 3.10	js.PinBall 1.6	weak		4	18	1	1	342	75.9	0.0	0.3636	0	0
hadur2.Hadur 3.10	js.PinBall 1.6	weak		4	19	1	1	397	74.8	0.0	0.2857	0	0
hadur2.Hadur 3.10	js.PinBall 1.6	weak		4	20	1	1	406	71.5	0.0	0.2667	0	0
hadur2.Hadur 3.10	js.PinBall 1.6	weak		4	21	1	1	357	80.0	0.0	0.4167	0	0
hadur2.Hadur 3.10	js.PinBall 1.6	weak		4	22	1	1	495	64.0	0.0	0.1905	0	0
hadur2.Hadur 3.10	js.PinBall 1.6	weak		4	23	1	1	309	81.1	0.0	0.5556	0	0
hadur2.Hadur 3.10	js.PinBall 1.6	weak		4	24	1	1	368	80.0	0.0	0.3846	0	0
hadur2.Hadur 3.10	js.PinBall 1.6	weak		4	25	1	1	472	64.0	3.8	0.2105	0	0
hadur2.Hadur 3.10	js.PinBall 1.6	weak		4	26	1	1	409	55.8	0.0	0.2000	0	0
hadur2.Hadur 3.10	js.PinBall 1.6	weak		4	27	1	1	363	67.7	0.0	0.3333	0	0
hadur2.Hadur 3.10	js.PinBall 1.6	weak		4	28	1	1	537	53.8	0.0	0.1304	0	0
hadur2.Hadur 3.10	js.PinBall 1.6	weak		4	29	1	1	420	70.7	0.0	0.2667	0	0
hadur2.Hadur 3.10	js.PinBall 1.6	weak		4	30	1	1	441	76.3	5.7	0.2353	0	0
hadur2.Hadur 3.10	js.PinBall 1.6	weak		4	31	1	1	316	79.5	0.0	0.4444	0	0
hadur2.Hadur 3.10	js.PinBall 1.6	weak		4	32	1	1	353	76.0	0.0	0.3636	0	0
hadur2.Hadur 3.10	js.PinBall 1.6	weak		4	33	1	1	394	66.2	0.0	0.2857	0	0
hadur2.Hadur 3.10	js.PinBall 1.6	weak		4	34	1	1	396	76.6	6.2	0.2857	0	6
hadur2.Hadur 3.10	kjc.Karaykan 1.0	weak		1	0	1	1	322	77.6	0.0	0.7273	0	7
hadur2.Hadur 3.10	kjc.Karaykan 1.0	weak		1	1	1	1	421	72.0	10.0	0.4118	0	0
hadur2.Hadur 3.10	kjc.Karaykan 1.0	weak		1	2	1	1	429	66.0	0.0	0.3333	0	0
hadur2.Hadur 3.10	kjc.Karaykan 1.0	weak		1	3	1	1	338	81.0	20.0	0.6667	0	0
hadur2.Hadur 3.10	kjc.Karaykan 1.0	weak		1	4	1	1	323	83.0	10.0	0.7273	0	0
hadur2.Hadur 3.10	kjc.Karaykan 1.0	weak		1	5	1	1	294	89.0	10.0	0.6250	0	0
hadur2.Hadur 3.10	kjc.Karaykan 1.0	weak		1	6	1	1	287	83.0	0.0	0.7143	0	0
hadur2.Hadur 3.10	kjc.Karaykan 1.0	weak		1	7	1	1	401	90.0	30.0	0.3571	0	0
hadur2.Hadur 3.10	kjc.Karaykan 1.0	weak		1	8	1	1	305	85.0	20.0	0.6250	0	0
hadur2.Hadur 3.10	kjc.Karaykan 1.0	weak		1	9	1	1	306	87.0	10.0	0.6250	0	0
hadur2.Hadur 3.10	kjc.Karaykan 1.0	weak		1	10	1	1	297	87.0	10.0	0.6250	0	0
hadur2.Hadur 3.10	kjc.Karaykan 1.0	weak		1	11	1	1	323	77.0	0.0	0.4444	0	0
hadur2.Hadur 3.10	kjc.Karaykan 1.0	weak		1	12	1	1	436	66.0	0.0	0.2353	0	0
hadur2.Hadur 3.10	kjc.Karaykan 1.0	weak		1	13	1	1	300	81.0	0.0	0.6250	0	0
hadur2.Hadur 3.10	kjc.Karaykan 1.0	weak		1	14	1	1	341	75.0	0.0	0.4000	0	0
hadur2.Hadur 3.10	kjc.Karaykan 1.0	weak		1	15	1	1	304	83.0	0.0	0.6250	0	0
hadur2.Hadur 3.10	kjc.Karaykan 1.0	weak		1	16	1	1	387	78.0	10.0	0.3077	0	0
hadur2.Hadur 3.10	kjc.Karaykan 1.0	weak		1	17	1	1	349	82.0	20.0	0.4545	0	0
hadur2.Hadur 3.10	kjc.Karaykan 1.0	weak		1	18	1	1	391	90.0	30.0	0.3571	0	0
hadur2.Hadur 3.10	kjc.Karaykan 1.0	weak		1	19	1	1	361	94.0	30.0	0.4167	0	0
hadur2.Hadur 3.10	kjc.Karaykan 1.0	weak		1	20	1	1	315	80.0	0.0	0.5556	0	0
hadur2.Hadur 3.10	kjc.Karaykan 1.0	weak		1	21	1	1	321	80.0	0.0	0.4444	0	0
hadur2.Hadur 3.10	kjc.Karaykan 1.0	weak		1	22	1	1	306	79.0	0.0	0.5000	0	0
hadur2.Hadur 3.10	kjc.Karaykan 1.0	weak		1	23	1	1	298	81.0	0.0	0.6250	0	0
hadur2.Hadur 3.10	kjc.Karaykan 1.0	weak		1	24	1	1	307	85.0	10.0	0.6250	0	0
hadur2.Hadur 3.10	kjc.Karaykan 1.0	weak		1	25	1	1	303	85.0	10.0	0.6250	0	0
hadur2.Hadur 3.10	kjc.Karaykan 1.0	weak		1	26	1	1	335	77.0	0.0	0.4000	0	0
hadur2.Hadur 3.10	kjc.Karaykan 1.0	weak		1	27	1	1	351	82.0	10.0	0.4545	0	0
hadur2.Hadur 3.10	kjc.Karaykan 1.0	weak		1	28	1	1	444	70.0	10.0	0.2353	0	0
hadur2.Hadur 3.10	kjc.Karaykan 1.0	weak		1	29	1	1	338	109.4	50.0	0.6000	0	0
hadur2.Hadur 3.10	kjc.Karaykan 1.0	weak		1	30	1	1	307	81.0	0.0	0.5556	0	0
hadur2.Hadur 3.10	kjc.Karaykan 1.0	weak		1	31	1	1	302	79.0	0.0	0.5000	0	0
hadur2.Hadur 3.10	kjc.Karaykan 1.0	weak		1	32	1	1	307	80.0	0.0	0.5556	0	0
hadur2.Hadur 3.10	kjc.Karaykan 1.0	weak		1	33	1	1	368	80.0	10.0	0.4167	0	0
hadur2.Hadur 3.10	kjc.Karaykan 1.0	weak		1	34	1	1	321	77.0	0.0	0.4444	0	5
hadur2.Hadur 3.10	kjc.Karaykan 1.0	weak		2	0	1	1	344	77.6	0.0	0.6154	0	6
hadur2.Hadur 3.10	kjc.Karaykan 1.0	weak		2	1	1	1	340	87.3	28.2	0.7500	0	0
hadur2.Hadur 3.10	kjc.Karaykan 1.0	weak		2	2	1	1	328	83.0	10.0	0.7273	0	0
hadur2.Hadur 3.10	kjc.Karaykan 1.0	weak		2	3	1	1	292	94.4	20.0	0.7143	0	0
hadur2.Hadur 3.10	kjc.Karaykan 1.0	weak		2	4	1	1	325	79.0	0.0	0.7273	0	0
hadur2.Hadur 3.10	kjc.Karaykan 1.0	weak		2	5	1	1	339	75.0	0.0	0.5833	0	0
hadur2.Hadur 3.10	kjc.Karaykan 1.0	weak		2	6	1	1	492	58.0	0.0	0.1500	0	0
hadur2.Hadur 3.10	kjc.Karaykan 1.0	weak		2	7	1	1	371	88.0	20.0	0.4167	0	0
hadur2.Hadur 3.10	kjc.Karaykan 1.0	weak		2	8	1	1	360	80.0	10.0	0.3333	0	0
hadur2.Hadur 3.10	kjc.Karaykan 1.0	weak		2	9	1	1	307	79.0	10.0	0.5000	0	0
hadur2.Hadur 3.10	kjc.Karaykan 1.0	weak		2	10	1	1	425	72.0	10.0	0.2500	0	0
hadur2.Hadur 3.10	kjc.Karaykan 1.0	weak		2	11	1	1	307	87.0	10.0	0.6250	0	0
hadur2.Hadur 3.10	kjc.Karaykan 1.0	weak		2	12	1	1	414	90.0	40.0	0.3333	0	0
hadur2.Hadur 3.10	kjc.Karaykan 1.0	weak		2	13	1	1	330	86.0	10.0	0.5000	0	0
hadur2.Hadur 3.10	kjc.Karaykan 1.0	weak		2	14	1	1	317	91.0	20.0	0.5556	0	0
hadur2.Hadur 3.10	kjc.Karaykan 1.0	weak		2	15	1	1	304	93.0	30.0	0.6250	0	0
hadur2.Hadur 3.10	kjc.Karaykan 1.0	weak		2	16	1	1	297	81.5	0.0	0.6250	0	0
hadur2.Hadur 3.10	kjc.Karaykan 1.0	weak		2	17	1	1	298	82.0	0.0	0.6250	0	0
hadur2.Hadur 3.10	kjc.Karaykan 1.0	weak		2	18	1	1	298	81.0	0.0	0.6250	0	0
hadur2.Hadur 3.10	kjc.Karaykan 1.0	weak		2	19	1	1	381	80.0	10.0	0.3846	0	0
hadur2.Hadur 3.10	kjc.Karaykan 1.0	weak		2	20	1	1	308	79.0	0.0	0.5000	0	0
hadur2.Hadur 3.10	kjc.Karaykan 1.0	weak		2	21	1	1	298	87.0	10.0	0.6250	0	0
hadur2.Hadur 3.10	kjc.Karaykan 1.0	weak		2	22	1	1	326	92.0	20.0	0.5556	0	1
hadur2.Hadur 3.10	kjc.Karaykan 1.0	weak		2	23	1	1	298	87.0	20.0	0.6250	0	0
hadur2.Hadur 3.10	kjc.Karaykan 1.0	weak		2	24	1	1	322	80.0	0.0	0.4444	0	0
hadur2.Hadur 3.10	kjc.Karaykan 1.0	weak		2	25	1	1	352	94.0	30.0	0.4545	0	0
hadur2.Hadur 3.10	kjc.Karaykan 1.0	weak		2	26	1	1	304	85.0	10.0	0.6250	0	0
hadur2.Hadur 3.10	kjc.Karaykan 1.0	weak		2	27	1	1	314	80.0	10.0	0.4444	0	0
hadur2.Hadur 3.10	kjc.Karaykan 1.0	weak		2	28	1	1	322	83.0	30.0	0.5556	0	0
hadur2.Hadur 3.10	kjc.Karaykan 1.0	weak		2	29	1	1	247	78.8	40.0	0.8000	0	0
hadur2.Hadur 3.10	kjc.Karaykan 1.0	weak		2	30	1	1	305	85.0	10.0	0.6250	0	0
hadur2.Hadur 3.10	kjc.Karaykan 1.0	weak		2	31	1	1	424	74.0	10.0	0.2500	0	0
hadur2.Hadur 3.10	kjc.Karaykan 1.0	weak		2	32	1	1	311	103.0	50.0	0.6667	0	0
hadur2.Hadur 3.10	kjc.Karaykan 1.0	weak		2	33	1	1	306	85.0	20.0	0.6250	0	0
hadur2.Hadur 3.10	kjc.Karaykan 1.0	weak		2	34	1	1	302	81.0	0.0	0.6250	0	6
hadur2.Hadur 3.10	kjc.Karaykan 1.0	weak		3	0	1	1	653	59.4	50.0	0.2571	0	4
hadur2.Hadur 3.10	kjc.Karaykan 1.0	weak		3	1	1	1	426	78.0	30.0	0.4444	0	0
hadur2.Hadur 3.10	kjc.Karaykan 1.0	weak		3	2	1	1	329	83.0	10.0	0.5000	0	0
hadur2.Hadur 3.10	kjc.Karaykan 1.0	weak		3	3	1	1	490	80.0	40.0	0.2381	0	0
hadur2.Hadur 3.10	kjc.Karaykan 1.0	weak		3	4	1	1	330	95.0	30.0	0.5000	0	0
hadur2.Hadur 3.10	kjc.Karaykan 1.0	weak		3	5	1	1	336	77.0	0.0	0.4000	0	0
hadur2.Hadur 3.10	kjc.Karaykan 1.0	weak		3	6	1	1	312	86.0	10.0	0.5556	0	0
hadur2.Hadur 3.10	kjc.Karaykan 1.0	weak		3	7	1	1	300	81.0	0.0	0.6250	0	0
hadur2.Hadur 3.10	kjc.Karaykan 1.0	weak		3	8	1	1	322	77.0	10.0	0.4444	0	0
hadur2.Hadur 3.10	kjc.Karaykan 1.0	weak		3	9	1	1	361	82.0	10.0	0.4167	0	0
hadur2.Hadur 3.10	kjc.Karaykan 1.0	weak		3	10	1	1	304	80.0	0.0	0.6250	0	0
hadur2.Hadur 3.10	kjc.Karaykan 1.0	weak		3	11	1	1	395	80.0	10.0	0.3571	0	0
hadur2.Hadur 3.10	kjc.Karaykan 1.0	weak		3	12	1	1	366	76.0	0.0	0.3333	0	0
hadur2.Hadur 3.10	kjc.Karaykan 1.0	weak		3	13	1	1	318	82.0	0.0	0.5556	0	0
hadur2.Hadur 3.10	kjc.Karaykan 1.0	weak		3	14	1	1	368	80.0	20.0	0.3333	0	0
hadur2.Hadur 3.10	kjc.Karaykan 1.0	weak		3	15	1	1	316	85.0	10.0	0.5556	0	0
hadur2.Hadur 3.10	kjc.Karaykan 1.0	weak		3	16	1	1	350	80.0	0.0	0.4167	0	0
hadur2.Hadur 3.10	kjc.Karaykan 1.0	weak		3	17	1	1	335	78.0	0.0	0.4000	0	0
hadur2.Hadur 3.10	kjc.Karaykan 1.0	weak		3	18	1	1	521	64.0	10.0	0.1739	0	0
hadur2.Hadur 3.10	kjc.Karaykan 1.0	weak		3	19	1	1	300	90.0	10.0	0.6250	0	0
hadur2.Hadur 3.10	kjc.Karaykan 1.0	weak		3	20	1	1	333	84.0	20.0	0.5000	0	0
hadur2.Hadur 3.10	kjc.Karaykan 1.0	weak		3	21	1	1	296	83.0	0.0	0.6250	0	0
hadur2.Hadur 3.10	kjc.Karaykan 1.0	weak		3	22	1	1	336	96.0	30.0	0.5000	0	0
hadur2.Hadur 3.10	kjc.Karaykan 1.0	weak		3	23	1	1	366	92.0	30.0	0.4167	0	0
hadur2.Hadur 3.10	kjc.Karaykan 1.0	weak		3	24	1	1	295	81.0	0.0	0.6250	0	0
hadur2.Hadur 3.10	kjc.Karaykan 1.0	weak		3	25	1	1	305	87.0	10.0	0.6250	0	0
hadur2.Hadur 3.10	kjc.Karaykan 1.0	weak		3	26	1	1	305	81.0	0.0	0.6250	0	1
hadur2.Hadur 3.10	kjc.Karaykan 1.0	weak		3	27	1	1	307	85.0	20.0	0.6250	0	0
hadur2.Hadur 3.10	kjc.Karaykan 1.0	weak		3	28	1	1	358	84.0	10.0	0.4167	0	0
hadur2.Hadur 3.10	kjc.Karaykan 1.0	weak		3	29	1	1	392	84.0	40.0	0.3571	0	0
hadur2.Hadur 3.10	kjc.Karaykan 1.0	weak		3	30	1	1	316	81.4	10.0	0.5556	0	0
hadur2.Hadur 3.10	kjc.Karaykan 1.0	weak		3	31	1	1	316	79.0	0.0	0.4444	0	0
hadur2.Hadur 3.10	kjc.Karaykan 1.0	weak		3	32	1	1	296	81.0	0.0	0.6250	0	0
hadur2.Hadur 3.10	kjc.Karaykan 1.0	weak		3	33	1	1	317	85.0	10.0	0.5556	0	0
hadur2.Hadur 3.10	kjc.Karaykan 1.0	weak		3	34	1	1	300	93.0	30.0	0.6250	0	7
hadur2.Hadur 3.10	kjc.Karaykan 1.0	weak		4	0	1	1	319	83.0	10.0	0.8000	0	7
hadur2.Hadur 3.10	kjc.Karaykan 1.0	weak		4	1	1	1	343	75.0	0.0	0.5833	0	0
hadur2.Hadur 3.10	kjc.Karaykan 1.0	weak		4	2	1	1	323	85.0	10.0	0.7273	0	0
hadur2.Hadur 3.10	kjc.Karaykan 1.0	weak		4	3	1	1	332	77.0	0.0	0.6364	0	0
hadur2.Hadur 3.10	kjc.Karaykan 1.0	weak		4	4	1	1	323	83.0	10.0	0.7273	0	0
hadur2.Hadur 3.10	kjc.Karaykan 1.0	weak		4	5	1	1	545	51.4	0.0	0.1538	0	0
hadur2.Hadur 3.10	kjc.Karaykan 1.0	weak		4	6	1	1	514	66.0	20.0	0.1818	0	0
hadur2.Hadur 3.10	kjc.Karaykan 1.0	weak		4	7	1	1	368	74.0	0.0	0.2500	0	1
hadur2.Hadur 3.10	kjc.Karaykan 1.0	weak		4	8	1	1	343	78.0	10.0	0.3636	0	0
hadur2.Hadur 3.10	kjc.Karaykan 1.0	weak		4	9	1	1	383	74.0	0.0	0.3077	0	0
hadur2.Hadur 3.10	kjc.Karaykan 1.0	weak		4	10	1	1	314	83.0	10.0	0.5556	0	0
hadur2.Hadur 3.10	kjc.Karaykan 1.0	weak		4	11	1	1	341	95.0	30.0	0.5000	0	0
hadur2.Hadur 3.10	kjc.Karaykan 1.0	weak		4	12	1	1	367	106.0	50.0	0.5000	0	0
hadur2.Hadur 3.10	kjc.Karaykan 1.0	weak		4	13	1	1	323	80.0	0.0	0.4444	0	0
hadur2.Hadur 3.10	kjc.Karaykan 1.0	weak		4	14	1	1	315	79.0	0.0	0.4444	0	0
hadur2.Hadur 3.10	kjc.Karaykan 1.0	weak		4	15	1	1	442	84.0	30.0	0.2941	0	0
hadur2.Hadur 3.10	kjc.Karaykan 1.0	weak		4	16	1	1	310	82.0	0.0	0.5556	0	0
hadur2.Hadur 3.10	kjc.Karaykan 1.0	weak		4	17	1	1	307	80.0	4.0	0.5556	0	0
hadur2.Hadur 3.10	kjc.Karaykan 1.0	weak		4	18	1	1	331	80.0	0.0	0.4000	0	0
hadur2.Hadur 3.10	kjc.Karaykan 1.0	weak		4	19	1	1	311	79.0	0.0	0.4444	0	0
hadur2.Hadur 3.10	kjc.Karaykan 1.0	weak		4	20	1	1	298	81.0	0.0	0.6250	0	0
hadur2.Hadur 3.10	kjc.Karaykan 1.0	weak		4	21	1	1	321	83.0	10.0	0.5556	0	0
hadur2.Hadur 3.10	kjc.Karaykan 1.0	weak		4	22	1	1	305	81.0	0.0	0.5556	0	0
hadur2.Hadur 3.10	kjc.Karaykan 1.0	weak		4	23	1	1	297	85.4	10.0	0.6250	0	0
hadur2.Hadur 3.10	kjc.Karaykan 1.0	weak		4	24	1	1	342	80.0	0.0	0.4167	0	0
hadur2.Hadur 3.10	kjc.Karaykan 1.0	weak		4	25	1	1	300	87.0	10.0	0.6250	0	0
hadur2.Hadur 3.10	kjc.Karaykan 1.0	weak		4	26	1	1	308	82.0	0.0	0.6250	0	0
hadur2.Hadur 3.10	kjc.Karaykan 1.0	weak		4	27	1	1	305	80.0	0.0	0.6250	0	0
hadur2.Hadur 3.10	kjc.Karaykan 1.0	weak		4	28	1	1	340	76.0	0.0	0.4000	0	0
hadur2.Hadur 3.10	kjc.Karaykan 1.0	weak		4	29	1	1	359	88.0	20.0	0.4545	0	0
hadur2.Hadur 3.10	kjc.Karaykan 1.0	weak		4	30	1	1	304	81.0	0.0	0.6250	0	0
hadur2.Hadur 3.10	kjc.Karaykan 1.0	weak		4	31	1	1	366	80.0	10.0	0.3333	0	0
hadur2.Hadur 3.10	kjc.Karaykan 1.0	weak		4	32	1	1	370	84.0	10.0	0.6154	0	0
hadur2.Hadur 3.10	kjc.Karaykan 1.0	weak		4	33	1	1	406	70.0	0.0	0.2857	0	0
hadur2.Hadur 3.10	kjc.Karaykan 1.0	weak		4	34	1	1	302	87.0	10.0	0.6250	0	5
hadur2.Hadur 3.10	madmath.Cow 0.1.1	weak		1	0	1	1	525	70.2	42.0	0.3462	188	6
hadur2.Hadur 3.10	madmath.Cow 0.1.1	weak		1	1	1	1	435	75.0	0.0	0.3684	0	0
hadur2.Hadur 3.10	madmath.Cow 0.1.1	weak		1	2	1	1	378	84.2	0.0	0.5333	0	0
hadur2.Hadur 3.10	madmath.Cow 0.1.1	weak		1	3	1	1	502	58.2	0.0	0.2500	0	0
hadur2.Hadur 3.10	madmath.Cow 0.1.1	weak		1	4	1	1	356	89.3	16.0	0.4545	0	0
hadur2.Hadur 3.10	madmath.Cow 0.1.1	weak		1	5	1	1	443	80.0	16.0	0.2941	0	0
hadur2.Hadur 3.10	madmath.Cow 0.1.1	weak		1	6	1	1	367	85.0	0.0	0.4167	0	0
hadur2.Hadur 3.10	madmath.Cow 0.1.1	weak		1	7	1	1	302	97.0	32.0	0.7500	0	0
hadur2.Hadur 3.10	madmath.Cow 0.1.1	weak		1	8	1	1	316	85.0	16.0	0.5556	0	0
hadur2.Hadur 3.10	madmath.Cow 0.1.1	weak		1	9	1	1	397	64.0	0.0	0.2857	0	0
hadur2.Hadur 3.10	madmath.Cow 0.1.1	weak		1	10	1	1	338	82.0	16.0	0.5000	0	0
hadur2.Hadur 3.10	madmath.Cow 0.1.1	weak		1	11	1	1	305	79.0	16.0	0.5000	0	0
hadur2.Hadur 3.10	madmath.Cow 0.1.1	weak		1	12	1	1	302	80.0	0.0	0.6250	0	0
hadur2.Hadur 3.10	madmath.Cow 0.1.1	weak		1	13	1	1	289	88.0	16.0	0.7143	0	0
hadur2.Hadur 3.10	madmath.Cow 0.1.1	weak		1	14	1	1	419	80.0	20.0	0.3333	0	0
hadur2.Hadur 3.10	madmath.Cow 0.1.1	weak		1	15	1	1	381	80.0	0.0	0.3846	0	0
hadur2.Hadur 3.10	madmath.Cow 0.1.1	weak		1	16	1	1	350	84.0	0.0	0.4545	0	0
hadur2.Hadur 3.10	madmath.Cow 0.1.1	weak		1	17	1	1	310	96.0	32.0	0.6667	0	0
hadur2.Hadur 3.10	madmath.Cow 0.1.1	weak		1	18	1	1	328	87.2	0.0	0.5000	0	0
hadur2.Hadur 3.10	madmath.Cow 0.1.1	weak		1	19	1	1	406	73.0	0.0	0.2667	0	0
hadur2.Hadur 3.10	madmath.Cow 0.1.1	weak		1	20	1	1	348	79.0	16.0	0.3636	0	0
hadur2.Hadur 3.10	madmath.Cow 0.1.1	weak		1	21	1	1	420	71.8	0.0	0.2667	0	0
hadur2.Hadur 3.10	madmath.Cow 0.1.1	weak		1	22	1	1	367	81.5	0.0	0.4167	0	0
hadur2.Hadur 3.10	madmath.Cow 0.1.1	weak		1	23	1	1	411	64.0	0.0	0.2667	0	0
hadur2.Hadur 3.10	madmath.Cow 0.1.1	weak		1	24	1	1	327	87.0	16.0	0.5000	0	0
hadur2.Hadur 3.10	madmath.Cow 0.1.1	weak		1	25	1	1	316	79.0	0.0	0.4444	0	0
hadur2.Hadur 3.10	madmath.Cow 0.1.1	weak		1	26	1	1	293	88.0	32.0	0.7143	0	0
hadur2.Hadur 3.10	madmath.Cow 0.1.1	weak		1	27	1	1	363	70.0	0.0	0.3333	0	0
hadur2.Hadur 3.10	madmath.Cow 0.1.1	weak		1	28	1	1	288	82.0	0.0	0.7143	0	0
hadur2.Hadur 3.10	madmath.Cow 0.1.1	weak		1	29	1	1	419	72.0	16.0	0.2667	0	0
hadur2.Hadur 3.10	madmath.Cow 0.1.1	weak		1	30	1	1	293	80.0	0.0	0.6250	0	0
hadur2.Hadur 3.10	madmath.Cow 0.1.1	weak		1	31	1	1	390	70.0	0.0	0.2857	0	0
hadur2.Hadur 3.10	madmath.Cow 0.1.1	weak		1	32	1	1	377	85.0	32.0	0.3846	0	0
hadur2.Hadur 3.10	madmath.Cow 0.1.1	weak		1	33	1	1	320	76.0	0.0	0.4444	0	0
hadur2.Hadur 3.10	madmath.Cow 0.1.1	weak		1	34	1	1	359	83.3	16.0	0.4167	0	6
hadur2.Hadur 3.10	madmath.Cow 0.1.1	weak		2	0	1	1	382	81.1	0.0	0.5333	0	7
hadur2.Hadur 3.10	madmath.Cow 0.1.1	weak		2	1	1	1	490	67.0	32.0	0.2727	0	1
hadur2.Hadur 3.10	madmath.Cow 0.1.1	weak		2	2	1	1	391	76.0	0.0	0.4667	0	0
hadur2.Hadur 3.10	madmath.Cow 0.1.1	weak		2	3	1	1	393	67.9	0.0	0.4375	0	0
hadur2.Hadur 3.10	madmath.Cow 0.1.1	weak		2	4	1	1	341	92.5	0.0	0.4545	0	0
hadur2.Hadur 3.10	madmath.Cow 0.1.1	weak		2	5	1	1	339	82.0	16.0	0.4545	0	0
hadur2.Hadur 3.10	madmath.Cow 0.1.1	weak		2	6	1	1	443	69.2	0.0	0.2353	0	0
hadur2.Hadur 3.10	madmath.Cow 0.1.1	weak		2	7	1	1	340	96.0	32.0	0.5455	0	0
hadur2.Hadur 3.10	madmath.Cow 0.1.1	weak		2	8	1	1	314	79.0	0.0	0.4444	0	1
hadur2.Hadur 3.10	madmath.Cow 0.1.1	weak		2	9	1	1	398	80.4	26.0	0.4000	0	0
hadur2.Hadur 3.10	madmath.Cow 0.1.1	weak		2	10	1	1	397	86.8	16.0	0.3571	0	0
hadur2.Hadur 3.10	madmath.Cow 0.1.1	weak		2	11	1	1	439	64.0	16.0	0.2353	0	0
hadur2.Hadur 3.10	madmath.Cow 0.1.1	weak		2	12	1	1	447	72.0	0.0	0.2353	0	0
hadur2.Hadur 3.10	madmath.Cow 0.1.1	weak		2	13	1	1	293	79.0	0.0	0.5714	0	0
hadur2.Hadur 3.10	madmath.Cow 0.1.1	weak		2	14	1	1	413	74.3	0.0	0.2667	0	0
hadur2.Hadur 3.10	madmath.Cow 0.1.1	weak		2	15	1	1	316	80.0	0.0	0.5556	0	0
hadur2.Hadur 3.10	madmath.Cow 0.1.1	weak		2	16	1	1	449	70.0	0.0	0.2353	0	0
hadur2.Hadur 3.10	madmath.Cow 0.1.1	weak		2	17	1	1	407	77.5	0.0	0.2667	0	0
hadur2.Hadur 3.10	madmath.Cow 0.1.1	weak		2	18	1	1	304	79.0	0.0	0.5000	0	0
hadur2.Hadur 3.10	madmath.Cow 0.1.1	weak		2	19	1	1	381	80.0	0.0	0.3846	0	0
hadur2.Hadur 3.10	madmath.Cow 0.1.1	weak		2	20	1	1	378	67.0	0.0	0.3077	0	0
hadur2.Hadur 3.10	madmath.Cow 0.1.1	weak		2	21	1	1	367	78.0	0.0	0.3333	0	0
hadur2.Hadur 3.10	madmath.Cow 0.1.1	weak		2	22	1	1	290	79.0	0.0	0.5714	0	0
hadur2.Hadur 3.10	madmath.Cow 0.1.1	weak		2	23	1	1	410	79.0	0.0	0.2667	0	0
hadur2.Hadur 3.10	madmath.Cow 0.1.1	weak		2	24	1	1	320	81.0	0.0	0.5556	0	0
hadur2.Hadur 3.10	madmath.Cow 0.1.1	weak		2	25	1	1	339	87.0	0.0	0.5000	0	0
hadur2.Hadur 3.10	madmath.Cow 0.1.1	weak		2	26	1	1	360	80.0	16.0	0.4167	0	0
hadur2.Hadur 3.10	madmath.Cow 0.1.1	weak		2	27	1	1	379	81.2	0.0	0.3846	0	0
hadur2.Hadur 3.10	madmath.Cow 0.1.1	weak		2	28	1	1	372	76.0	16.0	0.3333	0	0
hadur2.Hadur 3.10	madmath.Cow 0.1.1	weak		2	29	1	1	394	84.2	16.0	0.3571	0	0
hadur2.Hadur 3.10	madmath.Cow 0.1.1	weak		2	30	1	1	366	86.6	16.0	0.4167	0	0
hadur2.Hadur 3.10	madmath.Cow 0.1.1	weak		2	31	1	1	299	80.0	0.0	0.6250	0	1
hadur2.Hadur 3.10	madmath.Cow 0.1.1	weak		2	32	1	1	296	80.0	0.0	0.6250	0	0
hadur2.Hadur 3.10	madmath.Cow 0.1.1	weak		2	33	1	1	326	83.0	10.0	0.6000	0	0
hadur2.Hadur 3.10	madmath.Cow 0.1.1	weak		2	34	1	1	275	91.0	16.0	0.8333	0	5
hadur2.Hadur 3.10	madmath.Cow 0.1.1	weak		3	0	1	1	397	71.2	26.6	0.4375	0	6
hadur2.Hadur 3.10	madmath.Cow 0.1.1	weak		3	1	1	1	306	79.0	0.0	0.8889	0	0
hadur2.Hadur 3.10	madmath.Cow 0.1.1	weak		3	2	1	1	442	64.0	16.0	0.3158	0	0
hadur2.Hadur 3.10	madmath.Cow 0.1.1	weak		3	3	1	1	441	78.0	16.0	0.4211	0	0
hadur2.Hadur 3.10	madmath.Cow 0.1.1	weak		3	4	1	1	288	82.0	0.0	0.7143	0	0
hadur2.Hadur 3.10	madmath.Cow 0.1.1	weak		3	5	1	1	318	80.0	0.0	0.5556	0	0
hadur2.Hadur 3.10	madmath.Cow 0.1.1	weak		3	6	1	1	449	75.1	32.0	0.2778	0	0
hadur2.Hadur 3.10	madmath.Cow 0.1.1	weak		3	7	1	1	371	67.0	0.0	0.3077	0	0
hadur2.Hadur 3.10	madmath.Cow 0.1.1	weak		3	8	1	1	296	88.0	16.0	0.6250	0	0
hadur2.Hadur 3.10	madmath.Cow 0.1.1	weak		3	9	1	1	388	85.0	0.0	0.3571	0	0
hadur2.Hadur 3.10	madmath.Cow 0.1.1	weak		3	10	1	1	399	84.2	32.0	0.3571	0	0
hadur2.Hadur 3.10	madmath.Cow 0.1.1	weak		3	11	1	1	280	91.0	16.0	0.7143	0	0
hadur2.Hadur 3.10	madmath.Cow 0.1.1	weak		3	12	1	1	379	80.7	0.0	0.3846	0	0
hadur2.Hadur 3.10	madmath.Cow 0.1.1	weak		3	13	1	1	378	67.0	0.0	0.3077	0	0
hadur2.Hadur 3.10	madmath.Cow 0.1.1	weak		3	14	1	1	294	80.0	0.0	0.6250	0	0
hadur2.Hadur 3.10	madmath.Cow 0.1.1	weak		3	15	1	1	294	80.0	0.0	0.6250	0	0
hadur2.Hadur 3.10	madmath.Cow 0.1.1	weak		3	16	1	1	346	70.0	0.0	0.3636	0	0
hadur2.Hadur 3.10	madmath.Cow 0.1.1	weak		3	17	1	1	389	64.0	0.0	0.2857	0	0
hadur2.Hadur 3.10	madmath.Cow 0.1.1	weak		3	18	1	1	340	87.0	0.0	0.4545	0	0
hadur2.Hadur 3.10	madmath.Cow 0.1.1	weak		3	19	1	1	407	75.5	0.0	0.2667	0	0
hadur2.Hadur 3.10	madmath.Cow 0.1.1	weak		3	20	1	1	352	82.0	16.0	0.4545	0	0
hadur2.Hadur 3.10	madmath.Cow 0.1.1	weak		3	21	1	1	293	82.0	0.0	0.7143	0	0
hadur2.Hadur 3.10	madmath.Cow 0.1.1	weak		3	22	1	1	297	79.0	0.0	0.5000	0	0
hadur2.Hadur 3.10	madmath.Cow 0.1.1	weak		3	23	1	1	289	82.0	0.0	0.7143	0	0
hadur2.Hadur 3.10	madmath.Cow 0.1.1	weak		3	24	1	1	299	79.0	0.0	0.5000	0	0
hadur2.Hadur 3.10	madmath.Cow 0.1.1	weak		3	25	1	1	385	78.2	16.0	0.3077	0	0
hadur2.Hadur 3.10	madmath.Cow 0.1.1	weak		3	26	1	1	299	89.0	16.0	0.6250	0	0
hadur2.Hadur 3.10	madmath.Cow 0.1.1	weak		3	27	1	1	341	70.0	0.0	0.3636	0	0
hadur2.Hadur 3.10	madmath.Cow 0.1.1	weak		3	28	1	1	384	77.9	0.0	0.3077	0	0
hadur2.Hadur 3.10	madmath.Cow 0.1.1	weak		3	29	1	1	322	80.0	0.0	0.5000	0	0
hadur2.Hadur 3.10	madmath.Cow 0.1.1	weak		3	30	1	1	392	86.0	16.0	0.3571	0	0
hadur2.Hadur 3.10	madmath.Cow 0.1.1	weak		3	31	1	1	318	80.0	0.0	0.5556	0	0
hadur2.Hadur 3.10	madmath.Cow 0.1.1	weak		3	32	1	1	289	79.0	0.0	0.5714	0	0
hadur2.Hadur 3.10	madmath.Cow 0.1.1	weak		3	33	1	1	346	80.0	16.0	0.4545	0	0
hadur2.Hadur 3.10	madmath.Cow 0.1.1	weak		3	34	1	1	357	80.6	16.0	0.4167	0	6
hadur2.Hadur 3.10	madmath.Cow 0.1.1	weak		4	0	1	1	654	81.0	67.9	0.4865	298	8
hadur2.Hadur 3.10	madmath.Cow 0.1.1	weak		4	1	1	1	524	58.2	0.0	0.2400	0	0
hadur2.Hadur 3.10	madmath.Cow 0.1.1	weak		4	2	1	1	395	77.6	16.0	0.4706	0	0
hadur2.Hadur 3.10	madmath.Cow 0.1.1	weak		4	3	1	1	346	82.0	16.0	0.6667	0	0
hadur2.Hadur 3.10	madmath.Cow 0.1.1	weak		4	4	1	1	457	73.7	0.0	0.2632	0	0
hadur2.Hadur 3.10	madmath.Cow 0.1.1	weak		4	5	1	1	305	79.0	0.0	0.5000	0	0
hadur2.Hadur 3.10	madmath.Cow 0.1.1	weak		4	6	1	1	300	80.0	10.0	0.6250	0	0
hadur2.Hadur 3.10	madmath.Cow 0.1.1	weak		4	7	1	1	394	90.1	16.0	0.3571	0	0
hadur2.Hadur 3.10	madmath.Cow 0.1.1	weak		4	8	1	1	383	64.0	0.0	0.2857	0	0
hadur2.Hadur 3.10	madmath.Cow 0.1.1	weak		4	9	1	1	302	79.0	0.0	0.5000	0	0
hadur2.Hadur 3.10	madmath.Cow 0.1.1	weak		4	10	1	1	434	73.0	0.0	0.2500	0	0
hadur2.Hadur 3.10	madmath.Cow 0.1.1	weak		4	11	1	1	295	88.0	16.0	0.6250	0	0
hadur2.Hadur 3.10	madmath.Cow 0.1.1	weak		4	12	1	1	354	84.0	0.0	0.4545	0	0
hadur2.Hadur 3.10	madmath.Cow 0.1.1	weak		4	13	1	1	356	80.3	0.0	0.4167	0	0
hadur2.Hadur 3.10	madmath.Cow 0.1.1	weak		4	14	1	1	332	73.0	0.0	0.4000	0	0
hadur2.Hadur 3.10	madmath.Cow 0.1.1	weak		4	15	1	1	398	94.0	32.0	0.3571	0	0
hadur2.Hadur 3.10	madmath.Cow 0.1.1	weak		4	16	1	1	380	80.0	0.0	0.3846	0	0
hadur2.Hadur 3.10	madmath.Cow 0.1.1	weak		4	17	1	1	364	73.0	16.0	0.3333	0	0
hadur2.Hadur 3.10	madmath.Cow 0.1.1	weak		4	18	1	1	417	88.0	16.0	0.3333	0	0
hadur2.Hadur 3.10	madmath.Cow 0.1.1	weak		4	19	1	1	349	73.0	0.0	0.3636	0	0
hadur2.Hadur 3.10	madmath.Cow 0.1.1	weak		4	20	1	1	438	69.5	0.0	0.2353	0	0
hadur2.Hadur 3.10	madmath.Cow 0.1.1	weak		4	21	1	1	310	76.0	0.0	0.4444	0	0
hadur2.Hadur 3.10	madmath.Cow 0.1.1	weak		4	22	1	1	346	90.0	16.0	0.4545	0	0
hadur2.Hadur 3.10	madmath.Cow 0.1.1	weak		4	23	1	1	346	80.0	16.0	0.4545	0	0
hadur2.Hadur 3.10	madmath.Cow 0.1.1	weak		4	24	1	1	414	80.0	7.0	0.3333	0	0
hadur2.Hadur 3.10	madmath.Cow 0.1.1	weak		4	25	1	1	365	83.7	0.0	0.4167	0	0
hadur2.Hadur 3.10	madmath.Cow 0.1.1	weak		4	26	1	1	363	67.0	16.0	0.3333	0	0
hadur2.Hadur 3.10	madmath.Cow 0.1.1	weak		4	27	1	1	341	90.1	0.0	0.5000	0	0
hadur2.Hadur 3.10	madmath.Cow 0.1.1	weak		4	28	1	1	316	76.0	0.0	0.4444	0	0
hadur2.Hadur 3.10	madmath.Cow 0.1.1	weak		4	29	1	1	399	76.0	0.0	0.2857	0	0
hadur2.Hadur 3.10	madmath.Cow 0.1.1	weak		4	30	1	1	387	64.0	0.0	0.2308	0	0
hadur2.Hadur 3.10	madmath.Cow 0.1.1	weak		4	31	1	1	381	80.0	0.0	0.3571	0	0
hadur2.Hadur 3.10	madmath.Cow 0.1.1	weak		4	32	1	1	291	79.0	0.0	0.5714	0	0
hadur2.Hadur 3.10	madmath.Cow 0.1.1	weak		4	33	1	1	290	79.0	0.0	0.5714	0	0
hadur2.Hadur 3.10	madmath.Cow 0.1.1	weak		4	34	1	1	312	76.0	0.0	0.4444	0	8
hadur2.Hadur 3.10	marksteam.Phoenix 1.0	weak		1	0	1	1	677	32.4	30.4	0.1081	0	6
hadur2.Hadur 3.10	marksteam.Phoenix 1.0	weak		1	1	1	1	584	68.0	36.0	0.2258	0	1
hadur2.Hadur 3.10	marksteam.Phoenix 1.0	weak		1	2	1	1	529	45.5	0.0	0.1304	0	0
hadur2.Hadur 3.10	marksteam.Phoenix 1.0	weak		1	3	1	1	359	69.0	0.0	0.3333	0	0
hadur2.Hadur 3.10	marksteam.Phoenix 1.0	weak		1	4	1	1	770	11.7	16.0	0.1111	0	0
hadur2.Hadur 3.10	marksteam.Phoenix 1.0	weak		1	5	1	1	471	54.0	0.0	0.2381	0	0
hadur2.Hadur 3.10	marksteam.Phoenix 1.0	weak		1	6	1	1	557	55.7	26.0	0.2222	0	0
hadur2.Hadur 3.10	marksteam.Phoenix 1.0	weak		1	7	1	1	316	75.0	16.0	0.4444	0	0
hadur2.Hadur 3.10	marksteam.Phoenix 1.0	weak		1	8	1	1	449	64.0	16.0	0.1765	0	0
hadur2.Hadur 3.10	marksteam.Phoenix 1.0	weak		1	9	1	1	504	50.8	0.0	0.1364	0	0
hadur2.Hadur 3.10	marksteam.Phoenix 1.0	weak		1	10	1	1	370	88.5	32.0	0.4167	0	0
hadur2.Hadur 3.10	marksteam.Phoenix 1.0	weak		1	11	1	1	527	64.2	0.0	0.1538	0	0
hadur2.Hadur 3.10	marksteam.Phoenix 1.0	weak		1	12	1	1	405	63.0	0.0	0.2143	0	0
hadur2.Hadur 3.10	marksteam.Phoenix 1.0	weak		1	13	1	1	547	48.2	1.6	0.1154	0	0
hadur2.Hadur 3.10	marksteam.Phoenix 1.0	weak		1	14	1	1	487	55.2	0.0	0.1429	0	0
hadur2.Hadur 3.10	marksteam.Phoenix 1.0	weak		1	15	1	1	427	56.0	0.0	0.2941	0	0
hadur2.Hadur 3.10	marksteam.Phoenix 1.0	weak		1	16	1	1	458	53.0	0.0	0.2105	0	0
hadur2.Hadur 3.10	marksteam.Phoenix 1.0	weak		1	17	1	1	452	58.0	10.0	0.1765	0	0
hadur2.Hadur 3.10	marksteam.Phoenix 1.0	weak		1	18	1	1	386	65.9	0.0	0.2857	0	0
hadur2.Hadur 3.10	marksteam.Phoenix 1.0	weak		1	19	1	1	411	68.0	10.0	0.2667	0	0
hadur2.Hadur 3.10	marksteam.Phoenix 1.0	weak		1	20	1	1	516	49.6	0.0	0.1364	0	0
hadur2.Hadur 3.10	marksteam.Phoenix 1.0	weak		1	21	1	1	497	51.0	10.0	0.1429	0	0
hadur2.Hadur 3.10	marksteam.Phoenix 1.0	weak		1	22	1	1	375	68.0	0.0	0.3077	0	0
hadur2.Hadur 3.10	marksteam.Phoenix 1.0	weak		1	23	1	1	486	56.0	16.0	0.1500	0	0
hadur2.Hadur 3.10	marksteam.Phoenix 1.0	weak		1	24	1	1	551	58.8	0.4	0.1429	0	0
hadur2.Hadur 3.10	marksteam.Phoenix 1.0	weak		1	25	1	1	482	64.0	16.0	0.1905	0	0
hadur2.Hadur 3.10	marksteam.Phoenix 1.0	weak		1	26	1	1	636	38.8	0.4	0.1143	0	0
hadur2.Hadur 3.10	marksteam.Phoenix 1.0	weak		1	27	1	1	491	56.0	10.0	0.2174	0	0
hadur2.Hadur 3.10	marksteam.Phoenix 1.0	weak		1	28	1	1	486	49.1	0.0	0.2273	0	0
hadur2.Hadur 3.10	marksteam.Phoenix 1.0	weak		1	29	1	1	523	51.6	10.0	0.1364	0	0
hadur2.Hadur 3.10	marksteam.Phoenix 1.0	weak		1	30	1	1	388	76.0	0.0	0.3333	0	0
hadur2.Hadur 3.10	marksteam.Phoenix 1.0	weak		1	31	1	1	331	74.0	0.0	0.4000	0	0
hadur2.Hadur 3.10	marksteam.Phoenix 1.0	weak		1	32	1	1	393	65.2	0.0	0.2857	0	0
hadur2.Hadur 3.10	marksteam.Phoenix 1.0	weak		1	33	1	1	452	52.0	0.0	0.1667	0	0
hadur2.Hadur 3.10	marksteam.Phoenix 1.0	weak		1	34	1	1	471	50.0	0.0	0.1579	0	4
hadur2.Hadur 3.10	marksteam.Phoenix 1.0	weak		2	0	1	1	621	30.8	16.0	0.1765	298	6
hadur2.Hadur 3.10	marksteam.Phoenix 1.0	weak		2	1	1	1	783	30.5	46.0	0.1020	0	0
hadur2.Hadur 3.10	marksteam.Phoenix 1.0	weak		2	2	1	1	587	37.0	16.0	0.1034	0	0
hadur2.Hadur 3.10	marksteam.Phoenix 1.0	weak		2	3	1	1	481	50.0	0.0	0.2273	0	0
hadur2.Hadur 3.10	marksteam.Phoenix 1.0	weak		2	4	1	1	556	59.4	26.0	0.2143	0	0
hadur2.Hadur 3.10	marksteam.Phoenix 1.0	weak		2	5	1	1	431	64.0	16.0	0.1875	0	0
hadur2.Hadur 3.10	marksteam.Phoenix 1.0	weak		2	6	1	1	693	27.0	36.0	0.1351	0	0
hadur2.Hadur 3.10	marksteam.Phoenix 1.0	weak		2	7	0	0	838	14.2	72.3	0.1429	0	0
hadur2.Hadur 3.10	marksteam.Phoenix 1.0	weak		2	8	1	1	548	54.3	26.0	0.1852	0	0
hadur2.Hadur 3.10	marksteam.Phoenix 1.0	weak		2	9	1	1	610	50.3	36.0	0.1935	0	0
hadur2.Hadur 3.10	marksteam.Phoenix 1.0	weak		2	10	1	1	412	67.0	20.0	0.2667	0	0
hadur2.Hadur 3.10	marksteam.Phoenix 1.0	weak		2	11	1	1	535	49.5	32.0	0.1304	0	0
hadur2.Hadur 3.10	marksteam.Phoenix 1.0	weak		2	12	1	1	619	52.0	48.0	0.1613	0	0
hadur2.Hadur 3.10	marksteam.Phoenix 1.0	weak		2	13	1	1	646	53.1	48.0	0.1714	0	0
hadur2.Hadur 3.10	marksteam.Phoenix 1.0	weak		2	14	1	1	437	56.4	0.0	0.2778	0	0
hadur2.Hadur 3.10	marksteam.Phoenix 1.0	weak		2	15	1	1	376	81.0	42.0	0.3846	0	0
hadur2.Hadur 3.10	marksteam.Phoenix 1.0	weak		2	16	1	1	407	66.7	0.0	0.2667	0	0
hadur2.Hadur 3.10	marksteam.Phoenix 1.0	weak		2	17	1	1	645	64.0	16.8	0.1143	0	0
hadur2.Hadur 3.10	marksteam.Phoenix 1.0	weak		2	18	1	1	403	57.0	16.0	0.2143	0	0
hadur2.Hadur 3.10	marksteam.Phoenix 1.0	weak		2	19	1	1	428	63.0	16.0	0.2353	0	0
hadur2.Hadur 3.10	marksteam.Phoenix 1.0	weak		2	20	1	1	512	52.0	16.0	0.1818	0	0
hadur2.Hadur 3.10	marksteam.Phoenix 1.0	weak		2	21	1	1	442	59.0	10.0	0.2222	0	0
hadur2.Hadur 3.10	marksteam.Phoenix 1.0	weak		2	22	1	1	552	54.0	26.0	0.1250	0	0
hadur2.Hadur 3.10	marksteam.Phoenix 1.0	weak		2	23	1	1	489	56.5	10.0	0.1500	0	0
hadur2.Hadur 3.10	marksteam.Phoenix 1.0	weak		2	24	1	1	399	65.8	0.0	0.2667	0	0
hadur2.Hadur 3.10	marksteam.Phoenix 1.0	weak		2	25	1	1	668	43.7	32.0	0.1429	0	0
hadur2.Hadur 3.10	marksteam.Phoenix 1.0	weak		2	26	1	1	677	39.1	10.0	0.1053	0	0
hadur2.Hadur 3.10	marksteam.Phoenix 1.0	weak		2	27	1	1	551	49.1	0.0	0.1786	0	0
hadur2.Hadur 3.10	marksteam.Phoenix 1.0	weak		2	28	1	1	458	70.5	16.0	0.3333	0	0
hadur2.Hadur 3.10	marksteam.Phoenix 1.0	weak		2	29	1	1	1009	23.9	52.8	0.1194	0	0
hadur2.Hadur 3.10	marksteam.Phoenix 1.0	weak		2	30	1	1	530	40.2	0.0	0.1600	0	0
hadur2.Hadur 3.10	marksteam.Phoenix 1.0	weak		2	31	1	1	537	59.4	0.0	0.2143	0	0
hadur2.Hadur 3.10	marksteam.Phoenix 1.0	weak		2	32	1	1	482	61.0	26.0	0.2000	0	0
hadur2.Hadur 3.10	marksteam.Phoenix 1.0	weak		2	33	1	1	377	73.0	10.0	0.3077	0	0
hadur2.Hadur 3.10	marksteam.Phoenix 1.0	weak		2	34	1	1	454	53.0	0.0	0.1667	0	7
hadur2.Hadur 3.10	marksteam.Phoenix 1.0	weak		3	0	0	0	661	8.6	80.3	0.1707	0	0
hadur2.Hadur 3.10	marksteam.Phoenix 1.0	weak		3	1	1	1	604	29.3	0.0	0.0968	0	4
hadur2.Hadur 3.10	marksteam.Phoenix 1.0	weak		3	2	1	1	577	43.0	20.0	0.1429	0	1
hadur2.Hadur 3.10	marksteam.Phoenix 1.0	weak		3	3	1	1	796	19.7	1.6	0.0417	0	0
hadur2.Hadur 3.10	marksteam.Phoenix 1.0	weak		3	4	1	1	558	38.9	0.0	0.1429	0	0
hadur2.Hadur 3.10	marksteam.Phoenix 1.0	weak		3	5	1	1	550	63.6	58.0	0.2222	0	0
hadur2.Hadur 3.10	marksteam.Phoenix 1.0	weak		3	6	1	1	558	52.0	42.0	0.1852	0	0
hadur2.Hadur 3.10	marksteam.Phoenix 1.0	weak		3	7	1	1	431	64.9	16.0	0.2353	0	0
hadur2.Hadur 3.10	marksteam.Phoenix 1.0	weak		3	8	1	1	436	64.9	16.0	0.2353	0	0
hadur2.Hadur 3.10	marksteam.Phoenix 1.0	weak		3	9	1	1	619	33.7	0.4	0.1000	0	0
hadur2.Hadur 3.10	marksteam.Phoenix 1.0	weak		3	10	1	1	734	40.2	16.8	0.1364	0	0
hadur2.Hadur 3.10	marksteam.Phoenix 1.0	weak		3	11	1	1	747	40.0	62.0	0.2174	0	0
hadur2.Hadur 3.10	marksteam.Phoenix 1.0	weak		3	12	1	1	531	50.0	26.0	0.1304	0	0
hadur2.Hadur 3.10	marksteam.Phoenix 1.0	weak		3	13	1	1	385	71.0	10.0	0.2857	0	0
hadur2.Hadur 3.10	marksteam.Phoenix 1.0	weak		3	14	1	1	461	54.0	0.0	0.1667	0	0
hadur2.Hadur 3.10	marksteam.Phoenix 1.0	weak		3	15	1	1	467	60.2	16.0	0.1667	0	0
hadur2.Hadur 3.10	marksteam.Phoenix 1.0	weak		3	16	1	1	476	65.7	20.0	0.2000	0	0
hadur2.Hadur 3.10	marksteam.Phoenix 1.0	weak		3	17	1	1	385	75.0	16.0	0.3077	0	0
hadur2.Hadur 3.10	marksteam.Phoenix 1.0	weak		3	18	1	1	392	63.0	16.0	0.2143	0	0
hadur2.Hadur 3.10	marksteam.Phoenix 1.0	weak		3	19	1	1	417	69.0	16.0	0.2667	0	0
hadur2.Hadur 3.10	marksteam.Phoenix 1.0	weak		3	20	1	1	617	49.7	10.8	0.1000	0	0
hadur2.Hadur 3.10	marksteam.Phoenix 1.0	weak		3	21	1	1	462	50.0	0.0	0.1667	0	0
hadur2.Hadur 3.10	marksteam.Phoenix 1.0	weak		3	22	1	1	599	45.1	16.0	0.1290	0	0
hadur2.Hadur 3.10	marksteam.Phoenix 1.0	weak		3	23	1	1	494	53.0	16.0	0.2174	0	0
hadur2.Hadur 3.10	marksteam.Phoenix 1.0	weak		3	24	1	1	628	67.6	56.0	0.2353	0	0
hadur2.Hadur 3.10	marksteam.Phoenix 1.0	weak		3	25	1	1	513	49.0	10.0	0.1364	0	0
hadur2.Hadur 3.10	marksteam.Phoenix 1.0	weak		3	26	1	1	389	65.9	0.0	0.2857	0	0
hadur2.Hadur 3.10	marksteam.Phoenix 1.0	weak		3	27	1	1	468	57.5	10.0	0.1667	0	0
hadur2.Hadur 3.10	marksteam.Phoenix 1.0	weak		3	28	1	1	538	36.0	16.0	0.1200	0	0
hadur2.Hadur 3.10	marksteam.Phoenix 1.0	weak		3	29	1	1	482	54.0	10.0	0.2273	0	0
hadur2.Hadur 3.10	marksteam.Phoenix 1.0	weak		3	30	1	1	349	80.0	16.0	0.3636	0	0
hadur2.Hadur 3.10	marksteam.Phoenix 1.0	weak		3	31	1	1	462	54.5	0.0	0.1667	0	0
hadur2.Hadur 3.10	marksteam.Phoenix 1.0	weak		3	32	1	1	384	67.5	0.0	0.2857	0	0
hadur2.Hadur 3.10	marksteam.Phoenix 1.0	weak		3	33	1	1	413	57.0	0.0	0.2000	0	0
hadur2.Hadur 3.10	marksteam.Phoenix 1.0	weak		3	34	1	1	414	66.0	10.0	0.2667	0	7
hadur2.Hadur 3.10	marksteam.Phoenix 1.0	weak		4	0	1	1	567	36.0	16.0	0.1667	298	9
hadur2.Hadur 3.10	marksteam.Phoenix 1.0	weak		4	1	1	1	705	34.9	26.0	0.1026	0	0
hadur2.Hadur 3.10	marksteam.Phoenix 1.0	weak		4	2	1	1	486	57.1	10.0	0.2174	0	0
hadur2.Hadur 3.10	marksteam.Phoenix 1.0	weak		4	3	1	1	439	59.9	10.0	0.2353	0	1
hadur2.Hadur 3.10	marksteam.Phoenix 1.0	weak		4	4	1	1	592	50.9	26.4	0.1111	0	0
hadur2.Hadur 3.10	marksteam.Phoenix 1.0	weak		4	5	1	1	435	54.0	0.0	0.1765	0	0
hadur2.Hadur 3.10	marksteam.Phoenix 1.0	weak		4	6	1	1	619	76.1	16.8	0.1765	0	0
hadur2.Hadur 3.10	marksteam.Phoenix 1.0	weak		4	7	1	1	590	43.0	26.0	0.1333	0	0
hadur2.Hadur 3.10	marksteam.Phoenix 1.0	weak		4	8	1	1	536	50.3	10.4	0.1923	0	0
hadur2.Hadur 3.10	marksteam.Phoenix 1.0	weak		4	9	1	1	420	54.0	0.0	0.2778	0	0
hadur2.Hadur 3.10	marksteam.Phoenix 1.0	weak		4	10	1	1	407	59.0	0.0	0.2000	0	0
hadur2.Hadur 3.10	marksteam.Phoenix 1.0	weak		4	11	1	1	446	57.5	0.0	0.1765	0	0
hadur2.Hadur 3.10	marksteam.Phoenix 1.0	weak		4	12	1	1	454	53.0	0.0	0.1667	0	0
hadur2.Hadur 3.10	marksteam.Phoenix 1.0	weak		4	13	1	1	466	53.5	0.0	0.1667	0	0
hadur2.Hadur 3.10	marksteam.Phoenix 1.0	weak		4	14	1	1	490	55.0	16.0	0.1905	0	0
hadur2.Hadur 3.10	marksteam.Phoenix 1.0	weak		4	15	1	1	306	76.0	0.0	0.5000	0	0
hadur2.Hadur 3.10	marksteam.Phoenix 1.0	weak		4	16	1	1	454	66.6	10.4	0.2105	0	0
hadur2.Hadur 3.10	marksteam.Phoenix 1.0	weak		4	17	1	1	404	61.0	0.0	0.2143	0	0
hadur2.Hadur 3.10	marksteam.Phoenix 1.0	weak		4	18	1	1	463	69.0	30.0	0.2222	0	0
hadur2.Hadur 3.10	marksteam.Phoenix 1.0	weak		4	19	1	1	332	73.0	0.0	0.4000	0	0
hadur2.Hadur 3.10	marksteam.Phoenix 1.0	weak		4	20	1	1	408	66.0	16.0	0.2667	0	0
hadur2.Hadur 3.10	marksteam.Phoenix 1.0	weak		4	21	1	1	330	75.0	0.0	0.4000	0	0
hadur2.Hadur 3.10	marksteam.Phoenix 1.0	weak		4	22	1	1	445	54.0	0.0	0.1765	0	0
hadur2.Hadur 3.10	marksteam.Phoenix 1.0	weak		4	23	1	1	539	49.4	0.0	0.1200	0	0
hadur2.Hadur 3.10	marksteam.Phoenix 1.0	weak		4	24	1	1	516	41.0	0.0	0.1304	0	0
hadur2.Hadur 3.10	marksteam.Phoenix 1.0	weak		4	25	1	1	612	41.0	1.2	0.1563	0	0
hadur2.Hadur 3.10	marksteam.Phoenix 1.0	weak		4	26	1	1	595	48.7	16.4	0.1563	0	0
hadur2.Hadur 3.10	marksteam.Phoenix 1.0	weak		4	27	1	1	381	65.0	0.0	0.3571	0	0
hadur2.Hadur 3.10	marksteam.Phoenix 1.0	weak		4	28	1	1	550	40.0	0.0	0.0870	0	0
hadur2.Hadur 3.10	marksteam.Phoenix 1.0	weak		4	29	1	1	429	63.6	0.4	0.2778	0	0
hadur2.Hadur 3.10	marksteam.Phoenix 1.0	weak		4	30	1	1	497	69.4	20.0	0.2273	0	0
hadur2.Hadur 3.10	marksteam.Phoenix 1.0	weak		4	31	1	1	525	44.5	0.0	0.1304	0	0
hadur2.Hadur 3.10	marksteam.Phoenix 1.0	weak		4	32	1	1	290	80.0	0.0	0.5714	0	0
hadur2.Hadur 3.10	marksteam.Phoenix 1.0	weak		4	33	1	1	447	65.0	16.0	0.2222	0	0
hadur2.Hadur 3.10	marksteam.Phoenix 1.0	weak		4	34	1	1	491	54.1	20.0	0.1500	0	7
hadur2.Hadur 3.10	mcb.Audace 1.3	weak		1	0	1	1	505	73.0	64.0	0.2917	0	6
hadur2.Hadur 3.10	mcb.Audace 1.3	weak		1	1	1	1	364	73.0	16.0	0.5000	0	0
hadur2.Hadur 3.10	mcb.Audace 1.3	weak		1	2	1	1	481	68.3	42.6	0.3636	0	0
hadur2.Hadur 3.10	mcb.Audace 1.3	weak		1	3	1	1	360	67.9	0.0	0.5385	0	0
hadur2.Hadur 3.10	mcb.Audace 1.3	weak		1	4	1	1	362	64.0	0.0	0.3077	0	0
hadur2.Hadur 3.10	mcb.Audace 1.3	weak		1	5	1	1	325	82.0	16.0	0.5556	0	0
hadur2.Hadur 3.10	mcb.Audace 1.3	weak		1	6	1	1	424	61.0	16.0	0.1875	0	0
hadur2.Hadur 3.10	mcb.Audace 1.3	weak		1	7	1	1	422	52.0	0.0	0.1875	0	0
hadur2.Hadur 3.10	mcb.Audace 1.3	weak		1	8	1	1	374	64.0	0.0	0.3077	0	0
hadur2.Hadur 3.10	mcb.Audace 1.3	weak		1	9	1	1	425	70.0	32.0	0.2500	0	0
hadur2.Hadur 3.10	mcb.Audace 1.3	weak		1	10	1	1	298	76.0	0.0	0.5000	0	0
hadur2.Hadur 3.10	mcb.Audace 1.3	weak		1	11	1	1	282	79.0	0.0	0.5714	0	0
hadur2.Hadur 3.10	mcb.Audace 1.3	weak		1	12	1	1	343	67.0	0.0	0.3636	0	0
hadur2.Hadur 3.10	mcb.Audace 1.3	weak		1	13	1	1	359	64.0	0.0	0.3333	0	0
hadur2.Hadur 3.10	mcb.Audace 1.3	weak		1	14	1	1	345	67.0	0.0	0.3636	0	0
hadur2.Hadur 3.10	mcb.Audace 1.3	weak		1	15	1	1	363	73.0	16.0	0.3333	0	0
hadur2.Hadur 3.10	mcb.Audace 1.3	weak		1	16	1	1	376	64.0	0.0	0.3077	0	0
hadur2.Hadur 3.10	mcb.Audace 1.3	weak		1	17	1	1	340	70.0	0.0	0.3636	0	0
hadur2.Hadur 3.10	mcb.Audace 1.3	weak		1	18	1	1	367	80.4	26.0	0.4615	0	0
hadur2.Hadur 3.10	mcb.Audace 1.3	weak		1	19	1	1	280	79.0	0.0	0.5714	0	0
hadur2.Hadur 3.10	mcb.Audace 1.3	weak		1	20	1	1	281	79.0	0.0	0.5714	0	0
hadur2.Hadur 3.10	mcb.Audace 1.3	weak		1	21	1	1	329	70.0	0.0	0.4000	0	0
hadur2.Hadur 3.10	mcb.Audace 1.3	weak		1	22	1	1	361	64.0	0.0	0.3333	0	0
hadur2.Hadur 3.10	mcb.Audace 1.3	weak		1	23	1	1	301	76.0	0.0	0.5000	0	0
hadur2.Hadur 3.10	mcb.Audace 1.3	weak		1	24	1	1	340	70.0	0.0	0.3636	0	0
hadur2.Hadur 3.10	mcb.Audace 1.3	weak		1	25	1	1	346	67.0	0.0	0.3636	0	0
hadur2.Hadur 3.10	mcb.Audace 1.3	weak		1	26	1	1	331	79.0	16.0	0.4000	0	0
hadur2.Hadur 3.10	mcb.Audace 1.3	weak		1	27	1	1	324	73.0	0.0	0.4444	0	0
hadur2.Hadur 3.10	mcb.Audace 1.3	weak		1	28	1	1	366	64.0	0.0	0.3333	0	0
hadur2.Hadur 3.10	mcb.Audace 1.3	weak		1	29	1	1	281	79.0	0.0	0.5714	0	0
hadur2.Hadur 3.10	mcb.Audace 1.3	weak		1	30	1	1	383	80.0	32.0	0.3846	0	0
hadur2.Hadur 3.10	mcb.Audace 1.3	weak		1	31	1	1	389	70.0	16.0	0.2857	0	0
hadur2.Hadur 3.10	mcb.Audace 1.3	weak		1	32	1	1	361	64.0	16.0	0.3333	0	0
hadur2.Hadur 3.10	mcb.Audace 1.3	weak		1	33	1	1	299	76.0	16.0	0.5000	0	0
hadur2.Hadur 3.10	mcb.Audace 1.3	weak		1	34	1	1	379	89.0	58.0	0.3846	0	7
hadur2.Hadur 3.10	mcb.Audace 1.3	weak		2	0	1	1	401	67.0	16.0	0.3750	0	5
hadur2.Hadur 3.10	mcb.Audace 1.3	weak		2	1	1	1	378	70.0	32.0	0.4667	0	0
hadur2.Hadur 3.10	mcb.Audace 1.3	weak		2	2	1	1	389	61.0	16.0	0.4000	0	0
hadur2.Hadur 3.10	mcb.Audace 1.3	weak		2	3	1	1	402	67.9	16.0	0.4375	0	0
hadur2.Hadur 3.10	mcb.Audace 1.3	weak		2	4	1	1	454	77.1	48.0	0.3158	0	0
hadur2.Hadur 3.10	mcb.Audace 1.3	weak		2	5	1	1	458	46.0	0.0	0.1111	0	0
hadur2.Hadur 3.10	mcb.Audace 1.3	weak		2	6	1	1	391	67.0	16.0	0.2857	0	0
hadur2.Hadur 3.10	mcb.Audace 1.3	weak		2	7	1	1	348	67.0	0.0	0.3636	0	0
hadur2.Hadur 3.10	mcb.Audace 1.3	weak		2	8	1	1	311	73.0	0.0	0.4444	0	0
hadur2.Hadur 3.10	mcb.Audace 1.3	weak		2	9	1	1	338	70.0	0.0	0.4000	0	0
hadur2.Hadur 3.10	mcb.Audace 1.3	weak		2	10	1	1	281	79.0	0.0	0.5714	0	0
hadur2.Hadur 3.10	mcb.Audace 1.3	weak		2	11	1	1	343	67.0	0.0	0.3636	0	0
hadur2.Hadur 3.10	mcb.Audace 1.3	weak		2	12	1	1	296	76.0	0.0	0.5000	0	0
hadur2.Hadur 3.10	mcb.Audace 1.3	weak		2	13	1	1	360	64.0	0.0	0.3333	0	0
hadur2.Hadur 3.10	mcb.Audace 1.3	weak		2	14	1	1	412	64.0	16.0	0.2000	0	0
hadur2.Hadur 3.10	mcb.Audace 1.3	weak		2	15	1	1	341	70.0	0.0	0.3636	0	0
hadur2.Hadur 3.10	mcb.Audace 1.3	weak		2	16	1	1	298	76.0	0.0	0.5000	0	0
hadur2.Hadur 3.10	mcb.Audace 1.3	weak		2	17	1	1	314	73.0	0.0	0.4444	0	0
hadur2.Hadur 3.10	mcb.Audace 1.3	weak		2	18	1	1	376	61.0	0.0	0.2308	0	0
hadur2.Hadur 3.10	mcb.Audace 1.3	weak		2	19	1	1	344	67.0	0.0	0.3636	0	0
hadur2.Hadur 3.10	mcb.Audace 1.3	weak		2	20	1	1	340	70.0	0.0	0.3636	0	0
hadur2.Hadur 3.10	mcb.Audace 1.3	weak		2	21	1	1	369	64.0	0.0	0.3077	0	0
hadur2.Hadur 3.10	mcb.Audace 1.3	weak		2	22	1	1	372	64.0	0.0	0.3077	0	0
hadur2.Hadur 3.10	mcb.Audace 1.3	weak		2	23	1	1	370	64.0	0.0	0.3077	0	0
hadur2.Hadur 3.10	mcb.Audace 1.3	weak		2	24	1	1	330	80.0	16.0	0.5000	0	0
hadur2.Hadur 3.10	mcb.Audace 1.3	weak		2	25	1	1	391	58.0	0.0	0.2143	0	0
hadur2.Hadur 3.10	mcb.Audace 1.3	weak		2	26	1	1	450	49.0	0.0	0.1765	0	0
hadur2.Hadur 3.10	mcb.Audace 1.3	weak		2	27	1	1	328	80.0	16.0	0.5000	0	0
hadur2.Hadur 3.10	mcb.Audace 1.3	weak		2	28	1	1	395	76.0	32.0	0.2857	0	0
hadur2.Hadur 3.10	mcb.Audace 1.3	weak		2	29	1	1	282	79.0	16.0	0.5714	0	0
hadur2.Hadur 3.10	mcb.Audace 1.3	weak		2	30	1	1	360	64.0	0.0	0.3333	0	0
hadur2.Hadur 3.10	mcb.Audace 1.3	weak		2	31	1	1	377	64.0	0.0	0.3077	0	0
hadur2.Hadur 3.10	mcb.Audace 1.3	weak		2	32	1	1	329	80.0	16.0	0.5000	0	0
hadur2.Hadur 3.10	mcb.Audace 1.3	weak		2	33	1	1	282	79.0	0.0	0.5714	0	0
hadur2.Hadur 3.10	mcb.Audace 1.3	weak		2	34	1	1	330	70.0	0.0	0.4000	0	5
hadur2.Hadur 3.10	mcb.Audace 1.3	weak		3	0	1	1	453	76.0	48.0	0.3500	0	4
hadur2.Hadur 3.10	mcb.Audace 1.3	weak		3	1	1	1	420	64.0	16.0	0.3333	0	0
hadur2.Hadur 3.10	mcb.Audace 1.3	weak		3	2	1	1	433	79.0	48.0	0.4444	0	0
hadur2.Hadur 3.10	mcb.Audace 1.3	weak		3	3	1	1	352	67.0	0.0	0.4615	0	0
hadur2.Hadur 3.10	mcb.Audace 1.3	weak		3	4	1	1	373	73.0	16.0	0.3077	0	0
hadur2.Hadur 3.10	mcb.Audace 1.3	weak		3	5	1	1	355	67.0	0.0	0.3333	0	0
hadur2.Hadur 3.10	mcb.Audace 1.3	weak		3	6	1	1	360	64.0	16.0	0.3333	0	0
hadur2.Hadur 3.10	mcb.Audace 1.3	weak		3	7	1	1	362	64.0	0.0	0.2500	0	0
hadur2.Hadur 3.10	mcb.Audace 1.3	weak		3	8	1	1	345	76.0	16.0	0.3636	0	0
hadur2.Hadur 3.10	mcb.Audace 1.3	weak		3	9	1	1	377	64.0	0.0	0.3077	0	0
hadur2.Hadur 3.10	mcb.Audace 1.3	weak		3	10	1	1	327	70.0	0.0	0.4000	0	0
hadur2.Hadur 3.10	mcb.Audace 1.3	weak		3	11	1	1	282	79.0	0.0	0.5714	0	0
hadur2.Hadur 3.10	mcb.Audace 1.3	weak		3	12	1	1	343	67.0	0.0	0.3636	0	0
hadur2.Hadur 3.10	mcb.Audace 1.3	weak		3	13	1	1	362	64.0	0.0	0.2500	0	0
hadur2.Hadur 3.10	mcb.Audace 1.3	weak		3	14	1	1	284	79.0	0.0	0.5714	0	0
hadur2.Hadur 3.10	mcb.Audace 1.3	weak		3	15	1	1	363	64.0	0.0	0.3333	0	0
hadur2.Hadur 3.10	mcb.Audace 1.3	weak		3	16	1	1	328	79.0	16.0	0.4000	0	0
hadur2.Hadur 3.10	mcb.Audace 1.3	weak		3	17	1	1	360	64.0	0.0	0.2500	0	0
hadur2.Hadur 3.10	mcb.Audace 1.3	weak		3	18	1	1	327	70.0	0.0	0.4000	0	0
hadur2.Hadur 3.10	mcb.Audace 1.3	weak		3	19	1	1	401	67.0	32.0	0.2857	0	0
hadur2.Hadur 3.10	mcb.Audace 1.3	weak		3	20	1	1	299	76.0	0.0	0.5000	0	0
hadur2.Hadur 3.10	mcb.Audace 1.3	weak		3	21	1	1	393	67.0	16.0	0.2857	0	0
hadur2.Hadur 3.10	mcb.Audace 1.3	weak		3	22	1	1	279	79.0	0.0	0.5714	0	0
hadur2.Hadur 3.10	mcb.Audace 1.3	weak		3	23	1	1	299	76.0	0.0	0.5000	0	0
hadur2.Hadur 3.10	mcb.Audace 1.3	weak		3	24	1	1	359	64.0	16.0	0.3333	0	0
hadur2.Hadur 3.10	mcb.Audace 1.3	weak		3	25	1	1	406	55.0	16.0	0.2000	0	0
hadur2.Hadur 3.10	mcb.Audace 1.3	weak		3	26	1	1	327	70.0	0.0	0.4000	0	0
hadur2.Hadur 3.10	mcb.Audace 1.3	weak		3	27	1	1	442	80.0	48.0	0.2941	0	0
hadur2.Hadur 3.10	mcb.Audace 1.3	weak		3	28	1	1	367	64.0	0.0	0.3077	0	0
hadur2.Hadur 3.10	mcb.Audace 1.3	weak		3	29	1	1	379	70.0	16.0	0.3077	0	0
hadur2.Hadur 3.10	mcb.Audace 1.3	weak		3	30	1	1	327	70.0	0.0	0.4000	0	0
hadur2.Hadur 3.10	mcb.Audace 1.3	weak		3	31	1	1	333	79.0	32.0	0.4000	0	0
hadur2.Hadur 3.10	mcb.Audace 1.3	weak		3	32	1	1	381	70.0	16.0	0.3077	0	0
hadur2.Hadur 3.10	mcb.Audace 1.3	weak		3	33	1	1	312	82.0	16.0	0.5556	0	0
hadur2.Hadur 3.10	mcb.Audace 1.3	weak		3	34	1	1	281	79.0	0.0	0.5714	0	7
hadur2.Hadur 3.10	mcb.Audace 1.3	weak		4	0	1	1	456	67.9	32.0	0.3500	0	5
hadur2.Hadur 3.10	mcb.Audace 1.3	weak		4	1	1	1	372	71.2	10.6	0.5000	0	0
hadur2.Hadur 3.10	mcb.Audace 1.3	weak		4	2	1	1	401	67.9	16.0	0.4375	0	0
hadur2.Hadur 3.10	mcb.Audace 1.3	weak		4	3	1	1	354	67.0	0.0	0.4615	0	0
hadur2.Hadur 3.10	mcb.Audace 1.3	weak		4	4	1	1	377	70.0	16.0	0.5000	0	0
hadur2.Hadur 3.10	mcb.Audace 1.3	weak		4	5	1	1	362	73.0	16.0	0.3333	0	0
hadur2.Hadur 3.10	mcb.Audace 1.3	weak		4	6	1	1	361	64.0	0.0	0.2500	0	0
hadur2.Hadur 3.10	mcb.Audace 1.3	weak		4	7	1	1	428	80.0	48.0	0.3125	0	0
hadur2.Hadur 3.10	mcb.Audace 1.3	weak		4	8	1	1	341	80.0	16.0	0.4545	0	0
hadur2.Hadur 3.10	mcb.Audace 1.3	weak		4	9	1	1	312	73.0	0.0	0.4444	0	0
hadur2.Hadur 3.10	mcb.Audace 1.3	weak		4	10	1	1	327	70.0	0.0	0.4000	0	0
hadur2.Hadur 3.10	mcb.Audace 1.3	weak		4	11	1	1	344	67.0	0.0	0.3636	0	0
hadur2.Hadur 3.10	mcb.Audace 1.3	weak		4	12	1	1	376	64.0	0.0	0.3077	0	0
hadur2.Hadur 3.10	mcb.Audace 1.3	weak		4	13	1	1	377	70.0	16.0	0.3077	0	0
hadur2.Hadur 3.10	mcb.Audace 1.3	weak		4	14	1	1	333	70.0	0.0	0.4000	0	0
hadur2.Hadur 3.10	mcb.Audace 1.3	weak		4	15	1	1	312	82.0	16.0	0.5556	0	0
hadur2.Hadur 3.10	mcb.Audace 1.3	weak		4	16	1	1	366	64.0	0.0	0.3077	0	0
hadur2.Hadur 3.10	mcb.Audace 1.3	weak		4	17	1	1	341	70.0	0.0	0.3636	0	0
hadur2.Hadur 3.10	mcb.Audace 1.3	weak		4	18	1	1	357	67.0	0.0	0.3333	0	0
hadur2.Hadur 3.10	mcb.Audace 1.3	weak		4	19	1	1	347	67.0	0.0	0.3636	0	0
hadur2.Hadur 3.10	mcb.Audace 1.3	weak		4	20	1	1	330	80.0	26.0	0.5000	0	0
hadur2.Hadur 3.10	mcb.Audace 1.3	weak		4	21	1	1	298	76.0	0.0	0.5000	0	0
hadur2.Hadur 3.10	mcb.Audace 1.3	weak		4	22	1	1	296	76.0	0.0	0.5000	0	0
hadur2.Hadur 3.10	mcb.Audace 1.3	weak		4	23	1	1	405	58.0	0.0	0.2000	0	0
hadur2.Hadur 3.10	mcb.Audace 1.3	weak		4	24	1	1	361	64.0	0.0	0.2500	0	0
hadur2.Hadur 3.10	mcb.Audace 1.3	weak		4	25	1	1	363	64.0	0.0	0.2500	0	0
hadur2.Hadur 3.10	mcb.Audace 1.3	weak		4	26	1	1	344	67.0	0.0	0.3636	0	0
hadur2.Hadur 3.10	mcb.Audace 1.3	weak		4	27	1	1	318	82.0	16.0	0.5556	0	0
hadur2.Hadur 3.10	mcb.Audace 1.3	weak		4	28	1	1	402	67.0	16.0	0.2667	0	0
hadur2.Hadur 3.10	mcb.Audace 1.3	weak		4	29	1	1	343	76.0	16.0	0.3636	0	0
hadur2.Hadur 3.10	mcb.Audace 1.3	weak		4	30	1	1	360	64.0	16.0	0.2500	0	0
hadur2.Hadur 3.10	mcb.Audace 1.3	weak		4	31	1	1	315	73.0	0.0	0.4444	0	0
hadur2.Hadur 3.10	mcb.Audace 1.3	weak		4	32	1	1	435	70.0	48.0	0.2941	0	0
hadur2.Hadur 3.10	mcb.Audace 1.3	weak		4	33	1	1	328	70.0	0.0	0.4000	0	0
hadur2.Hadur 3.10	mcb.Audace 1.3	weak		4	34	1	1	282	80.0	16.0	0.7143	0	6
hadur2.Hadur 3.10	myl.nano.Kakuru 1.20	weak		1	0	1	1	478	43.0	16.0	0.1818	0	5
hadur2.Hadur 3.10	myl.nano.Kakuru 1.20	weak		1	1	1	1	704	17.4	32.0	0.0732	0	0
hadur2.Hadur 3.10	myl.nano.Kakuru 1.20	weak		1	2	1	1	597	19.8	13.6	0.0968	0	1
hadur2.Hadur 3.10	myl.nano.Kakuru 1.20	weak		1	3	1	1	568	29.1	16.0	0.1034	0	0
hadur2.Hadur 3.10	myl.nano.Kakuru 1.20	weak		1	4	1	1	734	21.0	48.0	0.0889	0	0
hadur2.Hadur 3.10	myl.nano.Kakuru 1.20	weak		1	5	1	1	498	38.8	0.0	0.1667	0	0
hadur2.Hadur 3.10	myl.nano.Kakuru 1.20	weak		1	6	1	1	673	49.0	64.0	0.1579	0	0
hadur2.Hadur 3.10	myl.nano.Kakuru 1.20	weak		1	7	1	1	574	38.8	37.2	0.1379	0	0
hadur2.Hadur 3.10	myl.nano.Kakuru 1.20	weak		1	8	0	0	787	13.7	68.7	0.1765	0	0
hadur2.Hadur 3.10	myl.nano.Kakuru 1.20	weak		1	9	1	1	508	29.1	16.0	0.1250	0	0
hadur2.Hadur 3.10	myl.nano.Kakuru 1.20	weak		1	10	1	1	580	55.0	80.0	0.2581	0	0
hadur2.Hadur 3.10	myl.nano.Kakuru 1.20	weak		1	11	0	0	624	0.4	44.4	0.0303	0	0
hadur2.Hadur 3.10	myl.nano.Kakuru 1.20	weak		1	12	1	1	553	37.0	32.0	0.0833	0	0
hadur2.Hadur 3.10	myl.nano.Kakuru 1.20	weak		1	13	1	1	499	31.0	32.0	0.1304	0	0
hadur2.Hadur 3.10	myl.nano.Kakuru 1.20	weak		1	14	1	1	517	43.0	16.0	0.1667	0	0
hadur2.Hadur 3.10	myl.nano.Kakuru 1.20	weak		1	15	1	1	510	40.0	16.0	0.1667	0	0
hadur2.Hadur 3.10	myl.nano.Kakuru 1.20	weak		1	16	1	1	496	37.0	16.0	0.1304	0	0
hadur2.Hadur 3.10	myl.nano.Kakuru 1.20	weak		1	17	1	1	556	19.4	0.0	0.0741	0	0
hadur2.Hadur 3.10	myl.nano.Kakuru 1.20	weak		1	18	1	1	493	37.0	0.0	0.1304	0	0
hadur2.Hadur 3.10	myl.nano.Kakuru 1.20	weak		1	19	1	1	605	29.1	16.0	0.0968	0	0
hadur2.Hadur 3.10	myl.nano.Kakuru 1.20	weak		1	20	1	1	768	15.4	64.0	0.2245	0	0
hadur2.Hadur 3.10	myl.nano.Kakuru 1.20	weak		1	21	1	1	523	57.7	32.0	0.1739	0	0
hadur2.Hadur 3.10	myl.nano.Kakuru 1.20	weak		1	22	1	1	524	25.0	16.0	0.0455	0	0
hadur2.Hadur 3.10	myl.nano.Kakuru 1.20	weak		1	23	1	1	541	25.7	11.8	0.0769	0	0
hadur2.Hadur 3.10	myl.nano.Kakuru 1.20	weak		1	24	1	1	778	15.1	48.0	0.0400	0	0
hadur2.Hadur 3.10	myl.nano.Kakuru 1.20	weak		1	25	1	1	443	48.5	0.0	0.2500	0	0
hadur2.Hadur 3.10	myl.nano.Kakuru 1.20	weak		1	26	1	1	490	47.0	32.0	0.1818	0	0
hadur2.Hadur 3.10	myl.nano.Kakuru 1.20	weak		1	27	1	1	899	5.8	80.0	0.1587	0	0
hadur2.Hadur 3.10	myl.nano.Kakuru 1.20	weak		1	28	1	1	555	29.1	0.0	0.1071	0	0
hadur2.Hadur 3.10	myl.nano.Kakuru 1.20	weak		1	29	1	1	508	38.8	0.0	0.1667	0	0
hadur2.Hadur 3.10	myl.nano.Kakuru 1.20	weak		1	30	1	1	775	20.6	48.0	0.1064	0	0
hadur2.Hadur 3.10	myl.nano.Kakuru 1.20	weak		1	31	1	1	491	24.0	0.0	0.0870	0	0
hadur2.Hadur 3.10	myl.nano.Kakuru 1.20	weak		1	32	1	1	552	35.0	32.0	0.1111	0	0
hadur2.Hadur 3.10	myl.nano.Kakuru 1.20	weak		1	33	1	1	701	10.1	32.0	0.0513	0	0
hadur2.Hadur 3.10	myl.nano.Kakuru 1.20	weak		1	34	1	1	597	19.4	29.6	0.0645	0	6
hadur2.Hadur 3.10	myl.nano.Kakuru 1.20	weak		2	0	1	1	504	34.0	32.0	0.1250	0	4
hadur2.Hadur 3.10	myl.nano.Kakuru 1.20	weak		2	1	1	1	660	10.7	16.0	0.0286	0	0
hadur2.Hadur 3.10	myl.nano.Kakuru 1.20	weak		2	2	1	1	495	38.8	16.0	0.1739	0	0
hadur2.Hadur 3.10	myl.nano.Kakuru 1.20	weak		2	3	1	1	597	38.8	32.0	0.1290	0	0
hadur2.Hadur 3.10	myl.nano.Kakuru 1.20	weak		2	4	1	1	468	64.5	48.0	0.3000	0	0
hadur2.Hadur 3.10	myl.nano.Kakuru 1.20	weak		2	5	0	0	526	16.0	45.9	0.0455	0	0
hadur2.Hadur 3.10	myl.nano.Kakuru 1.20	weak		2	6	1	1	812	17.8	64.0	0.1698	0	0
hadur2.Hadur 3.10	myl.nano.Kakuru 1.20	weak		2	7	1	1	812	12.0	51.9	0.1132	0	0
hadur2.Hadur 3.10	myl.nano.Kakuru 1.20	weak		2	8	1	1	442	67.0	48.0	0.3333	0	0
hadur2.Hadur 3.10	myl.nano.Kakuru 1.20	weak		2	9	1	1	545	35.4	16.0	0.1154	0	0
hadur2.Hadur 3.10	myl.nano.Kakuru 1.20	weak		2	10	1	1	751	1.3	16.0	0.0476	0	0
hadur2.Hadur 3.10	myl.nano.Kakuru 1.20	weak		2	11	1	1	507	37.0	16.0	0.1304	0	0
hadur2.Hadur 3.10	myl.nano.Kakuru 1.20	weak		2	12	1	1	548	38.8	16.0	0.1481	0	0
hadur2.Hadur 3.10	myl.nano.Kakuru 1.20	weak		2	13	1	1	684	9.7	16.0	0.0270	0	0
hadur2.Hadur 3.10	myl.nano.Kakuru 1.20	weak		2	14	1	1	498	43.0	16.0	0.1739	0	0
hadur2.Hadur 3.10	myl.nano.Kakuru 1.20	weak		2	15	0	0	664	28.2	79.7	0.1538	0	0
hadur2.Hadur 3.10	myl.nano.Kakuru 1.20	weak		2	16	1	1	551	29.1	0.0	0.1154	0	0
hadur2.Hadur 3.10	myl.nano.Kakuru 1.20	weak		2	17	1	1	453	31.0	0.0	0.1500	0	0
hadur2.Hadur 3.10	myl.nano.Kakuru 1.20	weak		2	18	0	0	648	0.4	46.0	0.0286	0	0
hadur2.Hadur 3.10	myl.nano.Kakuru 1.20	weak		2	19	1	1	498	25.7	32.0	0.0909	0	0
hadur2.Hadur 3.10	myl.nano.Kakuru 1.20	weak		2	20	1	1	858	4.5	48.0	0.1455	0	0
hadur2.Hadur 3.10	myl.nano.Kakuru 1.20	weak		2	21	1	1	442	40.0	0.0	0.1579	0	0
hadur2.Hadur 3.10	myl.nano.Kakuru 1.20	weak		2	22	1	0	646	29.5	63.7	0.1143	0	0
hadur2.Hadur 3.10	myl.nano.Kakuru 1.20	weak		2	23	1	1	591	25.9	0.0	0.1071	0	0
hadur2.Hadur 3.10	myl.nano.Kakuru 1.20	weak		2	24	1	1	475	46.0	32.0	0.1905	0	0
hadur2.Hadur 3.10	myl.nano.Kakuru 1.20	weak		2	25	1	1	594	19.4	0.0	0.0667	0	0
hadur2.Hadur 3.10	myl.nano.Kakuru 1.20	weak		2	26	0	0	678	15.3	65.3	0.0750	0	0
hadur2.Hadur 3.10	myl.nano.Kakuru 1.20	weak		2	27	1	1	555	46.0	32.0	0.1481	0	0
hadur2.Hadur 3.10	myl.nano.Kakuru 1.20	weak		2	28	1	1	723	9.7	16.0	0.0250	0	0
hadur2.Hadur 3.10	myl.nano.Kakuru 1.20	weak		2	29	1	1	658	9.7	16.0	0.0286	0	1
hadur2.Hadur 3.10	myl.nano.Kakuru 1.20	weak		2	30	1	1	551	25.7	0.0	0.0800	0	0
hadur2.Hadur 3.10	myl.nano.Kakuru 1.20	weak		2	31	1	1	599	19.8	16.0	0.0968	0	0
hadur2.Hadur 3.10	myl.nano.Kakuru 1.20	weak		2	32	1	1	608	9.7	0.0	0.0323	0	0
hadur2.Hadur 3.10	myl.nano.Kakuru 1.20	weak		2	33	1	1	541	37.0	48.0	0.1071	0	0
hadur2.Hadur 3.10	myl.nano.Kakuru 1.20	weak		2	34	1	1	617	20.2	16.0	0.1212	0	7
hadur2.Hadur 3.10	myl.nano.Kakuru 1.20	weak		3	0	1	1	470	48.5	48.0	0.2381	0	5
hadur2.Hadur 3.10	myl.nano.Kakuru 1.20	weak		3	1	1	1	539	34.0	16.0	0.1154	0	0
hadur2.Hadur 3.10	myl.nano.Kakuru 1.20	weak		3	2	1	1	554	40.0	16.0	0.1538	0	0
hadur2.Hadur 3.10	myl.nano.Kakuru 1.20	weak		3	3	1	1	507	48.0	32.0	0.1364	0	0
hadur2.Hadur 3.10	myl.nano.Kakuru 1.20	weak		3	4	1	1	513	38.5	16.0	0.1250	0	0
hadur2.Hadur 3.10	myl.nano.Kakuru 1.20	weak		3	5	1	1	515	29.1	0.0	0.1200	0	1
hadur2.Hadur 3.10	myl.nano.Kakuru 1.20	weak		3	6	1	1	515	38.8	0.0	0.1600	0	0
hadur2.Hadur 3.10	myl.nano.Kakuru 1.20	weak		3	7	1	1	459	48.5	16.0	0.2381	0	0
hadur2.Hadur 3.10	myl.nano.Kakuru 1.20	weak		3	8	1	1	473	51.4	48.0	0.2000	0	0
hadur2.Hadur 3.10	myl.nano.Kakuru 1.20	weak		3	9	1	1	406	70.0	32.0	0.2667	0	0
hadur2.Hadur 3.10	myl.nano.Kakuru 1.20	weak		3	10	1	1	565	49.4	64.0	0.1852	0	0
hadur2.Hadur 3.10	myl.nano.Kakuru 1.20	weak		3	11	1	1	589	16.0	16.0	0.0370	0	0
hadur2.Hadur 3.10	myl.nano.Kakuru 1.20	weak		3	12	1	1	485	40.0	16.0	0.1818	0	0
hadur2.Hadur 3.10	myl.nano.Kakuru 1.20	weak		3	13	1	1	437	60.4	24.8	0.4000	0	0
hadur2.Hadur 3.10	myl.nano.Kakuru 1.20	weak		3	14	1	1	467	66.7	64.0	0.3000	0	0
hadur2.Hadur 3.10	myl.nano.Kakuru 1.20	weak		3	15	1	1	351	58.8	0.0	0.2727	0	0
hadur2.Hadur 3.10	myl.nano.Kakuru 1.20	weak		3	16	1	1	486	34.0	0.0	0.1000	0	0
hadur2.Hadur 3.10	myl.nano.Kakuru 1.20	weak		3	17	1	1	554	25.8	32.0	0.1538	0	0
hadur2.Hadur 3.10	myl.nano.Kakuru 1.20	weak		3	18	1	1	407	46.0	0.0	0.1333	0	0
hadur2.Hadur 3.10	myl.nano.Kakuru 1.20	weak		3	19	1	1	478	49.0	16.0	0.2273	0	0
hadur2.Hadur 3.10	myl.nano.Kakuru 1.20	weak		3	20	1	1	552	40.0	48.0	0.1786	0	0
hadur2.Hadur 3.10	myl.nano.Kakuru 1.20	weak		3	21	1	1	695	0.0	16.0	0.0000	0	0
hadur2.Hadur 3.10	myl.nano.Kakuru 1.20	weak		3	22	0	0	670	22.8	87.9	0.1667	0	0
hadur2.Hadur 3.10	myl.nano.Kakuru 1.20	weak		3	23	1	1	663	29.1	32.0	0.0833	0	0
hadur2.Hadur 3.10	myl.nano.Kakuru 1.20	weak		3	24	1	1	496	67.0	48.0	0.1818	0	0
hadur2.Hadur 3.10	myl.nano.Kakuru 1.20	weak		3	25	1	1	423	48.2	16.0	0.2222	0	0
hadur2.Hadur 3.10	myl.nano.Kakuru 1.20	weak		3	26	0	0	783	3.0	40.4	0.1064	0	0
hadur2.Hadur 3.10	myl.nano.Kakuru 1.20	weak		3	27	1	1	574	37.0	32.0	0.1379	0	0
hadur2.Hadur 3.10	myl.nano.Kakuru 1.20	weak		3	28	1	1	457	48.5	18.0	0.2500	0	0
hadur2.Hadur 3.10	myl.nano.Kakuru 1.20	weak		3	29	1	1	445	41.7	0.0	0.1667	0	0
hadur2.Hadur 3.10	myl.nano.Kakuru 1.20	weak		3	30	1	1	501	61.0	48.0	0.2381	0	0
hadur2.Hadur 3.10	myl.nano.Kakuru 1.20	weak		3	31	1	1	484	37.0	0.0	0.1000	0	0
hadur2.Hadur 3.10	myl.nano.Kakuru 1.20	weak		3	32	1	1	789	23.5	80.0	0.1538	0	0
hadur2.Hadur 3.10	myl.nano.Kakuru 1.20	weak		3	33	1	1	651	39.2	55.6	0.1765	0	0
hadur2.Hadur 3.10	myl.nano.Kakuru 1.20	weak		3	34		0	673	21.5	54.4			0
hadur2.Hadur 3.10	myl.nano.Kakuru 1.20	weak		4	0	1	1	627	49.0	80.0	0.2000	298	7
hadur2.Hadur 3.10	myl.nano.Kakuru 1.20	weak		4	1	1	1	594	31.0	16.0	0.1290	0	0
hadur2.Hadur 3.10	myl.nano.Kakuru 1.20	weak		4	2	1	1	674	31.1	48.0	0.1053	0	1
hadur2.Hadur 3.10	myl.nano.Kakuru 1.20	weak		4	3	1	1	584	19.4	29.6	0.0690	0	0
hadur2.Hadur 3.10	myl.nano.Kakuru 1.20	weak		4	4	1	1	582	19.4	0.0	0.0667	0	0
hadur2.Hadur 3.10	myl.nano.Kakuru 1.20	weak		4	5	1	1	428	37.0	0.0	0.1667	0	0
hadur2.Hadur 3.10	myl.nano.Kakuru 1.20	weak		4	6	1	1	864	15.7	80.0	0.1333	0	0
hadur2.Hadur 3.10	myl.nano.Kakuru 1.20	weak		4	7	1	1	498	38.8	0.0	0.1667	0	0
hadur2.Hadur 3.10	myl.nano.Kakuru 1.20	weak		4	8	1	1	594	39.4	48.0	0.1613	0	0
hadur2.Hadur 3.10	myl.nano.Kakuru 1.20	weak		4	9	1	1	547	38.8	16.0	0.1481	0	0
hadur2.Hadur 3.10	myl.nano.Kakuru 1.20	weak		4	10	1	1	423	61.1	16.0	0.2941	0	0
hadur2.Hadur 3.10	myl.nano.Kakuru 1.20	weak		4	11	1	1	447	46.0	0.0	0.1176	0	0
hadur2.Hadur 3.10	myl.nano.Kakuru 1.20	weak		4	12	1	1	418	46.0	0.0	0.1333	0	0
hadur2.Hadur 3.10	myl.nano.Kakuru 1.20	weak		4	13	1	1	545	34.2	46.6	0.1923	0	0
hadur2.Hadur 3.10	myl.nano.Kakuru 1.20	weak		4	14	1	1	657	38.4	64.0	0.1316	0	0
hadur2.Hadur 3.10	myl.nano.Kakuru 1.20	weak		4	15	1	1	478	64.0	32.0	0.2857	0	0
hadur2.Hadur 3.10	myl.nano.Kakuru 1.20	weak		4	16	1	1	611	29.1	32.0	0.0968	0	0
hadur2.Hadur 3.10	myl.nano.Kakuru 1.20	weak		4	17	1	1	588	29.1	16.0	0.1000	0	0
hadur2.Hadur 3.10	myl.nano.Kakuru 1.20	weak		4	18	1	1	388	54.2	0.0	0.3333	0	0
hadur2.Hadur 3.10	myl.nano.Kakuru 1.20	weak		4	19	1	1	672	10.0	32.0	0.0526	0	0
hadur2.Hadur 3.10	myl.nano.Kakuru 1.20	weak		4	20	1	1	483	46.7	32.0	0.1818	0	0
hadur2.Hadur 3.10	myl.nano.Kakuru 1.20	weak		4	21	1	1	438	40.5	0.0	0.2105	0	0
hadur2.Hadur 3.10	myl.nano.Kakuru 1.20	weak		4	22	1	1	496	38.8	0.0	0.1739	0	0
hadur2.Hadur 3.10	myl.nano.Kakuru 1.20	weak		4	23	1	1	525	29.1	0.0	0.1200	0	0
hadur2.Hadur 3.10	myl.nano.Kakuru 1.20	weak		4	24	1	1	472	49.0	32.0	0.2000	0	0
hadur2.Hadur 3.10	myl.nano.Kakuru 1.20	weak		4	25	0	0	613	41.3	73.3	0.1563	0	0
hadur2.Hadur 3.10	myl.nano.Kakuru 1.20	weak		4	26	1	1	583	29.1	16.0	0.1034	0	0
hadur2.Hadur 3.10	myl.nano.Kakuru 1.20	weak		4	27	1	1	546	40.4	32.0	0.2222	0	0
hadur2.Hadur 3.10	myl.nano.Kakuru 1.20	weak		4	28	1	1	508	38.8	0.0	0.1667	0	0
hadur2.Hadur 3.10	myl.nano.Kakuru 1.20	weak		4	29	0	0	567	13.6	72.7	0.0968	0	0
hadur2.Hadur 3.10	myl.nano.Kakuru 1.20	weak		4	30	1	1	623	43.4	48.0	0.1471	0	0
hadur2.Hadur 3.10	myl.nano.Kakuru 1.20	weak		4	31	1	1	459	37.0	0.0	0.1500	0	0
hadur2.Hadur 3.10	myl.nano.Kakuru 1.20	weak		4	32	1	1	455	46.0	16.0	0.2000	0	0
hadur2.Hadur 3.10	myl.nano.Kakuru 1.20	weak		4	33	1	1	506	35.4	7.6	0.1304	0	0
hadur2.Hadur 3.10	myl.nano.Kakuru 1.20	weak		4	34	1	1	501	37.0	0.0	0.1429	0	7
hadur2.Hadur 3.10	nan.Ihivatar_Mk_1 1.0	weak		1	0	1	1	693	37.0	64.0	0.1000	0	4
hadur2.Hadur 3.10	nan.Ihivatar_Mk_1 1.0	weak		1	1	1	1	685	22.0	32.0	0.1282	0	0
hadur2.Hadur 3.10	nan.Ihivatar_Mk_1 1.0	weak		1	2	1	1	510	37.0	16.0	0.1250	0	0
hadur2.Hadur 3.10	nan.Ihivatar_Mk_1 1.0	weak		1	3	1	1	484	43.0	0.0	0.1818	0	0
hadur2.Hadur 3.10	nan.Ihivatar_Mk_1 1.0	weak		1	4	1	1	522	32.0	0.0	0.1200	0	0
hadur2.Hadur 3.10	nan.Ihivatar_Mk_1 1.0	weak		1	5	1	1	544	38.8	0.0	0.1481	0	0
hadur2.Hadur 3.10	nan.Ihivatar_Mk_1 1.0	weak		1	6	1	1	500	40.0	0.0	0.1739	0	0
hadur2.Hadur 3.10	nan.Ihivatar_Mk_1 1.0	weak		1	7	1	1	753	5.8	16.0	0.0455	0	0
hadur2.Hadur 3.10	nan.Ihivatar_Mk_1 1.0	weak		1	8	1	1	659	19.4	16.0	0.0571	0	0
hadur2.Hadur 3.10	nan.Ihivatar_Mk_1 1.0	weak		1	9	1	1	567	34.0	32.0	0.1071	0	0
hadur2.Hadur 3.10	nan.Ihivatar_Mk_1 1.0	weak		1	10	1	1	752	9.7	16.0	0.0238	0	0
hadur2.Hadur 3.10	nan.Ihivatar_Mk_1 1.0	weak		1	11	1	1	563	38.8	16.0	0.1429	0	0
hadur2.Hadur 3.10	nan.Ihivatar_Mk_1 1.0	weak		1	12	1	1	657	25.0	16.0	0.0857	0	0
hadur2.Hadur 3.10	nan.Ihivatar_Mk_1 1.0	weak		1	13	1	1	518	43.0	16.0	0.1667	0	0
hadur2.Hadur 3.10	nan.Ihivatar_Mk_1 1.0	weak		1	14	1	1	605	19.4	0.0	0.0667	0	0
hadur2.Hadur 3.10	nan.Ihivatar_Mk_1 1.0	weak		1	15	1	1	639	37.3	32.0	0.1176	0	0
hadur2.Hadur 3.10	nan.Ihivatar_Mk_1 1.0	weak		1	16	1	1	596	31.0	16.0	0.1000	0	0
hadur2.Hadur 3.10	nan.Ihivatar_Mk_1 1.0	weak		1	17	1	1	637	31.0	32.0	0.1212	0	0
hadur2.Hadur 3.10	nan.Ihivatar_Mk_1 1.0	weak		1	18	1	1	632	29.1	16.0	0.0882	0	0
hadur2.Hadur 3.10	nan.Ihivatar_Mk_1 1.0	weak		1	19	1	1	673	29.1	32.0	0.0833	0	0
hadur2.Hadur 3.10	nan.Ihivatar_Mk_1 1.0	weak		1	20	1	1	571	48.5	32.0	0.1724	0	0
hadur2.Hadur 3.10	nan.Ihivatar_Mk_1 1.0	weak		1	21	1	1	750	17.8	39.3	0.1136	0	0
hadur2.Hadur 3.10	nan.Ihivatar_Mk_1 1.0	weak		1	22	1	1	575	29.1	0.0	0.1071	0	0
hadur2.Hadur 3.10	nan.Ihivatar_Mk_1 1.0	weak		1	23	1	1	487	45.1	3.6	0.1739	0	0
hadur2.Hadur 3.10	nan.Ihivatar_Mk_1 1.0	weak		1	24	1	1	565	29.1	16.0	0.1071	0	0
hadur2.Hadur 3.10	nan.Ihivatar_Mk_1 1.0	weak		1	25	0	1	846	9.7	48.0	0.0333	0	0
hadur2.Hadur 3.10	nan.Ihivatar_Mk_1 1.0	weak		1	26	1	1	622	29.1	16.0	0.0938	0	0
hadur2.Hadur 3.10	nan.Ihivatar_Mk_1 1.0	weak		1	27	1	1	468	46.0	0.0	0.1905	0	0
hadur2.Hadur 3.10	nan.Ihivatar_Mk_1 1.0	weak		1	28	1	1	509	37.0	16.0	0.1250	0	0
hadur2.Hadur 3.10	nan.Ihivatar_Mk_1 1.0	weak		1	29	1	1	559	47.6	38.2	0.2222	0	0
hadur2.Hadur 3.10	nan.Ihivatar_Mk_1 1.0	weak		1	30	1	1	534	49.0	20.0	0.1600	0	0
hadur2.Hadur 3.10	nan.Ihivatar_Mk_1 1.0	weak		1	31	1	1	589	32.4	10.0	0.1071	0	0
hadur2.Hadur 3.10	nan.Ihivatar_Mk_1 1.0	weak		1	32	1	1	594	31.0	32.0	0.0714	0	0
hadur2.Hadur 3.10	nan.Ihivatar_Mk_1 1.0	weak		1	33	1	1	593	29.1	0.0	0.0968	0	0
hadur2.Hadur 3.10	nan.Ihivatar_Mk_1 1.0	weak		1	34	1	1	703	10.0	16.0	0.0263	0	8
hadur2.Hadur 3.10	nan.Ihivatar_Mk_1 1.0	weak		2	0	1	1	552	38.8	21.2	0.1481	0	5
hadur2.Hadur 3.10	nan.Ihivatar_Mk_1 1.0	weak		2	1	1	1	554	37.0	16.0	0.1111	0	0
hadur2.Hadur 3.10	nan.Ihivatar_Mk_1 1.0	weak		2	2	1	1	599	58.0	64.0	0.2000	0	0
hadur2.Hadur 3.10	nan.Ihivatar_Mk_1 1.0	weak		2	3	1	1	648	32.1	32.0	0.1515	0	1
hadur2.Hadur 3.10	nan.Ihivatar_Mk_1 1.0	weak		2	4	1	1	676	20.4	16.0	0.0833	0	0
hadur2.Hadur 3.10	nan.Ihivatar_Mk_1 1.0	weak		2	5	1	1	592	22.0	0.0	0.0690	0	0
hadur2.Hadur 3.10	nan.Ihivatar_Mk_1 1.0	weak		2	6	1	1	632	22.0	16.0	0.0606	0	0
hadur2.Hadur 3.10	nan.Ihivatar_Mk_1 1.0	weak		2	7	1	1	712	17.4	48.0	0.0952	0	0
hadur2.Hadur 3.10	nan.Ihivatar_Mk_1 1.0	weak		2	8	1	1	562	37.0	16.0	0.1111	0	0
hadur2.Hadur 3.10	nan.Ihivatar_Mk_1 1.0	weak		2	9	1	1	584	31.0	16.0	0.1034	0	0
hadur2.Hadur 3.10	nan.Ihivatar_Mk_1 1.0	weak		2	10	0	0	719	29.9	58.0	0.1250	0	0
hadur2.Hadur 3.10	nan.Ihivatar_Mk_1 1.0	weak		2	11	1	1	647	19.4	16.0	0.0588	0	0
hadur2.Hadur 3.10	nan.Ihivatar_Mk_1 1.0	weak		2	12	1	1	592	22.0	0.0	0.0667	0	0
hadur2.Hadur 3.10	nan.Ihivatar_Mk_1 1.0	weak		2	13	1	1	534	31.0	0.0	0.1200	0	0
hadur2.Hadur 3.10	nan.Ihivatar_Mk_1 1.0	weak		2	14	1	1	699	21.3	48.0	0.1053	0	0
hadur2.Hadur 3.10	nan.Ihivatar_Mk_1 1.0	weak		2	15	1	1	603	37.0	32.0	0.1290	0	0
hadur2.Hadur 3.10	nan.Ihivatar_Mk_1 1.0	weak		2	16	1	1	364	64.5	0.0	0.4615	0	0
hadur2.Hadur 3.10	nan.Ihivatar_Mk_1 1.0	weak		2	17	1	1	526	34.0	0.0	0.0909	0	0
hadur2.Hadur 3.10	nan.Ihivatar_Mk_1 1.0	weak		2	18	1	1	559	28.0	0.0	0.0800	0	0
hadur2.Hadur 3.10	nan.Ihivatar_Mk_1 1.0	weak		2	19	1	1	428	52.0	0.0	0.1875	0	0
hadur2.Hadur 3.10	nan.Ihivatar_Mk_1 1.0	weak		2	20	1	1	470	54.8	16.0	0.2500	0	0
hadur2.Hadur 3.10	nan.Ihivatar_Mk_1 1.0	weak		2	21	1	1	489	40.0	0.0	0.1818	0	0
hadur2.Hadur 3.10	nan.Ihivatar_Mk_1 1.0	weak		2	22	1	1	644	26.1	16.0	0.0968	0	0
hadur2.Hadur 3.10	nan.Ihivatar_Mk_1 1.0	weak		2	23	1	1	579	34.0	16.0	0.1034	0	0
hadur2.Hadur 3.10	nan.Ihivatar_Mk_1 1.0	weak		2	24	1	1	507	48.5	34.0	0.2083	0	0
hadur2.Hadur 3.10	nan.Ihivatar_Mk_1 1.0	weak		2	25	1	1	604	19.4	16.0	0.0667	0	0
hadur2.Hadur 3.10	nan.Ihivatar_Mk_1 1.0	weak		2	26	1	1	475	43.0	0.0	0.1905	0	0
hadur2.Hadur 3.10	nan.Ihivatar_Mk_1 1.0	weak		2	27	1	1	596	22.0	0.0	0.0667	0	0
hadur2.Hadur 3.10	nan.Ihivatar_Mk_1 1.0	weak		2	28	1	1	503	37.0	16.0	0.1304	0	0
hadur2.Hadur 3.10	nan.Ihivatar_Mk_1 1.0	weak		2	29	1	1	616	29.1	16.0	0.0938	0	0
hadur2.Hadur 3.10	nan.Ihivatar_Mk_1 1.0	weak		2	30	1	1	591	22.0	0.0	0.0690	0	0
hadur2.Hadur 3.10	nan.Ihivatar_Mk_1 1.0	weak		2	31	1	1	418	58.2	0.0	0.3333	0	0
hadur2.Hadur 3.10	nan.Ihivatar_Mk_1 1.0	weak		2	32	1	1	519	34.0	16.0	0.1304	0	0
hadur2.Hadur 3.10	nan.Ihivatar_Mk_1 1.0	weak		2	33	1	1	568	25.0	0.0	0.0741	0	0
hadur2.Hadur 3.10	nan.Ihivatar_Mk_1 1.0	weak		2	34	1	1	496	45.1	0.0	0.1739	0	5
hadur2.Hadur 3.10	nan.Ihivatar_Mk_1 1.0	weak		3	0	1	1	595	43.0	32.0	0.1667	0	5
hadur2.Hadur 3.10	nan.Ihivatar_Mk_1 1.0	weak		3	1	1	1	581	34.0	16.0	0.1034	0	0
hadur2.Hadur 3.10	nan.Ihivatar_Mk_1 1.0	weak		3	2	1	1	459	67.2	64.0	0.2500	0	0
hadur2.Hadur 3.10	nan.Ihivatar_Mk_1 1.0	weak		3	3	1	1	702	19.4	45.6	0.0513	0	0
hadur2.Hadur 3.10	nan.Ihivatar_Mk_1 1.0	weak		3	4	1	1	538	31.0	0.0	0.1200	0	0
hadur2.Hadur 3.10	nan.Ihivatar_Mk_1 1.0	weak		3	5	1	1	457	46.0	0.0	0.2000	0	0
hadur2.Hadur 3.10	nan.Ihivatar_Mk_1 1.0	weak		3	6	1	1	465	46.0	0.0	0.1905	0	0
hadur2.Hadur 3.10	nan.Ihivatar_Mk_1 1.0	weak		3	7	1	1	572	29.1	0.0	0.1034	0	0
hadur2.Hadur 3.10	nan.Ihivatar_Mk_1 1.0	weak		3	8	1	1	521	45.1	16.0	0.1667	0	0
hadur2.Hadur 3.10	nan.Ihivatar_Mk_1 1.0	weak		3	9	1	1	515	38.8	0.0	0.1667	0	0
hadur2.Hadur 3.10	nan.Ihivatar_Mk_1 1.0	weak		3	10	1	1	635	13.0	0.0	0.0313	0	0
hadur2.Hadur 3.10	nan.Ihivatar_Mk_1 1.0	weak		3	11	1	1	508	38.8	5.2	0.1667	0	0
hadur2.Hadur 3.10	nan.Ihivatar_Mk_1 1.0	weak		3	12	1	1	578	29.1	0.0	0.1034	0	0
hadur2.Hadur 3.10	nan.Ihivatar_Mk_1 1.0	weak		3	13	1	1	621	19.4	0.0	0.0645	0	0
hadur2.Hadur 3.10	nan.Ihivatar_Mk_1 1.0	weak		3	14	1	1	436	52.0	0.0	0.2222	0	0
hadur2.Hadur 3.10	nan.Ihivatar_Mk_1 1.0	weak		3	15	1	1	569	29.1	0.0	0.1071	0	0
hadur2.Hadur 3.10	nan.Ihivatar_Mk_1 1.0	weak		3	16	1	1	574	29.1	0.0	0.1034	0	0
hadur2.Hadur 3.10	nan.Ihivatar_Mk_1 1.0	weak		3	17	1	1	598	19.4	0.0	0.0667	0	0
hadur2.Hadur 3.10	nan.Ihivatar_Mk_1 1.0	weak		3	18	1	1	579	29.1	0.0	0.1034	0	0
hadur2.Hadur 3.10	nan.Ihivatar_Mk_1 1.0	weak		3	19	1	1	596	31.0	9.4	0.1290	0	0
hadur2.Hadur 3.10	nan.Ihivatar_Mk_1 1.0	weak		3	20	1	1	487	66.4	28.8	0.3750	0	0
hadur2.Hadur 3.10	nan.Ihivatar_Mk_1 1.0	weak		3	21	1	1	471	48.0	0.0	0.1500	0	0
hadur2.Hadur 3.10	nan.Ihivatar_Mk_1 1.0	weak		3	22	1	1	656	32.4	32.0	0.0938	0	0
hadur2.Hadur 3.10	nan.Ihivatar_Mk_1 1.0	weak		3	23	1	1	515	37.0	0.0	0.0952	0	0
hadur2.Hadur 3.10	nan.Ihivatar_Mk_1 1.0	weak		3	24	1	1	490	40.0	0.0	0.1818	0	0
hadur2.Hadur 3.10	nan.Ihivatar_Mk_1 1.0	weak		3	25	1	1	465	48.5	0.0	0.2381	0	0
hadur2.Hadur 3.10	nan.Ihivatar_Mk_1 1.0	weak		3	26	1	1	482	43.0	0.0	0.1429	0	0
hadur2.Hadur 3.10	nan.Ihivatar_Mk_1 1.0	weak		3	27	1	1	543	31.0	0.0	0.0833	0	0
hadur2.Hadur 3.10	nan.Ihivatar_Mk_1 1.0	weak		3	28	1	1	541	35.4	0.0	0.1154	0	0
hadur2.Hadur 3.10	nan.Ihivatar_Mk_1 1.0	weak		3	29	1	1	530	38.8	0.0	0.1600	0	0
hadur2.Hadur 3.10	nan.Ihivatar_Mk_1 1.0	weak		3	30	1	1	461	48.5	0.0	0.2500	0	0
hadur2.Hadur 3.10	nan.Ihivatar_Mk_1 1.0	weak		3	31	1	1	595	22.0	0.0	0.0714	0	0
hadur2.Hadur 3.10	nan.Ihivatar_Mk_1 1.0	weak		3	32	1	1	572	25.0	0.0	0.0714	0	0
hadur2.Hadur 3.10	nan.Ihivatar_Mk_1 1.0	weak		3	33	1	1	565	29.1	0.0	0.1071	0	0
hadur2.Hadur 3.10	nan.Ihivatar_Mk_1 1.0	weak		3	34	1	1	608	19.0	0.0	0.0323	0	5
hadur2.Hadur 3.10	nan.Ihivatar_Mk_1 1.0	weak		4	0	1	1	540	61.5	59.2	0.2308	0	6
hadur2.Hadur 3.10	nan.Ihivatar_Mk_1 1.0	weak		4	1	1	1	509	46.0	16.0	0.1667	0	0
hadur2.Hadur 3.10	nan.Ihivatar_Mk_1 1.0	weak		4	2	1	1	594	40.8	43.2	0.1071	0	0
hadur2.Hadur 3.10	nan.Ihivatar_Mk_1 1.0	weak		4	3	1	1	551	32.0	0.0	0.0833	0	0
hadur2.Hadur 3.10	nan.Ihivatar_Mk_1 1.0	weak		4	4	1	1	505	48.5	16.0	0.2083	0	0
hadur2.Hadur 3.10	nan.Ihivatar_Mk_1 1.0	weak		4	5	1	1	416	55.0	0.0	0.2941	0	0
hadur2.Hadur 3.10	nan.Ihivatar_Mk_1 1.0	weak		4	6	1	1	518	34.0	16.0	0.1304	0	0
hadur2.Hadur 3.10	nan.Ihivatar_Mk_1 1.0	weak		4	7	1	1	435	64.0	16.0	0.2353	0	0
hadur2.Hadur 3.10	nan.Ihivatar_Mk_1 1.0	weak		4	8	1	1	634	40.0	48.0	0.0968	0	0
hadur2.Hadur 3.10	nan.Ihivatar_Mk_1 1.0	weak		4	9	1	1	528	39.4	5.2	0.1923	0	0
hadur2.Hadur 3.10	nan.Ihivatar_Mk_1 1.0	weak		4	10	1	1	725	37.8	61.6	0.1951	0	0
hadur2.Hadur 3.10	nan.Ihivatar_Mk_1 1.0	weak		4	11	1	1	557	46.0	32.0	0.1250	0	0
hadur2.Hadur 3.10	nan.Ihivatar_Mk_1 1.0	weak		4	12	0	0	648	29.1	51.7	0.0938	0	0
hadur2.Hadur 3.10	nan.Ihivatar_Mk_1 1.0	weak		4	13	1	1	526	38.8	0.0	0.1600	0	0
hadur2.Hadur 3.10	nan.Ihivatar_Mk_1 1.0	weak		4	14	1	1	529	43.0	16.0	0.1667	0	0
hadur2.Hadur 3.10	nan.Ihivatar_Mk_1 1.0	weak		4	15	1	1	497	58.0	32.0	0.2381	0	0
hadur2.Hadur 3.10	nan.Ihivatar_Mk_1 1.0	weak		4	16	1	1	433	52.0	0.0	0.1875	0	0
hadur2.Hadur 3.10	nan.Ihivatar_Mk_1 1.0	weak		4	17	1	1	542	31.0	0.0	0.0870	0	0
hadur2.Hadur 3.10	nan.Ihivatar_Mk_1 1.0	weak		4	18	1	1	513	51.4	16.0	0.1739	0	0
hadur2.Hadur 3.10	nan.Ihivatar_Mk_1 1.0	weak		4	19	1	1	616	19.4	0.0	0.0625	0	0
hadur2.Hadur 3.10	nan.Ihivatar_Mk_1 1.0	weak		4	20	1	1	507	48.5	16.0	0.2083	0	0
hadur2.Hadur 3.10	nan.Ihivatar_Mk_1 1.0	weak		4	21	1	1	596	29.9	18.8	0.1613	0	0
hadur2.Hadur 3.10	nan.Ihivatar_Mk_1 1.0	weak		4	22	1	1	497	49.0	16.0	0.1818	0	0
hadur2.Hadur 3.10	nan.Ihivatar_Mk_1 1.0	weak		4	23	1	1	478	48.0	0.0	0.1500	0	0
hadur2.Hadur 3.10	nan.Ihivatar_Mk_1 1.0	weak		4	24	1	1	367	73.0	16.0	0.3333	0	0
hadur2.Hadur 3.10	nan.Ihivatar_Mk_1 1.0	weak		4	25	1	1	471	48.0	0.0	0.1579	0	0
hadur2.Hadur 3.10	nan.Ihivatar_Mk_1 1.0	weak		4	26	1	1	517	37.0	0.0	0.0952	0	0
hadur2.Hadur 3.10	nan.Ihivatar_Mk_1 1.0	weak		4	27	1	1	416	55.0	0.0	0.2667	0	0
hadur2.Hadur 3.10	nan.Ihivatar_Mk_1 1.0	weak		4	28	1	1	559	41.7	16.0	0.1200	0	0
hadur2.Hadur 3.10	nan.Ihivatar_Mk_1 1.0	weak		4	29	1	1	560	29.1	9.4	0.1111	0	0
hadur2.Hadur 3.10	nan.Ihivatar_Mk_1 1.0	weak		4	30	1	1	602	29.5	9.4	0.1290	0	0
hadur2.Hadur 3.10	nan.Ihivatar_Mk_1 1.0	weak		4	31	1	1	615	38.8	32.0	0.1290	0	0
hadur2.Hadur 3.10	nan.Ihivatar_Mk_1 1.0	weak		4	32	1	1	512	37.0	0.0	0.1250	0	0
hadur2.Hadur 3.10	nan.Ihivatar_Mk_1 1.0	weak		4	33	1	1	526	48.5	16.0	0.2000	0	0
hadur2.Hadur 3.10	nan.Ihivatar_Mk_1 1.0	weak		4	34	1	1	512	46.0	16.0	0.1739	0	5
hadur2.Hadur 3.10	ndn.DyslexicMonkey 1.1	weak		1	0	1	1	883	43.4	26.3	0.1455	0	4
hadur2.Hadur 3.10	ndn.DyslexicMonkey 1.1	weak		1	1	1	1	559	62.5	6.5	0.2000	0	0
hadur2.Hadur 3.10	ndn.DyslexicMonkey 1.1	weak		1	2	1	1	466	68.1	0.0	0.2105	0	0
hadur2.Hadur 3.10	ndn.DyslexicMonkey 1.1	weak		1	3	1	1	656	50.9	7.0	0.0968	0	1
hadur2.Hadur 3.10	ndn.DyslexicMonkey 1.1	weak		1	4	1	1	440	62.8	0.0	0.2778	0	0
hadur2.Hadur 3.10	ndn.DyslexicMonkey 1.1	weak		1	5	1	1	727	45.1	18.0	0.1026	0	0
hadur2.Hadur 3.10	ndn.DyslexicMonkey 1.1	weak		1	6	1	1	621	51.4	7.0	0.1563	0	0
hadur2.Hadur 3.10	ndn.DyslexicMonkey 1.1	weak		1	7	1	1	534	58.2	11.8	0.2308	0	0
hadur2.Hadur 3.10	ndn.DyslexicMonkey 1.1	weak		1	8	1	1	490	61.5	13.3	0.2000	0	0
hadur2.Hadur 3.10	ndn.DyslexicMonkey 1.1	weak		1	9	1	1	448	61.5	0.0	0.1765	0	0
hadur2.Hadur 3.10	ndn.DyslexicMonkey 1.1	weak		1	10	1	1	451	59.3	0.0	0.1765	0	0
hadur2.Hadur 3.10	ndn.DyslexicMonkey 1.1	weak		1	11	1	1	462	72.1	22.4	0.2222	0	0
hadur2.Hadur 3.10	ndn.DyslexicMonkey 1.1	weak		1	12	1	1	509	64.0	0.0	0.1818	0	0
hadur2.Hadur 3.10	ndn.DyslexicMonkey 1.1	weak		1	13	1	1	446	64.0	5.8	0.2222	0	0
hadur2.Hadur 3.10	ndn.DyslexicMonkey 1.1	weak		1	14	1	1	402	70.6	10.0	0.2667	0	0
hadur2.Hadur 3.10	ndn.DyslexicMonkey 1.1	weak		1	15	1	1	504	80.0	42.8	0.2273	0	0
hadur2.Hadur 3.10	ndn.DyslexicMonkey 1.1	weak		1	16	1	1	595	55.5	0.0	0.1111	0	0
hadur2.Hadur 3.10	ndn.DyslexicMonkey 1.1	weak		1	17	1	1	434	68.6	8.3	0.2941	0	0
hadur2.Hadur 3.10	ndn.DyslexicMonkey 1.1	weak		1	18	1	1	580	50.3	8.1	0.1429	0	0
hadur2.Hadur 3.10	ndn.DyslexicMonkey 1.1	weak		1	19	1	1	659	54.8	13.9	0.1515	0	0
hadur2.Hadur 3.10	ndn.DyslexicMonkey 1.1	weak		1	20	1	1	408	69.0	8.2	0.2667	0	0
hadur2.Hadur 3.10	ndn.DyslexicMonkey 1.1	weak		1	21	1	1	405	67.4	0.0	0.3333	0	0
hadur2.Hadur 3.10	ndn.DyslexicMonkey 1.1	weak		1	22	1	1	403	90.8	80.0	0.3750	0	0
hadur2.Hadur 3.10	ndn.DyslexicMonkey 1.1	weak		1	23	1	1	557	51.8	8.0	0.1250	0	0
hadur2.Hadur 3.10	ndn.DyslexicMonkey 1.1	weak		1	24	1	1	390	73.3	0.0	0.2857	0	0
hadur2.Hadur 3.10	ndn.DyslexicMonkey 1.1	weak		1	25	1	1	503	55.4	0.0	0.1429	0	0
hadur2.Hadur 3.10	ndn.DyslexicMonkey 1.1	weak		1	26	1	1	427	73.7	10.6	0.2941	0	0
hadur2.Hadur 3.10	ndn.DyslexicMonkey 1.1	weak		1	27	1	1	452	70.6	9.4	0.2222	0	0
hadur2.Hadur 3.10	ndn.DyslexicMonkey 1.1	weak		1	28	1	1	378	75.6	0.0	0.3077	0	0
hadur2.Hadur 3.10	ndn.DyslexicMonkey 1.1	weak		1	29	1	1	418	68.9	0.0	0.2500	0	0
hadur2.Hadur 3.10	ndn.DyslexicMonkey 1.1	weak		1	30	1	1	426	65.2	0.0	0.2353	0	0
hadur2.Hadur 3.10	ndn.DyslexicMonkey 1.1	weak		1	31	1	1	382	73.4	0.0	0.3077	0	0
hadur2.Hadur 3.10	ndn.DyslexicMonkey 1.1	weak		1	32	1	1	432	68.6	0.0	0.2500	0	0
hadur2.Hadur 3.10	ndn.DyslexicMonkey 1.1	weak		1	33	1	1	395	77.7	7.8	0.2857	0	0
hadur2.Hadur 3.10	ndn.DyslexicMonkey 1.1	weak		1	34	1	1	383	69.7	0.0	0.3077	0	7
hadur2.Hadur 3.10	ndn.DyslexicMonkey 1.1	weak		2	0	1	1	440	83.1	20.8	0.4211	0	7
hadur2.Hadur 3.10	ndn.DyslexicMonkey 1.1	weak		2	1	1	1	804	32.3	0.0	0.0667	0	0
hadur2.Hadur 3.10	ndn.DyslexicMonkey 1.1	weak		2	2	1	1	724	42.5	14.7	0.1081	0	0
hadur2.Hadur 3.10	ndn.DyslexicMonkey 1.1	weak		2	3	1	1	672	46.3	21.3	0.1389	0	0
hadur2.Hadur 3.10	ndn.DyslexicMonkey 1.1	weak		2	4	1	1	568	62.2	8.1	0.2143	0	0
hadur2.Hadur 3.10	ndn.DyslexicMonkey 1.1	weak		2	5	1	1	574	53.0	0.0	0.1538	0	0
hadur2.Hadur 3.10	ndn.DyslexicMonkey 1.1	weak		2	6	1	1	466	60.1	0.0	0.1667	0	0
hadur2.Hadur 3.10	ndn.DyslexicMonkey 1.1	weak		2	7	1	1	627	48.0	0.0	0.0968	0	0
hadur2.Hadur 3.10	ndn.DyslexicMonkey 1.1	weak		2	8	1	1	342	77.3	11.2	0.4545	0	0
hadur2.Hadur 3.10	ndn.DyslexicMonkey 1.1	weak		2	9	1	1	524	51.4	0.0	0.1667	0	0
hadur2.Hadur 3.10	ndn.DyslexicMonkey 1.1	weak		2	10	1	1	430	69.3	0.0	0.2500	0	0
hadur2.Hadur 3.10	ndn.DyslexicMonkey 1.1	weak		2	11	0	0	663	80.0	69.2	0.1515	0	0
hadur2.Hadur 3.10	ndn.DyslexicMonkey 1.1	weak		2	12	1	1	513	64.0	21.5	0.1818	0	0
hadur2.Hadur 3.10	ndn.DyslexicMonkey 1.1	weak		2	13	1	1	485	56.4	0.0	0.1500	0	0
hadur2.Hadur 3.10	ndn.DyslexicMonkey 1.1	weak		2	14	1	1	404	67.8	0.0	0.2857	0	0
hadur2.Hadur 3.10	ndn.DyslexicMonkey 1.1	weak		2	15	1	1	475	69.6	8.1	0.2105	0	0
hadur2.Hadur 3.10	ndn.DyslexicMonkey 1.1	weak		2	16	1	1	464	66.2	0.0	0.2222	0	0
hadur2.Hadur 3.10	ndn.DyslexicMonkey 1.1	weak		2	17	1	1	502	64.9	8.6	0.1818	0	0
hadur2.Hadur 3.10	ndn.DyslexicMonkey 1.1	weak		2	18	1	1	483	64.0	8.6	0.2000	0	0
hadur2.Hadur 3.10	ndn.DyslexicMonkey 1.1	weak		2	19	1	1	414	75.2	14.8	0.2667	0	0
hadur2.Hadur 3.10	ndn.DyslexicMonkey 1.1	weak		2	20	1	1	458	66.1	0.0	0.2222	0	0
hadur2.Hadur 3.10	ndn.DyslexicMonkey 1.1	weak		2	21	1	1	316	77.3	0.0	0.4444	0	0
hadur2.Hadur 3.10	ndn.DyslexicMonkey 1.1	weak		2	22	1	1	603	65.2	24.4	0.1379	0	0
hadur2.Hadur 3.10	ndn.DyslexicMonkey 1.1	weak		2	23	1	1	460	67.9	7.7	0.2222	0	0
hadur2.Hadur 3.10	ndn.DyslexicMonkey 1.1	weak		2	24	1	1	557	64.0	17.9	0.1600	0	0
hadur2.Hadur 3.10	ndn.DyslexicMonkey 1.1	weak		2	25	1	1	485	62.8	0.0	0.2381	0	0
hadur2.Hadur 3.10	ndn.DyslexicMonkey 1.1	weak		2	26	1	1	472	64.7	0.0	0.2105	0	0
hadur2.Hadur 3.10	ndn.DyslexicMonkey 1.1	weak		2	27	1	1	308	77.5	0.0	0.5000	0	0
hadur2.Hadur 3.10	ndn.DyslexicMonkey 1.1	weak		2	28	1	1	443	64.0	5.2	0.2222	0	0
hadur2.Hadur 3.10	ndn.DyslexicMonkey 1.1	weak		2	29	1	1	415	65.6	6.0	0.2500	0	0
hadur2.Hadur 3.10	ndn.DyslexicMonkey 1.1	weak		2	30	1	1	433	72.1	9.6	0.2500	0	0
hadur2.Hadur 3.10	ndn.DyslexicMonkey 1.1	weak		2	31	1	1	638	50.7	16.8	0.1000	0	0
hadur2.Hadur 3.10	ndn.DyslexicMonkey 1.1	weak		2	32	1	1	465	85.4	46.8	0.2632	0	0
hadur2.Hadur 3.10	ndn.DyslexicMonkey 1.1	weak		2	33	1	1	530	55.5	18.0	0.1667	0	0
hadur2.Hadur 3.10	ndn.DyslexicMonkey 1.1	weak		2	34	1	1	446	71.5	7.9	0.2778	0	5
hadur2.Hadur 3.10	ndn.DyslexicMonkey 1.1	weak		3	0	1	1	544	60.4	19.2	0.2308	0	4
hadur2.Hadur 3.10	ndn.DyslexicMonkey 1.1	weak		3	1	1	1	579	67.9	26.0	0.2333	0	0
hadur2.Hadur 3.10	ndn.DyslexicMonkey 1.1	weak		3	2	1	1	662	46.7	0.0	0.0625	0	0
hadur2.Hadur 3.10	ndn.DyslexicMonkey 1.1	weak		3	3	1	1	411	74.5	0.0	0.2667	0	0
hadur2.Hadur 3.10	ndn.DyslexicMonkey 1.1	weak		3	4	1	1	538	58.1	0.0	0.1667	0	0
hadur2.Hadur 3.10	ndn.DyslexicMonkey 1.1	weak		3	5	1	1	493	66.0	8.9	0.2727	0	0
hadur2.Hadur 3.10	ndn.DyslexicMonkey 1.1	weak		3	6	1	1	437	57.2	0.0	0.1765	0	0
hadur2.Hadur 3.10	ndn.DyslexicMonkey 1.1	weak		3	7	1	1	506	51.3	0.0	0.1429	0	0
hadur2.Hadur 3.10	ndn.DyslexicMonkey 1.1	weak		3	8	1	1	578	66.9	29.0	0.1600	0	0
hadur2.Hadur 3.10	ndn.DyslexicMonkey 1.1	weak		3	9	1	1	430	67.9	0.0	0.3333	0	0
hadur2.Hadur 3.10	ndn.DyslexicMonkey 1.1	weak		3	10	1	1	468	56.8	0.0	0.1579	0	0
hadur2.Hadur 3.10	ndn.DyslexicMonkey 1.1	weak		3	11	1	1	690	40.7	6.7	0.1176	0	0
hadur2.Hadur 3.10	ndn.DyslexicMonkey 1.1	weak		3	12	1	1	528	64.0	8.1	0.1739	0	0
hadur2.Hadur 3.10	ndn.DyslexicMonkey 1.1	weak		3	13	1	1	545	50.1	9.8	0.1923	0	0
hadur2.Hadur 3.10	ndn.DyslexicMonkey 1.1	weak		3	14	1	1	406	73.0	12.5	0.2667	0	0
hadur2.Hadur 3.10	ndn.DyslexicMonkey 1.1	weak		3	15	1	1	496	70.7	19.0	0.2000	0	0
hadur2.Hadur 3.10	ndn.DyslexicMonkey 1.1	weak		3	16	1	1	342	75.8	0.0	0.3636	0	0
hadur2.Hadur 3.10	ndn.DyslexicMonkey 1.1	weak		3	17	1	1	467	64.0	1.1	0.2105	0	0
hadur2.Hadur 3.10	ndn.DyslexicMonkey 1.1	weak		3	18	1	1	367	76.3	0.0	0.3333	0	0
hadur2.Hadur 3.10	ndn.DyslexicMonkey 1.1	weak		3	19	1	1	409	66.5	0.0	0.2667	0	0
hadur2.Hadur 3.10	ndn.DyslexicMonkey 1.1	weak		3	20	1	1	556	49.3	0.0	0.1250	0	0
hadur2.Hadur 3.10	ndn.DyslexicMonkey 1.1	weak		3	21	1	1	431	70.9	10.2	0.2941	0	0
hadur2.Hadur 3.10	ndn.DyslexicMonkey 1.1	weak		3	22	1	1	616	50.9	7.5	0.1071	0	0
hadur2.Hadur 3.10	ndn.DyslexicMonkey 1.1	weak		3	23	1	1	517	59.2	0.0	0.2083	0	0
hadur2.Hadur 3.10	ndn.DyslexicMonkey 1.1	weak		3	24	1	1	437	69.9	8.3	0.2941	0	0
hadur2.Hadur 3.10	ndn.DyslexicMonkey 1.1	weak		3	25	1	1	431	72.7	9.8	0.3125	0	0
hadur2.Hadur 3.10	ndn.DyslexicMonkey 1.1	weak		3	26	1	1	403	75.2	0.0	0.2857	0	0
hadur2.Hadur 3.10	ndn.DyslexicMonkey 1.1	weak		3	27	1	1	461	69.4	8.9	0.2222	0	0
hadur2.Hadur 3.10	ndn.DyslexicMonkey 1.1	weak		3	28	1	1	516	64.0	11.0	0.1739	0	0
hadur2.Hadur 3.10	ndn.DyslexicMonkey 1.1	weak		3	29	1	1	630	56.4	7.6	0.1034	0	0
hadur2.Hadur 3.10	ndn.DyslexicMonkey 1.1	weak		3	30	1	1	449	67.3	9.5	0.2632	0	0
hadur2.Hadur 3.10	ndn.DyslexicMonkey 1.1	weak		3	31	1	1	616	51.4	7.6	0.1333	0	0
hadur2.Hadur 3.10	ndn.DyslexicMonkey 1.1	weak		3	32	1	1	479	57.7	0.0	0.1905	0	0
hadur2.Hadur 3.10	ndn.DyslexicMonkey 1.1	weak		3	33	1	1	497	64.0	0.0	0.1818	0	0
hadur2.Hadur 3.10	ndn.DyslexicMonkey 1.1	weak		3	34	1	1	384	71.1	0.0	0.3077	0	5
hadur2.Hadur 3.10	ndn.DyslexicMonkey 1.1	weak		4	0	1	1	714	48.5	14.5	0.1282	0	4
hadur2.Hadur 3.10	ndn.DyslexicMonkey 1.1	weak		4	1	1	1	758	42.7	9.7	0.0952	0	0
hadur2.Hadur 3.10	ndn.DyslexicMonkey 1.1	weak		4	2	1	1	842	30.8	0.0	0.0816	0	0
hadur2.Hadur 3.10	ndn.DyslexicMonkey 1.1	weak		4	3	1	1	495	79.3	16.1	0.3478	0	0
hadur2.Hadur 3.10	ndn.DyslexicMonkey 1.1	weak		4	4	1	1	636	54.8	9.8	0.1515	0	0
hadur2.Hadur 3.10	ndn.DyslexicMonkey 1.1	weak		4	5	1	1	494	66.8	10.7	0.1905	0	0
hadur2.Hadur 3.10	ndn.DyslexicMonkey 1.1	weak		4	6	1	1	724	38.0	7.6	0.1316	0	0
hadur2.Hadur 3.10	ndn.DyslexicMonkey 1.1	weak		4	7	1	1	505	56.7	0.0	0.2174	0	0
hadur2.Hadur 3.10	ndn.DyslexicMonkey 1.1	weak		4	8	1	1	428	69.2	0.0	0.2500	0	0
hadur2.Hadur 3.10	ndn.DyslexicMonkey 1.1	weak		4	9	1	1	456	64.0	0.0	0.2222	0	0
hadur2.Hadur 3.10	ndn.DyslexicMonkey 1.1	weak		4	10	1	1	399	67.5	0.0	0.2857	0	0
hadur2.Hadur 3.10	ndn.DyslexicMonkey 1.1	weak		4	11	1	1	497	56.9	0.0	0.1500	0	0
hadur2.Hadur 3.10	ndn.DyslexicMonkey 1.1	weak		4	12	1	1	530	42.5	0.0	0.1304	0	0
hadur2.Hadur 3.10	ndn.DyslexicMonkey 1.1	weak		4	13	1	1	484	66.0	0.0	0.2000	0	0
hadur2.Hadur 3.10	ndn.DyslexicMonkey 1.1	weak		4	14	1	1	498	54.0	0.0	0.1818	0	0
hadur2.Hadur 3.10	ndn.DyslexicMonkey 1.1	weak		4	15	1	1	564	59.0	17.5	0.1538	0	0
hadur2.Hadur 3.10	ndn.DyslexicMonkey 1.1	weak		4	16	1	1	449	70.0	0.0	0.2778	0	0
hadur2.Hadur 3.10	ndn.DyslexicMonkey 1.1	weak		4	17	1	1	525	54.1	0.0	0.1364	0	0
hadur2.Hadur 3.10	ndn.DyslexicMonkey 1.1	weak		4	18	1	1	457	68.9	0.0	0.2222	0	0
hadur2.Hadur 3.10	ndn.DyslexicMonkey 1.1	weak		4	19	1	1	446	68.4	0.0	0.2353	0	0
hadur2.Hadur 3.10	ndn.DyslexicMonkey 1.1	weak		4	20	1	1	547	57.7	13.7	0.1600	0	0
hadur2.Hadur 3.10	ndn.DyslexicMonkey 1.1	weak		4	21	1	1	421	64.4	4.8	0.2941	0	0
hadur2.Hadur 3.10	ndn.DyslexicMonkey 1.1	weak		4	22	1	1	492	64.0	0.0	0.1905	0	0
hadur2.Hadur 3.10	ndn.DyslexicMonkey 1.1	weak		4	23	1	1	388	67.3	0.0	0.2857	0	0
hadur2.Hadur 3.10	ndn.DyslexicMonkey 1.1	weak		4	24	1	1	533	55.0	16.0	0.1304	0	0
hadur2.Hadur 3.10	ndn.DyslexicMonkey 1.1	weak		4	25	1	1	459	63.8	0.0	0.1667	0	0
hadur2.Hadur 3.10	ndn.DyslexicMonkey 1.1	weak		4	26	1	1	668	42.9	7.2	0.1515	0	0
hadur2.Hadur 3.10	ndn.DyslexicMonkey 1.1	weak		4	27	1	1	581	51.8	0.0	0.1786	0	0
hadur2.Hadur 3.10	ndn.DyslexicMonkey 1.1	weak		4	28	1	1	458	58.5	0.0	0.2222	0	0
hadur2.Hadur 3.10	ndn.DyslexicMonkey 1.1	weak		4	29	1	1	447	70.6	8.7	0.2353	0	0
hadur2.Hadur 3.10	ndn.DyslexicMonkey 1.1	weak		4	30	1	1	496	64.0	0.0	0.1905	0	0
hadur2.Hadur 3.10	ndn.DyslexicMonkey 1.1	weak		4	31	1	1	535	50.6	0.0	0.1304	0	0
hadur2.Hadur 3.10	ndn.DyslexicMonkey 1.1	weak		4	32	1	1	536	57.7	0.0	0.1667	0	0
hadur2.Hadur 3.10	ndn.DyslexicMonkey 1.1	weak		4	33	1	1	584	44.3	0.0	0.1379	0	0
hadur2.Hadur 3.10	ndn.DyslexicMonkey 1.1	weak		4	34	1	1	549	48.5	0.0	0.1852	0	6
hadur2.Hadur 3.10	omens.CannonfodderNano 1.4	weak		1	0	1	1	680	75.7	16.2	0.1944	0	6
hadur2.Hadur 3.10	omens.CannonfodderNano 1.4	weak		1	1	1	1	450	86.8	7.2	0.4000	0	0
hadur2.Hadur 3.10	omens.CannonfodderNano 1.4	weak		1	2	1	1	484	74.2	0.0	0.3182	0	0
hadur2.Hadur 3.10	omens.CannonfodderNano 1.4	weak		1	3	1	1	467	82.0	0.0	0.2500	0	0
hadur2.Hadur 3.10	omens.CannonfodderNano 1.4	weak		1	4	1	1	363	84.4	0.0	0.4167	0	0
hadur2.Hadur 3.10	omens.CannonfodderNano 1.4	weak		1	5	1	1	415	80.0	0.0	0.3125	0	0
hadur2.Hadur 3.10	omens.CannonfodderNano 1.4	weak		1	6	1	1	335	94.5	16.0	0.5000	0	0
hadur2.Hadur 3.10	omens.CannonfodderNano 1.4	weak		1	7	1	1	456	94.4	32.0	0.2778	0	0
hadur2.Hadur 3.10	omens.CannonfodderNano 1.4	weak		1	8	1	1	629	100.4	44.7	0.2069	0	0
hadur2.Hadur 3.10	omens.CannonfodderNano 1.4	weak		1	9	1	1	546	87.6	8.7	0.2083	0	0
hadur2.Hadur 3.10	omens.CannonfodderNano 1.4	weak		1	10	1	1	433	80.4	18.0	0.3529	0	0
hadur2.Hadur 3.10	omens.CannonfodderNano 1.4	weak		1	11	1	1	308	86.5	0.0	0.5556	0	0
hadur2.Hadur 3.10	omens.CannonfodderNano 1.4	weak		1	12	1	1	359	91.6	8.3	0.4167	0	0
hadur2.Hadur 3.10	omens.CannonfodderNano 1.4	weak		1	13	1	1	500	78.8	0.0	0.2000	0	0
hadur2.Hadur 3.10	omens.CannonfodderNano 1.4	weak		1	14	1	1	428	80.0	0.0	0.2778	0	0
hadur2.Hadur 3.10	omens.CannonfodderNano 1.4	weak		1	15	1	1	385	84.0	0.0	0.3846	0	0
hadur2.Hadur 3.10	omens.CannonfodderNano 1.4	weak		1	16	1	1	462	82.0	0.0	0.2778	0	0
hadur2.Hadur 3.10	omens.CannonfodderNano 1.4	weak		1	17	1	1	521	78.3	0.0	0.1818	0	0
hadur2.Hadur 3.10	omens.CannonfodderNano 1.4	weak		1	18	1	1	516	76.1	0.0	0.1905	0	0
hadur2.Hadur 3.10	omens.CannonfodderNano 1.4	weak		1	19	1	1	439	80.9	14.3	0.2778	0	0
hadur2.Hadur 3.10	omens.CannonfodderNano 1.4	weak		1	20	1	1	480	76.5	0.0	0.2105	0	0
hadur2.Hadur 3.10	omens.CannonfodderNano 1.4	weak		1	21	1	1	329	85.6	0.0	0.5000	0	0
hadur2.Hadur 3.10	omens.CannonfodderNano 1.4	weak		1	22	1	1	331	85.4	0.0	0.5000	0	0
hadur2.Hadur 3.10	omens.CannonfodderNano 1.4	weak		1	23	1	1	360	81.8	0.0	0.4167	0	0
hadur2.Hadur 3.10	omens.CannonfodderNano 1.4	weak		1	24	1	1	438	79.7	0.0	0.2500	0	0
hadur2.Hadur 3.10	omens.CannonfodderNano 1.4	weak		1	25	1	1	407	83.7	0.0	0.3333	0	0
hadur2.Hadur 3.10	omens.CannonfodderNano 1.4	weak		1	26	1	1	383	92.5	10.9	0.3846	0	0
hadur2.Hadur 3.10	omens.CannonfodderNano 1.4	weak		1	27	1	1	428	85.7	9.7	0.3125	0	0
hadur2.Hadur 3.10	omens.CannonfodderNano 1.4	weak		1	28	1	1	344	84.8	0.0	0.4545	0	1
hadur2.Hadur 3.10	omens.CannonfodderNano 1.4	weak		1	29	1	1	504	79.1	0.0	0.1905	0	0
hadur2.Hadur 3.10	omens.CannonfodderNano 1.4	weak		1	30	1	1	291	90.2	0.0	0.7143	0	0
hadur2.Hadur 3.10	omens.CannonfodderNano 1.4	weak		1	31	1	1	393	85.4	8.4	0.3571	0	0
hadur2.Hadur 3.10	omens.CannonfodderNano 1.4	weak		1	32	1	1	402	83.7	3.0	0.3333	0	0
hadur2.Hadur 3.10	omens.CannonfodderNano 1.4	weak		1	33	1	1	417	78.8	0.0	0.2667	0	0
hadur2.Hadur 3.10	omens.CannonfodderNano 1.4	weak		1	34	1	1	404	82.7	6.8	0.3333	0	6
hadur2.Hadur 3.10	omens.CannonfodderNano 1.4	weak		2	0	1	1	586	85.9	20.6	0.2759	0	7
hadur2.Hadur 3.10	omens.CannonfodderNano 1.4	weak		2	1	1	1	501	78.1	0.0	0.3478	0	0
hadur2.Hadur 3.10	omens.CannonfodderNano 1.4	weak		2	2	1	1	535	85.6	8.0	0.2800	0	0
hadur2.Hadur 3.10	omens.CannonfodderNano 1.4	weak		2	3	1	1	409	77.6	0.0	0.2667	0	0
hadur2.Hadur 3.10	omens.CannonfodderNano 1.4	weak		2	4	1	1	369	86.2	0.0	0.4167	0	0
hadur2.Hadur 3.10	omens.CannonfodderNano 1.4	weak		2	5	1	1	454	80.5	0.0	0.2778	0	0
hadur2.Hadur 3.10	omens.CannonfodderNano 1.4	weak		2	6	1	1	535	86.9	22.7	0.2400	0	0
hadur2.Hadur 3.10	omens.CannonfodderNano 1.4	weak		2	7	1	1	480	89.1	18.8	0.2632	0	0
hadur2.Hadur 3.10	omens.CannonfodderNano 1.4	weak		2	8	1	1	359	88.0	3.9	0.4167	0	0
hadur2.Hadur 3.10	omens.CannonfodderNano 1.4	weak		2	9	1	1	437	85.4	3.5	0.2941	0	0
hadur2.Hadur 3.10	omens.CannonfodderNano 1.4	weak		2	10	1	1	398	84.9	0.0	0.3571	0	0
hadur2.Hadur 3.10	omens.CannonfodderNano 1.4	weak		2	11	1	1	468	77.0	0.0	0.2222	0	0
hadur2.Hadur 3.10	omens.CannonfodderNano 1.4	weak		2	12	1	1	392	83.4	0.0	0.3571	0	0
hadur2.Hadur 3.10	omens.CannonfodderNano 1.4	weak		2	13	1	1	412	81.1	5.4	0.3333	0	0
hadur2.Hadur 3.10	omens.CannonfodderNano 1.4	weak		2	14	1	1	338	93.9	16.0	0.5000	0	0
hadur2.Hadur 3.10	omens.CannonfodderNano 1.4	weak		2	15	1	1	649	67.3	0.0	0.1333	0	0
hadur2.Hadur 3.10	omens.CannonfodderNano 1.4	weak		2	16	1	1	466	80.0	0.0	0.2632	0	0
hadur2.Hadur 3.10	omens.CannonfodderNano 1.4	weak		2	17	1	1	444	85.0	0.0	0.2941	0	0
hadur2.Hadur 3.10	omens.CannonfodderNano 1.4	weak		2	18	1	1	348	87.1	0.0	0.4545	0	0
hadur2.Hadur 3.10	omens.CannonfodderNano 1.4	weak		2	19	1	1	398	81.3	3.4	0.3333	0	0
hadur2.Hadur 3.10	omens.CannonfodderNano 1.4	weak		2	20	1	1	529	88.6	14.5	0.2174	0	0
hadur2.Hadur 3.10	omens.CannonfodderNano 1.4	weak		2	21	1	1	463	86.7	21.4	0.2632	0	0
hadur2.Hadur 3.10	omens.CannonfodderNano 1.4	weak		2	22	1	1	385	82.6	7.2	0.3846	0	0
hadur2.Hadur 3.10	omens.CannonfodderNano 1.4	weak		2	23	1	1	486	81.4	0.0	0.2500	0	0
hadur2.Hadur 3.10	omens.CannonfodderNano 1.4	weak		2	24	1	1	434	81.8	0.0	0.3125	0	0
hadur2.Hadur 3.10	omens.CannonfodderNano 1.4	weak		2	25	1	1	447	82.1	0.0	0.2778	0	0
hadur2.Hadur 3.10	omens.CannonfodderNano 1.4	weak		2	26	1	1	465	80.9	5.6	0.2632	0	0
hadur2.Hadur 3.10	omens.CannonfodderNano 1.4	weak		2	27	1	1	469	86.0	17.8	0.2778	0	0
hadur2.Hadur 3.10	omens.CannonfodderNano 1.4	weak		2	28	1	1	466	82.0	0.0	0.2778	0	0
hadur2.Hadur 3.10	omens.CannonfodderNano 1.4	weak		2	29	1	1	361	80.8	16.0	0.4167	0	0
hadur2.Hadur 3.10	omens.CannonfodderNano 1.4	weak		2	30	1	1	497	86.8	12.3	0.2381	0	0
hadur2.Hadur 3.10	omens.CannonfodderNano 1.4	weak		2	31	1	1	446	83.9	0.0	0.2778	0	0
hadur2.Hadur 3.10	omens.CannonfodderNano 1.4	weak		2	32	1	1	376	84.9	0.0	0.3846	0	0
hadur2.Hadur 3.10	omens.CannonfodderNano 1.4	weak		2	33	1	1	458	86.6	3.7	0.2778	0	0
hadur2.Hadur 3.10	omens.CannonfodderNano 1.4	weak		2	34	1	1	427	87.5	0.0	0.3125	0	6
hadur2.Hadur 3.10	omens.CannonfodderNano 1.4	weak		3	0	1	1	576	82.9	17.4	0.2759	0	5
hadur2.Hadur 3.10	omens.CannonfodderNano 1.4	weak		3	1	1	1	503	75.4	0.0	0.3043	0	0
hadur2.Hadur 3.10	omens.CannonfodderNano 1.4	weak		3	2	1	1	371	90.2	16.2	0.5714	0	0
hadur2.Hadur 3.10	omens.CannonfodderNano 1.4	weak		3	3	1	1	437	99.9	35.3	0.3889	0	0
hadur2.Hadur 3.10	omens.CannonfodderNano 1.4	weak		3	4	1	1	601	71.6	0.0	0.1481	0	0
hadur2.Hadur 3.10	omens.CannonfodderNano 1.4	weak		3	5	1	1	465	96.0	14.8	0.3158	0	0
hadur2.Hadur 3.10	omens.CannonfodderNano 1.4	weak		3	6	1	1	456	84.0	0.0	0.2778	0	0
hadur2.Hadur 3.10	omens.CannonfodderNano 1.4	weak		3	7	1	1	539	80.0	4.7	0.2083	0	0
hadur2.Hadur 3.10	omens.CannonfodderNano 1.4	weak		3	8	1	1	328	92.0	13.2	0.5000	0	0
hadur2.Hadur 3.10	omens.CannonfodderNano 1.4	weak		3	9	1	1	476	80.0	0.0	0.2632	0	0
hadur2.Hadur 3.10	omens.CannonfodderNano 1.4	weak		3	10	1	1	515	80.0	2.7	0.2273	0	0
hadur2.Hadur 3.10	omens.CannonfodderNano 1.4	weak		3	11	1	1	398	85.4	0.0	0.3571	0	0
hadur2.Hadur 3.10	omens.CannonfodderNano 1.4	weak		3	12	1	1	475	82.3	11.2	0.2632	0	0
hadur2.Hadur 3.10	omens.CannonfodderNano 1.4	weak		3	13	1	1	435	80.0	0.0	0.2941	0	0
hadur2.Hadur 3.10	omens.CannonfodderNano 1.4	weak		3	14	1	1	502	75.8	0.0	0.1905	0	0
hadur2.Hadur 3.10	omens.CannonfodderNano 1.4	weak		3	15	1	1	417	86.6	7.3	0.3125	0	0
hadur2.Hadur 3.10	omens.CannonfodderNano 1.4	weak		3	16	1	1	299	85.6	0.0	0.6250	0	0
hadur2.Hadur 3.10	omens.CannonfodderNano 1.4	weak		3	17	1	1	478	81.5	0.0	0.2632	0	0
hadur2.Hadur 3.10	omens.CannonfodderNano 1.4	weak		3	18	1	1	415	81.3	0.0	0.3333	0	0
hadur2.Hadur 3.10	omens.CannonfodderNano 1.4	weak		3	19	1	1	328	85.3	0.0	0.5000	0	0
hadur2.Hadur 3.10	omens.CannonfodderNano 1.4	weak		3	20	1	1	371	86.0	0.0	0.4167	0	0
hadur2.Hadur 3.10	omens.CannonfodderNano 1.4	weak		3	21	1	1	454	96.0	21.3	0.3333	0	0
hadur2.Hadur 3.10	omens.CannonfodderNano 1.4	weak		3	22	1	1	487	80.0	0.0	0.2381	0	0
hadur2.Hadur 3.10	omens.CannonfodderNano 1.4	weak		3	23	1	1	269	93.4	0.0	0.8333	0	0
hadur2.Hadur 3.10	omens.CannonfodderNano 1.4	weak		3	24	1	1	485	80.4	3.5	0.2857	0	0
hadur2.Hadur 3.10	omens.CannonfodderNano 1.4	weak		3	25	1	1	481	82.2	3.7	0.2857	0	0
hadur2.Hadur 3.10	omens.CannonfodderNano 1.4	weak		3	26	1	1	412	86.6	2.5	0.3333	0	0
hadur2.Hadur 3.10	omens.CannonfodderNano 1.4	weak		3	27	1	1	399	83.6	10.7	0.3571	0	0
hadur2.Hadur 3.10	omens.CannonfodderNano 1.4	weak		3	28	1	1	391	80.2	0.0	0.3333	0	0
hadur2.Hadur 3.10	omens.CannonfodderNano 1.4	weak		3	29	1	1	342	83.7	0.0	0.5000	0	0
hadur2.Hadur 3.10	omens.CannonfodderNano 1.4	weak		3	30	1	1	340	98.5	25.8	0.5455	0	0
hadur2.Hadur 3.10	omens.CannonfodderNano 1.4	weak		3	31	1	1	394	90.2	19.4	0.3571	0	0
hadur2.Hadur 3.10	omens.CannonfodderNano 1.4	weak		3	32	1	1	480	81.9	0.0	0.2632	0	0
hadur2.Hadur 3.10	omens.CannonfodderNano 1.4	weak		3	33	1	1	431	80.0	1.4	0.3125	0	0
hadur2.Hadur 3.10	omens.CannonfodderNano 1.4	weak		3	34	1	1	374	84.8	0.0	0.3846	0	5
hadur2.Hadur 3.10	omens.CannonfodderNano 1.4	weak		4	0	1	1	587	83.6	11.6	0.2759	0	5
hadur2.Hadur 3.10	omens.CannonfodderNano 1.4	weak		4	1	1	1	519	77.6	5.4	0.3200	0	0
hadur2.Hadur 3.10	omens.CannonfodderNano 1.4	weak		4	2	1	1	506	76.8	0.0	0.2917	0	0
hadur2.Hadur 3.10	omens.CannonfodderNano 1.4	weak		4	3	1	1	473	79.9	0.0	0.2105	0	0
hadur2.Hadur 3.10	omens.CannonfodderNano 1.4	weak		4	4	1	1	420	84.4	0.0	0.3125	0	0
hadur2.Hadur 3.10	omens.CannonfodderNano 1.4	weak		4	5	1	1	300	86.7	0.0	0.6250	0	0
hadur2.Hadur 3.10	omens.CannonfodderNano 1.4	weak		4	6	1	1	455	82.1	0.0	0.2778	0	0
hadur2.Hadur 3.10	omens.CannonfodderNano 1.4	weak		4	7	1	1	473	79.9	0.0	0.2105	0	0
hadur2.Hadur 3.10	omens.CannonfodderNano 1.4	weak		4	8	1	1	457	84.8	8.4	0.2778	0	0
hadur2.Hadur 3.10	omens.CannonfodderNano 1.4	weak		4	9	1	1	366	85.9	0.0	0.4167	0	0
hadur2.Hadur 3.10	omens.CannonfodderNano 1.4	weak		4	10	1	1	387	85.4	0.0	0.3846	0	0
hadur2.Hadur 3.10	omens.CannonfodderNano 1.4	weak		4	11	1	1	422	87.3	6.2	0.3125	0	0
hadur2.Hadur 3.10	omens.CannonfodderNano 1.4	weak		4	12	1	1	422	85.3	4.1	0.3529	0	0
hadur2.Hadur 3.10	omens.CannonfodderNano 1.4	weak		4	13	1	1	274	89.6	0.0	0.8333	0	0
hadur2.Hadur 3.10	omens.CannonfodderNano 1.4	weak		4	14	1	1	319	90.7	0.0	0.5556	0	0
hadur2.Hadur 3.10	omens.CannonfodderNano 1.4	weak		4	15	1	1	376	86.3	0.0	0.3846	0	0
hadur2.Hadur 3.10	omens.CannonfodderNano 1.4	weak		4	16	1	1	477	80.8	0.0	0.2500	0	0
hadur2.Hadur 3.10	omens.CannonfodderNano 1.4	weak		4	17	1	1	440	80.5	0.0	0.3125	0	0
hadur2.Hadur 3.10	omens.CannonfodderNano 1.4	weak		4	18	1	1	418	82.9	0.0	0.3333	0	0
hadur2.Hadur 3.10	omens.CannonfodderNano 1.4	weak		4	19	1	1	416	83.5	3.3	0.3333	0	0
hadur2.Hadur 3.10	omens.CannonfodderNano 1.4	weak		4	20	1	1	437	76.0	0.0	0.2500	0	0
hadur2.Hadur 3.10	omens.CannonfodderNano 1.4	weak		4	21	1	1	290	90.0	0.0	0.7143	0	0
hadur2.Hadur 3.10	omens.CannonfodderNano 1.4	weak		4	22	1	1	412	84.9	0.0	0.3333	0	0
hadur2.Hadur 3.10	omens.CannonfodderNano 1.4	weak		4	23	1	1	423	84.7	0.0	0.3125	0	0
hadur2.Hadur 3.10	omens.CannonfodderNano 1.4	weak		4	24	1	1	394	86.5	11.5	0.3571	0	0
hadur2.Hadur 3.10	omens.CannonfodderNano 1.4	weak		4	25	1	1	731	71.7	9.0	0.1143	0	0
hadur2.Hadur 3.10	omens.CannonfodderNano 1.4	weak		4	26	1	1	382	83.6	0.0	0.3846	0	0
hadur2.Hadur 3.10	omens.CannonfodderNano 1.4	weak		4	27	1	1	383	84.3	0.0	0.3846	0	0
hadur2.Hadur 3.10	omens.CannonfodderNano 1.4	weak		4	28	1	1	434	79.7	0.0	0.2500	0	0
hadur2.Hadur 3.10	omens.CannonfodderNano 1.4	weak		4	29	1	1	433	80.0	0.0	0.3125	0	0
hadur2.Hadur 3.10	omens.CannonfodderNano 1.4	weak		4	30	1	1	409	100.2	58.5	0.4000	0	0
hadur2.Hadur 3.10	omens.CannonfodderNano 1.4	weak		4	31	1	1	524	77.9	0.0	0.1818	0	0
hadur2.Hadur 3.10	omens.CannonfodderNano 1.4	weak		4	32	1	1	545	80.9	8.2	0.2174	0	0
hadur2.Hadur 3.10	omens.CannonfodderNano 1.4	weak		4	33	1	1	332	89.7	0.0	0.5000	0	0
hadur2.Hadur 3.10	omens.CannonfodderNano 1.4	weak		4	34	1	1	461	78.8	3.3	0.2222	0	6
hadur2.Hadur 3.10	oog.melee.Mercutio 1.0	weak		1	0	1	1	850	58.2	9.0	0.1200	0	4
hadur2.Hadur 3.10	oog.melee.Mercutio 1.0	weak		1	1	1	1	506	83.6	8.5	0.2609	0	0
hadur2.Hadur 3.10	oog.melee.Mercutio 1.0	weak		1	2	1	1	1169	43.8	14.0	0.1688	0	0
hadur2.Hadur 3.10	oog.melee.Mercutio 1.0	weak		1	3	1	1	789	60.4	10.2	0.1463	0	0
hadur2.Hadur 3.10	oog.melee.Mercutio 1.0	weak		1	4	1	1	568	76.2	7.4	0.1600	0	0
hadur2.Hadur 3.10	oog.melee.Mercutio 1.0	weak		1	5	1	1	477	72.2	0.0	0.2105	0	0
hadur2.Hadur 3.10	oog.melee.Mercutio 1.0	weak		1	6	1	1	636	62.8	4.6	0.1613	0	0
hadur2.Hadur 3.10	oog.melee.Mercutio 1.0	weak		1	7	1	1	500	79.7	3.6	0.2381	0	0
hadur2.Hadur 3.10	oog.melee.Mercutio 1.0	weak		1	8	1	1	491	75.6	3.5	0.2000	0	0
hadur2.Hadur 3.10	oog.melee.Mercutio 1.0	weak		1	9	1	1	632	63.6	3.9	0.1071	0	0
hadur2.Hadur 3.10	oog.melee.Mercutio 1.0	weak		1	10	1	1	448	70.5	0.0	0.2353	0	0
hadur2.Hadur 3.10	oog.melee.Mercutio 1.0	weak		1	11	1	1	725	71.9	15.7	0.1579	0	0
hadur2.Hadur 3.10	oog.melee.Mercutio 1.0	weak		1	12	1	1	423	81.2	5.8	0.3125	0	0
hadur2.Hadur 3.10	oog.melee.Mercutio 1.0	weak		1	13	1	1	332	82.6	0.0	0.5000	0	0
hadur2.Hadur 3.10	oog.melee.Mercutio 1.0	weak		1	14	1	1	581	62.5	4.4	0.1200	0	0
hadur2.Hadur 3.10	oog.melee.Mercutio 1.0	weak		1	15	1	1	430	76.8	0.0	0.2500	0	0
hadur2.Hadur 3.10	oog.melee.Mercutio 1.0	weak		1	16	1	1	526	67.6	0.0	0.1667	0	0
hadur2.Hadur 3.10	oog.melee.Mercutio 1.0	weak		1	17	1	1	513	76.6	3.7	0.2273	0	0
hadur2.Hadur 3.10	oog.melee.Mercutio 1.0	weak		1	18	1	1	472	74.9	0.0	0.2222	0	0
hadur2.Hadur 3.10	oog.melee.Mercutio 1.0	weak		1	19	1	1	421	77.1	0.0	0.2667	0	0
hadur2.Hadur 3.10	oog.melee.Mercutio 1.0	weak		1	20	1	1	383	77.2	0.0	0.3077	0	0
hadur2.Hadur 3.10	oog.melee.Mercutio 1.0	weak		1	21	1	1	573	65.1	7.2	0.1600	0	0
hadur2.Hadur 3.10	oog.melee.Mercutio 1.0	weak		1	22	1	1	475	80.0	4.0	0.2632	0	0
hadur2.Hadur 3.10	oog.melee.Mercutio 1.0	weak		1	23	1	1	399	80.0	0.0	0.3333	0	0
hadur2.Hadur 3.10	oog.melee.Mercutio 1.0	weak		1	24	1	1	459	67.2	0.0	0.2222	0	0
hadur2.Hadur 3.10	oog.melee.Mercutio 1.0	weak		1	25	1	1	484	67.3	0.0	0.2000	0	0
hadur2.Hadur 3.10	oog.melee.Mercutio 1.0	weak		1	26	1	1	498	75.4	0.0	0.2000	0	0
hadur2.Hadur 3.10	oog.melee.Mercutio 1.0	weak		1	27	1	1	397	80.0	0.0	0.3333	0	0
hadur2.Hadur 3.10	oog.melee.Mercutio 1.0	weak		1	28	1	1	371	80.0	0.0	0.3846	0	0
hadur2.Hadur 3.10	oog.melee.Mercutio 1.0	weak		1	29	1	1	434	82.9	4.9	0.2941	0	0
hadur2.Hadur 3.10	oog.melee.Mercutio 1.0	weak		1	30	1	1	497	81.1	6.8	0.2500	0	0
hadur2.Hadur 3.10	oog.melee.Mercutio 1.0	weak		1	31	1	1	340	85.4	0.0	0.5000	0	0
hadur2.Hadur 3.10	oog.melee.Mercutio 1.0	weak		1	32	1	1	715	69.3	7.7	0.1176	0	0
hadur2.Hadur 3.10	oog.melee.Mercutio 1.0	weak		1	33	1	1	556	72.8	4.1	0.1667	0	0
hadur2.Hadur 3.10	oog.melee.Mercutio 1.0	weak		1	34	1	1	356	87.1	0.0	0.4545	0	7
hadur2.Hadur 3.10	oog.melee.Mercutio 1.0	weak		2	0	1	1	745	76.6	34.7	0.1707	0	5
hadur2.Hadur 3.10	oog.melee.Mercutio 1.0	weak		2	1	1	1	586	68.3	3.2	0.2333	0	0
hadur2.Hadur 3.10	oog.melee.Mercutio 1.0	weak		2	2	1	1	550	77.4	3.9	0.1739	0	0
hadur2.Hadur 3.10	oog.melee.Mercutio 1.0	weak		2	3	1	1	745	69.3	7.6	0.1351	0	0
hadur2.Hadur 3.10	oog.melee.Mercutio 1.0	weak		2	4	1	1	650	78.3	12.0	0.2121	0	0
hadur2.Hadur 3.10	oog.melee.Mercutio 1.0	weak		2	5	1	1	538	77.1	9.6	0.2400	0	0
hadur2.Hadur 3.10	oog.melee.Mercutio 1.0	weak		2	6	1	1	547	70.5	3.6	0.1739	0	0
hadur2.Hadur 3.10	oog.melee.Mercutio 1.0	weak		2	7	1	1	509	82.5	0.0	0.2381	0	0
hadur2.Hadur 3.10	oog.melee.Mercutio 1.0	weak		2	8	1	1	929	38.3	8.3	0.1607	0	0
hadur2.Hadur 3.10	oog.melee.Mercutio 1.0	weak		2	9	1	1	404	77.6	4.0	0.3333	0	0
hadur2.Hadur 3.10	oog.melee.Mercutio 1.0	weak		2	10	1	1	371	81.1	0.0	0.3846	0	0
hadur2.Hadur 3.10	oog.melee.Mercutio 1.0	weak		2	11	1	1	441	79.9	0.0	0.2353	0	0
hadur2.Hadur 3.10	oog.melee.Mercutio 1.0	weak		2	12	1	1	527	74.0	5.2	0.1818	0	0
hadur2.Hadur 3.10	oog.melee.Mercutio 1.0	weak		2	13	1	1	557	61.2	0.0	0.1250	0	0
hadur2.Hadur 3.10	oog.melee.Mercutio 1.0	weak		2	14	1	1	344	79.5	0.0	0.3636	0	0
hadur2.Hadur 3.10	oog.melee.Mercutio 1.0	weak		2	15	1	1	553	72.1	0.0	0.1667	0	0
hadur2.Hadur 3.10	oog.melee.Mercutio 1.0	weak		2	16	1	1	454	79.5	6.4	0.2353	0	0
hadur2.Hadur 3.10	oog.melee.Mercutio 1.0	weak		2	17	1	1	425	78.4	0.0	0.2500	0	0
hadur2.Hadur 3.10	oog.melee.Mercutio 1.0	weak		2	18	1	1	398	86.0	7.9	0.3571	0	0
hadur2.Hadur 3.10	oog.melee.Mercutio 1.0	weak		2	19	1	1	582	71.8	7.9	0.1538	0	0
hadur2.Hadur 3.10	oog.melee.Mercutio 1.0	weak		2	20	1	1	513	74.8	4.1	0.1905	0	0
hadur2.Hadur 3.10	oog.melee.Mercutio 1.0	weak		2	21	1	1	525	75.5	0.0	0.1818	0	0
hadur2.Hadur 3.10	oog.melee.Mercutio 1.0	weak		2	22	1	1	426	77.5	0.0	0.2500	0	0
hadur2.Hadur 3.10	oog.melee.Mercutio 1.0	weak		2	23	1	1	421	81.0	5.0	0.3333	0	0
hadur2.Hadur 3.10	oog.melee.Mercutio 1.0	weak		2	24	1	1	397	85.1	0.0	0.3571	0	0
hadur2.Hadur 3.10	oog.melee.Mercutio 1.0	weak		2	25	1	1	612	72.4	4.8	0.1481	0	0
hadur2.Hadur 3.10	oog.melee.Mercutio 1.0	weak		2	26	1	1	452	75.6	0.0	0.2353	0	0
hadur2.Hadur 3.10	oog.melee.Mercutio 1.0	weak		2	27	1	1	429	78.6	0.0	0.2500	0	0
hadur2.Hadur 3.10	oog.melee.Mercutio 1.0	weak		2	28	1	1	404	76.5	0.0	0.2857	0	0
hadur2.Hadur 3.10	oog.melee.Mercutio 1.0	weak		2	29	1	1	549	80.0	6.9	0.2000	0	0
hadur2.Hadur 3.10	oog.melee.Mercutio 1.0	weak		2	30	1	1	443	80.3	5.5	0.2778	0	0
hadur2.Hadur 3.10	oog.melee.Mercutio 1.0	weak		2	31	1	1	661	64.4	8.0	0.1563	0	0
hadur2.Hadur 3.10	oog.melee.Mercutio 1.0	weak		2	32	1	1	497	74.0	0.0	0.2000	0	0
hadur2.Hadur 3.10	oog.melee.Mercutio 1.0	weak		2	33	1	1	497	69.2	0.0	0.2000	0	0
hadur2.Hadur 3.10	oog.melee.Mercutio 1.0	weak		2	34	1	1	409	77.4	0.0	0.2667	0	7
hadur2.Hadur 3.10	oog.melee.Mercutio 1.0	weak		3	0	1	1	765	59.8	12.9	0.1628	0	4
hadur2.Hadur 3.10	oog.melee.Mercutio 1.0	weak		3	1	1	1	768	71.5	11.2	0.1818	0	0
hadur2.Hadur 3.10	oog.melee.Mercutio 1.0	weak		3	2	1	1	422	87.2	10.4	0.3125	0	0
hadur2.Hadur 3.10	oog.melee.Mercutio 1.0	weak		3	3	1	1	490	73.7	0.0	0.2000	0	0
hadur2.Hadur 3.10	oog.melee.Mercutio 1.0	weak		3	4	1	1	691	64.3	6.0	0.1471	0	0
hadur2.Hadur 3.10	oog.melee.Mercutio 1.0	weak		3	5	1	1	419	76.4	7.5	0.2667	0	0
hadur2.Hadur 3.10	oog.melee.Mercutio 1.0	weak		3	6	1	1	400	87.2	3.3	0.3571	0	0
hadur2.Hadur 3.10	oog.melee.Mercutio 1.0	weak		3	7	1	1	660	64.1	20.7	0.1290	0	0
hadur2.Hadur 3.10	oog.melee.Mercutio 1.0	weak		3	8	1	1	502	64.4	0.0	0.1905	0	0
hadur2.Hadur 3.10	oog.melee.Mercutio 1.0	weak		3	9	1	1	432	80.0	4.0	0.2941	0	0
hadur2.Hadur 3.10	oog.melee.Mercutio 1.0	weak		3	10	1	1	626	67.3	8.2	0.1379	0	0
hadur2.Hadur 3.10	oog.melee.Mercutio 1.0	weak		3	11	1	1	475	66.2	0.0	0.2105	0	0
hadur2.Hadur 3.10	oog.melee.Mercutio 1.0	weak		3	12	1	1	388	86.7	0.0	0.3571	0	0
hadur2.Hadur 3.10	oog.melee.Mercutio 1.0	weak		3	13	1	1	544	74.9	0.0	0.1739	0	0
hadur2.Hadur 3.10	oog.melee.Mercutio 1.0	weak		3	14	1	1	457	80.0	6.6	0.2632	0	0
hadur2.Hadur 3.10	oog.melee.Mercutio 1.0	weak		3	15	1	1	353	85.9	0.0	0.4545	0	0
hadur2.Hadur 3.10	oog.melee.Mercutio 1.0	weak		3	16	1	1	433	80.0	3.8	0.3125	0	0
hadur2.Hadur 3.10	oog.melee.Mercutio 1.0	weak		3	17	1	1	489	80.0	3.5	0.2381	0	0
hadur2.Hadur 3.10	oog.melee.Mercutio 1.0	weak		3	18	1	1	425	79.0	0.0	0.2500	0	0
hadur2.Hadur 3.10	oog.melee.Mercutio 1.0	weak		3	19	1	1	522	71.7	9.3	0.1818	0	0
hadur2.Hadur 3.10	oog.melee.Mercutio 1.0	weak		3	20	1	1	453	81.4	4.0	0.2778	0	0
hadur2.Hadur 3.10	oog.melee.Mercutio 1.0	weak		3	21	1	1	420	80.7	0.0	0.3125	0	0
hadur2.Hadur 3.10	oog.melee.Mercutio 1.0	weak		3	22	1	1	448	76.1	0.0	0.2353	0	0
hadur2.Hadur 3.10	oog.melee.Mercutio 1.0	weak		3	23	1	1	337	87.4	3.8	0.5000	0	0
hadur2.Hadur 3.10	oog.melee.Mercutio 1.0	weak		3	24	1	1	390	80.0	12.2	0.3571	0	0
hadur2.Hadur 3.10	oog.melee.Mercutio 1.0	weak		3	25	1	1	642	65.5	4.0	0.1613	0	1
hadur2.Hadur 3.10	oog.melee.Mercutio 1.0	weak		3	26	1	1	470	81.7	14.0	0.2632	0	0
hadur2.Hadur 3.10	oog.melee.Mercutio 1.0	weak		3	27	1	1	432	81.2	6.6	0.2941	0	0
hadur2.Hadur 3.10	oog.melee.Mercutio 1.0	weak		3	28	1	1	464	77.3	0.0	0.2222	0	0
hadur2.Hadur 3.10	oog.melee.Mercutio 1.0	weak		3	29	1	1	464	78.8	16.0	0.2222	0	0
hadur2.Hadur 3.10	oog.melee.Mercutio 1.0	weak		3	30	1	1	496	72.0	0.0	0.2000	0	0
hadur2.Hadur 3.10	oog.melee.Mercutio 1.0	weak		3	31	1	1	480	74.9	0.0	0.2105	0	0
hadur2.Hadur 3.10	oog.melee.Mercutio 1.0	weak		3	32	1	1	373	82.4	0.0	0.4167	0	0
hadur2.Hadur 3.10	oog.melee.Mercutio 1.0	weak		3	33	1	1	528	77.1	4.7	0.1818	0	0
hadur2.Hadur 3.10	oog.melee.Mercutio 1.0	weak		3	34	1	1	398	76.7	0.0	0.2857	0	8
hadur2.Hadur 3.10	oog.melee.Mercutio 1.0	weak		4	0	1	1	897	49.8	20.2	0.1132	0	6
hadur2.Hadur 3.10	oog.melee.Mercutio 1.0	weak		4	1	1	1	599	67.8	6.8	0.2000	0	0
hadur2.Hadur 3.10	oog.melee.Mercutio 1.0	weak		4	2	1	1	604	64.8	0.0	0.1786	0	0
hadur2.Hadur 3.10	oog.melee.Mercutio 1.0	weak		4	3	1	1	513	77.7	2.8	0.2727	0	1
hadur2.Hadur 3.10	oog.melee.Mercutio 1.0	weak		4	4	1	1	442	83.1	28.9	0.2941	0	0
hadur2.Hadur 3.10	oog.melee.Mercutio 1.0	weak		4	5	1	1	409	83.1	9.9	0.3333	0	0
hadur2.Hadur 3.10	oog.melee.Mercutio 1.0	weak		4	6	1	1	573	64.0	0.0	0.1538	0	0
hadur2.Hadur 3.10	oog.melee.Mercutio 1.0	weak		4	7	1	1	576	70.3	3.3	0.1600	0	0
hadur2.Hadur 3.10	oog.melee.Mercutio 1.0	weak		4	8	1	1	455	80.0	0.0	0.2778	0	0
hadur2.Hadur 3.10	oog.melee.Mercutio 1.0	weak		4	9	1	1	498	80.0	5.6	0.2273	0	0
hadur2.Hadur 3.10	oog.melee.Mercutio 1.0	weak		4	10	1	1	645	64.7	3.0	0.1333	0	0
hadur2.Hadur 3.10	oog.melee.Mercutio 1.0	weak		4	11	1	1	642	64.0	0.0	0.1333	0	0
hadur2.Hadur 3.10	oog.melee.Mercutio 1.0	weak		4	12	1	1	529	71.2	0.0	0.2400	0	0
hadur2.Hadur 3.10	oog.melee.Mercutio 1.0	weak		4	13	1	1	371	87.3	0.0	0.4167	0	0
hadur2.Hadur 3.10	oog.melee.Mercutio 1.0	weak		4	14	1	1	489	80.0	7.2	0.2500	0	0
hadur2.Hadur 3.10	oog.melee.Mercutio 1.0	weak		4	15	1	1	415	85.1	8.0	0.3333	0	0
hadur2.Hadur 3.10	oog.melee.Mercutio 1.0	weak		4	16	1	1	531	68.0	0.0	0.1739	0	0
hadur2.Hadur 3.10	oog.melee.Mercutio 1.0	weak		4	17	1	1	586	68.8	9.7	0.1538	0	0
hadur2.Hadur 3.10	oog.melee.Mercutio 1.0	weak		4	18	1	1	419	80.0	0.0	0.3125	0	0
hadur2.Hadur 3.10	oog.melee.Mercutio 1.0	weak		4	19	1	1	483	75.2	0.0	0.2105	0	0
hadur2.Hadur 3.10	oog.melee.Mercutio 1.0	weak		4	20	1	1	448	71.0	0.0	0.2353	0	0
hadur2.Hadur 3.10	oog.melee.Mercutio 1.0	weak		4	21	1	1	487	69.5	7.4	0.2000	0	0
hadur2.Hadur 3.10	oog.melee.Mercutio 1.0	weak		4	22	1	1	486	80.0	3.0	0.2273	0	0
hadur2.Hadur 3.10	oog.melee.Mercutio 1.0	weak		4	23	1	1	656	67.3	3.8	0.1290	0	0
hadur2.Hadur 3.10	oog.melee.Mercutio 1.0	weak		4	24	1	1	487	80.0	3.6	0.2381	0	0
hadur2.Hadur 3.10	oog.melee.Mercutio 1.0	weak		4	25	1	1	480	80.0	4.3	0.2500	0	0
hadur2.Hadur 3.10	oog.melee.Mercutio 1.0	weak		4	26	1	1	336	84.3	0.0	0.5000	0	0
hadur2.Hadur 3.10	oog.melee.Mercutio 1.0	weak		4	27	1	1	439	81.7	0.0	0.2941	0	0
hadur2.Hadur 3.10	oog.melee.Mercutio 1.0	weak		4	28	1	1	365	85.8	16.0	0.4167	0	0
hadur2.Hadur 3.10	oog.melee.Mercutio 1.0	weak		4	29	1	1	490	76.3	0.0	0.2000	0	0
hadur2.Hadur 3.10	oog.melee.Mercutio 1.0	weak		4	30	1	1	397	77.3	0.0	0.2857	0	0
hadur2.Hadur 3.10	oog.melee.Mercutio 1.0	weak		4	31	1	1	616	69.2	12.5	0.1429	0	0
hadur2.Hadur 3.10	oog.melee.Mercutio 1.0	weak		4	32	1	1	492	75.6	5.5	0.2000	0	0
hadur2.Hadur 3.10	oog.melee.Mercutio 1.0	weak		4	33	1	1	778	57.3	11.4	0.1463	0	0
hadur2.Hadur 3.10	oog.melee.Mercutio 1.0	weak		4	34	1	1	690	60.0	9.3	0.1429	0	4
hadur2.Hadur 3.10	pac.ABC 2.1	weak		1	0	1	1	537	96.4	0.0	0.3462	0	7
hadur2.Hadur 3.10	pac.ABC 2.1	weak		1	1	1	1	520	95.7	0.0	0.3600	0	0
hadur2.Hadur 3.10	pac.ABC 2.1	weak		1	2	1	1	596	92.8	0.0	0.3000	0	0
hadur2.Hadur 3.10	pac.ABC 2.1	weak		1	3	1	1	501	98.2	0.0	0.4167	0	0
hadur2.Hadur 3.10	pac.ABC 2.1	weak		1	4	1	1	441	96.4	0.0	0.4737	0	0
hadur2.Hadur 3.10	pac.ABC 2.1	weak		1	5	1	1	490	92.8	0.0	0.3913	0	0
hadur2.Hadur 3.10	pac.ABC 2.1	weak		1	6	1	1	563	94.6	0.0	0.3214	0	0
hadur2.Hadur 3.10	pac.ABC 2.1	weak		1	7	1	1	505	93.9	0.0	0.3750	0	0
hadur2.Hadur 3.10	pac.ABC 2.1	weak		1	8	1	1	598	94.6	0.0	0.3000	0	0
hadur2.Hadur 3.10	pac.ABC 2.1	weak		1	9	1	1	504	92.1	0.0	0.2727	0	0
hadur2.Hadur 3.10	pac.ABC 2.1	weak		1	10	1	1	386	100.0	0.0	0.4615	0	0
hadur2.Hadur 3.10	pac.ABC 2.1	weak		1	11	1	1	387	100.0	0.0	0.4286	0	0
hadur2.Hadur 3.10	pac.ABC 2.1	weak		1	12	1	1	404	98.2	0.0	0.4286	0	0
hadur2.Hadur 3.10	pac.ABC 2.1	weak		1	13	1	1	366	93.9	0.0	0.4167	0	0
hadur2.Hadur 3.10	pac.ABC 2.1	weak		1	14	1	1	402	94.6	0.0	0.3571	0	0
hadur2.Hadur 3.10	pac.ABC 2.1	weak		1	15	1	1	427	94.6	0.0	0.3125	0	0
hadur2.Hadur 3.10	pac.ABC 2.1	weak		1	16	1	1	319	96.0	0.0	0.6667	0	0
hadur2.Hadur 3.10	pac.ABC 2.1	weak		1	17	1	1	320	93.2	0.0	0.5556	0	0
hadur2.Hadur 3.10	pac.ABC 2.1	weak		1	18	1	1	521	92.1	0.0	0.2273	0	0
hadur2.Hadur 3.10	pac.ABC 2.1	weak		1	19	1	1	359	93.2	0.0	0.4167	0	0
hadur2.Hadur 3.10	pac.ABC 2.1	weak		1	20	1	1	519	98.2	8.8	0.2727	0	0
hadur2.Hadur 3.10	pac.ABC 2.1	weak		1	21	1	1	372	97.5	0.0	0.4615	0	0
hadur2.Hadur 3.10	pac.ABC 2.1	weak		1	22	1	1	480	93.9	0.0	0.2632	0	0
hadur2.Hadur 3.10	pac.ABC 2.1	weak		1	23	1	1	413	97.5	0.0	0.3750	0	0
hadur2.Hadur 3.10	pac.ABC 2.1	weak		1	24	1	1	437	94.6	0.0	0.3125	0	0
hadur2.Hadur 3.10	pac.ABC 2.1	weak		1	25	1	1	382	99.3	8.8	0.4615	0	0
hadur2.Hadur 3.10	pac.ABC 2.1	weak		1	26	1	1	361	98.2	0.0	0.5000	0	0
hadur2.Hadur 3.10	pac.ABC 2.1	weak		1	27	1	1	413	96.4	0.0	0.4000	0	0
hadur2.Hadur 3.10	pac.ABC 2.1	weak		1	28	1	1	313	98.2	0.0	0.6667	0	0
hadur2.Hadur 3.10	pac.ABC 2.1	weak		1	29	1	1	346	92.8	0.0	0.4545	0	0
hadur2.Hadur 3.10	pac.ABC 2.1	weak		1	30	1	1	540	87.4	0.0	0.2174	0	0
hadur2.Hadur 3.10	pac.ABC 2.1	weak		1	31	1	1	433	96.4	0.0	0.3529	0	0
hadur2.Hadur 3.10	pac.ABC 2.1	weak		1	32	1	1	366	97.5	0.0	0.5000	0	0
hadur2.Hadur 3.10	pac.ABC 2.1	weak		1	33	1	1	358	96.4	0.0	0.5000	0	0
hadur2.Hadur 3.10	pac.ABC 2.1	weak		1	34	1	1	356	92.5	0.0	0.4545	0	6
hadur2.Hadur 3.10	pac.ABC 2.1	weak		2	0	1	1	455	96.4	0.0	0.4500	0	5
hadur2.Hadur 3.10	pac.ABC 2.1	weak		2	1	1	1	619	91.4	0.0	0.2813	0	0
hadur2.Hadur 3.10	pac.ABC 2.1	weak		2	2	1	1	411	92.8	0.0	0.5294	0	0
hadur2.Hadur 3.10	pac.ABC 2.1	weak		2	3	1	1	574	94.6	0.0	0.3103	0	0
hadur2.Hadur 3.10	pac.ABC 2.1	weak		2	4	1	1	433	95.7	0.0	0.5000	0	0
hadur2.Hadur 3.10	pac.ABC 2.1	weak		2	5	1	1	579	94.6	0.0	0.3103	0	0
hadur2.Hadur 3.10	pac.ABC 2.1	weak		2	6	1	1	478	100.0	0.0	0.4545	0	0
hadur2.Hadur 3.10	pac.ABC 2.1	weak		2	7	1	1	464	92.8	0.0	0.4286	0	0
hadur2.Hadur 3.10	pac.ABC 2.1	weak		2	8	1	1	443	94.6	0.0	0.4737	0	0
hadur2.Hadur 3.10	pac.ABC 2.1	weak		2	9	1	1	355	92.8	0.0	0.5000	0	0
hadur2.Hadur 3.10	pac.ABC 2.1	weak		2	10	1	1	377	94.6	0.0	0.3846	0	0
hadur2.Hadur 3.10	pac.ABC 2.1	weak		2	11	1	1	347	100.0	0.0	0.5455	0	0
hadur2.Hadur 3.10	pac.ABC 2.1	weak		2	12	1	1	407	93.9	0.0	0.3333	0	0
hadur2.Hadur 3.10	pac.ABC 2.1	weak		2	13	1	1	451	95.0	0.0	0.2941	0	0
hadur2.Hadur 3.10	pac.ABC 2.1	weak		2	14	1	1	478	96.4	0.0	0.3158	0	0
hadur2.Hadur 3.10	pac.ABC 2.1	weak		2	15	1	1	469	98.2	0.0	0.3158	0	0
hadur2.Hadur 3.10	pac.ABC 2.1	weak		2	16	1	1	503	91.0	8.8	0.2381	0	0
hadur2.Hadur 3.10	pac.ABC 2.1	weak		2	17	1	1	536	100.0	0.0	0.2609	0	0
hadur2.Hadur 3.10	pac.ABC 2.1	weak		2	18	1	1	429	101.8	8.8	0.3750	0	0
hadur2.Hadur 3.10	pac.ABC 2.1	weak		2	19	1	1	404	96.4	0.0	0.4000	0	0
hadur2.Hadur 3.10	pac.ABC 2.1	weak		2	20	1	1	522	92.1	0.0	0.2273	0	0
hadur2.Hadur 3.10	pac.ABC 2.1	weak		2	21	1	1	536	93.9	0.0	0.2174	0	0
hadur2.Hadur 3.10	pac.ABC 2.1	weak		2	22	1	1	395	95.7	0.0	0.3571	0	0
hadur2.Hadur 3.10	pac.ABC 2.1	weak		2	23	1	1	349	98.2	0.0	0.5455	0	0
hadur2.Hadur 3.10	pac.ABC 2.1	weak		2	24	1	1	432	96.0	0.0	0.3529	0	0
hadur2.Hadur 3.10	pac.ABC 2.1	weak		2	25	1	1	370	94.6	0.0	0.4167	0	0
hadur2.Hadur 3.10	pac.ABC 2.1	weak		2	26	1	1	323	97.5	0.0	0.6000	0	0
hadur2.Hadur 3.10	pac.ABC 2.1	weak		2	27	1	1	458	90.3	8.8	0.2778	0	0
hadur2.Hadur 3.10	pac.ABC 2.1	weak		2	28	1	1	406	93.9	0.0	0.3333	0	0
hadur2.Hadur 3.10	pac.ABC 2.1	weak		2	29	1	1	296	92.8	0.0	0.6250	0	0
hadur2.Hadur 3.10	pac.ABC 2.1	weak		2	30	1	1	555	89.2	0.0	0.2083	0	0
hadur2.Hadur 3.10	pac.ABC 2.1	weak		2	31	1	1	315	97.5	0.0	0.6667	0	0
hadur2.Hadur 3.10	pac.ABC 2.1	weak		2	32	1	1	495	91.4	0.0	0.2500	0	0
hadur2.Hadur 3.10	pac.ABC 2.1	weak		2	33	1	1	360	94.6	0.0	0.4167	0	0
hadur2.Hadur 3.10	pac.ABC 2.1	weak		2	34	1	1	345	93.9	0.0	0.4545	0	7
hadur2.Hadur 3.10	pac.ABC 2.1	weak		3	0	1	1	568	94.6	0.0	0.3214	0	4
hadur2.Hadur 3.10	pac.ABC 2.1	weak		3	1	1	1	477	103.6	8.8	0.4545	0	0
hadur2.Hadur 3.10	pac.ABC 2.1	weak		3	2	1	1	579	94.6	0.0	0.3103	0	0
hadur2.Hadur 3.10	pac.ABC 2.1	weak		3	3	1	1	498	94.6	0.0	0.3913	0	0
hadur2.Hadur 3.10	pac.ABC 2.1	weak		3	4	1	1	440	96.4	0.0	0.4737	0	0
hadur2.Hadur 3.10	pac.ABC 2.1	weak		3	5	1	1	404	96.4	0.0	0.5625	0	0
hadur2.Hadur 3.10	pac.ABC 2.1	weak		3	6	1	1	347	98.2	0.0	0.7692	0	0
hadur2.Hadur 3.10	pac.ABC 2.1	weak		3	7	1	1	341	98.2	0.0	0.6667	0	0
hadur2.Hadur 3.10	pac.ABC 2.1	weak		3	8	1	1	415	94.6	8.8	0.5294	0	0
hadur2.Hadur 3.10	pac.ABC 2.1	weak		3	9	1	1	369	98.2	0.0	0.7143	0	0
hadur2.Hadur 3.10	pac.ABC 2.1	weak		3	10	1	1	538	91.0	0.0	0.3462	0	0
hadur2.Hadur 3.10	pac.ABC 2.1	weak		3	11	1	1	444	92.1	0.0	0.4737	0	0
hadur2.Hadur 3.10	pac.ABC 2.1	weak		3	12	1	1	357	93.9	0.0	0.6923	0	0
hadur2.Hadur 3.10	pac.ABC 2.1	weak		3	13	1	1	374	98.2	0.0	0.4615	0	0
hadur2.Hadur 3.10	pac.ABC 2.1	weak		3	14	1	1	441	92.8	0.0	0.2941	0	0
hadur2.Hadur 3.10	pac.ABC 2.1	weak		3	15	1	1	422	88.5	0.0	0.3125	0	0
hadur2.Hadur 3.10	pac.ABC 2.1	weak		3	16	1	1	325	98.2	0.0	0.6667	0	0
hadur2.Hadur 3.10	pac.ABC 2.1	weak		3	17	1	1	546	96.4	0.0	0.2500	0	0
hadur2.Hadur 3.10	pac.ABC 2.1	weak		3	18	1	1	430	96.4	0.0	0.3750	0	0
hadur2.Hadur 3.10	pac.ABC 2.1	weak		3	19	1	1	371	96.4	0.0	0.4615	0	0
hadur2.Hadur 3.10	pac.ABC 2.1	weak		3	20	1	1	412	98.2	0.0	0.4000	0	0
hadur2.Hadur 3.10	pac.ABC 2.1	weak		3	21	1	1	385	96.4	0.0	0.4286	0	0
hadur2.Hadur 3.10	pac.ABC 2.1	weak		3	22	1	1	285	94.6	0.0	0.7143	0	0
hadur2.Hadur 3.10	pac.ABC 2.1	weak		3	23	1	1	358	98.2	0.0	0.5000	0	0
hadur2.Hadur 3.10	pac.ABC 2.1	weak		3	24	1	1	566	94.6	0.0	0.2000	0	0
hadur2.Hadur 3.10	pac.ABC 2.1	weak		3	25	1	1	442	91.0	0.0	0.2941	0	0
hadur2.Hadur 3.10	pac.ABC 2.1	weak		3	26	1	1	433	91.0	0.0	0.3125	0	0
hadur2.Hadur 3.10	pac.ABC 2.1	weak		3	27	1	1	335	100.0	0.0	0.6000	0	0
hadur2.Hadur 3.10	pac.ABC 2.1	weak		3	28	1	1	556	86.7	0.0	0.2083	0	0
hadur2.Hadur 3.10	pac.ABC 2.1	weak		3	29	1	1	424	98.2	0.0	0.3750	0	0
hadur2.Hadur 3.10	pac.ABC 2.1	weak		3	30	1	1	434	96.4	0.0	0.3750	0	0
hadur2.Hadur 3.10	pac.ABC 2.1	weak		3	31	1	1	384	100.0	0.0	0.4615	0	0
hadur2.Hadur 3.10	pac.ABC 2.1	weak		3	32	1	1	459	98.2	0.0	0.3333	0	0
hadur2.Hadur 3.10	pac.ABC 2.1	weak		3	33	1	1	374	96.4	0.0	0.4615	0	0
hadur2.Hadur 3.10	pac.ABC 2.1	weak		3	34	1	1	389	96.4	0.0	0.4286	0	6
hadur2.Hadur 3.10	pac.ABC 2.1	weak		4	0	1	1	655	94.6	0.0	0.2647	0	6
hadur2.Hadur 3.10	pac.ABC 2.1	weak		4	1	1	1	576	98.2	0.0	0.3448	0	0
hadur2.Hadur 3.10	pac.ABC 2.1	weak		4	2	1	1	632	96.4	0.0	0.2727	0	0
hadur2.Hadur 3.10	pac.ABC 2.1	weak		4	3	1	1	418	96.4	0.0	0.5294	0	0
hadur2.Hadur 3.10	pac.ABC 2.1	weak		4	4	1	1	493	92.8	0.0	0.3913	0	0
hadur2.Hadur 3.10	pac.ABC 2.1	weak		4	5	1	1	541	94.6	0.0	0.3462	0	0
hadur2.Hadur 3.10	pac.ABC 2.1	weak		4	6	1	1	614	100.0	8.8	0.3125	0	0
hadur2.Hadur 3.10	pac.ABC 2.1	weak		4	7	1	1	372	92.8	0.0	0.6429	0	0
hadur2.Hadur 3.10	pac.ABC 2.1	weak		4	8	1	1	463	92.8	0.0	0.4286	0	0
hadur2.Hadur 3.10	pac.ABC 2.1	weak		4	9	1	1	380	96.4	0.0	0.6000	0	0
hadur2.Hadur 3.10	pac.ABC 2.1	weak		4	10	1	1	438	89.7	0.0	0.3333	0	0
hadur2.Hadur 3.10	pac.ABC 2.1	weak		4	11	1	1	413	98.2	13.0	0.4000	0	0
hadur2.Hadur 3.10	pac.ABC 2.1	weak		4	12	1	1	383	88.5	0.0	0.3846	0	0
hadur2.Hadur 3.10	pac.ABC 2.1	weak		4	13	1	1	358	98.2	0.0	0.5000	0	0
hadur2.Hadur 3.10	pac.ABC 2.1	weak		4	14	1	1	494	96.4	0.0	0.3000	0	0
hadur2.Hadur 3.10	pac.ABC 2.1	weak		4	15	1	1	303	97.5	0.0	0.7500	0	0
hadur2.Hadur 3.10	pac.ABC 2.1	weak		4	16	1	1	358	100.0	0.0	0.5000	0	0
hadur2.Hadur 3.10	pac.ABC 2.1	weak		4	17	1	1	374	96.0	0.0	0.4615	0	0
hadur2.Hadur 3.10	pac.ABC 2.1	weak		4	18	1	1	451	96.4	0.0	0.3333	0	0
hadur2.Hadur 3.10	pac.ABC 2.1	weak		4	19	1	1	394	95.7	0.0	0.3571	0	0
hadur2.Hadur 3.10	pac.ABC 2.1	weak		4	20	1	1	362	91.0	0.0	0.4167	0	0
hadur2.Hadur 3.10	pac.ABC 2.1	weak		4	21	1	1	553	97.5	0.0	0.2500	0	0
hadur2.Hadur 3.10	pac.ABC 2.1	weak		4	22	1	1	317	100.0	0.0	0.6667	0	0
hadur2.Hadur 3.10	pac.ABC 2.1	weak		4	23	1	1	509	92.8	0.0	0.2381	0	0
hadur2.Hadur 3.10	pac.ABC 2.1	weak		4	24	1	1	362	96.4	0.0	0.4615	0	0
hadur2.Hadur 3.10	pac.ABC 2.1	weak		4	25	1	1	316	100.0	0.0	0.6667	0	0
hadur2.Hadur 3.10	pac.ABC 2.1	weak		4	26	1	1	687	86.7	0.0	0.1563	0	0
hadur2.Hadur 3.10	pac.ABC 2.1	weak		4	27	1	1	410	91.0	0.0	0.3333	0	0
hadur2.Hadur 3.10	pac.ABC 2.1	weak		4	28	1	1	355	96.4	0.0	0.5000	0	0
hadur2.Hadur 3.10	pac.ABC 2.1	weak		4	29	1	1	451	98.2	0.0	0.3333	0	0
hadur2.Hadur 3.10	pac.ABC 2.1	weak		4	30	1	1	479	92.8	0.0	0.2632	0	0
hadur2.Hadur 3.10	pac.ABC 2.1	weak		4	31	1	1	425	95.7	0.0	0.3125	0	0
hadur2.Hadur 3.10	pac.ABC 2.1	weak		4	32	1	1	449	97.1	6.8	0.4211	0	0
hadur2.Hadur 3.10	pac.ABC 2.1	weak		4	33	1	1	490	96.0	0.0	0.3000	0	0
hadur2.Hadur 3.10	pac.ABC 2.1	weak		4	34	1	1	406	92.8	0.0	0.3333	0	5
hadur2.Hadur 3.10	ratosh.Wesco 1.4	weak		1	0	1	1	767	19.4	0.0	0.0465	0	5
hadur2.Hadur 3.10	ratosh.Wesco 1.4	weak		1	1	1	1	947	10.2	0.0	0.0333	0	0
hadur2.Hadur 3.10	ratosh.Wesco 1.4	weak		1	2	1	1	594	41.9	16.0	0.1333	0	1
hadur2.Hadur 3.10	ratosh.Wesco 1.4	weak		1	3	1	1	523	58.2	32.3	0.2400	0	0
hadur2.Hadur 3.10	ratosh.Wesco 1.4	weak		1	4	1	1	419	59.1	0.0	0.2941	0	0
hadur2.Hadur 3.10	ratosh.Wesco 1.4	weak		1	5	1	1	546	50.7	16.0	0.1250	0	0
hadur2.Hadur 3.10	ratosh.Wesco 1.4	weak		1	6	1	1	685	34.2	16.0	0.0571	0	0
hadur2.Hadur 3.10	ratosh.Wesco 1.4	weak		1	7	1	1	495	41.5	0.0	0.1739	0	0
hadur2.Hadur 3.10	ratosh.Wesco 1.4	weak		1	8	1	1	579	32.7	0.0	0.1071	0	0
hadur2.Hadur 3.10	ratosh.Wesco 1.4	weak		1	9	1	1	498	39.4	0.0	0.1667	0	0
hadur2.Hadur 3.10	ratosh.Wesco 1.4	weak		1	10	1	1	497	39.9	0.0	0.1739	0	0
hadur2.Hadur 3.10	ratosh.Wesco 1.4	weak		1	11	1	1	486	51.6	1.4	0.2273	0	0
hadur2.Hadur 3.10	ratosh.Wesco 1.4	weak		1	12	1	1	448	50.1	0.0	0.1765	0	0
hadur2.Hadur 3.10	ratosh.Wesco 1.4	weak		1	13	1	1	551	38.9	0.0	0.1111	0	0
hadur2.Hadur 3.10	ratosh.Wesco 1.4	weak		1	14	1	1	441	47.1	10.6	0.2222	0	0
hadur2.Hadur 3.10	ratosh.Wesco 1.4	weak		1	15	1	1	648	21.8	0.0	0.0588	0	0
hadur2.Hadur 3.10	ratosh.Wesco 1.4	weak		1	16	1	1	552	48.8	16.0	0.1852	0	0
hadur2.Hadur 3.10	ratosh.Wesco 1.4	weak		1	17	1	1	504	39.7	0.0	0.1667	0	0
hadur2.Hadur 3.10	ratosh.Wesco 1.4	weak		1	18	1	1	467	52.4	0.0	0.2500	0	0
hadur2.Hadur 3.10	ratosh.Wesco 1.4	weak		1	19	1	1	515	41.1	0.0	0.1364	0	0
hadur2.Hadur 3.10	ratosh.Wesco 1.4	weak		1	20	1	1	541	28.6	0.0	0.0769	0	0
hadur2.Hadur 3.10	ratosh.Wesco 1.4	weak		1	21	1	1	656	22.4	0.0	0.0588	0	0
hadur2.Hadur 3.10	ratosh.Wesco 1.4	weak		1	22	1	1	458	47.1	0.0	0.2000	0	0
hadur2.Hadur 3.10	ratosh.Wesco 1.4	weak		1	23	1	1	474	49.0	0.0	0.2381	0	0
hadur2.Hadur 3.10	ratosh.Wesco 1.4	weak		1	24	1	1	501	40.0	0.0	0.1304	0	0
hadur2.Hadur 3.10	ratosh.Wesco 1.4	weak		1	25	1	1	554	38.0	0.0	0.1111	0	0
hadur2.Hadur 3.10	ratosh.Wesco 1.4	weak		1	26	1	1	567	33.9	0.0	0.1111	0	0
hadur2.Hadur 3.10	ratosh.Wesco 1.4	weak		1	27	1	1	439	53.1	0.0	0.2632	0	0
hadur2.Hadur 3.10	ratosh.Wesco 1.4	weak		1	28	1	1	501	37.8	0.0	0.1364	0	0
hadur2.Hadur 3.10	ratosh.Wesco 1.4	weak		1	29	1	1	509	37.8	0.0	0.1250	0	0
hadur2.Hadur 3.10	ratosh.Wesco 1.4	weak		1	30	1	1	487	42.0	0.0	0.1364	0	0
hadur2.Hadur 3.10	ratosh.Wesco 1.4	weak		1	31	1	1	475	46.0	0.0	0.1905	0	0
hadur2.Hadur 3.10	ratosh.Wesco 1.4	weak		1	32	1	1	480	44.7	0.0	0.1818	0	0
hadur2.Hadur 3.10	ratosh.Wesco 1.4	weak		1	33	1	1	505	31.7	0.0	0.1364	0	0
hadur2.Hadur 3.10	ratosh.Wesco 1.4	weak		1	34	1	1	483	44.3	0.0	0.1905	0	5
hadur2.Hadur 3.10	ratosh.Wesco 1.4	weak		2	0	1	1	634	24.4	16.0	0.0606	0	7
hadur2.Hadur 3.10	ratosh.Wesco 1.4	weak		2	1	1	1	643	23.7	16.0	0.0606	0	0
hadur2.Hadur 3.10	ratosh.Wesco 1.4	weak		2	2	1	1	529	48.7	0.4	0.1852	0	0
hadur2.Hadur 3.10	ratosh.Wesco 1.4	weak		2	3	1	1	513	28.6	0.0	0.0833	0	0
hadur2.Hadur 3.10	ratosh.Wesco 1.4	weak		2	4	1	1	513	42.3	0.0	0.1667	0	0
hadur2.Hadur 3.10	ratosh.Wesco 1.4	weak		2	5	1	1	587	32.3	1.3	0.1333	0	0
hadur2.Hadur 3.10	ratosh.Wesco 1.4	weak		2	6	1	1	529	45.2	16.0	0.1600	0	0
hadur2.Hadur 3.10	ratosh.Wesco 1.4	weak		2	7	1	1	439	57.2	0.0	0.2632	0	0
hadur2.Hadur 3.10	ratosh.Wesco 1.4	weak		2	8	1	1	506	41.1	0.0	0.1364	0	0
hadur2.Hadur 3.10	ratosh.Wesco 1.4	weak		2	9	1	1	516	37.1	0.0	0.1364	0	0
hadur2.Hadur 3.10	ratosh.Wesco 1.4	weak		2	10	1	1	630	39.4	16.8	0.1176	0	0
hadur2.Hadur 3.10	ratosh.Wesco 1.4	weak		2	11	1	1	467	51.8	0.0	0.2381	0	0
hadur2.Hadur 3.10	ratosh.Wesco 1.4	weak		2	12	1	1	564	37.8	16.0	0.1111	0	0
hadur2.Hadur 3.10	ratosh.Wesco 1.4	weak		2	13	1	1	498	43.5	0.0	0.1739	0	0
hadur2.Hadur 3.10	ratosh.Wesco 1.4	weak		2	14	1	1	423	64.4	16.0	0.2941	0	0
hadur2.Hadur 3.10	ratosh.Wesco 1.4	weak		2	15	1	1	522	44.3	15.4	0.1304	0	0
hadur2.Hadur 3.10	ratosh.Wesco 1.4	weak		2	16	1	1	572	46.6	0.0	0.1379	0	0
hadur2.Hadur 3.10	ratosh.Wesco 1.4	weak		2	17	1	1	500	45.7	0.0	0.1739	0	0
hadur2.Hadur 3.10	ratosh.Wesco 1.4	weak		2	18	1	1	535	41.6	0.0	0.1538	0	0
hadur2.Hadur 3.10	ratosh.Wesco 1.4	weak		2	19	1	1	499	43.0	0.0	0.1739	0	0
hadur2.Hadur 3.10	ratosh.Wesco 1.4	weak		2	20	1	1	517	41.5	0.0	0.1667	0	0
hadur2.Hadur 3.10	ratosh.Wesco 1.4	weak		2	21	1	1	388	61.3	0.0	0.2857	0	0
hadur2.Hadur 3.10	ratosh.Wesco 1.4	weak		2	22	1	1	466	48.5	0.0	0.1667	0	0
hadur2.Hadur 3.10	ratosh.Wesco 1.4	weak		2	23	1	1	517	37.8	0.0	0.1304	0	0
hadur2.Hadur 3.10	ratosh.Wesco 1.4	weak		2	24	1	1	568	36.6	0.0	0.1111	0	0
hadur2.Hadur 3.10	ratosh.Wesco 1.4	weak		2	25	1	1	453	56.4	16.0	0.2500	0	0
hadur2.Hadur 3.10	ratosh.Wesco 1.4	weak		2	26	1	1	548	29.0	0.0	0.0769	0	0
hadur2.Hadur 3.10	ratosh.Wesco 1.4	weak		2	27	1	1	620	38.0	16.0	0.0968	0	0
hadur2.Hadur 3.10	ratosh.Wesco 1.4	weak		2	28	1	1	548	38.1	16.0	0.1154	0	0
hadur2.Hadur 3.10	ratosh.Wesco 1.4	weak		2	29	1	1	719	27.8	16.0	0.0541	0	0
hadur2.Hadur 3.10	ratosh.Wesco 1.4	weak		2	30	1	1	546	28.6	0.0	0.0769	0	0
hadur2.Hadur 3.10	ratosh.Wesco 1.4	weak		2	31	1	1	542	38.8	0.0	0.1481	0	0
hadur2.Hadur 3.10	ratosh.Wesco 1.4	weak		2	32	1	1	625	30.2	0.0	0.0909	0	0
hadur2.Hadur 3.10	ratosh.Wesco 1.4	weak		2	33	1	1	556	28.7	0.0	0.0741	0	0
hadur2.Hadur 3.10	ratosh.Wesco 1.4	weak		2	34	1	1	487	39.8	0.0	0.1818	0	5
hadur2.Hadur 3.10	ratosh.Wesco 1.4	weak		3	0	1	1	477	44.7	0.0	0.1905	0	6
hadur2.Hadur 3.10	ratosh.Wesco 1.4	weak		3	1	1	1	628	31.5	0.0	0.0909	0	0
hadur2.Hadur 3.10	ratosh.Wesco 1.4	weak		3	2	1	1	472	43.4	0.0	0.1500	0	0
hadur2.Hadur 3.10	ratosh.Wesco 1.4	weak		3	3	1	1	521	37.8	0.0	0.1200	0	0
hadur2.Hadur 3.10	ratosh.Wesco 1.4	weak		3	4	1	1	500	35.5	0.0	0.1304	0	0
hadur2.Hadur 3.10	ratosh.Wesco 1.4	weak		3	5	1	1	546	39.5	0.0	0.1481	0	0
hadur2.Hadur 3.10	ratosh.Wesco 1.4	weak		3	6	1	1	634	22.7	0.0	0.0606	0	0
hadur2.Hadur 3.10	ratosh.Wesco 1.4	weak		3	7	1	1	441	48.4	0.0	0.2222	0	0
hadur2.Hadur 3.10	ratosh.Wesco 1.4	weak		3	8	1	1	576	26.3	0.0	0.0714	0	0
hadur2.Hadur 3.10	ratosh.Wesco 1.4	weak		3	9	1	1	659	31.4	0.0	0.0857	0	0
hadur2.Hadur 3.10	ratosh.Wesco 1.4	weak		3	10	1	1	451	43.5	0.0	0.2000	0	0
hadur2.Hadur 3.10	ratosh.Wesco 1.4	weak		3	11	1	1	471	45.4	0.0	0.1905	0	0
hadur2.Hadur 3.10	ratosh.Wesco 1.4	weak		3	12	1	1	535	41.9	0.0	0.1538	0	0
hadur2.Hadur 3.10	ratosh.Wesco 1.4	weak		3	13	1	1	488	48.7	0.0	0.1905	0	0
hadur2.Hadur 3.10	ratosh.Wesco 1.4	weak		3	14	1	1	509	53.9	0.0	0.1739	0	0
hadur2.Hadur 3.10	ratosh.Wesco 1.4	weak		3	15	1	1	648	14.1	0.0	0.0294	0	0
hadur2.Hadur 3.10	ratosh.Wesco 1.4	weak		3	16	1	1	398	69.9	16.0	0.3333	0	1
hadur2.Hadur 3.10	ratosh.Wesco 1.4	weak		3	17	1	1	613	50.9	16.5	0.1818	0	0
hadur2.Hadur 3.10	ratosh.Wesco 1.4	weak		3	18	1	1	476	41.7	0.0	0.2000	0	0
hadur2.Hadur 3.10	ratosh.Wesco 1.4	weak		3	19	1	1	561	38.5	16.0	0.0833	0	0
hadur2.Hadur 3.10	ratosh.Wesco 1.4	weak		3	20	1	1	530	47.7	0.0	0.1667	0	0
hadur2.Hadur 3.10	ratosh.Wesco 1.4	weak		3	21	1	1	532	41.5	0.0	0.1538	0	0
hadur2.Hadur 3.10	ratosh.Wesco 1.4	weak		3	22	1	1	690	39.6	17.2	0.1316	0	0
hadur2.Hadur 3.10	ratosh.Wesco 1.4	weak		3	23	1	1	498	50.8	0.0	0.2083	0	0
hadur2.Hadur 3.10	ratosh.Wesco 1.4	weak		3	24	1	1	474	51.1	0.0	0.2273	0	0
hadur2.Hadur 3.10	ratosh.Wesco 1.4	weak		3	25	1	1	524	38.9	0.0	0.1304	0	0
hadur2.Hadur 3.10	ratosh.Wesco 1.4	weak		3	26	1	1	908	20.4	32.0	0.0702	0	0
hadur2.Hadur 3.10	ratosh.Wesco 1.4	weak		3	27	1	1	555	36.5	3.8	0.1481	0	0
hadur2.Hadur 3.10	ratosh.Wesco 1.4	weak		3	28	1	1	577	25.4	0.0	0.0714	0	0
hadur2.Hadur 3.10	ratosh.Wesco 1.4	weak		3	29	1	1	664	40.5	32.0	0.1176	0	1
hadur2.Hadur 3.10	ratosh.Wesco 1.4	weak		3	30	1	1	491	37.8	0.0	0.1364	0	0
hadur2.Hadur 3.10	ratosh.Wesco 1.4	weak		3	31	1	1	426	53.9	0.0	0.2778	0	0
hadur2.Hadur 3.10	ratosh.Wesco 1.4	weak		3	32	1	1	453	45.7	0.0	0.2000	0	0
hadur2.Hadur 3.10	ratosh.Wesco 1.4	weak		3	33	1	1	626	26.9	16.0	0.0690	0	0
hadur2.Hadur 3.10	ratosh.Wesco 1.4	weak		3	34	1	1	501	41.2	0.0	0.1739	0	5
hadur2.Hadur 3.10	ratosh.Wesco 1.4	weak		4	0	1	1	488	39.9	15.8	0.1818	0	5
hadur2.Hadur 3.10	ratosh.Wesco 1.4	weak		4	1	1	1	599	32.3	0.0	0.1000	0	0
hadur2.Hadur 3.10	ratosh.Wesco 1.4	weak		4	2	1	1	453	51.1	0.0	0.2500	0	0
hadur2.Hadur 3.10	ratosh.Wesco 1.4	weak		4	3	1	1	631	34.3	16.0	0.1000	0	0
hadur2.Hadur 3.10	ratosh.Wesco 1.4	weak		4	4	1	1	476	43.8	10.9	0.1429	0	0
hadur2.Hadur 3.10	ratosh.Wesco 1.4	weak		4	5	1	1	500	37.8	0.0	0.1364	0	0
hadur2.Hadur 3.10	ratosh.Wesco 1.4	weak		4	6	1	1	491	50.3	1.9	0.2609	0	0
hadur2.Hadur 3.10	ratosh.Wesco 1.4	weak		4	7	1	1	365	66.2	0.0	0.3333	0	0
hadur2.Hadur 3.10	ratosh.Wesco 1.4	weak		4	8	1	1	511	51.6	16.0	0.1429	0	0
hadur2.Hadur 3.10	ratosh.Wesco 1.4	weak		4	9	1	1	602	25.3	16.0	0.0714	0	0
hadur2.Hadur 3.10	ratosh.Wesco 1.4	weak		4	10	1	1	592	30.5	0.0	0.0968	0	0
hadur2.Hadur 3.10	ratosh.Wesco 1.4	weak		4	11	0	0	715	22.8	33.8	0.0256	0	0
hadur2.Hadur 3.10	ratosh.Wesco 1.4	weak		4	12	1	1	569	30.9	0.4	0.1034	0	0
hadur2.Hadur 3.10	ratosh.Wesco 1.4	weak		4	13	1	1	445	56.4	16.0	0.2632	0	0
hadur2.Hadur 3.10	ratosh.Wesco 1.4	weak		4	14	1	1	434	57.1	0.0	0.2632	0	0
hadur2.Hadur 3.10	ratosh.Wesco 1.4	weak		4	15	1	1	400	61.9	9.4	0.2667	0	0
hadur2.Hadur 3.10	ratosh.Wesco 1.4	weak		4	16	1	1	540	31.0	0.0	0.0455	0	0
hadur2.Hadur 3.10	ratosh.Wesco 1.4	weak		4	17	1	1	505	49.7	16.0	0.1818	0	0
hadur2.Hadur 3.10	ratosh.Wesco 1.4	weak		4	18	1	1	533	39.5	0.0	0.1250	0	0
hadur2.Hadur 3.10	ratosh.Wesco 1.4	weak		4	19	1	1	613	17.3	0.0	0.0323	0	0
hadur2.Hadur 3.10	ratosh.Wesco 1.4	weak		4	20	1	1	654	29.1	1.4	0.0857	0	0
hadur2.Hadur 3.10	ratosh.Wesco 1.4	weak		4	21	1	1	502	42.7	0.0	0.1739	0	0
hadur2.Hadur 3.10	ratosh.Wesco 1.4	weak		4	22	1	1	455	51.5	1.3	0.2500	0	0
hadur2.Hadur 3.10	ratosh.Wesco 1.4	weak		4	23	1	1	443	49.0	0.0	0.1667	0	0
hadur2.Hadur 3.10	ratosh.Wesco 1.4	weak		4	24	1	1	630	31.2	0.0	0.0968	0	0
hadur2.Hadur 3.10	ratosh.Wesco 1.4	weak		4	25	1	1	373	64.0	16.0	0.3333	0	0
hadur2.Hadur 3.10	ratosh.Wesco 1.4	weak		4	26	1	1	579	25.5	0.0	0.0714	0	0
hadur2.Hadur 3.10	ratosh.Wesco 1.4	weak		4	27	1	1	231	56.6	61.6	0.7500	0	0
hadur2.Hadur 3.10	ratosh.Wesco 1.4	weak		4	28	1	1	475	42.9	0.0	0.1500	0	0
hadur2.Hadur 3.10	ratosh.Wesco 1.4	weak		4	29	1	1	803	14.1	16.5	0.0870	0	0
hadur2.Hadur 3.10	ratosh.Wesco 1.4	weak		4	30	1	1	626	36.8	32.0	0.0690	0	0
hadur2.Hadur 3.10	ratosh.Wesco 1.4	weak		4	31	1	1	474	49.0	0.0	0.2273	0	0
hadur2.Hadur 3.10	ratosh.Wesco 1.4	weak		4	32	1	1	546	32.0	0.0	0.1111	0	0
hadur2.Hadur 3.10	ratosh.Wesco 1.4	weak		4	33	1	1	456	47.1	10.6	0.2000	0	0
hadur2.Hadur 3.10	ratosh.Wesco 1.4	weak		4	34	1	1	589	24.5	0.0	0.0690	0	7
hadur2.Hadur 3.10	serenity.moonlightBat 1.17	weak		1	0	0	0	1260	59.8	38.1	0.1176	0	2
hadur2.Hadur 3.10	serenity.moonlightBat 1.17	weak		1	1	1	1	840	65.4	9.6	0.1277	0	3
hadur2.Hadur 3.10	serenity.moonlightBat 1.17	weak		1	2	1	1	723	65.1	3.2	0.1538	0	0
hadur2.Hadur 3.10	serenity.moonlightBat 1.17	weak		1	3	1	1	629	76.5	6.8	0.1935	0	0
hadur2.Hadur 3.10	serenity.moonlightBat 1.17	weak		1	4	1	1	1090	60.0	16.0	0.1571	0	0
hadur2.Hadur 3.10	serenity.moonlightBat 1.17	weak		1	5	1	1	691	71.7	3.2	0.1714	0	0
hadur2.Hadur 3.10	serenity.moonlightBat 1.17	weak		1	6	1	1	1813	40.6	26.4	0.1511	0	0
hadur2.Hadur 3.10	serenity.moonlightBat 1.17	weak		1	7	1	1	717	69.1	12.2	0.1351	0	0
hadur2.Hadur 3.10	serenity.moonlightBat 1.17	weak		1	8	1	1	807	63.0	4.6	0.1333	0	0
hadur2.Hadur 3.10	serenity.moonlightBat 1.17	weak		1	9	1	1	539	85.4	0.0	0.2800	0	0
hadur2.Hadur 3.10	serenity.moonlightBat 1.17	weak		1	10	1	1	656	84.7	0.0	0.1515	0	0
hadur2.Hadur 3.10	serenity.moonlightBat 1.17	weak		1	11	1	1	465	82.8	3.6	0.2778	0	0
hadur2.Hadur 3.10	serenity.moonlightBat 1.17	weak		1	12	1	1	1146	54.6	6.8	0.1389	0	0
hadur2.Hadur 3.10	serenity.moonlightBat 1.17	weak		1	13	1	1	748	58.5	0.0	0.1463	0	0
hadur2.Hadur 3.10	serenity.moonlightBat 1.17	weak		1	14	1	1	1137	38.4	7.2	0.1216	0	0
hadur2.Hadur 3.10	serenity.moonlightBat 1.17	weak		1	15	1	1	582	78.6	6.8	0.2414	0	0
hadur2.Hadur 3.10	serenity.moonlightBat 1.17	weak		1	16	1	1	669	68.3	11.8	0.1563	0	0
hadur2.Hadur 3.10	serenity.moonlightBat 1.17	weak		1	17	1	1	552	74.0	4.6	0.2083	0	0
hadur2.Hadur 3.10	serenity.moonlightBat 1.17	weak		1	18	1	1	764	61.9	3.6	0.1220	0	0
hadur2.Hadur 3.10	serenity.moonlightBat 1.17	weak		1	19	1	1	723	64.1	10.4	0.1622	0	0
hadur2.Hadur 3.10	serenity.moonlightBat 1.17	weak		1	20	1	1	803	68.8	12.8	0.1364	0	0
hadur2.Hadur 3.10	serenity.moonlightBat 1.17	weak		1	21	1	1	837	62.8	10.4	0.1277	0	0
hadur2.Hadur 3.10	serenity.moonlightBat 1.17	weak		1	22	1	1	779	52.6	0.0	0.1163	0	0
hadur2.Hadur 3.10	serenity.moonlightBat 1.17	weak		1	23	1	1	753	53.0	3.2	0.1220	0	0
hadur2.Hadur 3.10	serenity.moonlightBat 1.17	weak		1	24	1	1	652	63.0	3.6	0.1818	0	0
hadur2.Hadur 3.10	serenity.moonlightBat 1.17	weak		1	25	1	1	990	50.7	11.8	0.1311	0	0
hadur2.Hadur 3.10	serenity.moonlightBat 1.17	weak		1	26	1	1	623	66.7	0.0	0.1875	0	0
hadur2.Hadur 3.10	serenity.moonlightBat 1.17	weak		1	27	1	1	990	45.0	3.6	0.1333	0	0
hadur2.Hadur 3.10	serenity.moonlightBat 1.17	weak		1	28	1	1	774	55.4	3.6	0.1163	0	0
hadur2.Hadur 3.10	serenity.moonlightBat 1.17	weak		1	29	1	1	523	69.5	3.6	0.2273	0	0
hadur2.Hadur 3.10	serenity.moonlightBat 1.17	weak		1	30	1	1	668	65.4	6.4	0.1471	0	0
hadur2.Hadur 3.10	serenity.moonlightBat 1.17	weak		1	31	1	1	645	66.9	3.6	0.1333	0	0
hadur2.Hadur 3.10	serenity.moonlightBat 1.17	weak		1	32	1	1	723	63.1	9.2	0.1538	0	0
hadur2.Hadur 3.10	serenity.moonlightBat 1.17	weak		1	33	1	1	859	54.2	0.0	0.1400	0	0
hadur2.Hadur 3.10	serenity.moonlightBat 1.17	weak		1	34	1	1	520	73.6	0.0	0.2917	0	6
hadur2.Hadur 3.10	serenity.moonlightBat 1.17	weak		2	0	1	1	2062	33.2	32.8	0.1280	0	6
hadur2.Hadur 3.10	serenity.moonlightBat 1.17	weak		2	1	1	1	613	69.6	3.2	0.1429	0	0
hadur2.Hadur 3.10	serenity.moonlightBat 1.17	weak		2	2	1	1	606	75.8	7.2	0.1786	0	0
hadur2.Hadur 3.10	serenity.moonlightBat 1.17	weak		2	3	1	1	798	68.3	11.0	0.1429	0	0
hadur2.Hadur 3.10	serenity.moonlightBat 1.17	weak		2	4	1	1	647	69.5	3.6	0.1818	0	0
hadur2.Hadur 3.10	serenity.moonlightBat 1.17	weak		2	5	1	1	1521	43.4	10.8	0.1560	0	0
hadur2.Hadur 3.10	serenity.moonlightBat 1.17	weak		2	6	1	1	774	61.0	3.6	0.1250	0	0
hadur2.Hadur 3.10	serenity.moonlightBat 1.17	weak		2	7	1	1	861	57.8	3.6	0.1020	0	0
hadur2.Hadur 3.10	serenity.moonlightBat 1.17	weak		2	8	1	1	858	60.2	3.2	0.1224	0	0
hadur2.Hadur 3.10	serenity.moonlightBat 1.17	weak		2	9	1	1	680	71.5	9.2	0.1667	0	0
hadur2.Hadur 3.10	serenity.moonlightBat 1.17	weak		2	10	1	1	791	60.2	0.0	0.1364	0	0
hadur2.Hadur 3.10	serenity.moonlightBat 1.17	weak		2	11	1	1	611	62.6	0.0	0.1935	0	0
hadur2.Hadur 3.10	serenity.moonlightBat 1.17	weak		2	12	1	1	378	84.7	12.2	0.4286	0	0
hadur2.Hadur 3.10	serenity.moonlightBat 1.17	weak		2	13	1	1	731	67.5	0.0	0.1081	0	0
hadur2.Hadur 3.10	serenity.moonlightBat 1.17	weak		2	14	1	1	926	42.8	0.0	0.1296	0	0
hadur2.Hadur 3.10	serenity.moonlightBat 1.17	weak		2	15	1	1	673	59.3	0.0	0.1667	0	0
hadur2.Hadur 3.10	serenity.moonlightBat 1.17	weak		2	16	1	1	744	61.2	0.0	0.1463	0	0
hadur2.Hadur 3.10	serenity.moonlightBat 1.17	weak		2	17	1	1	845	59.0	0.0	0.1224	0	0
hadur2.Hadur 3.10	serenity.moonlightBat 1.17	weak		2	18	1	1	660	66.9	8.2	0.1765	0	0
hadur2.Hadur 3.10	serenity.moonlightBat 1.17	weak		2	19	1	1	572	73.1	0.0	0.2222	0	0
hadur2.Hadur 3.10	serenity.moonlightBat 1.17	weak		2	20	1	1	715	62.5	3.6	0.1143	0	0
hadur2.Hadur 3.10	serenity.moonlightBat 1.17	weak		2	21	1	1	502	77.8	0.0	0.2273	0	0
hadur2.Hadur 3.10	serenity.moonlightBat 1.17	weak		2	22	1	1	504	79.9	0.0	0.1905	0	0
hadur2.Hadur 3.10	serenity.moonlightBat 1.17	weak		2	23	1	1	675	61.2	0.0	0.1471	0	0
hadur2.Hadur 3.10	serenity.moonlightBat 1.17	weak		2	24	1	1	445	80.8	0.0	0.2778	0	0
hadur2.Hadur 3.10	serenity.moonlightBat 1.17	weak		2	25	1	1	573	77.8	3.2	0.2000	0	0
hadur2.Hadur 3.10	serenity.moonlightBat 1.17	weak		2	26	1	1	605	67.4	0.0	0.1481	0	0
hadur2.Hadur 3.10	serenity.moonlightBat 1.17	weak		2	27	1	1	642	68.6	0.0	0.1290	0	0
hadur2.Hadur 3.10	serenity.moonlightBat 1.17	weak		2	28	1	1	759	56.5	0.0	0.1190	0	0
hadur2.Hadur 3.10	serenity.moonlightBat 1.17	weak		2	29	1	1	812	50.4	0.0	0.1087	0	0
hadur2.Hadur 3.10	serenity.moonlightBat 1.17	weak		2	30	1	1	725	59.5	0.0	0.1538	0	0
hadur2.Hadur 3.10	serenity.moonlightBat 1.17	weak		2	31	1	1	716	62.5	3.2	0.1538	0	0
hadur2.Hadur 3.10	serenity.moonlightBat 1.17	weak		2	32	1	1	508	76.4	4.6	0.2727	0	0
hadur2.Hadur 3.10	serenity.moonlightBat 1.17	weak		2	33	1	1	566	73.7	8.2	0.2000	0	0
hadur2.Hadur 3.10	serenity.moonlightBat 1.17	weak		2	34	1	1	803	57.1	0.0	0.1190	0	6
hadur2.Hadur 3.10	serenity.moonlightBat 1.17	weak		3	0	1	1	1025	54.8	13.2	0.1818	0	3
hadur2.Hadur 3.10	serenity.moonlightBat 1.17	weak		3	1	1	1	974	72.8	10.0	0.1250	0	0
hadur2.Hadur 3.10	serenity.moonlightBat 1.17	weak		3	2	1	1	1910	21.2	3.2	0.1284	0	0
hadur2.Hadur 3.10	serenity.moonlightBat 1.17	weak		3	3	1	1	700	69.1	3.6	0.1429	0	0
hadur2.Hadur 3.10	serenity.moonlightBat 1.17	weak		3	4	1	1	698	68.7	4.6	0.1429	0	0
hadur2.Hadur 3.10	serenity.moonlightBat 1.17	weak		3	5	1	1	694	62.1	3.6	0.1622	0	0
hadur2.Hadur 3.10	serenity.moonlightBat 1.17	weak		3	6	1	1	677	65.8	0.0	0.1667	0	0
hadur2.Hadur 3.10	serenity.moonlightBat 1.17	weak		3	7	1	1	623	68.9	0.0	0.1667	0	0
hadur2.Hadur 3.10	serenity.moonlightBat 1.17	weak		3	8	1	1	776	71.8	3.6	0.1190	0	0
hadur2.Hadur 3.10	serenity.moonlightBat 1.17	weak		3	9	1	1	714	67.5	3.2	0.1579	0	0
hadur2.Hadur 3.10	serenity.moonlightBat 1.17	weak		3	10	1	1	679	63.1	0.0	0.1667	0	0
hadur2.Hadur 3.10	serenity.moonlightBat 1.17	weak		3	11	1	1	855	55.1	3.2	0.1042	0	0
hadur2.Hadur 3.10	serenity.moonlightBat 1.17	weak		3	12	1	1	603	78.9	10.4	0.2333	0	0
hadur2.Hadur 3.10	serenity.moonlightBat 1.17	weak		3	13	1	1	828	56.2	3.2	0.1087	0	0
hadur2.Hadur 3.10	serenity.moonlightBat 1.17	weak		3	14	1	1	437	82.0	23.6	0.3529	0	0
hadur2.Hadur 3.10	serenity.moonlightBat 1.17	weak		3	15	1	1	907	53.3	9.8	0.1154	0	0
hadur2.Hadur 3.10	serenity.moonlightBat 1.17	weak		3	16	1	1	627	69.9	0.0	0.1667	0	0
hadur2.Hadur 3.10	serenity.moonlightBat 1.17	weak		3	17	1	1	779	55.4	0.0	0.1163	0	0
hadur2.Hadur 3.10	serenity.moonlightBat 1.17	weak		3	18	1	1	734	56.7	0.0	0.1282	0	0
hadur2.Hadur 3.10	serenity.moonlightBat 1.17	weak		3	19	1	1	492	77.5	3.6	0.3043	0	0
hadur2.Hadur 3.10	serenity.moonlightBat 1.17	weak		3	20	1	1	607	62.2	0.0	0.1429	0	0
hadur2.Hadur 3.10	serenity.moonlightBat 1.17	weak		3	21	1	1	673	63.8	0.0	0.0968	0	0
hadur2.Hadur 3.10	serenity.moonlightBat 1.17	weak		3	22	1	1	1029	42.0	0.0	0.1111	0	0
hadur2.Hadur 3.10	serenity.moonlightBat 1.17	weak		3	23	1	1	473	72.9	0.0	0.3333	0	0
hadur2.Hadur 3.10	serenity.moonlightBat 1.17	weak		3	24	1	1	476	78.7	0.0	0.2105	0	0
hadur2.Hadur 3.10	serenity.moonlightBat 1.17	weak		3	25	1	1	729	59.9	0.0	0.0857	0	0
hadur2.Hadur 3.10	serenity.moonlightBat 1.17	weak		3	26	1	1	917	53.7	13.4	0.1296	0	0
hadur2.Hadur 3.10	serenity.moonlightBat 1.17	weak		3	27	1	1	538	79.0	0.0	0.2963	0	0
hadur2.Hadur 3.10	serenity.moonlightBat 1.17	weak		3	28	1	1	1126	51.7	3.2	0.1408	0	0
hadur2.Hadur 3.10	serenity.moonlightBat 1.17	weak		3	29	1	1	891	43.1	0.0	0.1321	0	0
hadur2.Hadur 3.10	serenity.moonlightBat 1.17	weak		3	30	1	1	557	72.1	0.0	0.2593	0	0
hadur2.Hadur 3.10	serenity.moonlightBat 1.17	weak		3	31	1	1	682	72.0	0.0	0.1515	0	0
hadur2.Hadur 3.10	serenity.moonlightBat 1.17	weak		3	32	1	1	514	71.0	0.0	0.1905	0	0
hadur2.Hadur 3.10	serenity.moonlightBat 1.17	weak		3	33	1	1	732	55.2	0.0	0.1053	0	0
hadur2.Hadur 3.10	serenity.moonlightBat 1.17	weak		3	34	1	1	812	56.7	6.4	0.1111	0	6
hadur2.Hadur 3.10	serenity.moonlightBat 1.17	weak		4	0	1	1	1285	41.3	16.8	0.1444	0	6
hadur2.Hadur 3.10	serenity.moonlightBat 1.17	weak		4	1	1	1	1004	57.6	6.4	0.1000	0	0
hadur2.Hadur 3.10	serenity.moonlightBat 1.17	weak		4	2	1	1	1339	50.5	26.0	0.1579	0	0
hadur2.Hadur 3.10	serenity.moonlightBat 1.17	weak		4	3	1	1	715	71.2	6.4	0.1351	0	0
hadur2.Hadur 3.10	serenity.moonlightBat 1.17	weak		4	4	1	1	700	70.2	0.0	0.1389	0	0
hadur2.Hadur 3.10	serenity.moonlightBat 1.17	weak		4	5	1	1	1689	33.4	3.2	0.1040	0	0
hadur2.Hadur 3.10	serenity.moonlightBat 1.17	weak		4	6	1	1	797	67.9	18.0	0.1364	0	0
hadur2.Hadur 3.10	serenity.moonlightBat 1.17	weak		4	7	1	1	860	68.4	10.4	0.1400	0	0
hadur2.Hadur 3.10	serenity.moonlightBat 1.17	weak		4	8	1	1	555	74.0	0.0	0.2222	0	0
hadur2.Hadur 3.10	serenity.moonlightBat 1.17	weak		4	9	1	1	625	77.5	6.4	0.1935	0	0
hadur2.Hadur 3.10	serenity.moonlightBat 1.17	weak		4	10	1	1	740	72.6	6.8	0.1143	0	0
hadur2.Hadur 3.10	serenity.moonlightBat 1.17	weak		4	11	1	1	790	60.5	0.0	0.1364	0	0
hadur2.Hadur 3.10	serenity.moonlightBat 1.17	weak		4	12	1	1	800	63.0	4.6	0.1333	0	0
hadur2.Hadur 3.10	serenity.moonlightBat 1.17	weak		4	13	1	1	791	67.5	6.4	0.1364	0	0
hadur2.Hadur 3.10	serenity.moonlightBat 1.17	weak		4	14	1	1	803	62.5	12.4	0.1333	0	0
hadur2.Hadur 3.10	serenity.moonlightBat 1.17	weak		4	15	1	1	877	52.5	3.6	0.1000	0	0
hadur2.Hadur 3.10	serenity.moonlightBat 1.17	weak		4	16	1	1	728	62.4	4.6	0.1538	0	0
hadur2.Hadur 3.10	serenity.moonlightBat 1.17	weak		4	17	1	1	709	63.0	0.0	0.1579	0	0
hadur2.Hadur 3.10	serenity.moonlightBat 1.17	weak		4	18	1	1	672	67.7	3.6	0.1714	0	0
hadur2.Hadur 3.10	serenity.moonlightBat 1.17	weak		4	19	1	1	464	81.3	0.0	0.3000	0	0
hadur2.Hadur 3.10	serenity.moonlightBat 1.17	weak		4	20	1	1	865	55.2	0.0	0.1087	0	0
hadur2.Hadur 3.10	serenity.moonlightBat 1.17	weak		4	21	1	1	353	83.8	0.0	0.5000	0	0
hadur2.Hadur 3.10	serenity.moonlightBat 1.17	weak		4	22	1	1	744	65.9	3.6	0.1111	0	0
hadur2.Hadur 3.10	serenity.moonlightBat 1.17	weak		4	23	1	1	634	57.9	0.0	0.1379	0	0
hadur2.Hadur 3.10	serenity.moonlightBat 1.17	weak		4	24	1	1	631	74.8	0.0	0.1875	0	0
hadur2.Hadur 3.10	serenity.moonlightBat 1.17	weak		4	25	1	1	601	68.8	0.0	0.2069	0	0
hadur2.Hadur 3.10	serenity.moonlightBat 1.17	weak		4	26	1	1	527	69.6	0.0	0.1818	0	0
hadur2.Hadur 3.10	serenity.moonlightBat 1.17	weak		4	27	1	1	537	70.4	4.6	0.1739	0	0
hadur2.Hadur 3.10	serenity.moonlightBat 1.17	weak		4	28	1	1	919	59.8	0.0	0.1154	0	0
hadur2.Hadur 3.10	serenity.moonlightBat 1.17	weak		4	29	1	1	530	73.4	0.0	0.2800	0	0
hadur2.Hadur 3.10	serenity.moonlightBat 1.17	weak		4	30	1	1	650	71.9	0.0	0.1515	0	0
hadur2.Hadur 3.10	serenity.moonlightBat 1.17	weak		4	31	1	1	782	64.7	0.0	0.1190	0	0
hadur2.Hadur 3.10	serenity.moonlightBat 1.17	weak		4	32	1	1	508	81.6	3.2	0.3043	0	0
hadur2.Hadur 3.10	serenity.moonlightBat 1.17	weak		4	33	1	1	646	62.8	0.0	0.1563	0	0
hadur2.Hadur 3.10	serenity.moonlightBat 1.17	weak		4	34	1	1	688	68.5	3.2	0.1176	0	6
hadur2.Hadur 3.10	suh.micro.WallPM 1.00	weak		1	0	1	1	702	54.3	13.0	0.1316	0	6
hadur2.Hadur 3.10	suh.micro.WallPM 1.00	weak		1	1	1	1	531	67.7	17.3	0.2400	0	0
hadur2.Hadur 3.10	suh.micro.WallPM 1.00	weak		1	2	1	1	1576	29.4	42.0	0.1949	0	0
hadur2.Hadur 3.10	suh.micro.WallPM 1.00	weak		1	3	1	1	591	55.5	4.8	0.1154	0	0
hadur2.Hadur 3.10	suh.micro.WallPM 1.00	weak		1	4	1	1	401	78.4	16.0	0.2857	0	0
hadur2.Hadur 3.10	suh.micro.WallPM 1.00	weak		1	5	1	1	419	74.2	7.9	0.2667	0	0
hadur2.Hadur 3.10	suh.micro.WallPM 1.00	weak		1	6	1	1	775	67.5	27.3	0.1163	0	0
hadur2.Hadur 3.10	suh.micro.WallPM 1.00	weak		1	7	1	1	468	76.8	13.7	0.2222	0	0
hadur2.Hadur 3.10	suh.micro.WallPM 1.00	weak		1	8	1	1	409	77.0	1.5	0.2667	0	0
hadur2.Hadur 3.10	suh.micro.WallPM 1.00	weak		1	9	1	1	783	53.9	3.9	0.0930	0	0
hadur2.Hadur 3.10	suh.micro.WallPM 1.00	weak		1	10	1	1	721	47.1	37.5	0.2558	0	0
hadur2.Hadur 3.10	suh.micro.WallPM 1.00	weak		1	11	1	1	428	73.5	8.1	0.2941	0	0
hadur2.Hadur 3.10	suh.micro.WallPM 1.00	weak		1	12	1	1	358	83.9	14.6	0.4167	0	0
hadur2.Hadur 3.10	suh.micro.WallPM 1.00	weak		1	13	1	1	606	69.2	5.8	0.1379	0	0
hadur2.Hadur 3.10	suh.micro.WallPM 1.00	weak		1	14	1	1	510	68.8	17.1	0.1905	0	0
hadur2.Hadur 3.10	suh.micro.WallPM 1.00	weak		1	15	0	0	680	3.2	58.9	0.2000	0	0
hadur2.Hadur 3.10	suh.micro.WallPM 1.00	weak		1	16	0	0	831	22.9	48.6	0.1800	0	0
hadur2.Hadur 3.10	suh.micro.WallPM 1.00	weak		1	17	1	1	591	67.1	16.0	0.1538	0	0
hadur2.Hadur 3.10	suh.micro.WallPM 1.00	weak		1	18	1	1	742	60.8	34.1	0.2000	0	0
hadur2.Hadur 3.10	suh.micro.WallPM 1.00	weak		1	19	1	1	628	68.5	19.2	0.1333	0	0
hadur2.Hadur 3.10	suh.micro.WallPM 1.00	weak		1	20	1	1	1394	47.1	56.5	0.2157	0	0
hadur2.Hadur 3.10	suh.micro.WallPM 1.00	weak		1	21	0	0	878	49.6	51.1	0.1400	0	0
hadur2.Hadur 3.10	suh.micro.WallPM 1.00	weak		1	22	0	0	609	32.0	54.1	0.0667	0	0
hadur2.Hadur 3.10	suh.micro.WallPM 1.00	weak		1	23	1	1	656	86.0	76.8	0.3056	0	0
hadur2.Hadur 3.10	suh.micro.WallPM 1.00	weak		1	24	1	1	1189	39.8	30.6	0.1875	0	1
hadur2.Hadur 3.10	suh.micro.WallPM 1.00	weak		1	25	1	1	1625	33.3	30.4	0.2358	0	0
hadur2.Hadur 3.10	suh.micro.WallPM 1.00	weak		1	26	1	1	787	52.8	4.6	0.0732	0	0
hadur2.Hadur 3.10	suh.micro.WallPM 1.00	weak		1	27	1	1	552	69.0	7.3	0.2000	0	0
hadur2.Hadur 3.10	suh.micro.WallPM 1.00	weak		1	28	1	1	1133	66.9	30.6	0.1467	0	0
hadur2.Hadur 3.10	suh.micro.WallPM 1.00	weak		1	29	1	1	1430	80.3	99.9	0.3364	0	1
hadur2.Hadur 3.10	suh.micro.WallPM 1.00	weak		1	30	0	0	637	49.2	78.9	0.1714	0	1
hadur2.Hadur 3.10	suh.micro.WallPM 1.00	weak		1	31	1	1	648	68.1	23.8	0.1333	0	0
hadur2.Hadur 3.10	suh.micro.WallPM 1.00	weak		1	32	1	1	390	72.8	0.0	0.2667	0	0
hadur2.Hadur 3.10	suh.micro.WallPM 1.00	weak		1	33	1	1	460	73.5	2.4	0.2222	0	0
hadur2.Hadur 3.10	suh.micro.WallPM 1.00	weak		1	34	1	1	551	65.7	5.6	0.1667	0	7
hadur2.Hadur 3.10	suh.micro.WallPM 1.00	weak		2	0	1	1	869	58.8	6.1	0.1296	0	7
hadur2.Hadur 3.10	suh.micro.WallPM 1.00	weak		2	1	1	1	623	78.1	13.7	0.2500	0	0
hadur2.Hadur 3.10	suh.micro.WallPM 1.00	weak		2	2	1	1	952	46.0	13.1	0.1053	0	0
hadur2.Hadur 3.10	suh.micro.WallPM 1.00	weak		2	3	1	1	775	53.4	19.2	0.1364	0	0
hadur2.Hadur 3.10	suh.micro.WallPM 1.00	weak		2	4	1	1	819	63.6	24.2	0.1667	0	0
hadur2.Hadur 3.10	suh.micro.WallPM 1.00	weak		2	5	1	1	475	72.1	2.7	0.2632	0	0
hadur2.Hadur 3.10	suh.micro.WallPM 1.00	weak		2	6	1	1	458	80.3	6.2	0.2778	0	0
hadur2.Hadur 3.10	suh.micro.WallPM 1.00	weak		2	7	1	1	1176	54.4	24.9	0.2368	0	0
hadur2.Hadur 3.10	suh.micro.WallPM 1.00	weak		2	8	1	1	394	71.4	8.5	0.2857	0	0
hadur2.Hadur 3.10	suh.micro.WallPM 1.00	weak		2	9	1	1	457	78.0	16.0	0.2222	0	0
hadur2.Hadur 3.10	suh.micro.WallPM 1.00	weak		2	10	1	1	585	53.7	0.0	0.1154	0	0
hadur2.Hadur 3.10	suh.micro.WallPM 1.00	weak		2	11	1	1	495	72.3	37.3	0.1905	0	1
hadur2.Hadur 3.10	suh.micro.WallPM 1.00	weak		2	12	1	1	856	58.7	26.9	0.1837	0	0
hadur2.Hadur 3.10	suh.micro.WallPM 1.00	weak		2	13	1	1	537	95.3	54.8	0.2609	0	0
hadur2.Hadur 3.10	suh.micro.WallPM 1.00	weak		2	14	1	1	583	67.6	27.9	0.2222	0	0
hadur2.Hadur 3.10	suh.micro.WallPM 1.00	weak		2	15	0	0	1209	52.3	38.7	0.1774	0	0
hadur2.Hadur 3.10	suh.micro.WallPM 1.00	weak		2	16	1	1	503	56.3	2.1	0.1429	0	0
hadur2.Hadur 3.10	suh.micro.WallPM 1.00	weak		2	17	1	1	696	58.6	36.1	0.2162	0	0
hadur2.Hadur 3.10	suh.micro.WallPM 1.00	weak		2	18	1	1	474	65.7	16.4	0.2105	0	0
hadur2.Hadur 3.10	suh.micro.WallPM 1.00	weak		2	19	0	0	829	20.2	51.6	0.2292	0	0
hadur2.Hadur 3.10	suh.micro.WallPM 1.00	weak		2	20	1	1	909	32.4	26.8	0.1404	0	0
hadur2.Hadur 3.10	suh.micro.WallPM 1.00	weak		2	21	1	1	416	75.7	4.6	0.2667	0	0
hadur2.Hadur 3.10	suh.micro.WallPM 1.00	weak		2	22	1	1	533	63.7	2.0	0.2500	0	0
hadur2.Hadur 3.10	suh.micro.WallPM 1.00	weak		2	23	1	1	600	72.9	32.3	0.1481	0	0
hadur2.Hadur 3.10	suh.micro.WallPM 1.00	weak		2	24	1	1	445	79.0	16.0	0.2353	0	0
hadur2.Hadur 3.10	suh.micro.WallPM 1.00	weak		2	25	1	1	475	78.5	11.5	0.2632	0	0
hadur2.Hadur 3.10	suh.micro.WallPM 1.00	weak		2	26	1	1	864	57.3	35.6	0.1000	0	0
hadur2.Hadur 3.10	suh.micro.WallPM 1.00	weak		2	27	1	1	476	91.2	65.8	0.3810	0	0
hadur2.Hadur 3.10	suh.micro.WallPM 1.00	weak		2	28	1	1	425	67.9	0.0	0.2941	0	0
hadur2.Hadur 3.10	suh.micro.WallPM 1.00	weak		2	29	0	0	810	17.2	25.1	0.0870	0	0
hadur2.Hadur 3.10	suh.micro.WallPM 1.00	weak		2	30	1	1	607	55.2	7.2	0.1429	0	0
hadur2.Hadur 3.10	suh.micro.WallPM 1.00	weak		2	31	1	1	663	70.6	19.8	0.1714	0	0
hadur2.Hadur 3.10	suh.micro.WallPM 1.00	weak		2	32	1	1	920	58.3	31.7	0.1607	0	1
hadur2.Hadur 3.10	suh.micro.WallPM 1.00	weak		2	33	1	1	709	66.8	11.0	0.1842	0	1
hadur2.Hadur 3.10	suh.micro.WallPM 1.00	weak		2	34	1	1	548	62.3	25.8	0.1923	0	7
hadur2.Hadur 3.10	suh.micro.WallPM 1.00	weak		3	0	1	1	464	76.6	23.9	0.3333	0	3
hadur2.Hadur 3.10	suh.micro.WallPM 1.00	weak		3	1	0	0	1296	11.2	56.8	0.1354	0	1
hadur2.Hadur 3.10	suh.micro.WallPM 1.00	weak		3	2	1	1	555	63.5	6.7	0.1923	0	0
hadur2.Hadur 3.10	suh.micro.WallPM 1.00	weak		3	3	1	1	484	69.1	10.8	0.3182	0	0
hadur2.Hadur 3.10	suh.micro.WallPM 1.00	weak		3	4	1	1	709	54.9	13.8	0.0882	0	0
hadur2.Hadur 3.10	suh.micro.WallPM 1.00	weak		3	5	1	1	375	76.6	0.0	0.3333	0	0
hadur2.Hadur 3.10	suh.micro.WallPM 1.00	weak		3	6	0	0	1326	8.4	36.4	0.1474	0	0
hadur2.Hadur 3.10	suh.micro.WallPM 1.00	weak		3	7	1	1	758	52.3	18.1	0.1220	0	0
hadur2.Hadur 3.10	suh.micro.WallPM 1.00	weak		3	8	1	1	678	53.5	18.0	0.1389	0	0
hadur2.Hadur 3.10	suh.micro.WallPM 1.00	weak		3	9	1	1	834	70.6	30.7	0.1633	0	0
hadur2.Hadur 3.10	suh.micro.WallPM 1.00	weak		3	10	1	1	518	72.0	5.9	0.2500	0	0
hadur2.Hadur 3.10	suh.micro.WallPM 1.00	weak		3	11	1	1	403	80.1	16.0	0.3333	0	0
hadur2.Hadur 3.10	suh.micro.WallPM 1.00	weak		3	12	1	1	561	70.9	19.0	0.1600	0	0
hadur2.Hadur 3.10	suh.micro.WallPM 1.00	weak		3	13	0	0	819	49.6	36.0	0.1628	0	0
hadur2.Hadur 3.10	suh.micro.WallPM 1.00	weak		3	14	1	1	1030	57.7	33.4	0.1791	0	0
hadur2.Hadur 3.10	suh.micro.WallPM 1.00	weak		3	15	1	1	1424	47.4	39.2	0.1569	0	0
hadur2.Hadur 3.10	suh.micro.WallPM 1.00	weak		3	16	1	1	1056	45.9	22.3	0.2059	0	0
hadur2.Hadur 3.10	suh.micro.WallPM 1.00	weak		3	17	1	1	530	59.4	0.0	0.1364	0	0
hadur2.Hadur 3.10	suh.micro.WallPM 1.00	weak		3	18	0	0	644	36.3	62.2	0.1471	0	0
hadur2.Hadur 3.10	suh.micro.WallPM 1.00	weak		3	19	1	1	1714	29.1	41.5	0.2462	0	1
hadur2.Hadur 3.10	suh.micro.WallPM 1.00	weak		3	20	1	1	626	70.9	27.5	0.1379	0	0
hadur2.Hadur 3.10	suh.micro.WallPM 1.00	weak		3	21	1	1	651	68.6	16.6	0.1212	0	0
hadur2.Hadur 3.10	suh.micro.WallPM 1.00	weak		3	22	1	1	671	59.4	13.0	0.1667	0	0
hadur2.Hadur 3.10	suh.micro.WallPM 1.00	weak		3	23	1	1	922	49.7	49.3	0.1833	0	0
hadur2.Hadur 3.10	suh.micro.WallPM 1.00	weak		3	24	1	1	775	47.5	24.2	0.1190	0	0
hadur2.Hadur 3.10	suh.micro.WallPM 1.00	weak		3	25	1	1	1005	44.6	56.3	0.2353	0	0
hadur2.Hadur 3.10	suh.micro.WallPM 1.00	weak		3	26	1	1	678	65.9	47.6	0.1714	0	0
hadur2.Hadur 3.10	suh.micro.WallPM 1.00	weak		3	27	1	1	481	76.2	24.3	0.2105	0	1
hadur2.Hadur 3.10	suh.micro.WallPM 1.00	weak		3	28	1	1	623	67.1	22.1	0.1724	0	0
hadur2.Hadur 3.10	suh.micro.WallPM 1.00	weak		3	29	1	1	680	50.0	31.5	0.2778	0	0
hadur2.Hadur 3.10	suh.micro.WallPM 1.00	weak		3	30	1	1	453	63.7	1.8	0.1765	0	0
hadur2.Hadur 3.10	suh.micro.WallPM 1.00	weak		3	31	1	1	333	77.6	0.0	0.4000	0	0
hadur2.Hadur 3.10	suh.micro.WallPM 1.00	weak		3	32	1	1	832	57.4	12.6	0.0930	0	0
hadur2.Hadur 3.10	suh.micro.WallPM 1.00	weak		3	33	1	1	520	69.2	11.3	0.2273	0	0
hadur2.Hadur 3.10	suh.micro.WallPM 1.00	weak		3	34	1	1	424	71.9	2.5	0.3125	0	7
hadur2.Hadur 3.10	suh.micro.WallPM 1.00	weak		4	0	1	1	1402	36.6	34.2	0.1262	0	8
hadur2.Hadur 3.10	suh.micro.WallPM 1.00	weak		4	1	1	1	396	94.3	34.1	0.5333	0	0
hadur2.Hadur 3.10	suh.micro.WallPM 1.00	weak		4	2	1	1	551	68.1	22.7	0.1667	0	0
hadur2.Hadur 3.10	suh.micro.WallPM 1.00	weak		4	3	1	1	723	54.6	4.4	0.0833	0	0
hadur2.Hadur 3.10	suh.micro.WallPM 1.00	weak		4	4	1	1	533	70.5	20.6	0.2174	0	0
hadur2.Hadur 3.10	suh.micro.WallPM 1.00	weak		4	5	1	1	789	53.7	15.3	0.1136	0	0
hadur2.Hadur 3.10	suh.micro.WallPM 1.00	weak		4	6	1	1	1743	22.8	56.4	0.2263	0	0
hadur2.Hadur 3.10	suh.micro.WallPM 1.00	weak		4	7	1	1	478	58.2	2.6	0.1579	0	0
hadur2.Hadur 3.10	suh.micro.WallPM 1.00	weak		4	8	1	1	500	73.4	12.8	0.1905	0	0
hadur2.Hadur 3.10	suh.micro.WallPM 1.00	weak		4	9	1	1	448	86.0	36.6	0.2778	0	0
hadur2.Hadur 3.10	suh.micro.WallPM 1.00	weak		4	10	1	1	530	62.2	14.6	0.1739	0	0
hadur2.Hadur 3.10	suh.micro.WallPM 1.00	weak		4	11	1	1	457	76.2	15.9	0.2222	0	0
hadur2.Hadur 3.10	suh.micro.WallPM 1.00	weak		4	12	1	1	489	71.8	21.8	0.2000	0	0
hadur2.Hadur 3.10	suh.micro.WallPM 1.00	weak		4	13	1	1	360	74.8	1.7	0.3333	0	0
hadur2.Hadur 3.10	suh.micro.WallPM 1.00	weak		4	14	1	1	434	85.1	35.6	0.3125	0	0
hadur2.Hadur 3.10	suh.micro.WallPM 1.00	weak		4	15	1	1	510	75.6	10.7	0.1905	0	0
hadur2.Hadur 3.10	suh.micro.WallPM 1.00	weak		4	16	1	1	665	74.0	23.7	0.1765	0	0
hadur2.Hadur 3.10	suh.micro.WallPM 1.00	weak		4	17	1	1	441	77.3	0.0	0.2353	0	0
hadur2.Hadur 3.10	suh.micro.WallPM 1.00	weak		4	18	1	1	357	78.7	4.1	0.3636	0	0
hadur2.Hadur 3.10	suh.micro.WallPM 1.00	weak		4	19	1	1	409	75.6	7.9	0.2667	0	0
hadur2.Hadur 3.10	suh.micro.WallPM 1.00	weak		4	20	1	1	461	84.9	34.5	0.2778	0	0
hadur2.Hadur 3.10	suh.micro.WallPM 1.00	weak		4	21	0	0	1207	38.4	47.5	0.2048	0	0
hadur2.Hadur 3.10	suh.micro.WallPM 1.00	weak		4	22	1	1	280	93.4	48.0	0.7143	0	0
hadur2.Hadur 3.10	suh.micro.WallPM 1.00	weak		4	23	1	1	519	62.5	23.9	0.1364	0	0
hadur2.Hadur 3.10	suh.micro.WallPM 1.00	weak		4	24	1	1	552	66.0	17.9	0.1667	0	0
hadur2.Hadur 3.10	suh.micro.WallPM 1.00	weak		4	25	1	1	316	81.6	0.0	0.5556	0	0
hadur2.Hadur 3.10	suh.micro.WallPM 1.00	weak		4	26	1	1	448	70.1	1.5	0.2778	0	0
hadur2.Hadur 3.10	suh.micro.WallPM 1.00	weak		4	27	1	1	755	65.9	40.2	0.1250	0	1
hadur2.Hadur 3.10	suh.micro.WallPM 1.00	weak		4	28	0	0	642	18.8	64.5	0.1944	0	1
hadur2.Hadur 3.10	suh.micro.WallPM 1.00	weak		4	29	1	1	505	76.6	4.8	0.2273	0	0
hadur2.Hadur 3.10	suh.micro.WallPM 1.00	weak		4	30	1	1	520	71.6	6.6	0.1818	0	0
hadur2.Hadur 3.10	suh.micro.WallPM 1.00	weak		4	31	1	1	614	60.3	21.5	0.1379	0	0
hadur2.Hadur 3.10	suh.micro.WallPM 1.00	weak		4	32	1	1	570	64.3	2.4	0.1538	0	1
hadur2.Hadur 3.10	suh.micro.WallPM 1.00	weak		4	33	1	1	520	79.1	22.2	0.2174	0	1
hadur2.Hadur 3.10	suh.micro.WallPM 1.00	weak		4	34	1	1	894	46.9	31.3	0.2000	0	5
hadur2.Hadur 3.10	suh.nano.CrossC 1.00	weak		1	0	1	1	565	71.0	21.8	0.2759	0	8
hadur2.Hadur 3.10	suh.nano.CrossC 1.00	weak		1	1	1	1	429	80.5	4.8	0.4444	0	0
hadur2.Hadur 3.10	suh.nano.CrossC 1.00	weak		1	2	1	1	458	68.7	0.0	0.3333	0	0
hadur2.Hadur 3.10	suh.nano.CrossC 1.00	weak		1	3	1	1	350	82.0	0.0	0.4167	0	0
hadur2.Hadur 3.10	suh.nano.CrossC 1.00	weak		1	4	1	1	367	76.4	0.0	0.3333	0	0
hadur2.Hadur 3.10	suh.nano.CrossC 1.00	weak		1	5	1	1	363	80.0	10.5	0.4167	0	0
hadur2.Hadur 3.10	suh.nano.CrossC 1.00	weak		1	6	1	1	369	73.7	0.0	0.3333	0	0
hadur2.Hadur 3.10	suh.nano.CrossC 1.00	weak		1	7	1	1	379	75.1	0.0	0.3077	0	0
hadur2.Hadur 3.10	suh.nano.CrossC 1.00	weak		1	8	1	1	381	78.3	0.0	0.3077	0	0
hadur2.Hadur 3.10	suh.nano.CrossC 1.00	weak		1	9	1	1	367	82.0	5.3	0.3846	0	0
hadur2.Hadur 3.10	suh.nano.CrossC 1.00	weak		1	10	1	1	362	75.2	6.6	0.3333	0	0
hadur2.Hadur 3.10	suh.nano.CrossC 1.00	weak		1	11	1	1	364	80.0	0.0	0.3846	0	0
hadur2.Hadur 3.10	suh.nano.CrossC 1.00	weak		1	12	1	1	352	71.9	0.0	0.3636	0	0
hadur2.Hadur 3.10	suh.nano.CrossC 1.00	weak		1	13	1	1	377	79.7	0.0	0.3077	0	0
hadur2.Hadur 3.10	suh.nano.CrossC 1.00	weak		1	14	1	1	453	64.6	0.0	0.2222	0	0
hadur2.Hadur 3.10	suh.nano.CrossC 1.00	weak		1	15	1	1	410	68.3	0.0	0.2667	0	0
hadur2.Hadur 3.10	suh.nano.CrossC 1.00	weak		1	16	1	1	410	71.8	0.0	0.2667	0	0
hadur2.Hadur 3.10	suh.nano.CrossC 1.00	weak		1	17	1	1	331	79.4	0.0	0.4000	0	0
hadur2.Hadur 3.10	suh.nano.CrossC 1.00	weak		1	18	1	1	346	85.6	8.3	0.4545	0	0
hadur2.Hadur 3.10	suh.nano.CrossC 1.00	weak		1	19	1	1	448	80.0	20.9	0.2941	0	0
hadur2.Hadur 3.10	suh.nano.CrossC 1.00	weak		1	20	1	1	413	77.3	0.0	0.2667	0	0
hadur2.Hadur 3.10	suh.nano.CrossC 1.00	weak		1	21	1	1	356	80.0	5.0	0.4167	0	0
hadur2.Hadur 3.10	suh.nano.CrossC 1.00	weak		1	22	1	1	409	73.1	0.0	0.2667	0	0
hadur2.Hadur 3.10	suh.nano.CrossC 1.00	weak		1	23	1	1	375	81.1	7.4	0.3846	0	0
hadur2.Hadur 3.10	suh.nano.CrossC 1.00	weak		1	24	1	1	339	74.4	0.0	0.4000	0	0
hadur2.Hadur 3.10	suh.nano.CrossC 1.00	weak		1	25	1	1	412	68.5	0.0	0.2667	0	0
hadur2.Hadur 3.10	suh.nano.CrossC 1.00	weak		1	26	1	1	314	79.5	6.5	0.4444	0	0
hadur2.Hadur 3.10	suh.nano.CrossC 1.00	weak		1	27	1	1	365	77.0	8.9	0.3333	0	0
hadur2.Hadur 3.10	suh.nano.CrossC 1.00	weak		1	28	1	1	409	70.1	0.0	0.2667	0	0
hadur2.Hadur 3.10	suh.nano.CrossC 1.00	weak		1	29	1	1	312	79.5	5.6	0.4444	0	0
hadur2.Hadur 3.10	suh.nano.CrossC 1.00	weak		1	30	1	1	434	64.8	0.0	0.2353	0	0
hadur2.Hadur 3.10	suh.nano.CrossC 1.00	weak		1	31	1	1	363	77.1	0.0	0.3333	0	0
hadur2.Hadur 3.10	suh.nano.CrossC 1.00	weak		1	32	1	1	398	69.8	0.0	0.2857	0	0
hadur2.Hadur 3.10	suh.nano.CrossC 1.00	weak		1	33	1	1	415	75.5	0.0	0.2667	0	0
hadur2.Hadur 3.10	suh.nano.CrossC 1.00	weak		1	34	1	1	411	71.1	0.0	0.2667	0	7
hadur2.Hadur 3.10	suh.nano.CrossC 1.00	weak		2	0	1	1	651	57.7	51.5	0.3714	298	6
hadur2.Hadur 3.10	suh.nano.CrossC 1.00	weak		2	1	1	1	510	75.3	11.4	0.2917	0	0
hadur2.Hadur 3.10	suh.nano.CrossC 1.00	weak		2	2	1	1	412	77.4	3.9	0.4118	0	0
hadur2.Hadur 3.10	suh.nano.CrossC 1.00	weak		2	3	1	1	418	67.1	0.0	0.3529	0	0
hadur2.Hadur 3.10	suh.nano.CrossC 1.00	weak		2	4	1	1	330	82.3	0.0	0.5000	0	0
hadur2.Hadur 3.10	suh.nano.CrossC 1.00	weak		2	5	1	1	362	80.0	0.0	0.4167	0	0
hadur2.Hadur 3.10	suh.nano.CrossC 1.00	weak		2	6	1	1	354	80.5	0.0	0.4167	0	0
hadur2.Hadur 3.10	suh.nano.CrossC 1.00	weak		2	7	1	1	409	65.8	0.0	0.2667	0	0
hadur2.Hadur 3.10	suh.nano.CrossC 1.00	weak		2	8	1	1	318	82.3	0.0	0.5556	0	0
hadur2.Hadur 3.10	suh.nano.CrossC 1.00	weak		2	9	1	1	326	81.8	0.0	0.5000	0	0
hadur2.Hadur 3.10	suh.nano.CrossC 1.00	weak		2	10	1	1	418	64.0	0.0	0.2500	0	0
hadur2.Hadur 3.10	suh.nano.CrossC 1.00	weak		2	11	1	1	430	80.0	19.6	0.2941	0	0
hadur2.Hadur 3.10	suh.nano.CrossC 1.00	weak		2	12	1	1	388	84.3	15.7	0.3571	0	0
hadur2.Hadur 3.10	suh.nano.CrossC 1.00	weak		2	13	1	1	376	72.5	0.0	0.3077	0	0
hadur2.Hadur 3.10	suh.nano.CrossC 1.00	weak		2	14	1	1	380	78.9	0.0	0.3077	0	0
hadur2.Hadur 3.10	suh.nano.CrossC 1.00	weak		2	15	1	1	368	83.9	4.3	0.3846	0	0
hadur2.Hadur 3.10	suh.nano.CrossC 1.00	weak		2	16	1	1	441	80.0	6.2	0.2778	0	0
hadur2.Hadur 3.10	suh.nano.CrossC 1.00	weak		2	17	1	1	359	79.7	0.0	0.3333	0	0
hadur2.Hadur 3.10	suh.nano.CrossC 1.00	weak		2	18	1	1	368	78.1	7.8	0.3333	0	0
hadur2.Hadur 3.10	suh.nano.CrossC 1.00	weak		2	19	1	1	438	81.3	18.5	0.2941	0	0
hadur2.Hadur 3.10	suh.nano.CrossC 1.00	weak		2	20	1	1	432	80.0	3.4	0.2941	0	0
hadur2.Hadur 3.10	suh.nano.CrossC 1.00	weak		2	21	1	1	377	75.7	0.0	0.3077	0	0
hadur2.Hadur 3.10	suh.nano.CrossC 1.00	weak		2	22	1	1	418	72.1	0.0	0.2667	0	0
hadur2.Hadur 3.10	suh.nano.CrossC 1.00	weak		2	23	1	1	327	78.8	0.0	0.4000	0	0
hadur2.Hadur 3.10	suh.nano.CrossC 1.00	weak		2	24	1	1	373	74.0	0.0	0.3077	0	0
hadur2.Hadur 3.10	suh.nano.CrossC 1.00	weak		2	25	1	1	333	80.9	0.0	0.5000	0	0
hadur2.Hadur 3.10	suh.nano.CrossC 1.00	weak		2	26	1	1	366	80.7	0.0	0.3846	0	0
hadur2.Hadur 3.10	suh.nano.CrossC 1.00	weak		2	27	1	1	354	80.0	0.0	0.4167	0	0
hadur2.Hadur 3.10	suh.nano.CrossC 1.00	weak		2	28	1	1	469	80.0	14.1	0.2500	0	0
hadur2.Hadur 3.10	suh.nano.CrossC 1.00	weak		2	29	1	1	369	83.0	5.7	0.3846	0	0
hadur2.Hadur 3.10	suh.nano.CrossC 1.00	weak		2	30	1	1	327	82.4	0.0	0.5000	0	0
hadur2.Hadur 3.10	suh.nano.CrossC 1.00	weak		2	31	1	1	438	66.5	0.0	0.2353	0	0
hadur2.Hadur 3.10	suh.nano.CrossC 1.00	weak		2	32	1	1	380	74.7	0.0	0.3077	0	0
hadur2.Hadur 3.10	suh.nano.CrossC 1.00	weak		2	33	1	1	350	76.8	0.0	0.3636	0	0
hadur2.Hadur 3.10	suh.nano.CrossC 1.00	weak		2	34	1	1	308	78.3	0.0	0.5000	0	5
hadur2.Hadur 3.10	suh.nano.CrossC 1.00	weak		3	0	1	1	697	69.3	35.6	0.2105	0	6
hadur2.Hadur 3.10	suh.nano.CrossC 1.00	weak		3	1	1	1	486	70.0	4.2	0.3182	0	0
hadur2.Hadur 3.10	suh.nano.CrossC 1.00	weak		3	2	1	1	471	77.5	11.6	0.3000	0	0
hadur2.Hadur 3.10	suh.nano.CrossC 1.00	weak		3	3	1	1	385	80.1	0.0	0.3571	0	0
hadur2.Hadur 3.10	suh.nano.CrossC 1.00	weak		3	4	1	1	312	84.3	0.0	0.5556	0	0
hadur2.Hadur 3.10	suh.nano.CrossC 1.00	weak		3	5	1	1	386	85.5	13.4	0.4286	0	0
hadur2.Hadur 3.10	suh.nano.CrossC 1.00	weak		3	6	1	1	359	84.2	6.3	0.4167	0	0
hadur2.Hadur 3.10	suh.nano.CrossC 1.00	weak		3	7	1	1	346	74.4	0.0	0.3636	0	0
hadur2.Hadur 3.10	suh.nano.CrossC 1.00	weak		3	8	1	1	344	77.4	0.0	0.3636	0	0
hadur2.Hadur 3.10	suh.nano.CrossC 1.00	weak		3	9	1	1	357	79.5	0.0	0.3636	0	0
hadur2.Hadur 3.10	suh.nano.CrossC 1.00	weak		3	10	1	1	322	80.7	0.0	0.5556	0	0
hadur2.Hadur 3.10	suh.nano.CrossC 1.00	weak		3	11	1	1	359	79.6	0.0	0.3333	0	0
hadur2.Hadur 3.10	suh.nano.CrossC 1.00	weak		3	12	1	1	317	80.0	5.7	0.5556	0	0
hadur2.Hadur 3.10	suh.nano.CrossC 1.00	weak		3	13	1	1	384	65.1	0.0	0.3077	0	0
hadur2.Hadur 3.10	suh.nano.CrossC 1.00	weak		3	14	1	1	404	75.6	0.0	0.2857	0	0
hadur2.Hadur 3.10	suh.nano.CrossC 1.00	weak		3	15	1	1	425	80.0	0.0	0.2353	0	1
hadur2.Hadur 3.10	suh.nano.CrossC 1.00	weak		3	16	1	1	355	80.4	0.0	0.4167	0	0
hadur2.Hadur 3.10	suh.nano.CrossC 1.00	weak		3	17	1	1	369	75.4	0.0	0.3333	0	0
hadur2.Hadur 3.10	suh.nano.CrossC 1.00	weak		3	18	1	1	330	83.4	0.0	0.5000	0	0
hadur2.Hadur 3.10	suh.nano.CrossC 1.00	weak		3	19	1	1	418	71.3	0.0	0.2667	0	0
hadur2.Hadur 3.10	suh.nano.CrossC 1.00	weak		3	20	1	1	409	70.7	0.0	0.2667	0	0
hadur2.Hadur 3.10	suh.nano.CrossC 1.00	weak		3	21	1	1	378	76.7	0.0	0.3077	0	0
hadur2.Hadur 3.10	suh.nano.CrossC 1.00	weak		3	22	1	1	410	72.5	0.0	0.2667	0	0
hadur2.Hadur 3.10	suh.nano.CrossC 1.00	weak		3	23	1	1	450	64.0	0.0	0.2222	0	0
hadur2.Hadur 3.10	suh.nano.CrossC 1.00	weak		3	24	1	1	398	80.0	8.7	0.3125	0	0
hadur2.Hadur 3.10	suh.nano.CrossC 1.00	weak		3	25	1	1	362	74.7	0.0	0.3333	0	0
hadur2.Hadur 3.10	suh.nano.CrossC 1.00	weak		3	26	1	1	396	70.8	0.0	0.2857	0	0
hadur2.Hadur 3.10	suh.nano.CrossC 1.00	weak		3	27	1	1	372	77.0	0.0	0.3333	0	0
hadur2.Hadur 3.10	suh.nano.CrossC 1.00	weak		3	28	1	1	329	86.7	6.9	0.5000	0	0
hadur2.Hadur 3.10	suh.nano.CrossC 1.00	weak		3	29	1	1	396	73.8	0.0	0.2857	0	0
hadur2.Hadur 3.10	suh.nano.CrossC 1.00	weak		3	30	1	1	350	78.0	0.0	0.3636	0	0
hadur2.Hadur 3.10	suh.nano.CrossC 1.00	weak		3	31	1	1	397	74.4	0.0	0.2857	0	0
hadur2.Hadur 3.10	suh.nano.CrossC 1.00	weak		3	32	1	1	302	82.7	0.0	0.6250	0	0
hadur2.Hadur 3.10	suh.nano.CrossC 1.00	weak		3	33	1	1	361	77.1	0.0	0.3333	0	0
hadur2.Hadur 3.10	suh.nano.CrossC 1.00	weak		3	34	1	1	378	79.3	0.0	0.3077	0	6
hadur2.Hadur 3.10	suh.nano.CrossC 1.00	weak		4	0	1	1	641	58.4	19.1	0.2857	298	7
hadur2.Hadur 3.10	suh.nano.CrossC 1.00	weak		4	1	1	1	455	71.9	0.0	0.3500	0	0
hadur2.Hadur 3.10	suh.nano.CrossC 1.00	weak		4	2	1	1	410	75.6	0.0	0.4118	0	0
hadur2.Hadur 3.10	suh.nano.CrossC 1.00	weak		4	3	1	1	450	77.6	7.6	0.4000	0	0
hadur2.Hadur 3.10	suh.nano.CrossC 1.00	weak		4	4	1	1	365	75.4	0.0	0.3333	0	0
hadur2.Hadur 3.10	suh.nano.CrossC 1.00	weak		4	5	1	1	366	78.2	6.0	0.3333	0	0
hadur2.Hadur 3.10	suh.nano.CrossC 1.00	weak		4	6	1	1	351	76.3	0.0	0.3636	0	0
hadur2.Hadur 3.10	suh.nano.CrossC 1.00	weak		4	7	1	1	344	80.0	0.0	0.4545	0	0
hadur2.Hadur 3.10	suh.nano.CrossC 1.00	weak		4	8	1	1	380	83.9	4.1	0.3846	0	0
hadur2.Hadur 3.10	suh.nano.CrossC 1.00	weak		4	9	1	1	362	76.6	9.4	0.3333	0	0
hadur2.Hadur 3.10	suh.nano.CrossC 1.00	weak		4	10	1	1	451	69.0	0.0	0.2222	0	0
hadur2.Hadur 3.10	suh.nano.CrossC 1.00	weak		4	11	1	1	356	74.7	0.0	0.3636	0	0
hadur2.Hadur 3.10	suh.nano.CrossC 1.00	weak		4	12	1	1	332	83.9	0.0	0.5000	0	0
hadur2.Hadur 3.10	suh.nano.CrossC 1.00	weak		4	13	1	1	375	80.0	7.9	0.3846	0	0
hadur2.Hadur 3.10	suh.nano.CrossC 1.00	weak		4	14	1	1	313	81.9	0.0	0.5556	0	0
hadur2.Hadur 3.10	suh.nano.CrossC 1.00	weak		4	15	1	1	377	80.0	7.9	0.3846	0	0
hadur2.Hadur 3.10	suh.nano.CrossC 1.00	weak		4	16	1	1	381	80.0	5.4	0.3846	0	0
hadur2.Hadur 3.10	suh.nano.CrossC 1.00	weak		4	17	1	1	364	80.0	0.0	0.3846	0	0
hadur2.Hadur 3.10	suh.nano.CrossC 1.00	weak		4	18	1	1	367	71.8	0.0	0.3333	0	0
hadur2.Hadur 3.10	suh.nano.CrossC 1.00	weak		4	19	1	1	355	83.3	6.5	0.4167	0	0
hadur2.Hadur 3.10	suh.nano.CrossC 1.00	weak		4	20	1	1	451	68.1	10.4	0.2778	0	0
hadur2.Hadur 3.10	suh.nano.CrossC 1.00	weak		4	21	1	1	477	64.0	0.1	0.2000	0	0
hadur2.Hadur 3.10	suh.nano.CrossC 1.00	weak		4	22	1	1	305	85.1	0.0	0.6250	0	0
hadur2.Hadur 3.10	suh.nano.CrossC 1.00	weak		4	23	1	1	383	79.0	0.0	0.3077	0	0
hadur2.Hadur 3.10	suh.nano.CrossC 1.00	weak		4	24	1	1	322	86.6	0.0	0.5000	0	0
hadur2.Hadur 3.10	suh.nano.CrossC 1.00	weak		4	25	1	1	343	79.1	0.0	0.3636	0	0
hadur2.Hadur 3.10	suh.nano.CrossC 1.00	weak		4	26	1	1	344	81.2	0.0	0.4545	0	0
hadur2.Hadur 3.10	suh.nano.CrossC 1.00	weak		4	27	1	1	355	80.5	0.0	0.4167	0	0
hadur2.Hadur 3.10	suh.nano.CrossC 1.00	weak		4	28	1	1	341	79.5	0.0	0.4000	0	0
hadur2.Hadur 3.10	suh.nano.CrossC 1.00	weak		4	29	1	1	387	69.4	0.0	0.3077	0	0
hadur2.Hadur 3.10	suh.nano.CrossC 1.00	weak		4	30	1	1	379	77.6	0.0	0.3077	0	0
hadur2.Hadur 3.10	suh.nano.CrossC 1.00	weak		4	31	1	1	312	79.9	0.0	0.4444	0	0
hadur2.Hadur 3.10	suh.nano.CrossC 1.00	weak		4	32	1	1	379	80.0	0.0	0.3571	0	0
hadur2.Hadur 3.10	suh.nano.CrossC 1.00	weak		4	33	1	1	382	79.2	6.1	0.3077	0	0
hadur2.Hadur 3.10	suh.nano.CrossC 1.00	weak		4	34	1	1	363	73.1	0.0	0.3333	0	7
hadur2.Hadur 3.10	sul.BlueBot 1.0	weak		1	0	1	1	339	77.6	0.0	0.6667	0	5
hadur2.Hadur 3.10	sul.BlueBot 1.0	weak		1	1	1	1	363	77.6	0.0	0.5714	0	0
hadur2.Hadur 3.10	sul.BlueBot 1.0	weak		1	2	1	1	358	77.6	0.0	0.5714	0	0
hadur2.Hadur 3.10	sul.BlueBot 1.0	weak		1	3	1	1	343	77.6	0.0	0.6667	0	0
hadur2.Hadur 3.10	sul.BlueBot 1.0	weak		1	4	1	1	371	72.0	0.0	0.3077	0	0
hadur2.Hadur 3.10	sul.BlueBot 1.0	weak		1	5	1	1	299	82.0	0.0	0.6250	0	0
hadur2.Hadur 3.10	sul.BlueBot 1.0	weak		1	6	1	1	361	74.0	0.0	0.3333	0	0
hadur2.Hadur 3.10	sul.BlueBot 1.0	weak		1	7	1	1	297	82.0	0.0	0.6250	0	0
hadur2.Hadur 3.10	sul.BlueBot 1.0	weak		1	8	1	1	311	80.0	20.0	0.5556	0	0
hadur2.Hadur 3.10	sul.BlueBot 1.0	weak		1	9	1	1	430	64.0	10.0	0.2500	0	0
hadur2.Hadur 3.10	sul.BlueBot 1.0	weak		1	10	1	1	358	74.0	0.0	0.3333	0	0
hadur2.Hadur 3.10	sul.BlueBot 1.0	weak		1	11	1	1	325	78.0	0.0	0.4444	0	0
hadur2.Hadur 3.10	sul.BlueBot 1.0	weak		1	12	1	1	307	82.0	0.0	0.6250	0	0
hadur2.Hadur 3.10	sul.BlueBot 1.0	weak		1	13	1	1	328	78.0	0.0	0.4000	0	0
hadur2.Hadur 3.10	sul.BlueBot 1.0	weak		1	14	1	1	306	82.0	0.0	0.6250	0	0
hadur2.Hadur 3.10	sul.BlueBot 1.0	weak		1	15	1	1	313	80.0	0.0	0.5556	0	0
hadur2.Hadur 3.10	sul.BlueBot 1.0	weak		1	16	1	1	329	80.0	10.0	0.5000	0	0
hadur2.Hadur 3.10	sul.BlueBot 1.0	weak		1	17	1	1	314	80.0	0.0	0.4444	0	0
hadur2.Hadur 3.10	sul.BlueBot 1.0	weak		1	18	1	1	353	80.4	17.6	0.5000	0	0
hadur2.Hadur 3.10	sul.BlueBot 1.0	weak		1	19	1	1	345	76.0	0.0	0.3636	0	0
hadur2.Hadur 3.10	sul.BlueBot 1.0	weak		1	20	1	1	314	80.0	10.0	0.5556	0	0
hadur2.Hadur 3.10	sul.BlueBot 1.0	weak		1	21	1	1	331	80.0	0.0	0.5000	0	0
hadur2.Hadur 3.10	sul.BlueBot 1.0	weak		1	22	1	1	348	76.0	0.0	0.3636	0	0
hadur2.Hadur 3.10	sul.BlueBot 1.0	weak		1	23	1	1	387	70.0	0.0	0.3077	0	0
hadur2.Hadur 3.10	sul.BlueBot 1.0	weak		1	24	1	1	387	70.0	0.0	0.3077	0	0
hadur2.Hadur 3.10	sul.BlueBot 1.0	weak		1	25	1	1	346	76.0	0.0	0.3636	0	0
hadur2.Hadur 3.10	sul.BlueBot 1.0	weak		1	26	1	1	328	80.0	0.0	0.5000	0	0
hadur2.Hadur 3.10	sul.BlueBot 1.0	weak		1	27	1	1	330	80.0	10.0	0.5000	0	0
hadur2.Hadur 3.10	sul.BlueBot 1.0	weak		1	28	1	1	344	76.0	0.0	0.3636	0	0
hadur2.Hadur 3.10	sul.BlueBot 1.0	weak		1	29	1	1	334	78.0	0.0	0.4000	0	0
hadur2.Hadur 3.10	sul.BlueBot 1.0	weak		1	30	1	1	343	76.0	0.0	0.3636	0	0
hadur2.Hadur 3.10	sul.BlueBot 1.0	weak		1	31	1	1	297	82.0	0.0	0.6250	0	0
hadur2.Hadur 3.10	sul.BlueBot 1.0	weak		1	32	1	1	343	76.0	0.0	0.3636	0	0
hadur2.Hadur 3.10	sul.BlueBot 1.0	weak		1	33	1	1	326	80.0	0.0	0.5000	0	0
hadur2.Hadur 3.10	sul.BlueBot 1.0	weak		1	34	1	1	314	80.0	10.0	0.4444	0	5
hadur2.Hadur 3.10	sul.BlueBot 1.0	weak		2	0	1	1	501	54.0	0.0	0.2174	0	5
hadur2.Hadur 3.10	sul.BlueBot 1.0	weak		2	1	1	1	431	67.9	0.0	0.3684	0	0
hadur2.Hadur 3.10	sul.BlueBot 1.0	weak		2	2	1	1	331	78.0	0.0	0.7273	0	0
hadur2.Hadur 3.10	sul.BlueBot 1.0	weak		2	3	1	1	333	84.0	10.0	0.4545	0	0
hadur2.Hadur 3.10	sul.BlueBot 1.0	weak		2	4	1	1	373	72.0	0.0	0.3846	0	0
hadur2.Hadur 3.10	sul.BlueBot 1.0	weak		2	5	1	1	330	80.0	0.0	0.5000	0	0
hadur2.Hadur 3.10	sul.BlueBot 1.0	weak		2	6	1	1	384	70.0	0.0	0.3077	0	0
hadur2.Hadur 3.10	sul.BlueBot 1.0	weak		2	7	1	1	347	76.0	0.0	0.3636	0	0
hadur2.Hadur 3.10	sul.BlueBot 1.0	weak		2	8	1	1	317	80.0	0.0	0.5556	0	0
hadur2.Hadur 3.10	sul.BlueBot 1.0	weak		2	9	1	1	296	82.0	0.0	0.6250	0	0
hadur2.Hadur 3.10	sul.BlueBot 1.0	weak		2	10	1	1	372	72.0	0.0	0.3333	0	0
hadur2.Hadur 3.10	sul.BlueBot 1.0	weak		2	11	1	1	345	76.0	0.0	0.3636	0	0
hadur2.Hadur 3.10	sul.BlueBot 1.0	weak		2	12	1	1	310	80.0	20.0	0.5556	0	0
hadur2.Hadur 3.10	sul.BlueBot 1.0	weak		2	13	1	1	343	80.0	0.0	0.4167	0	0
hadur2.Hadur 3.10	sul.BlueBot 1.0	weak		2	14	1	1	316	80.0	0.0	0.5556	0	0
hadur2.Hadur 3.10	sul.BlueBot 1.0	weak		2	15	1	1	314	80.0	0.0	0.4444	0	0
hadur2.Hadur 3.10	sul.BlueBot 1.0	weak		2	16	1	1	332	80.4	3.2	0.4545	0	0
hadur2.Hadur 3.10	sul.BlueBot 1.0	weak		2	17	1	1	348	76.0	0.0	0.3636	0	0
hadur2.Hadur 3.10	sul.BlueBot 1.0	weak		2	18	1	1	309	80.0	0.0	0.5000	0	0
hadur2.Hadur 3.10	sul.BlueBot 1.0	weak		2	19	1	1	315	80.0	0.0	0.4444	0	0
hadur2.Hadur 3.10	sul.BlueBot 1.0	weak		2	20	1	1	291	84.0	0.0	0.6250	0	0
hadur2.Hadur 3.10	sul.BlueBot 1.0	weak		2	21	1	1	300	82.0	0.0	0.6250	0	0
hadur2.Hadur 3.10	sul.BlueBot 1.0	weak		2	22	1	1	294	82.0	0.0	0.6250	0	0
hadur2.Hadur 3.10	sul.BlueBot 1.0	weak		2	23	1	1	300	82.0	0.0	0.6250	0	0
hadur2.Hadur 3.10	sul.BlueBot 1.0	weak		2	24	1	1	309	80.0	0.0	0.5000	0	0
hadur2.Hadur 3.10	sul.BlueBot 1.0	weak		2	25	1	1	331	78.0	0.0	0.4000	0	0
hadur2.Hadur 3.10	sul.BlueBot 1.0	weak		2	26	1	1	311	80.0	0.0	0.4444	0	0
hadur2.Hadur 3.10	sul.BlueBot 1.0	weak		2	27	1	1	293	84.0	0.0	0.7143	0	0
hadur2.Hadur 3.10	sul.BlueBot 1.0	weak		2	28	1	1	315	80.0	0.0	0.4444	0	0
hadur2.Hadur 3.10	sul.BlueBot 1.0	weak		2	29	1	1	315	80.0	0.0	0.4444	0	0
hadur2.Hadur 3.10	sul.BlueBot 1.0	weak		2	30	1	1	328	80.0	10.0	0.5000	0	0
hadur2.Hadur 3.10	sul.BlueBot 1.0	weak		2	31	1	1	328	80.0	0.0	0.5000	0	0
hadur2.Hadur 3.10	sul.BlueBot 1.0	weak		2	32	1	1	309	80.0	0.0	0.5556	0	0
hadur2.Hadur 3.10	sul.BlueBot 1.0	weak		2	33	1	1	361	74.0	0.0	0.3333	0	0
hadur2.Hadur 3.10	sul.BlueBot 1.0	weak		2	34	1	1	346	76.0	0.0	0.3636	0	6
hadur2.Hadur 3.10	sul.BlueBot 1.0	weak		3	0	1	1	382	70.0	10.0	0.4667	0	4
hadur2.Hadur 3.10	sul.BlueBot 1.0	weak		3	1	1	1	351	74.0	0.0	0.5385	0	0
hadur2.Hadur 3.10	sul.BlueBot 1.0	weak		3	2	1	1	359	77.6	0.0	0.5714	0	0
hadur2.Hadur 3.10	sul.BlueBot 1.0	weak		3	3	1	1	357	74.0	0.0	0.4615	0	0
hadur2.Hadur 3.10	sul.BlueBot 1.0	weak		3	4	1	1	364	72.0	0.0	0.3333	0	0
hadur2.Hadur 3.10	sul.BlueBot 1.0	weak		3	5	1	1	321	80.0	10.0	0.5000	0	0
hadur2.Hadur 3.10	sul.BlueBot 1.0	weak		3	6	1	1	327	78.0	0.0	0.4000	0	0
hadur2.Hadur 3.10	sul.BlueBot 1.0	weak		3	7	1	1	314	80.0	0.0	0.4444	0	0
hadur2.Hadur 3.10	sul.BlueBot 1.0	weak		3	8	1	1	313	80.0	0.0	0.4444	0	0
hadur2.Hadur 3.10	sul.BlueBot 1.0	weak		3	9	1	1	317	80.0	0.0	0.4444	0	0
hadur2.Hadur 3.10	sul.BlueBot 1.0	weak		3	10	1	1	326	80.0	10.0	0.5000	0	0
hadur2.Hadur 3.10	sul.BlueBot 1.0	weak		3	11	1	1	345	76.0	0.0	0.3636	0	0
hadur2.Hadur 3.10	sul.BlueBot 1.0	weak		3	12	1	1	305	82.0	0.0	0.6250	0	0
hadur2.Hadur 3.10	sul.BlueBot 1.0	weak		3	13	1	1	318	80.0	0.0	0.5556	0	0
hadur2.Hadur 3.10	sul.BlueBot 1.0	weak		3	14	1	1	333	78.0	0.0	0.4000	0	0
hadur2.Hadur 3.10	sul.BlueBot 1.0	weak		3	15	1	1	314	80.0	0.0	0.4444	0	1
hadur2.Hadur 3.10	sul.BlueBot 1.0	weak		3	16	1	1	347	82.0	10.0	0.5000	0	0
hadur2.Hadur 3.10	sul.BlueBot 1.0	weak		3	17	1	1	320	80.0	0.0	0.5000	0	0
hadur2.Hadur 3.10	sul.BlueBot 1.0	weak		3	18	1	1	312	80.0	10.0	0.5556	0	0
hadur2.Hadur 3.10	sul.BlueBot 1.0	weak		3	19	1	1	340	76.0	0.0	0.4000	0	0
hadur2.Hadur 3.10	sul.BlueBot 1.0	weak		3	20	1	1	348	76.0	0.0	0.3636	0	0
hadur2.Hadur 3.10	sul.BlueBot 1.0	weak		3	21	1	1	292	84.0	0.0	0.6250	0	0
hadur2.Hadur 3.10	sul.BlueBot 1.0	weak		3	22	1	1	296	82.0	0.0	0.6250	0	0
hadur2.Hadur 3.10	sul.BlueBot 1.0	weak		3	23	1	1	346	76.0	0.0	0.3636	0	0
hadur2.Hadur 3.10	sul.BlueBot 1.0	weak		3	24	1	1	328	78.0	0.0	0.4000	0	0
hadur2.Hadur 3.10	sul.BlueBot 1.0	weak		3	25	1	1	330	78.0	0.0	0.4000	0	0
hadur2.Hadur 3.10	sul.BlueBot 1.0	weak		3	26	1	1	364	72.0	0.0	0.3333	0	0
hadur2.Hadur 3.10	sul.BlueBot 1.0	weak		3	27	1	1	312	80.0	10.0	0.5556	0	0
hadur2.Hadur 3.10	sul.BlueBot 1.0	weak		3	28	1	1	316	80.0	0.0	0.4444	0	0
hadur2.Hadur 3.10	sul.BlueBot 1.0	weak		3	29	1	1	299	82.0	0.0	0.6250	0	0
hadur2.Hadur 3.10	sul.BlueBot 1.0	weak		3	30	1	1	294	82.0	10.0	0.6250	0	0
hadur2.Hadur 3.10	sul.BlueBot 1.0	weak		3	31	1	1	325	78.0	0.0	0.4444	0	0
hadur2.Hadur 3.10	sul.BlueBot 1.0	weak		3	32	1	1	294	82.0	0.0	0.6250	0	0
hadur2.Hadur 3.10	sul.BlueBot 1.0	weak		3	33	1	1	290	84.0	0.0	0.7143	0	0
hadur2.Hadur 3.10	sul.BlueBot 1.0	weak		3	34	1	1	307	82.0	0.0	0.6250	0	6
hadur2.Hadur 3.10	sul.BlueBot 1.0	weak		4	0	1	1	405	68.0	0.0	0.4118	0	6
hadur2.Hadur 3.10	sul.BlueBot 1.0	weak		4	1	1	1	348	76.0	0.0	0.5833	0	0
hadur2.Hadur 3.10	sul.BlueBot 1.0	weak		4	2	1	1	329	78.0	0.0	0.7273	0	0
hadur2.Hadur 3.10	sul.BlueBot 1.0	weak		4	3	1	1	359	77.6	0.0	0.5714	0	0
hadur2.Hadur 3.10	sul.BlueBot 1.0	weak		4	4	1	1	357	82.0	10.0	0.3846	0	0
hadur2.Hadur 3.10	sul.BlueBot 1.0	weak		4	5	1	1	311	77.0	0.0	0.4444	0	0
hadur2.Hadur 3.10	sul.BlueBot 1.0	weak		4	6	1	1	317	80.0	0.0	0.4444	0	0
hadur2.Hadur 3.10	sul.BlueBot 1.0	weak		4	7	1	1	299	82.0	0.0	0.6250	0	0
hadur2.Hadur 3.10	sul.BlueBot 1.0	weak		4	8	1	1	361	82.0	10.0	0.4615	0	0
hadur2.Hadur 3.10	sul.BlueBot 1.0	weak		4	9	1	1	326	78.0	0.0	0.4000	0	0
hadur2.Hadur 3.10	sul.BlueBot 1.0	weak		4	10	1	1	442	64.0	0.0	0.2222	0	0
hadur2.Hadur 3.10	sul.BlueBot 1.0	weak		4	11	1	1	315	80.0	0.0	0.4444	0	0
hadur2.Hadur 3.10	sul.BlueBot 1.0	weak		4	12	1	1	324	78.0	0.0	0.4444	0	0
hadur2.Hadur 3.10	sul.BlueBot 1.0	weak		4	13	1	1	313	80.0	0.0	0.4444	0	0
hadur2.Hadur 3.10	sul.BlueBot 1.0	weak		4	14	1	1	355	74.0	0.0	0.3636	0	0
hadur2.Hadur 3.10	sul.BlueBot 1.0	weak		4	15	1	1	314	80.0	0.0	0.5556	0	0
hadur2.Hadur 3.10	sul.BlueBot 1.0	weak		4	16	1	1	347	76.0	0.0	0.3636	0	0
hadur2.Hadur 3.10	sul.BlueBot 1.0	weak		4	17	1	1	423	64.0	10.0	0.2500	0	0
hadur2.Hadur 3.10	sul.BlueBot 1.0	weak		4	18	1	1	343	76.0	0.0	0.3636	0	0
hadur2.Hadur 3.10	sul.BlueBot 1.0	weak		4	19	1	1	317	80.0	0.0	0.5556	0	0
hadur2.Hadur 3.10	sul.BlueBot 1.0	weak		4	20	1	1	327	78.0	0.0	0.4000	0	0
hadur2.Hadur 3.10	sul.BlueBot 1.0	weak		4	21	1	1	336	80.0	0.0	0.4545	0	0
hadur2.Hadur 3.10	sul.BlueBot 1.0	weak		4	22	1	1	329	78.0	0.0	0.4000	0	0
hadur2.Hadur 3.10	sul.BlueBot 1.0	weak		4	23	1	1	319	80.0	0.0	0.5000	0	0
hadur2.Hadur 3.10	sul.BlueBot 1.0	weak		4	24	1	1	331	78.0	0.0	0.4000	0	0
hadur2.Hadur 3.10	sul.BlueBot 1.0	weak		4	25	1	1	332	80.0	0.0	0.4545	0	0
hadur2.Hadur 3.10	sul.BlueBot 1.0	weak		4	26	1	1	361	74.0	0.0	0.3333	0	0
hadur2.Hadur 3.10	sul.BlueBot 1.0	weak		4	27	1	1	296	82.0	0.0	0.6250	0	0
hadur2.Hadur 3.10	sul.BlueBot 1.0	weak		4	28	1	1	317	80.0	10.0	0.5556	0	0
hadur2.Hadur 3.10	sul.BlueBot 1.0	weak		4	29	1	1	325	78.0	0.0	0.4444	0	0
hadur2.Hadur 3.10	sul.BlueBot 1.0	weak		4	30	1	1	331	78.0	0.0	0.4000	0	0
hadur2.Hadur 3.10	sul.BlueBot 1.0	weak		4	31	1	1	421	64.0	10.0	0.2500	0	0
hadur2.Hadur 3.10	sul.BlueBot 1.0	weak		4	32	1	1	361	80.4	10.0	0.4615	0	0
hadur2.Hadur 3.10	sul.BlueBot 1.0	weak		4	33	1	1	359	82.0	10.0	0.4615	0	0
hadur2.Hadur 3.10	sul.BlueBot 1.0	weak		4	34	1	1	332	78.0	0.0	0.4000	0	7
hadur2.Hadur 3.10	supersample.SuperCorners 1.0	weak		1	0	1	1	396	69.7	12.4	0.3333	0	6
hadur2.Hadur 3.10	supersample.SuperCorners 1.0	weak		1	1	1	1	442	67.0	31.1	0.2632	0	0
hadur2.Hadur 3.10	supersample.SuperCorners 1.0	weak		1	2	1	1	408	77.2	25.3	0.4375	0	0
hadur2.Hadur 3.10	supersample.SuperCorners 1.0	weak		1	3	1	1	333	74.2	0.3	0.6364	0	0
hadur2.Hadur 3.10	supersample.SuperCorners 1.0	weak		1	4	1	1	291	91.8	37.2	0.6250	0	0
hadur2.Hadur 3.10	supersample.SuperCorners 1.0	weak		1	5	1	1	334	74.3	0.0	0.4000	0	0
hadur2.Hadur 3.10	supersample.SuperCorners 1.0	weak		1	6	1	1	330	82.8	8.8	0.5000	0	0
hadur2.Hadur 3.10	supersample.SuperCorners 1.0	weak		1	7	1	1	313	83.3	8.4	0.5556	0	0
hadur2.Hadur 3.10	supersample.SuperCorners 1.0	weak		1	8	1	1	300	104.9	45.0	0.7500	0	0
hadur2.Hadur 3.10	supersample.SuperCorners 1.0	weak		1	9	1	1	308	84.8	9.9	0.6667	0	0
hadur2.Hadur 3.10	supersample.SuperCorners 1.0	weak		1	10	1	1	579	72.5	54.8	0.1538	0	0
hadur2.Hadur 3.10	supersample.SuperCorners 1.0	weak		1	11	1	1	333	74.2	0.0	0.4000	0	0
hadur2.Hadur 3.10	supersample.SuperCorners 1.0	weak		1	12	1	1	457	57.7	0.0	0.1667	0	0
hadur2.Hadur 3.10	supersample.SuperCorners 1.0	weak		1	13	1	1	571	49.1	0.0	0.1111	0	0
hadur2.Hadur 3.10	supersample.SuperCorners 1.0	weak		1	14	1	1	321	75.3	0.0	0.4444	0	0
hadur2.Hadur 3.10	supersample.SuperCorners 1.0	weak		1	15	1	1	376	90.4	40.4	0.3846	0	0
hadur2.Hadur 3.10	supersample.SuperCorners 1.0	weak		1	16	1	1	470	61.3	16.0	0.1667	0	0
hadur2.Hadur 3.10	supersample.SuperCorners 1.0	weak		1	17	1	1	286	90.4	14.3	0.8571	0	0
hadur2.Hadur 3.10	supersample.SuperCorners 1.0	weak		1	18	1	1	287	89.3	12.4	0.7143	0	0
hadur2.Hadur 3.10	supersample.SuperCorners 1.0	weak		1	19	1	1	432	67.9	2.0	0.2353	0	0
hadur2.Hadur 3.10	supersample.SuperCorners 1.0	weak		1	20	1	1	348	80.0	16.0	0.4545	0	0
hadur2.Hadur 3.10	supersample.SuperCorners 1.0	weak		1	21	1	1	295	82.2	0.7	0.6250	0	0
hadur2.Hadur 3.10	supersample.SuperCorners 1.0	weak		1	22	1	1	363	69.2	0.0	0.3333	0	0
hadur2.Hadur 3.10	supersample.SuperCorners 1.0	weak		1	23	1	1	378	67.3	0.0	0.3077	0	0
hadur2.Hadur 3.10	supersample.SuperCorners 1.0	weak		1	24	1	1	344	72.1	0.0	0.3636	0	0
hadur2.Hadur 3.10	supersample.SuperCorners 1.0	weak		1	25	1	1	328	77.0	0.0	0.4000	0	0
hadur2.Hadur 3.10	supersample.SuperCorners 1.0	weak		1	26	1	1	335	74.9	5.3	0.4000	0	0
hadur2.Hadur 3.10	supersample.SuperCorners 1.0	weak		1	27	1	1	338	74.8	0.0	0.4000	0	0
hadur2.Hadur 3.10	supersample.SuperCorners 1.0	weak		1	28	1	1	311	96.0	58.0	0.7500	0	0
hadur2.Hadur 3.10	supersample.SuperCorners 1.0	weak		1	29	1	1	352	71.8	3.5	0.3636	0	0
hadur2.Hadur 3.10	supersample.SuperCorners 1.0	weak		1	30	1	1	643	32.0	0.5	0.0645	0	0
hadur2.Hadur 3.10	supersample.SuperCorners 1.0	weak		1	31	1	1	387	67.9	0.0	0.2857	0	0
hadur2.Hadur 3.10	supersample.SuperCorners 1.0	weak		1	32	1	1	505	51.0	0.0	0.1429	0	0
hadur2.Hadur 3.10	supersample.SuperCorners 1.0	weak		1	33	1	1	298	81.7	0.0	0.6250	0	0
hadur2.Hadur 3.10	supersample.SuperCorners 1.0	weak		1	34	1	1	496	56.8	12.4	0.1500	0	6
hadur2.Hadur 3.10	supersample.SuperCorners 1.0	weak		2	0	1	1	348	80.0	41.5	0.4545	0	6
hadur2.Hadur 3.10	supersample.SuperCorners 1.0	weak		2	1	1	1	453	76.8	34.8	0.3158	0	0
hadur2.Hadur 3.10	supersample.SuperCorners 1.0	weak		2	2	1	1	419	74.0	12.4	0.4118	0	0
hadur2.Hadur 3.10	supersample.SuperCorners 1.0	weak		2	3	1	1	334	82.7	18.9	0.5455	0	0
hadur2.Hadur 3.10	supersample.SuperCorners 1.0	weak		2	4	1	1	362	77.7	12.4	0.4615	0	0
hadur2.Hadur 3.10	supersample.SuperCorners 1.0	weak		2	5	1	1	649	31.7	12.4	0.0345	0	0
hadur2.Hadur 3.10	supersample.SuperCorners 1.0	weak		2	6	1	1	348	72.8	0.0	0.3636	0	0
hadur2.Hadur 3.10	supersample.SuperCorners 1.0	weak		2	7	1	1	316	76.4	0.0	0.4444	0	0
hadur2.Hadur 3.10	supersample.SuperCorners 1.0	weak		2	8	1	1	374	72.9	0.0	0.3077	0	0
hadur2.Hadur 3.10	supersample.SuperCorners 1.0	weak		2	9	1	1	296	88.7	13.0	0.6250	0	0
hadur2.Hadur 3.10	supersample.SuperCorners 1.0	weak		2	10	1	1	331	80.2	7.0	0.5000	0	0
hadur2.Hadur 3.10	supersample.SuperCorners 1.0	weak		2	11	1	1	286	83.1	0.0	0.7143	0	0
hadur2.Hadur 3.10	supersample.SuperCorners 1.0	weak		2	12	1	1	525	52.8	0.0	0.1304	0	0
hadur2.Hadur 3.10	supersample.SuperCorners 1.0	weak		2	13	1	1	327	81.4	7.9	0.5000	0	0
hadur2.Hadur 3.10	supersample.SuperCorners 1.0	weak		2	14	1	1	350	71.6	0.0	0.3636	0	0
hadur2.Hadur 3.10	supersample.SuperCorners 1.0	weak		2	15	1	1	285	90.2	11.7	0.7143	0	0
hadur2.Hadur 3.10	supersample.SuperCorners 1.0	weak		2	16	1	1	505	53.2	2.6	0.1429	0	0
hadur2.Hadur 3.10	supersample.SuperCorners 1.0	weak		2	17	1	1	327	77.6	0.0	0.4000	0	0
hadur2.Hadur 3.10	supersample.SuperCorners 1.0	weak		2	18	1	1	354	73.6	0.0	0.3636	0	0
hadur2.Hadur 3.10	supersample.SuperCorners 1.0	weak		2	19	1	1	443	69.2	4.6	0.3684	0	0
hadur2.Hadur 3.10	supersample.SuperCorners 1.0	weak		2	20	1	1	390	81.5	19.0	0.3571	0	0
hadur2.Hadur 3.10	supersample.SuperCorners 1.0	weak		2	21	1	1	279	82.9	1.4	0.7143	0	0
hadur2.Hadur 3.10	supersample.SuperCorners 1.0	weak		2	22	1	1	338	74.3	4.8	0.4000	0	0
hadur2.Hadur 3.10	supersample.SuperCorners 1.0	weak		2	23	1	1	351	105.6	64.0	0.5455	0	0
hadur2.Hadur 3.10	supersample.SuperCorners 1.0	weak		2	24	1	1	588	29.5	0.0	0.0385	0	0
hadur2.Hadur 3.10	supersample.SuperCorners 1.0	weak		2	25	1	1	338	75.7	0.0	0.4000	0	0
hadur2.Hadur 3.10	supersample.SuperCorners 1.0	weak		2	26	0	0	572	48.0	60.5	0.1154	0	0
hadur2.Hadur 3.10	supersample.SuperCorners 1.0	weak		2	27	1	1	478	55.4	0.0	0.1579	0	0
hadur2.Hadur 3.10	supersample.SuperCorners 1.0	weak		2	28	1	1	372	68.6	0.0	0.3571	0	0
hadur2.Hadur 3.10	supersample.SuperCorners 1.0	weak		2	29	1	1	354	71.8	0.0	0.3636	0	0
hadur2.Hadur 3.10	supersample.SuperCorners 1.0	weak		2	30	1	1	330	84.6	16.0	0.5000	0	0
hadur2.Hadur 3.10	supersample.SuperCorners 1.0	weak		2	31	1	1	469	56.2	0.0	0.1667	0	0
hadur2.Hadur 3.10	supersample.SuperCorners 1.0	weak		2	32	1	1	343	79.1	12.4	0.4000	0	0
hadur2.Hadur 3.10	supersample.SuperCorners 1.0	weak		2	33	1	1	296	79.7	0.0	0.5000	0	0
hadur2.Hadur 3.10	supersample.SuperCorners 1.0	weak		2	34	1	1	364	72.5	0.0	0.3333	0	7
hadur2.Hadur 3.10	supersample.SuperCorners 1.0	weak		3	0	1	1	259	80.0	77.1	1.0000	0	6
hadur2.Hadur 3.10	supersample.SuperCorners 1.0	weak		3	1	1	1	316	76.4	0.0	0.4444	0	0
hadur2.Hadur 3.10	supersample.SuperCorners 1.0	weak		3	2	1	1	461	56.3	0.0	0.2500	0	0
hadur2.Hadur 3.10	supersample.SuperCorners 1.0	weak		3	3	1	1	472	67.1	16.2	0.3333	0	0
hadur2.Hadur 3.10	supersample.SuperCorners 1.0	weak		3	4	1	1	336	73.1	6.2	0.4545	0	0
hadur2.Hadur 3.10	supersample.SuperCorners 1.0	weak		3	5	1	1	369	69.8	0.0	0.3333	0	0
hadur2.Hadur 3.10	supersample.SuperCorners 1.0	weak		3	6	1	1	517	46.6	0.0	0.0952	0	0
hadur2.Hadur 3.10	supersample.SuperCorners 1.0	weak		3	7	1	1	974	35.4	23.8	0.1695	0	0
hadur2.Hadur 3.10	supersample.SuperCorners 1.0	weak		3	8	1	1	276	84.2	0.4	0.8571	0	0
hadur2.Hadur 3.10	supersample.SuperCorners 1.0	weak		3	9	1	1	407	61.9	0.0	0.2143	0	0
hadur2.Hadur 3.10	supersample.SuperCorners 1.0	weak		3	10	1	1	349	90.9	35.8	0.5455	0	0
hadur2.Hadur 3.10	supersample.SuperCorners 1.0	weak		3	11	1	1	362	80.2	16.0	0.4167	0	0
hadur2.Hadur 3.10	supersample.SuperCorners 1.0	weak		3	12	1	1	453	63.6	16.0	0.1765	0	0
hadur2.Hadur 3.10	supersample.SuperCorners 1.0	weak		3	13	1	1	410	69.4	14.8	0.2667	0	0
hadur2.Hadur 3.10	supersample.SuperCorners 1.0	weak		3	14	1	1	534	58.6	7.6	0.1667	0	0
hadur2.Hadur 3.10	supersample.SuperCorners 1.0	weak		3	15	1	1	486	68.7	14.5	0.2000	0	0
hadur2.Hadur 3.10	supersample.SuperCorners 1.0	weak		3	16	1	1	348	71.2	0.0	0.3636	0	0
hadur2.Hadur 3.10	supersample.SuperCorners 1.0	weak		3	17	1	1	365	84.1	26.6	0.4167	0	0
hadur2.Hadur 3.10	supersample.SuperCorners 1.0	weak		3	18	1	1	428	71.5	2.8	0.2941	0	0
hadur2.Hadur 3.10	supersample.SuperCorners 1.0	weak		3	19	1	1	470	56.2	0.0	0.1579	0	0
hadur2.Hadur 3.10	supersample.SuperCorners 1.0	weak		3	20	1	1	313	86.7	11.0	0.5556	0	0
hadur2.Hadur 3.10	supersample.SuperCorners 1.0	weak		3	21	1	1	301	79.7	0.0	0.5000	0	0
hadur2.Hadur 3.10	supersample.SuperCorners 1.0	weak		3	22	1	1	306	80.1	0.0	0.6250	0	0
hadur2.Hadur 3.10	supersample.SuperCorners 1.0	weak		3	23	1	1	279	67.1	33.3	0.5714	0	0
hadur2.Hadur 3.10	supersample.SuperCorners 1.0	weak		3	24	1	1	351	71.3	0.0	0.3636	0	0
hadur2.Hadur 3.10	supersample.SuperCorners 1.0	weak		3	25	1	1	627	25.0	0.0	0.0357	0	0
hadur2.Hadur 3.10	supersample.SuperCorners 1.0	weak		3	26	1	1	365	69.4	0.0	0.3333	0	0
hadur2.Hadur 3.10	supersample.SuperCorners 1.0	weak		3	27	1	1	461	55.9	0.0	0.1667	0	0
hadur2.Hadur 3.10	supersample.SuperCorners 1.0	weak		3	28	1	1	413	67.1	1.4	0.2667	0	0
hadur2.Hadur 3.10	supersample.SuperCorners 1.0	weak		3	29	1	1	268	85.6	0.0	0.8333	0	0
hadur2.Hadur 3.10	supersample.SuperCorners 1.0	weak		3	30	1	1	289	80.0	75.7	0.7143	0	0
hadur2.Hadur 3.10	supersample.SuperCorners 1.0	weak		3	31	1	1	458	58.3	0.0	0.1667	0	0
hadur2.Hadur 3.10	supersample.SuperCorners 1.0	weak		3	32	1	1	362	68.4	0.0	0.3333	0	0
hadur2.Hadur 3.10	supersample.SuperCorners 1.0	weak		3	33	1	1	413	61.9	0.0	0.2000	0	0
hadur2.Hadur 3.10	supersample.SuperCorners 1.0	weak		3	34	1	1	282	83.1	0.0	0.7143	0	7
hadur2.Hadur 3.10	supersample.SuperCorners 1.0	weak		4	0	1	1	417	78.6	16.1	0.4444	0	5
hadur2.Hadur 3.10	supersample.SuperCorners 1.0	weak		4	1	1	1	395	73.3	2.4	0.4375	0	0
hadur2.Hadur 3.10	supersample.SuperCorners 1.0	weak		4	2	1	1	471	65.8	12.4	0.2727	0	0
hadur2.Hadur 3.10	supersample.SuperCorners 1.0	weak		4	3	1	1	344	72.2	0.0	0.5000	0	0
hadur2.Hadur 3.10	supersample.SuperCorners 1.0	weak		4	4	1	1	363	70.2	0.0	0.3333	0	0
hadur2.Hadur 3.10	supersample.SuperCorners 1.0	weak		4	5	1	1	423	59.7	5.8	0.1875	0	0
hadur2.Hadur 3.10	supersample.SuperCorners 1.0	weak		4	6	1	1	340	74.3	0.0	0.4000	0	0
hadur2.Hadur 3.10	supersample.SuperCorners 1.0	weak		4	7	1	1	279	82.2	81.5	0.7143	0	0
hadur2.Hadur 3.10	supersample.SuperCorners 1.0	weak		4	8	1	1	314	80.0	0.0	0.5556	0	0
hadur2.Hadur 3.10	supersample.SuperCorners 1.0	weak		4	9	1	1	309	79.1	0.0	0.5000	0	0
hadur2.Hadur 3.10	supersample.SuperCorners 1.0	weak		4	10	1	1	594	51.0	0.0	0.1071	0	0
hadur2.Hadur 3.10	supersample.SuperCorners 1.0	weak		4	11	1	1	619	56.5	37.2	0.1071	0	0
hadur2.Hadur 3.10	supersample.SuperCorners 1.0	weak		4	12	1	1	264	82.6	1.2	0.8333	0	0
hadur2.Hadur 3.10	supersample.SuperCorners 1.0	weak		4	13	1	1	460	74.9	35.0	0.2778	0	0
hadur2.Hadur 3.10	supersample.SuperCorners 1.0	weak		4	14	1	1	359	112.1	78.2	0.6667	0	0
hadur2.Hadur 3.10	supersample.SuperCorners 1.0	weak		4	15	1	1	320	83.8	12.4	0.5556	0	0
hadur2.Hadur 3.10	supersample.SuperCorners 1.0	weak		4	16	1	1	396	81.3	27.2	0.3571	0	0
hadur2.Hadur 3.10	supersample.SuperCorners 1.0	weak		4	17	1	1	358	69.9	0.0	0.3333	0	0
hadur2.Hadur 3.10	supersample.SuperCorners 1.0	weak		4	18	1	1	379	68.3	0.0	0.3077	0	0
hadur2.Hadur 3.10	supersample.SuperCorners 1.0	weak		4	19	1	1	438	79.7	37.2	0.2500	0	0
hadur2.Hadur 3.10	supersample.SuperCorners 1.0	weak		4	20	1	1	264	85.0	2.2	0.8333	0	0
hadur2.Hadur 3.10	supersample.SuperCorners 1.0	weak		4	21	1	1	297	82.6	0.0	0.6250	0	0
hadur2.Hadur 3.10	supersample.SuperCorners 1.0	weak		4	22	1	1	312	81.2	0.0	0.5556	0	0
hadur2.Hadur 3.10	supersample.SuperCorners 1.0	weak		4	23	1	1	317	76.0	0.0	0.4444	0	0
hadur2.Hadur 3.10	supersample.SuperCorners 1.0	weak		4	24	1	1	418	62.4	0.0	0.2000	0	0
hadur2.Hadur 3.10	supersample.SuperCorners 1.0	weak		4	25	1	1	337	87.2	23.7	0.5000	0	0
hadur2.Hadur 3.10	supersample.SuperCorners 1.0	weak		4	26	1	1	320	76.0	0.0	0.4444	0	0
hadur2.Hadur 3.10	supersample.SuperCorners 1.0	weak		4	27	0	0	578	48.4	72.3	0.1429	0	0
hadur2.Hadur 3.10	supersample.SuperCorners 1.0	weak		4	28	1	1	512	57.9	12.4	0.1429	0	0
hadur2.Hadur 3.10	supersample.SuperCorners 1.0	weak		4	29	1	1	299	81.6	0.0	0.6250	0	0
hadur2.Hadur 3.10	supersample.SuperCorners 1.0	weak		4	30	1	1	280	84.1	0.0	0.7143	0	0
hadur2.Hadur 3.10	supersample.SuperCorners 1.0	weak		4	31	1	1	384	68.0	1.8	0.3077	0	0
hadur2.Hadur 3.10	supersample.SuperCorners 1.0	weak		4	32	1	1	328	73.9	3.4	0.5000	0	0
hadur2.Hadur 3.10	supersample.SuperCorners 1.0	weak		4	33	1	1	449	57.7	0.0	0.1765	0	0
hadur2.Hadur 3.10	supersample.SuperCorners 1.0	weak		4	34	1	1	642	27.5	0.0	0.0345	0	6
hadur2.Hadur 3.10	uccc.MilkyWay 1.01	weak		1	0	1	1	544	80.0	8.0	0.3077	0	7
hadur2.Hadur 3.10	uccc.MilkyWay 1.01	weak		1	1	1	1	456	83.0	4.0	0.4000	0	0
hadur2.Hadur 3.10	uccc.MilkyWay 1.01	weak		1	2	1	1	470	79.0	0.0	0.3333	0	0
hadur2.Hadur 3.10	uccc.MilkyWay 1.01	weak		1	3	1	1	435	81.0	0.0	0.3529	0	0
hadur2.Hadur 3.10	uccc.MilkyWay 1.01	weak		1	4	1	1	410	83.0	0.0	0.3333	0	0
hadur2.Hadur 3.10	uccc.MilkyWay 1.01	weak		1	5	1	1	359	83.4	4.0	0.4167	0	0
hadur2.Hadur 3.10	uccc.MilkyWay 1.01	weak		1	6	1	1	520	75.0	0.0	0.1818	0	0
hadur2.Hadur 3.10	uccc.MilkyWay 1.01	weak		1	7	1	1	450	80.0	0.0	0.2353	0	0
hadur2.Hadur 3.10	uccc.MilkyWay 1.01	weak		1	8	1	1	450	80.0	0.0	0.2941	0	0
hadur2.Hadur 3.10	uccc.MilkyWay 1.01	weak		1	9	1	1	320	90.0	0.0	0.5556	0	0
hadur2.Hadur 3.10	uccc.MilkyWay 1.01	weak		1	10	1	1	400	84.0	0.0	0.3333	0	0
hadur2.Hadur 3.10	uccc.MilkyWay 1.01	weak		1	11	1	1	311	90.0	0.0	0.5556	0	0
hadur2.Hadur 3.10	uccc.MilkyWay 1.01	weak		1	12	1	1	384	85.0	0.0	0.3846	0	0
hadur2.Hadur 3.10	uccc.MilkyWay 1.01	weak		1	13	1	1	447	87.0	8.0	0.2941	0	0
hadur2.Hadur 3.10	uccc.MilkyWay 1.01	weak		1	14	1	1	698	66.0	4.0	0.1212	0	0
hadur2.Hadur 3.10	uccc.MilkyWay 1.01	weak		1	15	1	1	425	94.0	24.0	0.3125	0	0
hadur2.Hadur 3.10	uccc.MilkyWay 1.01	weak		1	16	1	1	290	95.0	4.0	0.7143	0	0
hadur2.Hadur 3.10	uccc.MilkyWay 1.01	weak		1	17	1	1	403	84.0	0.0	0.3571	0	0
hadur2.Hadur 3.10	uccc.MilkyWay 1.01	weak		1	18	1	1	607	69.0	0.0	0.1481	0	0
hadur2.Hadur 3.10	uccc.MilkyWay 1.01	weak		1	19	1	1	397	82.8	0.0	0.3333	0	0
hadur2.Hadur 3.10	uccc.MilkyWay 1.01	weak		1	20	1	1	340	88.0	0.0	0.5000	0	0
hadur2.Hadur 3.10	uccc.MilkyWay 1.01	weak		1	21	1	1	405	90.0	8.0	0.3571	0	0
hadur2.Hadur 3.10	uccc.MilkyWay 1.01	weak		1	22	1	1	349	88.0	0.0	0.4545	0	0
hadur2.Hadur 3.10	uccc.MilkyWay 1.01	weak		1	23	1	1	379	93.4	16.0	0.3846	0	0
hadur2.Hadur 3.10	uccc.MilkyWay 1.01	weak		1	24	1	1	401	84.0	0.0	0.3571	0	0
hadur2.Hadur 3.10	uccc.MilkyWay 1.01	weak		1	25	1	1	454	83.0	4.0	0.2941	0	0
hadur2.Hadur 3.10	uccc.MilkyWay 1.01	weak		1	26	1	1	412	86.0	4.0	0.3333	0	0
hadur2.Hadur 3.10	uccc.MilkyWay 1.01	weak		1	27	1	1	498	80.0	12.0	0.2500	0	0
hadur2.Hadur 3.10	uccc.MilkyWay 1.01	weak		1	28	1	1	392	85.0	0.0	0.3571	0	0
hadur2.Hadur 3.10	uccc.MilkyWay 1.01	weak		1	29	1	1	367	86.0	0.0	0.4167	0	0
hadur2.Hadur 3.10	uccc.MilkyWay 1.01	weak		1	30	1	1	465	80.0	0.0	0.2632	0	0
hadur2.Hadur 3.10	uccc.MilkyWay 1.01	weak		1	31	1	1	309	64.0	36.0	0.5000	0	0
hadur2.Hadur 3.10	uccc.MilkyWay 1.01	weak		1	32	1	1	319	90.0	0.0	0.5556	0	0
hadur2.Hadur 3.10	uccc.MilkyWay 1.01	weak		1	33	1	1	468	79.0	0.0	0.2222	0	0
hadur2.Hadur 3.10	uccc.MilkyWay 1.01	weak		1	34	1	1	406	90.0	8.0	0.3571	0	7
hadur2.Hadur 3.10	uccc.MilkyWay 1.01	weak		2	0	1	1	618	87.0	24.0	0.2500	0	6
hadur2.Hadur 3.10	uccc.MilkyWay 1.01	weak		2	1	1	1	686	70.0	8.0	0.1892	0	0
hadur2.Hadur 3.10	uccc.MilkyWay 1.01	weak		2	2	1	1	443	81.0	0.0	0.2941	0	0
hadur2.Hadur 3.10	uccc.MilkyWay 1.01	weak		2	3	1	1	1023	40.0	0.0	0.1774	0	0
hadur2.Hadur 3.10	uccc.MilkyWay 1.01	weak		2	4	1	1	348	88.0	0.0	0.4545	0	0
hadur2.Hadur 3.10	uccc.MilkyWay 1.01	weak		2	5	1	1	452	86.0	8.0	0.2778	0	0
hadur2.Hadur 3.10	uccc.MilkyWay 1.01	weak		2	6	1	1	409	86.0	4.0	0.3333	0	0
hadur2.Hadur 3.10	uccc.MilkyWay 1.01	weak		2	7	1	1	556	73.0	0.0	0.1667	0	0
hadur2.Hadur 3.10	uccc.MilkyWay 1.01	weak		2	8	1	1	418	83.0	0.0	0.3125	0	0
hadur2.Hadur 3.10	uccc.MilkyWay 1.01	weak		2	9	1	1	613	69.0	0.0	0.1429	0	0
hadur2.Hadur 3.10	uccc.MilkyWay 1.01	weak		2	10	1	1	426	82.0	0.0	0.3125	0	0
hadur2.Hadur 3.10	uccc.MilkyWay 1.01	weak		2	11	1	1	403	84.0	0.0	0.3333	0	0
hadur2.Hadur 3.10	uccc.MilkyWay 1.01	weak		2	12	1	1	434	85.0	4.0	0.3125	0	0
hadur2.Hadur 3.10	uccc.MilkyWay 1.01	weak		2	13	1	1	402	84.0	0.0	0.3571	0	0
hadur2.Hadur 3.10	uccc.MilkyWay 1.01	weak		2	14	1	1	438	84.0	8.0	0.2941	0	0
hadur2.Hadur 3.10	uccc.MilkyWay 1.01	weak		2	15	0	0	812	58.5	21.8	0.1463	0	0
hadur2.Hadur 3.10	uccc.MilkyWay 1.01	weak		2	16	1	1	448	84.0	4.0	0.2941	0	0
hadur2.Hadur 3.10	uccc.MilkyWay 1.01	weak		2	17	1	1	438	90.0	12.0	0.2941	0	0
hadur2.Hadur 3.10	uccc.MilkyWay 1.01	weak		2	18	1	1	420	83.0	0.0	0.3333	0	0
hadur2.Hadur 3.10	uccc.MilkyWay 1.01	weak		2	19	1	1	473	79.0	0.0	0.2105	0	0
hadur2.Hadur 3.10	uccc.MilkyWay 1.01	weak		2	20	1	1	429	88.0	8.0	0.3125	0	0
hadur2.Hadur 3.10	uccc.MilkyWay 1.01	weak		2	21	1	1	452	80.0	0.0	0.2353	0	0
hadur2.Hadur 3.10	uccc.MilkyWay 1.01	weak		2	22	1	1	586	74.0	4.0	0.1538	0	0
hadur2.Hadur 3.10	uccc.MilkyWay 1.01	weak		2	23	1	1	496	80.0	8.0	0.2500	0	0
hadur2.Hadur 3.10	uccc.MilkyWay 1.01	weak		2	24	1	1	407	83.0	4.0	0.3333	0	0
hadur2.Hadur 3.10	uccc.MilkyWay 1.01	weak		2	25	1	1	457	80.0	0.0	0.2222	0	0
hadur2.Hadur 3.10	uccc.MilkyWay 1.01	weak		2	26	1	1	317	90.0	0.0	0.5556	0	0
hadur2.Hadur 3.10	uccc.MilkyWay 1.01	weak		2	27	1	1	353	87.0	0.0	0.4545	0	0
hadur2.Hadur 3.10	uccc.MilkyWay 1.01	weak		2	28	1	1	397	84.0	0.0	0.3571	0	0
hadur2.Hadur 3.10	uccc.MilkyWay 1.01	weak		2	29	1	1	403	84.0	0.0	0.3571	0	0
hadur2.Hadur 3.10	uccc.MilkyWay 1.01	weak		2	30	1	1	377	86.0	0.0	0.3846	0	0
hadur2.Hadur 3.10	uccc.MilkyWay 1.01	weak		2	31	1	1	471	79.0	0.0	0.2105	0	0
hadur2.Hadur 3.10	uccc.MilkyWay 1.01	weak		2	32	1	1	522	86.4	16.0	0.2273	0	0
hadur2.Hadur 3.10	uccc.MilkyWay 1.01	weak		2	33	1	1	311	90.0	0.0	0.5556	0	0
hadur2.Hadur 3.10	uccc.MilkyWay 1.01	weak		2	34	1	1	333	95.0	8.0	0.5000	0	6
hadur2.Hadur 3.10	uccc.MilkyWay 1.01	weak		3	0	1	1	629	77.0	12.0	0.2188	0	3
hadur2.Hadur 3.10	uccc.MilkyWay 1.01	weak		3	1	1	1	385	96.2	40.0	0.5714	0	0
hadur2.Hadur 3.10	uccc.MilkyWay 1.01	weak		3	2	1	1	426	82.0	0.0	0.4444	0	0
hadur2.Hadur 3.10	uccc.MilkyWay 1.01	weak		3	3	1	1	358	93.0	36.0	0.4167	0	0
hadur2.Hadur 3.10	uccc.MilkyWay 1.01	weak		3	4	1	1	458	86.0	8.0	0.2778	0	0
hadur2.Hadur 3.10	uccc.MilkyWay 1.01	weak		3	5	1	1	645	69.0	4.0	0.1379	0	0
hadur2.Hadur 3.10	uccc.MilkyWay 1.01	weak		3	6	1	1	463	82.0	4.0	0.2778	0	0
hadur2.Hadur 3.10	uccc.MilkyWay 1.01	weak		3	7	1	1	589	96.0	32.0	0.2143	0	0
hadur2.Hadur 3.10	uccc.MilkyWay 1.01	weak		3	8	1	1	621	85.5	20.0	0.2000	0	0
hadur2.Hadur 3.10	uccc.MilkyWay 1.01	weak		3	9	1	1	467	91.0	20.0	0.2778	0	0
hadur2.Hadur 3.10	uccc.MilkyWay 1.01	weak		3	10	1	1	609	75.0	8.0	0.1481	0	0
hadur2.Hadur 3.10	uccc.MilkyWay 1.01	weak		3	11	1	1	466	88.0	16.0	0.2778	0	0
hadur2.Hadur 3.10	uccc.MilkyWay 1.01	weak		3	12	1	1	588	80.0	12.0	0.1923	0	0
hadur2.Hadur 3.10	uccc.MilkyWay 1.01	weak		3	13	1	1	547	77.0	4.0	0.1739	0	0
hadur2.Hadur 3.10	uccc.MilkyWay 1.01	weak		3	14	1	1	962	60.6	20.0	0.1429	0	0
hadur2.Hadur 3.10	uccc.MilkyWay 1.01	weak		3	15	1	1	640	70.0	4.0	0.1667	0	0
hadur2.Hadur 3.10	uccc.MilkyWay 1.01	weak		3	16	1	1	373	92.0	8.0	0.4615	0	0
hadur2.Hadur 3.10	uccc.MilkyWay 1.01	weak		3	17	1	1	583	84.4	16.0	0.2414	0	0
hadur2.Hadur 3.10	uccc.MilkyWay 1.01	weak		3	18	1	1	540	86.0	16.0	0.2174	0	0
hadur2.Hadur 3.10	uccc.MilkyWay 1.01	weak		3	19	1	1	319	93.0	4.0	0.5556	0	1
hadur2.Hadur 3.10	uccc.MilkyWay 1.01	weak		3	20	1	1	426	94.0	16.0	0.3333	0	0
hadur2.Hadur 3.10	uccc.MilkyWay 1.01	weak		3	21	1	1	456	89.0	12.0	0.2778	0	0
hadur2.Hadur 3.10	uccc.MilkyWay 1.01	weak		3	22	1	1	424	91.0	12.0	0.3125	0	1
hadur2.Hadur 3.10	uccc.MilkyWay 1.01	weak		3	23	1	1	548	90.0	20.0	0.2500	0	0
hadur2.Hadur 3.10	uccc.MilkyWay 1.01	weak		3	24	1	1	392	94.0	12.0	0.3571	0	0
hadur2.Hadur 3.10	uccc.MilkyWay 1.01	weak		3	25	1	1	355	96.0	16.0	0.4545	0	0
hadur2.Hadur 3.10	uccc.MilkyWay 1.01	weak		3	26	1	1	543	80.0	8.0	0.1739	0	0
hadur2.Hadur 3.10	uccc.MilkyWay 1.01	weak		3	27	1	1	460	86.0	12.0	0.2778	0	0
hadur2.Hadur 3.10	uccc.MilkyWay 1.01	weak		3	28	1	1	443	81.0	4.0	0.2941	0	0
hadur2.Hadur 3.10	uccc.MilkyWay 1.01	weak		3	29	1	1	436	82.0	0.0	0.3125	0	1
hadur2.Hadur 3.10	uccc.MilkyWay 1.01	weak		3	30	1	1	569	78.0	8.0	0.1600	0	0
hadur2.Hadur 3.10	uccc.MilkyWay 1.01	weak		3	31	1	1	450	83.0	4.0	0.2778	0	0
hadur2.Hadur 3.10	uccc.MilkyWay 1.01	weak		3	32	1	1	372	86.0	0.0	0.4167	0	0
hadur2.Hadur 3.10	uccc.MilkyWay 1.01	weak		3	33	1	1	565	75.0	4.0	0.1667	0	0
hadur2.Hadur 3.10	uccc.MilkyWay 1.01	weak		3	34	1	1	463	83.0	8.0	0.2778	0	7
hadur2.Hadur 3.10	uccc.MilkyWay 1.01	weak		4	0	1	1	661	78.0	16.0	0.2571	0	4
hadur2.Hadur 3.10	uccc.MilkyWay 1.01	weak		4	1	1	1	492	80.0	4.0	0.3182	0	0
hadur2.Hadur 3.10	uccc.MilkyWay 1.01	weak		4	2	1	1	561	75.0	4.0	0.1923	0	0
hadur2.Hadur 3.10	uccc.MilkyWay 1.01	weak		4	3	1	1	465	79.0	0.0	0.2222	0	0
hadur2.Hadur 3.10	uccc.MilkyWay 1.01	weak		4	4	1	1	427	82.0	0.0	0.3125	0	0
hadur2.Hadur 3.10	uccc.MilkyWay 1.01	weak		4	5	1	1	382	85.0	4.0	0.3846	0	0
hadur2.Hadur 3.10	uccc.MilkyWay 1.01	weak		4	6	1	1	376	89.0	4.0	0.3846	0	0
hadur2.Hadur 3.10	uccc.MilkyWay 1.01	weak		4	7	1	1	406	84.0	0.0	0.3333	0	0
hadur2.Hadur 3.10	uccc.MilkyWay 1.01	weak		4	8	1	1	430	82.0	0.0	0.3125	0	0
hadur2.Hadur 3.10	uccc.MilkyWay 1.01	weak		4	9	1	1	417	72.8	12.0	0.2667	0	0
hadur2.Hadur 3.10	uccc.MilkyWay 1.01	weak		4	10	1	1	574	83.4	16.0	0.2000	0	0
hadur2.Hadur 3.10	uccc.MilkyWay 1.01	weak		4	11	1	1	677	70.0	8.0	0.1250	0	0
hadur2.Hadur 3.10	uccc.MilkyWay 1.01	weak		4	12	1	1	476	79.0	0.0	0.2632	0	0
hadur2.Hadur 3.10	uccc.MilkyWay 1.01	weak		4	13	1	1	314	90.0	0.0	0.5556	0	0
hadur2.Hadur 3.10	uccc.MilkyWay 1.01	weak		4	14	1	1	515	76.0	0.0	0.1905	0	0
hadur2.Hadur 3.10	uccc.MilkyWay 1.01	weak		4	15	1	1	467	80.0	0.0	0.2632	0	0
hadur2.Hadur 3.10	uccc.MilkyWay 1.01	weak		4	16	1	1	436	81.0	0.0	0.2941	0	0
hadur2.Hadur 3.10	uccc.MilkyWay 1.01	weak		4	17	1	1	551	73.0	0.0	0.1667	0	0
hadur2.Hadur 3.10	uccc.MilkyWay 1.01	weak		4	18	1	1	448	81.0	0.0	0.2778	0	0
hadur2.Hadur 3.10	uccc.MilkyWay 1.01	weak		4	19	1	1	474	79.0	0.0	0.2105	0	0
hadur2.Hadur 3.10	uccc.MilkyWay 1.01	weak		4	20	1	1	350	91.0	4.0	0.4545	0	0
hadur2.Hadur 3.10	uccc.MilkyWay 1.01	weak		4	21	1	1	418	86.0	4.0	0.3333	0	0
hadur2.Hadur 3.10	uccc.MilkyWay 1.01	weak		4	22	1	1	314	90.0	0.0	0.5556	0	0
hadur2.Hadur 3.10	uccc.MilkyWay 1.01	weak		4	23	1	1	300	91.0	0.0	0.6250	0	0
hadur2.Hadur 3.10	uccc.MilkyWay 1.01	weak		4	24	1	1	464	79.0	0.0	0.2222	0	0
hadur2.Hadur 3.10	uccc.MilkyWay 1.01	weak		4	25	1	1	297	91.0	0.0	0.6250	0	0
hadur2.Hadur 3.10	uccc.MilkyWay 1.01	weak		4	26	1	1	418	83.0	0.0	0.3125	0	0
hadur2.Hadur 3.10	uccc.MilkyWay 1.01	weak		4	27	1	1	466	79.0	0.0	0.2222	0	0
hadur2.Hadur 3.10	uccc.MilkyWay 1.01	weak		4	28	1	1	376	92.0	8.0	0.4167	0	0
hadur2.Hadur 3.10	uccc.MilkyWay 1.01	weak		4	29	1	1	345	88.0	0.0	0.4545	0	0
hadur2.Hadur 3.10	uccc.MilkyWay 1.01	weak		4	30	1	1	284	92.0	0.0	0.7143	0	0
hadur2.Hadur 3.10	uccc.MilkyWay 1.01	weak		4	31	1	1	378	86.0	0.0	0.3846	0	0
hadur2.Hadur 3.10	uccc.MilkyWay 1.01	weak		4	32	1	1	315	90.0	0.0	0.5556	0	0
hadur2.Hadur 3.10	uccc.MilkyWay 1.01	weak		4	33	1	1	527	75.0	0.0	0.1818	0	0
hadur2.Hadur 3.10	uccc.MilkyWay 1.01	weak		4	34	1	1	441	81.0	4.0	0.2941	0	5
hadur2.Hadur 3.10	xander.cat.Spitfire 1.4	weak		1	0	1	1	640	94.3	0.0	0.2857	298	7
hadur2.Hadur 3.10	xander.cat.Spitfire 1.4	weak		1	1	1	1	321	96.8	0.0	0.9000	0	0
hadur2.Hadur 3.10	xander.cat.Spitfire 1.4	weak		1	2	1	1	353	98.3	0.0	0.7692	0	0
hadur2.Hadur 3.10	xander.cat.Spitfire 1.4	weak		1	3	1	1	353	97.3	0.0	0.7692	0	0
hadur2.Hadur 3.10	xander.cat.Spitfire 1.4	weak		1	4	1	1	350	98.3	0.0	0.5455	0	0
hadur2.Hadur 3.10	xander.cat.Spitfire 1.4	weak		1	5	1	1	308	97.9	0.0	0.6667	0	0
hadur2.Hadur 3.10	xander.cat.Spitfire 1.4	weak		1	6	1	1	349	98.1	0.0	0.5455	0	0
hadur2.Hadur 3.10	xander.cat.Spitfire 1.4	weak		1	7	1	1	312	98.2	0.0	0.6667	0	0
hadur2.Hadur 3.10	xander.cat.Spitfire 1.4	weak		1	8	1	1	349	98.3	0.0	0.5455	0	0
hadur2.Hadur 3.10	xander.cat.Spitfire 1.4	weak		1	9	1	1	307	98.4	0.0	0.6667	0	0
hadur2.Hadur 3.10	xander.cat.Spitfire 1.4	weak		1	10	1	1	312	97.7	0.0	0.6667	0	0
hadur2.Hadur 3.10	xander.cat.Spitfire 1.4	weak		1	11	1	1	315	98.4	0.0	0.6667	0	0
hadur2.Hadur 3.10	xander.cat.Spitfire 1.4	weak		1	12	1	1	312	98.4	0.0	0.6667	0	0
hadur2.Hadur 3.10	xander.cat.Spitfire 1.4	weak		1	13	1	1	310	97.6	0.0	0.6667	0	0
hadur2.Hadur 3.10	xander.cat.Spitfire 1.4	weak		1	14	1	1	308	98.1	0.0	0.7500	0	0
hadur2.Hadur 3.10	xander.cat.Spitfire 1.4	weak		1	15	1	1	311	97.5	0.0	0.6667	0	0
hadur2.Hadur 3.10	xander.cat.Spitfire 1.4	weak		1	16	1	1	327	98.0	0.0	0.6000	0	0
hadur2.Hadur 3.10	xander.cat.Spitfire 1.4	weak		1	17	1	1	317	98.6	0.0	0.6667	0	0
hadur2.Hadur 3.10	xander.cat.Spitfire 1.4	weak		1	18	1	1	323	98.0	0.0	0.6000	0	0
hadur2.Hadur 3.10	xander.cat.Spitfire 1.4	weak		1	19	1	1	313	98.3	0.0	0.6667	0	0
hadur2.Hadur 3.10	xander.cat.Spitfire 1.4	weak		1	20	1	1	324	97.2	0.0	0.6000	0	0
hadur2.Hadur 3.10	xander.cat.Spitfire 1.4	weak		1	21	1	1	329	98.5	0.0	0.6000	0	0
hadur2.Hadur 3.10	xander.cat.Spitfire 1.4	weak		1	22	1	1	326	98.1	0.0	0.6000	0	0
hadur2.Hadur 3.10	xander.cat.Spitfire 1.4	weak		1	23	1	1	311	98.0	0.0	0.6667	0	0
hadur2.Hadur 3.10	xander.cat.Spitfire 1.4	weak		1	24	1	1	311	98.2	0.0	0.6667	0	0
hadur2.Hadur 3.10	xander.cat.Spitfire 1.4	weak		1	25	1	1	312	98.6	0.0	0.6667	0	0
hadur2.Hadur 3.10	xander.cat.Spitfire 1.4	weak		1	26	1	1	309	98.6	0.0	0.6667	0	0
hadur2.Hadur 3.10	xander.cat.Spitfire 1.4	weak		1	27	1	1	349	98.6	0.0	0.5455	0	0
hadur2.Hadur 3.10	xander.cat.Spitfire 1.4	weak		1	28	1	1	312	98.3	0.0	0.6667	0	0
hadur2.Hadur 3.10	xander.cat.Spitfire 1.4	weak		1	29	1	1	310	97.9	0.0	0.6667	0	0
hadur2.Hadur 3.10	xander.cat.Spitfire 1.4	weak		1	30	1	1	333	97.4	0.0	0.6000	0	0
hadur2.Hadur 3.10	xander.cat.Spitfire 1.4	weak		1	31	1	1	335	98.1	0.0	0.5455	0	0
hadur2.Hadur 3.10	xander.cat.Spitfire 1.4	weak		1	32	1	1	325	97.7	0.0	0.6000	0	0
hadur2.Hadur 3.10	xander.cat.Spitfire 1.4	weak		1	33	1	1	309	97.7	0.0	0.7500	0	0
hadur2.Hadur 3.10	xander.cat.Spitfire 1.4	weak		1	34	1	1	310	98.3	0.0	0.6667	0	5
hadur2.Hadur 3.10	xander.cat.Spitfire 1.4	weak		2	0	1	1	353	97.7	0.0	0.7692	0	8
hadur2.Hadur 3.10	xander.cat.Spitfire 1.4	weak		2	1	1	1	352	97.1	0.0	0.7692	0	0
hadur2.Hadur 3.10	xander.cat.Spitfire 1.4	weak		2	2	1	1	352	97.2	0.0	0.7692	0	0
hadur2.Hadur 3.10	xander.cat.Spitfire 1.4	weak		2	3	1	1	353	97.6	0.0	0.7692	0	0
hadur2.Hadur 3.10	xander.cat.Spitfire 1.4	weak		2	4	1	1	325	98.1	0.4	0.6000	0	0
hadur2.Hadur 3.10	xander.cat.Spitfire 1.4	weak		2	5	1	1	301	98.0	0.0	0.7500	0	0
hadur2.Hadur 3.10	xander.cat.Spitfire 1.4	weak		2	6	1	1	303	98.1	0.0	0.7500	0	0
hadur2.Hadur 3.10	xander.cat.Spitfire 1.4	weak		2	7	1	1	306	100.9	4.7	0.7500	0	0
hadur2.Hadur 3.10	xander.cat.Spitfire 1.4	weak		2	8	1	1	316	98.3	0.0	0.6667	0	0
hadur2.Hadur 3.10	xander.cat.Spitfire 1.4	weak		2	9	1	1	303	98.6	0.0	0.7500	0	0
hadur2.Hadur 3.10	xander.cat.Spitfire 1.4	weak		2	10	1	1	308	97.2	0.0	0.6667	0	0
hadur2.Hadur 3.10	xander.cat.Spitfire 1.4	weak		2	11	1	1	309	98.3	0.0	0.7500	0	0
hadur2.Hadur 3.10	xander.cat.Spitfire 1.4	weak		2	12	1	1	309	97.6	0.0	0.6667	0	0
hadur2.Hadur 3.10	xander.cat.Spitfire 1.4	weak		2	13	1	1	315	98.0	0.0	0.6667	0	0
hadur2.Hadur 3.10	xander.cat.Spitfire 1.4	weak		2	14	1	1	317	99.0	0.0	0.6667	0	0
hadur2.Hadur 3.10	xander.cat.Spitfire 1.4	weak		2	15	1	1	301	98.1	0.4	0.7500	0	0
hadur2.Hadur 3.10	xander.cat.Spitfire 1.4	weak		2	16	1	1	313	97.6	0.0	0.6667	0	0
hadur2.Hadur 3.10	xander.cat.Spitfire 1.4	weak		2	17	1	1	301	98.6	0.0	0.7500	0	0
hadur2.Hadur 3.10	xander.cat.Spitfire 1.4	weak		2	18	1	1	311	99.1	0.0	0.6667	0	0
hadur2.Hadur 3.10	xander.cat.Spitfire 1.4	weak		2	19	1	1	314	98.4	0.0	0.6667	0	0
hadur2.Hadur 3.10	xander.cat.Spitfire 1.4	weak		2	20	1	1	315	98.3	0.0	0.6667	0	0
hadur2.Hadur 3.10	xander.cat.Spitfire 1.4	weak		2	21	1	1	305	97.7	0.0	0.7500	0	0
hadur2.Hadur 3.10	xander.cat.Spitfire 1.4	weak		2	22	1	1	312	98.2	0.0	0.6667	0	0
hadur2.Hadur 3.10	xander.cat.Spitfire 1.4	weak		2	23	1	1	314	98.3	0.0	0.6667	0	0
hadur2.Hadur 3.10	xander.cat.Spitfire 1.4	weak		2	24	1	1	318	97.7	0.0	0.6667	0	0
hadur2.Hadur 3.10	xander.cat.Spitfire 1.4	weak		2	25	1	1	314	97.5	0.0	0.6667	0	0
hadur2.Hadur 3.10	xander.cat.Spitfire 1.4	weak		2	26	1	1	304	98.4	0.0	0.7500	0	0
hadur2.Hadur 3.10	xander.cat.Spitfire 1.4	weak		2	27	1	1	306	97.1	0.0	0.6667	0	0
hadur2.Hadur 3.10	xander.cat.Spitfire 1.4	weak		2	28	1	1	318	98.0	0.0	0.6667	0	0
hadur2.Hadur 3.10	xander.cat.Spitfire 1.4	weak		2	29	1	1	322	98.4	0.0	0.6000	0	0
hadur2.Hadur 3.10	xander.cat.Spitfire 1.4	weak		2	30	1	1	303	98.3	0.0	0.7500	0	0
hadur2.Hadur 3.10	xander.cat.Spitfire 1.4	weak		2	31	1	1	312	98.5	0.0	0.6667	0	0
hadur2.Hadur 3.10	xander.cat.Spitfire 1.4	weak		2	32	1	1	351	98.1	0.0	0.5455	0	0
hadur2.Hadur 3.10	xander.cat.Spitfire 1.4	weak		2	33	1	1	310	98.3	0.0	0.6667	0	0
hadur2.Hadur 3.10	xander.cat.Spitfire 1.4	weak		2	34	1	1	307	98.1	0.0	0.6667	0	5
hadur2.Hadur 3.10	xander.cat.Spitfire 1.4	weak		3	0	1	1	337	96.9	0.0	0.7500	0	5
hadur2.Hadur 3.10	xander.cat.Spitfire 1.4	weak		3	1	1	1	356	97.4	0.0	0.7692	0	0
hadur2.Hadur 3.10	xander.cat.Spitfire 1.4	weak		3	2	1	1	363	97.7	0.0	0.7692	0	0
hadur2.Hadur 3.10	xander.cat.Spitfire 1.4	weak		3	3	1	1	351	97.6	0.0	0.7692	0	0
hadur2.Hadur 3.10	xander.cat.Spitfire 1.4	weak		3	4	1	1	317	97.9	0.0	0.6667	0	0
hadur2.Hadur 3.10	xander.cat.Spitfire 1.4	weak		3	5	1	1	335	98.4	0.0	0.6000	0	0
hadur2.Hadur 3.10	xander.cat.Spitfire 1.4	weak		3	6	1	1	332	97.6	0.0	0.6000	0	0
hadur2.Hadur 3.10	xander.cat.Spitfire 1.4	weak		3	7	1	1	324	98.2	0.0	0.6667	0	0
hadur2.Hadur 3.10	xander.cat.Spitfire 1.4	weak		3	8	1	1	313	98.4	0.0	0.6667	0	0
hadur2.Hadur 3.10	xander.cat.Spitfire 1.4	weak		3	9	1	1	310	97.8	0.0	0.6667	0	0
hadur2.Hadur 3.10	xander.cat.Spitfire 1.4	weak		3	10	1	1	322	98.2	0.0	0.6000	0	0
hadur2.Hadur 3.10	xander.cat.Spitfire 1.4	weak		3	11	1	1	331	97.3	0.0	0.6000	0	0
hadur2.Hadur 3.10	xander.cat.Spitfire 1.4	weak		3	12	1	1	311	98.7	0.0	0.6667	0	0
hadur2.Hadur 3.10	xander.cat.Spitfire 1.4	weak		3	13	1	1	312	98.0	0.4	0.6667	0	0
hadur2.Hadur 3.10	xander.cat.Spitfire 1.4	weak		3	14	1	1	346	97.6	0.0	0.5455	0	0
hadur2.Hadur 3.10	xander.cat.Spitfire 1.4	weak		3	15	1	1	311	97.9	0.0	0.6667	0	0
hadur2.Hadur 3.10	xander.cat.Spitfire 1.4	weak		3	16	1	1	327	97.6	0.0	0.6000	0	0
hadur2.Hadur 3.10	xander.cat.Spitfire 1.4	weak		3	17	1	1	307	97.8	0.4	0.6667	0	0
hadur2.Hadur 3.10	xander.cat.Spitfire 1.4	weak		3	18	1	1	350	98.4	0.0	0.5000	0	0
hadur2.Hadur 3.10	xander.cat.Spitfire 1.4	weak		3	19	1	1	305	98.3	0.0	0.7500	0	0
hadur2.Hadur 3.10	xander.cat.Spitfire 1.4	weak		3	20	1	1	349	97.7	0.0	0.5000	0	0
hadur2.Hadur 3.10	xander.cat.Spitfire 1.4	weak		3	21	1	1	314	98.3	0.0	0.6667	0	0
hadur2.Hadur 3.10	xander.cat.Spitfire 1.4	weak		3	22	1	1	325	97.6	0.0	0.6000	0	0
hadur2.Hadur 3.10	xander.cat.Spitfire 1.4	weak		3	23	1	1	332	98.2	0.0	0.6000	0	0
hadur2.Hadur 3.10	xander.cat.Spitfire 1.4	weak		3	24	1	1	314	98.1	0.0	0.6667	0	0
hadur2.Hadur 3.10	xander.cat.Spitfire 1.4	weak		3	25	1	1	309	98.1	0.0	0.7500	0	0
hadur2.Hadur 3.10	xander.cat.Spitfire 1.4	weak		3	26	1	1	309	97.9	0.0	0.6667	0	0
hadur2.Hadur 3.10	xander.cat.Spitfire 1.4	weak		3	27	1	1	333	98.3	0.0	0.6000	0	0
hadur2.Hadur 3.10	xander.cat.Spitfire 1.4	weak		3	28	1	1	311	97.8	0.0	0.6667	0	0
hadur2.Hadur 3.10	xander.cat.Spitfire 1.4	weak		3	29	1	1	366	97.9	0.0	0.4615	0	0
hadur2.Hadur 3.10	xander.cat.Spitfire 1.4	weak		3	30	1	1	309	97.5	0.0	0.6667	0	0
hadur2.Hadur 3.10	xander.cat.Spitfire 1.4	weak		3	31	1	1	304	98.8	0.0	0.7500	0	0
hadur2.Hadur 3.10	xander.cat.Spitfire 1.4	weak		3	32	1	1	310	98.9	0.0	0.6667	0	0
hadur2.Hadur 3.10	xander.cat.Spitfire 1.4	weak		3	33	1	1	326	97.7	0.0	0.6000	0	0
hadur2.Hadur 3.10	xander.cat.Spitfire 1.4	weak		3	34	1	1	302	98.2	0.0	0.7500	0	6
hadur2.Hadur 3.10	xander.cat.Spitfire 1.4	weak		4	0	1	1	639	94.0	0.0	0.2571	298	6
hadur2.Hadur 3.10	xander.cat.Spitfire 1.4	weak		4	1	1	1	367	97.5	0.0	0.5385	0	0
hadur2.Hadur 3.10	xander.cat.Spitfire 1.4	weak		4	2	1	1	334	97.8	0.0	0.6000	0	0
hadur2.Hadur 3.10	xander.cat.Spitfire 1.4	weak		4	3	1	1	327	97.5	0.0	0.6000	0	0
hadur2.Hadur 3.10	xander.cat.Spitfire 1.4	weak		4	4	1	1	344	97.2	0.0	0.5455	0	0
hadur2.Hadur 3.10	xander.cat.Spitfire 1.4	weak		4	5	1	1	359	97.2	0.0	0.5000	0	0
hadur2.Hadur 3.10	xander.cat.Spitfire 1.4	weak		4	6	1	1	318	98.4	0.0	0.6667	0	0
hadur2.Hadur 3.10	xander.cat.Spitfire 1.4	weak		4	7	1	1	313	98.1	0.0	0.6667	0	0
hadur2.Hadur 3.10	xander.cat.Spitfire 1.4	weak		4	8	1	1	328	98.5	0.0	0.6000	0	0
hadur2.Hadur 3.10	xander.cat.Spitfire 1.4	weak		4	9	1	1	316	97.3	0.0	0.6667	0	0
hadur2.Hadur 3.10	xander.cat.Spitfire 1.4	weak		4	10	1	1	325	97.9	0.0	0.6000	0	0
hadur2.Hadur 3.10	xander.cat.Spitfire 1.4	weak		4	11	1	1	312	98.0	0.0	0.6667	0	0
hadur2.Hadur 3.10	xander.cat.Spitfire 1.4	weak		4	12	1	1	321	98.0	0.0	0.6667	0	0
hadur2.Hadur 3.10	xander.cat.Spitfire 1.4	weak		4	13	1	1	337	97.1	0.0	0.5455	0	0
hadur2.Hadur 3.10	xander.cat.Spitfire 1.4	weak		4	14	1	1	334	97.8	0.0	0.6000	0	0
hadur2.Hadur 3.10	xander.cat.Spitfire 1.4	weak		4	15	1	1	333	97.6	0.0	0.6000	0	0
hadur2.Hadur 3.10	xander.cat.Spitfire 1.4	weak		4	16	1	1	375	97.0	0.0	0.4615	0	0
hadur2.Hadur 3.10	xander.cat.Spitfire 1.4	weak		4	17	1	1	331	98.2	0.0	0.6000	0	0
hadur2.Hadur 3.10	xander.cat.Spitfire 1.4	weak		4	18	1	1	344	97.6	0.0	0.5455	0	0
hadur2.Hadur 3.10	xander.cat.Spitfire 1.4	weak		4	19	1	1	305	97.3	0.0	0.6667	0	0
hadur2.Hadur 3.10	xander.cat.Spitfire 1.4	weak		4	20	1	1	312	98.4	0.0	0.6667	0	0
hadur2.Hadur 3.10	xander.cat.Spitfire 1.4	weak		4	21	1	1	329	98.1	0.0	0.6000	0	0
hadur2.Hadur 3.10	xander.cat.Spitfire 1.4	weak		4	22	1	1	336	97.4	0.0	0.6000	0	0
hadur2.Hadur 3.10	xander.cat.Spitfire 1.4	weak		4	23	1	1	347	97.5	0.0	0.5455	0	0
hadur2.Hadur 3.10	xander.cat.Spitfire 1.4	weak		4	24	1	1	310	98.1	0.0	0.6667	0	0
hadur2.Hadur 3.10	xander.cat.Spitfire 1.4	weak		4	25	1	1	313	97.9	0.0	0.6667	0	0
hadur2.Hadur 3.10	xander.cat.Spitfire 1.4	weak		4	26	1	1	324	98.1	0.0	0.6667	0	0
hadur2.Hadur 3.10	xander.cat.Spitfire 1.4	weak		4	27	1	1	326	98.9	0.0	0.6000	0	0
hadur2.Hadur 3.10	xander.cat.Spitfire 1.4	weak		4	28	1	1	332	98.3	0.0	0.6000	0	0
hadur2.Hadur 3.10	xander.cat.Spitfire 1.4	weak		4	29	1	1	331	97.7	0.0	0.6000	0	0
hadur2.Hadur 3.10	xander.cat.Spitfire 1.4	weak		4	30	1	1	310	98.1	0.0	0.6667	0	0
hadur2.Hadur 3.10	xander.cat.Spitfire 1.4	weak		4	31	1	1	382	98.2	0.0	0.4615	0	0
hadur2.Hadur 3.10	xander.cat.Spitfire 1.4	weak		4	32	1	1	319	98.6	0.0	0.6667	0	0
hadur2.Hadur 3.10	xander.cat.Spitfire 1.4	weak		4	33	1	1	314	98.6	0.0	0.6667	0	0
hadur2.Hadur 3.10	xander.cat.Spitfire 1.4	weak		4	34	1	1	311	98.2	0.0	0.6667	0	6
hadur2.Hadur 3.10	yk.JahMicro 1.0	weak		1	0	1	1	749	69.0	8.0	0.1667	0	8
hadur2.Hadur 3.10	yk.JahMicro 1.0	weak		1	1	1	1	522	74.0	0.0	0.2500	0	0
hadur2.Hadur 3.10	yk.JahMicro 1.0	weak		1	2	1	1	590	73.0	0.0	0.1481	0	0
hadur2.Hadur 3.10	yk.JahMicro 1.0	weak		1	3	1	1	420	86.0	4.0	0.3125	0	1
hadur2.Hadur 3.10	yk.JahMicro 1.0	weak		1	4	1	1	411	83.0	0.0	0.3125	0	0
hadur2.Hadur 3.10	yk.JahMicro 1.0	weak		1	5	1	1	812	70.0	4.0	0.0976	0	0
hadur2.Hadur 3.10	yk.JahMicro 1.0	weak		1	6	1	1	528	73.0	0.0	0.1818	0	0
hadur2.Hadur 3.10	yk.JahMicro 1.0	weak		1	7	1	1	501	82.0	4.0	0.3182	0	1
hadur2.Hadur 3.10	yk.JahMicro 1.0	weak		1	8	1	1	558	74.0	0.0	0.1667	0	0
hadur2.Hadur 3.10	yk.JahMicro 1.0	weak		1	9	1	1	582	73.0	0.0	0.1538	0	0
hadur2.Hadur 3.10	yk.JahMicro 1.0	weak		1	10	1	1	604	65.0	0.0	0.1429	0	0
hadur2.Hadur 3.10	yk.JahMicro 1.0	weak		1	11	1	1	628	77.0	16.0	0.2258	0	0
hadur2.Hadur 3.10	yk.JahMicro 1.0	weak		1	12	1	1	461	85.0	16.0	0.3158	0	0
hadur2.Hadur 3.10	yk.JahMicro 1.0	weak		1	13	1	1	494	74.0	0.0	0.2000	0	0
hadur2.Hadur 3.10	yk.JahMicro 1.0	weak		1	14	1	1	443	87.0	4.0	0.2941	0	0
hadur2.Hadur 3.10	yk.JahMicro 1.0	weak		1	15	1	1	484	80.0	8.0	0.2105	0	0
hadur2.Hadur 3.10	yk.JahMicro 1.0	weak		1	16	1	1	518	96.0	20.0	0.2381	0	0
hadur2.Hadur 3.10	yk.JahMicro 1.0	weak		1	17	1	1	490	81.0	0.0	0.2381	0	0
hadur2.Hadur 3.10	yk.JahMicro 1.0	weak		1	18	1	1	648	73.0	0.0	0.1333	0	0
hadur2.Hadur 3.10	yk.JahMicro 1.0	weak		1	19	1	1	554	83.0	16.0	0.2000	0	0
hadur2.Hadur 3.10	yk.JahMicro 1.0	weak		1	20	1	1	1068	73.0	8.0	0.1406	0	0
hadur2.Hadur 3.10	yk.JahMicro 1.0	weak		1	21	1	1	410	95.0	32.0	0.4000	0	0
hadur2.Hadur 3.10	yk.JahMicro 1.0	weak		1	22	1	1	417	88.0	16.0	0.3333	0	0
hadur2.Hadur 3.10	yk.JahMicro 1.0	weak		1	23	1	1	644	84.0	8.0	0.1613	0	0
hadur2.Hadur 3.10	yk.JahMicro 1.0	weak		1	24	1	1	628	73.0	16.0	0.1429	0	0
hadur2.Hadur 3.10	yk.JahMicro 1.0	weak		1	25	1	1	608	77.0	8.0	0.1786	0	0
hadur2.Hadur 3.10	yk.JahMicro 1.0	weak		1	26	1	1	640	76.0	8.0	0.2121	0	0
hadur2.Hadur 3.10	yk.JahMicro 1.0	weak		1	27	1	1	330	85.0	0.0	0.5000	0	0
hadur2.Hadur 3.10	yk.JahMicro 1.0	weak		1	28	1	1	386	88.0	4.0	0.3846	0	0
hadur2.Hadur 3.10	yk.JahMicro 1.0	weak		1	29	1	1	429	87.0	8.0	0.3125	0	0
hadur2.Hadur 3.10	yk.JahMicro 1.0	weak		1	30	1	1	506	87.0	16.0	0.2273	0	0
hadur2.Hadur 3.10	yk.JahMicro 1.0	weak		1	31	1	1	646	71.0	4.0	0.1333	0	0
hadur2.Hadur 3.10	yk.JahMicro 1.0	weak		1	32	1	1	535	70.4	0.0	0.1818	0	0
hadur2.Hadur 3.10	yk.JahMicro 1.0	weak		1	33	1	1	568	70.0	0.0	0.1923	0	0
hadur2.Hadur 3.10	yk.JahMicro 1.0	weak		1	34	1	1	810	67.0	0.0	0.1333	0	5
hadur2.Hadur 3.10	yk.JahMicro 1.0	weak		2	0	1	1	1191	52.0	12.0	0.1392	0	7
hadur2.Hadur 3.10	yk.JahMicro 1.0	weak		2	1	1	1	815	68.0	4.0	0.1556	0	0
hadur2.Hadur 3.10	yk.JahMicro 1.0	weak		2	2	1	1	690	75.0	0.0	0.1471	0	0
hadur2.Hadur 3.10	yk.JahMicro 1.0	weak		2	3	1	1	461	89.4	16.0	0.2632	0	0
hadur2.Hadur 3.10	yk.JahMicro 1.0	weak		2	4	1	1	364	106.6	80.0	0.5000	0	0
hadur2.Hadur 3.10	yk.JahMicro 1.0	weak		2	5	1	1	534	89.0	28.0	0.2273	0	0
hadur2.Hadur 3.10	yk.JahMicro 1.0	weak		2	6	1	1	714	75.0	12.0	0.1176	0	0
hadur2.Hadur 3.10	yk.JahMicro 1.0	weak		2	7	1	1	532	84.0	20.0	0.2500	0	0
hadur2.Hadur 3.10	yk.JahMicro 1.0	weak		2	8	1	1	504	82.4	20.0	0.2857	0	0
hadur2.Hadur 3.10	yk.JahMicro 1.0	weak		2	9	1	1	602	78.0	4.0	0.1481	0	0
hadur2.Hadur 3.10	yk.JahMicro 1.0	weak		2	10	1	1	518	80.0	20.0	0.1905	0	0
hadur2.Hadur 3.10	yk.JahMicro 1.0	weak		2	11	1	1	449	87.0	16.0	0.2941	0	0
hadur2.Hadur 3.10	yk.JahMicro 1.0	weak		2	12	1	1	486	86.0	4.0	0.2632	0	0
hadur2.Hadur 3.10	yk.JahMicro 1.0	weak		2	13	1	1	702	71.0	0.0	0.1212	0	0
hadur2.Hadur 3.10	yk.JahMicro 1.0	weak		2	14	1	1	492	73.0	0.0	0.2000	0	0
hadur2.Hadur 3.10	yk.JahMicro 1.0	weak		2	15	1	1	563	77.0	0.0	0.2000	0	0
hadur2.Hadur 3.10	yk.JahMicro 1.0	weak		2	16	1	1	342	81.0	0.0	0.4545	0	0
hadur2.Hadur 3.10	yk.JahMicro 1.0	weak		2	17	1	1	760	67.0	0.0	0.1081	0	0
hadur2.Hadur 3.10	yk.JahMicro 1.0	weak		2	18	1	1	491	81.0	16.0	0.2500	0	0
hadur2.Hadur 3.10	yk.JahMicro 1.0	weak		2	19	1	1	668	75.0	4.0	0.1818	0	0
hadur2.Hadur 3.10	yk.JahMicro 1.0	weak		2	20	1	1	598	74.0	8.0	0.1852	0	2
hadur2.Hadur 3.10	yk.JahMicro 1.0	weak		2	21	1	1	570	85.0	20.0	0.2000	0	0
hadur2.Hadur 3.10	yk.JahMicro 1.0	weak		2	22	1	1	526	71.0	0.0	0.1818	0	0
hadur2.Hadur 3.10	yk.JahMicro 1.0	weak		2	23	1	1	594	69.0	0.0	0.1481	0	0
hadur2.Hadur 3.10	yk.JahMicro 1.0	weak		2	24	1	1	386	76.0	16.0	0.3846	0	0
hadur2.Hadur 3.10	yk.JahMicro 1.0	weak		2	25	1	1	398	74.0	0.0	0.2857	0	0
hadur2.Hadur 3.10	yk.JahMicro 1.0	weak		2	26	1	1	523	80.0	4.0	0.1818	0	0
hadur2.Hadur 3.10	yk.JahMicro 1.0	weak		2	27	1	1	528	78.0	0.0	0.1818	0	0
hadur2.Hadur 3.10	yk.JahMicro 1.0	weak		2	28	1	1	624	73.0	4.0	0.1429	0	0
hadur2.Hadur 3.10	yk.JahMicro 1.0	weak		2	29	1	1	335	88.0	0.0	0.5000	0	0
hadur2.Hadur 3.10	yk.JahMicro 1.0	weak		2	30	1	1	524	78.0	16.0	0.1818	0	0
hadur2.Hadur 3.10	yk.JahMicro 1.0	weak		2	31	1	1	607	71.0	0.0	0.1481	0	0
hadur2.Hadur 3.10	yk.JahMicro 1.0	weak		2	32	1	1	665	72.0	4.0	0.1250	0	0
hadur2.Hadur 3.10	yk.JahMicro 1.0	weak		2	33	1	1	711	67.0	0.0	0.1622	0	0
hadur2.Hadur 3.10	yk.JahMicro 1.0	weak		2	34	1	1	434	91.0	32.0	0.3529	0	6
hadur2.Hadur 3.10	yk.JahMicro 1.0	weak		3	0	0	0	1335	47.0	51.0	0.1753	0	1
hadur2.Hadur 3.10	yk.JahMicro 1.0	weak		3	1	1	1	704	73.0	0.0	0.1176	0	5
hadur2.Hadur 3.10	yk.JahMicro 1.0	weak		3	2	1	1	666	88.0	32.0	0.1613	0	0
hadur2.Hadur 3.10	yk.JahMicro 1.0	weak		3	3	1	1	754	76.0	16.0	0.1538	0	0
hadur2.Hadur 3.10	yk.JahMicro 1.0	weak		3	4	1	1	652	73.0	0.0	0.1333	0	0
hadur2.Hadur 3.10	yk.JahMicro 1.0	weak		3	5	1	1	633	71.0	4.0	0.1935	0	0
hadur2.Hadur 3.10	yk.JahMicro 1.0	weak		3	6	1	1	576	80.0	8.0	0.2222	0	0
hadur2.Hadur 3.10	yk.JahMicro 1.0	weak		3	7	1	1	638	82.0	24.0	0.1667	0	0
hadur2.Hadur 3.10	yk.JahMicro 1.0	weak		3	8	1	1	628	84.0	16.0	0.1667	0	0
hadur2.Hadur 3.10	yk.JahMicro 1.0	weak		3	9	1	1	361	87.8	16.0	0.4167	0	0
hadur2.Hadur 3.10	yk.JahMicro 1.0	weak		3	10	1	1	447	79.0	0.0	0.2353	0	0
hadur2.Hadur 3.10	yk.JahMicro 1.0	weak		3	11	1	1	1302	38.0	8.0	0.1609	0	0
hadur2.Hadur 3.10	yk.JahMicro 1.0	weak		3	12	1	1	558	87.0	12.0	0.2308	0	0
hadur2.Hadur 3.10	yk.JahMicro 1.0	weak		3	13	1	1	347	88.4	32.0	0.4545	0	0
hadur2.Hadur 3.10	yk.JahMicro 1.0	weak		3	14	1	1	447	81.0	0.0	0.2941	0	0
hadur2.Hadur 3.10	yk.JahMicro 1.0	weak		3	15	1	1	714	83.0	20.0	0.1471	0	0
hadur2.Hadur 3.10	yk.JahMicro 1.0	weak		3	16	1	1	585	68.0	0.0	0.1538	0	0
hadur2.Hadur 3.10	yk.JahMicro 1.0	weak		3	17	1	1	448	88.0	16.0	0.2941	0	0
hadur2.Hadur 3.10	yk.JahMicro 1.0	weak		3	18	1	1	1008	66.0	16.0	0.1846	0	0
hadur2.Hadur 3.10	yk.JahMicro 1.0	weak		3	19	1	1	400	74.0	0.0	0.2857	0	0
hadur2.Hadur 3.10	yk.JahMicro 1.0	weak		3	20	1	1	399	77.0	0.0	0.2857	0	0
hadur2.Hadur 3.10	yk.JahMicro 1.0	weak		3	21	1	1	595	73.0	0.0	0.1481	0	0
hadur2.Hadur 3.10	yk.JahMicro 1.0	weak		3	22	1	1	672	70.0	0.0	0.1290	0	0
hadur2.Hadur 3.10	yk.JahMicro 1.0	weak		3	23	1	1	359	92.4	16.0	0.4167	0	0
hadur2.Hadur 3.10	yk.JahMicro 1.0	weak		3	24	1	1	280	93.2	16.0	0.7143	0	0
hadur2.Hadur 3.10	yk.JahMicro 1.0	weak		3	25	1	1	632	74.0	4.0	0.1379	0	0
hadur2.Hadur 3.10	yk.JahMicro 1.0	weak		3	26	1	1	608	73.0	4.0	0.1481	0	0
hadur2.Hadur 3.10	yk.JahMicro 1.0	weak		3	27	1	1	506	87.0	0.0	0.2381	0	0
hadur2.Hadur 3.10	yk.JahMicro 1.0	weak		3	28	1	1	562	82.0	20.0	0.2400	0	0
hadur2.Hadur 3.10	yk.JahMicro 1.0	weak		3	29	1	1	522	77.0	0.0	0.1818	0	0
hadur2.Hadur 3.10	yk.JahMicro 1.0	weak		3	30	1	1	396	89.0	20.0	0.3571	0	0
hadur2.Hadur 3.10	yk.JahMicro 1.0	weak		3	31	1	1	433	80.0	0.0	0.2500	0	0
hadur2.Hadur 3.10	yk.JahMicro 1.0	weak		3	32	0	0	380	95.7	88.0	0.3846	0	0
hadur2.Hadur 3.10	yk.JahMicro 1.0	weak		3	33	1	1	640	73.0	4.0	0.1379	0	0
hadur2.Hadur 3.10	yk.JahMicro 1.0	weak		3	34	1	1	458	83.0	0.0	0.2778	0	6
hadur2.Hadur 3.10	yk.JahMicro 1.0	weak		4	0	1	1	1014	55.0	0.0	0.1290	298	7
hadur2.Hadur 3.10	yk.JahMicro 1.0	weak		4	1	1	1	303	80.8	48.0	0.6667	0	0
hadur2.Hadur 3.10	yk.JahMicro 1.0	weak		4	2	1	1	744	70.0	4.0	0.1500	0	1
hadur2.Hadur 3.10	yk.JahMicro 1.0	weak		4	3	1	1	585	93.0	28.0	0.1923	0	0
hadur2.Hadur 3.10	yk.JahMicro 1.0	weak		4	4	1	1	396	78.0	0.0	0.2857	0	0
hadur2.Hadur 3.10	yk.JahMicro 1.0	weak		4	5	1	1	739	79.0	24.0	0.1944	0	0
hadur2.Hadur 3.10	yk.JahMicro 1.0	weak		4	6	1	1	634	75.0	0.0	0.1379	0	0
hadur2.Hadur 3.10	yk.JahMicro 1.0	weak		4	7	1	1	491	78.0	4.0	0.2000	0	1
hadur2.Hadur 3.10	yk.JahMicro 1.0	weak		4	8	1	1	393	88.0	4.0	0.3571	0	0
hadur2.Hadur 3.10	yk.JahMicro 1.0	weak		4	9	1	1	861	73.0	4.0	0.0909	0	0
hadur2.Hadur 3.10	yk.JahMicro 1.0	weak		4	10	1	1	666	79.0	8.0	0.1875	0	0
hadur2.Hadur 3.10	yk.JahMicro 1.0	weak		4	11	1	1	647	78.0	0.0	0.2059	0	0
hadur2.Hadur 3.10	yk.JahMicro 1.0	weak		4	12	1	1	506	89.0	12.0	0.2381	0	0
hadur2.Hadur 3.10	yk.JahMicro 1.0	weak		4	13	1	1	600	83.0	4.0	0.1852	0	0
hadur2.Hadur 3.10	yk.JahMicro 1.0	weak		4	14	1	1	339	89.0	0.0	0.4545	0	0
hadur2.Hadur 3.10	yk.JahMicro 1.0	weak		4	15	1	1	711	81.0	4.0	0.1351	0	0
hadur2.Hadur 3.10	yk.JahMicro 1.0	weak		4	16	1	1	901	68.0	12.0	0.1176	0	0
hadur2.Hadur 3.10	yk.JahMicro 1.0	weak		4	17	1	1	572	82.0	0.0	0.1923	0	0
hadur2.Hadur 3.10	yk.JahMicro 1.0	weak		4	18	1	1	660	77.0	0.0	0.1515	0	0
hadur2.Hadur 3.10	yk.JahMicro 1.0	weak		4	19	1	1	436	78.4	0.0	0.2500	0	0
hadur2.Hadur 3.10	yk.JahMicro 1.0	weak		4	20	1	1	756	74.0	16.0	0.1053	0	0
hadur2.Hadur 3.10	yk.JahMicro 1.0	weak		4	21	1	1	449	86.0	8.0	0.3333	0	0
hadur2.Hadur 3.10	yk.JahMicro 1.0	weak		4	22	1	1	649	70.0	0.0	0.1333	0	0
hadur2.Hadur 3.10	yk.JahMicro 1.0	weak		4	23	1	1	527	73.0	4.0	0.1739	0	0
hadur2.Hadur 3.10	yk.JahMicro 1.0	weak		4	24	1	1	554	82.0	0.0	0.2000	0	0
hadur2.Hadur 3.10	yk.JahMicro 1.0	weak		4	25	1	1	1065	58.0	16.0	0.1846	0	0
hadur2.Hadur 3.10	yk.JahMicro 1.0	weak		4	26	1	1	422	83.0	0.0	0.3125	0	0
hadur2.Hadur 3.10	yk.JahMicro 1.0	weak		4	27	1	1	1546	60.0	4.0	0.2870	0	0
hadur2.Hadur 3.10	yk.JahMicro 1.0	weak		4	28	1	1	545	89.0	28.0	0.2083	0	0
hadur2.Hadur 3.10	yk.JahMicro 1.0	weak		4	29	1	1	542	101.0	20.0	0.2400	0	0
hadur2.Hadur 3.10	yk.JahMicro 1.0	weak		4	30	1	1	564	70.0	4.0	0.1600	0	0
hadur2.Hadur 3.10	yk.JahMicro 1.0	weak		4	31	1	1	940	76.0	20.0	0.2593	0	0
hadur2.Hadur 3.10	yk.JahMicro 1.0	weak		4	32	1	1	712	75.0	12.0	0.1176	0	0
hadur2.Hadur 3.10	yk.JahMicro 1.0	weak		4	33	1	1	646	74.0	8.0	0.1379	0	0
hadur2.Hadur 3.10	yk.JahMicro 1.0	weak		4	34	1	1	577	79.0	0.0	0.2222	0	7
hadur2.Hadur 3.9	AD.CodaFirst 1.1	weak		1	0	1	1	295	85.0	0.0	0.7500	0	5
hadur2.Hadur 3.9	AD.CodaFirst 1.1	weak		1	1	1	1	320	88.0	0.0	0.7000	0	0
hadur2.Hadur 3.9	AD.CodaFirst 1.1	weak		1	2	1	1	342	79.0	0.0	0.5455	0	0
hadur2.Hadur 3.9	AD.CodaFirst 1.1	weak		1	3	1	1	296	93.1	3.6	0.8750	0	0
hadur2.Hadur 3.9	AD.CodaFirst 1.1	weak		1	4	1	1	411	74.6	18.8	0.4444	0	0
hadur2.Hadur 3.9	AD.CodaFirst 1.1	weak		1	5	1	1	440	64.5	0.0	0.3158	0	0
hadur2.Hadur 3.9	AD.CodaFirst 1.1	weak		1	6	1	1	374	70.0	0.0	0.3077	0	0
hadur2.Hadur 3.9	AD.CodaFirst 1.1	weak		1	7	1	1	397	79.0	0.0	0.2857	0	0
hadur2.Hadur 3.9	AD.CodaFirst 1.1	weak		1	8	1	1	328	82.0	0.0	0.5000	0	0
hadur2.Hadur 3.9	AD.CodaFirst 1.1	weak		1	9	1	1	314	76.0	0.0	0.4444	0	0
hadur2.Hadur 3.9	AD.CodaFirst 1.1	weak		1	10	1	1	340	82.0	0.0	0.4545	0	0
hadur2.Hadur 3.9	AD.CodaFirst 1.1	weak		1	11	1	1	337	80.0	10.0	0.4545	0	0
hadur2.Hadur 3.9	AD.CodaFirst 1.1	weak		1	12	1	1	298	88.0	0.0	0.6250	0	0
hadur2.Hadur 3.9	AD.CodaFirst 1.1	weak		1	13	1	1	277	88.0	0.0	0.8333	0	0
hadur2.Hadur 3.9	AD.CodaFirst 1.1	weak		1	14	1	1	357	80.8	10.0	0.5385	0	0
hadur2.Hadur 3.9	AD.CodaFirst 1.1	weak		1	15	1	1	301	88.0	0.0	0.6250	0	0
hadur2.Hadur 3.9	AD.CodaFirst 1.1	weak		1	16	1	1	275	94.0	0.0	0.8333	0	0
hadur2.Hadur 3.9	AD.CodaFirst 1.1	weak		1	17	1	1	311	80.0	0.0	0.5556	0	0
hadur2.Hadur 3.9	AD.CodaFirst 1.1	weak		1	18	1	1	399	80.0	0.0	0.3333	0	0
hadur2.Hadur 3.9	AD.CodaFirst 1.1	weak		1	19	1	1	299	85.0	0.0	0.6250	0	0
hadur2.Hadur 3.9	AD.CodaFirst 1.1	weak		1	20	1	1	322	88.0	0.0	0.5556	0	0
hadur2.Hadur 3.9	AD.CodaFirst 1.1	weak		1	21	1	1	346	76.0	0.0	0.3636	0	0
hadur2.Hadur 3.9	AD.CodaFirst 1.1	weak		1	22	1	1	301	97.0	0.0	0.7500	0	0
hadur2.Hadur 3.9	AD.CodaFirst 1.1	weak		1	23	1	1	278	85.0	0.0	0.7143	0	0
hadur2.Hadur 3.9	AD.CodaFirst 1.1	weak		1	24	1	1	302	88.0	0.0	0.6250	0	0
hadur2.Hadur 3.9	AD.CodaFirst 1.1	weak		1	25	1	1	342	70.0	0.0	0.3636	0	0
hadur2.Hadur 3.9	AD.CodaFirst 1.1	weak		1	26	1	1	315	88.0	0.0	0.5556	0	0
hadur2.Hadur 3.9	AD.CodaFirst 1.1	weak		1	27	1	1	288	88.0	0.0	0.7143	0	0
hadur2.Hadur 3.9	AD.CodaFirst 1.1	weak		1	28	1	1	447	65.4	27.2	0.3684	0	0
hadur2.Hadur 3.9	AD.CodaFirst 1.1	weak		1	29	1	1	337	73.0	0.0	0.4000	0	0
hadur2.Hadur 3.9	AD.CodaFirst 1.1	weak		1	30	1	1	316	88.0	0.0	0.5556	0	0
hadur2.Hadur 3.9	AD.CodaFirst 1.1	weak		1	31	1	1	286	85.0	0.0	0.7143	0	0
hadur2.Hadur 3.9	AD.CodaFirst 1.1	weak		1	32	1	1	351	70.0	0.0	0.3636	0	0
hadur2.Hadur 3.9	AD.CodaFirst 1.1	weak		1	33	1	1	310	91.0	0.0	0.5556	0	0
hadur2.Hadur 3.9	AD.CodaFirst 1.1	weak		1	34	1	1	288	91.0	0.0	0.7143	0	5
hadur2.Hadur 3.9	AD.CodaFirst 1.1	weak		2	0	1	1	355	85.0	0.0	0.4615	0	5
hadur2.Hadur 3.9	AD.CodaFirst 1.1	weak		2	1	1	1	341	77.1	9.4	0.5455	0	0
hadur2.Hadur 3.9	AD.CodaFirst 1.1	weak		2	2	1	1	374	70.8	0.0	0.4286	0	0
hadur2.Hadur 3.9	AD.CodaFirst 1.1	weak		2	3	1	1	364	80.5	0.0	0.5000	0	0
hadur2.Hadur 3.9	AD.CodaFirst 1.1	weak		2	4	1	1	341	80.5	0.0	0.5833	0	0
hadur2.Hadur 3.9	AD.CodaFirst 1.1	weak		2	5	1	1	428	55.0	0.0	0.2353	0	0
hadur2.Hadur 3.9	AD.CodaFirst 1.1	weak		2	6	1	1	403	61.0	0.0	0.2143	0	0
hadur2.Hadur 3.9	AD.CodaFirst 1.1	weak		2	7	1	1	307	82.0	0.0	0.5556	0	0
hadur2.Hadur 3.9	AD.CodaFirst 1.1	weak		2	8	1	1	351	79.0	0.0	0.3636	0	0
hadur2.Hadur 3.9	AD.CodaFirst 1.1	weak		2	9	1	1	298	85.0	0.0	0.6250	0	0
hadur2.Hadur 3.9	AD.CodaFirst 1.1	weak		2	10	1	1	303	91.0	0.0	0.6250	0	0
hadur2.Hadur 3.9	AD.CodaFirst 1.1	weak		2	11	1	1	285	88.0	0.0	0.7143	0	0
hadur2.Hadur 3.9	AD.CodaFirst 1.1	weak		2	12	1	1	308	82.0	0.0	0.5556	0	0
hadur2.Hadur 3.9	AD.CodaFirst 1.1	weak		2	13	1	1	424	80.8	23.6	0.4118	0	0
hadur2.Hadur 3.9	AD.CodaFirst 1.1	weak		2	14	1	1	394	64.0	16.0	0.2857	0	0
hadur2.Hadur 3.9	AD.CodaFirst 1.1	weak		2	15	1	1	425	48.0	0.0	0.1875	0	0
hadur2.Hadur 3.9	AD.CodaFirst 1.1	weak		2	16	1	1	349	70.0	0.0	0.3636	0	0
hadur2.Hadur 3.9	AD.CodaFirst 1.1	weak		2	17	1	1	293	80.0	10.0	0.6250	0	0
hadur2.Hadur 3.9	AD.CodaFirst 1.1	weak		2	18	1	1	339	80.0	10.0	0.4545	0	0
hadur2.Hadur 3.9	AD.CodaFirst 1.1	weak		2	19	1	1	360	80.0	0.0	0.3846	0	0
hadur2.Hadur 3.9	AD.CodaFirst 1.1	weak		2	20	1	1	290	85.0	0.0	0.7143	0	0
hadur2.Hadur 3.9	AD.CodaFirst 1.1	weak		2	21	1	1	323	88.0	0.0	0.5556	0	0
hadur2.Hadur 3.9	AD.CodaFirst 1.1	weak		2	22	1	1	304	82.0	0.0	0.6250	0	0
hadur2.Hadur 3.9	AD.CodaFirst 1.1	weak		2	23	1	1	320	80.0	10.0	0.5556	0	0
hadur2.Hadur 3.9	AD.CodaFirst 1.1	weak		2	24	1	1	271	88.0	0.0	0.8333	0	0
hadur2.Hadur 3.9	AD.CodaFirst 1.1	weak		2	25	1	1	287	88.0	0.0	0.7143	0	0
hadur2.Hadur 3.9	AD.CodaFirst 1.1	weak		2	26	1	1	337	80.0	0.0	0.4545	0	0
hadur2.Hadur 3.9	AD.CodaFirst 1.1	weak		2	27	1	1	405	58.0	0.0	0.2143	0	0
hadur2.Hadur 3.9	AD.CodaFirst 1.1	weak		2	28	1	1	296	88.0	0.0	0.6250	0	0
hadur2.Hadur 3.9	AD.CodaFirst 1.1	weak		2	29	1	1	364	73.0	0.0	0.3333	0	0
hadur2.Hadur 3.9	AD.CodaFirst 1.1	weak		2	30	1	1	329	80.0	0.0	0.5000	0	0
hadur2.Hadur 3.9	AD.CodaFirst 1.1	weak		2	31	1	1	477	52.0	0.0	0.1579	0	0
hadur2.Hadur 3.9	AD.CodaFirst 1.1	weak		2	32	1	1	308	85.0	0.0	0.6250	0	0
hadur2.Hadur 3.9	AD.CodaFirst 1.1	weak		2	33	1	1	288	79.0	0.0	0.5714	0	0
hadur2.Hadur 3.9	AD.CodaFirst 1.1	weak		2	34	1	1	322	79.0	0.0	0.4444	0	7
hadur2.Hadur 3.9	AD.CodaFirst 1.1	weak		3	0	1	1	316	90.2	3.2	0.8000	0	5
hadur2.Hadur 3.9	AD.CodaFirst 1.1	weak		3	1	1	1	441	49.0	0.0	0.2632	0	0
hadur2.Hadur 3.9	AD.CodaFirst 1.1	weak		3	2	1	1	376	70.0	0.0	0.4286	0	0
hadur2.Hadur 3.9	AD.CodaFirst 1.1	weak		3	3	1	1	364	70.0	0.0	0.4615	0	0
hadur2.Hadur 3.9	AD.CodaFirst 1.1	weak		3	4	1	1	311	82.0	0.0	0.6667	0	0
hadur2.Hadur 3.9	AD.CodaFirst 1.1	weak		3	5	1	1	301	85.0	0.0	0.6250	0	0
hadur2.Hadur 3.9	AD.CodaFirst 1.1	weak		3	6	1	1	318	82.0	0.0	0.5556	0	0
hadur2.Hadur 3.9	AD.CodaFirst 1.1	weak		3	7	1	1	386	83.0	10.0	0.4286	0	0
hadur2.Hadur 3.9	AD.CodaFirst 1.1	weak		3	8	1	1	357	80.0	10.0	0.4167	0	0
hadur2.Hadur 3.9	AD.CodaFirst 1.1	weak		3	9	1	1	332	80.0	0.0	0.4545	0	0
hadur2.Hadur 3.9	AD.CodaFirst 1.1	weak		3	10	1	1	308	82.0	0.0	0.5556	0	0
hadur2.Hadur 3.9	AD.CodaFirst 1.1	weak		3	11	1	1	382	80.0	41.0	0.3571	0	0
hadur2.Hadur 3.9	AD.CodaFirst 1.1	weak		3	12	1	1	497	55.0	0.0	0.1500	0	0
hadur2.Hadur 3.9	AD.CodaFirst 1.1	weak		3	13	1	1	307	82.0	0.0	0.5556	0	0
hadur2.Hadur 3.9	AD.CodaFirst 1.1	weak		3	14	1	1	327	80.0	0.0	0.5000	0	0
hadur2.Hadur 3.9	AD.CodaFirst 1.1	weak		3	15	1	1	328	79.0	0.0	0.4000	0	0
hadur2.Hadur 3.9	AD.CodaFirst 1.1	weak		3	16	1	1	282	82.0	0.0	0.7143	0	0
hadur2.Hadur 3.9	AD.CodaFirst 1.1	weak		3	17	1	1	345	80.0	0.0	0.4545	0	0
hadur2.Hadur 3.9	AD.CodaFirst 1.1	weak		3	18	1	1	346	73.0	0.0	0.3636	0	0
hadur2.Hadur 3.9	AD.CodaFirst 1.1	weak		3	19	1	1	399	70.0	0.0	0.2857	0	0
hadur2.Hadur 3.9	AD.CodaFirst 1.1	weak		3	20	1	1	300	91.0	0.0	0.6250	0	0
hadur2.Hadur 3.9	AD.CodaFirst 1.1	weak		3	21	1	1	314	82.0	0.0	0.5556	0	0
hadur2.Hadur 3.9	AD.CodaFirst 1.1	weak		3	22	1	1	306	88.0	0.0	0.6250	0	0
hadur2.Hadur 3.9	AD.CodaFirst 1.1	weak		3	23	1	1	329	76.0	0.0	0.4000	0	0
hadur2.Hadur 3.9	AD.CodaFirst 1.1	weak		3	24	1	1	369	70.0	0.0	0.3333	0	0
hadur2.Hadur 3.9	AD.CodaFirst 1.1	weak		3	25	1	1	298	91.0	0.0	0.6250	0	0
hadur2.Hadur 3.9	AD.CodaFirst 1.1	weak		3	26	1	1	388	73.0	0.0	0.3077	0	0
hadur2.Hadur 3.9	AD.CodaFirst 1.1	weak		3	27	1	1	378	83.0	48.0	0.3846	0	0
hadur2.Hadur 3.9	AD.CodaFirst 1.1	weak		3	28	1	1	380	80.0	16.0	0.3571	0	0
hadur2.Hadur 3.9	AD.CodaFirst 1.1	weak		3	29	1	1	298	76.0	0.0	0.5000	0	0
hadur2.Hadur 3.9	AD.CodaFirst 1.1	weak		3	30	1	1	355	80.0	0.0	0.3846	0	0
hadur2.Hadur 3.9	AD.CodaFirst 1.1	weak		3	31	1	1	289	94.0	0.0	0.7143	0	0
hadur2.Hadur 3.9	AD.CodaFirst 1.1	weak		3	32	1	1	330	85.0	0.0	0.5000	0	0
hadur2.Hadur 3.9	AD.CodaFirst 1.1	weak		3	33	1	1	317	88.0	0.0	0.5556	0	0
hadur2.Hadur 3.9	AD.CodaFirst 1.1	weak		3	34	1	1	272	94.0	0.0	0.8333	0	6
hadur2.Hadur 3.9	AD.CodaFirst 1.1	weak		4	0	1	1	380	74.2	0.0	0.4667	0	6
hadur2.Hadur 3.9	AD.CodaFirst 1.1	weak		4	1	1	1	292	88.0	0.0	0.8750	0	0
hadur2.Hadur 3.9	AD.CodaFirst 1.1	weak		4	2	1	1	392	70.0	0.0	0.4000	0	0
hadur2.Hadur 3.9	AD.CodaFirst 1.1	weak		4	3	1	1	422	77.9	25.4	0.4444	0	0
hadur2.Hadur 3.9	AD.CodaFirst 1.1	weak		4	4	1	1	332	80.5	0.0	0.6364	0	0
hadur2.Hadur 3.9	AD.CodaFirst 1.1	weak		4	5	1	1	347	67.0	0.0	0.5000	0	0
hadur2.Hadur 3.9	AD.CodaFirst 1.1	weak		4	6	1	1	285	88.0	0.0	0.7143	0	0
hadur2.Hadur 3.9	AD.CodaFirst 1.1	weak		4	7	1	1	310	80.0	26.0	0.5556	0	0
hadur2.Hadur 3.9	AD.CodaFirst 1.1	weak		4	8	1	1	417	67.0	0.0	0.2500	0	0
hadur2.Hadur 3.9	AD.CodaFirst 1.1	weak		4	9	1	1	368	73.0	0.0	0.3333	0	0
hadur2.Hadur 3.9	AD.CodaFirst 1.1	weak		4	10	1	1	296	80.0	10.0	0.6250	0	0
hadur2.Hadur 3.9	AD.CodaFirst 1.1	weak		4	11	1	1	402	58.0	0.0	0.2143	0	0
hadur2.Hadur 3.9	AD.CodaFirst 1.1	weak		4	12	1	1	346	82.0	0.0	0.4545	0	0
hadur2.Hadur 3.9	AD.CodaFirst 1.1	weak		4	13	1	1	365	79.0	0.0	0.3333	0	0
hadur2.Hadur 3.9	AD.CodaFirst 1.1	weak		4	14	1	1	300	82.0	0.0	0.6250	0	0
hadur2.Hadur 3.9	AD.CodaFirst 1.1	weak		4	15	1	1	368	70.0	0.0	0.3333	0	0
hadur2.Hadur 3.9	AD.CodaFirst 1.1	weak		4	16	1	1	397	64.0	0.0	0.2857	0	0
hadur2.Hadur 3.9	AD.CodaFirst 1.1	weak		4	17	1	1	272	94.0	0.0	0.8333	0	0
hadur2.Hadur 3.9	AD.CodaFirst 1.1	weak		4	18	1	1	339	79.0	0.0	0.4000	0	0
hadur2.Hadur 3.9	AD.CodaFirst 1.1	weak		4	19	1	1	323	82.0	0.0	0.5000	0	0
hadur2.Hadur 3.9	AD.CodaFirst 1.1	weak		4	20	1	1	344	82.0	0.0	0.4545	0	0
hadur2.Hadur 3.9	AD.CodaFirst 1.1	weak		4	21	1	1	335	80.0	10.0	0.4545	0	0
hadur2.Hadur 3.9	AD.CodaFirst 1.1	weak		4	22	1	1	302	80.0	0.0	0.5556	0	0
hadur2.Hadur 3.9	AD.CodaFirst 1.1	weak		4	23	1	1	360	73.0	0.0	0.3333	0	0
hadur2.Hadur 3.9	AD.CodaFirst 1.1	weak		4	24	1	1	356	79.0	0.0	0.3636	0	0
hadur2.Hadur 3.9	AD.CodaFirst 1.1	weak		4	25	1	1	372	67.0	0.0	0.3077	0	0
hadur2.Hadur 3.9	AD.CodaFirst 1.1	weak		4	26	1	1	326	82.0	0.0	0.5000	0	0
hadur2.Hadur 3.9	AD.CodaFirst 1.1	weak		4	27	1	1	409	67.0	0.0	0.2667	0	0
hadur2.Hadur 3.9	AD.CodaFirst 1.1	weak		4	28	1	1	332	80.0	0.0	0.5000	0	0
hadur2.Hadur 3.9	AD.CodaFirst 1.1	weak		4	29	1	1	353	73.0	0.0	0.3636	0	0
hadur2.Hadur 3.9	AD.CodaFirst 1.1	weak		4	30	1	1	282	91.0	0.0	0.7143	0	0
hadur2.Hadur 3.9	AD.CodaFirst 1.1	weak		4	31	1	1	339	76.0	0.0	0.4000	0	0
hadur2.Hadur 3.9	AD.CodaFirst 1.1	weak		4	32	1	1	302	88.0	0.0	0.6250	0	0
hadur2.Hadur 3.9	AD.CodaFirst 1.1	weak		4	33	1	1	377	67.0	0.0	0.3077	0	0
hadur2.Hadur 3.9	AD.CodaFirst 1.1	weak		4	34	1	1	353	80.0	10.0	0.4545	0	6
hadur2.Hadur 3.9	DM.Mijit .3	weak		1	0	1	1	549	53.4	18.8	0.1852	0	4
hadur2.Hadur 3.9	DM.Mijit .3	weak		1	1	1	1	735	33.4	47.0	0.1136	0	0
hadur2.Hadur 3.9	DM.Mijit .3	weak		1	2	1	1	590	39.6	0.0	0.1333	0	0
hadur2.Hadur 3.9	DM.Mijit .3	weak		1	3	1	1	662	50.3	9.4	0.1351	0	0
hadur2.Hadur 3.9	DM.Mijit .3	weak		1	4	1	1	418	69.3	9.4	0.4118	0	0
hadur2.Hadur 3.9	DM.Mijit .3	weak		1	5	1	1	535	48.3	9.4	0.1250	0	0
hadur2.Hadur 3.9	DM.Mijit .3	weak		1	6	1	1	629	43.6	18.8	0.0968	0	0
hadur2.Hadur 3.9	DM.Mijit .3	weak		1	7	1	1	542	43.3	9.4	0.1200	0	0
hadur2.Hadur 3.9	DM.Mijit .3	weak		1	8	1	1	592	40.4	9.4	0.1333	0	0
hadur2.Hadur 3.9	DM.Mijit .3	weak		1	9	1	1	509	62.8	28.2	0.2500	0	0
hadur2.Hadur 3.9	DM.Mijit .3	weak		1	10	1	1	407	69.3	0.0	0.3125	0	0
hadur2.Hadur 3.9	DM.Mijit .3	weak		1	11	1	1	686	28.5	18.8	0.0857	0	0
hadur2.Hadur 3.9	DM.Mijit .3	weak		1	12	1	1	534	53.3	9.4	0.1667	0	0
hadur2.Hadur 3.9	DM.Mijit .3	weak		1	13	1	1	566	49.9	37.6	0.1786	0	0
hadur2.Hadur 3.9	DM.Mijit .3	weak		1	14	1	1	471	50.5	18.8	0.2000	0	0
hadur2.Hadur 3.9	DM.Mijit .3	weak		1	15	1	1	449	90.2	47.0	0.3684	0	0
hadur2.Hadur 3.9	DM.Mijit .3	weak		1	16	1	1	506	54.6	9.4	0.1429	0	0
hadur2.Hadur 3.9	DM.Mijit .3	weak		1	17	1	1	587	64.0	37.6	0.1481	0	0
hadur2.Hadur 3.9	DM.Mijit .3	weak		1	18	1	1	443	64.0	0.0	0.2105	0	0
hadur2.Hadur 3.9	DM.Mijit .3	weak		1	19	1	1	620	48.5	37.6	0.1613	0	0
hadur2.Hadur 3.9	DM.Mijit .3	weak		1	20	1	1	662	38.8	18.8	0.1143	0	0
hadur2.Hadur 3.9	DM.Mijit .3	weak		1	21	1	1	544	38.8	18.8	0.1538	0	0
hadur2.Hadur 3.9	DM.Mijit .3	weak		1	22	1	1	707	50.4	28.2	0.1538	0	0
hadur2.Hadur 3.9	DM.Mijit .3	weak		1	23	1	1	502	50.0	9.4	0.2174	0	0
hadur2.Hadur 3.9	DM.Mijit .3	weak		1	24	1	1	567	40.8	0.0	0.1481	0	0
hadur2.Hadur 3.9	DM.Mijit .3	weak		1	25	1	1	467	57.9	9.4	0.2000	0	0
hadur2.Hadur 3.9	DM.Mijit .3	weak		1	26	1	1	483	53.0	18.8	0.1905	0	0
hadur2.Hadur 3.9	DM.Mijit .3	weak		1	27	1	1	547	68.5	28.2	0.2000	0	0
hadur2.Hadur 3.9	DM.Mijit .3	weak		1	28	1	1	631	51.4	28.2	0.1290	0	0
hadur2.Hadur 3.9	DM.Mijit .3	weak		1	29	1	1	646	26.9	28.2	0.0857	0	0
hadur2.Hadur 3.9	DM.Mijit .3	weak		1	30	1	1	466	48.5	0.0	0.2381	0	1
hadur2.Hadur 3.9	DM.Mijit .3	weak		1	31	1	1	514	58.1	18.8	0.2083	0	0
hadur2.Hadur 3.9	DM.Mijit .3	weak		1	32	1	1	745	16.9	37.6	0.1860	0	0
hadur2.Hadur 3.9	DM.Mijit .3	weak		1	33	1	1	519	30.4	0.0	0.0909	0	0
hadur2.Hadur 3.9	DM.Mijit .3	weak		1	34	1	1	451	70.4	18.8	0.2778	0	7
hadur2.Hadur 3.9	DM.Mijit .3	weak		2	0	1	1	730	29.1	28.2	0.0732	0	6
hadur2.Hadur 3.9	DM.Mijit .3	weak		2	1	1	1	471	58.2	0.0	0.2609	0	0
hadur2.Hadur 3.9	DM.Mijit .3	weak		2	2	1	1	579	60.9	28.2	0.1923	0	0
hadur2.Hadur 3.9	DM.Mijit .3	weak		2	3	1	1	454	77.3	28.2	0.2778	0	0
hadur2.Hadur 3.9	DM.Mijit .3	weak		2	4	1	1	562	43.1	9.4	0.0833	0	0
hadur2.Hadur 3.9	DM.Mijit .3	weak		2	5	1	1	605	42.1	28.2	0.1613	0	0
hadur2.Hadur 3.9	DM.Mijit .3	weak		2	6	1	1	390	45.1	9.4	0.2857	0	0
hadur2.Hadur 3.9	DM.Mijit .3	weak		2	7	1	1	331	46.5	9.4	0.3636	0	0
hadur2.Hadur 3.9	DM.Mijit .3	weak		2	8	1	1	497	47.8	18.8	0.1000	0	0
hadur2.Hadur 3.9	DM.Mijit .3	weak		2	9	1	1	690	33.7	9.4	0.1111	0	0
hadur2.Hadur 3.9	DM.Mijit .3	weak		2	10	1	1	612	38.1	0.0	0.0968	0	0
hadur2.Hadur 3.9	DM.Mijit .3	weak		2	11	1	1	483	50.0	0.0	0.2273	0	0
hadur2.Hadur 3.9	DM.Mijit .3	weak		2	12	1	1	499	46.3	0.0	0.1818	0	0
hadur2.Hadur 3.9	DM.Mijit .3	weak		2	13	1	1	622	34.9	18.8	0.0968	0	0
hadur2.Hadur 3.9	DM.Mijit .3	weak		2	14	1	1	433	58.2	0.0	0.3158	0	0
hadur2.Hadur 3.9	DM.Mijit .3	weak		2	15	1	1	565	36.7	0.0	0.1111	0	0
hadur2.Hadur 3.9	DM.Mijit .3	weak		2	16	1	1	484	61.1	9.4	0.2273	0	0
hadur2.Hadur 3.9	DM.Mijit .3	weak		2	17	1	1	629	48.7	9.4	0.1034	0	0
hadur2.Hadur 3.9	DM.Mijit .3	weak		2	18	1	1	498	50.3	0.0	0.2273	0	0
hadur2.Hadur 3.9	DM.Mijit .3	weak		2	19	1	1	500	60.9	28.2	0.1905	0	0
hadur2.Hadur 3.9	DM.Mijit .3	weak		2	20	1	1	531	48.8	9.4	0.1923	0	0
hadur2.Hadur 3.9	DM.Mijit .3	weak		2	21	1	1	482	64.7	9.4	0.2000	0	0
hadur2.Hadur 3.9	DM.Mijit .3	weak		2	22	1	1	390	76.0	9.4	0.3571	0	0
hadur2.Hadur 3.9	DM.Mijit .3	weak		2	23	1	1	370	73.1	9.4	0.3333	0	0
hadur2.Hadur 3.9	DM.Mijit .3	weak		2	24	1	1	388	71.1	0.0	0.2857	0	0
hadur2.Hadur 3.9	DM.Mijit .3	weak		2	25	1	1	636	40.0	9.4	0.0690	0	0
hadur2.Hadur 3.9	DM.Mijit .3	weak		2	26	1	1	473	59.4	9.4	0.1667	0	0
hadur2.Hadur 3.9	DM.Mijit .3	weak		2	27	1	1	565	52.2	18.8	0.1200	0	0
hadur2.Hadur 3.9	DM.Mijit .3	weak		2	28	1	1	436	64.5	9.4	0.3333	0	0
hadur2.Hadur 3.9	DM.Mijit .3	weak		2	29	1	1	624	44.6	28.2	0.1429	0	0
hadur2.Hadur 3.9	DM.Mijit .3	weak		2	30	1	1	494	41.7	0.0	0.1364	0	0
hadur2.Hadur 3.9	DM.Mijit .3	weak		2	31	1	1	418	70.4	18.8	0.2667	0	0
hadur2.Hadur 3.9	DM.Mijit .3	weak		2	32	1	1	526	55.7	28.2	0.2400	0	0
hadur2.Hadur 3.9	DM.Mijit .3	weak		2	33	1	1	528	50.6	18.8	0.1304	0	0
hadur2.Hadur 3.9	DM.Mijit .3	weak		2	34	1	1	350	59.9	0.0	0.2727	0	5
hadur2.Hadur 3.9	DM.Mijit .3	weak		3	0	1	1	622	39.8	18.8	0.1250	0	4
hadur2.Hadur 3.9	DM.Mijit .3	weak		3	1	1	1	375	82.6	18.8	0.5714	0	0
hadur2.Hadur 3.9	DM.Mijit .3	weak		3	2	1	1	525	37.7	9.4	0.1250	0	0
hadur2.Hadur 3.9	DM.Mijit .3	weak		3	3	1	1	923	4.8	28.2	0.2034	0	0
hadur2.Hadur 3.9	DM.Mijit .3	weak		3	4	1	1	537	50.3	9.4	0.1250	0	0
hadur2.Hadur 3.9	DM.Mijit .3	weak		3	5	1	1	532	51.9	9.4	0.1304	0	0
hadur2.Hadur 3.9	DM.Mijit .3	weak		3	6	1	1	394	66.6	0.0	0.2857	0	0
hadur2.Hadur 3.9	DM.Mijit .3	weak		3	7	1	1	455	23.9	9.4	0.0526	0	0
hadur2.Hadur 3.9	DM.Mijit .3	weak		3	8	1	1	636	35.6	9.4	0.1212	0	0
hadur2.Hadur 3.9	DM.Mijit .3	weak		3	9	1	1	524	38.8	0.0	0.1538	0	0
hadur2.Hadur 3.9	DM.Mijit .3	weak		3	10	1	1	620	29.1	9.4	0.0909	0	0
hadur2.Hadur 3.9	DM.Mijit .3	weak		3	11	1	1	555	46.5	9.4	0.1481	0	0
hadur2.Hadur 3.9	DM.Mijit .3	weak		3	12	1	1	486	51.4	9.4	0.2273	0	0
hadur2.Hadur 3.9	DM.Mijit .3	weak		3	13	1	1	607	39.0	9.4	0.1290	0	0
hadur2.Hadur 3.9	DM.Mijit .3	weak		3	14	1	1	403	51.4	9.4	0.2667	0	0
hadur2.Hadur 3.9	DM.Mijit .3	weak		3	15	1	1	603	41.6	9.4	0.1379	0	0
hadur2.Hadur 3.9	DM.Mijit .3	weak		3	16	1	1	685	53.1	37.6	0.1351	0	0
hadur2.Hadur 3.9	DM.Mijit .3	weak		3	17	1	1	549	41.0	9.4	0.1481	0	0
hadur2.Hadur 3.9	DM.Mijit .3	weak		3	18	1	1	445	48.5	9.4	0.2500	0	0
hadur2.Hadur 3.9	DM.Mijit .3	weak		3	19	1	1	532	55.2	9.4	0.2400	0	0
hadur2.Hadur 3.9	DM.Mijit .3	weak		3	20	1	1	526	48.4	0.0	0.1739	0	0
hadur2.Hadur 3.9	DM.Mijit .3	weak		3	21	1	1	727	22.6	9.4	0.0789	0	0
hadur2.Hadur 3.9	DM.Mijit .3	weak		3	22	1	1	610	29.5	37.6	0.1290	0	0
hadur2.Hadur 3.9	DM.Mijit .3	weak		3	23	1	1	417	56.1	9.4	0.2941	0	0
hadur2.Hadur 3.9	DM.Mijit .3	weak		3	24	1	1	496	62.4	18.8	0.2381	0	0
hadur2.Hadur 3.9	DM.Mijit .3	weak		3	25	1	1	628	37.7	18.8	0.1563	0	0
hadur2.Hadur 3.9	DM.Mijit .3	weak		3	26	1	1	408	81.6	28.2	0.3333	0	0
hadur2.Hadur 3.9	DM.Mijit .3	weak		3	27	1	1	527	52.6	9.4	0.1364	0	0
hadur2.Hadur 3.9	DM.Mijit .3	weak		3	28	1	1	614	45.1	28.2	0.1379	0	0
hadur2.Hadur 3.9	DM.Mijit .3	weak		3	29	1	1	596	35.8	9.4	0.1000	0	0
hadur2.Hadur 3.9	DM.Mijit .3	weak		3	30	1	1	456	64.9	9.4	0.3000	0	0
hadur2.Hadur 3.9	DM.Mijit .3	weak		3	31	1	1	469	56.3	9.4	0.2381	0	0
hadur2.Hadur 3.9	DM.Mijit .3	weak		3	32	1	1	500	33.3	0.0	0.0952	0	0
hadur2.Hadur 3.9	DM.Mijit .3	weak		3	33	1	1	367	79.1	9.4	0.3333	0	0
hadur2.Hadur 3.9	DM.Mijit .3	weak		3	34	1	1	419	80.0	18.8	0.3333	0	6
hadur2.Hadur 3.9	DM.Mijit .3	weak		4	0	1	1	1132	16.5	65.8	0.2317	298	8
hadur2.Hadur 3.9	DM.Mijit .3	weak		4	1	1	1	652	29.1	18.8	0.0625	0	0
hadur2.Hadur 3.9	DM.Mijit .3	weak		4	2	1	1	553	48.0	9.4	0.1200	0	0
hadur2.Hadur 3.9	DM.Mijit .3	weak		4	3	1	1	398	64.9	18.8	0.2857	0	0
hadur2.Hadur 3.9	DM.Mijit .3	weak		4	4	1	1	492	50.2	0.0	0.2174	0	0
hadur2.Hadur 3.9	DM.Mijit .3	weak		4	5	1	1	454	64.4	18.8	0.2222	0	0
hadur2.Hadur 3.9	DM.Mijit .3	weak		4	6	1	1	428	71.2	18.8	0.2500	0	0
hadur2.Hadur 3.9	DM.Mijit .3	weak		4	7	1	1	489	60.6	18.8	0.1500	0	0
hadur2.Hadur 3.9	DM.Mijit .3	weak		4	8	1	1	780	41.0	37.6	0.1395	0	0
hadur2.Hadur 3.9	DM.Mijit .3	weak		4	9	1	1	410	68.5	0.0	0.3125	0	0
hadur2.Hadur 3.9	DM.Mijit .3	weak		4	10	1	1	608	45.4	9.4	0.1333	0	0
hadur2.Hadur 3.9	DM.Mijit .3	weak		4	11	1	1	461	64.4	9.4	0.2105	0	0
hadur2.Hadur 3.9	DM.Mijit .3	weak		4	12	1	1	446	64.0	9.4	0.2105	0	0
hadur2.Hadur 3.9	DM.Mijit .3	weak		4	13	1	1	429	69.8	9.4	0.3333	0	0
hadur2.Hadur 3.9	DM.Mijit .3	weak		4	14	1	1	485	49.9	9.4	0.1500	0	0
hadur2.Hadur 3.9	DM.Mijit .3	weak		4	15	1	1	552	57.9	18.8	0.1667	0	0
hadur2.Hadur 3.9	DM.Mijit .3	weak		4	16	1	1	502	52.1	9.4	0.1429	0	0
hadur2.Hadur 3.9	DM.Mijit .3	weak		4	17	1	1	597	40.1	18.8	0.1333	0	0
hadur2.Hadur 3.9	DM.Mijit .3	weak		4	18	1	1	533	48.2	9.4	0.1600	0	0
hadur2.Hadur 3.9	DM.Mijit .3	weak		4	19	1	1	594	48.3	28.2	0.1379	0	0
hadur2.Hadur 3.9	DM.Mijit .3	weak		4	20	1	1	604	50.3	9.4	0.1563	0	0
hadur2.Hadur 3.9	DM.Mijit .3	weak		4	21	1	1	510	38.8	0.0	0.1667	0	1
hadur2.Hadur 3.9	DM.Mijit .3	weak		4	22	1	1	582	59.0	18.8	0.2069	0	0
hadur2.Hadur 3.9	DM.Mijit .3	weak		4	23	1	1	987	13.7	47.0	0.2424	0	0
hadur2.Hadur 3.9	DM.Mijit .3	weak		4	24	1	1	592	32.0	0.0	0.0741	0	0
hadur2.Hadur 3.9	DM.Mijit .3	weak		4	25	1	1	344	79.9	9.4	0.3636	0	0
hadur2.Hadur 3.9	DM.Mijit .3	weak		4	26	1	1	441	75.0	28.2	0.2500	0	0
hadur2.Hadur 3.9	DM.Mijit .3	weak		4	27	1	1	605	49.7	37.6	0.1034	0	0
hadur2.Hadur 3.9	DM.Mijit .3	weak		4	28	1	1	451	62.0	0.0	0.1765	0	0
hadur2.Hadur 3.9	DM.Mijit .3	weak		4	29	1	1	435	72.3	18.8	0.2500	0	0
hadur2.Hadur 3.9	DM.Mijit .3	weak		4	30	1	1	560	57.1	18.8	0.1600	0	0
hadur2.Hadur 3.9	DM.Mijit .3	weak		4	31	1	1	494	47.3	0.0	0.1818	0	0
hadur2.Hadur 3.9	DM.Mijit .3	weak		4	32	1	1	423	67.4	9.4	0.2500	0	0
hadur2.Hadur 3.9	DM.Mijit .3	weak		4	33	1	1	366	84.8	18.8	0.4167	0	0
hadur2.Hadur 3.9	DM.Mijit .3	weak		4	34	1	1	495	65.6	9.4	0.1818	0	5
hadur2.Hadur 3.9	EH.Fusion 0.32	weak		1	0	0	0	424	32.0	88.0	0.4444	262	3
hadur2.Hadur 3.9	EH.Fusion 0.32	weak		1	1	1	1	275	63.7	48.0	0.5714	0	5
hadur2.Hadur 3.9	EH.Fusion 0.32	weak		1	2	1	1	262	73.7	50.0	0.8333	0	0
hadur2.Hadur 3.9	EH.Fusion 0.32	weak		1	3	1	1	360	98.8	80.0	0.5000	0	0
hadur2.Hadur 3.9	EH.Fusion 0.32	weak		1	4	1	1	358	126.4	128.0	0.5833	0	0
hadur2.Hadur 3.9	EH.Fusion 0.32	weak		1	5	1	1	378	82.0	48.0	0.3846	0	0
hadur2.Hadur 3.9	EH.Fusion 0.32	weak		1	6	1	1	421	73.0	32.0	0.3889	0	0
hadur2.Hadur 3.9	EH.Fusion 0.32	weak		1	7	1	1	336	70.0	0.0	0.5833	0	0
hadur2.Hadur 3.9	EH.Fusion 0.32	weak		1	8	1	1	342	67.9	0.0	0.5833	0	0
hadur2.Hadur 3.9	EH.Fusion 0.32	weak		1	9	1	1	351	100.0	80.0	0.6667	0	0
hadur2.Hadur 3.9	EH.Fusion 0.32	weak		1	10	1	1	328	103.0	80.0	0.6000	0	0
hadur2.Hadur 3.9	EH.Fusion 0.32	weak		1	11	1	1	284	94.0	64.0	0.7143	0	0
hadur2.Hadur 3.9	EH.Fusion 0.32	weak		1	12	0	0	358	128.0	124.0	0.5833	0	0
hadur2.Hadur 3.9	EH.Fusion 0.32	weak		1	13	1	1	330	94.0	64.0	0.5000	0	0
hadur2.Hadur 3.9	EH.Fusion 0.32	weak		1	14	1	1	337	89.0	48.0	0.5000	0	0
hadur2.Hadur 3.9	EH.Fusion 0.32	weak		1	15	1	1	290	76.0	0.0	0.5714	0	0
hadur2.Hadur 3.9	EH.Fusion 0.32	weak		1	16	1	1	302	73.0	16.0	0.5000	0	0
hadur2.Hadur 3.9	EH.Fusion 0.32	weak		1	17	1	1	262	79.0	16.0	0.8000	0	0
hadur2.Hadur 3.9	EH.Fusion 0.32	weak		1	18	1	1	278	76.0	16.0	0.5714	0	0
hadur2.Hadur 3.9	EH.Fusion 0.32	weak		1	19	1	1	358	115.0	112.0	0.5833	0	0
hadur2.Hadur 3.9	EH.Fusion 0.32	weak		1	20	1	1	303	73.0	16.0	0.5000	0	0
hadur2.Hadur 3.9	EH.Fusion 0.32	weak		1	21	1	1	346	91.0	80.0	0.4545	0	0
hadur2.Hadur 3.9	EH.Fusion 0.32	weak		1	22	0	0	371	111.7	126.9	0.5833	0	0
hadur2.Hadur 3.9	EH.Fusion 0.32	weak		1	23	1	1	294	73.0	16.0	0.5714	0	0
hadur2.Hadur 3.9	EH.Fusion 0.32	weak		1	24	1	1	277	79.0	16.0	0.6667	0	0
hadur2.Hadur 3.9	EH.Fusion 0.32	weak		1	25	1	1	313	79.0	32.0	0.4444	0	0
hadur2.Hadur 3.9	EH.Fusion 0.32	weak		1	26	1	1	268	79.0	16.0	0.6667	0	0
hadur2.Hadur 3.9	EH.Fusion 0.32	weak		1	27	1	1	279	80.0	0.0	0.7143	0	0
hadur2.Hadur 3.9	EH.Fusion 0.32	weak		1	28	1	1	268	80.0	10.0	0.8333	0	0
hadur2.Hadur 3.9	EH.Fusion 0.32	weak		1	29	1	1	312	115.0	96.0	0.7778	0	0
hadur2.Hadur 3.9	EH.Fusion 0.32	weak		1	30	1	1	297	91.0	48.0	0.6250	0	0
hadur2.Hadur 3.9	EH.Fusion 0.32	weak		1	31	1	1	285	76.0	16.0	0.5714	0	0
hadur2.Hadur 3.9	EH.Fusion 0.32	weak		1	32	1	1	311	88.0	64.0	0.6667	0	0
hadur2.Hadur 3.9	EH.Fusion 0.32	weak		1	33	1	1	313	97.0	80.0	0.6667	0	0
hadur2.Hadur 3.9	EH.Fusion 0.32	weak		1	34	1	1	298	73.0	16.0	0.5000	0	6
hadur2.Hadur 3.9	EH.Fusion 0.32	weak		2	0	1	1	294	96.0	96.0	0.7500	0	6
hadur2.Hadur 3.9	EH.Fusion 0.32	weak		2	1	1	1	262	64.0	53.2	0.6667	0	0
hadur2.Hadur 3.9	EH.Fusion 0.32	weak		2	2	1	1	317	67.0	48.0	0.4444	0	0
hadur2.Hadur 3.9	EH.Fusion 0.32	weak		2	3	1	1	337	82.0	32.0	0.5000	0	0
hadur2.Hadur 3.9	EH.Fusion 0.32	weak		2	4	1	1	356	112.6	85.2	0.5833	0	0
hadur2.Hadur 3.9	EH.Fusion 0.32	weak		2	5	1	1	343	100.0	80.0	0.5455	0	0
hadur2.Hadur 3.9	EH.Fusion 0.32	weak		2	6	1	1	384	68.3	10.6	0.5333	0	0
hadur2.Hadur 3.9	EH.Fusion 0.32	weak		2	7	1	1	322	73.0	0.0	0.6364	0	0
hadur2.Hadur 3.9	EH.Fusion 0.32	weak		2	8	1	1	332	70.0	0.0	0.6364	0	0
hadur2.Hadur 3.9	EH.Fusion 0.32	weak		2	9	1	1	272	79.0	0.0	0.6667	0	0
hadur2.Hadur 3.9	EH.Fusion 0.32	weak		2	10	1	1	333	81.0	48.0	0.5000	0	0
hadur2.Hadur 3.9	EH.Fusion 0.32	weak		2	11	1	1	328	121.0	112.0	0.7000	0	0
hadur2.Hadur 3.9	EH.Fusion 0.32	weak		2	12	1	1	276	79.0	16.0	0.6667	0	0
hadur2.Hadur 3.9	EH.Fusion 0.32	weak		2	13	1	1	266	79.0	0.0	0.6667	0	0
hadur2.Hadur 3.9	EH.Fusion 0.32	weak		2	14	1	1	301	73.0	16.0	0.5000	0	0
hadur2.Hadur 3.9	EH.Fusion 0.32	weak		2	15	1	1	307	96.4	64.0	0.6667	0	0
hadur2.Hadur 3.9	EH.Fusion 0.32	weak		2	16	1	1	355	108.0	77.0	0.6667	0	0
hadur2.Hadur 3.9	EH.Fusion 0.32	weak		2	17	1	1	315	103.0	80.0	0.7778	0	0
hadur2.Hadur 3.9	EH.Fusion 0.32	weak		2	18	1	1	269	79.0	0.0	0.6667	0	0
hadur2.Hadur 3.9	EH.Fusion 0.32	weak		2	19	1	1	296	100.0	64.0	0.7500	0	0
hadur2.Hadur 3.9	EH.Fusion 0.32	weak		2	20	1	1	268	88.0	48.0	0.8333	0	0
hadur2.Hadur 3.9	EH.Fusion 0.32	weak		2	21	1	1	301	88.0	48.0	0.6250	0	0
hadur2.Hadur 3.9	EH.Fusion 0.32	weak		2	22	1	1	296	91.0	48.0	0.7500	0	0
hadur2.Hadur 3.9	EH.Fusion 0.32	weak		2	23	1	1	266	80.0	10.0	0.8333	0	0
hadur2.Hadur 3.9	EH.Fusion 0.32	weak		2	24	1	1	328	103.0	80.0	0.6000	0	0
hadur2.Hadur 3.9	EH.Fusion 0.32	weak		2	25	1	1	303	73.0	16.0	0.5000	0	0
hadur2.Hadur 3.9	EH.Fusion 0.32	weak		2	26	1	1	324	74.0	16.0	0.4444	0	0
hadur2.Hadur 3.9	EH.Fusion 0.32	weak		2	27	1	1	277	79.0	0.0	0.6667	0	0
hadur2.Hadur 3.9	EH.Fusion 0.32	weak		2	28	1	1	283	85.0	48.0	0.7143	0	0
hadur2.Hadur 3.9	EH.Fusion 0.32	weak		2	29	1	1	296	73.0	0.0	0.5000	0	0
hadur2.Hadur 3.9	EH.Fusion 0.32	weak		2	30	1	1	317	70.0	32.0	0.4444	0	0
hadur2.Hadur 3.9	EH.Fusion 0.32	weak		2	31	1	1	267	79.0	16.0	0.6667	0	0
hadur2.Hadur 3.9	EH.Fusion 0.32	weak		2	32	1	1	297	91.0	48.0	0.6250	0	0
hadur2.Hadur 3.9	EH.Fusion 0.32	weak		2	33	1	1	293	76.0	0.0	0.5714	0	0
hadur2.Hadur 3.9	EH.Fusion 0.32	weak		2	34	1	1	291	76.0	16.0	0.5714	0	10
hadur2.Hadur 3.9	EH.Fusion 0.32	weak		3	0	0	0	247	72.4	70.1	0.8000	0	0
hadur2.Hadur 3.9	EH.Fusion 0.32	weak		3	1	0	0	273	73.7	80.0	0.8333	0	0
hadur2.Hadur 3.9	EH.Fusion 0.32	weak		3	2	1	1	371	67.0	64.0	0.3333	0	4
hadur2.Hadur 3.9	EH.Fusion 0.32	weak		3	3	1	1	313	107.2	80.0	0.6667	0	0
hadur2.Hadur 3.9	EH.Fusion 0.32	weak		3	4	1	1	285	91.0	48.0	0.7143	0	0
hadur2.Hadur 3.9	EH.Fusion 0.32	weak		3	5	1	1	309	97.0	48.0	0.6667	0	0
hadur2.Hadur 3.9	EH.Fusion 0.32	weak		3	6	1	1	460	64.0	32.0	0.3000	0	0
hadur2.Hadur 3.9	EH.Fusion 0.32	weak		3	7	1	1	389	61.0	0.0	0.4000	0	0
hadur2.Hadur 3.9	EH.Fusion 0.32	weak		3	8	1	1	324	71.9	0.0	0.5000	0	0
hadur2.Hadur 3.9	EH.Fusion 0.32	weak		3	9	1	1	329	121.0	112.0	0.7000	0	0
hadur2.Hadur 3.9	EH.Fusion 0.32	weak		3	10	1	1	283	103.0	48.0	0.8571	0	0
hadur2.Hadur 3.9	EH.Fusion 0.32	weak		3	11	1	1	328	94.5	77.0	0.6000	0	0
hadur2.Hadur 3.9	EH.Fusion 0.32	weak		3	12	1	1	314	88.0	48.0	0.5556	0	0
hadur2.Hadur 3.9	EH.Fusion 0.32	weak		3	13	1	1	313	97.0	80.0	0.6667	0	0
hadur2.Hadur 3.9	EH.Fusion 0.32	weak		3	14	1	1	335	89.0	48.0	0.5000	0	0
hadur2.Hadur 3.9	EH.Fusion 0.32	weak		3	15	1	1	330	103.0	80.0	0.6000	0	0
hadur2.Hadur 3.9	EH.Fusion 0.32	weak		3	16	1	1	296	91.0	48.0	0.6250	0	0
hadur2.Hadur 3.9	EH.Fusion 0.32	weak		3	17	1	1	281	76.0	16.0	0.5714	0	0
hadur2.Hadur 3.9	EH.Fusion 0.32	weak		3	18	1	1	287	76.0	32.0	0.5714	0	0
hadur2.Hadur 3.9	EH.Fusion 0.32	weak		3	19	1	1	375	112.0	96.0	0.5385	0	0
hadur2.Hadur 3.9	EH.Fusion 0.32	weak		3	20	1	1	282	76.0	16.0	0.5714	0	0
hadur2.Hadur 3.9	EH.Fusion 0.32	weak		3	21	1	1	316	80.0	32.0	0.5556	0	0
hadur2.Hadur 3.9	EH.Fusion 0.32	weak		3	22	1	1	314	88.0	48.0	0.5556	0	0
hadur2.Hadur 3.9	EH.Fusion 0.32	weak		3	23	1	1	267	80.0	0.0	0.8333	0	0
hadur2.Hadur 3.9	EH.Fusion 0.32	weak		3	24	1	1	275	79.0	0.0	0.6667	0	0
hadur2.Hadur 3.9	EH.Fusion 0.32	weak		3	25	1	1	271	79.0	16.0	0.6667	0	0
hadur2.Hadur 3.9	EH.Fusion 0.32	weak		3	26	1	1	330	70.0	16.0	0.4000	0	0
hadur2.Hadur 3.9	EH.Fusion 0.32	weak		3	27	1	1	268	80.0	0.0	0.8333	0	0
hadur2.Hadur 3.9	EH.Fusion 0.32	weak		3	28	1	1	315	82.0	32.0	0.5556	0	0
hadur2.Hadur 3.9	EH.Fusion 0.32	weak		3	29	1	1	299	109.0	80.0	0.7500	0	0
hadur2.Hadur 3.9	EH.Fusion 0.32	weak		3	30	1	1	324	105.4	80.0	0.7000	0	0
hadur2.Hadur 3.9	EH.Fusion 0.32	weak		3	31	1	1	336	103.0	64.0	0.6000	0	0
hadur2.Hadur 3.9	EH.Fusion 0.32	weak		3	32	1	1	340	105.0	84.0	0.6364	0	0
hadur2.Hadur 3.9	EH.Fusion 0.32	weak		3	33	1	1	348	80.0	58.0	0.4545	0	0
hadur2.Hadur 3.9	EH.Fusion 0.32	weak		3	34	1	1	315	88.0	48.0	0.5556	0	5
hadur2.Hadur 3.9	EH.Fusion 0.32	weak		4	0	1	1	281	89.7	64.4	0.8571	0	5
hadur2.Hadur 3.9	EH.Fusion 0.32	weak		4	1	1	1	278	73.7	64.0	0.7143	0	0
hadur2.Hadur 3.9	EH.Fusion 0.32	weak		4	2	1	1	298	85.0	48.0	0.6250	0	0
hadur2.Hadur 3.9	EH.Fusion 0.32	weak		4	3	1	1	311	134.8	128.0	0.8889	0	0
hadur2.Hadur 3.9	EH.Fusion 0.32	weak		4	4	1	1	326	105.7	78.2	0.7000	0	0
hadur2.Hadur 3.9	EH.Fusion 0.32	weak		4	5	1	1	344	127.0	128.0	0.6364	0	0
hadur2.Hadur 3.9	EH.Fusion 0.32	weak		4	6	1	1	440	58.0	16.0	0.2632	0	0
hadur2.Hadur 3.9	EH.Fusion 0.32	weak		4	7	1	1	329	70.0	0.0	0.6364	0	0
hadur2.Hadur 3.9	EH.Fusion 0.32	weak		4	8	1	1	318	73.0	0.0	0.7000	0	0
hadur2.Hadur 3.9	EH.Fusion 0.32	weak		4	9	1	1	374	85.0	64.0	0.3846	0	0
hadur2.Hadur 3.9	EH.Fusion 0.32	weak		4	10	1	1	328	112.0	96.0	0.6000	0	0
hadur2.Hadur 3.9	EH.Fusion 0.32	weak		4	11	1	1	271	80.0	16.0	0.6667	0	0
hadur2.Hadur 3.9	EH.Fusion 0.32	weak		4	12	1	1	311	88.0	64.0	0.6667	0	0
hadur2.Hadur 3.9	EH.Fusion 0.32	weak		4	13	1	1	282	96.0	32.0	0.8571	0	0
hadur2.Hadur 3.9	EH.Fusion 0.32	weak		4	14	1	1	374	90.2	54.4	0.4615	0	1
hadur2.Hadur 3.9	EH.Fusion 0.32	weak		4	15	1	1	345	109.0	96.0	0.5455	0	0
hadur2.Hadur 3.9	EH.Fusion 0.32	weak		4	16	1	1	312	106.0	80.0	0.6667	0	0
hadur2.Hadur 3.9	EH.Fusion 0.32	weak		4	17	1	1	271	79.0	16.0	0.6667	0	0
hadur2.Hadur 3.9	EH.Fusion 0.32	weak		4	18	1	1	271	79.0	16.0	0.6667	0	0
hadur2.Hadur 3.9	EH.Fusion 0.32	weak		4	19	1	1	297	91.0	64.0	0.7500	0	0
hadur2.Hadur 3.9	EH.Fusion 0.32	weak		4	20	1	1	267	79.0	16.0	0.6667	0	0
hadur2.Hadur 3.9	EH.Fusion 0.32	weak		4	21	1	1	329	67.0	32.0	0.4000	0	0
hadur2.Hadur 3.9	EH.Fusion 0.32	weak		4	22	1	1	329	85.0	48.0	0.5000	0	0
hadur2.Hadur 3.9	EH.Fusion 0.32	weak		4	23	1	1	276	79.0	16.0	0.6667	0	0
hadur2.Hadur 3.9	EH.Fusion 0.32	weak		4	24	1	1	311	106.0	96.0	0.7778	0	0
hadur2.Hadur 3.9	EH.Fusion 0.32	weak		4	25	1	1	313	70.0	16.0	0.4444	0	0
hadur2.Hadur 3.9	EH.Fusion 0.32	weak		4	26	1	1	282	103.0	64.0	0.8571	0	0
hadur2.Hadur 3.9	EH.Fusion 0.32	weak		4	27	1	1	313	88.0	48.0	0.5556	0	0
hadur2.Hadur 3.9	EH.Fusion 0.32	weak		4	28	1	1	277	86.0	16.0	0.8571	0	0
hadur2.Hadur 3.9	EH.Fusion 0.32	weak		4	29	1	1	271	79.0	16.0	0.6667	0	0
hadur2.Hadur 3.9	EH.Fusion 0.32	weak		4	30	1	1	328	103.0	80.0	0.6000	0	0
hadur2.Hadur 3.9	EH.Fusion 0.32	weak		4	31	1	1	282	93.4	48.0	0.7143	0	0
hadur2.Hadur 3.9	EH.Fusion 0.32	weak		4	32	1	1	296	88.0	32.0	0.6250	0	0
hadur2.Hadur 3.9	EH.Fusion 0.32	weak		4	33	1	1	303	73.0	16.0	0.5000	0	0
hadur2.Hadur 3.9	EH.Fusion 0.32	weak		4	34	1	1	285	94.0	48.0	0.7143	0	7
hadur2.Hadur 3.9	Lo_Ian.Gandalf_V4 4.0	weak		1	0	1	1	478	97.0	0.0	0.4286	0	5
hadur2.Hadur 3.9	Lo_Ian.Gandalf_V4 4.0	weak		1	1	1	1	483	108.9	64.0	0.5000	0	1
hadur2.Hadur 3.9	Lo_Ian.Gandalf_V4 4.0	weak		1	2	1	1	447	85.0	0.0	0.4211	0	0
hadur2.Hadur 3.9	Lo_Ian.Gandalf_V4 4.0	weak		1	3	1	1	498	70.0	0.0	0.3043	0	0
hadur2.Hadur 3.9	Lo_Ian.Gandalf_V4 4.0	weak		1	4	1	1	389	79.0	16.0	0.4667	0	0
hadur2.Hadur 3.9	Lo_Ian.Gandalf_V4 4.0	weak		1	5	1	1	448	78.6	0.0	0.4000	0	0
hadur2.Hadur 3.9	Lo_Ian.Gandalf_V4 4.0	weak		1	6	1	1	559	78.8	0.0	0.2857	0	0
hadur2.Hadur 3.9	Lo_Ian.Gandalf_V4 4.0	weak		1	7	1	1	453	78.8	0.0	0.4000	0	0
hadur2.Hadur 3.9	Lo_Ian.Gandalf_V4 4.0	weak		1	8	1	1	437	70.0	0.0	0.2353	0	0
hadur2.Hadur 3.9	Lo_Ian.Gandalf_V4 4.0	weak		1	9	1	1	386	85.0	0.0	0.3846	0	0
hadur2.Hadur 3.9	Lo_Ian.Gandalf_V4 4.0	weak		1	10	1	1	504	94.0	0.0	0.2500	0	0
hadur2.Hadur 3.9	Lo_Ian.Gandalf_V4 4.0	weak		1	11	1	1	476	81.7	0.4	0.2500	0	0
hadur2.Hadur 3.9	Lo_Ian.Gandalf_V4 4.0	weak		1	12	1	1	413	88.0	0.0	0.3333	0	0
hadur2.Hadur 3.9	Lo_Ian.Gandalf_V4 4.0	weak		1	13	1	1	295	82.0	0.0	0.6250	0	0
hadur2.Hadur 3.9	Lo_Ian.Gandalf_V4 4.0	weak		1	14	1	1	475	76.0	0.0	0.2105	0	0
hadur2.Hadur 3.9	Lo_Ian.Gandalf_V4 4.0	weak		1	15	1	1	457	85.0	0.0	0.2778	0	0
hadur2.Hadur 3.9	Lo_Ian.Gandalf_V4 4.0	weak		1	16	1	1	388	85.0	0.0	0.3846	0	0
hadur2.Hadur 3.9	Lo_Ian.Gandalf_V4 4.0	weak		1	17	1	1	351	76.0	0.0	0.3636	0	0
hadur2.Hadur 3.9	Lo_Ian.Gandalf_V4 4.0	weak		1	18	1	1	375	76.0	0.0	0.3077	0	0
hadur2.Hadur 3.9	Lo_Ian.Gandalf_V4 4.0	weak		1	19	1	1	354	73.0	0.0	0.3636	0	0
hadur2.Hadur 3.9	Lo_Ian.Gandalf_V4 4.0	weak		1	20	1	1	339	85.0	0.0	0.5000	0	0
hadur2.Hadur 3.9	Lo_Ian.Gandalf_V4 4.0	weak		1	21	1	1	388	79.0	0.0	0.3077	0	0
hadur2.Hadur 3.9	Lo_Ian.Gandalf_V4 4.0	weak		1	22	1	1	344	67.0	0.0	0.3636	0	0
hadur2.Hadur 3.9	Lo_Ian.Gandalf_V4 4.0	weak		1	23	1	1	413	81.9	0.0	0.3333	0	0
hadur2.Hadur 3.9	Lo_Ian.Gandalf_V4 4.0	weak		1	24	1	1	313	100.0	0.0	0.6667	0	0
hadur2.Hadur 3.9	Lo_Ian.Gandalf_V4 4.0	weak		1	25	1	1	362	76.0	0.0	0.3333	0	0
hadur2.Hadur 3.9	Lo_Ian.Gandalf_V4 4.0	weak		1	26	1	1	341	88.0	0.0	0.5000	0	0
hadur2.Hadur 3.9	Lo_Ian.Gandalf_V4 4.0	weak		1	27	1	1	371	88.0	0.0	0.4167	0	0
hadur2.Hadur 3.9	Lo_Ian.Gandalf_V4 4.0	weak		1	28	1	1	424	70.0	0.0	0.2667	0	0
hadur2.Hadur 3.9	Lo_Ian.Gandalf_V4 4.0	weak		1	29	1	1	407	76.0	0.0	0.2667	0	0
hadur2.Hadur 3.9	Lo_Ian.Gandalf_V4 4.0	weak		1	30	1	1	386	66.9	0.4	0.2857	0	0
hadur2.Hadur 3.9	Lo_Ian.Gandalf_V4 4.0	weak		1	31	1	1	367	81.9	0.4	0.3846	0	0
hadur2.Hadur 3.9	Lo_Ian.Gandalf_V4 4.0	weak		1	32	1	1	335	81.8	0.0	0.5000	0	0
hadur2.Hadur 3.9	Lo_Ian.Gandalf_V4 4.0	weak		1	33	1	1	308	85.0	0.0	0.5556	0	0
hadur2.Hadur 3.9	Lo_Ian.Gandalf_V4 4.0	weak		1	34	1	1	442	79.0	0.0	0.2500	0	7
hadur2.Hadur 3.9	Lo_Ian.Gandalf_V4 4.0	weak		2	0	1	1	551	78.9	16.4	0.2963	0	5
hadur2.Hadur 3.9	Lo_Ian.Gandalf_V4 4.0	weak		2	1	1	1	438	94.0	0.0	0.4737	0	0
hadur2.Hadur 3.9	Lo_Ian.Gandalf_V4 4.0	weak		2	2	1	1	462	88.0	0.0	0.4500	0	0
hadur2.Hadur 3.9	Lo_Ian.Gandalf_V4 4.0	weak		2	3	1	1	394	82.0	0.0	0.5333	0	0
hadur2.Hadur 3.9	Lo_Ian.Gandalf_V4 4.0	weak		2	4	1	1	356	87.8	0.0	0.6923	0	0
hadur2.Hadur 3.9	Lo_Ian.Gandalf_V4 4.0	weak		2	5	1	1	358	93.8	32.0	0.6923	0	0
hadur2.Hadur 3.9	Lo_Ian.Gandalf_V4 4.0	weak		2	6	1	1	377	82.0	16.0	0.5714	0	0
hadur2.Hadur 3.9	Lo_Ian.Gandalf_V4 4.0	weak		2	7	1	1	357	82.3	0.0	0.5385	0	0
hadur2.Hadur 3.9	Lo_Ian.Gandalf_V4 4.0	weak		2	8	1	1	377	88.0	0.0	0.5000	0	0
hadur2.Hadur 3.9	Lo_Ian.Gandalf_V4 4.0	weak		2	9	1	1	329	88.0	16.0	0.5000	0	0
hadur2.Hadur 3.9	Lo_Ian.Gandalf_V4 4.0	weak		2	10	1	1	399	66.9	0.0	0.2667	0	0
hadur2.Hadur 3.9	Lo_Ian.Gandalf_V4 4.0	weak		2	11	1	1	366	81.8	0.0	0.4167	0	0
hadur2.Hadur 3.9	Lo_Ian.Gandalf_V4 4.0	weak		2	12	1	1	434	85.0	0.0	0.3125	0	0
hadur2.Hadur 3.9	Lo_Ian.Gandalf_V4 4.0	weak		2	13	1	1	537	79.0	0.0	0.1739	0	0
hadur2.Hadur 3.9	Lo_Ian.Gandalf_V4 4.0	weak		2	14	1	1	376	79.0	0.0	0.3077	0	0
hadur2.Hadur 3.9	Lo_Ian.Gandalf_V4 4.0	weak		2	15	1	1	378	73.0	0.0	0.3077	0	0
hadur2.Hadur 3.9	Lo_Ian.Gandalf_V4 4.0	weak		2	16	1	1	461	85.0	0.0	0.2778	0	0
hadur2.Hadur 3.9	Lo_Ian.Gandalf_V4 4.0	weak		2	17	1	1	362	79.0	0.0	0.3333	0	0
hadur2.Hadur 3.9	Lo_Ian.Gandalf_V4 4.0	weak		2	18	1	1	363	81.7	0.0	0.4167	0	0
hadur2.Hadur 3.9	Lo_Ian.Gandalf_V4 4.0	weak		2	19	1	1	369	82.0	0.0	0.4167	0	0
hadur2.Hadur 3.9	Lo_Ian.Gandalf_V4 4.0	weak		2	20	1	1	360	79.0	0.0	0.3333	0	0
hadur2.Hadur 3.9	Lo_Ian.Gandalf_V4 4.0	weak		2	21	1	1	321	82.0	0.0	0.5556	0	0
hadur2.Hadur 3.9	Lo_Ian.Gandalf_V4 4.0	weak		2	22	1	1	394	81.9	0.0	0.3571	0	0
hadur2.Hadur 3.9	Lo_Ian.Gandalf_V4 4.0	weak		2	23	1	1	340	82.0	0.0	0.5000	0	0
hadur2.Hadur 3.9	Lo_Ian.Gandalf_V4 4.0	weak		2	24	1	1	384	85.0	0.0	0.3846	0	0
hadur2.Hadur 3.9	Lo_Ian.Gandalf_V4 4.0	weak		2	25	1	1	370	79.0	0.0	0.3333	0	0
hadur2.Hadur 3.9	Lo_Ian.Gandalf_V4 4.0	weak		2	26	1	1	406	85.0	0.0	0.3333	0	0
hadur2.Hadur 3.9	Lo_Ian.Gandalf_V4 4.0	weak		2	27	1	1	391	70.3	0.0	0.2857	0	0
hadur2.Hadur 3.9	Lo_Ian.Gandalf_V4 4.0	weak		2	28	1	1	298	79.0	0.0	0.5000	0	0
hadur2.Hadur 3.9	Lo_Ian.Gandalf_V4 4.0	weak		2	29	1	1	324	79.0	0.0	0.4444	0	0
hadur2.Hadur 3.9	Lo_Ian.Gandalf_V4 4.0	weak		2	30	1	1	383	79.0	0.0	0.3077	0	0
hadur2.Hadur 3.9	Lo_Ian.Gandalf_V4 4.0	weak		2	31	1	1	359	85.0	0.0	0.4167	0	0
hadur2.Hadur 3.9	Lo_Ian.Gandalf_V4 4.0	weak		2	32	1	1	309	85.0	0.0	0.5556	0	0
hadur2.Hadur 3.9	Lo_Ian.Gandalf_V4 4.0	weak		2	33	1	1	315	85.0	0.0	0.5556	0	0
hadur2.Hadur 3.9	Lo_Ian.Gandalf_V4 4.0	weak		2	34	1	1	339	85.0	0.0	0.5000	0	6
hadur2.Hadur 3.9	Lo_Ian.Gandalf_V4 4.0	weak		3	0	1	1	703	69.8	0.4	0.2105	0	4
hadur2.Hadur 3.9	Lo_Ian.Gandalf_V4 4.0	weak		3	1	1	1	409	97.0	0.0	0.5294	0	0
hadur2.Hadur 3.9	Lo_Ian.Gandalf_V4 4.0	weak		3	2	1	1	427	69.9	16.0	0.3889	0	0
hadur2.Hadur 3.9	Lo_Ian.Gandalf_V4 4.0	weak		3	3	1	1	324	85.0	0.0	0.8000	0	0
hadur2.Hadur 3.9	Lo_Ian.Gandalf_V4 4.0	weak		3	4	1	1	464	87.9	0.0	0.4286	0	0
hadur2.Hadur 3.9	Lo_Ian.Gandalf_V4 4.0	weak		3	5	1	1	411	82.0	0.0	0.4118	0	0
hadur2.Hadur 3.9	Lo_Ian.Gandalf_V4 4.0	weak		3	6	1	1	310	85.0	0.0	0.5556	0	0
hadur2.Hadur 3.9	Lo_Ian.Gandalf_V4 4.0	weak		3	7	1	1	449	76.0	0.0	0.2353	0	0
hadur2.Hadur 3.9	Lo_Ian.Gandalf_V4 4.0	weak		3	8	1	1	513	81.9	0.0	0.2381	0	0
hadur2.Hadur 3.9	Lo_Ian.Gandalf_V4 4.0	weak		3	9	1	1	407	88.0	0.0	0.3333	0	0
hadur2.Hadur 3.9	Lo_Ian.Gandalf_V4 4.0	weak		3	10	1	1	340	79.0	0.0	0.4000	0	0
hadur2.Hadur 3.9	Lo_Ian.Gandalf_V4 4.0	weak		3	11	1	1	393	94.0	0.0	0.3571	0	0
hadur2.Hadur 3.9	Lo_Ian.Gandalf_V4 4.0	weak		3	12	1	1	537	76.0	0.0	0.1739	0	0
hadur2.Hadur 3.9	Lo_Ian.Gandalf_V4 4.0	weak		3	13	1	1	406	85.0	0.0	0.3333	0	0
hadur2.Hadur 3.9	Lo_Ian.Gandalf_V4 4.0	weak		3	14	1	1	330	85.0	0.0	0.5000	0	0
hadur2.Hadur 3.9	Lo_Ian.Gandalf_V4 4.0	weak		3	15	1	1	361	79.0	0.0	0.3333	0	0
hadur2.Hadur 3.9	Lo_Ian.Gandalf_V4 4.0	weak		3	16	1	1	384	81.7	0.0	0.3571	0	0
hadur2.Hadur 3.9	Lo_Ian.Gandalf_V4 4.0	weak		3	17	1	1	435	81.9	0.0	0.3125	0	0
hadur2.Hadur 3.9	Lo_Ian.Gandalf_V4 4.0	weak		3	18	1	1	374	82.0	0.0	0.3846	0	0
hadur2.Hadur 3.9	Lo_Ian.Gandalf_V4 4.0	weak		3	19	1	1	375	82.0	0.0	0.3846	0	0
hadur2.Hadur 3.9	Lo_Ian.Gandalf_V4 4.0	weak		3	20	1	1	402	79.0	0.0	0.2857	0	0
hadur2.Hadur 3.9	Lo_Ian.Gandalf_V4 4.0	weak		3	21	1	1	363	81.4	32.0	0.4167	0	0
hadur2.Hadur 3.9	Lo_Ian.Gandalf_V4 4.0	weak		3	22	1	1	394	85.0	0.0	0.3571	0	0
hadur2.Hadur 3.9	Lo_Ian.Gandalf_V4 4.0	weak		3	23	1	1	595	55.0	0.0	0.1154	0	0
hadur2.Hadur 3.9	Lo_Ian.Gandalf_V4 4.0	weak		3	24	1	1	424	82.0	0.0	0.3125	0	0
hadur2.Hadur 3.9	Lo_Ian.Gandalf_V4 4.0	weak		3	25	1	1	344	76.0	0.0	0.3636	0	0
hadur2.Hadur 3.9	Lo_Ian.Gandalf_V4 4.0	weak		3	26	1	1	314	85.0	0.0	0.5556	0	0
hadur2.Hadur 3.9	Lo_Ian.Gandalf_V4 4.0	weak		3	27	1	1	420	88.0	0.0	0.3125	0	0
hadur2.Hadur 3.9	Lo_Ian.Gandalf_V4 4.0	weak		3	28	1	1	381	76.0	0.0	0.3077	0	0
hadur2.Hadur 3.9	Lo_Ian.Gandalf_V4 4.0	weak		3	29	1	1	365	76.0	0.0	0.3333	0	0
hadur2.Hadur 3.9	Lo_Ian.Gandalf_V4 4.0	weak		3	30	1	1	423	79.0	0.0	0.2500	0	0
hadur2.Hadur 3.9	Lo_Ian.Gandalf_V4 4.0	weak		3	31	1	1	329	91.0	0.0	0.5000	0	0
hadur2.Hadur 3.9	Lo_Ian.Gandalf_V4 4.0	weak		3	32	1	1	355	85.0	0.0	0.4545	0	0
hadur2.Hadur 3.9	Lo_Ian.Gandalf_V4 4.0	weak		3	33	1	1	345	81.9	0.4	0.4545	0	0
hadur2.Hadur 3.9	Lo_Ian.Gandalf_V4 4.0	weak		3	34	1	1	354	66.9	0.4	0.3636	0	6
hadur2.Hadur 3.9	Lo_Ian.Gandalf_V4 4.0	weak		4	0	1	1	524	85.0	0.0	0.3200	0	6
hadur2.Hadur 3.9	Lo_Ian.Gandalf_V4 4.0	weak		4	1	1	1	414	97.0	16.0	0.5294	0	0
hadur2.Hadur 3.9	Lo_Ian.Gandalf_V4 4.0	weak		4	2	1	1	499	79.0	32.0	0.3478	0	0
hadur2.Hadur 3.9	Lo_Ian.Gandalf_V4 4.0	weak		4	3	1	1	443	67.0	16.0	0.3158	0	0
hadur2.Hadur 3.9	Lo_Ian.Gandalf_V4 4.0	weak		4	4	1	1	374	76.0	0.0	0.5000	0	0
hadur2.Hadur 3.9	Lo_Ian.Gandalf_V4 4.0	weak		4	5	1	1	374	73.0	0.0	0.5000	0	0
hadur2.Hadur 3.9	Lo_Ian.Gandalf_V4 4.0	weak		4	6	1	1	425	85.6	0.4	0.3750	0	0
hadur2.Hadur 3.9	Lo_Ian.Gandalf_V4 4.0	weak		4	7	1	1	494	73.0	0.0	0.2000	0	0
hadur2.Hadur 3.9	Lo_Ian.Gandalf_V4 4.0	weak		4	8	1	1	521	79.0	16.0	0.1905	0	0
hadur2.Hadur 3.9	Lo_Ian.Gandalf_V4 4.0	weak		4	9	1	1	331	79.0	0.0	0.4000	0	0
hadur2.Hadur 3.9	Lo_Ian.Gandalf_V4 4.0	weak		4	10	1	1	402	81.8	0.0	0.3333	0	0
hadur2.Hadur 3.9	Lo_Ian.Gandalf_V4 4.0	weak		4	11	1	1	687	52.0	0.0	0.0938	0	0
hadur2.Hadur 3.9	Lo_Ian.Gandalf_V4 4.0	weak		4	12	1	1	377	88.0	16.0	0.3846	0	0
hadur2.Hadur 3.9	Lo_Ian.Gandalf_V4 4.0	weak		4	13	1	1	472	85.0	0.0	0.2632	0	0
hadur2.Hadur 3.9	Lo_Ian.Gandalf_V4 4.0	weak		4	14	1	1	364	81.7	0.0	0.3846	0	0
hadur2.Hadur 3.9	Lo_Ian.Gandalf_V4 4.0	weak		4	15	1	1	369	76.0	0.0	0.3333	0	0
hadur2.Hadur 3.9	Lo_Ian.Gandalf_V4 4.0	weak		4	16	1	1	364	96.9	0.0	0.5000	0	0
hadur2.Hadur 3.9	Lo_Ian.Gandalf_V4 4.0	weak		4	17	1	1	461	76.0	0.0	0.2222	0	0
hadur2.Hadur 3.9	Lo_Ian.Gandalf_V4 4.0	weak		4	18	1	1	352	81.8	16.0	0.4545	0	0
hadur2.Hadur 3.9	Lo_Ian.Gandalf_V4 4.0	weak		4	19	1	1	378	94.0	0.0	0.3846	0	0
hadur2.Hadur 3.9	Lo_Ian.Gandalf_V4 4.0	weak		4	20	1	1	369	91.0	0.0	0.4167	0	0
hadur2.Hadur 3.9	Lo_Ian.Gandalf_V4 4.0	weak		4	21	1	1	389	81.9	0.4	0.3571	0	1
hadur2.Hadur 3.9	Lo_Ian.Gandalf_V4 4.0	weak		4	22	1	1	393	73.0	0.0	0.2857	0	0
hadur2.Hadur 3.9	Lo_Ian.Gandalf_V4 4.0	weak		4	23	1	1	369	81.9	0.0	0.3846	0	0
hadur2.Hadur 3.9	Lo_Ian.Gandalf_V4 4.0	weak		4	24	1	1	375	91.0	0.0	0.3846	0	0
hadur2.Hadur 3.9	Lo_Ian.Gandalf_V4 4.0	weak		4	25	1	1	434	81.7	0.0	0.3125	0	0
hadur2.Hadur 3.9	Lo_Ian.Gandalf_V4 4.0	weak		4	26	1	1	365	79.0	0.0	0.3333	0	0
hadur2.Hadur 3.9	Lo_Ian.Gandalf_V4 4.0	weak		4	27	1	1	393	82.0	0.0	0.3571	0	0
hadur2.Hadur 3.9	Lo_Ian.Gandalf_V4 4.0	weak		4	28	1	1	372	88.0	0.0	0.4167	0	0
hadur2.Hadur 3.9	Lo_Ian.Gandalf_V4 4.0	weak		4	29	1	1	354	79.0	0.0	0.3636	0	0
hadur2.Hadur 3.9	Lo_Ian.Gandalf_V4 4.0	weak		4	30	1	1	459	94.0	0.0	0.2778	0	0
hadur2.Hadur 3.9	Lo_Ian.Gandalf_V4 4.0	weak		4	31	1	1	317	88.0	0.0	0.5556	0	0
hadur2.Hadur 3.9	Lo_Ian.Gandalf_V4 4.0	weak		4	32	1	1	382	94.0	0.0	0.3846	0	0
hadur2.Hadur 3.9	Lo_Ian.Gandalf_V4 4.0	weak		4	33	1	1	298	76.0	0.0	0.5000	0	0
hadur2.Hadur 3.9	Lo_Ian.Gandalf_V4 4.0	weak		4	34	1	1	356	88.0	0.0	0.4545	0	6
hadur2.Hadur 3.9	McS.Spanky_test 0.1a	weak		1	0	1	1	622	92.0	0.0	0.2813	0	6
hadur2.Hadur 3.9	McS.Spanky_test 0.1a	weak		1	1	1	1	542	94.0	0.0	0.3462	0	0
hadur2.Hadur 3.9	McS.Spanky_test 0.1a	weak		1	2	1	1	505	94.0	0.0	0.3750	0	0
hadur2.Hadur 3.9	McS.Spanky_test 0.1a	weak		1	3	1	1	628	93.0	0.0	0.2813	0	0
hadur2.Hadur 3.9	McS.Spanky_test 0.1a	weak		1	4	1	1	429	96.0	0.0	0.3125	0	0
hadur2.Hadur 3.9	McS.Spanky_test 0.1a	weak		1	5	1	1	465	96.0	0.0	0.3158	0	0
hadur2.Hadur 3.9	McS.Spanky_test 0.1a	weak		1	6	1	1	396	95.0	0.0	0.3571	0	0
hadur2.Hadur 3.9	McS.Spanky_test 0.1a	weak		1	7	1	1	475	97.0	0.0	0.3000	0	0
hadur2.Hadur 3.9	McS.Spanky_test 0.1a	weak		1	8	1	1	502	94.0	0.0	0.2381	0	0
hadur2.Hadur 3.9	McS.Spanky_test 0.1a	weak		1	9	1	1	431	97.0	0.0	0.3529	0	0
hadur2.Hadur 3.9	McS.Spanky_test 0.1a	weak		1	10	1	1	459	96.0	0.0	0.2778	0	0
hadur2.Hadur 3.9	McS.Spanky_test 0.1a	weak		1	11	1	1	468	94.0	0.0	0.2778	0	0
hadur2.Hadur 3.9	McS.Spanky_test 0.1a	weak		1	12	1	1	491	94.0	0.0	0.2500	0	0
hadur2.Hadur 3.9	McS.Spanky_test 0.1a	weak		1	13	1	1	427	95.0	0.0	0.3125	0	0
hadur2.Hadur 3.9	McS.Spanky_test 0.1a	weak		1	14	1	1	378	98.0	0.0	0.4615	0	0
hadur2.Hadur 3.9	McS.Spanky_test 0.1a	weak		1	15	1	1	466	93.0	0.0	0.2778	0	0
hadur2.Hadur 3.9	McS.Spanky_test 0.1a	weak		1	16	1	1	438	96.0	0.0	0.2941	0	0
hadur2.Hadur 3.9	McS.Spanky_test 0.1a	weak		1	17	1	1	362	96.0	0.0	0.4167	0	0
hadur2.Hadur 3.9	McS.Spanky_test 0.1a	weak		1	18	1	1	464	97.0	0.0	0.3000	0	0
hadur2.Hadur 3.9	McS.Spanky_test 0.1a	weak		1	19	1	1	431	96.0	4.0	0.3529	0	0
hadur2.Hadur 3.9	McS.Spanky_test 0.1a	weak		1	20	1	1	377	95.0	0.0	0.3846	0	0
hadur2.Hadur 3.9	McS.Spanky_test 0.1a	weak		1	21	1	1	458	98.0	4.0	0.4000	0	0
hadur2.Hadur 3.9	McS.Spanky_test 0.1a	weak		1	22	1	1	405	97.0	0.0	0.4000	0	0
hadur2.Hadur 3.9	McS.Spanky_test 0.1a	weak		1	23	1	1	465	96.0	0.0	0.2778	0	0
hadur2.Hadur 3.9	McS.Spanky_test 0.1a	weak		1	24	1	1	488	97.0	0.0	0.2857	0	0
hadur2.Hadur 3.9	McS.Spanky_test 0.1a	weak		1	25	1	1	398	96.0	0.0	0.3571	0	0
hadur2.Hadur 3.9	McS.Spanky_test 0.1a	weak		1	26	1	1	380	96.0	0.0	0.3846	0	0
hadur2.Hadur 3.9	McS.Spanky_test 0.1a	weak		1	27	1	1	390	96.0	0.0	0.3846	0	0
hadur2.Hadur 3.9	McS.Spanky_test 0.1a	weak		1	28	1	1	395	96.0	4.0	0.3571	0	0
hadur2.Hadur 3.9	McS.Spanky_test 0.1a	weak		1	29	1	1	497	93.0	4.0	0.2500	0	0
hadur2.Hadur 3.9	McS.Spanky_test 0.1a	weak		1	30	1	1	375	95.0	0.0	0.3846	0	0
hadur2.Hadur 3.9	McS.Spanky_test 0.1a	weak		1	31	1	1	297	98.2	16.0	0.7500	0	0
hadur2.Hadur 3.9	McS.Spanky_test 0.1a	weak		1	32	1	1	511	92.4	0.0	0.2381	0	0
hadur2.Hadur 3.9	McS.Spanky_test 0.1a	weak		1	33	1	1	400	99.0	4.0	0.4286	0	0
hadur2.Hadur 3.9	McS.Spanky_test 0.1a	weak		1	34	1	1	388	96.0	4.0	0.4000	0	6
hadur2.Hadur 3.9	McS.Spanky_test 0.1a	weak		2	0	1	1	573	96.0	0.0	0.3214	0	9
hadur2.Hadur 3.9	McS.Spanky_test 0.1a	weak		2	1	1	1	719	93.0	0.0	0.2308	0	0
hadur2.Hadur 3.9	McS.Spanky_test 0.1a	weak		2	2	1	1	606	93.0	0.0	0.2903	0	0
hadur2.Hadur 3.9	McS.Spanky_test 0.1a	weak		2	3	1	1	521	94.0	0.0	0.3600	0	0
hadur2.Hadur 3.9	McS.Spanky_test 0.1a	weak		2	4	1	1	452	96.0	0.0	0.2941	0	0
hadur2.Hadur 3.9	McS.Spanky_test 0.1a	weak		2	5	1	1	389	97.0	0.0	0.4286	0	0
hadur2.Hadur 3.9	McS.Spanky_test 0.1a	weak		2	6	1	1	520	95.0	0.0	0.2273	0	0
hadur2.Hadur 3.9	McS.Spanky_test 0.1a	weak		2	7	1	1	372	96.0	0.0	0.4167	0	0
hadur2.Hadur 3.9	McS.Spanky_test 0.1a	weak		2	8	1	1	489	93.0	0.0	0.2500	0	0
hadur2.Hadur 3.9	McS.Spanky_test 0.1a	weak		2	9	1	1	450	96.0	0.0	0.2941	0	0
hadur2.Hadur 3.9	McS.Spanky_test 0.1a	weak		2	10	1	1	420	94.0	0.0	0.3333	0	0
hadur2.Hadur 3.9	McS.Spanky_test 0.1a	weak		2	11	1	1	449	96.0	0.0	0.2941	0	0
hadur2.Hadur 3.9	McS.Spanky_test 0.1a	weak		2	12	1	1	465	94.4	0.0	0.2778	0	0
hadur2.Hadur 3.9	McS.Spanky_test 0.1a	weak		2	13	1	1	502	95.0	0.0	0.2381	0	0
hadur2.Hadur 3.9	McS.Spanky_test 0.1a	weak		2	14	1	1	438	96.0	0.0	0.3125	0	0
hadur2.Hadur 3.9	McS.Spanky_test 0.1a	weak		2	15	1	1	597	93.0	0.0	0.1852	0	0
hadur2.Hadur 3.9	McS.Spanky_test 0.1a	weak		2	16	1	1	525	94.0	0.0	0.2273	0	0
hadur2.Hadur 3.9	McS.Spanky_test 0.1a	weak		2	17	1	1	395	96.0	0.0	0.3571	0	0
hadur2.Hadur 3.9	McS.Spanky_test 0.1a	weak		2	18	1	1	385	95.0	0.0	0.3846	0	0
hadur2.Hadur 3.9	McS.Spanky_test 0.1a	weak		2	19	1	1	428	96.0	0.0	0.3125	0	0
hadur2.Hadur 3.9	McS.Spanky_test 0.1a	weak		2	20	1	1	413	98.0	0.0	0.4000	0	0
hadur2.Hadur 3.9	McS.Spanky_test 0.1a	weak		2	21	1	1	452	96.0	0.0	0.2941	0	0
hadur2.Hadur 3.9	McS.Spanky_test 0.1a	weak		2	22	1	1	393	96.0	0.0	0.3571	0	0
hadur2.Hadur 3.9	McS.Spanky_test 0.1a	weak		2	23	1	1	486	93.0	0.0	0.2500	0	0
hadur2.Hadur 3.9	McS.Spanky_test 0.1a	weak		2	24	1	1	375	99.0	0.0	0.4615	0	0
hadur2.Hadur 3.9	McS.Spanky_test 0.1a	weak		2	25	1	1	356	97.0	0.0	0.5000	0	0
hadur2.Hadur 3.9	McS.Spanky_test 0.1a	weak		2	26	1	1	529	95.0	0.0	0.2273	0	0
hadur2.Hadur 3.9	McS.Spanky_test 0.1a	weak		2	27	1	1	367	96.0	0.0	0.4167	0	0
hadur2.Hadur 3.9	McS.Spanky_test 0.1a	weak		2	28	1	1	398	96.0	0.0	0.3571	0	0
hadur2.Hadur 3.9	McS.Spanky_test 0.1a	weak		2	29	1	1	466	95.0	0.0	0.2778	0	0
hadur2.Hadur 3.9	McS.Spanky_test 0.1a	weak		2	30	1	1	486	96.0	0.0	0.2632	0	0
hadur2.Hadur 3.9	McS.Spanky_test 0.1a	weak		2	31	1	1	395	95.0	0.0	0.3571	0	0
hadur2.Hadur 3.9	McS.Spanky_test 0.1a	weak		2	32	1	1	393	96.0	0.0	0.3571	0	0
hadur2.Hadur 3.9	McS.Spanky_test 0.1a	weak		2	33	1	1	400	94.0	0.0	0.3571	0	0
hadur2.Hadur 3.9	McS.Spanky_test 0.1a	weak		2	34	1	1	399	96.0	0.0	0.3571	0	6
hadur2.Hadur 3.9	McS.Spanky_test 0.1a	weak		3	0	1	1	365	99.0	10.0	0.5000	0	3
hadur2.Hadur 3.9	McS.Spanky_test 0.1a	weak		3	1	1	1	529	96.0	0.0	0.3600	0	0
hadur2.Hadur 3.9	McS.Spanky_test 0.1a	weak		3	2	1	1	631	92.0	0.0	0.2727	0	1
hadur2.Hadur 3.9	McS.Spanky_test 0.1a	weak		3	3	1	1	539	91.0	0.0	0.3462	0	0
hadur2.Hadur 3.9	McS.Spanky_test 0.1a	weak		3	4	1	1	480	95.0	0.0	0.4091	0	0
hadur2.Hadur 3.9	McS.Spanky_test 0.1a	weak		3	5	1	1	466	96.0	0.0	0.3684	0	0
hadur2.Hadur 3.9	McS.Spanky_test 0.1a	weak		3	6	1	1	376	96.0	0.0	0.3846	0	0
hadur2.Hadur 3.9	McS.Spanky_test 0.1a	weak		3	7	1	1	460	96.0	0.0	0.2778	0	0
hadur2.Hadur 3.9	McS.Spanky_test 0.1a	weak		3	8	1	1	525	93.0	0.0	0.2273	0	0
hadur2.Hadur 3.9	McS.Spanky_test 0.1a	weak		3	9	1	1	448	97.0	4.0	0.3333	0	0
hadur2.Hadur 3.9	McS.Spanky_test 0.1a	weak		3	10	1	1	494	96.0	0.0	0.2500	0	0
hadur2.Hadur 3.9	McS.Spanky_test 0.1a	weak		3	11	1	1	566	94.0	0.0	0.2000	0	0
hadur2.Hadur 3.9	McS.Spanky_test 0.1a	weak		3	12	1	1	397	102.0	8.0	0.4286	0	0
hadur2.Hadur 3.9	McS.Spanky_test 0.1a	weak		3	13	1	1	706	92.0	0.0	0.1471	0	0
hadur2.Hadur 3.9	McS.Spanky_test 0.1a	weak		3	14	1	1	332	99.0	0.0	0.6000	0	0
hadur2.Hadur 3.9	McS.Spanky_test 0.1a	weak		3	15	1	1	491	97.0	0.0	0.2727	0	0
hadur2.Hadur 3.9	McS.Spanky_test 0.1a	weak		3	16	1	1	486	96.0	4.0	0.2727	0	0
hadur2.Hadur 3.9	McS.Spanky_test 0.1a	weak		3	17	1	1	710	92.0	0.0	0.1471	0	0
hadur2.Hadur 3.9	McS.Spanky_test 0.1a	weak		3	18	1	1	315	105.6	20.0	0.6667	0	0
hadur2.Hadur 3.9	McS.Spanky_test 0.1a	weak		3	19	1	1	478	96.0	4.0	0.2632	0	0
hadur2.Hadur 3.9	McS.Spanky_test 0.1a	weak		3	20	1	1	496	98.0	4.0	0.3478	0	0
hadur2.Hadur 3.9	McS.Spanky_test 0.1a	weak		3	21	1	1	403	96.0	4.0	0.4000	0	0
hadur2.Hadur 3.9	McS.Spanky_test 0.1a	weak		3	22	1	1	387	96.0	0.0	0.4286	0	0
hadur2.Hadur 3.9	McS.Spanky_test 0.1a	weak		3	23	1	1	458	95.0	0.0	0.2778	0	0
hadur2.Hadur 3.9	McS.Spanky_test 0.1a	weak		3	24	1	1	390	96.0	0.0	0.4286	0	0
hadur2.Hadur 3.9	McS.Spanky_test 0.1a	weak		3	25	1	1	425	95.0	0.0	0.3125	0	0
hadur2.Hadur 3.9	McS.Spanky_test 0.1a	weak		3	26	1	1	390	97.0	0.0	0.4286	0	0
hadur2.Hadur 3.9	McS.Spanky_test 0.1a	weak		3	27	1	1	455	94.0	0.0	0.2778	0	0
hadur2.Hadur 3.9	McS.Spanky_test 0.1a	weak		3	28	1	1	352	96.0	0.0	0.4545	0	0
hadur2.Hadur 3.9	McS.Spanky_test 0.1a	weak		3	29	1	1	446	96.0	0.0	0.3333	0	0
hadur2.Hadur 3.9	McS.Spanky_test 0.1a	weak		3	30	1	1	467	95.0	0.0	0.2778	0	0
hadur2.Hadur 3.9	McS.Spanky_test 0.1a	weak		3	31	1	1	434	92.0	0.0	0.3125	0	0
hadur2.Hadur 3.9	McS.Spanky_test 0.1a	weak		3	32	1	1	392	96.0	0.0	0.3571	0	0
hadur2.Hadur 3.9	McS.Spanky_test 0.1a	weak		3	33	1	1	457	94.0	0.0	0.2778	0	0
hadur2.Hadur 3.9	McS.Spanky_test 0.1a	weak		3	34	1	1	391	96.0	0.0	0.4286	0	4
hadur2.Hadur 3.9	McS.Spanky_test 0.1a	weak		4	0	1	1	501	95.0	0.0	0.3913	0	5
hadur2.Hadur 3.9	McS.Spanky_test 0.1a	weak		4	1	1	1	581	93.0	0.0	0.3103	0	0
hadur2.Hadur 3.9	McS.Spanky_test 0.1a	weak		4	2	1	1	701	91.0	0.0	0.2368	0	0
hadur2.Hadur 3.9	McS.Spanky_test 0.1a	weak		4	3	1	1	585	89.0	0.0	0.2222	0	0
hadur2.Hadur 3.9	McS.Spanky_test 0.1a	weak		4	4	1	1	412	96.0	0.0	0.3333	0	0
hadur2.Hadur 3.9	McS.Spanky_test 0.1a	weak		4	5	1	1	502	94.0	0.0	0.2500	0	0
hadur2.Hadur 3.9	McS.Spanky_test 0.1a	weak		4	6	1	1	501	96.0	0.0	0.2500	0	0
hadur2.Hadur 3.9	McS.Spanky_test 0.1a	weak		4	7	1	1	388	97.0	0.0	0.4286	0	0
hadur2.Hadur 3.9	McS.Spanky_test 0.1a	weak		4	8	1	1	441	95.0	0.0	0.2941	0	0
hadur2.Hadur 3.9	McS.Spanky_test 0.1a	weak		4	9	1	1	377	97.0	0.0	0.4615	0	0
hadur2.Hadur 3.9	McS.Spanky_test 0.1a	weak		4	10	1	1	555	93.4	0.0	0.2083	0	0
hadur2.Hadur 3.9	McS.Spanky_test 0.1a	weak		4	11	1	1	394	95.0	0.0	0.3571	0	0
hadur2.Hadur 3.9	McS.Spanky_test 0.1a	weak		4	12	1	1	460	94.0	0.0	0.2778	0	0
hadur2.Hadur 3.9	McS.Spanky_test 0.1a	weak		4	13	1	1	487	94.0	0.0	0.2500	0	0
hadur2.Hadur 3.9	McS.Spanky_test 0.1a	weak		4	14	1	1	386	95.0	0.0	0.3846	0	0
hadur2.Hadur 3.9	McS.Spanky_test 0.1a	weak		4	15	1	1	386	93.0	0.0	0.3846	0	0
hadur2.Hadur 3.9	McS.Spanky_test 0.1a	weak		4	16	1	1	471	95.0	0.0	0.2632	0	0
hadur2.Hadur 3.9	McS.Spanky_test 0.1a	weak		4	17	1	1	442	93.0	0.0	0.2941	0	0
hadur2.Hadur 3.9	McS.Spanky_test 0.1a	weak		4	18	1	1	419	95.0	0.0	0.3333	0	0
hadur2.Hadur 3.9	McS.Spanky_test 0.1a	weak		4	19	1	1	427	96.0	0.0	0.3529	0	0
hadur2.Hadur 3.9	McS.Spanky_test 0.1a	weak		4	20	1	1	435	93.0	0.0	0.3125	0	0
hadur2.Hadur 3.9	McS.Spanky_test 0.1a	weak		4	21	1	1	328	99.0	0.0	0.6000	0	0
hadur2.Hadur 3.9	McS.Spanky_test 0.1a	weak		4	22	1	1	560	92.0	0.0	0.2083	0	0
hadur2.Hadur 3.9	McS.Spanky_test 0.1a	weak		4	23	1	1	503	94.0	0.0	0.2381	0	0
hadur2.Hadur 3.9	McS.Spanky_test 0.1a	weak		4	24	1	1	419	96.0	0.0	0.3333	0	0
hadur2.Hadur 3.9	McS.Spanky_test 0.1a	weak		4	25	1	1	391	96.0	4.0	0.4286	0	0
hadur2.Hadur 3.9	McS.Spanky_test 0.1a	weak		4	26	1	1	396	98.0	0.0	0.4286	0	0
hadur2.Hadur 3.9	McS.Spanky_test 0.1a	weak		4	27	1	1	412	95.0	0.0	0.3333	0	0
hadur2.Hadur 3.9	McS.Spanky_test 0.1a	weak		4	28	1	1	422	96.0	0.0	0.3125	0	0
hadur2.Hadur 3.9	McS.Spanky_test 0.1a	weak		4	29	1	1	407	96.0	0.0	0.3333	0	0
hadur2.Hadur 3.9	McS.Spanky_test 0.1a	weak		4	30	1	1	387	97.0	0.0	0.4286	0	0
hadur2.Hadur 3.9	McS.Spanky_test 0.1a	weak		4	31	1	1	483	96.0	0.0	0.2632	0	0
hadur2.Hadur 3.9	McS.Spanky_test 0.1a	weak		4	32	1	1	412	97.0	0.0	0.4000	0	0
hadur2.Hadur 3.9	McS.Spanky_test 0.1a	weak		4	33	1	1	389	98.0	0.0	0.4615	0	0
hadur2.Hadur 3.9	McS.Spanky_test 0.1a	weak		4	34	1	1	562	93.0	0.0	0.2083	0	4
hadur2.Hadur 3.9	adt.Ar2 1.0	weak		1	0	1	1	391	83.6	48.0	0.4000	0	6
hadur2.Hadur 3.9	adt.Ar2 1.0	weak		1	1	1	1	391	58.0	0.0	0.3333	0	0
hadur2.Hadur 3.9	adt.Ar2 1.0	weak		1	2	1	1	350	66.6	3.7	0.4615	0	0
hadur2.Hadur 3.9	adt.Ar2 1.0	weak		1	3	1	1	347	81.2	16.0	0.6154	0	0
hadur2.Hadur 3.9	adt.Ar2 1.0	weak		1	4	1	1	415	78.4	32.0	0.3529	0	0
hadur2.Hadur 3.9	adt.Ar2 1.0	weak		1	5	1	1	351	67.6	0.0	0.3636	0	0
hadur2.Hadur 3.9	adt.Ar2 1.0	weak		1	6	1	1	387	64.0	0.0	0.2857	0	0
hadur2.Hadur 3.9	adt.Ar2 1.0	weak		1	7	1	1	327	81.4	16.0	0.5000	0	0
hadur2.Hadur 3.9	adt.Ar2 1.0	weak		1	8	1	1	378	59.0	0.0	0.2308	0	0
hadur2.Hadur 3.9	adt.Ar2 1.0	weak		1	9	1	1	410	57.0	0.0	0.2000	0	0
hadur2.Hadur 3.9	adt.Ar2 1.0	weak		1	10	1	1	361	81.3	16.6	0.3846	0	0
hadur2.Hadur 3.9	adt.Ar2 1.0	weak		1	11	1	1	482	51.7	0.0	0.1500	0	0
hadur2.Hadur 3.9	adt.Ar2 1.0	weak		1	12	1	1	359	70.6	0.0	0.3333	0	0
hadur2.Hadur 3.9	adt.Ar2 1.0	weak		1	13	1	1	390	71.3	16.0	0.2857	0	0
hadur2.Hadur 3.9	adt.Ar2 1.0	weak		1	14	1	1	406	58.0	0.0	0.2000	0	0
hadur2.Hadur 3.9	adt.Ar2 1.0	weak		1	15	1	1	374	66.4	0.0	0.3077	0	0
hadur2.Hadur 3.9	adt.Ar2 1.0	weak		1	16	1	1	587	35.2	0.0	0.0741	0	0
hadur2.Hadur 3.9	adt.Ar2 1.0	weak		1	17	1	1	401	69.4	16.0	0.2857	0	0
hadur2.Hadur 3.9	adt.Ar2 1.0	weak		1	18	1	1	459	59.1	16.0	0.1667	0	0
hadur2.Hadur 3.9	adt.Ar2 1.0	weak		1	19	1	1	346	69.4	0.0	0.3636	0	0
hadur2.Hadur 3.9	adt.Ar2 1.0	weak		1	20	1	1	374	81.2	16.5	0.3571	0	0
hadur2.Hadur 3.9	adt.Ar2 1.0	weak		1	21	1	1	398	72.7	19.2	0.2857	0	0
hadur2.Hadur 3.9	adt.Ar2 1.0	weak		1	22	1	1	345	71.3	0.0	0.3636	0	0
hadur2.Hadur 3.9	adt.Ar2 1.0	weak		1	23	1	1	412	57.0	0.0	0.2000	0	0
hadur2.Hadur 3.9	adt.Ar2 1.0	weak		1	24	1	1	398	66.0	0.0	0.2667	0	0
hadur2.Hadur 3.9	adt.Ar2 1.0	weak		1	25	1	1	359	64.0	0.0	0.2727	0	0
hadur2.Hadur 3.9	adt.Ar2 1.0	weak		1	26	1	1	398	58.0	0.0	0.2000	0	0
hadur2.Hadur 3.9	adt.Ar2 1.0	weak		1	27	1	1	475	53.3	0.0	0.1579	0	0
hadur2.Hadur 3.9	adt.Ar2 1.0	weak		1	28	1	1	422	69.3	16.0	0.2500	0	0
hadur2.Hadur 3.9	adt.Ar2 1.0	weak		1	29	1	1	398	58.0	0.0	0.2143	0	0
hadur2.Hadur 3.9	adt.Ar2 1.0	weak		1	30	1	1	349	69.4	0.0	0.3636	0	0
hadur2.Hadur 3.9	adt.Ar2 1.0	weak		1	31	1	1	288	81.8	0.0	0.7143	0	0
hadur2.Hadur 3.9	adt.Ar2 1.0	weak		1	32	1	1	466	66.7	2.1	0.2857	0	0
hadur2.Hadur 3.9	adt.Ar2 1.0	weak		1	33	1	1	610	56.0	51.7	0.1429	0	0
hadur2.Hadur 3.9	adt.Ar2 1.0	weak		1	34	1	1	287	81.8	0.0	0.7143	0	5
hadur2.Hadur 3.9	adt.Ar2 1.0	weak		2	0	1	1	398	67.0	16.0	0.3333	0	5
hadur2.Hadur 3.9	adt.Ar2 1.0	weak		2	1	1	1	359	86.5	32.0	0.5385	0	0
hadur2.Hadur 3.9	adt.Ar2 1.0	weak		2	2	1	1	376	75.2	16.0	0.4667	0	0
hadur2.Hadur 3.9	adt.Ar2 1.0	weak		2	3	1	1	431	58.8	3.8	0.3333	0	0
hadur2.Hadur 3.9	adt.Ar2 1.0	weak		2	4	1	1	467	64.0	32.0	0.2105	0	0
hadur2.Hadur 3.9	adt.Ar2 1.0	weak		2	5	1	1	348	87.2	32.0	0.4545	0	0
hadur2.Hadur 3.9	adt.Ar2 1.0	weak		2	6	1	1	378	61.0	0.0	0.2308	0	0
hadur2.Hadur 3.9	adt.Ar2 1.0	weak		2	7	1	1	377	58.2	0.0	0.2308	0	0
hadur2.Hadur 3.9	adt.Ar2 1.0	weak		2	8	1	1	392	58.0	0.0	0.2143	0	0
hadur2.Hadur 3.9	adt.Ar2 1.0	weak		2	9	1	1	379	61.0	0.0	0.2308	0	0
hadur2.Hadur 3.9	adt.Ar2 1.0	weak		2	10	1	1	376	76.7	19.2	0.3077	0	0
hadur2.Hadur 3.9	adt.Ar2 1.0	weak		2	11	1	1	478	43.0	0.0	0.1053	0	0
hadur2.Hadur 3.9	adt.Ar2 1.0	weak		2	12	1	1	355	65.6	0.7	0.3333	0	0
hadur2.Hadur 3.9	adt.Ar2 1.0	weak		2	13	1	1	371	64.0	16.0	0.2500	0	0
hadur2.Hadur 3.9	adt.Ar2 1.0	weak		2	14	1	1	342	71.3	0.0	0.3636	0	0
hadur2.Hadur 3.9	adt.Ar2 1.0	weak		2	15	1	1	379	72.1	19.6	0.3077	0	0
hadur2.Hadur 3.9	adt.Ar2 1.0	weak		2	16	1	1	425	65.6	16.0	0.2500	0	0
hadur2.Hadur 3.9	adt.Ar2 1.0	weak		2	17	1	1	335	72.1	0.0	0.4000	0	0
hadur2.Hadur 3.9	adt.Ar2 1.0	weak		2	18	1	1	374	56.8	0.0	0.2500	0	0
hadur2.Hadur 3.9	adt.Ar2 1.0	weak		2	19	1	1	305	87.2	16.0	0.6250	0	0
hadur2.Hadur 3.9	adt.Ar2 1.0	weak		2	20	1	1	285	79.0	0.0	0.5714	0	0
hadur2.Hadur 3.9	adt.Ar2 1.0	weak		2	21	1	1	442	66.0	16.0	0.2353	0	0
hadur2.Hadur 3.9	adt.Ar2 1.0	weak		2	22	1	1	367	76.2	16.0	0.4167	0	0
hadur2.Hadur 3.9	adt.Ar2 1.0	weak		2	23	1	1	366	66.7	0.0	0.3333	0	0
hadur2.Hadur 3.9	adt.Ar2 1.0	weak		2	24	1	1	345	71.3	0.0	0.3636	0	0
hadur2.Hadur 3.9	adt.Ar2 1.0	weak		2	25	1	1	480	43.0	0.0	0.1053	0	1
hadur2.Hadur 3.9	adt.Ar2 1.0	weak		2	26	1	1	343	68.6	0.0	0.4000	0	0
hadur2.Hadur 3.9	adt.Ar2 1.0	weak		2	27	1	1	352	71.3	0.0	0.3636	0	0
hadur2.Hadur 3.9	adt.Ar2 1.0	weak		2	28	1	1	408	68.3	0.0	0.2500	0	0
hadur2.Hadur 3.9	adt.Ar2 1.0	weak		2	29	1	1	368	73.0	16.0	0.3333	0	0
hadur2.Hadur 3.9	adt.Ar2 1.0	weak		2	30	1	1	403	68.9	16.0	0.2857	0	0
hadur2.Hadur 3.9	adt.Ar2 1.0	weak		2	31	1	1	395	58.0	0.0	0.2143	0	0
hadur2.Hadur 3.9	adt.Ar2 1.0	weak		2	32	1	1	417	65.8	16.0	0.2667	0	0
hadur2.Hadur 3.9	adt.Ar2 1.0	weak		2	33	1	1	313	73.0	0.0	0.4444	0	0
hadur2.Hadur 3.9	adt.Ar2 1.0	weak		2	34	1	1	338	71.3	6.8	0.4000	0	7
hadur2.Hadur 3.9	adt.Ar2 1.0	weak		3	0	1	1	453	72.1	64.0	0.3000	0	4
hadur2.Hadur 3.9	adt.Ar2 1.0	weak		3	1	1	1	359	57.1	16.0	0.3846	0	0
hadur2.Hadur 3.9	adt.Ar2 1.0	weak		3	2	1	1	395	67.0	16.0	0.3750	0	0
hadur2.Hadur 3.9	adt.Ar2 1.0	weak		3	3	1	1	401	75.2	16.0	0.4375	0	0
hadur2.Hadur 3.9	adt.Ar2 1.0	weak		3	4	1	1	392	68.7	1.9	0.2857	0	0
hadur2.Hadur 3.9	adt.Ar2 1.0	weak		3	5	1	1	352	69.4	0.0	0.3636	0	0
hadur2.Hadur 3.9	adt.Ar2 1.0	weak		3	6	1	1	321	73.0	0.0	0.4444	0	0
hadur2.Hadur 3.9	adt.Ar2 1.0	weak		3	7	1	1	290	79.0	0.0	0.5714	0	0
hadur2.Hadur 3.9	adt.Ar2 1.0	weak		3	8	1	1	392	58.0	0.0	0.2143	0	0
hadur2.Hadur 3.9	adt.Ar2 1.0	weak		3	9	1	1	365	68.9	0.0	0.3333	0	0
hadur2.Hadur 3.9	adt.Ar2 1.0	weak		3	10	1	1	424	58.3	16.0	0.1875	0	0
hadur2.Hadur 3.9	adt.Ar2 1.0	weak		3	11	1	1	322	73.0	0.0	0.4444	0	0
hadur2.Hadur 3.9	adt.Ar2 1.0	weak		3	12	1	1	305	81.5	0.0	0.5556	0	0
hadur2.Hadur 3.9	adt.Ar2 1.0	weak		3	13	1	1	382	56.4	0.0	0.2308	0	0
hadur2.Hadur 3.9	adt.Ar2 1.0	weak		3	14	1	1	271	84.5	0.0	0.8333	0	0
hadur2.Hadur 3.9	adt.Ar2 1.0	weak		3	15	1	1	323	73.0	0.0	0.4444	0	0
hadur2.Hadur 3.9	adt.Ar2 1.0	weak		3	16	1	1	352	70.6	0.0	0.3636	0	0
hadur2.Hadur 3.9	adt.Ar2 1.0	weak		3	17	1	1	339	70.0	0.0	0.4000	0	0
hadur2.Hadur 3.9	adt.Ar2 1.0	weak		3	18	1	1	368	64.7	0.0	0.3333	0	0
hadur2.Hadur 3.9	adt.Ar2 1.0	weak		3	19	1	1	393	58.0	32.0	0.2143	0	0
hadur2.Hadur 3.9	adt.Ar2 1.0	weak		3	20	1	1	342	71.3	0.0	0.3636	0	0
hadur2.Hadur 3.9	adt.Ar2 1.0	weak		3	21	1	1	364	64.0	0.0	0.2500	0	0
hadur2.Hadur 3.9	adt.Ar2 1.0	weak		3	22	1	1	384	66.2	0.0	0.2857	0	0
hadur2.Hadur 3.9	adt.Ar2 1.0	weak		3	23	1	1	328	72.1	0.0	0.4000	0	0
hadur2.Hadur 3.9	adt.Ar2 1.0	weak		3	24	1	1	354	67.0	0.0	0.3636	0	0
hadur2.Hadur 3.9	adt.Ar2 1.0	weak		3	25	1	1	302	76.0	0.0	0.5000	0	0
hadur2.Hadur 3.9	adt.Ar2 1.0	weak		3	26	1	1	428	66.4	16.0	0.2500	0	0
hadur2.Hadur 3.9	adt.Ar2 1.0	weak		3	27	1	1	308	76.0	0.0	0.5000	0	0
hadur2.Hadur 3.9	adt.Ar2 1.0	weak		3	28	1	1	339	71.3	0.0	0.4000	0	0
hadur2.Hadur 3.9	adt.Ar2 1.0	weak		3	29	1	1	404	58.0	0.0	0.2143	0	0
hadur2.Hadur 3.9	adt.Ar2 1.0	weak		3	30	1	1	363	64.0	0.0	0.2500	0	0
hadur2.Hadur 3.9	adt.Ar2 1.0	weak		3	31	1	1	336	72.1	0.0	0.4000	0	0
hadur2.Hadur 3.9	adt.Ar2 1.0	weak		3	32	1	1	360	66.7	0.0	0.3333	0	0
hadur2.Hadur 3.9	adt.Ar2 1.0	weak		3	33	1	1	418	57.0	0.0	0.2000	0	0
hadur2.Hadur 3.9	adt.Ar2 1.0	weak		3	34	1	1	473	50.6	0.0	0.1579	0	8
hadur2.Hadur 3.9	adt.Ar2 1.0	weak		4	0	1	1	430	63.4	16.0	0.3333	0	7
hadur2.Hadur 3.9	adt.Ar2 1.0	weak		4	1	1	1	441	60.3	16.0	0.2632	0	0
hadur2.Hadur 3.9	adt.Ar2 1.0	weak		4	2	1	1	465	66.1	32.0	0.2857	0	0
hadur2.Hadur 3.9	adt.Ar2 1.0	weak		4	3	1	1	390	64.6	2.9	0.4000	0	0
hadur2.Hadur 3.9	adt.Ar2 1.0	weak		4	4	1	1	454	71.0	32.0	0.2222	0	0
hadur2.Hadur 3.9	adt.Ar2 1.0	weak		4	5	1	1	437	61.0	16.0	0.1875	0	0
hadur2.Hadur 3.9	adt.Ar2 1.0	weak		4	6	1	1	311	73.0	0.0	0.4444	0	0
hadur2.Hadur 3.9	adt.Ar2 1.0	weak		4	7	1	1	387	69.4	2.2	0.3571	0	0
hadur2.Hadur 3.9	adt.Ar2 1.0	weak		4	8	1	1	311	86.5	18.9	0.5556	0	0
hadur2.Hadur 3.9	adt.Ar2 1.0	weak		4	9	1	1	462	55.2	16.0	0.1667	0	0
hadur2.Hadur 3.9	adt.Ar2 1.0	weak		4	10	1	1	470	53.3	0.0	0.1579	0	0
hadur2.Hadur 3.9	adt.Ar2 1.0	weak		4	11	1	1	355	68.9	16.0	0.3333	0	0
hadur2.Hadur 3.9	adt.Ar2 1.0	weak		4	12	1	1	431	72.1	35.6	0.2500	0	0
hadur2.Hadur 3.9	adt.Ar2 1.0	weak		4	13	1	1	337	72.1	0.0	0.4000	0	0
hadur2.Hadur 3.9	adt.Ar2 1.0	weak		4	14	1	1	370	65.6	0.0	0.3077	0	0
hadur2.Hadur 3.9	adt.Ar2 1.0	weak		4	15	1	1	355	70.1	0.0	0.3333	0	0
hadur2.Hadur 3.9	adt.Ar2 1.0	weak		4	16	1	1	442	58.0	16.0	0.1765	0	0
hadur2.Hadur 3.9	adt.Ar2 1.0	weak		4	17	1	1	399	71.3	16.0	0.2857	0	0
hadur2.Hadur 3.9	adt.Ar2 1.0	weak		4	18	1	1	434	55.3	0.0	0.1875	0	0
hadur2.Hadur 3.9	adt.Ar2 1.0	weak		4	19	1	1	333	81.8	16.0	0.5000	0	0
hadur2.Hadur 3.9	adt.Ar2 1.0	weak		4	20	1	1	377	72.1	19.6	0.3077	0	0
hadur2.Hadur 3.9	adt.Ar2 1.0	weak		4	21	1	1	370	66.4	0.0	0.3333	0	0
hadur2.Hadur 3.9	adt.Ar2 1.0	weak		4	22	1	1	344	76.0	16.0	0.4000	0	0
hadur2.Hadur 3.9	adt.Ar2 1.0	weak		4	23	1	1	347	69.4	0.0	0.3636	0	0
hadur2.Hadur 3.9	adt.Ar2 1.0	weak		4	24	1	1	394	58.0	0.0	0.2143	0	0
hadur2.Hadur 3.9	adt.Ar2 1.0	weak		4	25	1	1	421	88.8	38.5	0.3750	0	0
hadur2.Hadur 3.9	adt.Ar2 1.0	weak		4	26	1	1	351	76.0	16.0	0.3636	0	0
hadur2.Hadur 3.9	adt.Ar2 1.0	weak		4	27	1	1	395	58.0	0.0	0.2143	0	0
hadur2.Hadur 3.9	adt.Ar2 1.0	weak		4	28	1	1	356	68.9	0.0	0.3333	0	0
hadur2.Hadur 3.9	adt.Ar2 1.0	weak		4	29	1	1	292	78.0	0.0	0.5714	0	0
hadur2.Hadur 3.9	adt.Ar2 1.0	weak		4	30	1	1	377	72.1	16.0	0.3077	0	0
hadur2.Hadur 3.9	adt.Ar2 1.0	weak		4	31	1	1	380	81.8	32.0	0.3846	0	0
hadur2.Hadur 3.9	adt.Ar2 1.0	weak		4	32	1	1	338	71.3	3.2	0.4000	0	0
hadur2.Hadur 3.9	adt.Ar2 1.0	weak		4	33	1	1	367	64.0	0.0	0.2500	0	0
hadur2.Hadur 3.9	adt.Ar2 1.0	weak		4	34	1	1	330	72.1	0.0	0.4000	0	5
hadur2.Hadur 3.9	amk.superstrike.SuperStrike 0.3	weak		1	0	1	1	689	28.5	20.0	0.0541	0	7
hadur2.Hadur 3.9	amk.superstrike.SuperStrike 0.3	weak		1	1	1	1	460	60.0	0.0	0.3000	0	0
hadur2.Hadur 3.9	amk.superstrike.SuperStrike 0.3	weak		1	2	1	1	476	61.1	16.4	0.2500	0	1
hadur2.Hadur 3.9	amk.superstrike.SuperStrike 0.3	weak		1	3	1	1	344	76.0	10.0	0.3636	0	0
hadur2.Hadur 3.9	amk.superstrike.SuperStrike 0.3	weak		1	4	1	1	458	66.4	17.6	0.3158	0	0
hadur2.Hadur 3.9	amk.superstrike.SuperStrike 0.3	weak		1	5	1	1	546	51.0	0.0	0.1250	0	0
hadur2.Hadur 3.9	amk.superstrike.SuperStrike 0.3	weak		1	6	1	1	555	48.0	9.0	0.1200	0	0
hadur2.Hadur 3.9	amk.superstrike.SuperStrike 0.3	weak		1	7	1	1	396	80.0	10.0	0.3333	0	0
hadur2.Hadur 3.9	amk.superstrike.SuperStrike 0.3	weak		1	8	1	1	516	49.0	0.0	0.1364	0	0
hadur2.Hadur 3.9	amk.superstrike.SuperStrike 0.3	weak		1	9	1	1	333	78.0	0.0	0.5000	0	0
hadur2.Hadur 3.9	amk.superstrike.SuperStrike 0.3	weak		1	10	1	1	438	64.0	0.0	0.2353	0	0
hadur2.Hadur 3.9	amk.superstrike.SuperStrike 0.3	weak		1	11	1	1	461	53.3	0.0	0.1667	0	0
hadur2.Hadur 3.9	amk.superstrike.SuperStrike 0.3	weak		1	12	1	1	581	48.0	0.0	0.1111	0	0
hadur2.Hadur 3.9	amk.superstrike.SuperStrike 0.3	weak		1	13	1	1	316	83.0	0.0	0.5556	0	0
hadur2.Hadur 3.9	amk.superstrike.SuperStrike 0.3	weak		1	14	1	1	353	74.0	0.0	0.3636	0	0
hadur2.Hadur 3.9	amk.superstrike.SuperStrike 0.3	weak		1	15	1	1	389	64.8	0.0	0.2857	0	0
hadur2.Hadur 3.9	amk.superstrike.SuperStrike 0.3	weak		1	16	1	1	369	77.0	0.0	0.3333	0	0
hadur2.Hadur 3.9	amk.superstrike.SuperStrike 0.3	weak		1	17	1	1	476	67.0	10.0	0.2105	0	0
hadur2.Hadur 3.9	amk.superstrike.SuperStrike 0.3	weak		1	18	1	1	350	74.0	0.0	0.3636	0	0
hadur2.Hadur 3.9	amk.superstrike.SuperStrike 0.3	weak		1	19	1	1	318	80.0	10.0	0.5556	0	0
hadur2.Hadur 3.9	amk.superstrike.SuperStrike 0.3	weak		1	20	1	1	399	73.5	0.0	0.2857	0	0
hadur2.Hadur 3.9	amk.superstrike.SuperStrike 0.3	weak		1	21	1	1	462	46.8	0.0	0.1111	0	0
hadur2.Hadur 3.9	amk.superstrike.SuperStrike 0.3	weak		1	22	1	1	478	64.0	10.0	0.2105	0	0
hadur2.Hadur 3.9	amk.superstrike.SuperStrike 0.3	weak		1	23	1	1	517	57.5	10.0	0.1364	0	0
hadur2.Hadur 3.9	amk.superstrike.SuperStrike 0.3	weak		1	24	1	1	504	58.1	1.2	0.2273	0	0
hadur2.Hadur 3.9	amk.superstrike.SuperStrike 0.3	weak		1	25	1	1	426	64.0	7.0	0.2500	0	0
hadur2.Hadur 3.9	amk.superstrike.SuperStrike 0.3	weak		1	26	1	1	417	64.0	8.5	0.2500	0	0
hadur2.Hadur 3.9	amk.superstrike.SuperStrike 0.3	weak		1	27	1	1	440	62.0	10.0	0.1765	0	0
hadur2.Hadur 3.9	amk.superstrike.SuperStrike 0.3	weak		1	28	1	1	425	66.5	0.0	0.2500	0	0
hadur2.Hadur 3.9	amk.superstrike.SuperStrike 0.3	weak		1	29	1	1	329	78.0	0.0	0.4000	0	0
hadur2.Hadur 3.9	amk.superstrike.SuperStrike 0.3	weak		1	30	1	1	535	54.0	10.0	0.1304	0	0
hadur2.Hadur 3.9	amk.superstrike.SuperStrike 0.3	weak		1	31	1	1	418	64.0	0.0	0.2500	0	0
hadur2.Hadur 3.9	amk.superstrike.SuperStrike 0.3	weak		1	32	1	1	433	68.5	0.0	0.2500	0	0
hadur2.Hadur 3.9	amk.superstrike.SuperStrike 0.3	weak		1	33	1	1	545	49.5	0.0	0.1250	0	0
hadur2.Hadur 3.9	amk.superstrike.SuperStrike 0.3	weak		1	34	1	1	323	78.0	0.0	0.4444	0	6
hadur2.Hadur 3.9	amk.superstrike.SuperStrike 0.3	weak		2	0	1	1	558	58.6	23.2	0.2143	0	7
hadur2.Hadur 3.9	amk.superstrike.SuperStrike 0.3	weak		2	1	1	1	481	58.2	0.0	0.2609	0	0
hadur2.Hadur 3.9	amk.superstrike.SuperStrike 0.3	weak		2	2	1	1	317	80.0	0.0	0.7000	0	0
hadur2.Hadur 3.9	amk.superstrike.SuperStrike 0.3	weak		2	3	1	1	545	48.0	0.0	0.0800	0	0
hadur2.Hadur 3.9	amk.superstrike.SuperStrike 0.3	weak		2	4	1	1	395	68.0	10.0	0.2857	0	0
hadur2.Hadur 3.9	amk.superstrike.SuperStrike 0.3	weak		2	5	1	1	437	64.5	0.0	0.2353	0	0
hadur2.Hadur 3.9	amk.superstrike.SuperStrike 0.3	weak		2	6	1	1	347	73.5	10.0	0.3636	0	0
hadur2.Hadur 3.9	amk.superstrike.SuperStrike 0.3	weak		2	7	1	1	341	76.0	0.0	0.4000	0	0
hadur2.Hadur 3.9	amk.superstrike.SuperStrike 0.3	weak		2	8	1	1	407	58.5	0.0	0.2000	0	0
hadur2.Hadur 3.9	amk.superstrike.SuperStrike 0.3	weak		2	9	1	1	443	61.0	0.0	0.1765	0	0
hadur2.Hadur 3.9	amk.superstrike.SuperStrike 0.3	weak		2	10	1	1	325	78.0	0.0	0.4444	0	0
hadur2.Hadur 3.9	amk.superstrike.SuperStrike 0.3	weak		2	11	1	1	417	73.0	10.0	0.2667	0	0
hadur2.Hadur 3.9	amk.superstrike.SuperStrike 0.3	weak		2	12	1	1	451	64.0	10.0	0.2222	0	0
hadur2.Hadur 3.9	amk.superstrike.SuperStrike 0.3	weak		2	13	1	1	420	64.0	0.0	0.2000	0	0
hadur2.Hadur 3.9	amk.superstrike.SuperStrike 0.3	weak		2	14	1	1	386	83.0	10.0	0.3846	0	0
hadur2.Hadur 3.9	amk.superstrike.SuperStrike 0.3	weak		2	15	1	1	356	79.5	10.0	0.3636	0	0
hadur2.Hadur 3.9	amk.superstrike.SuperStrike 0.3	weak		2	16	1	1	479	58.0	0.0	0.1579	0	0
hadur2.Hadur 3.9	amk.superstrike.SuperStrike 0.3	weak		2	17	1	1	325	80.0	0.0	0.5000	0	0
hadur2.Hadur 3.9	amk.superstrike.SuperStrike 0.3	weak		2	18	1	1	607	63.5	30.0	0.1111	0	0
hadur2.Hadur 3.9	amk.superstrike.SuperStrike 0.3	weak		2	19	1	1	419	76.5	20.0	0.2667	0	0
hadur2.Hadur 3.9	amk.superstrike.SuperStrike 0.3	weak		2	20	1	1	394	80.0	20.0	0.2857	0	0
hadur2.Hadur 3.9	amk.superstrike.SuperStrike 0.3	weak		2	21	1	1	544	54.0	10.0	0.1304	0	0
hadur2.Hadur 3.9	amk.superstrike.SuperStrike 0.3	weak		2	22	1	1	326	75.0	0.0	0.4000	0	0
hadur2.Hadur 3.9	amk.superstrike.SuperStrike 0.3	weak		2	23	1	1	321	80.0	0.0	0.4444	0	0
hadur2.Hadur 3.9	amk.superstrike.SuperStrike 0.3	weak		2	24	1	1	365	74.0	0.0	0.3333	0	0
hadur2.Hadur 3.9	amk.superstrike.SuperStrike 0.3	weak		2	25	1	1	434	68.0	10.0	0.2500	0	0
hadur2.Hadur 3.9	amk.superstrike.SuperStrike 0.3	weak		2	26	1	1	362	73.0	0.0	0.3333	0	0
hadur2.Hadur 3.9	amk.superstrike.SuperStrike 0.3	weak		2	27	1	1	498	65.5	10.0	0.2000	0	0
hadur2.Hadur 3.9	amk.superstrike.SuperStrike 0.3	weak		2	28	1	1	450	62.5	0.0	0.1765	0	0
hadur2.Hadur 3.9	amk.superstrike.SuperStrike 0.3	weak		2	29	1	1	398	70.0	0.0	0.2857	0	0
hadur2.Hadur 3.9	amk.superstrike.SuperStrike 0.3	weak		2	30	1	1	320	80.0	0.0	0.5556	0	0
hadur2.Hadur 3.9	amk.superstrike.SuperStrike 0.3	weak		2	31	1	1	428	68.0	10.0	0.2500	0	0
hadur2.Hadur 3.9	amk.superstrike.SuperStrike 0.3	weak		2	32	1	1	395	70.0	0.0	0.2857	0	0
hadur2.Hadur 3.9	amk.superstrike.SuperStrike 0.3	weak		2	33	1	1	396	71.5	0.0	0.2857	0	0
hadur2.Hadur 3.9	amk.superstrike.SuperStrike 0.3	weak		2	34	1	1	528	56.0	10.0	0.1364	0	8
hadur2.Hadur 3.9	amk.superstrike.SuperStrike 0.3	weak		3	0	1	1	452	86.0	40.0	0.4000	0	4
hadur2.Hadur 3.9	amk.superstrike.SuperStrike 0.3	weak		3	1	1	1	510	60.0	10.0	0.2500	0	0
hadur2.Hadur 3.9	amk.superstrike.SuperStrike 0.3	weak		3	2	1	1	476	62.0	10.0	0.2727	0	0
hadur2.Hadur 3.9	amk.superstrike.SuperStrike 0.3	weak		3	3	1	1	409	72.0	10.0	0.2667	0	1
hadur2.Hadur 3.9	amk.superstrike.SuperStrike 0.3	weak		3	4	1	1	291	84.0	0.0	0.6250	0	0
hadur2.Hadur 3.9	amk.superstrike.SuperStrike 0.3	weak		3	5	1	1	426	70.0	10.0	0.2500	0	0
hadur2.Hadur 3.9	amk.superstrike.SuperStrike 0.3	weak		3	6	1	1	358	80.0	10.0	0.4167	0	0
hadur2.Hadur 3.9	amk.superstrike.SuperStrike 0.3	weak		3	7	1	1	360	74.0	0.0	0.3333	0	0
hadur2.Hadur 3.9	amk.superstrike.SuperStrike 0.3	weak		3	8	1	1	494	55.5	0.0	0.1500	0	0
hadur2.Hadur 3.9	amk.superstrike.SuperStrike 0.3	weak		3	9	1	1	465	65.0	4.0	0.2000	0	0
hadur2.Hadur 3.9	amk.superstrike.SuperStrike 0.3	weak		3	10	1	1	436	58.0	0.0	0.1875	0	0
hadur2.Hadur 3.9	amk.superstrike.SuperStrike 0.3	weak		3	11	1	1	355	74.0	0.0	0.3636	0	0
hadur2.Hadur 3.9	amk.superstrike.SuperStrike 0.3	weak		3	12	1	1	426	74.5	10.0	0.2500	0	0
hadur2.Hadur 3.9	amk.superstrike.SuperStrike 0.3	weak		3	13	1	1	361	74.0	0.0	0.3333	0	0
hadur2.Hadur 3.9	amk.superstrike.SuperStrike 0.3	weak		3	14	1	1	372	80.0	0.0	0.3846	0	0
hadur2.Hadur 3.9	amk.superstrike.SuperStrike 0.3	weak		3	15	1	1	365	75.0	0.0	0.3333	0	0
hadur2.Hadur 3.9	amk.superstrike.SuperStrike 0.3	weak		3	16	1	1	369	71.5	0.0	0.3333	0	0
hadur2.Hadur 3.9	amk.superstrike.SuperStrike 0.3	weak		3	17	1	1	339	76.0	0.0	0.4000	0	0
hadur2.Hadur 3.9	amk.superstrike.SuperStrike 0.3	weak		3	18	1	1	347	76.0	0.0	0.3636	0	0
hadur2.Hadur 3.9	amk.superstrike.SuperStrike 0.3	weak		3	19	1	1	456	64.0	0.0	0.2222	0	0
hadur2.Hadur 3.9	amk.superstrike.SuperStrike 0.3	weak		3	20	1	1	467	64.0	30.0	0.2105	0	0
hadur2.Hadur 3.9	amk.superstrike.SuperStrike 0.3	weak		3	21	1	1	456	65.0	10.0	0.2222	0	0
hadur2.Hadur 3.9	amk.superstrike.SuperStrike 0.3	weak		3	22	1	1	418	66.0	0.0	0.2500	0	0
hadur2.Hadur 3.9	amk.superstrike.SuperStrike 0.3	weak		3	23	1	1	487	66.0	20.0	0.2000	0	0
hadur2.Hadur 3.9	amk.superstrike.SuperStrike 0.3	weak		3	24	1	1	465	70.0	20.0	0.2105	0	0
hadur2.Hadur 3.9	amk.superstrike.SuperStrike 0.3	weak		3	25	1	1	384	71.0	0.0	0.3077	0	0
hadur2.Hadur 3.9	amk.superstrike.SuperStrike 0.3	weak		3	26	1	1	340	82.0	10.0	0.4545	0	0
hadur2.Hadur 3.9	amk.superstrike.SuperStrike 0.3	weak		3	27	1	1	406	66.0	10.0	0.2667	0	0
hadur2.Hadur 3.9	amk.superstrike.SuperStrike 0.3	weak		3	28	1	1	313	80.0	0.0	0.4444	0	0
hadur2.Hadur 3.9	amk.superstrike.SuperStrike 0.3	weak		3	29	1	1	439	64.0	0.0	0.2222	0	0
hadur2.Hadur 3.9	amk.superstrike.SuperStrike 0.3	weak		3	30	1	1	435	64.0	0.0	0.2222	0	0
hadur2.Hadur 3.9	amk.superstrike.SuperStrike 0.3	weak		3	31	1	1	447	62.0	0.0	0.1765	0	0
hadur2.Hadur 3.9	amk.superstrike.SuperStrike 0.3	weak		3	32	1	1	442	66.5	0.0	0.2353	0	0
hadur2.Hadur 3.9	amk.superstrike.SuperStrike 0.3	weak		3	33	1	1	550	53.5	20.0	0.1250	0	1
hadur2.Hadur 3.9	amk.superstrike.SuperStrike 0.3	weak		3	34	1	1	446	64.5	10.0	0.2778	0	6
hadur2.Hadur 3.9	amk.superstrike.SuperStrike 0.3	weak		4	0	1	1	426	82.0	40.0	0.4444	0	7
hadur2.Hadur 3.9	amk.superstrike.SuperStrike 0.3	weak		4	1	1	1	478	55.4	0.0	0.2273	0	0
hadur2.Hadur 3.9	amk.superstrike.SuperStrike 0.3	weak		4	2	1	1	426	70.0	10.0	0.3889	0	0
hadur2.Hadur 3.9	amk.superstrike.SuperStrike 0.3	weak		4	3	1	1	583	48.0	10.0	0.1111	0	0
hadur2.Hadur 3.9	amk.superstrike.SuperStrike 0.3	weak		4	4	1	1	437	64.0	0.0	0.2353	0	0
hadur2.Hadur 3.9	amk.superstrike.SuperStrike 0.3	weak		4	5	1	1	395	68.0	0.0	0.2857	0	0
hadur2.Hadur 3.9	amk.superstrike.SuperStrike 0.3	weak		4	6	1	1	377	74.0	0.0	0.3077	0	0
hadur2.Hadur 3.9	amk.superstrike.SuperStrike 0.3	weak		4	7	1	1	546	48.0	0.0	0.0870	0	0
hadur2.Hadur 3.9	amk.superstrike.SuperStrike 0.3	weak		4	8	1	1	354	72.3	0.0	0.3636	0	0
hadur2.Hadur 3.9	amk.superstrike.SuperStrike 0.3	weak		4	9	1	1	617	48.0	10.0	0.1000	0	0
hadur2.Hadur 3.9	amk.superstrike.SuperStrike 0.3	weak		4	10	1	1	553	68.0	40.0	0.2308	0	0
hadur2.Hadur 3.9	amk.superstrike.SuperStrike 0.3	weak		4	11	1	1	494	58.0	0.0	0.1500	0	0
hadur2.Hadur 3.9	amk.superstrike.SuperStrike 0.3	weak		4	12	1	1	424	67.4	0.0	0.2941	0	0
hadur2.Hadur 3.9	amk.superstrike.SuperStrike 0.3	weak		4	13	1	1	491	68.0	20.0	0.2000	0	0
hadur2.Hadur 3.9	amk.superstrike.SuperStrike 0.3	weak		4	14	1	1	468	64.5	0.0	0.2105	0	0
hadur2.Hadur 3.9	amk.superstrike.SuperStrike 0.3	weak		4	15	1	1	403	68.0	10.0	0.2667	0	0
hadur2.Hadur 3.9	amk.superstrike.SuperStrike 0.3	weak		4	16	1	1	365	72.0	0.0	0.3333	0	0
hadur2.Hadur 3.9	amk.superstrike.SuperStrike 0.3	weak		4	17	1	1	586	45.0	10.0	0.0769	0	0
hadur2.Hadur 3.9	amk.superstrike.SuperStrike 0.3	weak		4	18	1	1	401	70.5	0.0	0.2857	0	1
hadur2.Hadur 3.9	amk.superstrike.SuperStrike 0.3	weak		4	19	1	1	446	62.0	0.0	0.1765	0	0
hadur2.Hadur 3.9	amk.superstrike.SuperStrike 0.3	weak		4	20	1	1	355	74.0	0.0	0.3636	0	0
hadur2.Hadur 3.9	amk.superstrike.SuperStrike 0.3	weak		4	21	1	1	401	78.0	20.0	0.2857	0	0
hadur2.Hadur 3.9	amk.superstrike.SuperStrike 0.3	weak		4	22	1	1	431	64.0	0.0	0.1875	0	0
hadur2.Hadur 3.9	amk.superstrike.SuperStrike 0.3	weak		4	23	1	1	353	69.3	0.0	0.3636	0	0
hadur2.Hadur 3.9	amk.superstrike.SuperStrike 0.3	weak		4	24	1	1	357	74.0	0.0	0.3333	0	0
hadur2.Hadur 3.9	amk.superstrike.SuperStrike 0.3	weak		4	25	1	1	561	48.0	0.0	0.1200	0	0
hadur2.Hadur 3.9	amk.superstrike.SuperStrike 0.3	weak		4	26	1	1	471	58.0	0.0	0.1579	0	0
hadur2.Hadur 3.9	amk.superstrike.SuperStrike 0.3	weak		4	27	1	1	390	70.0	0.0	0.2857	0	0
hadur2.Hadur 3.9	amk.superstrike.SuperStrike 0.3	weak		4	28	1	1	410	66.0	0.0	0.2667	0	0
hadur2.Hadur 3.9	amk.superstrike.SuperStrike 0.3	weak		4	29	1	1	496	66.4	20.0	0.2727	0	0
hadur2.Hadur 3.9	amk.superstrike.SuperStrike 0.3	weak		4	30	1	1	407	70.5	0.0	0.2667	0	0
hadur2.Hadur 3.9	amk.superstrike.SuperStrike 0.3	weak		4	31	1	1	428	70.0	20.0	0.2500	0	0
hadur2.Hadur 3.9	amk.superstrike.SuperStrike 0.3	weak		4	32	1	1	310	80.0	20.0	0.5556	0	0
hadur2.Hadur 3.9	amk.superstrike.SuperStrike 0.3	weak		4	33	1	1	464	58.0	0.0	0.1667	0	0
hadur2.Hadur 3.9	amk.superstrike.SuperStrike 0.3	weak		4	34	1	1	352	80.0	0.0	0.4167	0	6
hadur2.Hadur 3.9	apv.TheBrainPi 0.5fix	weak		1	0	1	1	521	48.8	16.0	0.2000	0	5
hadur2.Hadur 3.9	apv.TheBrainPi 0.5fix	weak		1	1	1	1	564	28.0	0.0	0.0714	0	0
hadur2.Hadur 3.9	apv.TheBrainPi 0.5fix	weak		1	2	1	1	640	45.8	48.0	0.1471	0	0
hadur2.Hadur 3.9	apv.TheBrainPi 0.5fix	weak		1	3	1	1	456	49.0	0.0	0.2500	0	0
hadur2.Hadur 3.9	apv.TheBrainPi 0.5fix	weak		1	4	1	1	684	39.0	0.8	0.1000	0	0
hadur2.Hadur 3.9	apv.TheBrainPi 0.5fix	weak		1	5	1	1	622	29.8	0.0	0.0909	0	0
hadur2.Hadur 3.9	apv.TheBrainPi 0.5fix	weak		1	6	1	1	687	36.6	48.0	0.1282	0	0
hadur2.Hadur 3.9	apv.TheBrainPi 0.5fix	weak		1	7	1	1	984	6.0	50.4	0.1324	0	0
hadur2.Hadur 3.9	apv.TheBrainPi 0.5fix	weak		1	8	1	1	521	37.0	0.0	0.1250	0	0
hadur2.Hadur 3.9	apv.TheBrainPi 0.5fix	weak		1	9	1	1	687	48.8	64.0	0.1316	0	0
hadur2.Hadur 3.9	apv.TheBrainPi 0.5fix	weak		1	10	1	1	531	43.0	16.0	0.1600	0	0
hadur2.Hadur 3.9	apv.TheBrainPi 0.5fix	weak		1	11	1	1	588	56.4	32.0	0.1667	0	0
hadur2.Hadur 3.9	apv.TheBrainPi 0.5fix	weak		1	12	1	1	595	39.2	16.8	0.1333	0	0
hadur2.Hadur 3.9	apv.TheBrainPi 0.5fix	weak		1	13	1	1	730	29.7	17.6	0.0952	0	0
hadur2.Hadur 3.9	apv.TheBrainPi 0.5fix	weak		1	14	1	1	610	48.8	32.0	0.1563	0	0
hadur2.Hadur 3.9	apv.TheBrainPi 0.5fix	weak		1	15	1	1	562	46.0	32.0	0.1481	0	0
hadur2.Hadur 3.9	apv.TheBrainPi 0.5fix	weak		1	16	1	1	462	57.8	16.0	0.2000	0	0
hadur2.Hadur 3.9	apv.TheBrainPi 0.5fix	weak		1	17	1	1	596	31.0	32.0	0.1034	0	0
hadur2.Hadur 3.9	apv.TheBrainPi 0.5fix	weak		1	18	1	1	733	26.8	32.8	0.0698	0	0
hadur2.Hadur 3.9	apv.TheBrainPi 0.5fix	weak		1	19	1	1	566	46.0	16.8	0.1724	0	0
hadur2.Hadur 3.9	apv.TheBrainPi 0.5fix	weak		1	20	1	1	636	34.0	32.0	0.1212	0	0
hadur2.Hadur 3.9	apv.TheBrainPi 0.5fix	weak		1	21	1	1	540	36.6	0.0	0.1154	0	0
hadur2.Hadur 3.9	apv.TheBrainPi 0.5fix	weak		1	22	1	1	1277	10.6	49.6	0.1613	0	0
hadur2.Hadur 3.9	apv.TheBrainPi 0.5fix	weak		1	23	1	1	636	48.4	48.0	0.0968	0	0
hadur2.Hadur 3.9	apv.TheBrainPi 0.5fix	weak		1	24	1	1	640	13.0	0.0	0.0303	0	0
hadur2.Hadur 3.9	apv.TheBrainPi 0.5fix	weak		1	25	1	1	516	55.0	32.0	0.2083	0	0
hadur2.Hadur 3.9	apv.TheBrainPi 0.5fix	weak		1	26	1	1	741	39.8	35.2	0.0930	0	0
hadur2.Hadur 3.9	apv.TheBrainPi 0.5fix	weak		1	27	1	1	434	52.0	32.0	0.1765	0	0
hadur2.Hadur 3.9	apv.TheBrainPi 0.5fix	weak		1	28	1	1	632	43.0	48.0	0.1515	0	0
hadur2.Hadur 3.9	apv.TheBrainPi 0.5fix	weak		1	29	1	1	728	21.4	32.0	0.0488	0	1
hadur2.Hadur 3.9	apv.TheBrainPi 0.5fix	weak		1	30	1	1	579	39.0	0.0	0.1333	0	0
hadur2.Hadur 3.9	apv.TheBrainPi 0.5fix	weak		1	31	1	1	545	66.2	48.8	0.1600	0	0
hadur2.Hadur 3.9	apv.TheBrainPi 0.5fix	weak		1	32	1	1	485	45.8	0.0	0.1818	0	0
hadur2.Hadur 3.9	apv.TheBrainPi 0.5fix	weak		1	33	1	1	704	33.6	48.8	0.1250	0	0
hadur2.Hadur 3.9	apv.TheBrainPi 0.5fix	weak		1	34		0	524	32.0	0.0			0
hadur2.Hadur 3.9	apv.TheBrainPi 0.5fix	weak		2	0	1	1	779	16.0	48.0	0.1200	0	8
hadur2.Hadur 3.9	apv.TheBrainPi 0.5fix	weak		2	1	1	1	608	40.0	16.8	0.1563	0	0
hadur2.Hadur 3.9	apv.TheBrainPi 0.5fix	weak		2	2	1	1	635	55.0	16.0	0.1389	0	0
hadur2.Hadur 3.9	apv.TheBrainPi 0.5fix	weak		2	3	1	1	868	12.8	48.0	0.0877	0	0
hadur2.Hadur 3.9	apv.TheBrainPi 0.5fix	weak		2	4	1	1	531	43.0	16.0	0.1600	0	0
hadur2.Hadur 3.9	apv.TheBrainPi 0.5fix	weak		2	5	1	1	748	55.4	34.4	0.1429	0	0
hadur2.Hadur 3.9	apv.TheBrainPi 0.5fix	weak		2	6	1	1	528	43.0	16.0	0.1600	0	0
hadur2.Hadur 3.9	apv.TheBrainPi 0.5fix	weak		2	7	1	1	1209	33.8	80.0	0.1910	0	0
hadur2.Hadur 3.9	apv.TheBrainPi 0.5fix	weak		2	8	1	1	661	32.4	0.8	0.0588	0	0
hadur2.Hadur 3.9	apv.TheBrainPi 0.5fix	weak		2	9	1	1	836	37.8	64.0	0.1111	0	0
hadur2.Hadur 3.9	apv.TheBrainPi 0.5fix	weak		2	10	1	1	504	49.0	16.0	0.1739	0	0
hadur2.Hadur 3.9	apv.TheBrainPi 0.5fix	weak		2	11	1	1	976	54.4	54.4	0.2344	0	0
hadur2.Hadur 3.9	apv.TheBrainPi 0.5fix	weak		2	12	1	1	500	49.0	32.0	0.1500	0	0
hadur2.Hadur 3.9	apv.TheBrainPi 0.5fix	weak		2	13	0	0	778	18.4	56.5	0.1277	0	0
hadur2.Hadur 3.9	apv.TheBrainPi 0.5fix	weak		2	14	1	1	767	28.2	48.0	0.1429	0	0
hadur2.Hadur 3.9	apv.TheBrainPi 0.5fix	weak		2	15	1	1	775	52.2	34.4	0.1111	0	0
hadur2.Hadur 3.9	apv.TheBrainPi 0.5fix	weak		2	16	1	1	586	48.8	32.0	0.1667	0	0
hadur2.Hadur 3.9	apv.TheBrainPi 0.5fix	weak		2	17	1	1	654	30.8	32.0	0.1143	0	0
hadur2.Hadur 3.9	apv.TheBrainPi 0.5fix	weak		2	18	1	1	655	39.0	0.0	0.1081	0	0
hadur2.Hadur 3.9	apv.TheBrainPi 0.5fix	weak		2	19	1	1	602	39.0	16.0	0.1250	0	0
hadur2.Hadur 3.9	apv.TheBrainPi 0.5fix	weak		2	20	1	1	735	55.2	48.0	0.1667	0	0
hadur2.Hadur 3.9	apv.TheBrainPi 0.5fix	weak		2	21	1	1	605	31.0	32.0	0.0968	0	0
hadur2.Hadur 3.9	apv.TheBrainPi 0.5fix	weak		2	22	1	1	558	39.8	16.0	0.1429	0	0
hadur2.Hadur 3.9	apv.TheBrainPi 0.5fix	weak		2	23	0	0	713	21.0	59.4	0.0976	0	1
hadur2.Hadur 3.9	apv.TheBrainPi 0.5fix	weak		2	24	1	1	535	62.8	32.0	0.1923	0	0
hadur2.Hadur 3.9	apv.TheBrainPi 0.5fix	weak		2	25	1	1	495	40.0	0.0	0.1818	0	1
hadur2.Hadur 3.9	apv.TheBrainPi 0.5fix	weak		2	26	1	1	589	35.8	0.0	0.1034	0	0
hadur2.Hadur 3.9	apv.TheBrainPi 0.5fix	weak		2	27	1	1	524	46.0	16.0	0.1667	0	0
hadur2.Hadur 3.9	apv.TheBrainPi 0.5fix	weak		2	28	1	1	743	39.4	64.0	0.1818	0	0
hadur2.Hadur 3.9	apv.TheBrainPi 0.5fix	weak		2	29	0	0	615	11.2	58.3	0.0882	0	0
hadur2.Hadur 3.9	apv.TheBrainPi 0.5fix	weak		2	30	0	0	769	23.5	66.9	0.1915	0	0
hadur2.Hadur 3.9	apv.TheBrainPi 0.5fix	weak		2	31	1	1	560	42.6	16.0	0.1154	0	0
hadur2.Hadur 3.9	apv.TheBrainPi 0.5fix	weak		2	32	0	0	608	35.8	59.0	0.1333	0	0
hadur2.Hadur 3.9	apv.TheBrainPi 0.5fix	weak		2	33	1	1	535	45.8	16.0	0.1600	0	0
hadur2.Hadur 3.9	apv.TheBrainPi 0.5fix	weak		2	34	1	1	483	45.8	0.0	0.1818	0	7
hadur2.Hadur 3.9	apv.TheBrainPi 0.5fix	weak		3	0	1	1	535	34.0	0.0	0.1200	0	3
hadur2.Hadur 3.9	apv.TheBrainPi 0.5fix	weak		3	1	1	1	537	34.0	0.0	0.1154	0	0
hadur2.Hadur 3.9	apv.TheBrainPi 0.5fix	weak		3	2	1	1	561	66.6	48.8	0.2222	0	0
hadur2.Hadur 3.9	apv.TheBrainPi 0.5fix	weak		3	3	0	0	710	25.7	48.2	0.0513	0	0
hadur2.Hadur 3.9	apv.TheBrainPi 0.5fix	weak		3	4	1	1	629	30.4	16.0	0.0909	0	0
hadur2.Hadur 3.9	apv.TheBrainPi 0.5fix	weak		3	5	1	1	634	30.4	16.0	0.0909	0	0
hadur2.Hadur 3.9	apv.TheBrainPi 0.5fix	weak		3	6	1	1	567	48.8	16.0	0.1667	0	0
hadur2.Hadur 3.9	apv.TheBrainPi 0.5fix	weak		3	7	1	1	814	27.0	64.0	0.2115	0	1
hadur2.Hadur 3.9	apv.TheBrainPi 0.5fix	weak		3	8	1	1	629	57.6	33.6	0.1563	0	0
hadur2.Hadur 3.9	apv.TheBrainPi 0.5fix	weak		3	9	1	1	804	20.0	32.0	0.1042	0	0
hadur2.Hadur 3.9	apv.TheBrainPi 0.5fix	weak		3	10	1	1	536	36.8	0.0	0.1154	0	0
hadur2.Hadur 3.9	apv.TheBrainPi 0.5fix	weak		3	11	1	1	521	46.0	32.0	0.1667	0	0
hadur2.Hadur 3.9	apv.TheBrainPi 0.5fix	weak		3	12	1	1	561	39.8	16.8	0.1481	0	0
hadur2.Hadur 3.9	apv.TheBrainPi 0.5fix	weak		3	13	1	1	525	55.0	32.0	0.2000	0	0
hadur2.Hadur 3.9	apv.TheBrainPi 0.5fix	weak		3	14	1	1	630	27.8	16.0	0.0938	0	0
hadur2.Hadur 3.9	apv.TheBrainPi 0.5fix	weak		3	15	1	1	523	39.6	0.0	0.1600	0	0
hadur2.Hadur 3.9	apv.TheBrainPi 0.5fix	weak		3	16	1	1	644	49.0	80.0	0.1622	0	0
hadur2.Hadur 3.9	apv.TheBrainPi 0.5fix	weak		3	17	1	1	514	37.0	0.0	0.1250	0	0
hadur2.Hadur 3.9	apv.TheBrainPi 0.5fix	weak		3	18	1	1	534	43.0	16.0	0.1538	0	0
hadur2.Hadur 3.9	apv.TheBrainPi 0.5fix	weak		3	19	1	1	560	48.8	32.0	0.1786	0	0
hadur2.Hadur 3.9	apv.TheBrainPi 0.5fix	weak		3	20	1	1	529	51.6	16.0	0.1600	0	1
hadur2.Hadur 3.9	apv.TheBrainPi 0.5fix	weak		3	21	1	1	593	51.8	48.0	0.1379	0	0
hadur2.Hadur 3.9	apv.TheBrainPi 0.5fix	weak		3	22	1	1	499	71.6	32.0	0.2609	0	0
hadur2.Hadur 3.9	apv.TheBrainPi 0.5fix	weak		3	23	1	1	570	37.0	16.0	0.1111	0	0
hadur2.Hadur 3.9	apv.TheBrainPi 0.5fix	weak		3	24	1	1	534	43.0	16.0	0.1600	0	0
hadur2.Hadur 3.9	apv.TheBrainPi 0.5fix	weak		3	25	1	1	766	19.8	16.0	0.0455	0	0
hadur2.Hadur 3.9	apv.TheBrainPi 0.5fix	weak		3	26	1	1	528	39.6	0.0	0.1600	0	0
hadur2.Hadur 3.9	apv.TheBrainPi 0.5fix	weak		3	27	1	1	562	46.0	32.0	0.1429	0	0
hadur2.Hadur 3.9	apv.TheBrainPi 0.5fix	weak		3	28	1	1	510	39.8	0.0	0.1667	0	0
hadur2.Hadur 3.9	apv.TheBrainPi 0.5fix	weak		3	29	1	1	432	52.0	0.0	0.2778	0	0
hadur2.Hadur 3.9	apv.TheBrainPi 0.5fix	weak		3	30	1	1	606	29.8	0.8	0.0938	0	0
hadur2.Hadur 3.9	apv.TheBrainPi 0.5fix	weak		3	31	1	1	573	55.0	64.0	0.2258	0	0
hadur2.Hadur 3.9	apv.TheBrainPi 0.5fix	weak		3	32	1	1	596	45.8	32.0	0.2000	0	0
hadur2.Hadur 3.9	apv.TheBrainPi 0.5fix	weak		3	33	0	0	486	17.2	72.7	0.1250	0	0
hadur2.Hadur 3.9	apv.TheBrainPi 0.5fix	weak		3	34	1	1	429	55.0	0.0	0.1875	0	6
hadur2.Hadur 3.9	apv.TheBrainPi 0.5fix	weak		4	0	1	1	680	12.4	0.0	0.0789	298	7
hadur2.Hadur 3.9	apv.TheBrainPi 0.5fix	weak		4	1	1	1	664	21.8	16.0	0.0571	0	0
hadur2.Hadur 3.9	apv.TheBrainPi 0.5fix	weak		4	2	1	1	545	49.0	48.0	0.1923	0	0
hadur2.Hadur 3.9	apv.TheBrainPi 0.5fix	weak		4	3	1	1	793	42.2	64.8	0.2500	0	0
hadur2.Hadur 3.9	apv.TheBrainPi 0.5fix	weak		4	4	1	1	511	48.8	16.0	0.1364	0	0
hadur2.Hadur 3.9	apv.TheBrainPi 0.5fix	weak		4	5	1	1	467	64.0	32.0	0.1667	0	0
hadur2.Hadur 3.9	apv.TheBrainPi 0.5fix	weak		4	6	1	1	547	58.0	48.0	0.1304	0	0
hadur2.Hadur 3.9	apv.TheBrainPi 0.5fix	weak		4	7	0	0	743	36.2	64.1	0.1471	0	0
hadur2.Hadur 3.9	apv.TheBrainPi 0.5fix	weak		4	8	1	1	690	33.8	48.0	0.1000	0	1
hadur2.Hadur 3.9	apv.TheBrainPi 0.5fix	weak		4	9	1	1	784	48.8	0.0	0.1000	0	0
hadur2.Hadur 3.9	apv.TheBrainPi 0.5fix	weak		4	10	0	0	761	7.3	64.0	0.0889	0	0
hadur2.Hadur 3.9	apv.TheBrainPi 0.5fix	weak		4	11	1	1	420	64.0	32.0	0.2941	0	0
hadur2.Hadur 3.9	apv.TheBrainPi 0.5fix	weak		4	12	0	0	698	37.9	68.4	0.1500	0	0
hadur2.Hadur 3.9	apv.TheBrainPi 0.5fix	weak		4	13	1	1	631	34.0	32.0	0.1765	0	0
hadur2.Hadur 3.9	apv.TheBrainPi 0.5fix	weak		4	14	1	1	641	22.0	16.0	0.0909	0	0
hadur2.Hadur 3.9	apv.TheBrainPi 0.5fix	weak		4	15	1	1	509	49.0	16.0	0.2083	0	0
hadur2.Hadur 3.9	apv.TheBrainPi 0.5fix	weak		4	16	1	1	722	59.8	64.8	0.1951	0	0
hadur2.Hadur 3.9	apv.TheBrainPi 0.5fix	weak		4	17	1	1	605	33.6	16.0	0.0714	0	0
hadur2.Hadur 3.9	apv.TheBrainPi 0.5fix	weak		4	18	1	1	573	48.8	16.0	0.1667	0	0
hadur2.Hadur 3.9	apv.TheBrainPi 0.5fix	weak		4	19	1	1	564	46.0	32.0	0.1429	0	0
hadur2.Hadur 3.9	apv.TheBrainPi 0.5fix	weak		4	20	1	1	683	27.6	32.0	0.1053	0	0
hadur2.Hadur 3.9	apv.TheBrainPi 0.5fix	weak		4	21	1	1	669	39.0	32.0	0.1081	0	0
hadur2.Hadur 3.9	apv.TheBrainPi 0.5fix	weak		4	22	1	1	569	37.0	32.0	0.1111	0	0
hadur2.Hadur 3.9	apv.TheBrainPi 0.5fix	weak		4	23	1	1	874	12.2	48.0	0.1250	0	1
hadur2.Hadur 3.9	apv.TheBrainPi 0.5fix	weak		4	24	1	1	672	29.6	16.0	0.0571	0	0
hadur2.Hadur 3.9	apv.TheBrainPi 0.5fix	weak		4	25	1	1	483	74.4	16.8	0.2917	0	0
hadur2.Hadur 3.9	apv.TheBrainPi 0.5fix	weak		4	26	1	1	647	21.2	0.0	0.0571	0	1
hadur2.Hadur 3.9	apv.TheBrainPi 0.5fix	weak		4	27	1	1	572	39.0	0.0	0.1290	0	0
hadur2.Hadur 3.9	apv.TheBrainPi 0.5fix	weak		4	28	1	1	701	22.0	32.0	0.1707	0	0
hadur2.Hadur 3.9	apv.TheBrainPi 0.5fix	weak		4	29	1	1	706	39.8	64.0	0.1463	0	0
hadur2.Hadur 3.9	apv.TheBrainPi 0.5fix	weak		4	30	1	1	434	52.0	0.0	0.2222	0	0
hadur2.Hadur 3.9	apv.TheBrainPi 0.5fix	weak		4	31	1	1	368	66.8	0.0	0.3333	0	0
hadur2.Hadur 3.9	apv.TheBrainPi 0.5fix	weak		4	32	1	1	669	72.4	33.6	0.1212	0	0
hadur2.Hadur 3.9	apv.TheBrainPi 0.5fix	weak		4	33	1	1	645	21.2	0.0	0.0588	0	0
hadur2.Hadur 3.9	apv.TheBrainPi 0.5fix	weak		4	34	1	1	593	53.6	0.0	0.1333	0	6
hadur2.Hadur 3.9	bk.Shooter 1.0	weak		1	0	1	1	710	80.0	50.0	0.3000	298	6
hadur2.Hadur 3.9	bk.Shooter 1.0	weak		1	1	1	1	490	72.0	0.0	0.3043	0	0
hadur2.Hadur 3.9	bk.Shooter 1.0	weak		1	2	1	1	462	77.6	0.0	0.3810	0	0
hadur2.Hadur 3.9	bk.Shooter 1.0	weak		1	3	1	1	445	86.0	0.0	0.3889	0	0
hadur2.Hadur 3.9	bk.Shooter 1.0	weak		1	4	1	1	448	84.0	0.0	0.2778	0	0
hadur2.Hadur 3.9	bk.Shooter 1.0	weak		1	5	1	1	444	80.0	10.0	0.2778	0	0
hadur2.Hadur 3.9	bk.Shooter 1.0	weak		1	6	1	1	380	90.0	0.0	0.3846	0	0
hadur2.Hadur 3.9	bk.Shooter 1.0	weak		1	7	1	1	403	88.0	10.0	0.3571	0	0
hadur2.Hadur 3.9	bk.Shooter 1.0	weak		1	8	1	1	365	90.0	0.0	0.4167	0	0
hadur2.Hadur 3.9	bk.Shooter 1.0	weak		1	9	1	1	412	86.0	0.0	0.3333	0	0
hadur2.Hadur 3.9	bk.Shooter 1.0	weak		1	10	1	1	438	76.0	0.0	0.2353	0	0
hadur2.Hadur 3.9	bk.Shooter 1.0	weak		1	11	1	1	495	82.0	0.0	0.2381	0	0
hadur2.Hadur 3.9	bk.Shooter 1.0	weak		1	12	1	1	432	78.0	0.0	0.2500	0	0
hadur2.Hadur 3.9	bk.Shooter 1.0	weak		1	13	1	1	409	86.0	0.0	0.3333	0	0
hadur2.Hadur 3.9	bk.Shooter 1.0	weak		1	14	1	1	398	88.0	0.0	0.3571	0	0
hadur2.Hadur 3.9	bk.Shooter 1.0	weak		1	15	1	1	483	68.0	0.0	0.2000	0	0
hadur2.Hadur 3.9	bk.Shooter 1.0	weak		1	16	1	1	441	84.0	0.0	0.2941	0	0
hadur2.Hadur 3.9	bk.Shooter 1.0	weak		1	17	1	1	367	76.0	0.0	0.3333	0	0
hadur2.Hadur 3.9	bk.Shooter 1.0	weak		1	18	1	1	353	92.0	0.0	0.4545	0	0
hadur2.Hadur 3.9	bk.Shooter 1.0	weak		1	19	1	1	519	78.0	10.0	0.1818	0	0
hadur2.Hadur 3.9	bk.Shooter 1.0	weak		1	20	1	1	457	82.0	0.0	0.2778	0	0
hadur2.Hadur 3.9	bk.Shooter 1.0	weak		1	21	1	1	541	86.0	0.0	0.2083	0	0
hadur2.Hadur 3.9	bk.Shooter 1.0	weak		1	22	1	1	541	86.0	0.0	0.2174	0	0
hadur2.Hadur 3.9	bk.Shooter 1.0	weak		1	23	1	1	458	72.0	0.0	0.2222	0	0
hadur2.Hadur 3.9	bk.Shooter 1.0	weak		1	24	1	1	449	86.0	0.0	0.2941	0	0
hadur2.Hadur 3.9	bk.Shooter 1.0	weak		1	25	1	1	398	86.0	0.0	0.3571	0	0
hadur2.Hadur 3.9	bk.Shooter 1.0	weak		1	26	1	1	387	88.0	0.0	0.3571	0	0
hadur2.Hadur 3.9	bk.Shooter 1.0	weak		1	27	1	1	416	84.0	0.0	0.3125	0	0
hadur2.Hadur 3.9	bk.Shooter 1.0	weak		1	28	1	1	352	88.0	0.0	0.4545	0	0
hadur2.Hadur 3.9	bk.Shooter 1.0	weak		1	29	1	1	362	84.0	0.0	0.4167	0	0
hadur2.Hadur 3.9	bk.Shooter 1.0	weak		1	30	1	1	464	86.0	0.0	0.2632	0	0
hadur2.Hadur 3.9	bk.Shooter 1.0	weak		1	31	1	1	393	92.0	10.0	0.3571	0	0
hadur2.Hadur 3.9	bk.Shooter 1.0	weak		1	32	1	1	425	76.0	0.0	0.2500	0	0
hadur2.Hadur 3.9	bk.Shooter 1.0	weak		1	33	1	1	402	78.0	0.0	0.2857	0	0
hadur2.Hadur 3.9	bk.Shooter 1.0	weak		1	34	1	1	399	88.0	0.0	0.3571	0	5
hadur2.Hadur 3.9	bk.Shooter 1.0	weak		2	0	1	1	509	77.6	0.0	0.3200	0	8
hadur2.Hadur 3.9	bk.Shooter 1.0	weak		2	1	1	1	534	74.0	0.0	0.2692	0	0
hadur2.Hadur 3.9	bk.Shooter 1.0	weak		2	2	1	1	595	78.0	0.0	0.2581	0	0
hadur2.Hadur 3.9	bk.Shooter 1.0	weak		2	3	1	1	473	81.0	10.0	0.2632	0	0
hadur2.Hadur 3.9	bk.Shooter 1.0	weak		2	4	1	1	402	80.0	0.0	0.3333	0	0
hadur2.Hadur 3.9	bk.Shooter 1.0	weak		2	5	1	1	489	70.0	10.0	0.2000	0	0
hadur2.Hadur 3.9	bk.Shooter 1.0	weak		2	6	1	1	390	86.0	0.0	0.3571	0	0
hadur2.Hadur 3.9	bk.Shooter 1.0	weak		2	7	1	1	371	78.0	0.0	0.3333	0	1
hadur2.Hadur 3.9	bk.Shooter 1.0	weak		2	8	1	1	360	88.0	0.0	0.4167	0	0
hadur2.Hadur 3.9	bk.Shooter 1.0	weak		2	9	1	1	438	86.0	0.0	0.2941	0	0
hadur2.Hadur 3.9	bk.Shooter 1.0	weak		2	10	1	1	335	94.0	0.0	0.5000	0	0
hadur2.Hadur 3.9	bk.Shooter 1.0	weak		2	11	1	1	568	82.0	0.0	0.1923	0	0
hadur2.Hadur 3.9	bk.Shooter 1.0	weak		2	12	1	1	380	90.0	0.0	0.3846	0	0
hadur2.Hadur 3.9	bk.Shooter 1.0	weak		2	13	1	1	507	70.0	10.0	0.1905	0	0
hadur2.Hadur 3.9	bk.Shooter 1.0	weak		2	14	1	1	428	88.0	0.0	0.3125	0	0
hadur2.Hadur 3.9	bk.Shooter 1.0	weak		2	15	1	1	526	88.0	0.0	0.2273	0	0
hadur2.Hadur 3.9	bk.Shooter 1.0	weak		2	16	1	1	497	80.0	10.0	0.2000	0	0
hadur2.Hadur 3.9	bk.Shooter 1.0	weak		2	17	1	1	405	86.0	0.0	0.3333	0	0
hadur2.Hadur 3.9	bk.Shooter 1.0	weak		2	18	1	1	530	80.0	0.0	0.1818	0	0
hadur2.Hadur 3.9	bk.Shooter 1.0	weak		2	19	1	1	464	78.0	10.0	0.2222	0	0
hadur2.Hadur 3.9	bk.Shooter 1.0	weak		2	20	1	1	526	82.0	0.0	0.2273	0	0
hadur2.Hadur 3.9	bk.Shooter 1.0	weak		2	21	1	1	402	88.0	0.0	0.3333	0	0
hadur2.Hadur 3.9	bk.Shooter 1.0	weak		2	22	1	1	587	84.0	0.0	0.1923	0	0
hadur2.Hadur 3.9	bk.Shooter 1.0	weak		2	23	1	1	469	80.0	0.0	0.2632	0	0
hadur2.Hadur 3.9	bk.Shooter 1.0	weak		2	24	1	1	415	86.0	10.0	0.3125	0	0
hadur2.Hadur 3.9	bk.Shooter 1.0	weak		2	25	1	1	447	84.0	20.0	0.2941	0	0
hadur2.Hadur 3.9	bk.Shooter 1.0	weak		2	26	1	1	428	84.0	0.0	0.3125	0	0
hadur2.Hadur 3.9	bk.Shooter 1.0	weak		2	27	1	1	430	84.0	10.0	0.3125	0	0
hadur2.Hadur 3.9	bk.Shooter 1.0	weak		2	28	1	1	488	62.0	0.0	0.1500	0	0
hadur2.Hadur 3.9	bk.Shooter 1.0	weak		2	29	1	1	433	84.0	0.0	0.2941	0	0
hadur2.Hadur 3.9	bk.Shooter 1.0	weak		2	30	1	1	413	86.0	10.0	0.3125	0	0
hadur2.Hadur 3.9	bk.Shooter 1.0	weak		2	31	1	1	416	90.0	0.0	0.3333	0	0
hadur2.Hadur 3.9	bk.Shooter 1.0	weak		2	32	1	1	439	78.0	0.0	0.2353	0	0
hadur2.Hadur 3.9	bk.Shooter 1.0	weak		2	33	1	1	461	86.0	0.0	0.2778	0	0
hadur2.Hadur 3.9	bk.Shooter 1.0	weak		2	34	1	1	495	80.0	0.0	0.2381	0	8
hadur2.Hadur 3.9	bk.Shooter 1.0	weak		3	0	1	1	614	80.0	0.0	0.2500	0	4
hadur2.Hadur 3.9	bk.Shooter 1.0	weak		3	1	1	1	594	86.0	10.0	0.2667	0	0
hadur2.Hadur 3.9	bk.Shooter 1.0	weak		3	2	1	1	738	72.0	30.0	0.1951	0	0
hadur2.Hadur 3.9	bk.Shooter 1.0	weak		3	3	1	1	396	82.0	0.0	0.3571	0	0
hadur2.Hadur 3.9	bk.Shooter 1.0	weak		3	4	1	1	479	90.0	0.0	0.2632	0	0
hadur2.Hadur 3.9	bk.Shooter 1.0	weak		3	5	1	1	540	68.0	0.0	0.1739	0	0
hadur2.Hadur 3.9	bk.Shooter 1.0	weak		3	6	1	1	434	90.0	0.0	0.3125	0	0
hadur2.Hadur 3.9	bk.Shooter 1.0	weak		3	7	1	1	413	78.0	0.0	0.2667	0	0
hadur2.Hadur 3.9	bk.Shooter 1.0	weak		3	8	1	1	415	84.0	0.0	0.3333	0	0
hadur2.Hadur 3.9	bk.Shooter 1.0	weak		3	9	1	1	471	74.0	0.0	0.2105	0	0
hadur2.Hadur 3.9	bk.Shooter 1.0	weak		3	10	1	1	475	84.0	0.0	0.2632	0	0
hadur2.Hadur 3.9	bk.Shooter 1.0	weak		3	11	1	1	519	80.0	10.0	0.2174	0	0
hadur2.Hadur 3.9	bk.Shooter 1.0	weak		3	12	1	1	487	74.0	0.0	0.2000	0	0
hadur2.Hadur 3.9	bk.Shooter 1.0	weak		3	13	1	1	479	84.0	0.0	0.2500	0	0
hadur2.Hadur 3.9	bk.Shooter 1.0	weak		3	14	1	1	529	72.0	0.0	0.1739	0	0
hadur2.Hadur 3.9	bk.Shooter 1.0	weak		3	15	1	1	414	84.0	0.0	0.3125	0	0
hadur2.Hadur 3.9	bk.Shooter 1.0	weak		3	16	1	1	442	82.0	0.0	0.2941	0	0
hadur2.Hadur 3.9	bk.Shooter 1.0	weak		3	17	1	1	519	82.0	20.0	0.2273	0	0
hadur2.Hadur 3.9	bk.Shooter 1.0	weak		3	18	1	1	423	76.0	0.0	0.2500	0	0
hadur2.Hadur 3.9	bk.Shooter 1.0	weak		3	19	1	1	472	70.0	0.0	0.2105	0	0
hadur2.Hadur 3.9	bk.Shooter 1.0	weak		3	20	1	1	542	80.0	0.0	0.2083	0	0
hadur2.Hadur 3.9	bk.Shooter 1.0	weak		3	21	1	1	473	74.0	0.0	0.2105	0	0
hadur2.Hadur 3.9	bk.Shooter 1.0	weak		3	22	1	1	422	82.0	0.0	0.3125	0	0
hadur2.Hadur 3.9	bk.Shooter 1.0	weak		3	23	1	1	696	86.0	20.0	0.1515	0	0
hadur2.Hadur 3.9	bk.Shooter 1.0	weak		3	24	1	1	409	94.0	10.0	0.3333	0	0
hadur2.Hadur 3.9	bk.Shooter 1.0	weak		3	25	1	1	409	98.0	0.0	0.4000	0	0
hadur2.Hadur 3.9	bk.Shooter 1.0	weak		3	26	1	1	346	88.0	0.0	0.4545	0	0
hadur2.Hadur 3.9	bk.Shooter 1.0	weak		3	27	1	1	398	92.0	0.0	0.3571	0	0
hadur2.Hadur 3.9	bk.Shooter 1.0	weak		3	28	1	1	367	86.0	0.0	0.4167	0	0
hadur2.Hadur 3.9	bk.Shooter 1.0	weak		3	29	1	1	413	80.0	0.0	0.3125	0	0
hadur2.Hadur 3.9	bk.Shooter 1.0	weak		3	30	1	1	466	80.0	10.0	0.2632	0	0
hadur2.Hadur 3.9	bk.Shooter 1.0	weak		3	31	1	1	377	88.0	0.0	0.3846	0	0
hadur2.Hadur 3.9	bk.Shooter 1.0	weak		3	32	1	1	421	86.0	0.0	0.3125	0	0
hadur2.Hadur 3.9	bk.Shooter 1.0	weak		3	33	1	1	460	72.0	0.0	0.2222	0	0
hadur2.Hadur 3.9	bk.Shooter 1.0	weak		3	34	1	1	641	80.0	0.0	0.1379	0	5
hadur2.Hadur 3.9	bk.Shooter 1.0	weak		4	0	1	1	686	78.0	10.0	0.3077	298	6
hadur2.Hadur 3.9	bk.Shooter 1.0	weak		4	1	1	1	729	67.9	10.0	0.1750	0	0
hadur2.Hadur 3.9	bk.Shooter 1.0	weak		4	2	1	1	702	74.0	0.0	0.1842	0	0
hadur2.Hadur 3.9	bk.Shooter 1.0	weak		4	3	1	1	507	92.0	10.0	0.3043	0	0
hadur2.Hadur 3.9	bk.Shooter 1.0	weak		4	4	1	1	519	80.0	10.0	0.2273	0	0
hadur2.Hadur 3.9	bk.Shooter 1.0	weak		4	5	1	1	386	84.0	0.0	0.3571	0	0
hadur2.Hadur 3.9	bk.Shooter 1.0	weak		4	6	1	1	314	88.0	0.0	0.5556	0	0
hadur2.Hadur 3.9	bk.Shooter 1.0	weak		4	7	1	1	497	82.0	0.0	0.2500	0	0
hadur2.Hadur 3.9	bk.Shooter 1.0	weak		4	8	1	1	418	78.0	0.0	0.2667	0	0
hadur2.Hadur 3.9	bk.Shooter 1.0	weak		4	9	1	1	560	76.0	0.0	0.1667	0	0
hadur2.Hadur 3.9	bk.Shooter 1.0	weak		4	10	1	1	512	64.0	0.0	0.1818	0	0
hadur2.Hadur 3.9	bk.Shooter 1.0	weak		4	11	1	1	467	80.0	10.0	0.2222	0	0
hadur2.Hadur 3.9	bk.Shooter 1.0	weak		4	12	1	1	438	84.0	0.0	0.2941	0	0
hadur2.Hadur 3.9	bk.Shooter 1.0	weak		4	13	1	1	369	92.0	0.0	0.4167	0	0
hadur2.Hadur 3.9	bk.Shooter 1.0	weak		4	14	1	1	481	84.0	0.0	0.2500	0	0
hadur2.Hadur 3.9	bk.Shooter 1.0	weak		4	15	1	1	367	88.0	0.0	0.4167	0	0
hadur2.Hadur 3.9	bk.Shooter 1.0	weak		4	16	1	1	521	72.0	0.0	0.1818	0	0
hadur2.Hadur 3.9	bk.Shooter 1.0	weak		4	17	1	1	387	80.0	0.0	0.3571	0	0
hadur2.Hadur 3.9	bk.Shooter 1.0	weak		4	18	1	1	416	82.0	10.0	0.3125	0	0
hadur2.Hadur 3.9	bk.Shooter 1.0	weak		4	19	1	1	439	80.0	0.0	0.2353	0	0
hadur2.Hadur 3.9	bk.Shooter 1.0	weak		4	20	1	1	442	86.0	10.0	0.2941	0	0
hadur2.Hadur 3.9	bk.Shooter 1.0	weak		4	21	1	1	461	80.0	0.0	0.2632	0	0
hadur2.Hadur 3.9	bk.Shooter 1.0	weak		4	22	1	1	474	74.0	0.0	0.2105	0	0
hadur2.Hadur 3.9	bk.Shooter 1.0	weak		4	23	1	1	472	80.0	0.0	0.2500	0	0
hadur2.Hadur 3.9	bk.Shooter 1.0	weak		4	24	1	1	523	80.0	0.0	0.2174	0	0
hadur2.Hadur 3.9	bk.Shooter 1.0	weak		4	25	1	1	418	90.0	0.0	0.3333	0	0
hadur2.Hadur 3.9	bk.Shooter 1.0	weak		4	26	1	1	345	90.0	0.0	0.4545	0	0
hadur2.Hadur 3.9	bk.Shooter 1.0	weak		4	27	1	1	420	82.0	0.0	0.3125	0	0
hadur2.Hadur 3.9	bk.Shooter 1.0	weak		4	28	1	1	409	82.0	0.0	0.3333	0	0
hadur2.Hadur 3.9	bk.Shooter 1.0	weak		4	29	1	1	389	78.0	0.0	0.3077	0	0
hadur2.Hadur 3.9	bk.Shooter 1.0	weak		4	30	1	1	493	86.0	0.0	0.2500	0	0
hadur2.Hadur 3.9	bk.Shooter 1.0	weak		4	31	1	1	427	74.0	0.0	0.2500	0	0
hadur2.Hadur 3.9	bk.Shooter 1.0	weak		4	32	1	1	426	84.0	0.0	0.3125	0	0
hadur2.Hadur 3.9	bk.Shooter 1.0	weak		4	33	1	1	430	84.0	0.0	0.3125	0	0
hadur2.Hadur 3.9	bk.Shooter 1.0	weak		4	34	1	1	454	82.0	0.0	0.2778	0	6
hadur2.Hadur 3.9	bots.UnterExBot 1.0	weak		1	0	1	1	720	58.6	6.0	0.1707	298	7
hadur2.Hadur 3.9	bots.UnterExBot 1.0	weak		1	1	1	1	566	64.1	0.4	0.2143	0	1
hadur2.Hadur 3.9	bots.UnterExBot 1.0	weak		1	2	1	1	511	63.6	0.0	0.1739	0	0
hadur2.Hadur 3.9	bots.UnterExBot 1.0	weak		1	3	1	1	584	68.1	0.0	0.1429	0	0
hadur2.Hadur 3.9	bots.UnterExBot 1.0	weak		1	4	1	1	432	64.8	0.0	0.2500	0	0
hadur2.Hadur 3.9	bots.UnterExBot 1.0	weak		1	5	1	1	577	68.8	2.4	0.1852	0	0
hadur2.Hadur 3.9	bots.UnterExBot 1.0	weak		1	6	1	1	356	69.2	0.0	0.3333	0	0
hadur2.Hadur 3.9	bots.UnterExBot 1.0	weak		1	7	1	1	582	65.5	0.4	0.1538	0	0
hadur2.Hadur 3.9	bots.UnterExBot 1.0	weak		1	8	1	1	692	67.8	1.2	0.1515	0	0
hadur2.Hadur 3.9	bots.UnterExBot 1.0	weak		1	9	1	1	412	64.8	0.0	0.2500	0	0
hadur2.Hadur 3.9	bots.UnterExBot 1.0	weak		1	10	1	1	546	64.7	0.4	0.1667	0	0
hadur2.Hadur 3.9	bots.UnterExBot 1.0	weak		1	11	1	1	591	66.9	1.2	0.1786	0	0
hadur2.Hadur 3.9	bots.UnterExBot 1.0	weak		1	12	1	1	576	66.9	0.0	0.1538	0	0
hadur2.Hadur 3.9	bots.UnterExBot 1.0	weak		1	13	1	1	545	66.0	0.8	0.2000	0	0
hadur2.Hadur 3.9	bots.UnterExBot 1.0	weak		1	14	1	1	557	64.1	0.0	0.1667	0	0
hadur2.Hadur 3.9	bots.UnterExBot 1.0	weak		1	15	1	1	529	70.4	0.0	0.1739	0	0
hadur2.Hadur 3.9	bots.UnterExBot 1.0	weak		1	16	1	1	391	65.9	0.0	0.2857	0	0
hadur2.Hadur 3.9	bots.UnterExBot 1.0	weak		1	17	1	1	508	68.4	0.0	0.1905	0	0
hadur2.Hadur 3.9	bots.UnterExBot 1.0	weak		1	18	1	1	540	67.4	0.0	0.1739	0	0
hadur2.Hadur 3.9	bots.UnterExBot 1.0	weak		1	19	1	1	449	65.1	0.0	0.2222	0	0
hadur2.Hadur 3.9	bots.UnterExBot 1.0	weak		1	20	1	1	451	66.3	0.0	0.2222	0	0
hadur2.Hadur 3.9	bots.UnterExBot 1.0	weak		1	21	1	1	621	67.9	0.0	0.1379	0	0
hadur2.Hadur 3.9	bots.UnterExBot 1.0	weak		1	22	1	1	595	65.2	0.0	0.1786	0	0
hadur2.Hadur 3.9	bots.UnterExBot 1.0	weak		1	23	1	1	589	62.2	1.2	0.1786	0	0
hadur2.Hadur 3.9	bots.UnterExBot 1.0	weak		1	24	1	1	493	71.3	0.0	0.2000	0	0
hadur2.Hadur 3.9	bots.UnterExBot 1.0	weak		1	25	1	1	398	66.8	0.0	0.2857	0	0
hadur2.Hadur 3.9	bots.UnterExBot 1.0	weak		1	26	1	1	518	67.9	11.2	0.1818	0	0
hadur2.Hadur 3.9	bots.UnterExBot 1.0	weak		1	27	1	1	322	77.2	0.0	0.4444	0	0
hadur2.Hadur 3.9	bots.UnterExBot 1.0	weak		1	28	1	1	420	66.4	0.0	0.2353	0	0
hadur2.Hadur 3.9	bots.UnterExBot 1.0	weak		1	29	1	1	366	70.4	0.0	0.3333	0	0
hadur2.Hadur 3.9	bots.UnterExBot 1.0	weak		1	30	1	1	399	66.2	0.0	0.2667	0	0
hadur2.Hadur 3.9	bots.UnterExBot 1.0	weak		1	31	1	1	540	66.8	0.0	0.1739	0	0
hadur2.Hadur 3.9	bots.UnterExBot 1.0	weak		1	32	1	1	594	64.7	0.0	0.1481	0	0
hadur2.Hadur 3.9	bots.UnterExBot 1.0	weak		1	33	1	1	483	67.4	0.0	0.2000	0	0
hadur2.Hadur 3.9	bots.UnterExBot 1.0	weak		1	34	1	1	380	68.6	0.0	0.3571	0	6
hadur2.Hadur 3.9	bots.UnterExBot 1.0	weak		2	0	1	1	518	70.0	29.4	0.2917	0	5
hadur2.Hadur 3.9	bots.UnterExBot 1.0	weak		2	1	1	1	623	68.7	30.2	0.2121	0	0
hadur2.Hadur 3.9	bots.UnterExBot 1.0	weak		2	2	1	1	528	67.1	20.0	0.1667	0	0
hadur2.Hadur 3.9	bots.UnterExBot 1.0	weak		2	3	1	1	489	65.1	0.0	0.1905	0	0
hadur2.Hadur 3.9	bots.UnterExBot 1.0	weak		2	4	1	1	1046	63.2	0.8	0.1290	0	0
hadur2.Hadur 3.9	bots.UnterExBot 1.0	weak		2	5	1	1	511	65.8	2.4	0.2500	0	0
hadur2.Hadur 3.9	bots.UnterExBot 1.0	weak		2	6	1	1	589	64.9	5.2	0.1852	0	0
hadur2.Hadur 3.9	bots.UnterExBot 1.0	weak		2	7	1	1	449	71.9	12.4	0.2353	0	0
hadur2.Hadur 3.9	bots.UnterExBot 1.0	weak		2	8	1	1	468	71.3	13.6	0.2105	0	0
hadur2.Hadur 3.9	bots.UnterExBot 1.0	weak		2	9	1	1	525	68.0	20.6	0.1818	0	0
hadur2.Hadur 3.9	bots.UnterExBot 1.0	weak		2	10	1	1	691	62.0	0.8	0.1212	0	0
hadur2.Hadur 3.9	bots.UnterExBot 1.0	weak		2	11	1	1	529	69.1	0.4	0.2000	0	0
hadur2.Hadur 3.9	bots.UnterExBot 1.0	weak		2	12	1	1	506	66.9	0.0	0.2609	0	0
hadur2.Hadur 3.9	bots.UnterExBot 1.0	weak		2	13	1	1	541	68.4	0.0	0.1739	0	0
hadur2.Hadur 3.9	bots.UnterExBot 1.0	weak		2	14	1	1	571	66.8	0.0	0.1600	0	0
hadur2.Hadur 3.9	bots.UnterExBot 1.0	weak		2	15	1	1	355	71.8	0.0	0.3636	0	0
hadur2.Hadur 3.9	bots.UnterExBot 1.0	weak		2	16	1	1	384	68.6	0.0	0.3077	0	0
hadur2.Hadur 3.9	bots.UnterExBot 1.0	weak		2	17	1	1	488	65.7	0.4	0.2000	0	0
hadur2.Hadur 3.9	bots.UnterExBot 1.0	weak		2	18	1	1	588	64.2	0.0	0.1481	0	0
hadur2.Hadur 3.9	bots.UnterExBot 1.0	weak		2	19	1	1	614	66.7	0.0	0.1379	0	0
hadur2.Hadur 3.9	bots.UnterExBot 1.0	weak		2	20	1	1	471	63.7	0.0	0.2857	0	0
hadur2.Hadur 3.9	bots.UnterExBot 1.0	weak		2	21	1	1	561	68.3	0.8	0.1667	0	0
hadur2.Hadur 3.9	bots.UnterExBot 1.0	weak		2	22	1	1	416	62.6	0.0	0.2000	0	0
hadur2.Hadur 3.9	bots.UnterExBot 1.0	weak		2	23	1	1	443	55.7	0.0	0.1667	0	0
hadur2.Hadur 3.9	bots.UnterExBot 1.0	weak		2	24	1	1	560	64.7	0.0	0.1600	0	0
hadur2.Hadur 3.9	bots.UnterExBot 1.0	weak		2	25	1	1	752	66.4	0.4	0.1538	0	0
hadur2.Hadur 3.9	bots.UnterExBot 1.0	weak		2	26	1	1	301	73.5	0.0	0.6250	0	0
hadur2.Hadur 3.9	bots.UnterExBot 1.0	weak		2	27	1	1	760	61.2	0.0	0.1053	0	0
hadur2.Hadur 3.9	bots.UnterExBot 1.0	weak		2	28	1	1	422	69.5	0.0	0.2500	0	0
hadur2.Hadur 3.9	bots.UnterExBot 1.0	weak		2	29	1	1	407	64.0	0.0	0.2500	0	0
hadur2.Hadur 3.9	bots.UnterExBot 1.0	weak		2	30	1	1	484	65.7	0.0	0.2000	0	0
hadur2.Hadur 3.9	bots.UnterExBot 1.0	weak		2	31	1	1	417	65.2	0.0	0.2500	0	0
hadur2.Hadur 3.9	bots.UnterExBot 1.0	weak		2	32	1	1	381	75.1	5.2	0.3077	0	0
hadur2.Hadur 3.9	bots.UnterExBot 1.0	weak		2	33	1	1	378	71.0	0.0	0.3077	0	0
hadur2.Hadur 3.9	bots.UnterExBot 1.0	weak		2	34	1	1	680	65.2	0.0	0.1250	0	6
hadur2.Hadur 3.9	bots.UnterExBot 1.0	weak		3	0	1	1	633	66.0	16.8	0.2121	0	4
hadur2.Hadur 3.9	bots.UnterExBot 1.0	weak		3	1	1	1	455	67.7	6.4	0.3000	0	0
hadur2.Hadur 3.9	bots.UnterExBot 1.0	weak		3	2	1	1	598	66.1	0.0	0.1724	0	0
hadur2.Hadur 3.9	bots.UnterExBot 1.0	weak		3	3	1	1	504	69.5	16.0	0.1905	0	1
hadur2.Hadur 3.9	bots.UnterExBot 1.0	weak		3	4	1	1	405	65.4	0.0	0.2667	0	0
hadur2.Hadur 3.9	bots.UnterExBot 1.0	weak		3	5	1	1	591	70.6	1.2	0.1852	0	0
hadur2.Hadur 3.9	bots.UnterExBot 1.0	weak		3	6	1	1	313	73.2	0.0	0.4444	0	0
hadur2.Hadur 3.9	bots.UnterExBot 1.0	weak		3	7	1	1	490	57.6	0.8	0.2000	0	0
hadur2.Hadur 3.9	bots.UnterExBot 1.0	weak		3	8	1	1	571	63.5	0.0	0.1200	0	0
hadur2.Hadur 3.9	bots.UnterExBot 1.0	weak		3	9	1	1	500	68.5	10.0	0.1905	0	0
hadur2.Hadur 3.9	bots.UnterExBot 1.0	weak		3	10	1	1	453	65.7	0.4	0.2222	0	0
hadur2.Hadur 3.9	bots.UnterExBot 1.0	weak		3	11	1	1	525	68.0	0.0	0.2174	0	0
hadur2.Hadur 3.9	bots.UnterExBot 1.0	weak		3	12	1	1	481	65.5	0.4	0.2105	0	0
hadur2.Hadur 3.9	bots.UnterExBot 1.0	weak		3	13	1	1	640	64.4	1.2	0.1515	0	0
hadur2.Hadur 3.9	bots.UnterExBot 1.0	weak		3	14	1	1	466	70.8	5.6	0.2105	0	0
hadur2.Hadur 3.9	bots.UnterExBot 1.0	weak		3	15	1	1	509	66.4	0.0	0.1818	0	0
hadur2.Hadur 3.9	bots.UnterExBot 1.0	weak		3	16	1	1	635	68.8	0.4	0.1290	0	0
hadur2.Hadur 3.9	bots.UnterExBot 1.0	weak		3	17	1	1	349	73.2	0.0	0.4167	0	0
hadur2.Hadur 3.9	bots.UnterExBot 1.0	weak		3	18	1	1	487	64.6	0.0	0.2000	0	0
hadur2.Hadur 3.9	bots.UnterExBot 1.0	weak		3	19	1	1	361	72.0	0.0	0.3333	0	0
hadur2.Hadur 3.9	bots.UnterExBot 1.0	weak		3	20	1	1	385	63.3	0.0	0.2308	0	0
hadur2.Hadur 3.9	bots.UnterExBot 1.0	weak		3	21	1	1	471	67.8	0.4	0.2000	0	0
hadur2.Hadur 3.9	bots.UnterExBot 1.0	weak		3	22	1	1	511	64.8	0.0	0.1818	0	0
hadur2.Hadur 3.9	bots.UnterExBot 1.0	weak		3	23	1	1	398	68.3	0.0	0.2857	0	0
hadur2.Hadur 3.9	bots.UnterExBot 1.0	weak		3	24	1	1	496	66.2	0.0	0.2000	0	0
hadur2.Hadur 3.9	bots.UnterExBot 1.0	weak		3	25	1	1	537	64.3	0.0	0.1739	0	0
hadur2.Hadur 3.9	bots.UnterExBot 1.0	weak		3	26	1	1	448	65.2	0.0	0.2353	0	0
hadur2.Hadur 3.9	bots.UnterExBot 1.0	weak		3	27	1	1	394	69.6	0.0	0.2857	0	0
hadur2.Hadur 3.9	bots.UnterExBot 1.0	weak		3	28	1	1	538	64.0	0.4	0.1739	0	0
hadur2.Hadur 3.9	bots.UnterExBot 1.0	weak		3	29	1	1	367	67.0	0.0	0.3077	0	0
hadur2.Hadur 3.9	bots.UnterExBot 1.0	weak		3	30	1	1	422	66.5	0.0	0.2500	0	0
hadur2.Hadur 3.9	bots.UnterExBot 1.0	weak		3	31	1	1	400	65.6	6.4	0.3125	0	0
hadur2.Hadur 3.9	bots.UnterExBot 1.0	weak		3	32	1	1	336	72.8	0.0	0.4000	0	0
hadur2.Hadur 3.9	bots.UnterExBot 1.0	weak		3	33	1	1	522	64.1	0.0	0.1818	0	0
hadur2.Hadur 3.9	bots.UnterExBot 1.0	weak		3	34	1	1	426	65.3	0.0	0.2500	0	6
hadur2.Hadur 3.9	bots.UnterExBot 1.0	weak		4	0	1	1	575	69.4	15.8	0.2414	0	6
hadur2.Hadur 3.9	bots.UnterExBot 1.0	weak		4	1	1	1	413	64.3	12.4	0.3529	0	0
hadur2.Hadur 3.9	bots.UnterExBot 1.0	weak		4	2	1	1	381	70.6	0.0	0.4667	0	0
hadur2.Hadur 3.9	bots.UnterExBot 1.0	weak		4	3	1	1	467	65.7	0.0	0.2105	0	0
hadur2.Hadur 3.9	bots.UnterExBot 1.0	weak		4	4	1	1	410	70.8	11.2	0.2667	0	0
hadur2.Hadur 3.9	bots.UnterExBot 1.0	weak		4	5	1	1	430	68.6	13.6	0.2500	0	0
hadur2.Hadur 3.9	bots.UnterExBot 1.0	weak		4	6	1	1	461	64.7	0.0	0.2000	0	0
hadur2.Hadur 3.9	bots.UnterExBot 1.0	weak		4	7	1	1	511	65.5	0.0	0.1905	0	0
hadur2.Hadur 3.9	bots.UnterExBot 1.0	weak		4	8	1	1	477	68.0	0.0	0.2105	0	0
hadur2.Hadur 3.9	bots.UnterExBot 1.0	weak		4	9	1	1	385	70.4	11.2	0.3571	0	0
hadur2.Hadur 3.9	bots.UnterExBot 1.0	weak		4	10	1	1	408	69.2	0.0	0.2667	0	0
hadur2.Hadur 3.9	bots.UnterExBot 1.0	weak		4	11	1	1	701	52.7	0.8	0.0909	0	0
hadur2.Hadur 3.9	bots.UnterExBot 1.0	weak		4	12	1	1	336	75.6	0.0	0.4000	0	0
hadur2.Hadur 3.9	bots.UnterExBot 1.0	weak		4	13	1	1	561	58.8	0.0	0.1200	0	0
hadur2.Hadur 3.9	bots.UnterExBot 1.0	weak		4	14	1	1	536	65.1	0.0	0.2000	0	0
hadur2.Hadur 3.9	bots.UnterExBot 1.0	weak		4	15	1	1	435	66.6	0.0	0.2353	0	0
hadur2.Hadur 3.9	bots.UnterExBot 1.0	weak		4	16	1	1	578	65.0	0.0	0.1538	0	0
hadur2.Hadur 3.9	bots.UnterExBot 1.0	weak		4	17	1	1	430	69.4	4.4	0.2941	0	0
hadur2.Hadur 3.9	bots.UnterExBot 1.0	weak		4	18	1	1	781	61.7	0.0	0.1026	0	0
hadur2.Hadur 3.9	bots.UnterExBot 1.0	weak		4	19	1	1	432	72.0	8.8	0.2778	0	0
hadur2.Hadur 3.9	bots.UnterExBot 1.0	weak		4	20	1	1	373	71.8	0.0	0.3077	0	0
hadur2.Hadur 3.9	bots.UnterExBot 1.0	weak		4	21	1	1	621	64.3	0.0	0.1379	0	0
hadur2.Hadur 3.9	bots.UnterExBot 1.0	weak		4	22	1	1	447	71.5	0.8	0.2778	0	0
hadur2.Hadur 3.9	bots.UnterExBot 1.0	weak		4	23	1	1	469	66.3	4.0	0.2105	0	0
hadur2.Hadur 3.9	bots.UnterExBot 1.0	weak		4	24	1	1	490	69.7	0.4	0.2381	0	0
hadur2.Hadur 3.9	bots.UnterExBot 1.0	weak		4	25	1	1	409	68.6	0.0	0.2500	0	0
hadur2.Hadur 3.9	bots.UnterExBot 1.0	weak		4	26	1	1	382	64.0	0.0	0.2857	0	0
hadur2.Hadur 3.9	bots.UnterExBot 1.0	weak		4	27	1	1	468	65.4	0.0	0.1905	0	0
hadur2.Hadur 3.9	bots.UnterExBot 1.0	weak		4	28	1	1	545	69.2	0.8	0.2083	0	0
hadur2.Hadur 3.9	bots.UnterExBot 1.0	weak		4	29	1	1	525	63.6	0.0	0.1364	0	0
hadur2.Hadur 3.9	bots.UnterExBot 1.0	weak		4	30	1	1	288	77.4	0.0	0.5714	0	0
hadur2.Hadur 3.9	bots.UnterExBot 1.0	weak		4	31	1	1	356	72.8	0.0	0.3333	0	1
hadur2.Hadur 3.9	bots.UnterExBot 1.0	weak		4	32	1	1	523	70.5	0.0	0.1818	0	0
hadur2.Hadur 3.9	bots.UnterExBot 1.0	weak		4	33	1	1	588	64.9	0.0	0.1538	0	0
hadur2.Hadur 3.9	bots.UnterExBot 1.0	weak		4	34	1	1	382	70.2	0.0	0.3077	0	5
hadur2.Hadur 3.9	dmh.robocode.robot.GreenDragon 1.0	weak		1	0	1	1	500	48.5	0.0	0.2083	0	5
hadur2.Hadur 3.9	dmh.robocode.robot.GreenDragon 1.0	weak		1	1	1	1	739	31.1	30.0	0.0952	0	0
hadur2.Hadur 3.9	dmh.robocode.robot.GreenDragon 1.0	weak		1	2	1	1	622	38.8	10.0	0.1290	0	0
hadur2.Hadur 3.9	dmh.robocode.robot.GreenDragon 1.0	weak		1	3	1	1	508	48.5	11.5	0.2083	0	0
hadur2.Hadur 3.9	dmh.robocode.robot.GreenDragon 1.0	weak		1	4	1	1	626	38.8	10.0	0.1212	0	0
hadur2.Hadur 3.9	dmh.robocode.robot.GreenDragon 1.0	weak		1	5	1	1	526	36.8	0.0	0.1200	0	0
hadur2.Hadur 3.9	dmh.robocode.robot.GreenDragon 1.0	weak		1	6	1	1	564	50.3	20.0	0.1786	0	0
hadur2.Hadur 3.9	dmh.robocode.robot.GreenDragon 1.0	weak		1	7	1	1	593	29.1	10.0	0.1000	0	0
hadur2.Hadur 3.9	dmh.robocode.robot.GreenDragon 1.0	weak		1	8	1	1	460	57.0	0.0	0.2500	0	0
hadur2.Hadur 3.9	dmh.robocode.robot.GreenDragon 1.0	weak		1	9	1	1	596	48.5	10.0	0.1613	0	0
hadur2.Hadur 3.9	dmh.robocode.robot.GreenDragon 1.0	weak		1	10	1	1	517	49.0	0.0	0.1364	0	0
hadur2.Hadur 3.9	dmh.robocode.robot.GreenDragon 1.0	weak		1	11	0	0	814	13.5	54.1	0.1600	0	0
hadur2.Hadur 3.9	dmh.robocode.robot.GreenDragon 1.0	weak		1	12	1	1	579	48.5	20.0	0.1724	0	0
hadur2.Hadur 3.9	dmh.robocode.robot.GreenDragon 1.0	weak		1	13	1	1	452	58.3	0.0	0.2222	0	1
hadur2.Hadur 3.9	dmh.robocode.robot.GreenDragon 1.0	weak		1	14	1	1	611	31.6	20.0	0.0357	0	0
hadur2.Hadur 3.9	dmh.robocode.robot.GreenDragon 1.0	weak		1	15	1	1	581	48.5	10.0	0.1667	0	0
hadur2.Hadur 3.9	dmh.robocode.robot.GreenDragon 1.0	weak		1	16	1	1	434	74.0	20.0	0.3889	0	0
hadur2.Hadur 3.9	dmh.robocode.robot.GreenDragon 1.0	weak		1	17	1	1	421	61.0	0.0	0.2353	0	0
hadur2.Hadur 3.9	dmh.robocode.robot.GreenDragon 1.0	weak		1	18	1	1	535	64.0	50.0	0.1739	0	0
hadur2.Hadur 3.9	dmh.robocode.robot.GreenDragon 1.0	weak		1	19	1	1	434	59.0	10.0	0.1875	0	0
hadur2.Hadur 3.9	dmh.robocode.robot.GreenDragon 1.0	weak		1	20	1	1	450	54.0	0.0	0.1765	0	0
hadur2.Hadur 3.9	dmh.robocode.robot.GreenDragon 1.0	weak		1	21	1	1	452	78.0	30.0	0.2353	0	0
hadur2.Hadur 3.9	dmh.robocode.robot.GreenDragon 1.0	weak		1	22	1	1	388	64.0	10.0	0.2308	0	0
hadur2.Hadur 3.9	dmh.robocode.robot.GreenDragon 1.0	weak		1	23	1	1	510	64.0	20.0	0.1905	0	0
hadur2.Hadur 3.9	dmh.robocode.robot.GreenDragon 1.0	weak		1	24	1	1	621	36.0	0.0	0.1034	0	0
hadur2.Hadur 3.9	dmh.robocode.robot.GreenDragon 1.0	weak		1	25	1	1	638	48.5	20.0	0.1515	0	0
hadur2.Hadur 3.9	dmh.robocode.robot.GreenDragon 1.0	weak		1	26	1	1	473	76.2	30.0	0.3333	0	0
hadur2.Hadur 3.9	dmh.robocode.robot.GreenDragon 1.0	weak		1	27	1	1	361	82.1	20.0	0.4167	0	0
hadur2.Hadur 3.9	dmh.robocode.robot.GreenDragon 1.0	weak		1	28	1	1	441	65.0	10.0	0.2353	0	0
hadur2.Hadur 3.9	dmh.robocode.robot.GreenDragon 1.0	weak		1	29	1	1	659	48.0	25.9	0.0909	0	0
hadur2.Hadur 3.9	dmh.robocode.robot.GreenDragon 1.0	weak		1	30	1	1	591	43.0	10.0	0.1071	0	0
hadur2.Hadur 3.9	dmh.robocode.robot.GreenDragon 1.0	weak		1	31	1	1	428	64.0	0.0	0.2941	0	0
hadur2.Hadur 3.9	dmh.robocode.robot.GreenDragon 1.0	weak		1	32	1	1	481	59.7	10.0	0.2381	0	0
hadur2.Hadur 3.9	dmh.robocode.robot.GreenDragon 1.0	weak		1	33	1	1	510	52.0	0.0	0.1429	0	0
hadur2.Hadur 3.9	dmh.robocode.robot.GreenDragon 1.0	weak		1	34	1	1	604	40.1	20.0	0.1724	0	5
hadur2.Hadur 3.9	dmh.robocode.robot.GreenDragon 1.0	weak		2	0	1	1	838	31.4	50.0	0.1321	0	6
hadur2.Hadur 3.9	dmh.robocode.robot.GreenDragon 1.0	weak		2	1	1	1	553	38.8	0.0	0.1481	0	0
hadur2.Hadur 3.9	dmh.robocode.robot.GreenDragon 1.0	weak		2	2	1	1	589	38.8	0.0	0.1333	0	0
hadur2.Hadur 3.9	dmh.robocode.robot.GreenDragon 1.0	weak		2	3	1	1	469	52.0	0.0	0.2381	0	0
hadur2.Hadur 3.9	dmh.robocode.robot.GreenDragon 1.0	weak		2	4	1	1	352	74.0	0.0	0.3636	0	0
hadur2.Hadur 3.9	dmh.robocode.robot.GreenDragon 1.0	weak		2	5	1	1	381	64.0	0.0	0.2308	0	0
hadur2.Hadur 3.9	dmh.robocode.robot.GreenDragon 1.0	weak		2	6	1	1	419	66.0	0.0	0.2667	0	0
hadur2.Hadur 3.9	dmh.robocode.robot.GreenDragon 1.0	weak		2	7	1	1	470	53.7	0.0	0.1579	0	0
hadur2.Hadur 3.9	dmh.robocode.robot.GreenDragon 1.0	weak		2	8	1	1	480	55.5	10.0	0.1579	0	0
hadur2.Hadur 3.9	dmh.robocode.robot.GreenDragon 1.0	weak		2	9	1	1	590	46.0	20.0	0.1071	0	0
hadur2.Hadur 3.9	dmh.robocode.robot.GreenDragon 1.0	weak		2	10	1	1	520	52.4	30.0	0.2000	0	0
hadur2.Hadur 3.9	dmh.robocode.robot.GreenDragon 1.0	weak		2	11	1	1	465	43.3	20.0	0.2000	0	0
hadur2.Hadur 3.9	dmh.robocode.robot.GreenDragon 1.0	weak		2	12	1	1	387	67.0	10.0	0.3571	0	0
hadur2.Hadur 3.9	dmh.robocode.robot.GreenDragon 1.0	weak		2	13	1	1	565	54.0	20.0	0.1200	0	0
hadur2.Hadur 3.9	dmh.robocode.robot.GreenDragon 1.0	weak		2	14	1	1	527	57.4	20.0	0.1364	0	0
hadur2.Hadur 3.9	dmh.robocode.robot.GreenDragon 1.0	weak		2	15	1	1	405	68.0	0.0	0.2667	0	0
hadur2.Hadur 3.9	dmh.robocode.robot.GreenDragon 1.0	weak		2	16	1	1	486	74.0	30.0	0.2500	0	0
hadur2.Hadur 3.9	dmh.robocode.robot.GreenDragon 1.0	weak		2	17	1	1	631	46.0	20.0	0.1000	0	0
hadur2.Hadur 3.9	dmh.robocode.robot.GreenDragon 1.0	weak		2	18	1	1	813	30.2	50.0	0.1800	0	0
hadur2.Hadur 3.9	dmh.robocode.robot.GreenDragon 1.0	weak		2	19	1	1	671	42.5	30.0	0.1667	0	0
hadur2.Hadur 3.9	dmh.robocode.robot.GreenDragon 1.0	weak		2	20	1	1	387	70.0	0.0	0.3077	0	0
hadur2.Hadur 3.9	dmh.robocode.robot.GreenDragon 1.0	weak		2	21	1	1	513	55.1	10.0	0.1429	0	0
hadur2.Hadur 3.9	dmh.robocode.robot.GreenDragon 1.0	weak		2	22	1	1	543	66.0	30.0	0.1667	0	0
hadur2.Hadur 3.9	dmh.robocode.robot.GreenDragon 1.0	weak		2	23	1	1	584	33.0	0.0	0.0741	0	0
hadur2.Hadur 3.9	dmh.robocode.robot.GreenDragon 1.0	weak		2	24	1	1	569	58.2	20.0	0.2069	0	0
hadur2.Hadur 3.9	dmh.robocode.robot.GreenDragon 1.0	weak		2	25	1	1	565	56.0	20.0	0.1786	0	0
hadur2.Hadur 3.9	dmh.robocode.robot.GreenDragon 1.0	weak		2	26	1	1	528	59.0	20.0	0.1600	0	0
hadur2.Hadur 3.9	dmh.robocode.robot.GreenDragon 1.0	weak		2	27	1	1	655	38.8	10.0	0.1212	0	0
hadur2.Hadur 3.9	dmh.robocode.robot.GreenDragon 1.0	weak		2	28	1	1	445	59.0	0.0	0.2222	0	0
hadur2.Hadur 3.9	dmh.robocode.robot.GreenDragon 1.0	weak		2	29	1	1	466	58.0	0.0	0.2105	0	0
hadur2.Hadur 3.9	dmh.robocode.robot.GreenDragon 1.0	weak		2	30	1	1	636	46.6	20.0	0.1667	0	0
hadur2.Hadur 3.9	dmh.robocode.robot.GreenDragon 1.0	weak		2	31	1	1	533	48.0	0.0	0.1250	0	0
hadur2.Hadur 3.9	dmh.robocode.robot.GreenDragon 1.0	weak		2	32	1	1	464	60.4	10.0	0.3000	0	0
hadur2.Hadur 3.9	dmh.robocode.robot.GreenDragon 1.0	weak		2	33	1	1	576	53.2	19.6	0.1852	0	0
hadur2.Hadur 3.9	dmh.robocode.robot.GreenDragon 1.0	weak		2	34	1	1	491	48.0	10.0	0.1000	0	5
hadur2.Hadur 3.9	dmh.robocode.robot.GreenDragon 1.0	weak		3	0	1	1	704	33.0	50.0	0.1250	0	3
hadur2.Hadur 3.9	dmh.robocode.robot.GreenDragon 1.0	weak		3	1	1	1	587	51.0	20.0	0.1667	0	0
hadur2.Hadur 3.9	dmh.robocode.robot.GreenDragon 1.0	weak		3	2	1	1	577	29.1	0.0	0.1071	0	0
hadur2.Hadur 3.9	dmh.robocode.robot.GreenDragon 1.0	weak		3	3	1	1	690	19.4	20.0	0.0526	0	1
hadur2.Hadur 3.9	dmh.robocode.robot.GreenDragon 1.0	weak		3	4	1	1	541	48.5	10.0	0.1852	0	0
hadur2.Hadur 3.9	dmh.robocode.robot.GreenDragon 1.0	weak		3	5	1	1	589	48.2	20.0	0.1333	0	0
hadur2.Hadur 3.9	dmh.robocode.robot.GreenDragon 1.0	weak		3	6	1	1	687	38.8	30.0	0.1081	0	0
hadur2.Hadur 3.9	dmh.robocode.robot.GreenDragon 1.0	weak		3	7	1	1	508	40.9	0.0	0.1667	0	0
hadur2.Hadur 3.9	dmh.robocode.robot.GreenDragon 1.0	weak		3	8	1	1	591	38.8	10.0	0.1333	0	0
hadur2.Hadur 3.9	dmh.robocode.robot.GreenDragon 1.0	weak		3	9	1	1	730	16.3	10.0	0.0488	0	0
hadur2.Hadur 3.9	dmh.robocode.robot.GreenDragon 1.0	weak		3	10	1	1	459	54.0	0.0	0.2500	0	0
hadur2.Hadur 3.9	dmh.robocode.robot.GreenDragon 1.0	weak		3	11	1	1	480	48.5	10.0	0.2273	0	0
hadur2.Hadur 3.9	dmh.robocode.robot.GreenDragon 1.0	weak		3	12	1	1	587	19.5	0.0	0.0667	0	0
hadur2.Hadur 3.9	dmh.robocode.robot.GreenDragon 1.0	weak		3	13	1	1	479	74.1	40.0	0.2500	0	0
hadur2.Hadur 3.9	dmh.robocode.robot.GreenDragon 1.0	weak		3	14	1	1	473	67.0	20.0	0.2500	0	0
hadur2.Hadur 3.9	dmh.robocode.robot.GreenDragon 1.0	weak		3	15	1	1	427	64.0	10.0	0.3125	0	0
hadur2.Hadur 3.9	dmh.robocode.robot.GreenDragon 1.0	weak		3	16	1	1	568	56.0	20.0	0.1200	0	0
hadur2.Hadur 3.9	dmh.robocode.robot.GreenDragon 1.0	weak		3	17	1	1	466	47.0	0.0	0.1111	0	0
hadur2.Hadur 3.9	dmh.robocode.robot.GreenDragon 1.0	weak		3	18	1	1	575	42.0	0.0	0.1111	0	0
hadur2.Hadur 3.9	dmh.robocode.robot.GreenDragon 1.0	weak		3	19	1	1	632	38.8	10.0	0.1212	0	0
hadur2.Hadur 3.9	dmh.robocode.robot.GreenDragon 1.0	weak		3	20	1	1	428	67.9	0.0	0.3684	0	0
hadur2.Hadur 3.9	dmh.robocode.robot.GreenDragon 1.0	weak		3	21	1	1	551	51.4	10.0	0.1538	0	0
hadur2.Hadur 3.9	dmh.robocode.robot.GreenDragon 1.0	weak		3	22	1	1	530	41.1	0.0	0.0909	0	0
hadur2.Hadur 3.9	dmh.robocode.robot.GreenDragon 1.0	weak		3	23	1	1	531	68.0	28.0	0.2400	0	0
hadur2.Hadur 3.9	dmh.robocode.robot.GreenDragon 1.0	weak		3	24	1	1	528	51.6	10.0	0.1667	0	0
hadur2.Hadur 3.9	dmh.robocode.robot.GreenDragon 1.0	weak		3	25	1	1	500	48.0	0.0	0.1429	0	0
hadur2.Hadur 3.9	dmh.robocode.robot.GreenDragon 1.0	weak		3	26	1	1	382	73.0	10.0	0.3077	0	0
hadur2.Hadur 3.9	dmh.robocode.robot.GreenDragon 1.0	weak		3	27	1	1	613	48.0	10.0	0.1034	0	0
hadur2.Hadur 3.9	dmh.robocode.robot.GreenDragon 1.0	weak		3	28	1	1	452	54.0	0.0	0.2105	0	0
hadur2.Hadur 3.9	dmh.robocode.robot.GreenDragon 1.0	weak		3	29	1	1	490	59.5	10.0	0.1905	0	0
hadur2.Hadur 3.9	dmh.robocode.robot.GreenDragon 1.0	weak		3	30	1	1	532	48.0	10.0	0.1304	0	1
hadur2.Hadur 3.9	dmh.robocode.robot.GreenDragon 1.0	weak		3	31	1	1	587	40.6	0.0	0.1111	0	0
hadur2.Hadur 3.9	dmh.robocode.robot.GreenDragon 1.0	weak		3	32	1	1	490	48.5	10.0	0.2174	0	0
hadur2.Hadur 3.9	dmh.robocode.robot.GreenDragon 1.0	weak		3	33	1	1	392	74.0	10.0	0.4000	0	0
hadur2.Hadur 3.9	dmh.robocode.robot.GreenDragon 1.0	weak		3	34	1	1	675	18.9	0.0	0.0588	0	7
hadur2.Hadur 3.9	dmh.robocode.robot.GreenDragon 1.0	weak		4	0	0	0	352	0.0	74.6	0.0000	0	1
hadur2.Hadur 3.9	dmh.robocode.robot.GreenDragon 1.0	weak		4	1	1	1	685	38.8	20.0	0.1081	0	5
hadur2.Hadur 3.9	dmh.robocode.robot.GreenDragon 1.0	weak		4	2	1	1	528	50.0	20.0	0.2000	0	0
hadur2.Hadur 3.9	dmh.robocode.robot.GreenDragon 1.0	weak		4	3	1	1	630	36.5	30.0	0.1212	0	0
hadur2.Hadur 3.9	dmh.robocode.robot.GreenDragon 1.0	weak		4	4	1	1	608	39.6	10.0	0.1875	0	0
hadur2.Hadur 3.9	dmh.robocode.robot.GreenDragon 1.0	weak		4	5	1	1	649	35.4	39.0	0.0882	0	0
hadur2.Hadur 3.9	dmh.robocode.robot.GreenDragon 1.0	weak		4	6	1	1	542	57.0	20.0	0.1923	0	0
hadur2.Hadur 3.9	dmh.robocode.robot.GreenDragon 1.0	weak		4	7	1	1	625	43.2	20.0	0.1212	0	0
hadur2.Hadur 3.9	dmh.robocode.robot.GreenDragon 1.0	weak		4	8	1	1	535	70.8	30.0	0.2400	0	0
hadur2.Hadur 3.9	dmh.robocode.robot.GreenDragon 1.0	weak		4	9	1	1	679	37.2	29.6	0.1143	0	1
hadur2.Hadur 3.9	dmh.robocode.robot.GreenDragon 1.0	weak		4	10	1	1	557	47.9	20.0	0.1481	0	0
hadur2.Hadur 3.9	dmh.robocode.robot.GreenDragon 1.0	weak		4	11	1	1	575	48.5	10.0	0.1667	0	0
hadur2.Hadur 3.9	dmh.robocode.robot.GreenDragon 1.0	weak		4	12	1	1	583	57.0	30.0	0.1786	0	0
hadur2.Hadur 3.9	dmh.robocode.robot.GreenDragon 1.0	weak		4	13	1	1	542	48.0	0.0	0.1250	0	0
hadur2.Hadur 3.9	dmh.robocode.robot.GreenDragon 1.0	weak		4	14	1	1	737	24.1	30.0	0.0952	0	0
hadur2.Hadur 3.9	dmh.robocode.robot.GreenDragon 1.0	weak		4	15	1	1	601	38.8	0.0	0.1290	0	0
hadur2.Hadur 3.9	dmh.robocode.robot.GreenDragon 1.0	weak		4	16	1	1	601	50.0	30.0	0.1613	0	0
hadur2.Hadur 3.9	dmh.robocode.robot.GreenDragon 1.0	weak		4	17	1	1	507	46.5	10.0	0.1667	0	0
hadur2.Hadur 3.9	dmh.robocode.robot.GreenDragon 1.0	weak		4	18	1	1	408	64.1	10.0	0.2667	0	0
hadur2.Hadur 3.9	dmh.robocode.robot.GreenDragon 1.0	weak		4	19	1	1	637	41.7	20.0	0.0968	0	0
hadur2.Hadur 3.9	dmh.robocode.robot.GreenDragon 1.0	weak		4	20	1	1	473	58.0	10.0	0.2000	0	0
hadur2.Hadur 3.9	dmh.robocode.robot.GreenDragon 1.0	weak		4	21	1	1	609	41.7	20.0	0.1000	0	0
hadur2.Hadur 3.9	dmh.robocode.robot.GreenDragon 1.0	weak		4	22	1	1	440	65.0	10.0	0.2778	0	0
hadur2.Hadur 3.9	dmh.robocode.robot.GreenDragon 1.0	weak		4	23	1	1	639	41.7	20.0	0.0938	0	0
hadur2.Hadur 3.9	dmh.robocode.robot.GreenDragon 1.0	weak		4	24	1	1	497	48.5	10.0	0.2174	0	0
hadur2.Hadur 3.9	dmh.robocode.robot.GreenDragon 1.0	weak		4	25	1	1	585	41.3	10.0	0.1071	0	0
hadur2.Hadur 3.9	dmh.robocode.robot.GreenDragon 1.0	weak		4	26	1	1	534	39.2	10.0	0.1538	0	0
hadur2.Hadur 3.9	dmh.robocode.robot.GreenDragon 1.0	weak		4	27	1	1	534	54.6	20.0	0.1923	0	0
hadur2.Hadur 3.9	dmh.robocode.robot.GreenDragon 1.0	weak		4	28	1	1	568	54.8	30.0	0.1852	0	0
hadur2.Hadur 3.9	dmh.robocode.robot.GreenDragon 1.0	weak		4	29	1	1	541	41.7	10.0	0.1250	0	0
hadur2.Hadur 3.9	dmh.robocode.robot.GreenDragon 1.0	weak		4	30	1	1	564	35.1	0.0	0.1111	0	0
hadur2.Hadur 3.9	dmh.robocode.robot.GreenDragon 1.0	weak		4	31	1	1	564	44.1	20.0	0.1429	0	0
hadur2.Hadur 3.9	dmh.robocode.robot.GreenDragon 1.0	weak		4	32	1	1	414	65.7	0.0	0.3529	0	0
hadur2.Hadur 3.9	dmh.robocode.robot.GreenDragon 1.0	weak		4	33	1	1	509	52.1	20.0	0.1429	0	0
hadur2.Hadur 3.9	dmh.robocode.robot.GreenDragon 1.0	weak		4	34	1	1	652	29.3	0.0	0.0938	0	5
hadur2.Hadur 3.9	dsw.StaticD 1.0	weak		1	0	1	1	523	74.6	7.4	0.2800	0	7
hadur2.Hadur 3.9	dsw.StaticD 1.0	weak		1	1	1	1	494	74.2	0.0	0.3043	0	0
hadur2.Hadur 3.9	dsw.StaticD 1.0	weak		1	2	1	1	503	76.0	4.3	0.3043	0	0
hadur2.Hadur 3.9	dsw.StaticD 1.0	weak		1	3	1	1	489	72.7	2.8	0.2000	0	0
hadur2.Hadur 3.9	dsw.StaticD 1.0	weak		1	4	1	1	446	87.9	11.2	0.2941	0	0
hadur2.Hadur 3.9	dsw.StaticD 1.0	weak		1	5	1	1	588	66.4	0.0	0.1481	0	0
hadur2.Hadur 3.9	dsw.StaticD 1.0	weak		1	6	1	1	395	75.6	0.0	0.2857	0	0
hadur2.Hadur 3.9	dsw.StaticD 1.0	weak		1	7	1	1	428	81.6	0.0	0.3125	0	0
hadur2.Hadur 3.9	dsw.StaticD 1.0	weak		1	8	1	1	400	83.7	0.0	0.3333	0	0
hadur2.Hadur 3.9	dsw.StaticD 1.0	weak		1	9	1	1	423	69.3	0.0	0.2500	0	0
hadur2.Hadur 3.9	dsw.StaticD 1.0	weak		1	10	1	1	453	80.7	4.5	0.2778	0	0
hadur2.Hadur 3.9	dsw.StaticD 1.0	weak		1	11	1	1	521	80.0	0.0	0.2174	0	0
hadur2.Hadur 3.9	dsw.StaticD 1.0	weak		1	12	1	1	499	73.6	0.0	0.1905	0	0
hadur2.Hadur 3.9	dsw.StaticD 1.0	weak		1	13	1	1	482	72.2	0.0	0.2105	0	0
hadur2.Hadur 3.9	dsw.StaticD 1.0	weak		1	14	1	1	398	80.0	0.0	0.3333	0	0
hadur2.Hadur 3.9	dsw.StaticD 1.0	weak		1	15	1	1	361	80.0	0.0	0.4167	0	0
hadur2.Hadur 3.9	dsw.StaticD 1.0	weak		1	16	1	1	458	75.5	0.0	0.2222	0	0
hadur2.Hadur 3.9	dsw.StaticD 1.0	weak		1	17	1	1	356	83.5	0.0	0.4545	0	0
hadur2.Hadur 3.9	dsw.StaticD 1.0	weak		1	18	1	1	556	69.5	0.0	0.1667	0	0
hadur2.Hadur 3.9	dsw.StaticD 1.0	weak		1	19	1	1	363	83.9	0.0	0.4167	0	0
hadur2.Hadur 3.9	dsw.StaticD 1.0	weak		1	20	1	1	562	65.8	0.0	0.1600	0	0
hadur2.Hadur 3.9	dsw.StaticD 1.0	weak		1	21	1	1	342	86.3	0.0	0.4545	0	0
hadur2.Hadur 3.9	dsw.StaticD 1.0	weak		1	22	1	1	423	80.0	0.0	0.3125	0	0
hadur2.Hadur 3.9	dsw.StaticD 1.0	weak		1	23	1	1	421	77.2	0.0	0.2667	0	0
hadur2.Hadur 3.9	dsw.StaticD 1.0	weak		1	24	1	1	413	82.5	0.0	0.3333	0	0
hadur2.Hadur 3.9	dsw.StaticD 1.0	weak		1	25	1	1	555	68.1	0.0	0.1600	0	0
hadur2.Hadur 3.9	dsw.StaticD 1.0	weak		1	26	1	1	508	68.8	0.0	0.1905	0	0
hadur2.Hadur 3.9	dsw.StaticD 1.0	weak		1	27	1	1	375	83.6	0.0	0.3846	0	0
hadur2.Hadur 3.9	dsw.StaticD 1.0	weak		1	28	1	1	381	80.0	0.0	0.3571	0	0
hadur2.Hadur 3.9	dsw.StaticD 1.0	weak		1	29	1	1	421	77.0	0.0	0.2667	0	0
hadur2.Hadur 3.9	dsw.StaticD 1.0	weak		1	30	1	1	566	66.7	0.0	0.1600	0	0
hadur2.Hadur 3.9	dsw.StaticD 1.0	weak		1	31	1	1	343	83.6	0.0	0.4545	0	0
hadur2.Hadur 3.9	dsw.StaticD 1.0	weak		1	32	1	1	454	80.0	0.0	0.2778	0	0
hadur2.Hadur 3.9	dsw.StaticD 1.0	weak		1	33	1	1	407	79.2	0.0	0.2667	0	0
hadur2.Hadur 3.9	dsw.StaticD 1.0	weak		1	34	1	1	432	71.8	0.0	0.2500	0	7
hadur2.Hadur 3.9	dsw.StaticD 1.0	weak		2	0	1	1	607	71.7	15.8	0.3636	298	7
hadur2.Hadur 3.9	dsw.StaticD 1.0	weak		2	1	1	1	763	62.9	5.3	0.1429	0	0
hadur2.Hadur 3.9	dsw.StaticD 1.0	weak		2	2	1	1	505	76.1	0.0	0.1905	0	0
hadur2.Hadur 3.9	dsw.StaticD 1.0	weak		2	3	1	1	414	82.5	0.0	0.3333	0	0
hadur2.Hadur 3.9	dsw.StaticD 1.0	weak		2	4	1	1	424	80.0	0.7	0.3125	0	0
hadur2.Hadur 3.9	dsw.StaticD 1.0	weak		2	5	1	1	579	60.7	0.0	0.1200	0	0
hadur2.Hadur 3.9	dsw.StaticD 1.0	weak		2	6	1	1	432	79.2	0.0	0.2500	0	0
hadur2.Hadur 3.9	dsw.StaticD 1.0	weak		2	7	1	1	548	61.4	6.6	0.1304	0	0
hadur2.Hadur 3.9	dsw.StaticD 1.0	weak		2	8	1	1	420	80.0	0.0	0.3125	0	0
hadur2.Hadur 3.9	dsw.StaticD 1.0	weak		2	9	1	1	577	66.5	12.7	0.1538	0	0
hadur2.Hadur 3.9	dsw.StaticD 1.0	weak		2	10	1	1	405	83.9	4.0	0.3571	0	0
hadur2.Hadur 3.9	dsw.StaticD 1.0	weak		2	11	1	1	409	80.4	3.5	0.3750	0	0
hadur2.Hadur 3.9	dsw.StaticD 1.0	weak		2	12	1	1	545	79.7	6.5	0.1739	0	0
hadur2.Hadur 3.9	dsw.StaticD 1.0	weak		2	13	1	1	385	78.9	0.0	0.3077	0	0
hadur2.Hadur 3.9	dsw.StaticD 1.0	weak		2	14	1	1	369	78.9	0.0	0.3333	0	0
hadur2.Hadur 3.9	dsw.StaticD 1.0	weak		2	15	1	1	543	70.9	0.0	0.1739	0	0
hadur2.Hadur 3.9	dsw.StaticD 1.0	weak		2	16	1	1	456	80.0	0.0	0.2778	0	0
hadur2.Hadur 3.9	dsw.StaticD 1.0	weak		2	17	1	1	540	70.0	0.0	0.1739	0	0
hadur2.Hadur 3.9	dsw.StaticD 1.0	weak		2	18	1	1	524	66.8	0.0	0.1818	0	1
hadur2.Hadur 3.9	dsw.StaticD 1.0	weak		2	19	1	1	350	85.3	0.0	0.4545	0	0
hadur2.Hadur 3.9	dsw.StaticD 1.0	weak		2	20	1	1	419	75.3	0.0	0.2667	0	0
hadur2.Hadur 3.9	dsw.StaticD 1.0	weak		2	21	1	1	525	80.0	0.0	0.2083	0	0
hadur2.Hadur 3.9	dsw.StaticD 1.0	weak		2	22	1	1	439	78.9	0.0	0.2353	0	0
hadur2.Hadur 3.9	dsw.StaticD 1.0	weak		2	23	1	1	516	76.7	3.4	0.1905	0	0
hadur2.Hadur 3.9	dsw.StaticD 1.0	weak		2	24	1	1	413	83.1	5.7	0.3125	0	0
hadur2.Hadur 3.9	dsw.StaticD 1.0	weak		2	25	1	1	429	79.0	0.0	0.2500	0	0
hadur2.Hadur 3.9	dsw.StaticD 1.0	weak		2	26	1	1	397	83.6	0.0	0.3571	0	0
hadur2.Hadur 3.9	dsw.StaticD 1.0	weak		2	27	1	1	457	78.4	0.0	0.2222	0	0
hadur2.Hadur 3.9	dsw.StaticD 1.0	weak		2	28	1	1	516	72.6	4.9	0.1818	0	0
hadur2.Hadur 3.9	dsw.StaticD 1.0	weak		2	29	1	1	487	69.8	0.0	0.2000	0	0
hadur2.Hadur 3.9	dsw.StaticD 1.0	weak		2	30	1	1	423	81.7	0.0	0.3125	0	0
hadur2.Hadur 3.9	dsw.StaticD 1.0	weak		2	31	1	1	371	85.1	0.0	0.3846	0	0
hadur2.Hadur 3.9	dsw.StaticD 1.0	weak		2	32	1	1	388	82.6	0.0	0.3571	0	0
hadur2.Hadur 3.9	dsw.StaticD 1.0	weak		2	33	1	1	484	75.0	0.0	0.2105	0	0
hadur2.Hadur 3.9	dsw.StaticD 1.0	weak		2	34	1	1	428	80.0	0.0	0.2941	0	4
hadur2.Hadur 3.9	dsw.StaticD 1.0	weak		3	0	1	1	525	84.2	13.5	0.3200	0	3
hadur2.Hadur 3.9	dsw.StaticD 1.0	weak		3	1	1	1	439	85.2	7.8	0.4211	0	0
hadur2.Hadur 3.9	dsw.StaticD 1.0	weak		3	2	1	1	513	64.3	0.0	0.2500	0	0
hadur2.Hadur 3.9	dsw.StaticD 1.0	weak		3	3	1	1	541	73.7	11.7	0.2000	0	1
hadur2.Hadur 3.9	dsw.StaticD 1.0	weak		3	4	1	1	367	84.0	0.0	0.4167	0	0
hadur2.Hadur 3.9	dsw.StaticD 1.0	weak		3	5	1	1	482	78.4	0.0	0.2105	0	0
hadur2.Hadur 3.9	dsw.StaticD 1.0	weak		3	6	1	1	381	83.3	0.0	0.3571	0	0
hadur2.Hadur 3.9	dsw.StaticD 1.0	weak		3	7	1	1	390	78.5	0.0	0.2857	0	0
hadur2.Hadur 3.9	dsw.StaticD 1.0	weak		3	8	1	1	374	84.1	0.0	0.3846	0	0
hadur2.Hadur 3.9	dsw.StaticD 1.0	weak		3	9	1	1	375	79.8	0.0	0.3077	0	0
hadur2.Hadur 3.9	dsw.StaticD 1.0	weak		3	10	1	1	358	86.5	4.2	0.4167	0	0
hadur2.Hadur 3.9	dsw.StaticD 1.0	weak		3	11	1	1	329	87.8	0.0	0.5000	0	0
hadur2.Hadur 3.9	dsw.StaticD 1.0	weak		3	12	1	1	520	65.8	0.0	0.1739	0	0
hadur2.Hadur 3.9	dsw.StaticD 1.0	weak		3	13	1	1	412	82.2	0.0	0.3333	0	0
hadur2.Hadur 3.9	dsw.StaticD 1.0	weak		3	14	1	1	452	80.0	0.6	0.2778	0	0
hadur2.Hadur 3.9	dsw.StaticD 1.0	weak		3	15	1	1	483	64.0	4.0	0.2000	0	0
hadur2.Hadur 3.9	dsw.StaticD 1.0	weak		3	16	1	1	292	88.9	0.0	0.7143	0	0
hadur2.Hadur 3.9	dsw.StaticD 1.0	weak		3	17	1	1	586	72.9	9.6	0.1538	0	0
hadur2.Hadur 3.9	dsw.StaticD 1.0	weak		3	18	1	1	724	58.3	4.6	0.1429	0	0
hadur2.Hadur 3.9	dsw.StaticD 1.0	weak		3	19	1	1	402	82.6	5.2	0.3333	0	0
hadur2.Hadur 3.9	dsw.StaticD 1.0	weak		3	20	1	1	352	82.4	0.0	0.4545	0	0
hadur2.Hadur 3.9	dsw.StaticD 1.0	weak		3	21	1	1	513	80.0	7.8	0.2273	0	0
hadur2.Hadur 3.9	dsw.StaticD 1.0	weak		3	22	1	1	404	82.7	0.0	0.3333	0	0
hadur2.Hadur 3.9	dsw.StaticD 1.0	weak		3	23	1	1	418	80.0	0.0	0.3125	0	0
hadur2.Hadur 3.9	dsw.StaticD 1.0	weak		3	24	1	1	395	81.7	0.0	0.3571	0	0
hadur2.Hadur 3.9	dsw.StaticD 1.0	weak		3	25	1	1	573	72.2	4.2	0.1600	0	0
hadur2.Hadur 3.9	dsw.StaticD 1.0	weak		3	26	1	1	459	79.2	0.0	0.2222	0	0
hadur2.Hadur 3.9	dsw.StaticD 1.0	weak		3	27	1	1	340	83.6	0.0	0.4545	0	0
hadur2.Hadur 3.9	dsw.StaticD 1.0	weak		3	28	1	1	332	88.5	0.0	0.5000	0	0
hadur2.Hadur 3.9	dsw.StaticD 1.0	weak		3	29	1	1	502	75.1	0.0	0.1905	0	0
hadur2.Hadur 3.9	dsw.StaticD 1.0	weak		3	30	1	1	495	73.8	3.8	0.2381	0	0
hadur2.Hadur 3.9	dsw.StaticD 1.0	weak		3	31	1	1	528	64.7	0.0	0.1739	0	0
hadur2.Hadur 3.9	dsw.StaticD 1.0	weak		3	32	1	1	341	84.7	0.0	0.5000	0	0
hadur2.Hadur 3.9	dsw.StaticD 1.0	weak		3	33	1	1	378	82.2	0.0	0.3846	0	0
hadur2.Hadur 3.9	dsw.StaticD 1.0	weak		3	34	1	1	425	80.0	0.0	0.3125	0	5
hadur2.Hadur 3.9	dsw.StaticD 1.0	weak		4	0	1	1	521	77.6	0.0	0.3200	0	5
hadur2.Hadur 3.9	dsw.StaticD 1.0	weak		4	1	1	1	751	67.4	18.8	0.1667	0	0
hadur2.Hadur 3.9	dsw.StaticD 1.0	weak		4	2	1	1	393	82.1	0.0	0.3571	0	0
hadur2.Hadur 3.9	dsw.StaticD 1.0	weak		4	3	1	1	354	81.2	0.0	0.4167	0	0
hadur2.Hadur 3.9	dsw.StaticD 1.0	weak		4	4	1	1	429	81.4	0.0	0.3125	0	0
hadur2.Hadur 3.9	dsw.StaticD 1.0	weak		4	5	1	1	389	79.3	0.0	0.3077	0	0
hadur2.Hadur 3.9	dsw.StaticD 1.0	weak		4	6	1	1	394	81.5	0.0	0.3571	0	0
hadur2.Hadur 3.9	dsw.StaticD 1.0	weak		4	7	1	1	384	78.9	0.0	0.3077	0	0
hadur2.Hadur 3.9	dsw.StaticD 1.0	weak		4	8	1	1	433	80.4	3.5	0.3529	0	0
hadur2.Hadur 3.9	dsw.StaticD 1.0	weak		4	9	1	1	491	76.6	0.0	0.2000	0	0
hadur2.Hadur 3.9	dsw.StaticD 1.0	weak		4	10	1	1	324	86.9	0.0	0.5000	0	0
hadur2.Hadur 3.9	dsw.StaticD 1.0	weak		4	11	1	1	445	79.9	0.0	0.2353	0	0
hadur2.Hadur 3.9	dsw.StaticD 1.0	weak		4	12	1	1	435	73.6	0.0	0.2500	0	0
hadur2.Hadur 3.9	dsw.StaticD 1.0	weak		4	13	1	1	351	86.2	0.0	0.4545	0	0
hadur2.Hadur 3.9	dsw.StaticD 1.0	weak		4	14	1	1	383	77.1	0.0	0.3077	0	0
hadur2.Hadur 3.9	dsw.StaticD 1.0	weak		4	15	1	1	412	80.5	0.0	0.3333	0	0
hadur2.Hadur 3.9	dsw.StaticD 1.0	weak		4	16	1	1	546	70.9	0.0	0.1667	0	0
hadur2.Hadur 3.9	dsw.StaticD 1.0	weak		4	17	1	1	458	76.6	0.0	0.2222	0	0
hadur2.Hadur 3.9	dsw.StaticD 1.0	weak		4	18	1	1	411	78.6	0.0	0.2667	0	0
hadur2.Hadur 3.9	dsw.StaticD 1.0	weak		4	19	1	1	425	80.4	0.0	0.3125	0	0
hadur2.Hadur 3.9	dsw.StaticD 1.0	weak		4	20	1	1	430	81.4	0.0	0.2941	0	0
hadur2.Hadur 3.9	dsw.StaticD 1.0	weak		4	21	1	1	406	83.1	4.2	0.3333	0	0
hadur2.Hadur 3.9	dsw.StaticD 1.0	weak		4	22	1	1	424	80.0	3.4	0.3125	0	0
hadur2.Hadur 3.9	dsw.StaticD 1.0	weak		4	23	1	1	413	75.4	0.0	0.2667	0	0
hadur2.Hadur 3.9	dsw.StaticD 1.0	weak		4	24	1	1	496	80.0	2.0	0.2381	0	0
hadur2.Hadur 3.9	dsw.StaticD 1.0	weak		4	25	1	1	413	81.3	0.0	0.3333	0	0
hadur2.Hadur 3.9	dsw.StaticD 1.0	weak		4	26	1	1	379	77.2	0.0	0.3077	0	0
hadur2.Hadur 3.9	dsw.StaticD 1.0	weak		4	27	1	1	375	84.3	0.0	0.3846	0	0
hadur2.Hadur 3.9	dsw.StaticD 1.0	weak		4	28	1	1	469	81.0	3.6	0.2632	0	0
hadur2.Hadur 3.9	dsw.StaticD 1.0	weak		4	29	1	1	478	80.0	1.5	0.2500	0	0
hadur2.Hadur 3.9	dsw.StaticD 1.0	weak		4	30	1	1	487	67.2	0.0	0.2000	0	0
hadur2.Hadur 3.9	dsw.StaticD 1.0	weak		4	31	1	1	404	81.3	0.0	0.3333	0	0
hadur2.Hadur 3.9	dsw.StaticD 1.0	weak		4	32	1	1	392	86.2	3.4	0.3571	0	0
hadur2.Hadur 3.9	dsw.StaticD 1.0	weak		4	33	1	1	395	79.8	5.3	0.2857	0	0
hadur2.Hadur 3.9	dsw.StaticD 1.0	weak		4	34	1	1	444	77.5	0.0	0.2353	0	4
hadur2.Hadur 3.9	ers.nano.lig.LigMA 1.9	weak		1	0	1	1	416	68.5	20.0	0.4118	0	5
hadur2.Hadur 3.9	ers.nano.lig.LigMA 1.9	weak		1	1	1	1	504	82.0	50.0	0.3333	0	0
hadur2.Hadur 3.9	ers.nano.lig.LigMA 1.9	weak		1	2	1	1	365	63.0	0.0	0.4286	0	0
hadur2.Hadur 3.9	ers.nano.lig.LigMA 1.9	weak		1	3	1	1	359	69.5	10.0	0.5385	0	0
hadur2.Hadur 3.9	ers.nano.lig.LigMA 1.9	weak		1	4	1	1	344	73.0	10.0	0.3636	0	0
hadur2.Hadur 3.9	ers.nano.lig.LigMA 1.9	weak		1	5	1	1	301	82.0	0.0	0.6250	0	0
hadur2.Hadur 3.9	ers.nano.lig.LigMA 1.9	weak		1	6	0	0	483	25.7	59.9	0.1000	0	0
hadur2.Hadur 3.9	ers.nano.lig.LigMA 1.9	weak		1	7	0	0	688	45.1	34.1	0.0909	0	0
hadur2.Hadur 3.9	ers.nano.lig.LigMA 1.9	weak		1	8	1	1	706	24.0	0.0	0.0833	0	0
hadur2.Hadur 3.9	ers.nano.lig.LigMA 1.9	weak		1	9	1	1	599	68.0	20.0	0.2121	0	0
hadur2.Hadur 3.9	ers.nano.lig.LigMA 1.9	weak		1	10	1	1	525	47.5	10.0	0.1600	0	0
hadur2.Hadur 3.9	ers.nano.lig.LigMA 1.9	weak		1	11	1	1	607	47.0	10.0	0.1667	0	0
hadur2.Hadur 3.9	ers.nano.lig.LigMA 1.9	weak		1	12	1	1	642	46.0	20.0	0.1250	0	0
hadur2.Hadur 3.9	ers.nano.lig.LigMA 1.9	weak		1	13	1	1	547	50.0	0.0	0.1786	0	0
hadur2.Hadur 3.9	ers.nano.lig.LigMA 1.9	weak		1	14	1	1	491	54.0	10.0	0.2273	0	0
hadur2.Hadur 3.9	ers.nano.lig.LigMA 1.9	weak		1	15	1	1	484	59.0	10.0	0.2000	0	0
hadur2.Hadur 3.9	ers.nano.lig.LigMA 1.9	weak		1	16	1	1	616	36.0	20.0	0.1034	0	0
hadur2.Hadur 3.9	ers.nano.lig.LigMA 1.9	weak		1	17	1	1	392	68.0	0.0	0.3333	0	0
hadur2.Hadur 3.9	ers.nano.lig.LigMA 1.9	weak		1	18	1	1	483	62.0	20.0	0.2000	0	0
hadur2.Hadur 3.9	ers.nano.lig.LigMA 1.9	weak		1	19	1	1	670	37.5	20.0	0.0938	0	0
hadur2.Hadur 3.9	ers.nano.lig.LigMA 1.9	weak		1	20	1	1	568	47.0	10.0	0.1429	0	0
hadur2.Hadur 3.9	ers.nano.lig.LigMA 1.9	weak		1	21	1	1	518	67.5	30.0	0.2800	0	0
hadur2.Hadur 3.9	ers.nano.lig.LigMA 1.9	weak		1	22	1	1	565	46.0	0.0	0.1481	0	0
hadur2.Hadur 3.9	ers.nano.lig.LigMA 1.9	weak		1	23	1	1	360	74.0	0.0	0.3333	0	0
hadur2.Hadur 3.9	ers.nano.lig.LigMA 1.9	weak		1	24	1	1	496	51.0	0.0	0.1500	0	0
hadur2.Hadur 3.9	ers.nano.lig.LigMA 1.9	weak		1	25	1	1	577	39.5	10.0	0.1481	0	0
hadur2.Hadur 3.9	ers.nano.lig.LigMA 1.9	weak		1	26	1	1	685	42.0	30.0	0.1667	0	0
hadur2.Hadur 3.9	ers.nano.lig.LigMA 1.9	weak		1	27	1	1	556	50.0	0.0	0.1786	0	0
hadur2.Hadur 3.9	ers.nano.lig.LigMA 1.9	weak		1	28	1	1	464	56.0	0.0	0.2500	0	0
hadur2.Hadur 3.9	ers.nano.lig.LigMA 1.9	weak		1	29	1	1	646	52.0	20.0	0.1250	0	0
hadur2.Hadur 3.9	ers.nano.lig.LigMA 1.9	weak		1	30	1	1	613	56.0	30.0	0.1613	0	0
hadur2.Hadur 3.9	ers.nano.lig.LigMA 1.9	weak		1	31	1	1	564	49.0	10.0	0.1786	0	0
hadur2.Hadur 3.9	ers.nano.lig.LigMA 1.9	weak		1	32	1	1	622	40.0	10.0	0.1250	0	0
hadur2.Hadur 3.9	ers.nano.lig.LigMA 1.9	weak		1	33	1	1	522	59.0	30.0	0.2400	0	0
hadur2.Hadur 3.9	ers.nano.lig.LigMA 1.9	weak		1	34	1	1	585	56.0	20.0	0.1852	0	4
hadur2.Hadur 3.9	ers.nano.lig.LigMA 1.9	weak		2	0	0	0	798	4.0	66.1	0.0303	596	11
hadur2.Hadur 3.9	ers.nano.lig.LigMA 1.9	weak		2	1	1	1	426	69.0	30.0	0.3889	0	3
hadur2.Hadur 3.9	ers.nano.lig.LigMA 1.9	weak		2	2	1	1	464	76.0	30.0	0.3333	0	0
hadur2.Hadur 3.9	ers.nano.lig.LigMA 1.9	weak		2	3	1	1	395	62.0	0.0	0.3750	0	0
hadur2.Hadur 3.9	ers.nano.lig.LigMA 1.9	weak		2	4	1	1	327	84.0	10.0	0.7273	0	0
hadur2.Hadur 3.9	ers.nano.lig.LigMA 1.9	weak		2	5	1	1	337	73.0	0.0	0.4545	0	1
hadur2.Hadur 3.9	ers.nano.lig.LigMA 1.9	weak		2	6	1	1	319	81.0	0.0	0.5000	0	0
hadur2.Hadur 3.9	ers.nano.lig.LigMA 1.9	weak		2	7	1	1	464	65.0	10.0	0.2105	0	0
hadur2.Hadur 3.9	ers.nano.lig.LigMA 1.9	weak		2	8	1	1	664	34.0	0.0	0.0606	0	0
hadur2.Hadur 3.9	ers.nano.lig.LigMA 1.9	weak		2	9	1	1	614	40.0	0.0	0.1290	0	0
hadur2.Hadur 3.9	ers.nano.lig.LigMA 1.9	weak		2	10	1	1	569	60.0	20.0	0.2069	0	0
hadur2.Hadur 3.9	ers.nano.lig.LigMA 1.9	weak		2	11	1	1	537	51.0	20.0	0.1923	0	0
hadur2.Hadur 3.9	ers.nano.lig.LigMA 1.9	weak		2	12	1	1	450	66.0	10.0	0.2222	0	0
hadur2.Hadur 3.9	ers.nano.lig.LigMA 1.9	weak		2	13	1	1	395	81.0	10.0	0.3125	0	0
hadur2.Hadur 3.9	ers.nano.lig.LigMA 1.9	weak		2	14	1	1	648	45.0	30.0	0.1333	0	0
hadur2.Hadur 3.9	ers.nano.lig.LigMA 1.9	weak		2	15	1	1	538	48.7	10.0	0.1304	0	0
hadur2.Hadur 3.9	ers.nano.lig.LigMA 1.9	weak		2	16	1	1	401	63.7	0.0	0.4000	0	0
hadur2.Hadur 3.9	ers.nano.lig.LigMA 1.9	weak		2	17	1	1	740	31.2	20.0	0.0541	0	0
hadur2.Hadur 3.9	ers.nano.lig.LigMA 1.9	weak		2	18	1	1	456	69.5	20.0	0.3158	0	0
hadur2.Hadur 3.9	ers.nano.lig.LigMA 1.9	weak		2	19	1	1	633	46.0	20.0	0.1290	0	0
hadur2.Hadur 3.9	ers.nano.lig.LigMA 1.9	weak		2	20	1	1	502	54.0	0.0	0.1739	0	0
hadur2.Hadur 3.9	ers.nano.lig.LigMA 1.9	weak		2	21	1	1	349	76.0	0.0	0.3636	0	0
hadur2.Hadur 3.9	ers.nano.lig.LigMA 1.9	weak		2	22	1	1	478	56.0	10.0	0.1579	0	0
hadur2.Hadur 3.9	ers.nano.lig.LigMA 1.9	weak		2	23	1	1	458	63.0	10.0	0.1667	0	0
hadur2.Hadur 3.9	ers.nano.lig.LigMA 1.9	weak		2	24	1	1	510	54.5	10.0	0.1429	0	0
hadur2.Hadur 3.9	ers.nano.lig.LigMA 1.9	weak		2	25	1	1	425	64.0	0.0	0.1875	0	0
hadur2.Hadur 3.9	ers.nano.lig.LigMA 1.9	weak		2	26	1	1	594	37.0	0.0	0.1071	0	0
hadur2.Hadur 3.9	ers.nano.lig.LigMA 1.9	weak		2	27	1	1	527	54.0	10.0	0.2000	0	0
hadur2.Hadur 3.9	ers.nano.lig.LigMA 1.9	weak		2	28	1	1	534	52.0	10.0	0.1600	0	0
hadur2.Hadur 3.9	ers.nano.lig.LigMA 1.9	weak		2	29	1	1	389	70.0	0.0	0.3571	0	0
hadur2.Hadur 3.9	ers.nano.lig.LigMA 1.9	weak		2	30	1	1	437	59.0	0.0	0.1765	0	0
hadur2.Hadur 3.9	ers.nano.lig.LigMA 1.9	weak		2	31	1	1	707	45.8	30.0	0.0857	0	0
hadur2.Hadur 3.9	ers.nano.lig.LigMA 1.9	weak		2	32	1	1	502	62.0	20.0	0.2273	0	0
hadur2.Hadur 3.9	ers.nano.lig.LigMA 1.9	weak		2	33	1	1	432	76.0	20.0	0.3529	0	0
hadur2.Hadur 3.9	ers.nano.lig.LigMA 1.9	weak		2	34	1	1	447	74.0	20.0	0.2353	0	4
hadur2.Hadur 3.9	ers.nano.lig.LigMA 1.9	weak		3	0	1	1	349	85.0	30.0	0.6667	0	5
hadur2.Hadur 3.9	ers.nano.lig.LigMA 1.9	weak		3	1	1	1	406	68.0	10.0	0.4118	0	0
hadur2.Hadur 3.9	ers.nano.lig.LigMA 1.9	weak		3	2	1	1	372	78.0	30.0	0.4286	0	0
hadur2.Hadur 3.9	ers.nano.lig.LigMA 1.9	weak		3	3	1	1	313	79.0	0.0	0.8000	0	0
hadur2.Hadur 3.9	ers.nano.lig.LigMA 1.9	weak		3	4	1	1	367	72.0	10.0	0.5000	0	0
hadur2.Hadur 3.9	ers.nano.lig.LigMA 1.9	weak		3	5	1	1	364	82.0	10.0	0.4167	0	0
hadur2.Hadur 3.9	ers.nano.lig.LigMA 1.9	weak		3	6	1	1	518	50.3	20.0	0.1364	0	0
hadur2.Hadur 3.9	ers.nano.lig.LigMA 1.9	weak		3	7	0	0	593	16.4	40.0	0.0370	0	0
hadur2.Hadur 3.9	ers.nano.lig.LigMA 1.9	weak		3	8	1	1	613	40.0	0.0	0.1333	0	0
hadur2.Hadur 3.9	ers.nano.lig.LigMA 1.9	weak		3	9	1	1	507	50.0	0.0	0.2083	0	0
hadur2.Hadur 3.9	ers.nano.lig.LigMA 1.9	weak		3	10	1	1	619	47.0	20.0	0.1250	0	0
hadur2.Hadur 3.9	ers.nano.lig.LigMA 1.9	weak		3	11	1	1	638	40.7	30.0	0.1212	0	0
hadur2.Hadur 3.9	ers.nano.lig.LigMA 1.9	weak		3	12	1	1	592	46.0	20.0	0.1333	0	0
hadur2.Hadur 3.9	ers.nano.lig.LigMA 1.9	weak		3	13	1	1	603	40.0	0.0	0.1290	0	0
hadur2.Hadur 3.9	ers.nano.lig.LigMA 1.9	weak		3	14	1	1	576	49.0	10.0	0.1724	0	0
hadur2.Hadur 3.9	ers.nano.lig.LigMA 1.9	weak		3	15	1	1	578	40.0	0.0	0.1379	0	0
hadur2.Hadur 3.9	ers.nano.lig.LigMA 1.9	weak		3	16	1	1	588	66.0	40.0	0.2143	0	0
hadur2.Hadur 3.9	ers.nano.lig.LigMA 1.9	weak		3	17	1	1	429	64.0	0.0	0.2941	0	0
hadur2.Hadur 3.9	ers.nano.lig.LigMA 1.9	weak		3	18	1	1	674	32.3	10.0	0.0606	0	0
hadur2.Hadur 3.9	ers.nano.lig.LigMA 1.9	weak		3	19	1	1	531	49.2	0.0	0.1923	0	0
hadur2.Hadur 3.9	ers.nano.lig.LigMA 1.9	weak		3	20	1	1	536	64.5	40.0	0.2308	0	0
hadur2.Hadur 3.9	ers.nano.lig.LigMA 1.9	weak		3	21	1	1	615	45.0	20.0	0.1333	0	0
hadur2.Hadur 3.9	ers.nano.lig.LigMA 1.9	weak		3	22	1	1	536	58.0	10.0	0.1667	0	0
hadur2.Hadur 3.9	ers.nano.lig.LigMA 1.9	weak		3	23	1	1	379	73.0	10.0	0.3571	0	0
hadur2.Hadur 3.9	ers.nano.lig.LigMA 1.9	weak		3	24	1	1	458	60.0	10.0	0.1667	0	0
hadur2.Hadur 3.9	ers.nano.lig.LigMA 1.9	weak		3	25	1	1	595	35.0	0.0	0.0769	0	0
hadur2.Hadur 3.9	ers.nano.lig.LigMA 1.9	weak		3	26	1	1	596	42.0	20.0	0.1724	0	0
hadur2.Hadur 3.9	ers.nano.lig.LigMA 1.9	weak		3	27	1	1	507	52.0	0.0	0.2174	0	0
hadur2.Hadur 3.9	ers.nano.lig.LigMA 1.9	weak		3	28	1	1	434	70.0	10.0	0.2778	0	0
hadur2.Hadur 3.9	ers.nano.lig.LigMA 1.9	weak		3	29	1	1	610	44.0	10.0	0.0741	0	0
hadur2.Hadur 3.9	ers.nano.lig.LigMA 1.9	weak		3	30	1	1	477	68.0	30.0	0.2105	0	0
hadur2.Hadur 3.9	ers.nano.lig.LigMA 1.9	weak		3	31	1	1	539	45.7	0.0	0.1600	0	0
hadur2.Hadur 3.9	ers.nano.lig.LigMA 1.9	weak		3	32	1	1	520	62.0	20.0	0.2500	0	0
hadur2.Hadur 3.9	ers.nano.lig.LigMA 1.9	weak		3	33	1	1	431	73.5	30.0	0.2500	0	0
hadur2.Hadur 3.9	ers.nano.lig.LigMA 1.9	weak		3	34	1	1	589	42.0	0.0	0.0769	0	6
hadur2.Hadur 3.9	ers.nano.lig.LigMA 1.9	weak		4	0	1	1	364	72.0	10.0	0.5000	0	7
hadur2.Hadur 3.9	ers.nano.lig.LigMA 1.9	weak		4	1	1	1	358	83.0	20.0	0.6154	0	0
hadur2.Hadur 3.9	ers.nano.lig.LigMA 1.9	weak		4	2	1	1	369	71.4	20.0	0.5714	0	0
hadur2.Hadur 3.9	ers.nano.lig.LigMA 1.9	weak		4	3	1	1	397	82.0	20.0	0.5000	0	0
hadur2.Hadur 3.9	ers.nano.lig.LigMA 1.9	weak		4	4	1	1	394	74.0	20.0	0.4375	0	0
hadur2.Hadur 3.9	ers.nano.lig.LigMA 1.9	weak		4	5	1	1	327	90.0	20.0	0.5000	0	0
hadur2.Hadur 3.9	ers.nano.lig.LigMA 1.9	weak		4	6	1	1	502	58.8	20.0	0.1429	0	0
hadur2.Hadur 3.9	ers.nano.lig.LigMA 1.9	weak		4	7	1	1	488	65.0	10.0	0.1818	0	0
hadur2.Hadur 3.9	ers.nano.lig.LigMA 1.9	weak		4	8	1	1	515	54.3	10.0	0.1429	0	0
hadur2.Hadur 3.9	ers.nano.lig.LigMA 1.9	weak		4	9	1	1	634	52.0	30.0	0.1250	0	0
hadur2.Hadur 3.9	ers.nano.lig.LigMA 1.9	weak		4	10	1	1	510	65.8	30.0	0.2500	0	0
hadur2.Hadur 3.9	ers.nano.lig.LigMA 1.9	weak		4	11	1	1	690	40.0	10.0	0.1053	0	0
hadur2.Hadur 3.9	ers.nano.lig.LigMA 1.9	weak		4	12	1	1	594	43.0	10.0	0.1333	0	0
hadur2.Hadur 3.9	ers.nano.lig.LigMA 1.9	weak		4	13	1	1	493	63.0	20.0	0.2609	0	0
hadur2.Hadur 3.9	ers.nano.lig.LigMA 1.9	weak		4	14	1	1	519	45.2	0.0	0.1667	0	0
hadur2.Hadur 3.9	ers.nano.lig.LigMA 1.9	weak		4	15	1	1	671	50.0	10.0	0.0909	0	0
hadur2.Hadur 3.9	ers.nano.lig.LigMA 1.9	weak		4	16	1	1	497	63.0	20.0	0.2609	0	0
hadur2.Hadur 3.9	ers.nano.lig.LigMA 1.9	weak		4	17	1	1	614	58.3	30.0	0.1333	0	0
hadur2.Hadur 3.9	ers.nano.lig.LigMA 1.9	weak		4	18	1	1	441	68.0	10.0	0.2353	0	0
hadur2.Hadur 3.9	ers.nano.lig.LigMA 1.9	weak		4	19	1	1	394	71.0	10.0	0.2857	0	0
hadur2.Hadur 3.9	ers.nano.lig.LigMA 1.9	weak		4	20	1	1	461	66.0	10.0	0.2222	0	0
hadur2.Hadur 3.9	ers.nano.lig.LigMA 1.9	weak		4	21	1	1	520	68.0	30.0	0.1818	0	0
hadur2.Hadur 3.9	ers.nano.lig.LigMA 1.9	weak		4	22	1	1	426	65.0	0.0	0.2500	0	0
hadur2.Hadur 3.9	ers.nano.lig.LigMA 1.9	weak		4	23	1	1	456	65.0	10.0	0.2222	0	0
hadur2.Hadur 3.9	ers.nano.lig.LigMA 1.9	weak		4	24	1	1	553	46.0	0.0	0.1250	0	0
hadur2.Hadur 3.9	ers.nano.lig.LigMA 1.9	weak		4	25	1	1	628	48.0	20.0	0.1290	0	0
hadur2.Hadur 3.9	ers.nano.lig.LigMA 1.9	weak		4	26	1	1	430	76.0	20.0	0.3529	0	0
hadur2.Hadur 3.9	ers.nano.lig.LigMA 1.9	weak		4	27	1	1	371	66.5	20.0	0.3077	0	0
hadur2.Hadur 3.9	ers.nano.lig.LigMA 1.9	weak		4	28	1	1	463	66.0	10.0	0.2222	0	0
hadur2.Hadur 3.9	ers.nano.lig.LigMA 1.9	weak		4	29	1	1	363	74.0	0.0	0.3333	0	0
hadur2.Hadur 3.9	ers.nano.lig.LigMA 1.9	weak		4	30	1	1	479	74.0	30.0	0.2105	0	0
hadur2.Hadur 3.9	ers.nano.lig.LigMA 1.9	weak		4	31	1	1	402	74.0	10.0	0.2857	0	0
hadur2.Hadur 3.9	ers.nano.lig.LigMA 1.9	weak		4	32	1	1	515	55.0	10.0	0.1429	0	0
hadur2.Hadur 3.9	ers.nano.lig.LigMA 1.9	weak		4	33	1	1	446	59.0	0.0	0.1765	0	0
hadur2.Hadur 3.9	ers.nano.lig.LigMA 1.9	weak		4	34	1	1	599	43.0	10.0	0.1111	0	5
hadur2.Hadur 3.9	fm.claire 1.7	weak		1	0	1	1	473	48.5	16.0	0.1905	0	5
hadur2.Hadur 3.9	fm.claire 1.7	weak		1	1	1	1	495	29.1	0.0	0.1250	0	0
hadur2.Hadur 3.9	fm.claire 1.7	weak		1	2	1	1	580	26.5	25.6	0.1379	0	0
hadur2.Hadur 3.9	fm.claire 1.7	weak		1	3	1	1	520	32.0	0.0	0.0870	0	0
hadur2.Hadur 3.9	fm.claire 1.7	weak		1	4	1	1	495	40.0	0.0	0.1739	0	0
hadur2.Hadur 3.9	fm.claire 1.7	weak		1	5	1	1	577	29.1	16.0	0.1000	0	0
hadur2.Hadur 3.9	fm.claire 1.7	weak		1	6	1	1	650	10.5	16.0	0.0857	0	0
hadur2.Hadur 3.9	fm.claire 1.7	weak		1	7	1	1	552	37.0	32.0	0.1111	0	0
hadur2.Hadur 3.9	fm.claire 1.7	weak		1	8	1	1	563	20.0	0.0	0.0714	0	0
hadur2.Hadur 3.9	fm.claire 1.7	weak		1	9	1	1	472	38.8	0.0	0.1905	0	0
hadur2.Hadur 3.9	fm.claire 1.7	weak		1	10	1	1	487	43.0	16.0	0.1818	0	0
hadur2.Hadur 3.9	fm.claire 1.7	weak		1	11	1	1	457	38.8	0.0	0.1905	0	0
hadur2.Hadur 3.9	fm.claire 1.7	weak		1	12	1	1	470	28.4	0.0	0.0952	0	0
hadur2.Hadur 3.9	fm.claire 1.7	weak		1	13	1	1	441	41.2	0.0	0.2105	0	0
hadur2.Hadur 3.9	fm.claire 1.7	weak		1	14	1	1	438	54.8	0.0	0.2632	0	0
hadur2.Hadur 3.9	fm.claire 1.7	weak		1	15	1	1	395	20.2	0.0	0.1333	0	0
hadur2.Hadur 3.9	fm.claire 1.7	weak		1	16	1	1	486	48.0	16.0	0.1364	0	0
hadur2.Hadur 3.9	fm.claire 1.7	weak		1	17	1	1	499	30.5	0.0	0.0952	0	0
hadur2.Hadur 3.9	fm.claire 1.7	weak		1	18	1	1	416	46.0	0.0	0.2353	0	0
hadur2.Hadur 3.9	fm.claire 1.7	weak		1	19	1	1	543	38.8	7.6	0.1481	0	0
hadur2.Hadur 3.9	fm.claire 1.7	weak		1	20	1	1	500	33.3	0.0	0.1304	0	0
hadur2.Hadur 3.9	fm.claire 1.7	weak		1	21	1	1	433	39.5	0.0	0.1765	0	0
hadur2.Hadur 3.9	fm.claire 1.7	weak		1	22	1	1	493	38.8	0.0	0.1739	0	0
hadur2.Hadur 3.9	fm.claire 1.7	weak		1	23	1	1	514	29.1	0.0	0.1200	0	0
hadur2.Hadur 3.9	fm.claire 1.7	weak		1	24	1	1	536	45.1	19.6	0.1538	0	0
hadur2.Hadur 3.9	fm.claire 1.7	weak		1	25	1	1	450	46.3	6.4	0.2632	0	0
hadur2.Hadur 3.9	fm.claire 1.7	weak		1	26	1	1	476	35.4	0.0	0.1429	0	0
hadur2.Hadur 3.9	fm.claire 1.7	weak		1	27	1	1	637	19.8	35.5	0.0882	0	0
hadur2.Hadur 3.9	fm.claire 1.7	weak		1	28	1	1	489	38.8	16.0	0.1739	0	0
hadur2.Hadur 3.9	fm.claire 1.7	weak		1	29	1	1	567	29.1	22.8	0.1034	0	0
hadur2.Hadur 3.9	fm.claire 1.7	weak		1	30	1	1	534	29.1	3.0	0.1154	0	0
hadur2.Hadur 3.9	fm.claire 1.7	weak		1	31	1	1	474	34.0	0.0	0.1429	0	0
hadur2.Hadur 3.9	fm.claire 1.7	weak		1	32	1	1	389	58.0	0.0	0.3333	0	0
hadur2.Hadur 3.9	fm.claire 1.7	weak		1	33	1	1	540	9.7	0.0	0.0385	0	0
hadur2.Hadur 3.9	fm.claire 1.7	weak		1	34	1	1	483	29.1	12.0	0.1304	0	6
hadur2.Hadur 3.9	fm.claire 1.7	weak		2	0	1	1	577	28.0	32.0	0.1333	0	5
hadur2.Hadur 3.9	fm.claire 1.7	weak		2	1	1	1	514	19.4	0.0	0.0833	0	0
hadur2.Hadur 3.9	fm.claire 1.7	weak		2	2	1	1	529	22.5	0.0	0.0800	0	0
hadur2.Hadur 3.9	fm.claire 1.7	weak		2	3	1	1	581	22.0	16.0	0.0690	0	0
hadur2.Hadur 3.9	fm.claire 1.7	weak		2	4	1	1	522	29.1	0.0	0.1154	0	0
hadur2.Hadur 3.9	fm.claire 1.7	weak		2	5	1	1	563	29.5	21.2	0.1379	0	0
hadur2.Hadur 3.9	fm.claire 1.7	weak		2	6	1	1	492	48.5	16.0	0.2174	0	0
hadur2.Hadur 3.9	fm.claire 1.7	weak		2	7	1	1	508	43.0	16.0	0.1364	0	0
hadur2.Hadur 3.9	fm.claire 1.7	weak		2	8	1	1	381	64.0	0.0	0.2857	0	0
hadur2.Hadur 3.9	fm.claire 1.7	weak		2	9	1	1	510	18.5	0.0	0.0476	0	0
hadur2.Hadur 3.9	fm.claire 1.7	weak		2	10	1	1	542	39.2	6.0	0.1852	0	0
hadur2.Hadur 3.9	fm.claire 1.7	weak		2	11	1	1	486	43.0	32.0	0.1818	0	0
hadur2.Hadur 3.9	fm.claire 1.7	weak		2	12	1	1	464	46.0	16.0	0.2000	0	0
hadur2.Hadur 3.9	fm.claire 1.7	weak		2	13	1	1	536	18.2	0.0	0.0435	0	0
hadur2.Hadur 3.9	fm.claire 1.7	weak		2	14	1	1	502	29.1	1.4	0.1250	0	0
hadur2.Hadur 3.9	fm.claire 1.7	weak		2	15	1	1	438	46.0	0.0	0.2105	0	0
hadur2.Hadur 3.9	fm.claire 1.7	weak		2	16	1	1	540	48.5	32.0	0.1852	0	0
hadur2.Hadur 3.9	fm.claire 1.7	weak		2	17	1	1	558	29.1	0.0	0.1111	0	0
hadur2.Hadur 3.9	fm.claire 1.7	weak		2	18	1	1	560	29.1	0.0	0.1111	0	0
hadur2.Hadur 3.9	fm.claire 1.7	weak		2	19	1	1	381	58.2	0.0	0.4000	0	0
hadur2.Hadur 3.9	fm.claire 1.7	weak		2	20	1	1	585	38.8	16.0	0.1333	0	0
hadur2.Hadur 3.9	fm.claire 1.7	weak		2	21	1	1	414	52.0	0.0	0.2000	0	0
hadur2.Hadur 3.9	fm.claire 1.7	weak		2	22	1	1	386	40.0	0.0	0.1538	0	0
hadur2.Hadur 3.9	fm.claire 1.7	weak		2	23	1	1	423	52.0	0.0	0.1875	0	0
hadur2.Hadur 3.9	fm.claire 1.7	weak		2	24	1	1	521	41.7	23.6	0.1250	0	0
hadur2.Hadur 3.9	fm.claire 1.7	weak		2	25	1	1	482	37.0	0.0	0.1364	0	0
hadur2.Hadur 3.9	fm.claire 1.7	weak		2	26	1	1	544	29.1	0.0	0.1154	0	0
hadur2.Hadur 3.9	fm.claire 1.7	weak		2	27	1	1	481	46.1	16.0	0.1818	0	0
hadur2.Hadur 3.9	fm.claire 1.7	weak		2	28	1	1	478	41.9	32.0	0.2727	0	0
hadur2.Hadur 3.9	fm.claire 1.7	weak		2	29	1	1	460	25.7	0.0	0.1053	0	0
hadur2.Hadur 3.9	fm.claire 1.7	weak		2	30	1	1	506	25.7	0.0	0.0909	0	0
hadur2.Hadur 3.9	fm.claire 1.7	weak		2	31	1	1	485	51.0	32.0	0.1905	0	0
hadur2.Hadur 3.9	fm.claire 1.7	weak		2	32	1	1	512	21.2	0.0	0.0833	0	0
hadur2.Hadur 3.9	fm.claire 1.7	weak		2	33	1	1	453	27.5	0.0	0.1000	0	0
hadur2.Hadur 3.9	fm.claire 1.7	weak		2	34	1	1	559	29.1	9.4	0.1071	0	6
hadur2.Hadur 3.9	fm.claire 1.7	weak		3	0	1	1	396	58.0	16.0	0.3125	0	4
hadur2.Hadur 3.9	fm.claire 1.7	weak		3	1	1	1	493	22.0	0.0	0.0870	0	0
hadur2.Hadur 3.9	fm.claire 1.7	weak		3	2	1	1	505	34.0	0.0	0.0870	0	0
hadur2.Hadur 3.9	fm.claire 1.7	weak		3	3	1	1	482	25.4	0.0	0.0952	0	0
hadur2.Hadur 3.9	fm.claire 1.7	weak		3	4	1	1	539	31.0	16.0	0.1154	0	0
hadur2.Hadur 3.9	fm.claire 1.7	weak		3	5	1	1	508	35.3	0.0	0.1250	0	0
hadur2.Hadur 3.9	fm.claire 1.7	weak		3	6	1	1	482	38.8	0.0	0.1818	0	0
hadur2.Hadur 3.9	fm.claire 1.7	weak		3	7	1	1	451	40.5	0.0	0.2105	0	0
hadur2.Hadur 3.9	fm.claire 1.7	weak		3	8	1	1	489	29.1	9.4	0.1304	0	0
hadur2.Hadur 3.9	fm.claire 1.7	weak		3	9	1	1	553	29.1	7.8	0.1071	0	0
hadur2.Hadur 3.9	fm.claire 1.7	weak		3	10	1	1	529	29.1	0.0	0.1154	0	0
hadur2.Hadur 3.9	fm.claire 1.7	weak		3	11	1	1	534	18.5	0.0	0.0385	0	0
hadur2.Hadur 3.9	fm.claire 1.7	weak		3	12	1	1	484	38.8	0.0	0.1818	0	0
hadur2.Hadur 3.9	fm.claire 1.7	weak		3	13	1	1	468	48.5	0.0	0.2273	0	0
hadur2.Hadur 3.9	fm.claire 1.7	weak		3	14	1	1	491	38.8	0.0	0.1739	0	0
hadur2.Hadur 3.9	fm.claire 1.7	weak		3	15	1	1	414	48.0	0.0	0.1875	0	0
hadur2.Hadur 3.9	fm.claire 1.7	weak		3	16	1	1	500	28.1	0.0	0.0870	0	0
hadur2.Hadur 3.9	fm.claire 1.7	weak		3	17	1	1	455	32.0	16.0	0.1053	0	0
hadur2.Hadur 3.9	fm.claire 1.7	weak		3	18	1	1	548	29.1	0.0	0.1111	0	0
hadur2.Hadur 3.9	fm.claire 1.7	weak		3	19	1	1	588	9.7	8.8	0.0333	0	0
hadur2.Hadur 3.9	fm.claire 1.7	weak		3	20	1	1	361	43.5	0.0	0.3077	0	0
hadur2.Hadur 3.9	fm.claire 1.7	weak		3	21	1	1	484	34.0	0.0	0.1364	0	0
hadur2.Hadur 3.9	fm.claire 1.7	weak		3	22	1	1	557	45.1	32.0	0.1429	0	0
hadur2.Hadur 3.9	fm.claire 1.7	weak		3	23	1	1	508	43.0	16.0	0.1739	0	0
hadur2.Hadur 3.9	fm.claire 1.7	weak		3	24	1	1	527	29.1	3.8	0.1154	0	0
hadur2.Hadur 3.9	fm.claire 1.7	weak		3	25	1	1	491	31.4	0.0	0.1304	0	0
hadur2.Hadur 3.9	fm.claire 1.7	weak		3	26	1	1	607	19.8	16.0	0.0968	0	0
hadur2.Hadur 3.9	fm.claire 1.7	weak		3	27	1	1	464	48.5	9.0	0.2381	0	0
hadur2.Hadur 3.9	fm.claire 1.7	weak		3	28	1	1	476	41.8	16.0	0.1905	0	0
hadur2.Hadur 3.9	fm.claire 1.7	weak		3	29	1	1	610	22.6	19.4	0.0938	0	0
hadur2.Hadur 3.9	fm.claire 1.7	weak		3	30	1	1	519	25.0	0.0	0.0833	0	0
hadur2.Hadur 3.9	fm.claire 1.7	weak		3	31	1	1	485	38.8	0.0	0.1818	0	0
hadur2.Hadur 3.9	fm.claire 1.7	weak		3	32	1	1	598	19.4	22.4	0.0645	0	0
hadur2.Hadur 3.9	fm.claire 1.7	weak		3	33	1	1	477	38.8	0.0	0.1818	0	0
hadur2.Hadur 3.9	fm.claire 1.7	weak		3	34	1	1	509	38.8	16.0	0.1667	0	6
hadur2.Hadur 3.9	fm.claire 1.7	weak		4	0	1	1	671	13.5	40.3	0.0769	0	6
hadur2.Hadur 3.9	fm.claire 1.7	weak		4	1	1	1	331	67.0	0.0	0.5455	0	0
hadur2.Hadur 3.9	fm.claire 1.7	weak		4	2	1	1	561	26.4	0.0	0.0769	0	0
hadur2.Hadur 3.9	fm.claire 1.7	weak		4	3	1	1	574	46.0	32.0	0.1600	0	0
hadur2.Hadur 3.9	fm.claire 1.7	weak		4	4	1	1	486	16.4	4.8	0.0500	0	0
hadur2.Hadur 3.9	fm.claire 1.7	weak		4	5	1	1	498	37.0	0.0	0.1304	0	0
hadur2.Hadur 3.9	fm.claire 1.7	weak		4	6	1	1	446	29.1	9.4	0.1500	0	0
hadur2.Hadur 3.9	fm.claire 1.7	weak		4	7	1	1	442	51.5	16.0	0.3000	0	0
hadur2.Hadur 3.9	fm.claire 1.7	weak		4	8	1	1	403	16.0	0.0	0.0667	0	0
hadur2.Hadur 3.9	fm.claire 1.7	weak		4	9	1	1	399	47.5	0.0	0.1429	0	0
hadur2.Hadur 3.9	fm.claire 1.7	weak		4	10	1	1	497	35.4	16.0	0.1364	0	0
hadur2.Hadur 3.9	fm.claire 1.7	weak		4	11	1	1	494	29.1	1.6	0.1304	0	0
hadur2.Hadur 3.9	fm.claire 1.7	weak		4	12	1	1	466	48.5	2.0	0.2381	0	0
hadur2.Hadur 3.9	fm.claire 1.7	weak		4	13	1	1	448	45.3	0.0	0.2222	0	0
hadur2.Hadur 3.9	fm.claire 1.7	weak		4	14	1	1	433	32.0	0.0	0.1176	0	0
hadur2.Hadur 3.9	fm.claire 1.7	weak		4	15	1	1	444	48.4	29.6	0.2222	0	0
hadur2.Hadur 3.9	fm.claire 1.7	weak		4	16	1	1	517	32.0	0.0	0.0870	0	0
hadur2.Hadur 3.9	fm.claire 1.7	weak		4	17	1	1	500	29.1	6.8	0.1304	0	0
hadur2.Hadur 3.9	fm.claire 1.7	weak		4	18	1	1	417	34.5	0.0	0.1765	0	0
hadur2.Hadur 3.9	fm.claire 1.7	weak		4	19	1	1	434	42.5	0.0	0.2105	0	0
hadur2.Hadur 3.9	fm.claire 1.7	weak		4	20	1	1	460	37.0	0.0	0.1500	0	0
hadur2.Hadur 3.9	fm.claire 1.7	weak		4	21	1	1	580	25.0	16.0	0.0690	0	0
hadur2.Hadur 3.9	fm.claire 1.7	weak		4	22	1	1	622	29.1	32.0	0.0909	0	0
hadur2.Hadur 3.9	fm.claire 1.7	weak		4	23	1	1	461	31.5	0.0	0.1500	0	0
hadur2.Hadur 3.9	fm.claire 1.7	weak		4	24	1	1	504	29.1	0.0	0.1200	0	0
hadur2.Hadur 3.9	fm.claire 1.7	weak		4	25	1	1	439	48.5	2.0	0.2632	0	0
hadur2.Hadur 3.9	fm.claire 1.7	weak		4	26	1	1	476	46.5	16.0	0.2000	0	0
hadur2.Hadur 3.9	fm.claire 1.7	weak		4	27	1	1	493	39.8	27.2	0.2727	0	0
hadur2.Hadur 3.9	fm.claire 1.7	weak		4	28	1	1	382	43.5	0.0	0.1538	0	0
hadur2.Hadur 3.9	fm.claire 1.7	weak		4	29	1	1	290	61.0	0.0	0.4286	0	0
hadur2.Hadur 3.9	fm.claire 1.7	weak		4	30	1	1	390	41.7	0.0	0.1429	0	0
hadur2.Hadur 3.9	fm.claire 1.7	weak		4	31	1	1	464	40.0	0.0	0.1111	0	0
hadur2.Hadur 3.9	fm.claire 1.7	weak		4	32	1	1	581	16.0	0.0	0.0370	0	0
hadur2.Hadur 3.9	fm.claire 1.7	weak		4	33	1	1	572	29.1	32.0	0.1034	0	0
hadur2.Hadur 3.9	fm.claire 1.7	weak		4	34	1	1	419	38.8	0.0	0.2222	0	5
hadur2.Hadur 3.9	hapiel.Spiral 0.1	weak		1	0	1	1	856	67.0	17.0	0.1429	0	5
hadur2.Hadur 3.9	hapiel.Spiral 0.1	weak		1	1	1	1	1064	67.2	6.8	0.1385	0	0
hadur2.Hadur 3.9	hapiel.Spiral 0.1	weak		1	2	1	1	454	83.7	24.2	0.3684	0	0
hadur2.Hadur 3.9	hapiel.Spiral 0.1	weak		1	3	1	1	491	84.7	2.0	0.2381	0	0
hadur2.Hadur 3.9	hapiel.Spiral 0.1	weak		1	4	1	1	755	57.9	10.4	0.0811	0	0
hadur2.Hadur 3.9	hapiel.Spiral 0.1	weak		1	5	1	1	479	67.4	0.0	0.2000	0	0
hadur2.Hadur 3.9	hapiel.Spiral 0.1	weak		1	6	1	1	698	68.7	13.3	0.1842	0	0
hadur2.Hadur 3.9	hapiel.Spiral 0.1	weak		1	7	1	1	574	77.1	4.8	0.2222	0	0
hadur2.Hadur 3.9	hapiel.Spiral 0.1	weak		1	8	1	1	486	87.0	5.0	0.2500	0	0
hadur2.Hadur 3.9	hapiel.Spiral 0.1	weak		1	9	1	1	558	77.0	12.8	0.1667	0	0
hadur2.Hadur 3.9	hapiel.Spiral 0.1	weak		1	10	1	1	543	66.1	2.5	0.1739	0	0
hadur2.Hadur 3.9	hapiel.Spiral 0.1	weak		1	11	1	1	533	78.1	6.4	0.1818	0	0
hadur2.Hadur 3.9	hapiel.Spiral 0.1	weak		1	12	1	1	528	71.2	2.5	0.1818	0	0
hadur2.Hadur 3.9	hapiel.Spiral 0.1	weak		1	13	1	1	524	65.2	5.4	0.2000	0	0
hadur2.Hadur 3.9	hapiel.Spiral 0.1	weak		1	14	1	1	493	76.8	0.0	0.2105	0	0
hadur2.Hadur 3.9	hapiel.Spiral 0.1	weak		1	15	1	1	549	80.2	2.5	0.2083	0	0
hadur2.Hadur 3.9	hapiel.Spiral 0.1	weak		1	16	1	1	480	84.8	21.1	0.2632	0	0
hadur2.Hadur 3.9	hapiel.Spiral 0.1	weak		1	17	1	1	377	84.8	1.7	0.3846	0	0
hadur2.Hadur 3.9	hapiel.Spiral 0.1	weak		1	18	1	1	584	68.9	2.6	0.1852	0	0
hadur2.Hadur 3.9	hapiel.Spiral 0.1	weak		1	19	1	1	552	64.0	0.0	0.1667	0	0
hadur2.Hadur 3.9	hapiel.Spiral 0.1	weak		1	20	1	1	459	84.7	0.0	0.2632	0	0
hadur2.Hadur 3.9	hapiel.Spiral 0.1	weak		1	21	1	1	682	66.7	10.9	0.1212	0	0
hadur2.Hadur 3.9	hapiel.Spiral 0.1	weak		1	22	1	1	511	81.0	5.3	0.2174	0	0
hadur2.Hadur 3.9	hapiel.Spiral 0.1	weak		1	23	1	1	394	84.6	0.0	0.3571	0	0
hadur2.Hadur 3.9	hapiel.Spiral 0.1	weak		1	24	1	1	596	79.9	23.7	0.1852	0	0
hadur2.Hadur 3.9	hapiel.Spiral 0.1	weak		1	25	1	1	472	82.7	2.5	0.2632	0	0
hadur2.Hadur 3.9	hapiel.Spiral 0.1	weak		1	26	1	1	325	89.3	0.0	0.5556	0	0
hadur2.Hadur 3.9	hapiel.Spiral 0.1	weak		1	27	1	1	330	87.7	1.7	0.6000	0	0
hadur2.Hadur 3.9	hapiel.Spiral 0.1	weak		1	28	1	1	677	79.7	10.5	0.1290	0	0
hadur2.Hadur 3.9	hapiel.Spiral 0.1	weak		1	29	1	1	766	62.0	3.2	0.0833	0	0
hadur2.Hadur 3.9	hapiel.Spiral 0.1	weak		1	30	1	1	572	79.0	9.0	0.2593	0	0
hadur2.Hadur 3.9	hapiel.Spiral 0.1	weak		1	31	1	1	470	84.2	10.8	0.3500	0	0
hadur2.Hadur 3.9	hapiel.Spiral 0.1	weak		1	32	1	1	434	86.3	3.7	0.2941	0	0
hadur2.Hadur 3.9	hapiel.Spiral 0.1	weak		1	33	1	1	477	83.6	17.8	0.2632	0	0
hadur2.Hadur 3.9	hapiel.Spiral 0.1	weak		1	34	1	1	378	81.5	14.8	0.3846	0	7
hadur2.Hadur 3.9	hapiel.Spiral 0.1	weak		2	0	1	1	1270	60.4	37.6	0.1573	0	7
hadur2.Hadur 3.9	hapiel.Spiral 0.1	weak		2	1	1	1	646	72.7	1.4	0.1613	0	0
hadur2.Hadur 3.9	hapiel.Spiral 0.1	weak		2	2	1	1	557	76.4	4.2	0.1667	0	0
hadur2.Hadur 3.9	hapiel.Spiral 0.1	weak		2	3	1	1	738	80.2	0.0	0.1389	0	0
hadur2.Hadur 3.9	hapiel.Spiral 0.1	weak		2	4	1	1	584	63.4	2.1	0.2069	0	0
hadur2.Hadur 3.9	hapiel.Spiral 0.1	weak		2	5	1	1	699	60.3	1.0	0.1429	0	0
hadur2.Hadur 3.9	hapiel.Spiral 0.1	weak		2	6	1	1	684	63.6	8.3	0.1429	0	0
hadur2.Hadur 3.9	hapiel.Spiral 0.1	weak		2	7	1	1	491	86.5	26.0	0.2857	0	0
hadur2.Hadur 3.9	hapiel.Spiral 0.1	weak		2	8	1	1	529	71.2	9.4	0.1739	0	0
hadur2.Hadur 3.9	hapiel.Spiral 0.1	weak		2	9	1	1	448	76.7	0.0	0.2353	0	0
hadur2.Hadur 3.9	hapiel.Spiral 0.1	weak		2	10	1	1	452	77.1	9.1	0.2353	0	0
hadur2.Hadur 3.9	hapiel.Spiral 0.1	weak		2	11	1	1	557	64.0	13.9	0.1667	0	0
hadur2.Hadur 3.9	hapiel.Spiral 0.1	weak		2	12	1	1	544	82.4	10.2	0.2000	0	0
hadur2.Hadur 3.9	hapiel.Spiral 0.1	weak		2	13	1	1	430	75.5	0.0	0.2500	0	0
hadur2.Hadur 3.9	hapiel.Spiral 0.1	weak		2	14	1	1	397	85.5	1.0	0.4000	0	0
hadur2.Hadur 3.9	hapiel.Spiral 0.1	weak		2	15	1	1	695	66.2	7.9	0.1212	0	0
hadur2.Hadur 3.9	hapiel.Spiral 0.1	weak		2	16	1	1	567	82.2	10.5	0.2000	0	0
hadur2.Hadur 3.9	hapiel.Spiral 0.1	weak		2	17	1	1	529	74.3	7.8	0.3200	0	0
hadur2.Hadur 3.9	hapiel.Spiral 0.1	weak		2	18	1	1	659	53.0	0.0	0.0968	0	0
hadur2.Hadur 3.9	hapiel.Spiral 0.1	weak		2	19	1	1	575	80.6	6.7	0.1923	0	0
hadur2.Hadur 3.9	hapiel.Spiral 0.1	weak		2	20	1	1	501	79.8	10.4	0.2381	0	0
hadur2.Hadur 3.9	hapiel.Spiral 0.1	weak		2	21	1	1	493	73.4	0.0	0.1905	0	0
hadur2.Hadur 3.9	hapiel.Spiral 0.1	weak		2	22	1	1	688	65.8	4.6	0.1471	0	0
hadur2.Hadur 3.9	hapiel.Spiral 0.1	weak		2	23	1	1	440	76.5	9.4	0.2353	0	0
hadur2.Hadur 3.9	hapiel.Spiral 0.1	weak		2	24	1	1	564	77.0	1.0	0.1667	0	0
hadur2.Hadur 3.9	hapiel.Spiral 0.1	weak		2	25	1	1	439	85.6	6.2	0.3333	0	0
hadur2.Hadur 3.9	hapiel.Spiral 0.1	weak		2	26	1	1	587	77.4	9.2	0.1786	0	0
hadur2.Hadur 3.9	hapiel.Spiral 0.1	weak		2	27	1	1	601	71.1	2.3	0.1481	0	0
hadur2.Hadur 3.9	hapiel.Spiral 0.1	weak		2	28	1	1	595	68.1	4.7	0.1786	0	0
hadur2.Hadur 3.9	hapiel.Spiral 0.1	weak		2	29	1	1	584	69.4	0.0	0.1852	0	0
hadur2.Hadur 3.9	hapiel.Spiral 0.1	weak		2	30	1	1	361	77.8	0.0	0.3333	0	0
hadur2.Hadur 3.9	hapiel.Spiral 0.1	weak		2	31	1	1	394	87.0	8.6	0.3571	0	0
hadur2.Hadur 3.9	hapiel.Spiral 0.1	weak		2	32	1	1	677	71.4	20.5	0.1515	0	0
hadur2.Hadur 3.9	hapiel.Spiral 0.1	weak		2	33	1	1	482	84.9	15.5	0.2632	0	0
hadur2.Hadur 3.9	hapiel.Spiral 0.1	weak		2	34	1	1	447	74.3	0.0	0.2353	0	6
hadur2.Hadur 3.9	hapiel.Spiral 0.1	weak		3	0	1	1	570	65.7	6.0	0.2143	0	5
hadur2.Hadur 3.9	hapiel.Spiral 0.1	weak		3	1	1	1	782	71.3	5.0	0.1628	0	0
hadur2.Hadur 3.9	hapiel.Spiral 0.1	weak		3	2	1	1	609	75.9	0.0	0.1481	0	0
hadur2.Hadur 3.9	hapiel.Spiral 0.1	weak		3	3	1	1	591	79.0	4.6	0.2069	0	0
hadur2.Hadur 3.9	hapiel.Spiral 0.1	weak		3	4	1	1	790	57.0	13.8	0.1163	0	0
hadur2.Hadur 3.9	hapiel.Spiral 0.1	weak		3	5	1	1	569	72.9	5.8	0.2222	0	0
hadur2.Hadur 3.9	hapiel.Spiral 0.1	weak		3	6	1	1	691	53.4	0.0	0.1389	0	0
hadur2.Hadur 3.9	hapiel.Spiral 0.1	weak		3	7	1	1	503	72.8	0.0	0.2000	0	0
hadur2.Hadur 3.9	hapiel.Spiral 0.1	weak		3	8	1	1	505	77.1	0.2	0.2727	0	0
hadur2.Hadur 3.9	hapiel.Spiral 0.1	weak		3	9	1	1	424	90.1	27.0	0.3125	0	0
hadur2.Hadur 3.9	hapiel.Spiral 0.1	weak		3	10	1	1	682	67.9	7.6	0.1250	0	0
hadur2.Hadur 3.9	hapiel.Spiral 0.1	weak		3	11	1	1	474	86.0	13.5	0.2632	0	0
hadur2.Hadur 3.9	hapiel.Spiral 0.1	weak		3	12	1	1	535	66.3	7.0	0.1739	0	0
hadur2.Hadur 3.9	hapiel.Spiral 0.1	weak		3	13	1	1	456	86.4	4.2	0.2778	0	0
hadur2.Hadur 3.9	hapiel.Spiral 0.1	weak		3	14	1	1	654	66.9	17.7	0.1333	0	0
hadur2.Hadur 3.9	hapiel.Spiral 0.1	weak		3	15	1	1	418	78.1	1.2	0.2667	0	0
hadur2.Hadur 3.9	hapiel.Spiral 0.1	weak		3	16	1	1	489	86.7	16.4	0.2500	0	0
hadur2.Hadur 3.9	hapiel.Spiral 0.1	weak		3	17	1	1	489	74.7	3.7	0.2000	0	0
hadur2.Hadur 3.9	hapiel.Spiral 0.1	weak		3	18	1	1	579	80.1	4.0	0.1923	0	0
hadur2.Hadur 3.9	hapiel.Spiral 0.1	weak		3	19	1	1	450	78.0	3.3	0.2353	0	0
hadur2.Hadur 3.9	hapiel.Spiral 0.1	weak		3	20	1	1	542	72.9	0.0	0.1739	0	0
hadur2.Hadur 3.9	hapiel.Spiral 0.1	weak		3	21	1	1	444	88.0	4.2	0.2941	0	0
hadur2.Hadur 3.9	hapiel.Spiral 0.1	weak		3	22	1	1	481	88.6	24.3	0.2500	0	0
hadur2.Hadur 3.9	hapiel.Spiral 0.1	weak		3	23	1	1	469	85.1	22.4	0.2500	0	0
hadur2.Hadur 3.9	hapiel.Spiral 0.1	weak		3	24	1	1	754	90.3	6.2	0.1389	0	0
hadur2.Hadur 3.9	hapiel.Spiral 0.1	weak		3	25	1	1	420	82.0	0.4	0.3125	0	0
hadur2.Hadur 3.9	hapiel.Spiral 0.1	weak		3	26	1	1	590	71.0	0.0	0.1481	0	0
hadur2.Hadur 3.9	hapiel.Spiral 0.1	weak		3	27	1	1	430	76.9	0.0	0.2500	0	0
hadur2.Hadur 3.9	hapiel.Spiral 0.1	weak		3	28	1	1	392	85.0	0.0	0.3571	0	0
hadur2.Hadur 3.9	hapiel.Spiral 0.1	weak		3	29	1	1	755	61.7	0.0	0.1316	0	0
hadur2.Hadur 3.9	hapiel.Spiral 0.1	weak		3	30	1	1	418	80.9	0.4	0.3125	0	0
hadur2.Hadur 3.9	hapiel.Spiral 0.1	weak		3	31	1	1	449	83.5	14.1	0.2941	0	0
hadur2.Hadur 3.9	hapiel.Spiral 0.1	weak		3	32	1	1	501	77.0	6.9	0.2000	0	0
hadur2.Hadur 3.9	hapiel.Spiral 0.1	weak		3	33	1	1	473	68.8	0.0	0.2105	0	0
hadur2.Hadur 3.9	hapiel.Spiral 0.1	weak		3	34	1	1	484	81.3	2.8	0.2500	0	6
hadur2.Hadur 3.9	hapiel.Spiral 0.1	weak		4	0	1	1	704	71.5	3.0	0.1842	0	6
hadur2.Hadur 3.9	hapiel.Spiral 0.1	weak		4	1	1	1	439	90.4	7.1	0.4737	0	0
hadur2.Hadur 3.9	hapiel.Spiral 0.1	weak		4	2	1	1	648	75.3	14.5	0.1875	0	0
hadur2.Hadur 3.9	hapiel.Spiral 0.1	weak		4	3	1	1	342	88.4	0.0	0.4545	0	0
hadur2.Hadur 3.9	hapiel.Spiral 0.1	weak		4	4	1	1	499	66.5	0.0	0.1905	0	0
hadur2.Hadur 3.9	hapiel.Spiral 0.1	weak		4	5	1	1	528	74.3	1.7	0.1739	0	0
hadur2.Hadur 3.9	hapiel.Spiral 0.1	weak		4	6	1	1	616	78.2	14.4	0.1429	0	0
hadur2.Hadur 3.9	hapiel.Spiral 0.1	weak		4	7	1	1	569	68.2	1.2	0.2222	0	0
hadur2.Hadur 3.9	hapiel.Spiral 0.1	weak		4	8	1	1	568	67.0	4.7	0.1600	0	0
hadur2.Hadur 3.9	hapiel.Spiral 0.1	weak		4	9	1	1	427	86.5	2.8	0.2941	0	0
hadur2.Hadur 3.9	hapiel.Spiral 0.1	weak		4	10	1	1	634	58.1	11.0	0.1667	0	0
hadur2.Hadur 3.9	hapiel.Spiral 0.1	weak		4	11	1	1	420	84.3	0.0	0.3125	0	0
hadur2.Hadur 3.9	hapiel.Spiral 0.1	weak		4	12	1	1	682	57.4	1.9	0.0938	0	0
hadur2.Hadur 3.9	hapiel.Spiral 0.1	weak		4	13	1	1	599	73.2	15.8	0.1481	0	0
hadur2.Hadur 3.9	hapiel.Spiral 0.1	weak		4	14	1	1	492	73.0	9.1	0.2727	0	0
hadur2.Hadur 3.9	hapiel.Spiral 0.1	weak		4	15	1	1	522	76.8	2.6	0.2273	0	0
hadur2.Hadur 3.9	hapiel.Spiral 0.1	weak		4	16	1	1	402	90.5	0.0	0.3571	0	0
hadur2.Hadur 3.9	hapiel.Spiral 0.1	weak		4	17	1	1	560	62.4	2.2	0.1250	0	0
hadur2.Hadur 3.9	hapiel.Spiral 0.1	weak		4	18	1	1	484	62.9	4.7	0.1579	0	0
hadur2.Hadur 3.9	hapiel.Spiral 0.1	weak		4	19	1	1	607	68.5	7.3	0.1429	0	0
hadur2.Hadur 3.9	hapiel.Spiral 0.1	weak		4	20	1	1	640	57.5	6.3	0.1515	0	0
hadur2.Hadur 3.9	hapiel.Spiral 0.1	weak		4	21	1	1	620	77.2	14.7	0.2069	0	0
hadur2.Hadur 3.9	hapiel.Spiral 0.1	weak		4	22	1	1	439	82.0	0.0	0.2941	0	0
hadur2.Hadur 3.9	hapiel.Spiral 0.1	weak		4	23	1	1	598	81.7	26.1	0.2222	0	0
hadur2.Hadur 3.9	hapiel.Spiral 0.1	weak		4	24	1	1	451	85.9	4.7	0.2778	0	0
hadur2.Hadur 3.9	hapiel.Spiral 0.1	weak		4	25	1	1	503	83.1	0.0	0.2381	0	0
hadur2.Hadur 3.9	hapiel.Spiral 0.1	weak		4	26	1	1	685	64.4	12.8	0.1212	0	0
hadur2.Hadur 3.9	hapiel.Spiral 0.1	weak		4	27	1	1	814	64.5	6.6	0.1304	0	0
hadur2.Hadur 3.9	hapiel.Spiral 0.1	weak		4	28	1	1	523	73.5	10.2	0.2800	0	0
hadur2.Hadur 3.9	hapiel.Spiral 0.1	weak		4	29	1	1	812	58.5	4.8	0.1136	0	0
hadur2.Hadur 3.9	hapiel.Spiral 0.1	weak		4	30	1	1	663	68.4	5.9	0.1563	0	0
hadur2.Hadur 3.9	hapiel.Spiral 0.1	weak		4	31	1	1	520	69.1	0.0	0.2800	0	0
hadur2.Hadur 3.9	hapiel.Spiral 0.1	weak		4	32	1	1	452	69.3	0.0	0.2222	0	0
hadur2.Hadur 3.9	hapiel.Spiral 0.1	weak		4	33	1	1	355	89.6	0.0	0.4167	0	0
hadur2.Hadur 3.9	hapiel.Spiral 0.1	weak		4	34	1	1	450	84.6	1.6	0.2778	0	7
hadur2.Hadur 3.9	hirataatsushi.Trinity 0.003	weak		1	0	1	1	409	79.0	12.0	0.3750	0	7
hadur2.Hadur 3.9	hirataatsushi.Trinity 0.003	weak		1	1	1	1	420	78.0	4.0	0.3529	0	0
hadur2.Hadur 3.9	hirataatsushi.Trinity 0.003	weak		1	2	1	1	386	81.0	4.0	0.4667	0	0
hadur2.Hadur 3.9	hirataatsushi.Trinity 0.003	weak		1	3	1	1	348	84.0	0.0	0.6667	0	0
hadur2.Hadur 3.9	hirataatsushi.Trinity 0.003	weak		1	4	1	1	356	92.4	36.0	0.5000	0	0
hadur2.Hadur 3.9	hirataatsushi.Trinity 0.003	weak		1	5	1	1	274	94.0	4.0	0.8333	0	0
hadur2.Hadur 3.9	hirataatsushi.Trinity 0.003	weak		1	6	1	1	371	82.0	4.0	0.3846	0	0
hadur2.Hadur 3.9	hirataatsushi.Trinity 0.003	weak		1	7	1	1	287	93.4	8.0	0.7143	0	0
hadur2.Hadur 3.9	hirataatsushi.Trinity 0.003	weak		1	8	1	1	352	83.0	0.0	0.4545	0	0
hadur2.Hadur 3.9	hirataatsushi.Trinity 0.003	weak		1	9	1	1	338	84.0	4.0	0.5000	0	0
hadur2.Hadur 3.9	hirataatsushi.Trinity 0.003	weak		1	10	1	1	429	80.0	8.0	0.2500	0	1
hadur2.Hadur 3.9	hirataatsushi.Trinity 0.003	weak		1	11	1	1	354	80.0	0.0	0.4167	0	0
hadur2.Hadur 3.9	hirataatsushi.Trinity 0.003	weak		1	12	1	1	350	90.0	8.0	0.4545	0	0
hadur2.Hadur 3.9	hirataatsushi.Trinity 0.003	weak		1	13	1	1	379	87.0	24.0	0.4615	0	0
hadur2.Hadur 3.9	hirataatsushi.Trinity 0.003	weak		1	14	1	1	400	83.0	8.0	0.3333	0	0
hadur2.Hadur 3.9	hirataatsushi.Trinity 0.003	weak		1	15	1	1	285	89.0	0.0	0.7143	0	0
hadur2.Hadur 3.9	hirataatsushi.Trinity 0.003	weak		1	16	1	1	290	95.0	12.0	0.7143	0	0
hadur2.Hadur 3.9	hirataatsushi.Trinity 0.003	weak		1	17	1	1	341	93.0	12.0	0.5000	0	0
hadur2.Hadur 3.9	hirataatsushi.Trinity 0.003	weak		1	18	1	1	379	94.0	36.0	0.3846	0	0
hadur2.Hadur 3.9	hirataatsushi.Trinity 0.003	weak		1	19	1	1	443	70.0	0.0	0.2353	0	0
hadur2.Hadur 3.9	hirataatsushi.Trinity 0.003	weak		1	20	1	1	300	90.0	4.0	0.6250	0	0
hadur2.Hadur 3.9	hirataatsushi.Trinity 0.003	weak		1	21	1	1	343	114.4	100.0	0.6364	0	0
hadur2.Hadur 3.9	hirataatsushi.Trinity 0.003	weak		1	22	1	1	288	94.0	8.0	0.7143	0	0
hadur2.Hadur 3.9	hirataatsushi.Trinity 0.003	weak		1	23	1	1	420	87.0	12.0	0.3125	0	0
hadur2.Hadur 3.9	hirataatsushi.Trinity 0.003	weak		1	24	1	1	271	96.0	8.0	0.8333	0	0
hadur2.Hadur 3.9	hirataatsushi.Trinity 0.003	weak		1	25	1	1	344	84.0	4.0	0.4545	0	0
hadur2.Hadur 3.9	hirataatsushi.Trinity 0.003	weak		1	26	1	1	462	72.0	8.0	0.2222	0	0
hadur2.Hadur 3.9	hirataatsushi.Trinity 0.003	weak		1	27	1	1	323	86.0	4.0	0.5556	0	0
hadur2.Hadur 3.9	hirataatsushi.Trinity 0.003	weak		1	28	1	1	360	86.0	8.0	0.4167	0	0
hadur2.Hadur 3.9	hirataatsushi.Trinity 0.003	weak		1	29	1	1	372	85.0	4.0	0.4167	0	0
hadur2.Hadur 3.9	hirataatsushi.Trinity 0.003	weak		1	30	1	1	440	71.0	0.0	0.2353	0	0
hadur2.Hadur 3.9	hirataatsushi.Trinity 0.003	weak		1	31	1	1	368	79.0	0.0	0.3333	0	0
hadur2.Hadur 3.9	hirataatsushi.Trinity 0.003	weak		1	32	1	1	392	77.0	0.0	0.2857	0	0
hadur2.Hadur 3.9	hirataatsushi.Trinity 0.003	weak		1	33	1	1	308	90.0	4.0	0.6250	0	0
hadur2.Hadur 3.9	hirataatsushi.Trinity 0.003	weak		1	34	1	1	313	89.0	8.0	0.5556	0	6
hadur2.Hadur 3.9	hirataatsushi.Trinity 0.003	weak		2	0	1	1	355	92.0	16.0	0.5000	0	7
hadur2.Hadur 3.9	hirataatsushi.Trinity 0.003	weak		2	1	1	1	306	84.4	12.0	0.6667	0	0
hadur2.Hadur 3.9	hirataatsushi.Trinity 0.003	weak		2	2	1	1	572	109.0	80.0	0.3929	0	0
hadur2.Hadur 3.9	hirataatsushi.Trinity 0.003	weak		2	3	1	1	375	82.5	4.0	0.5000	0	0
hadur2.Hadur 3.9	hirataatsushi.Trinity 0.003	weak		2	4	1	1	357	93.0	24.0	0.5833	0	0
hadur2.Hadur 3.9	hirataatsushi.Trinity 0.003	weak		2	5	1	1	348	87.0	8.0	0.4545	0	0
hadur2.Hadur 3.9	hirataatsushi.Trinity 0.003	weak		2	6	1	1	343	84.0	0.0	0.4545	0	1
hadur2.Hadur 3.9	hirataatsushi.Trinity 0.003	weak		2	7	1	1	378	82.0	4.0	0.3846	0	0
hadur2.Hadur 3.9	hirataatsushi.Trinity 0.003	weak		2	8	1	1	274	92.0	0.0	0.8333	0	0
hadur2.Hadur 3.9	hirataatsushi.Trinity 0.003	weak		2	9	1	1	399	83.0	4.0	0.3571	0	0
hadur2.Hadur 3.9	hirataatsushi.Trinity 0.003	weak		2	10	1	1	274	92.0	0.0	0.8333	0	0
hadur2.Hadur 3.9	hirataatsushi.Trinity 0.003	weak		2	11	1	1	308	86.0	0.0	0.6250	0	0
hadur2.Hadur 3.9	hirataatsushi.Trinity 0.003	weak		2	12	1	1	390	88.0	24.0	0.3846	0	0
hadur2.Hadur 3.9	hirataatsushi.Trinity 0.003	weak		2	13	1	1	340	87.0	4.0	0.5000	0	0
hadur2.Hadur 3.9	hirataatsushi.Trinity 0.003	weak		2	14	1	1	345	79.0	0.0	0.3636	0	0
hadur2.Hadur 3.9	hirataatsushi.Trinity 0.003	weak		2	15	1	1	291	93.4	4.0	0.7143	0	0
hadur2.Hadur 3.9	hirataatsushi.Trinity 0.003	weak		2	16	1	1	327	91.0	12.0	0.5000	0	0
hadur2.Hadur 3.9	hirataatsushi.Trinity 0.003	weak		2	17	1	1	338	90.0	4.0	0.5000	0	0
hadur2.Hadur 3.9	hirataatsushi.Trinity 0.003	weak		2	18	1	1	305	87.0	0.0	0.6250	0	0
hadur2.Hadur 3.9	hirataatsushi.Trinity 0.003	weak		2	19	1	1	310	90.0	0.0	0.5556	0	0
hadur2.Hadur 3.9	hirataatsushi.Trinity 0.003	weak		2	20	1	1	333	82.0	0.0	0.5000	0	0
hadur2.Hadur 3.9	hirataatsushi.Trinity 0.003	weak		2	21	1	1	274	92.0	0.0	0.8333	0	0
hadur2.Hadur 3.9	hirataatsushi.Trinity 0.003	weak		2	22	1	1	304	94.0	24.0	0.6250	0	0
hadur2.Hadur 3.9	hirataatsushi.Trinity 0.003	weak		2	23	1	1	325	82.5	4.0	0.5000	0	0
hadur2.Hadur 3.9	hirataatsushi.Trinity 0.003	weak		2	24	1	1	302	93.0	4.0	0.6250	0	0
hadur2.Hadur 3.9	hirataatsushi.Trinity 0.003	weak		2	25	1	1	287	91.0	0.0	0.7143	0	0
hadur2.Hadur 3.9	hirataatsushi.Trinity 0.003	weak		2	26	1	1	415	78.5	0.0	0.2667	0	0
hadur2.Hadur 3.9	hirataatsushi.Trinity 0.003	weak		2	27	1	1	335	85.0	0.0	0.5000	0	0
hadur2.Hadur 3.9	hirataatsushi.Trinity 0.003	weak		2	28	1	1	381	82.0	4.0	0.3846	0	0
hadur2.Hadur 3.9	hirataatsushi.Trinity 0.003	weak		2	29	1	1	335	85.0	0.0	0.5000	0	0
hadur2.Hadur 3.9	hirataatsushi.Trinity 0.003	weak		2	30	1	1	371	80.0	0.0	0.3846	0	0
hadur2.Hadur 3.9	hirataatsushi.Trinity 0.003	weak		2	31	1	1	373	79.0	4.0	0.3333	0	0
hadur2.Hadur 3.9	hirataatsushi.Trinity 0.003	weak		2	32	1	1	288	96.0	12.0	0.7143	0	0
hadur2.Hadur 3.9	hirataatsushi.Trinity 0.003	weak		2	33	1	1	293	91.0	0.0	0.6250	0	0
hadur2.Hadur 3.9	hirataatsushi.Trinity 0.003	weak		2	34	1	1	286	94.0	16.0	0.7143	0	6
hadur2.Hadur 3.9	hirataatsushi.Trinity 0.003	weak		3	0	1	1	466	105.8	60.0	0.3684	0	6
hadur2.Hadur 3.9	hirataatsushi.Trinity 0.003	weak		3	1	1	1	413	72.4	12.0	0.3529	0	0
hadur2.Hadur 3.9	hirataatsushi.Trinity 0.003	weak		3	2	1	1	473	74.0	4.0	0.2105	0	0
hadur2.Hadur 3.9	hirataatsushi.Trinity 0.003	weak		3	3	1	1	509	71.8	11.0	0.2381	0	0
hadur2.Hadur 3.9	hirataatsushi.Trinity 0.003	weak		3	4	1	1	438	80.0	4.0	0.2353	0	0
hadur2.Hadur 3.9	hirataatsushi.Trinity 0.003	weak		3	5	1	1	410	79.0	4.0	0.2667	0	0
hadur2.Hadur 3.9	hirataatsushi.Trinity 0.003	weak		3	6	1	1	367	85.0	0.0	0.4167	0	0
hadur2.Hadur 3.9	hirataatsushi.Trinity 0.003	weak		3	7	1	1	302	96.0	12.0	0.6250	0	0
hadur2.Hadur 3.9	hirataatsushi.Trinity 0.003	weak		3	8	1	1	365	82.0	0.0	0.4167	0	0
hadur2.Hadur 3.9	hirataatsushi.Trinity 0.003	weak		3	9	1	1	329	88.0	4.0	0.5000	0	0
hadur2.Hadur 3.9	hirataatsushi.Trinity 0.003	weak		3	10	1	1	386	87.0	8.0	0.3571	0	0
hadur2.Hadur 3.9	hirataatsushi.Trinity 0.003	weak		3	11	1	1	344	87.0	8.0	0.4545	0	0
hadur2.Hadur 3.9	hirataatsushi.Trinity 0.003	weak		3	12	1	1	363	86.0	0.0	0.4167	0	0
hadur2.Hadur 3.9	hirataatsushi.Trinity 0.003	weak		3	13	1	1	286	91.0	4.0	0.7143	0	0
hadur2.Hadur 3.9	hirataatsushi.Trinity 0.003	weak		3	14	1	1	390	80.0	4.0	0.3077	0	0
hadur2.Hadur 3.9	hirataatsushi.Trinity 0.003	weak		3	15	1	1	355	86.0	8.0	0.4545	0	0
hadur2.Hadur 3.9	hirataatsushi.Trinity 0.003	weak		3	16	1	1	327	82.0	0.0	0.5000	0	0
hadur2.Hadur 3.9	hirataatsushi.Trinity 0.003	weak		3	17	1	1	337	88.0	8.0	0.5000	0	0
hadur2.Hadur 3.9	hirataatsushi.Trinity 0.003	weak		3	18	1	1	315	83.0	0.0	0.5556	0	0
hadur2.Hadur 3.9	hirataatsushi.Trinity 0.003	weak		3	19	1	1	406	88.0	16.0	0.3571	0	0
hadur2.Hadur 3.9	hirataatsushi.Trinity 0.003	weak		3	20	1	1	383	78.0	0.0	0.3077	0	0
hadur2.Hadur 3.9	hirataatsushi.Trinity 0.003	weak		3	21	1	1	392	80.0	0.0	0.2857	0	0
hadur2.Hadur 3.9	hirataatsushi.Trinity 0.003	weak		3	22	1	1	438	80.0	8.0	0.2353	0	0
hadur2.Hadur 3.9	hirataatsushi.Trinity 0.003	weak		3	23	1	1	417	81.0	8.0	0.3125	0	0
hadur2.Hadur 3.9	hirataatsushi.Trinity 0.003	weak		3	24	1	1	430	80.0	4.0	0.3125	0	0
hadur2.Hadur 3.9	hirataatsushi.Trinity 0.003	weak		3	25	1	1	421	81.0	8.0	0.3333	0	0
hadur2.Hadur 3.9	hirataatsushi.Trinity 0.003	weak		3	26	1	1	328	85.0	4.0	0.5000	0	0
hadur2.Hadur 3.9	hirataatsushi.Trinity 0.003	weak		3	27	1	1	712	65.0	24.0	0.1176	0	0
hadur2.Hadur 3.9	hirataatsushi.Trinity 0.003	weak		3	28	1	1	323	89.0	0.0	0.5556	0	0
hadur2.Hadur 3.9	hirataatsushi.Trinity 0.003	weak		3	29	1	1	306	90.0	0.0	0.6250	0	0
hadur2.Hadur 3.9	hirataatsushi.Trinity 0.003	weak		3	30	1	1	353	80.0	0.0	0.3636	0	0
hadur2.Hadur 3.9	hirataatsushi.Trinity 0.003	weak		3	31	1	1	307	87.0	0.0	0.6250	0	0
hadur2.Hadur 3.9	hirataatsushi.Trinity 0.003	weak		3	32	1	1	353	83.0	0.0	0.4545	0	0
hadur2.Hadur 3.9	hirataatsushi.Trinity 0.003	weak		3	33	1	1	375	85.0	8.0	0.3846	0	0
hadur2.Hadur 3.9	hirataatsushi.Trinity 0.003	weak		3	34	1	1	344	84.0	4.0	0.4545	0	13
hadur2.Hadur 3.9	hirataatsushi.Trinity 0.003	weak		4	0	1	1	306	108.0	28.0	0.7778	0	7
hadur2.Hadur 3.9	hirataatsushi.Trinity 0.003	weak		4	1	1	1	380	84.0	4.0	0.3846	0	0
hadur2.Hadur 3.9	hirataatsushi.Trinity 0.003	weak		4	2	0	0	299	48.0	83.7	0.3750	0	0
hadur2.Hadur 3.9	hirataatsushi.Trinity 0.003	weak		4	3	1	1	343	90.0	8.0	0.4545	0	0
hadur2.Hadur 3.9	hirataatsushi.Trinity 0.003	weak		4	4	1	1	373	79.0	0.0	0.3333	0	0
hadur2.Hadur 3.9	hirataatsushi.Trinity 0.003	weak		4	5	1	1	390	86.0	8.0	0.4286	0	0
hadur2.Hadur 3.9	hirataatsushi.Trinity 0.003	weak		4	6	1	1	310	87.0	4.0	0.6667	0	0
hadur2.Hadur 3.9	hirataatsushi.Trinity 0.003	weak		4	7	1	1	290	94.0	4.0	0.7143	0	0
hadur2.Hadur 3.9	hirataatsushi.Trinity 0.003	weak		4	8	1	1	377	78.0	0.0	0.3077	0	0
hadur2.Hadur 3.9	hirataatsushi.Trinity 0.003	weak		4	9	1	1	396	83.0	4.0	0.3571	0	0
hadur2.Hadur 3.9	hirataatsushi.Trinity 0.003	weak		4	10	1	1	493	70.0	0.0	0.2000	0	0
hadur2.Hadur 3.9	hirataatsushi.Trinity 0.003	weak		4	11	1	1	449	80.0	8.0	0.2941	0	0
hadur2.Hadur 3.9	hirataatsushi.Trinity 0.003	weak		4	12	1	1	323	86.0	0.0	0.5556	0	0
hadur2.Hadur 3.9	hirataatsushi.Trinity 0.003	weak		4	13	1	1	273	92.0	0.0	0.8333	0	0
hadur2.Hadur 3.9	hirataatsushi.Trinity 0.003	weak		4	14	1	1	517	64.0	0.0	0.1739	0	0
hadur2.Hadur 3.9	hirataatsushi.Trinity 0.003	weak		4	15	1	1	437	80.0	12.0	0.2941	0	0
hadur2.Hadur 3.9	hirataatsushi.Trinity 0.003	weak		4	16	1	1	372	76.0	4.0	0.3333	0	0
hadur2.Hadur 3.9	hirataatsushi.Trinity 0.003	weak		4	17	1	1	480	71.0	4.0	0.2105	0	0
hadur2.Hadur 3.9	hirataatsushi.Trinity 0.003	weak		4	18	1	1	416	84.0	8.0	0.3333	0	0
hadur2.Hadur 3.9	hirataatsushi.Trinity 0.003	weak		4	19	1	1	383	84.0	4.0	0.3846	0	0
hadur2.Hadur 3.9	hirataatsushi.Trinity 0.003	weak		4	20	1	1	317	89.0	4.0	0.5556	0	0
hadur2.Hadur 3.9	hirataatsushi.Trinity 0.003	weak		4	21	1	1	354	89.0	12.0	0.4545	0	0
hadur2.Hadur 3.9	hirataatsushi.Trinity 0.003	weak		4	22	1	1	300	87.0	0.0	0.6250	0	0
hadur2.Hadur 3.9	hirataatsushi.Trinity 0.003	weak		4	23	1	1	355	83.0	0.0	0.4545	0	0
hadur2.Hadur 3.9	hirataatsushi.Trinity 0.003	weak		4	24	1	1	276	92.0	0.0	0.8333	0	0
hadur2.Hadur 3.9	hirataatsushi.Trinity 0.003	weak		4	25	1	1	345	84.0	8.0	0.4545	0	0
hadur2.Hadur 3.9	hirataatsushi.Trinity 0.003	weak		4	26	1	1	337	88.0	4.0	0.5000	0	0
hadur2.Hadur 3.9	hirataatsushi.Trinity 0.003	weak		4	27	1	1	487	82.0	16.0	0.4348	0	0
hadur2.Hadur 3.9	hirataatsushi.Trinity 0.003	weak		4	28	1	1	412	73.0	0.0	0.2667	0	0
hadur2.Hadur 3.9	hirataatsushi.Trinity 0.003	weak		4	29	1	1	333	85.0	4.0	0.5000	0	0
hadur2.Hadur 3.9	hirataatsushi.Trinity 0.003	weak		4	30	1	1	281	95.0	8.0	0.7143	0	0
hadur2.Hadur 3.9	hirataatsushi.Trinity 0.003	weak		4	31	1	1	324	92.0	4.0	0.5556	0	0
hadur2.Hadur 3.9	hirataatsushi.Trinity 0.003	weak		4	32	1	1	416	80.0	4.0	0.3125	0	0
hadur2.Hadur 3.9	hirataatsushi.Trinity 0.003	weak		4	33	1	1	459	72.0	4.0	0.2222	0	0
hadur2.Hadur 3.9	hirataatsushi.Trinity 0.003	weak		4	34	1	1	340	93.0	12.0	0.5000	0	5
hadur2.Hadur 3.9	hlavko.nano.Ringo 2.0	weak		1	0	1	1	473	40.9	16.0	0.1429	0	6
hadur2.Hadur 3.9	hlavko.nano.Ringo 2.0	weak		1	1	1	1	560	25.4	0.0	0.0714	0	0
hadur2.Hadur 3.9	hlavko.nano.Ringo 2.0	weak		1	2	1	1	571	29.2	0.0	0.1034	0	0
hadur2.Hadur 3.9	hlavko.nano.Ringo 2.0	weak		1	3	1	1	342	72.3	16.0	0.5000	0	0
hadur2.Hadur 3.9	hlavko.nano.Ringo 2.0	weak		1	4	1	1	429	51.1	0.0	0.1875	0	0
hadur2.Hadur 3.9	hlavko.nano.Ringo 2.0	weak		1	5	1	1	519	48.8	0.0	0.1250	0	0
hadur2.Hadur 3.9	hlavko.nano.Ringo 2.0	weak		1	6	1	1	406	65.7	0.0	0.2500	0	0
hadur2.Hadur 3.9	hlavko.nano.Ringo 2.0	weak		1	7	1	1	458	43.8	0.0	0.1111	0	0
hadur2.Hadur 3.9	hlavko.nano.Ringo 2.0	weak		1	8	1	1	669	43.5	34.1	0.1389	0	0
hadur2.Hadur 3.9	hlavko.nano.Ringo 2.0	weak		1	9	1	1	467	49.3	0.0	0.2381	0	0
hadur2.Hadur 3.9	hlavko.nano.Ringo 2.0	weak		1	10	1	1	341	70.7	0.0	0.4545	0	0
hadur2.Hadur 3.9	hlavko.nano.Ringo 2.0	weak		1	11	1	1	354	80.0	0.0	0.3846	0	0
hadur2.Hadur 3.9	hlavko.nano.Ringo 2.0	weak		1	12	1	1	454	49.2	0.0	0.1579	0	0
hadur2.Hadur 3.9	hlavko.nano.Ringo 2.0	weak		1	13	1	1	365	64.3	0.0	0.3333	0	0
hadur2.Hadur 3.9	hlavko.nano.Ringo 2.0	weak		1	14	1	1	411	55.4	0.0	0.2000	0	0
hadur2.Hadur 3.9	hlavko.nano.Ringo 2.0	weak		1	15	1	1	282	79.0	16.0	0.5714	0	0
hadur2.Hadur 3.9	hlavko.nano.Ringo 2.0	weak		1	16	1	1	393	56.5	0.0	0.2143	0	0
hadur2.Hadur 3.9	hlavko.nano.Ringo 2.0	weak		1	17	1	1	397	55.7	0.0	0.2143	0	0
hadur2.Hadur 3.9	hlavko.nano.Ringo 2.0	weak		1	18	1	1	451	49.6	0.0	0.1667	0	0
hadur2.Hadur 3.9	hlavko.nano.Ringo 2.0	weak		1	19	1	1	320	72.1	0.0	0.4444	0	0
hadur2.Hadur 3.9	hlavko.nano.Ringo 2.0	weak		1	20	1	1	432	48.0	0.0	0.1875	0	0
hadur2.Hadur 3.9	hlavko.nano.Ringo 2.0	weak		1	21	1	1	424	64.5	0.0	0.2222	0	0
hadur2.Hadur 3.9	hlavko.nano.Ringo 2.0	weak		1	22	1	1	409	55.9	34.4	0.2000	0	0
hadur2.Hadur 3.9	hlavko.nano.Ringo 2.0	weak		1	23	1	1	406	61.5	16.0	0.2000	0	0
hadur2.Hadur 3.9	hlavko.nano.Ringo 2.0	weak		1	24	1	1	422	54.1	0.0	0.1875	0	0
hadur2.Hadur 3.9	hlavko.nano.Ringo 2.0	weak		1	25	1	1	491	38.9	0.0	0.1000	0	0
hadur2.Hadur 3.9	hlavko.nano.Ringo 2.0	weak		1	26	1	1	455	49.0	0.0	0.2105	0	0
hadur2.Hadur 3.9	hlavko.nano.Ringo 2.0	weak		1	27	1	1	401	55.9	0.0	0.2667	0	0
hadur2.Hadur 3.9	hlavko.nano.Ringo 2.0	weak		1	28	1	1	406	80.1	16.4	0.2941	0	0
hadur2.Hadur 3.9	hlavko.nano.Ringo 2.0	weak		1	29	1	1	410	55.0	0.0	0.2000	0	0
hadur2.Hadur 3.9	hlavko.nano.Ringo 2.0	weak		1	30	1	1	368	67.3	0.0	0.3077	0	0
hadur2.Hadur 3.9	hlavko.nano.Ringo 2.0	weak		1	31	1	1	357	62.7	0.0	0.2727	0	0
hadur2.Hadur 3.9	hlavko.nano.Ringo 2.0	weak		1	32	1	1	343	58.7	0.0	0.2727	0	0
hadur2.Hadur 3.9	hlavko.nano.Ringo 2.0	weak		1	33	1	1	436	47.5	0.0	0.1250	0	0
hadur2.Hadur 3.9	hlavko.nano.Ringo 2.0	weak		1	34	1	1	376	64.0	1.4	0.3077	0	6
hadur2.Hadur 3.9	hlavko.nano.Ringo 2.0	weak		2	0	1	1	566	26.7	0.0	0.0714	0	6
hadur2.Hadur 3.9	hlavko.nano.Ringo 2.0	weak		2	1	1	1	466	43.8	0.0	0.1905	0	0
hadur2.Hadur 3.9	hlavko.nano.Ringo 2.0	weak		2	2	1	1	556	33.1	0.0	0.1154	0	0
hadur2.Hadur 3.9	hlavko.nano.Ringo 2.0	weak		2	3	1	1	369	65.1	0.0	0.4286	0	0
hadur2.Hadur 3.9	hlavko.nano.Ringo 2.0	weak		2	4	1	1	400	55.8	0.0	0.2143	0	0
hadur2.Hadur 3.9	hlavko.nano.Ringo 2.0	weak		2	5	1	1	298	73.9	0.0	0.5000	0	0
hadur2.Hadur 3.9	hlavko.nano.Ringo 2.0	weak		2	6	1	1	390	67.5	16.0	0.2857	0	0
hadur2.Hadur 3.9	hlavko.nano.Ringo 2.0	weak		2	7	1	1	445	51.2	0.0	0.1667	0	0
hadur2.Hadur 3.9	hlavko.nano.Ringo 2.0	weak		2	8	1	1	379	59.9	0.0	0.2308	0	0
hadur2.Hadur 3.9	hlavko.nano.Ringo 2.0	weak		2	9	1	1	436	47.7	0.0	0.1250	0	0
hadur2.Hadur 3.9	hlavko.nano.Ringo 2.0	weak		2	10	1	1	438	53.8	0.0	0.1765	0	0
hadur2.Hadur 3.9	hlavko.nano.Ringo 2.0	weak		2	11	1	1	389	70.2	16.0	0.3571	0	0
hadur2.Hadur 3.9	hlavko.nano.Ringo 2.0	weak		2	12	1	1	377	59.9	0.0	0.2308	0	0
hadur2.Hadur 3.9	hlavko.nano.Ringo 2.0	weak		2	13	1	1	495	41.6	0.0	0.1000	0	0
hadur2.Hadur 3.9	hlavko.nano.Ringo 2.0	weak		2	14	1	1	467	50.9	0.0	0.1579	0	0
hadur2.Hadur 3.9	hlavko.nano.Ringo 2.0	weak		2	15	1	1	390	56.0	0.0	0.2308	0	0
hadur2.Hadur 3.9	hlavko.nano.Ringo 2.0	weak		2	16	1	1	450	46.8	0.0	0.1579	0	0
hadur2.Hadur 3.9	hlavko.nano.Ringo 2.0	weak		2	17	1	1	412	51.6	0.0	0.2941	0	0
hadur2.Hadur 3.9	hlavko.nano.Ringo 2.0	weak		2	18	1	1	402	55.7	0.0	0.2143	0	0
hadur2.Hadur 3.9	hlavko.nano.Ringo 2.0	weak		2	19	1	1	426	52.1	0.0	0.1875	0	0
hadur2.Hadur 3.9	hlavko.nano.Ringo 2.0	weak		2	20	1	1	420	56.5	0.0	0.2000	0	0
hadur2.Hadur 3.9	hlavko.nano.Ringo 2.0	weak		2	21	1	1	467	49.3	0.0	0.1579	0	0
hadur2.Hadur 3.9	hlavko.nano.Ringo 2.0	weak		2	22	1	1	466	55.8	16.0	0.2000	0	0
hadur2.Hadur 3.9	hlavko.nano.Ringo 2.0	weak		2	23	1	1	385	65.6	0.0	0.2857	0	0
hadur2.Hadur 3.9	hlavko.nano.Ringo 2.0	weak		2	24	1	1	323	68.3	0.0	0.4444	0	0
hadur2.Hadur 3.9	hlavko.nano.Ringo 2.0	weak		2	25	1	1	362	58.3	0.0	0.2500	0	0
hadur2.Hadur 3.9	hlavko.nano.Ringo 2.0	weak		2	26	1	1	485	44.7	0.0	0.1053	0	0
hadur2.Hadur 3.9	hlavko.nano.Ringo 2.0	weak		2	27	1	1	423	52.6	0.0	0.1875	0	0
hadur2.Hadur 3.9	hlavko.nano.Ringo 2.0	weak		2	28	1	1	300	71.7	0.0	0.5000	0	0
hadur2.Hadur 3.9	hlavko.nano.Ringo 2.0	weak		2	29	1	1	416	64.0	0.0	0.2353	0	0
hadur2.Hadur 3.9	hlavko.nano.Ringo 2.0	weak		2	30	1	1	343	62.1	0.0	0.2727	0	0
hadur2.Hadur 3.9	hlavko.nano.Ringo 2.0	weak		2	31	1	1	510	52.9	16.0	0.1364	0	0
hadur2.Hadur 3.9	hlavko.nano.Ringo 2.0	weak		2	32	1	1	364	60.4	0.0	0.2500	0	0
hadur2.Hadur 3.9	hlavko.nano.Ringo 2.0	weak		2	33	1	1	412	53.4	0.0	0.2000	0	0
hadur2.Hadur 3.9	hlavko.nano.Ringo 2.0	weak		2	34	1	1	373	66.0	0.0	0.3077	0	5
hadur2.Hadur 3.9	hlavko.nano.Ringo 2.0	weak		3	0	1	1	483	44.4	4.6	0.1818	0	4
hadur2.Hadur 3.9	hlavko.nano.Ringo 2.0	weak		3	1	1	1	437	45.6	0.0	0.2222	0	0
hadur2.Hadur 3.9	hlavko.nano.Ringo 2.0	weak		3	2	1	1	429	47.4	0.0	0.2222	0	0
hadur2.Hadur 3.9	hlavko.nano.Ringo 2.0	weak		3	3	1	1	309	71.6	0.0	0.5000	0	0
hadur2.Hadur 3.9	hlavko.nano.Ringo 2.0	weak		3	4	1	1	356	64.9	0.0	0.3636	0	0
hadur2.Hadur 3.9	hlavko.nano.Ringo 2.0	weak		3	5	1	1	411	52.9	0.0	0.2000	0	0
hadur2.Hadur 3.9	hlavko.nano.Ringo 2.0	weak		3	6	1	1	328	68.8	0.0	0.4000	0	0
hadur2.Hadur 3.9	hlavko.nano.Ringo 2.0	weak		3	7	1	1	439	44.5	0.0	0.1176	0	0
hadur2.Hadur 3.9	hlavko.nano.Ringo 2.0	weak		3	8	1	1	431	51.8	0.0	0.1875	0	0
hadur2.Hadur 3.9	hlavko.nano.Ringo 2.0	weak		3	9	1	1	413	73.7	16.0	0.2941	0	0
hadur2.Hadur 3.9	hlavko.nano.Ringo 2.0	weak		3	10	1	1	522	39.6	0.0	0.0909	0	0
hadur2.Hadur 3.9	hlavko.nano.Ringo 2.0	weak		3	11	1	1	413	52.6	0.0	0.1875	0	0
hadur2.Hadur 3.9	hlavko.nano.Ringo 2.0	weak		3	12	1	1	371	64.0	0.0	0.2500	0	0
hadur2.Hadur 3.9	hlavko.nano.Ringo 2.0	weak		3	13	1	1	382	65.9	16.0	0.3077	0	0
hadur2.Hadur 3.9	hlavko.nano.Ringo 2.0	weak		3	14	1	1	398	60.3	0.0	0.2667	0	0
hadur2.Hadur 3.9	hlavko.nano.Ringo 2.0	weak		3	15	1	1	366	61.3	0.0	0.2500	0	0
hadur2.Hadur 3.9	hlavko.nano.Ringo 2.0	weak		3	16	1	1	417	53.1	0.0	0.2000	0	0
hadur2.Hadur 3.9	hlavko.nano.Ringo 2.0	weak		3	17	1	1	406	57.0	0.0	0.2000	0	0
hadur2.Hadur 3.9	hlavko.nano.Ringo 2.0	weak		3	18	1	1	441	50.5	0.0	0.1765	0	0
hadur2.Hadur 3.9	hlavko.nano.Ringo 2.0	weak		3	19	1	1	384	59.9	0.0	0.2308	0	0
hadur2.Hadur 3.9	hlavko.nano.Ringo 2.0	weak		3	20	1	1	366	66.1	0.0	0.3077	0	0
hadur2.Hadur 3.9	hlavko.nano.Ringo 2.0	weak		3	21	1	1	385	57.7	0.0	0.2308	0	0
hadur2.Hadur 3.9	hlavko.nano.Ringo 2.0	weak		3	22	1	1	355	65.0	0.0	0.3333	0	0
hadur2.Hadur 3.9	hlavko.nano.Ringo 2.0	weak		3	23	1	1	451	44.8	0.0	0.1176	0	0
hadur2.Hadur 3.9	hlavko.nano.Ringo 2.0	weak		3	24	1	1	432	46.2	0.0	0.1250	0	0
hadur2.Hadur 3.9	hlavko.nano.Ringo 2.0	weak		3	25	1	1	443	50.6	0.0	0.1765	0	0
hadur2.Hadur 3.9	hlavko.nano.Ringo 2.0	weak		3	26	1	1	470	54.8	0.0	0.2273	0	0
hadur2.Hadur 3.9	hlavko.nano.Ringo 2.0	weak		3	27	1	1	350	66.9	0.0	0.4167	0	0
hadur2.Hadur 3.9	hlavko.nano.Ringo 2.0	weak		3	28	1	1	358	59.3	0.0	0.2727	0	0
hadur2.Hadur 3.9	hlavko.nano.Ringo 2.0	weak		3	29	1	1	401	53.4	0.0	0.2143	0	0
hadur2.Hadur 3.9	hlavko.nano.Ringo 2.0	weak		3	30	1	1	486	53.0	16.0	0.1500	0	0
hadur2.Hadur 3.9	hlavko.nano.Ringo 2.0	weak		3	31	1	1	369	62.8	0.0	0.2500	0	0
hadur2.Hadur 3.9	hlavko.nano.Ringo 2.0	weak		3	32	1	1	526	48.0	16.2	0.1304	0	0
hadur2.Hadur 3.9	hlavko.nano.Ringo 2.0	weak		3	33	1	1	297	76.0	0.0	0.6250	0	0
hadur2.Hadur 3.9	hlavko.nano.Ringo 2.0	weak		3	34	1	1	354	60.5	0.0	0.2727	0	7
hadur2.Hadur 3.9	hlavko.nano.Ringo 2.0	weak		4	0	0	0	442	20.0	87.9	0.2105	257	3
hadur2.Hadur 3.9	hlavko.nano.Ringo 2.0	weak		4	1	1	1	590	15.7	0.0	0.0333	0	4
hadur2.Hadur 3.9	hlavko.nano.Ringo 2.0	weak		4	2	1	1	385	55.9	0.0	0.3333	0	0
hadur2.Hadur 3.9	hlavko.nano.Ringo 2.0	weak		4	3	1	1	517	31.2	0.0	0.1250	0	0
hadur2.Hadur 3.9	hlavko.nano.Ringo 2.0	weak		4	4	1	1	477	41.2	0.0	0.1905	0	0
hadur2.Hadur 3.9	hlavko.nano.Ringo 2.0	weak		4	5	1	1	430	50.1	0.0	0.1875	0	0
hadur2.Hadur 3.9	hlavko.nano.Ringo 2.0	weak		4	6	1	1	470	49.1	0.0	0.2381	0	0
hadur2.Hadur 3.9	hlavko.nano.Ringo 2.0	weak		4	7	1	1	574	22.3	0.0	0.0714	0	0
hadur2.Hadur 3.9	hlavko.nano.Ringo 2.0	weak		4	8	1	1	460	41.9	0.0	0.1905	0	0
hadur2.Hadur 3.9	hlavko.nano.Ringo 2.0	weak		4	9	1	1	524	37.1	0.0	0.1304	0	0
hadur2.Hadur 3.9	hlavko.nano.Ringo 2.0	weak		4	10	1	1	364	64.7	0.0	0.4615	0	0
hadur2.Hadur 3.9	hlavko.nano.Ringo 2.0	weak		4	11	1	1	516	42.1	16.0	0.0952	0	0
hadur2.Hadur 3.9	hlavko.nano.Ringo 2.0	weak		4	12	1	1	594	25.3	0.0	0.0690	0	0
hadur2.Hadur 3.9	hlavko.nano.Ringo 2.0	weak		4	13	1	1	322	66.2	0.0	0.5000	0	0
hadur2.Hadur 3.9	hlavko.nano.Ringo 2.0	weak		4	14	1	1	529	31.7	0.0	0.1250	0	0
hadur2.Hadur 3.9	hlavko.nano.Ringo 2.0	weak		4	15	1	1	366	64.0	0.0	0.3846	0	0
hadur2.Hadur 3.9	hlavko.nano.Ringo 2.0	weak		4	16	1	1	513	36.5	0.0	0.0909	0	0
hadur2.Hadur 3.9	hlavko.nano.Ringo 2.0	weak		4	17	1	1	366	58.7	0.0	0.2500	0	0
hadur2.Hadur 3.9	hlavko.nano.Ringo 2.0	weak		4	18	1	1	356	68.2	0.0	0.3333	0	0
hadur2.Hadur 3.9	hlavko.nano.Ringo 2.0	weak		4	19	1	1	482	41.3	0.0	0.1053	0	0
hadur2.Hadur 3.9	hlavko.nano.Ringo 2.0	weak		4	20	1	1	410	46.2	0.0	0.2000	0	0
hadur2.Hadur 3.9	hlavko.nano.Ringo 2.0	weak		4	21	1	1	375	80.0	16.0	0.3571	0	0
hadur2.Hadur 3.9	hlavko.nano.Ringo 2.0	weak		4	22	1	1	396	58.3	0.0	0.2143	0	0
hadur2.Hadur 3.9	hlavko.nano.Ringo 2.0	weak		4	23	1	1	497	39.8	0.0	0.1000	0	0
hadur2.Hadur 3.9	hlavko.nano.Ringo 2.0	weak		4	24	1	1	601	42.6	16.0	0.0741	0	0
hadur2.Hadur 3.9	hlavko.nano.Ringo 2.0	weak		4	25	1	1	408	55.1	0.0	0.2941	0	0
hadur2.Hadur 3.9	hlavko.nano.Ringo 2.0	weak		4	26	1	1	347	63.2	0.0	0.4167	0	0
hadur2.Hadur 3.9	hlavko.nano.Ringo 2.0	weak		4	27	1	1	302	71.4	0.0	0.5000	0	0
hadur2.Hadur 3.9	hlavko.nano.Ringo 2.0	weak		4	28	1	1	382	57.0	0.0	0.2308	0	0
hadur2.Hadur 3.9	hlavko.nano.Ringo 2.0	weak		4	29	1	1	379	54.8	0.0	0.2308	0	0
hadur2.Hadur 3.9	hlavko.nano.Ringo 2.0	weak		4	30	1	1	339	65.5	0.0	0.4000	0	0
hadur2.Hadur 3.9	hlavko.nano.Ringo 2.0	weak		4	31	1	1	344	65.7	0.0	0.3636	0	0
hadur2.Hadur 3.9	hlavko.nano.Ringo 2.0	weak		4	32	1	1	346	67.2	0.0	0.3636	0	0
hadur2.Hadur 3.9	hlavko.nano.Ringo 2.0	weak		4	33	1	1	490	36.1	0.0	0.1000	0	0
hadur2.Hadur 3.9	hlavko.nano.Ringo 2.0	weak		4	34	1	1	413	51.7	0.0	0.2000	0	4
hadur2.Hadur 3.9	jab.micro.Sanguijuela 0.8	weak		1	0	1	1	281	89.1	80.4	0.8571	0	6
hadur2.Hadur 3.9	jab.micro.Sanguijuela 0.8	weak		1	1	0	0	279	102.4	99.8	0.8571	0	0
hadur2.Hadur 3.9	jab.micro.Sanguijuela 0.8	weak		1	2	1	1	312	134.2	128.0	0.8889	0	0
hadur2.Hadur 3.9	jab.micro.Sanguijuela 0.8	weak		1	3	1	1	264	89.8	32.0	0.8333	0	0
hadur2.Hadur 3.9	jab.micro.Sanguijuela 0.8	weak		1	4	1	1	297	91.6	48.0	0.6250	0	0
hadur2.Hadur 3.9	jab.micro.Sanguijuela 0.8	weak		1	5	1	1	282	79.0	0.0	0.5714	0	0
hadur2.Hadur 3.9	jab.micro.Sanguijuela 0.8	weak		1	6	1	1	294	102.0	48.0	0.7500	0	0
hadur2.Hadur 3.9	jab.micro.Sanguijuela 0.8	weak		1	7	1	1	298	104.8	48.0	0.7500	0	0
hadur2.Hadur 3.9	jab.micro.Sanguijuela 0.8	weak		1	8	1	1	335	96.8	46.8	0.7273	0	0
hadur2.Hadur 3.9	jab.micro.Sanguijuela 0.8	weak		1	9	1	1	296	93.4	32.0	0.6250	0	0
hadur2.Hadur 3.9	jab.micro.Sanguijuela 0.8	weak		1	10	1	1	295	103.0	64.0	0.7500	0	0
hadur2.Hadur 3.9	jab.micro.Sanguijuela 0.8	weak		1	11	1	1	296	92.8	16.0	0.6250	0	0
hadur2.Hadur 3.9	jab.micro.Sanguijuela 0.8	weak		1	12	1	1	296	111.4	80.0	0.7500	0	0
hadur2.Hadur 3.9	jab.micro.Sanguijuela 0.8	weak		1	13	1	1	360	125.2	128.0	0.5833	0	0
hadur2.Hadur 3.9	jab.micro.Sanguijuela 0.8	weak		1	14	1	1	340	96.4	48.0	0.5455	0	0
hadur2.Hadur 3.9	jab.micro.Sanguijuela 0.8	weak		1	15	1	1	263	90.4	32.0	0.8333	0	0
hadur2.Hadur 3.9	jab.micro.Sanguijuela 0.8	weak		1	16	1	1	266	91.0	48.0	0.8333	0	0
hadur2.Hadur 3.9	jab.micro.Sanguijuela 0.8	weak		1	17	1	1	313	125.2	112.0	0.7778	0	0
hadur2.Hadur 3.9	jab.micro.Sanguijuela 0.8	weak		1	18	1	1	280	109.0	64.0	0.8571	0	0
hadur2.Hadur 3.9	jab.micro.Sanguijuela 0.8	weak		1	19	1	1	280	104.2	64.0	0.8571	0	0
hadur2.Hadur 3.9	jab.micro.Sanguijuela 0.8	weak		1	20	1	0	328	137.8	143.2	0.8000	0	0
hadur2.Hadur 3.9	jab.micro.Sanguijuela 0.8	weak		1	21	1	1	296	119.8	96.0	0.8750	0	0
hadur2.Hadur 3.9	jab.micro.Sanguijuela 0.8	weak		1	22	1	1	282	82.0	0.0	0.7143	0	0
hadur2.Hadur 3.9	jab.micro.Sanguijuela 0.8	weak		1	23	1	1	281	112.0	80.0	0.8571	0	0
hadur2.Hadur 3.9	jab.micro.Sanguijuela 0.8	weak		1	24	1	1	312	93.4	48.0	0.5556	0	0
hadur2.Hadur 3.9	jab.micro.Sanguijuela 0.8	weak		1	25	1	1	295	111.7	74.6	0.8750	0	0
hadur2.Hadur 3.9	jab.micro.Sanguijuela 0.8	weak		1	26	1	1	327	113.8	96.0	0.7000	0	0
hadur2.Hadur 3.9	jab.micro.Sanguijuela 0.8	weak		1	27	1	1	344	110.8	96.0	0.5455	0	0
hadur2.Hadur 3.9	jab.micro.Sanguijuela 0.8	weak		1	28	1	1	282	105.4	64.0	0.8571	0	0
hadur2.Hadur 3.9	jab.micro.Sanguijuela 0.8	weak		1	29	1	1	266	91.0	32.0	0.8333	0	0
hadur2.Hadur 3.9	jab.micro.Sanguijuela 0.8	weak		1	30	1	1	296	111.4	80.0	0.7500	0	0
hadur2.Hadur 3.9	jab.micro.Sanguijuela 0.8	weak		1	31	1	1	339	130.0	112.0	0.8182	0	0
hadur2.Hadur 3.9	jab.micro.Sanguijuela 0.8	weak		1	32	1	1	343	122.8	112.0	0.6364	0	0
hadur2.Hadur 3.9	jab.micro.Sanguijuela 0.8	weak		1	33	1	1	288	96.0	32.0	0.8571	0	0
hadur2.Hadur 3.9	jab.micro.Sanguijuela 0.8	weak		1	34	1	1	344	119.8	96.0	0.6364	0	6
hadur2.Hadur 3.9	jab.micro.Sanguijuela 0.8	weak		2	0	1	1	265	89.8	32.0	0.8333	0	5
hadur2.Hadur 3.9	jab.micro.Sanguijuela 0.8	weak		2	1	1	1	276	89.7	32.0	0.8571	0	0
hadur2.Hadur 3.9	jab.micro.Sanguijuela 0.8	weak		2	2	1	1	281	104.8	64.0	0.8571	0	0
hadur2.Hadur 3.9	jab.micro.Sanguijuela 0.8	weak		2	3	1	1	312	134.8	128.0	0.8889	0	0
hadur2.Hadur 3.9	jab.micro.Sanguijuela 0.8	weak		2	4	1	1	288	64.0	32.0	0.5714	0	0
hadur2.Hadur 3.9	jab.micro.Sanguijuela 0.8	weak		2	5	1	1	261	77.2	48.0	0.8333	0	0
hadur2.Hadur 3.9	jab.micro.Sanguijuela 0.8	weak		2	6	0	0	263	91.0	87.6	0.8333	0	0
hadur2.Hadur 3.9	jab.micro.Sanguijuela 0.8	weak		2	7	1	1	280	87.4	32.0	0.7143	0	0
hadur2.Hadur 3.9	jab.micro.Sanguijuela 0.8	weak		2	8	1	1	344	119.2	112.0	0.6364	0	0
hadur2.Hadur 3.9	jab.micro.Sanguijuela 0.8	weak		2	9	1	1	360	117.4	96.0	0.5833	0	0
hadur2.Hadur 3.9	jab.micro.Sanguijuela 0.8	weak		2	10	1	1	261	83.8	48.0	0.8333	0	0
hadur2.Hadur 3.9	jab.micro.Sanguijuela 0.8	weak		2	11	1	1	312	134.8	128.0	0.8889	0	0
hadur2.Hadur 3.9	jab.micro.Sanguijuela 0.8	weak		2	12	1	1	270	80.0	64.0	0.8333	0	0
hadur2.Hadur 3.9	jab.micro.Sanguijuela 0.8	weak		2	13	1	1	312	143.2	144.0	0.8889	0	0
hadur2.Hadur 3.9	jab.micro.Sanguijuela 0.8	weak		2	14	1	1	248	74.2	64.0	0.8000	0	0
hadur2.Hadur 3.9	jab.micro.Sanguijuela 0.8	weak		2	15	1	1	246	64.0	34.4	0.8000	0	0
hadur2.Hadur 3.9	jab.micro.Sanguijuela 0.8	weak		2	16	1	1	283	80.0	48.0	0.7143	0	0
hadur2.Hadur 3.9	jab.micro.Sanguijuela 0.8	weak		2	17	1	1	231	62.2	64.0	0.7500	0	0
hadur2.Hadur 3.9	jab.micro.Sanguijuela 0.8	weak		2	18	1	1	361	135.8	125.6	0.6667	0	0
hadur2.Hadur 3.9	jab.micro.Sanguijuela 0.8	weak		2	19	1	1	295	85.6	48.0	0.6250	0	0
hadur2.Hadur 3.9	jab.micro.Sanguijuela 0.8	weak		2	20	1	1	268	80.0	48.0	0.8333	0	0
hadur2.Hadur 3.9	jab.micro.Sanguijuela 0.8	weak		2	21	1	1	248	78.4	48.0	0.8000	0	0
hadur2.Hadur 3.9	jab.micro.Sanguijuela 0.8	weak		2	22	1	1	252	80.0	48.0	1.0000	0	0
hadur2.Hadur 3.9	jab.micro.Sanguijuela 0.8	weak		2	23	0	0	232	64.0	64.0	0.7500	0	0
hadur2.Hadur 3.9	jab.micro.Sanguijuela 0.8	weak		2	24	1	1	303	108.1	96.0	0.8750	0	0
hadur2.Hadur 3.9	jab.micro.Sanguijuela 0.8	weak		2	25	1	1	296	119.8	96.0	0.8750	0	0
hadur2.Hadur 3.9	jab.micro.Sanguijuela 0.8	weak		2	26	1	1	331	102.6	43.2	0.6000	0	0
hadur2.Hadur 3.9	jab.micro.Sanguijuela 0.8	weak		2	27	1	1	296	119.8	96.0	0.8750	0	0
hadur2.Hadur 3.9	jab.micro.Sanguijuela 0.8	weak		2	28	1	1	328	122.2	112.0	0.7000	0	0
hadur2.Hadur 3.9	jab.micro.Sanguijuela 0.8	weak		2	29	1	1	281	97.0	64.0	0.8571	0	0
hadur2.Hadur 3.9	jab.micro.Sanguijuela 0.8	weak		2	30	1	1	392	116.2	112.0	0.5000	0	0
hadur2.Hadur 3.9	jab.micro.Sanguijuela 0.8	weak		2	31	1	1	292	104.8	64.0	0.8750	0	0
hadur2.Hadur 3.9	jab.micro.Sanguijuela 0.8	weak		2	32	1	1	328	116.8	96.0	0.7000	0	0
hadur2.Hadur 3.9	jab.micro.Sanguijuela 0.8	weak		2	33	1	1	312	107.8	80.0	0.6667	0	0
hadur2.Hadur 3.9	jab.micro.Sanguijuela 0.8	weak		2	34	1	1	280	96.4	48.0	0.8571	0	5
hadur2.Hadur 3.9	jab.micro.Sanguijuela 0.8	weak		3	0	0	0	263	83.2	81.8	0.6667	0	1
hadur2.Hadur 3.9	jab.micro.Sanguijuela 0.8	weak		3	1	1	1	263	80.0	77.6	0.8333	0	0
hadur2.Hadur 3.9	jab.micro.Sanguijuela 0.8	weak		3	2	1	1	328	125.8	128.0	0.7000	0	0
hadur2.Hadur 3.9	jab.micro.Sanguijuela 0.8	weak		3	3	1	1	312	108.4	80.0	0.6667	0	0
hadur2.Hadur 3.9	jab.micro.Sanguijuela 0.8	weak		3	4	1	1	312	125.8	112.0	0.7778	0	0
hadur2.Hadur 3.9	jab.micro.Sanguijuela 0.8	weak		3	5	1	1	328	123.4	112.0	0.7000	0	0
hadur2.Hadur 3.9	jab.micro.Sanguijuela 0.8	weak		3	6	1	1	260	64.0	48.0	0.8000	0	0
hadur2.Hadur 3.9	jab.micro.Sanguijuela 0.8	weak		3	7	1	1	296	110.8	80.0	0.7500	0	0
hadur2.Hadur 3.9	jab.micro.Sanguijuela 0.8	weak		3	8	1	1	247	76.0	64.0	0.8000	0	0
hadur2.Hadur 3.9	jab.micro.Sanguijuela 0.8	weak		3	9	1	1	280	104.8	64.0	0.8571	0	0
hadur2.Hadur 3.9	jab.micro.Sanguijuela 0.8	weak		3	10	1	1	297	103.0	48.0	0.7500	0	0
hadur2.Hadur 3.9	jab.micro.Sanguijuela 0.8	weak		3	11	1	1	344	110.8	96.0	0.5455	0	0
hadur2.Hadur 3.9	jab.micro.Sanguijuela 0.8	weak		3	12	1	1	295	102.4	64.0	0.7500	0	0
hadur2.Hadur 3.9	jab.micro.Sanguijuela 0.8	weak		3	13	1	1	296	119.8	96.0	0.8750	0	0
hadur2.Hadur 3.9	jab.micro.Sanguijuela 0.8	weak		3	14	1	1	265	89.2	32.0	0.8333	0	0
hadur2.Hadur 3.9	jab.micro.Sanguijuela 0.8	weak		3	15	1	1	281	106.0	64.0	0.8571	0	0
hadur2.Hadur 3.9	jab.micro.Sanguijuela 0.8	weak		3	16	1	1	296	119.2	96.0	0.8750	0	0
hadur2.Hadur 3.9	jab.micro.Sanguijuela 0.8	weak		3	17	1	1	312	126.4	112.0	0.7778	0	0
hadur2.Hadur 3.9	jab.micro.Sanguijuela 0.8	weak		3	18	1	1	296	93.4	48.0	0.6250	0	0
hadur2.Hadur 3.9	jab.micro.Sanguijuela 0.8	weak		3	19	1	1	312	134.8	112.0	0.8889	0	0
hadur2.Hadur 3.9	jab.micro.Sanguijuela 0.8	weak		3	20	1	1	264	82.0	16.0	0.8333	0	0
hadur2.Hadur 3.9	jab.micro.Sanguijuela 0.8	weak		3	21	1	1	296	103.6	64.0	0.7500	0	0
hadur2.Hadur 3.9	jab.micro.Sanguijuela 0.8	weak		3	22	1	1	295	100.6	64.0	0.7500	0	0
hadur2.Hadur 3.9	jab.micro.Sanguijuela 0.8	weak		3	23	1	1	292	104.8	48.0	0.8750	0	0
hadur2.Hadur 3.9	jab.micro.Sanguijuela 0.8	weak		3	24	1	1	281	90.4	48.0	0.7143	0	0
hadur2.Hadur 3.9	jab.micro.Sanguijuela 0.8	weak		3	25	1	1	374	110.8	80.0	0.5385	0	0
hadur2.Hadur 3.9	jab.micro.Sanguijuela 0.8	weak		3	26	1	1	328	103.0	48.0	0.6000	0	0
hadur2.Hadur 3.9	jab.micro.Sanguijuela 0.8	weak		3	27	1	1	328	96.0	48.0	0.6000	0	0
hadur2.Hadur 3.9	jab.micro.Sanguijuela 0.8	weak		3	28	1	1	314	143.2	144.0	0.8889	0	0
hadur2.Hadur 3.9	jab.micro.Sanguijuela 0.8	weak		3	29	1	1	312	125.2	112.0	0.7778	0	0
hadur2.Hadur 3.9	jab.micro.Sanguijuela 0.8	weak		3	30	1	1	312	123.4	80.0	0.7778	0	0
hadur2.Hadur 3.9	jab.micro.Sanguijuela 0.8	weak		3	31	1	1	328	104.2	80.0	0.6000	0	0
hadur2.Hadur 3.9	jab.micro.Sanguijuela 0.8	weak		3	32	1	1	312	102.4	64.0	0.6667	0	0
hadur2.Hadur 3.9	jab.micro.Sanguijuela 0.8	weak		3	33	1	1	367	116.2	92.4	0.6154	0	0
hadur2.Hadur 3.9	jab.micro.Sanguijuela 0.8	weak		3	34	1	1	328	108.4	96.0	0.6000	0	6
hadur2.Hadur 3.9	jab.micro.Sanguijuela 0.8	weak		4	0	1	1	277	92.8	80.0	0.7143	0	6
hadur2.Hadur 3.9	jab.micro.Sanguijuela 0.8	weak		4	1	1	1	263	83.8	80.0	0.8333	0	0
hadur2.Hadur 3.9	jab.micro.Sanguijuela 0.8	weak		4	2	1	1	312	134.2	128.0	0.8889	0	0
hadur2.Hadur 3.9	jab.micro.Sanguijuela 0.8	weak		4	3	1	1	296	110.8	80.0	0.7500	0	0
hadur2.Hadur 3.9	jab.micro.Sanguijuela 0.8	weak		4	4	1	1	343	111.7	90.6	0.6364	0	0
hadur2.Hadur 3.9	jab.micro.Sanguijuela 0.8	weak		4	5	1	1	306	110.4	62.8	0.8889	0	0
hadur2.Hadur 3.9	jab.micro.Sanguijuela 0.8	weak		4	6	1	1	343	111.7	90.6	0.6364	0	0
hadur2.Hadur 3.9	jab.micro.Sanguijuela 0.8	weak		4	7	1	1	313	134.8	128.0	0.8889	0	0
hadur2.Hadur 3.9	jab.micro.Sanguijuela 0.8	weak		4	8	1	1	327	113.8	96.0	0.7000	0	0
hadur2.Hadur 3.9	jab.micro.Sanguijuela 0.8	weak		4	9	1	1	292	105.0	48.0	0.8750	0	0
hadur2.Hadur 3.9	jab.micro.Sanguijuela 0.8	weak		4	10	1	1	311	119.8	96.0	0.7778	0	0
hadur2.Hadur 3.9	jab.micro.Sanguijuela 0.8	weak		4	11	1	1	312	125.2	112.0	0.7778	0	0
hadur2.Hadur 3.9	jab.micro.Sanguijuela 0.8	weak		4	12	1	1	247	64.6	32.0	0.8000	0	0
hadur2.Hadur 3.9	jab.micro.Sanguijuela 0.8	weak		4	13	1	1	311	100.0	48.0	0.6667	0	0
hadur2.Hadur 3.9	jab.micro.Sanguijuela 0.8	weak		4	14	1	1	330	125.8	112.0	0.7000	0	0
hadur2.Hadur 3.9	jab.micro.Sanguijuela 0.8	weak		4	15	1	1	297	87.4	32.0	0.6250	0	0
hadur2.Hadur 3.9	jab.micro.Sanguijuela 0.8	weak		4	16	1	1	312	143.8	144.0	0.8889	0	0
hadur2.Hadur 3.9	jab.micro.Sanguijuela 0.8	weak		4	17	1	1	298	110.8	80.0	0.7500	0	0
hadur2.Hadur 3.9	jab.micro.Sanguijuela 0.8	weak		4	18	1	1	309	84.4	32.0	0.5556	0	0
hadur2.Hadur 3.9	jab.micro.Sanguijuela 0.8	weak		4	19	1	1	295	110.8	76.4	0.8750	0	0
hadur2.Hadur 3.9	jab.micro.Sanguijuela 0.8	weak		4	20	1	1	281	107.8	48.0	0.8571	0	0
hadur2.Hadur 3.9	jab.micro.Sanguijuela 0.8	weak		4	21	1	1	344	112.6	69.2	0.6364	0	0
hadur2.Hadur 3.9	jab.micro.Sanguijuela 0.8	weak		4	22	1	1	296	119.8	96.0	0.8750	0	0
hadur2.Hadur 3.9	jab.micro.Sanguijuela 0.8	weak		4	23	1	1	312	101.8	64.0	0.6667	0	0
hadur2.Hadur 3.9	jab.micro.Sanguijuela 0.8	weak		4	24	1	1	296	111.7	74.6	0.8750	0	0
hadur2.Hadur 3.9	jab.micro.Sanguijuela 0.8	weak		4	25	1	1	370	117.4	96.0	0.6154	0	0
hadur2.Hadur 3.9	jab.micro.Sanguijuela 0.8	weak		4	26	1	1	309	124.0	90.6	0.8889	0	0
hadur2.Hadur 3.9	jab.micro.Sanguijuela 0.8	weak		4	27	1	1	313	107.8	80.0	0.6667	0	0
hadur2.Hadur 3.9	jab.micro.Sanguijuela 0.8	weak		4	28	1	1	296	102.4	64.0	0.7500	0	0
hadur2.Hadur 3.9	jab.micro.Sanguijuela 0.8	weak		4	29	1	1	313	125.8	112.0	0.7778	0	0
hadur2.Hadur 3.9	jab.micro.Sanguijuela 0.8	weak		4	30	1	1	278	64.0	40.8	0.5714	0	0
hadur2.Hadur 3.9	jab.micro.Sanguijuela 0.8	weak		4	31	1	1	281	106.0	64.0	0.8571	0	0
hadur2.Hadur 3.9	jab.micro.Sanguijuela 0.8	weak		4	32	1	1	307	123.4	80.0	0.8889	0	0
hadur2.Hadur 3.9	jab.micro.Sanguijuela 0.8	weak		4	33	1	1	312	135.4	128.0	0.8889	0	0
hadur2.Hadur 3.9	jab.micro.Sanguijuela 0.8	weak		4	34	1	1	296	119.8	96.0	0.8750	0	5
hadur2.Hadur 3.9	jmcd.BeoWulf 2.8	weak		1	0	1	1	658	62.8	16.4	0.1765	0	6
hadur2.Hadur 3.9	jmcd.BeoWulf 2.8	weak		1	1	1	1	584	72.9	23.6	0.2581	0	0
hadur2.Hadur 3.9	jmcd.BeoWulf 2.8	weak		1	2	0	0	810	32.8	34.5	0.0930	0	0
hadur2.Hadur 3.9	jmcd.BeoWulf 2.8	weak		1	3	1	1	574	57.1	20.6	0.1852	0	0
hadur2.Hadur 3.9	jmcd.BeoWulf 2.8	weak		1	4	1	1	1260	29.0	41.6	0.2360	0	0
hadur2.Hadur 3.9	jmcd.BeoWulf 2.8	weak		1	5	1	1	952	49.3	23.0	0.1071	0	0
hadur2.Hadur 3.9	jmcd.BeoWulf 2.8	weak		1	6	1	1	962	34.5	7.0	0.0862	0	0
hadur2.Hadur 3.9	jmcd.BeoWulf 2.8	weak		1	7	1	1	960	44.9	24.7	0.1186	0	0
hadur2.Hadur 3.9	jmcd.BeoWulf 2.8	weak		1	8	1	1	1015	48.9	51.2	0.2239	0	0
hadur2.Hadur 3.9	jmcd.BeoWulf 2.8	weak		1	9	1	1	615	67.6	23.6	0.1379	0	0
hadur2.Hadur 3.9	jmcd.BeoWulf 2.8	weak		1	10	1	1	695	71.6	36.3	0.1471	0	0
hadur2.Hadur 3.9	jmcd.BeoWulf 2.8	weak		1	11	1	1	591	56.2	0.0	0.1667	0	0
hadur2.Hadur 3.9	jmcd.BeoWulf 2.8	weak		1	12	1	1	568	68.2	12.5	0.2222	0	0
hadur2.Hadur 3.9	jmcd.BeoWulf 2.8	weak		1	13	1	1	753	40.5	6.4	0.1000	0	0
hadur2.Hadur 3.9	jmcd.BeoWulf 2.8	weak		1	14	1	1	630	61.2	13.5	0.1818	0	0
hadur2.Hadur 3.9	jmcd.BeoWulf 2.8	weak		1	15	1	1	543	71.8	11.8	0.2400	0	0
hadur2.Hadur 3.9	jmcd.BeoWulf 2.8	weak		1	16	1	1	822	54.5	23.4	0.1556	0	0
hadur2.Hadur 3.9	jmcd.BeoWulf 2.8	weak		1	17	1	1	710	62.7	25.7	0.1351	0	0
hadur2.Hadur 3.9	jmcd.BeoWulf 2.8	weak		1	18	1	1	518	78.5	22.1	0.2609	0	0
hadur2.Hadur 3.9	jmcd.BeoWulf 2.8	weak		1	19	1	1	625	57.7	6.5	0.1290	0	0
hadur2.Hadur 3.9	jmcd.BeoWulf 2.8	weak		1	20	1	1	712	53.8	13.8	0.1351	0	0
hadur2.Hadur 3.9	jmcd.BeoWulf 2.8	weak		1	21	1	1	642	63.5	15.5	0.1765	0	0
hadur2.Hadur 3.9	jmcd.BeoWulf 2.8	weak		1	22	1	1	565	60.9	6.0	0.1852	0	0
hadur2.Hadur 3.9	jmcd.BeoWulf 2.8	weak		1	23	0	0	1237	8.2	49.8	0.1461	0	0
hadur2.Hadur 3.9	jmcd.BeoWulf 2.8	weak		1	24	1	1	954	57.1	29.7	0.1207	0	0
hadur2.Hadur 3.9	jmcd.BeoWulf 2.8	weak		1	25	1	1	608	53.5	0.0	0.1613	0	2
hadur2.Hadur 3.9	jmcd.BeoWulf 2.8	weak		1	26	1	1	621	62.3	6.3	0.1875	0	0
hadur2.Hadur 3.9	jmcd.BeoWulf 2.8	weak		1	27	1	1	1509	18.8	54.8	0.1491	0	0
hadur2.Hadur 3.9	jmcd.BeoWulf 2.8	weak		1	28	1	1	885	44.7	17.6	0.1154	0	1
hadur2.Hadur 3.9	jmcd.BeoWulf 2.8	weak		1	29	1	1	910	60.6	28.6	0.1273	0	0
hadur2.Hadur 3.9	jmcd.BeoWulf 2.8	weak		1	30	1	1	466	77.2	11.7	0.3333	0	0
hadur2.Hadur 3.9	jmcd.BeoWulf 2.8	weak		1	31	1	1	1029	36.4	9.5	0.1406	0	1
hadur2.Hadur 3.9	jmcd.BeoWulf 2.8	weak		1	32	1	1	1001	42.2	24.1	0.1429	0	0
hadur2.Hadur 3.9	jmcd.BeoWulf 2.8	weak		1	33	1	1	472	73.9	10.2	0.2500	0	0
hadur2.Hadur 3.9	jmcd.BeoWulf 2.8	weak		1	34	1	1	592	62.4	9.2	0.1429	0	8
hadur2.Hadur 3.9	jmcd.BeoWulf 2.8	weak		2	0	1	1	767	40.0	27.0	0.1333	298	7
hadur2.Hadur 3.9	jmcd.BeoWulf 2.8	weak		2	1	1	1	703	56.4	32.1	0.1579	0	0
hadur2.Hadur 3.9	jmcd.BeoWulf 2.8	weak		2	2	1	1	1035	38.3	28.3	0.1194	0	1
hadur2.Hadur 3.9	jmcd.BeoWulf 2.8	weak		2	3	0	0	1147	19.3	62.3	0.1605	0	0
hadur2.Hadur 3.9	jmcd.BeoWulf 2.8	weak		2	4	1	1	1091	32.9	57.5	0.1867	0	0
hadur2.Hadur 3.9	jmcd.BeoWulf 2.8	weak		2	5	1	1	604	54.7	8.4	0.1111	0	0
hadur2.Hadur 3.9	jmcd.BeoWulf 2.8	weak		2	6	1	1	783	56.1	32.0	0.1860	0	0
hadur2.Hadur 3.9	jmcd.BeoWulf 2.8	weak		2	7	1	1	1055	22.2	23.0	0.1286	0	0
hadur2.Hadur 3.9	jmcd.BeoWulf 2.8	weak		2	8	1	1	630	63.9	15.7	0.1875	0	0
hadur2.Hadur 3.9	jmcd.BeoWulf 2.8	weak		2	9	1	1	639	52.7	7.1	0.1000	0	0
hadur2.Hadur 3.9	jmcd.BeoWulf 2.8	weak		2	10	1	1	644	60.6	14.6	0.1563	0	0
hadur2.Hadur 3.9	jmcd.BeoWulf 2.8	weak		2	11	1	1	701	53.0	14.0	0.1351	0	0
hadur2.Hadur 3.9	jmcd.BeoWulf 2.8	weak		2	12	1	1	667	46.5	3.4	0.1143	0	0
hadur2.Hadur 3.9	jmcd.BeoWulf 2.8	weak		2	13	1	1	572	72.6	18.8	0.2500	0	0
hadur2.Hadur 3.9	jmcd.BeoWulf 2.8	weak		2	14	1	1	555	75.4	25.3	0.2000	0	0
hadur2.Hadur 3.9	jmcd.BeoWulf 2.8	weak		2	15	1	1	721	52.2	9.0	0.0857	0	1
hadur2.Hadur 3.9	jmcd.BeoWulf 2.8	weak		2	16	1	1	829	51.3	27.8	0.1277	0	1
hadur2.Hadur 3.9	jmcd.BeoWulf 2.8	weak		2	17	1	1	740	43.7	7.4	0.1000	0	0
hadur2.Hadur 3.9	jmcd.BeoWulf 2.8	weak		2	18	1	1	739	62.1	29.3	0.1667	0	0
hadur2.Hadur 3.9	jmcd.BeoWulf 2.8	weak		2	19	1	1	809	45.4	28.7	0.1915	0	0
hadur2.Hadur 3.9	jmcd.BeoWulf 2.8	weak		2	20	1	1	536	62.3	7.4	0.1739	0	0
hadur2.Hadur 3.9	jmcd.BeoWulf 2.8	weak		2	21	0	0	641	38.7	51.1	0.1290	0	0
hadur2.Hadur 3.9	jmcd.BeoWulf 2.8	weak		2	22	1	1	1055	16.7	15.6	0.1304	0	0
hadur2.Hadur 3.9	jmcd.BeoWulf 2.8	weak		2	23	1	1	585	65.7	11.8	0.2069	0	0
hadur2.Hadur 3.9	jmcd.BeoWulf 2.8	weak		2	24	1	1	626	66.4	3.8	0.1333	0	0
hadur2.Hadur 3.9	jmcd.BeoWulf 2.8	weak		2	25	1	1	638	59.1	47.9	0.1563	0	0
hadur2.Hadur 3.9	jmcd.BeoWulf 2.8	weak		2	26	1	1	585	64.0	12.4	0.2069	0	0
hadur2.Hadur 3.9	jmcd.BeoWulf 2.8	weak		2	27	1	1	674	48.3	16.4	0.1143	0	1
hadur2.Hadur 3.9	jmcd.BeoWulf 2.8	weak		2	28	1	1	993	35.7	22.3	0.1129	0	0
hadur2.Hadur 3.9	jmcd.BeoWulf 2.8	weak		2	29	1	1	595	56.6	3.4	0.2000	0	0
hadur2.Hadur 3.9	jmcd.BeoWulf 2.8	weak		2	30	1	1	578	56.0	14.4	0.1724	0	0
hadur2.Hadur 3.9	jmcd.BeoWulf 2.8	weak		2	31	1	1	578	63.9	21.5	0.1538	0	0
hadur2.Hadur 3.9	jmcd.BeoWulf 2.8	weak		2	32	1	1	636	49.2	0.0	0.1290	0	0
hadur2.Hadur 3.9	jmcd.BeoWulf 2.8	weak		2	33	1	1	482	71.7	7.1	0.2500	0	0
hadur2.Hadur 3.9	jmcd.BeoWulf 2.8	weak		2	34	1	1	806	57.5	41.4	0.2222	0	5
hadur2.Hadur 3.9	jmcd.BeoWulf 2.8	weak		3	0	1	1	869	44.9	52.6	0.1852	0	3
hadur2.Hadur 3.9	jmcd.BeoWulf 2.8	weak		3	1	1	1	597	47.8	13.2	0.1379	0	0
hadur2.Hadur 3.9	jmcd.BeoWulf 2.8	weak		3	2	1	1	473	62.4	9.5	0.1579	0	0
hadur2.Hadur 3.9	jmcd.BeoWulf 2.8	weak		3	3	1	1	836	17.4	0.0	0.0851	0	0
hadur2.Hadur 3.9	jmcd.BeoWulf 2.8	weak		3	4	1	1	609	53.0	0.0	0.1613	0	0
hadur2.Hadur 3.9	jmcd.BeoWulf 2.8	weak		3	5	1	1	626	66.5	38.6	0.1935	0	0
hadur2.Hadur 3.9	jmcd.BeoWulf 2.8	weak		3	6	1	1	522	72.0	22.2	0.1818	0	0
hadur2.Hadur 3.9	jmcd.BeoWulf 2.8	weak		3	7	1	1	982	19.1	19.7	0.1250	0	0
hadur2.Hadur 3.9	jmcd.BeoWulf 2.8	weak		3	8	1	1	1195	37.0	71.5	0.2759	0	0
hadur2.Hadur 3.9	jmcd.BeoWulf 2.8	weak		3	9	1	1	565	72.0	18.3	0.2000	0	0
hadur2.Hadur 3.9	jmcd.BeoWulf 2.8	weak		3	10	1	1	558	53.6	2.8	0.1200	0	0
hadur2.Hadur 3.9	jmcd.BeoWulf 2.8	weak		3	11	1	1	529	71.2	26.9	0.1818	0	1
hadur2.Hadur 3.9	jmcd.BeoWulf 2.8	weak		3	12	1	1	604	53.2	0.0	0.1667	0	0
hadur2.Hadur 3.9	jmcd.BeoWulf 2.8	weak		3	13	1	1	693	48.5	2.2	0.1316	0	0
hadur2.Hadur 3.9	jmcd.BeoWulf 2.8	weak		3	14	1	1	624	64.8	24.2	0.1935	0	0
hadur2.Hadur 3.9	jmcd.BeoWulf 2.8	weak		3	15	1	1	660	57.7	8.1	0.1471	0	0
hadur2.Hadur 3.9	jmcd.BeoWulf 2.8	weak		3	16	1	1	576	69.3	23.2	0.1923	0	0
hadur2.Hadur 3.9	jmcd.BeoWulf 2.8	weak		3	17	1	1	950	42.0	37.2	0.2000	0	0
hadur2.Hadur 3.9	jmcd.BeoWulf 2.8	weak		3	18	1	1	770	55.6	54.4	0.1628	0	0
hadur2.Hadur 3.9	jmcd.BeoWulf 2.8	weak		3	19	1	1	630	68.5	31.5	0.1379	0	0
hadur2.Hadur 3.9	jmcd.BeoWulf 2.8	weak		3	20	1	1	518	67.2	8.1	0.2500	0	0
hadur2.Hadur 3.9	jmcd.BeoWulf 2.8	weak		3	21	1	1	716	44.9	7.5	0.1081	0	0
hadur2.Hadur 3.9	jmcd.BeoWulf 2.8	weak		3	22	1	1	676	62.3	24.1	0.1818	0	0
hadur2.Hadur 3.9	jmcd.BeoWulf 2.8	weak		3	23	1	1	1211	25.7	29.2	0.1548	0	0
hadur2.Hadur 3.9	jmcd.BeoWulf 2.8	weak		3	24	1	1	679	56.7	22.5	0.1429	0	0
hadur2.Hadur 3.9	jmcd.BeoWulf 2.8	weak		3	25	1	1	690	54.9	13.4	0.1579	0	0
hadur2.Hadur 3.9	jmcd.BeoWulf 2.8	weak		3	26	1	1	839	44.7	32.2	0.1923	0	0
hadur2.Hadur 3.9	jmcd.BeoWulf 2.8	weak		3	27	1	1	560	60.3	15.3	0.1923	0	0
hadur2.Hadur 3.9	jmcd.BeoWulf 2.8	weak		3	28	1	1	650	66.2	22.6	0.1290	0	0
hadur2.Hadur 3.9	jmcd.BeoWulf 2.8	weak		3	29	1	1	410	78.5	17.7	0.2667	0	0
hadur2.Hadur 3.9	jmcd.BeoWulf 2.8	weak		3	30	1	1	513	62.6	15.1	0.1429	0	0
hadur2.Hadur 3.9	jmcd.BeoWulf 2.8	weak		3	31	1	1	604	63.2	16.5	0.1429	0	0
hadur2.Hadur 3.9	jmcd.BeoWulf 2.8	weak		3	32	1	1	458	77.2	6.6	0.3000	0	0
hadur2.Hadur 3.9	jmcd.BeoWulf 2.8	weak		3	33	1	1	489	63.8	8.8	0.1500	0	0
hadur2.Hadur 3.9	jmcd.BeoWulf 2.8	weak		3	34	1	1	575	66.6	22.0	0.1600	0	5
hadur2.Hadur 3.9	jmcd.BeoWulf 2.8	weak		4	0	0	0	774	19.2	81.1	0.2000	298	3
hadur2.Hadur 3.9	jmcd.BeoWulf 2.8	weak		4	1	1	1	523	61.6	7.6	0.2400	0	5
hadur2.Hadur 3.9	jmcd.BeoWulf 2.8	weak		4	2	1	1	492	65.6	10.8	0.3043	0	0
hadur2.Hadur 3.9	jmcd.BeoWulf 2.8	weak		4	3	1	1	424	67.5	0.0	0.2500	0	1
hadur2.Hadur 3.9	jmcd.BeoWulf 2.8	weak		4	4	1	1	362	72.0	0.0	0.3333	0	0
hadur2.Hadur 3.9	jmcd.BeoWulf 2.8	weak		4	5	1	1	672	48.2	25.0	0.0938	0	0
hadur2.Hadur 3.9	jmcd.BeoWulf 2.8	weak		4	6	1	1	482	80.1	18.5	0.2273	0	0
hadur2.Hadur 3.9	jmcd.BeoWulf 2.8	weak		4	7	1	1	543	76.5	25.5	0.2400	0	0
hadur2.Hadur 3.9	jmcd.BeoWulf 2.8	weak		4	8	1	1	508	73.7	21.8	0.2727	0	0
hadur2.Hadur 3.9	jmcd.BeoWulf 2.8	weak		4	9	1	1	533	70.2	24.8	0.1739	0	0
hadur2.Hadur 3.9	jmcd.BeoWulf 2.8	weak		4	10	1	1	512	78.8	42.9	0.1905	0	0
hadur2.Hadur 3.9	jmcd.BeoWulf 2.8	weak		4	11	1	1	1038	40.0	36.9	0.1618	0	0
hadur2.Hadur 3.9	jmcd.BeoWulf 2.8	weak		4	12	1	1	609	57.7	25.8	0.1667	0	0
hadur2.Hadur 3.9	jmcd.BeoWulf 2.8	weak		4	13	1	1	828	55.0	35.0	0.1702	0	0
hadur2.Hadur 3.9	jmcd.BeoWulf 2.8	weak		4	14	1	1	767	52.7	27.6	0.2045	0	0
hadur2.Hadur 3.9	jmcd.BeoWulf 2.8	weak		4	15	0	0	757	38.6	39.3	0.1220	0	0
hadur2.Hadur 3.9	jmcd.BeoWulf 2.8	weak		4	16	1	1	474	65.3	9.1	0.2000	0	0
hadur2.Hadur 3.9	jmcd.BeoWulf 2.8	weak		4	17	1	1	371	74.6	9.3	0.3333	0	0
hadur2.Hadur 3.9	jmcd.BeoWulf 2.8	weak		4	18	1	1	1191	34.5	23.9	0.1392	0	0
hadur2.Hadur 3.9	jmcd.BeoWulf 2.8	weak		4	19	1	1	646	68.3	35.6	0.2188	0	0
hadur2.Hadur 3.9	jmcd.BeoWulf 2.8	weak		4	20	0	0	815	5.2	57.3	0.0962	0	0
hadur2.Hadur 3.9	jmcd.BeoWulf 2.8	weak		4	21	1	1	670	54.3	18.7	0.1429	0	0
hadur2.Hadur 3.9	jmcd.BeoWulf 2.8	weak		4	22	1	1	590	58.0	12.7	0.1724	0	0
hadur2.Hadur 3.9	jmcd.BeoWulf 2.8	weak		4	23	1	1	602	56.4	20.5	0.1667	0	0
hadur2.Hadur 3.9	jmcd.BeoWulf 2.8	weak		4	24	1	1	894	41.2	30.6	0.1818	0	0
hadur2.Hadur 3.9	jmcd.BeoWulf 2.8	weak		4	25	1	1	601	70.7	12.2	0.2000	0	0
hadur2.Hadur 3.9	jmcd.BeoWulf 2.8	weak		4	26	1	1	560	55.4	0.0	0.1600	0	0
hadur2.Hadur 3.9	jmcd.BeoWulf 2.8	weak		4	27	1	1	968	35.9	24.1	0.1167	0	0
hadur2.Hadur 3.9	jmcd.BeoWulf 2.8	weak		4	28	1	1	507	64.9	3.0	0.2500	0	0
hadur2.Hadur 3.9	jmcd.BeoWulf 2.8	weak		4	29	1	1	1102	46.6	47.1	0.2162	0	0
hadur2.Hadur 3.9	jmcd.BeoWulf 2.8	weak		4	30	1	1	435	72.2	8.7	0.2500	0	0
hadur2.Hadur 3.9	jmcd.BeoWulf 2.8	weak		4	31	1	1	637	53.6	20.7	0.1034	0	0
hadur2.Hadur 3.9	jmcd.BeoWulf 2.8	weak		4	32	1	1	813	30.7	9.0	0.0889	0	0
hadur2.Hadur 3.9	jmcd.BeoWulf 2.8	weak		4	33	1	1	612	59.4	24.8	0.1935	0	0
hadur2.Hadur 3.9	jmcd.BeoWulf 2.8	weak		4	34	1	1	722	67.9	22.9	0.1707	0	5
hadur2.Hadur 3.9	js.PinBall 1.6	weak		1	0	1	1	731	51.0	32.9	0.1250	0	4
hadur2.Hadur 3.9	js.PinBall 1.6	weak		1	1	1	1	414	74.2	0.0	0.4118	0	1
hadur2.Hadur 3.9	js.PinBall 1.6	weak		1	2	1	1	479	65.8	6.4	0.2000	0	0
hadur2.Hadur 3.9	js.PinBall 1.6	weak		1	3	1	1	638	39.4	6.2	0.0690	0	0
hadur2.Hadur 3.9	js.PinBall 1.6	weak		1	4	1	1	462	64.0	1.0	0.2105	0	0
hadur2.Hadur 3.9	js.PinBall 1.6	weak		1	5	1	1	558	52.4	0.0	0.1852	0	0
hadur2.Hadur 3.9	js.PinBall 1.6	weak		1	6	1	1	350	77.2	0.0	0.5000	0	0
hadur2.Hadur 3.9	js.PinBall 1.6	weak		1	7	1	1	505	59.4	8.3	0.1429	0	0
hadur2.Hadur 3.9	js.PinBall 1.6	weak		1	8	1	1	387	66.6	0.0	0.3077	0	0
hadur2.Hadur 3.9	js.PinBall 1.6	weak		1	9	1	1	555	56.9	6.2	0.1250	0	0
hadur2.Hadur 3.9	js.PinBall 1.6	weak		1	10	1	1	497	60.0	0.0	0.1905	0	0
hadur2.Hadur 3.9	js.PinBall 1.6	weak		1	11	1	1	631	51.2	0.0	0.1000	0	0
hadur2.Hadur 3.9	js.PinBall 1.6	weak		1	12	1	1	611	48.5	6.1	0.1563	0	0
hadur2.Hadur 3.9	js.PinBall 1.6	weak		1	13	1	1	482	60.8	6.9	0.2000	0	0
hadur2.Hadur 3.9	js.PinBall 1.6	weak		1	14	1	1	330	69.8	0.0	0.5000	0	0
hadur2.Hadur 3.9	js.PinBall 1.6	weak		1	15	1	1	486	64.0	3.2	0.1818	0	0
hadur2.Hadur 3.9	js.PinBall 1.6	weak		1	16	1	1	377	80.0	0.0	0.3571	0	0
hadur2.Hadur 3.9	js.PinBall 1.6	weak		1	17	1	1	510	64.0	0.0	0.1818	0	0
hadur2.Hadur 3.9	js.PinBall 1.6	weak		1	18	1	1	450	78.1	6.5	0.2778	0	0
hadur2.Hadur 3.9	js.PinBall 1.6	weak		1	19	1	1	359	76.6	0.0	0.3333	0	0
hadur2.Hadur 3.9	js.PinBall 1.6	weak		1	20	1	1	558	48.0	0.0	0.1200	0	0
hadur2.Hadur 3.9	js.PinBall 1.6	weak		1	21	1	1	327	80.5	0.0	0.5000	0	0
hadur2.Hadur 3.9	js.PinBall 1.6	weak		1	22	1	1	451	65.1	0.0	0.2353	0	0
hadur2.Hadur 3.9	js.PinBall 1.6	weak		1	23	1	1	653	33.4	0.0	0.1250	0	0
hadur2.Hadur 3.9	js.PinBall 1.6	weak		1	24	1	1	544	64.0	20.8	0.1667	0	0
hadur2.Hadur 3.9	js.PinBall 1.6	weak		1	25	1	1	489	61.1	0.0	0.2381	0	0
hadur2.Hadur 3.9	js.PinBall 1.6	weak		1	26	1	1	437	68.2	0.0	0.2778	0	0
hadur2.Hadur 3.9	js.PinBall 1.6	weak		1	27	1	1	596	47.8	0.0	0.1111	0	0
hadur2.Hadur 3.9	js.PinBall 1.6	weak		1	28	1	1	549	57.7	11.7	0.1600	0	0
hadur2.Hadur 3.9	js.PinBall 1.6	weak		1	29	1	1	454	70.6	0.0	0.2632	0	0
hadur2.Hadur 3.9	js.PinBall 1.6	weak		1	30	1	1	519	63.1	8.3	0.1818	0	0
hadur2.Hadur 3.9	js.PinBall 1.6	weak		1	31	1	1	352	80.0	0.0	0.4167	0	0
hadur2.Hadur 3.9	js.PinBall 1.6	weak		1	32	1	1	348	79.6	7.8	0.3636	0	0
hadur2.Hadur 3.9	js.PinBall 1.6	weak		1	33	1	1	447	64.0	0.0	0.2222	0	0
hadur2.Hadur 3.9	js.PinBall 1.6	weak		1	34	1	1	521	50.0	0.0	0.1364	0	6
hadur2.Hadur 3.9	js.PinBall 1.6	weak		2	0	1	1	660	64.5	26.3	0.1667	0	5
hadur2.Hadur 3.9	js.PinBall 1.6	weak		2	1	1	1	370	79.1	11.6	0.4615	0	0
hadur2.Hadur 3.9	js.PinBall 1.6	weak		2	2	1	1	666	56.3	11.9	0.1471	0	0
hadur2.Hadur 3.9	js.PinBall 1.6	weak		2	3	1	1	474	64.0	0.0	0.2105	0	0
hadur2.Hadur 3.9	js.PinBall 1.6	weak		2	4	1	1	496	61.8	6.6	0.1500	0	0
hadur2.Hadur 3.9	js.PinBall 1.6	weak		2	5	1	1	490	53.8	0.0	0.1500	0	0
hadur2.Hadur 3.9	js.PinBall 1.6	weak		2	6	1	1	434	71.2	0.0	0.3333	0	0
hadur2.Hadur 3.9	js.PinBall 1.6	weak		2	7	1	1	386	73.0	0.0	0.3077	0	0
hadur2.Hadur 3.9	js.PinBall 1.6	weak		2	8	1	1	465	58.5	0.0	0.1667	0	0
hadur2.Hadur 3.9	js.PinBall 1.6	weak		2	9	1	1	403	72.9	0.0	0.2857	0	0
hadur2.Hadur 3.9	js.PinBall 1.6	weak		2	10	1	1	378	80.0	7.8	0.3571	0	0
hadur2.Hadur 3.9	js.PinBall 1.6	weak		2	11	1	1	409	70.7	0.0	0.2667	0	0
hadur2.Hadur 3.9	js.PinBall 1.6	weak		2	12	1	1	353	80.0	0.0	0.4167	0	0
hadur2.Hadur 3.9	js.PinBall 1.6	weak		2	13	1	1	611	48.0	6.4	0.1034	0	0
hadur2.Hadur 3.9	js.PinBall 1.6	weak		2	14	1	1	578	55.0	5.8	0.1200	0	0
hadur2.Hadur 3.9	js.PinBall 1.6	weak		2	15	1	1	489	51.4	0.0	0.1500	0	0
hadur2.Hadur 3.9	js.PinBall 1.6	weak		2	16	1	1	375	74.3	7.3	0.5000	0	0
hadur2.Hadur 3.9	js.PinBall 1.6	weak		2	17	1	1	403	70.8	6.7	0.2857	0	0
hadur2.Hadur 3.9	js.PinBall 1.6	weak		2	18	1	1	360	80.0	0.0	0.4167	0	0
hadur2.Hadur 3.9	js.PinBall 1.6	weak		2	19	1	1	430	68.3	0.0	0.2500	0	0
hadur2.Hadur 3.9	js.PinBall 1.6	weak		2	20	1	1	468	64.0	0.0	0.2000	0	0
hadur2.Hadur 3.9	js.PinBall 1.6	weak		2	21	1	1	406	72.2	0.0	0.2857	0	0
hadur2.Hadur 3.9	js.PinBall 1.6	weak		2	22	1	1	689	38.2	6.6	0.0909	0	0
hadur2.Hadur 3.9	js.PinBall 1.6	weak		2	23	1	1	349	75.5	0.0	0.3636	0	0
hadur2.Hadur 3.9	js.PinBall 1.6	weak		2	24	1	1	419	71.3	0.0	0.2667	0	0
hadur2.Hadur 3.9	js.PinBall 1.6	weak		2	25	1	1	319	77.9	11.0	0.4444	0	0
hadur2.Hadur 3.9	js.PinBall 1.6	weak		2	26	1	1	429	67.4	0.0	0.2353	0	0
hadur2.Hadur 3.9	js.PinBall 1.6	weak		2	27	1	1	517	59.5	0.0	0.1429	0	0
hadur2.Hadur 3.9	js.PinBall 1.6	weak		2	28	1	1	453	67.1	0.0	0.2222	0	0
hadur2.Hadur 3.9	js.PinBall 1.6	weak		2	29	1	1	363	77.5	8.0	0.3333	0	0
hadur2.Hadur 3.9	js.PinBall 1.6	weak		2	30	1	1	428	68.8	0.0	0.2500	0	0
hadur2.Hadur 3.9	js.PinBall 1.6	weak		2	31	1	1	415	71.7	0.0	0.2667	0	0
hadur2.Hadur 3.9	js.PinBall 1.6	weak		2	32	1	1	503	64.3	6.0	0.1905	0	0
hadur2.Hadur 3.9	js.PinBall 1.6	weak		2	33	1	1	341	76.6	0.0	0.4000	0	0
hadur2.Hadur 3.9	js.PinBall 1.6	weak		2	34	1	1	446	64.7	6.5	0.2353	0	5
hadur2.Hadur 3.9	js.PinBall 1.6	weak		3	0	1	1	530	66.1	13.3	0.2400	0	3
hadur2.Hadur 3.9	js.PinBall 1.6	weak		3	1	1	1	604	55.2	6.5	0.1667	0	0
hadur2.Hadur 3.9	js.PinBall 1.6	weak		3	2	1	1	428	71.0	0.0	0.3333	0	0
hadur2.Hadur 3.9	js.PinBall 1.6	weak		3	3	1	1	391	68.7	0.0	0.2857	0	0
hadur2.Hadur 3.9	js.PinBall 1.6	weak		3	4	1	1	521	59.3	6.9	0.1364	0	0
hadur2.Hadur 3.9	js.PinBall 1.6	weak		3	5	1	1	515	70.8	13.4	0.1905	0	0
hadur2.Hadur 3.9	js.PinBall 1.6	weak		3	6	1	1	413	72.2	8.6	0.2667	0	0
hadur2.Hadur 3.9	js.PinBall 1.6	weak		3	7	1	1	517	56.3	0.0	0.1364	0	0
hadur2.Hadur 3.9	js.PinBall 1.6	weak		3	8	1	1	392	68.8	0.0	0.2857	0	0
hadur2.Hadur 3.9	js.PinBall 1.6	weak		3	9	1	1	345	67.0	0.0	0.3636	0	0
hadur2.Hadur 3.9	js.PinBall 1.6	weak		3	10	1	1	387	74.2	17.7	0.3077	0	0
hadur2.Hadur 3.9	js.PinBall 1.6	weak		3	11	1	1	412	69.9	0.0	0.2667	0	0
hadur2.Hadur 3.9	js.PinBall 1.6	weak		3	12	1	1	482	69.5	13.6	0.2105	0	0
hadur2.Hadur 3.9	js.PinBall 1.6	weak		3	13	1	1	418	89.0	32.5	0.3333	0	0
hadur2.Hadur 3.9	js.PinBall 1.6	weak		3	14	1	1	357	80.8	6.3	0.4167	0	0
hadur2.Hadur 3.9	js.PinBall 1.6	weak		3	15	1	1	345	80.0	0.0	0.4167	0	0
hadur2.Hadur 3.9	js.PinBall 1.6	weak		3	16	1	1	544	56.4	6.4	0.1304	0	0
hadur2.Hadur 3.9	js.PinBall 1.6	weak		3	17	1	1	357	80.0	6.0	0.4167	0	0
hadur2.Hadur 3.9	js.PinBall 1.6	weak		3	18	1	1	354	80.0	0.0	0.4167	0	0
hadur2.Hadur 3.9	js.PinBall 1.6	weak		3	19	1	1	385	77.2	0.0	0.3077	0	0
hadur2.Hadur 3.9	js.PinBall 1.6	weak		3	20	1	1	415	72.2	0.0	0.2667	0	0
hadur2.Hadur 3.9	js.PinBall 1.6	weak		3	21	1	1	594	48.0	0.0	0.1111	0	0
hadur2.Hadur 3.9	js.PinBall 1.6	weak		3	22	1	1	374	80.0	0.0	0.3846	0	0
hadur2.Hadur 3.9	js.PinBall 1.6	weak		3	23	1	1	335	77.1	0.0	0.4000	0	0
hadur2.Hadur 3.9	js.PinBall 1.6	weak		3	24	1	1	313	79.0	0.0	0.4444	0	0
hadur2.Hadur 3.9	js.PinBall 1.6	weak		3	25	1	1	330	80.0	0.0	0.5000	0	0
hadur2.Hadur 3.9	js.PinBall 1.6	weak		3	26	1	1	522	65.9	18.7	0.1818	0	0
hadur2.Hadur 3.9	js.PinBall 1.6	weak		3	27	1	1	677	45.6	11.6	0.0645	0	0
hadur2.Hadur 3.9	js.PinBall 1.6	weak		3	28	1	1	376	78.7	10.1	0.3077	0	0
hadur2.Hadur 3.9	js.PinBall 1.6	weak		3	29	1	1	375	74.6	0.0	0.3333	0	0
hadur2.Hadur 3.9	js.PinBall 1.6	weak		3	30	1	1	303	88.3	11.9	0.6250	0	0
hadur2.Hadur 3.9	js.PinBall 1.6	weak		3	31	1	1	514	57.5	0.0	0.1429	0	0
hadur2.Hadur 3.9	js.PinBall 1.6	weak		3	32	1	1	389	65.6	0.0	0.2857	0	0
hadur2.Hadur 3.9	js.PinBall 1.6	weak		3	33	1	1	562	58.4	5.7	0.1250	0	0
hadur2.Hadur 3.9	js.PinBall 1.6	weak		3	34	1	1	303	88.5	12.8	0.6250	0	7
hadur2.Hadur 3.9	js.PinBall 1.6	weak		4	0	1	1	671	56.2	13.2	0.1429	0	8
hadur2.Hadur 3.9	js.PinBall 1.6	weak		4	1	1	1	677	49.9	25.3	0.1667	0	1
hadur2.Hadur 3.9	js.PinBall 1.6	weak		4	2	1	1	630	54.8	0.0	0.1613	0	0
hadur2.Hadur 3.9	js.PinBall 1.6	weak		4	3	1	1	555	61.6	5.5	0.2083	0	0
hadur2.Hadur 3.9	js.PinBall 1.6	weak		4	4	1	1	418	70.3	0.0	0.2667	0	0
hadur2.Hadur 3.9	js.PinBall 1.6	weak		4	5	1	1	456	68.6	7.5	0.2222	0	0
hadur2.Hadur 3.9	js.PinBall 1.6	weak		4	6	1	1	420	71.9	0.0	0.2667	0	0
hadur2.Hadur 3.9	js.PinBall 1.6	weak		4	7	1	1	406	69.5	0.0	0.2667	0	0
hadur2.Hadur 3.9	js.PinBall 1.6	weak		4	8	1	1	344	77.7	0.0	0.3636	0	0
hadur2.Hadur 3.9	js.PinBall 1.6	weak		4	9	1	1	397	74.5	0.0	0.2857	0	0
hadur2.Hadur 3.9	js.PinBall 1.6	weak		4	10	1	1	358	76.5	0.0	0.3636	0	0
hadur2.Hadur 3.9	js.PinBall 1.6	weak		4	11	1	1	379	74.8	0.0	0.3077	0	0
hadur2.Hadur 3.9	js.PinBall 1.6	weak		4	12	1	1	486	66.6	7.3	0.2000	0	0
hadur2.Hadur 3.9	js.PinBall 1.6	weak		4	13	1	1	593	64.8	19.1	0.1429	0	0
hadur2.Hadur 3.9	js.PinBall 1.6	weak		4	14	1	1	468	57.2	0.0	0.1667	0	0
hadur2.Hadur 3.9	js.PinBall 1.6	weak		4	15	1	1	421	76.8	19.2	0.2667	0	0
hadur2.Hadur 3.9	js.PinBall 1.6	weak		4	16	1	1	447	70.7	12.8	0.2353	0	0
hadur2.Hadur 3.9	js.PinBall 1.6	weak		4	17	1	1	424	73.7	12.6	0.2500	0	0
hadur2.Hadur 3.9	js.PinBall 1.6	weak		4	18	1	1	419	70.0	0.0	0.2500	0	0
hadur2.Hadur 3.9	js.PinBall 1.6	weak		4	19	1	1	314	99.7	38.0	0.6667	0	0
hadur2.Hadur 3.9	js.PinBall 1.6	weak		4	20	1	1	422	66.8	0.0	0.2500	0	0
hadur2.Hadur 3.9	js.PinBall 1.6	weak		4	21	1	1	589	41.5	0.0	0.0769	0	0
hadur2.Hadur 3.9	js.PinBall 1.6	weak		4	22	1	1	500	59.6	6.5	0.1500	0	0
hadur2.Hadur 3.9	js.PinBall 1.6	weak		4	23	1	1	490	64.0	0.0	0.2000	0	0
hadur2.Hadur 3.9	js.PinBall 1.6	weak		4	24	1	1	410	67.3	0.0	0.3750	0	0
hadur2.Hadur 3.9	js.PinBall 1.6	weak		4	25	1	1	475	64.4	0.0	0.2105	0	0
hadur2.Hadur 3.9	js.PinBall 1.6	weak		4	26	1	1	439	70.3	5.9	0.2353	0	0
hadur2.Hadur 3.9	js.PinBall 1.6	weak		4	27	1	1	391	70.1	0.0	0.2857	0	0
hadur2.Hadur 3.9	js.PinBall 1.6	weak		4	28	1	1	382	75.7	0.0	0.3077	0	0
hadur2.Hadur 3.9	js.PinBall 1.6	weak		4	29	1	1	462	57.0	0.0	0.1667	0	0
hadur2.Hadur 3.9	js.PinBall 1.6	weak		4	30	1	1	365	72.8	7.6	0.3333	0	0
hadur2.Hadur 3.9	js.PinBall 1.6	weak		4	31	1	1	455	65.2	0.0	0.2222	0	0
hadur2.Hadur 3.9	js.PinBall 1.6	weak		4	32	1	1	343	75.4	0.0	0.3636	0	0
hadur2.Hadur 3.9	js.PinBall 1.6	weak		4	33	1	1	446	71.6	0.0	0.2353	0	0
hadur2.Hadur 3.9	js.PinBall 1.6	weak		4	34	1	1	630	58.4	18.2	0.1034	0	5
hadur2.Hadur 3.9	kjc.Karaykan 1.0	weak		1	0	1	1	329	77.6	0.0	0.7273	0	5
hadur2.Hadur 3.9	kjc.Karaykan 1.0	weak		1	1	1	1	321	77.6	6.4	0.8000	0	0
hadur2.Hadur 3.9	kjc.Karaykan 1.0	weak		1	2	1	1	325	77.0	0.0	0.6364	0	0
hadur2.Hadur 3.9	kjc.Karaykan 1.0	weak		1	3	1	1	528	72.0	30.0	0.2800	0	0
hadur2.Hadur 3.9	kjc.Karaykan 1.0	weak		1	4	1	1	310	81.4	0.0	0.8000	0	0
hadur2.Hadur 3.9	kjc.Karaykan 1.0	weak		1	5	1	1	304	85.0	10.0	0.6250	0	0
hadur2.Hadur 3.9	kjc.Karaykan 1.0	weak		1	6	1	1	295	87.0	10.0	0.6250	0	0
hadur2.Hadur 3.9	kjc.Karaykan 1.0	weak		1	7	1	1	429	66.0	10.0	0.2353	0	0
hadur2.Hadur 3.9	kjc.Karaykan 1.0	weak		1	8	1	1	453	80.0	30.0	0.2353	0	0
hadur2.Hadur 3.9	kjc.Karaykan 1.0	weak		1	9	1	1	340	78.0	0.0	0.4000	0	0
hadur2.Hadur 3.9	kjc.Karaykan 1.0	weak		1	10	1	1	348	80.0	0.0	0.4167	0	0
hadur2.Hadur 3.9	kjc.Karaykan 1.0	weak		1	11	1	1	304	81.0	0.0	0.6250	0	0
hadur2.Hadur 3.9	kjc.Karaykan 1.0	weak		1	12	1	1	359	76.0	0.0	0.3333	0	0
hadur2.Hadur 3.9	kjc.Karaykan 1.0	weak		1	13	1	1	313	93.0	20.0	0.5556	0	0
hadur2.Hadur 3.9	kjc.Karaykan 1.0	weak		1	14	1	1	362	82.0	10.0	0.4167	0	0
hadur2.Hadur 3.9	kjc.Karaykan 1.0	weak		1	15	1	1	319	83.0	20.0	0.5556	0	0
hadur2.Hadur 3.9	kjc.Karaykan 1.0	weak		1	16	1	1	303	81.0	0.0	0.6250	0	0
hadur2.Hadur 3.9	kjc.Karaykan 1.0	weak		1	17	1	1	434	72.0	10.0	0.2500	0	0
hadur2.Hadur 3.9	kjc.Karaykan 1.0	weak		1	18	1	1	321	83.0	10.0	0.5556	0	0
hadur2.Hadur 3.9	kjc.Karaykan 1.0	weak		1	19	1	1	300	81.0	0.0	0.6250	0	0
hadur2.Hadur 3.9	kjc.Karaykan 1.0	weak		1	20	1	1	370	92.0	30.0	0.3846	0	0
hadur2.Hadur 3.9	kjc.Karaykan 1.0	weak		1	21	1	1	325	80.0	4.0	0.5556	0	0
hadur2.Hadur 3.9	kjc.Karaykan 1.0	weak		1	22	1	1	306	87.0	10.0	0.6250	0	0
hadur2.Hadur 3.9	kjc.Karaykan 1.0	weak		1	23	1	1	322	77.0	10.0	0.4444	0	0
hadur2.Hadur 3.9	kjc.Karaykan 1.0	weak		1	24	1	1	297	87.0	10.0	0.6250	0	0
hadur2.Hadur 3.9	kjc.Karaykan 1.0	weak		1	25	1	1	363	82.0	10.0	0.5385	0	0
hadur2.Hadur 3.9	kjc.Karaykan 1.0	weak		1	26	1	1	320	83.0	10.0	0.5556	0	0
hadur2.Hadur 3.9	kjc.Karaykan 1.0	weak		1	27	1	1	472	60.0	0.0	0.1667	0	0
hadur2.Hadur 3.9	kjc.Karaykan 1.0	weak		1	28	1	1	299	81.0	0.0	0.6250	0	0
hadur2.Hadur 3.9	kjc.Karaykan 1.0	weak		1	29	1	1	296	81.0	0.0	0.6250	0	0
hadur2.Hadur 3.9	kjc.Karaykan 1.0	weak		1	30	1	1	296	81.0	0.0	0.6250	0	0
hadur2.Hadur 3.9	kjc.Karaykan 1.0	weak		1	31	1	1	362	74.0	0.0	0.3333	0	0
hadur2.Hadur 3.9	kjc.Karaykan 1.0	weak		1	32	1	1	306	79.0	0.0	0.5000	0	0
hadur2.Hadur 3.9	kjc.Karaykan 1.0	weak		1	33	1	1	337	84.0	10.0	0.5000	0	0
hadur2.Hadur 3.9	kjc.Karaykan 1.0	weak		1	34	1	1	363	90.0	20.0	0.4167	0	5
hadur2.Hadur 3.9	kjc.Karaykan 1.0	weak		2	0	1	1	344	77.6	0.0	0.6154	0	7
hadur2.Hadur 3.9	kjc.Karaykan 1.0	weak		2	1	1	1	340	87.3	28.2	0.7500	0	0
hadur2.Hadur 3.9	kjc.Karaykan 1.0	weak		2	2	1	1	329	83.0	10.0	0.7273	0	0
hadur2.Hadur 3.9	kjc.Karaykan 1.0	weak		2	3	1	1	459	62.0	0.0	0.3000	0	0
hadur2.Hadur 3.9	kjc.Karaykan 1.0	weak		2	4	1	1	328	77.6	0.0	0.7273	0	0
hadur2.Hadur 3.9	kjc.Karaykan 1.0	weak		2	5	1	1	309	79.0	0.0	0.5000	0	0
hadur2.Hadur 3.9	kjc.Karaykan 1.0	weak		2	6	1	1	445	64.0	10.0	0.1765	0	0
hadur2.Hadur 3.9	kjc.Karaykan 1.0	weak		2	7	1	1	303	79.0	0.0	0.5000	0	0
hadur2.Hadur 3.9	kjc.Karaykan 1.0	weak		2	8	1	1	349	76.0	10.0	0.3636	0	0
hadur2.Hadur 3.9	kjc.Karaykan 1.0	weak		2	9	1	1	306	79.0	0.0	0.5000	0	0
hadur2.Hadur 3.9	kjc.Karaykan 1.0	weak		2	10	1	1	305	80.0	0.0	0.5556	0	0
hadur2.Hadur 3.9	kjc.Karaykan 1.0	weak		2	11	1	1	329	83.0	10.0	0.5000	0	0
hadur2.Hadur 3.9	kjc.Karaykan 1.0	weak		2	12	1	1	455	80.0	30.0	0.2778	0	0
hadur2.Hadur 3.9	kjc.Karaykan 1.0	weak		2	13	1	1	416	74.0	10.0	0.2667	0	0
hadur2.Hadur 3.9	kjc.Karaykan 1.0	weak		2	14	1	1	300	81.0	0.0	0.6250	0	0
hadur2.Hadur 3.9	kjc.Karaykan 1.0	weak		2	15	1	1	301	80.0	4.0	0.6250	0	0
hadur2.Hadur 3.9	kjc.Karaykan 1.0	weak		2	16	1	1	372	72.0	0.0	0.3077	0	0
hadur2.Hadur 3.9	kjc.Karaykan 1.0	weak		2	17	1	1	350	78.0	0.0	0.3636	0	0
hadur2.Hadur 3.9	kjc.Karaykan 1.0	weak		2	18	1	1	328	86.0	10.0	0.5556	0	0
hadur2.Hadur 3.9	kjc.Karaykan 1.0	weak		2	19	1	1	327	77.0	10.0	0.4444	0	0
hadur2.Hadur 3.9	kjc.Karaykan 1.0	weak		2	20	1	1	300	81.0	0.0	0.6250	0	0
hadur2.Hadur 3.9	kjc.Karaykan 1.0	weak		2	21	1	1	332	80.0	0.0	0.5000	0	0
hadur2.Hadur 3.9	kjc.Karaykan 1.0	weak		2	22	1	1	300	80.0	0.0	0.6250	0	0
hadur2.Hadur 3.9	kjc.Karaykan 1.0	weak		2	23	1	1	477	80.0	30.0	0.2105	0	0
hadur2.Hadur 3.9	kjc.Karaykan 1.0	weak		2	24	1	1	302	80.0	0.0	0.6250	0	0
hadur2.Hadur 3.9	kjc.Karaykan 1.0	weak		2	25	1	1	377	78.0	10.0	0.3077	0	0
hadur2.Hadur 3.9	kjc.Karaykan 1.0	weak		2	26	1	1	351	82.0	10.0	0.4545	0	0
hadur2.Hadur 3.9	kjc.Karaykan 1.0	weak		2	27	1	1	310	80.0	0.0	0.5556	0	0
hadur2.Hadur 3.9	kjc.Karaykan 1.0	weak		2	28	1	1	306	81.0	0.0	0.6250	0	0
hadur2.Hadur 3.9	kjc.Karaykan 1.0	weak		2	29	1	1	320	80.0	0.0	0.4444	0	0
hadur2.Hadur 3.9	kjc.Karaykan 1.0	weak		2	30	1	1	299	81.0	0.0	0.6250	0	0
hadur2.Hadur 3.9	kjc.Karaykan 1.0	weak		2	31	1	1	351	86.0	10.0	0.4545	0	0
hadur2.Hadur 3.9	kjc.Karaykan 1.0	weak		2	32	1	1	490	58.0	0.0	0.1500	0	0
hadur2.Hadur 3.9	kjc.Karaykan 1.0	weak		2	33	1	1	317	80.0	0.0	0.5556	0	0
hadur2.Hadur 3.9	kjc.Karaykan 1.0	weak		2	34	1	1	308	80.0	0.0	0.5556	0	4
hadur2.Hadur 3.9	kjc.Karaykan 1.0	weak		3	0	1	1	491	67.9	30.0	0.3043	0	5
hadur2.Hadur 3.9	kjc.Karaykan 1.0	weak		3	1	1	1	435	72.0	10.0	0.3333	0	0
hadur2.Hadur 3.9	kjc.Karaykan 1.0	weak		3	2	1	1	373	71.0	0.0	0.5000	0	0
hadur2.Hadur 3.9	kjc.Karaykan 1.0	weak		3	3	1	1	329	77.6	0.0	0.7273	0	0
hadur2.Hadur 3.9	kjc.Karaykan 1.0	weak		3	4	1	1	366	76.0	0.0	0.3333	0	0
hadur2.Hadur 3.9	kjc.Karaykan 1.0	weak		3	5	1	1	500	62.0	10.0	0.1500	0	0
hadur2.Hadur 3.9	kjc.Karaykan 1.0	weak		3	6	1	1	446	82.0	30.0	0.2941	0	0
hadur2.Hadur 3.9	kjc.Karaykan 1.0	weak		3	7	1	1	314	80.0	0.0	0.5556	0	0
hadur2.Hadur 3.9	kjc.Karaykan 1.0	weak		3	8	1	1	332	80.0	0.0	0.4000	0	0
hadur2.Hadur 3.9	kjc.Karaykan 1.0	weak		3	9	1	1	320	79.0	0.0	0.4444	0	0
hadur2.Hadur 3.9	kjc.Karaykan 1.0	weak		3	10	1	1	312	86.4	10.0	0.5556	0	0
hadur2.Hadur 3.9	kjc.Karaykan 1.0	weak		3	11	1	1	303	87.0	10.0	0.6250	0	0
hadur2.Hadur 3.9	kjc.Karaykan 1.0	weak		3	12	1	1	302	81.0	0.0	0.6250	0	0
hadur2.Hadur 3.9	kjc.Karaykan 1.0	weak		3	13	1	1	318	88.0	10.0	0.5556	0	0
hadur2.Hadur 3.9	kjc.Karaykan 1.0	weak		3	14	1	1	353	94.0	30.0	0.5455	0	0
hadur2.Hadur 3.9	kjc.Karaykan 1.0	weak		3	15	1	1	326	78.0	0.0	0.4000	0	0
hadur2.Hadur 3.9	kjc.Karaykan 1.0	weak		3	16	1	1	336	80.0	0.0	0.5000	0	0
hadur2.Hadur 3.9	kjc.Karaykan 1.0	weak		3	17	1	1	353	80.0	10.0	0.4167	0	0
hadur2.Hadur 3.9	kjc.Karaykan 1.0	weak		3	18	1	1	305	93.0	20.0	0.6250	0	0
hadur2.Hadur 3.9	kjc.Karaykan 1.0	weak		3	19	1	1	361	80.0	0.0	0.3846	0	0
hadur2.Hadur 3.9	kjc.Karaykan 1.0	weak		3	20	1	1	479	80.0	30.0	0.2500	0	0
hadur2.Hadur 3.9	kjc.Karaykan 1.0	weak		3	21	1	1	337	98.0	30.0	0.6000	0	0
hadur2.Hadur 3.9	kjc.Karaykan 1.0	weak		3	22	1	1	421	82.0	30.0	0.3125	0	0
hadur2.Hadur 3.9	kjc.Karaykan 1.0	weak		3	23	1	1	300	79.0	10.0	0.5000	0	0
hadur2.Hadur 3.9	kjc.Karaykan 1.0	weak		3	24	1	1	331	78.0	20.0	0.4000	0	0
hadur2.Hadur 3.9	kjc.Karaykan 1.0	weak		3	25	1	1	341	80.0	0.0	0.4545	0	0
hadur2.Hadur 3.9	kjc.Karaykan 1.0	weak		3	26	1	1	418	108.0	80.0	0.4000	0	0
hadur2.Hadur 3.9	kjc.Karaykan 1.0	weak		3	27	1	1	302	81.0	0.0	0.6250	0	0
hadur2.Hadur 3.9	kjc.Karaykan 1.0	weak		3	28	1	1	323	80.0	0.0	0.5556	0	0
hadur2.Hadur 3.9	kjc.Karaykan 1.0	weak		3	29	1	1	321	77.0	0.0	0.4444	0	0
hadur2.Hadur 3.9	kjc.Karaykan 1.0	weak		3	30	1	1	322	77.0	0.0	0.4444	0	0
hadur2.Hadur 3.9	kjc.Karaykan 1.0	weak		3	31	1	1	440	85.6	30.0	0.5263	0	0
hadur2.Hadur 3.9	kjc.Karaykan 1.0	weak		3	32	1	1	366	80.0	10.0	0.3333	0	0
hadur2.Hadur 3.9	kjc.Karaykan 1.0	weak		3	33	1	1	341	80.0	0.0	0.4545	0	0
hadur2.Hadur 3.9	kjc.Karaykan 1.0	weak		3	34	1	1	337	90.0	20.0	0.5000	0	7
hadur2.Hadur 3.9	kjc.Karaykan 1.0	weak		4	0	1	1	416	71.0	10.0	0.8889	231	7
hadur2.Hadur 3.9	kjc.Karaykan 1.0	weak		4	1	1	1	445	70.0	10.0	0.3684	0	0
hadur2.Hadur 3.9	kjc.Karaykan 1.0	weak		4	2	1	1	389	82.0	20.0	0.5333	0	0
hadur2.Hadur 3.9	kjc.Karaykan 1.0	weak		4	3	1	1	351	79.0	10.0	0.6154	0	0
hadur2.Hadur 3.9	kjc.Karaykan 1.0	weak		4	4	1	1	386	72.0	0.0	0.4667	0	0
hadur2.Hadur 3.9	kjc.Karaykan 1.0	weak		4	5	1	1	294	81.0	0.0	0.6250	0	0
hadur2.Hadur 3.9	kjc.Karaykan 1.0	weak		4	6	1	1	338	87.0	30.0	0.5000	0	0
hadur2.Hadur 3.9	kjc.Karaykan 1.0	weak		4	7	1	1	306	80.0	0.0	0.5556	0	0
hadur2.Hadur 3.9	kjc.Karaykan 1.0	weak		4	8	1	1	320	79.0	0.0	0.4444	0	0
hadur2.Hadur 3.9	kjc.Karaykan 1.0	weak		4	9	1	1	306	85.0	10.0	0.5556	0	0
hadur2.Hadur 3.9	kjc.Karaykan 1.0	weak		4	10	1	1	331	83.0	10.0	0.5000	0	0
hadur2.Hadur 3.9	kjc.Karaykan 1.0	weak		4	11	1	1	295	81.0	0.0	0.6250	0	0
hadur2.Hadur 3.9	kjc.Karaykan 1.0	weak		4	12	1	1	298	81.0	0.0	0.6250	0	0
hadur2.Hadur 3.9	kjc.Karaykan 1.0	weak		4	13	1	1	315	85.0	10.0	0.5556	0	0
hadur2.Hadur 3.9	kjc.Karaykan 1.0	weak		4	14	1	1	318	83.0	10.0	0.5556	0	0
hadur2.Hadur 3.9	kjc.Karaykan 1.0	weak		4	15	1	1	292	81.0	0.0	0.7143	0	0
hadur2.Hadur 3.9	kjc.Karaykan 1.0	weak		4	16	1	1	328	77.0	0.0	0.4000	0	0
hadur2.Hadur 3.9	kjc.Karaykan 1.0	weak		4	17	1	1	338	78.0	0.0	0.4000	0	0
hadur2.Hadur 3.9	kjc.Karaykan 1.0	weak		4	18	1	1	414	76.0	10.0	0.2667	0	0
hadur2.Hadur 3.9	kjc.Karaykan 1.0	weak		4	19	1	1	307	80.0	0.0	0.5556	0	0
hadur2.Hadur 3.9	kjc.Karaykan 1.0	weak		4	20	1	1	336	78.0	0.0	0.4000	0	0
hadur2.Hadur 3.9	kjc.Karaykan 1.0	weak		4	21	1	1	374	74.0	0.0	0.3077	0	0
hadur2.Hadur 3.9	kjc.Karaykan 1.0	weak		4	22	1	1	310	86.0	10.0	0.5556	0	0
hadur2.Hadur 3.9	kjc.Karaykan 1.0	weak		4	23	1	1	299	81.0	0.0	0.6250	0	0
hadur2.Hadur 3.9	kjc.Karaykan 1.0	weak		4	24	1	1	303	88.0	10.0	0.6250	0	0
hadur2.Hadur 3.9	kjc.Karaykan 1.0	weak		4	25	1	1	307	79.0	10.0	0.5000	0	0
hadur2.Hadur 3.9	kjc.Karaykan 1.0	weak		4	26	1	1	294	81.0	0.0	0.6250	0	0
hadur2.Hadur 3.9	kjc.Karaykan 1.0	weak		4	27	1	1	350	88.0	20.0	0.4545	0	0
hadur2.Hadur 3.9	kjc.Karaykan 1.0	weak		4	28	1	1	325	80.0	0.0	0.5556	0	0
hadur2.Hadur 3.9	kjc.Karaykan 1.0	weak		4	29	1	1	311	79.0	0.0	0.4444	0	0
hadur2.Hadur 3.9	kjc.Karaykan 1.0	weak		4	30	1	1	299	87.0	10.0	0.6250	0	0
hadur2.Hadur 3.9	kjc.Karaykan 1.0	weak		4	31	1	1	307	85.0	10.0	0.6250	0	0
hadur2.Hadur 3.9	kjc.Karaykan 1.0	weak		4	32	1	1	298	81.0	0.0	0.6250	0	0
hadur2.Hadur 3.9	kjc.Karaykan 1.0	weak		4	33	1	1	300	81.0	0.0	0.6250	0	0
hadur2.Hadur 3.9	kjc.Karaykan 1.0	weak		4	34	1	1	318	80.0	0.0	0.5556	0	7
hadur2.Hadur 3.9	madmath.Cow 0.1.1	weak		1	0	1	1	390	72.2	0.0	0.4375	0	7
hadur2.Hadur 3.9	madmath.Cow 0.1.1	weak		1	1	1	1	425	68.7	10.6	0.4737	0	0
hadur2.Hadur 3.9	madmath.Cow 0.1.1	weak		1	2	1	1	380	80.5	0.0	0.5333	0	0
hadur2.Hadur 3.9	madmath.Cow 0.1.1	weak		1	3	1	1	446	81.1	16.0	0.4211	0	0
hadur2.Hadur 3.9	madmath.Cow 0.1.1	weak		1	4	1	1	296	79.0	16.0	0.6250	0	0
hadur2.Hadur 3.9	madmath.Cow 0.1.1	weak		1	5	1	1	328	73.0	0.0	0.4000	0	1
hadur2.Hadur 3.9	madmath.Cow 0.1.1	weak		1	6	1	1	388	64.0	0.0	0.2308	0	0
hadur2.Hadur 3.9	madmath.Cow 0.1.1	weak		1	7	1	1	324	76.0	0.0	0.4444	0	0
hadur2.Hadur 3.9	madmath.Cow 0.1.1	weak		1	8	1	1	320	84.0	0.0	0.5556	0	0
hadur2.Hadur 3.9	madmath.Cow 0.1.1	weak		1	9	1	1	347	79.0	16.0	0.3636	0	0
hadur2.Hadur 3.9	madmath.Cow 0.1.1	weak		1	10	1	1	319	73.0	0.0	0.4444	0	0
hadur2.Hadur 3.9	madmath.Cow 0.1.1	weak		1	11	1	1	346	84.1	0.0	0.4545	0	0
hadur2.Hadur 3.9	madmath.Cow 0.1.1	weak		1	12	1	1	389	75.5	0.0	0.3077	0	0
hadur2.Hadur 3.9	madmath.Cow 0.1.1	weak		1	13	1	1	343	88.0	32.0	0.4545	0	0
hadur2.Hadur 3.9	madmath.Cow 0.1.1	weak		1	14	1	1	360	90.1	16.0	0.4167	0	0
hadur2.Hadur 3.9	madmath.Cow 0.1.1	weak		1	15	1	1	356	80.0	7.0	0.4167	0	0
hadur2.Hadur 3.9	madmath.Cow 0.1.1	weak		1	16	1	1	300	88.0	16.0	0.6250	0	0
hadur2.Hadur 3.9	madmath.Cow 0.1.1	weak		1	17	1	1	283	85.0	0.0	0.7143	0	0
hadur2.Hadur 3.9	madmath.Cow 0.1.1	weak		1	18	1	1	369	86.9	0.0	0.4167	0	0
hadur2.Hadur 3.9	madmath.Cow 0.1.1	weak		1	19	1	1	326	84.1	0.0	0.5000	0	0
hadur2.Hadur 3.9	madmath.Cow 0.1.1	weak		1	20	1	1	371	84.0	0.0	0.4167	0	0
hadur2.Hadur 3.9	madmath.Cow 0.1.1	weak		1	21	1	1	294	80.0	0.0	0.6250	0	0
hadur2.Hadur 3.9	madmath.Cow 0.1.1	weak		1	22	1	1	423	76.0	0.0	0.2500	0	0
hadur2.Hadur 3.9	madmath.Cow 0.1.1	weak		1	23	1	1	347	73.0	0.0	0.3636	0	0
hadur2.Hadur 3.9	madmath.Cow 0.1.1	weak		1	24	1	1	372	67.0	0.0	0.3333	0	0
hadur2.Hadur 3.9	madmath.Cow 0.1.1	weak		1	25	1	1	312	76.0	0.0	0.4444	0	0
hadur2.Hadur 3.9	madmath.Cow 0.1.1	weak		1	26	1	1	308	90.9	16.0	0.6250	0	0
hadur2.Hadur 3.9	madmath.Cow 0.1.1	weak		1	27	1	1	360	90.1	16.0	0.4167	0	0
hadur2.Hadur 3.9	madmath.Cow 0.1.1	weak		1	28	1	1	325	80.0	0.0	0.4545	0	0
hadur2.Hadur 3.9	madmath.Cow 0.1.1	weak		1	29	1	1	295	80.0	0.0	0.6250	0	0
hadur2.Hadur 3.9	madmath.Cow 0.1.1	weak		1	30	1	1	351	86.8	0.0	0.4545	0	0
hadur2.Hadur 3.9	madmath.Cow 0.1.1	weak		1	31	1	1	366	87.5	0.0	0.4167	0	0
hadur2.Hadur 3.9	madmath.Cow 0.1.1	weak		1	32	1	1	295	80.0	0.0	0.6250	0	0
hadur2.Hadur 3.9	madmath.Cow 0.1.1	weak		1	33	1	1	406	69.5	0.0	0.2667	0	0
hadur2.Hadur 3.9	madmath.Cow 0.1.1	weak		1	34	1	1	370	67.0	0.0	0.3333	0	5
hadur2.Hadur 3.9	madmath.Cow 0.1.1	weak		2	0	1	1	365	84.1	0.0	0.5714	0	5
hadur2.Hadur 3.9	madmath.Cow 0.1.1	weak		2	1	1	1	327	76.0	16.0	0.6364	0	0
hadur2.Hadur 3.9	madmath.Cow 0.1.1	weak		2	2	1	1	361	70.0	16.0	0.5385	0	0
hadur2.Hadur 3.9	madmath.Cow 0.1.1	weak		2	3	1	1	440	96.3	48.0	0.4737	0	0
hadur2.Hadur 3.9	madmath.Cow 0.1.1	weak		2	4	1	1	430	69.3	0.0	0.3889	0	0
hadur2.Hadur 3.9	madmath.Cow 0.1.1	weak		2	5	1	1	314	76.0	0.0	0.6667	0	0
hadur2.Hadur 3.9	madmath.Cow 0.1.1	weak		2	6	1	1	414	82.0	16.0	0.3333	0	0
hadur2.Hadur 3.9	madmath.Cow 0.1.1	weak		2	7	1	1	378	80.5	0.0	0.3846	0	0
hadur2.Hadur 3.9	madmath.Cow 0.1.1	weak		2	8	1	1	334	73.0	0.0	0.4000	0	0
hadur2.Hadur 3.9	madmath.Cow 0.1.1	weak		2	9	1	1	386	78.0	0.0	0.3077	0	0
hadur2.Hadur 3.9	madmath.Cow 0.1.1	weak		2	10	1	1	374	67.0	0.0	0.3077	0	0
hadur2.Hadur 3.9	madmath.Cow 0.1.1	weak		2	11	1	1	296	80.0	26.0	0.6250	0	0
hadur2.Hadur 3.9	madmath.Cow 0.1.1	weak		2	12	1	1	291	96.0	0.0	0.7143	0	0
hadur2.Hadur 3.9	madmath.Cow 0.1.1	weak		2	13	1	1	396	80.0	0.0	0.3333	0	0
hadur2.Hadur 3.9	madmath.Cow 0.1.1	weak		2	14	1	1	367	67.0	0.0	0.3333	0	0
hadur2.Hadur 3.9	madmath.Cow 0.1.1	weak		2	15	1	1	335	87.1	0.0	0.5000	0	0
hadur2.Hadur 3.9	madmath.Cow 0.1.1	weak		2	16	1	1	410	69.1	16.0	0.2667	0	0
hadur2.Hadur 3.9	madmath.Cow 0.1.1	weak		2	17	1	1	331	80.0	0.0	0.4545	0	0
hadur2.Hadur 3.9	madmath.Cow 0.1.1	weak		2	18	1	1	294	80.0	0.0	0.6250	0	0
hadur2.Hadur 3.9	madmath.Cow 0.1.1	weak		2	19	1	1	284	82.0	0.0	0.7143	0	0
hadur2.Hadur 3.9	madmath.Cow 0.1.1	weak		2	20	1	1	353	90.0	0.0	0.4545	0	0
hadur2.Hadur 3.9	madmath.Cow 0.1.1	weak		2	21	1	1	374	80.0	0.0	0.3846	0	0
hadur2.Hadur 3.9	madmath.Cow 0.1.1	weak		2	22	1	1	312	76.0	0.0	0.4444	0	0
hadur2.Hadur 3.9	madmath.Cow 0.1.1	weak		2	23	1	1	419	73.0	0.0	0.2667	0	0
hadur2.Hadur 3.9	madmath.Cow 0.1.1	weak		2	24	1	1	392	75.0	0.0	0.2857	0	0
hadur2.Hadur 3.9	madmath.Cow 0.1.1	weak		2	25	1	1	336	86.8	0.0	0.5000	0	0
hadur2.Hadur 3.9	madmath.Cow 0.1.1	weak		2	26	1	1	317	76.0	0.0	0.4444	0	0
hadur2.Hadur 3.9	madmath.Cow 0.1.1	weak		2	27	1	1	353	77.6	0.0	0.3636	0	0
hadur2.Hadur 3.9	madmath.Cow 0.1.1	weak		2	28	1	1	301	88.0	16.0	0.6250	0	0
hadur2.Hadur 3.9	madmath.Cow 0.1.1	weak		2	29	1	1	381	78.5	16.0	0.3077	0	0
hadur2.Hadur 3.9	madmath.Cow 0.1.1	weak		2	30	1	1	370	81.1	0.0	0.4167	0	0
hadur2.Hadur 3.9	madmath.Cow 0.1.1	weak		2	31	1	1	307	80.0	0.0	0.5556	0	0
hadur2.Hadur 3.9	madmath.Cow 0.1.1	weak		2	32	1	1	354	85.0	0.0	0.4545	0	0
hadur2.Hadur 3.9	madmath.Cow 0.1.1	weak		2	33	1	1	320	76.0	0.0	0.4444	0	0
hadur2.Hadur 3.9	madmath.Cow 0.1.1	weak		2	34	1	1	410	80.0	0.0	0.3333	0	6
hadur2.Hadur 3.9	madmath.Cow 0.1.1	weak		3	0	1	1	397	71.2	26.6	0.4375	0	5
hadur2.Hadur 3.9	madmath.Cow 0.1.1	weak		3	1	1	1	376	67.0	0.0	0.4286	0	0
hadur2.Hadur 3.9	madmath.Cow 0.1.1	weak		3	2	1	1	375	67.9	0.0	0.5000	0	0
hadur2.Hadur 3.9	madmath.Cow 0.1.1	weak		3	3	1	1	371	77.6	0.0	0.5714	0	0
hadur2.Hadur 3.9	madmath.Cow 0.1.1	weak		3	4	1	1	339	73.0	0.0	0.5833	0	0
hadur2.Hadur 3.9	madmath.Cow 0.1.1	weak		3	5	1	1	440	73.0	0.0	0.2353	0	0
hadur2.Hadur 3.9	madmath.Cow 0.1.1	weak		3	6	1	1	417	67.0	16.0	0.2500	0	0
hadur2.Hadur 3.9	madmath.Cow 0.1.1	weak		3	7	1	1	508	80.0	32.0	0.2381	0	0
hadur2.Hadur 3.9	madmath.Cow 0.1.1	weak		3	8	1	1	302	79.0	0.0	0.5000	0	0
hadur2.Hadur 3.9	madmath.Cow 0.1.1	weak		3	9	1	1	339	88.0	0.0	0.5000	0	0
hadur2.Hadur 3.9	madmath.Cow 0.1.1	weak		3	10	1	1	302	88.0	32.0	0.6250	0	0
hadur2.Hadur 3.9	madmath.Cow 0.1.1	weak		3	11	1	1	300	80.0	10.0	0.6250	0	0
hadur2.Hadur 3.9	madmath.Cow 0.1.1	weak		3	12	1	1	327	93.0	16.0	0.5000	0	0
hadur2.Hadur 3.9	madmath.Cow 0.1.1	weak		3	13	1	1	331	84.5	0.0	0.5000	0	0
hadur2.Hadur 3.9	madmath.Cow 0.1.1	weak		3	14	1	1	413	86.8	16.0	0.3333	0	0
hadur2.Hadur 3.9	madmath.Cow 0.1.1	weak		3	15	1	1	361	82.0	0.0	0.4167	0	0
hadur2.Hadur 3.9	madmath.Cow 0.1.1	weak		3	16	1	1	410	77.6	0.0	0.2667	0	0
hadur2.Hadur 3.9	madmath.Cow 0.1.1	weak		3	17	1	1	394	80.0	0.0	0.3571	0	0
hadur2.Hadur 3.9	madmath.Cow 0.1.1	weak		3	18	1	1	338	73.0	0.0	0.4000	0	0
hadur2.Hadur 3.9	madmath.Cow 0.1.1	weak		3	19	1	1	405	80.0	0.0	0.3571	0	0
hadur2.Hadur 3.9	madmath.Cow 0.1.1	weak		3	20	1	1	349	84.0	16.0	0.4545	0	0
hadur2.Hadur 3.9	madmath.Cow 0.1.1	weak		3	21	1	1	293	80.0	0.0	0.7143	0	0
hadur2.Hadur 3.9	madmath.Cow 0.1.1	weak		3	22	1	1	338	70.0	0.0	0.4000	0	0
hadur2.Hadur 3.9	madmath.Cow 0.1.1	weak		3	23	1	1	368	80.3	0.0	0.4167	0	0
hadur2.Hadur 3.9	madmath.Cow 0.1.1	weak		3	24	1	1	303	79.0	0.0	0.5000	0	0
hadur2.Hadur 3.9	madmath.Cow 0.1.1	weak		3	25	1	1	377	80.0	0.0	0.3571	0	0
hadur2.Hadur 3.9	madmath.Cow 0.1.1	weak		3	26	1	1	317	76.0	0.0	0.4444	0	0
hadur2.Hadur 3.9	madmath.Cow 0.1.1	weak		3	27	1	1	374	79.0	0.0	0.3077	0	0
hadur2.Hadur 3.9	madmath.Cow 0.1.1	weak		3	28	1	1	362	78.0	0.0	0.3333	0	0
hadur2.Hadur 3.9	madmath.Cow 0.1.1	weak		3	29	1	1	352	86.7	0.0	0.4545	0	0
hadur2.Hadur 3.9	madmath.Cow 0.1.1	weak		3	30	1	1	312	79.0	0.0	0.4444	0	0
hadur2.Hadur 3.9	madmath.Cow 0.1.1	weak		3	31	1	1	328	85.0	16.0	0.5000	0	0
hadur2.Hadur 3.9	madmath.Cow 0.1.1	weak		3	32	1	1	390	81.2	0.0	0.3571	0	0
hadur2.Hadur 3.9	madmath.Cow 0.1.1	weak		3	33	1	1	337	73.0	0.0	0.4000	0	0
hadur2.Hadur 3.9	madmath.Cow 0.1.1	weak		3	34	1	1	297	82.0	0.0	0.6250	0	7
hadur2.Hadur 3.9	madmath.Cow 0.1.1	weak		4	0	1	1	623	60.8	32.0	0.1875	0	5
hadur2.Hadur 3.9	madmath.Cow 0.1.1	weak		4	1	1	1	454	80.9	16.0	0.4000	0	0
hadur2.Hadur 3.9	madmath.Cow 0.1.1	weak		4	2	1	1	325	87.1	0.0	0.7273	0	0
hadur2.Hadur 3.9	madmath.Cow 0.1.1	weak		4	3	1	1	370	78.5	0.0	0.5714	0	0
hadur2.Hadur 3.9	madmath.Cow 0.1.1	weak		4	4	1	1	337	86.7	0.0	0.5000	0	0
hadur2.Hadur 3.9	madmath.Cow 0.1.1	weak		4	5	1	1	354	89.5	16.0	0.4545	0	0
hadur2.Hadur 3.9	madmath.Cow 0.1.1	weak		4	6	1	1	369	67.0	0.0	0.3333	0	0
hadur2.Hadur 3.9	madmath.Cow 0.1.1	weak		4	7	1	1	373	76.0	16.0	0.3333	0	0
hadur2.Hadur 3.9	madmath.Cow 0.1.1	weak		4	8	1	1	448	70.0	0.0	0.2353	0	0
hadur2.Hadur 3.9	madmath.Cow 0.1.1	weak		4	9	1	1	324	76.0	0.0	0.4444	0	0
hadur2.Hadur 3.9	madmath.Cow 0.1.1	weak		4	10	1	1	352	70.0	0.0	0.3333	0	0
hadur2.Hadur 3.9	madmath.Cow 0.1.1	weak		4	11	1	1	310	92.7	0.0	0.5556	0	0
hadur2.Hadur 3.9	madmath.Cow 0.1.1	weak		4	12	1	1	396	64.0	0.0	0.2857	0	0
hadur2.Hadur 3.9	madmath.Cow 0.1.1	weak		4	13	1	1	293	82.0	0.0	0.6250	0	0
hadur2.Hadur 3.9	madmath.Cow 0.1.1	weak		4	14	1	1	285	80.0	0.0	0.7143	0	0
hadur2.Hadur 3.9	madmath.Cow 0.1.1	weak		4	15	1	1	389	64.0	0.0	0.2308	0	0
hadur2.Hadur 3.9	madmath.Cow 0.1.1	weak		4	16	1	1	343	73.0	0.0	0.3636	0	0
hadur2.Hadur 3.9	madmath.Cow 0.1.1	weak		4	17	1	1	367	87.5	0.0	0.4167	0	0
hadur2.Hadur 3.9	madmath.Cow 0.1.1	weak		4	18	1	1	297	89.7	0.0	0.6250	0	0
hadur2.Hadur 3.9	madmath.Cow 0.1.1	weak		4	19	1	1	366	81.0	0.0	0.4167	0	0
hadur2.Hadur 3.9	madmath.Cow 0.1.1	weak		4	20	1	1	281	82.0	0.0	0.7143	0	0
hadur2.Hadur 3.9	madmath.Cow 0.1.1	weak		4	21	1	1	408	70.0	16.0	0.2667	0	0
hadur2.Hadur 3.9	madmath.Cow 0.1.1	weak		4	22	1	1	355	84.0	0.0	0.4167	0	0
hadur2.Hadur 3.9	madmath.Cow 0.1.1	weak		4	23	1	1	275	85.0	0.0	0.8333	0	0
hadur2.Hadur 3.9	madmath.Cow 0.1.1	weak		4	24	1	1	307	79.0	0.0	0.5000	0	0
hadur2.Hadur 3.9	madmath.Cow 0.1.1	weak		4	25	1	1	325	76.0	0.0	0.4444	0	0
hadur2.Hadur 3.9	madmath.Cow 0.1.1	weak		4	26	1	1	331	89.5	0.0	0.5000	0	0
hadur2.Hadur 3.9	madmath.Cow 0.1.1	weak		4	27	1	1	400	64.0	0.0	0.2143	0	0
hadur2.Hadur 3.9	madmath.Cow 0.1.1	weak		4	28	1	1	340	70.0	0.0	0.4000	0	0
hadur2.Hadur 3.9	madmath.Cow 0.1.1	weak		4	29	1	1	294	79.0	0.0	0.5000	0	0
hadur2.Hadur 3.9	madmath.Cow 0.1.1	weak		4	30	1	1	285	82.0	0.0	0.7143	0	0
hadur2.Hadur 3.9	madmath.Cow 0.1.1	weak		4	31	1	1	433	80.0	0.0	0.2941	0	0
hadur2.Hadur 3.9	madmath.Cow 0.1.1	weak		4	32	1	1	295	80.0	0.0	0.6250	0	0
hadur2.Hadur 3.9	madmath.Cow 0.1.1	weak		4	33	1	1	292	80.0	0.0	0.6250	0	0
hadur2.Hadur 3.9	madmath.Cow 0.1.1	weak		4	34	1	1	342	70.0	16.0	0.3636	0	6
hadur2.Hadur 3.9	marksteam.Phoenix 1.0	weak		1	0	1	1	681	35.6	32.4	0.1026	298	8
hadur2.Hadur 3.9	marksteam.Phoenix 1.0	weak		1	1	1	1	937	25.6	69.2	0.1905	0	0
hadur2.Hadur 3.9	marksteam.Phoenix 1.0	weak		1	2	1	1	438	65.7	0.0	0.2222	0	0
hadur2.Hadur 3.9	marksteam.Phoenix 1.0	weak		1	3	1	1	655	33.3	0.0	0.0625	0	1
hadur2.Hadur 3.9	marksteam.Phoenix 1.0	weak		1	4	1	1	629	53.9	16.0	0.1765	0	0
hadur2.Hadur 3.9	marksteam.Phoenix 1.0	weak		1	5	1	1	522	50.9	16.0	0.2000	0	0
hadur2.Hadur 3.9	marksteam.Phoenix 1.0	weak		1	6	1	1	766	49.6	43.2	0.1304	0	0
hadur2.Hadur 3.9	marksteam.Phoenix 1.0	weak		1	7	1	1	522	50.5	10.0	0.2083	0	0
hadur2.Hadur 3.9	marksteam.Phoenix 1.0	weak		1	8	1	1	545	64.6	0.4	0.2069	0	0
hadur2.Hadur 3.9	marksteam.Phoenix 1.0	weak		1	9	0	0	903	27.0	58.1	0.0938	0	0
hadur2.Hadur 3.9	marksteam.Phoenix 1.0	weak		1	10	1	1	603	59.9	16.4	0.1818	0	0
hadur2.Hadur 3.9	marksteam.Phoenix 1.0	weak		1	11	1	1	531	51.0	20.0	0.1923	0	0
hadur2.Hadur 3.9	marksteam.Phoenix 1.0	weak		1	12	1	1	478	50.5	0.0	0.1905	0	0
hadur2.Hadur 3.9	marksteam.Phoenix 1.0	weak		1	13	1	1	592	45.2	10.4	0.1379	0	0
hadur2.Hadur 3.9	marksteam.Phoenix 1.0	weak		1	14	1	1	435	58.0	0.0	0.2222	0	0
hadur2.Hadur 3.9	marksteam.Phoenix 1.0	weak		1	15	1	1	787	16.0	36.0	0.1400	0	0
hadur2.Hadur 3.9	marksteam.Phoenix 1.0	weak		1	16	1	1	553	70.9	10.0	0.2069	0	0
hadur2.Hadur 3.9	marksteam.Phoenix 1.0	weak		1	17	1	1	407	62.2	0.0	0.2667	0	0
hadur2.Hadur 3.9	marksteam.Phoenix 1.0	weak		1	18	1	1	447	52.0	0.0	0.1765	0	0
hadur2.Hadur 3.9	marksteam.Phoenix 1.0	weak		1	19	1	1	415	65.0	0.4	0.2500	0	0
hadur2.Hadur 3.9	marksteam.Phoenix 1.0	weak		1	20	1	1	413	65.7	0.0	0.2500	0	0
hadur2.Hadur 3.9	marksteam.Phoenix 1.0	weak		1	21	1	1	527	49.6	0.0	0.1250	0	0
hadur2.Hadur 3.9	marksteam.Phoenix 1.0	weak		1	22	1	1	321	74.0	0.0	0.4444	0	0
hadur2.Hadur 3.9	marksteam.Phoenix 1.0	weak		1	23	1	1	454	64.9	10.0	0.2222	0	0
hadur2.Hadur 3.9	marksteam.Phoenix 1.0	weak		1	24	1	1	381	65.0	0.0	0.3077	0	0
hadur2.Hadur 3.9	marksteam.Phoenix 1.0	weak		1	25	1	1	463	64.7	16.0	0.2105	0	0
hadur2.Hadur 3.9	marksteam.Phoenix 1.0	weak		1	26	1	1	384	66.8	0.0	0.2857	0	0
hadur2.Hadur 3.9	marksteam.Phoenix 1.0	weak		1	27	1	1	575	65.2	0.0	0.1333	0	0
hadur2.Hadur 3.9	marksteam.Phoenix 1.0	weak		1	28	1	1	491	53.0	0.0	0.1818	0	0
hadur2.Hadur 3.9	marksteam.Phoenix 1.0	weak		1	29	1	1	484	52.7	0.0	0.1905	0	0
hadur2.Hadur 3.9	marksteam.Phoenix 1.0	weak		1	30	1	1	506	43.0	0.0	0.1667	0	0
hadur2.Hadur 3.9	marksteam.Phoenix 1.0	weak		1	31	1	1	421	60.0	0.0	0.2500	0	0
hadur2.Hadur 3.9	marksteam.Phoenix 1.0	weak		1	32	1	1	474	58.5	0.0	0.1905	0	0
hadur2.Hadur 3.9	marksteam.Phoenix 1.0	weak		1	33	1	1	504	59.9	10.8	0.1818	0	0
hadur2.Hadur 3.9	marksteam.Phoenix 1.0	weak		1	34	1	1	325	76.0	0.0	0.4444	0	6
hadur2.Hadur 3.9	marksteam.Phoenix 1.0	weak		2	0	1	1	569	39.0	10.0	0.1429	0	5
hadur2.Hadur 3.9	marksteam.Phoenix 1.0	weak		2	1	1	1	609	50.7	20.4	0.1613	0	0
hadur2.Hadur 3.9	marksteam.Phoenix 1.0	weak		2	2	1	1	366	67.0	0.0	0.3333	0	1
hadur2.Hadur 3.9	marksteam.Phoenix 1.0	weak		2	3	0	0	613	16.0	30.8	0.0357	0	0
hadur2.Hadur 3.9	marksteam.Phoenix 1.0	weak		2	4	1	1	438	56.0	0.0	0.2353	0	0
hadur2.Hadur 3.9	marksteam.Phoenix 1.0	weak		2	5	1	1	743	49.0	10.0	0.1136	0	0
hadur2.Hadur 3.9	marksteam.Phoenix 1.0	weak		2	6	1	1	614	39.8	16.0	0.1212	0	0
hadur2.Hadur 3.9	marksteam.Phoenix 1.0	weak		2	7	1	1	597	38.8	10.0	0.1290	0	0
hadur2.Hadur 3.9	marksteam.Phoenix 1.0	weak		2	8	1	1	517	49.0	16.0	0.2000	0	0
hadur2.Hadur 3.9	marksteam.Phoenix 1.0	weak		2	9	1	1	550	61.0	16.8	0.2500	0	0
hadur2.Hadur 3.9	marksteam.Phoenix 1.0	weak		2	10	1	1	509	52.0	20.0	0.1429	0	0
hadur2.Hadur 3.9	marksteam.Phoenix 1.0	weak		2	11	1	1	421	64.7	0.0	0.2500	0	0
hadur2.Hadur 3.9	marksteam.Phoenix 1.0	weak		2	12	1	1	480	50.9	0.4	0.1500	0	0
hadur2.Hadur 3.9	marksteam.Phoenix 1.0	weak		2	13	1	1	519	58.1	0.8	0.1600	0	0
hadur2.Hadur 3.9	marksteam.Phoenix 1.0	weak		2	14	1	1	402	59.0	0.0	0.2667	0	0
hadur2.Hadur 3.9	marksteam.Phoenix 1.0	weak		2	15	1	1	344	80.9	16.0	0.4545	0	0
hadur2.Hadur 3.9	marksteam.Phoenix 1.0	weak		2	16	1	1	380	63.0	0.0	0.2308	0	0
hadur2.Hadur 3.9	marksteam.Phoenix 1.0	weak		2	17	1	1	589	37.0	16.0	0.0769	0	0
hadur2.Hadur 3.9	marksteam.Phoenix 1.0	weak		2	18	1	1	541	40.0	0.0	0.0870	0	0
hadur2.Hadur 3.9	marksteam.Phoenix 1.0	weak		2	19	1	1	587	40.4	0.0	0.1333	0	0
hadur2.Hadur 3.9	marksteam.Phoenix 1.0	weak		2	20	1	1	427	65.0	16.0	0.3333	0	0
hadur2.Hadur 3.9	marksteam.Phoenix 1.0	weak		2	21	1	1	498	51.6	0.0	0.1739	0	0
hadur2.Hadur 3.9	marksteam.Phoenix 1.0	weak		2	22	1	1	493	49.0	0.0	0.1500	0	0
hadur2.Hadur 3.9	marksteam.Phoenix 1.0	weak		2	23	1	1	441	55.5	0.0	0.1765	0	0
hadur2.Hadur 3.9	marksteam.Phoenix 1.0	weak		2	24	1	1	491	48.0	0.0	0.1905	0	0
hadur2.Hadur 3.9	marksteam.Phoenix 1.0	weak		2	25	1	1	380	67.0	0.0	0.3571	0	0
hadur2.Hadur 3.9	marksteam.Phoenix 1.0	weak		2	26	1	1	423	70.0	20.0	0.2500	0	0
hadur2.Hadur 3.9	marksteam.Phoenix 1.0	weak		2	27	1	1	351	69.0	0.0	0.3636	0	0
hadur2.Hadur 3.9	marksteam.Phoenix 1.0	weak		2	28	1	1	408	61.5	0.0	0.2000	0	0
hadur2.Hadur 3.9	marksteam.Phoenix 1.0	weak		2	29	1	1	304	77.0	0.0	0.5000	0	0
hadur2.Hadur 3.9	marksteam.Phoenix 1.0	weak		2	30	1	1	454	58.0	0.0	0.1667	0	0
hadur2.Hadur 3.9	marksteam.Phoenix 1.0	weak		2	31	1	1	483	66.4	0.4	0.1818	0	0
hadur2.Hadur 3.9	marksteam.Phoenix 1.0	weak		2	32	1	1	403	65.8	0.0	0.2667	0	0
hadur2.Hadur 3.9	marksteam.Phoenix 1.0	weak		2	33	1	1	420	64.8	0.0	0.2500	0	0
hadur2.Hadur 3.9	marksteam.Phoenix 1.0	weak		2	34	1	1	355	71.0	0.0	0.3636	0	6
hadur2.Hadur 3.9	marksteam.Phoenix 1.0	weak		3	0	1	1	612	59.3	52.0	0.1875	0	5
hadur2.Hadur 3.9	marksteam.Phoenix 1.0	weak		3	1	1	1	651	53.7	17.6	0.1622	0	0
hadur2.Hadur 3.9	marksteam.Phoenix 1.0	weak		3	2	1	1	1001	13.3	48.4	0.1324	0	0
hadur2.Hadur 3.9	marksteam.Phoenix 1.0	weak		3	3	1	1	601	31.8	0.0	0.0968	0	0
hadur2.Hadur 3.9	marksteam.Phoenix 1.0	weak		3	4	1	1	424	68.2	10.0	0.3684	0	0
hadur2.Hadur 3.9	marksteam.Phoenix 1.0	weak		3	5	1	1	358	71.0	0.0	0.3333	0	0
hadur2.Hadur 3.9	marksteam.Phoenix 1.0	weak		3	6	1	1	408	60.0	0.0	0.2000	0	0
hadur2.Hadur 3.9	marksteam.Phoenix 1.0	weak		3	7	1	1	557	55.0	10.4	0.1481	0	0
hadur2.Hadur 3.9	marksteam.Phoenix 1.0	weak		3	8	1	1	488	50.3	0.0	0.1500	0	0
hadur2.Hadur 3.9	marksteam.Phoenix 1.0	weak		3	9	1	1	473	50.8	0.0	0.1500	0	0
hadur2.Hadur 3.9	marksteam.Phoenix 1.0	weak		3	10	1	1	553	60.0	36.0	0.2143	0	0
hadur2.Hadur 3.9	marksteam.Phoenix 1.0	weak		3	11	1	1	455	56.5	0.0	0.2105	0	0
hadur2.Hadur 3.9	marksteam.Phoenix 1.0	weak		3	12	1	1	487	59.4	10.4	0.2000	0	0
hadur2.Hadur 3.9	marksteam.Phoenix 1.0	weak		3	13	1	1	363	68.0	0.0	0.3333	0	0
hadur2.Hadur 3.9	marksteam.Phoenix 1.0	weak		3	14	1	1	428	60.0	16.0	0.1875	0	0
hadur2.Hadur 3.9	marksteam.Phoenix 1.0	weak		3	15	1	1	341	76.0	10.0	0.4000	0	0
hadur2.Hadur 3.9	marksteam.Phoenix 1.0	weak		3	16	1	1	482	49.0	0.0	0.1500	0	0
hadur2.Hadur 3.9	marksteam.Phoenix 1.0	weak		3	17	1	1	388	65.9	0.0	0.2857	0	0
hadur2.Hadur 3.9	marksteam.Phoenix 1.0	weak		3	18	1	1	386	70.0	10.0	0.2857	0	0
hadur2.Hadur 3.9	marksteam.Phoenix 1.0	weak		3	19	1	1	702	62.3	31.2	0.1316	0	0
hadur2.Hadur 3.9	marksteam.Phoenix 1.0	weak		3	20	1	1	520	43.0	0.0	0.1364	0	0
hadur2.Hadur 3.9	marksteam.Phoenix 1.0	weak		3	21	1	1	598	38.8	0.0	0.1290	0	0
hadur2.Hadur 3.9	marksteam.Phoenix 1.0	weak		3	22	1	1	422	69.0	16.0	0.4118	0	0
hadur2.Hadur 3.9	marksteam.Phoenix 1.0	weak		3	23	1	1	396	66.6	0.0	0.2857	0	0
hadur2.Hadur 3.9	marksteam.Phoenix 1.0	weak		3	24	1	1	541	38.2	0.0	0.0870	0	0
hadur2.Hadur 3.9	marksteam.Phoenix 1.0	weak		3	25	1	1	459	53.4	0.0	0.1667	0	0
hadur2.Hadur 3.9	marksteam.Phoenix 1.0	weak		3	26	1	1	597	47.0	20.0	0.2000	0	0
hadur2.Hadur 3.9	marksteam.Phoenix 1.0	weak		3	27	1	1	445	59.7	0.4	0.2222	0	0
hadur2.Hadur 3.9	marksteam.Phoenix 1.0	weak		3	28	1	1	681	48.3	20.8	0.0833	0	0
hadur2.Hadur 3.9	marksteam.Phoenix 1.0	weak		3	29	1	1	392	62.0	0.0	0.2857	0	0
hadur2.Hadur 3.9	marksteam.Phoenix 1.0	weak		3	30	1	1	371	73.0	10.0	0.3846	0	0
hadur2.Hadur 3.9	marksteam.Phoenix 1.0	weak		3	31	1	1	420	65.0	10.0	0.2500	0	0
hadur2.Hadur 3.9	marksteam.Phoenix 1.0	weak		3	32	1	1	352	76.0	10.0	0.3636	0	0
hadur2.Hadur 3.9	marksteam.Phoenix 1.0	weak		3	33	1	1	551	37.0	0.0	0.0833	0	0
hadur2.Hadur 3.9	marksteam.Phoenix 1.0	weak		3	34	1	1	496	47.0	0.0	0.1000	0	5
hadur2.Hadur 3.9	marksteam.Phoenix 1.0	weak		4	0	1	1	774	14.9	0.4	0.0638	298	7
hadur2.Hadur 3.9	marksteam.Phoenix 1.0	weak		4	1	1	1	671	30.7	16.0	0.1053	0	0
hadur2.Hadur 3.9	marksteam.Phoenix 1.0	weak		4	2	1	1	549	48.5	10.0	0.1786	0	0
hadur2.Hadur 3.9	marksteam.Phoenix 1.0	weak		4	3	1	1	594	42.0	26.0	0.1429	0	0
hadur2.Hadur 3.9	marksteam.Phoenix 1.0	weak		4	4	1	1	540	47.0	0.0	0.1600	0	0
hadur2.Hadur 3.9	marksteam.Phoenix 1.0	weak		4	5	1	1	401	58.0	16.0	0.2667	0	0
hadur2.Hadur 3.9	marksteam.Phoenix 1.0	weak		4	6	1	1	679	48.6	16.4	0.1316	0	0
hadur2.Hadur 3.9	marksteam.Phoenix 1.0	weak		4	7	1	1	610	54.0	32.0	0.1379	0	0
hadur2.Hadur 3.9	marksteam.Phoenix 1.0	weak		4	8	1	1	513	48.5	0.4	0.2000	0	0
hadur2.Hadur 3.9	marksteam.Phoenix 1.0	weak		4	9	1	1	408	66.7	0.0	0.3529	0	0
hadur2.Hadur 3.9	marksteam.Phoenix 1.0	weak		4	10	1	1	395	66.8	0.0	0.2667	0	0
hadur2.Hadur 3.9	marksteam.Phoenix 1.0	weak		4	11	1	1	429	58.7	0.0	0.1875	0	0
hadur2.Hadur 3.9	marksteam.Phoenix 1.0	weak		4	12	1	1	434	57.1	0.0	0.1875	0	0
hadur2.Hadur 3.9	marksteam.Phoenix 1.0	weak		4	13	1	1	491	65.4	0.4	0.1818	0	0
hadur2.Hadur 3.9	marksteam.Phoenix 1.0	weak		4	14	1	1	578	35.7	0.0	0.1071	0	0
hadur2.Hadur 3.9	marksteam.Phoenix 1.0	weak		4	15	1	1	691	38.8	32.0	0.1053	0	0
hadur2.Hadur 3.9	marksteam.Phoenix 1.0	weak		4	16	1	1	463	58.9	0.4	0.2727	0	0
hadur2.Hadur 3.9	marksteam.Phoenix 1.0	weak		4	17	1	1	566	36.0	0.0	0.1071	0	0
hadur2.Hadur 3.9	marksteam.Phoenix 1.0	weak		4	18	1	1	522	55.0	0.8	0.1923	0	0
hadur2.Hadur 3.9	marksteam.Phoenix 1.0	weak		4	19	1	1	599	38.8	10.0	0.1290	0	0
hadur2.Hadur 3.9	marksteam.Phoenix 1.0	weak		4	20	1	1	449	53.9	0.0	0.2632	0	0
hadur2.Hadur 3.9	marksteam.Phoenix 1.0	weak		4	21	1	1	580	45.8	26.0	0.1379	0	0
hadur2.Hadur 3.9	marksteam.Phoenix 1.0	weak		4	22	1	1	717	57.8	0.0	0.0952	0	0
hadur2.Hadur 3.9	marksteam.Phoenix 1.0	weak		4	23	1	1	493	48.0	16.0	0.1739	0	0
hadur2.Hadur 3.9	marksteam.Phoenix 1.0	weak		4	24	1	1	467	56.0	10.0	0.2381	0	0
hadur2.Hadur 3.9	marksteam.Phoenix 1.0	weak		4	25	1	1	599	38.9	10.0	0.1290	0	0
hadur2.Hadur 3.9	marksteam.Phoenix 1.0	weak		4	26	1	1	470	58.9	10.4	0.2000	0	0
hadur2.Hadur 3.9	marksteam.Phoenix 1.0	weak		4	27	1	1	501	51.4	0.8	0.1739	0	0
hadur2.Hadur 3.9	marksteam.Phoenix 1.0	weak		4	28	1	1	580	49.2	17.2	0.2000	0	0
hadur2.Hadur 3.9	marksteam.Phoenix 1.0	weak		4	29	1	1	343	73.0	0.0	0.3636	0	0
hadur2.Hadur 3.9	marksteam.Phoenix 1.0	weak		4	30	1	1	586	48.0	0.0	0.1071	0	0
hadur2.Hadur 3.9	marksteam.Phoenix 1.0	weak		4	31	1	1	416	58.0	0.0	0.2000	0	0
hadur2.Hadur 3.9	marksteam.Phoenix 1.0	weak		4	32	1	1	393	66.7	0.0	0.2857	0	0
hadur2.Hadur 3.9	marksteam.Phoenix 1.0	weak		4	33	1	1	453	52.0	0.0	0.1667	0	0
hadur2.Hadur 3.9	marksteam.Phoenix 1.0	weak		4	34	1	1	410	65.7	0.0	0.2500	0	6
hadur2.Hadur 3.9	mcb.Audace 1.3	weak		1	0	1	1	433	70.0	32.0	0.3889	0	6
hadur2.Hadur 3.9	mcb.Audace 1.3	weak		1	1	1	1	323	73.0	0.0	0.6364	0	0
hadur2.Hadur 3.9	mcb.Audace 1.3	weak		1	2	1	1	338	70.0	16.0	0.5833	0	0
hadur2.Hadur 3.9	mcb.Audace 1.3	weak		1	3	1	1	379	77.2	26.6	0.5714	0	0
hadur2.Hadur 3.9	mcb.Audace 1.3	weak		1	4	1	1	337	79.0	16.0	0.6667	0	0
hadur2.Hadur 3.9	mcb.Audace 1.3	weak		1	5	1	1	378	61.0	0.0	0.2308	0	0
hadur2.Hadur 3.9	mcb.Audace 1.3	weak		1	6	1	1	360	64.0	0.0	0.2500	0	0
hadur2.Hadur 3.9	mcb.Audace 1.3	weak		1	7	1	1	312	82.0	16.0	0.5556	0	0
hadur2.Hadur 3.9	mcb.Audace 1.3	weak		1	8	1	1	281	88.0	16.0	0.7143	0	0
hadur2.Hadur 3.9	mcb.Audace 1.3	weak		1	9	1	1	459	46.0	0.0	0.1111	0	0
hadur2.Hadur 3.9	mcb.Audace 1.3	weak		1	10	1	1	362	64.0	0.0	0.2500	0	0
hadur2.Hadur 3.9	mcb.Audace 1.3	weak		1	11	1	1	423	91.0	64.0	0.3750	0	0
hadur2.Hadur 3.9	mcb.Audace 1.3	weak		1	12	1	1	295	76.0	0.0	0.5000	0	0
hadur2.Hadur 3.9	mcb.Audace 1.3	weak		1	13	1	1	344	76.0	16.0	0.3636	0	0
hadur2.Hadur 3.9	mcb.Audace 1.3	weak		1	14	1	1	296	76.0	0.0	0.5000	0	0
hadur2.Hadur 3.9	mcb.Audace 1.3	weak		1	15	1	1	361	73.0	16.0	0.3333	0	0
hadur2.Hadur 3.9	mcb.Audace 1.3	weak		1	16	1	1	361	64.0	16.0	0.3333	0	0
hadur2.Hadur 3.9	mcb.Audace 1.3	weak		1	17	1	1	340	70.0	0.0	0.3636	0	0
hadur2.Hadur 3.9	mcb.Audace 1.3	weak		1	18	1	1	356	67.0	0.0	0.3333	0	0
hadur2.Hadur 3.9	mcb.Audace 1.3	weak		1	19	1	1	369	64.0	16.0	0.3333	0	0
hadur2.Hadur 3.9	mcb.Audace 1.3	weak		1	20	1	1	315	73.0	0.0	0.4444	0	0
hadur2.Hadur 3.9	mcb.Audace 1.3	weak		1	21	1	1	297	76.0	0.0	0.5000	0	0
hadur2.Hadur 3.9	mcb.Audace 1.3	weak		1	22	1	1	330	79.0	16.0	0.4000	0	0
hadur2.Hadur 3.9	mcb.Audace 1.3	weak		1	23	1	1	282	79.0	0.0	0.5714	0	0
hadur2.Hadur 3.9	mcb.Audace 1.3	weak		1	24	1	1	341	70.0	0.0	0.3636	0	0
hadur2.Hadur 3.9	mcb.Audace 1.3	weak		1	25	1	1	299	76.0	0.0	0.5000	0	0
hadur2.Hadur 3.9	mcb.Audace 1.3	weak		1	26	1	1	312	73.0	0.0	0.4444	0	0
hadur2.Hadur 3.9	mcb.Audace 1.3	weak		1	27	1	1	294	76.0	0.0	0.5000	0	0
hadur2.Hadur 3.9	mcb.Audace 1.3	weak		1	28	1	1	352	67.0	0.0	0.3636	0	0
hadur2.Hadur 3.9	mcb.Audace 1.3	weak		1	29	1	1	283	79.0	0.0	0.5714	0	0
hadur2.Hadur 3.9	mcb.Audace 1.3	weak		1	30	1	1	283	79.0	0.0	0.5714	0	0
hadur2.Hadur 3.9	mcb.Audace 1.3	weak		1	31	1	1	312	73.0	0.0	0.4444	0	0
hadur2.Hadur 3.9	mcb.Audace 1.3	weak		1	32	1	1	331	80.0	16.0	0.5000	0	0
hadur2.Hadur 3.9	mcb.Audace 1.3	weak		1	33	1	1	355	67.0	0.0	0.3333	0	0
hadur2.Hadur 3.9	mcb.Audace 1.3	weak		1	34	1	1	328	80.0	16.0	0.5000	0	6
hadur2.Hadur 3.9	mcb.Audace 1.3	weak		2	0	1	1	424	64.5	16.0	0.3529	0	5
hadur2.Hadur 3.9	mcb.Audace 1.3	weak		2	1	1	1	431	70.0	32.0	0.3889	0	0
hadur2.Hadur 3.9	mcb.Audace 1.3	weak		2	2	1	1	433	79.0	48.0	0.4444	0	0
hadur2.Hadur 3.9	mcb.Audace 1.3	weak		2	3	1	1	379	61.0	0.0	0.4000	0	0
hadur2.Hadur 3.9	mcb.Audace 1.3	weak		2	4	1	1	329	79.0	16.0	0.4000	0	0
hadur2.Hadur 3.9	mcb.Audace 1.3	weak		2	5	1	1	345	80.0	16.0	0.4545	0	0
hadur2.Hadur 3.9	mcb.Audace 1.3	weak		2	6	1	1	362	73.0	16.0	0.3333	0	0
hadur2.Hadur 3.9	mcb.Audace 1.3	weak		2	7	1	1	347	76.0	16.0	0.3636	0	0
hadur2.Hadur 3.9	mcb.Audace 1.3	weak		2	8	1	1	358	80.0	26.0	0.4167	0	0
hadur2.Hadur 3.9	mcb.Audace 1.3	weak		2	9	1	1	410	73.0	32.0	0.2667	0	0
hadur2.Hadur 3.9	mcb.Audace 1.3	weak		2	10	1	1	369	64.0	0.0	0.3333	0	0
hadur2.Hadur 3.9	mcb.Audace 1.3	weak		2	11	1	1	355	67.0	0.0	0.3333	0	0
hadur2.Hadur 3.9	mcb.Audace 1.3	weak		2	12	1	1	296	76.0	0.0	0.5000	0	0
hadur2.Hadur 3.9	mcb.Audace 1.3	weak		2	13	1	1	352	67.0	0.0	0.3636	0	0
hadur2.Hadur 3.9	mcb.Audace 1.3	weak		2	14	1	1	330	79.0	16.0	0.4000	0	0
hadur2.Hadur 3.9	mcb.Audace 1.3	weak		2	15	1	1	329	70.0	0.0	0.4000	0	0
hadur2.Hadur 3.9	mcb.Audace 1.3	weak		2	16	1	1	358	73.0	16.0	0.3333	0	0
hadur2.Hadur 3.9	mcb.Audace 1.3	weak		2	17	1	1	301	76.0	0.0	0.5000	0	0
hadur2.Hadur 3.9	mcb.Audace 1.3	weak		2	18	1	1	341	70.0	0.0	0.3636	0	0
hadur2.Hadur 3.9	mcb.Audace 1.3	weak		2	19	1	1	376	64.0	0.0	0.3077	0	0
hadur2.Hadur 3.9	mcb.Audace 1.3	weak		2	20	1	1	327	70.0	0.0	0.4000	0	0
hadur2.Hadur 3.9	mcb.Audace 1.3	weak		2	21	1	1	394	58.0	0.0	0.2143	0	0
hadur2.Hadur 3.9	mcb.Audace 1.3	weak		2	22	1	1	378	88.0	48.0	0.3846	0	0
hadur2.Hadur 3.9	mcb.Audace 1.3	weak		2	23	1	1	325	73.0	0.0	0.4000	0	0
hadur2.Hadur 3.9	mcb.Audace 1.3	weak		2	24	1	1	300	76.0	0.0	0.5000	0	0
hadur2.Hadur 3.9	mcb.Audace 1.3	weak		2	25	1	1	331	79.0	16.0	0.4000	0	0
hadur2.Hadur 3.9	mcb.Audace 1.3	weak		2	26	1	1	420	64.0	16.0	0.2353	0	0
hadur2.Hadur 3.9	mcb.Audace 1.3	weak		2	27	1	1	315	73.0	0.0	0.4444	0	0
hadur2.Hadur 3.9	mcb.Audace 1.3	weak		2	28	1	1	312	73.0	0.0	0.4444	0	0
hadur2.Hadur 3.9	mcb.Audace 1.3	weak		2	29	1	1	342	76.0	32.0	0.3636	0	0
hadur2.Hadur 3.9	mcb.Audace 1.3	weak		2	30	1	1	373	73.0	16.0	0.3077	0	0
hadur2.Hadur 3.9	mcb.Audace 1.3	weak		2	31	1	1	299	76.0	0.0	0.5000	0	0
hadur2.Hadur 3.9	mcb.Audace 1.3	weak		2	32	1	1	473	52.0	32.0	0.1579	0	0
hadur2.Hadur 3.9	mcb.Audace 1.3	weak		2	33	1	1	313	73.0	0.0	0.4444	0	0
hadur2.Hadur 3.9	mcb.Audace 1.3	weak		2	34	1	1	391	76.0	32.0	0.2857	0	6
hadur2.Hadur 3.9	mcb.Audace 1.3	weak		3	0	1	1	453	76.0	48.0	0.3500	0	4
hadur2.Hadur 3.9	mcb.Audace 1.3	weak		3	1	1	1	456	58.2	16.0	0.3000	0	0
hadur2.Hadur 3.9	mcb.Audace 1.3	weak		3	2	1	1	437	70.0	32.0	0.3684	0	0
hadur2.Hadur 3.9	mcb.Audace 1.3	weak		3	3	1	1	429	70.0	32.0	0.3889	0	0
hadur2.Hadur 3.9	mcb.Audace 1.3	weak		3	4	1	1	341	70.0	0.0	0.3636	0	0
hadur2.Hadur 3.9	mcb.Audace 1.3	weak		3	5	1	1	278	79.0	0.0	0.5714	0	0
hadur2.Hadur 3.9	mcb.Audace 1.3	weak		3	6	1	1	376	61.0	0.0	0.2308	0	0
hadur2.Hadur 3.9	mcb.Audace 1.3	weak		3	7	1	1	361	64.0	0.0	0.2500	0	0
hadur2.Hadur 3.9	mcb.Audace 1.3	weak		3	8	1	1	330	80.0	26.0	0.5000	0	0
hadur2.Hadur 3.9	mcb.Audace 1.3	weak		3	9	1	1	347	76.0	16.0	0.3636	0	0
hadur2.Hadur 3.9	mcb.Audace 1.3	weak		3	10	1	1	481	70.0	48.0	0.2500	0	0
hadur2.Hadur 3.9	mcb.Audace 1.3	weak		3	11	1	1	311	73.0	0.0	0.4444	0	0
hadur2.Hadur 3.9	mcb.Audace 1.3	weak		3	12	1	1	376	70.0	16.0	0.3077	0	0
hadur2.Hadur 3.9	mcb.Audace 1.3	weak		3	13	1	1	433	82.0	48.0	0.3529	0	0
hadur2.Hadur 3.9	mcb.Audace 1.3	weak		3	14	1	1	376	64.0	0.0	0.3077	0	0
hadur2.Hadur 3.9	mcb.Audace 1.3	weak		3	15	1	1	355	67.0	0.0	0.3333	0	0
hadur2.Hadur 3.9	mcb.Audace 1.3	weak		3	16	1	1	392	58.0	0.0	0.2143	0	0
hadur2.Hadur 3.9	mcb.Audace 1.3	weak		3	17	1	1	375	70.0	16.0	0.3077	0	0
hadur2.Hadur 3.9	mcb.Audace 1.3	weak		3	18	1	1	338	82.0	16.0	0.5455	0	0
hadur2.Hadur 3.9	mcb.Audace 1.3	weak		3	19	1	1	386	70.0	16.0	0.3077	0	0
hadur2.Hadur 3.9	mcb.Audace 1.3	weak		3	20	1	1	343	67.0	0.0	0.3636	0	0
hadur2.Hadur 3.9	mcb.Audace 1.3	weak		3	21	1	1	332	80.0	26.0	0.5000	0	0
hadur2.Hadur 3.9	mcb.Audace 1.3	weak		3	22	1	1	341	70.0	0.0	0.3636	0	0
hadur2.Hadur 3.9	mcb.Audace 1.3	weak		3	23	1	1	365	64.0	0.0	0.3333	0	0
hadur2.Hadur 3.9	mcb.Audace 1.3	weak		3	24	1	1	314	73.0	0.0	0.4444	0	0
hadur2.Hadur 3.9	mcb.Audace 1.3	weak		3	25	1	1	337	70.0	0.0	0.4000	0	0
hadur2.Hadur 3.9	mcb.Audace 1.3	weak		3	26	1	1	466	48.0	0.0	0.1579	0	0
hadur2.Hadur 3.9	mcb.Audace 1.3	weak		3	27	1	1	376	64.0	0.0	0.2857	0	0
hadur2.Hadur 3.9	mcb.Audace 1.3	weak		3	28	1	1	340	70.0	0.0	0.3636	0	0
hadur2.Hadur 3.9	mcb.Audace 1.3	weak		3	29	1	1	328	70.0	0.0	0.4000	0	0
hadur2.Hadur 3.9	mcb.Audace 1.3	weak		3	30	1	1	363	64.0	0.0	0.3333	0	0
hadur2.Hadur 3.9	mcb.Audace 1.3	weak		3	31	1	1	327	70.0	0.0	0.4000	0	0
hadur2.Hadur 3.9	mcb.Audace 1.3	weak		3	32	1	1	311	73.0	0.0	0.4444	0	0
hadur2.Hadur 3.9	mcb.Audace 1.3	weak		3	33	1	1	311	73.0	0.0	0.4444	0	0
hadur2.Hadur 3.9	mcb.Audace 1.3	weak		3	34	1	1	329	70.0	16.0	0.4000	0	5
hadur2.Hadur 3.9	mcb.Audace 1.3	weak		4	0	1	1	423	61.0	16.0	0.3333	0	4
hadur2.Hadur 3.9	mcb.Audace 1.3	weak		4	1	1	1	438	58.2	30.8	0.3158	0	0
hadur2.Hadur 3.9	mcb.Audace 1.3	weak		4	2	1	1	378	77.2	32.0	0.4667	0	0
hadur2.Hadur 3.9	mcb.Audace 1.3	weak		4	3	1	1	392	58.2	0.0	0.3750	0	0
hadur2.Hadur 3.9	mcb.Audace 1.3	weak		4	4	1	1	340	70.0	0.0	0.3636	0	0
hadur2.Hadur 3.9	mcb.Audace 1.3	weak		4	5	1	1	309	85.0	16.0	0.5556	0	0
hadur2.Hadur 3.9	mcb.Audace 1.3	weak		4	6	1	1	309	76.0	0.0	0.5000	0	0
hadur2.Hadur 3.9	mcb.Audace 1.3	weak		4	7	1	1	297	76.0	0.0	0.5000	0	0
hadur2.Hadur 3.9	mcb.Audace 1.3	weak		4	8	1	1	361	73.0	32.0	0.3333	0	0
hadur2.Hadur 3.9	mcb.Audace 1.3	weak		4	9	1	1	324	73.0	0.0	0.4444	0	0
hadur2.Hadur 3.9	mcb.Audace 1.3	weak		4	10	1	1	327	79.0	16.0	0.4000	0	0
hadur2.Hadur 3.9	mcb.Audace 1.3	weak		4	11	1	1	312	73.0	0.0	0.4444	0	0
hadur2.Hadur 3.9	mcb.Audace 1.3	weak		4	12	1	1	328	70.0	0.0	0.4000	0	0
hadur2.Hadur 3.9	mcb.Audace 1.3	weak		4	13	1	1	354	67.0	0.0	0.3636	0	0
hadur2.Hadur 3.9	mcb.Audace 1.3	weak		4	14	1	1	300	76.0	0.0	0.5000	0	0
hadur2.Hadur 3.9	mcb.Audace 1.3	weak		4	15	1	1	390	67.0	32.0	0.3571	0	0
hadur2.Hadur 3.9	mcb.Audace 1.3	weak		4	16	1	1	436	88.0	64.0	0.3125	0	0
hadur2.Hadur 3.9	mcb.Audace 1.3	weak		4	17	1	1	345	67.0	0.0	0.3636	0	0
hadur2.Hadur 3.9	mcb.Audace 1.3	weak		4	18	1	1	329	79.0	16.0	0.4000	0	0
hadur2.Hadur 3.9	mcb.Audace 1.3	weak		4	19	1	1	298	76.0	0.0	0.5000	0	0
hadur2.Hadur 3.9	mcb.Audace 1.3	weak		4	20	1	1	345	67.0	0.0	0.3636	0	0
hadur2.Hadur 3.9	mcb.Audace 1.3	weak		4	21	1	1	314	73.0	0.0	0.4444	0	0
hadur2.Hadur 3.9	mcb.Audace 1.3	weak		4	22	1	1	298	76.0	0.0	0.5000	0	0
hadur2.Hadur 3.9	mcb.Audace 1.3	weak		4	23	1	1	306	85.0	16.0	0.6250	0	0
hadur2.Hadur 3.9	mcb.Audace 1.3	weak		4	24	1	1	357	67.0	0.0	0.3333	0	0
hadur2.Hadur 3.9	mcb.Audace 1.3	weak		4	25	1	1	377	79.0	32.0	0.3077	0	0
hadur2.Hadur 3.9	mcb.Audace 1.3	weak		4	26	1	1	357	80.4	26.0	0.5000	0	0
hadur2.Hadur 3.9	mcb.Audace 1.3	weak		4	27	1	1	327	70.0	0.0	0.4000	0	0
hadur2.Hadur 3.9	mcb.Audace 1.3	weak		4	28	1	1	360	64.0	0.0	0.2500	0	0
hadur2.Hadur 3.9	mcb.Audace 1.3	weak		4	29	1	1	298	76.0	0.0	0.5000	0	0
hadur2.Hadur 3.9	mcb.Audace 1.3	weak		4	30	1	1	296	76.0	0.0	0.5000	0	0
hadur2.Hadur 3.9	mcb.Audace 1.3	weak		4	31	1	1	313	82.0	16.0	0.5556	0	0
hadur2.Hadur 3.9	mcb.Audace 1.3	weak		4	32	1	1	278	79.0	0.0	0.5714	0	0
hadur2.Hadur 3.9	mcb.Audace 1.3	weak		4	33	1	1	379	64.0	0.0	0.3077	0	0
hadur2.Hadur 3.9	mcb.Audace 1.3	weak		4	34	1	1	377	64.0	0.0	0.3077	0	6
hadur2.Hadur 3.9	myl.nano.Kakuru 1.20	weak		1	0	1	1	445	37.7	16.0	0.1579	0	6
hadur2.Hadur 3.9	myl.nano.Kakuru 1.20	weak		1	1	1	1	409	54.0	16.0	0.2941	0	0
hadur2.Hadur 3.9	myl.nano.Kakuru 1.20	weak		1	2	0	0	658	13.7	74.9	0.1250	0	1
hadur2.Hadur 3.9	myl.nano.Kakuru 1.20	weak		1	3	1	1	423	52.0	16.0	0.1875	0	0
hadur2.Hadur 3.9	myl.nano.Kakuru 1.20	weak		1	4	1	1	559	48.0	32.0	0.1154	0	0
hadur2.Hadur 3.9	myl.nano.Kakuru 1.20	weak		1	5	1	1	486	38.8	0.0	0.1739	0	0
hadur2.Hadur 3.9	myl.nano.Kakuru 1.20	weak		1	6	1	1	529	25.0	0.0	0.0833	0	0
hadur2.Hadur 3.9	myl.nano.Kakuru 1.20	weak		1	7	1	1	540	29.1	0.0	0.1111	0	0
hadur2.Hadur 3.9	myl.nano.Kakuru 1.20	weak		1	8	1	1	493	48.5	16.0	0.2083	0	0
hadur2.Hadur 3.9	myl.nano.Kakuru 1.20	weak		1	9	1	1	360	61.0	0.0	0.3846	0	0
hadur2.Hadur 3.9	myl.nano.Kakuru 1.20	weak		1	10	1	0	533	61.0	79.1	0.1667	0	0
hadur2.Hadur 3.9	myl.nano.Kakuru 1.20	weak		1	11	1	1	492	52.0	32.0	0.1500	0	0
hadur2.Hadur 3.9	myl.nano.Kakuru 1.20	weak		1	12	1	1	429	49.0	16.0	0.1875	0	0
hadur2.Hadur 3.9	myl.nano.Kakuru 1.20	weak		1	13	1	1	426	64.0	32.0	0.2500	0	0
hadur2.Hadur 3.9	myl.nano.Kakuru 1.20	weak		1	14	1	1	533	32.0	0.0	0.0833	0	0
hadur2.Hadur 3.9	myl.nano.Kakuru 1.20	weak		1	15	1	1	471	38.8	0.0	0.2000	0	0
hadur2.Hadur 3.9	myl.nano.Kakuru 1.20	weak		1	16	1	1	345	58.5	16.0	0.2727	0	0
hadur2.Hadur 3.9	myl.nano.Kakuru 1.20	weak		1	17	1	1	517	32.0	16.0	0.0870	0	0
hadur2.Hadur 3.9	myl.nano.Kakuru 1.20	weak		1	18	1	1	576	38.8	32.0	0.1379	0	0
hadur2.Hadur 3.9	myl.nano.Kakuru 1.20	weak		1	19	1	1	410	61.0	16.0	0.3125	0	0
hadur2.Hadur 3.9	myl.nano.Kakuru 1.20	weak		1	20	1	1	503	25.0	0.0	0.0870	0	0
hadur2.Hadur 3.9	myl.nano.Kakuru 1.20	weak		1	21	1	1	431	43.0	0.0	0.2222	0	0
hadur2.Hadur 3.9	myl.nano.Kakuru 1.20	weak		1	22	1	1	511	55.0	32.0	0.1818	0	0
hadur2.Hadur 3.9	myl.nano.Kakuru 1.20	weak		1	23	1	1	473	50.8	32.0	0.1500	0	0
hadur2.Hadur 3.9	myl.nano.Kakuru 1.20	weak		1	24	1	1	580	29.1	16.0	0.1071	0	0
hadur2.Hadur 3.9	myl.nano.Kakuru 1.20	weak		1	25	1	1	447	64.5	32.0	0.3000	0	0
hadur2.Hadur 3.9	myl.nano.Kakuru 1.20	weak		1	26	1	1	617	38.1	48.0	0.1563	0	0
hadur2.Hadur 3.9	myl.nano.Kakuru 1.20	weak		1	27	1	1	553	67.0	80.0	0.2000	0	0
hadur2.Hadur 3.9	myl.nano.Kakuru 1.20	weak		1	28	1	1	421	57.3	16.0	0.2500	0	0
hadur2.Hadur 3.9	myl.nano.Kakuru 1.20	weak		1	29	1	1	624	32.0	32.0	0.0667	0	0
hadur2.Hadur 3.9	myl.nano.Kakuru 1.20	weak		1	30	1	1	467	43.0	0.0	0.1579	0	0
hadur2.Hadur 3.9	myl.nano.Kakuru 1.20	weak		1	31	1	1	830	20.8	74.1	0.2857	0	0
hadur2.Hadur 3.9	myl.nano.Kakuru 1.20	weak		1	32	1	1	499	32.0	0.0	0.0909	0	0
hadur2.Hadur 3.9	myl.nano.Kakuru 1.20	weak		1	33	1	0	773	2.0	42.0	0.1087	0	0
hadur2.Hadur 3.9	myl.nano.Kakuru 1.20	weak		1	34	1	1	555	32.0	0.0	0.0800	0	5
hadur2.Hadur 3.9	myl.nano.Kakuru 1.20	weak		2	0	1	1	522	48.5	32.0	0.1923	0	4
hadur2.Hadur 3.9	myl.nano.Kakuru 1.20	weak		2	1	1	1	377	67.0	48.0	0.4286	0	0
hadur2.Hadur 3.9	myl.nano.Kakuru 1.20	weak		2	2	1	1	430	48.0	0.0	0.2222	0	0
hadur2.Hadur 3.9	myl.nano.Kakuru 1.20	weak		2	3	1	1	476	48.5	0.0	0.2174	0	0
hadur2.Hadur 3.9	myl.nano.Kakuru 1.20	weak		2	4	1	1	369	58.0	0.0	0.2500	0	0
hadur2.Hadur 3.9	myl.nano.Kakuru 1.20	weak		2	5	1	1	385	85.0	48.0	0.3846	0	0
hadur2.Hadur 3.9	myl.nano.Kakuru 1.20	weak		2	6	1	1	483	55.0	32.0	0.1500	0	0
hadur2.Hadur 3.9	myl.nano.Kakuru 1.20	weak		2	7	1	1	529	32.0	10.0	0.0870	0	1
hadur2.Hadur 3.9	myl.nano.Kakuru 1.20	weak		2	8	1	1	414	61.0	16.0	0.2000	0	0
hadur2.Hadur 3.9	myl.nano.Kakuru 1.20	weak		2	9	1	1	513	43.0	16.0	0.1364	0	0
hadur2.Hadur 3.9	myl.nano.Kakuru 1.20	weak		2	10	1	1	838	17.7	80.0	0.1607	0	0
hadur2.Hadur 3.9	myl.nano.Kakuru 1.20	weak		2	11	1	1	767	16.5	45.2	0.0851	0	0
hadur2.Hadur 3.9	myl.nano.Kakuru 1.20	weak		2	12	1	1	505	48.5	32.0	0.2083	0	0
hadur2.Hadur 3.9	myl.nano.Kakuru 1.20	weak		2	13	1	1	499	29.1	0.0	0.1304	0	0
hadur2.Hadur 3.9	myl.nano.Kakuru 1.20	weak		2	14	0	0	545	9.7	63.7	0.0370	0	0
hadur2.Hadur 3.9	myl.nano.Kakuru 1.20	weak		2	15	1	1	487	40.0	0.0	0.1818	0	0
hadur2.Hadur 3.9	myl.nano.Kakuru 1.20	weak		2	16	0	0	750	22.8	71.2	0.1522	0	0
hadur2.Hadur 3.9	myl.nano.Kakuru 1.20	weak		2	17	1	1	487	38.8	0.0	0.1818	0	0
hadur2.Hadur 3.9	myl.nano.Kakuru 1.20	weak		2	18	1	1	474	42.2	16.0	0.2000	0	0
hadur2.Hadur 3.9	myl.nano.Kakuru 1.20	weak		2	19	1	1	603	19.8	32.0	0.1000	0	0
hadur2.Hadur 3.9	myl.nano.Kakuru 1.20	weak		2	20	0	0	698	34.9	70.8	0.1250	0	0
hadur2.Hadur 3.9	myl.nano.Kakuru 1.20	weak		2	21	1	1	674	37.0	64.0	0.2895	0	0
hadur2.Hadur 3.9	myl.nano.Kakuru 1.20	weak		2	22	1	1	434	76.0	48.0	0.2500	0	0
hadur2.Hadur 3.9	myl.nano.Kakuru 1.20	weak		2	23	1	1	513	28.0	16.0	0.0476	0	0
hadur2.Hadur 3.9	myl.nano.Kakuru 1.20	weak		2	24	1	1	463	58.0	32.0	0.1667	0	0
hadur2.Hadur 3.9	myl.nano.Kakuru 1.20	weak		2	25	1	1	480	37.0	0.0	0.1000	0	0
hadur2.Hadur 3.9	myl.nano.Kakuru 1.20	weak		2	26	0	0	730	29.5	66.3	0.0698	0	0
hadur2.Hadur 3.9	myl.nano.Kakuru 1.20	weak		2	27	1	1	456	47.0	32.0	0.2000	0	0
hadur2.Hadur 3.9	myl.nano.Kakuru 1.20	weak		2	28	1	1	561	23.0	16.0	0.0741	0	0
hadur2.Hadur 3.9	myl.nano.Kakuru 1.20	weak		2	29	1	1	590	29.1	16.0	0.1000	0	0
hadur2.Hadur 3.9	myl.nano.Kakuru 1.20	weak		2	30	1	1	531	33.8	16.0	0.1200	0	0
hadur2.Hadur 3.9	myl.nano.Kakuru 1.20	weak		2	31	1	1	511	64.5	48.0	0.2500	0	0
hadur2.Hadur 3.9	myl.nano.Kakuru 1.20	weak		2	32	1	1	506	29.1	0.0	0.1250	0	0
hadur2.Hadur 3.9	myl.nano.Kakuru 1.20	weak		2	33	0	0	646	16.4	41.4	0.0313	0	0
hadur2.Hadur 3.9	myl.nano.Kakuru 1.20	weak		2	34	1	1	435	49.0	0.0	0.2632	0	6
hadur2.Hadur 3.9	myl.nano.Kakuru 1.20	weak		3	0	1	1	453	61.2	32.0	0.3000	0	3
hadur2.Hadur 3.9	myl.nano.Kakuru 1.20	weak		3	1	1	1	544	46.7	48.0	0.1481	0	0
hadur2.Hadur 3.9	myl.nano.Kakuru 1.20	weak		3	2	1	1	538	43.0	48.0	0.1200	0	0
hadur2.Hadur 3.9	myl.nano.Kakuru 1.20	weak		3	3	1	1	411	63.8	48.0	0.2000	0	0
hadur2.Hadur 3.9	myl.nano.Kakuru 1.20	weak		3	4	1	1	476	48.4	16.0	0.2000	0	0
hadur2.Hadur 3.9	myl.nano.Kakuru 1.20	weak		3	5	1	1	585	19.4	0.0	0.0690	0	0
hadur2.Hadur 3.9	myl.nano.Kakuru 1.20	weak		3	6	1	1	385	46.5	0.0	0.2667	0	0
hadur2.Hadur 3.9	myl.nano.Kakuru 1.20	weak		3	7	1	1	675	29.1	48.0	0.0811	0	0
hadur2.Hadur 3.9	myl.nano.Kakuru 1.20	weak		3	8	1	1	423	31.0	0.0	0.1875	0	0
hadur2.Hadur 3.9	myl.nano.Kakuru 1.20	weak		3	9	0	0	617	35.4	61.4	0.0938	0	0
hadur2.Hadur 3.9	myl.nano.Kakuru 1.20	weak		3	10	1	1	344	67.4	16.0	0.4167	0	0
hadur2.Hadur 3.9	myl.nano.Kakuru 1.20	weak		3	11	0	0	755	17.8	72.3	0.1277	0	0
hadur2.Hadur 3.9	myl.nano.Kakuru 1.20	weak		3	12	1	1	623	19.4	16.0	0.0625	0	0
hadur2.Hadur 3.9	myl.nano.Kakuru 1.20	weak		3	13	1	1	494	25.0	0.0	0.0476	0	0
hadur2.Hadur 3.9	myl.nano.Kakuru 1.20	weak		3	14	1	1	523	49.0	48.0	0.2000	0	0
hadur2.Hadur 3.9	myl.nano.Kakuru 1.20	weak		3	15	1	1	553	28.0	0.0	0.0741	0	0
hadur2.Hadur 3.9	myl.nano.Kakuru 1.20	weak		3	16	1	1	468	35.4	0.0	0.1429	0	0
hadur2.Hadur 3.9	myl.nano.Kakuru 1.20	weak		3	17	1	1	521	36.0	16.0	0.0833	0	0
hadur2.Hadur 3.9	myl.nano.Kakuru 1.20	weak		3	18	1	1	559	40.7	32.0	0.1429	0	0
hadur2.Hadur 3.9	myl.nano.Kakuru 1.20	weak		3	19	1	1	498	52.0	48.0	0.2083	0	0
hadur2.Hadur 3.9	myl.nano.Kakuru 1.20	weak		3	20	1	1	724	13.9	32.0	0.1190	0	0
hadur2.Hadur 3.9	myl.nano.Kakuru 1.20	weak		3	21	1	1	531	37.0	32.0	0.1200	0	0
hadur2.Hadur 3.9	myl.nano.Kakuru 1.20	weak		3	22	1	1	526	29.1	0.0	0.1154	0	0
hadur2.Hadur 3.9	myl.nano.Kakuru 1.20	weak		3	23	1	1	552	29.1	16.0	0.1111	0	0
hadur2.Hadur 3.9	myl.nano.Kakuru 1.20	weak		3	24	1	1	420	48.5	0.0	0.2778	0	0
hadur2.Hadur 3.9	myl.nano.Kakuru 1.20	weak		3	25	0	0	643	38.5	69.0	0.1714	0	0
hadur2.Hadur 3.9	myl.nano.Kakuru 1.20	weak		3	26	1	1	457	41.0	16.0	0.1579	0	0
hadur2.Hadur 3.9	myl.nano.Kakuru 1.20	weak		3	27	1	1	555	16.0	0.0	0.0400	0	0
hadur2.Hadur 3.9	myl.nano.Kakuru 1.20	weak		3	28	1	1	714	19.8	48.0	0.0732	0	0
hadur2.Hadur 3.9	myl.nano.Kakuru 1.20	weak		3	29	1	1	667	29.9	48.0	0.1351	0	0
hadur2.Hadur 3.9	myl.nano.Kakuru 1.20	weak		3	30	1	1	558	64.1	64.0	0.2143	0	0
hadur2.Hadur 3.9	myl.nano.Kakuru 1.20	weak		3	31	1	1	456	49.0	16.0	0.2105	0	0
hadur2.Hadur 3.9	myl.nano.Kakuru 1.20	weak		3	32	1	1	546	37.0	48.0	0.0833	0	1
hadur2.Hadur 3.9	myl.nano.Kakuru 1.20	weak		3	33	1	1	486	37.0	0.0	0.1429	0	0
hadur2.Hadur 3.9	myl.nano.Kakuru 1.20	weak		3	34	1	1	471	37.0	16.0	0.1000	0	7
hadur2.Hadur 3.9	myl.nano.Kakuru 1.20	weak		4	0	1	1	615	58.6	80.0	0.2121	0	6
hadur2.Hadur 3.9	myl.nano.Kakuru 1.20	weak		4	1	1	1	708	29.1	48.0	0.0750	0	0
hadur2.Hadur 3.9	myl.nano.Kakuru 1.20	weak		4	2	1	1	514	48.4	48.0	0.2500	0	0
hadur2.Hadur 3.9	myl.nano.Kakuru 1.20	weak		4	3	1	1	483	54.8	16.0	0.2381	0	0
hadur2.Hadur 3.9	myl.nano.Kakuru 1.20	weak		4	4	1	1	711	8.0	48.0	0.0930	0	0
hadur2.Hadur 3.9	myl.nano.Kakuru 1.20	weak		4	5	1	1	640	30.7	32.0	0.1143	0	0
hadur2.Hadur 3.9	myl.nano.Kakuru 1.20	weak		4	6	1	1	478	58.0	32.0	0.2381	0	0
hadur2.Hadur 3.9	myl.nano.Kakuru 1.20	weak		4	7	1	1	431	52.0	0.0	0.2353	0	0
hadur2.Hadur 3.9	myl.nano.Kakuru 1.20	weak		4	8	1	1	505	25.7	0.0	0.0870	0	0
hadur2.Hadur 3.9	myl.nano.Kakuru 1.20	weak		4	9	1	1	629	37.0	32.0	0.0968	0	0
hadur2.Hadur 3.9	myl.nano.Kakuru 1.20	weak		4	10	1	1	645	19.4	16.0	0.0588	0	0
hadur2.Hadur 3.9	myl.nano.Kakuru 1.20	weak		4	11	1	1	643	9.7	16.0	0.0294	0	0
hadur2.Hadur 3.9	myl.nano.Kakuru 1.20	weak		4	12	1	1	633	31.7	32.0	0.1212	0	0
hadur2.Hadur 3.9	myl.nano.Kakuru 1.20	weak		4	13	1	1	545	29.1	0.0	0.1111	0	0
hadur2.Hadur 3.9	myl.nano.Kakuru 1.20	weak		4	14	1	1	540	19.4	0.0	0.0769	0	0
hadur2.Hadur 3.9	myl.nano.Kakuru 1.20	weak		4	15	1	1	563	27.2	32.0	0.0741	0	0
hadur2.Hadur 3.9	myl.nano.Kakuru 1.20	weak		4	16	1	1	632	29.1	32.0	0.0909	0	0
hadur2.Hadur 3.9	myl.nano.Kakuru 1.20	weak		4	17	1	1	547	34.0	32.0	0.1111	0	0
hadur2.Hadur 3.9	myl.nano.Kakuru 1.20	weak		4	18	1	1	515	38.8	16.0	0.1600	0	0
hadur2.Hadur 3.9	myl.nano.Kakuru 1.20	weak		4	19	1	1	561	29.1	16.0	0.1071	0	0
hadur2.Hadur 3.9	myl.nano.Kakuru 1.20	weak		4	20	1	1	541	29.1	0.0	0.1111	0	0
hadur2.Hadur 3.9	myl.nano.Kakuru 1.20	weak		4	21	1	1	467	39.0	0.0	0.1905	0	0
hadur2.Hadur 3.9	myl.nano.Kakuru 1.20	weak		4	22	1	1	492	49.7	32.0	0.2174	0	0
hadur2.Hadur 3.9	myl.nano.Kakuru 1.20	weak		4	23	0	0	344	80.0	110.2	0.4545	0	0
hadur2.Hadur 3.9	myl.nano.Kakuru 1.20	weak		4	24	1	1	583	48.0	36.0	0.1111	0	0
hadur2.Hadur 3.9	myl.nano.Kakuru 1.20	weak		4	25	1	1	422	46.0	0.0	0.1250	0	0
hadur2.Hadur 3.9	myl.nano.Kakuru 1.20	weak		4	26	1	1	573	48.0	32.0	0.1071	0	0
hadur2.Hadur 3.9	myl.nano.Kakuru 1.20	weak		4	27	1	1	574	35.4	32.0	0.1034	0	0
hadur2.Hadur 3.9	myl.nano.Kakuru 1.20	weak		4	28	1	1	741	18.9	48.0	0.1364	0	0
hadur2.Hadur 3.9	myl.nano.Kakuru 1.20	weak		4	29	1	1	429	38.8	0.0	0.2222	0	0
hadur2.Hadur 3.9	myl.nano.Kakuru 1.20	weak		4	30	1	1	726	30.3	64.0	0.1395	0	0
hadur2.Hadur 3.9	myl.nano.Kakuru 1.20	weak		4	31	1	1	434	37.0	0.0	0.1250	0	0
hadur2.Hadur 3.9	myl.nano.Kakuru 1.20	weak		4	32	1	1	553	19.4	0.0	0.0741	0	0
hadur2.Hadur 3.9	myl.nano.Kakuru 1.20	weak		4	33	1	1	722	2.5	48.0	0.0909	0	0
hadur2.Hadur 3.9	myl.nano.Kakuru 1.20	weak		4	34	1	1	578	19.4	0.0	0.0690	0	6
hadur2.Hadur 3.9	nan.Ihivatar_Mk_1 1.0	weak		1	0	1	1	553	33.4	48.0	0.1429	298	6
hadur2.Hadur 3.9	nan.Ihivatar_Mk_1 1.0	weak		1	1	1	1	585	31.0	32.0	0.1034	0	0
hadur2.Hadur 3.9	nan.Ihivatar_Mk_1 1.0	weak		1	2	1	1	526	45.1	16.0	0.1600	0	0
hadur2.Hadur 3.9	nan.Ihivatar_Mk_1 1.0	weak		1	3	1	1	668	9.7	1.2	0.0278	0	0
hadur2.Hadur 3.9	nan.Ihivatar_Mk_1 1.0	weak		1	4	1	1	573	48.5	32.0	0.1724	0	0
hadur2.Hadur 3.9	nan.Ihivatar_Mk_1 1.0	weak		1	5	1	1	523	43.0	16.0	0.1600	0	0
hadur2.Hadur 3.9	nan.Ihivatar_Mk_1 1.0	weak		1	6	1	1	540	31.0	0.0	0.1154	0	0
hadur2.Hadur 3.9	nan.Ihivatar_Mk_1 1.0	weak		1	7	1	1	646	23.1	25.7	0.0857	0	0
hadur2.Hadur 3.9	nan.Ihivatar_Mk_1 1.0	weak		1	8	1	1	730	6.6	33.6	0.0488	0	0
hadur2.Hadur 3.9	nan.Ihivatar_Mk_1 1.0	weak		1	9	1	1	531	38.8	0.0	0.1538	0	0
hadur2.Hadur 3.9	nan.Ihivatar_Mk_1 1.0	weak		1	10	1	1	570	48.5	34.0	0.1724	0	0
hadur2.Hadur 3.9	nan.Ihivatar_Mk_1 1.0	weak		1	11	1	1	865	2.0	48.0	0.0877	0	0
hadur2.Hadur 3.9	nan.Ihivatar_Mk_1 1.0	weak		1	12	1	1	598	29.1	25.4	0.1000	0	0
hadur2.Hadur 3.9	nan.Ihivatar_Mk_1 1.0	weak		1	13	1	1	600	29.5	9.4	0.1290	0	0
hadur2.Hadur 3.9	nan.Ihivatar_Mk_1 1.0	weak		1	14	1	1	631	52.0	80.0	0.1765	0	0
hadur2.Hadur 3.9	nan.Ihivatar_Mk_1 1.0	weak		1	15	1	1	576	38.8	16.0	0.1379	0	0
hadur2.Hadur 3.9	nan.Ihivatar_Mk_1 1.0	weak		1	16	1	1	592	41.8	32.0	0.1290	0	0
hadur2.Hadur 3.9	nan.Ihivatar_Mk_1 1.0	weak		1	17	1	1	604	29.1	41.4	0.0968	0	0
hadur2.Hadur 3.9	nan.Ihivatar_Mk_1 1.0	weak		1	18	1	1	529	48.5	16.0	0.1923	0	0
hadur2.Hadur 3.9	nan.Ihivatar_Mk_1 1.0	weak		1	19	1	1	523	43.0	16.0	0.1600	0	0
hadur2.Hadur 3.9	nan.Ihivatar_Mk_1 1.0	weak		1	20	1	1	688	27.4	32.0	0.1081	0	0
hadur2.Hadur 3.9	nan.Ihivatar_Mk_1 1.0	weak		1	21	1	1	603	29.1	25.4	0.0938	0	0
hadur2.Hadur 3.9	nan.Ihivatar_Mk_1 1.0	weak		1	22	1	1	480	48.5	0.0	0.2273	0	0
hadur2.Hadur 3.9	nan.Ihivatar_Mk_1 1.0	weak		1	23	1	1	670	29.5	25.4	0.1081	0	0
hadur2.Hadur 3.9	nan.Ihivatar_Mk_1 1.0	weak		1	24	1	1	612	28.4	32.0	0.0625	0	0
hadur2.Hadur 3.9	nan.Ihivatar_Mk_1 1.0	weak		1	25	1	1	737	9.7	16.0	0.0238	0	0
hadur2.Hadur 3.9	nan.Ihivatar_Mk_1 1.0	weak		1	26	1	1	580	48.5	41.0	0.1667	0	1
hadur2.Hadur 3.9	nan.Ihivatar_Mk_1 1.0	weak		1	27	1	1	676	28.0	32.0	0.0811	0	0
hadur2.Hadur 3.9	nan.Ihivatar_Mk_1 1.0	weak		1	28	1	1	532	39.4	5.2	0.1538	0	0
hadur2.Hadur 3.9	nan.Ihivatar_Mk_1 1.0	weak		1	29	1	1	517	48.5	18.0	0.2000	0	0
hadur2.Hadur 3.9	nan.Ihivatar_Mk_1 1.0	weak		1	30	1	1	709	33.1	48.0	0.1220	0	0
hadur2.Hadur 3.9	nan.Ihivatar_Mk_1 1.0	weak		1	31	0	0	612	48.9	75.7	0.1613	0	0
hadur2.Hadur 3.9	nan.Ihivatar_Mk_1 1.0	weak		1	32	0	0	698	10.3	79.4	0.1778	0	0
hadur2.Hadur 3.9	nan.Ihivatar_Mk_1 1.0	weak		1	33	1	1	666	19.4	16.0	0.0556	0	0
hadur2.Hadur 3.9	nan.Ihivatar_Mk_1 1.0	weak		1	34	1	1	723	12.4	16.0	0.0500	0	6
hadur2.Hadur 3.9	nan.Ihivatar_Mk_1 1.0	weak		2	0	1	1	673	29.1	32.0	0.0811	0	5
hadur2.Hadur 3.9	nan.Ihivatar_Mk_1 1.0	weak		2	1	0	0	688	19.4	45.8	0.0541	0	0
hadur2.Hadur 3.9	nan.Ihivatar_Mk_1 1.0	weak		2	2	1	1	602	19.4	0.0	0.0645	0	0
hadur2.Hadur 3.9	nan.Ihivatar_Mk_1 1.0	weak		2	3	1	1	616	29.1	16.0	0.0938	0	0
hadur2.Hadur 3.9	nan.Ihivatar_Mk_1 1.0	weak		2	4	1	1	670	29.1	32.0	0.0833	0	0
hadur2.Hadur 3.9	nan.Ihivatar_Mk_1 1.0	weak		2	5	1	1	627	19.4	0.0	0.0606	0	0
hadur2.Hadur 3.9	nan.Ihivatar_Mk_1 1.0	weak		2	6	1	1	605	29.1	16.0	0.0968	0	0
hadur2.Hadur 3.9	nan.Ihivatar_Mk_1 1.0	weak		2	7	1	1	712	14.3	16.0	0.0500	0	0
hadur2.Hadur 3.9	nan.Ihivatar_Mk_1 1.0	weak		2	8	0	0	616	10.9	56.8	0.0588	0	0
hadur2.Hadur 3.9	nan.Ihivatar_Mk_1 1.0	weak		2	9	1	1	618	30.2	20.6	0.1471	0	0
hadur2.Hadur 3.9	nan.Ihivatar_Mk_1 1.0	weak		2	10	1	1	591	31.0	16.0	0.1333	0	0
hadur2.Hadur 3.9	nan.Ihivatar_Mk_1 1.0	weak		2	11	1	1	592	31.0	16.0	0.1034	0	0
hadur2.Hadur 3.9	nan.Ihivatar_Mk_1 1.0	weak		2	12	1	1	530	34.0	0.0	0.0800	0	0
hadur2.Hadur 3.9	nan.Ihivatar_Mk_1 1.0	weak		2	13	1	1	454	46.0	16.0	0.2000	0	0
hadur2.Hadur 3.9	nan.Ihivatar_Mk_1 1.0	weak		2	14	1	1	657	28.8	32.0	0.1111	0	0
hadur2.Hadur 3.9	nan.Ihivatar_Mk_1 1.0	weak		2	15	1	1	536	31.0	0.0	0.1200	0	0
hadur2.Hadur 3.9	nan.Ihivatar_Mk_1 1.0	weak		2	16	1	1	582	29.1	0.0	0.1000	0	0
hadur2.Hadur 3.9	nan.Ihivatar_Mk_1 1.0	weak		2	17	1	1	631	19.4	0.0	0.0606	0	0
hadur2.Hadur 3.9	nan.Ihivatar_Mk_1 1.0	weak		2	18	1	1	491	51.5	16.0	0.2609	0	0
hadur2.Hadur 3.9	nan.Ihivatar_Mk_1 1.0	weak		2	19	1	1	536	39.2	5.2	0.1923	0	0
hadur2.Hadur 3.9	nan.Ihivatar_Mk_1 1.0	weak		2	20	1	1	487	40.0	0.0	0.1500	0	0
hadur2.Hadur 3.9	nan.Ihivatar_Mk_1 1.0	weak		2	21	1	1	527	43.0	16.0	0.0909	0	0
hadur2.Hadur 3.9	nan.Ihivatar_Mk_1 1.0	weak		2	22	1	1	621	19.4	13.6	0.0645	0	0
hadur2.Hadur 3.9	nan.Ihivatar_Mk_1 1.0	weak		2	23	1	1	590	31.0	16.0	0.1071	0	0
hadur2.Hadur 3.9	nan.Ihivatar_Mk_1 1.0	weak		2	24	1	1	621	29.1	16.0	0.0968	0	0
hadur2.Hadur 3.9	nan.Ihivatar_Mk_1 1.0	weak		2	25	1	1	558	29.1	0.0	0.1111	0	1
hadur2.Hadur 3.9	nan.Ihivatar_Mk_1 1.0	weak		2	26	1	1	688	14.0	16.0	0.0556	0	0
hadur2.Hadur 3.9	nan.Ihivatar_Mk_1 1.0	weak		2	27	1	1	524	39.4	5.2	0.2000	0	0
hadur2.Hadur 3.9	nan.Ihivatar_Mk_1 1.0	weak		2	28	1	1	469	48.5	0.0	0.2381	0	0
hadur2.Hadur 3.9	nan.Ihivatar_Mk_1 1.0	weak		2	29	1	1	481	43.0	0.0	0.1500	0	0
hadur2.Hadur 3.9	nan.Ihivatar_Mk_1 1.0	weak		2	30	1	1	524	34.0	0.0	0.0909	0	0
hadur2.Hadur 3.9	nan.Ihivatar_Mk_1 1.0	weak		2	31	1	1	540	39.2	5.2	0.1923	0	0
hadur2.Hadur 3.9	nan.Ihivatar_Mk_1 1.0	weak		2	32	1	1	468	46.0	0.0	0.2000	0	0
hadur2.Hadur 3.9	nan.Ihivatar_Mk_1 1.0	weak		2	33	1	1	512	55.0	32.0	0.1818	0	0
hadur2.Hadur 3.9	nan.Ihivatar_Mk_1 1.0	weak		2	34	1	1	473	48.0	0.0	0.1579	0	7
hadur2.Hadur 3.9	nan.Ihivatar_Mk_1 1.0	weak		3	0	1	1	564	37.0	16.0	0.1071	0	3
hadur2.Hadur 3.9	nan.Ihivatar_Mk_1 1.0	weak		3	1	1	1	679	19.4	16.0	0.0541	0	0
hadur2.Hadur 3.9	nan.Ihivatar_Mk_1 1.0	weak		3	2	1	1	614	19.4	13.6	0.0625	0	0
hadur2.Hadur 3.9	nan.Ihivatar_Mk_1 1.0	weak		3	3	1	1	625	19.4	0.0	0.0625	0	0
hadur2.Hadur 3.9	nan.Ihivatar_Mk_1 1.0	weak		3	4	1	1	521	52.0	32.0	0.2083	0	0
hadur2.Hadur 3.9	nan.Ihivatar_Mk_1 1.0	weak		3	5	1	1	698	25.0	32.5	0.0789	0	0
hadur2.Hadur 3.9	nan.Ihivatar_Mk_1 1.0	weak		3	6	1	1	509	46.0	16.0	0.1667	0	0
hadur2.Hadur 3.9	nan.Ihivatar_Mk_1 1.0	weak		3	7	1	1	658	19.0	16.0	0.0588	0	0
hadur2.Hadur 3.9	nan.Ihivatar_Mk_1 1.0	weak		3	8	1	1	627	25.0	16.0	0.0938	0	0
hadur2.Hadur 3.9	nan.Ihivatar_Mk_1 1.0	weak		3	9	1	1	672	29.5	32.0	0.1081	0	0
hadur2.Hadur 3.9	nan.Ihivatar_Mk_1 1.0	weak		3	10	1	1	573	29.1	0.0	0.1034	0	0
hadur2.Hadur 3.9	nan.Ihivatar_Mk_1 1.0	weak		3	11	1	1	650	19.4	16.0	0.0588	0	0
hadur2.Hadur 3.9	nan.Ihivatar_Mk_1 1.0	weak		3	12	1	1	591	38.8	21.2	0.1290	0	0
hadur2.Hadur 3.9	nan.Ihivatar_Mk_1 1.0	weak		3	13	1	1	793	8.0	32.0	0.0612	0	0
hadur2.Hadur 3.9	nan.Ihivatar_Mk_1 1.0	weak		3	14	1	1	489	40.0	0.0	0.1818	0	0
hadur2.Hadur 3.9	nan.Ihivatar_Mk_1 1.0	weak		3	15	1	1	614	16.0	0.0	0.0323	0	0
hadur2.Hadur 3.9	nan.Ihivatar_Mk_1 1.0	weak		3	16	1	1	691	9.7	0.0	0.0263	0	0
hadur2.Hadur 3.9	nan.Ihivatar_Mk_1 1.0	weak		3	17	1	1	499	49.0	16.0	0.2174	0	0
hadur2.Hadur 3.9	nan.Ihivatar_Mk_1 1.0	weak		3	18	1	1	697	20.2	20.0	0.1026	0	0
hadur2.Hadur 3.9	nan.Ihivatar_Mk_1 1.0	weak		3	19	1	1	483	43.0	0.0	0.1818	0	0
hadur2.Hadur 3.9	nan.Ihivatar_Mk_1 1.0	weak		3	20	1	1	690	9.7	4.8	0.0270	0	0
hadur2.Hadur 3.9	nan.Ihivatar_Mk_1 1.0	weak		3	21	1	1	449	54.8	0.0	0.2500	0	0
hadur2.Hadur 3.9	nan.Ihivatar_Mk_1 1.0	weak		3	22	1	1	443	58.0	16.0	0.2632	0	0
hadur2.Hadur 3.9	nan.Ihivatar_Mk_1 1.0	weak		3	23	1	1	615	28.0	16.2	0.0938	0	1
hadur2.Hadur 3.9	nan.Ihivatar_Mk_1 1.0	weak		3	24	1	1	358	64.0	0.0	0.2500	0	0
hadur2.Hadur 3.9	nan.Ihivatar_Mk_1 1.0	weak		3	25	1	1	688	9.7	0.0	0.0278	0	0
hadur2.Hadur 3.9	nan.Ihivatar_Mk_1 1.0	weak		3	26	1	1	567	29.1	16.0	0.1071	0	0
hadur2.Hadur 3.9	nan.Ihivatar_Mk_1 1.0	weak		3	27	1	1	521	34.0	0.0	0.1250	0	0
hadur2.Hadur 3.9	nan.Ihivatar_Mk_1 1.0	weak		3	28	1	1	527	38.8	0.0	0.1600	0	0
hadur2.Hadur 3.9	nan.Ihivatar_Mk_1 1.0	weak		3	29	1	1	530	34.0	0.0	0.1200	0	0
hadur2.Hadur 3.9	nan.Ihivatar_Mk_1 1.0	weak		3	30	1	1	610	19.4	13.6	0.0645	0	0
hadur2.Hadur 3.9	nan.Ihivatar_Mk_1 1.0	weak		3	31	1	1	642	27.6	16.0	0.1176	0	0
hadur2.Hadur 3.9	nan.Ihivatar_Mk_1 1.0	weak		3	32	1	1	444	58.0	16.0	0.2632	0	0
hadur2.Hadur 3.9	nan.Ihivatar_Mk_1 1.0	weak		3	33	1	1	425	52.0	0.0	0.2353	0	0
hadur2.Hadur 3.9	nan.Ihivatar_Mk_1 1.0	weak		3	34	1	1	472	48.0	20.0	0.1579	0	6
hadur2.Hadur 3.9	nan.Ihivatar_Mk_1 1.0	weak		4	0	1	1	540	61.5	59.2	0.2308	0	6
hadur2.Hadur 3.9	nan.Ihivatar_Mk_1 1.0	weak		4	1	1	1	671	30.7	32.0	0.1081	0	1
hadur2.Hadur 3.9	nan.Ihivatar_Mk_1 1.0	weak		4	2	1	1	588	32.0	16.0	0.0741	0	0
hadur2.Hadur 3.9	nan.Ihivatar_Mk_1 1.0	weak		4	3	1	1	657	40.7	48.0	0.1389	0	0
hadur2.Hadur 3.9	nan.Ihivatar_Mk_1 1.0	weak		4	4	1	1	573	34.0	16.0	0.1111	0	0
hadur2.Hadur 3.9	nan.Ihivatar_Mk_1 1.0	weak		4	5	1	1	569	38.8	16.0	0.1429	0	0
hadur2.Hadur 3.9	nan.Ihivatar_Mk_1 1.0	weak		4	6	0	0	869	2.0	69.7	0.0862	0	0
hadur2.Hadur 3.9	nan.Ihivatar_Mk_1 1.0	weak		4	7	1	1	846	2.8	37.4	0.0185	0	0
hadur2.Hadur 3.9	nan.Ihivatar_Mk_1 1.0	weak		4	8	1	1	625	25.0	16.0	0.0625	0	0
hadur2.Hadur 3.9	nan.Ihivatar_Mk_1 1.0	weak		4	9	1	1	713	7.0	16.0	0.0250	0	0
hadur2.Hadur 3.9	nan.Ihivatar_Mk_1 1.0	weak		4	10	1	1	531	48.5	25.0	0.1923	0	0
hadur2.Hadur 3.9	nan.Ihivatar_Mk_1 1.0	weak		4	11	1	1	479	52.0	16.0	0.1905	0	0
hadur2.Hadur 3.9	nan.Ihivatar_Mk_1 1.0	weak		4	12	1	1	468	55.0	16.0	0.2857	0	0
hadur2.Hadur 3.9	nan.Ihivatar_Mk_1 1.0	weak		4	13	1	1	627	35.0	32.0	0.1000	0	0
hadur2.Hadur 3.9	nan.Ihivatar_Mk_1 1.0	weak		4	14	1	1	612	34.2	23.6	0.1379	0	0
hadur2.Hadur 3.9	nan.Ihivatar_Mk_1 1.0	weak		4	15	1	1	462	48.5	2.0	0.2500	0	0
hadur2.Hadur 3.9	nan.Ihivatar_Mk_1 1.0	weak		4	16	1	1	519	38.8	0.0	0.1600	0	0
hadur2.Hadur 3.9	nan.Ihivatar_Mk_1 1.0	weak		4	17	1	1	523	35.4	0.0	0.1304	0	0
hadur2.Hadur 3.9	nan.Ihivatar_Mk_1 1.0	weak		4	18	0	0	571	25.0	57.0	0.1538	0	0
hadur2.Hadur 3.9	nan.Ihivatar_Mk_1 1.0	weak		4	19	1	1	539	41.7	16.0	0.1304	0	0
hadur2.Hadur 3.9	nan.Ihivatar_Mk_1 1.0	weak		4	20	1	1	574	38.8	16.0	0.1429	0	0
hadur2.Hadur 3.9	nan.Ihivatar_Mk_1 1.0	weak		4	21	1	1	441	61.1	16.0	0.2778	0	0
hadur2.Hadur 3.9	nan.Ihivatar_Mk_1 1.0	weak		4	22	0	0	594	16.8	62.3	0.0968	0	0
hadur2.Hadur 3.9	nan.Ihivatar_Mk_1 1.0	weak		4	23	1	1	533	52.0	32.0	0.1667	0	0
hadur2.Hadur 3.9	nan.Ihivatar_Mk_1 1.0	weak		4	24	1	1	438	67.0	32.0	0.2353	0	0
hadur2.Hadur 3.9	nan.Ihivatar_Mk_1 1.0	weak		4	25	1	1	543	49.0	32.0	0.1667	0	0
hadur2.Hadur 3.9	nan.Ihivatar_Mk_1 1.0	weak		4	26	1	1	363	64.0	0.0	0.3333	0	0
hadur2.Hadur 3.9	nan.Ihivatar_Mk_1 1.0	weak		4	27	1	1	437	52.0	0.0	0.1875	0	0
hadur2.Hadur 3.9	nan.Ihivatar_Mk_1 1.0	weak		4	28	0	0	678	16.0	31.8	0.0303	0	0
hadur2.Hadur 3.9	nan.Ihivatar_Mk_1 1.0	weak		4	29	1	1	481	49.0	6.0	0.2727	0	0
hadur2.Hadur 3.9	nan.Ihivatar_Mk_1 1.0	weak		4	30	1	1	327	63.4	32.0	0.3000	0	0
hadur2.Hadur 3.9	nan.Ihivatar_Mk_1 1.0	weak		4	31	1	1	593	35.4	16.0	0.1071	0	0
hadur2.Hadur 3.9	nan.Ihivatar_Mk_1 1.0	weak		4	32	1	1	645	25.7	16.0	0.0645	0	0
hadur2.Hadur 3.9	nan.Ihivatar_Mk_1 1.0	weak		4	33	1	1	474	52.0	16.0	0.2381	0	0
hadur2.Hadur 3.9	nan.Ihivatar_Mk_1 1.0	weak		4	34	1	1	570	57.2	48.0	0.2143	0	6
hadur2.Hadur 3.9	ndn.DyslexicMonkey 1.1	weak		1	0	1	1	1082	35.9	56.5	0.2162	0	5
hadur2.Hadur 3.9	ndn.DyslexicMonkey 1.1	weak		1	1	1	1	512	64.0	1.9	0.1818	0	0
hadur2.Hadur 3.9	ndn.DyslexicMonkey 1.1	weak		1	2	1	1	388	80.0	0.0	0.3333	0	0
hadur2.Hadur 3.9	ndn.DyslexicMonkey 1.1	weak		1	3	1	1	609	64.0	11.3	0.1429	0	0
hadur2.Hadur 3.9	ndn.DyslexicMonkey 1.1	weak		1	4	1	1	524	48.0	7.6	0.1364	0	0
hadur2.Hadur 3.9	ndn.DyslexicMonkey 1.1	weak		1	5	1	1	486	72.9	18.9	0.2000	0	0
hadur2.Hadur 3.9	ndn.DyslexicMonkey 1.1	weak		1	6	1	1	435	60.9	0.0	0.2353	0	0
hadur2.Hadur 3.9	ndn.DyslexicMonkey 1.1	weak		1	7	1	1	446	69.0	0.0	0.2353	0	0
hadur2.Hadur 3.9	ndn.DyslexicMonkey 1.1	weak		1	8	1	1	532	64.4	12.7	0.2000	0	0
hadur2.Hadur 3.9	ndn.DyslexicMonkey 1.1	weak		1	9	1	1	521	64.0	5.4	0.1739	0	0
hadur2.Hadur 3.9	ndn.DyslexicMonkey 1.1	weak		1	10	1	1	541	53.6	11.5	0.1304	0	0
hadur2.Hadur 3.9	ndn.DyslexicMonkey 1.1	weak		1	11	1	1	651	46.7	0.0	0.1176	0	0
hadur2.Hadur 3.9	ndn.DyslexicMonkey 1.1	weak		1	12	1	1	548	48.0	0.0	0.1481	0	0
hadur2.Hadur 3.9	ndn.DyslexicMonkey 1.1	weak		1	13	1	1	541	58.2	0.0	0.2222	0	0
hadur2.Hadur 3.9	ndn.DyslexicMonkey 1.1	weak		1	14	1	1	539	57.8	7.5	0.2083	0	0
hadur2.Hadur 3.9	ndn.DyslexicMonkey 1.1	weak		1	15	1	1	457	64.4	6.0	0.2632	0	0
hadur2.Hadur 3.9	ndn.DyslexicMonkey 1.1	weak		1	16	1	1	463	65.3	0.0	0.2105	0	0
hadur2.Hadur 3.9	ndn.DyslexicMonkey 1.1	weak		1	17	1	1	463	63.6	0.0	0.1667	0	0
hadur2.Hadur 3.9	ndn.DyslexicMonkey 1.1	weak		1	18	1	1	525	64.0	0.0	0.1667	0	0
hadur2.Hadur 3.9	ndn.DyslexicMonkey 1.1	weak		1	19	1	1	479	64.0	4.9	0.2000	0	0
hadur2.Hadur 3.9	ndn.DyslexicMonkey 1.1	weak		1	20	1	1	442	61.2	0.0	0.1765	0	0
hadur2.Hadur 3.9	ndn.DyslexicMonkey 1.1	weak		1	21	1	1	389	82.9	32.0	0.3571	0	0
hadur2.Hadur 3.9	ndn.DyslexicMonkey 1.1	weak		1	22	1	1	424	59.5	0.0	0.1875	0	0
hadur2.Hadur 3.9	ndn.DyslexicMonkey 1.1	weak		1	23	1	1	439	68.0	9.7	0.2353	0	0
hadur2.Hadur 3.9	ndn.DyslexicMonkey 1.1	weak		1	24	1	1	439	68.1	0.0	0.2353	0	0
hadur2.Hadur 3.9	ndn.DyslexicMonkey 1.1	weak		1	25	1	1	465	65.3	8.2	0.2105	0	0
hadur2.Hadur 3.9	ndn.DyslexicMonkey 1.1	weak		1	26	1	1	414	67.6	0.0	0.2500	0	0
hadur2.Hadur 3.9	ndn.DyslexicMonkey 1.1	weak		1	27	1	1	455	64.0	0.0	0.2222	0	0
hadur2.Hadur 3.9	ndn.DyslexicMonkey 1.1	weak		1	28	1	1	550	48.0	0.0	0.1200	0	0
hadur2.Hadur 3.9	ndn.DyslexicMonkey 1.1	weak		1	29	1	1	355	75.5	0.0	0.4167	0	0
hadur2.Hadur 3.9	ndn.DyslexicMonkey 1.1	weak		1	30	1	1	651	46.2	7.3	0.0667	0	0
hadur2.Hadur 3.9	ndn.DyslexicMonkey 1.1	weak		1	31	1	1	419	74.6	10.1	0.3529	0	0
hadur2.Hadur 3.9	ndn.DyslexicMonkey 1.1	weak		1	32	1	1	402	78.5	6.9	0.2857	0	0
hadur2.Hadur 3.9	ndn.DyslexicMonkey 1.1	weak		1	33	1	1	328	80.0	0.0	0.5000	0	0
hadur2.Hadur 3.9	ndn.DyslexicMonkey 1.1	weak		1	34	1	1	532	64.5	7.0	0.1739	0	5
hadur2.Hadur 3.9	ndn.DyslexicMonkey 1.1	weak		2	0	1	1	509	70.6	10.7	0.2917	0	5
hadur2.Hadur 3.9	ndn.DyslexicMonkey 1.1	weak		2	1	1	1	632	61.4	25.7	0.1818	0	0
hadur2.Hadur 3.9	ndn.DyslexicMonkey 1.1	weak		2	2	1	1	611	51.4	0.0	0.1379	0	0
hadur2.Hadur 3.9	ndn.DyslexicMonkey 1.1	weak		2	3	1	1	639	48.1	13.2	0.1290	0	0
hadur2.Hadur 3.9	ndn.DyslexicMonkey 1.1	weak		2	4	1	1	597	54.7	0.0	0.1667	0	0
hadur2.Hadur 3.9	ndn.DyslexicMonkey 1.1	weak		2	5	1	1	431	70.8	1.4	0.3333	0	0
hadur2.Hadur 3.9	ndn.DyslexicMonkey 1.1	weak		2	6	1	1	352	79.5	0.0	0.3636	0	0
hadur2.Hadur 3.9	ndn.DyslexicMonkey 1.1	weak		2	7	1	1	448	74.0	8.3	0.2353	0	0
hadur2.Hadur 3.9	ndn.DyslexicMonkey 1.1	weak		2	8	1	1	410	81.1	18.6	0.3333	0	0
hadur2.Hadur 3.9	ndn.DyslexicMonkey 1.1	weak		2	9	1	1	515	56.0	0.0	0.1364	0	0
hadur2.Hadur 3.9	ndn.DyslexicMonkey 1.1	weak		2	10	1	1	306	78.5	0.0	0.5000	0	0
hadur2.Hadur 3.9	ndn.DyslexicMonkey 1.1	weak		2	11	1	1	420	64.0	3.5	0.2500	0	0
hadur2.Hadur 3.9	ndn.DyslexicMonkey 1.1	weak		2	12	1	1	416	67.4	0.0	0.2500	0	0
hadur2.Hadur 3.9	ndn.DyslexicMonkey 1.1	weak		2	13	1	1	361	76.2	0.0	0.3333	0	0
hadur2.Hadur 3.9	ndn.DyslexicMonkey 1.1	weak		2	14	1	1	398	78.5	8.7	0.2857	0	0
hadur2.Hadur 3.9	ndn.DyslexicMonkey 1.1	weak		2	15	1	1	456	62.6	8.8	0.1667	0	0
hadur2.Hadur 3.9	ndn.DyslexicMonkey 1.1	weak		2	16	1	1	734	48.0	16.6	0.0811	0	0
hadur2.Hadur 3.9	ndn.DyslexicMonkey 1.1	weak		2	17	1	1	422	66.9	0.0	0.3125	0	0
hadur2.Hadur 3.9	ndn.DyslexicMonkey 1.1	weak		2	18	1	1	379	76.7	8.1	0.3077	0	0
hadur2.Hadur 3.9	ndn.DyslexicMonkey 1.1	weak		2	19	1	1	465	66.7	0.0	0.2105	0	0
hadur2.Hadur 3.9	ndn.DyslexicMonkey 1.1	weak		2	20	1	1	440	63.7	0.0	0.1765	0	0
hadur2.Hadur 3.9	ndn.DyslexicMonkey 1.1	weak		2	21	1	1	498	64.0	0.2	0.1905	0	0
hadur2.Hadur 3.9	ndn.DyslexicMonkey 1.1	weak		2	22	1	1	689	43.2	20.2	0.0857	0	0
hadur2.Hadur 3.9	ndn.DyslexicMonkey 1.1	weak		2	23	1	1	582	59.0	24.2	0.2667	0	0
hadur2.Hadur 3.9	ndn.DyslexicMonkey 1.1	weak		2	24	1	1	657	38.8	0.0	0.1143	0	0
hadur2.Hadur 3.9	ndn.DyslexicMonkey 1.1	weak		2	25	1	1	441	67.4	0.0	0.2778	0	0
hadur2.Hadur 3.9	ndn.DyslexicMonkey 1.1	weak		2	26	1	1	451	73.9	10.2	0.2353	0	0
hadur2.Hadur 3.9	ndn.DyslexicMonkey 1.1	weak		2	27	1	1	405	70.9	0.0	0.2667	0	0
hadur2.Hadur 3.9	ndn.DyslexicMonkey 1.1	weak		2	28	1	1	449	77.2	9.0	0.2778	0	0
hadur2.Hadur 3.9	ndn.DyslexicMonkey 1.1	weak		2	29	1	1	440	69.2	8.5	0.2353	0	0
hadur2.Hadur 3.9	ndn.DyslexicMonkey 1.1	weak		2	30	1	1	560	66.4	19.5	0.1600	0	0
hadur2.Hadur 3.9	ndn.DyslexicMonkey 1.1	weak		2	31	1	1	391	71.3	0.0	0.2857	0	0
hadur2.Hadur 3.9	ndn.DyslexicMonkey 1.1	weak		2	32	1	1	413	69.4	0.0	0.2667	0	0
hadur2.Hadur 3.9	ndn.DyslexicMonkey 1.1	weak		2	33	1	1	531	60.7	7.4	0.1364	0	0
hadur2.Hadur 3.9	ndn.DyslexicMonkey 1.1	weak		2	34	1	1	381	76.3	0.0	0.3077	0	8
hadur2.Hadur 3.9	ndn.DyslexicMonkey 1.1	weak		3	0	1	1	544	60.4	19.2	0.2308	0	4
hadur2.Hadur 3.9	ndn.DyslexicMonkey 1.1	weak		3	1	1	1	434	63.9	0.0	0.3158	0	0
hadur2.Hadur 3.9	ndn.DyslexicMonkey 1.1	weak		3	2	1	1	415	71.3	9.9	0.4118	0	0
hadur2.Hadur 3.9	ndn.DyslexicMonkey 1.1	weak		3	3	1	1	448	67.1	0.0	0.2222	0	0
hadur2.Hadur 3.9	ndn.DyslexicMonkey 1.1	weak		3	4	1	1	638	51.8	16.5	0.1000	0	0
hadur2.Hadur 3.9	ndn.DyslexicMonkey 1.1	weak		3	5	1	1	379	69.4	0.0	0.3077	0	0
hadur2.Hadur 3.9	ndn.DyslexicMonkey 1.1	weak		3	6	1	1	466	64.3	0.0	0.2105	0	0
hadur2.Hadur 3.9	ndn.DyslexicMonkey 1.1	weak		3	7	1	1	698	52.5	17.0	0.1429	0	0
hadur2.Hadur 3.9	ndn.DyslexicMonkey 1.1	weak		3	8	1	1	401	70.4	7.4	0.2857	0	0
hadur2.Hadur 3.9	ndn.DyslexicMonkey 1.1	weak		3	9	1	1	427	68.9	0.0	0.2500	0	0
hadur2.Hadur 3.9	ndn.DyslexicMonkey 1.1	weak		3	10	1	1	411	66.0	0.0	0.2667	0	0
hadur2.Hadur 3.9	ndn.DyslexicMonkey 1.1	weak		3	11	1	1	513	65.3	6.7	0.1818	0	0
hadur2.Hadur 3.9	ndn.DyslexicMonkey 1.1	weak		3	12	1	1	433	64.0	0.0	0.2353	0	0
hadur2.Hadur 3.9	ndn.DyslexicMonkey 1.1	weak		3	13	1	1	449	67.1	10.9	0.2222	0	0
hadur2.Hadur 3.9	ndn.DyslexicMonkey 1.1	weak		3	14	1	1	400	64.1	0.0	0.2857	0	0
hadur2.Hadur 3.9	ndn.DyslexicMonkey 1.1	weak		3	15	1	1	414	69.7	12.2	0.2667	0	0
hadur2.Hadur 3.9	ndn.DyslexicMonkey 1.1	weak		3	16	1	1	366	75.7	0.0	0.3333	0	0
hadur2.Hadur 3.9	ndn.DyslexicMonkey 1.1	weak		3	17	1	1	518	56.4	0.0	0.1364	0	0
hadur2.Hadur 3.9	ndn.DyslexicMonkey 1.1	weak		3	18	1	1	407	73.5	14.9	0.2667	0	0
hadur2.Hadur 3.9	ndn.DyslexicMonkey 1.1	weak		3	19	1	1	573	48.9	0.0	0.1154	0	0
hadur2.Hadur 3.9	ndn.DyslexicMonkey 1.1	weak		3	20	1	1	414	74.0	0.0	0.2667	0	0
hadur2.Hadur 3.9	ndn.DyslexicMonkey 1.1	weak		3	21	1	1	454	60.6	0.0	0.2222	0	0
hadur2.Hadur 3.9	ndn.DyslexicMonkey 1.1	weak		3	22	1	1	519	65.3	18.9	0.1818	0	0
hadur2.Hadur 3.9	ndn.DyslexicMonkey 1.1	weak		3	23	1	1	342	75.1	0.0	0.4545	0	0
hadur2.Hadur 3.9	ndn.DyslexicMonkey 1.1	weak		3	24	1	1	461	64.4	0.0	0.2222	0	0
hadur2.Hadur 3.9	ndn.DyslexicMonkey 1.1	weak		3	25	1	1	338	78.3	9.3	0.4000	0	0
hadur2.Hadur 3.9	ndn.DyslexicMonkey 1.1	weak		3	26	1	1	386	75.8	0.0	0.3077	0	0
hadur2.Hadur 3.9	ndn.DyslexicMonkey 1.1	weak		3	27	1	1	499	56.3	0.0	0.1500	0	0
hadur2.Hadur 3.9	ndn.DyslexicMonkey 1.1	weak		3	28	1	1	573	52.1	0.0	0.1200	0	0
hadur2.Hadur 3.9	ndn.DyslexicMonkey 1.1	weak		3	29	1	1	322	78.2	0.0	0.4444	0	0
hadur2.Hadur 3.9	ndn.DyslexicMonkey 1.1	weak		3	30	1	1	441	64.0	0.0	0.2353	0	0
hadur2.Hadur 3.9	ndn.DyslexicMonkey 1.1	weak		3	31	1	1	458	67.0	0.0	0.2222	0	0
hadur2.Hadur 3.9	ndn.DyslexicMonkey 1.1	weak		3	32	1	1	377	80.0	1.7	0.3571	0	0
hadur2.Hadur 3.9	ndn.DyslexicMonkey 1.1	weak		3	33	1	1	495	64.0	9.7	0.1905	0	0
hadur2.Hadur 3.9	ndn.DyslexicMonkey 1.1	weak		3	34	1	1	502	56.8	0.0	0.1429	0	6
hadur2.Hadur 3.9	ndn.DyslexicMonkey 1.1	weak		4	0	1	1	748	46.7	28.1	0.1860	298	7
hadur2.Hadur 3.9	ndn.DyslexicMonkey 1.1	weak		4	1	1	1	751	48.5	6.1	0.1190	0	0
hadur2.Hadur 3.9	ndn.DyslexicMonkey 1.1	weak		4	2	1	1	554	70.8	16.0	0.2222	0	0
hadur2.Hadur 3.9	ndn.DyslexicMonkey 1.1	weak		4	3	1	1	605	51.6	19.2	0.1429	0	0
hadur2.Hadur 3.9	ndn.DyslexicMonkey 1.1	weak		4	4	1	1	570	61.1	6.8	0.1724	0	0
hadur2.Hadur 3.9	ndn.DyslexicMonkey 1.1	weak		4	5	1	1	614	63.8	18.5	0.2581	0	0
hadur2.Hadur 3.9	ndn.DyslexicMonkey 1.1	weak		4	6	1	1	539	65.5	5.5	0.1739	0	0
hadur2.Hadur 3.9	ndn.DyslexicMonkey 1.1	weak		4	7	1	1	634	58.0	6.3	0.1034	0	0
hadur2.Hadur 3.9	ndn.DyslexicMonkey 1.1	weak		4	8	1	1	536	69.1	11.5	0.2800	0	0
hadur2.Hadur 3.9	ndn.DyslexicMonkey 1.1	weak		4	9	1	1	563	64.0	9.0	0.1600	0	0
hadur2.Hadur 3.9	ndn.DyslexicMonkey 1.1	weak		4	10	1	1	487	64.0	0.0	0.2000	0	0
hadur2.Hadur 3.9	ndn.DyslexicMonkey 1.1	weak		4	11	1	1	469	64.0	0.0	0.2105	0	0
hadur2.Hadur 3.9	ndn.DyslexicMonkey 1.1	weak		4	12	1	1	583	44.3	0.0	0.0769	0	0
hadur2.Hadur 3.9	ndn.DyslexicMonkey 1.1	weak		4	13	1	1	376	80.0	11.7	0.3846	0	0
hadur2.Hadur 3.9	ndn.DyslexicMonkey 1.1	weak		4	14	1	1	376	72.1	0.0	0.3077	0	0
hadur2.Hadur 3.9	ndn.DyslexicMonkey 1.1	weak		4	15	1	1	462	63.1	0.0	0.1667	0	0
hadur2.Hadur 3.9	ndn.DyslexicMonkey 1.1	weak		4	16	1	1	540	64.4	5.3	0.2000	0	0
hadur2.Hadur 3.9	ndn.DyslexicMonkey 1.1	weak		4	17	1	1	395	73.9	0.0	0.2857	0	0
hadur2.Hadur 3.9	ndn.DyslexicMonkey 1.1	weak		4	18	1	1	598	58.9	8.7	0.1111	0	0
hadur2.Hadur 3.9	ndn.DyslexicMonkey 1.1	weak		4	19	1	1	384	79.6	19.0	0.3571	0	0
hadur2.Hadur 3.9	ndn.DyslexicMonkey 1.1	weak		4	20	1	1	386	74.0	7.7	0.3077	0	0
hadur2.Hadur 3.9	ndn.DyslexicMonkey 1.1	weak		4	21	1	1	647	49.8	5.5	0.0968	0	0
hadur2.Hadur 3.9	ndn.DyslexicMonkey 1.1	weak		4	22	1	1	451	69.4	0.0	0.2353	0	0
hadur2.Hadur 3.9	ndn.DyslexicMonkey 1.1	weak		4	23	1	1	461	66.8	0.0	0.2105	0	0
hadur2.Hadur 3.9	ndn.DyslexicMonkey 1.1	weak		4	24	1	1	545	58.9	7.1	0.1923	0	0
hadur2.Hadur 3.9	ndn.DyslexicMonkey 1.1	weak		4	25	1	1	379	77.3	0.0	0.3077	0	0
hadur2.Hadur 3.9	ndn.DyslexicMonkey 1.1	weak		4	26	1	1	402	66.1	0.0	0.2667	0	0
hadur2.Hadur 3.9	ndn.DyslexicMonkey 1.1	weak		4	27	1	1	515	64.0	31.2	0.1818	0	1
hadur2.Hadur 3.9	ndn.DyslexicMonkey 1.1	weak		4	28	1	1	628	57.7	16.0	0.1333	0	0
hadur2.Hadur 3.9	ndn.DyslexicMonkey 1.1	weak		4	29	1	1	477	64.0	0.0	0.2000	0	0
hadur2.Hadur 3.9	ndn.DyslexicMonkey 1.1	weak		4	30	1	1	552	61.1	0.0	0.1923	0	0
hadur2.Hadur 3.9	ndn.DyslexicMonkey 1.1	weak		4	31	1	1	377	73.3	0.0	0.3077	0	0
hadur2.Hadur 3.9	ndn.DyslexicMonkey 1.1	weak		4	32	1	1	551	50.2	0.0	0.1250	0	0
hadur2.Hadur 3.9	ndn.DyslexicMonkey 1.1	weak		4	33	1	1	361	76.6	0.0	0.3333	0	0
hadur2.Hadur 3.9	ndn.DyslexicMonkey 1.1	weak		4	34	1	1	406	74.0	0.0	0.2667	0	6
hadur2.Hadur 3.9	omens.CannonfodderNano 1.4	weak		1	0	1	1	547	84.9	11.5	0.2963	0	6
hadur2.Hadur 3.9	omens.CannonfodderNano 1.4	weak		1	1	1	1	620	65.5	0.0	0.1875	0	0
hadur2.Hadur 3.9	omens.CannonfodderNano 1.4	weak		1	2	1	1	444	82.3	0.0	0.3889	0	0
hadur2.Hadur 3.9	omens.CannonfodderNano 1.4	weak		1	3	1	1	467	89.6	7.3	0.2778	0	0
hadur2.Hadur 3.9	omens.CannonfodderNano 1.4	weak		1	4	1	1	397	82.9	3.3	0.3571	0	0
hadur2.Hadur 3.9	omens.CannonfodderNano 1.4	weak		1	5	1	1	363	88.0	0.0	0.4167	0	0
hadur2.Hadur 3.9	omens.CannonfodderNano 1.4	weak		1	6	1	1	419	85.3	0.0	0.3125	0	0
hadur2.Hadur 3.9	omens.CannonfodderNano 1.4	weak		1	7	1	1	507	80.0	0.0	0.2381	0	0
hadur2.Hadur 3.9	omens.CannonfodderNano 1.4	weak		1	8	1	1	396	80.0	0.0	0.3333	0	0
hadur2.Hadur 3.9	omens.CannonfodderNano 1.4	weak		1	9	1	1	368	88.0	2.3	0.4167	0	0
hadur2.Hadur 3.9	omens.CannonfodderNano 1.4	weak		1	10	1	1	449	85.0	9.4	0.2778	0	0
hadur2.Hadur 3.9	omens.CannonfodderNano 1.4	weak		1	11	1	1	440	80.0	0.0	0.2941	0	0
hadur2.Hadur 3.9	omens.CannonfodderNano 1.4	weak		1	12	1	1	538	75.6	7.6	0.1739	0	0
hadur2.Hadur 3.9	omens.CannonfodderNano 1.4	weak		1	13	1	1	449	81.2	0.0	0.2778	0	0
hadur2.Hadur 3.9	omens.CannonfodderNano 1.4	weak		1	14	1	1	514	79.0	0.0	0.1905	0	0
hadur2.Hadur 3.9	omens.CannonfodderNano 1.4	weak		1	15	1	1	428	83.1	0.0	0.2941	0	0
hadur2.Hadur 3.9	omens.CannonfodderNano 1.4	weak		1	16	1	1	498	82.1	6.9	0.3182	0	0
hadur2.Hadur 3.9	omens.CannonfodderNano 1.4	weak		1	17	1	1	353	89.1	3.2	0.4545	0	0
hadur2.Hadur 3.9	omens.CannonfodderNano 1.4	weak		1	18	1	1	484	78.5	0.0	0.2105	0	0
hadur2.Hadur 3.9	omens.CannonfodderNano 1.4	weak		1	19	1	1	433	83.6	0.0	0.3125	0	0
hadur2.Hadur 3.9	omens.CannonfodderNano 1.4	weak		1	20	1	1	456	80.0	0.0	0.2353	0	0
hadur2.Hadur 3.9	omens.CannonfodderNano 1.4	weak		1	21	1	1	479	80.0	4.0	0.2500	0	0
hadur2.Hadur 3.9	omens.CannonfodderNano 1.4	weak		1	22	1	1	358	83.6	0.0	0.4167	0	0
hadur2.Hadur 3.9	omens.CannonfodderNano 1.4	weak		1	23	1	1	445	80.0	4.7	0.2941	0	0
hadur2.Hadur 3.9	omens.CannonfodderNano 1.4	weak		1	24	1	1	468	80.0	0.1	0.2500	0	0
hadur2.Hadur 3.9	omens.CannonfodderNano 1.4	weak		1	25	1	1	280	87.4	16.0	0.7143	0	0
hadur2.Hadur 3.9	omens.CannonfodderNano 1.4	weak		1	26	1	1	406	81.1	0.0	0.3333	0	0
hadur2.Hadur 3.9	omens.CannonfodderNano 1.4	weak		1	27	1	1	341	87.2	11.3	0.5000	0	0
hadur2.Hadur 3.9	omens.CannonfodderNano 1.4	weak		1	28	1	1	406	83.7	0.0	0.3333	0	0
hadur2.Hadur 3.9	omens.CannonfodderNano 1.4	weak		1	29	1	1	425	87.8	14.2	0.3125	0	0
hadur2.Hadur 3.9	omens.CannonfodderNano 1.4	weak		1	30	1	1	388	84.2	0.0	0.3571	0	0
hadur2.Hadur 3.9	omens.CannonfodderNano 1.4	weak		1	31	1	1	301	94.4	15.0	0.7500	0	0
hadur2.Hadur 3.9	omens.CannonfodderNano 1.4	weak		1	32	1	1	347	89.9	0.0	0.4545	0	0
hadur2.Hadur 3.9	omens.CannonfodderNano 1.4	weak		1	33	1	1	495	82.6	2.8	0.2500	0	0
hadur2.Hadur 3.9	omens.CannonfodderNano 1.4	weak		1	34	1	1	445	80.0	0.0	0.2778	0	5
hadur2.Hadur 3.9	omens.CannonfodderNano 1.4	weak		2	0	1	1	539	79.5	2.5	0.2963	0	8
hadur2.Hadur 3.9	omens.CannonfodderNano 1.4	weak		2	1	1	1	589	72.9	0.0	0.2333	0	0
hadur2.Hadur 3.9	omens.CannonfodderNano 1.4	weak		2	2	1	1	467	89.8	15.2	0.4762	0	0
hadur2.Hadur 3.9	omens.CannonfodderNano 1.4	weak		2	3	1	1	307	83.4	16.0	0.6250	0	0
hadur2.Hadur 3.9	omens.CannonfodderNano 1.4	weak		2	4	1	1	413	81.6	0.0	0.3125	0	0
hadur2.Hadur 3.9	omens.CannonfodderNano 1.4	weak		2	5	1	1	443	80.0	0.0	0.2778	0	0
hadur2.Hadur 3.9	omens.CannonfodderNano 1.4	weak		2	6	1	1	426	79.5	0.0	0.2500	0	0
hadur2.Hadur 3.9	omens.CannonfodderNano 1.4	weak		2	7	1	1	376	86.0	0.0	0.3846	0	0
hadur2.Hadur 3.9	omens.CannonfodderNano 1.4	weak		2	8	1	1	424	80.0	0.0	0.3125	0	0
hadur2.Hadur 3.9	omens.CannonfodderNano 1.4	weak		2	9	1	1	524	80.4	5.2	0.2609	0	0
hadur2.Hadur 3.9	omens.CannonfodderNano 1.4	weak		2	10	1	1	448	82.2	16.0	0.2778	0	0
hadur2.Hadur 3.9	omens.CannonfodderNano 1.4	weak		2	11	1	1	430	83.4	0.0	0.3125	0	0
hadur2.Hadur 3.9	omens.CannonfodderNano 1.4	weak		2	12	1	1	318	87.6	0.0	0.5556	0	0
hadur2.Hadur 3.9	omens.CannonfodderNano 1.4	weak		2	13	1	1	499	80.2	0.0	0.2381	0	0
hadur2.Hadur 3.9	omens.CannonfodderNano 1.4	weak		2	14	1	1	463	80.0	0.0	0.2500	0	0
hadur2.Hadur 3.9	omens.CannonfodderNano 1.4	weak		2	15	1	1	347	96.0	16.0	0.5455	0	0
hadur2.Hadur 3.9	omens.CannonfodderNano 1.4	weak		2	16	1	1	475	83.3	8.3	0.2632	0	0
hadur2.Hadur 3.9	omens.CannonfodderNano 1.4	weak		2	17	1	1	541	87.6	21.1	0.2174	0	0
hadur2.Hadur 3.9	omens.CannonfodderNano 1.4	weak		2	18	1	1	401	87.0	3.7	0.3333	0	0
hadur2.Hadur 3.9	omens.CannonfodderNano 1.4	weak		2	19	1	1	494	86.8	26.4	0.2500	0	0
hadur2.Hadur 3.9	omens.CannonfodderNano 1.4	weak		2	20	1	1	442	79.9	0.0	0.2353	0	0
hadur2.Hadur 3.9	omens.CannonfodderNano 1.4	weak		2	21	1	1	340	87.7	0.0	0.5000	0	0
hadur2.Hadur 3.9	omens.CannonfodderNano 1.4	weak		2	22	1	1	402	81.8	5.3	0.3333	0	0
hadur2.Hadur 3.9	omens.CannonfodderNano 1.4	weak		2	23	1	1	521	78.2	3.4	0.1818	0	0
hadur2.Hadur 3.9	omens.CannonfodderNano 1.4	weak		2	24	1	1	339	83.4	0.0	0.5000	0	0
hadur2.Hadur 3.9	omens.CannonfodderNano 1.4	weak		2	25	1	1	369	86.7	0.0	0.4167	0	0
hadur2.Hadur 3.9	omens.CannonfodderNano 1.4	weak		2	26	1	1	367	85.1	0.0	0.4167	0	0
hadur2.Hadur 3.9	omens.CannonfodderNano 1.4	weak		2	27	1	1	531	77.1	0.0	0.1818	0	0
hadur2.Hadur 3.9	omens.CannonfodderNano 1.4	weak		2	28	1	1	626	70.5	7.6	0.1429	0	0
hadur2.Hadur 3.9	omens.CannonfodderNano 1.4	weak		2	29	1	1	469	80.0	0.0	0.2632	0	0
hadur2.Hadur 3.9	omens.CannonfodderNano 1.4	weak		2	30	1	1	510	80.0	0.0	0.2174	0	0
hadur2.Hadur 3.9	omens.CannonfodderNano 1.4	weak		2	31	1	1	407	125.7	104.8	0.4667	0	0
hadur2.Hadur 3.9	omens.CannonfodderNano 1.4	weak		2	32	1	1	430	85.1	3.3	0.2941	0	0
hadur2.Hadur 3.9	omens.CannonfodderNano 1.4	weak		2	33	1	1	445	86.0	3.9	0.2941	0	0
hadur2.Hadur 3.9	omens.CannonfodderNano 1.4	weak		2	34	1	1	420	84.2	0.0	0.3125	0	7
hadur2.Hadur 3.9	omens.CannonfodderNano 1.4	weak		3	0	1	1	586	84.3	15.7	0.2759	0	6
hadur2.Hadur 3.9	omens.CannonfodderNano 1.4	weak		3	1	1	1	611	79.2	5.3	0.2500	0	0
hadur2.Hadur 3.9	omens.CannonfodderNano 1.4	weak		3	2	1	1	379	83.1	0.0	0.3571	0	0
hadur2.Hadur 3.9	omens.CannonfodderNano 1.4	weak		3	3	1	1	619	70.7	2.5	0.1429	0	0
hadur2.Hadur 3.9	omens.CannonfodderNano 1.4	weak		3	4	1	1	355	95.2	16.0	0.4545	0	0
hadur2.Hadur 3.9	omens.CannonfodderNano 1.4	weak		3	5	1	1	481	82.0	7.2	0.2632	0	0
hadur2.Hadur 3.9	omens.CannonfodderNano 1.4	weak		3	6	1	1	605	76.3	5.6	0.1481	0	0
hadur2.Hadur 3.9	omens.CannonfodderNano 1.4	weak		3	7	1	1	502	93.3	32.7	0.2857	0	0
hadur2.Hadur 3.9	omens.CannonfodderNano 1.4	weak		3	8	1	1	442	84.1	14.5	0.2941	0	0
hadur2.Hadur 3.9	omens.CannonfodderNano 1.4	weak		3	9	1	1	390	81.3	0.0	0.3571	0	0
hadur2.Hadur 3.9	omens.CannonfodderNano 1.4	weak		3	10	1	1	442	82.6	0.0	0.2941	0	0
hadur2.Hadur 3.9	omens.CannonfodderNano 1.4	weak		3	11	1	1	437	84.4	0.0	0.2941	0	0
hadur2.Hadur 3.9	omens.CannonfodderNano 1.4	weak		3	12	1	1	408	80.0	0.0	0.3125	0	0
hadur2.Hadur 3.9	omens.CannonfodderNano 1.4	weak		3	13	1	1	448	80.0	0.0	0.2632	0	0
hadur2.Hadur 3.9	omens.CannonfodderNano 1.4	weak		3	14	1	1	399	84.2	0.0	0.3571	0	0
hadur2.Hadur 3.9	omens.CannonfodderNano 1.4	weak		3	15	1	1	385	91.9	16.0	0.3846	0	0
hadur2.Hadur 3.9	omens.CannonfodderNano 1.4	weak		3	16	1	1	385	84.2	0.0	0.3846	0	0
hadur2.Hadur 3.9	omens.CannonfodderNano 1.4	weak		3	17	1	1	462	80.0	0.0	0.2632	0	0
hadur2.Hadur 3.9	omens.CannonfodderNano 1.4	weak		3	18	1	1	291	86.9	0.0	0.6250	0	0
hadur2.Hadur 3.9	omens.CannonfodderNano 1.4	weak		3	19	1	1	486	83.4	4.2	0.2500	0	0
hadur2.Hadur 3.9	omens.CannonfodderNano 1.4	weak		3	20	1	1	397	89.9	6.8	0.3571	0	0
hadur2.Hadur 3.9	omens.CannonfodderNano 1.4	weak		3	21	1	1	491	77.5	3.4	0.2000	0	0
hadur2.Hadur 3.9	omens.CannonfodderNano 1.4	weak		3	22	1	1	331	85.8	0.0	0.5000	0	0
hadur2.Hadur 3.9	omens.CannonfodderNano 1.4	weak		3	23	1	1	426	86.8	3.0	0.3125	0	0
hadur2.Hadur 3.9	omens.CannonfodderNano 1.4	weak		3	24	1	1	581	61.5	0.0	0.1200	0	0
hadur2.Hadur 3.9	omens.CannonfodderNano 1.4	weak		3	25	1	1	493	82.4	0.0	0.2500	0	0
hadur2.Hadur 3.9	omens.CannonfodderNano 1.4	weak		3	26	1	1	480	84.3	10.9	0.2500	0	0
hadur2.Hadur 3.9	omens.CannonfodderNano 1.4	weak		3	27	1	1	283	91.8	6.1	0.7143	0	0
hadur2.Hadur 3.9	omens.CannonfodderNano 1.4	weak		3	28	1	1	460	77.9	0.0	0.2222	0	0
hadur2.Hadur 3.9	omens.CannonfodderNano 1.4	weak		3	29	1	1	503	98.3	37.7	0.2857	0	0
hadur2.Hadur 3.9	omens.CannonfodderNano 1.4	weak		3	30	1	1	403	83.9	0.0	0.3333	0	0
hadur2.Hadur 3.9	omens.CannonfodderNano 1.4	weak		3	31	1	1	438	89.8	16.0	0.2941	0	0
hadur2.Hadur 3.9	omens.CannonfodderNano 1.4	weak		3	32	1	1	565	73.2	0.0	0.1667	0	0
hadur2.Hadur 3.9	omens.CannonfodderNano 1.4	weak		3	33	1	1	445	81.3	0.0	0.2941	0	0
hadur2.Hadur 3.9	omens.CannonfodderNano 1.4	weak		3	34	1	1	392	81.9	3.3	0.3571	0	7
hadur2.Hadur 3.9	omens.CannonfodderNano 1.4	weak		4	0	1	1	620	75.2	6.7	0.2258	0	5
hadur2.Hadur 3.9	omens.CannonfodderNano 1.4	weak		4	1	1	1	569	78.9	3.3	0.2593	0	0
hadur2.Hadur 3.9	omens.CannonfodderNano 1.4	weak		4	2	1	1	475	83.1	0.0	0.3333	0	0
hadur2.Hadur 3.9	omens.CannonfodderNano 1.4	weak		4	3	1	1	502	83.5	0.0	0.2381	0	0
hadur2.Hadur 3.9	omens.CannonfodderNano 1.4	weak		4	4	1	1	381	80.5	0.0	0.3846	0	0
hadur2.Hadur 3.9	omens.CannonfodderNano 1.4	weak		4	5	1	1	421	83.7	0.0	0.3333	0	0
hadur2.Hadur 3.9	omens.CannonfodderNano 1.4	weak		4	6	1	1	464	85.5	5.9	0.2778	0	0
hadur2.Hadur 3.9	omens.CannonfodderNano 1.4	weak		4	7	1	1	349	85.9	0.0	0.4545	0	0
hadur2.Hadur 3.9	omens.CannonfodderNano 1.4	weak		4	8	1	1	579	71.3	0.0	0.1538	0	0
hadur2.Hadur 3.9	omens.CannonfodderNano 1.4	weak		4	9	1	1	365	82.2	0.0	0.4167	0	0
hadur2.Hadur 3.9	omens.CannonfodderNano 1.4	weak		4	10	1	1	309	91.9	0.0	0.6250	0	0
hadur2.Hadur 3.9	omens.CannonfodderNano 1.4	weak		4	11	1	1	436	91.5	19.6	0.3125	0	0
hadur2.Hadur 3.9	omens.CannonfodderNano 1.4	weak		4	12	1	1	473	85.1	14.9	0.2632	0	0
hadur2.Hadur 3.9	omens.CannonfodderNano 1.4	weak		4	13	1	1	439	91.2	16.4	0.2941	0	0
hadur2.Hadur 3.9	omens.CannonfodderNano 1.4	weak		4	14	1	1	443	80.0	0.0	0.2941	0	0
hadur2.Hadur 3.9	omens.CannonfodderNano 1.4	weak		4	15	1	1	386	85.1	0.0	0.3846	0	0
hadur2.Hadur 3.9	omens.CannonfodderNano 1.4	weak		4	16	1	1	483	81.3	0.0	0.2632	0	0
hadur2.Hadur 3.9	omens.CannonfodderNano 1.4	weak		4	17	1	1	382	85.2	0.0	0.3846	0	0
hadur2.Hadur 3.9	omens.CannonfodderNano 1.4	weak		4	18	1	1	442	82.8	0.0	0.2941	0	0
hadur2.Hadur 3.9	omens.CannonfodderNano 1.4	weak		4	19	1	1	535	76.6	0.0	0.1739	0	0
hadur2.Hadur 3.9	omens.CannonfodderNano 1.4	weak		4	20	1	1	419	84.9	0.0	0.3125	0	0
hadur2.Hadur 3.9	omens.CannonfodderNano 1.4	weak		4	21	1	1	485	80.4	3.1	0.3000	0	0
hadur2.Hadur 3.9	omens.CannonfodderNano 1.4	weak		4	22	1	1	373	84.4	0.0	0.3846	0	0
hadur2.Hadur 3.9	omens.CannonfodderNano 1.4	weak		4	23	1	1	477	78.9	0.0	0.2105	0	0
hadur2.Hadur 3.9	omens.CannonfodderNano 1.4	weak		4	24	1	1	478	80.0	4.8	0.2500	0	0
hadur2.Hadur 3.9	omens.CannonfodderNano 1.4	weak		4	25	1	1	408	84.4	6.2	0.3750	0	0
hadur2.Hadur 3.9	omens.CannonfodderNano 1.4	weak		4	26	1	1	457	81.3	0.0	0.2778	0	0
hadur2.Hadur 3.9	omens.CannonfodderNano 1.4	weak		4	27	1	1	490	79.3	0.0	0.2000	0	0
hadur2.Hadur 3.9	omens.CannonfodderNano 1.4	weak		4	28	1	1	402	80.8	0.0	0.3333	0	0
hadur2.Hadur 3.9	omens.CannonfodderNano 1.4	weak		4	29	1	1	419	80.0	3.8	0.3125	0	0
hadur2.Hadur 3.9	omens.CannonfodderNano 1.4	weak		4	30	1	1	525	76.1	0.0	0.1818	0	0
hadur2.Hadur 3.9	omens.CannonfodderNano 1.4	weak		4	31	1	1	593	75.1	0.0	0.1538	0	0
hadur2.Hadur 3.9	omens.CannonfodderNano 1.4	weak		4	32	1	1	398	88.1	6.5	0.3571	0	0
hadur2.Hadur 3.9	omens.CannonfodderNano 1.4	weak		4	33	1	1	463	91.9	32.0	0.2778	0	0
hadur2.Hadur 3.9	omens.CannonfodderNano 1.4	weak		4	34	1	1	305	89.7	0.0	0.6250	0	6
hadur2.Hadur 3.9	oog.melee.Mercutio 1.0	weak		1	0	1	1	850	58.2	9.0	0.1200	0	5
hadur2.Hadur 3.9	oog.melee.Mercutio 1.0	weak		1	1	1	1	506	83.6	8.5	0.2609	0	0
hadur2.Hadur 3.9	oog.melee.Mercutio 1.0	weak		1	2	1	1	1104	48.2	14.0	0.1690	0	0
hadur2.Hadur 3.9	oog.melee.Mercutio 1.0	weak		1	3	1	1	696	72.1	3.5	0.1765	0	0
hadur2.Hadur 3.9	oog.melee.Mercutio 1.0	weak		1	4	1	1	681	72.9	5.7	0.1250	0	0
hadur2.Hadur 3.9	oog.melee.Mercutio 1.0	weak		1	5	1	1	518	77.4	15.3	0.2609	0	0
hadur2.Hadur 3.9	oog.melee.Mercutio 1.0	weak		1	6	1	1	448	80.0	0.0	0.2778	0	0
hadur2.Hadur 3.9	oog.melee.Mercutio 1.0	weak		1	7	1	1	565	71.1	0.0	0.1667	0	0
hadur2.Hadur 3.9	oog.melee.Mercutio 1.0	weak		1	8	1	1	424	78.1	0.0	0.2500	0	0
hadur2.Hadur 3.9	oog.melee.Mercutio 1.0	weak		1	9	1	1	521	68.5	0.0	0.1818	0	0
hadur2.Hadur 3.9	oog.melee.Mercutio 1.0	weak		1	10	1	1	1076	46.4	24.0	0.1449	0	0
hadur2.Hadur 3.9	oog.melee.Mercutio 1.0	weak		1	11	1	1	474	75.4	0.0	0.2632	0	0
hadur2.Hadur 3.9	oog.melee.Mercutio 1.0	weak		1	12	1	1	493	71.6	4.5	0.2000	0	0
hadur2.Hadur 3.9	oog.melee.Mercutio 1.0	weak		1	13	1	1	472	79.6	3.3	0.2105	0	0
hadur2.Hadur 3.9	oog.melee.Mercutio 1.0	weak		1	14	1	1	503	71.1	0.0	0.1905	0	0
hadur2.Hadur 3.9	oog.melee.Mercutio 1.0	weak		1	15	1	1	744	68.1	22.2	0.1081	0	0
hadur2.Hadur 3.9	oog.melee.Mercutio 1.0	weak		1	16	1	1	501	74.0	0.0	0.2857	0	0
hadur2.Hadur 3.9	oog.melee.Mercutio 1.0	weak		1	17	1	1	656	64.5	0.0	0.1818	0	0
hadur2.Hadur 3.9	oog.melee.Mercutio 1.0	weak		1	18	1	1	644	65.5	3.9	0.1333	0	0
hadur2.Hadur 3.9	oog.melee.Mercutio 1.0	weak		1	19	1	1	398	79.0	4.1	0.2857	0	0
hadur2.Hadur 3.9	oog.melee.Mercutio 1.0	weak		1	20	1	1	318	81.2	0.0	0.5556	0	0
hadur2.Hadur 3.9	oog.melee.Mercutio 1.0	weak		1	21	1	1	481	66.8	10.3	0.2105	0	0
hadur2.Hadur 3.9	oog.melee.Mercutio 1.0	weak		1	22	1	1	522	72.2	9.3	0.1818	0	0
hadur2.Hadur 3.9	oog.melee.Mercutio 1.0	weak		1	23	1	1	484	77.1	3.6	0.2105	0	0
hadur2.Hadur 3.9	oog.melee.Mercutio 1.0	weak		1	24	1	1	612	62.8	0.0	0.1111	0	0
hadur2.Hadur 3.9	oog.melee.Mercutio 1.0	weak		1	25	1	1	387	83.6	4.4	0.3571	0	0
hadur2.Hadur 3.9	oog.melee.Mercutio 1.0	weak		1	26	1	1	513	80.0	8.1	0.2273	0	0
hadur2.Hadur 3.9	oog.melee.Mercutio 1.0	weak		1	27	1	1	465	71.1	0.0	0.2222	0	0
hadur2.Hadur 3.9	oog.melee.Mercutio 1.0	weak		1	28	1	1	489	77.7	4.3	0.2000	0	0
hadur2.Hadur 3.9	oog.melee.Mercutio 1.0	weak		1	29	1	1	435	80.0	4.1	0.2941	0	0
hadur2.Hadur 3.9	oog.melee.Mercutio 1.0	weak		1	30	1	1	478	70.2	0.0	0.2000	0	0
hadur2.Hadur 3.9	oog.melee.Mercutio 1.0	weak		1	31	1	1	553	66.6	0.0	0.1667	0	0
hadur2.Hadur 3.9	oog.melee.Mercutio 1.0	weak		1	32	1	1	511	74.8	3.6	0.1905	0	0
hadur2.Hadur 3.9	oog.melee.Mercutio 1.0	weak		1	33	1	1	540	81.9	7.4	0.2400	0	0
hadur2.Hadur 3.9	oog.melee.Mercutio 1.0	weak		1	34	1	1	598	70.1	5.6	0.1481	0	6
hadur2.Hadur 3.9	oog.melee.Mercutio 1.0	weak		2	0	1	1	745	76.6	34.7	0.1707	0	5
hadur2.Hadur 3.9	oog.melee.Mercutio 1.0	weak		2	1	1	1	612	70.2	9.3	0.2258	0	0
hadur2.Hadur 3.9	oog.melee.Mercutio 1.0	weak		2	2	1	1	1053	58.8	9.7	0.1270	0	0
hadur2.Hadur 3.9	oog.melee.Mercutio 1.0	weak		2	3	1	1	762	58.2	4.3	0.1429	0	0
hadur2.Hadur 3.9	oog.melee.Mercutio 1.0	weak		2	4	1	1	761	67.0	7.2	0.1429	0	0
hadur2.Hadur 3.9	oog.melee.Mercutio 1.0	weak		2	5	1	1	668	72.2	8.1	0.1765	0	0
hadur2.Hadur 3.9	oog.melee.Mercutio 1.0	weak		2	6	1	1	594	80.5	6.9	0.2500	0	0
hadur2.Hadur 3.9	oog.melee.Mercutio 1.0	weak		2	7	1	1	610	72.1	8.0	0.1429	0	0
hadur2.Hadur 3.9	oog.melee.Mercutio 1.0	weak		2	8	1	1	518	84.5	8.3	0.2273	0	0
hadur2.Hadur 3.9	oog.melee.Mercutio 1.0	weak		2	9	1	1	641	66.2	4.2	0.1333	0	0
hadur2.Hadur 3.9	oog.melee.Mercutio 1.0	weak		2	10	1	1	622	71.2	2.9	0.2000	0	0
hadur2.Hadur 3.9	oog.melee.Mercutio 1.0	weak		2	11	1	1	700	61.1	3.2	0.1389	0	0
hadur2.Hadur 3.9	oog.melee.Mercutio 1.0	weak		2	12	1	1	708	73.7	21.6	0.1622	0	0
hadur2.Hadur 3.9	oog.melee.Mercutio 1.0	weak		2	13	1	1	405	82.4	0.0	0.4000	0	0
hadur2.Hadur 3.9	oog.melee.Mercutio 1.0	weak		2	14	1	1	730	67.9	11.0	0.1892	0	0
hadur2.Hadur 3.9	oog.melee.Mercutio 1.0	weak		2	15	1	1	702	68.3	3.2	0.1212	0	0
hadur2.Hadur 3.9	oog.melee.Mercutio 1.0	weak		2	16	1	1	615	67.4	3.8	0.1724	0	0
hadur2.Hadur 3.9	oog.melee.Mercutio 1.0	weak		2	17	1	1	534	67.4	0.0	0.2174	0	0
hadur2.Hadur 3.9	oog.melee.Mercutio 1.0	weak		2	18	1	1	537	78.0	4.8	0.2174	0	0
hadur2.Hadur 3.9	oog.melee.Mercutio 1.0	weak		2	19	1	1	771	58.3	5.8	0.1250	0	0
hadur2.Hadur 3.9	oog.melee.Mercutio 1.0	weak		2	20	1	1	378	79.8	0.0	0.3077	0	0
hadur2.Hadur 3.9	oog.melee.Mercutio 1.0	weak		2	21	1	1	531	65.6	0.0	0.1818	0	0
hadur2.Hadur 3.9	oog.melee.Mercutio 1.0	weak		2	22	1	1	672	67.4	6.8	0.1515	0	0
hadur2.Hadur 3.9	oog.melee.Mercutio 1.0	weak		2	23	1	1	557	64.0	0.0	0.1600	0	0
hadur2.Hadur 3.9	oog.melee.Mercutio 1.0	weak		2	24	1	1	734	63.7	7.3	0.1795	0	0
hadur2.Hadur 3.9	oog.melee.Mercutio 1.0	weak		2	25	1	1	858	42.7	5.1	0.1458	0	0
hadur2.Hadur 3.9	oog.melee.Mercutio 1.0	weak		2	26	1	1	459	73.3	0.0	0.2632	0	0
hadur2.Hadur 3.9	oog.melee.Mercutio 1.0	weak		2	27	1	1	445	80.0	4.1	0.2941	0	0
hadur2.Hadur 3.9	oog.melee.Mercutio 1.0	weak		2	28	1	1	435	75.8	5.5	0.2500	0	0
hadur2.Hadur 3.9	oog.melee.Mercutio 1.0	weak		2	29	1	1	493	77.8	0.0	0.2000	0	0
hadur2.Hadur 3.9	oog.melee.Mercutio 1.0	weak		2	30	1	1	535	77.5	7.6	0.1818	0	0
hadur2.Hadur 3.9	oog.melee.Mercutio 1.0	weak		2	31	1	1	548	74.0	6.8	0.1739	0	0
hadur2.Hadur 3.9	oog.melee.Mercutio 1.0	weak		2	32	1	1	387	80.7	0.0	0.3571	0	0
hadur2.Hadur 3.9	oog.melee.Mercutio 1.0	weak		2	33	1	1	404	81.7	5.2	0.3571	0	0
hadur2.Hadur 3.9	oog.melee.Mercutio 1.0	weak		2	34	1	1	423	77.0	0.0	0.2500	0	5
hadur2.Hadur 3.9	oog.melee.Mercutio 1.0	weak		3	0	1	1	765	59.8	12.9	0.1628	0	4
hadur2.Hadur 3.9	oog.melee.Mercutio 1.0	weak		3	1	1	1	768	71.5	11.2	0.1818	0	0
hadur2.Hadur 3.9	oog.melee.Mercutio 1.0	weak		3	2	1	1	422	87.2	10.4	0.3125	0	0
hadur2.Hadur 3.9	oog.melee.Mercutio 1.0	weak		3	3	1	1	555	67.7	4.0	0.1667	0	0
hadur2.Hadur 3.9	oog.melee.Mercutio 1.0	weak		3	4	1	1	707	60.9	3.9	0.1429	0	0
hadur2.Hadur 3.9	oog.melee.Mercutio 1.0	weak		3	5	1	1	708	67.7	14.7	0.1667	0	0
hadur2.Hadur 3.9	oog.melee.Mercutio 1.0	weak		3	6	1	1	633	66.3	5.0	0.1935	0	0
hadur2.Hadur 3.9	oog.melee.Mercutio 1.0	weak		3	7	1	1	600	73.4	17.3	0.2143	0	0
hadur2.Hadur 3.9	oog.melee.Mercutio 1.0	weak		3	8	1	1	492	68.5	0.0	0.1905	0	0
hadur2.Hadur 3.9	oog.melee.Mercutio 1.0	weak		3	9	1	1	457	84.2	8.1	0.2778	0	0
hadur2.Hadur 3.9	oog.melee.Mercutio 1.0	weak		3	10	1	1	419	76.2	0.0	0.2667	0	0
hadur2.Hadur 3.9	oog.melee.Mercutio 1.0	weak		3	11	1	1	434	80.0	2.8	0.2941	0	0
hadur2.Hadur 3.9	oog.melee.Mercutio 1.0	weak		3	12	1	1	421	78.7	0.0	0.2667	0	0
hadur2.Hadur 3.9	oog.melee.Mercutio 1.0	weak		3	13	1	1	395	80.0	0.0	0.3571	0	0
hadur2.Hadur 3.9	oog.melee.Mercutio 1.0	weak		3	14	1	1	666	62.7	0.0	0.1000	0	0
hadur2.Hadur 3.9	oog.melee.Mercutio 1.0	weak		3	15	1	1	631	68.5	9.3	0.1429	0	0
hadur2.Hadur 3.9	oog.melee.Mercutio 1.0	weak		3	16	1	1	548	77.4	16.0	0.2500	0	0
hadur2.Hadur 3.9	oog.melee.Mercutio 1.0	weak		3	17	1	1	452	75.7	0.0	0.2778	0	0
hadur2.Hadur 3.9	oog.melee.Mercutio 1.0	weak		3	18	1	1	504	83.9	13.2	0.2381	0	0
hadur2.Hadur 3.9	oog.melee.Mercutio 1.0	weak		3	19	1	1	659	58.8	0.0	0.1000	0	0
hadur2.Hadur 3.9	oog.melee.Mercutio 1.0	weak		3	20	1	1	460	73.5	0.0	0.2222	0	0
hadur2.Hadur 3.9	oog.melee.Mercutio 1.0	weak		3	21	1	1	609	69.2	0.0	0.1724	0	0
hadur2.Hadur 3.9	oog.melee.Mercutio 1.0	weak		3	22	1	1	521	76.1	0.0	0.2174	0	0
hadur2.Hadur 3.9	oog.melee.Mercutio 1.0	weak		3	23	1	1	388	80.0	0.0	0.3571	0	0
hadur2.Hadur 3.9	oog.melee.Mercutio 1.0	weak		3	24	1	1	616	66.4	0.0	0.1379	0	0
hadur2.Hadur 3.9	oog.melee.Mercutio 1.0	weak		3	25	1	1	500	70.2	0.0	0.1905	0	0
hadur2.Hadur 3.9	oog.melee.Mercutio 1.0	weak		3	26	1	1	434	72.0	0.0	0.2500	0	0
hadur2.Hadur 3.9	oog.melee.Mercutio 1.0	weak		3	27	1	1	410	79.1	3.5	0.2667	0	0
hadur2.Hadur 3.9	oog.melee.Mercutio 1.0	weak		3	28	1	1	452	80.0	0.0	0.2778	0	0
hadur2.Hadur 3.9	oog.melee.Mercutio 1.0	weak		3	29	1	1	428	73.7	4.4	0.2500	0	0
hadur2.Hadur 3.9	oog.melee.Mercutio 1.0	weak		3	30	1	1	485	75.1	0.0	0.2105	0	0
hadur2.Hadur 3.9	oog.melee.Mercutio 1.0	weak		3	31	1	1	488	67.3	0.0	0.2000	0	0
hadur2.Hadur 3.9	oog.melee.Mercutio 1.0	weak		3	32	1	1	398	82.3	5.5	0.3571	0	0
hadur2.Hadur 3.9	oog.melee.Mercutio 1.0	weak		3	33	1	1	494	66.7	0.0	0.2000	0	0
hadur2.Hadur 3.9	oog.melee.Mercutio 1.0	weak		3	34	1	1	450	80.0	0.0	0.2778	0	7
hadur2.Hadur 3.9	oog.melee.Mercutio 1.0	weak		4	0	1	1	897	49.8	20.2	0.1132	0	6
hadur2.Hadur 3.9	oog.melee.Mercutio 1.0	weak		4	1	1	1	599	67.8	6.8	0.2000	0	0
hadur2.Hadur 3.9	oog.melee.Mercutio 1.0	weak		4	2	1	1	604	64.8	0.0	0.1786	0	0
hadur2.Hadur 3.9	oog.melee.Mercutio 1.0	weak		4	3	1	1	513	77.6	2.8	0.2727	0	0
hadur2.Hadur 3.9	oog.melee.Mercutio 1.0	weak		4	4	1	1	644	76.2	8.1	0.1379	0	0
hadur2.Hadur 3.9	oog.melee.Mercutio 1.0	weak		4	5	1	1	593	71.6	3.7	0.1852	0	0
hadur2.Hadur 3.9	oog.melee.Mercutio 1.0	weak		4	6	1	1	506	79.0	4.4	0.1905	0	0
hadur2.Hadur 3.9	oog.melee.Mercutio 1.0	weak		4	7	1	1	598	73.7	20.7	0.1786	0	0
hadur2.Hadur 3.9	oog.melee.Mercutio 1.0	weak		4	8	1	1	553	64.0	3.0	0.1739	0	0
hadur2.Hadur 3.9	oog.melee.Mercutio 1.0	weak		4	9	1	1	515	80.0	6.9	0.2273	0	0
hadur2.Hadur 3.9	oog.melee.Mercutio 1.0	weak		4	10	1	1	475	77.4	4.5	0.2105	0	0
hadur2.Hadur 3.9	oog.melee.Mercutio 1.0	weak		4	11	1	1	538	80.0	10.0	0.2000	0	0
hadur2.Hadur 3.9	oog.melee.Mercutio 1.0	weak		4	12	1	1	417	76.7	0.0	0.2667	0	0
hadur2.Hadur 3.9	oog.melee.Mercutio 1.0	weak		4	13	1	1	454	74.7	3.7	0.2353	0	0
hadur2.Hadur 3.9	oog.melee.Mercutio 1.0	weak		4	14	1	1	627	63.9	6.4	0.1071	0	0
hadur2.Hadur 3.9	oog.melee.Mercutio 1.0	weak		4	15	1	1	393	86.2	12.0	0.3571	0	0
hadur2.Hadur 3.9	oog.melee.Mercutio 1.0	weak		4	16	1	1	843	51.1	3.6	0.1667	0	0
hadur2.Hadur 3.9	oog.melee.Mercutio 1.0	weak		4	17	1	1	392	81.4	0.0	0.3571	0	0
hadur2.Hadur 3.9	oog.melee.Mercutio 1.0	weak		4	18	1	1	493	69.0	0.0	0.2000	0	0
hadur2.Hadur 3.9	oog.melee.Mercutio 1.0	weak		4	19	1	1	440	78.6	10.1	0.2500	0	0
hadur2.Hadur 3.9	oog.melee.Mercutio 1.0	weak		4	20	1	1	484	80.0	3.3	0.2500	0	0
hadur2.Hadur 3.9	oog.melee.Mercutio 1.0	weak		4	21	1	1	349	83.3	0.0	0.4545	0	0
hadur2.Hadur 3.9	oog.melee.Mercutio 1.0	weak		4	22	1	1	661	63.9	3.6	0.1000	0	0
hadur2.Hadur 3.9	oog.melee.Mercutio 1.0	weak		4	23	1	1	669	70.5	6.4	0.1290	0	0
hadur2.Hadur 3.9	oog.melee.Mercutio 1.0	weak		4	24	1	1	871	53.1	24.5	0.1429	0	0
hadur2.Hadur 3.9	oog.melee.Mercutio 1.0	weak		4	25	1	1	590	62.0	0.0	0.2000	0	0
hadur2.Hadur 3.9	oog.melee.Mercutio 1.0	weak		4	26	1	1	564	69.7	0.0	0.2222	0	0
hadur2.Hadur 3.9	oog.melee.Mercutio 1.0	weak		4	27	1	1	762	69.9	19.0	0.1316	0	1
hadur2.Hadur 3.9	oog.melee.Mercutio 1.0	weak		4	28	1	1	647	64.1	4.1	0.1563	0	0
hadur2.Hadur 3.9	oog.melee.Mercutio 1.0	weak		4	29	1	1	668	64.5	22.5	0.1714	0	0
hadur2.Hadur 3.9	oog.melee.Mercutio 1.0	weak		4	30	1	1	472	73.7	0.0	0.2381	0	0
hadur2.Hadur 3.9	oog.melee.Mercutio 1.0	weak		4	31	1	1	576	66.2	5.3	0.1600	0	0
hadur2.Hadur 3.9	oog.melee.Mercutio 1.0	weak		4	32	1	1	620	67.4	0.0	0.1724	0	0
hadur2.Hadur 3.9	oog.melee.Mercutio 1.0	weak		4	33	1	1	670	56.5	0.0	0.1765	0	0
hadur2.Hadur 3.9	oog.melee.Mercutio 1.0	weak		4	34	1	1	482	79.7	0.0	0.2105	0	5
hadur2.Hadur 3.9	pac.ABC 2.1	weak		1	0	1	1	537	96.4	0.0	0.3462	0	6
hadur2.Hadur 3.9	pac.ABC 2.1	weak		1	1	1	1	520	95.7	0.0	0.3600	0	0
hadur2.Hadur 3.9	pac.ABC 2.1	weak		1	2	1	1	596	92.8	0.0	0.3000	0	0
hadur2.Hadur 3.9	pac.ABC 2.1	weak		1	3	1	1	501	98.2	0.0	0.4167	0	0
hadur2.Hadur 3.9	pac.ABC 2.1	weak		1	4	1	1	441	96.4	0.0	0.4737	0	0
hadur2.Hadur 3.9	pac.ABC 2.1	weak		1	5	1	1	490	92.8	0.0	0.3913	0	0
hadur2.Hadur 3.9	pac.ABC 2.1	weak		1	6	1	1	586	92.8	0.0	0.3103	0	0
hadur2.Hadur 3.9	pac.ABC 2.1	weak		1	7	1	1	452	100.0	0.0	0.4500	0	0
hadur2.Hadur 3.9	pac.ABC 2.1	weak		1	8	1	1	360	96.4	0.0	0.6923	0	0
hadur2.Hadur 3.9	pac.ABC 2.1	weak		1	9	1	1	510	94.6	0.0	0.3750	0	0
hadur2.Hadur 3.9	pac.ABC 2.1	weak		1	10	1	1	263	96.0	48.0	0.8333	0	0
hadur2.Hadur 3.9	pac.ABC 2.1	weak		1	11	1	1	400	101.1	8.8	0.5625	0	0
hadur2.Hadur 3.9	pac.ABC 2.1	weak		1	12	1	1	511	96.4	0.0	0.3750	0	0
hadur2.Hadur 3.9	pac.ABC 2.1	weak		1	13	1	1	419	98.2	0.0	0.5556	0	0
hadur2.Hadur 3.9	pac.ABC 2.1	weak		1	14	1	1	465	95.7	0.0	0.4286	0	0
hadur2.Hadur 3.9	pac.ABC 2.1	weak		1	15	1	1	523	92.8	0.0	0.3600	0	0
hadur2.Hadur 3.9	pac.ABC 2.1	weak		1	16	1	1	459	93.2	0.0	0.3158	0	0
hadur2.Hadur 3.9	pac.ABC 2.1	weak		1	17	1	1	398	96.4	0.0	0.4286	0	0
hadur2.Hadur 3.9	pac.ABC 2.1	weak		1	18	1	1	356	98.2	0.0	0.5000	0	0
hadur2.Hadur 3.9	pac.ABC 2.1	weak		1	19	1	1	506	88.9	0.0	0.2381	0	0
hadur2.Hadur 3.9	pac.ABC 2.1	weak		1	20	1	1	422	95.7	0.0	0.3125	0	0
hadur2.Hadur 3.9	pac.ABC 2.1	weak		1	21	1	1	350	96.4	0.0	0.5000	0	0
hadur2.Hadur 3.9	pac.ABC 2.1	weak		1	22	1	1	499	90.3	0.0	0.2500	0	0
hadur2.Hadur 3.9	pac.ABC 2.1	weak		1	23	1	1	327	94.6	0.0	0.5000	0	0
hadur2.Hadur 3.9	pac.ABC 2.1	weak		1	24	1	1	368	98.2	0.0	0.4615	0	0
hadur2.Hadur 3.9	pac.ABC 2.1	weak		1	25	1	1	368	98.2	0.0	0.5000	0	0
hadur2.Hadur 3.9	pac.ABC 2.1	weak		1	26	1	1	447	98.2	0.0	0.3333	0	0
hadur2.Hadur 3.9	pac.ABC 2.1	weak		1	27	1	1	487	96.4	0.0	0.3000	0	0
hadur2.Hadur 3.9	pac.ABC 2.1	weak		1	28	1	1	369	97.5	0.0	0.5000	0	0
hadur2.Hadur 3.9	pac.ABC 2.1	weak		1	29	1	1	528	101.4	13.0	0.2609	0	0
hadur2.Hadur 3.9	pac.ABC 2.1	weak		1	30	1	1	449	98.2	0.0	0.3333	0	0
hadur2.Hadur 3.9	pac.ABC 2.1	weak		1	31	1	1	526	94.6	0.0	0.2273	0	0
hadur2.Hadur 3.9	pac.ABC 2.1	weak		1	32	1	1	497	97.5	0.0	0.2857	0	0
hadur2.Hadur 3.9	pac.ABC 2.1	weak		1	33	1	1	365	100.0	0.0	0.5000	0	0
hadur2.Hadur 3.9	pac.ABC 2.1	weak		1	34	1	1	504	100.0	8.8	0.2857	0	5
hadur2.Hadur 3.9	pac.ABC 2.1	weak		2	0	1	1	455	98.2	0.0	0.5000	0	6
hadur2.Hadur 3.9	pac.ABC 2.1	weak		2	1	1	1	549	96.4	0.0	0.3333	0	0
hadur2.Hadur 3.9	pac.ABC 2.1	weak		2	2	1	1	507	97.5	0.0	0.4167	0	0
hadur2.Hadur 3.9	pac.ABC 2.1	weak		2	3	1	1	547	96.4	8.8	0.3704	0	0
hadur2.Hadur 3.9	pac.ABC 2.1	weak		2	4	1	1	619	87.4	17.6	0.2813	0	0
hadur2.Hadur 3.9	pac.ABC 2.1	weak		2	5	1	1	554	94.6	0.0	0.3333	0	0
hadur2.Hadur 3.9	pac.ABC 2.1	weak		2	6	1	1	636	94.6	0.0	0.2727	0	0
hadur2.Hadur 3.9	pac.ABC 2.1	weak		2	7	1	1	577	91.0	0.0	0.3103	0	0
hadur2.Hadur 3.9	pac.ABC 2.1	weak		2	8	1	1	573	94.6	0.0	0.3214	0	0
hadur2.Hadur 3.9	pac.ABC 2.1	weak		2	9	1	1	534	96.4	0.0	0.3462	0	0
hadur2.Hadur 3.9	pac.ABC 2.1	weak		2	10	1	1	428	96.4	0.0	0.5000	0	0
hadur2.Hadur 3.9	pac.ABC 2.1	weak		2	11	1	1	368	98.2	0.0	0.7143	0	0
hadur2.Hadur 3.9	pac.ABC 2.1	weak		2	12	1	1	396	98.2	0.0	0.6250	0	0
hadur2.Hadur 3.9	pac.ABC 2.1	weak		2	13	1	1	580	92.8	0.0	0.3103	0	1
hadur2.Hadur 3.9	pac.ABC 2.1	weak		2	14	1	1	423	91.0	0.0	0.3750	0	0
hadur2.Hadur 3.9	pac.ABC 2.1	weak		2	15	1	1	366	98.2	0.0	0.4615	0	0
hadur2.Hadur 3.9	pac.ABC 2.1	weak		2	16	1	1	382	96.4	0.0	0.4615	0	0
hadur2.Hadur 3.9	pac.ABC 2.1	weak		2	17	1	1	392	96.4	0.0	0.4286	0	0
hadur2.Hadur 3.9	pac.ABC 2.1	weak		2	18	1	1	490	91.0	0.0	0.2500	0	0
hadur2.Hadur 3.9	pac.ABC 2.1	weak		2	19	1	1	369	98.2	0.0	0.5000	0	0
hadur2.Hadur 3.9	pac.ABC 2.1	weak		2	20	1	1	391	93.9	0.0	0.3571	0	0
hadur2.Hadur 3.9	pac.ABC 2.1	weak		2	21	1	1	445	96.4	0.0	0.3529	0	0
hadur2.Hadur 3.9	pac.ABC 2.1	weak		2	22	1	1	341	94.6	0.0	0.5000	0	0
hadur2.Hadur 3.9	pac.ABC 2.1	weak		2	23	1	1	410	100.0	0.0	0.4000	0	0
hadur2.Hadur 3.9	pac.ABC 2.1	weak		2	24	1	1	425	94.6	0.0	0.3125	0	0
hadur2.Hadur 3.9	pac.ABC 2.1	weak		2	25	1	1	495	95.7	8.8	0.2500	0	0
hadur2.Hadur 3.9	pac.ABC 2.1	weak		2	26	1	1	400	94.6	0.0	0.3571	0	0
hadur2.Hadur 3.9	pac.ABC 2.1	weak		2	27	1	1	536	87.4	0.0	0.2174	0	0
hadur2.Hadur 3.9	pac.ABC 2.1	weak		2	28	1	1	468	98.2	0.0	0.3158	0	0
hadur2.Hadur 3.9	pac.ABC 2.1	weak		2	29	1	1	421	93.9	0.0	0.3333	0	0
hadur2.Hadur 3.9	pac.ABC 2.1	weak		2	30	1	1	462	98.2	0.0	0.3333	0	0
hadur2.Hadur 3.9	pac.ABC 2.1	weak		2	31	1	1	376	96.4	0.0	0.4615	0	0
hadur2.Hadur 3.9	pac.ABC 2.1	weak		2	32	1	1	358	97.5	0.0	0.5000	0	0
hadur2.Hadur 3.9	pac.ABC 2.1	weak		2	33	1	1	429	92.8	0.0	0.3125	0	0
hadur2.Hadur 3.9	pac.ABC 2.1	weak		2	34	1	1	448	95.7	0.0	0.2941	0	4
hadur2.Hadur 3.9	pac.ABC 2.1	weak		3	0	1	1	568	94.6	0.0	0.3214	0	5
hadur2.Hadur 3.9	pac.ABC 2.1	weak		3	1	1	1	552	98.2	0.0	0.3704	0	0
hadur2.Hadur 3.9	pac.ABC 2.1	weak		3	2	1	1	463	98.2	0.0	0.4762	0	0
hadur2.Hadur 3.9	pac.ABC 2.1	weak		3	3	1	1	613	94.6	0.0	0.2903	0	0
hadur2.Hadur 3.9	pac.ABC 2.1	weak		3	4	1	1	541	94.6	0.0	0.3462	0	0
hadur2.Hadur 3.9	pac.ABC 2.1	weak		3	5	1	1	576	87.3	0.0	0.3103	0	0
hadur2.Hadur 3.9	pac.ABC 2.1	weak		3	6	1	1	451	100.0	0.0	0.4500	0	0
hadur2.Hadur 3.9	pac.ABC 2.1	weak		3	7	1	1	554	98.2	0.0	0.3571	0	0
hadur2.Hadur 3.9	pac.ABC 2.1	weak		3	8	1	1	453	94.6	0.0	0.4500	0	0
hadur2.Hadur 3.9	pac.ABC 2.1	weak		3	9	1	1	382	96.4	0.0	0.5000	0	0
hadur2.Hadur 3.9	pac.ABC 2.1	weak		3	10	1	1	426	96.4	0.0	0.3529	0	0
hadur2.Hadur 3.9	pac.ABC 2.1	weak		3	11	1	1	465	98.2	0.0	0.3158	0	0
hadur2.Hadur 3.9	pac.ABC 2.1	weak		3	12	1	1	409	102.5	13.0	0.5000	0	0
hadur2.Hadur 3.9	pac.ABC 2.1	weak		3	13	1	1	445	94.6	0.0	0.2941	0	0
hadur2.Hadur 3.9	pac.ABC 2.1	weak		3	14	1	1	427	91.0	0.0	0.3125	0	0
hadur2.Hadur 3.9	pac.ABC 2.1	weak		3	15	1	1	346	97.5	8.8	0.5455	0	0
hadur2.Hadur 3.9	pac.ABC 2.1	weak		3	16	1	1	349	96.4	0.0	0.5455	0	0
hadur2.Hadur 3.9	pac.ABC 2.1	weak		3	17	1	1	394	96.4	0.0	0.4286	0	0
hadur2.Hadur 3.9	pac.ABC 2.1	weak		3	18	1	1	529	91.0	0.0	0.2273	0	0
hadur2.Hadur 3.9	pac.ABC 2.1	weak		3	19	1	1	349	97.5	0.0	0.5455	0	0
hadur2.Hadur 3.9	pac.ABC 2.1	weak		3	20	1	1	340	98.2	0.0	0.6000	0	0
hadur2.Hadur 3.9	pac.ABC 2.1	weak		3	21	1	1	477	91.0	0.0	0.2632	0	0
hadur2.Hadur 3.9	pac.ABC 2.1	weak		3	22	1	1	348	96.4	0.0	0.5000	0	0
hadur2.Hadur 3.9	pac.ABC 2.1	weak		3	23	1	1	334	97.5	0.0	0.6000	0	0
hadur2.Hadur 3.9	pac.ABC 2.1	weak		3	24	1	1	524	96.4	0.0	0.2727	0	0
hadur2.Hadur 3.9	pac.ABC 2.1	weak		3	25	1	1	400	94.6	0.0	0.3571	0	0
hadur2.Hadur 3.9	pac.ABC 2.1	weak		3	26	1	1	397	96.4	0.0	0.4286	0	0
hadur2.Hadur 3.9	pac.ABC 2.1	weak		3	27	1	1	375	91.0	0.0	0.3846	0	0
hadur2.Hadur 3.9	pac.ABC 2.1	weak		3	28	1	1	412	93.2	0.0	0.3333	0	0
hadur2.Hadur 3.9	pac.ABC 2.1	weak		3	29	1	1	441	98.2	0.0	0.3529	0	0
hadur2.Hadur 3.9	pac.ABC 2.1	weak		3	30	1	1	363	93.9	0.0	0.4167	0	0
hadur2.Hadur 3.9	pac.ABC 2.1	weak		3	31	1	1	402	91.0	0.0	0.3571	0	0
hadur2.Hadur 3.9	pac.ABC 2.1	weak		3	32	1	1	366	97.5	0.0	0.5000	0	0
hadur2.Hadur 3.9	pac.ABC 2.1	weak		3	33	1	1	399	98.2	0.0	0.4000	0	0
hadur2.Hadur 3.9	pac.ABC 2.1	weak		3	34	1	1	311	97.5	0.0	0.6667	0	6
hadur2.Hadur 3.9	pac.ABC 2.1	weak		4	0	1	1	655	94.6	0.0	0.2647	0	5
hadur2.Hadur 3.9	pac.ABC 2.1	weak		4	1	1	1	584	92.8	0.0	0.3000	0	0
hadur2.Hadur 3.9	pac.ABC 2.1	weak		4	2	1	1	691	89.2	0.0	0.2432	0	0
hadur2.Hadur 3.9	pac.ABC 2.1	weak		4	3	1	1	488	98.2	0.0	0.4348	0	0
hadur2.Hadur 3.9	pac.ABC 2.1	weak		4	4	1	1	430	96.4	0.0	0.5000	0	0
hadur2.Hadur 3.9	pac.ABC 2.1	weak		4	5	1	1	565	96.4	0.0	0.3214	0	0
hadur2.Hadur 3.9	pac.ABC 2.1	weak		4	6	1	1	645	94.6	0.0	0.2647	0	0
hadur2.Hadur 3.9	pac.ABC 2.1	weak		4	7	1	1	396	93.9	13.0	0.5625	0	0
hadur2.Hadur 3.9	pac.ABC 2.1	weak		4	8	1	1	439	98.2	0.0	0.5263	0	0
hadur2.Hadur 3.9	pac.ABC 2.1	weak		4	9	1	1	424	97.0	0.0	0.5556	0	0
hadur2.Hadur 3.9	pac.ABC 2.1	weak		4	10	1	1	491	86.7	0.0	0.3636	0	0
hadur2.Hadur 3.9	pac.ABC 2.1	weak		4	11	1	1	421	96.0	0.0	0.3750	0	0
hadur2.Hadur 3.9	pac.ABC 2.1	weak		4	12	1	1	467	94.6	0.0	0.2778	0	0
hadur2.Hadur 3.9	pac.ABC 2.1	weak		4	13	1	1	327	95.7	0.0	0.5000	0	0
hadur2.Hadur 3.9	pac.ABC 2.1	weak		4	14	1	1	403	92.8	0.0	0.3571	0	0
hadur2.Hadur 3.9	pac.ABC 2.1	weak		4	15	1	1	331	94.6	0.0	0.5000	0	0
hadur2.Hadur 3.9	pac.ABC 2.1	weak		4	16	1	1	453	86.0	0.0	0.2778	0	0
hadur2.Hadur 3.9	pac.ABC 2.1	weak		4	17	1	1	457	96.4	0.0	0.3333	0	0
hadur2.Hadur 3.9	pac.ABC 2.1	weak		4	18	1	1	354	96.4	0.0	0.5000	0	0
hadur2.Hadur 3.9	pac.ABC 2.1	weak		4	19	1	1	512	92.8	8.8	0.2381	0	0
hadur2.Hadur 3.9	pac.ABC 2.1	weak		4	20	1	1	428	88.9	0.0	0.3125	0	0
hadur2.Hadur 3.9	pac.ABC 2.1	weak		4	21	1	1	517	94.6	0.0	0.2381	0	0
hadur2.Hadur 3.9	pac.ABC 2.1	weak		4	22	1	1	285	97.5	0.0	0.8571	0	0
hadur2.Hadur 3.9	pac.ABC 2.1	weak		4	23	1	1	452	94.6	0.0	0.2941	0	0
hadur2.Hadur 3.9	pac.ABC 2.1	weak		4	24	1	1	359	93.2	0.0	0.4167	0	0
hadur2.Hadur 3.9	pac.ABC 2.1	weak		4	25	1	1	329	95.7	0.0	0.5000	0	0
hadur2.Hadur 3.9	pac.ABC 2.1	weak		4	26	1	1	415	91.0	0.0	0.3333	0	0
hadur2.Hadur 3.9	pac.ABC 2.1	weak		4	27	1	1	320	100.0	0.0	0.6667	0	0
hadur2.Hadur 3.9	pac.ABC 2.1	weak		4	28	1	1	423	93.2	0.0	0.3125	0	0
hadur2.Hadur 3.9	pac.ABC 2.1	weak		4	29	1	1	412	96.4	0.0	0.4000	0	0
hadur2.Hadur 3.9	pac.ABC 2.1	weak		4	30	1	1	363	98.2	0.0	0.5000	0	0
hadur2.Hadur 3.9	pac.ABC 2.1	weak		4	31	1	1	338	96.4	0.0	0.5455	0	0
hadur2.Hadur 3.9	pac.ABC 2.1	weak		4	32	1	1	435	96.4	0.0	0.3529	0	0
hadur2.Hadur 3.9	pac.ABC 2.1	weak		4	33	1	1	364	92.8	0.0	0.4167	0	0
hadur2.Hadur 3.9	pac.ABC 2.1	weak		4	34	1	1	512	92.1	0.0	0.2381	0	6
hadur2.Hadur 3.9	ratosh.Wesco 1.4	weak		1	0	1	1	618	38.9	0.0	0.1176	0	6
hadur2.Hadur 3.9	ratosh.Wesco 1.4	weak		1	1	1	1	616	23.7	0.0	0.0645	0	0
hadur2.Hadur 3.9	ratosh.Wesco 1.4	weak		1	2	1	1	585	32.0	0.0	0.1034	0	0
hadur2.Hadur 3.9	ratosh.Wesco 1.4	weak		1	3	1	1	542	34.9	0.0	0.1154	0	0
hadur2.Hadur 3.9	ratosh.Wesco 1.4	weak		1	4	1	1	455	51.9	0.0	0.2500	0	0
hadur2.Hadur 3.9	ratosh.Wesco 1.4	weak		1	5	1	1	487	43.0	0.0	0.1500	0	0
hadur2.Hadur 3.9	ratosh.Wesco 1.4	weak		1	6	1	1	391	63.6	0.0	0.3333	0	0
hadur2.Hadur 3.9	ratosh.Wesco 1.4	weak		1	7	1	1	515	50.8	0.0	0.1304	0	0
hadur2.Hadur 3.9	ratosh.Wesco 1.4	weak		1	8	1	1	474	40.5	0.0	0.1053	0	0
hadur2.Hadur 3.9	ratosh.Wesco 1.4	weak		1	9	1	1	620	21.6	0.4	0.0645	0	0
hadur2.Hadur 3.9	ratosh.Wesco 1.4	weak		1	10	1	1	567	26.3	0.0	0.0714	0	0
hadur2.Hadur 3.9	ratosh.Wesco 1.4	weak		1	11	1	1	587	44.4	32.0	0.1379	0	0
hadur2.Hadur 3.9	ratosh.Wesco 1.4	weak		1	12	1	1	617	19.4	0.1	0.0645	0	0
hadur2.Hadur 3.9	ratosh.Wesco 1.4	weak		1	13	1	1	574	32.7	0.0	0.1071	0	0
hadur2.Hadur 3.9	ratosh.Wesco 1.4	weak		1	14	1	1	459	53.0	0.0	0.2500	0	0
hadur2.Hadur 3.9	ratosh.Wesco 1.4	weak		1	15	1	1	461	44.2	0.0	0.2000	0	0
hadur2.Hadur 3.9	ratosh.Wesco 1.4	weak		1	16	1	1	681	21.2	0.0	0.0556	0	0
hadur2.Hadur 3.9	ratosh.Wesco 1.4	weak		1	17	1	1	571	34.5	16.0	0.1071	0	0
hadur2.Hadur 3.9	ratosh.Wesco 1.4	weak		1	18	1	1	642	15.0	0.0	0.0303	0	0
hadur2.Hadur 3.9	ratosh.Wesco 1.4	weak		1	19	1	1	650	41.2	16.0	0.1143	0	0
hadur2.Hadur 3.9	ratosh.Wesco 1.4	weak		1	20	1	1	531	34.9	0.0	0.1200	0	0
hadur2.Hadur 3.9	ratosh.Wesco 1.4	weak		1	21	1	1	538	41.9	0.0	0.1538	0	0
hadur2.Hadur 3.9	ratosh.Wesco 1.4	weak		1	22	1	1	587	30.0	16.0	0.0690	0	0
hadur2.Hadur 3.9	ratosh.Wesco 1.4	weak		1	23	1	1	487	37.8	0.0	0.1429	0	0
hadur2.Hadur 3.9	ratosh.Wesco 1.4	weak		1	24	1	1	548	43.0	16.0	0.1538	0	0
hadur2.Hadur 3.9	ratosh.Wesco 1.4	weak		1	25	1	1	406	66.6	64.0	0.3529	0	0
hadur2.Hadur 3.9	ratosh.Wesco 1.4	weak		1	26	1	1	544	50.3	0.0	0.1200	0	0
hadur2.Hadur 3.9	ratosh.Wesco 1.4	weak		1	27	1	1	574	23.7	0.0	0.0385	0	0
hadur2.Hadur 3.9	ratosh.Wesco 1.4	weak		1	28	1	1	458	58.4	16.0	0.2500	0	0
hadur2.Hadur 3.9	ratosh.Wesco 1.4	weak		1	29	1	1	648	21.2	0.4	0.0588	0	0
hadur2.Hadur 3.9	ratosh.Wesco 1.4	weak		1	30	1	1	548	33.6	0.0	0.1154	0	0
hadur2.Hadur 3.9	ratosh.Wesco 1.4	weak		1	31	1	1	388	68.4	18.9	0.4000	0	0
hadur2.Hadur 3.9	ratosh.Wesco 1.4	weak		1	32	1	1	399	73.0	32.0	0.3333	0	0
hadur2.Hadur 3.9	ratosh.Wesco 1.4	weak		1	33	1	1	419	56.0	10.0	0.2000	0	0
hadur2.Hadur 3.9	ratosh.Wesco 1.4	weak		1	34		0	577	16.4	42.9			0
hadur2.Hadur 3.9	ratosh.Wesco 1.4	weak		2	0	1	1	513	42.3	2.0	0.1667	0	6
hadur2.Hadur 3.9	ratosh.Wesco 1.4	weak		2	1	1	1	471	44.3	0.0	0.1905	0	0
hadur2.Hadur 3.9	ratosh.Wesco 1.4	weak		2	2	1	1	467	44.3	5.1	0.2000	0	0
hadur2.Hadur 3.9	ratosh.Wesco 1.4	weak		2	3	1	1	451	52.6	0.0	0.1765	0	0
hadur2.Hadur 3.9	ratosh.Wesco 1.4	weak		2	4	1	1	597	28.7	0.0	0.0714	0	0
hadur2.Hadur 3.9	ratosh.Wesco 1.4	weak		2	5	1	1	526	36.1	0.0	0.1200	0	0
hadur2.Hadur 3.9	ratosh.Wesco 1.4	weak		2	6	1	1	542	34.9	0.0	0.1154	0	0
hadur2.Hadur 3.9	ratosh.Wesco 1.4	weak		2	7	1	1	547	31.0	0.0	0.0769	0	0
hadur2.Hadur 3.9	ratosh.Wesco 1.4	weak		2	8	1	1	410	52.7	0.0	0.2941	0	0
hadur2.Hadur 3.9	ratosh.Wesco 1.4	weak		2	9	1	1	570	39.9	16.0	0.1429	0	0
hadur2.Hadur 3.9	ratosh.Wesco 1.4	weak		2	10	1	1	414	64.8	16.0	0.3125	0	0
hadur2.Hadur 3.9	ratosh.Wesco 1.4	weak		2	11	1	1	517	39.1	0.0	0.0952	0	0
hadur2.Hadur 3.9	ratosh.Wesco 1.4	weak		2	12	1	1	456	46.8	0.0	0.2000	0	0
hadur2.Hadur 3.9	ratosh.Wesco 1.4	weak		2	13	1	1	531	36.1	0.0	0.0870	0	0
hadur2.Hadur 3.9	ratosh.Wesco 1.4	weak		2	14	1	1	677	21.6	0.0	0.0541	0	0
hadur2.Hadur 3.9	ratosh.Wesco 1.4	weak		2	15	1	1	567	33.2	0.0	0.1071	0	0
hadur2.Hadur 3.9	ratosh.Wesco 1.4	weak		2	16	1	1	579	50.7	16.0	0.1667	0	0
hadur2.Hadur 3.9	ratosh.Wesco 1.4	weak		2	17	1	1	562	33.6	16.0	0.1111	0	0
hadur2.Hadur 3.9	ratosh.Wesco 1.4	weak		2	18	1	1	475	53.9	16.0	0.2500	0	0
hadur2.Hadur 3.9	ratosh.Wesco 1.4	weak		2	19	1	1	561	37.8	16.0	0.1429	0	0
hadur2.Hadur 3.9	ratosh.Wesco 1.4	weak		2	20	1	1	616	32.0	16.0	0.1000	0	0
hadur2.Hadur 3.9	ratosh.Wesco 1.4	weak		2	21	1	1	532	31.5	0.0	0.1200	0	0
hadur2.Hadur 3.9	ratosh.Wesco 1.4	weak		2	22	1	1	492	43.7	0.0	0.1818	0	0
hadur2.Hadur 3.9	ratosh.Wesco 1.4	weak		2	23	1	1	465	45.1	0.4	0.1905	0	1
hadur2.Hadur 3.9	ratosh.Wesco 1.4	weak		2	24	1	1	543	25.5	0.0	0.0769	0	0
hadur2.Hadur 3.9	ratosh.Wesco 1.4	weak		2	25	1	1	345	68.7	0.0	0.4545	0	0
hadur2.Hadur 3.9	ratosh.Wesco 1.4	weak		2	26	1	1	473	49.1	0.4	0.2105	0	0
hadur2.Hadur 3.9	ratosh.Wesco 1.4	weak		2	27	1	1	499	42.3	0.0	0.1429	0	0
hadur2.Hadur 3.9	ratosh.Wesco 1.4	weak		2	28	1	1	416	52.1	0.0	0.2000	0	0
hadur2.Hadur 3.9	ratosh.Wesco 1.4	weak		2	29	1	1	424	53.5	0.0	0.1875	0	0
hadur2.Hadur 3.9	ratosh.Wesco 1.4	weak		2	30	1	1	344	76.0	16.0	0.3636	0	0
hadur2.Hadur 3.9	ratosh.Wesco 1.4	weak		2	31	1	1	593	21.2	0.0	0.0385	0	0
hadur2.Hadur 3.9	ratosh.Wesco 1.4	weak		2	32	1	1	486	42.3	0.0	0.1429	0	0
hadur2.Hadur 3.9	ratosh.Wesco 1.4	weak		2	33	1	1	405	66.0	16.0	0.3333	0	0
hadur2.Hadur 3.9	ratosh.Wesco 1.4	weak		2	34	1	1	595	28.6	0.0	0.0690	0	6
hadur2.Hadur 3.9	ratosh.Wesco 1.4	weak		3	0	1	1	626	31.6	0.0	0.0909	0	5
hadur2.Hadur 3.9	ratosh.Wesco 1.4	weak		3	1	1	1	483	51.3	0.0	0.2273	0	0
hadur2.Hadur 3.9	ratosh.Wesco 1.4	weak		3	2	1	1	529	33.4	0.0	0.1250	0	0
hadur2.Hadur 3.9	ratosh.Wesco 1.4	weak		3	3	1	1	638	32.0	0.9	0.1176	0	0
hadur2.Hadur 3.9	ratosh.Wesco 1.4	weak		3	4	1	1	462	47.1	0.0	0.2000	0	0
hadur2.Hadur 3.9	ratosh.Wesco 1.4	weak		3	5	1	1	475	52.3	0.0	0.2381	0	0
hadur2.Hadur 3.9	ratosh.Wesco 1.4	weak		3	6	1	1	413	61.2	1.3	0.2941	0	0
hadur2.Hadur 3.9	ratosh.Wesco 1.4	weak		3	7	1	1	575	27.2	0.0	0.0800	0	0
hadur2.Hadur 3.9	ratosh.Wesco 1.4	weak		3	8	1	1	637	23.8	16.0	0.0645	0	0
hadur2.Hadur 3.9	ratosh.Wesco 1.4	weak		3	9	1	1	479	49.0	0.0	0.2273	0	0
hadur2.Hadur 3.9	ratosh.Wesco 1.4	weak		3	10	1	1	577	41.2	0.0	0.1379	0	0
hadur2.Hadur 3.9	ratosh.Wesco 1.4	weak		3	11	1	1	674	22.3	1.2	0.0833	0	0
hadur2.Hadur 3.9	ratosh.Wesco 1.4	weak		3	12	1	1	565	33.2	0.0	0.1111	0	0
hadur2.Hadur 3.9	ratosh.Wesco 1.4	weak		3	13	1	1	478	54.9	16.0	0.2381	0	0
hadur2.Hadur 3.9	ratosh.Wesco 1.4	weak		3	14	1	1	563	25.4	0.0	0.0714	0	0
hadur2.Hadur 3.9	ratosh.Wesco 1.4	weak		3	15	1	1	593	41.0	0.0	0.1290	0	0
hadur2.Hadur 3.9	ratosh.Wesco 1.4	weak		3	16	1	1	504	43.7	0.0	0.1739	0	0
hadur2.Hadur 3.9	ratosh.Wesco 1.4	weak		3	17	1	1	515	51.1	16.0	0.2083	0	0
hadur2.Hadur 3.9	ratosh.Wesco 1.4	weak		3	18	1	1	529	36.1	0.0	0.1250	0	0
hadur2.Hadur 3.9	ratosh.Wesco 1.4	weak		3	19	1	1	558	33.9	0.0	0.1200	0	0
hadur2.Hadur 3.9	ratosh.Wesco 1.4	weak		3	20	1	1	507	42.0	1.6	0.1667	0	0
hadur2.Hadur 3.9	ratosh.Wesco 1.4	weak		3	21	1	1	594	31.9	0.0	0.1000	0	0
hadur2.Hadur 3.9	ratosh.Wesco 1.4	weak		3	22	1	1	469	46.0	0.0	0.1905	0	0
hadur2.Hadur 3.9	ratosh.Wesco 1.4	weak		3	23	1	1	454	46.9	0.0	0.2000	0	0
hadur2.Hadur 3.9	ratosh.Wesco 1.4	weak		3	24	1	1	544	33.9	0.0	0.1200	0	0
hadur2.Hadur 3.9	ratosh.Wesco 1.4	weak		3	25	1	1	614	24.1	13.4	0.0323	0	0
hadur2.Hadur 3.9	ratosh.Wesco 1.4	weak		3	26	1	1	658	14.1	0.0	0.0294	0	0
hadur2.Hadur 3.9	ratosh.Wesco 1.4	weak		3	27	1	1	554	32.0	0.0	0.1111	0	0
hadur2.Hadur 3.9	ratosh.Wesco 1.4	weak		3	28	1	1	754	21.2	0.0	0.0465	0	0
hadur2.Hadur 3.9	ratosh.Wesco 1.4	weak		3	29	1	1	398	53.2	0.0	0.3125	0	0
hadur2.Hadur 3.9	ratosh.Wesco 1.4	weak		3	30	1	1	464	43.3	0.0	0.2000	0	0
hadur2.Hadur 3.9	ratosh.Wesco 1.4	weak		3	31	1	1	633	32.7	13.5	0.0938	0	0
hadur2.Hadur 3.9	ratosh.Wesco 1.4	weak		3	32	1	1	482	43.9	0.0	0.1500	0	0
hadur2.Hadur 3.9	ratosh.Wesco 1.4	weak		3	33	1	1	534	36.1	0.0	0.1154	0	0
hadur2.Hadur 3.9	ratosh.Wesco 1.4	weak		3	34	1	1	494	42.8	0.0	0.1818	0	5
hadur2.Hadur 3.9	ratosh.Wesco 1.4	weak		4	0	1	1	591	25.5	0.0	0.0690	0	7
hadur2.Hadur 3.9	ratosh.Wesco 1.4	weak		4	1	1	1	602	30.5	0.4	0.0968	0	0
hadur2.Hadur 3.9	ratosh.Wesco 1.4	weak		4	2	1	1	545	34.9	0.0	0.1154	0	0
hadur2.Hadur 3.9	ratosh.Wesco 1.4	weak		4	3	1	1	543	41.6	0.0	0.1538	0	0
hadur2.Hadur 3.9	ratosh.Wesco 1.4	weak		4	4	1	1	551	25.5	0.0	0.0769	0	0
hadur2.Hadur 3.9	ratosh.Wesco 1.4	weak		4	5	1	1	374	74.3	18.0	0.4286	0	0
hadur2.Hadur 3.9	ratosh.Wesco 1.4	weak		4	6	1	1	555	41.9	33.4	0.1538	0	0
hadur2.Hadur 3.9	ratosh.Wesco 1.4	weak		4	7	1	1	433	54.6	0.0	0.2353	0	0
hadur2.Hadur 3.9	ratosh.Wesco 1.4	weak		4	8	1	1	549	36.1	0.0	0.0833	0	0
hadur2.Hadur 3.9	ratosh.Wesco 1.4	weak		4	9	1	1	451	46.9	0.0	0.2000	0	0
hadur2.Hadur 3.9	ratosh.Wesco 1.4	weak		4	10	1	1	516	37.8	0.0	0.1250	0	0
hadur2.Hadur 3.9	ratosh.Wesco 1.4	weak		4	11	1	1	611	31.9	4.6	0.0968	0	0
hadur2.Hadur 3.9	ratosh.Wesco 1.4	weak		4	12	1	1	534	34.9	0.0	0.1200	0	0
hadur2.Hadur 3.9	ratosh.Wesco 1.4	weak		4	13	1	1	475	53.7	14.8	0.2381	0	0
hadur2.Hadur 3.9	ratosh.Wesco 1.4	weak		4	14	1	1	443	47.2	0.0	0.2105	0	0
hadur2.Hadur 3.9	ratosh.Wesco 1.4	weak		4	15	1	1	495	57.7	16.0	0.1818	0	0
hadur2.Hadur 3.9	ratosh.Wesco 1.4	weak		4	16	1	1	430	58.3	16.0	0.1875	0	0
hadur2.Hadur 3.9	ratosh.Wesco 1.4	weak		4	17	1	1	382	100.5	64.0	0.4615	0	0
hadur2.Hadur 3.9	ratosh.Wesco 1.4	weak		4	18	1	1	366	64.0	0.0	0.2500	0	0
hadur2.Hadur 3.9	ratosh.Wesco 1.4	weak		4	19	1	1	406	54.6	0.0	0.2000	0	0
hadur2.Hadur 3.9	ratosh.Wesco 1.4	weak		4	20	1	1	279	70.9	26.3	0.5714	0	0
hadur2.Hadur 3.9	ratosh.Wesco 1.4	weak		4	21	1	1	508	39.1	0.0	0.0952	0	0
hadur2.Hadur 3.9	ratosh.Wesco 1.4	weak		4	22	1	1	523	36.3	0.0	0.0952	0	0
hadur2.Hadur 3.9	ratosh.Wesco 1.4	weak		4	23	1	1	463	47.7	0.0	0.1667	0	0
hadur2.Hadur 3.9	ratosh.Wesco 1.4	weak		4	24	1	1	554	23.9	0.0	0.0769	0	0
hadur2.Hadur 3.9	ratosh.Wesco 1.4	weak		4	25	1	1	555	32.8	0.0	0.1111	0	0
hadur2.Hadur 3.9	ratosh.Wesco 1.4	weak		4	26	1	1	633	31.5	0.0	0.0909	0	0
hadur2.Hadur 3.9	ratosh.Wesco 1.4	weak		4	27	1	1	442	47.4	0.0	0.1667	0	0
hadur2.Hadur 3.9	ratosh.Wesco 1.4	weak		4	28	1	1	525	36.1	0.0	0.1250	0	0
hadur2.Hadur 3.9	ratosh.Wesco 1.4	weak		4	29	1	1	542	26.9	12.4	0.0769	0	0
hadur2.Hadur 3.9	ratosh.Wesco 1.4	weak		4	30	1	1	616	23.1	0.0	0.0645	0	0
hadur2.Hadur 3.9	ratosh.Wesco 1.4	weak		4	31	1	1	512	43.5	0.0	0.1667	0	0
hadur2.Hadur 3.9	ratosh.Wesco 1.4	weak		4	32	1	1	527	50.8	0.0	0.1923	0	0
hadur2.Hadur 3.9	ratosh.Wesco 1.4	weak		4	33	1	1	549	29.8	0.8	0.1111	0	0
hadur2.Hadur 3.9	ratosh.Wesco 1.4	weak		4	34	1	1	459	44.3	0.0	0.2000	0	7
hadur2.Hadur 3.9	serenity.moonlightBat 1.17	weak		1	0	1	1	1300	58.2	22.4	0.1556	0	5
hadur2.Hadur 3.9	serenity.moonlightBat 1.17	weak		1	1	1	1	2071	39.0	16.0	0.1491	0	0
hadur2.Hadur 3.9	serenity.moonlightBat 1.17	weak		1	2	1	1	911	55.0	0.0	0.1346	0	0
hadur2.Hadur 3.9	serenity.moonlightBat 1.17	weak		1	3	1	1	686	74.5	13.2	0.1944	0	0
hadur2.Hadur 3.9	serenity.moonlightBat 1.17	weak		1	4	1	1	513	73.1	10.6	0.1818	0	0
hadur2.Hadur 3.9	serenity.moonlightBat 1.17	weak		1	5	1	1	1243	45.2	3.6	0.1084	0	0
hadur2.Hadur 3.9	serenity.moonlightBat 1.17	weak		1	6	1	1	775	72.5	0.0	0.1628	0	0
hadur2.Hadur 3.9	serenity.moonlightBat 1.17	weak		1	7	1	1	629	75.3	3.2	0.1935	0	0
hadur2.Hadur 3.9	serenity.moonlightBat 1.17	weak		1	8	1	1	749	59.3	3.2	0.1282	0	0
hadur2.Hadur 3.9	serenity.moonlightBat 1.17	weak		1	9	1	1	758	53.2	0.0	0.1220	0	0
hadur2.Hadur 3.9	serenity.moonlightBat 1.17	weak		1	10	1	1	538	73.6	0.0	0.2400	0	0
hadur2.Hadur 3.9	serenity.moonlightBat 1.17	weak		1	11	1	1	571	82.3	22.6	0.2308	0	0
hadur2.Hadur 3.9	serenity.moonlightBat 1.17	weak		1	12	1	1	462	78.8	3.6	0.2222	0	0
hadur2.Hadur 3.9	serenity.moonlightBat 1.17	weak		1	13	1	1	688	63.2	0.0	0.0938	0	0
hadur2.Hadur 3.9	serenity.moonlightBat 1.17	weak		1	14	1	1	770	59.0	0.0	0.1250	0	0
hadur2.Hadur 3.9	serenity.moonlightBat 1.17	weak		1	15	1	1	663	72.3	0.0	0.2000	0	0
hadur2.Hadur 3.9	serenity.moonlightBat 1.17	weak		1	16	1	1	548	73.9	0.0	0.2400	0	0
hadur2.Hadur 3.9	serenity.moonlightBat 1.17	weak		1	17	1	1	545	68.4	0.0	0.1667	0	0
hadur2.Hadur 3.9	serenity.moonlightBat 1.17	weak		1	18	1	1	776	65.4	9.8	0.1250	0	0
hadur2.Hadur 3.9	serenity.moonlightBat 1.17	weak		1	19	1	1	817	62.4	3.6	0.1304	0	0
hadur2.Hadur 3.9	serenity.moonlightBat 1.17	weak		1	20	1	1	770	62.9	0.0	0.1395	0	0
hadur2.Hadur 3.9	serenity.moonlightBat 1.17	weak		1	21	1	1	582	72.5	0.0	0.2500	0	0
hadur2.Hadur 3.9	serenity.moonlightBat 1.17	weak		1	22	1	1	661	62.4	0.0	0.1250	0	0
hadur2.Hadur 3.9	serenity.moonlightBat 1.17	weak		1	23	1	1	484	82.6	4.6	0.2857	0	0
hadur2.Hadur 3.9	serenity.moonlightBat 1.17	weak		1	24	1	1	672	68.5	3.6	0.1515	0	0
hadur2.Hadur 3.9	serenity.moonlightBat 1.17	weak		1	25	1	1	616	62.4	0.0	0.1429	0	0
hadur2.Hadur 3.9	serenity.moonlightBat 1.17	weak		1	26	1	1	491	84.1	0.0	0.2500	0	0
hadur2.Hadur 3.9	serenity.moonlightBat 1.17	weak		1	27	1	1	718	62.2	0.0	0.1389	0	0
hadur2.Hadur 3.9	serenity.moonlightBat 1.17	weak		1	28	1	1	1145	45.4	7.2	0.1216	0	0
hadur2.Hadur 3.9	serenity.moonlightBat 1.17	weak		1	29	1	1	939	56.7	6.8	0.1250	0	0
hadur2.Hadur 3.9	serenity.moonlightBat 1.17	weak		1	30	1	1	494	85.5	3.6	0.3478	0	0
hadur2.Hadur 3.9	serenity.moonlightBat 1.17	weak		1	31	1	1	686	69.3	0.0	0.1515	0	0
hadur2.Hadur 3.9	serenity.moonlightBat 1.17	weak		1	32	1	1	619	65.1	0.0	0.1429	0	0
hadur2.Hadur 3.9	serenity.moonlightBat 1.17	weak		1	33	1	1	388	79.5	0.0	0.3077	0	0
hadur2.Hadur 3.9	serenity.moonlightBat 1.17	weak		1	34	1	1	701	64.8	3.6	0.1429	0	5
hadur2.Hadur 3.9	serenity.moonlightBat 1.17	weak		2	0	1	1	2062	33.2	32.8	0.1280	0	6
hadur2.Hadur 3.9	serenity.moonlightBat 1.17	weak		2	1	1	1	870	68.5	6.8	0.1064	0	0
hadur2.Hadur 3.9	serenity.moonlightBat 1.17	weak		2	2	1	1	1090	60.2	17.2	0.1304	0	0
hadur2.Hadur 3.9	serenity.moonlightBat 1.17	weak		2	3	1	1	554	80.3	0.0	0.2963	0	0
hadur2.Hadur 3.9	serenity.moonlightBat 1.17	weak		2	4	1	1	702	71.6	7.8	0.1212	0	0
hadur2.Hadur 3.9	serenity.moonlightBat 1.17	weak		2	5	1	1	1040	51.5	6.4	0.1587	0	0
hadur2.Hadur 3.9	serenity.moonlightBat 1.17	weak		2	6	1	1	882	60.4	22.2	0.1961	0	0
hadur2.Hadur 3.9	serenity.moonlightBat 1.17	weak		2	7	1	1	643	68.6	0.0	0.1290	0	0
hadur2.Hadur 3.9	serenity.moonlightBat 1.17	weak		2	8	1	1	396	84.2	4.6	0.3571	0	0
hadur2.Hadur 3.9	serenity.moonlightBat 1.17	weak		2	9	1	1	728	56.6	0.0	0.0857	0	0
hadur2.Hadur 3.9	serenity.moonlightBat 1.17	weak		2	10	1	1	965	53.2	3.6	0.1034	0	0
hadur2.Hadur 3.9	serenity.moonlightBat 1.17	weak		2	11	1	1	691	67.6	6.4	0.1622	0	0
hadur2.Hadur 3.9	serenity.moonlightBat 1.17	weak		2	12	1	1	970	47.2	3.6	0.1207	0	0
hadur2.Hadur 3.9	serenity.moonlightBat 1.17	weak		2	13	1	1	631	72.5	3.6	0.2121	0	0
hadur2.Hadur 3.9	serenity.moonlightBat 1.17	weak		2	14	1	1	622	68.6	3.2	0.1724	0	0
hadur2.Hadur 3.9	serenity.moonlightBat 1.17	weak		2	15	1	1	502	66.1	0.0	0.1905	0	0
hadur2.Hadur 3.9	serenity.moonlightBat 1.17	weak		2	16	1	1	592	69.3	0.0	0.1538	0	0
hadur2.Hadur 3.9	serenity.moonlightBat 1.17	weak		2	17	1	1	586	56.1	0.0	0.1481	0	0
hadur2.Hadur 3.9	serenity.moonlightBat 1.17	weak		2	18	1	1	797	62.6	3.6	0.1333	0	0
hadur2.Hadur 3.9	serenity.moonlightBat 1.17	weak		2	19	1	1	584	67.2	0.0	0.2069	0	0
hadur2.Hadur 3.9	serenity.moonlightBat 1.17	weak		2	20	1	1	758	58.5	0.0	0.1500	0	0
hadur2.Hadur 3.9	serenity.moonlightBat 1.17	weak		2	21	1	1	801	62.4	3.2	0.1333	0	0
hadur2.Hadur 3.9	serenity.moonlightBat 1.17	weak		2	22	1	1	692	64.5	0.0	0.1351	0	0
hadur2.Hadur 3.9	serenity.moonlightBat 1.17	weak		2	23	1	1	684	66.9	12.4	0.1667	0	0
hadur2.Hadur 3.9	serenity.moonlightBat 1.17	weak		2	24	1	1	643	59.2	3.6	0.1563	0	0
hadur2.Hadur 3.9	serenity.moonlightBat 1.17	weak		2	25	1	1	723	59.9	0.0	0.1500	0	0
hadur2.Hadur 3.9	serenity.moonlightBat 1.17	weak		2	26	1	1	731	68.9	11.2	0.1538	0	0
hadur2.Hadur 3.9	serenity.moonlightBat 1.17	weak		2	27	1	1	751	57.4	3.6	0.1220	0	0
hadur2.Hadur 3.9	serenity.moonlightBat 1.17	weak		2	28	1	1	656	70.9	3.6	0.2000	0	0
hadur2.Hadur 3.9	serenity.moonlightBat 1.17	weak		2	29	1	1	1079	42.9	6.8	0.1304	0	0
hadur2.Hadur 3.9	serenity.moonlightBat 1.17	weak		2	30	1	1	654	62.2	0.0	0.1765	0	0
hadur2.Hadur 3.9	serenity.moonlightBat 1.17	weak		2	31	1	1	486	78.6	0.0	0.2857	0	0
hadur2.Hadur 3.9	serenity.moonlightBat 1.17	weak		2	32	1	1	494	74.2	0.0	0.2000	0	0
hadur2.Hadur 3.9	serenity.moonlightBat 1.17	weak		2	33	1	1	572	68.4	0.0	0.1600	0	0
hadur2.Hadur 3.9	serenity.moonlightBat 1.17	weak		2	34	1	1	821	52.3	3.2	0.1556	0	5
hadur2.Hadur 3.9	serenity.moonlightBat 1.17	weak		3	0	1	1	1294	43.9	23.2	0.1630	0	4
hadur2.Hadur 3.9	serenity.moonlightBat 1.17	weak		3	1	1	1	707	64.0	0.0	0.0909	0	0
hadur2.Hadur 3.9	serenity.moonlightBat 1.17	weak		3	2	1	1	510	76.6	3.6	0.1905	0	0
hadur2.Hadur 3.9	serenity.moonlightBat 1.17	weak		3	3	1	1	770	59.8	7.2	0.1463	0	0
hadur2.Hadur 3.9	serenity.moonlightBat 1.17	weak		3	4	1	1	882	52.9	3.6	0.0980	0	0
hadur2.Hadur 3.9	serenity.moonlightBat 1.17	weak		3	5	1	1	740	72.4	3.6	0.1707	0	0
hadur2.Hadur 3.9	serenity.moonlightBat 1.17	weak		3	6	1	1	639	66.2	0.0	0.1818	0	0
hadur2.Hadur 3.9	serenity.moonlightBat 1.17	weak		3	7	1	1	426	81.8	0.0	0.3125	0	0
hadur2.Hadur 3.9	serenity.moonlightBat 1.17	weak		3	8	1	1	1011	39.1	0.0	0.1563	0	0
hadur2.Hadur 3.9	serenity.moonlightBat 1.17	weak		3	9	1	1	613	62.4	0.0	0.1667	0	0
hadur2.Hadur 3.9	serenity.moonlightBat 1.17	weak		3	10	1	1	647	64.2	0.0	0.1333	0	0
hadur2.Hadur 3.9	serenity.moonlightBat 1.17	weak		3	11	1	1	387	84.7	0.0	0.3571	0	0
hadur2.Hadur 3.9	serenity.moonlightBat 1.17	weak		3	12	1	1	549	76.8	5.2	0.1739	0	0
hadur2.Hadur 3.9	serenity.moonlightBat 1.17	weak		3	13	1	1	653	71.7	0.0	0.1613	0	0
hadur2.Hadur 3.9	serenity.moonlightBat 1.17	weak		3	14	1	1	795	58.8	3.6	0.1163	0	0
hadur2.Hadur 3.9	serenity.moonlightBat 1.17	weak		3	15	1	1	681	63.6	0.0	0.1714	0	0
hadur2.Hadur 3.9	serenity.moonlightBat 1.17	weak		3	16	1	1	1041	47.7	3.6	0.1385	0	0
hadur2.Hadur 3.9	serenity.moonlightBat 1.17	weak		3	17	1	1	858	53.4	7.2	0.1250	0	0
hadur2.Hadur 3.9	serenity.moonlightBat 1.17	weak		3	18	1	1	766	62.3	5.2	0.1429	0	0
hadur2.Hadur 3.9	serenity.moonlightBat 1.17	weak		3	19	1	1	867	59.1	3.2	0.1200	0	0
hadur2.Hadur 3.9	serenity.moonlightBat 1.17	weak		3	20	1	1	752	49.2	13.0	0.0976	0	0
hadur2.Hadur 3.9	serenity.moonlightBat 1.17	weak		3	21	1	1	530	75.3	5.2	0.2800	0	0
hadur2.Hadur 3.9	serenity.moonlightBat 1.17	weak		3	22	1	1	610	70.7	0.0	0.1667	0	0
hadur2.Hadur 3.9	serenity.moonlightBat 1.17	weak		3	23	1	1	535	72.0	0.0	0.2083	0	0
hadur2.Hadur 3.9	serenity.moonlightBat 1.17	weak		3	24	1	1	450	83.1	0.0	0.2778	0	0
hadur2.Hadur 3.9	serenity.moonlightBat 1.17	weak		3	25	1	1	972	50.4	3.6	0.1404	0	0
hadur2.Hadur 3.9	serenity.moonlightBat 1.17	weak		3	26	1	1	776	53.4	0.0	0.1163	0	0
hadur2.Hadur 3.9	serenity.moonlightBat 1.17	weak		3	27	1	1	667	72.6	0.0	0.1944	0	0
hadur2.Hadur 3.9	serenity.moonlightBat 1.17	weak		3	28	1	1	802	58.0	3.6	0.1333	0	0
hadur2.Hadur 3.9	serenity.moonlightBat 1.17	weak		3	29	1	1	772	57.7	3.2	0.1429	0	0
hadur2.Hadur 3.9	serenity.moonlightBat 1.17	weak		3	30	1	1	553	69.1	0.0	0.2222	0	0
hadur2.Hadur 3.9	serenity.moonlightBat 1.17	weak		3	31	1	1	689	64.8	0.0	0.1429	0	0
hadur2.Hadur 3.9	serenity.moonlightBat 1.17	weak		3	32	1	1	872	67.4	14.2	0.1961	0	0
hadur2.Hadur 3.9	serenity.moonlightBat 1.17	weak		3	33	1	1	524	70.5	0.0	0.2273	0	0
hadur2.Hadur 3.9	serenity.moonlightBat 1.17	weak		3	34	1	1	579	68.5	0.0	0.1600	0	6
hadur2.Hadur 3.9	serenity.moonlightBat 1.17	weak		4	0	1	1	1285	41.3	16.8	0.1444	0	5
hadur2.Hadur 3.9	serenity.moonlightBat 1.17	weak		4	1	1	1	751	55.0	0.0	0.1282	0	0
hadur2.Hadur 3.9	serenity.moonlightBat 1.17	weak		4	2	1	1	533	74.2	0.0	0.1739	0	0
hadur2.Hadur 3.9	serenity.moonlightBat 1.17	weak		4	3	1	1	554	82.6	14.0	0.2083	0	1
hadur2.Hadur 3.9	serenity.moonlightBat 1.17	weak		4	4	1	1	711	65.5	8.2	0.1389	0	0
hadur2.Hadur 3.9	serenity.moonlightBat 1.17	weak		4	5	1	1	942	45.4	0.0	0.1250	0	0
hadur2.Hadur 3.9	serenity.moonlightBat 1.17	weak		4	6	1	1	688	61.6	3.6	0.1667	0	0
hadur2.Hadur 3.9	serenity.moonlightBat 1.17	weak		4	7	1	1	653	59.8	3.2	0.1563	0	0
hadur2.Hadur 3.9	serenity.moonlightBat 1.17	weak		4	8	1	1	764	63.0	0.0	0.1429	0	0
hadur2.Hadur 3.9	serenity.moonlightBat 1.17	weak		4	9	1	1	639	63.2	0.0	0.1818	0	0
hadur2.Hadur 3.9	serenity.moonlightBat 1.17	weak		4	10	1	1	647	71.1	0.0	0.1818	0	0
hadur2.Hadur 3.9	serenity.moonlightBat 1.17	weak		4	11	1	1	419	83.4	3.6	0.3750	0	0
hadur2.Hadur 3.9	serenity.moonlightBat 1.17	weak		4	12	1	1	829	68.8	6.4	0.0909	0	0
hadur2.Hadur 3.9	serenity.moonlightBat 1.17	weak		4	13	1	1	715	67.7	6.8	0.1579	0	0
hadur2.Hadur 3.9	serenity.moonlightBat 1.17	weak		4	14	1	1	607	72.3	3.6	0.2258	0	0
hadur2.Hadur 3.9	serenity.moonlightBat 1.17	weak		4	15	1	1	945	51.9	0.0	0.1698	0	0
hadur2.Hadur 3.9	serenity.moonlightBat 1.17	weak		4	16	1	1	649	70.4	3.2	0.2000	0	0
hadur2.Hadur 3.9	serenity.moonlightBat 1.17	weak		4	17	1	1	676	67.9	0.0	0.1176	0	0
hadur2.Hadur 3.9	serenity.moonlightBat 1.17	weak		4	18	1	1	685	69.2	3.6	0.1429	0	0
hadur2.Hadur 3.9	serenity.moonlightBat 1.17	weak		4	19	1	1	775	56.5	7.2	0.1395	0	0
hadur2.Hadur 3.9	serenity.moonlightBat 1.17	weak		4	20	1	1	806	62.4	3.6	0.1333	0	0
hadur2.Hadur 3.9	serenity.moonlightBat 1.17	weak		4	21	1	1	728	62.8	0.0	0.1579	0	0
hadur2.Hadur 3.9	serenity.moonlightBat 1.17	weak		4	22	1	1	842	53.1	0.0	0.1042	0	0
hadur2.Hadur 3.9	serenity.moonlightBat 1.17	weak		4	23	1	1	603	63.4	0.0	0.2000	0	0
hadur2.Hadur 3.9	serenity.moonlightBat 1.17	weak		4	24	1	1	846	55.4	3.6	0.1277	0	0
hadur2.Hadur 3.9	serenity.moonlightBat 1.17	weak		4	25	1	1	741	62.8	3.6	0.1463	0	0
hadur2.Hadur 3.9	serenity.moonlightBat 1.17	weak		4	26	1	1	595	65.1	0.0	0.1786	0	0
hadur2.Hadur 3.9	serenity.moonlightBat 1.17	weak		4	27	1	1	757	53.1	0.0	0.1220	0	0
hadur2.Hadur 3.9	serenity.moonlightBat 1.17	weak		4	28	1	1	815	55.1	3.6	0.1111	0	0
hadur2.Hadur 3.9	serenity.moonlightBat 1.17	weak		4	29	1	1	665	67.1	5.2	0.1714	0	0
hadur2.Hadur 3.9	serenity.moonlightBat 1.17	weak		4	30	1	1	828	51.4	0.0	0.1489	0	0
hadur2.Hadur 3.9	serenity.moonlightBat 1.17	weak		4	31	1	1	769	54.3	0.0	0.0976	0	0
hadur2.Hadur 3.9	serenity.moonlightBat 1.17	weak		4	32	1	1	811	59.2	3.2	0.1087	0	0
hadur2.Hadur 3.9	serenity.moonlightBat 1.17	weak		4	33	1	1	697	69.7	3.6	0.1842	0	0
hadur2.Hadur 3.9	serenity.moonlightBat 1.17	weak		4	34	1	1	734	62.8	3.2	0.1500	0	6
hadur2.Hadur 3.9	suh.micro.WallPM 1.00	weak		1	0	1	1	572	70.1	17.7	0.2414	0	6
hadur2.Hadur 3.9	suh.micro.WallPM 1.00	weak		1	1	1	1	701	63.5	33.9	0.1842	0	1
hadur2.Hadur 3.9	suh.micro.WallPM 1.00	weak		1	2	1	1	789	51.5	7.7	0.0976	0	0
hadur2.Hadur 3.9	suh.micro.WallPM 1.00	weak		1	3	1	1	1713	52.1	68.1	0.2015	0	0
hadur2.Hadur 3.9	suh.micro.WallPM 1.00	weak		1	4	1	1	476	64.8	0.8	0.2105	0	0
hadur2.Hadur 3.9	suh.micro.WallPM 1.00	weak		1	5	1	1	719	71.6	43.3	0.1842	0	0
hadur2.Hadur 3.9	suh.micro.WallPM 1.00	weak		1	6	1	1	579	65.7	32.3	0.2593	0	0
hadur2.Hadur 3.9	suh.micro.WallPM 1.00	weak		1	7	1	1	1353	53.7	16.9	0.1630	0	0
hadur2.Hadur 3.9	suh.micro.WallPM 1.00	weak		1	8	1	1	700	51.9	10.1	0.1081	0	0
hadur2.Hadur 3.9	suh.micro.WallPM 1.00	weak		1	9	1	1	623	77.7	45.5	0.2500	0	0
hadur2.Hadur 3.9	suh.micro.WallPM 1.00	weak		1	10	1	1	533	72.4	16.2	0.2174	0	0
hadur2.Hadur 3.9	suh.micro.WallPM 1.00	weak		1	11	1	1	965	40.8	17.5	0.1379	0	0
hadur2.Hadur 3.9	suh.micro.WallPM 1.00	weak		1	12	1	1	531	65.9	17.0	0.2400	0	0
hadur2.Hadur 3.9	suh.micro.WallPM 1.00	weak		1	13	1	1	589	69.6	16.5	0.1538	0	0
hadur2.Hadur 3.9	suh.micro.WallPM 1.00	weak		1	14	0	0	719	6.8	45.0	0.1220	0	0
hadur2.Hadur 3.9	suh.micro.WallPM 1.00	weak		1	15	1	1	1050	47.9	36.7	0.2143	0	0
hadur2.Hadur 3.9	suh.micro.WallPM 1.00	weak		1	16	0	0	844	53.7	58.9	0.3000	0	1
hadur2.Hadur 3.9	suh.micro.WallPM 1.00	weak		1	17	1	1	497	70.3	7.6	0.2000	0	0
hadur2.Hadur 3.9	suh.micro.WallPM 1.00	weak		1	18	1	1	517	78.0	22.9	0.1818	0	0
hadur2.Hadur 3.9	suh.micro.WallPM 1.00	weak		1	19	1	1	496	64.8	0.4	0.1905	0	0
hadur2.Hadur 3.9	suh.micro.WallPM 1.00	weak		1	20	1	1	514	65.2	10.2	0.1905	0	0
hadur2.Hadur 3.9	suh.micro.WallPM 1.00	weak		1	21	1	1	337	79.8	6.9	0.4000	0	0
hadur2.Hadur 3.9	suh.micro.WallPM 1.00	weak		1	22	1	1	1214	43.3	19.3	0.1446	0	0
hadur2.Hadur 3.9	suh.micro.WallPM 1.00	weak		1	23	1	1	999	55.5	34.0	0.1563	0	0
hadur2.Hadur 3.9	suh.micro.WallPM 1.00	weak		1	24	1	1	660	66.2	25.6	0.2059	0	0
hadur2.Hadur 3.9	suh.micro.WallPM 1.00	weak		1	25	1	1	719	67.3	35.5	0.1622	0	1
hadur2.Hadur 3.9	suh.micro.WallPM 1.00	weak		1	26	1	1	502	54.7	19.6	0.1739	0	0
hadur2.Hadur 3.9	suh.micro.WallPM 1.00	weak		1	27	1	1	1862	38.2	57.1	0.2276	0	1
hadur2.Hadur 3.9	suh.micro.WallPM 1.00	weak		1	28	1	1	588	72.5	30.7	0.1481	0	1
hadur2.Hadur 3.9	suh.micro.WallPM 1.00	weak		1	29	1	1	533	64.1	0.0	0.1667	0	1
hadur2.Hadur 3.9	suh.micro.WallPM 1.00	weak		1	30	1	1	539	68.3	1.5	0.1600	0	0
hadur2.Hadur 3.9	suh.micro.WallPM 1.00	weak		1	31	1	1	598	61.5	16.6	0.2000	0	1
hadur2.Hadur 3.9	suh.micro.WallPM 1.00	weak		1	32	1	1	489	68.8	15.7	0.2000	0	0
hadur2.Hadur 3.9	suh.micro.WallPM 1.00	weak		1	33	1	1	600	81.9	24.1	0.2258	0	0
hadur2.Hadur 3.9	suh.micro.WallPM 1.00	weak		1	34	1	1	516	66.7	5.4	0.1818	0	7
hadur2.Hadur 3.9	suh.micro.WallPM 1.00	weak		2	0	1	1	665	75.3	26.4	0.1714	0	5
hadur2.Hadur 3.9	suh.micro.WallPM 1.00	weak		2	1	1	1	831	60.4	26.1	0.1667	0	0
hadur2.Hadur 3.9	suh.micro.WallPM 1.00	weak		2	2	1	1	605	68.6	18.6	0.1429	0	0
hadur2.Hadur 3.9	suh.micro.WallPM 1.00	weak		2	3	1	1	714	66.1	19.7	0.1500	0	0
hadur2.Hadur 3.9	suh.micro.WallPM 1.00	weak		2	4	1	1	368	73.9	0.0	0.3846	0	0
hadur2.Hadur 3.9	suh.micro.WallPM 1.00	weak		2	5	1	1	408	73.6	3.6	0.2667	0	0
hadur2.Hadur 3.9	suh.micro.WallPM 1.00	weak		2	6	1	1	474	80.6	21.6	0.2632	0	0
hadur2.Hadur 3.9	suh.micro.WallPM 1.00	weak		2	7	1	1	738	83.1	43.1	0.1250	0	0
hadur2.Hadur 3.9	suh.micro.WallPM 1.00	weak		2	8	1	1	1597	37.2	50.2	0.1653	0	0
hadur2.Hadur 3.9	suh.micro.WallPM 1.00	weak		2	9	1	1	598	48.9	7.6	0.1667	0	0
hadur2.Hadur 3.9	suh.micro.WallPM 1.00	weak		2	10	1	1	801	53.6	17.2	0.1522	0	1
hadur2.Hadur 3.9	suh.micro.WallPM 1.00	weak		2	11	1	1	720	51.2	8.1	0.1282	0	0
hadur2.Hadur 3.9	suh.micro.WallPM 1.00	weak		2	12	1	1	577	72.8	18.9	0.2222	0	0
hadur2.Hadur 3.9	suh.micro.WallPM 1.00	weak		2	13	1	1	768	58.7	11.1	0.1500	0	0
hadur2.Hadur 3.9	suh.micro.WallPM 1.00	weak		2	14	1	1	314	102.2	48.0	0.6667	0	0
hadur2.Hadur 3.9	suh.micro.WallPM 1.00	weak		2	15	0	0	1051	49.2	39.5	0.0896	0	0
hadur2.Hadur 3.9	suh.micro.WallPM 1.00	weak		2	16	1	1	655	56.5	28.6	0.1471	0	0
hadur2.Hadur 3.9	suh.micro.WallPM 1.00	weak		2	17	1	1	869	28.5	1.7	0.0784	0	0
hadur2.Hadur 3.9	suh.micro.WallPM 1.00	weak		2	18	1	1	550	75.6	26.4	0.2593	0	0
hadur2.Hadur 3.9	suh.micro.WallPM 1.00	weak		2	19	1	1	520	72.1	17.4	0.2500	0	0
hadur2.Hadur 3.9	suh.micro.WallPM 1.00	weak		2	20	1	1	741	51.4	4.4	0.0789	0	0
hadur2.Hadur 3.9	suh.micro.WallPM 1.00	weak		2	21	1	1	1041	69.1	36.9	0.1642	0	0
hadur2.Hadur 3.9	suh.micro.WallPM 1.00	weak		2	22	1	1	406	81.9	19.1	0.4375	0	0
hadur2.Hadur 3.9	suh.micro.WallPM 1.00	weak		2	23	1	1	1319	71.0	41.6	0.2360	0	0
hadur2.Hadur 3.9	suh.micro.WallPM 1.00	weak		2	24	1	1	649	64.0	0.4	0.1212	0	0
hadur2.Hadur 3.9	suh.micro.WallPM 1.00	weak		2	25	1	1	583	70.3	20.2	0.1600	0	1
hadur2.Hadur 3.9	suh.micro.WallPM 1.00	weak		2	26	1	1	569	66.1	1.6	0.1852	0	0
hadur2.Hadur 3.9	suh.micro.WallPM 1.00	weak		2	27	1	1	437	69.7	5.5	0.2778	0	0
hadur2.Hadur 3.9	suh.micro.WallPM 1.00	weak		2	28	1	1	676	52.6	3.6	0.1176	0	0
hadur2.Hadur 3.9	suh.micro.WallPM 1.00	weak		2	29	1	1	909	59.6	50.4	0.2281	0	1
hadur2.Hadur 3.9	suh.micro.WallPM 1.00	weak		2	30	1	1	644	66.5	1.6	0.1212	0	0
hadur2.Hadur 3.9	suh.micro.WallPM 1.00	weak		2	31	1	1	765	58.9	30.2	0.1951	0	0
hadur2.Hadur 3.9	suh.micro.WallPM 1.00	weak		2	32	1	1	362	82.9	16.0	0.4167	0	0
hadur2.Hadur 3.9	suh.micro.WallPM 1.00	weak		2	33	1	1	554	62.9	6.4	0.1200	0	0
hadur2.Hadur 3.9	suh.micro.WallPM 1.00	weak		2	34	1	1	489	74.6	3.0	0.2000	0	6
hadur2.Hadur 3.9	suh.micro.WallPM 1.00	weak		3	0	1	1	590	72.6	23.0	0.2414	0	5
hadur2.Hadur 3.9	suh.micro.WallPM 1.00	weak		3	1	1	1	541	63.9	2.5	0.2500	0	0
hadur2.Hadur 3.9	suh.micro.WallPM 1.00	weak		3	2	1	1	543	78.2	37.6	0.2400	0	0
hadur2.Hadur 3.9	suh.micro.WallPM 1.00	weak		3	3	1	1	475	67.5	0.0	0.2000	0	0
hadur2.Hadur 3.9	suh.micro.WallPM 1.00	weak		3	4	1	1	339	93.7	34.4	0.5000	0	0
hadur2.Hadur 3.9	suh.micro.WallPM 1.00	weak		3	5	1	1	670	64.0	28.7	0.1250	0	0
hadur2.Hadur 3.9	suh.micro.WallPM 1.00	weak		3	6	1	1	499	70.2	24.3	0.1905	0	1
hadur2.Hadur 3.9	suh.micro.WallPM 1.00	weak		3	7	1	1	463	83.5	33.5	0.3000	0	0
hadur2.Hadur 3.9	suh.micro.WallPM 1.00	weak		3	8	1	1	280	82.5	2.1	0.7143	0	0
hadur2.Hadur 3.9	suh.micro.WallPM 1.00	weak		3	9	1	1	404	86.2	26.7	0.4000	0	0
hadur2.Hadur 3.9	suh.micro.WallPM 1.00	weak		3	10	0	0	747	5.2	46.7	0.2955	0	0
hadur2.Hadur 3.9	suh.micro.WallPM 1.00	weak		3	11	1	1	320	82.5	0.0	0.5556	0	0
hadur2.Hadur 3.9	suh.micro.WallPM 1.00	weak		3	12	1	1	401	83.5	16.0	0.3333	0	0
hadur2.Hadur 3.9	suh.micro.WallPM 1.00	weak		3	13	1	1	706	59.5	18.7	0.0909	0	0
hadur2.Hadur 3.9	suh.micro.WallPM 1.00	weak		3	14	1	1	406	85.4	17.0	0.3750	0	0
hadur2.Hadur 3.9	suh.micro.WallPM 1.00	weak		3	15	1	1	456	75.4	16.0	0.2222	0	0
hadur2.Hadur 3.9	suh.micro.WallPM 1.00	weak		3	16	1	1	357	79.3	9.3	0.3636	0	0
hadur2.Hadur 3.9	suh.micro.WallPM 1.00	weak		3	17	1	1	422	71.2	0.0	0.2500	0	0
hadur2.Hadur 3.9	suh.micro.WallPM 1.00	weak		3	18	1	1	587	53.4	10.8	0.1111	0	0
hadur2.Hadur 3.9	suh.micro.WallPM 1.00	weak		3	19	0	0	678	17.4	56.4	0.1622	0	0
hadur2.Hadur 3.9	suh.micro.WallPM 1.00	weak		3	20	1	1	570	71.5	14.5	0.2143	0	0
hadur2.Hadur 3.9	suh.micro.WallPM 1.00	weak		3	21	1	1	495	90.2	53.9	0.3478	0	0
hadur2.Hadur 3.9	suh.micro.WallPM 1.00	weak		3	22	1	1	627	47.6	14.8	0.0714	0	0
hadur2.Hadur 3.9	suh.micro.WallPM 1.00	weak		3	23	1	1	427	80.9	17.9	0.2353	0	1
hadur2.Hadur 3.9	suh.micro.WallPM 1.00	weak		3	24	1	1	509	66.0	19.8	0.1905	0	0
hadur2.Hadur 3.9	suh.micro.WallPM 1.00	weak		3	25	1	1	587	62.0	3.8	0.1786	0	0
hadur2.Hadur 3.9	suh.micro.WallPM 1.00	weak		3	26	1	1	504	69.4	20.9	0.1905	0	0
hadur2.Hadur 3.9	suh.micro.WallPM 1.00	weak		3	27	1	1	814	52.4	47.9	0.2200	0	0
hadur2.Hadur 3.9	suh.micro.WallPM 1.00	weak		3	28	1	1	382	71.4	0.0	0.3077	0	0
hadur2.Hadur 3.9	suh.micro.WallPM 1.00	weak		3	29	1	1	512	80.0	13.4	0.1923	0	0
hadur2.Hadur 3.9	suh.micro.WallPM 1.00	weak		3	30	1	1	483	69.4	14.1	0.2105	0	0
hadur2.Hadur 3.9	suh.micro.WallPM 1.00	weak		3	31	1	1	349	73.7	1.9	0.3636	0	0
hadur2.Hadur 3.9	suh.micro.WallPM 1.00	weak		3	32	1	1	456	70.4	1.3	0.2778	0	0
hadur2.Hadur 3.9	suh.micro.WallPM 1.00	weak		3	33	1	1	405	72.4	0.0	0.2667	0	0
hadur2.Hadur 3.9	suh.micro.WallPM 1.00	weak		3	34		0	495	48.8	72.7			0
hadur2.Hadur 3.9	suh.micro.WallPM 1.00	weak		4	0	1	1	710	55.0	14.4	0.1316	0	5
hadur2.Hadur 3.9	suh.micro.WallPM 1.00	weak		4	1	1	1	1018	35.5	39.0	0.2206	0	0
hadur2.Hadur 3.9	suh.micro.WallPM 1.00	weak		4	2	1	1	401	73.5	2.6	0.2857	0	0
hadur2.Hadur 3.9	suh.micro.WallPM 1.00	weak		4	3	1	1	545	82.6	35.5	0.2083	0	0
hadur2.Hadur 3.9	suh.micro.WallPM 1.00	weak		4	4	0	0	1080	17.2	25.1	0.0615	0	0
hadur2.Hadur 3.9	suh.micro.WallPM 1.00	weak		4	5	1	1	817	47.6	42.2	0.2549	0	0
hadur2.Hadur 3.9	suh.micro.WallPM 1.00	weak		4	6	1	1	549	76.2	23.0	0.1739	0	0
hadur2.Hadur 3.9	suh.micro.WallPM 1.00	weak		4	7	1	1	346	87.5	31.6	0.4545	0	0
hadur2.Hadur 3.9	suh.micro.WallPM 1.00	weak		4	8	1	1	492	85.4	31.2	0.2500	0	0
hadur2.Hadur 3.9	suh.micro.WallPM 1.00	weak		4	9	1	1	600	60.3	16.6	0.1111	0	0
hadur2.Hadur 3.9	suh.micro.WallPM 1.00	weak		4	10	1	1	610	66.7	10.4	0.1333	0	0
hadur2.Hadur 3.9	suh.micro.WallPM 1.00	weak		4	11	1	1	712	73.4	9.1	0.1500	0	0
hadur2.Hadur 3.9	suh.micro.WallPM 1.00	weak		4	12	1	1	606	66.0	30.0	0.2258	0	0
hadur2.Hadur 3.9	suh.micro.WallPM 1.00	weak		4	13	0	0	775	34.2	65.3	0.2609	0	1
hadur2.Hadur 3.9	suh.micro.WallPM 1.00	weak		4	14	1	1	708	48.1	16.0	0.0833	0	0
hadur2.Hadur 3.9	suh.micro.WallPM 1.00	weak		4	15	1	1	454	70.4	5.8	0.2222	0	0
hadur2.Hadur 3.9	suh.micro.WallPM 1.00	weak		4	16	1	1	640	50.8	0.0	0.0968	0	0
hadur2.Hadur 3.9	suh.micro.WallPM 1.00	weak		4	17	1	1	742	73.6	26.9	0.1795	0	0
hadur2.Hadur 3.9	suh.micro.WallPM 1.00	weak		4	18	1	1	547	83.7	26.9	0.2000	0	1
hadur2.Hadur 3.9	suh.micro.WallPM 1.00	weak		4	19	1	1	1586	50.8	55.1	0.1681	0	0
hadur2.Hadur 3.9	suh.micro.WallPM 1.00	weak		4	20	0	0	883	57.7	79.6	0.4035	0	0
hadur2.Hadur 3.9	suh.micro.WallPM 1.00	weak		4	21	1	1	673	55.0	21.0	0.0938	0	0
hadur2.Hadur 3.9	suh.micro.WallPM 1.00	weak		4	22	1	1	532	80.6	41.8	0.2500	0	0
hadur2.Hadur 3.9	suh.micro.WallPM 1.00	weak		4	23	1	1	400	71.0	1.7	0.3333	0	0
hadur2.Hadur 3.9	suh.micro.WallPM 1.00	weak		4	24	0	0	1419	30.4	71.6	0.3429	0	0
hadur2.Hadur 3.9	suh.micro.WallPM 1.00	weak		4	25	1	1	430	73.6	9.3	0.2941	0	0
hadur2.Hadur 3.9	suh.micro.WallPM 1.00	weak		4	26	1	1	460	72.2	19.1	0.2222	0	0
hadur2.Hadur 3.9	suh.micro.WallPM 1.00	weak		4	27	1	1	539	66.4	3.8	0.1739	0	0
hadur2.Hadur 3.9	suh.micro.WallPM 1.00	weak		4	28	1	1	636	60.7	31.5	0.1333	0	0
hadur2.Hadur 3.9	suh.micro.WallPM 1.00	weak		4	29	0	0	958	34.6	75.0	0.2308	0	1
hadur2.Hadur 3.9	suh.micro.WallPM 1.00	weak		4	30	1	1	585	73.9	10.9	0.1538	0	0
hadur2.Hadur 3.9	suh.micro.WallPM 1.00	weak		4	31	1	1	417	82.2	10.1	0.3125	0	0
hadur2.Hadur 3.9	suh.micro.WallPM 1.00	weak		4	32	1	1	461	91.3	29.2	0.2778	0	0
hadur2.Hadur 3.9	suh.micro.WallPM 1.00	weak		4	33	1	1	513	73.9	23.2	0.1905	0	0
hadur2.Hadur 3.9	suh.micro.WallPM 1.00	weak		4	34	1	1	527	70.7	15.9	0.1818	0	6
hadur2.Hadur 3.9	suh.nano.CrossC 1.00	weak		1	0	1	1	604	67.9	14.3	0.2188	0	7
hadur2.Hadur 3.9	suh.nano.CrossC 1.00	weak		1	1	1	1	490	71.3	4.9	0.3043	0	0
hadur2.Hadur 3.9	suh.nano.CrossC 1.00	weak		1	2	1	1	452	73.1	7.0	0.3500	0	0
hadur2.Hadur 3.9	suh.nano.CrossC 1.00	weak		1	3	1	1	318	81.4	0.0	0.5556	0	0
hadur2.Hadur 3.9	suh.nano.CrossC 1.00	weak		1	4	1	1	396	70.9	0.0	0.2857	0	0
hadur2.Hadur 3.9	suh.nano.CrossC 1.00	weak		1	5	1	1	437	80.0	12.6	0.2778	0	0
hadur2.Hadur 3.9	suh.nano.CrossC 1.00	weak		1	6	1	1	356	76.6	0.0	0.3636	0	0
hadur2.Hadur 3.9	suh.nano.CrossC 1.00	weak		1	7	1	1	376	75.1	0.0	0.3077	0	0
hadur2.Hadur 3.9	suh.nano.CrossC 1.00	weak		1	8	1	1	420	73.9	0.0	0.2500	0	0
hadur2.Hadur 3.9	suh.nano.CrossC 1.00	weak		1	9	1	1	364	80.0	4.4	0.3846	0	0
hadur2.Hadur 3.9	suh.nano.CrossC 1.00	weak		1	10	1	1	380	80.6	8.8	0.3846	0	0
hadur2.Hadur 3.9	suh.nano.CrossC 1.00	weak		1	11	1	1	382	80.0	0.0	0.3846	0	0
hadur2.Hadur 3.9	suh.nano.CrossC 1.00	weak		1	12	1	1	417	75.0	5.2	0.2667	0	0
hadur2.Hadur 3.9	suh.nano.CrossC 1.00	weak		1	13	1	1	412	68.9	0.0	0.2667	0	0
hadur2.Hadur 3.9	suh.nano.CrossC 1.00	weak		1	14	1	1	367	83.1	13.1	0.4167	0	0
hadur2.Hadur 3.9	suh.nano.CrossC 1.00	weak		1	15	1	1	378	80.0	0.0	0.3846	0	0
hadur2.Hadur 3.9	suh.nano.CrossC 1.00	weak		1	16	1	1	382	77.3	0.0	0.3077	0	0
hadur2.Hadur 3.9	suh.nano.CrossC 1.00	weak		1	17	1	1	473	80.0	13.6	0.2500	0	0
hadur2.Hadur 3.9	suh.nano.CrossC 1.00	weak		1	18	1	1	376	76.8	0.0	0.3077	0	0
hadur2.Hadur 3.9	suh.nano.CrossC 1.00	weak		1	19	1	1	460	72.2	12.8	0.2222	0	0
hadur2.Hadur 3.9	suh.nano.CrossC 1.00	weak		1	20	1	1	366	80.0	0.0	0.3846	0	0
hadur2.Hadur 3.9	suh.nano.CrossC 1.00	weak		1	21	1	1	412	80.0	0.0	0.3125	0	0
hadur2.Hadur 3.9	suh.nano.CrossC 1.00	weak		1	22	1	1	415	66.3	0.0	0.2500	0	0
hadur2.Hadur 3.9	suh.nano.CrossC 1.00	weak		1	23	1	1	364	80.0	0.0	0.4167	0	0
hadur2.Hadur 3.9	suh.nano.CrossC 1.00	weak		1	24	1	1	394	80.0	0.0	0.3571	0	0
hadur2.Hadur 3.9	suh.nano.CrossC 1.00	weak		1	25	1	1	364	78.1	0.0	0.3333	0	0
hadur2.Hadur 3.9	suh.nano.CrossC 1.00	weak		1	26	1	1	376	72.9	0.0	0.3077	0	0
hadur2.Hadur 3.9	suh.nano.CrossC 1.00	weak		1	27	1	1	335	81.1	0.0	0.4545	0	0
hadur2.Hadur 3.9	suh.nano.CrossC 1.00	weak		1	28	1	1	410	80.0	8.0	0.3333	0	0
hadur2.Hadur 3.9	suh.nano.CrossC 1.00	weak		1	29	1	1	409	64.4	0.0	0.2667	0	0
hadur2.Hadur 3.9	suh.nano.CrossC 1.00	weak		1	30	1	1	446	62.3	0.0	0.1765	0	0
hadur2.Hadur 3.9	suh.nano.CrossC 1.00	weak		1	31	1	1	341	75.7	0.0	0.4000	0	0
hadur2.Hadur 3.9	suh.nano.CrossC 1.00	weak		1	32	1	1	321	86.0	0.0	0.5556	0	0
hadur2.Hadur 3.9	suh.nano.CrossC 1.00	weak		1	33	1	1	438	67.9	0.0	0.2353	0	0
hadur2.Hadur 3.9	suh.nano.CrossC 1.00	weak		1	34	1	1	380	76.0	0.0	0.3077	0	5
hadur2.Hadur 3.9	suh.nano.CrossC 1.00	weak		2	0	1	1	592	68.5	22.8	0.2258	0	6
hadur2.Hadur 3.9	suh.nano.CrossC 1.00	weak		2	1	1	1	427	76.5	0.0	0.3889	0	0
hadur2.Hadur 3.9	suh.nano.CrossC 1.00	weak		2	2	1	1	533	67.9	6.4	0.2692	0	0
hadur2.Hadur 3.9	suh.nano.CrossC 1.00	weak		2	3	1	1	410	65.3	0.0	0.2667	0	0
hadur2.Hadur 3.9	suh.nano.CrossC 1.00	weak		2	4	1	1	423	72.8	0.0	0.2500	0	0
hadur2.Hadur 3.9	suh.nano.CrossC 1.00	weak		2	5	1	1	328	77.8	6.5	0.4000	0	0
hadur2.Hadur 3.9	suh.nano.CrossC 1.00	weak		2	6	1	1	359	80.0	0.0	0.4167	0	0
hadur2.Hadur 3.9	suh.nano.CrossC 1.00	weak		2	7	1	1	415	72.3	0.0	0.2667	0	0
hadur2.Hadur 3.9	suh.nano.CrossC 1.00	weak		2	8	1	1	341	80.0	0.0	0.4545	0	0
hadur2.Hadur 3.9	suh.nano.CrossC 1.00	weak		2	9	1	1	508	65.2	0.0	0.1818	0	0
hadur2.Hadur 3.9	suh.nano.CrossC 1.00	weak		2	10	1	1	410	68.8	0.0	0.2667	0	0
hadur2.Hadur 3.9	suh.nano.CrossC 1.00	weak		2	11	1	1	326	79.9	0.0	0.4444	0	0
hadur2.Hadur 3.9	suh.nano.CrossC 1.00	weak		2	12	1	1	392	80.0	6.3	0.3333	0	0
hadur2.Hadur 3.9	suh.nano.CrossC 1.00	weak		2	13	1	1	515	80.4	24.8	0.2400	0	0
hadur2.Hadur 3.9	suh.nano.CrossC 1.00	weak		2	14	1	1	321	80.9	0.0	0.5556	0	0
hadur2.Hadur 3.9	suh.nano.CrossC 1.00	weak		2	15	1	1	408	76.3	0.0	0.2667	0	0
hadur2.Hadur 3.9	suh.nano.CrossC 1.00	weak		2	16	1	1	439	75.8	15.7	0.2353	0	0
hadur2.Hadur 3.9	suh.nano.CrossC 1.00	weak		2	17	1	1	387	91.1	25.5	0.3571	0	0
hadur2.Hadur 3.9	suh.nano.CrossC 1.00	weak		2	18	1	1	382	94.7	32.6	0.3846	0	0
hadur2.Hadur 3.9	suh.nano.CrossC 1.00	weak		2	19	1	1	466	64.0	0.0	0.2105	0	0
hadur2.Hadur 3.9	suh.nano.CrossC 1.00	weak		2	20	1	1	377	82.9	6.6	0.3846	0	0
hadur2.Hadur 3.9	suh.nano.CrossC 1.00	weak		2	21	1	1	382	80.0	0.0	0.3571	0	0
hadur2.Hadur 3.9	suh.nano.CrossC 1.00	weak		2	22	1	1	367	78.8	0.0	0.3333	0	0
hadur2.Hadur 3.9	suh.nano.CrossC 1.00	weak		2	23	1	1	315	79.7	0.0	0.4444	0	0
hadur2.Hadur 3.9	suh.nano.CrossC 1.00	weak		2	24	1	1	422	80.0	5.3	0.3125	0	0
hadur2.Hadur 3.9	suh.nano.CrossC 1.00	weak		2	25	1	1	366	72.3	0.0	0.3333	0	0
hadur2.Hadur 3.9	suh.nano.CrossC 1.00	weak		2	26	1	1	379	74.6	0.0	0.3077	0	0
hadur2.Hadur 3.9	suh.nano.CrossC 1.00	weak		2	27	1	1	354	73.7	0.0	0.3636	0	0
hadur2.Hadur 3.9	suh.nano.CrossC 1.00	weak		2	28	1	1	314	82.1	0.0	0.5556	0	0
hadur2.Hadur 3.9	suh.nano.CrossC 1.00	weak		2	29	1	1	379	73.8	0.0	0.3077	0	0
hadur2.Hadur 3.9	suh.nano.CrossC 1.00	weak		2	30	1	1	367	80.0	0.0	0.3846	0	0
hadur2.Hadur 3.9	suh.nano.CrossC 1.00	weak		2	31	1	1	362	74.7	6.7	0.3333	0	0
hadur2.Hadur 3.9	suh.nano.CrossC 1.00	weak		2	32	1	1	332	80.3	0.0	0.5000	0	0
hadur2.Hadur 3.9	suh.nano.CrossC 1.00	weak		2	33	1	1	388	69.5	0.0	0.2857	0	0
hadur2.Hadur 3.9	suh.nano.CrossC 1.00	weak		2	34	1	1	380	80.0	5.4	0.3571	0	7
hadur2.Hadur 3.9	suh.nano.CrossC 1.00	weak		3	0	1	1	520	87.3	32.1	0.3600	0	5
hadur2.Hadur 3.9	suh.nano.CrossC 1.00	weak		3	1	1	1	489	70.5	5.0	0.3043	0	0
hadur2.Hadur 3.9	suh.nano.CrossC 1.00	weak		3	2	1	1	462	69.8	4.2	0.3333	0	0
hadur2.Hadur 3.9	suh.nano.CrossC 1.00	weak		3	3	1	1	304	83.0	0.0	0.6250	0	0
hadur2.Hadur 3.9	suh.nano.CrossC 1.00	weak		3	4	1	1	431	73.0	5.5	0.2500	0	0
hadur2.Hadur 3.9	suh.nano.CrossC 1.00	weak		3	5	1	1	384	78.8	5.5	0.3077	0	0
hadur2.Hadur 3.9	suh.nano.CrossC 1.00	weak		3	6	1	1	379	75.6	0.0	0.3077	0	0
hadur2.Hadur 3.9	suh.nano.CrossC 1.00	weak		3	7	1	1	391	78.7	5.8	0.2857	0	0
hadur2.Hadur 3.9	suh.nano.CrossC 1.00	weak		3	8	1	1	449	65.8	0.0	0.2353	0	0
hadur2.Hadur 3.9	suh.nano.CrossC 1.00	weak		3	9	1	1	460	73.3	5.0	0.2222	0	0
hadur2.Hadur 3.9	suh.nano.CrossC 1.00	weak		3	10	1	1	368	84.7	9.7	0.4167	0	0
hadur2.Hadur 3.9	suh.nano.CrossC 1.00	weak		3	11	1	1	364	77.0	0.0	0.3333	0	0
hadur2.Hadur 3.9	suh.nano.CrossC 1.00	weak		3	12	1	1	368	85.7	10.8	0.4167	0	0
hadur2.Hadur 3.9	suh.nano.CrossC 1.00	weak		3	13	1	1	386	79.2	0.0	0.3077	0	0
hadur2.Hadur 3.9	suh.nano.CrossC 1.00	weak		3	14	1	1	327	81.3	0.0	0.5000	0	0
hadur2.Hadur 3.9	suh.nano.CrossC 1.00	weak		3	15	1	1	371	83.2	4.7	0.3846	0	0
hadur2.Hadur 3.9	suh.nano.CrossC 1.00	weak		3	16	1	1	365	72.4	0.0	0.3333	0	0
hadur2.Hadur 3.9	suh.nano.CrossC 1.00	weak		3	17	1	1	434	67.4	7.2	0.2353	0	0
hadur2.Hadur 3.9	suh.nano.CrossC 1.00	weak		3	18	1	1	365	70.9	0.0	0.3333	0	0
hadur2.Hadur 3.9	suh.nano.CrossC 1.00	weak		3	19	1	1	369	82.5	0.0	0.3846	0	0
hadur2.Hadur 3.9	suh.nano.CrossC 1.00	weak		3	20	1	1	379	80.0	5.6	0.3846	0	0
hadur2.Hadur 3.9	suh.nano.CrossC 1.00	weak		3	21	1	1	343	80.0	0.0	0.4545	0	0
hadur2.Hadur 3.9	suh.nano.CrossC 1.00	weak		3	22	1	1	364	76.6	0.0	0.3333	0	0
hadur2.Hadur 3.9	suh.nano.CrossC 1.00	weak		3	23	1	1	348	77.4	0.0	0.3636	0	0
hadur2.Hadur 3.9	suh.nano.CrossC 1.00	weak		3	24	1	1	373	80.0	0.0	0.3846	0	0
hadur2.Hadur 3.9	suh.nano.CrossC 1.00	weak		3	25	1	1	347	75.3	0.0	0.3636	0	0
hadur2.Hadur 3.9	suh.nano.CrossC 1.00	weak		3	26	1	1	379	91.5	22.2	0.3846	0	0
hadur2.Hadur 3.9	suh.nano.CrossC 1.00	weak		3	27	1	1	410	77.2	0.0	0.2667	0	0
hadur2.Hadur 3.9	suh.nano.CrossC 1.00	weak		3	28	1	1	430	77.3	12.7	0.2500	0	0
hadur2.Hadur 3.9	suh.nano.CrossC 1.00	weak		3	29	1	1	399	80.0	7.0	0.3571	0	0
hadur2.Hadur 3.9	suh.nano.CrossC 1.00	weak		3	30	1	1	390	80.0	0.0	0.3571	0	0
hadur2.Hadur 3.9	suh.nano.CrossC 1.00	weak		3	31	1	1	567	79.1	35.0	0.1600	0	0
hadur2.Hadur 3.9	suh.nano.CrossC 1.00	weak		3	32	1	1	331	82.2	0.0	0.5000	0	0
hadur2.Hadur 3.9	suh.nano.CrossC 1.00	weak		3	33	1	1	327	75.6	0.0	0.4000	0	0
hadur2.Hadur 3.9	suh.nano.CrossC 1.00	weak		3	34	1	1	405	72.2	0.0	0.2667	0	6
hadur2.Hadur 3.9	suh.nano.CrossC 1.00	weak		4	0	1	1	542	77.6	15.6	0.2963	0	7
hadur2.Hadur 3.9	suh.nano.CrossC 1.00	weak		4	1	1	1	443	72.4	6.6	0.3684	0	0
hadur2.Hadur 3.9	suh.nano.CrossC 1.00	weak		4	2	1	1	385	79.6	0.0	0.5333	0	0
hadur2.Hadur 3.9	suh.nano.CrossC 1.00	weak		4	3	1	1	501	61.1	3.8	0.2174	0	0
hadur2.Hadur 3.9	suh.nano.CrossC 1.00	weak		4	4	1	1	459	64.3	0.0	0.2222	0	0
hadur2.Hadur 3.9	suh.nano.CrossC 1.00	weak		4	5	1	1	374	80.0	0.0	0.3571	0	0
hadur2.Hadur 3.9	suh.nano.CrossC 1.00	weak		4	6	1	1	366	78.5	0.0	0.3333	0	0
hadur2.Hadur 3.9	suh.nano.CrossC 1.00	weak		4	7	1	1	410	69.3	0.0	0.2667	0	0
hadur2.Hadur 3.9	suh.nano.CrossC 1.00	weak		4	8	1	1	367	80.0	0.0	0.3846	0	0
hadur2.Hadur 3.9	suh.nano.CrossC 1.00	weak		4	9	1	1	421	80.0	6.7	0.3125	0	0
hadur2.Hadur 3.9	suh.nano.CrossC 1.00	weak		4	10	1	1	415	76.6	8.0	0.2667	0	1
hadur2.Hadur 3.9	suh.nano.CrossC 1.00	weak		4	11	1	1	395	80.0	7.8	0.3571	0	0
hadur2.Hadur 3.9	suh.nano.CrossC 1.00	weak		4	12	1	1	366	81.5	7.1	0.4167	0	0
hadur2.Hadur 3.9	suh.nano.CrossC 1.00	weak		4	13	1	1	370	80.0	0.0	0.3846	0	0
hadur2.Hadur 3.9	suh.nano.CrossC 1.00	weak		4	14	1	1	353	78.0	0.0	0.3636	0	0
hadur2.Hadur 3.9	suh.nano.CrossC 1.00	weak		4	15	1	1	458	71.7	6.6	0.2222	0	0
hadur2.Hadur 3.9	suh.nano.CrossC 1.00	weak		4	16	1	1	327	81.9	0.0	0.5000	0	0
hadur2.Hadur 3.9	suh.nano.CrossC 1.00	weak		4	17	1	1	365	80.1	0.0	0.3846	0	0
hadur2.Hadur 3.9	suh.nano.CrossC 1.00	weak		4	18	1	1	413	75.3	0.0	0.2667	0	0
hadur2.Hadur 3.9	suh.nano.CrossC 1.00	weak		4	19	1	1	385	70.5	0.0	0.3077	0	0
hadur2.Hadur 3.9	suh.nano.CrossC 1.00	weak		4	20	1	1	348	74.8	7.4	0.3636	0	0
hadur2.Hadur 3.9	suh.nano.CrossC 1.00	weak		4	21	1	1	327	83.2	0.0	0.5000	0	0
hadur2.Hadur 3.9	suh.nano.CrossC 1.00	weak		4	22	1	1	418	78.3	6.8	0.3333	0	0
hadur2.Hadur 3.9	suh.nano.CrossC 1.00	weak		4	23	1	1	335	86.2	0.0	0.5000	0	0
hadur2.Hadur 3.9	suh.nano.CrossC 1.00	weak		4	24	1	1	372	80.8	11.9	0.5385	0	0
hadur2.Hadur 3.9	suh.nano.CrossC 1.00	weak		4	25	1	1	362	80.0	0.0	0.4167	0	0
hadur2.Hadur 3.9	suh.nano.CrossC 1.00	weak		4	26	1	1	406	73.4	0.0	0.2667	0	0
hadur2.Hadur 3.9	suh.nano.CrossC 1.00	weak		4	27	1	1	375	79.1	5.2	0.3077	0	0
hadur2.Hadur 3.9	suh.nano.CrossC 1.00	weak		4	28	1	1	427	76.0	0.0	0.2500	0	0
hadur2.Hadur 3.9	suh.nano.CrossC 1.00	weak		4	29	1	1	380	75.1	0.0	0.3077	0	0
hadur2.Hadur 3.9	suh.nano.CrossC 1.00	weak		4	30	1	1	379	77.8	0.0	0.3077	0	0
hadur2.Hadur 3.9	suh.nano.CrossC 1.00	weak		4	31	1	1	419	68.6	0.0	0.2500	0	0
hadur2.Hadur 3.9	suh.nano.CrossC 1.00	weak		4	32	1	1	365	77.4	0.0	0.3333	0	0
hadur2.Hadur 3.9	suh.nano.CrossC 1.00	weak		4	33	1	1	332	87.9	5.8	0.5000	0	0
hadur2.Hadur 3.9	suh.nano.CrossC 1.00	weak		4	34	1	1	460	62.4	0.0	0.1667	0	8
hadur2.Hadur 3.9	sul.BlueBot 1.0	weak		1	0	1	1	369	72.0	0.0	0.5000	0	6
hadur2.Hadur 3.9	sul.BlueBot 1.0	weak		1	1	1	1	337	76.0	0.0	0.5833	0	0
hadur2.Hadur 3.9	sul.BlueBot 1.0	weak		1	2	1	1	362	74.0	0.0	0.5385	0	0
hadur2.Hadur 3.9	sul.BlueBot 1.0	weak		1	3	1	1	362	74.0	0.0	0.5385	0	0
hadur2.Hadur 3.9	sul.BlueBot 1.0	weak		1	4	1	1	316	80.0	0.0	0.4444	0	0
hadur2.Hadur 3.9	sul.BlueBot 1.0	weak		1	5	1	1	359	82.0	10.0	0.4615	0	0
hadur2.Hadur 3.9	sul.BlueBot 1.0	weak		1	6	1	1	316	80.0	0.0	0.4444	0	0
hadur2.Hadur 3.9	sul.BlueBot 1.0	weak		1	7	1	1	333	78.0	0.0	0.4000	0	0
hadur2.Hadur 3.9	sul.BlueBot 1.0	weak		1	8	1	1	328	80.0	0.0	0.5000	0	0
hadur2.Hadur 3.9	sul.BlueBot 1.0	weak		1	9	1	1	324	78.0	0.0	0.4444	0	0
hadur2.Hadur 3.9	sul.BlueBot 1.0	weak		1	10	1	1	349	82.0	10.0	0.5000	0	0
hadur2.Hadur 3.9	sul.BlueBot 1.0	weak		1	11	1	1	315	80.0	0.0	0.4444	0	0
hadur2.Hadur 3.9	sul.BlueBot 1.0	weak		1	12	1	1	339	80.0	0.0	0.4545	0	0
hadur2.Hadur 3.9	sul.BlueBot 1.0	weak		1	13	1	1	316	80.0	0.0	0.5556	0	0
hadur2.Hadur 3.9	sul.BlueBot 1.0	weak		1	14	1	1	297	82.0	0.0	0.6250	0	0
hadur2.Hadur 3.9	sul.BlueBot 1.0	weak		1	15	1	1	347	82.0	10.0	0.5000	0	0
hadur2.Hadur 3.9	sul.BlueBot 1.0	weak		1	16	1	1	342	76.0	0.0	0.3636	0	0
hadur2.Hadur 3.9	sul.BlueBot 1.0	weak		1	17	1	1	315	80.0	0.0	0.4444	0	0
hadur2.Hadur 3.9	sul.BlueBot 1.0	weak		1	18	1	1	365	74.0	0.0	0.3333	0	0
hadur2.Hadur 3.9	sul.BlueBot 1.0	weak		1	19	1	1	347	76.0	0.0	0.3636	0	0
hadur2.Hadur 3.9	sul.BlueBot 1.0	weak		1	20	1	1	291	84.0	0.0	0.7143	0	0
hadur2.Hadur 3.9	sul.BlueBot 1.0	weak		1	21	1	1	308	80.0	0.0	0.5000	0	0
hadur2.Hadur 3.9	sul.BlueBot 1.0	weak		1	22	1	1	313	80.0	0.0	0.5556	0	0
hadur2.Hadur 3.9	sul.BlueBot 1.0	weak		1	23	1	1	308	80.0	0.0	0.5000	0	0
hadur2.Hadur 3.9	sul.BlueBot 1.0	weak		1	24	1	1	312	80.0	10.0	0.5556	0	0
hadur2.Hadur 3.9	sul.BlueBot 1.0	weak		1	25	1	1	314	80.0	10.0	0.5556	0	0
hadur2.Hadur 3.9	sul.BlueBot 1.0	weak		1	26	1	1	293	84.0	0.0	0.7143	0	0
hadur2.Hadur 3.9	sul.BlueBot 1.0	weak		1	27	1	1	298	82.0	0.0	0.6250	0	0
hadur2.Hadur 3.9	sul.BlueBot 1.0	weak		1	28	1	1	346	82.0	10.0	0.4167	0	0
hadur2.Hadur 3.9	sul.BlueBot 1.0	weak		1	29	1	1	345	76.0	0.0	0.3636	0	0
hadur2.Hadur 3.9	sul.BlueBot 1.0	weak		1	30	1	1	317	80.0	0.0	0.5556	0	0
hadur2.Hadur 3.9	sul.BlueBot 1.0	weak		1	31	1	1	313	80.0	10.0	0.5556	0	0
hadur2.Hadur 3.9	sul.BlueBot 1.0	weak		1	32	1	1	300	82.0	0.0	0.6250	0	0
hadur2.Hadur 3.9	sul.BlueBot 1.0	weak		1	33	1	1	306	82.0	0.0	0.6250	0	0
hadur2.Hadur 3.9	sul.BlueBot 1.0	weak		1	34	1	1	312	80.0	0.0	0.5556	0	6
hadur2.Hadur 3.9	sul.BlueBot 1.0	weak		2	0	1	1	420	66.0	0.0	0.3333	0	7
hadur2.Hadur 3.9	sul.BlueBot 1.0	weak		2	1	1	1	323	78.0	0.0	0.7273	0	0
hadur2.Hadur 3.9	sul.BlueBot 1.0	weak		2	2	1	1	361	77.6	0.0	0.5714	0	0
hadur2.Hadur 3.9	sul.BlueBot 1.0	weak		2	3	1	1	354	74.0	0.0	0.5000	0	0
hadur2.Hadur 3.9	sul.BlueBot 1.0	weak		2	4	1	1	316	80.0	0.0	0.4444	0	0
hadur2.Hadur 3.9	sul.BlueBot 1.0	weak		2	5	1	1	313	80.0	0.0	0.4444	0	0
hadur2.Hadur 3.9	sul.BlueBot 1.0	weak		2	6	1	1	297	82.0	0.0	0.6250	0	0
hadur2.Hadur 3.9	sul.BlueBot 1.0	weak		2	7	1	1	316	80.0	0.0	0.5556	0	0
hadur2.Hadur 3.9	sul.BlueBot 1.0	weak		2	8	1	1	288	84.0	0.0	0.7143	0	0
hadur2.Hadur 3.9	sul.BlueBot 1.0	weak		2	9	1	1	286	84.0	0.0	0.7143	0	0
hadur2.Hadur 3.9	sul.BlueBot 1.0	weak		2	10	1	1	296	82.0	0.0	0.6250	0	0
hadur2.Hadur 3.9	sul.BlueBot 1.0	weak		2	11	1	1	312	80.0	0.0	0.4444	0	0
hadur2.Hadur 3.9	sul.BlueBot 1.0	weak		2	12	1	1	311	80.0	20.0	0.5556	0	0
hadur2.Hadur 3.9	sul.BlueBot 1.0	weak		2	13	1	1	361	74.0	0.0	0.3333	0	0
hadur2.Hadur 3.9	sul.BlueBot 1.0	weak		2	14	1	1	347	76.0	0.0	0.3636	0	0
hadur2.Hadur 3.9	sul.BlueBot 1.0	weak		2	15	1	1	332	78.0	0.0	0.4000	0	0
hadur2.Hadur 3.9	sul.BlueBot 1.0	weak		2	16	1	1	308	77.0	0.0	0.5000	0	0
hadur2.Hadur 3.9	sul.BlueBot 1.0	weak		2	17	1	1	349	76.0	0.0	0.3636	0	0
hadur2.Hadur 3.9	sul.BlueBot 1.0	weak		2	18	1	1	300	82.0	0.0	0.6250	0	0
hadur2.Hadur 3.9	sul.BlueBot 1.0	weak		2	19	1	1	301	82.0	0.0	0.6250	0	0
hadur2.Hadur 3.9	sul.BlueBot 1.0	weak		2	20	1	1	298	82.0	0.0	0.6250	0	0
hadur2.Hadur 3.9	sul.BlueBot 1.0	weak		2	21	1	1	328	78.0	0.0	0.4000	0	0
hadur2.Hadur 3.9	sul.BlueBot 1.0	weak		2	22	1	1	361	82.0	10.0	0.4615	0	0
hadur2.Hadur 3.9	sul.BlueBot 1.0	weak		2	23	1	1	297	82.0	0.0	0.6250	0	0
hadur2.Hadur 3.9	sul.BlueBot 1.0	weak		2	24	1	1	364	71.0	0.0	0.3333	0	0
hadur2.Hadur 3.9	sul.BlueBot 1.0	weak		2	25	1	1	318	80.0	0.0	0.5556	0	0
hadur2.Hadur 3.9	sul.BlueBot 1.0	weak		2	26	1	1	323	80.0	0.0	0.5000	0	0
hadur2.Hadur 3.9	sul.BlueBot 1.0	weak		2	27	1	1	314	80.0	0.0	0.5556	0	0
hadur2.Hadur 3.9	sul.BlueBot 1.0	weak		2	28	1	1	309	80.0	0.0	0.5000	0	0
hadur2.Hadur 3.9	sul.BlueBot 1.0	weak		2	29	1	1	314	80.0	0.0	0.4444	0	0
hadur2.Hadur 3.9	sul.BlueBot 1.0	weak		2	30	1	1	288	84.0	0.0	0.7143	0	0
hadur2.Hadur 3.9	sul.BlueBot 1.0	weak		2	31	1	1	397	68.0	0.0	0.2857	0	0
hadur2.Hadur 3.9	sul.BlueBot 1.0	weak		2	32	1	1	313	80.0	0.0	0.4444	0	0
hadur2.Hadur 3.9	sul.BlueBot 1.0	weak		2	33	1	1	341	76.0	0.0	0.4000	0	0
hadur2.Hadur 3.9	sul.BlueBot 1.0	weak		2	34	1	1	327	78.0	10.0	0.4000	0	6
hadur2.Hadur 3.9	sul.BlueBot 1.0	weak		3	0	1	1	382	70.0	10.0	0.4667	0	4
hadur2.Hadur 3.9	sul.BlueBot 1.0	weak		3	1	1	1	351	74.0	0.0	0.5385	0	0
hadur2.Hadur 3.9	sul.BlueBot 1.0	weak		3	2	1	1	359	77.6	0.0	0.5714	0	0
hadur2.Hadur 3.9	sul.BlueBot 1.0	weak		3	3	1	1	357	74.0	0.0	0.4615	0	0
hadur2.Hadur 3.9	sul.BlueBot 1.0	weak		3	4	1	1	364	72.0	0.0	0.3333	0	0
hadur2.Hadur 3.9	sul.BlueBot 1.0	weak		3	5	1	1	321	80.0	10.0	0.5000	0	0
hadur2.Hadur 3.9	sul.BlueBot 1.0	weak		3	6	1	1	327	78.0	0.0	0.4000	0	0
hadur2.Hadur 3.9	sul.BlueBot 1.0	weak		3	7	1	1	314	80.0	0.0	0.4444	0	0
hadur2.Hadur 3.9	sul.BlueBot 1.0	weak		3	8	1	1	313	80.0	0.0	0.4444	0	0
hadur2.Hadur 3.9	sul.BlueBot 1.0	weak		3	9	1	1	317	80.0	0.0	0.4444	0	0
hadur2.Hadur 3.9	sul.BlueBot 1.0	weak		3	10	1	1	326	80.0	10.0	0.5000	0	0
hadur2.Hadur 3.9	sul.BlueBot 1.0	weak		3	11	1	1	345	76.0	0.0	0.3636	0	0
hadur2.Hadur 3.9	sul.BlueBot 1.0	weak		3	12	1	1	305	82.0	0.0	0.6250	0	0
hadur2.Hadur 3.9	sul.BlueBot 1.0	weak		3	13	1	1	318	80.0	0.0	0.5556	0	0
hadur2.Hadur 3.9	sul.BlueBot 1.0	weak		3	14	1	1	333	78.0	0.0	0.4000	0	0
hadur2.Hadur 3.9	sul.BlueBot 1.0	weak		3	15	1	1	314	80.0	0.0	0.4444	0	0
hadur2.Hadur 3.9	sul.BlueBot 1.0	weak		3	16	1	1	310	80.0	0.0	0.5556	0	0
hadur2.Hadur 3.9	sul.BlueBot 1.0	weak		3	17	1	1	361	82.0	10.0	0.4615	0	0
hadur2.Hadur 3.9	sul.BlueBot 1.0	weak		3	18	1	1	309	80.0	10.0	0.6250	0	0
hadur2.Hadur 3.9	sul.BlueBot 1.0	weak		3	19	1	1	309	80.0	10.0	0.6250	0	0
hadur2.Hadur 3.9	sul.BlueBot 1.0	weak		3	20	1	1	297	82.0	0.0	0.6250	0	0
hadur2.Hadur 3.9	sul.BlueBot 1.0	weak		3	21	1	1	345	76.0	0.0	0.3636	0	0
hadur2.Hadur 3.9	sul.BlueBot 1.0	weak		3	22	1	1	332	78.0	0.0	0.4000	0	0
hadur2.Hadur 3.9	sul.BlueBot 1.0	weak		3	23	1	1	309	80.0	0.0	0.5000	0	0
hadur2.Hadur 3.9	sul.BlueBot 1.0	weak		3	24	1	1	330	80.0	10.0	0.5000	0	0
hadur2.Hadur 3.9	sul.BlueBot 1.0	weak		3	25	1	1	331	78.0	0.0	0.4000	0	0
hadur2.Hadur 3.9	sul.BlueBot 1.0	weak		3	26	1	1	312	80.0	10.0	0.5556	0	0
hadur2.Hadur 3.9	sul.BlueBot 1.0	weak		3	27	1	1	300	82.0	0.0	0.6250	0	0
hadur2.Hadur 3.9	sul.BlueBot 1.0	weak		3	28	1	1	327	78.0	0.0	0.4000	0	0
hadur2.Hadur 3.9	sul.BlueBot 1.0	weak		3	29	1	1	329	78.0	0.0	0.4000	0	0
hadur2.Hadur 3.9	sul.BlueBot 1.0	weak		3	30	1	1	349	82.0	10.0	0.4167	0	0
hadur2.Hadur 3.9	sul.BlueBot 1.0	weak		3	31	1	1	361	74.0	0.0	0.3333	0	0
hadur2.Hadur 3.9	sul.BlueBot 1.0	weak		3	32	1	1	332	78.0	0.0	0.4000	0	0
hadur2.Hadur 3.9	sul.BlueBot 1.0	weak		3	33	1	1	310	80.0	0.0	0.4444	0	0
hadur2.Hadur 3.9	sul.BlueBot 1.0	weak		3	34	1	1	314	80.0	0.0	0.4444	0	6
hadur2.Hadur 3.9	sul.BlueBot 1.0	weak		4	0	1	1	405	68.0	0.0	0.4118	0	8
hadur2.Hadur 3.9	sul.BlueBot 1.0	weak		4	1	1	1	348	76.0	0.0	0.5833	0	0
hadur2.Hadur 3.9	sul.BlueBot 1.0	weak		4	2	1	1	355	77.6	6.8	0.6154	0	0
hadur2.Hadur 3.9	sul.BlueBot 1.0	weak		4	3	1	1	368	72.0	0.0	0.5000	0	0
hadur2.Hadur 3.9	sul.BlueBot 1.0	weak		4	4	1	1	332	78.0	0.0	0.7273	0	0
hadur2.Hadur 3.9	sul.BlueBot 1.0	weak		4	5	1	1	308	80.0	0.0	0.5000	0	0
hadur2.Hadur 3.9	sul.BlueBot 1.0	weak		4	6	1	1	316	80.0	0.0	0.4444	0	0
hadur2.Hadur 3.9	sul.BlueBot 1.0	weak		4	7	1	1	312	80.0	10.0	0.5556	0	0
hadur2.Hadur 3.9	sul.BlueBot 1.0	weak		4	8	1	1	293	84.0	0.0	0.7143	0	0
hadur2.Hadur 3.9	sul.BlueBot 1.0	weak		4	9	1	1	324	78.0	0.0	0.4444	0	0
hadur2.Hadur 3.9	sul.BlueBot 1.0	weak		4	10	1	1	313	80.0	0.0	0.5556	0	1
hadur2.Hadur 3.9	sul.BlueBot 1.0	weak		4	11	1	1	320	80.0	10.0	0.5556	0	0
hadur2.Hadur 3.9	sul.BlueBot 1.0	weak		4	12	1	1	312	80.0	0.0	0.5556	0	0
hadur2.Hadur 3.9	sul.BlueBot 1.0	weak		4	13	1	1	293	84.0	0.0	0.7143	0	0
hadur2.Hadur 3.9	sul.BlueBot 1.0	weak		4	14	1	1	310	80.0	0.0	0.4444	0	0
hadur2.Hadur 3.9	sul.BlueBot 1.0	weak		4	15	1	1	288	84.0	0.0	0.7143	0	0
hadur2.Hadur 3.9	sul.BlueBot 1.0	weak		4	16	1	1	338	76.0	0.0	0.4000	0	0
hadur2.Hadur 3.9	sul.BlueBot 1.0	weak		4	17	1	1	312	80.0	0.0	0.4444	0	0
hadur2.Hadur 3.9	sul.BlueBot 1.0	weak		4	18	1	1	306	82.0	0.0	0.6250	0	0
hadur2.Hadur 3.9	sul.BlueBot 1.0	weak		4	19	1	1	312	80.0	10.0	0.5556	0	0
hadur2.Hadur 3.9	sul.BlueBot 1.0	weak		4	20	1	1	313	80.0	0.0	0.5556	0	0
hadur2.Hadur 3.9	sul.BlueBot 1.0	weak		4	21	1	1	293	84.0	0.0	0.7143	0	0
hadur2.Hadur 3.9	sul.BlueBot 1.0	weak		4	22	1	1	315	80.0	0.0	0.4444	0	0
hadur2.Hadur 3.9	sul.BlueBot 1.0	weak		4	23	1	1	331	78.0	0.0	0.4000	0	0
hadur2.Hadur 3.9	sul.BlueBot 1.0	weak		4	24	1	1	315	80.0	0.0	0.5556	0	0
hadur2.Hadur 3.9	sul.BlueBot 1.0	weak		4	25	1	1	344	76.0	0.0	0.3636	0	0
hadur2.Hadur 3.9	sul.BlueBot 1.0	weak		4	26	1	1	309	80.0	10.0	0.5556	0	0
hadur2.Hadur 3.9	sul.BlueBot 1.0	weak		4	27	1	1	310	80.0	0.0	0.4444	0	0
hadur2.Hadur 3.9	sul.BlueBot 1.0	weak		4	28	1	1	316	80.0	0.0	0.5556	0	0
hadur2.Hadur 3.9	sul.BlueBot 1.0	weak		4	29	1	1	289	84.0	0.0	0.7143	0	0
hadur2.Hadur 3.9	sul.BlueBot 1.0	weak		4	30	1	1	310	80.0	0.0	0.5556	0	0
hadur2.Hadur 3.9	sul.BlueBot 1.0	weak		4	31	1	1	332	78.0	0.0	0.4000	0	0
hadur2.Hadur 3.9	sul.BlueBot 1.0	weak		4	32	1	1	286	84.0	0.0	0.7143	0	0
hadur2.Hadur 3.9	sul.BlueBot 1.0	weak		4	33	1	1	302	82.0	0.0	0.6250	0	0
hadur2.Hadur 3.9	sul.BlueBot 1.0	weak		4	34	1	1	352	82.0	10.0	0.5000	0	5
hadur2.Hadur 3.9	supersample.SuperCorners 1.0	weak		1	0	1	1	396	69.7	12.4	0.3333	0	5
hadur2.Hadur 3.9	supersample.SuperCorners 1.0	weak		1	1	1	1	402	65.1	0.0	0.3750	0	0
hadur2.Hadur 3.9	supersample.SuperCorners 1.0	weak		1	2	1	1	461	58.3	0.0	0.2857	0	0
hadur2.Hadur 3.9	supersample.SuperCorners 1.0	weak		1	3	1	1	365	71.2	0.0	0.5000	0	0
hadur2.Hadur 3.9	supersample.SuperCorners 1.0	weak		1	4	1	1	383	73.3	12.4	0.3077	0	0
hadur2.Hadur 3.9	supersample.SuperCorners 1.0	weak		1	5	1	1	348	72.3	0.0	0.3636	0	0
hadur2.Hadur 3.9	supersample.SuperCorners 1.0	weak		1	6	1	1	433	80.0	65.8	0.3125	0	0
hadur2.Hadur 3.9	supersample.SuperCorners 1.0	weak		1	7	1	1	408	77.1	24.8	0.2667	0	0
hadur2.Hadur 3.9	supersample.SuperCorners 1.0	weak		1	8	1	1	320	75.7	0.0	0.4444	0	0
hadur2.Hadur 3.9	supersample.SuperCorners 1.0	weak		1	9	1	1	696	53.1	10.5	0.1143	0	0
hadur2.Hadur 3.9	supersample.SuperCorners 1.0	weak		1	10	1	1	333	74.3	0.0	0.4000	0	0
hadur2.Hadur 3.9	supersample.SuperCorners 1.0	weak		1	11	1	1	350	72.3	0.0	0.3636	0	0
hadur2.Hadur 3.9	supersample.SuperCorners 1.0	weak		1	12	1	1	333	71.9	0.0	0.4000	0	0
hadur2.Hadur 3.9	supersample.SuperCorners 1.0	weak		1	13	1	1	320	76.7	0.0	0.4444	0	0
hadur2.Hadur 3.9	supersample.SuperCorners 1.0	weak		1	14	1	1	453	59.1	0.0	0.1765	0	0
hadur2.Hadur 3.9	supersample.SuperCorners 1.0	weak		1	15	1	1	269	84.0	0.0	0.8333	0	0
hadur2.Hadur 3.9	supersample.SuperCorners 1.0	weak		1	16	1	1	371	78.4	23.5	0.3333	0	0
hadur2.Hadur 3.9	supersample.SuperCorners 1.0	weak		1	17	1	1	555	56.8	16.0	0.1667	0	0
hadur2.Hadur 3.9	supersample.SuperCorners 1.0	weak		1	18	1	1	419	69.4	12.4	0.2667	0	0
hadur2.Hadur 3.9	supersample.SuperCorners 1.0	weak		1	19	1	1	481	54.4	0.0	0.1579	0	0
hadur2.Hadur 3.9	supersample.SuperCorners 1.0	weak		1	20	1	1	370	70.6	0.0	0.3333	0	0
hadur2.Hadur 3.9	supersample.SuperCorners 1.0	weak		1	21	1	1	283	83.1	0.0	0.7143	0	0
hadur2.Hadur 3.9	supersample.SuperCorners 1.0	weak		1	22	1	1	484	47.9	0.0	0.1053	0	0
hadur2.Hadur 3.9	supersample.SuperCorners 1.0	weak		1	23	1	1	550	53.6	12.4	0.1250	0	0
hadur2.Hadur 3.9	supersample.SuperCorners 1.0	weak		1	24	1	1	319	76.6	0.0	0.4444	0	0
hadur2.Hadur 3.9	supersample.SuperCorners 1.0	weak		1	25	1	1	987	19.6	34.5	0.1429	0	0
hadur2.Hadur 3.9	supersample.SuperCorners 1.0	weak		1	26	1	1	433	65.8	0.0	0.2353	0	0
hadur2.Hadur 3.9	supersample.SuperCorners 1.0	weak		1	27	1	1	480	66.6	24.8	0.2000	0	0
hadur2.Hadur 3.9	supersample.SuperCorners 1.0	weak		1	28	1	1	554	41.0	0.0	0.0833	0	0
hadur2.Hadur 3.9	supersample.SuperCorners 1.0	weak		1	29	1	1	449	59.1	0.0	0.2632	0	0
hadur2.Hadur 3.9	supersample.SuperCorners 1.0	weak		1	30	1	1	361	95.8	42.6	0.5000	0	0
hadur2.Hadur 3.9	supersample.SuperCorners 1.0	weak		1	31	1	1	332	82.6	16.0	0.5000	0	0
hadur2.Hadur 3.9	supersample.SuperCorners 1.0	weak		1	32	1	1	317	76.6	0.0	0.4444	0	0
hadur2.Hadur 3.9	supersample.SuperCorners 1.0	weak		1	33	1	1	572	39.9	0.0	0.0800	0	0
hadur2.Hadur 3.9	supersample.SuperCorners 1.0	weak		1	34	1	1	456	72.7	24.8	0.2222	0	5
hadur2.Hadur 3.9	supersample.SuperCorners 1.0	weak		2	0	1	1	348	80.0	41.5	0.4545	0	6
hadur2.Hadur 3.9	supersample.SuperCorners 1.0	weak		2	1	1	1	468	83.1	50.1	0.3000	0	0
hadur2.Hadur 3.9	supersample.SuperCorners 1.0	weak		2	2	1	1	418	68.4	16.0	0.2941	0	0
hadur2.Hadur 3.9	supersample.SuperCorners 1.0	weak		2	3	1	1	344	80.9	10.2	0.5833	0	0
hadur2.Hadur 3.9	supersample.SuperCorners 1.0	weak		2	4	1	1	291	79.8	4.2	0.7500	0	0
hadur2.Hadur 3.9	supersample.SuperCorners 1.0	weak		2	5	1	1	418	70.5	12.4	0.2667	0	0
hadur2.Hadur 3.9	supersample.SuperCorners 1.0	weak		2	6	1	1	319	76.6	0.0	0.4444	0	0
hadur2.Hadur 3.9	supersample.SuperCorners 1.0	weak		2	7	1	1	346	81.8	16.0	0.4545	0	0
hadur2.Hadur 3.9	supersample.SuperCorners 1.0	weak		2	8	1	1	566	52.5	12.4	0.1154	0	0
hadur2.Hadur 3.9	supersample.SuperCorners 1.0	weak		2	9	1	1	314	111.3	63.5	0.6667	0	0
hadur2.Hadur 3.9	supersample.SuperCorners 1.0	weak		2	10	1	1	336	92.5	39.7	0.5000	0	0
hadur2.Hadur 3.9	supersample.SuperCorners 1.0	weak		2	11	1	1	356	72.6	0.0	0.3636	0	0
hadur2.Hadur 3.9	supersample.SuperCorners 1.0	weak		2	12	1	1	408	66.3	0.0	0.2667	0	0
hadur2.Hadur 3.9	supersample.SuperCorners 1.0	weak		2	13	1	1	302	88.8	16.0	0.6250	0	0
hadur2.Hadur 3.9	supersample.SuperCorners 1.0	weak		2	14	1	1	384	67.9	0.0	0.3077	0	0
hadur2.Hadur 3.9	supersample.SuperCorners 1.0	weak		2	15	1	1	506	55.9	12.4	0.1429	0	0
hadur2.Hadur 3.9	supersample.SuperCorners 1.0	weak		2	16	1	1	299	87.5	16.0	0.6250	0	0
hadur2.Hadur 3.9	supersample.SuperCorners 1.0	weak		2	17	1	1	300	81.2	0.0	0.6250	0	0
hadur2.Hadur 3.9	supersample.SuperCorners 1.0	weak		2	18	1	1	303	77.0	0.0	0.5000	0	0
hadur2.Hadur 3.9	supersample.SuperCorners 1.0	weak		2	19	1	1	522	44.6	0.0	0.0909	0	0
hadur2.Hadur 3.9	supersample.SuperCorners 1.0	weak		2	20	1	1	377	75.7	12.4	0.3077	0	0
hadur2.Hadur 3.9	supersample.SuperCorners 1.0	weak		2	21	1	1	574	48.8	0.0	0.1071	0	0
hadur2.Hadur 3.9	supersample.SuperCorners 1.0	weak		2	22	1	1	428	73.1	19.0	0.2500	0	0
hadur2.Hadur 3.9	supersample.SuperCorners 1.0	weak		2	23	1	1	328	78.4	5.2	0.4000	0	0
hadur2.Hadur 3.9	supersample.SuperCorners 1.0	weak		2	24	1	1	272	85.0	2.2	0.8333	0	0
hadur2.Hadur 3.9	supersample.SuperCorners 1.0	weak		2	25	1	1	297	82.8	1.2	0.7500	0	0
hadur2.Hadur 3.9	supersample.SuperCorners 1.0	weak		2	26	1	1	288	89.9	16.0	0.7143	0	0
hadur2.Hadur 3.9	supersample.SuperCorners 1.0	weak		2	27	0	0	453	113.1	108.3	0.3889	0	0
hadur2.Hadur 3.9	supersample.SuperCorners 1.0	weak		2	28	1	1	361	94.0	42.5	0.4167	0	0
hadur2.Hadur 3.9	supersample.SuperCorners 1.0	weak		2	29	1	1	301	79.0	0.0	0.5000	0	0
hadur2.Hadur 3.9	supersample.SuperCorners 1.0	weak		2	30	1	1	335	73.2	0.0	0.4000	0	0
hadur2.Hadur 3.9	supersample.SuperCorners 1.0	weak		2	31	1	1	459	66.8	0.0	0.2105	0	0
hadur2.Hadur 3.9	supersample.SuperCorners 1.0	weak		2	32	1	1	318	76.6	0.0	0.4444	0	0
hadur2.Hadur 3.9	supersample.SuperCorners 1.0	weak		2	33	1	1	419	64.3	0.0	0.2500	0	0
hadur2.Hadur 3.9	supersample.SuperCorners 1.0	weak		2	34	1	1	478	54.6	0.0	0.1579	0	6
hadur2.Hadur 3.9	supersample.SuperCorners 1.0	weak		3	0	1	1	259	80.0	77.1	1.0000	0	3
hadur2.Hadur 3.9	supersample.SuperCorners 1.0	weak		3	1	1	1	323	83.3	16.0	0.6000	0	0
hadur2.Hadur 3.9	supersample.SuperCorners 1.0	weak		3	2	1	1	608	42.2	12.4	0.1290	0	1
hadur2.Hadur 3.9	supersample.SuperCorners 1.0	weak		3	3	1	1	318	86.3	16.0	0.6000	0	0
hadur2.Hadur 3.9	supersample.SuperCorners 1.0	weak		3	4	1	1	585	56.1	24.8	0.1154	0	0
hadur2.Hadur 3.9	supersample.SuperCorners 1.0	weak		3	5	1	1	350	70.6	0.0	0.3636	0	0
hadur2.Hadur 3.9	supersample.SuperCorners 1.0	weak		3	6	1	1	265	85.0	0.0	0.8333	0	0
hadur2.Hadur 3.9	supersample.SuperCorners 1.0	weak		3	7	1	1	299	82.1	0.0	0.6250	0	0
hadur2.Hadur 3.9	supersample.SuperCorners 1.0	weak		3	8	1	1	347	78.0	12.4	0.3636	0	0
hadur2.Hadur 3.9	supersample.SuperCorners 1.0	weak		3	9	1	1	356	74.2	0.0	0.3636	0	0
hadur2.Hadur 3.9	supersample.SuperCorners 1.0	weak		3	10	1	1	623	54.6	37.2	0.1071	0	0
hadur2.Hadur 3.9	supersample.SuperCorners 1.0	weak		3	11	1	1	450	61.0	12.4	0.1765	0	0
hadur2.Hadur 3.9	supersample.SuperCorners 1.0	weak		3	12	1	1	396	116.4	88.8	0.5000	0	0
hadur2.Hadur 3.9	supersample.SuperCorners 1.0	weak		3	13	1	1	271	89.4	13.1	0.8333	0	0
hadur2.Hadur 3.9	supersample.SuperCorners 1.0	weak		3	14	1	1	399	130.9	118.0	0.5714	0	0
hadur2.Hadur 3.9	supersample.SuperCorners 1.0	weak		3	15	1	1	287	82.9	0.0	0.7143	0	0
hadur2.Hadur 3.9	supersample.SuperCorners 1.0	weak		3	16	1	1	302	79.7	0.0	0.5000	0	0
hadur2.Hadur 3.9	supersample.SuperCorners 1.0	weak		3	17	1	1	284	87.2	16.0	0.7143	0	0
hadur2.Hadur 3.9	supersample.SuperCorners 1.0	weak		3	18	1	1	387	75.8	8.2	0.3077	0	0
hadur2.Hadur 3.9	supersample.SuperCorners 1.0	weak		3	19	1	1	347	80.9	12.4	0.4545	0	0
hadur2.Hadur 3.9	supersample.SuperCorners 1.0	weak		3	20	0	0	470	58.1	82.2	0.2632	0	0
hadur2.Hadur 3.9	supersample.SuperCorners 1.0	weak		3	21	1	1	401	88.6	37.2	0.3571	0	0
hadur2.Hadur 3.9	supersample.SuperCorners 1.0	weak		3	22	1	1	666	31.1	12.4	0.0313	0	0
hadur2.Hadur 3.9	supersample.SuperCorners 1.0	weak		3	23	1	1	354	78.1	12.4	0.3636	0	0
hadur2.Hadur 3.9	supersample.SuperCorners 1.0	weak		3	24	0	0	520	64.0	59.1	0.1364	0	0
hadur2.Hadur 3.9	supersample.SuperCorners 1.0	weak		3	25	1	1	711	28.7	12.4	0.0541	0	0
hadur2.Hadur 3.9	supersample.SuperCorners 1.0	weak		3	26	1	1	348	77.0	12.4	0.4167	0	0
hadur2.Hadur 3.9	supersample.SuperCorners 1.0	weak		3	27	1	1	434	59.2	0.0	0.1875	0	0
hadur2.Hadur 3.9	supersample.SuperCorners 1.0	weak		3	28	1	1	330	90.4	24.8	0.5000	0	0
hadur2.Hadur 3.9	supersample.SuperCorners 1.0	weak		3	29	1	1	398	68.3	0.0	0.2667	0	0
hadur2.Hadur 3.9	supersample.SuperCorners 1.0	weak		3	30	1	1	357	94.9	64.7	0.4545	0	0
hadur2.Hadur 3.9	supersample.SuperCorners 1.0	weak		3	31	1	1	348	79.0	12.4	0.3636	0	0
hadur2.Hadur 3.9	supersample.SuperCorners 1.0	weak		3	32	1	1	416	67.2	0.0	0.2500	0	0
hadur2.Hadur 3.9	supersample.SuperCorners 1.0	weak		3	33	1	1	357	72.1	0.0	0.3636	0	0
hadur2.Hadur 3.9	supersample.SuperCorners 1.0	weak		3	34	1	1	370	70.5	0.0	0.3333	0	5
hadur2.Hadur 3.9	supersample.SuperCorners 1.0	weak		4	0	1	1	563	74.1	72.8	0.3333	298	7
hadur2.Hadur 3.9	supersample.SuperCorners 1.0	weak		4	1	1	1	364	79.3	19.1	0.3846	0	0
hadur2.Hadur 3.9	supersample.SuperCorners 1.0	weak		4	2	1	1	320	77.3	0.0	0.6000	0	0
hadur2.Hadur 3.9	supersample.SuperCorners 1.0	weak		4	3	1	1	308	79.4	0.0	0.6667	0	0
hadur2.Hadur 3.9	supersample.SuperCorners 1.0	weak		4	4	1	1	404	71.6	12.4	0.3750	0	0
hadur2.Hadur 3.9	supersample.SuperCorners 1.0	weak		4	5	1	1	321	77.1	0.0	0.6000	0	0
hadur2.Hadur 3.9	supersample.SuperCorners 1.0	weak		4	6	1	1	320	78.0	0.0	0.4444	0	0
hadur2.Hadur 3.9	supersample.SuperCorners 1.0	weak		4	7	1	1	332	83.2	12.4	0.5000	0	0
hadur2.Hadur 3.9	supersample.SuperCorners 1.0	weak		4	8	1	1	413	62.4	0.0	0.2000	0	0
hadur2.Hadur 3.9	supersample.SuperCorners 1.0	weak		4	9	1	1	286	81.2	0.0	0.7143	0	0
hadur2.Hadur 3.9	supersample.SuperCorners 1.0	weak		4	10	1	1	518	57.0	12.4	0.1429	0	0
hadur2.Hadur 3.9	supersample.SuperCorners 1.0	weak		4	11	1	1	314	75.9	0.0	0.4444	0	0
hadur2.Hadur 3.9	supersample.SuperCorners 1.0	weak		4	12	1	1	330	80.0	7.2	0.5000	0	0
hadur2.Hadur 3.9	supersample.SuperCorners 1.0	weak		4	13	1	1	522	46.7	0.0	0.0909	0	0
hadur2.Hadur 3.9	supersample.SuperCorners 1.0	weak		4	14	1	1	544	81.9	47.1	0.2400	0	0
hadur2.Hadur 3.9	supersample.SuperCorners 1.0	weak		4	15	1	1	386	73.8	14.4	0.3077	0	0
hadur2.Hadur 3.9	supersample.SuperCorners 1.0	weak		4	16	1	1	354	79.7	12.4	0.3636	0	0
hadur2.Hadur 3.9	supersample.SuperCorners 1.0	weak		4	17	1	1	551	44.1	19.4	0.0870	0	0
hadur2.Hadur 3.9	supersample.SuperCorners 1.0	weak		4	18	0	0	1650	6.9	35.5	0.1803	0	0
hadur2.Hadur 3.9	supersample.SuperCorners 1.0	weak		4	19	0	0	546	16.0	42.9	0.0435	0	0
hadur2.Hadur 3.9	supersample.SuperCorners 1.0	weak		4	20	1	1	490	60.6	12.4	0.2273	0	0
hadur2.Hadur 3.9	supersample.SuperCorners 1.0	weak		4	21	1	1	330	82.2	7.4	0.5000	0	0
hadur2.Hadur 3.9	supersample.SuperCorners 1.0	weak		4	22	1	1	371	68.7	0.0	0.3333	0	0
hadur2.Hadur 3.9	supersample.SuperCorners 1.0	weak		4	23	1	1	381	67.4	0.0	0.3077	0	0
hadur2.Hadur 3.9	supersample.SuperCorners 1.0	weak		4	24	1	1	322	76.1	0.0	0.4444	0	0
hadur2.Hadur 3.9	supersample.SuperCorners 1.0	weak		4	25	1	1	292	84.0	1.4	0.7500	0	0
hadur2.Hadur 3.9	supersample.SuperCorners 1.0	weak		4	26	1	1	457	66.5	13.5	0.2222	0	0
hadur2.Hadur 3.9	supersample.SuperCorners 1.0	weak		4	27	1	1	502	53.6	2.1	0.1905	0	0
hadur2.Hadur 3.9	supersample.SuperCorners 1.0	weak		4	28	1	1	336	74.2	4.8	0.4000	0	0
hadur2.Hadur 3.9	supersample.SuperCorners 1.0	weak		4	29	1	1	395	65.0	0.4	0.2857	0	0
hadur2.Hadur 3.9	supersample.SuperCorners 1.0	weak		4	30	1	1	345	80.2	12.4	0.4545	0	0
hadur2.Hadur 3.9	supersample.SuperCorners 1.0	weak		4	31	1	1	347	73.2	0.0	0.3636	0	0
hadur2.Hadur 3.9	supersample.SuperCorners 1.0	weak		4	32	1	1	281	93.2	20.6	0.7143	0	0
hadur2.Hadur 3.9	supersample.SuperCorners 1.0	weak		4	33	1	1	347	72.7	0.0	0.3636	0	0
hadur2.Hadur 3.9	supersample.SuperCorners 1.0	weak		4	34	1	1	505	54.7	0.0	0.1429	0	5
hadur2.Hadur 3.9	uccc.MilkyWay 1.01	weak		1	0	1	1	686	70.0	8.0	0.1892	0	5
hadur2.Hadur 3.9	uccc.MilkyWay 1.01	weak		1	1	1	1	687	67.9	4.0	0.1842	0	0
hadur2.Hadur 3.9	uccc.MilkyWay 1.01	weak		1	2	1	1	578	71.0	0.0	0.1600	0	0
hadur2.Hadur 3.9	uccc.MilkyWay 1.01	weak		1	3	1	1	437	81.0	0.0	0.2941	0	0
hadur2.Hadur 3.9	uccc.MilkyWay 1.01	weak		1	4	1	1	421	82.0	0.0	0.3125	0	0
hadur2.Hadur 3.9	uccc.MilkyWay 1.01	weak		1	5	1	1	483	80.0	0.0	0.2500	0	0
hadur2.Hadur 3.9	uccc.MilkyWay 1.01	weak		1	6	1	1	403	84.0	0.0	0.3333	0	0
hadur2.Hadur 3.9	uccc.MilkyWay 1.01	weak		1	7	1	1	470	80.0	0.0	0.2381	0	0
hadur2.Hadur 3.9	uccc.MilkyWay 1.01	weak		1	8	1	1	437	81.0	0.0	0.2941	0	0
hadur2.Hadur 3.9	uccc.MilkyWay 1.01	weak		1	9	1	1	392	85.0	0.0	0.3571	0	0
hadur2.Hadur 3.9	uccc.MilkyWay 1.01	weak		1	10	1	1	466	80.0	0.0	0.2632	0	0
hadur2.Hadur 3.9	uccc.MilkyWay 1.01	weak		1	11	1	1	700	63.0	0.0	0.0909	0	0
hadur2.Hadur 3.9	uccc.MilkyWay 1.01	weak		1	12	1	1	324	89.0	0.0	0.5556	0	0
hadur2.Hadur 3.9	uccc.MilkyWay 1.01	weak		1	13	1	1	700	66.0	4.0	0.1714	0	0
hadur2.Hadur 3.9	uccc.MilkyWay 1.01	weak		1	14	1	1	445	81.0	0.0	0.2941	0	0
hadur2.Hadur 3.9	uccc.MilkyWay 1.01	weak		1	15	1	1	401	84.0	0.0	0.3333	0	0
hadur2.Hadur 3.9	uccc.MilkyWay 1.01	weak		1	16	1	1	390	85.0	0.0	0.3571	0	0
hadur2.Hadur 3.9	uccc.MilkyWay 1.01	weak		1	17	1	1	441	81.0	0.0	0.2941	0	0
hadur2.Hadur 3.9	uccc.MilkyWay 1.01	weak		1	18	1	1	461	83.0	4.0	0.2778	0	0
hadur2.Hadur 3.9	uccc.MilkyWay 1.01	weak		1	19	1	1	394	87.0	8.0	0.3571	0	0
hadur2.Hadur 3.9	uccc.MilkyWay 1.01	weak		1	20	1	1	313	90.0	0.0	0.6250	0	0
hadur2.Hadur 3.9	uccc.MilkyWay 1.01	weak		1	21	1	1	472	79.0	0.0	0.2222	0	0
hadur2.Hadur 3.9	uccc.MilkyWay 1.01	weak		1	22	1	1	438	81.0	0.0	0.3125	0	0
hadur2.Hadur 3.9	uccc.MilkyWay 1.01	weak		1	23	1	1	376	86.0	0.0	0.3846	0	0
hadur2.Hadur 3.9	uccc.MilkyWay 1.01	weak		1	24	1	1	360	87.0	0.0	0.4167	0	0
hadur2.Hadur 3.9	uccc.MilkyWay 1.01	weak		1	25	1	1	377	86.0	0.0	0.3846	0	0
hadur2.Hadur 3.9	uccc.MilkyWay 1.01	weak		1	26	1	1	406	84.0	0.0	0.3333	0	0
hadur2.Hadur 3.9	uccc.MilkyWay 1.01	weak		1	27	1	1	322	90.0	0.0	0.5556	0	0
hadur2.Hadur 3.9	uccc.MilkyWay 1.01	weak		1	28	1	1	448	93.0	20.0	0.2941	0	0
hadur2.Hadur 3.9	uccc.MilkyWay 1.01	weak		1	29	1	1	560	91.0	24.0	0.2083	0	0
hadur2.Hadur 3.9	uccc.MilkyWay 1.01	weak		1	30	1	1	708	80.0	24.0	0.1212	0	0
hadur2.Hadur 3.9	uccc.MilkyWay 1.01	weak		1	31	1	1	443	95.4	20.0	0.2941	0	0
hadur2.Hadur 3.9	uccc.MilkyWay 1.01	weak		1	32	1	1	366	95.0	16.0	0.4167	0	0
hadur2.Hadur 3.9	uccc.MilkyWay 1.01	weak		1	33	1	1	471	79.0	0.0	0.2222	0	0
hadur2.Hadur 3.9	uccc.MilkyWay 1.01	weak		1	34	1	1	328	89.0	0.0	0.5000	0	6
hadur2.Hadur 3.9	uccc.MilkyWay 1.01	weak		2	0	1	1	618	87.0	24.0	0.2500	0	7
hadur2.Hadur 3.9	uccc.MilkyWay 1.01	weak		2	1	1	1	686	70.0	8.0	0.1892	0	0
hadur2.Hadur 3.9	uccc.MilkyWay 1.01	weak		2	2	1	1	443	81.0	0.0	0.2941	0	0
hadur2.Hadur 3.9	uccc.MilkyWay 1.01	weak		2	3	1	1	1023	40.0	0.0	0.1774	0	0
hadur2.Hadur 3.9	uccc.MilkyWay 1.01	weak		2	4	1	1	348	88.0	0.0	0.4545	0	0
hadur2.Hadur 3.9	uccc.MilkyWay 1.01	weak		2	5	1	1	452	86.0	8.0	0.2778	0	0
hadur2.Hadur 3.9	uccc.MilkyWay 1.01	weak		2	6	1	1	409	86.0	4.0	0.3333	0	0
hadur2.Hadur 3.9	uccc.MilkyWay 1.01	weak		2	7	1	1	556	73.0	0.0	0.1667	0	0
hadur2.Hadur 3.9	uccc.MilkyWay 1.01	weak		2	8	1	1	418	83.0	0.0	0.3125	0	0
hadur2.Hadur 3.9	uccc.MilkyWay 1.01	weak		2	9	1	1	613	69.0	0.0	0.1429	0	0
hadur2.Hadur 3.9	uccc.MilkyWay 1.01	weak		2	10	1	1	426	82.0	0.0	0.3125	0	0
hadur2.Hadur 3.9	uccc.MilkyWay 1.01	weak		2	11	1	1	403	84.0	0.0	0.3333	0	0
hadur2.Hadur 3.9	uccc.MilkyWay 1.01	weak		2	12	1	1	434	85.0	4.0	0.3125	0	0
hadur2.Hadur 3.9	uccc.MilkyWay 1.01	weak		2	13	1	1	402	84.0	0.0	0.3571	0	0
hadur2.Hadur 3.9	uccc.MilkyWay 1.01	weak		2	14	1	1	438	84.0	8.0	0.2941	0	0
hadur2.Hadur 3.9	uccc.MilkyWay 1.01	weak		2	15	0	0	812	58.5	21.8	0.1463	0	0
hadur2.Hadur 3.9	uccc.MilkyWay 1.01	weak		2	16	1	1	448	84.0	4.0	0.2941	0	0
hadur2.Hadur 3.9	uccc.MilkyWay 1.01	weak		2	17	1	1	438	90.0	12.0	0.2941	0	0
hadur2.Hadur 3.9	uccc.MilkyWay 1.01	weak		2	18	1	1	420	83.0	0.0	0.3333	0	0
hadur2.Hadur 3.9	uccc.MilkyWay 1.01	weak		2	19	1	1	473	79.0	0.0	0.2105	0	0
hadur2.Hadur 3.9	uccc.MilkyWay 1.01	weak		2	20	1	1	429	88.0	8.0	0.3125	0	0
hadur2.Hadur 3.9	uccc.MilkyWay 1.01	weak		2	21	1	1	452	80.0	0.0	0.2353	0	0
hadur2.Hadur 3.9	uccc.MilkyWay 1.01	weak		2	22	1	1	586	74.0	4.0	0.1538	0	0
hadur2.Hadur 3.9	uccc.MilkyWay 1.01	weak		2	23	1	1	496	80.0	8.0	0.2500	0	0
hadur2.Hadur 3.9	uccc.MilkyWay 1.01	weak		2	24	1	1	407	83.0	4.0	0.3333	0	0
hadur2.Hadur 3.9	uccc.MilkyWay 1.01	weak		2	25	1	1	457	80.0	0.0	0.2222	0	0
hadur2.Hadur 3.9	uccc.MilkyWay 1.01	weak		2	26	1	1	317	90.0	0.0	0.5556	0	0
hadur2.Hadur 3.9	uccc.MilkyWay 1.01	weak		2	27	1	1	353	87.0	0.0	0.4545	0	0
hadur2.Hadur 3.9	uccc.MilkyWay 1.01	weak		2	28	1	1	397	84.0	0.0	0.3571	0	0
hadur2.Hadur 3.9	uccc.MilkyWay 1.01	weak		2	29	1	1	403	84.0	0.0	0.3571	0	0
hadur2.Hadur 3.9	uccc.MilkyWay 1.01	weak		2	30	1	1	377	86.0	0.0	0.3846	0	0
hadur2.Hadur 3.9	uccc.MilkyWay 1.01	weak		2	31	1	1	471	79.0	0.0	0.2105	0	0
hadur2.Hadur 3.9	uccc.MilkyWay 1.01	weak		2	32	1	1	522	86.4	16.0	0.2273	0	0
hadur2.Hadur 3.9	uccc.MilkyWay 1.01	weak		2	33	1	1	311	90.0	0.0	0.5556	0	0
hadur2.Hadur 3.9	uccc.MilkyWay 1.01	weak		2	34	1	1	333	95.0	8.0	0.5000	0	6
hadur2.Hadur 3.9	uccc.MilkyWay 1.01	weak		3	0	1	1	887	61.0	16.0	0.1538	0	5
hadur2.Hadur 3.9	uccc.MilkyWay 1.01	weak		3	1	1	1	618	78.0	12.0	0.2500	0	0
hadur2.Hadur 3.9	uccc.MilkyWay 1.01	weak		3	2	1	1	455	80.0	0.0	0.2353	0	0
hadur2.Hadur 3.9	uccc.MilkyWay 1.01	weak		3	3	1	1	372	86.0	0.0	0.3846	0	0
hadur2.Hadur 3.9	uccc.MilkyWay 1.01	weak		3	4	1	1	440	87.0	8.0	0.2941	0	0
hadur2.Hadur 3.9	uccc.MilkyWay 1.01	weak		3	5	1	1	477	78.0	0.0	0.2105	0	0
hadur2.Hadur 3.9	uccc.MilkyWay 1.01	weak		3	6	1	1	305	91.0	0.0	0.6250	0	0
hadur2.Hadur 3.9	uccc.MilkyWay 1.01	weak		3	7	1	1	421	82.0	0.0	0.3125	0	0
hadur2.Hadur 3.9	uccc.MilkyWay 1.01	weak		3	8	1	1	407	83.0	0.0	0.3333	0	0
hadur2.Hadur 3.9	uccc.MilkyWay 1.01	weak		3	9	1	1	450	80.0	8.0	0.2778	0	0
hadur2.Hadur 3.9	uccc.MilkyWay 1.01	weak		3	10	1	1	464	79.0	4.0	0.2222	0	0
hadur2.Hadur 3.9	uccc.MilkyWay 1.01	weak		3	11	1	1	497	80.4	6.4	0.2727	0	0
hadur2.Hadur 3.9	uccc.MilkyWay 1.01	weak		3	12	1	1	310	90.0	0.0	0.5556	0	0
hadur2.Hadur 3.9	uccc.MilkyWay 1.01	weak		3	13	1	1	382	85.0	0.0	0.3846	0	0
hadur2.Hadur 3.9	uccc.MilkyWay 1.01	weak		3	14	1	1	367	86.0	0.0	0.4167	0	0
hadur2.Hadur 3.9	uccc.MilkyWay 1.01	weak		3	15	1	1	381	85.0	0.0	0.3571	0	0
hadur2.Hadur 3.9	uccc.MilkyWay 1.01	weak		3	16	1	1	297	91.0	0.0	0.6250	0	0
hadur2.Hadur 3.9	uccc.MilkyWay 1.01	weak		3	17	1	1	316	90.0	0.0	0.5556	0	0
hadur2.Hadur 3.9	uccc.MilkyWay 1.01	weak		3	18	1	1	448	81.0	0.0	0.2941	0	0
hadur2.Hadur 3.9	uccc.MilkyWay 1.01	weak		3	19	1	1	409	83.0	0.0	0.3125	0	0
hadur2.Hadur 3.9	uccc.MilkyWay 1.01	weak		3	20	1	1	418	83.0	0.0	0.3125	0	0
hadur2.Hadur 3.9	uccc.MilkyWay 1.01	weak		3	21	1	1	381	85.0	0.0	0.3846	0	0
hadur2.Hadur 3.9	uccc.MilkyWay 1.01	weak		3	22	1	1	474	80.0	0.0	0.2500	0	0
hadur2.Hadur 3.9	uccc.MilkyWay 1.01	weak		3	23	1	1	525	75.0	0.0	0.1818	0	0
hadur2.Hadur 3.9	uccc.MilkyWay 1.01	weak		3	24	1	1	312	90.0	0.0	0.5556	0	0
hadur2.Hadur 3.9	uccc.MilkyWay 1.01	weak		3	25	1	1	451	84.0	4.0	0.3158	0	0
hadur2.Hadur 3.9	uccc.MilkyWay 1.01	weak		3	26	1	1	416	83.0	0.0	0.3125	0	0
hadur2.Hadur 3.9	uccc.MilkyWay 1.01	weak		3	27	1	1	290	92.0	0.0	0.7143	0	0
hadur2.Hadur 3.9	uccc.MilkyWay 1.01	weak		3	28	1	1	603	73.0	4.0	0.1481	0	0
hadur2.Hadur 3.9	uccc.MilkyWay 1.01	weak		3	29	1	1	320	90.0	0.0	0.5556	0	0
hadur2.Hadur 3.9	uccc.MilkyWay 1.01	weak		3	30	1	1	472	80.0	0.0	0.2500	0	0
hadur2.Hadur 3.9	uccc.MilkyWay 1.01	weak		3	31	1	1	691	81.0	24.0	0.1563	0	0
hadur2.Hadur 3.9	uccc.MilkyWay 1.01	weak		3	32	1	1	467	88.0	16.0	0.2778	0	0
hadur2.Hadur 3.9	uccc.MilkyWay 1.01	weak		3	33	1	1	649	96.0	40.0	0.1724	0	0
hadur2.Hadur 3.9	uccc.MilkyWay 1.01	weak		3	34	1	1	575	74.0	4.0	0.1923	0	5
hadur2.Hadur 3.9	uccc.MilkyWay 1.01	weak		4	0	1	1	719	73.0	20.0	0.1842	0	7
hadur2.Hadur 3.9	uccc.MilkyWay 1.01	weak		4	1	1	1	460	80.0	0.0	0.4000	0	0
hadur2.Hadur 3.9	uccc.MilkyWay 1.01	weak		4	2	1	1	482	78.0	0.0	0.3333	0	0
hadur2.Hadur 3.9	uccc.MilkyWay 1.01	weak		4	3	1	1	440	90.0	12.0	0.3125	0	0
hadur2.Hadur 3.9	uccc.MilkyWay 1.01	weak		4	4	1	1	343	94.0	8.0	0.4545	0	0
hadur2.Hadur 3.9	uccc.MilkyWay 1.01	weak		4	5	0	0	1029	52.4	31.4	0.1719	0	0
hadur2.Hadur 3.9	uccc.MilkyWay 1.01	weak		4	6	0	0	836	49.6	13.7	0.1628	0	0
hadur2.Hadur 3.9	uccc.MilkyWay 1.01	weak		4	7	1	1	464	85.0	8.0	0.2778	0	0
hadur2.Hadur 3.9	uccc.MilkyWay 1.01	weak		4	8	1	1	556	73.0	0.0	0.1667	0	0
hadur2.Hadur 3.9	uccc.MilkyWay 1.01	weak		4	9	1	1	294	95.0	16.0	0.7143	0	0
hadur2.Hadur 3.9	uccc.MilkyWay 1.01	weak		4	10	1	1	434	82.0	0.0	0.2941	0	0
hadur2.Hadur 3.9	uccc.MilkyWay 1.01	weak		4	11	1	1	447	81.0	0.0	0.2778	0	0
hadur2.Hadur 3.9	uccc.MilkyWay 1.01	weak		4	12	1	1	459	80.0	0.0	0.2222	0	0
hadur2.Hadur 3.9	uccc.MilkyWay 1.01	weak		4	13	1	1	409	83.0	0.0	0.3333	0	0
hadur2.Hadur 3.9	uccc.MilkyWay 1.01	weak		4	14	1	1	352	87.0	0.0	0.4545	0	0
hadur2.Hadur 3.9	uccc.MilkyWay 1.01	weak		4	15	1	1	378	86.0	0.0	0.3846	0	0
hadur2.Hadur 3.9	uccc.MilkyWay 1.01	weak		4	16	1	1	444	81.0	0.0	0.2941	0	0
hadur2.Hadur 3.9	uccc.MilkyWay 1.01	weak		4	17	1	1	374	89.0	4.0	0.4167	0	0
hadur2.Hadur 3.9	uccc.MilkyWay 1.01	weak		4	18	1	1	375	86.0	0.0	0.3846	0	0
hadur2.Hadur 3.9	uccc.MilkyWay 1.01	weak		4	19	1	1	416	83.0	0.0	0.3333	0	0
hadur2.Hadur 3.9	uccc.MilkyWay 1.01	weak		4	20	1	1	433	82.0	0.0	0.3125	0	0
hadur2.Hadur 3.9	uccc.MilkyWay 1.01	weak		4	21	1	1	434	100.6	28.0	0.3529	0	0
hadur2.Hadur 3.9	uccc.MilkyWay 1.01	weak		4	22	1	1	384	85.0	0.0	0.3846	0	0
hadur2.Hadur 3.9	uccc.MilkyWay 1.01	weak		4	23	1	1	520	90.0	20.0	0.2273	0	0
hadur2.Hadur 3.9	uccc.MilkyWay 1.01	weak		4	24	1	1	449	80.0	4.0	0.2778	0	0
hadur2.Hadur 3.9	uccc.MilkyWay 1.01	weak		4	25	1	1	471	79.0	0.0	0.2222	0	0
hadur2.Hadur 3.9	uccc.MilkyWay 1.01	weak		4	26	1	1	532	75.0	0.0	0.1818	0	0
hadur2.Hadur 3.9	uccc.MilkyWay 1.01	weak		4	27	1	1	360	87.0	0.0	0.4167	0	0
hadur2.Hadur 3.9	uccc.MilkyWay 1.01	weak		4	28	1	1	317	90.0	0.0	0.5556	0	0
hadur2.Hadur 3.9	uccc.MilkyWay 1.01	weak		4	29	1	1	530	75.0	0.0	0.1818	0	0
hadur2.Hadur 3.9	uccc.MilkyWay 1.01	weak		4	30	1	1	311	90.0	0.0	0.5556	0	0
hadur2.Hadur 3.9	uccc.MilkyWay 1.01	weak		4	31	1	1	377	86.0	0.0	0.3846	0	0
hadur2.Hadur 3.9	uccc.MilkyWay 1.01	weak		4	32	1	1	398	84.0	0.0	0.3571	0	0
hadur2.Hadur 3.9	uccc.MilkyWay 1.01	weak		4	33	1	1	366	86.0	0.0	0.4167	0	0
hadur2.Hadur 3.9	uccc.MilkyWay 1.01	weak		4	34	1	1	467	80.0	0.0	0.2632	0	5
hadur2.Hadur 3.9	xander.cat.Spitfire 1.4	weak		1	0	1	1	357	97.7	0.0	0.7692	0	6
hadur2.Hadur 3.9	xander.cat.Spitfire 1.4	weak		1	1	1	1	357	97.2	0.0	0.7692	0	0
hadur2.Hadur 3.9	xander.cat.Spitfire 1.4	weak		1	2	1	1	330	98.4	0.0	0.7000	0	0
hadur2.Hadur 3.9	xander.cat.Spitfire 1.4	weak		1	3	1	1	326	98.1	0.0	0.6000	0	0
hadur2.Hadur 3.9	xander.cat.Spitfire 1.4	weak		1	4	1	1	328	97.6	0.0	0.6000	0	0
hadur2.Hadur 3.9	xander.cat.Spitfire 1.4	weak		1	5	1	1	344	97.1	0.0	0.5455	0	0
hadur2.Hadur 3.9	xander.cat.Spitfire 1.4	weak		1	6	1	1	334	97.4	0.0	0.6000	0	0
hadur2.Hadur 3.9	xander.cat.Spitfire 1.4	weak		1	7	1	1	329	97.9	0.0	0.6000	0	0
hadur2.Hadur 3.9	xander.cat.Spitfire 1.4	weak		1	8	1	1	347	97.3	0.0	0.5455	0	0
hadur2.Hadur 3.9	xander.cat.Spitfire 1.4	weak		1	9	1	1	310	98.6	0.0	0.6667	0	0
hadur2.Hadur 3.9	xander.cat.Spitfire 1.4	weak		1	10	1	1	310	98.2	0.0	0.6667	0	0
hadur2.Hadur 3.9	xander.cat.Spitfire 1.4	weak		1	11	1	1	316	98.1	0.0	0.6667	0	0
hadur2.Hadur 3.9	xander.cat.Spitfire 1.4	weak		1	12	1	1	316	97.3	0.0	0.6667	0	0
hadur2.Hadur 3.9	xander.cat.Spitfire 1.4	weak		1	13	1	1	316	98.5	0.0	0.6667	0	0
hadur2.Hadur 3.9	xander.cat.Spitfire 1.4	weak		1	14	1	1	321	98.5	0.0	0.6667	0	0
hadur2.Hadur 3.9	xander.cat.Spitfire 1.4	weak		1	15	1	1	314	98.0	0.0	0.6667	0	0
hadur2.Hadur 3.9	xander.cat.Spitfire 1.4	weak		1	16	1	1	317	97.8	0.0	0.6667	0	0
hadur2.Hadur 3.9	xander.cat.Spitfire 1.4	weak		1	17	1	1	311	98.3	0.0	0.6667	0	0
hadur2.Hadur 3.9	xander.cat.Spitfire 1.4	weak		1	18	1	1	313	98.1	0.0	0.6667	0	0
hadur2.Hadur 3.9	xander.cat.Spitfire 1.4	weak		1	19	1	1	307	98.2	0.0	0.7500	0	0
hadur2.Hadur 3.9	xander.cat.Spitfire 1.4	weak		1	20	1	1	321	98.1	0.0	0.6667	0	0
hadur2.Hadur 3.9	xander.cat.Spitfire 1.4	weak		1	21	1	1	311	98.2	0.0	0.6667	0	0
hadur2.Hadur 3.9	xander.cat.Spitfire 1.4	weak		1	22	1	1	335	97.9	0.0	0.6000	0	0
hadur2.Hadur 3.9	xander.cat.Spitfire 1.4	weak		1	23	1	1	310	98.3	0.0	0.6667	0	0
hadur2.Hadur 3.9	xander.cat.Spitfire 1.4	weak		1	24	1	1	307	97.3	0.4	0.6667	0	0
hadur2.Hadur 3.9	xander.cat.Spitfire 1.4	weak		1	25	1	1	341	98.5	0.0	0.5455	0	0
hadur2.Hadur 3.9	xander.cat.Spitfire 1.4	weak		1	26	1	1	325	98.4	0.0	0.6000	0	0
hadur2.Hadur 3.9	xander.cat.Spitfire 1.4	weak		1	27	1	1	314	98.4	0.0	0.6667	0	0
hadur2.Hadur 3.9	xander.cat.Spitfire 1.4	weak		1	28	1	1	331	98.1	0.0	0.6000	0	0
hadur2.Hadur 3.9	xander.cat.Spitfire 1.4	weak		1	29	1	1	323	98.8	0.0	0.6667	0	0
hadur2.Hadur 3.9	xander.cat.Spitfire 1.4	weak		1	30	1	1	311	97.1	0.0	0.6667	0	0
hadur2.Hadur 3.9	xander.cat.Spitfire 1.4	weak		1	31	1	1	333	98.4	0.0	0.6000	0	0
hadur2.Hadur 3.9	xander.cat.Spitfire 1.4	weak		1	32	1	1	332	96.7	0.0	0.6000	0	0
hadur2.Hadur 3.9	xander.cat.Spitfire 1.4	weak		1	33	1	1	328	98.2	0.0	0.6000	0	0
hadur2.Hadur 3.9	xander.cat.Spitfire 1.4	weak		1	34	1	1	334	97.9	0.0	0.6000	0	5
hadur2.Hadur 3.9	xander.cat.Spitfire 1.4	weak		2	0	1	1	369	98.0	0.0	0.7143	0	5
hadur2.Hadur 3.9	xander.cat.Spitfire 1.4	weak		2	1	1	1	363	97.4	0.0	0.7692	0	0
hadur2.Hadur 3.9	xander.cat.Spitfire 1.4	weak		2	2	1	1	318	98.3	0.0	0.6667	0	0
hadur2.Hadur 3.9	xander.cat.Spitfire 1.4	weak		2	3	1	1	310	97.3	0.0	0.6667	0	0
hadur2.Hadur 3.9	xander.cat.Spitfire 1.4	weak		2	4	1	1	307	97.5	0.0	0.6667	0	0
hadur2.Hadur 3.9	xander.cat.Spitfire 1.4	weak		2	5	1	1	335	97.3	0.0	0.6000	0	0
hadur2.Hadur 3.9	xander.cat.Spitfire 1.4	weak		2	6	1	1	309	98.2	0.0	0.7500	0	0
hadur2.Hadur 3.9	xander.cat.Spitfire 1.4	weak		2	7	1	1	315	98.0	0.0	0.6667	0	0
hadur2.Hadur 3.9	xander.cat.Spitfire 1.4	weak		2	8	1	1	345	97.6	0.0	0.5455	0	0
hadur2.Hadur 3.9	xander.cat.Spitfire 1.4	weak		2	9	1	1	326	97.9	0.0	0.6000	0	0
hadur2.Hadur 3.9	xander.cat.Spitfire 1.4	weak		2	10	1	1	333	98.5	0.0	0.6000	0	0
hadur2.Hadur 3.9	xander.cat.Spitfire 1.4	weak		2	11	1	1	347	98.3	0.0	0.5455	0	0
hadur2.Hadur 3.9	xander.cat.Spitfire 1.4	weak		2	12	1	1	331	97.8	0.0	0.6000	0	0
hadur2.Hadur 3.9	xander.cat.Spitfire 1.4	weak		2	13	1	1	311	98.5	0.0	0.6667	0	0
hadur2.Hadur 3.9	xander.cat.Spitfire 1.4	weak		2	14	1	1	296	98.5	0.0	0.7500	0	0
hadur2.Hadur 3.9	xander.cat.Spitfire 1.4	weak		2	15	1	1	346	98.3	0.0	0.5455	0	0
hadur2.Hadur 3.9	xander.cat.Spitfire 1.4	weak		2	16	1	1	306	98.0	0.0	0.6667	0	0
hadur2.Hadur 3.9	xander.cat.Spitfire 1.4	weak		2	17	1	1	313	98.1	0.0	0.6667	0	0
hadur2.Hadur 3.9	xander.cat.Spitfire 1.4	weak		2	18	1	1	312	98.8	0.4	0.6667	0	0
hadur2.Hadur 3.9	xander.cat.Spitfire 1.4	weak		2	19	1	1	313	98.1	0.0	0.6667	0	0
hadur2.Hadur 3.9	xander.cat.Spitfire 1.4	weak		2	20	1	1	309	97.5	0.0	0.6667	0	0
hadur2.Hadur 3.9	xander.cat.Spitfire 1.4	weak		2	21	1	1	313	98.7	0.0	0.6667	0	0
hadur2.Hadur 3.9	xander.cat.Spitfire 1.4	weak		2	22	1	1	328	97.9	0.0	0.6000	0	0
hadur2.Hadur 3.9	xander.cat.Spitfire 1.4	weak		2	23	1	1	320	98.2	0.0	0.6667	0	0
hadur2.Hadur 3.9	xander.cat.Spitfire 1.4	weak		2	24	1	1	335	98.3	0.0	0.6000	0	0
hadur2.Hadur 3.9	xander.cat.Spitfire 1.4	weak		2	25	1	1	314	98.6	0.0	0.6667	0	0
hadur2.Hadur 3.9	xander.cat.Spitfire 1.4	weak		2	26	1	1	318	98.4	0.0	0.6667	0	0
hadur2.Hadur 3.9	xander.cat.Spitfire 1.4	weak		2	27	1	1	318	98.2	0.0	0.6667	0	0
hadur2.Hadur 3.9	xander.cat.Spitfire 1.4	weak		2	28	1	1	335	98.0	0.0	0.6000	0	0
hadur2.Hadur 3.9	xander.cat.Spitfire 1.4	weak		2	29	1	1	327	97.8	0.0	0.6000	0	0
hadur2.Hadur 3.9	xander.cat.Spitfire 1.4	weak		2	30	1	1	319	98.0	0.0	0.6667	0	0
hadur2.Hadur 3.9	xander.cat.Spitfire 1.4	weak		2	31	1	1	311	98.6	0.0	0.6667	0	0
hadur2.Hadur 3.9	xander.cat.Spitfire 1.4	weak		2	32	1	1	332	97.8	0.0	0.6000	0	0
hadur2.Hadur 3.9	xander.cat.Spitfire 1.4	weak		2	33	1	1	346	98.2	0.0	0.5455	0	0
hadur2.Hadur 3.9	xander.cat.Spitfire 1.4	weak		2	34	1	1	335	98.3	0.0	0.6000	0	6
hadur2.Hadur 3.9	xander.cat.Spitfire 1.4	weak		3	0	1	1	356	97.0	0.4	0.7692	0	4
hadur2.Hadur 3.9	xander.cat.Spitfire 1.4	weak		3	1	1	1	358	97.9	0.0	0.7692	0	0
hadur2.Hadur 3.9	xander.cat.Spitfire 1.4	weak		3	2	1	1	336	98.3	0.0	0.8333	0	0
hadur2.Hadur 3.9	xander.cat.Spitfire 1.4	weak		3	3	1	1	381	97.9	0.4	0.6667	0	0
hadur2.Hadur 3.9	xander.cat.Spitfire 1.4	weak		3	4	1	1	336	96.9	0.0	0.7500	0	0
hadur2.Hadur 3.9	xander.cat.Spitfire 1.4	weak		3	5	1	1	319	97.8	0.0	0.6667	0	0
hadur2.Hadur 3.9	xander.cat.Spitfire 1.4	weak		3	6	1	1	316	98.3	0.0	0.6667	0	0
hadur2.Hadur 3.9	xander.cat.Spitfire 1.4	weak		3	7	1	1	311	98.5	0.0	0.6667	0	0
hadur2.Hadur 3.9	xander.cat.Spitfire 1.4	weak		3	8	1	1	315	98.1	0.0	0.6667	0	0
hadur2.Hadur 3.9	xander.cat.Spitfire 1.4	weak		3	9	1	1	303	98.5	0.0	0.7500	0	0
hadur2.Hadur 3.9	xander.cat.Spitfire 1.4	weak		3	10	1	1	307	97.7	0.0	0.6667	0	0
hadur2.Hadur 3.9	xander.cat.Spitfire 1.4	weak		3	11	1	1	315	98.1	0.0	0.6667	0	0
hadur2.Hadur 3.9	xander.cat.Spitfire 1.4	weak		3	12	1	1	315	98.2	0.0	0.6667	0	0
hadur2.Hadur 3.9	xander.cat.Spitfire 1.4	weak		3	13	1	1	306	98.4	0.0	0.6667	0	0
hadur2.Hadur 3.9	xander.cat.Spitfire 1.4	weak		3	14	1	1	315	98.2	0.0	0.6667	0	0
hadur2.Hadur 3.9	xander.cat.Spitfire 1.4	weak		3	15	1	1	317	97.8	0.0	0.6667	0	0
hadur2.Hadur 3.9	xander.cat.Spitfire 1.4	weak		3	16	1	1	310	98.4	0.0	0.6667	0	0
hadur2.Hadur 3.9	xander.cat.Spitfire 1.4	weak		3	17	1	1	311	98.8	0.0	0.6667	0	0
hadur2.Hadur 3.9	xander.cat.Spitfire 1.4	weak		3	18	1	1	304	98.0	0.0	0.7500	0	0
hadur2.Hadur 3.9	xander.cat.Spitfire 1.4	weak		3	19	1	1	319	98.2	0.0	0.6667	0	0
hadur2.Hadur 3.9	xander.cat.Spitfire 1.4	weak		3	20	1	1	309	98.0	0.0	0.6667	0	0
hadur2.Hadur 3.9	xander.cat.Spitfire 1.4	weak		3	21	1	1	316	98.0	0.0	0.6667	0	0
hadur2.Hadur 3.9	xander.cat.Spitfire 1.4	weak		3	22	1	1	313	98.3	0.0	0.6667	0	0
hadur2.Hadur 3.9	xander.cat.Spitfire 1.4	weak		3	23	1	1	308	98.0	0.0	0.7500	0	0
hadur2.Hadur 3.9	xander.cat.Spitfire 1.4	weak		3	24	1	1	302	97.1	0.0	0.7500	0	0
hadur2.Hadur 3.9	xander.cat.Spitfire 1.4	weak		3	25	1	1	302	98.2	0.0	0.7500	0	0
hadur2.Hadur 3.9	xander.cat.Spitfire 1.4	weak		3	26	1	1	313	98.0	0.0	0.6667	0	0
hadur2.Hadur 3.9	xander.cat.Spitfire 1.4	weak		3	27	1	1	312	97.9	0.0	0.6667	0	0
hadur2.Hadur 3.9	xander.cat.Spitfire 1.4	weak		3	28	1	1	312	98.9	0.4	0.6667	0	0
hadur2.Hadur 3.9	xander.cat.Spitfire 1.4	weak		3	29	1	1	318	98.4	0.0	0.6667	0	0
hadur2.Hadur 3.9	xander.cat.Spitfire 1.4	weak		3	30	1	1	304	98.0	0.0	0.7500	0	0
hadur2.Hadur 3.9	xander.cat.Spitfire 1.4	weak		3	31	1	1	308	98.9	0.0	0.7500	0	0
hadur2.Hadur 3.9	xander.cat.Spitfire 1.4	weak		3	32	1	1	305	98.5	0.0	0.7500	0	0
hadur2.Hadur 3.9	xander.cat.Spitfire 1.4	weak		3	33	1	1	333	97.2	0.0	0.6000	0	0
hadur2.Hadur 3.9	xander.cat.Spitfire 1.4	weak		3	34	1	1	314	98.0	0.0	0.6667	0	5
hadur2.Hadur 3.9	xander.cat.Spitfire 1.4	weak		4	0	1	1	639	94.0	0.4	0.2571	298	7
hadur2.Hadur 3.9	xander.cat.Spitfire 1.4	weak		4	1	1	1	353	98.0	0.0	0.7692	0	0
hadur2.Hadur 3.9	xander.cat.Spitfire 1.4	weak		4	2	1	1	376	96.9	0.0	0.6429	0	0
hadur2.Hadur 3.9	xander.cat.Spitfire 1.4	weak		4	3	1	1	405	97.0	0.0	0.5882	0	0
hadur2.Hadur 3.9	xander.cat.Spitfire 1.4	weak		4	4	1	1	313	98.0	0.0	0.6667	0	0
hadur2.Hadur 3.9	xander.cat.Spitfire 1.4	weak		4	5	1	1	323	98.4	0.0	0.6000	0	0
hadur2.Hadur 3.9	xander.cat.Spitfire 1.4	weak		4	6	1	1	314	98.7	0.0	0.6667	0	0
hadur2.Hadur 3.9	xander.cat.Spitfire 1.4	weak		4	7	1	1	313	97.7	0.0	0.6667	0	0
hadur2.Hadur 3.9	xander.cat.Spitfire 1.4	weak		4	8	1	1	352	97.9	0.0	0.5455	0	0
hadur2.Hadur 3.9	xander.cat.Spitfire 1.4	weak		4	9	1	1	310	97.4	0.0	0.6667	0	0
hadur2.Hadur 3.9	xander.cat.Spitfire 1.4	weak		4	10	1	1	316	98.5	0.0	0.6667	0	0
hadur2.Hadur 3.9	xander.cat.Spitfire 1.4	weak		4	11	1	1	310	98.0	0.0	0.6667	0	0
hadur2.Hadur 3.9	xander.cat.Spitfire 1.4	weak		4	12	1	1	310	98.2	0.0	0.6667	0	0
hadur2.Hadur 3.9	xander.cat.Spitfire 1.4	weak		4	13	1	1	311	98.1	0.0	0.6667	0	0
hadur2.Hadur 3.9	xander.cat.Spitfire 1.4	weak		4	14	1	1	311	98.0	0.0	0.6667	0	0
hadur2.Hadur 3.9	xander.cat.Spitfire 1.4	weak		4	15	1	1	320	97.9	0.0	0.6667	0	0
hadur2.Hadur 3.9	xander.cat.Spitfire 1.4	weak		4	16	1	1	304	98.5	0.0	0.7500	0	0
hadur2.Hadur 3.9	xander.cat.Spitfire 1.4	weak		4	17	1	1	309	97.7	0.0	0.6667	0	0
hadur2.Hadur 3.9	xander.cat.Spitfire 1.4	weak		4	18	1	1	325	97.4	0.0	0.6000	0	0
hadur2.Hadur 3.9	xander.cat.Spitfire 1.4	weak		4	19	1	1	310	98.4	0.0	0.6667	0	0
hadur2.Hadur 3.9	xander.cat.Spitfire 1.4	weak		4	20	1	1	307	98.1	0.0	0.6667	0	0
hadur2.Hadur 3.9	xander.cat.Spitfire 1.4	weak		4	21	1	1	313	98.8	0.0	0.6667	0	0
hadur2.Hadur 3.9	xander.cat.Spitfire 1.4	weak		4	22	1	1	329	98.3	0.0	0.6000	0	0
hadur2.Hadur 3.9	xander.cat.Spitfire 1.4	weak		4	23	1	1	311	98.6	0.0	0.6667	0	0
hadur2.Hadur 3.9	xander.cat.Spitfire 1.4	weak		4	24	1	1	322	98.0	0.0	0.6000	0	0
hadur2.Hadur 3.9	xander.cat.Spitfire 1.4	weak		4	25	1	1	321	97.8	0.0	0.6000	0	0
hadur2.Hadur 3.9	xander.cat.Spitfire 1.4	weak		4	26	1	1	367	98.4	0.0	0.4615	0	0
hadur2.Hadur 3.9	xander.cat.Spitfire 1.4	weak		4	27	1	1	313	98.6	0.0	0.6667	0	0
hadur2.Hadur 3.9	xander.cat.Spitfire 1.4	weak		4	28	1	1	311	98.4	0.0	0.6667	0	0
hadur2.Hadur 3.9	xander.cat.Spitfire 1.4	weak		4	29	1	1	312	97.9	0.0	0.6667	0	0
hadur2.Hadur 3.9	xander.cat.Spitfire 1.4	weak		4	30	1	1	311	98.6	0.0	0.6667	0	0
hadur2.Hadur 3.9	xander.cat.Spitfire 1.4	weak		4	31	1	1	321	97.4	0.0	0.6000	0	0
hadur2.Hadur 3.9	xander.cat.Spitfire 1.4	weak		4	32	1	1	327	98.3	0.0	0.6000	0	0
hadur2.Hadur 3.9	xander.cat.Spitfire 1.4	weak		4	33	1	1	311	97.8	0.0	0.6667	0	0
hadur2.Hadur 3.9	xander.cat.Spitfire 1.4	weak		4	34	1	1	349	97.6	0.4	0.5455	0	6
hadur2.Hadur 3.9	yk.JahMicro 1.0	weak		1	0	1	1	863	62.0	8.0	0.1224	0	7
hadur2.Hadur 3.9	yk.JahMicro 1.0	weak		1	1	1	1	796	87.2	40.0	0.1591	0	0
hadur2.Hadur 3.9	yk.JahMicro 1.0	weak		1	2	1	1	558	82.0	16.0	0.2000	0	0
hadur2.Hadur 3.9	yk.JahMicro 1.0	weak		1	3	1	1	605	80.0	4.0	0.1852	0	0
hadur2.Hadur 3.9	yk.JahMicro 1.0	weak		1	4	1	1	468	81.0	4.0	0.3158	0	0
hadur2.Hadur 3.9	yk.JahMicro 1.0	weak		1	5	0	0	1612	54.4	28.0	0.2237	0	1
hadur2.Hadur 3.9	yk.JahMicro 1.0	weak		1	6	1	1	598	86.0	16.0	0.1852	0	0
hadur2.Hadur 3.9	yk.JahMicro 1.0	weak		1	7	1	1	588	76.0	16.0	0.1538	0	0
hadur2.Hadur 3.9	yk.JahMicro 1.0	weak		1	8	1	1	569	70.0	4.0	0.1600	0	0
hadur2.Hadur 3.9	yk.JahMicro 1.0	weak		1	9	1	1	957	57.0	4.0	0.1404	0	0
hadur2.Hadur 3.9	yk.JahMicro 1.0	weak		1	10	1	1	650	77.0	8.0	0.2059	0	0
hadur2.Hadur 3.9	yk.JahMicro 1.0	weak		1	11	1	1	560	77.0	0.0	0.1667	0	0
hadur2.Hadur 3.9	yk.JahMicro 1.0	weak		1	12	1	1	846	64.0	0.0	0.1489	0	0
hadur2.Hadur 3.9	yk.JahMicro 1.0	weak		1	13	1	1	590	80.0	0.0	0.2143	0	0
hadur2.Hadur 3.9	yk.JahMicro 1.0	weak		1	14	1	1	460	80.0	0.0	0.2222	0	0
hadur2.Hadur 3.9	yk.JahMicro 1.0	weak		1	15	1	1	1188	51.0	32.0	0.1519	0	0
hadur2.Hadur 3.9	yk.JahMicro 1.0	weak		1	16	1	1	486	85.0	4.0	0.3000	0	0
hadur2.Hadur 3.9	yk.JahMicro 1.0	weak		1	17	1	1	584	77.0	8.0	0.1538	0	0
hadur2.Hadur 3.9	yk.JahMicro 1.0	weak		1	18	1	1	554	77.0	0.0	0.1667	0	0
hadur2.Hadur 3.9	yk.JahMicro 1.0	weak		1	19	1	1	362	81.0	0.0	0.4167	0	0
hadur2.Hadur 3.9	yk.JahMicro 1.0	weak		1	20	1	1	564	81.0	32.0	0.2000	0	0
hadur2.Hadur 3.9	yk.JahMicro 1.0	weak		1	21	1	1	297	94.8	16.0	0.6250	0	0
hadur2.Hadur 3.9	yk.JahMicro 1.0	weak		1	22	1	1	448	94.0	20.0	0.2941	0	0
hadur2.Hadur 3.9	yk.JahMicro 1.0	weak		1	23	1	1	494	77.0	0.0	0.2000	0	0
hadur2.Hadur 3.9	yk.JahMicro 1.0	weak		1	24	1	1	569	71.0	0.0	0.1600	0	0
hadur2.Hadur 3.9	yk.JahMicro 1.0	weak		1	25	1	1	454	80.0	23.2	0.2778	0	0
hadur2.Hadur 3.9	yk.JahMicro 1.0	weak		1	26	1	1	443	86.8	20.0	0.2941	0	0
hadur2.Hadur 3.9	yk.JahMicro 1.0	weak		1	27	1	1	354	93.0	16.0	0.4545	0	0
hadur2.Hadur 3.9	yk.JahMicro 1.0	weak		1	28	1	1	545	79.0	8.0	0.2083	0	0
hadur2.Hadur 3.9	yk.JahMicro 1.0	weak		1	29	1	1	295	94.0	32.0	0.6250	0	0
hadur2.Hadur 3.9	yk.JahMicro 1.0	weak		1	30	1	1	601	75.0	20.0	0.1481	0	0
hadur2.Hadur 3.9	yk.JahMicro 1.0	weak		1	31	1	1	458	76.0	0.0	0.2222	0	0
hadur2.Hadur 3.9	yk.JahMicro 1.0	weak		1	32	1	1	350	86.0	0.0	0.4545	0	0
hadur2.Hadur 3.9	yk.JahMicro 1.0	weak		1	33	1	1	514	70.0	0.0	0.1905	0	0
hadur2.Hadur 3.9	yk.JahMicro 1.0	weak		1	34	1	1	330	83.4	0.0	0.5000	0	6
hadur2.Hadur 3.9	yk.JahMicro 1.0	weak		2	0	1	1	931	67.0	12.0	0.1636	0	7
hadur2.Hadur 3.9	yk.JahMicro 1.0	weak		2	1	1	1	602	80.0	4.0	0.2069	0	0
hadur2.Hadur 3.9	yk.JahMicro 1.0	weak		2	2	1	1	565	80.0	43.2	0.2083	0	0
hadur2.Hadur 3.9	yk.JahMicro 1.0	weak		2	3	1	1	491	73.0	0.0	0.2000	0	0
hadur2.Hadur 3.9	yk.JahMicro 1.0	weak		2	4	1	1	603	86.0	8.0	0.1786	0	0
hadur2.Hadur 3.9	yk.JahMicro 1.0	weak		2	5	1	1	644	85.0	12.0	0.1667	0	0
hadur2.Hadur 3.9	yk.JahMicro 1.0	weak		2	6	1	1	634	77.0	4.0	0.1667	0	0
hadur2.Hadur 3.9	yk.JahMicro 1.0	weak		2	7	1	1	646	74.0	8.0	0.1667	0	0
hadur2.Hadur 3.9	yk.JahMicro 1.0	weak		2	8	1	1	810	77.0	20.0	0.1429	0	0
hadur2.Hadur 3.9	yk.JahMicro 1.0	weak		2	9	1	1	562	79.0	0.0	0.2308	0	0
hadur2.Hadur 3.9	yk.JahMicro 1.0	weak		2	10	1	1	461	86.0	0.0	0.2778	0	0
hadur2.Hadur 3.9	yk.JahMicro 1.0	weak		2	11	1	1	570	74.0	16.0	0.1600	0	0
hadur2.Hadur 3.9	yk.JahMicro 1.0	weak		2	12	1	1	582	75.0	8.0	0.1600	0	0
hadur2.Hadur 3.9	yk.JahMicro 1.0	weak		2	13	1	1	905	63.0	0.0	0.1373	0	0
hadur2.Hadur 3.9	yk.JahMicro 1.0	weak		2	14	1	1	517	84.0	16.0	0.2609	0	0
hadur2.Hadur 3.9	yk.JahMicro 1.0	weak		2	15	1	1	396	92.0	16.0	0.4286	0	0
hadur2.Hadur 3.9	yk.JahMicro 1.0	weak		2	16	1	1	584	85.0	32.0	0.1923	0	0
hadur2.Hadur 3.9	yk.JahMicro 1.0	weak		2	17	1	1	496	84.0	4.0	0.2500	0	0
hadur2.Hadur 3.9	yk.JahMicro 1.0	weak		2	18	1	1	453	87.0	16.0	0.2778	0	0
hadur2.Hadur 3.9	yk.JahMicro 1.0	weak		2	19	1	1	566	89.0	48.0	0.2000	0	0
hadur2.Hadur 3.9	yk.JahMicro 1.0	weak		2	20	1	1	394	89.0	16.0	0.3571	0	0
hadur2.Hadur 3.9	yk.JahMicro 1.0	weak		2	21	1	1	560	84.0	16.0	0.2083	0	0
hadur2.Hadur 3.9	yk.JahMicro 1.0	weak		2	22	1	1	477	90.0	20.0	0.2632	0	0
hadur2.Hadur 3.9	yk.JahMicro 1.0	weak		2	23	1	1	505	85.0	4.0	0.2500	0	0
hadur2.Hadur 3.9	yk.JahMicro 1.0	weak		2	24	1	1	378	104.8	48.0	0.4615	0	0
hadur2.Hadur 3.9	yk.JahMicro 1.0	weak		2	25	1	1	479	79.0	0.0	0.2105	0	0
hadur2.Hadur 3.9	yk.JahMicro 1.0	weak		2	26	1	1	357	88.0	0.0	0.4167	0	0
hadur2.Hadur 3.9	yk.JahMicro 1.0	weak		2	27	1	1	479	85.0	4.0	0.2632	0	0
hadur2.Hadur 3.9	yk.JahMicro 1.0	weak		2	28	1	1	500	75.0	0.0	0.2000	0	0
hadur2.Hadur 3.9	yk.JahMicro 1.0	weak		2	29	1	1	622	71.0	4.0	0.1429	0	0
hadur2.Hadur 3.9	yk.JahMicro 1.0	weak		2	30	1	1	296	98.4	16.0	0.7500	0	0
hadur2.Hadur 3.9	yk.JahMicro 1.0	weak		2	31	1	1	384	87.0	4.0	0.3846	0	0
hadur2.Hadur 3.9	yk.JahMicro 1.0	weak		2	32	1	1	295	90.4	64.0	0.6250	0	0
hadur2.Hadur 3.9	yk.JahMicro 1.0	weak		2	33	1	1	418	76.0	0.0	0.2667	0	0
hadur2.Hadur 3.9	yk.JahMicro 1.0	weak		2	34	1	1	627	72.0	4.0	0.1379	0	8
hadur2.Hadur 3.9	yk.JahMicro 1.0	weak		3	0	1	1	1235	53.0	36.0	0.1744	0	4
hadur2.Hadur 3.9	yk.JahMicro 1.0	weak		3	1	1	1	690	78.0	32.0	0.1471	0	0
hadur2.Hadur 3.9	yk.JahMicro 1.0	weak		3	2	1	1	547	73.0	4.0	0.1667	0	0
hadur2.Hadur 3.9	yk.JahMicro 1.0	weak		3	3	1	1	1478	49.0	20.0	0.2427	0	0
hadur2.Hadur 3.9	yk.JahMicro 1.0	weak		3	4	1	1	440	90.4	48.0	0.2941	0	0
hadur2.Hadur 3.9	yk.JahMicro 1.0	weak		3	5	1	1	590	82.0	4.0	0.1852	0	0
hadur2.Hadur 3.9	yk.JahMicro 1.0	weak		3	6	1	1	675	80.0	16.0	0.1290	0	0
hadur2.Hadur 3.9	yk.JahMicro 1.0	weak		3	7	1	1	1144	56.0	8.0	0.2639	0	0
hadur2.Hadur 3.9	yk.JahMicro 1.0	weak		3	8	1	1	354	88.0	0.0	0.4167	0	0
hadur2.Hadur 3.9	yk.JahMicro 1.0	weak		3	9	1	1	660	71.0	0.0	0.1290	0	0
hadur2.Hadur 3.9	yk.JahMicro 1.0	weak		3	10	1	1	576	72.0	0.0	0.1600	0	0
hadur2.Hadur 3.9	yk.JahMicro 1.0	weak		3	11	1	1	455	73.0	0.0	0.2222	0	0
hadur2.Hadur 3.9	yk.JahMicro 1.0	weak		3	12	1	1	532	78.0	0.0	0.2174	0	0
hadur2.Hadur 3.9	yk.JahMicro 1.0	weak		3	13	1	1	548	74.0	0.0	0.1667	0	0
hadur2.Hadur 3.9	yk.JahMicro 1.0	weak		3	14	1	1	681	71.0	4.0	0.1250	0	0
hadur2.Hadur 3.9	yk.JahMicro 1.0	weak		3	15	1	1	513	76.0	0.0	0.2174	0	0
hadur2.Hadur 3.9	yk.JahMicro 1.0	weak		3	16	1	1	663	70.0	0.0	0.1818	0	0
hadur2.Hadur 3.9	yk.JahMicro 1.0	weak		3	17	1	1	375	74.4	0.0	0.3077	0	0
hadur2.Hadur 3.9	yk.JahMicro 1.0	weak		3	18	1	1	469	84.0	4.0	0.2778	0	0
hadur2.Hadur 3.9	yk.JahMicro 1.0	weak		3	19	1	1	595	71.0	0.0	0.1538	0	0
hadur2.Hadur 3.9	yk.JahMicro 1.0	weak		3	20	1	1	517	82.0	4.0	0.2273	0	0
hadur2.Hadur 3.9	yk.JahMicro 1.0	weak		3	21	1	1	521	90.0	32.0	0.2273	0	0
hadur2.Hadur 3.9	yk.JahMicro 1.0	weak		3	22	1	1	822	64.0	0.0	0.1190	0	0
hadur2.Hadur 3.9	yk.JahMicro 1.0	weak		3	23	1	1	380	102.0	32.0	0.4615	0	0
hadur2.Hadur 3.9	yk.JahMicro 1.0	weak		3	24	1	1	504	76.0	0.0	0.1905	0	0
hadur2.Hadur 3.9	yk.JahMicro 1.0	weak		3	25	1	1	436	81.0	0.0	0.3125	0	0
hadur2.Hadur 3.9	yk.JahMicro 1.0	weak		3	26	1	1	572	76.0	20.0	0.1600	0	0
hadur2.Hadur 3.9	yk.JahMicro 1.0	weak		3	27	1	1	560	75.0	4.0	0.1667	0	0
hadur2.Hadur 3.9	yk.JahMicro 1.0	weak		3	28	1	1	541	81.0	16.0	0.2174	0	0
hadur2.Hadur 3.9	yk.JahMicro 1.0	weak		3	29	1	1	597	82.0	20.0	0.1852	0	0
hadur2.Hadur 3.9	yk.JahMicro 1.0	weak		3	30	1	1	314	86.4	0.0	0.5556	0	0
hadur2.Hadur 3.9	yk.JahMicro 1.0	weak		3	31	1	1	487	73.0	0.0	0.2000	0	0
hadur2.Hadur 3.9	yk.JahMicro 1.0	weak		3	32	1	1	628	78.0	16.0	0.1429	0	0
hadur2.Hadur 3.9	yk.JahMicro 1.0	weak		3	33	1	1	374	76.0	0.0	0.3077	0	0
hadur2.Hadur 3.9	yk.JahMicro 1.0	weak		3	34	1	1	520	80.0	0.0	0.2273	0	6
hadur2.Hadur 3.9	yk.JahMicro 1.0	weak		4	0	1	1	1014	55.0	0.0	0.1290	298	8
hadur2.Hadur 3.9	yk.JahMicro 1.0	weak		4	1	1	1	566	84.0	4.0	0.2857	0	0
hadur2.Hadur 3.9	yk.JahMicro 1.0	weak		4	2	1	1	579	88.0	28.0	0.2000	0	0
hadur2.Hadur 3.9	yk.JahMicro 1.0	weak		4	3	1	1	735	73.0	4.0	0.1111	0	0
hadur2.Hadur 3.9	yk.JahMicro 1.0	weak		4	4	1	1	731	74.0	0.0	0.1579	0	1
hadur2.Hadur 3.9	yk.JahMicro 1.0	weak		4	5	1	1	775	75.0	8.0	0.1667	0	0
hadur2.Hadur 3.9	yk.JahMicro 1.0	weak		4	6	1	1	954	57.0	0.0	0.1429	0	0
hadur2.Hadur 3.9	yk.JahMicro 1.0	weak		4	7	1	1	624	76.0	40.0	0.2188	0	0
hadur2.Hadur 3.9	yk.JahMicro 1.0	weak		4	8	1	1	649	78.0	8.0	0.1613	0	0
hadur2.Hadur 3.9	yk.JahMicro 1.0	weak		4	9	1	1	503	80.0	0.0	0.1905	0	0
hadur2.Hadur 3.9	yk.JahMicro 1.0	weak		4	10	1	1	532	74.0	16.0	0.1739	0	0
hadur2.Hadur 3.9	yk.JahMicro 1.0	weak		4	11	1	1	329	89.8	16.0	0.5000	0	0
hadur2.Hadur 3.9	yk.JahMicro 1.0	weak		4	12	1	1	373	83.0	0.0	0.3846	0	0
hadur2.Hadur 3.9	yk.JahMicro 1.0	weak		4	13	1	1	417	79.0	0.0	0.2667	0	0
hadur2.Hadur 3.9	yk.JahMicro 1.0	weak		4	14	1	1	624	76.0	0.0	0.1429	0	0
hadur2.Hadur 3.9	yk.JahMicro 1.0	weak		4	15	1	1	656	72.0	0.0	0.1290	0	0
hadur2.Hadur 3.9	yk.JahMicro 1.0	weak		4	16	1	1	847	74.0	48.0	0.1765	0	0
hadur2.Hadur 3.9	yk.JahMicro 1.0	weak		4	17	1	1	493	83.0	0.0	0.2857	0	0
hadur2.Hadur 3.9	yk.JahMicro 1.0	weak		4	18	1	1	527	81.0	0.0	0.2273	0	0
hadur2.Hadur 3.9	yk.JahMicro 1.0	weak		4	19	1	1	448	86.0	16.0	0.2941	0	0
hadur2.Hadur 3.9	yk.JahMicro 1.0	weak		4	20	1	1	547	89.0	20.0	0.2083	0	0
hadur2.Hadur 3.9	yk.JahMicro 1.0	weak		4	21	1	1	511	82.0	4.0	0.2381	0	0
hadur2.Hadur 3.9	yk.JahMicro 1.0	weak		4	22	1	1	571	74.0	0.0	0.1600	0	0
hadur2.Hadur 3.9	yk.JahMicro 1.0	weak		4	23	1	1	602	76.4	20.0	0.2143	0	0
hadur2.Hadur 3.9	yk.JahMicro 1.0	weak		4	24	1	1	345	89.0	0.0	0.4545	0	0
hadur2.Hadur 3.9	yk.JahMicro 1.0	weak		4	25	1	1	392	76.4	0.0	0.2857	0	0
hadur2.Hadur 3.9	yk.JahMicro 1.0	weak		4	26	1	1	418	90.0	16.0	0.3333	0	0
hadur2.Hadur 3.9	yk.JahMicro 1.0	weak		4	27	0	0	1227	29.7	20.1	0.1500	0	0
hadur2.Hadur 3.9	yk.JahMicro 1.0	weak		4	28	1	1	616	77.0	12.0	0.1481	0	0
hadur2.Hadur 3.9	yk.JahMicro 1.0	weak		4	29	1	1	488	88.4	36.0	0.2500	0	0
hadur2.Hadur 3.9	yk.JahMicro 1.0	weak		4	30	1	1	558	74.0	0.0	0.1667	0	0
hadur2.Hadur 3.9	yk.JahMicro 1.0	weak		4	31	1	1	436	92.0	8.0	0.3125	0	0
hadur2.Hadur 3.9	yk.JahMicro 1.0	weak		4	32	1	1	423	84.0	0.0	0.3125	0	0
hadur2.Hadur 3.9	yk.JahMicro 1.0	weak		4	33	1	1	791	69.0	4.0	0.1500	0	0
hadur2.Hadur 3.9	yk.JahMicro 1.0	weak		4	34	1	1	444	79.0	0.0	0.2353	0	6
