build	shooter	tick_window	power_class	distance_band	fate	bullets	power_sum	damage_sum
released	drussgt	0-200	0.10-0.20	400-500	miss	2	0.300	0.000
released	drussgt	0-200	0.20-0.50	400-500	miss	2	0.900	0.000
released	drussgt	0-200	0.50-1.00	300-400	destroyed	14	9.270	0.000
released	drussgt	0-200	0.50-1.00	300-400	miss	3	1.850	0.000
released	drussgt	0-200	0.50-1.00	400-500	destroyed	4	2.810	0.000
released	drussgt	0-200	0.50-1.00	400-500	miss	5	3.610	0.000
released	drussgt	0-200	0.50-1.00	500-600	destroyed	1	0.950	0.000
released	drussgt	0-200	0.50-1.00	500-600	hit	1	0.950	3.800
released	drussgt	0-200	0.50-1.00	500-600	miss	4	3.800	0.000
released	drussgt	0-200	1.00-1.70	200-300	miss	4	4.790	0.000
released	drussgt	0-200	1.00-1.70	300-400	destroyed	10	12.140	0.000
released	drussgt	0-200	1.00-1.70	300-400	miss	13	15.110	0.000
released	drussgt	0-200	1.00-1.70	400-500	destroyed	9	10.530	0.000
released	drussgt	0-200	1.00-1.70	400-500	hit	5	5.750	24.500
released	drussgt	0-200	1.00-1.70	400-500	miss	58	69.430	0.000
released	drussgt	0-200	1.00-1.70	500-600	destroyed	5	5.750	0.000
released	drussgt	0-200	1.00-1.70	500-600	hit	4	4.600	19.600
released	drussgt	0-200	1.00-1.70	500-600	miss	42	48.300	0.000
released	drussgt	0-200	1.00-1.70	600-1000	destroyed	1	1.150	0.000
released	drussgt	0-200	1.00-1.70	600-1000	hit	1	1.150	4.900
released	drussgt	0-200	1.00-1.70	600-1000	miss	4	4.600	0.000
released	drussgt	0-200	1.70-2.20	200-300	destroyed	3	5.850	0.000
released	drussgt	0-200	1.70-2.20	200-300	hit	2	3.900	19.400
released	drussgt	0-200	1.70-2.20	200-300	miss	23	44.620	0.000
released	drussgt	0-200	1.70-2.20	300-400	destroyed	26	50.700	0.000
released	drussgt	0-200	1.70-2.20	300-400	hit	32	62.400	310.400
released	drussgt	0-200	1.70-2.20	300-400	miss	369	719.550	0.000
released	drussgt	0-200	1.70-2.20	400-500	destroyed	147	286.650	0.000
released	drussgt	0-200	1.70-2.20	400-500	hit	135	263.250	1309.500
released	drussgt	0-200	1.70-2.20	400-500	miss	1576	3072.720	0.000
released	drussgt	0-200	1.70-2.20	500-600	destroyed	125	243.750	0.000
released	drussgt	0-200	1.70-2.20	500-600	hit	106	206.700	1028.200
released	drussgt	0-200	1.70-2.20	500-600	miss	1300	2535.000	0.000
released	drussgt	0-200	1.70-2.20	600-1000	destroyed	26	50.700	0.000
released	drussgt	0-200	1.70-2.20	600-1000	hit	17	33.150	164.900
released	drussgt	0-200	1.70-2.20	600-1000	miss	165	321.750	0.000
released	drussgt	1000+	0.10-0.20	0-200	destroyed	1	0.150	0.000
released	drussgt	1000+	0.10-0.20	0-200	hit	1	0.150	0.600
released	drussgt	1000+	0.10-0.20	0-200	miss	1	0.150	0.000
released	drussgt	1000+	0.10-0.20	200-300	destroyed	22	3.300	0.000
released	drussgt	1000+	0.10-0.20	200-300	hit	37	5.550	22.200
released	drussgt	1000+	0.10-0.20	200-300	miss	127	19.050	0.000
released	drussgt	1000+	0.10-0.20	300-400	destroyed	335	50.250	0.000
released	drussgt	1000+	0.10-0.20	300-400	hit	347	52.050	208.200
released	drussgt	1000+	0.10-0.20	300-400	miss	1804	270.600	0.000
released	drussgt	1000+	0.10-0.20	400-500	destroyed	2955	443.250	0.000
released	drussgt	1000+	0.10-0.20	400-500	hit	2186	327.900	1311.600
released	drussgt	1000+	0.10-0.20	400-500	miss	17221	2583.150	0.000
released	drussgt	1000+	0.10-0.20	500-600	destroyed	3395	509.250	0.000
released	drussgt	1000+	0.10-0.20	500-600	hit	2652	397.800	1591.200
released	drussgt	1000+	0.10-0.20	500-600	miss	21629	3244.350	0.000
released	drussgt	1000+	0.10-0.20	600-1000	destroyed	255	38.250	0.000
released	drussgt	1000+	0.10-0.20	600-1000	hit	182	27.300	109.200
released	drussgt	1000+	0.10-0.20	600-1000	miss	1744	261.600	0.000
released	drussgt	1000+	0.20-0.50	200-300	hit	1	0.250	1.000
released	drussgt	1000+	0.20-0.50	200-300	miss	3	0.850	0.000
released	drussgt	1000+	0.20-0.50	300-400	hit	3	0.850	3.400
released	drussgt	1000+	0.20-0.50	300-400	miss	6	1.700	0.000
released	drussgt	1000+	0.20-0.50	400-500	hit	2	0.500	2.000
released	drussgt	1000+	0.20-0.50	400-500	miss	12	3.300	0.000
released	drussgt	1000+	0.20-0.50	500-600	miss	3	0.750	0.000
released	drussgt	1000+	0.50-1.00	200-300	hit	1	0.650	2.600
released	drussgt	1000+	0.50-1.00	200-300	miss	2	1.300	0.000
released	drussgt	1000+	1.70-2.20	200-300	miss	4	7.800	0.000
released	drussgt	200-400	0.10-0.20	300-400	hit	1	0.150	0.600
released	drussgt	200-400	0.10-0.20	300-400	miss	2	0.300	0.000
released	drussgt	200-400	0.10-0.20	400-500	destroyed	3	0.450	0.000
released	drussgt	200-400	0.10-0.20	400-500	hit	5	0.750	3.000
released	drussgt	200-400	0.10-0.20	400-500	miss	22	3.300	0.000
released	drussgt	200-400	0.10-0.20	500-600	destroyed	4	0.600	0.000
released	drussgt	200-400	0.10-0.20	500-600	hit	3	0.450	1.800
released	drussgt	200-400	0.10-0.20	500-600	miss	14	2.100	0.000
released	drussgt	200-400	0.10-0.20	600-1000	destroyed	2	0.300	0.000
released	drussgt	200-400	0.10-0.20	600-1000	miss	5	0.750	0.000
released	drussgt	200-400	0.20-0.50	200-300	destroyed	1	0.250	0.000
released	drussgt	200-400	0.20-0.50	200-300	hit	1	0.250	1.000
released	drussgt	200-400	0.20-0.50	300-400	destroyed	3	1.350	0.000
released	drussgt	200-400	0.20-0.50	300-400	hit	1	0.450	1.800
released	drussgt	200-400	0.20-0.50	300-400	miss	36	14.100	0.000
released	drussgt	200-400	0.20-0.50	400-500	destroyed	37	15.550	0.000
released	drussgt	200-400	0.20-0.50	400-500	hit	34	14.000	56.000
released	drussgt	200-400	0.20-0.50	400-500	miss	219	88.650	0.000
released	drussgt	200-400	0.20-0.50	500-600	destroyed	32	13.100	0.000
released	drussgt	200-400	0.20-0.50	500-600	hit	26	10.700	42.800
released	drussgt	200-400	0.20-0.50	500-600	miss	268	108.600	0.000
released	drussgt	200-400	0.20-0.50	600-1000	destroyed	9	3.750	0.000
released	drussgt	200-400	0.20-0.50	600-1000	hit	2	0.800	3.200
released	drussgt	200-400	0.20-0.50	600-1000	miss	42	17.900	0.000
released	drussgt	200-400	0.50-1.00	200-300	miss	1	0.850	0.000
released	drussgt	200-400	0.50-1.00	300-400	destroyed	12	10.300	0.000
released	drussgt	200-400	0.50-1.00	300-400	hit	10	7.800	31.200
released	drussgt	200-400	0.50-1.00	300-400	miss	33	24.750	0.000
released	drussgt	200-400	0.50-1.00	400-500	destroyed	79	61.950	0.000
released	drussgt	200-400	0.50-1.00	400-500	hit	82	65.600	262.400
released	drussgt	200-400	0.50-1.00	400-500	miss	569	448.150	0.000
released	drussgt	200-400	0.50-1.00	500-600	destroyed	103	81.350	0.000
released	drussgt	200-400	0.50-1.00	500-600	hit	93	75.750	303.000
released	drussgt	200-400	0.50-1.00	500-600	miss	870	700.700	0.000
released	drussgt	200-400	0.50-1.00	600-1000	destroyed	11	8.450	0.000
released	drussgt	200-400	0.50-1.00	600-1000	hit	19	15.850	63.400
released	drussgt	200-400	0.50-1.00	600-1000	miss	85	64.650	0.000
released	drussgt	200-400	1.00-1.70	200-300	hit	2	2.300	9.800
released	drussgt	200-400	1.00-1.70	200-300	miss	4	4.600	0.000
released	drussgt	200-400	1.00-1.70	300-400	destroyed	7	8.050	0.000
released	drussgt	200-400	1.00-1.70	300-400	hit	7	8.050	34.300
released	drussgt	200-400	1.00-1.70	300-400	miss	49	56.350	0.000
released	drussgt	200-400	1.00-1.70	400-500	destroyed	51	58.650	0.000
released	drussgt	200-400	1.00-1.70	400-500	hit	54	62.100	264.600
released	drussgt	200-400	1.00-1.70	400-500	miss	436	501.400	0.000
released	drussgt	200-400	1.00-1.70	500-600	destroyed	75	86.250	0.000
released	drussgt	200-400	1.00-1.70	500-600	hit	63	72.450	308.700
released	drussgt	200-400	1.00-1.70	500-600	miss	587	675.050	0.000
released	drussgt	200-400	1.00-1.70	600-1000	destroyed	10	11.500	0.000
released	drussgt	200-400	1.00-1.70	600-1000	hit	7	8.050	34.300
released	drussgt	200-400	1.00-1.70	600-1000	miss	89	102.350	0.000
released	drussgt	200-400	1.70-2.20	200-300	miss	1	1.950	0.000
released	drussgt	200-400	1.70-2.20	300-400	destroyed	5	9.750	0.000
released	drussgt	200-400	1.70-2.20	300-400	hit	4	7.800	38.800
released	drussgt	200-400	1.70-2.20	300-400	miss	28	54.600	0.000
released	drussgt	200-400	1.70-2.20	400-500	destroyed	42	81.900	0.000
released	drussgt	200-400	1.70-2.20	400-500	hit	24	46.800	232.800
released	drussgt	200-400	1.70-2.20	400-500	miss	355	692.250	0.000
released	drussgt	200-400	1.70-2.20	500-600	destroyed	73	142.350	0.000
released	drussgt	200-400	1.70-2.20	500-600	hit	51	99.450	494.700
released	drussgt	200-400	1.70-2.20	500-600	miss	603	1175.850	0.000
released	drussgt	200-400	1.70-2.20	600-1000	destroyed	10	19.500	0.000
released	drussgt	200-400	1.70-2.20	600-1000	hit	10	19.500	97.000
released	drussgt	200-400	1.70-2.20	600-1000	miss	142	276.900	0.000
released	drussgt	400-600	0.10-0.20	200-300	destroyed	2	0.300	0.000
released	drussgt	400-600	0.10-0.20	200-300	hit	1	0.150	0.600
released	drussgt	400-600	0.10-0.20	200-300	miss	14	2.100	0.000
released	drussgt	400-600	0.10-0.20	300-400	destroyed	15	2.250	0.000
released	drussgt	400-600	0.10-0.20	300-400	hit	17	2.550	10.200
released	drussgt	400-600	0.10-0.20	300-400	miss	57	8.550	0.000
released	drussgt	400-600	0.10-0.20	400-500	destroyed	55	8.250	0.000
released	drussgt	400-600	0.10-0.20	400-500	hit	47	7.050	28.200
released	drussgt	400-600	0.10-0.20	400-500	miss	354	53.100	0.000
released	drussgt	400-600	0.10-0.20	500-600	destroyed	57	8.550	0.000
released	drussgt	400-600	0.10-0.20	500-600	hit	65	9.750	39.000
released	drussgt	400-600	0.10-0.20	500-600	miss	490	73.500	0.000
released	drussgt	400-600	0.10-0.20	600-1000	destroyed	6	0.900	0.000
released	drussgt	400-600	0.10-0.20	600-1000	hit	10	1.500	6.000
released	drussgt	400-600	0.10-0.20	600-1000	miss	82	12.300	0.000
released	drussgt	400-600	0.20-0.50	200-300	miss	4	1.100	0.000
released	drussgt	400-600	0.20-0.50	300-400	destroyed	20	6.100	0.000
released	drussgt	400-600	0.20-0.50	300-400	hit	15	4.350	17.400
released	drussgt	400-600	0.20-0.50	300-400	miss	81	24.350	0.000
released	drussgt	400-600	0.20-0.50	400-500	destroyed	196	68.100	0.000
released	drussgt	400-600	0.20-0.50	400-500	hit	176	60.000	240.000
released	drussgt	400-600	0.20-0.50	400-500	miss	1194	411.600	0.000
released	drussgt	400-600	0.20-0.50	500-600	destroyed	238	80.700	0.000
released	drussgt	400-600	0.20-0.50	500-600	hit	202	69.700	278.800
released	drussgt	400-600	0.20-0.50	500-600	miss	1785	619.250	0.000
released	drussgt	400-600	0.20-0.50	600-1000	destroyed	19	6.950	0.000
released	drussgt	400-600	0.20-0.50	600-1000	hit	14	4.800	19.200
released	drussgt	400-600	0.20-0.50	600-1000	miss	155	56.650	0.000
released	drussgt	400-600	0.50-1.00	300-400	destroyed	3	2.350	0.000
released	drussgt	400-600	0.50-1.00	300-400	hit	2	1.500	6.000
released	drussgt	400-600	0.50-1.00	300-400	miss	12	9.500	0.000
released	drussgt	400-600	0.50-1.00	400-500	destroyed	36	25.000	0.000
released	drussgt	400-600	0.50-1.00	400-500	hit	28	20.000	80.000
released	drussgt	400-600	0.50-1.00	400-500	miss	242	171.500	0.000
released	drussgt	400-600	0.50-1.00	500-600	destroyed	41	29.550	0.000
released	drussgt	400-600	0.50-1.00	500-600	hit	37	25.550	102.200
released	drussgt	400-600	0.50-1.00	500-600	miss	360	253.000	0.000
released	drussgt	400-600	0.50-1.00	600-1000	destroyed	3	1.950	0.000
released	drussgt	400-600	0.50-1.00	600-1000	hit	4	3.200	12.800
released	drussgt	400-600	0.50-1.00	600-1000	miss	34	25.100	0.000
released	drussgt	400-600	1.00-1.70	200-300	miss	2	2.300	0.000
released	drussgt	400-600	1.00-1.70	300-400	miss	1	1.150	0.000
released	drussgt	400-600	1.00-1.70	400-500	hit	1	1.150	4.900
released	drussgt	400-600	1.00-1.70	400-500	miss	17	19.550	0.000
released	drussgt	400-600	1.00-1.70	500-600	miss	12	13.800	0.000
released	drussgt	400-600	1.00-1.70	600-1000	miss	2	2.300	0.000
released	drussgt	400-600	1.70-2.20	300-400	miss	2	3.900	0.000
released	drussgt	400-600	1.70-2.20	400-500	miss	2	3.900	0.000
released	drussgt	600-800	0.10-0.20	200-300	destroyed	3	0.450	0.000
released	drussgt	600-800	0.10-0.20	200-300	hit	4	0.600	2.400
released	drussgt	600-800	0.10-0.20	200-300	miss	9	1.350	0.000
released	drussgt	600-800	0.10-0.20	300-400	destroyed	27	4.050	0.000
released	drussgt	600-800	0.10-0.20	300-400	hit	25	3.750	15.000
released	drussgt	600-800	0.10-0.20	300-400	miss	184	27.600	0.000
released	drussgt	600-800	0.10-0.20	400-500	destroyed	259	38.850	0.000
released	drussgt	600-800	0.10-0.20	400-500	hit	187	28.050	112.200
released	drussgt	600-800	0.10-0.20	400-500	miss	1502	225.300	0.000
released	drussgt	600-800	0.10-0.20	500-600	destroyed	290	43.500	0.000
released	drussgt	600-800	0.10-0.20	500-600	hit	254	38.100	152.400
released	drussgt	600-800	0.10-0.20	500-600	miss	1912	286.800	0.000
released	drussgt	600-800	0.10-0.20	600-1000	destroyed	27	4.050	0.000
released	drussgt	600-800	0.10-0.20	600-1000	hit	18	2.700	10.800
released	drussgt	600-800	0.10-0.20	600-1000	miss	168	25.200	0.000
released	drussgt	600-800	0.20-0.50	200-300	hit	3	0.850	3.400
released	drussgt	600-800	0.20-0.50	200-300	miss	2	0.700	0.000
released	drussgt	600-800	0.20-0.50	300-400	destroyed	5	1.250	0.000
released	drussgt	600-800	0.20-0.50	300-400	hit	2	0.600	2.400
released	drussgt	600-800	0.20-0.50	300-400	miss	19	4.850	0.000
released	drussgt	600-800	0.20-0.50	400-500	destroyed	72	19.200	0.000
released	drussgt	600-800	0.20-0.50	400-500	hit	51	13.350	53.400
released	drussgt	600-800	0.20-0.50	400-500	miss	366	97.700	0.000
released	drussgt	600-800	0.20-0.50	500-600	destroyed	94	25.700	0.000
released	drussgt	600-800	0.20-0.50	500-600	hit	61	16.250	65.000
released	drussgt	600-800	0.20-0.50	500-600	miss	538	143.600	0.000
released	drussgt	600-800	0.20-0.50	600-1000	destroyed	10	2.900	0.000
released	drussgt	600-800	0.20-0.50	600-1000	hit	7	1.850	7.400
released	drussgt	600-800	0.20-0.50	600-1000	miss	79	21.250	0.000
released	drussgt	600-800	0.50-1.00	400-500	destroyed	1	0.650	0.000
released	drussgt	600-800	0.50-1.00	500-600	destroyed	4	3.100	0.000
released	drussgt	600-800	0.50-1.00	500-600	miss	18	14.100	0.000
released	drussgt	600-800	0.50-1.00	600-1000	miss	4	2.600	0.000
released	drussgt	800-1000	0.10-0.20	200-300	destroyed	1	0.150	0.000
released	drussgt	800-1000	0.10-0.20	200-300	hit	2	0.300	1.200
released	drussgt	800-1000	0.10-0.20	200-300	miss	4	0.600	0.000
released	drussgt	800-1000	0.10-0.20	300-400	destroyed	44	6.600	0.000
released	drussgt	800-1000	0.10-0.20	300-400	hit	42	6.300	25.200
released	drussgt	800-1000	0.10-0.20	300-400	miss	173	25.950	0.000
released	drussgt	800-1000	0.10-0.20	400-500	destroyed	324	48.600	0.000
released	drussgt	800-1000	0.10-0.20	400-500	hit	243	36.450	145.800
released	drussgt	800-1000	0.10-0.20	400-500	miss	1871	280.650	0.000
released	drussgt	800-1000	0.10-0.20	500-600	destroyed	386	57.900	0.000
released	drussgt	800-1000	0.10-0.20	500-600	hit	301	45.150	180.600
released	drussgt	800-1000	0.10-0.20	500-600	miss	2385	357.750	0.000
released	drussgt	800-1000	0.10-0.20	600-1000	destroyed	34	5.100	0.000
released	drussgt	800-1000	0.10-0.20	600-1000	hit	24	3.600	14.400
released	drussgt	800-1000	0.10-0.20	600-1000	miss	218	32.700	0.000
released	drussgt	800-1000	0.20-0.50	400-500	destroyed	6	1.700	0.000
released	drussgt	800-1000	0.20-0.50	400-500	hit	1	0.450	1.800
released	drussgt	800-1000	0.20-0.50	400-500	miss	11	3.550	0.000
released	drussgt	800-1000	0.20-0.50	500-600	destroyed	4	1.200	0.000
released	drussgt	800-1000	0.20-0.50	500-600	hit	5	1.450	5.800
released	drussgt	800-1000	0.20-0.50	500-600	miss	23	6.650	0.000
released	drussgt	800-1000	0.20-0.50	600-1000	destroyed	1	0.250	0.000
released	drussgt	800-1000	0.20-0.50	600-1000	miss	4	1.000	0.000
released	drussgt	800-1000	0.50-1.00	400-500	miss	1	0.650	0.000
released	hadur	0-200	0.20-0.50	400-500	miss	1	0.460	0.000
released	hadur	0-200	0.50-1.00	400-500	hit	1	0.740	2.960
released	hadur	0-200	0.50-1.00	400-500	miss	4	3.580	0.000
released	hadur	0-200	1.00-1.70	300-400	miss	2	3.250	0.000
released	hadur	0-200	1.00-1.70	400-500	hit	4	5.890	27.340
released	hadur	0-200	1.00-1.70	400-500	miss	18	27.810	0.000
released	hadur	0-200	1.00-1.70	500-600	destroyed	1	1.230	0.000
released	hadur	0-200	1.00-1.70	500-600	hit	2	3.240	15.440
released	hadur	0-200	1.00-1.70	500-600	miss	11	16.650	0.000
released	hadur	0-200	1.00-1.70	600-1000	destroyed	1	1.630	0.000
released	hadur	0-200	1.70-2.20	200-300	destroyed	2	3.900	0.000
released	hadur	0-200	1.70-2.20	200-300	hit	7	13.650	67.900
released	hadur	0-200	1.70-2.20	200-300	miss	24	46.800	0.000
released	hadur	0-200	1.70-2.20	300-400	destroyed	55	107.250	0.000
released	hadur	0-200	1.70-2.20	300-400	hit	35	68.250	339.500
released	hadur	0-200	1.70-2.20	300-400	miss	388	755.920	0.000
released	hadur	0-200	1.70-2.20	400-500	destroyed	164	319.800	0.000
released	hadur	0-200	1.70-2.20	400-500	hit	155	302.080	1502.480
released	hadur	0-200	1.70-2.20	400-500	miss	1607	3132.630	0.000
released	hadur	0-200	1.70-2.20	500-600	destroyed	117	228.150	0.000
released	hadur	0-200	1.70-2.20	500-600	hit	108	210.430	1046.580
released	hadur	0-200	1.70-2.20	500-600	miss	1370	2669.970	0.000
released	hadur	0-200	1.70-2.20	600-1000	destroyed	25	48.750	0.000
released	hadur	0-200	1.70-2.20	600-1000	hit	13	25.350	126.100
released	hadur	0-200	1.70-2.20	600-1000	miss	169	329.550	0.000
released	hadur	0-200	2.20-3.00	400-500	miss	1	3.000	0.000
released	hadur	0-200	2.20-3.00	500-600	miss	3	9.000	0.000
released	hadur	1000+	0.10-0.20	0-200	hit	2	0.200	0.800
released	hadur	1000+	0.10-0.20	0-200	miss	26	2.600	0.000
released	hadur	1000+	0.10-0.20	200-300	hit	3	0.300	1.200
released	hadur	1000+	0.10-0.20	200-300	miss	12	1.200	0.000
released	hadur	1000+	0.10-0.20	300-400	destroyed	348	35.390	0.000
released	hadur	1000+	0.10-0.20	300-400	hit	218	22.360	89.440
released	hadur	1000+	0.10-0.20	300-400	miss	1787	183.060	0.000
released	hadur	1000+	0.10-0.20	400-500	destroyed	2976	305.490	0.000
released	hadur	1000+	0.10-0.20	400-500	hit	1644	168.590	674.360
released	hadur	1000+	0.10-0.20	400-500	miss	17580	1801.130	0.000
released	hadur	1000+	0.10-0.20	400-500	open	3	0.300	0.000
released	hadur	1000+	0.10-0.20	500-600	destroyed	3337	343.440	0.000
released	hadur	1000+	0.10-0.20	500-600	hit	2077	213.100	852.400
released	hadur	1000+	0.10-0.20	500-600	miss	22571	2321.690	0.000
released	hadur	1000+	0.10-0.20	500-600	open	40	4.000	0.000
released	hadur	1000+	0.10-0.20	600-1000	destroyed	252	26.090	0.000
released	hadur	1000+	0.10-0.20	600-1000	hit	139	14.310	57.240
released	hadur	1000+	0.10-0.20	600-1000	miss	1793	184.630	0.000
released	hadur	1000+	0.10-0.20	600-1000	open	5	0.500	0.000
released	hadur	1000+	0.20-0.50	200-300	destroyed	2	0.580	0.000
released	hadur	1000+	0.20-0.50	200-300	hit	1	0.320	1.280
released	hadur	1000+	0.20-0.50	200-300	miss	7	2.280	0.000
released	hadur	1000+	0.20-0.50	300-400	hit	1	0.240	0.960
released	hadur	1000+	0.20-0.50	300-400	miss	8	1.790	0.000
released	hadur	1000+	0.20-0.50	400-500	destroyed	14	3.490	0.000
released	hadur	1000+	0.20-0.50	400-500	hit	8	2.010	8.040
released	hadur	1000+	0.20-0.50	400-500	miss	81	20.540	0.000
released	hadur	1000+	0.20-0.50	500-600	destroyed	13	3.180	0.000
released	hadur	1000+	0.20-0.50	500-600	hit	16	4.330	17.320
released	hadur	1000+	0.20-0.50	500-600	miss	170	41.660	0.000
released	hadur	1000+	0.20-0.50	600-1000	destroyed	5	1.490	0.000
released	hadur	1000+	0.20-0.50	600-1000	hit	2	0.470	1.880
released	hadur	1000+	0.20-0.50	600-1000	miss	32	8.720	0.000
released	hadur	1000+	0.20-0.50	600-1000	open	1	0.220	0.000
released	hadur	1000+	0.50-1.00	200-300	miss	1	0.520	0.000
released	hadur	1000+	0.50-1.00	300-400	miss	1	0.850	0.000
released	hadur	1000+	0.50-1.00	400-500	miss	5	3.170	0.000
released	hadur	1000+	0.50-1.00	500-600	hit	1	0.500	2.000
released	hadur	1000+	0.50-1.00	500-600	miss	3	1.780	0.000
released	hadur	1000+	1.00-1.70	0-200	miss	1	1.560	0.000
released	hadur	1000+	1.00-1.70	200-300	hit	1	1.240	5.440
released	hadur	1000+	1.00-1.70	200-300	miss	6	8.480	0.000
released	hadur	1000+	1.00-1.70	300-400	destroyed	1	1.280	0.000
released	hadur	1000+	1.00-1.70	300-400	miss	3	3.440	0.000
released	hadur	1000+	1.00-1.70	400-500	miss	19	19.440	0.000
released	hadur	1000+	1.00-1.70	500-600	hit	1	1.000	4.000
released	hadur	1000+	1.70-2.20	0-200	miss	2	3.900	0.000
released	hadur	1000+	1.70-2.20	200-300	destroyed	14	27.300	0.000
released	hadur	1000+	1.70-2.20	200-300	hit	10	19.500	97.000
released	hadur	1000+	1.70-2.20	200-300	miss	94	183.300	0.000
released	hadur	1000+	1.70-2.20	300-400	destroyed	8	15.600	0.000
released	hadur	1000+	1.70-2.20	300-400	hit	1	1.950	9.700
released	hadur	1000+	1.70-2.20	300-400	miss	27	52.540	0.000
released	hadur	1000+	2.20-3.00	400-500	miss	1	3.000	0.000
released	hadur	200-400	0.20-0.50	300-400	destroyed	1	0.490	0.000
released	hadur	200-400	0.20-0.50	300-400	hit	1	0.220	0.880
released	hadur	200-400	0.20-0.50	300-400	miss	8	2.310	0.000
released	hadur	200-400	0.20-0.50	400-500	destroyed	12	4.220	0.000
released	hadur	200-400	0.20-0.50	400-500	hit	7	2.830	11.320
released	hadur	200-400	0.20-0.50	400-500	miss	64	23.070	0.000
released	hadur	200-400	0.20-0.50	500-600	destroyed	12	4.540	0.000
released	hadur	200-400	0.20-0.50	500-600	hit	4	1.380	5.520
released	hadur	200-400	0.20-0.50	500-600	miss	72	27.000	0.000
released	hadur	200-400	0.20-0.50	600-1000	miss	3	1.060	0.000
released	hadur	200-400	0.50-1.00	300-400	destroyed	4	2.830	0.000
released	hadur	200-400	0.50-1.00	300-400	hit	4	2.590	10.360
released	hadur	200-400	0.50-1.00	300-400	miss	25	17.000	0.000
released	hadur	200-400	0.50-1.00	400-500	destroyed	65	47.800	0.000
released	hadur	200-400	0.50-1.00	400-500	hit	33	23.650	94.600
released	hadur	200-400	0.50-1.00	400-500	miss	323	240.710	0.000
released	hadur	200-400	0.50-1.00	500-600	destroyed	62	45.880	0.000
released	hadur	200-400	0.50-1.00	500-600	hit	31	24.930	99.720
released	hadur	200-400	0.50-1.00	500-600	miss	456	351.120	0.000
released	hadur	200-400	0.50-1.00	600-1000	destroyed	6	4.240	0.000
released	hadur	200-400	0.50-1.00	600-1000	hit	5	3.430	13.720
released	hadur	200-400	0.50-1.00	600-1000	miss	47	34.070	0.000
released	hadur	200-400	1.00-1.70	300-400	destroyed	10	12.670	0.000
released	hadur	200-400	1.00-1.70	300-400	hit	3	3.860	17.160
released	hadur	200-400	1.00-1.70	300-400	miss	29	38.640	0.000
released	hadur	200-400	1.00-1.70	400-500	destroyed	39	50.650	0.000
released	hadur	200-400	1.00-1.70	400-500	hit	27	37.190	169.140
released	hadur	200-400	1.00-1.70	400-500	miss	275	369.550	0.000
released	hadur	200-400	1.00-1.70	500-600	destroyed	56	73.790	0.000
released	hadur	200-400	1.00-1.70	500-600	hit	41	55.780	252.680
released	hadur	200-400	1.00-1.70	500-600	miss	477	622.630	0.000
released	hadur	200-400	1.00-1.70	600-1000	destroyed	10	15.130	0.000
released	hadur	200-400	1.00-1.70	600-1000	hit	8	10.860	49.160
released	hadur	200-400	1.00-1.70	600-1000	miss	75	101.410	0.000
released	hadur	200-400	1.70-2.20	200-300	destroyed	2	3.900	0.000
released	hadur	200-400	1.70-2.20	200-300	hit	3	5.850	29.100
released	hadur	200-400	1.70-2.20	200-300	miss	3	5.850	0.000
released	hadur	200-400	1.70-2.20	300-400	destroyed	8	15.600	0.000
released	hadur	200-400	1.70-2.20	300-400	hit	3	5.680	28.080
released	hadur	200-400	1.70-2.20	300-400	miss	85	164.870	0.000
released	hadur	200-400	1.70-2.20	400-500	destroyed	116	224.900	0.000
released	hadur	200-400	1.70-2.20	400-500	hit	89	172.410	856.460
released	hadur	200-400	1.70-2.20	400-500	miss	838	1623.940	0.000
released	hadur	200-400	1.70-2.20	500-600	destroyed	145	281.150	0.000
released	hadur	200-400	1.70-2.20	500-600	hit	89	172.830	858.980
released	hadur	200-400	1.70-2.20	500-600	miss	1310	2543.940	0.000
released	hadur	200-400	1.70-2.20	600-1000	destroyed	23	44.670	0.000
released	hadur	200-400	1.70-2.20	600-1000	hit	18	34.560	171.360
released	hadur	200-400	1.70-2.20	600-1000	miss	239	463.490	0.000
released	hadur	200-400	2.20-3.00	500-600	destroyed	1	3.000	0.000
released	hadur	200-400	2.20-3.00	500-600	hit	1	3.000	16.000
released	hadur	200-400	2.20-3.00	500-600	miss	10	30.000	0.000
released	hadur	400-600	0.10-0.20	300-400	destroyed	1	0.160	0.000
released	hadur	400-600	0.10-0.20	300-400	hit	1	0.170	0.680
released	hadur	400-600	0.10-0.20	300-400	miss	8	1.290	0.000
released	hadur	400-600	0.10-0.20	400-500	destroyed	5	0.670	0.000
released	hadur	400-600	0.10-0.20	400-500	hit	6	0.930	3.720
released	hadur	400-600	0.10-0.20	400-500	miss	42	6.460	0.000
released	hadur	400-600	0.10-0.20	500-600	destroyed	2	0.330	0.000
released	hadur	400-600	0.10-0.20	500-600	hit	3	0.460	1.840
released	hadur	400-600	0.10-0.20	500-600	miss	20	3.080	0.000
released	hadur	400-600	0.20-0.50	300-400	destroyed	21	7.670	0.000
released	hadur	400-600	0.20-0.50	300-400	hit	14	4.650	18.600
released	hadur	400-600	0.20-0.50	300-400	miss	89	32.780	0.000
released	hadur	400-600	0.20-0.50	400-500	destroyed	158	57.780	0.000
released	hadur	400-600	0.20-0.50	400-500	hit	74	27.420	109.680
released	hadur	400-600	0.20-0.50	400-500	miss	830	304.970	0.000
released	hadur	400-600	0.20-0.50	500-600	destroyed	157	59.780	0.000
released	hadur	400-600	0.20-0.50	500-600	hit	102	39.110	156.440
released	hadur	400-600	0.20-0.50	500-600	miss	1075	402.900	0.000
released	hadur	400-600	0.20-0.50	600-1000	destroyed	11	4.170	0.000
released	hadur	400-600	0.20-0.50	600-1000	hit	8	2.870	11.480
released	hadur	400-600	0.20-0.50	600-1000	miss	66	25.300	0.000
released	hadur	400-600	0.50-1.00	300-400	destroyed	9	5.550	0.000
released	hadur	400-600	0.50-1.00	300-400	hit	5	3.190	12.760
released	hadur	400-600	0.50-1.00	300-400	miss	18	11.530	0.000
released	hadur	400-600	0.50-1.00	400-500	destroyed	70	44.320	0.000
released	hadur	400-600	0.50-1.00	400-500	hit	53	36.430	145.720
released	hadur	400-600	0.50-1.00	400-500	miss	508	329.150	0.000
released	hadur	400-600	0.50-1.00	500-600	destroyed	89	57.350	0.000
released	hadur	400-600	0.50-1.00	500-600	hit	56	36.410	145.640
released	hadur	400-600	0.50-1.00	500-600	miss	722	473.370	0.000
released	hadur	400-600	0.50-1.00	600-1000	destroyed	7	4.660	0.000
released	hadur	400-600	0.50-1.00	600-1000	hit	9	5.660	22.640
released	hadur	400-600	0.50-1.00	600-1000	miss	71	46.080	0.000
released	hadur	400-600	1.00-1.70	300-400	destroyed	3	3.330	0.000
released	hadur	400-600	1.00-1.70	300-400	hit	2	2.030	8.180
released	hadur	400-600	1.00-1.70	300-400	miss	5	6.270	0.000
released	hadur	400-600	1.00-1.70	400-500	destroyed	7	8.240	0.000
released	hadur	400-600	1.00-1.70	400-500	hit	2	2.640	11.840
released	hadur	400-600	1.00-1.70	400-500	miss	44	52.840	0.000
released	hadur	400-600	1.00-1.70	500-600	destroyed	12	15.350	0.000
released	hadur	400-600	1.00-1.70	500-600	hit	6	7.430	32.580
released	hadur	400-600	1.00-1.70	500-600	miss	99	124.140	0.000
released	hadur	400-600	1.00-1.70	600-1000	destroyed	1	1.450	0.000
released	hadur	400-600	1.00-1.70	600-1000	miss	7	9.300	0.000
released	hadur	400-600	1.70-2.20	0-200	miss	1	1.950	0.000
released	hadur	400-600	1.70-2.20	200-300	destroyed	2	3.900	0.000
released	hadur	400-600	1.70-2.20	200-300	miss	11	21.450	0.000
released	hadur	400-600	1.70-2.20	300-400	destroyed	4	7.800	0.000
released	hadur	400-600	1.70-2.20	300-400	hit	5	9.680	48.080
released	hadur	400-600	1.70-2.20	300-400	miss	30	58.370	0.000
released	hadur	400-600	1.70-2.20	400-500	destroyed	47	91.430	0.000
released	hadur	400-600	1.70-2.20	400-500	hit	29	56.300	279.800
released	hadur	400-600	1.70-2.20	400-500	miss	304	591.390	0.000
released	hadur	400-600	1.70-2.20	500-600	destroyed	73	142.090	0.000
released	hadur	400-600	1.70-2.20	500-600	hit	42	81.660	405.960
released	hadur	400-600	1.70-2.20	500-600	miss	588	1144.110	0.000
released	hadur	400-600	1.70-2.20	600-1000	destroyed	13	25.160	0.000
released	hadur	400-600	1.70-2.20	600-1000	hit	11	21.420	106.520
released	hadur	400-600	1.70-2.20	600-1000	miss	114	221.950	0.000
released	hadur	600-800	0.10-0.20	300-400	destroyed	8	1.260	0.000
released	hadur	600-800	0.10-0.20	300-400	hit	7	0.860	3.440
released	hadur	600-800	0.10-0.20	300-400	miss	39	5.750	0.000
released	hadur	600-800	0.10-0.20	400-500	destroyed	63	10.170	0.000
released	hadur	600-800	0.10-0.20	400-500	hit	28	4.530	18.120
released	hadur	600-800	0.10-0.20	400-500	miss	310	50.010	0.000
released	hadur	600-800	0.10-0.20	500-600	destroyed	68	11.360	0.000
released	hadur	600-800	0.10-0.20	500-600	hit	38	6.320	25.280
released	hadur	600-800	0.10-0.20	500-600	miss	415	67.060	0.000
released	hadur	600-800	0.10-0.20	500-600	open	1	0.100	0.000
released	hadur	600-800	0.10-0.20	600-1000	destroyed	5	0.880	0.000
released	hadur	600-800	0.10-0.20	600-1000	hit	3	0.520	2.080
released	hadur	600-800	0.10-0.20	600-1000	miss	25	4.370	0.000
released	hadur	600-800	0.20-0.50	300-400	destroyed	14	3.910	0.000
released	hadur	600-800	0.20-0.50	300-400	hit	22	5.910	23.640
released	hadur	600-800	0.20-0.50	300-400	miss	133	36.200	0.000
released	hadur	600-800	0.20-0.50	400-500	destroyed	234	65.660	0.000
released	hadur	600-800	0.20-0.50	400-500	hit	126	36.180	144.720
released	hadur	600-800	0.20-0.50	400-500	miss	1315	367.260	0.000
released	hadur	600-800	0.20-0.50	500-600	destroyed	268	75.100	0.000
released	hadur	600-800	0.20-0.50	500-600	hit	173	50.900	203.600
released	hadur	600-800	0.20-0.50	500-600	miss	1750	488.020	0.000
released	hadur	600-800	0.20-0.50	600-1000	destroyed	27	7.810	0.000
released	hadur	600-800	0.20-0.50	600-1000	hit	13	3.910	15.640
released	hadur	600-800	0.20-0.50	600-1000	miss	173	51.420	0.000
released	hadur	600-800	0.50-1.00	300-400	destroyed	1	0.830	0.000
released	hadur	600-800	0.50-1.00	300-400	hit	1	0.600	2.400
released	hadur	600-800	0.50-1.00	300-400	miss	11	8.090	0.000
released	hadur	600-800	0.50-1.00	400-500	destroyed	15	9.620	0.000
released	hadur	600-800	0.50-1.00	400-500	hit	5	3.740	14.960
released	hadur	600-800	0.50-1.00	400-500	miss	103	73.110	0.000
released	hadur	600-800	0.50-1.00	500-600	destroyed	27	18.780	0.000
released	hadur	600-800	0.50-1.00	500-600	hit	12	8.500	34.000
released	hadur	600-800	0.50-1.00	500-600	miss	203	146.070	0.000
released	hadur	600-800	0.50-1.00	600-1000	destroyed	3	2.250	0.000
released	hadur	600-800	0.50-1.00	600-1000	miss	22	15.010	0.000
released	hadur	600-800	1.00-1.70	300-400	destroyed	2	2.110	0.000
released	hadur	600-800	1.00-1.70	300-400	miss	8	11.090	0.000
released	hadur	600-800	1.00-1.70	400-500	destroyed	10	13.290	0.000
released	hadur	600-800	1.00-1.70	400-500	hit	6	8.480	38.880
released	hadur	600-800	1.00-1.70	400-500	miss	59	74.360	0.000
released	hadur	600-800	1.00-1.70	400-500	open	1	1.220	0.000
released	hadur	600-800	1.00-1.70	500-600	destroyed	8	10.770	0.000
released	hadur	600-800	1.00-1.70	500-600	hit	12	15.810	70.860
released	hadur	600-800	1.00-1.70	500-600	miss	122	162.180	0.000
released	hadur	600-800	1.00-1.70	600-1000	destroyed	2	2.830	0.000
released	hadur	600-800	1.00-1.70	600-1000	hit	1	1.130	4.780
released	hadur	600-800	1.00-1.70	600-1000	miss	23	30.210	0.000
released	hadur	600-800	1.70-2.20	200-300	destroyed	2	3.900	0.000
released	hadur	600-800	1.70-2.20	200-300	hit	1	1.950	9.700
released	hadur	600-800	1.70-2.20	200-300	miss	12	23.400	0.000
released	hadur	600-800	1.70-2.20	300-400	destroyed	4	7.800	0.000
released	hadur	600-800	1.70-2.20	300-400	miss	6	11.510	0.000
released	hadur	600-800	1.70-2.20	400-500	destroyed	14	27.140	0.000
released	hadur	600-800	1.70-2.20	400-500	hit	3	5.850	29.100
released	hadur	600-800	1.70-2.20	400-500	miss	70	134.180	0.000
released	hadur	600-800	1.70-2.20	500-600	destroyed	10	19.410	0.000
released	hadur	600-800	1.70-2.20	500-600	hit	7	13.370	66.220
released	hadur	600-800	1.70-2.20	500-600	miss	91	174.640	0.000
released	hadur	600-800	1.70-2.20	600-1000	destroyed	1	1.950	0.000
released	hadur	600-800	1.70-2.20	600-1000	miss	9	17.140	0.000
released	hadur	600-800	2.20-3.00	500-600	miss	1	2.940	0.000
released	hadur	800-1000	0.10-0.20	300-400	destroyed	26	3.420	0.000
released	hadur	800-1000	0.10-0.20	300-400	hit	22	3.030	12.120
released	hadur	800-1000	0.10-0.20	300-400	miss	128	17.820	0.000
released	hadur	800-1000	0.10-0.20	400-500	destroyed	235	36.290	0.000
released	hadur	800-1000	0.10-0.20	400-500	hit	145	21.600	86.400
released	hadur	800-1000	0.10-0.20	400-500	miss	1308	194.270	0.000
released	hadur	800-1000	0.10-0.20	500-600	destroyed	272	41.190	0.000
released	hadur	800-1000	0.10-0.20	500-600	hit	166	25.360	101.440
released	hadur	800-1000	0.10-0.20	500-600	miss	1805	272.030	0.000
released	hadur	800-1000	0.10-0.20	600-1000	destroyed	16	2.470	0.000
released	hadur	800-1000	0.10-0.20	600-1000	hit	11	1.780	7.120
released	hadur	800-1000	0.10-0.20	600-1000	miss	160	24.490	0.000
released	hadur	800-1000	0.10-0.20	600-1000	open	1	0.170	0.000
released	hadur	800-1000	0.20-0.50	300-400	destroyed	12	2.820	0.000
released	hadur	800-1000	0.20-0.50	300-400	hit	11	3.170	12.680
released	hadur	800-1000	0.20-0.50	300-400	miss	58	14.570	0.000
released	hadur	800-1000	0.20-0.50	400-500	destroyed	102	26.730	0.000
released	hadur	800-1000	0.20-0.50	400-500	hit	60	14.860	59.440
released	hadur	800-1000	0.20-0.50	400-500	miss	547	138.070	0.000
released	hadur	800-1000	0.20-0.50	500-600	destroyed	107	26.350	0.000
released	hadur	800-1000	0.20-0.50	500-600	hit	67	16.350	65.400
released	hadur	800-1000	0.20-0.50	500-600	miss	656	166.960	0.000
released	hadur	800-1000	0.20-0.50	600-1000	destroyed	10	2.800	0.000
released	hadur	800-1000	0.20-0.50	600-1000	hit	5	1.380	5.520
released	hadur	800-1000	0.20-0.50	600-1000	miss	69	17.950	0.000
released	hadur	800-1000	0.50-1.00	300-400	destroyed	1	0.720	0.000
released	hadur	800-1000	0.50-1.00	300-400	hit	1	0.580	2.320
released	hadur	800-1000	0.50-1.00	300-400	miss	5	3.060	0.000
released	hadur	800-1000	0.50-1.00	400-500	destroyed	7	4.330	0.000
released	hadur	800-1000	0.50-1.00	400-500	hit	7	4.720	18.880
released	hadur	800-1000	0.50-1.00	400-500	miss	35	21.460	0.000
released	hadur	800-1000	0.50-1.00	500-600	destroyed	7	4.740	0.000
released	hadur	800-1000	0.50-1.00	500-600	hit	3	1.780	7.120
released	hadur	800-1000	0.50-1.00	500-600	miss	73	46.870	0.000
released	hadur	800-1000	0.50-1.00	500-600	open	2	1.300	0.000
released	hadur	800-1000	0.50-1.00	600-1000	destroyed	1	0.820	0.000
released	hadur	800-1000	0.50-1.00	600-1000	hit	1	0.630	2.520
released	hadur	800-1000	0.50-1.00	600-1000	miss	19	12.020	0.000
released	hadur	800-1000	1.00-1.70	500-600	miss	15	19.580	0.000
released	hadur	800-1000	1.00-1.70	500-600	open	2	2.940	0.000
released	hadur	800-1000	1.00-1.70	600-1000	miss	1	1.150	0.000
released	hadur	800-1000	1.70-2.20	200-300	destroyed	1	1.950	0.000
released	hadur	800-1000	1.70-2.20	200-300	miss	4	7.800	0.000
released	hadur	800-1000	1.70-2.20	300-400	destroyed	2	3.900	0.000
released	hadur	800-1000	1.70-2.20	300-400	miss	4	7.800	0.000
lead-aware	drussgt	0-200	0.10-0.20	300-400	miss	10	1.500	0.000
lead-aware	drussgt	0-200	0.10-0.20	400-500	destroyed	2	0.300	0.000
lead-aware	drussgt	0-200	0.10-0.20	400-500	hit	2	0.300	1.200
lead-aware	drussgt	0-200	0.10-0.20	400-500	miss	24	3.600	0.000
lead-aware	drussgt	0-200	0.10-0.20	500-600	destroyed	4	0.600	0.000
lead-aware	drussgt	0-200	0.10-0.20	500-600	hit	2	0.300	1.200
lead-aware	drussgt	0-200	0.10-0.20	500-600	miss	29	4.350	0.000
lead-aware	drussgt	0-200	0.10-0.20	600-1000	miss	3	0.450	0.000
lead-aware	drussgt	0-200	0.50-1.00	300-400	miss	2	1.900	0.000
lead-aware	drussgt	0-200	1.00-1.70	200-300	miss	3	3.760	0.000
lead-aware	drussgt	0-200	1.00-1.70	300-400	destroyed	6	8.480	0.000
lead-aware	drussgt	0-200	1.00-1.70	300-400	hit	2	2.300	9.800
lead-aware	drussgt	0-200	1.00-1.70	300-400	miss	12	14.940	0.000
lead-aware	drussgt	0-200	1.00-1.70	400-500	destroyed	8	11.260	0.000
lead-aware	drussgt	0-200	1.00-1.70	400-500	hit	1	1.150	4.900
lead-aware	drussgt	0-200	1.00-1.70	400-500	miss	27	34.950	0.000
lead-aware	drussgt	0-200	1.00-1.70	500-600	destroyed	3	4.170	0.000
lead-aware	drussgt	0-200	1.00-1.70	500-600	hit	2	2.300	9.800
lead-aware	drussgt	0-200	1.00-1.70	500-600	miss	25	28.750	0.000
lead-aware	drussgt	0-200	1.70-2.20	0-200	miss	1	1.950	0.000
lead-aware	drussgt	0-200	1.70-2.20	200-300	hit	2	3.900	19.400
lead-aware	drussgt	0-200	1.70-2.20	200-300	miss	21	40.720	0.000
lead-aware	drussgt	0-200	1.70-2.20	300-400	destroyed	39	75.000	0.000
lead-aware	drussgt	0-200	1.70-2.20	300-400	hit	27	52.650	261.900
lead-aware	drussgt	0-200	1.70-2.20	300-400	miss	368	717.600	0.000
lead-aware	drussgt	0-200	1.70-2.20	400-500	destroyed	178	346.720	0.000
lead-aware	drussgt	0-200	1.70-2.20	400-500	hit	129	251.550	1251.300
lead-aware	drussgt	0-200	1.70-2.20	400-500	miss	1519	2961.200	0.000
lead-aware	drussgt	0-200	1.70-2.20	500-600	destroyed	121	235.950	0.000
lead-aware	drussgt	0-200	1.70-2.20	500-600	hit	102	198.900	989.400
lead-aware	drussgt	0-200	1.70-2.20	500-600	miss	1335	2602.880	0.000
lead-aware	drussgt	0-200	1.70-2.20	600-1000	destroyed	22	42.900	0.000
lead-aware	drussgt	0-200	1.70-2.20	600-1000	hit	13	25.350	126.100
lead-aware	drussgt	0-200	1.70-2.20	600-1000	miss	198	386.100	0.000
lead-aware	drussgt	0-200	2.20-3.00	300-400	destroyed	2	4.500	0.000
lead-aware	drussgt	0-200	2.20-3.00	300-400	miss	1	2.240	0.000
lead-aware	drussgt	0-200	2.20-3.00	400-500	destroyed	1	2.240	0.000
lead-aware	drussgt	0-200	2.20-3.00	400-500	miss	4	10.010	0.000
lead-aware	drussgt	1000+	0.10-0.20	0-200	destroyed	1	0.150	0.000
lead-aware	drussgt	1000+	0.10-0.20	0-200	hit	5	0.750	3.000
lead-aware	drussgt	1000+	0.10-0.20	0-200	miss	12	1.800	0.000
lead-aware	drussgt	1000+	0.10-0.20	200-300	destroyed	52	7.800	0.000
lead-aware	drussgt	1000+	0.10-0.20	200-300	hit	80	12.000	48.000
lead-aware	drussgt	1000+	0.10-0.20	200-300	miss	236	35.400	0.000
lead-aware	drussgt	1000+	0.10-0.20	300-400	destroyed	521	78.150	0.000
lead-aware	drussgt	1000+	0.10-0.20	300-400	hit	460	69.000	276.000
lead-aware	drussgt	1000+	0.10-0.20	300-400	miss	2454	368.100	0.000
lead-aware	drussgt	1000+	0.10-0.20	400-500	destroyed	3669	550.350	0.000
lead-aware	drussgt	1000+	0.10-0.20	400-500	hit	2900	435.000	1740.000
lead-aware	drussgt	1000+	0.10-0.20	400-500	miss	21220	3183.000	0.000
lead-aware	drussgt	1000+	0.10-0.20	500-600	destroyed	4037	605.550	0.000
lead-aware	drussgt	1000+	0.10-0.20	500-600	hit	3219	482.850	1931.400
lead-aware	drussgt	1000+	0.10-0.20	500-600	miss	25877	3881.550	0.000
lead-aware	drussgt	1000+	0.10-0.20	600-1000	destroyed	221	33.150	0.000
lead-aware	drussgt	1000+	0.10-0.20	600-1000	hit	170	25.500	102.000
lead-aware	drussgt	1000+	0.10-0.20	600-1000	miss	1687	253.050	0.000
lead-aware	drussgt	1000+	0.20-0.50	400-500	destroyed	1	0.250	0.000
lead-aware	drussgt	1000+	0.20-0.50	400-500	hit	1	0.250	1.000
lead-aware	drussgt	1000+	0.20-0.50	400-500	miss	9	2.650	0.000
lead-aware	drussgt	1000+	0.20-0.50	500-600	hit	1	0.250	1.000
lead-aware	drussgt	1000+	0.20-0.50	500-600	miss	13	4.250	0.000
lead-aware	drussgt	1000+	0.50-1.00	300-400	hit	1	0.950	3.800
lead-aware	drussgt	1000+	0.50-1.00	300-400	miss	1	0.950	0.000
lead-aware	drussgt	1000+	0.50-1.00	400-500	destroyed	3	2.450	0.000
lead-aware	drussgt	1000+	0.50-1.00	400-500	hit	3	2.750	11.000
lead-aware	drussgt	1000+	0.50-1.00	400-500	miss	11	10.150	0.000
lead-aware	drussgt	1000+	0.50-1.00	500-600	destroyed	3	2.250	0.000
lead-aware	drussgt	1000+	0.50-1.00	500-600	hit	5	4.450	17.800
lead-aware	drussgt	1000+	0.50-1.00	500-600	miss	25	20.750	0.000
lead-aware	drussgt	1000+	0.50-1.00	600-1000	miss	3	2.850	0.000
lead-aware	drussgt	1000+	1.00-1.70	400-500	destroyed	3	3.450	0.000
lead-aware	drussgt	1000+	1.00-1.70	400-500	hit	2	2.300	9.800
lead-aware	drussgt	1000+	1.00-1.70	400-500	miss	13	14.950	0.000
lead-aware	drussgt	1000+	1.00-1.70	500-600	destroyed	5	5.750	0.000
lead-aware	drussgt	1000+	1.00-1.70	500-600	miss	26	29.900	0.000
lead-aware	drussgt	1000+	1.00-1.70	600-1000	hit	1	1.150	4.900
lead-aware	drussgt	1000+	1.00-1.70	600-1000	miss	4	4.600	0.000
lead-aware	drussgt	1000+	1.70-2.20	400-500	hit	1	1.950	9.700
lead-aware	drussgt	1000+	1.70-2.20	400-500	miss	3	5.850	0.000
lead-aware	drussgt	200-400	0.10-0.20	200-300	destroyed	2	0.300	0.000
lead-aware	drussgt	200-400	0.10-0.20	200-300	hit	5	0.750	3.000
lead-aware	drussgt	200-400	0.10-0.20	200-300	miss	8	1.200	0.000
lead-aware	drussgt	200-400	0.10-0.20	300-400	destroyed	28	4.200	0.000
lead-aware	drussgt	200-400	0.10-0.20	300-400	hit	21	3.150	12.600
lead-aware	drussgt	200-400	0.10-0.20	300-400	miss	123	18.450	0.000
lead-aware	drussgt	200-400	0.10-0.20	400-500	destroyed	142	21.300	0.000
lead-aware	drussgt	200-400	0.10-0.20	400-500	hit	136	20.400	81.600
lead-aware	drussgt	200-400	0.10-0.20	400-500	miss	778	116.700	0.000
lead-aware	drussgt	200-400	0.10-0.20	500-600	destroyed	163	24.450	0.000
lead-aware	drussgt	200-400	0.10-0.20	500-600	hit	134	20.100	80.400
lead-aware	drussgt	200-400	0.10-0.20	500-600	miss	1064	159.600	0.000
lead-aware	drussgt	200-400	0.10-0.20	600-1000	destroyed	35	5.250	0.000
lead-aware	drussgt	200-400	0.10-0.20	600-1000	hit	24	3.600	14.400
lead-aware	drussgt	200-400	0.10-0.20	600-1000	miss	175	26.250	0.000
lead-aware	drussgt	200-400	0.50-1.00	200-300	miss	3	2.650	0.000
lead-aware	drussgt	200-400	0.50-1.00	300-400	hit	2	1.800	7.200
lead-aware	drussgt	200-400	0.50-1.00	300-400	miss	12	10.300	0.000
lead-aware	drussgt	200-400	0.50-1.00	400-500	destroyed	6	4.900	0.000
lead-aware	drussgt	200-400	0.50-1.00	400-500	hit	4	3.500	14.000
lead-aware	drussgt	200-400	0.50-1.00	400-500	miss	29	24.750	0.000
lead-aware	drussgt	200-400	0.50-1.00	500-600	destroyed	3	2.350	0.000
lead-aware	drussgt	200-400	0.50-1.00	500-600	hit	4	3.400	13.600
lead-aware	drussgt	200-400	0.50-1.00	500-600	miss	33	28.050	0.000
lead-aware	drussgt	200-400	0.50-1.00	600-1000	miss	1	0.950	0.000
lead-aware	drussgt	200-400	1.00-1.70	400-500	destroyed	10	11.500	0.000
lead-aware	drussgt	200-400	1.00-1.70	400-500	hit	6	6.900	29.400
lead-aware	drussgt	200-400	1.00-1.70	400-500	miss	70	80.500	0.000
lead-aware	drussgt	200-400	1.00-1.70	500-600	destroyed	13	14.950	0.000
lead-aware	drussgt	200-400	1.00-1.70	500-600	hit	7	8.050	34.300
lead-aware	drussgt	200-400	1.00-1.70	500-600	miss	144	165.600	0.000
lead-aware	drussgt	200-400	1.00-1.70	600-1000	destroyed	1	1.150	0.000
lead-aware	drussgt	200-400	1.00-1.70	600-1000	hit	2	2.300	9.800
lead-aware	drussgt	200-400	1.00-1.70	600-1000	miss	21	24.150	0.000
lead-aware	drussgt	200-400	1.70-2.20	200-300	destroyed	1	1.950	0.000
lead-aware	drussgt	200-400	1.70-2.20	200-300	miss	2	3.900	0.000
lead-aware	drussgt	200-400	1.70-2.20	300-400	destroyed	6	11.700	0.000
lead-aware	drussgt	200-400	1.70-2.20	300-400	hit	12	23.400	116.400
lead-aware	drussgt	200-400	1.70-2.20	300-400	miss	53	103.350	0.000
lead-aware	drussgt	200-400	1.70-2.20	400-500	destroyed	78	152.100	0.000
lead-aware	drussgt	200-400	1.70-2.20	400-500	hit	60	117.000	582.000
lead-aware	drussgt	200-400	1.70-2.20	400-500	miss	596	1162.200	0.000
lead-aware	drussgt	200-400	1.70-2.20	500-600	destroyed	125	243.750	0.000
lead-aware	drussgt	200-400	1.70-2.20	500-600	hit	93	181.350	902.100
lead-aware	drussgt	200-400	1.70-2.20	500-600	miss	1160	2262.000	0.000
lead-aware	drussgt	200-400	1.70-2.20	600-1000	destroyed	17	33.150	0.000
lead-aware	drussgt	200-400	1.70-2.20	600-1000	hit	17	33.150	164.900
lead-aware	drussgt	200-400	1.70-2.20	600-1000	miss	205	399.750	0.000
lead-aware	drussgt	400-600	0.10-0.20	200-300	destroyed	6	0.900	0.000
lead-aware	drussgt	400-600	0.10-0.20	200-300	hit	8	1.200	4.800
lead-aware	drussgt	400-600	0.10-0.20	200-300	miss	24	3.600	0.000
lead-aware	drussgt	400-600	0.10-0.20	300-400	destroyed	41	6.150	0.000
lead-aware	drussgt	400-600	0.10-0.20	300-400	hit	35	5.250	21.000
lead-aware	drussgt	400-600	0.10-0.20	300-400	miss	191	28.650	0.000
lead-aware	drussgt	400-600	0.10-0.20	400-500	destroyed	279	41.850	0.000
lead-aware	drussgt	400-600	0.10-0.20	400-500	hit	199	29.850	119.400
lead-aware	drussgt	400-600	0.10-0.20	400-500	miss	1579	236.850	0.000
lead-aware	drussgt	400-600	0.10-0.20	500-600	destroyed	285	42.750	0.000
lead-aware	drussgt	400-600	0.10-0.20	500-600	hit	217	32.550	130.200
lead-aware	drussgt	400-600	0.10-0.20	500-600	miss	1780	267.000	0.000
lead-aware	drussgt	400-600	0.10-0.20	600-1000	destroyed	39	5.850	0.000
lead-aware	drussgt	400-600	0.10-0.20	600-1000	hit	34	5.100	20.400
lead-aware	drussgt	400-600	0.10-0.20	600-1000	miss	225	33.750	0.000
lead-aware	drussgt	400-600	0.20-0.50	300-400	hit	2	0.900	3.600
lead-aware	drussgt	400-600	0.20-0.50	300-400	miss	5	2.250	0.000
lead-aware	drussgt	400-600	0.20-0.50	400-500	destroyed	2	0.900	0.000
lead-aware	drussgt	400-600	0.20-0.50	400-500	hit	2	0.900	3.600
lead-aware	drussgt	400-600	0.20-0.50	400-500	miss	21	9.250	0.000
lead-aware	drussgt	400-600	0.20-0.50	500-600	destroyed	1	0.450	0.000
lead-aware	drussgt	400-600	0.20-0.50	500-600	miss	5	2.250	0.000
lead-aware	drussgt	400-600	0.50-1.00	300-400	destroyed	1	0.850	0.000
lead-aware	drussgt	400-600	0.50-1.00	300-400	hit	7	5.750	23.000
lead-aware	drussgt	400-600	0.50-1.00	300-400	miss	7	5.650	0.000
lead-aware	drussgt	400-600	0.50-1.00	400-500	destroyed	4	3.100	0.000
lead-aware	drussgt	400-600	0.50-1.00	400-500	hit	9	7.350	29.400
lead-aware	drussgt	400-600	0.50-1.00	400-500	miss	42	33.700	0.000
lead-aware	drussgt	400-600	0.50-1.00	500-600	destroyed	11	9.150	0.000
lead-aware	drussgt	400-600	0.50-1.00	500-600	hit	4	3.200	12.800
lead-aware	drussgt	400-600	0.50-1.00	500-600	miss	75	56.250	0.000
lead-aware	drussgt	400-600	0.50-1.00	600-1000	miss	7	5.750	0.000
lead-aware	drussgt	400-600	1.00-1.70	200-300	miss	1	1.150	0.000
lead-aware	drussgt	400-600	1.00-1.70	300-400	hit	1	1.150	4.900
lead-aware	drussgt	400-600	1.00-1.70	300-400	miss	3	3.450	0.000
lead-aware	drussgt	400-600	1.00-1.70	400-500	destroyed	22	25.300	0.000
lead-aware	drussgt	400-600	1.00-1.70	400-500	hit	21	24.150	102.900
lead-aware	drussgt	400-600	1.00-1.70	400-500	miss	122	140.300	0.000
lead-aware	drussgt	400-600	1.00-1.70	500-600	destroyed	13	14.950	0.000
lead-aware	drussgt	400-600	1.00-1.70	500-600	hit	16	18.400	78.400
lead-aware	drussgt	400-600	1.00-1.70	500-600	miss	200	230.000	0.000
lead-aware	drussgt	400-600	1.00-1.70	600-1000	destroyed	1	1.150	0.000
lead-aware	drussgt	400-600	1.00-1.70	600-1000	hit	3	3.450	14.700
lead-aware	drussgt	400-600	1.00-1.70	600-1000	miss	18	20.700	0.000
lead-aware	drussgt	400-600	1.70-2.20	300-400	destroyed	2	3.900	0.000
lead-aware	drussgt	400-600	1.70-2.20	300-400	hit	1	1.950	9.700
lead-aware	drussgt	400-600	1.70-2.20	300-400	miss	1	1.950	0.000
lead-aware	drussgt	400-600	1.70-2.20	400-500	destroyed	11	21.450	0.000
lead-aware	drussgt	400-600	1.70-2.20	400-500	hit	7	13.650	67.900
lead-aware	drussgt	400-600	1.70-2.20	400-500	miss	125	243.750	0.000
lead-aware	drussgt	400-600	1.70-2.20	500-600	destroyed	22	42.900	0.000
lead-aware	drussgt	400-600	1.70-2.20	500-600	hit	22	42.900	213.400
lead-aware	drussgt	400-600	1.70-2.20	500-600	miss	196	382.200	0.000
lead-aware	drussgt	400-600	1.70-2.20	600-1000	destroyed	6	11.700	0.000
lead-aware	drussgt	400-600	1.70-2.20	600-1000	hit	2	3.900	19.400
lead-aware	drussgt	400-600	1.70-2.20	600-1000	miss	51	99.450	0.000
lead-aware	drussgt	600-800	0.10-0.20	200-300	destroyed	5	0.750	0.000
lead-aware	drussgt	600-800	0.10-0.20	200-300	hit	3	0.450	1.800
lead-aware	drussgt	600-800	0.10-0.20	200-300	miss	10	1.500	0.000
lead-aware	drussgt	600-800	0.10-0.20	300-400	destroyed	41	6.150	0.000
lead-aware	drussgt	600-800	0.10-0.20	300-400	hit	34	5.100	20.400
lead-aware	drussgt	600-800	0.10-0.20	300-400	miss	229	34.350	0.000
lead-aware	drussgt	600-800	0.10-0.20	400-500	destroyed	356	53.400	0.000
lead-aware	drussgt	600-800	0.10-0.20	400-500	hit	241	36.150	144.600
lead-aware	drussgt	600-800	0.10-0.20	400-500	miss	1778	266.700	0.000
lead-aware	drussgt	600-800	0.10-0.20	500-600	destroyed	357	53.550	0.000
lead-aware	drussgt	600-800	0.10-0.20	500-600	hit	255	38.250	153.000
lead-aware	drussgt	600-800	0.10-0.20	500-600	miss	2314	347.100	0.000
lead-aware	drussgt	600-800	0.10-0.20	600-1000	destroyed	23	3.450	0.000
lead-aware	drussgt	600-800	0.10-0.20	600-1000	hit	23	3.450	13.800
lead-aware	drussgt	600-800	0.10-0.20	600-1000	miss	201	30.150	0.000
lead-aware	drussgt	600-800	0.20-0.50	300-400	destroyed	3	1.050	0.000
lead-aware	drussgt	600-800	0.20-0.50	300-400	hit	4	1.500	6.000
lead-aware	drussgt	600-800	0.20-0.50	300-400	miss	8	2.700	0.000
lead-aware	drussgt	600-800	0.20-0.50	400-500	destroyed	1	0.350	0.000
lead-aware	drussgt	600-800	0.20-0.50	400-500	hit	5	1.950	7.800
lead-aware	drussgt	600-800	0.20-0.50	400-500	miss	27	10.950	0.000
lead-aware	drussgt	600-800	0.20-0.50	500-600	destroyed	6	2.600	0.000
lead-aware	drussgt	600-800	0.20-0.50	500-600	hit	4	1.600	6.400
lead-aware	drussgt	600-800	0.20-0.50	500-600	miss	21	8.350	0.000
lead-aware	drussgt	600-800	0.20-0.50	600-1000	hit	2	0.800	3.200
lead-aware	drussgt	600-800	0.20-0.50	600-1000	miss	9	3.750	0.000
lead-aware	drussgt	600-800	0.50-1.00	300-400	destroyed	1	0.850	0.000
lead-aware	drussgt	600-800	0.50-1.00	300-400	miss	5	4.150	0.000
lead-aware	drussgt	600-800	0.50-1.00	400-500	destroyed	1	0.850	0.000
lead-aware	drussgt	600-800	0.50-1.00	400-500	hit	3	2.450	9.800
lead-aware	drussgt	600-800	0.50-1.00	400-500	miss	17	14.150	0.000
lead-aware	drussgt	600-800	0.50-1.00	500-600	destroyed	2	1.300	0.000
lead-aware	drussgt	600-800	0.50-1.00	500-600	miss	13	9.350	0.000
lead-aware	drussgt	600-800	1.00-1.70	300-400	miss	4	4.600	0.000
lead-aware	drussgt	600-800	1.00-1.70	400-500	destroyed	7	8.050	0.000
lead-aware	drussgt	600-800	1.00-1.70	400-500	hit	4	4.600	19.600
lead-aware	drussgt	600-800	1.00-1.70	400-500	miss	24	27.600	0.000
lead-aware	drussgt	600-800	1.00-1.70	500-600	destroyed	1	1.150	0.000
lead-aware	drussgt	600-800	1.00-1.70	500-600	hit	3	3.450	14.700
lead-aware	drussgt	600-800	1.00-1.70	500-600	miss	29	33.350	0.000
lead-aware	drussgt	600-800	1.00-1.70	600-1000	destroyed	1	1.150	0.000
lead-aware	drussgt	600-800	1.00-1.70	600-1000	hit	1	1.150	4.900
lead-aware	drussgt	600-800	1.00-1.70	600-1000	miss	3	3.450	0.000
lead-aware	drussgt	600-800	1.70-2.20	300-400	hit	1	1.950	9.700
lead-aware	drussgt	600-800	1.70-2.20	300-400	miss	2	3.900	0.000
lead-aware	drussgt	600-800	1.70-2.20	400-500	destroyed	1	1.950	0.000
lead-aware	drussgt	600-800	1.70-2.20	400-500	miss	11	21.450	0.000
lead-aware	drussgt	600-800	1.70-2.20	500-600	hit	1	1.950	9.700
lead-aware	drussgt	600-800	1.70-2.20	500-600	miss	11	21.450	0.000
lead-aware	drussgt	800-1000	0.10-0.20	200-300	destroyed	4	0.600	0.000
lead-aware	drussgt	800-1000	0.10-0.20	200-300	hit	4	0.600	2.400
lead-aware	drussgt	800-1000	0.10-0.20	200-300	miss	12	1.800	0.000
lead-aware	drussgt	800-1000	0.10-0.20	300-400	destroyed	53	7.950	0.000
lead-aware	drussgt	800-1000	0.10-0.20	300-400	hit	36	5.400	21.600
lead-aware	drussgt	800-1000	0.10-0.20	300-400	miss	187	28.050	0.000
lead-aware	drussgt	800-1000	0.10-0.20	400-500	destroyed	369	55.350	0.000
lead-aware	drussgt	800-1000	0.10-0.20	400-500	hit	260	39.000	156.000
lead-aware	drussgt	800-1000	0.10-0.20	400-500	miss	1828	274.200	0.000
lead-aware	drussgt	800-1000	0.10-0.20	500-600	destroyed	345	51.750	0.000
lead-aware	drussgt	800-1000	0.10-0.20	500-600	hit	268	40.200	160.800
lead-aware	drussgt	800-1000	0.10-0.20	500-600	miss	2237	335.550	0.000
lead-aware	drussgt	800-1000	0.10-0.20	600-1000	destroyed	29	4.350	0.000
lead-aware	drussgt	800-1000	0.10-0.20	600-1000	hit	22	3.300	13.200
lead-aware	drussgt	800-1000	0.10-0.20	600-1000	miss	182	27.300	0.000
lead-aware	drussgt	800-1000	0.20-0.50	300-400	destroyed	1	0.250	0.000
lead-aware	drussgt	800-1000	0.20-0.50	300-400	miss	3	1.050	0.000
lead-aware	drussgt	800-1000	0.20-0.50	400-500	destroyed	3	1.050	0.000
lead-aware	drussgt	800-1000	0.20-0.50	400-500	hit	2	0.500	2.000
lead-aware	drussgt	800-1000	0.20-0.50	400-500	miss	33	9.350	0.000
lead-aware	drussgt	800-1000	0.20-0.50	500-600	destroyed	7	2.050	0.000
lead-aware	drussgt	800-1000	0.20-0.50	500-600	hit	2	0.600	2.400
lead-aware	drussgt	800-1000	0.20-0.50	500-600	miss	34	10.100	0.000
lead-aware	drussgt	800-1000	0.50-1.00	400-500	miss	2	1.900	0.000
lead-aware	drussgt	800-1000	0.50-1.00	500-600	destroyed	1	0.850	0.000
lead-aware	drussgt	800-1000	0.50-1.00	500-600	miss	5	4.150	0.000
lead-aware	drussgt	800-1000	0.50-1.00	600-1000	destroyed	1	0.850	0.000
lead-aware	drussgt	800-1000	0.50-1.00	600-1000	miss	1	0.850	0.000
lead-aware	drussgt	800-1000	1.00-1.70	400-500	destroyed	3	3.450	0.000
lead-aware	drussgt	800-1000	1.00-1.70	400-500	hit	2	2.300	9.800
lead-aware	drussgt	800-1000	1.00-1.70	400-500	miss	15	17.250	0.000
lead-aware	drussgt	800-1000	1.00-1.70	500-600	destroyed	3	3.450	0.000
lead-aware	drussgt	800-1000	1.00-1.70	500-600	hit	1	1.150	4.900
lead-aware	drussgt	800-1000	1.00-1.70	500-600	miss	23	26.450	0.000
lead-aware	drussgt	800-1000	1.70-2.20	300-400	hit	1	1.950	9.700
lead-aware	drussgt	800-1000	1.70-2.20	400-500	miss	6	11.700	0.000
lead-aware	hadur	0-200	0.10-0.20	300-400	destroyed	2	0.200	0.000
lead-aware	hadur	0-200	0.10-0.20	300-400	miss	6	0.600	0.000
lead-aware	hadur	0-200	0.10-0.20	400-500	destroyed	2	0.200	0.000
lead-aware	hadur	0-200	0.10-0.20	400-500	hit	2	0.200	0.800
lead-aware	hadur	0-200	0.10-0.20	400-500	miss	29	2.900	0.000
lead-aware	hadur	0-200	0.10-0.20	500-600	destroyed	3	0.300	0.000
lead-aware	hadur	0-200	0.10-0.20	500-600	hit	3	0.300	1.200
lead-aware	hadur	0-200	0.10-0.20	500-600	miss	42	4.200	0.000
lead-aware	hadur	0-200	0.10-0.20	600-1000	miss	1	0.100	0.000
lead-aware	hadur	0-200	1.00-1.70	300-400	miss	3	3.000	0.000
lead-aware	hadur	0-200	1.00-1.70	400-500	miss	1	1.000	0.000
lead-aware	hadur	0-200	1.00-1.70	500-600	miss	1	1.000	0.000
lead-aware	hadur	0-200	1.70-2.20	200-300	destroyed	1	1.950	0.000
lead-aware	hadur	0-200	1.70-2.20	200-300	hit	7	13.650	67.900
lead-aware	hadur	0-200	1.70-2.20	200-300	miss	19	37.050	0.000
lead-aware	hadur	0-200	1.70-2.20	300-400	destroyed	29	56.550	0.000
lead-aware	hadur	0-200	1.70-2.20	300-400	hit	38	74.100	368.600
lead-aware	hadur	0-200	1.70-2.20	300-400	miss	372	725.400	0.000
lead-aware	hadur	0-200	1.70-2.20	400-500	destroyed	169	329.550	0.000
lead-aware	hadur	0-200	1.70-2.20	400-500	hit	148	288.600	1435.600
lead-aware	hadur	0-200	1.70-2.20	400-500	miss	1527	2977.650	0.000
lead-aware	hadur	0-200	1.70-2.20	500-600	destroyed	126	245.700	0.000
lead-aware	hadur	0-200	1.70-2.20	500-600	hit	97	189.150	940.900
lead-aware	hadur	0-200	1.70-2.20	500-600	miss	1363	2657.850	0.000
lead-aware	hadur	0-200	1.70-2.20	600-1000	destroyed	19	37.050	0.000
lead-aware	hadur	0-200	1.70-2.20	600-1000	hit	15	29.250	145.500
lead-aware	hadur	0-200	1.70-2.20	600-1000	miss	198	386.100	0.000
lead-aware	hadur	0-200	2.20-3.00	300-400	destroyed	17	51.000	0.000
lead-aware	hadur	0-200	2.20-3.00	300-400	hit	4	12.000	64.000
lead-aware	hadur	0-200	2.20-3.00	300-400	miss	1	3.000	0.000
lead-aware	hadur	0-200	2.20-3.00	400-500	destroyed	16	48.000	0.000
lead-aware	hadur	0-200	2.20-3.00	400-500	hit	7	21.000	112.000
lead-aware	hadur	0-200	2.20-3.00	400-500	miss	13	39.000	0.000
lead-aware	hadur	0-200	2.20-3.00	500-600	destroyed	1	3.000	0.000
lead-aware	hadur	0-200	2.20-3.00	500-600	miss	7	21.000	0.000
lead-aware	hadur	0-200	2.20-3.00	600-1000	miss	3	9.000	0.000
lead-aware	hadur	1000+	0.10-0.20	0-200	destroyed	2	0.200	0.000
lead-aware	hadur	1000+	0.10-0.20	0-200	hit	2	0.200	0.800
lead-aware	hadur	1000+	0.10-0.20	0-200	miss	151	15.100	0.000
lead-aware	hadur	1000+	0.10-0.20	200-300	destroyed	52	5.200	0.000
lead-aware	hadur	1000+	0.10-0.20	200-300	hit	37	3.700	14.800
lead-aware	hadur	1000+	0.10-0.20	200-300	miss	328	32.800	0.000
lead-aware	hadur	1000+	0.10-0.20	300-400	destroyed	486	48.600	0.000
lead-aware	hadur	1000+	0.10-0.20	300-400	hit	322	32.200	128.800
lead-aware	hadur	1000+	0.10-0.20	300-400	miss	2655	265.500	0.000
lead-aware	hadur	1000+	0.10-0.20	400-500	destroyed	3716	371.600	0.000
lead-aware	hadur	1000+	0.10-0.20	400-500	hit	2232	223.200	892.800
lead-aware	hadur	1000+	0.10-0.20	400-500	miss	22053	2205.300	0.000
lead-aware	hadur	1000+	0.10-0.20	400-500	open	9	0.900	0.000
lead-aware	hadur	1000+	0.10-0.20	500-600	destroyed	4041	404.100	0.000
lead-aware	hadur	1000+	0.10-0.20	500-600	hit	2633	263.300	1053.200
lead-aware	hadur	1000+	0.10-0.20	500-600	miss	28150	2815.080	0.000
lead-aware	hadur	1000+	0.10-0.20	500-600	open	94	9.400	0.000
lead-aware	hadur	1000+	0.10-0.20	600-1000	destroyed	194	19.400	0.000
lead-aware	hadur	1000+	0.10-0.20	600-1000	hit	149	14.900	59.600
lead-aware	hadur	1000+	0.10-0.20	600-1000	miss	1886	188.600	0.000
lead-aware	hadur	1000+	0.10-0.20	600-1000	open	23	2.300	0.000
lead-aware	hadur	1000+	0.20-0.50	300-400	miss	1	0.440	0.000
lead-aware	hadur	1000+	0.20-0.50	400-500	miss	1	0.490	0.000
lead-aware	hadur	1000+	0.20-0.50	500-600	miss	1	0.210	0.000
lead-aware	hadur	1000+	0.50-1.00	400-500	miss	2	1.350	0.000
lead-aware	hadur	1000+	0.50-1.00	500-600	miss	7	5.200	0.000
lead-aware	hadur	1000+	1.00-1.70	300-400	destroyed	1	1.580	0.000
lead-aware	hadur	1000+	1.00-1.70	400-500	hit	1	1.000	4.000
lead-aware	hadur	1000+	1.00-1.70	400-500	miss	8	8.640	0.000
lead-aware	hadur	1000+	1.00-1.70	500-600	destroyed	2	2.650	0.000
lead-aware	hadur	1000+	1.00-1.70	500-600	hit	2	2.540	11.240
lead-aware	hadur	1000+	1.00-1.70	500-600	miss	10	13.790	0.000
lead-aware	hadur	1000+	1.00-1.70	600-1000	miss	1	1.470	0.000
lead-aware	hadur	1000+	1.70-2.20	200-300	destroyed	2	3.930	0.000
lead-aware	hadur	1000+	1.70-2.20	200-300	miss	1	1.950	0.000
lead-aware	hadur	1000+	1.70-2.20	300-400	destroyed	4	7.800	0.000
lead-aware	hadur	1000+	1.70-2.20	300-400	hit	2	3.900	19.400
lead-aware	hadur	1000+	1.70-2.20	300-400	miss	15	29.250	0.000
lead-aware	hadur	1000+	1.70-2.20	400-500	destroyed	15	29.250	0.000
lead-aware	hadur	1000+	1.70-2.20	400-500	hit	5	9.750	48.500
lead-aware	hadur	1000+	1.70-2.20	400-500	miss	69	134.400	0.000
lead-aware	hadur	1000+	1.70-2.20	500-600	destroyed	18	35.100	0.000
lead-aware	hadur	1000+	1.70-2.20	500-600	hit	20	39.230	195.380
lead-aware	hadur	1000+	1.70-2.20	500-600	miss	129	251.100	0.000
lead-aware	hadur	1000+	1.70-2.20	600-1000	destroyed	4	7.930	0.000
lead-aware	hadur	1000+	1.70-2.20	600-1000	miss	16	31.200	0.000
lead-aware	hadur	1000+	2.20-3.00	300-400	destroyed	1	3.000	0.000
lead-aware	hadur	1000+	2.20-3.00	300-400	miss	1	3.000	0.000
lead-aware	hadur	1000+	2.20-3.00	400-500	destroyed	2	6.000	0.000
lead-aware	hadur	1000+	2.20-3.00	400-500	miss	13	38.230	0.000
lead-aware	hadur	1000+	2.20-3.00	500-600	destroyed	8	23.220	0.000
lead-aware	hadur	1000+	2.20-3.00	500-600	hit	1	3.000	16.000
lead-aware	hadur	1000+	2.20-3.00	500-600	miss	39	114.520	0.000
lead-aware	hadur	1000+	2.20-3.00	600-1000	miss	6	17.610	0.000
lead-aware	hadur	200-400	0.10-0.20	200-300	destroyed	1	0.100	0.000
lead-aware	hadur	200-400	0.10-0.20	200-300	hit	2	0.200	0.800
lead-aware	hadur	200-400	0.10-0.20	200-300	miss	6	0.600	0.000
lead-aware	hadur	200-400	0.10-0.20	300-400	destroyed	19	1.900	0.000
lead-aware	hadur	200-400	0.10-0.20	300-400	hit	14	1.400	5.600
lead-aware	hadur	200-400	0.10-0.20	300-400	miss	101	10.100	0.000
lead-aware	hadur	200-400	0.10-0.20	400-500	destroyed	131	13.100	0.000
lead-aware	hadur	200-400	0.10-0.20	400-500	hit	89	8.900	35.600
lead-aware	hadur	200-400	0.10-0.20	400-500	miss	686	68.600	0.000
lead-aware	hadur	200-400	0.10-0.20	500-600	destroyed	166	16.600	0.000
lead-aware	hadur	200-400	0.10-0.20	500-600	hit	128	12.800	51.200
lead-aware	hadur	200-400	0.10-0.20	500-600	miss	949	94.900	0.000
lead-aware	hadur	200-400	0.10-0.20	600-1000	destroyed	22	2.200	0.000
lead-aware	hadur	200-400	0.10-0.20	600-1000	hit	16	1.600	6.400
lead-aware	hadur	200-400	0.10-0.20	600-1000	miss	135	13.500	0.000
lead-aware	hadur	200-400	1.00-1.70	200-300	miss	2	2.000	0.000
lead-aware	hadur	200-400	1.00-1.70	300-400	miss	5	5.000	0.000
lead-aware	hadur	200-400	1.00-1.70	400-500	destroyed	1	1.000	0.000
lead-aware	hadur	200-400	1.00-1.70	400-500	miss	7	7.000	0.000
lead-aware	hadur	200-400	1.70-2.20	200-300	destroyed	1	1.950	0.000
lead-aware	hadur	200-400	1.70-2.20	200-300	miss	7	13.650	0.000
lead-aware	hadur	200-400	1.70-2.20	300-400	destroyed	11	21.450	0.000
lead-aware	hadur	200-400	1.70-2.20	300-400	hit	12	23.400	116.400
lead-aware	hadur	200-400	1.70-2.20	300-400	miss	80	156.000	0.000
lead-aware	hadur	200-400	1.70-2.20	400-500	destroyed	108	210.600	0.000
lead-aware	hadur	200-400	1.70-2.20	400-500	hit	62	120.900	601.400
lead-aware	hadur	200-400	1.70-2.20	400-500	miss	803	1565.850	0.000
lead-aware	hadur	200-400	1.70-2.20	500-600	destroyed	152	296.400	0.000
lead-aware	hadur	200-400	1.70-2.20	500-600	hit	108	210.600	1047.600
lead-aware	hadur	200-400	1.70-2.20	500-600	miss	1430	2788.500	0.000
lead-aware	hadur	200-400	1.70-2.20	600-1000	destroyed	22	42.900	0.000
lead-aware	hadur	200-400	1.70-2.20	600-1000	hit	14	27.300	135.800
lead-aware	hadur	200-400	1.70-2.20	600-1000	miss	266	518.700	0.000
lead-aware	hadur	200-400	2.20-3.00	500-600	miss	8	24.000	0.000
lead-aware	hadur	200-400	2.20-3.00	600-1000	miss	2	6.000	0.000
lead-aware	hadur	400-600	0.10-0.20	200-300	destroyed	5	0.500	0.000
lead-aware	hadur	400-600	0.10-0.20	200-300	hit	3	0.300	1.200
lead-aware	hadur	400-600	0.10-0.20	200-300	miss	24	2.400	0.000
lead-aware	hadur	400-600	0.10-0.20	300-400	destroyed	37	3.700	0.000
lead-aware	hadur	400-600	0.10-0.20	300-400	hit	28	2.800	11.200
lead-aware	hadur	400-600	0.10-0.20	300-400	miss	175	17.500	0.000
lead-aware	hadur	400-600	0.10-0.20	400-500	destroyed	284	28.400	0.000
lead-aware	hadur	400-600	0.10-0.20	400-500	hit	139	13.900	55.600
lead-aware	hadur	400-600	0.10-0.20	400-500	miss	1502	150.200	0.000
lead-aware	hadur	400-600	0.10-0.20	500-600	destroyed	284	28.400	0.000
lead-aware	hadur	400-600	0.10-0.20	500-600	hit	182	18.200	72.800
lead-aware	hadur	400-600	0.10-0.20	500-600	miss	1704	170.400	0.000
lead-aware	hadur	400-600	0.10-0.20	600-1000	destroyed	32	3.200	0.000
lead-aware	hadur	400-600	0.10-0.20	600-1000	hit	32	3.200	12.800
lead-aware	hadur	400-600	0.10-0.20	600-1000	miss	194	19.400	0.000
lead-aware	hadur	400-600	1.00-1.70	200-300	miss	1	1.000	0.000
lead-aware	hadur	400-600	1.00-1.70	300-400	miss	11	11.000	0.000
lead-aware	hadur	400-600	1.00-1.70	400-500	miss	3	3.000	0.000
lead-aware	hadur	400-600	1.70-2.20	200-300	destroyed	1	1.950	0.000
lead-aware	hadur	400-600	1.70-2.20	200-300	miss	1	1.950	0.000
lead-aware	hadur	400-600	1.70-2.20	300-400	destroyed	3	5.850	0.000
lead-aware	hadur	400-600	1.70-2.20	300-400	miss	30	58.500	0.000
lead-aware	hadur	400-600	1.70-2.20	400-500	destroyed	48	93.600	0.000
lead-aware	hadur	400-600	1.70-2.20	400-500	hit	27	52.650	261.900
lead-aware	hadur	400-600	1.70-2.20	400-500	miss	363	707.850	0.000
lead-aware	hadur	400-600	1.70-2.20	500-600	destroyed	53	103.350	0.000
lead-aware	hadur	400-600	1.70-2.20	500-600	hit	43	83.850	417.100
lead-aware	hadur	400-600	1.70-2.20	500-600	miss	531	1035.450	0.000
lead-aware	hadur	400-600	1.70-2.20	600-1000	destroyed	11	21.450	0.000
lead-aware	hadur	400-600	1.70-2.20	600-1000	hit	8	15.600	77.600
lead-aware	hadur	400-600	1.70-2.20	600-1000	miss	98	191.100	0.000
lead-aware	hadur	400-600	2.20-3.00	400-500	miss	3	9.000	0.000
lead-aware	hadur	400-600	2.20-3.00	500-600	destroyed	1	3.000	0.000
lead-aware	hadur	400-600	2.20-3.00	500-600	hit	2	6.000	32.000
lead-aware	hadur	400-600	2.20-3.00	500-600	miss	2	6.000	0.000
lead-aware	hadur	400-600	2.20-3.00	600-1000	miss	3	9.000	0.000
lead-aware	hadur	600-800	0.10-0.20	200-300	destroyed	3	0.300	0.000
lead-aware	hadur	600-800	0.10-0.20	200-300	hit	1	0.100	0.400
lead-aware	hadur	600-800	0.10-0.20	200-300	miss	14	1.400	0.000
lead-aware	hadur	600-800	0.10-0.20	300-400	destroyed	47	4.700	0.000
lead-aware	hadur	600-800	0.10-0.20	300-400	hit	28	2.800	11.200
lead-aware	hadur	600-800	0.10-0.20	300-400	miss	241	24.100	0.000
lead-aware	hadur	600-800	0.10-0.20	400-500	destroyed	345	34.500	0.000
lead-aware	hadur	600-800	0.10-0.20	400-500	hit	198	19.800	79.200
lead-aware	hadur	600-800	0.10-0.20	400-500	miss	1799	179.900	0.000
lead-aware	hadur	600-800	0.10-0.20	500-600	destroyed	348	34.800	0.000
lead-aware	hadur	600-800	0.10-0.20	500-600	hit	202	20.200	80.800
lead-aware	hadur	600-800	0.10-0.20	500-600	miss	2328	232.800	0.000
lead-aware	hadur	600-800	0.10-0.20	600-1000	destroyed	18	1.800	0.000
lead-aware	hadur	600-800	0.10-0.20	600-1000	hit	22	2.200	8.800
lead-aware	hadur	600-800	0.10-0.20	600-1000	miss	204	20.400	0.000
lead-aware	hadur	600-800	1.00-1.70	300-400	destroyed	1	1.000	0.000
lead-aware	hadur	600-800	1.00-1.70	300-400	miss	7	7.000	0.000
lead-aware	hadur	600-800	1.00-1.70	400-500	miss	2	2.000	0.000
lead-aware	hadur	600-800	1.70-2.20	300-400	destroyed	1	1.950	0.000
lead-aware	hadur	600-800	1.70-2.20	300-400	miss	6	11.700	0.000
lead-aware	hadur	600-800	1.70-2.20	400-500	destroyed	13	25.350	0.000
lead-aware	hadur	600-800	1.70-2.20	400-500	hit	6	11.700	58.200
lead-aware	hadur	600-800	1.70-2.20	400-500	miss	81	157.950	0.000
lead-aware	hadur	600-800	1.70-2.20	500-600	destroyed	11	21.450	0.000
lead-aware	hadur	600-800	1.70-2.20	500-600	hit	11	21.450	106.700
lead-aware	hadur	600-800	1.70-2.20	500-600	miss	103	200.850	0.000
lead-aware	hadur	600-800	1.70-2.20	600-1000	destroyed	1	1.950	0.000
lead-aware	hadur	600-800	1.70-2.20	600-1000	hit	1	1.950	9.700
lead-aware	hadur	600-800	1.70-2.20	600-1000	miss	4	7.800	0.000
lead-aware	hadur	600-800	2.20-3.00	400-500	destroyed	1	3.000	0.000
lead-aware	hadur	600-800	2.20-3.00	400-500	miss	1	3.000	0.000
lead-aware	hadur	600-800	2.20-3.00	500-600	miss	6	18.000	0.000
lead-aware	hadur	800-1000	0.10-0.20	200-300	destroyed	4	0.400	0.000
lead-aware	hadur	800-1000	0.10-0.20	200-300	hit	4	0.400	1.600
lead-aware	hadur	800-1000	0.10-0.20	200-300	miss	12	1.200	0.000
lead-aware	hadur	800-1000	0.10-0.20	300-400	destroyed	48	4.800	0.000
lead-aware	hadur	800-1000	0.10-0.20	300-400	hit	35	3.500	14.000
lead-aware	hadur	800-1000	0.10-0.20	300-400	miss	208	20.800	0.000
lead-aware	hadur	800-1000	0.10-0.20	400-500	destroyed	364	36.400	0.000
lead-aware	hadur	800-1000	0.10-0.20	400-500	hit	198	19.800	79.200
lead-aware	hadur	800-1000	0.10-0.20	400-500	miss	1906	190.600	0.000
lead-aware	hadur	800-1000	0.10-0.20	500-600	destroyed	357	35.700	0.000
lead-aware	hadur	800-1000	0.10-0.20	500-600	hit	224	22.400	89.600
lead-aware	hadur	800-1000	0.10-0.20	500-600	miss	2248	224.800	0.000
lead-aware	hadur	800-1000	0.10-0.20	600-1000	destroyed	28	2.800	0.000
lead-aware	hadur	800-1000	0.10-0.20	600-1000	hit	13	1.300	5.200
lead-aware	hadur	800-1000	0.10-0.20	600-1000	miss	183	18.300	0.000
lead-aware	hadur	800-1000	1.70-2.20	200-300	miss	1	1.950	0.000
lead-aware	hadur	800-1000	1.70-2.20	300-400	destroyed	2	3.900	0.000
lead-aware	hadur	800-1000	1.70-2.20	300-400	hit	1	1.950	9.700
lead-aware	hadur	800-1000	1.70-2.20	300-400	miss	2	3.900	0.000
lead-aware	hadur	800-1000	1.70-2.20	400-500	destroyed	5	9.750	0.000
lead-aware	hadur	800-1000	1.70-2.20	400-500	hit	5	9.750	48.500
lead-aware	hadur	800-1000	1.70-2.20	400-500	miss	37	72.150	0.000
lead-aware	hadur	800-1000	1.70-2.20	500-600	destroyed	10	19.500	0.000
lead-aware	hadur	800-1000	1.70-2.20	500-600	hit	4	7.800	38.800
lead-aware	hadur	800-1000	1.70-2.20	500-600	miss	53	103.350	0.000
lead-aware	hadur	800-1000	1.70-2.20	600-1000	destroyed	1	1.950	0.000
lead-aware	hadur	800-1000	1.70-2.20	600-1000	miss	2	3.900	0.000
lead-aware	hadur	800-1000	2.20-3.00	400-500	miss	2	6.000	0.000
lead-aware	hadur	800-1000	2.20-3.00	500-600	miss	6	18.000	0.000
lead-aware	hadur	800-1000	2.20-3.00	600-1000	miss	1	3.000	0.000
lead-aware-sampled	drussgt	0-200	0.10-0.20	300-400	hit	1	0.150	0.600
lead-aware-sampled	drussgt	0-200	0.10-0.20	300-400	miss	4	0.600	0.000
lead-aware-sampled	drussgt	0-200	0.10-0.20	400-500	destroyed	4	0.600	0.000
lead-aware-sampled	drussgt	0-200	0.10-0.20	400-500	hit	2	0.300	1.200
lead-aware-sampled	drussgt	0-200	0.10-0.20	400-500	miss	27	4.050	0.000
lead-aware-sampled	drussgt	0-200	0.10-0.20	500-600	destroyed	6	0.900	0.000
lead-aware-sampled	drussgt	0-200	0.10-0.20	500-600	hit	5	0.750	3.000
lead-aware-sampled	drussgt	0-200	0.10-0.20	500-600	miss	32	4.800	0.000
lead-aware-sampled	drussgt	0-200	0.10-0.20	600-1000	destroyed	2	0.300	0.000
lead-aware-sampled	drussgt	0-200	0.10-0.20	600-1000	miss	2	0.300	0.000
lead-aware-sampled	drussgt	0-200	0.50-1.00	400-500	miss	2	1.900	0.000
lead-aware-sampled	drussgt	0-200	1.00-1.70	200-300	miss	5	5.940	0.000
lead-aware-sampled	drussgt	0-200	1.00-1.70	300-400	destroyed	12	18.460	0.000
lead-aware-sampled	drussgt	0-200	1.00-1.70	300-400	miss	12	14.840	0.000
lead-aware-sampled	drussgt	0-200	1.00-1.70	400-500	destroyed	4	5.470	0.000
lead-aware-sampled	drussgt	0-200	1.00-1.70	400-500	hit	1	1.150	4.900
lead-aware-sampled	drussgt	0-200	1.00-1.70	400-500	miss	25	32.340	0.000
lead-aware-sampled	drussgt	0-200	1.00-1.70	500-600	destroyed	3	3.450	0.000
lead-aware-sampled	drussgt	0-200	1.00-1.70	500-600	hit	3	3.450	14.700
lead-aware-sampled	drussgt	0-200	1.00-1.70	500-600	miss	17	20.030	0.000
lead-aware-sampled	drussgt	0-200	1.00-1.70	600-1000	miss	1	1.150	0.000
lead-aware-sampled	drussgt	0-200	1.70-2.20	0-200	miss	1	1.950	0.000
lead-aware-sampled	drussgt	0-200	1.70-2.20	200-300	destroyed	2	3.900	0.000
lead-aware-sampled	drussgt	0-200	1.70-2.20	200-300	hit	2	3.900	19.400
lead-aware-sampled	drussgt	0-200	1.70-2.20	200-300	miss	34	66.070	0.000
lead-aware-sampled	drussgt	0-200	1.70-2.20	300-400	destroyed	46	89.420	0.000
lead-aware-sampled	drussgt	0-200	1.70-2.20	300-400	hit	35	68.250	339.500
lead-aware-sampled	drussgt	0-200	1.70-2.20	300-400	miss	405	789.230	0.000
lead-aware-sampled	drussgt	0-200	1.70-2.20	400-500	destroyed	156	303.570	0.000
lead-aware-sampled	drussgt	0-200	1.70-2.20	400-500	hit	145	282.750	1406.500
lead-aware-sampled	drussgt	0-200	1.70-2.20	400-500	miss	1508	2939.420	0.000
lead-aware-sampled	drussgt	0-200	1.70-2.20	500-600	destroyed	108	210.650	0.000
lead-aware-sampled	drussgt	0-200	1.70-2.20	500-600	hit	117	228.150	1134.900
lead-aware-sampled	drussgt	0-200	1.70-2.20	500-600	miss	1248	2433.470	0.000
lead-aware-sampled	drussgt	0-200	1.70-2.20	600-1000	destroyed	16	31.200	0.000
lead-aware-sampled	drussgt	0-200	1.70-2.20	600-1000	hit	18	35.100	174.600
lead-aware-sampled	drussgt	0-200	1.70-2.20	600-1000	miss	229	446.550	0.000
lead-aware-sampled	drussgt	0-200	2.20-3.00	300-400	destroyed	2	4.500	0.000
lead-aware-sampled	drussgt	0-200	2.20-3.00	400-500	destroyed	1	2.690	0.000
lead-aware-sampled	drussgt	0-200	2.20-3.00	400-500	miss	5	12.720	0.000
lead-aware-sampled	drussgt	1000+	0.10-0.20	0-200	destroyed	2	0.300	0.000
lead-aware-sampled	drussgt	1000+	0.10-0.20	0-200	hit	10	1.500	6.000
lead-aware-sampled	drussgt	1000+	0.10-0.20	0-200	miss	13	1.950	0.000
lead-aware-sampled	drussgt	1000+	0.10-0.20	200-300	destroyed	57	8.550	0.000
lead-aware-sampled	drussgt	1000+	0.10-0.20	200-300	hit	79	11.850	47.400
lead-aware-sampled	drussgt	1000+	0.10-0.20	200-300	miss	279	41.850	0.000
lead-aware-sampled	drussgt	1000+	0.10-0.20	300-400	destroyed	460	69.000	0.000
lead-aware-sampled	drussgt	1000+	0.10-0.20	300-400	hit	471	70.650	282.600
lead-aware-sampled	drussgt	1000+	0.10-0.20	300-400	miss	2587	388.050	0.000
lead-aware-sampled	drussgt	1000+	0.10-0.20	400-500	destroyed	3047	457.050	0.000
lead-aware-sampled	drussgt	1000+	0.10-0.20	400-500	hit	2634	395.100	1580.400
lead-aware-sampled	drussgt	1000+	0.10-0.20	400-500	miss	20175	3026.250	0.000
lead-aware-sampled	drussgt	1000+	0.10-0.20	500-600	destroyed	3727	559.050	0.000
lead-aware-sampled	drussgt	1000+	0.10-0.20	500-600	hit	3274	491.100	1964.400
lead-aware-sampled	drussgt	1000+	0.10-0.20	500-600	miss	25715	3857.250	0.000
lead-aware-sampled	drussgt	1000+	0.10-0.20	600-1000	destroyed	261	39.150	0.000
lead-aware-sampled	drussgt	1000+	0.10-0.20	600-1000	hit	203	30.450	121.800
lead-aware-sampled	drussgt	1000+	0.10-0.20	600-1000	miss	2186	327.900	0.000
lead-aware-sampled	drussgt	1000+	0.20-0.50	300-400	destroyed	2	0.900	0.000
lead-aware-sampled	drussgt	1000+	0.20-0.50	300-400	hit	1	0.450	1.800
lead-aware-sampled	drussgt	1000+	0.20-0.50	300-400	miss	2	0.900	0.000
lead-aware-sampled	drussgt	1000+	0.20-0.50	400-500	destroyed	3	0.850	0.000
lead-aware-sampled	drussgt	1000+	0.20-0.50	400-500	hit	3	1.050	4.200
lead-aware-sampled	drussgt	1000+	0.20-0.50	400-500	miss	14	4.600	0.000
lead-aware-sampled	drussgt	1000+	0.20-0.50	500-600	destroyed	1	0.250	0.000
lead-aware-sampled	drussgt	1000+	0.20-0.50	500-600	miss	10	3.600	0.000
lead-aware-sampled	drussgt	1000+	0.50-1.00	300-400	destroyed	1	0.650	0.000
lead-aware-sampled	drussgt	1000+	0.50-1.00	300-400	miss	3	1.950	0.000
lead-aware-sampled	drussgt	1000+	0.50-1.00	400-500	destroyed	2	1.900	0.000
lead-aware-sampled	drussgt	1000+	0.50-1.00	400-500	hit	3	2.750	11.000
lead-aware-sampled	drussgt	1000+	0.50-1.00	400-500	miss	10	8.900	0.000
lead-aware-sampled	drussgt	1000+	0.50-1.00	500-600	destroyed	3	2.450	0.000
lead-aware-sampled	drussgt	1000+	0.50-1.00	500-600	hit	4	3.700	14.800
lead-aware-sampled	drussgt	1000+	0.50-1.00	500-600	miss	24	21.700	0.000
lead-aware-sampled	drussgt	1000+	0.50-1.00	600-1000	destroyed	1	0.650	0.000
lead-aware-sampled	drussgt	1000+	1.00-1.70	400-500	destroyed	1	1.150	0.000
lead-aware-sampled	drussgt	1000+	1.00-1.70	400-500	hit	1	1.150	4.900
lead-aware-sampled	drussgt	1000+	1.00-1.70	400-500	miss	17	19.550	0.000
lead-aware-sampled	drussgt	1000+	1.00-1.70	500-600	destroyed	4	4.600	0.000
lead-aware-sampled	drussgt	1000+	1.00-1.70	500-600	hit	1	1.150	4.900
lead-aware-sampled	drussgt	1000+	1.00-1.70	500-600	miss	27	31.050	0.000
lead-aware-sampled	drussgt	1000+	1.00-1.70	600-1000	hit	2	2.300	9.800
lead-aware-sampled	drussgt	1000+	1.00-1.70	600-1000	miss	3	3.450	0.000
lead-aware-sampled	drussgt	1000+	1.70-2.20	400-500	miss	1	1.950	0.000
lead-aware-sampled	drussgt	1000+	1.70-2.20	600-1000	miss	2	3.900	0.000
lead-aware-sampled	drussgt	200-400	0.10-0.20	200-300	miss	9	1.350	0.000
lead-aware-sampled	drussgt	200-400	0.10-0.20	300-400	destroyed	16	2.400	0.000
lead-aware-sampled	drussgt	200-400	0.10-0.20	300-400	hit	22	3.300	13.200
lead-aware-sampled	drussgt	200-400	0.10-0.20	300-400	miss	116	17.400	0.000
lead-aware-sampled	drussgt	200-400	0.10-0.20	400-500	destroyed	127	19.050	0.000
lead-aware-sampled	drussgt	200-400	0.10-0.20	400-500	hit	136	20.400	81.600
lead-aware-sampled	drussgt	200-400	0.10-0.20	400-500	miss	801	120.150	0.000
lead-aware-sampled	drussgt	200-400	0.10-0.20	500-600	destroyed	130	19.500	0.000
lead-aware-sampled	drussgt	200-400	0.10-0.20	500-600	hit	137	20.550	82.200
lead-aware-sampled	drussgt	200-400	0.10-0.20	500-600	miss	1074	161.100	0.000
lead-aware-sampled	drussgt	200-400	0.10-0.20	600-1000	destroyed	16	2.400	0.000
lead-aware-sampled	drussgt	200-400	0.10-0.20	600-1000	hit	19	2.850	11.400
lead-aware-sampled	drussgt	200-400	0.10-0.20	600-1000	miss	155	23.250	0.000
lead-aware-sampled	drussgt	200-400	0.50-1.00	400-500	destroyed	2	1.700	0.000
lead-aware-sampled	drussgt	200-400	0.50-1.00	400-500	miss	8	7.300	0.000
lead-aware-sampled	drussgt	200-400	0.50-1.00	500-600	destroyed	9	7.250	0.000
lead-aware-sampled	drussgt	200-400	0.50-1.00	500-600	hit	3	2.550	10.200
lead-aware-sampled	drussgt	200-400	0.50-1.00	500-600	miss	37	29.050	0.000
lead-aware-sampled	drussgt	200-400	0.50-1.00	600-1000	miss	1	0.650	0.000
lead-aware-sampled	drussgt	200-400	1.00-1.70	300-400	destroyed	2	2.300	0.000
lead-aware-sampled	drussgt	200-400	1.00-1.70	300-400	hit	1	1.150	4.900
lead-aware-sampled	drussgt	200-400	1.00-1.70	300-400	miss	3	3.450	0.000
lead-aware-sampled	drussgt	200-400	1.00-1.70	400-500	destroyed	9	10.350	0.000
lead-aware-sampled	drussgt	200-400	1.00-1.70	400-500	hit	10	11.500	49.000
lead-aware-sampled	drussgt	200-400	1.00-1.70	400-500	miss	75	86.250	0.000
lead-aware-sampled	drussgt	200-400	1.00-1.70	500-600	destroyed	14	16.100	0.000
lead-aware-sampled	drussgt	200-400	1.00-1.70	500-600	hit	9	10.350	44.100
lead-aware-sampled	drussgt	200-400	1.00-1.70	500-600	miss	89	102.350	0.000
lead-aware-sampled	drussgt	200-400	1.00-1.70	600-1000	destroyed	1	1.150	0.000
lead-aware-sampled	drussgt	200-400	1.00-1.70	600-1000	hit	3	3.450	14.700
lead-aware-sampled	drussgt	200-400	1.00-1.70	600-1000	miss	13	14.950	0.000
lead-aware-sampled	drussgt	200-400	1.70-2.20	200-300	destroyed	1	1.950	0.000
lead-aware-sampled	drussgt	200-400	1.70-2.20	200-300	miss	1	1.950	0.000
lead-aware-sampled	drussgt	200-400	1.70-2.20	300-400	destroyed	4	7.800	0.000
lead-aware-sampled	drussgt	200-400	1.70-2.20	300-400	hit	8	15.600	77.600
lead-aware-sampled	drussgt	200-400	1.70-2.20	300-400	miss	65	126.750	0.000
lead-aware-sampled	drussgt	200-400	1.70-2.20	400-500	destroyed	83	161.850	0.000
lead-aware-sampled	drussgt	200-400	1.70-2.20	400-500	hit	61	118.950	591.700
lead-aware-sampled	drussgt	200-400	1.70-2.20	400-500	miss	730	1423.500	0.000
lead-aware-sampled	drussgt	200-400	1.70-2.20	500-600	destroyed	115	224.250	0.000
lead-aware-sampled	drussgt	200-400	1.70-2.20	500-600	hit	92	179.400	892.400
lead-aware-sampled	drussgt	200-400	1.70-2.20	500-600	miss	1168	2277.600	0.000
lead-aware-sampled	drussgt	200-400	1.70-2.20	600-1000	destroyed	13	25.350	0.000
lead-aware-sampled	drussgt	200-400	1.70-2.20	600-1000	hit	21	40.950	203.700
lead-aware-sampled	drussgt	200-400	1.70-2.20	600-1000	miss	208	405.600	0.000
lead-aware-sampled	drussgt	400-600	0.10-0.20	0-200	hit	1	0.150	0.600
lead-aware-sampled	drussgt	400-600	0.10-0.20	200-300	destroyed	4	0.600	0.000
lead-aware-sampled	drussgt	400-600	0.10-0.20	200-300	hit	7	1.050	4.200
lead-aware-sampled	drussgt	400-600	0.10-0.20	200-300	miss	14	2.100	0.000
lead-aware-sampled	drussgt	400-600	0.10-0.20	300-400	destroyed	39	5.850	0.000
lead-aware-sampled	drussgt	400-600	0.10-0.20	300-400	hit	35	5.250	21.000
lead-aware-sampled	drussgt	400-600	0.10-0.20	300-400	miss	170	25.500	0.000
lead-aware-sampled	drussgt	400-600	0.10-0.20	400-500	destroyed	227	34.050	0.000
lead-aware-sampled	drussgt	400-600	0.10-0.20	400-500	hit	181	27.150	108.600
lead-aware-sampled	drussgt	400-600	0.10-0.20	400-500	miss	1418	212.700	0.000
lead-aware-sampled	drussgt	400-600	0.10-0.20	500-600	destroyed	274	41.100	0.000
lead-aware-sampled	drussgt	400-600	0.10-0.20	500-600	hit	258	38.700	154.800
lead-aware-sampled	drussgt	400-600	0.10-0.20	500-600	miss	2000	300.000	0.000
lead-aware-sampled	drussgt	400-600	0.10-0.20	600-1000	destroyed	25	3.750	0.000
lead-aware-sampled	drussgt	400-600	0.10-0.20	600-1000	hit	27	4.050	16.200
lead-aware-sampled	drussgt	400-600	0.10-0.20	600-1000	miss	244	36.600	0.000
lead-aware-sampled	drussgt	400-600	0.20-0.50	300-400	destroyed	1	0.450	0.000
lead-aware-sampled	drussgt	400-600	0.20-0.50	300-400	hit	1	0.450	1.800
lead-aware-sampled	drussgt	400-600	0.20-0.50	300-400	miss	5	2.250	0.000
lead-aware-sampled	drussgt	400-600	0.20-0.50	400-500	hit	2	0.900	3.600
lead-aware-sampled	drussgt	400-600	0.20-0.50	400-500	miss	9	3.750	0.000
lead-aware-sampled	drussgt	400-600	0.20-0.50	500-600	destroyed	2	0.900	0.000
lead-aware-sampled	drussgt	400-600	0.20-0.50	500-600	hit	1	0.450	1.800
lead-aware-sampled	drussgt	400-600	0.20-0.50	500-600	miss	6	2.700	0.000
lead-aware-sampled	drussgt	400-600	0.50-1.00	200-300	destroyed	1	0.650	0.000
lead-aware-sampled	drussgt	400-600	0.50-1.00	200-300	miss	1	0.650	0.000
lead-aware-sampled	drussgt	400-600	0.50-1.00	400-500	destroyed	4	2.800	0.000
lead-aware-sampled	drussgt	400-600	0.50-1.00	400-500	hit	3	2.450	9.800
lead-aware-sampled	drussgt	400-600	0.50-1.00	400-500	miss	28	21.200	0.000
lead-aware-sampled	drussgt	400-600	0.50-1.00	500-600	destroyed	5	3.750	0.000
lead-aware-sampled	drussgt	400-600	0.50-1.00	500-600	hit	6	4.900	19.600
lead-aware-sampled	drussgt	400-600	0.50-1.00	500-600	miss	53	43.250	0.000
lead-aware-sampled	drussgt	400-600	0.50-1.00	600-1000	miss	2	1.500	0.000
lead-aware-sampled	drussgt	400-600	1.00-1.70	300-400	destroyed	3	3.450	0.000
lead-aware-sampled	drussgt	400-600	1.00-1.70	300-400	miss	5	5.750	0.000
lead-aware-sampled	drussgt	400-600	1.00-1.70	400-500	destroyed	21	24.150	0.000
lead-aware-sampled	drussgt	400-600	1.00-1.70	400-500	hit	6	6.900	29.400
lead-aware-sampled	drussgt	400-600	1.00-1.70	400-500	miss	132	151.800	0.000
lead-aware-sampled	drussgt	400-600	1.00-1.70	500-600	destroyed	28	32.200	0.000
lead-aware-sampled	drussgt	400-600	1.00-1.70	500-600	hit	21	24.150	102.900
lead-aware-sampled	drussgt	400-600	1.00-1.70	500-600	miss	207	238.050	0.000
lead-aware-sampled	drussgt	400-600	1.00-1.70	600-1000	destroyed	2	2.300	0.000
lead-aware-sampled	drussgt	400-600	1.00-1.70	600-1000	hit	3	3.450	14.700
lead-aware-sampled	drussgt	400-600	1.00-1.70	600-1000	miss	34	39.100	0.000
lead-aware-sampled	drussgt	400-600	1.70-2.20	300-400	destroyed	3	5.850	0.000
lead-aware-sampled	drussgt	400-600	1.70-2.20	300-400	hit	1	1.950	9.700
lead-aware-sampled	drussgt	400-600	1.70-2.20	300-400	miss	10	19.500	0.000
lead-aware-sampled	drussgt	400-600	1.70-2.20	400-500	destroyed	17	33.150	0.000
lead-aware-sampled	drussgt	400-600	1.70-2.20	400-500	hit	14	27.300	135.800
lead-aware-sampled	drussgt	400-600	1.70-2.20	400-500	miss	145	282.750	0.000
lead-aware-sampled	drussgt	400-600	1.70-2.20	500-600	destroyed	26	50.700	0.000
lead-aware-sampled	drussgt	400-600	1.70-2.20	500-600	hit	15	29.250	145.500
lead-aware-sampled	drussgt	400-600	1.70-2.20	500-600	miss	193	376.350	0.000
lead-aware-sampled	drussgt	400-600	1.70-2.20	600-1000	destroyed	2	3.900	0.000
lead-aware-sampled	drussgt	400-600	1.70-2.20	600-1000	hit	3	5.850	29.100
lead-aware-sampled	drussgt	400-600	1.70-2.20	600-1000	miss	39	76.050	0.000
lead-aware-sampled	drussgt	600-800	0.10-0.20	0-200	miss	1	0.150	0.000
lead-aware-sampled	drussgt	600-800	0.10-0.20	200-300	destroyed	3	0.450	0.000
lead-aware-sampled	drussgt	600-800	0.10-0.20	200-300	hit	3	0.450	1.800
lead-aware-sampled	drussgt	600-800	0.10-0.20	200-300	miss	24	3.600	0.000
lead-aware-sampled	drussgt	600-800	0.10-0.20	300-400	destroyed	49	7.350	0.000
lead-aware-sampled	drussgt	600-800	0.10-0.20	300-400	hit	47	7.050	28.200
lead-aware-sampled	drussgt	600-800	0.10-0.20	300-400	miss	207	31.050	0.000
lead-aware-sampled	drussgt	600-800	0.10-0.20	400-500	destroyed	274	41.100	0.000
lead-aware-sampled	drussgt	600-800	0.10-0.20	400-500	hit	210	31.500	126.000
lead-aware-sampled	drussgt	600-800	0.10-0.20	400-500	miss	1749	262.350	0.000
lead-aware-sampled	drussgt	600-800	0.10-0.20	500-600	destroyed	361	54.150	0.000
lead-aware-sampled	drussgt	600-800	0.10-0.20	500-600	hit	257	38.550	154.200
lead-aware-sampled	drussgt	600-800	0.10-0.20	500-600	miss	2448	367.200	0.000
lead-aware-sampled	drussgt	600-800	0.10-0.20	600-1000	destroyed	25	3.750	0.000
lead-aware-sampled	drussgt	600-800	0.10-0.20	600-1000	hit	27	4.050	16.200
lead-aware-sampled	drussgt	600-800	0.10-0.20	600-1000	miss	190	28.500	0.000
lead-aware-sampled	drussgt	600-800	0.20-0.50	300-400	destroyed	1	0.250	0.000
lead-aware-sampled	drussgt	600-800	0.20-0.50	300-400	miss	4	1.300	0.000
lead-aware-sampled	drussgt	600-800	0.20-0.50	400-500	destroyed	5	2.150	0.000
lead-aware-sampled	drussgt	600-800	0.20-0.50	400-500	hit	5	2.050	8.200
lead-aware-sampled	drussgt	600-800	0.20-0.50	400-500	miss	24	8.800	0.000
lead-aware-sampled	drussgt	600-800	0.20-0.50	500-600	destroyed	2	0.800	0.000
lead-aware-sampled	drussgt	600-800	0.20-0.50	500-600	hit	4	1.400	5.600
lead-aware-sampled	drussgt	600-800	0.20-0.50	500-600	miss	34	12.900	0.000
lead-aware-sampled	drussgt	600-800	0.20-0.50	600-1000	destroyed	1	0.450	0.000
lead-aware-sampled	drussgt	600-800	0.50-1.00	200-300	destroyed	1	0.650	0.000
lead-aware-sampled	drussgt	600-800	0.50-1.00	200-300	hit	2	1.300	5.200
lead-aware-sampled	drussgt	600-800	0.50-1.00	300-400	miss	4	2.600	0.000
lead-aware-sampled	drussgt	600-800	0.50-1.00	400-500	destroyed	2	1.600	0.000
lead-aware-sampled	drussgt	600-800	0.50-1.00	400-500	hit	4	3.600	14.400
lead-aware-sampled	drussgt	600-800	0.50-1.00	400-500	miss	7	5.850	0.000
lead-aware-sampled	drussgt	600-800	0.50-1.00	500-600	destroyed	4	3.600	0.000
lead-aware-sampled	drussgt	600-800	0.50-1.00	500-600	hit	5	4.350	17.400
lead-aware-sampled	drussgt	600-800	0.50-1.00	500-600	miss	16	13.800	0.000
lead-aware-sampled	drussgt	600-800	1.00-1.70	300-400	miss	1	1.150	0.000
lead-aware-sampled	drussgt	600-800	1.00-1.70	400-500	destroyed	1	1.150	0.000
lead-aware-sampled	drussgt	600-800	1.00-1.70	400-500	hit	5	5.750	24.500
lead-aware-sampled	drussgt	600-800	1.00-1.70	400-500	miss	19	21.850	0.000
lead-aware-sampled	drussgt	600-800	1.00-1.70	500-600	destroyed	6	6.900	0.000
lead-aware-sampled	drussgt	600-800	1.00-1.70	500-600	hit	10	11.500	49.000
lead-aware-sampled	drussgt	600-800	1.00-1.70	500-600	miss	43	49.450	0.000
lead-aware-sampled	drussgt	600-800	1.00-1.70	600-1000	hit	1	1.150	4.900
lead-aware-sampled	drussgt	600-800	1.00-1.70	600-1000	miss	2	2.300	0.000
lead-aware-sampled	drussgt	600-800	1.70-2.20	300-400	hit	1	1.950	9.700
lead-aware-sampled	drussgt	600-800	1.70-2.20	400-500	miss	7	13.650	0.000
lead-aware-sampled	drussgt	600-800	1.70-2.20	500-600	hit	3	5.850	29.100
lead-aware-sampled	drussgt	600-800	1.70-2.20	500-600	miss	15	29.250	0.000
lead-aware-sampled	drussgt	600-800	1.70-2.20	600-1000	destroyed	1	1.950	0.000
lead-aware-sampled	drussgt	600-800	1.70-2.20	600-1000	hit	1	1.950	9.700
lead-aware-sampled	drussgt	800-1000	0.10-0.20	0-200	miss	1	0.150	0.000
lead-aware-sampled	drussgt	800-1000	0.10-0.20	200-300	destroyed	2	0.300	0.000
lead-aware-sampled	drussgt	800-1000	0.10-0.20	200-300	hit	8	1.200	4.800
lead-aware-sampled	drussgt	800-1000	0.10-0.20	200-300	miss	12	1.800	0.000
lead-aware-sampled	drussgt	800-1000	0.10-0.20	300-400	destroyed	39	5.850	0.000
lead-aware-sampled	drussgt	800-1000	0.10-0.20	300-400	hit	43	6.450	25.800
lead-aware-sampled	drussgt	800-1000	0.10-0.20	300-400	miss	204	30.600	0.000
lead-aware-sampled	drussgt	800-1000	0.10-0.20	400-500	destroyed	281	42.150	0.000
lead-aware-sampled	drussgt	800-1000	0.10-0.20	400-500	hit	212	31.800	127.200
lead-aware-sampled	drussgt	800-1000	0.10-0.20	400-500	miss	1803	270.450	0.000
lead-aware-sampled	drussgt	800-1000	0.10-0.20	500-600	destroyed	360	54.000	0.000
lead-aware-sampled	drussgt	800-1000	0.10-0.20	500-600	hit	277	41.550	166.200
lead-aware-sampled	drussgt	800-1000	0.10-0.20	500-600	miss	2435	365.250	0.000
lead-aware-sampled	drussgt	800-1000	0.10-0.20	600-1000	destroyed	18	2.700	0.000
lead-aware-sampled	drussgt	800-1000	0.10-0.20	600-1000	hit	23	3.450	13.800
lead-aware-sampled	drussgt	800-1000	0.10-0.20	600-1000	miss	230	34.500	0.000
lead-aware-sampled	drussgt	800-1000	0.20-0.50	300-400	miss	2	0.500	0.000
lead-aware-sampled	drussgt	800-1000	0.20-0.50	400-500	destroyed	3	0.950	0.000
lead-aware-sampled	drussgt	800-1000	0.20-0.50	400-500	hit	2	0.500	2.000
lead-aware-sampled	drussgt	800-1000	0.20-0.50	400-500	miss	9	2.550	0.000
lead-aware-sampled	drussgt	800-1000	0.20-0.50	500-600	destroyed	2	0.500	0.000
lead-aware-sampled	drussgt	800-1000	0.20-0.50	500-600	hit	1	0.250	1.000
lead-aware-sampled	drussgt	800-1000	0.20-0.50	500-600	miss	29	7.550	0.000
lead-aware-sampled	drussgt	800-1000	0.50-1.00	400-500	destroyed	1	0.950	0.000
lead-aware-sampled	drussgt	800-1000	0.50-1.00	400-500	miss	3	2.550	0.000
lead-aware-sampled	drussgt	800-1000	0.50-1.00	500-600	miss	3	2.550	0.000
lead-aware-sampled	drussgt	800-1000	1.00-1.70	400-500	miss	1	1.150	0.000
lead-aware-sampled	drussgt	800-1000	1.00-1.70	500-600	destroyed	2	2.300	0.000
lead-aware-sampled	drussgt	800-1000	1.00-1.70	500-600	miss	3	3.450	0.000
lead-aware-sampled	drussgt	800-1000	1.70-2.20	400-500	destroyed	1	1.950	0.000
lead-aware-sampled	drussgt	800-1000	1.70-2.20	400-500	miss	2	3.900	0.000
lead-aware-sampled	drussgt	800-1000	1.70-2.20	500-600	miss	2	3.900	0.000
lead-aware-sampled	hadur	0-200	0.10-0.20	300-400	hit	1	0.100	0.400
lead-aware-sampled	hadur	0-200	0.10-0.20	300-400	miss	1	0.100	0.000
lead-aware-sampled	hadur	0-200	0.10-0.20	400-500	destroyed	1	0.100	0.000
lead-aware-sampled	hadur	0-200	0.10-0.20	400-500	hit	1	0.100	0.400
lead-aware-sampled	hadur	0-200	0.10-0.20	400-500	miss	13	1.300	0.000
lead-aware-sampled	hadur	0-200	0.10-0.20	500-600	destroyed	1	0.100	0.000
lead-aware-sampled	hadur	0-200	0.10-0.20	500-600	miss	15	1.500	0.000
lead-aware-sampled	hadur	0-200	1.70-2.20	0-200	miss	2	3.900	0.000
lead-aware-sampled	hadur	0-200	1.70-2.20	200-300	destroyed	3	5.850	0.000
lead-aware-sampled	hadur	0-200	1.70-2.20	200-300	hit	9	17.550	87.300
lead-aware-sampled	hadur	0-200	1.70-2.20	200-300	miss	31	60.450	0.000
lead-aware-sampled	hadur	0-200	1.70-2.20	300-400	destroyed	31	60.450	0.000
lead-aware-sampled	hadur	0-200	1.70-2.20	300-400	hit	39	76.050	378.300
lead-aware-sampled	hadur	0-200	1.70-2.20	300-400	miss	415	809.250	0.000
lead-aware-sampled	hadur	0-200	1.70-2.20	400-500	destroyed	149	290.550	0.000
lead-aware-sampled	hadur	0-200	1.70-2.20	400-500	hit	143	278.850	1387.100
lead-aware-sampled	hadur	0-200	1.70-2.20	400-500	miss	1492	2909.400	0.000
lead-aware-sampled	hadur	0-200	1.70-2.20	500-600	destroyed	115	224.250	0.000
lead-aware-sampled	hadur	0-200	1.70-2.20	500-600	hit	93	181.350	902.100
lead-aware-sampled	hadur	0-200	1.70-2.20	500-600	miss	1297	2529.150	0.000
lead-aware-sampled	hadur	0-200	1.70-2.20	600-1000	destroyed	22	42.900	0.000
lead-aware-sampled	hadur	0-200	1.70-2.20	600-1000	hit	13	25.350	126.100
lead-aware-sampled	hadur	0-200	1.70-2.20	600-1000	miss	224	436.800	0.000
lead-aware-sampled	hadur	0-200	2.20-3.00	300-400	destroyed	24	72.000	0.000
lead-aware-sampled	hadur	0-200	2.20-3.00	300-400	hit	3	9.000	48.000
lead-aware-sampled	hadur	0-200	2.20-3.00	300-400	miss	9	27.000	0.000
lead-aware-sampled	hadur	0-200	2.20-3.00	400-500	destroyed	16	48.000	0.000
lead-aware-sampled	hadur	0-200	2.20-3.00	400-500	hit	10	30.000	160.000
lead-aware-sampled	hadur	0-200	2.20-3.00	400-500	miss	18	54.000	0.000
lead-aware-sampled	hadur	0-200	2.20-3.00	500-600	destroyed	3	9.000	0.000
lead-aware-sampled	hadur	0-200	2.20-3.00	500-600	miss	10	30.000	0.000
lead-aware-sampled	hadur	1000+	0.10-0.20	0-200	destroyed	2	0.200	0.000
lead-aware-sampled	hadur	1000+	0.10-0.20	0-200	hit	13	1.300	5.200
lead-aware-sampled	hadur	1000+	0.10-0.20	0-200	miss	105	10.500	0.000
lead-aware-sampled	hadur	1000+	0.10-0.20	200-300	destroyed	59	5.900	0.000
lead-aware-sampled	hadur	1000+	0.10-0.20	200-300	hit	62	6.200	24.800
lead-aware-sampled	hadur	1000+	0.10-0.20	200-300	miss	327	32.700	0.000
lead-aware-sampled	hadur	1000+	0.10-0.20	300-400	destroyed	454	45.400	0.000
lead-aware-sampled	hadur	1000+	0.10-0.20	300-400	hit	466	46.600	186.400
lead-aware-sampled	hadur	1000+	0.10-0.20	300-400	miss	2564	256.400	0.000
lead-aware-sampled	hadur	1000+	0.10-0.20	400-500	destroyed	3070	307.000	0.000
lead-aware-sampled	hadur	1000+	0.10-0.20	400-500	hit	2553	255.300	1021.200
lead-aware-sampled	hadur	1000+	0.10-0.20	400-500	miss	20270	2027.000	0.000
lead-aware-sampled	hadur	1000+	0.10-0.20	400-500	open	8	0.800	0.000
lead-aware-sampled	hadur	1000+	0.10-0.20	500-600	destroyed	3669	366.900	0.000
lead-aware-sampled	hadur	1000+	0.10-0.20	500-600	hit	2881	288.100	1152.400
lead-aware-sampled	hadur	1000+	0.10-0.20	500-600	miss	27186	2718.710	0.000
lead-aware-sampled	hadur	1000+	0.10-0.20	500-600	open	86	8.600	0.000
lead-aware-sampled	hadur	1000+	0.10-0.20	600-1000	destroyed	257	25.700	0.000
lead-aware-sampled	hadur	1000+	0.10-0.20	600-1000	hit	182	18.200	72.800
lead-aware-sampled	hadur	1000+	0.10-0.20	600-1000	miss	2292	229.200	0.000
lead-aware-sampled	hadur	1000+	0.10-0.20	600-1000	open	12	1.200	0.000
lead-aware-sampled	hadur	1000+	0.20-0.50	400-500	miss	3	1.080	0.000
lead-aware-sampled	hadur	1000+	0.50-1.00	0-200	miss	2	1.100	0.000
lead-aware-sampled	hadur	1000+	0.50-1.00	400-500	miss	4	2.800	0.000
lead-aware-sampled	hadur	1000+	0.50-1.00	500-600	destroyed	1	0.830	0.000
lead-aware-sampled	hadur	1000+	0.50-1.00	500-600	hit	1	0.860	3.440
lead-aware-sampled	hadur	1000+	0.50-1.00	500-600	miss	12	9.590	0.000
lead-aware-sampled	hadur	1000+	1.00-1.70	200-300	miss	1	1.100	0.000
lead-aware-sampled	hadur	1000+	1.00-1.70	300-400	destroyed	1	1.310	0.000
lead-aware-sampled	hadur	1000+	1.00-1.70	300-400	miss	4	6.100	0.000
lead-aware-sampled	hadur	1000+	1.00-1.70	400-500	destroyed	1	1.540	0.000
lead-aware-sampled	hadur	1000+	1.00-1.70	400-500	miss	7	9.860	0.000
lead-aware-sampled	hadur	1000+	1.00-1.70	500-600	destroyed	2	2.640	0.000
lead-aware-sampled	hadur	1000+	1.00-1.70	500-600	miss	7	9.360	0.000
lead-aware-sampled	hadur	1000+	1.00-1.70	600-1000	miss	1	1.230	0.000
lead-aware-sampled	hadur	1000+	1.70-2.20	300-400	destroyed	1	1.950	0.000
lead-aware-sampled	hadur	1000+	1.70-2.20	300-400	miss	6	11.700	0.000
lead-aware-sampled	hadur	1000+	1.70-2.20	400-500	destroyed	8	15.600	0.000
lead-aware-sampled	hadur	1000+	1.70-2.20	400-500	hit	7	13.650	67.900
lead-aware-sampled	hadur	1000+	1.70-2.20	400-500	miss	68	132.770	0.000
lead-aware-sampled	hadur	1000+	1.70-2.20	500-600	destroyed	20	39.000	0.000
lead-aware-sampled	hadur	1000+	1.70-2.20	500-600	hit	8	15.600	77.600
lead-aware-sampled	hadur	1000+	1.70-2.20	500-600	miss	118	230.540	0.000
lead-aware-sampled	hadur	1000+	1.70-2.20	600-1000	destroyed	3	5.850	0.000
lead-aware-sampled	hadur	1000+	1.70-2.20	600-1000	hit	1	1.950	9.700
lead-aware-sampled	hadur	1000+	1.70-2.20	600-1000	miss	16	31.080	0.000
lead-aware-sampled	hadur	1000+	2.20-3.00	400-500	destroyed	1	3.000	0.000
lead-aware-sampled	hadur	1000+	2.20-3.00	400-500	hit	1	3.000	16.000
lead-aware-sampled	hadur	1000+	2.20-3.00	400-500	miss	17	49.010	0.000
lead-aware-sampled	hadur	1000+	2.20-3.00	500-600	destroyed	4	11.820	0.000
lead-aware-sampled	hadur	1000+	2.20-3.00	500-600	hit	1	3.000	16.000
lead-aware-sampled	hadur	1000+	2.20-3.00	500-600	miss	51	147.030	0.000
lead-aware-sampled	hadur	1000+	2.20-3.00	600-1000	destroyed	1	3.000	0.000
lead-aware-sampled	hadur	1000+	2.20-3.00	600-1000	miss	7	20.870	0.000
lead-aware-sampled	hadur	200-400	0.10-0.20	200-300	miss	3	0.300	0.000
lead-aware-sampled	hadur	200-400	0.10-0.20	300-400	destroyed	15	1.500	0.000
lead-aware-sampled	hadur	200-400	0.10-0.20	300-400	hit	18	1.800	7.200
lead-aware-sampled	hadur	200-400	0.10-0.20	300-400	miss	69	6.900	0.000
lead-aware-sampled	hadur	200-400	0.10-0.20	400-500	destroyed	94	9.400	0.000
lead-aware-sampled	hadur	200-400	0.10-0.20	400-500	hit	77	7.700	30.800
lead-aware-sampled	hadur	200-400	0.10-0.20	400-500	miss	662	66.200	0.000
lead-aware-sampled	hadur	200-400	0.10-0.20	500-600	destroyed	127	12.700	0.000
lead-aware-sampled	hadur	200-400	0.10-0.20	500-600	hit	98	9.800	39.200
lead-aware-sampled	hadur	200-400	0.10-0.20	500-600	miss	915	91.500	0.000
lead-aware-sampled	hadur	200-400	0.10-0.20	600-1000	destroyed	12	1.200	0.000
lead-aware-sampled	hadur	200-400	0.10-0.20	600-1000	hit	11	1.100	4.400
lead-aware-sampled	hadur	200-400	0.10-0.20	600-1000	miss	103	10.300	0.000
lead-aware-sampled	hadur	200-400	1.70-2.20	200-300	destroyed	1	1.950	0.000
lead-aware-sampled	hadur	200-400	1.70-2.20	200-300	miss	3	5.850	0.000
lead-aware-sampled	hadur	200-400	1.70-2.20	300-400	destroyed	18	35.100	0.000
lead-aware-sampled	hadur	200-400	1.70-2.20	300-400	hit	7	13.650	67.900
lead-aware-sampled	hadur	200-400	1.70-2.20	300-400	miss	104	202.800	0.000
lead-aware-sampled	hadur	200-400	1.70-2.20	400-500	destroyed	117	228.150	0.000
lead-aware-sampled	hadur	200-400	1.70-2.20	400-500	hit	91	177.450	882.700
lead-aware-sampled	hadur	200-400	1.70-2.20	400-500	miss	895	1745.250	0.000
lead-aware-sampled	hadur	200-400	1.70-2.20	500-600	destroyed	145	282.750	0.000
lead-aware-sampled	hadur	200-400	1.70-2.20	500-600	hit	96	187.200	931.200
lead-aware-sampled	hadur	200-400	1.70-2.20	500-600	miss	1396	2722.200	0.000
lead-aware-sampled	hadur	200-400	1.70-2.20	600-1000	destroyed	19	37.050	0.000
lead-aware-sampled	hadur	200-400	1.70-2.20	600-1000	hit	23	44.850	223.100
lead-aware-sampled	hadur	200-400	1.70-2.20	600-1000	miss	240	468.000	0.000
lead-aware-sampled	hadur	200-400	2.20-3.00	400-500	miss	1	3.000	0.000
lead-aware-sampled	hadur	200-400	2.20-3.00	500-600	hit	1	3.000	16.000
lead-aware-sampled	hadur	200-400	2.20-3.00	500-600	miss	8	24.000	0.000
lead-aware-sampled	hadur	200-400	2.20-3.00	600-1000	miss	2	6.000	0.000
lead-aware-sampled	hadur	400-600	0.10-0.20	0-200	destroyed	1	0.100	0.000
lead-aware-sampled	hadur	400-600	0.10-0.20	0-200	miss	1	0.100	0.000
lead-aware-sampled	hadur	400-600	0.10-0.20	200-300	destroyed	2	0.200	0.000
lead-aware-sampled	hadur	400-600	0.10-0.20	200-300	hit	4	0.400	1.600
lead-aware-sampled	hadur	400-600	0.10-0.20	200-300	miss	17	1.700	0.000
lead-aware-sampled	hadur	400-600	0.10-0.20	300-400	destroyed	33	3.300	0.000
lead-aware-sampled	hadur	400-600	0.10-0.20	300-400	hit	28	2.800	11.200
lead-aware-sampled	hadur	400-600	0.10-0.20	300-400	miss	161	16.100	0.000
lead-aware-sampled	hadur	400-600	0.10-0.20	400-500	destroyed	216	21.600	0.000
lead-aware-sampled	hadur	400-600	0.10-0.20	400-500	hit	170	17.000	68.000
lead-aware-sampled	hadur	400-600	0.10-0.20	400-500	miss	1272	127.200	0.000
lead-aware-sampled	hadur	400-600	0.10-0.20	500-600	destroyed	250	25.000	0.000
lead-aware-sampled	hadur	400-600	0.10-0.20	500-600	hit	209	20.900	83.600
lead-aware-sampled	hadur	400-600	0.10-0.20	500-600	miss	1842	184.200	0.000
lead-aware-sampled	hadur	400-600	0.10-0.20	600-1000	destroyed	27	2.700	0.000
lead-aware-sampled	hadur	400-600	0.10-0.20	600-1000	hit	23	2.300	9.200
lead-aware-sampled	hadur	400-600	0.10-0.20	600-1000	miss	184	18.400	0.000
lead-aware-sampled	hadur	400-600	1.70-2.20	300-400	destroyed	5	9.750	0.000
lead-aware-sampled	hadur	400-600	1.70-2.20	300-400	hit	5	9.750	48.500
lead-aware-sampled	hadur	400-600	1.70-2.20	300-400	miss	32	62.400	0.000
lead-aware-sampled	hadur	400-600	1.70-2.20	400-500	destroyed	55	107.250	0.000
lead-aware-sampled	hadur	400-600	1.70-2.20	400-500	hit	25	48.750	242.500
lead-aware-sampled	hadur	400-600	1.70-2.20	400-500	miss	366	713.700	0.000
lead-aware-sampled	hadur	400-600	1.70-2.20	500-600	destroyed	74	144.300	0.000
lead-aware-sampled	hadur	400-600	1.70-2.20	500-600	hit	56	109.200	543.200
lead-aware-sampled	hadur	400-600	1.70-2.20	500-600	miss	556	1084.200	0.000
lead-aware-sampled	hadur	400-600	1.70-2.20	600-1000	destroyed	7	13.650	0.000
lead-aware-sampled	hadur	400-600	1.70-2.20	600-1000	hit	6	11.700	58.200
lead-aware-sampled	hadur	400-600	1.70-2.20	600-1000	miss	122	237.900	0.000
lead-aware-sampled	hadur	400-600	2.20-3.00	300-400	miss	1	3.000	0.000
lead-aware-sampled	hadur	400-600	2.20-3.00	400-500	destroyed	1	3.000	0.000
lead-aware-sampled	hadur	400-600	2.20-3.00	400-500	miss	6	18.000	0.000
lead-aware-sampled	hadur	400-600	2.20-3.00	500-600	destroyed	4	12.000	0.000
lead-aware-sampled	hadur	400-600	2.20-3.00	500-600	hit	1	3.000	16.000
lead-aware-sampled	hadur	400-600	2.20-3.00	500-600	miss	14	42.000	0.000
lead-aware-sampled	hadur	400-600	2.20-3.00	600-1000	miss	1	3.000	0.000
lead-aware-sampled	hadur	600-800	0.10-0.20	0-200	hit	1	0.100	0.400
lead-aware-sampled	hadur	600-800	0.10-0.20	200-300	destroyed	4	0.400	0.000
lead-aware-sampled	hadur	600-800	0.10-0.20	200-300	hit	6	0.600	2.400
lead-aware-sampled	hadur	600-800	0.10-0.20	200-300	miss	20	2.000	0.000
lead-aware-sampled	hadur	600-800	0.10-0.20	300-400	destroyed	45	4.500	0.000
lead-aware-sampled	hadur	600-800	0.10-0.20	300-400	hit	44	4.400	17.600
lead-aware-sampled	hadur	600-800	0.10-0.20	300-400	miss	215	21.500	0.000
lead-aware-sampled	hadur	600-800	0.10-0.20	400-500	destroyed	287	28.700	0.000
lead-aware-sampled	hadur	600-800	0.10-0.20	400-500	hit	179	17.900	71.600
lead-aware-sampled	hadur	600-800	0.10-0.20	400-500	miss	1729	172.900	0.000
lead-aware-sampled	hadur	600-800	0.10-0.20	500-600	destroyed	355	35.500	0.000
lead-aware-sampled	hadur	600-800	0.10-0.20	500-600	hit	249	24.900	99.600
lead-aware-sampled	hadur	600-800	0.10-0.20	500-600	miss	2382	238.200	0.000
lead-aware-sampled	hadur	600-800	0.10-0.20	600-1000	destroyed	27	2.700	0.000
lead-aware-sampled	hadur	600-800	0.10-0.20	600-1000	hit	26	2.600	10.400
lead-aware-sampled	hadur	600-800	0.10-0.20	600-1000	miss	177	17.700	0.000
lead-aware-sampled	hadur	600-800	1.70-2.20	200-300	destroyed	1	1.950	0.000
lead-aware-sampled	hadur	600-800	1.70-2.20	300-400	hit	1	1.950	9.700
lead-aware-sampled	hadur	600-800	1.70-2.20	300-400	miss	8	15.600	0.000
lead-aware-sampled	hadur	600-800	1.70-2.20	400-500	destroyed	8	15.600	0.000
lead-aware-sampled	hadur	600-800	1.70-2.20	400-500	hit	7	13.650	67.900
lead-aware-sampled	hadur	600-800	1.70-2.20	400-500	miss	63	122.850	0.000
lead-aware-sampled	hadur	600-800	1.70-2.20	500-600	destroyed	11	21.450	0.000
lead-aware-sampled	hadur	600-800	1.70-2.20	500-600	hit	12	23.400	116.400
lead-aware-sampled	hadur	600-800	1.70-2.20	500-600	miss	114	222.300	0.000
lead-aware-sampled	hadur	600-800	1.70-2.20	600-1000	hit	1	1.950	9.700
lead-aware-sampled	hadur	600-800	1.70-2.20	600-1000	miss	10	19.500	0.000
lead-aware-sampled	hadur	600-800	2.20-3.00	300-400	miss	2	6.000	0.000
lead-aware-sampled	hadur	600-800	2.20-3.00	400-500	hit	1	3.000	16.000
lead-aware-sampled	hadur	600-800	2.20-3.00	400-500	miss	2	6.000	0.000
lead-aware-sampled	hadur	600-800	2.20-3.00	500-600	miss	9	27.000	0.000
lead-aware-sampled	hadur	600-800	2.20-3.00	600-1000	miss	1	3.000	0.000
lead-aware-sampled	hadur	800-1000	0.10-0.20	0-200	miss	1	0.100	0.000
lead-aware-sampled	hadur	800-1000	0.10-0.20	200-300	destroyed	3	0.300	0.000
lead-aware-sampled	hadur	800-1000	0.10-0.20	200-300	miss	23	2.300	0.000
lead-aware-sampled	hadur	800-1000	0.10-0.20	300-400	destroyed	42	4.200	0.000
lead-aware-sampled	hadur	800-1000	0.10-0.20	300-400	hit	40	4.000	16.000
lead-aware-sampled	hadur	800-1000	0.10-0.20	300-400	miss	216	21.600	0.000
lead-aware-sampled	hadur	800-1000	0.10-0.20	400-500	destroyed	297	29.700	0.000
lead-aware-sampled	hadur	800-1000	0.10-0.20	400-500	hit	221	22.100	88.400
lead-aware-sampled	hadur	800-1000	0.10-0.20	400-500	miss	1749	174.900	0.000
lead-aware-sampled	hadur	800-1000	0.10-0.20	500-600	destroyed	332	33.200	0.000
lead-aware-sampled	hadur	800-1000	0.10-0.20	500-600	hit	269	26.900	107.600
lead-aware-sampled	hadur	800-1000	0.10-0.20	500-600	miss	2404	240.400	0.000
lead-aware-sampled	hadur	800-1000	0.10-0.20	500-600	open	1	0.100	0.000
lead-aware-sampled	hadur	800-1000	0.10-0.20	600-1000	destroyed	18	1.800	0.000
lead-aware-sampled	hadur	800-1000	0.10-0.20	600-1000	hit	24	2.400	9.600
lead-aware-sampled	hadur	800-1000	0.10-0.20	600-1000	miss	219	21.900	0.000
lead-aware-sampled	hadur	800-1000	1.70-2.20	400-500	destroyed	3	5.850	0.000
lead-aware-sampled	hadur	800-1000	1.70-2.20	400-500	hit	3	5.630	27.780
lead-aware-sampled	hadur	800-1000	1.70-2.20	400-500	miss	15	29.010	0.000
lead-aware-sampled	hadur	800-1000	1.70-2.20	500-600	destroyed	6	11.700	0.000
lead-aware-sampled	hadur	800-1000	1.70-2.20	500-600	miss	24	46.800	0.000
lead-aware-sampled	hadur	800-1000	1.70-2.20	600-1000	miss	3	5.850	0.000
lead-aware-sampled	hadur	800-1000	2.20-3.00	400-500	miss	3	9.000	0.000
lead-aware-sampled	hadur	800-1000	2.20-3.00	500-600	destroyed	1	3.000	0.000
lead-aware-sampled	hadur	800-1000	2.20-3.00	500-600	miss	2	6.000	0.000
random-gun	drussgt	0-200	0.50-1.00	300-400	destroyed	1	0.910	0.000
random-gun	drussgt	0-200	0.50-1.00	300-400	miss	1	0.870	0.000
random-gun	drussgt	0-200	0.50-1.00	400-500	destroyed	4	3.300	0.000
random-gun	drussgt	0-200	0.50-1.00	400-500	miss	6	4.480	0.000
random-gun	drussgt	0-200	0.50-1.00	500-600	destroyed	2	1.340	0.000
random-gun	drussgt	0-200	0.50-1.00	500-600	hit	2	1.900	7.600
random-gun	drussgt	0-200	0.50-1.00	500-600	miss	5	4.750	0.000
random-gun	drussgt	0-200	0.50-1.00	600-1000	destroyed	1	0.950	0.000
random-gun	drussgt	0-200	1.00-1.70	200-300	miss	1	1.280	0.000
random-gun	drussgt	0-200	1.00-1.70	300-400	destroyed	7	9.710	0.000
random-gun	drussgt	0-200	1.00-1.70	300-400	miss	12	15.870	0.000
random-gun	drussgt	0-200	1.00-1.70	400-500	destroyed	5	6.060	0.000
random-gun	drussgt	0-200	1.00-1.70	400-500	hit	3	3.450	14.700
random-gun	drussgt	0-200	1.00-1.70	400-500	miss	28	33.790	0.000
random-gun	drussgt	0-200	1.00-1.70	500-600	destroyed	4	4.680	0.000
random-gun	drussgt	0-200	1.00-1.70	500-600	hit	4	4.600	19.600
random-gun	drussgt	0-200	1.00-1.70	500-600	miss	21	24.420	0.000
random-gun	drussgt	0-200	1.70-2.20	0-200	miss	1	1.950	0.000
random-gun	drussgt	0-200	1.70-2.20	200-300	destroyed	2	3.900	0.000
random-gun	drussgt	0-200	1.70-2.20	200-300	hit	1	1.950	9.700
random-gun	drussgt	0-200	1.70-2.20	200-300	miss	15	29.250	0.000
random-gun	drussgt	0-200	1.70-2.20	300-400	destroyed	21	40.950	0.000
random-gun	drussgt	0-200	1.70-2.20	300-400	hit	18	35.100	174.600
random-gun	drussgt	0-200	1.70-2.20	300-400	miss	189	368.330	0.000
random-gun	drussgt	0-200	1.70-2.20	400-500	destroyed	73	142.350	0.000
random-gun	drussgt	0-200	1.70-2.20	400-500	hit	83	161.850	805.100
random-gun	drussgt	0-200	1.70-2.20	400-500	miss	753	1468.130	0.000
random-gun	drussgt	0-200	1.70-2.20	500-600	destroyed	62	120.900	0.000
random-gun	drussgt	0-200	1.70-2.20	500-600	hit	64	124.800	620.800
random-gun	drussgt	0-200	1.70-2.20	500-600	miss	639	1246.050	0.000
random-gun	drussgt	0-200	1.70-2.20	600-1000	destroyed	4	7.800	0.000
random-gun	drussgt	0-200	1.70-2.20	600-1000	hit	6	11.700	58.200
random-gun	drussgt	0-200	1.70-2.20	600-1000	miss	85	165.750	0.000
random-gun	drussgt	1000+	0.10-0.20	0-200	hit	2	0.300	1.200
random-gun	drussgt	1000+	0.10-0.20	0-200	miss	2	0.300	0.000
random-gun	drussgt	1000+	0.10-0.20	200-300	destroyed	7	1.050	0.000
random-gun	drussgt	1000+	0.10-0.20	200-300	hit	27	4.050	16.200
random-gun	drussgt	1000+	0.10-0.20	200-300	miss	74	11.100	0.000
random-gun	drussgt	1000+	0.10-0.20	300-400	destroyed	120	18.000	0.000
random-gun	drussgt	1000+	0.10-0.20	300-400	hit	201	30.150	120.600
random-gun	drussgt	1000+	0.10-0.20	300-400	miss	1023	153.450	0.000
random-gun	drussgt	1000+	0.10-0.20	400-500	destroyed	1106	165.900	0.000
random-gun	drussgt	1000+	0.10-0.20	400-500	hit	1121	168.150	672.600
random-gun	drussgt	1000+	0.10-0.20	400-500	miss	8146	1221.900	0.000
random-gun	drussgt	1000+	0.10-0.20	500-600	destroyed	1451	217.650	0.000
random-gun	drussgt	1000+	0.10-0.20	500-600	hit	1476	221.400	885.600
random-gun	drussgt	1000+	0.10-0.20	500-600	miss	11723	1758.450	0.000
random-gun	drussgt	1000+	0.10-0.20	600-1000	destroyed	123	18.450	0.000
random-gun	drussgt	1000+	0.10-0.20	600-1000	hit	139	20.850	83.400
random-gun	drussgt	1000+	0.10-0.20	600-1000	miss	1227	184.050	0.000
random-gun	drussgt	1000+	0.20-0.50	300-400	destroyed	1	0.250	0.000
random-gun	drussgt	1000+	0.20-0.50	400-500	miss	1	0.250	0.000
random-gun	drussgt	1000+	0.20-0.50	500-600	miss	9	2.450	0.000
random-gun	drussgt	1000+	0.50-1.00	200-300	destroyed	1	0.950	0.000
random-gun	drussgt	1000+	1.70-2.20	200-300	destroyed	2	3.900	0.000
random-gun	drussgt	1000+	1.70-2.20	200-300	miss	1	1.950	0.000
random-gun	drussgt	200-400	0.10-0.20	300-400	miss	1	0.150	0.000
random-gun	drussgt	200-400	0.10-0.20	400-500	destroyed	2	0.300	0.000
random-gun	drussgt	200-400	0.10-0.20	400-500	hit	1	0.150	0.600
random-gun	drussgt	200-400	0.10-0.20	400-500	miss	6	0.900	0.000
random-gun	drussgt	200-400	0.10-0.20	500-600	destroyed	2	0.300	0.000
random-gun	drussgt	200-400	0.10-0.20	500-600	hit	1	0.150	0.600
random-gun	drussgt	200-400	0.10-0.20	500-600	miss	12	1.800	0.000
random-gun	drussgt	200-400	0.10-0.20	600-1000	hit	1	0.150	0.600
random-gun	drussgt	200-400	0.10-0.20	600-1000	miss	3	0.450	0.000
random-gun	drussgt	200-400	0.20-0.50	200-300	miss	1	0.250	0.000
random-gun	drussgt	200-400	0.20-0.50	300-400	destroyed	3	1.350	0.000
random-gun	drussgt	200-400	0.20-0.50	300-400	hit	4	1.800	7.200
random-gun	drussgt	200-400	0.20-0.50	300-400	miss	16	5.900	0.000
random-gun	drussgt	200-400	0.20-0.50	400-500	destroyed	14	4.800	0.000
random-gun	drussgt	200-400	0.20-0.50	400-500	hit	13	4.850	19.400
random-gun	drussgt	200-400	0.20-0.50	400-500	miss	89	34.950	0.000
random-gun	drussgt	200-400	0.20-0.50	500-600	destroyed	12	4.600	0.000
random-gun	drussgt	200-400	0.20-0.50	500-600	hit	22	8.500	34.000
random-gun	drussgt	200-400	0.20-0.50	500-600	miss	165	60.450	0.000
random-gun	drussgt	200-400	0.20-0.50	600-1000	destroyed	1	0.450	0.000
random-gun	drussgt	200-400	0.20-0.50	600-1000	hit	2	0.800	3.200
random-gun	drussgt	200-400	0.20-0.50	600-1000	miss	7	2.850	0.000
random-gun	drussgt	200-400	0.50-1.00	200-300	miss	7	6.050	0.000
random-gun	drussgt	200-400	0.50-1.00	300-400	destroyed	5	3.850	0.000
random-gun	drussgt	200-400	0.50-1.00	300-400	hit	11	9.050	36.200
random-gun	drussgt	200-400	0.50-1.00	300-400	miss	44	35.100	0.000
random-gun	drussgt	200-400	0.50-1.00	400-500	destroyed	30	24.500	0.000
random-gun	drussgt	200-400	0.50-1.00	400-500	hit	33	26.650	106.600
random-gun	drussgt	200-400	0.50-1.00	400-500	miss	276	223.900	0.000
random-gun	drussgt	200-400	0.50-1.00	500-600	destroyed	58	45.500	0.000
random-gun	drussgt	200-400	0.50-1.00	500-600	hit	50	39.600	158.400
random-gun	drussgt	200-400	0.50-1.00	500-600	miss	536	424.000	0.000
random-gun	drussgt	200-400	0.50-1.00	600-1000	destroyed	7	6.450	0.000
random-gun	drussgt	200-400	0.50-1.00	600-1000	hit	9	6.850	27.400
random-gun	drussgt	200-400	0.50-1.00	600-1000	miss	71	55.150	0.000
random-gun	drussgt	200-400	1.00-1.70	200-300	miss	2	2.300	0.000
random-gun	drussgt	200-400	1.00-1.70	300-400	hit	3	3.450	14.700
random-gun	drussgt	200-400	1.00-1.70	300-400	miss	15	17.250	0.000
random-gun	drussgt	200-400	1.00-1.70	400-500	destroyed	13	14.950	0.000
random-gun	drussgt	200-400	1.00-1.70	400-500	hit	20	23.000	98.000
random-gun	drussgt	200-400	1.00-1.70	400-500	miss	179	205.850	0.000
random-gun	drussgt	200-400	1.00-1.70	500-600	destroyed	27	31.050	0.000
random-gun	drussgt	200-400	1.00-1.70	500-600	hit	27	31.050	132.300
random-gun	drussgt	200-400	1.00-1.70	500-600	miss	277	318.550	0.000
random-gun	drussgt	200-400	1.00-1.70	600-1000	destroyed	9	10.350	0.000
random-gun	drussgt	200-400	1.00-1.70	600-1000	hit	1	1.150	4.900
random-gun	drussgt	200-400	1.00-1.70	600-1000	miss	61	70.150	0.000
random-gun	drussgt	200-400	1.70-2.20	200-300	destroyed	1	1.950	0.000
random-gun	drussgt	200-400	1.70-2.20	300-400	destroyed	3	5.850	0.000
random-gun	drussgt	200-400	1.70-2.20	300-400	hit	2	3.900	19.400
random-gun	drussgt	200-400	1.70-2.20	300-400	miss	22	42.900	0.000
random-gun	drussgt	200-400	1.70-2.20	400-500	destroyed	22	42.900	0.000
random-gun	drussgt	200-400	1.70-2.20	400-500	hit	16	31.200	155.200
random-gun	drussgt	200-400	1.70-2.20	400-500	miss	153	298.350	0.000
random-gun	drussgt	200-400	1.70-2.20	500-600	destroyed	25	48.750	0.000
random-gun	drussgt	200-400	1.70-2.20	500-600	hit	19	37.050	184.300
random-gun	drussgt	200-400	1.70-2.20	500-600	miss	325	633.750	0.000
random-gun	drussgt	200-400	1.70-2.20	600-1000	destroyed	5	9.750	0.000
random-gun	drussgt	200-400	1.70-2.20	600-1000	hit	6	11.700	58.200
random-gun	drussgt	200-400	1.70-2.20	600-1000	miss	40	78.000	0.000
random-gun	drussgt	400-600	0.10-0.20	200-300	destroyed	1	0.150	0.000
random-gun	drussgt	400-600	0.10-0.20	200-300	hit	1	0.150	0.600
random-gun	drussgt	400-600	0.10-0.20	200-300	miss	6	0.900	0.000
random-gun	drussgt	400-600	0.10-0.20	300-400	destroyed	8	1.200	0.000
random-gun	drussgt	400-600	0.10-0.20	300-400	hit	5	0.750	3.000
random-gun	drussgt	400-600	0.10-0.20	300-400	miss	36	5.400	0.000
random-gun	drussgt	400-600	0.10-0.20	400-500	destroyed	27	4.050	0.000
random-gun	drussgt	400-600	0.10-0.20	400-500	hit	27	4.050	16.200
random-gun	drussgt	400-600	0.10-0.20	400-500	miss	228	34.200	0.000
random-gun	drussgt	400-600	0.10-0.20	500-600	destroyed	31	4.650	0.000
random-gun	drussgt	400-600	0.10-0.20	500-600	hit	23	3.450	13.800
random-gun	drussgt	400-600	0.10-0.20	500-600	miss	272	40.800	0.000
random-gun	drussgt	400-600	0.10-0.20	600-1000	destroyed	4	0.600	0.000
random-gun	drussgt	400-600	0.10-0.20	600-1000	hit	2	0.300	1.200
random-gun	drussgt	400-600	0.10-0.20	600-1000	miss	37	5.550	0.000
random-gun	drussgt	400-600	0.20-0.50	200-300	miss	3	0.750	0.000
random-gun	drussgt	400-600	0.20-0.50	300-400	destroyed	7	2.850	0.000
random-gun	drussgt	400-600	0.20-0.50	300-400	hit	18	6.900	27.600
random-gun	drussgt	400-600	0.20-0.50	300-400	miss	55	19.650	0.000
random-gun	drussgt	400-600	0.20-0.50	400-500	destroyed	49	15.750	0.000
random-gun	drussgt	400-600	0.20-0.50	400-500	hit	96	34.600	138.400
random-gun	drussgt	400-600	0.20-0.50	400-500	miss	520	188.600	0.000
random-gun	drussgt	400-600	0.20-0.50	500-600	destroyed	116	40.100	0.000
random-gun	drussgt	400-600	0.20-0.50	500-600	hit	114	38.600	154.400
random-gun	drussgt	400-600	0.20-0.50	500-600	miss	885	305.450	0.000
random-gun	drussgt	400-600	0.20-0.50	600-1000	destroyed	8	2.800	0.000
random-gun	drussgt	400-600	0.20-0.50	600-1000	hit	9	3.550	14.200
random-gun	drussgt	400-600	0.20-0.50	600-1000	miss	109	40.350	0.000
random-gun	drussgt	400-600	0.50-1.00	200-300	hit	1	0.650	2.600
random-gun	drussgt	400-600	0.50-1.00	200-300	miss	3	1.950	0.000
random-gun	drussgt	400-600	0.50-1.00	300-400	hit	6	3.900	15.600
random-gun	drussgt	400-600	0.50-1.00	300-400	miss	15	10.650	0.000
random-gun	drussgt	400-600	0.50-1.00	400-500	destroyed	9	7.050	0.000
random-gun	drussgt	400-600	0.50-1.00	400-500	hit	15	10.550	42.200
random-gun	drussgt	400-600	0.50-1.00	400-500	miss	88	60.000	0.000
random-gun	drussgt	400-600	0.50-1.00	500-600	destroyed	25	16.450	0.000
random-gun	drussgt	400-600	0.50-1.00	500-600	hit	20	14.100	56.400
random-gun	drussgt	400-600	0.50-1.00	500-600	miss	190	133.400	0.000
random-gun	drussgt	400-600	0.50-1.00	600-1000	destroyed	7	4.850	0.000
random-gun	drussgt	400-600	0.50-1.00	600-1000	hit	1	0.650	2.600
random-gun	drussgt	400-600	0.50-1.00	600-1000	miss	22	15.900	0.000
random-gun	drussgt	400-600	1.00-1.70	400-500	miss	2	2.300	0.000
random-gun	drussgt	400-600	1.00-1.70	500-600	miss	2	2.300	0.000
random-gun	drussgt	400-600	1.00-1.70	600-1000	miss	4	4.600	0.000
random-gun	drussgt	400-600	1.70-2.20	500-600	miss	1	1.950	0.000
random-gun	drussgt	400-600	1.70-2.20	600-1000	miss	1	1.950	0.000
random-gun	drussgt	600-800	0.10-0.20	200-300	hit	3	0.450	1.800
random-gun	drussgt	600-800	0.10-0.20	200-300	miss	4	0.600	0.000
random-gun	drussgt	600-800	0.10-0.20	300-400	destroyed	10	1.500	0.000
random-gun	drussgt	600-800	0.10-0.20	300-400	hit	26	3.900	15.600
random-gun	drussgt	600-800	0.10-0.20	300-400	miss	68	10.200	0.000
random-gun	drussgt	600-800	0.10-0.20	400-500	destroyed	91	13.650	0.000
random-gun	drussgt	600-800	0.10-0.20	400-500	hit	103	15.450	61.800
random-gun	drussgt	600-800	0.10-0.20	400-500	miss	662	99.300	0.000
random-gun	drussgt	600-800	0.10-0.20	500-600	destroyed	133	19.950	0.000
random-gun	drussgt	600-800	0.10-0.20	500-600	hit	143	21.450	85.800
random-gun	drussgt	600-800	0.10-0.20	500-600	miss	1022	153.300	0.000
random-gun	drussgt	600-800	0.10-0.20	600-1000	destroyed	10	1.500	0.000
random-gun	drussgt	600-800	0.10-0.20	600-1000	hit	10	1.500	6.000
random-gun	drussgt	600-800	0.10-0.20	600-1000	miss	112	16.800	0.000
random-gun	drussgt	600-800	0.20-0.50	200-300	hit	1	0.350	1.400
random-gun	drussgt	600-800	0.20-0.50	300-400	destroyed	4	1.000	0.000
random-gun	drussgt	600-800	0.20-0.50	300-400	hit	2	0.600	2.400
random-gun	drussgt	600-800	0.20-0.50	300-400	miss	15	3.850	0.000
random-gun	drussgt	600-800	0.20-0.50	400-500	destroyed	21	5.850	0.000
random-gun	drussgt	600-800	0.20-0.50	400-500	hit	22	6.300	25.200
random-gun	drussgt	600-800	0.20-0.50	400-500	miss	194	52.700	0.000
random-gun	drussgt	600-800	0.20-0.50	500-600	destroyed	39	10.950	0.000
random-gun	drussgt	600-800	0.20-0.50	500-600	hit	34	9.400	37.600
random-gun	drussgt	600-800	0.20-0.50	500-600	miss	331	90.250	0.000
random-gun	drussgt	600-800	0.20-0.50	600-1000	destroyed	3	0.850	0.000
random-gun	drussgt	600-800	0.20-0.50	600-1000	hit	1	0.350	1.400
random-gun	drussgt	600-800	0.20-0.50	600-1000	miss	24	6.800	0.000
random-gun	drussgt	600-800	0.50-1.00	300-400	hit	1	0.650	2.600
random-gun	drussgt	600-800	0.50-1.00	300-400	miss	3	2.450	0.000
random-gun	drussgt	600-800	0.50-1.00	400-500	destroyed	2	1.500	0.000
random-gun	drussgt	600-800	0.50-1.00	400-500	hit	3	1.950	7.800
random-gun	drussgt	600-800	0.50-1.00	400-500	miss	9	5.850	0.000
random-gun	drussgt	600-800	0.50-1.00	500-600	destroyed	2	1.500	0.000
random-gun	drussgt	600-800	0.50-1.00	500-600	hit	1	0.650	2.600
random-gun	drussgt	600-800	0.50-1.00	500-600	miss	16	11.800	0.000
random-gun	drussgt	600-800	1.70-2.20	200-300	miss	1	1.950	0.000
random-gun	drussgt	800-1000	0.10-0.20	200-300	destroyed	1	0.150	0.000
random-gun	drussgt	800-1000	0.10-0.20	200-300	hit	3	0.450	1.800
random-gun	drussgt	800-1000	0.10-0.20	200-300	miss	5	0.750	0.000
random-gun	drussgt	800-1000	0.10-0.20	300-400	destroyed	12	1.800	0.000
random-gun	drussgt	800-1000	0.10-0.20	300-400	hit	17	2.550	10.200
random-gun	drussgt	800-1000	0.10-0.20	300-400	miss	83	12.450	0.000
random-gun	drussgt	800-1000	0.10-0.20	400-500	destroyed	134	20.100	0.000
random-gun	drussgt	800-1000	0.10-0.20	400-500	hit	127	19.050	76.200
random-gun	drussgt	800-1000	0.10-0.20	400-500	miss	793	118.950	0.000
random-gun	drussgt	800-1000	0.10-0.20	500-600	destroyed	170	25.500	0.000
random-gun	drussgt	800-1000	0.10-0.20	500-600	hit	170	25.500	102.000
random-gun	drussgt	800-1000	0.10-0.20	500-600	miss	1302	195.300	0.000
random-gun	drussgt	800-1000	0.10-0.20	600-1000	destroyed	13	1.950	0.000
random-gun	drussgt	800-1000	0.10-0.20	600-1000	hit	18	2.700	10.800
random-gun	drussgt	800-1000	0.10-0.20	600-1000	miss	99	14.850	0.000
random-gun	drussgt	800-1000	0.20-0.50	300-400	destroyed	1	0.350	0.000
random-gun	drussgt	800-1000	0.20-0.50	300-400	miss	7	2.250	0.000
random-gun	drussgt	800-1000	0.20-0.50	400-500	destroyed	2	0.700	0.000
random-gun	drussgt	800-1000	0.20-0.50	400-500	hit	7	1.950	7.800
random-gun	drussgt	800-1000	0.20-0.50	400-500	miss	27	7.950	0.000
random-gun	drussgt	800-1000	0.20-0.50	500-600	destroyed	6	1.800	0.000
random-gun	drussgt	800-1000	0.20-0.50	500-600	hit	3	0.950	3.800
random-gun	drussgt	800-1000	0.20-0.50	500-600	miss	24	7.000	0.000
random-gun	drussgt	800-1000	0.20-0.50	600-1000	hit	1	0.250	1.000
random-gun	drussgt	800-1000	0.20-0.50	600-1000	miss	6	2.100	0.000
random-gun	drussgt	800-1000	0.50-1.00	500-600	miss	4	2.600	0.000
random-gun	hadur	0-200	0.50-1.00	400-500	miss	3	2.380	0.000
random-gun	hadur	0-200	1.00-1.70	300-400	hit	1	1.610	7.660
random-gun	hadur	0-200	1.00-1.70	400-500	destroyed	2	3.130	0.000
random-gun	hadur	0-200	1.00-1.70	400-500	hit	1	1.500	7.000
random-gun	hadur	0-200	1.00-1.70	400-500	miss	15	20.980	0.000
random-gun	hadur	0-200	1.00-1.70	500-600	destroyed	1	1.500	0.000
random-gun	hadur	0-200	1.00-1.70	500-600	hit	1	1.280	5.680
random-gun	hadur	0-200	1.00-1.70	500-600	miss	16	24.000	0.000
random-gun	hadur	0-200	1.00-1.70	600-1000	destroyed	1	1.500	0.000
random-gun	hadur	0-200	1.00-1.70	600-1000	miss	3	4.760	0.000
random-gun	hadur	0-200	1.70-2.20	0-200	miss	1	1.950	0.000
random-gun	hadur	0-200	1.70-2.20	200-300	destroyed	1	1.950	0.000
random-gun	hadur	0-200	1.70-2.20	200-300	hit	2	3.900	19.400
random-gun	hadur	0-200	1.70-2.20	200-300	miss	19	37.050	0.000
random-gun	hadur	0-200	1.70-2.20	300-400	destroyed	28	54.600	0.000
random-gun	hadur	0-200	1.70-2.20	300-400	hit	25	48.750	242.500
random-gun	hadur	0-200	1.70-2.20	300-400	miss	203	395.850	0.000
random-gun	hadur	0-200	1.70-2.20	400-500	destroyed	91	177.280	0.000
random-gun	hadur	0-200	1.70-2.20	400-500	hit	70	136.500	679.000
random-gun	hadur	0-200	1.70-2.20	400-500	miss	818	1593.910	0.000
random-gun	hadur	0-200	1.70-2.20	500-600	destroyed	61	118.780	0.000
random-gun	hadur	0-200	1.70-2.20	500-600	hit	61	118.780	590.680
random-gun	hadur	0-200	1.70-2.20	500-600	miss	691	1346.940	0.000
random-gun	hadur	0-200	1.70-2.20	600-1000	destroyed	4	7.630	0.000
random-gun	hadur	0-200	1.70-2.20	600-1000	hit	5	9.750	48.500
random-gun	hadur	0-200	1.70-2.20	600-1000	miss	89	173.380	0.000
random-gun	hadur	1000+	0.10-0.20	0-200	miss	7	0.700	0.000
random-gun	hadur	1000+	0.10-0.20	200-300	destroyed	2	0.200	0.000
random-gun	hadur	1000+	0.10-0.20	200-300	miss	4	0.400	0.000
random-gun	hadur	1000+	0.10-0.20	300-400	destroyed	131	13.240	0.000
random-gun	hadur	1000+	0.10-0.20	300-400	hit	140	14.140	56.560
random-gun	hadur	1000+	0.10-0.20	300-400	miss	990	100.110	0.000
random-gun	hadur	1000+	0.10-0.20	400-500	destroyed	1083	110.530	0.000
random-gun	hadur	1000+	0.10-0.20	400-500	hit	927	94.900	379.600
random-gun	hadur	1000+	0.10-0.20	400-500	miss	8217	840.450	0.000
random-gun	hadur	1000+	0.10-0.20	400-500	open	4	0.400	0.000
random-gun	hadur	1000+	0.10-0.20	500-600	destroyed	1442	148.370	0.000
random-gun	hadur	1000+	0.10-0.20	500-600	hit	1252	128.380	513.520
random-gun	hadur	1000+	0.10-0.20	500-600	miss	12153	1244.720	0.000
random-gun	hadur	1000+	0.10-0.20	500-600	open	9	0.910	0.000
random-gun	hadur	1000+	0.10-0.20	600-1000	destroyed	124	12.610	0.000
random-gun	hadur	1000+	0.10-0.20	600-1000	hit	96	9.820	39.280
random-gun	hadur	1000+	0.10-0.20	600-1000	miss	1278	130.800	0.000
random-gun	hadur	1000+	0.20-0.50	200-300	hit	2	0.800	3.200
random-gun	hadur	1000+	0.20-0.50	300-400	miss	6	1.910	0.000
random-gun	hadur	1000+	0.20-0.50	400-500	destroyed	13	3.030	0.000
random-gun	hadur	1000+	0.20-0.50	400-500	hit	4	0.970	3.880
random-gun	hadur	1000+	0.20-0.50	400-500	miss	40	9.800	0.000
random-gun	hadur	1000+	0.20-0.50	500-600	destroyed	9	2.000	0.000
random-gun	hadur	1000+	0.20-0.50	500-600	hit	2	0.480	1.920
random-gun	hadur	1000+	0.20-0.50	500-600	miss	37	8.910	0.000
random-gun	hadur	1000+	0.50-1.00	200-300	hit	1	0.630	2.520
random-gun	hadur	1000+	0.50-1.00	200-300	miss	3	1.870	0.000
random-gun	hadur	1000+	0.50-1.00	300-400	miss	2	1.280	0.000
random-gun	hadur	1000+	0.50-1.00	400-500	miss	3	1.800	0.000
random-gun	hadur	1000+	0.50-1.00	500-600	miss	7	4.370	0.000
random-gun	hadur	1000+	0.50-1.00	500-600	open	1	0.600	0.000
random-gun	hadur	1000+	1.00-1.70	200-300	hit	2	2.520	11.120
random-gun	hadur	1000+	1.00-1.70	200-300	miss	2	3.040	0.000
random-gun	hadur	1000+	1.00-1.70	400-500	miss	5	5.000	0.000
random-gun	hadur	1000+	1.00-1.70	500-600	destroyed	1	1.060	0.000
random-gun	hadur	1000+	1.00-1.70	500-600	miss	1	1.000	0.000
random-gun	hadur	1000+	1.70-2.20	0-200	destroyed	1	1.950	0.000
random-gun	hadur	1000+	1.70-2.20	0-200	hit	1	1.950	9.700
random-gun	hadur	1000+	1.70-2.20	0-200	miss	1	1.950	0.000
random-gun	hadur	1000+	1.70-2.20	200-300	destroyed	8	15.600	0.000
random-gun	hadur	1000+	1.70-2.20	200-300	hit	6	11.700	58.200
random-gun	hadur	1000+	1.70-2.20	200-300	miss	60	117.000	0.000
random-gun	hadur	1000+	1.70-2.20	300-400	destroyed	3	5.850	0.000
random-gun	hadur	1000+	1.70-2.20	300-400	hit	1	1.950	9.700
random-gun	hadur	1000+	1.70-2.20	300-400	miss	18	34.680	0.000
random-gun	hadur	1000+	2.20-3.00	600-1000	destroyed	1	2.970	0.000
random-gun	hadur	1000+	2.20-3.00	600-1000	miss	1	2.920	0.000
random-gun	hadur	200-400	0.20-0.50	300-400	miss	3	1.090	0.000
random-gun	hadur	200-400	0.20-0.50	400-500	destroyed	5	2.120	0.000
random-gun	hadur	200-400	0.20-0.50	400-500	hit	4	1.670	6.680
random-gun	hadur	200-400	0.20-0.50	400-500	miss	42	15.500	0.000
random-gun	hadur	200-400	0.20-0.50	500-600	destroyed	7	2.240	0.000
random-gun	hadur	200-400	0.20-0.50	500-600	hit	2	0.880	3.520
random-gun	hadur	200-400	0.20-0.50	500-600	miss	55	21.820	0.000
random-gun	hadur	200-400	0.20-0.50	600-1000	destroyed	1	0.430	0.000
random-gun	hadur	200-400	0.20-0.50	600-1000	miss	1	0.420	0.000
random-gun	hadur	200-400	0.50-1.00	300-400	destroyed	3	2.450	0.000
random-gun	hadur	200-400	0.50-1.00	300-400	hit	4	3.260	13.040
random-gun	hadur	200-400	0.50-1.00	300-400	miss	27	21.690	0.000
random-gun	hadur	200-400	0.50-1.00	400-500	destroyed	15	10.980	0.000
random-gun	hadur	200-400	0.50-1.00	400-500	hit	14	11.350	45.400
random-gun	hadur	200-400	0.50-1.00	400-500	miss	145	113.580	0.000
random-gun	hadur	200-400	0.50-1.00	500-600	destroyed	32	25.920	0.000
random-gun	hadur	200-400	0.50-1.00	500-600	hit	19	14.760	59.040
random-gun	hadur	200-400	0.50-1.00	500-600	miss	308	239.620	0.000
random-gun	hadur	200-400	0.50-1.00	600-1000	destroyed	4	3.650	0.000
random-gun	hadur	200-400	0.50-1.00	600-1000	hit	7	5.730	22.920
random-gun	hadur	200-400	0.50-1.00	600-1000	miss	35	27.380	0.000
random-gun	hadur	200-400	1.00-1.70	300-400	destroyed	5	6.050	0.000
random-gun	hadur	200-400	1.00-1.70	300-400	hit	2	2.400	10.400
random-gun	hadur	200-400	1.00-1.70	300-400	miss	28	35.090	0.000
random-gun	hadur	200-400	1.00-1.70	400-500	destroyed	16	19.620	0.000
random-gun	hadur	200-400	1.00-1.70	400-500	hit	14	16.670	72.020
random-gun	hadur	200-400	1.00-1.70	400-500	miss	145	186.800	0.000
random-gun	hadur	200-400	1.00-1.70	500-600	destroyed	28	36.310	0.000
random-gun	hadur	200-400	1.00-1.70	500-600	hit	20	25.600	113.600
random-gun	hadur	200-400	1.00-1.70	500-600	miss	264	341.980	0.000
random-gun	hadur	200-400	1.00-1.70	600-1000	destroyed	7	9.760	0.000
random-gun	hadur	200-400	1.00-1.70	600-1000	hit	3	4.000	18.000
random-gun	hadur	200-400	1.00-1.70	600-1000	miss	29	37.010	0.000
random-gun	hadur	200-400	1.70-2.20	0-200	miss	1	1.950	0.000
random-gun	hadur	200-400	1.70-2.20	200-300	destroyed	1	1.950	0.000
random-gun	hadur	200-400	1.70-2.20	200-300	miss	6	11.700	0.000
random-gun	hadur	200-400	1.70-2.20	300-400	destroyed	4	7.800	0.000
random-gun	hadur	200-400	1.70-2.20	300-400	hit	2	3.900	19.400
random-gun	hadur	200-400	1.70-2.20	300-400	miss	37	71.970	0.000
random-gun	hadur	200-400	1.70-2.20	400-500	destroyed	35	68.080	0.000
random-gun	hadur	200-400	1.70-2.20	400-500	hit	28	53.890	267.340
random-gun	hadur	200-400	1.70-2.20	400-500	miss	323	627.600	0.000
random-gun	hadur	200-400	1.70-2.20	500-600	destroyed	65	126.040	0.000
random-gun	hadur	200-400	1.70-2.20	500-600	hit	49	94.420	468.520
random-gun	hadur	200-400	1.70-2.20	500-600	miss	629	1218.810	0.000
random-gun	hadur	200-400	1.70-2.20	600-1000	destroyed	9	17.550	0.000
random-gun	hadur	200-400	1.70-2.20	600-1000	hit	8	15.600	77.600
random-gun	hadur	200-400	1.70-2.20	600-1000	miss	107	207.450	0.000
random-gun	hadur	200-400	2.20-3.00	400-500	destroyed	1	3.000	0.000
random-gun	hadur	200-400	2.20-3.00	400-500	miss	2	6.000	0.000
random-gun	hadur	200-400	2.20-3.00	500-600	destroyed	1	3.000	0.000
random-gun	hadur	200-400	2.20-3.00	500-600	miss	7	21.000	0.000
random-gun	hadur	400-600	0.10-0.20	300-400	miss	4	0.640	0.000
random-gun	hadur	400-600	0.10-0.20	400-500	destroyed	1	0.150	0.000
random-gun	hadur	400-600	0.10-0.20	400-500	hit	2	0.350	1.400
random-gun	hadur	400-600	0.10-0.20	400-500	miss	11	1.620	0.000
random-gun	hadur	400-600	0.10-0.20	500-600	destroyed	5	0.870	0.000
random-gun	hadur	400-600	0.10-0.20	500-600	hit	5	0.820	3.280
random-gun	hadur	400-600	0.10-0.20	500-600	miss	30	5.060	0.000
random-gun	hadur	400-600	0.10-0.20	600-1000	destroyed	1	0.150	0.000
random-gun	hadur	400-600	0.10-0.20	600-1000	miss	8	1.420	0.000
random-gun	hadur	400-600	0.20-0.50	300-400	destroyed	2	0.700	0.000
random-gun	hadur	400-600	0.20-0.50	300-400	hit	5	1.830	7.320
random-gun	hadur	400-600	0.20-0.50	300-400	miss	39	15.090	0.000
random-gun	hadur	400-600	0.20-0.50	400-500	destroyed	52	18.980	0.000
random-gun	hadur	400-600	0.20-0.50	400-500	hit	39	14.080	56.320
random-gun	hadur	400-600	0.20-0.50	400-500	miss	372	136.160	0.000
random-gun	hadur	400-600	0.20-0.50	500-600	destroyed	86	31.310	0.000
random-gun	hadur	400-600	0.20-0.50	500-600	hit	59	21.130	84.520
random-gun	hadur	400-600	0.20-0.50	500-600	miss	646	239.260	0.000
random-gun	hadur	400-600	0.20-0.50	600-1000	destroyed	7	2.620	0.000
random-gun	hadur	400-600	0.20-0.50	600-1000	hit	4	1.740	6.960
random-gun	hadur	400-600	0.20-0.50	600-1000	miss	54	19.330	0.000
random-gun	hadur	400-600	0.50-1.00	300-400	destroyed	5	2.810	0.000
random-gun	hadur	400-600	0.50-1.00	300-400	hit	4	3.270	13.080
random-gun	hadur	400-600	0.50-1.00	300-400	miss	34	21.340	0.000
random-gun	hadur	400-600	0.50-1.00	400-500	destroyed	15	9.770	0.000
random-gun	hadur	400-600	0.50-1.00	400-500	hit	27	17.400	69.600
random-gun	hadur	400-600	0.50-1.00	400-500	miss	279	178.820	0.000
random-gun	hadur	400-600	0.50-1.00	500-600	destroyed	53	35.610	0.000
random-gun	hadur	400-600	0.50-1.00	500-600	hit	37	22.880	91.520
random-gun	hadur	400-600	0.50-1.00	500-600	miss	401	258.780	0.000
random-gun	hadur	400-600	0.50-1.00	600-1000	destroyed	7	4.930	0.000
random-gun	hadur	400-600	0.50-1.00	600-1000	hit	5	2.700	10.800
random-gun	hadur	400-600	0.50-1.00	600-1000	miss	54	36.370	0.000
random-gun	hadur	400-600	1.00-1.70	300-400	miss	3	4.600	0.000
random-gun	hadur	400-600	1.00-1.70	400-500	destroyed	4	5.470	0.000
random-gun	hadur	400-600	1.00-1.70	400-500	hit	6	6.970	29.820
random-gun	hadur	400-600	1.00-1.70	400-500	miss	30	38.560	0.000
random-gun	hadur	400-600	1.00-1.70	500-600	destroyed	5	6.850	0.000
random-gun	hadur	400-600	1.00-1.70	500-600	hit	1	1.390	6.340
random-gun	hadur	400-600	1.00-1.70	500-600	miss	40	50.900	0.000
random-gun	hadur	400-600	1.00-1.70	600-1000	miss	7	8.380	0.000
random-gun	hadur	400-600	1.70-2.20	200-300	destroyed	3	5.850	0.000
random-gun	hadur	400-600	1.70-2.20	200-300	miss	9	17.550	0.000
random-gun	hadur	400-600	1.70-2.20	300-400	destroyed	7	13.650	0.000
random-gun	hadur	400-600	1.70-2.20	300-400	miss	29	56.550	0.000
random-gun	hadur	400-600	1.70-2.20	400-500	destroyed	10	19.500	0.000
random-gun	hadur	400-600	1.70-2.20	400-500	hit	7	13.650	67.900
random-gun	hadur	400-600	1.70-2.20	400-500	miss	137	266.400	0.000
random-gun	hadur	400-600	1.70-2.20	500-600	destroyed	21	40.740	0.000
random-gun	hadur	400-600	1.70-2.20	500-600	hit	11	21.450	106.700
random-gun	hadur	400-600	1.70-2.20	500-600	miss	181	352.720	0.000
random-gun	hadur	400-600	1.70-2.20	600-1000	destroyed	7	13.650	0.000
random-gun	hadur	400-600	1.70-2.20	600-1000	miss	45	87.470	0.000
random-gun	hadur	400-600	2.20-3.00	400-500	miss	2	4.670	0.000
random-gun	hadur	400-600	2.20-3.00	500-600	miss	2	5.380	0.000
random-gun	hadur	600-800	0.10-0.20	300-400	destroyed	1	0.150	0.000
random-gun	hadur	600-800	0.10-0.20	300-400	hit	3	0.460	1.840
random-gun	hadur	600-800	0.10-0.20	300-400	miss	10	1.400	0.000
random-gun	hadur	600-800	0.10-0.20	400-500	destroyed	21	3.320	0.000
random-gun	hadur	600-800	0.10-0.20	400-500	hit	18	2.910	11.640
random-gun	hadur	600-800	0.10-0.20	400-500	miss	158	25.580	0.000
random-gun	hadur	600-800	0.10-0.20	500-600	destroyed	34	5.780	0.000
random-gun	hadur	600-800	0.10-0.20	500-600	hit	20	3.390	13.560
random-gun	hadur	600-800	0.10-0.20	500-600	miss	273	44.760	0.000
random-gun	hadur	600-800	0.10-0.20	600-1000	destroyed	1	0.170	0.000
random-gun	hadur	600-800	0.10-0.20	600-1000	hit	1	0.120	0.480
random-gun	hadur	600-800	0.10-0.20	600-1000	miss	28	4.470	0.000
random-gun	hadur	600-800	0.20-0.50	300-400	destroyed	13	3.570	0.000
random-gun	hadur	600-800	0.20-0.50	300-400	hit	12	3.190	12.760
random-gun	hadur	600-800	0.20-0.50	300-400	miss	77	20.620	0.000
random-gun	hadur	600-800	0.20-0.50	400-500	destroyed	90	25.390	0.000
random-gun	hadur	600-800	0.20-0.50	400-500	hit	59	16.420	65.680
random-gun	hadur	600-800	0.20-0.50	400-500	miss	632	178.700	0.000
random-gun	hadur	600-800	0.20-0.50	500-600	destroyed	121	33.580	0.000
random-gun	hadur	600-800	0.20-0.50	500-600	hit	95	26.000	104.000
random-gun	hadur	600-800	0.20-0.50	500-600	miss	1012	282.360	0.000
random-gun	hadur	600-800	0.20-0.50	600-1000	destroyed	8	2.300	0.000
random-gun	hadur	600-800	0.20-0.50	600-1000	hit	6	1.630	6.520
random-gun	hadur	600-800	0.20-0.50	600-1000	miss	102	27.960	0.000
random-gun	hadur	600-800	0.50-1.00	300-400	miss	5	3.740	0.000
random-gun	hadur	600-800	0.50-1.00	400-500	destroyed	6	4.350	0.000
random-gun	hadur	600-800	0.50-1.00	400-500	hit	2	1.350	5.400
random-gun	hadur	600-800	0.50-1.00	400-500	miss	60	43.730	0.000
random-gun	hadur	600-800	0.50-1.00	500-600	destroyed	6	4.270	0.000
random-gun	hadur	600-800	0.50-1.00	500-600	hit	4	2.960	11.840
random-gun	hadur	600-800	0.50-1.00	500-600	miss	83	59.650	0.000
random-gun	hadur	600-800	0.50-1.00	600-1000	miss	2	1.510	0.000
random-gun	hadur	600-800	1.00-1.70	300-400	miss	1	1.690	0.000
random-gun	hadur	600-800	1.00-1.70	400-500	destroyed	4	4.870	0.000
random-gun	hadur	600-800	1.00-1.70	400-500	hit	4	5.330	23.980
random-gun	hadur	600-800	1.00-1.70	400-500	miss	29	36.960	0.000
random-gun	hadur	600-800	1.00-1.70	500-600	destroyed	4	5.430	0.000
random-gun	hadur	600-800	1.00-1.70	500-600	hit	7	8.480	36.880
random-gun	hadur	600-800	1.00-1.70	500-600	miss	49	61.250	0.000
random-gun	hadur	600-800	1.00-1.70	500-600	open	1	1.120	0.000
random-gun	hadur	600-800	1.00-1.70	600-1000	miss	2	2.530	0.000
random-gun	hadur	600-800	1.70-2.20	200-300	destroyed	1	1.950	0.000
random-gun	hadur	600-800	1.70-2.20	200-300	miss	6	11.700	0.000
random-gun	hadur	600-800	1.70-2.20	300-400	miss	3	5.850	0.000
random-gun	hadur	600-800	1.70-2.20	400-500	destroyed	2	3.900	0.000
random-gun	hadur	600-800	1.70-2.20	400-500	hit	1	1.950	9.700
random-gun	hadur	600-800	1.70-2.20	400-500	miss	22	41.790	0.000
random-gun	hadur	600-800	1.70-2.20	500-600	destroyed	2	3.530	0.000
random-gun	hadur	600-800	1.70-2.20	500-600	hit	3	5.630	27.780
random-gun	hadur	600-800	1.70-2.20	500-600	miss	19	36.790	0.000
random-gun	hadur	600-800	1.70-2.20	600-1000	destroyed	1	1.950	0.000
random-gun	hadur	600-800	1.70-2.20	600-1000	miss	1	1.950	0.000
random-gun	hadur	800-1000	0.10-0.20	300-400	destroyed	11	1.400	0.000
random-gun	hadur	800-1000	0.10-0.20	300-400	hit	15	1.930	7.720
random-gun	hadur	800-1000	0.10-0.20	300-400	miss	68	10.010	0.000
random-gun	hadur	800-1000	0.10-0.20	400-500	destroyed	101	14.750	0.000
random-gun	hadur	800-1000	0.10-0.20	400-500	hit	67	9.440	37.760
random-gun	hadur	800-1000	0.10-0.20	400-500	miss	670	98.950	0.000
random-gun	hadur	800-1000	0.10-0.20	500-600	destroyed	133	20.110	0.000
random-gun	hadur	800-1000	0.10-0.20	500-600	hit	84	12.540	50.160
random-gun	hadur	800-1000	0.10-0.20	500-600	miss	988	146.140	0.000
random-gun	hadur	800-1000	0.10-0.20	500-600	open	2	0.200	0.000
random-gun	hadur	800-1000	0.10-0.20	600-1000	destroyed	14	2.110	0.000
random-gun	hadur	800-1000	0.10-0.20	600-1000	hit	9	1.360	5.440
random-gun	hadur	800-1000	0.10-0.20	600-1000	miss	100	15.110	0.000
random-gun	hadur	800-1000	0.20-0.50	300-400	destroyed	1	0.220	0.000
random-gun	hadur	800-1000	0.20-0.50	300-400	hit	5	1.200	4.800
random-gun	hadur	800-1000	0.20-0.50	300-400	miss	19	4.480	0.000
random-gun	hadur	800-1000	0.20-0.50	400-500	destroyed	19	4.510	0.000
random-gun	hadur	800-1000	0.20-0.50	400-500	hit	25	6.100	24.400
random-gun	hadur	800-1000	0.20-0.50	400-500	miss	189	46.160	0.000
random-gun	hadur	800-1000	0.20-0.50	500-600	destroyed	50	12.370	0.000
random-gun	hadur	800-1000	0.20-0.50	500-600	hit	42	10.280	41.120
random-gun	hadur	800-1000	0.20-0.50	500-600	miss	365	89.970	0.000
random-gun	hadur	800-1000	0.20-0.50	600-1000	destroyed	2	0.510	0.000
random-gun	hadur	800-1000	0.20-0.50	600-1000	miss	15	3.660	0.000
random-gun	hadur	800-1000	0.50-1.00	300-400	miss	1	0.570	0.000
random-gun	hadur	800-1000	0.50-1.00	400-500	destroyed	4	2.360	0.000
random-gun	hadur	800-1000	0.50-1.00	400-500	hit	1	0.970	3.880
random-gun	hadur	800-1000	0.50-1.00	400-500	miss	10	7.190	0.000
random-gun	hadur	800-1000	0.50-1.00	500-600	destroyed	1	0.720	0.000
random-gun	hadur	800-1000	0.50-1.00	500-600	hit	2	1.340	5.360
random-gun	hadur	800-1000	0.50-1.00	500-600	miss	52	33.890	0.000
random-gun	hadur	800-1000	0.50-1.00	500-600	open	2	1.380	0.000
random-gun	hadur	800-1000	0.50-1.00	600-1000	miss	6	5.700	0.000
random-gun	hadur	800-1000	0.50-1.00	600-1000	open	3	2.850	0.000
random-gun	hadur	800-1000	1.00-1.70	400-500	miss	2	2.160	0.000
random-gun	hadur	800-1000	1.00-1.70	500-600	destroyed	1	1.190	0.000
random-gun	hadur	800-1000	1.00-1.70	500-600	miss	3	4.010	0.000
random-gun	hadur	800-1000	1.70-2.20	200-300	hit	1	1.950	9.700
random-gun	hadur	800-1000	1.70-2.20	200-300	miss	5	9.750	0.000
random-gun	hadur	800-1000	1.70-2.20	300-400	destroyed	2	3.900	0.000
random-gun	hadur	800-1000	1.70-2.20	300-400	hit	1	1.950	9.700
random-gun	hadur	800-1000	1.70-2.20	300-400	miss	1	1.950	0.000
all-chaff	drussgt	0-200	0.10-0.20	200-300	hit	4	0.600	2.400
all-chaff	drussgt	0-200	0.10-0.20	200-300	miss	6	0.850	0.000
all-chaff	drussgt	0-200	0.10-0.20	300-400	destroyed	13	1.900	0.000
all-chaff	drussgt	0-200	0.10-0.20	300-400	hit	17	2.550	10.200
all-chaff	drussgt	0-200	0.10-0.20	300-400	miss	107	15.950	0.000
all-chaff	drussgt	0-200	0.10-0.20	400-500	destroyed	103	15.450	0.000
all-chaff	drussgt	0-200	0.10-0.20	400-500	hit	78	11.700	46.800
all-chaff	drussgt	0-200	0.10-0.20	400-500	miss	617	92.450	0.000
all-chaff	drussgt	0-200	0.10-0.20	500-600	destroyed	66	9.900	0.000
all-chaff	drussgt	0-200	0.10-0.20	500-600	hit	59	8.850	35.400
all-chaff	drussgt	0-200	0.10-0.20	500-600	miss	471	70.650	0.000
all-chaff	drussgt	0-200	0.10-0.20	600-1000	destroyed	10	1.500	0.000
all-chaff	drussgt	0-200	0.10-0.20	600-1000	hit	5	0.750	3.000
all-chaff	drussgt	0-200	0.10-0.20	600-1000	miss	39	5.850	0.000
all-chaff	drussgt	0-200	1.00-1.70	400-500	destroyed	2	3.170	0.000
all-chaff	drussgt	0-200	1.00-1.70	500-600	miss	2	3.240	0.000
all-chaff	drussgt	0-200	1.70-2.20	300-400	miss	1	1.950	0.000
all-chaff	drussgt	0-200	1.70-2.20	400-500	destroyed	4	7.840	0.000
all-chaff	drussgt	0-200	1.70-2.20	400-500	miss	8	15.600	0.000
all-chaff	drussgt	0-200	1.70-2.20	500-600	destroyed	2	3.900	0.000
all-chaff	drussgt	0-200	1.70-2.20	500-600	hit	1	1.950	9.700
all-chaff	drussgt	0-200	1.70-2.20	500-600	miss	12	23.100	0.000
all-chaff	drussgt	0-200	1.70-2.20	600-1000	hit	1	1.950	9.700
all-chaff	drussgt	0-200	1.70-2.20	600-1000	miss	2	3.900	0.000
all-chaff	drussgt	0-200	2.20-3.00	300-400	destroyed	1	2.230	0.000
all-chaff	drussgt	0-200	2.20-3.00	400-500	destroyed	9	22.060	0.000
all-chaff	drussgt	0-200	2.20-3.00	400-500	miss	5	12.520	0.000
all-chaff	drussgt	0-200	2.20-3.00	500-600	miss	3	7.610	0.000
all-chaff	drussgt	1000+	0.10-0.20	0-200	destroyed	1	0.150	0.000
all-chaff	drussgt	1000+	0.10-0.20	0-200	hit	5	0.750	3.000
all-chaff	drussgt	1000+	0.10-0.20	0-200	miss	9	1.350	0.000
all-chaff	drussgt	1000+	0.10-0.20	200-300	destroyed	30	4.500	0.000
all-chaff	drussgt	1000+	0.10-0.20	200-300	hit	53	7.950	31.800
all-chaff	drussgt	1000+	0.10-0.20	200-300	miss	177	26.550	0.000
all-chaff	drussgt	1000+	0.10-0.20	300-400	destroyed	411	61.650	0.000
all-chaff	drussgt	1000+	0.10-0.20	300-400	hit	397	59.550	238.200
all-chaff	drussgt	1000+	0.10-0.20	300-400	miss	1940	291.000	0.000
all-chaff	drussgt	1000+	0.10-0.20	400-500	destroyed	3112	466.800	0.000
all-chaff	drussgt	1000+	0.10-0.20	400-500	hit	2518	377.700	1510.800
all-chaff	drussgt	1000+	0.10-0.20	400-500	miss	17645	2646.750	0.000
all-chaff	drussgt	1000+	0.10-0.20	500-600	destroyed	3482	522.300	0.000
all-chaff	drussgt	1000+	0.10-0.20	500-600	hit	3061	459.150	1836.600
all-chaff	drussgt	1000+	0.10-0.20	500-600	miss	23079	3461.850	0.000
all-chaff	drussgt	1000+	0.10-0.20	600-1000	destroyed	218	32.700	0.000
all-chaff	drussgt	1000+	0.10-0.20	600-1000	hit	201	30.150	120.600
all-chaff	drussgt	1000+	0.10-0.20	600-1000	miss	1632	244.800	0.000
all-chaff	drussgt	1000+	0.20-0.50	300-400	destroyed	1	0.450	0.000
all-chaff	drussgt	1000+	0.20-0.50	300-400	miss	1	0.450	0.000
all-chaff	drussgt	1000+	0.20-0.50	400-500	destroyed	2	0.500	0.000
all-chaff	drussgt	1000+	0.20-0.50	400-500	hit	2	0.800	3.200
all-chaff	drussgt	1000+	0.20-0.50	400-500	miss	22	7.500	0.000
all-chaff	drussgt	1000+	0.20-0.50	500-600	destroyed	5	1.650	0.000
all-chaff	drussgt	1000+	0.20-0.50	500-600	hit	4	1.200	4.800
all-chaff	drussgt	1000+	0.20-0.50	500-600	miss	39	12.250	0.000
all-chaff	drussgt	1000+	0.50-1.00	200-300	miss	4	3.600	0.000
all-chaff	drussgt	1000+	0.50-1.00	300-400	destroyed	5	4.150	0.000
all-chaff	drussgt	1000+	0.50-1.00	300-400	hit	7	6.350	25.400
all-chaff	drussgt	1000+	0.50-1.00	300-400	miss	16	14.400	0.000
all-chaff	drussgt	1000+	0.50-1.00	400-500	destroyed	1	0.950	0.000
all-chaff	drussgt	1000+	0.50-1.00	400-500	hit	4	3.500	14.000
all-chaff	drussgt	1000+	0.50-1.00	400-500	miss	16	13.700	0.000
all-chaff	drussgt	1000+	0.50-1.00	500-600	miss	3	2.550	0.000
all-chaff	drussgt	1000+	1.00-1.70	400-500	destroyed	2	2.300	0.000
all-chaff	drussgt	1000+	1.00-1.70	400-500	miss	6	6.900	0.000
all-chaff	drussgt	1000+	1.00-1.70	500-600	hit	1	1.150	4.900
all-chaff	drussgt	1000+	1.00-1.70	500-600	miss	7	8.050	0.000
all-chaff	drussgt	1000+	1.00-1.70	600-1000	destroyed	1	1.150	0.000
all-chaff	drussgt	1000+	1.00-1.70	600-1000	miss	1	1.150	0.000
all-chaff	drussgt	1000+	1.70-2.20	400-500	miss	2	3.900	0.000
all-chaff	drussgt	1000+	1.70-2.20	500-600	miss	8	15.600	0.000
all-chaff	drussgt	1000+	1.70-2.20	600-1000	miss	2	3.900	0.000
all-chaff	drussgt	200-400	0.10-0.20	0-200	miss	1	0.150	0.000
all-chaff	drussgt	200-400	0.10-0.20	200-300	hit	4	0.600	2.400
all-chaff	drussgt	200-400	0.10-0.20	200-300	miss	6	0.900	0.000
all-chaff	drussgt	200-400	0.10-0.20	300-400	destroyed	13	1.950	0.000
all-chaff	drussgt	200-400	0.10-0.20	300-400	hit	7	1.050	4.200
all-chaff	drussgt	200-400	0.10-0.20	300-400	miss	54	8.100	0.000
all-chaff	drussgt	200-400	0.10-0.20	400-500	destroyed	84	12.600	0.000
all-chaff	drussgt	200-400	0.10-0.20	400-500	hit	57	8.550	34.200
all-chaff	drussgt	200-400	0.10-0.20	400-500	miss	501	75.150	0.000
all-chaff	drussgt	200-400	0.10-0.20	500-600	destroyed	111	16.650	0.000
all-chaff	drussgt	200-400	0.10-0.20	500-600	hit	92	13.800	55.200
all-chaff	drussgt	200-400	0.10-0.20	500-600	miss	776	116.400	0.000
all-chaff	drussgt	200-400	0.10-0.20	600-1000	destroyed	6	0.900	0.000
all-chaff	drussgt	200-400	0.10-0.20	600-1000	hit	12	1.800	7.200
all-chaff	drussgt	200-400	0.10-0.20	600-1000	miss	66	9.900	0.000
all-chaff	drussgt	200-400	0.50-1.00	0-200	hit	1	0.950	3.800
all-chaff	drussgt	200-400	0.50-1.00	200-300	miss	2	1.900	0.000
all-chaff	drussgt	200-400	0.50-1.00	300-400	hit	1	0.950	3.800
all-chaff	drussgt	200-400	0.50-1.00	400-500	destroyed	2	1.300	0.000
all-chaff	drussgt	200-400	0.50-1.00	400-500	hit	3	1.950	7.800
all-chaff	drussgt	200-400	0.50-1.00	400-500	miss	11	7.950	0.000
all-chaff	drussgt	200-400	0.50-1.00	500-600	destroyed	1	0.850	0.000
all-chaff	drussgt	200-400	0.50-1.00	500-600	hit	1	0.850	3.400
all-chaff	drussgt	200-400	0.50-1.00	500-600	miss	11	9.050	0.000
all-chaff	drussgt	200-400	1.00-1.70	400-500	destroyed	1	1.150	0.000
all-chaff	drussgt	200-400	1.00-1.70	400-500	hit	1	1.150	4.900
all-chaff	drussgt	200-400	1.00-1.70	400-500	miss	2	2.300	0.000
all-chaff	drussgt	200-400	1.00-1.70	500-600	miss	2	2.300	0.000
all-chaff	drussgt	200-400	1.70-2.20	300-400	miss	4	7.800	0.000
all-chaff	drussgt	200-400	1.70-2.20	400-500	hit	2	3.900	19.400
all-chaff	drussgt	200-400	1.70-2.20	400-500	miss	4	7.800	0.000
all-chaff	drussgt	200-400	1.70-2.20	500-600	destroyed	3	5.850	0.000
all-chaff	drussgt	200-400	1.70-2.20	500-600	hit	1	1.950	9.700
all-chaff	drussgt	200-400	1.70-2.20	500-600	miss	14	27.300	0.000
all-chaff	drussgt	200-400	1.70-2.20	600-1000	miss	6	11.700	0.000
all-chaff	drussgt	400-600	0.10-0.20	0-200	hit	1	0.150	0.600
all-chaff	drussgt	400-600	0.10-0.20	0-200	miss	2	0.300	0.000
all-chaff	drussgt	400-600	0.10-0.20	200-300	destroyed	1	0.150	0.000
all-chaff	drussgt	400-600	0.10-0.20	200-300	hit	1	0.150	0.600
all-chaff	drussgt	400-600	0.10-0.20	200-300	miss	5	0.750	0.000
all-chaff	drussgt	400-600	0.10-0.20	300-400	destroyed	10	1.500	0.000
all-chaff	drussgt	400-600	0.10-0.20	300-400	hit	6	0.900	3.600
all-chaff	drussgt	400-600	0.10-0.20	300-400	miss	40	6.000	0.000
all-chaff	drussgt	400-600	0.10-0.20	400-500	destroyed	83	12.450	0.000
all-chaff	drussgt	400-600	0.10-0.20	400-500	hit	75	11.250	45.000
all-chaff	drussgt	400-600	0.10-0.20	400-500	miss	527	79.050	0.000
all-chaff	drussgt	400-600	0.10-0.20	500-600	destroyed	120	18.000	0.000
all-chaff	drussgt	400-600	0.10-0.20	500-600	hit	78	11.700	46.800
all-chaff	drussgt	400-600	0.10-0.20	500-600	miss	726	108.900	0.000
all-chaff	drussgt	400-600	0.10-0.20	600-1000	destroyed	13	1.950	0.000
all-chaff	drussgt	400-600	0.10-0.20	600-1000	hit	9	1.350	5.400
all-chaff	drussgt	400-600	0.10-0.20	600-1000	miss	89	13.350	0.000
all-chaff	drussgt	400-600	0.20-0.50	500-600	destroyed	1	0.450	0.000
all-chaff	drussgt	400-600	0.20-0.50	500-600	miss	9	3.950	0.000
all-chaff	drussgt	400-600	0.50-1.00	300-400	hit	4	2.900	11.600
all-chaff	drussgt	400-600	0.50-1.00	300-400	miss	10	7.100	0.000
all-chaff	drussgt	400-600	0.50-1.00	400-500	destroyed	1	0.650	0.000
all-chaff	drussgt	400-600	0.50-1.00	400-500	hit	2	1.300	5.200
all-chaff	drussgt	400-600	0.50-1.00	400-500	miss	5	3.250	0.000
all-chaff	drussgt	400-600	0.50-1.00	500-600	hit	1	0.650	2.600
all-chaff	drussgt	400-600	0.50-1.00	500-600	miss	11	9.050	0.000
all-chaff	drussgt	400-600	1.00-1.70	400-500	hit	3	3.450	14.700
all-chaff	drussgt	400-600	1.00-1.70	400-500	miss	6	6.900	0.000
all-chaff	drussgt	400-600	1.00-1.70	500-600	destroyed	2	2.300	0.000
all-chaff	drussgt	400-600	1.00-1.70	500-600	miss	9	10.350	0.000
all-chaff	drussgt	400-600	1.70-2.20	300-400	hit	1	1.950	9.700
all-chaff	drussgt	400-600	1.70-2.20	300-400	miss	1	1.950	0.000
all-chaff	drussgt	400-600	1.70-2.20	400-500	destroyed	1	1.950	0.000
all-chaff	drussgt	400-600	1.70-2.20	400-500	hit	5	9.750	48.500
all-chaff	drussgt	400-600	1.70-2.20	400-500	miss	8	15.600	0.000
all-chaff	drussgt	400-600	1.70-2.20	500-600	destroyed	3	5.850	0.000
all-chaff	drussgt	400-600	1.70-2.20	500-600	miss	7	13.650	0.000
all-chaff	drussgt	600-800	0.10-0.20	200-300	destroyed	1	0.150	0.000
all-chaff	drussgt	600-800	0.10-0.20	200-300	miss	1	0.150	0.000
all-chaff	drussgt	600-800	0.10-0.20	300-400	destroyed	14	2.100	0.000
all-chaff	drussgt	600-800	0.10-0.20	300-400	hit	15	2.250	9.000
all-chaff	drussgt	600-800	0.10-0.20	300-400	miss	55	8.250	0.000
all-chaff	drussgt	600-800	0.10-0.20	400-500	destroyed	85	12.750	0.000
all-chaff	drussgt	600-800	0.10-0.20	400-500	hit	71	10.650	42.600
all-chaff	drussgt	600-800	0.10-0.20	400-500	miss	558	83.700	0.000
all-chaff	drussgt	600-800	0.10-0.20	500-600	destroyed	109	16.350	0.000
all-chaff	drussgt	600-800	0.10-0.20	500-600	hit	95	14.250	57.000
all-chaff	drussgt	600-800	0.10-0.20	500-600	miss	729	109.350	0.000
all-chaff	drussgt	600-800	0.10-0.20	600-1000	destroyed	5	0.750	0.000
all-chaff	drussgt	600-800	0.10-0.20	600-1000	hit	11	1.650	6.600
all-chaff	drussgt	600-800	0.10-0.20	600-1000	miss	53	7.950	0.000
all-chaff	drussgt	600-800	0.20-0.50	300-400	destroyed	2	0.900	0.000
all-chaff	drussgt	600-800	0.20-0.50	400-500	miss	5	2.050	0.000
all-chaff	drussgt	600-800	0.20-0.50	500-600	destroyed	1	0.350	0.000
all-chaff	drussgt	600-800	0.20-0.50	500-600	hit	2	0.600	2.400
all-chaff	drussgt	600-800	0.20-0.50	500-600	miss	14	4.500	0.000
all-chaff	drussgt	600-800	0.50-1.00	300-400	destroyed	1	0.650	0.000
all-chaff	drussgt	600-800	0.50-1.00	300-400	hit	3	2.150	8.600
all-chaff	drussgt	600-800	0.50-1.00	300-400	miss	1	0.950	0.000
all-chaff	drussgt	600-800	0.50-1.00	400-500	hit	3	2.450	9.800
all-chaff	drussgt	600-800	0.50-1.00	400-500	miss	8	5.500	0.000
all-chaff	drussgt	600-800	0.50-1.00	500-600	destroyed	1	0.950	0.000
all-chaff	drussgt	600-800	0.50-1.00	500-600	hit	1	0.650	2.600
all-chaff	drussgt	600-800	0.50-1.00	500-600	miss	9	6.450	0.000
all-chaff	drussgt	600-800	1.00-1.70	200-300	hit	2	2.300	9.800
all-chaff	drussgt	600-800	1.00-1.70	200-300	miss	2	2.300	0.000
all-chaff	drussgt	600-800	1.00-1.70	300-400	hit	1	1.150	4.900
all-chaff	drussgt	600-800	1.00-1.70	400-500	destroyed	1	1.150	0.000
all-chaff	drussgt	600-800	1.00-1.70	400-500	miss	6	6.900	0.000
all-chaff	drussgt	600-800	1.00-1.70	500-600	miss	2	2.300	0.000
all-chaff	drussgt	600-800	1.70-2.20	500-600	miss	1	1.950	0.000
all-chaff	drussgt	800-1000	0.10-0.20	200-300	hit	1	0.150	0.600
all-chaff	drussgt	800-1000	0.10-0.20	300-400	destroyed	10	1.500	0.000
all-chaff	drussgt	800-1000	0.10-0.20	300-400	hit	12	1.800	7.200
all-chaff	drussgt	800-1000	0.10-0.20	300-400	miss	53	7.950	0.000
all-chaff	drussgt	800-1000	0.10-0.20	400-500	destroyed	113	16.950	0.000
all-chaff	drussgt	800-1000	0.10-0.20	400-500	hit	70	10.500	42.000
all-chaff	drussgt	800-1000	0.10-0.20	400-500	miss	540	81.000	0.000
all-chaff	drussgt	800-1000	0.10-0.20	500-600	destroyed	110	16.500	0.000
all-chaff	drussgt	800-1000	0.10-0.20	500-600	hit	106	15.900	63.600
all-chaff	drussgt	800-1000	0.10-0.20	500-600	miss	693	103.950	0.000
all-chaff	drussgt	800-1000	0.10-0.20	600-1000	destroyed	8	1.200	0.000
all-chaff	drussgt	800-1000	0.10-0.20	600-1000	hit	6	0.900	3.600
all-chaff	drussgt	800-1000	0.10-0.20	600-1000	miss	91	13.650	0.000
all-chaff	drussgt	800-1000	0.20-0.50	400-500	destroyed	2	0.600	0.000
all-chaff	drussgt	800-1000	0.20-0.50	400-500	hit	1	0.350	1.400
all-chaff	drussgt	800-1000	0.20-0.50	400-500	miss	3	0.950	0.000
all-chaff	drussgt	800-1000	0.20-0.50	500-600	destroyed	2	0.800	0.000
all-chaff	drussgt	800-1000	0.20-0.50	500-600	hit	3	0.950	3.800
all-chaff	drussgt	800-1000	0.20-0.50	500-600	miss	14	4.700	0.000
all-chaff	drussgt	800-1000	0.50-1.00	400-500	miss	6	4.300	0.000
all-chaff	drussgt	800-1000	0.50-1.00	500-600	destroyed	2	1.500	0.000
all-chaff	drussgt	800-1000	0.50-1.00	500-600	hit	1	0.650	2.600
all-chaff	drussgt	800-1000	0.50-1.00	500-600	miss	6	4.600	0.000
all-chaff	drussgt	800-1000	1.00-1.70	300-400	miss	1	1.150	0.000
all-chaff	drussgt	800-1000	1.00-1.70	500-600	destroyed	1	1.150	0.000
all-chaff	drussgt	800-1000	1.00-1.70	500-600	miss	2	2.300	0.000
all-chaff	hadur	0-200	0.10-0.20	200-300	hit	3	0.300	1.200
all-chaff	hadur	0-200	0.10-0.20	200-300	miss	8	0.800	0.000
all-chaff	hadur	0-200	0.10-0.20	300-400	destroyed	12	1.200	0.000
all-chaff	hadur	0-200	0.10-0.20	300-400	hit	11	1.100	4.400
all-chaff	hadur	0-200	0.10-0.20	300-400	miss	112	11.200	0.000
all-chaff	hadur	0-200	0.10-0.20	400-500	destroyed	109	10.900	0.000
all-chaff	hadur	0-200	0.10-0.20	400-500	hit	67	6.700	26.800
all-chaff	hadur	0-200	0.10-0.20	400-500	miss	643	64.300	0.000
all-chaff	hadur	0-200	0.10-0.20	500-600	destroyed	65	6.500	0.000
all-chaff	hadur	0-200	0.10-0.20	500-600	hit	54	5.400	21.600
all-chaff	hadur	0-200	0.10-0.20	500-600	miss	487	48.700	0.000
all-chaff	hadur	0-200	0.10-0.20	600-1000	destroyed	6	0.600	0.000
all-chaff	hadur	0-200	0.10-0.20	600-1000	hit	3	0.300	1.200
all-chaff	hadur	0-200	0.10-0.20	600-1000	miss	47	4.700	0.000
all-chaff	hadur	0-200	1.00-1.70	200-300	hit	1	1.000	4.000
all-chaff	hadur	0-200	1.00-1.70	200-300	miss	1	1.000	0.000
all-chaff	hadur	0-200	1.00-1.70	300-400	hit	1	1.000	4.000
all-chaff	hadur	0-200	1.00-1.70	300-400	miss	3	3.000	0.000
all-chaff	hadur	0-200	1.00-1.70	400-500	destroyed	1	1.000	0.000
all-chaff	hadur	0-200	1.00-1.70	400-500	miss	1	1.000	0.000
all-chaff	hadur	0-200	2.20-3.00	300-400	destroyed	1	3.000	0.000
all-chaff	hadur	0-200	2.20-3.00	400-500	destroyed	13	39.000	0.000
all-chaff	hadur	0-200	2.20-3.00	400-500	hit	4	12.000	64.000
all-chaff	hadur	0-200	2.20-3.00	400-500	miss	2	6.000	0.000
all-chaff	hadur	0-200	2.20-3.00	500-600	hit	2	6.000	32.000
all-chaff	hadur	0-200	2.20-3.00	500-600	miss	6	18.000	0.000
all-chaff	hadur	1000+	0.10-0.20	0-200	destroyed	1	0.100	0.000
all-chaff	hadur	1000+	0.10-0.20	0-200	hit	4	0.400	1.600
all-chaff	hadur	1000+	0.10-0.20	0-200	miss	16	1.600	0.000
all-chaff	hadur	1000+	0.10-0.20	200-300	destroyed	23	2.300	0.000
all-chaff	hadur	1000+	0.10-0.20	200-300	hit	24	2.400	9.600
all-chaff	hadur	1000+	0.10-0.20	200-300	miss	223	22.300	0.000
all-chaff	hadur	1000+	0.10-0.20	300-400	destroyed	420	42.000	0.000
all-chaff	hadur	1000+	0.10-0.20	300-400	hit	263	26.300	105.200
all-chaff	hadur	1000+	0.10-0.20	300-400	miss	2089	208.900	0.000
all-chaff	hadur	1000+	0.10-0.20	400-500	destroyed	3148	314.800	0.000
all-chaff	hadur	1000+	0.10-0.20	400-500	hit	1855	185.500	742.000
all-chaff	hadur	1000+	0.10-0.20	400-500	miss	18390	1839.000	0.000
all-chaff	hadur	1000+	0.10-0.20	500-600	destroyed	3485	348.500	0.000
all-chaff	hadur	1000+	0.10-0.20	500-600	hit	2243	224.300	897.200
all-chaff	hadur	1000+	0.10-0.20	500-600	miss	24275	2427.500	0.000
all-chaff	hadur	1000+	0.10-0.20	500-600	open	11	1.100	0.000
all-chaff	hadur	1000+	0.10-0.20	600-1000	destroyed	197	19.700	0.000
all-chaff	hadur	1000+	0.10-0.20	600-1000	hit	139	13.900	55.600
all-chaff	hadur	1000+	0.10-0.20	600-1000	miss	1700	170.000	0.000
all-chaff	hadur	1000+	0.10-0.20	600-1000	open	3	0.300	0.000
all-chaff	hadur	1000+	0.20-0.50	300-400	miss	1	0.300	0.000
all-chaff	hadur	1000+	1.00-1.70	300-400	destroyed	3	3.000	0.000
all-chaff	hadur	1000+	1.00-1.70	300-400	miss	36	36.000	0.000
all-chaff	hadur	1000+	1.00-1.70	400-500	destroyed	1	1.000	0.000
all-chaff	hadur	1000+	1.00-1.70	400-500	hit	4	4.000	16.000
all-chaff	hadur	1000+	1.00-1.70	400-500	miss	35	35.000	0.000
all-chaff	hadur	1000+	1.00-1.70	500-600	miss	3	3.000	0.000
all-chaff	hadur	1000+	1.70-2.20	400-500	miss	1	1.830	0.000
all-chaff	hadur	1000+	1.70-2.20	500-600	hit	1	1.740	8.440
all-chaff	hadur	1000+	1.70-2.20	500-600	miss	1	1.770	0.000
all-chaff	hadur	1000+	1.70-2.20	600-1000	miss	1	1.850	0.000
all-chaff	hadur	1000+	2.20-3.00	300-400	destroyed	1	2.500	0.000
all-chaff	hadur	1000+	2.20-3.00	300-400	hit	1	3.000	16.000
all-chaff	hadur	1000+	2.20-3.00	300-400	miss	3	9.000	0.000
all-chaff	hadur	1000+	2.20-3.00	400-500	destroyed	1	3.000	0.000
all-chaff	hadur	1000+	2.20-3.00	400-500	miss	30	89.390	0.000
all-chaff	hadur	1000+	2.20-3.00	500-600	destroyed	7	20.820	0.000
all-chaff	hadur	1000+	2.20-3.00	500-600	miss	49	146.530	0.000
all-chaff	hadur	1000+	2.20-3.00	600-1000	hit	1	3.000	16.000
all-chaff	hadur	1000+	2.20-3.00	600-1000	miss	9	27.000	0.000
all-chaff	hadur	200-400	0.10-0.20	0-200	hit	1	0.100	0.400
all-chaff	hadur	200-400	0.10-0.20	200-300	destroyed	1	0.100	0.000
all-chaff	hadur	200-400	0.10-0.20	200-300	miss	5	0.500	0.000
all-chaff	hadur	200-400	0.10-0.20	300-400	destroyed	11	1.100	0.000
all-chaff	hadur	200-400	0.10-0.20	300-400	hit	6	0.600	2.400
all-chaff	hadur	200-400	0.10-0.20	300-400	miss	58	5.800	0.000
all-chaff	hadur	200-400	0.10-0.20	400-500	destroyed	81	8.100	0.000
all-chaff	hadur	200-400	0.10-0.20	400-500	hit	47	4.700	18.800
all-chaff	hadur	200-400	0.10-0.20	400-500	miss	527	52.700	0.000
all-chaff	hadur	200-400	0.10-0.20	500-600	destroyed	123	12.300	0.000
all-chaff	hadur	200-400	0.10-0.20	500-600	hit	74	7.400	29.600
all-chaff	hadur	200-400	0.10-0.20	500-600	miss	834	83.400	0.000
all-chaff	hadur	200-400	0.10-0.20	600-1000	destroyed	7	0.700	0.000
all-chaff	hadur	200-400	0.10-0.20	600-1000	hit	7	0.700	2.800
all-chaff	hadur	200-400	0.10-0.20	600-1000	miss	71	7.100	0.000
all-chaff	hadur	200-400	1.00-1.70	0-200	miss	1	1.000	0.000
all-chaff	hadur	200-400	1.00-1.70	200-300	miss	4	4.000	0.000
all-chaff	hadur	200-400	1.00-1.70	300-400	miss	8	8.000	0.000
all-chaff	hadur	200-400	1.00-1.70	400-500	destroyed	1	1.000	0.000
all-chaff	hadur	200-400	1.00-1.70	400-500	miss	11	11.000	0.000
all-chaff	hadur	200-400	2.20-3.00	500-600	destroyed	1	3.000	0.000
all-chaff	hadur	200-400	2.20-3.00	500-600	hit	2	6.000	32.000
all-chaff	hadur	200-400	2.20-3.00	600-1000	miss	1	3.000	0.000
all-chaff	hadur	400-600	0.10-0.20	0-200	miss	3	0.300	0.000
all-chaff	hadur	400-600	0.10-0.20	200-300	destroyed	1	0.100	0.000
all-chaff	hadur	400-600	0.10-0.20	200-300	miss	7	0.700	0.000
all-chaff	hadur	400-600	0.10-0.20	300-400	destroyed	10	1.000	0.000
all-chaff	hadur	400-600	0.10-0.20	300-400	hit	5	0.500	2.000
all-chaff	hadur	400-600	0.10-0.20	300-400	miss	42	4.200	0.000
all-chaff	hadur	400-600	0.10-0.20	400-500	destroyed	94	9.400	0.000
all-chaff	hadur	400-600	0.10-0.20	400-500	hit	44	4.400	17.600
all-chaff	hadur	400-600	0.10-0.20	400-500	miss	570	57.000	0.000
all-chaff	hadur	400-600	0.10-0.20	500-600	destroyed	121	12.100	0.000
all-chaff	hadur	400-600	0.10-0.20	500-600	hit	77	7.700	30.800
all-chaff	hadur	400-600	0.10-0.20	500-600	miss	767	76.700	0.000
all-chaff	hadur	400-600	0.10-0.20	600-1000	destroyed	6	0.600	0.000
all-chaff	hadur	400-600	0.10-0.20	600-1000	hit	10	1.000	4.000
all-chaff	hadur	400-600	0.10-0.20	600-1000	miss	93	9.300	0.000
all-chaff	hadur	400-600	0.50-1.00	300-400	miss	1	0.500	0.000
all-chaff	hadur	400-600	1.00-1.70	300-400	destroyed	1	1.000	0.000
all-chaff	hadur	400-600	1.00-1.70	300-400	miss	10	10.000	0.000
all-chaff	hadur	400-600	1.00-1.70	400-500	destroyed	1	1.000	0.000
all-chaff	hadur	400-600	1.00-1.70	400-500	miss	15	15.000	0.000
all-chaff	hadur	400-600	2.20-3.00	500-600	destroyed	1	3.000	0.000
all-chaff	hadur	400-600	2.20-3.00	500-600	miss	4	12.000	0.000
all-chaff	hadur	600-800	0.10-0.20	200-300	miss	1	0.100	0.000
all-chaff	hadur	600-800	0.10-0.20	300-400	destroyed	13	1.300	0.000
all-chaff	hadur	600-800	0.10-0.20	300-400	hit	5	0.500	2.000
all-chaff	hadur	600-800	0.10-0.20	300-400	miss	67	6.700	0.000
all-chaff	hadur	600-800	0.10-0.20	400-500	destroyed	102	10.200	0.000
all-chaff	hadur	600-800	0.10-0.20	400-500	hit	53	5.300	21.200
all-chaff	hadur	600-800	0.10-0.20	400-500	miss	580	58.000	0.000
all-chaff	hadur	600-800	0.10-0.20	500-600	destroyed	103	10.300	0.000
all-chaff	hadur	600-800	0.10-0.20	500-600	hit	79	7.900	31.600
all-chaff	hadur	600-800	0.10-0.20	500-600	miss	769	76.900	0.000
all-chaff	hadur	600-800	0.10-0.20	600-1000	destroyed	3	0.300	0.000
all-chaff	hadur	600-800	0.10-0.20	600-1000	hit	3	0.300	1.200
all-chaff	hadur	600-800	0.10-0.20	600-1000	miss	60	6.000	0.000
all-chaff	hadur	600-800	1.00-1.70	200-300	miss	3	3.000	0.000
all-chaff	hadur	600-800	1.00-1.70	300-400	miss	7	7.000	0.000
all-chaff	hadur	600-800	1.00-1.70	400-500	miss	5	5.000	0.000
all-chaff	hadur	600-800	2.20-3.00	400-500	miss	2	6.000	0.000
all-chaff	hadur	600-800	2.20-3.00	500-600	destroyed	1	3.000	0.000
all-chaff	hadur	600-800	2.20-3.00	500-600	miss	7	21.000	0.000
all-chaff	hadur	800-1000	0.10-0.20	200-300	miss	1	0.100	0.000
all-chaff	hadur	800-1000	0.10-0.20	300-400	destroyed	11	1.100	0.000
all-chaff	hadur	800-1000	0.10-0.20	300-400	hit	5	0.500	2.000
all-chaff	hadur	800-1000	0.10-0.20	300-400	miss	58	5.800	0.000
all-chaff	hadur	800-1000	0.10-0.20	400-500	destroyed	110	11.000	0.000
all-chaff	hadur	800-1000	0.10-0.20	400-500	hit	53	5.300	21.200
all-chaff	hadur	800-1000	0.10-0.20	400-500	miss	582	58.200	0.000
all-chaff	hadur	800-1000	0.10-0.20	500-600	destroyed	116	11.600	0.000
all-chaff	hadur	800-1000	0.10-0.20	500-600	hit	62	6.200	24.800
all-chaff	hadur	800-1000	0.10-0.20	500-600	miss	744	74.400	0.000
all-chaff	hadur	800-1000	0.10-0.20	600-1000	destroyed	8	0.800	0.000
all-chaff	hadur	800-1000	0.10-0.20	600-1000	hit	8	0.800	3.200
all-chaff	hadur	800-1000	0.10-0.20	600-1000	miss	95	9.500	0.000
all-chaff	hadur	800-1000	0.50-1.00	300-400	miss	1	0.500	0.000
all-chaff	hadur	800-1000	1.00-1.70	300-400	miss	1	1.000	0.000
all-chaff	hadur	800-1000	1.00-1.70	400-500	destroyed	1	1.000	0.000
all-chaff	hadur	800-1000	1.00-1.70	400-500	miss	4	4.000	0.000
all-chaff	hadur	800-1000	2.20-3.00	500-600	hit	1	3.000	16.000
all-chaff	hadur	800-1000	2.20-3.00	500-600	miss	3	9.000	0.000
hold-fire	drussgt	0-200	0.50-1.00	400-500	destroyed	1	0.950	0.000
hold-fire	drussgt	0-200	0.50-1.00	500-600	destroyed	2	1.570	0.000
hold-fire	drussgt	0-200	1.00-1.70	300-400	miss	1	1.150	0.000
hold-fire	drussgt	0-200	1.00-1.70	400-500	destroyed	1	1.370	0.000
hold-fire	drussgt	0-200	1.00-1.70	400-500	miss	6	7.960	0.000
hold-fire	drussgt	0-200	1.00-1.70	500-600	destroyed	1	1.440	0.000
hold-fire	drussgt	0-200	1.00-1.70	500-600	miss	3	3.680	0.000
hold-fire	drussgt	0-200	1.70-2.20	200-300	hit	2	3.900	19.400
hold-fire	drussgt	0-200	1.70-2.20	200-300	miss	4	7.800	0.000
hold-fire	drussgt	0-200	1.70-2.20	300-400	destroyed	1	1.950	0.000
hold-fire	drussgt	0-200	1.70-2.20	300-400	hit	35	68.250	339.500
hold-fire	drussgt	0-200	1.70-2.20	300-400	miss	339	661.050	0.000
hold-fire	drussgt	0-200	1.70-2.20	400-500	hit	36	70.200	349.200
hold-fire	drussgt	0-200	1.70-2.20	400-500	miss	338	658.880	0.000
hold-fire	drussgt	0-200	1.70-2.20	500-600	hit	5	9.750	48.500
hold-fire	drussgt	0-200	1.70-2.20	500-600	miss	59	115.050	0.000
hold-fire	drussgt	0-200	1.70-2.20	600-1000	miss	4	7.800	0.000
hold-fire	drussgt	1000+	0.10-0.20	200-300	hit	47	7.050	28.200
hold-fire	drussgt	1000+	0.10-0.20	200-300	miss	115	17.250	0.000
hold-fire	drussgt	1000+	0.10-0.20	300-400	destroyed	12	1.800	0.000
hold-fire	drussgt	1000+	0.10-0.20	300-400	hit	1505	225.750	903.000
hold-fire	drussgt	1000+	0.10-0.20	300-400	miss	7053	1057.950	0.000
hold-fire	drussgt	1000+	0.10-0.20	400-500	destroyed	7	1.050	0.000
hold-fire	drussgt	1000+	0.10-0.20	400-500	hit	753	112.950	451.800
hold-fire	drussgt	1000+	0.10-0.20	400-500	miss	4095	614.250	0.000
hold-fire	drussgt	1000+	0.10-0.20	500-600	destroyed	1	0.150	0.000
hold-fire	drussgt	1000+	0.10-0.20	500-600	hit	38	5.700	22.800
hold-fire	drussgt	1000+	0.10-0.20	500-600	miss	192	28.800	0.000
hold-fire	drussgt	1000+	0.10-0.20	600-1000	miss	2	0.300	0.000
hold-fire	drussgt	1000+	0.20-0.50	200-300	hit	3	0.950	3.800
hold-fire	drussgt	1000+	0.20-0.50	200-300	miss	6	1.800	0.000
hold-fire	drussgt	1000+	0.20-0.50	300-400	destroyed	4	1.400	0.000
hold-fire	drussgt	1000+	0.20-0.50	300-400	hit	266	83.700	334.800
hold-fire	drussgt	1000+	0.20-0.50	300-400	miss	1315	421.550	0.000
hold-fire	drussgt	1000+	0.20-0.50	400-500	destroyed	1	0.250	0.000
hold-fire	drussgt	1000+	0.20-0.50	400-500	hit	105	34.450	137.800
hold-fire	drussgt	1000+	0.20-0.50	400-500	miss	654	216.600	0.000
hold-fire	drussgt	1000+	0.20-0.50	500-600	hit	2	0.500	2.000
hold-fire	drussgt	1000+	0.20-0.50	500-600	miss	11	3.350	0.000
hold-fire	drussgt	1000+	0.50-1.00	300-400	hit	24	16.600	66.400
hold-fire	drussgt	1000+	0.50-1.00	300-400	miss	120	87.400	0.000
hold-fire	drussgt	1000+	0.50-1.00	400-500	destroyed	1	0.850	0.000
hold-fire	drussgt	1000+	0.50-1.00	400-500	hit	6	4.700	18.800
hold-fire	drussgt	1000+	0.50-1.00	400-500	miss	80	59.100	0.000
hold-fire	drussgt	1000+	0.50-1.00	500-600	hit	2	1.300	5.200
hold-fire	drussgt	1000+	0.50-1.00	500-600	miss	5	3.850	0.000
hold-fire	drussgt	1000+	1.00-1.70	300-400	hit	5	5.750	24.500
hold-fire	drussgt	1000+	1.00-1.70	300-400	miss	22	25.300	0.000
hold-fire	drussgt	1000+	1.00-1.70	400-500	hit	4	4.600	19.600
hold-fire	drussgt	1000+	1.00-1.70	400-500	miss	14	16.100	0.000
hold-fire	drussgt	200-400	0.50-1.00	300-400	miss	2	1.900	0.000
hold-fire	drussgt	200-400	1.00-1.70	300-400	hit	16	18.400	78.400
hold-fire	drussgt	200-400	1.00-1.70	300-400	miss	79	90.850	0.000
hold-fire	drussgt	200-400	1.00-1.70	400-500	hit	8	9.200	39.200
hold-fire	drussgt	200-400	1.00-1.70	400-500	miss	59	67.850	0.000
hold-fire	drussgt	200-400	1.00-1.70	500-600	miss	4	4.600	0.000
hold-fire	drussgt	200-400	1.70-2.20	300-400	destroyed	1	1.950	0.000
hold-fire	drussgt	200-400	1.70-2.20	300-400	hit	74	144.300	717.800
hold-fire	drussgt	200-400	1.70-2.20	300-400	miss	480	936.000	0.000
hold-fire	drussgt	200-400	1.70-2.20	400-500	hit	24	46.800	232.800
hold-fire	drussgt	200-400	1.70-2.20	400-500	miss	241	469.950	0.000
hold-fire	drussgt	200-400	1.70-2.20	500-600	hit	1	1.950	9.700
hold-fire	drussgt	200-400	1.70-2.20	500-600	miss	21	40.950	0.000
hold-fire	drussgt	200-400	1.70-2.20	600-1000	miss	1	1.950	0.000
hold-fire	drussgt	400-600	0.50-1.00	200-300	miss	2	1.900	0.000
hold-fire	drussgt	400-600	0.50-1.00	300-400	hit	21	18.150	72.600
hold-fire	drussgt	400-600	0.50-1.00	300-400	miss	108	96.600	0.000
hold-fire	drussgt	400-600	0.50-1.00	400-500	hit	8	7.500	30.000
hold-fire	drussgt	400-600	0.50-1.00	400-500	miss	53	48.050	0.000
hold-fire	drussgt	400-600	1.00-1.70	300-400	hit	40	46.000	196.000
hold-fire	drussgt	400-600	1.00-1.70	300-400	miss	284	326.600	0.000
hold-fire	drussgt	400-600	1.00-1.70	400-500	hit	29	33.350	142.100
hold-fire	drussgt	400-600	1.00-1.70	400-500	miss	201	231.150	0.000
hold-fire	drussgt	400-600	1.00-1.70	500-600	hit	1	1.150	4.900
hold-fire	drussgt	400-600	1.00-1.70	500-600	miss	6	6.900	0.000
hold-fire	drussgt	400-600	1.70-2.20	300-400	hit	25	48.750	242.500
hold-fire	drussgt	400-600	1.70-2.20	300-400	miss	166	323.700	0.000
hold-fire	drussgt	400-600	1.70-2.20	400-500	hit	7	13.650	67.900
hold-fire	drussgt	400-600	1.70-2.20	400-500	miss	98	191.100	0.000
hold-fire	drussgt	400-600	1.70-2.20	500-600	miss	8	15.600	0.000
hold-fire	drussgt	600-800	0.10-0.20	300-400	hit	1	0.150	0.600
hold-fire	drussgt	600-800	0.10-0.20	300-400	miss	1	0.150	0.000
hold-fire	drussgt	600-800	0.20-0.50	300-400	hit	3	1.350	5.400
hold-fire	drussgt	600-800	0.20-0.50	300-400	miss	16	7.200	0.000
hold-fire	drussgt	600-800	0.20-0.50	400-500	hit	3	1.350	5.400
hold-fire	drussgt	600-800	0.20-0.50	400-500	miss	15	6.650	0.000
hold-fire	drussgt	600-800	0.50-1.00	300-400	destroyed	1	0.950	0.000
hold-fire	drussgt	600-800	0.50-1.00	300-400	hit	73	57.650	230.600
hold-fire	drussgt	600-800	0.50-1.00	300-400	miss	410	328.000	0.000
hold-fire	drussgt	600-800	0.50-1.00	400-500	hit	34	26.200	104.800
hold-fire	drussgt	600-800	0.50-1.00	400-500	miss	225	179.650	0.000
hold-fire	drussgt	600-800	0.50-1.00	500-600	hit	2	1.900	7.600
hold-fire	drussgt	600-800	0.50-1.00	500-600	miss	11	8.350	0.000
hold-fire	drussgt	600-800	1.00-1.70	300-400	hit	24	27.600	117.600
hold-fire	drussgt	600-800	1.00-1.70	300-400	miss	100	115.000	0.000
hold-fire	drussgt	600-800	1.00-1.70	400-500	hit	7	8.050	34.300
hold-fire	drussgt	600-800	1.00-1.70	400-500	miss	67	77.050	0.000
hold-fire	drussgt	600-800	1.00-1.70	500-600	miss	4	4.600	0.000
hold-fire	drussgt	600-800	1.70-2.20	300-400	hit	13	25.350	126.100
hold-fire	drussgt	600-800	1.70-2.20	300-400	miss	51	99.450	0.000
hold-fire	drussgt	600-800	1.70-2.20	400-500	hit	3	5.850	29.100
hold-fire	drussgt	600-800	1.70-2.20	400-500	miss	20	39.000	0.000
hold-fire	drussgt	600-800	1.70-2.20	500-600	miss	6	11.700	0.000
hold-fire	drussgt	800-1000	0.10-0.20	300-400	miss	5	0.750	0.000
hold-fire	drussgt	800-1000	0.10-0.20	400-500	miss	4	0.600	0.000
hold-fire	drussgt	800-1000	0.20-0.50	300-400	destroyed	2	0.900	0.000
hold-fire	drussgt	800-1000	0.20-0.50	300-400	hit	55	23.550	94.200
hold-fire	drussgt	800-1000	0.20-0.50	300-400	miss	272	116.700	0.000
hold-fire	drussgt	800-1000	0.20-0.50	400-500	hit	29	12.350	49.400
hold-fire	drussgt	800-1000	0.20-0.50	400-500	miss	135	56.450	0.000
hold-fire	drussgt	800-1000	0.20-0.50	500-600	miss	13	5.650	0.000
hold-fire	drussgt	800-1000	0.50-1.00	300-400	destroyed	2	1.300	0.000
hold-fire	drussgt	800-1000	0.50-1.00	300-400	hit	53	38.050	152.200
hold-fire	drussgt	800-1000	0.50-1.00	300-400	miss	262	186.800	0.000
hold-fire	drussgt	800-1000	0.50-1.00	400-500	hit	23	16.850	67.400
hold-fire	drussgt	800-1000	0.50-1.00	400-500	miss	131	92.450	0.000
hold-fire	drussgt	800-1000	0.50-1.00	500-600	miss	2	1.900	0.000
hold-fire	drussgt	800-1000	1.00-1.70	300-400	hit	9	10.350	44.100
hold-fire	drussgt	800-1000	1.00-1.70	300-400	miss	43	49.450	0.000
hold-fire	drussgt	800-1000	1.00-1.70	400-500	hit	2	2.300	9.800
hold-fire	drussgt	800-1000	1.00-1.70	400-500	miss	29	33.350	0.000
hold-fire	drussgt	800-1000	1.00-1.70	500-600	miss	1	1.150	0.000
hold-fire	drussgt	800-1000	1.70-2.20	300-400	miss	1	1.950	0.000
hold-fire	drussgt	800-1000	1.70-2.20	400-500	hit	1	1.950	9.700
hold-fire	drussgt	800-1000	1.70-2.20	400-500	miss	2	3.900	0.000
hold-fire	hadur	0-200	1.70-2.20	300-400	miss	1	1.950	0.000
hold-fire	hadur	0-200	1.70-2.20	400-500	destroyed	3	5.850	0.000
hold-fire	hadur	0-200	1.70-2.20	400-500	hit	5	9.750	48.500
hold-fire	hadur	0-200	1.70-2.20	500-600	destroyed	2	3.900	0.000
hold-fire	hadur	0-200	1.70-2.20	500-600	hit	1	1.950	9.700
hold-fire	hadur	1000+	0.10-0.20	0-200	miss	164	16.400	0.000
hold-fire	hadur	1000+	0.10-0.20	200-300	miss	45	4.500	0.000
hold-fire	hadur	1000+	0.10-0.20	300-400	destroyed	1	0.100	0.000
hold-fire	hadur	1000+	0.10-0.20	300-400	hit	2	0.200	0.800
hold-fire	hadur	1000+	0.10-0.20	300-400	miss	64	6.440	0.000
hold-fire	hadur	1000+	0.10-0.20	400-500	destroyed	3	0.300	0.000
hold-fire	hadur	1000+	0.10-0.20	400-500	miss	56	5.600	0.000
hold-fire	hadur	1000+	0.10-0.20	500-600	miss	3	0.300	0.000
hold-fire	hadur	1000+	0.20-0.50	300-400	miss	4	1.550	0.000
hold-fire	hadur	1000+	0.50-1.00	300-400	hit	1	0.530	2.120
hold-fire	hadur	1000+	0.50-1.00	300-400	miss	3	2.580	0.000
hold-fire	hadur	1000+	0.50-1.00	400-500	destroyed	1	0.550	0.000
hold-fire	hadur	1000+	0.50-1.00	400-500	miss	4	2.790	0.000
hold-fire	hadur	1000+	1.00-1.70	300-400	hit	1	1.290	5.740
hold-fire	hadur	1000+	1.00-1.70	300-400	miss	4	5.800	0.000
hold-fire	hadur	1000+	1.00-1.70	400-500	miss	2	3.190	0.000
hold-fire	hadur	1000+	1.70-2.20	300-400	destroyed	3	5.850	0.000
hold-fire	hadur	1000+	1.70-2.20	300-400	miss	15	29.250	0.000
hold-fire	hadur	1000+	1.70-2.20	400-500	destroyed	1	1.950	0.000
hold-fire	hadur	1000+	1.70-2.20	400-500	hit	1	1.950	9.700
hold-fire	hadur	1000+	1.70-2.20	400-500	miss	10	19.500	0.000
hold-fire	hadur	1000+	1.70-2.20	500-600	miss	1	1.950	0.000
hold-fire	hadur	200-400	0.20-0.50	400-500	miss	1	0.260	0.000
hold-fire	hadur	200-400	1.70-2.20	300-400	destroyed	1	1.950	0.000
hold-fire	hadur	400-600	1.00-1.70	400-500	miss	1	1.070	0.000
hold-fire	hadur	400-600	1.70-2.20	300-400	miss	1	1.790	0.000
hold-fire	hadur	600-800	1.70-2.20	400-500	miss	1	1.950	0.000
hold-fire	hadur	800-1000	1.70-2.20	300-400	destroyed	1	1.950	0.000
hold-fire	hadur	800-1000	1.70-2.20	300-400	miss	2	3.900	0.000
hold-fire	hadur	800-1000	1.70-2.20	400-500	destroyed	1	1.950	0.000
hold-fire	hadur	800-1000	1.70-2.20	400-500	hit	1	1.950	9.700
