build	opponent	role	rank	seed	ok	rounds	score	theirScore	firsts	survival	theirSurvival	bulletDamage	theirBulletDamage	skippedTurns	turns	turnP50Ms	turnP95Ms	turnMaxMs	roundRecords	faults	faultRecords	ourHitRate	theirHitRate	phantomWaves	enemyShots	unseenShots	inferredWaves	matchedWaves	radarReacquired	hiddenShots	profileFound	memoryFailures	seedsEvicted	bulletsIntercepted	jitteredShots	shotsFired	tiers	openingGun	gunSeed	surfSeed	seedDecays	openingDistance	meanDistance	targetDistance	roundTicks	finishTicks	ramTicks	fullPowerShots	maxLevel	slowTicks	shadowedWaves	interceptsShadowed	flavourChanges	flavourStep	errors	duressTicks	engineDisables	securityErrors	rShortfall	finalRMissing	hostCpuMin	hostCpuMean	hostCpuMax	otherJvms	reference	ramDamage	theirRamDamage	ramDamageBonus	theirRamDamageBonus	bulletDamageBonus	theirBulletDamageBonus	lastSurvivorBonus	theirLastSurvivorBonus	engineRoundTicks	score_share	survival_share
jd.Nullstride 2.3.3	KiraNL.ChupaLite 0.4	mid-shield		1	true	35	2100.000	0.000	35	1750.000	0.000	0.000	0.000	0	31638	0.104	0.206	9.144	0	0	0	NaN	NaN	0	1714	35	0	0	0	0	0	0	0	0	0	0	-	-	0	0	0	-	NaN	NaN	NaN	0	0	0	0	0	0	0	0	0		-1	0	0	35	1	0.375	0.473	0.542	0	1	0.000	0.000	0.000	0.000	0.000	0.000	350.000	0.000	903.943	1.0000	1.0000
jd.Nullstride 2.3.3	KiraNL.ChupaLite 0.4	mid-shield		2	true	35	2100.000	0.000	35	1750.000	0.000	0.000	0.000	0	31611	0.083	0.173	7.785	0	0	0	NaN	NaN	0	1714	35	0	0	0	0	0	0	0	0	0	0	-	-	0	0	0	-	NaN	NaN	NaN	0	0	0	0	0	0	0	0	0		-1	0	0	35	1	0.356	0.406	0.439	0	1	0.000	0.000	0.000	0.000	0.000	0.000	350.000	0.000	903.171	1.0000	1.0000
jd.Nullstride 2.3.3	KiraNL.ChupaLite 0.4	mid-shield		3	true	35	2100.000	0.000	35	1750.000	0.000	0.000	0.000	0	31644	0.105	0.203	9.051	0	0	0	NaN	NaN	0	1708	35	0	0	0	0	0	0	0	0	0	0	-	-	0	0	0	-	NaN	NaN	NaN	0	0	0	0	0	0	0	0	0		-1	0	0	35	1	0.375	0.473	0.542	0	1	0.000	0.000	0.000	0.000	0.000	0.000	350.000	0.000	904.114	1.0000	1.0000
jd.Nullstride 2.3.3	KiraNL.ChupaLite 0.4	mid-shield		4	true	35	2100.000	0.000	35	1750.000	0.000	0.000	0.000	0	31656	0.082	0.171	9.224	0	0	0	NaN	NaN	0	1709	35	0	0	0	0	0	0	0	0	0	0	-	-	0	0	0	-	NaN	NaN	NaN	0	0	0	0	0	0	0	0	0		-1	0	0	35	1	0.377	0.418	0.439	0	1	0.000	0.000	0.000	0.000	0.000	0.000	350.000	0.000	904.457	1.0000	1.0000
jd.Nullstride 2.3.3	KiraNL.ChupaLite 0.4	mid-shield		5	true	35	2100.000	0.000	35	1750.000	0.000	0.000	0.000	0	31511	0.102	0.208	9.948	0	0	0	NaN	NaN	0	1701	35	0	0	0	0	0	0	0	0	0	0	-	-	0	0	0	-	NaN	NaN	NaN	0	0	0	0	0	0	0	0	0		-1	0	0	35	1	0.375	0.473	0.542	0	1	0.000	0.000	0.000	0.000	0.000	0.000	350.000	0.000	900.314	1.0000	1.0000
jd.Nullstride 2.3.3	KiraNL.ChupaLite 0.4	mid-shield		6	true	35	2100.000	0.000	35	1750.000	0.000	0.000	0.000	0	31645	0.080	0.171	7.262	0	0	0	NaN	NaN	0	1715	35	0	0	0	0	0	0	0	0	0	0	-	-	0	0	0	-	NaN	NaN	NaN	0	0	0	0	0	0	0	0	0		-1	0	0	35	1	0.427	0.444	0.482	0	1	0.000	0.000	0.000	0.000	0.000	0.000	350.000	0.000	904.143	1.0000	1.0000
jd.Nullstride 2.3.3	KiraNL.ChupaLite 0.4	mid-shield		7	true	35	2100.000	0.000	35	1750.000	0.000	0.000	0.000	0	31708	0.105	0.208	9.661	0	0	0	NaN	NaN	0	1714	35	0	0	0	0	0	0	0	0	0	0	-	-	0	0	0	-	NaN	NaN	NaN	0	0	0	0	0	0	0	0	0		-1	0	0	35	1	0.375	0.473	0.542	0	1	0.000	0.000	0.000	0.000	0.000	0.000	350.000	0.000	905.943	1.0000	1.0000
jd.Nullstride 2.3.3	KiraNL.ChupaLite 0.4	mid-shield		8	true	35	2100.000	0.000	35	1750.000	0.000	0.000	0.000	0	31653	0.079	0.160	9.409	0	0	0	NaN	NaN	0	1713	35	0	0	0	0	0	0	0	0	0	0	-	-	0	0	0	-	NaN	NaN	NaN	0	0	0	0	0	0	0	0	0		-1	0	0	35	1	0.356	0.397	0.429	0	1	0.000	0.000	0.000	0.000	0.000	0.000	350.000	0.000	904.371	1.0000	1.0000
jd.Nullstride 2.3.3	ak.Fermat 2.0	mid-shield		1	true	35	2100.000	0.000	35	1750.000	0.000	0.000	0.000	0	37703	0.326	0.537	11.408	0	0	0	NaN	NaN	0	1607	18	0	0	0	0	0	0	0	0	0	0	-	-	0	0	0	-	NaN	NaN	NaN	0	0	0	0	0	0	0	0	0		-1	0	0	35	1	0.356	0.439	0.542	0	1	0.000	0.000	0.000	0.000	0.000	0.000	350.000	0.000	1077.229	1.0000	1.0000
jd.Nullstride 2.3.3	ak.Fermat 2.0	mid-shield		2	true	35	2100.000	0.000	35	1750.000	0.000	0.000	0.000	0	37472	0.314	0.496	11.129	0	0	0	NaN	NaN	0	1570	18	0	0	0	0	0	0	0	0	0	0	-	-	0	0	0	-	NaN	NaN	NaN	0	0	0	0	0	0	0	0	0		-1	0	0	35	1	0.346	0.432	0.534	0	1	0.000	0.000	0.000	0.000	0.000	0.000	350.000	0.000	1070.629	1.0000	1.0000
jd.Nullstride 2.3.3	ak.Fermat 2.0	mid-shield		3	true	35	2921.000	545.000	33	1650.000	100.000	785.000	391.000	9	27521	0.370	0.946	43.865	0	0	0	NaN	NaN	0	1267	13	0	0	0	0	0	0	0	0	0	0	-	-	0	0	0	-	NaN	NaN	NaN	0	0	0	0	0	0	0	0	0		-1	0	0	35	1	0.356	0.439	0.542	0	1	0.000	0.000	0.000	0.000	156.000	34.000	330.000	20.000	786.314	0.8428	0.9429
jd.Nullstride 2.3.3	ak.Fermat 2.0	mid-shield		4	true	35	2100.000	12.000	35	1750.000	0.000	0.000	12.000	0	36731	0.315	0.482	11.165	0	0	0	NaN	NaN	0	1565	20	0	0	0	0	0	0	0	0	0	0	-	-	0	0	0	-	NaN	NaN	NaN	0	0	0	0	0	0	0	0	0		-1	0	0	35	1	0.346	0.432	0.534	0	1	0.000	0.000	0.000	0.000	0.000	0.000	350.000	0.000	1049.457	0.9943	1.0000
jd.Nullstride 2.3.3	ak.Fermat 2.0	mid-shield		5	true	35	2100.000	28.000	35	1750.000	0.000	0.000	28.000	0	36867	0.317	0.490	11.027	0	0	0	NaN	NaN	0	1594	19	0	0	0	0	0	0	0	0	0	0	-	-	0	0	0	-	NaN	NaN	NaN	0	0	0	0	0	0	0	0	0		-1	0	0	35	1	0.346	0.432	0.534	0	1	0.000	0.000	0.000	0.000	0.000	0.000	350.000	0.000	1053.343	0.9868	1.0000
jd.Nullstride 2.3.3	ak.Fermat 2.0	mid-shield		6	true	35	2100.000	0.000	35	1750.000	0.000	0.000	0.000	0	37048	0.305	0.475	11.496	0	0	0	NaN	NaN	0	1573	19	0	0	0	0	0	0	0	0	0	0	-	-	0	0	0	-	NaN	NaN	NaN	0	0	0	0	0	0	0	0	0		-1	0	0	35	1	0.317	0.392	0.467	0	1	0.000	0.000	0.000	0.000	0.000	0.000	350.000	0.000	1058.514	1.0000	1.0000
jd.Nullstride 2.3.3	ak.Fermat 2.0	mid-shield		7	true	35	2100.000	0.000	35	1750.000	0.000	0.000	0.000	0	37368	0.315	0.487	11.056	0	0	0	NaN	NaN	0	1557	18	0	0	0	0	0	0	0	0	0	0	-	-	0	0	0	-	NaN	NaN	NaN	0	0	0	0	0	0	0	0	0		-1	0	0	35	1	0.346	0.430	0.534	0	1	0.000	0.000	0.000	0.000	0.000	0.000	350.000	0.000	1067.657	1.0000	1.0000
jd.Nullstride 2.3.3	ak.Fermat 2.0	mid-shield		8	true	35	2100.000	0.000	35	1750.000	0.000	0.000	0.000	0	38151	0.299	0.457	33.415	0	0	0	NaN	NaN	0	1534	15	0	0	0	0	0	0	0	0	0	0	-	-	0	0	0	-	NaN	NaN	NaN	0	0	0	0	0	0	0	0	0		-1	0	0	35	1	0.317	0.390	0.467	0	1	0.000	0.000	0.000	0.000	0.000	0.000	350.000	0.000	1090.029	1.0000	1.0000
jd.Nullstride 2.3.3	ary.SMG 1.01	mid-shield		1	true	35	5724.000	335.000	35	1750.000	0.000	3020.000	335.000	5	11386	0.214	0.854	16.739	0	0	0	NaN	NaN	0	386	1	0	0	0	0	0	0	0	0	0	0	-	-	0	0	0	-	NaN	NaN	NaN	0	0	0	0	0	0	0	0	0		-1	0	0	35	1	0.451	0.494	0.534	0	1	0.000	0.000	0.000	0.000	604.000	0.000	350.000	0.000	325.314	0.9447	1.0000
jd.Nullstride 2.3.3	ary.SMG 1.01	mid-shield		2	true	35	5669.000	265.000	35	1750.000	0.000	2966.000	265.000	1	11447	0.170	0.721	16.334	0	0	0	NaN	NaN	0	382	4	0	0	0	0	0	0	0	0	0	0	-	-	0	0	0	-	NaN	NaN	NaN	0	0	0	0	0	0	0	0	0		-1	0	0	35	1	0.327	0.360	0.381	0	1	1.000	0.000	27.000	0.000	575.000	0.000	350.000	0.000	327.057	0.9553	1.0000
jd.Nullstride 2.3.3	ary.SMG 1.01	mid-shield		3	true	35	5787.000	549.000	35	1750.000	0.000	3064.000	547.000	6	11951	0.231	0.837	16.988	0	0	0	NaN	NaN	0	419	7	0	0	0	0	0	0	0	0	0	0	-	-	0	0	0	-	NaN	NaN	NaN	0	0	0	0	0	0	0	0	0		-1	0	0	35	1	0.396	0.477	0.534	0	1	1.000	1.000	27.000	0.000	595.000	0.000	350.000	0.000	341.457	0.9134	1.0000
jd.Nullstride 2.3.3	ary.SMG 1.01	mid-shield		4	true	35	5643.000	337.000	35	1750.000	0.000	2952.000	337.000	4	11749	0.158	0.700	17.871	0	0	0	NaN	NaN	0	412	3	0	0	0	0	0	0	0	0	0	0	-	-	0	0	0	-	NaN	NaN	NaN	0	0	0	0	0	0	0	0	0		-1	0	0	35	1	0.327	0.360	0.381	0	1	0.000	0.000	0.000	0.000	590.000	0.000	350.000	0.000	335.686	0.9436	1.0000
jd.Nullstride 2.3.3	ary.SMG 1.01	mid-shield		5	true	35	5739.000	427.000	35	1750.000	0.000	3032.000	426.000	5	11762	0.189	0.736	19.921	0	0	0	NaN	NaN	0	413	3	0	0	0	0	0	0	0	0	0	0	-	-	0	0	0	-	NaN	NaN	NaN	0	0	0	0	0	0	0	0	0		-1	0	0	35	1	0.346	0.385	0.432	0	1	0.000	1.000	0.000	0.000	606.000	0.000	350.000	0.000	336.057	0.9307	1.0000
jd.Nullstride 2.3.3	ary.SMG 1.01	mid-shield		6	true	35	5734.000	312.000	35	1750.000	0.000	3028.000	311.000	4	11212	0.173	0.789	24.101	0	0	0	NaN	NaN	0	370	2	0	0	0	0	0	0	0	0	0	0	-	-	0	0	0	-	NaN	NaN	NaN	0	0	0	0	0	0	0	0	0		-1	0	0	35	1	0.412	0.424	0.432	0	1	0.000	1.000	0.000	0.000	606.000	0.000	350.000	0.000	320.343	0.9484	1.0000
jd.Nullstride 2.3.3	ary.SMG 1.01	mid-shield		7	true	35	5763.000	447.000	35	1750.000	0.000	3044.000	447.000	4	11664	0.223	0.820	22.343	0	0	0	NaN	NaN	0	397	4	0	0	0	0	0	0	0	0	0	0	-	-	0	0	0	-	NaN	NaN	NaN	0	0	0	0	0	0	0	0	0		-1	0	0	35	1	0.410	0.441	0.467	0	1	1.000	0.000	28.000	0.000	590.000	0.000	350.000	0.000	333.257	0.9280	1.0000
jd.Nullstride 2.3.3	ary.SMG 1.01	mid-shield		8	true	35	5797.000	548.000	35	1750.000	0.000	3081.000	544.000	4	11904	0.225	0.812	19.064	0	0	0	NaN	NaN	0	419	4	0	0	0	0	0	0	0	0	0	0	-	-	0	0	0	-	NaN	NaN	NaN	0	0	0	0	0	0	0	0	0		-1	0	0	35	1	0.412	0.447	0.490	0	1	0.000	4.000	0.000	0.000	616.000	0.000	350.000	0.000	340.114	0.9136	1.0000
jd.Nullstride 2.3.3	ary.mini.Nimi 1.0	mid-shield		1	true	35	2043.000	226.000	34	1700.000	50.000	2.000	64.000	0	48632	0.081	0.173	211.110	0	0	0	NaN	NaN	0	2385	0	0	0	0	0	0	0	0	0	0	0	-	-	0	0	0	-	NaN	NaN	NaN	0	0	0	0	0	0	0	0	0		-1	0	0	35	1	0.317	0.396	0.437	0	1	1.000	72.000	0.000	30.000	0.000	0.000	340.000	10.000	1389.486	0.9004	0.9714
jd.Nullstride 2.3.3	ary.mini.Nimi 1.0	mid-shield		2	true	35	2100.000	0.000	35	1750.000	0.000	0.000	0.000	0	51191	0.078	0.163	11.283	0	0	0	NaN	NaN	0	2515	0	0	0	0	0	0	0	0	0	0	0	-	-	0	0	0	-	NaN	NaN	NaN	0	0	0	0	0	0	0	0	0		-1	0	0	35	1	0.384	0.396	0.423	0	1	0.000	0.000	0.000	0.000	0.000	0.000	350.000	0.000	1462.600	1.0000	1.0000
jd.Nullstride 2.3.3	ary.mini.Nimi 1.0	mid-shield		3	true	35	2100.000	16.000	35	1750.000	0.000	0.000	16.000	0	51036	0.084	0.172	10.819	0	0	0	NaN	NaN	0	2519	0	0	0	0	0	0	0	0	0	0	0	-	-	0	0	0	-	NaN	NaN	NaN	0	0	0	0	0	0	0	0	0		-1	0	0	35	1	0.317	0.406	0.437	0	1	0.000	0.000	0.000	0.000	0.000	0.000	350.000	0.000	1458.171	0.9924	1.0000
jd.Nullstride 2.3.3	ary.mini.Nimi 1.0	mid-shield		4	true	35	2102.000	33.000	35	1750.000	0.000	1.000	32.000	0	51203	0.078	0.164	20.033	0	0	0	NaN	NaN	0	2523	0	0	0	0	0	0	0	0	0	0	0	-	-	0	0	0	-	NaN	NaN	NaN	0	0	0	0	0	0	0	0	0		-1	0	0	35	1	0.384	0.396	0.423	0	1	1.000	1.000	0.000	0.000	0.000	0.000	350.000	0.000	1462.943	0.9845	1.0000
jd.Nullstride 2.3.3	ary.mini.Nimi 1.0	mid-shield		5	true	35	2100.000	0.000	35	1750.000	0.000	0.000	0.000	0	51416	0.082	0.172	11.479	0	0	0	NaN	NaN	0	2518	0	0	0	0	0	0	0	0	0	0	0	-	-	0	0	0	-	NaN	NaN	NaN	0	0	0	0	0	0	0	0	0		-1	0	0	35	1	0.399	0.422	0.437	0	1	0.000	0.000	0.000	0.000	0.000	0.000	350.000	0.000	1469.029	1.0000	1.0000
jd.Nullstride 2.3.3	ary.mini.Nimi 1.0	mid-shield		6	true	35	2100.000	0.000	35	1750.000	0.000	0.000	0.000	0	50593	0.078	0.160	11.801	0	0	0	NaN	NaN	0	2514	0	0	0	0	0	0	0	0	0	0	0	-	-	0	0	0	-	NaN	NaN	NaN	0	0	0	0	0	0	0	0	0		-1	0	0	35	1	0.358	0.400	0.436	0	1	0.000	0.000	0.000	0.000	0.000	0.000	350.000	0.000	1445.514	1.0000	1.0000
jd.Nullstride 2.3.3	ary.mini.Nimi 1.0	mid-shield		7	true	35	2111.000	16.000	35	1750.000	0.000	11.000	16.000	0	50312	0.077	0.167	10.986	0	0	0	NaN	NaN	0	2517	0	0	0	0	0	0	0	0	0	0	0	-	-	0	0	0	-	NaN	NaN	NaN	0	0	0	0	0	0	0	0	0		-1	0	0	35	1	0.412	0.428	0.437	0	1	0.000	0.000	0.000	0.000	0.000	0.000	350.000	0.000	1437.486	0.9925	1.0000
jd.Nullstride 2.3.3	ary.mini.Nimi 1.0	mid-shield		8	true	35	2121.000	81.000	35	1750.000	0.000	21.000	80.000	0	50684	0.081	0.166	11.167	0	0	0	NaN	NaN	0	2526	0	0	0	0	0	0	0	0	0	0	0	-	-	0	0	0	-	NaN	NaN	NaN	0	0	0	0	0	0	0	0	0		-1	0	0	35	1	0.358	0.398	0.436	0	1	0.000	1.000	0.000	0.000	0.000	0.000	350.000	0.000	1448.114	0.9632	1.0000
jd.Nullstride 2.3.3	bayen.nut.Squirrel 1.621	mid-shield		1	true	35	5490.000	316.000	35	1750.000	0.000	2825.000	316.000	7	11206	0.189	0.762	24.505	0	0	0	NaN	NaN	0	338	2	0	0	0	0	0	0	0	0	0	0	-	-	0	0	0	-	NaN	NaN	NaN	0	0	0	0	0	0	0	0	0	"Preventing bayen.nut.Squirrel 1.621 from access: (""java.io.FilePermission"" ""D:\code\Hadur_Robot\hadur-bench\target\classes\META-INF\services\java.time.zone.ZoneRulesProvider"" ""read""). You may only read files in your own root package directory."	-1	0	1	35	1	0.432	0.462	0.490	0	1	0.000	0.000	0.000	0.000	565.000	0.000	350.000	0.000	320.171	0.9456	1.0000
jd.Nullstride 2.3.3	bayen.nut.Squirrel 1.621	mid-shield		2	true	35	5445.000	214.000	35	1750.000	0.000	2788.000	214.000	5	11056	0.201	0.831	17.249	0	0	0	NaN	NaN	0	323	4	0	0	0	0	0	0	0	0	0	0	-	-	0	0	0	-	NaN	NaN	NaN	0	0	0	0	0	0	0	0	0	"Preventing bayen.nut.Squirrel 1.621 from access: (""java.io.FilePermission"" ""D:\code\Hadur_Robot\hadur-bench\target\classes\META-INF\services\java.time.zone.ZoneRulesProvider"" ""read""). You may only read files in your own root package directory."	-1	0	1	35	1	0.443	0.486	0.513	0	1	0.000	0.000	0.000	0.000	558.000	0.000	350.000	0.000	315.886	0.9622	1.0000
jd.Nullstride 2.3.3	bayen.nut.Squirrel 1.621	mid-shield		3	true	35	5463.000	228.000	35	1750.000	0.000	2803.000	227.000	3	11051	0.202	0.761	23.853	0	0	0	NaN	NaN	0	321	7	0	0	0	0	0	0	0	0	0	0	-	-	0	0	0	-	NaN	NaN	NaN	0	0	0	0	0	0	0	0	0	"Preventing bayen.nut.Squirrel 1.621 from access: (""java.io.FilePermission"" ""D:\code\Hadur_Robot\hadur-bench\target\classes\META-INF\services\java.time.zone.ZoneRulesProvider"" ""read""). You may only read files in your own root package directory."	-1	0	1	35	1	0.387	0.444	0.490	0	1	0.000	1.000	0.000	0.000	561.000	0.000	350.000	0.000	315.743	0.9599	1.0000
jd.Nullstride 2.3.3	bayen.nut.Squirrel 1.621	mid-shield		4	true	35	5523.000	330.000	35	1750.000	0.000	2853.000	330.000	3	11038	0.151	0.704	16.769	0	0	0	NaN	NaN	0	324	4	0	0	0	0	0	0	0	0	0	0	-	-	0	0	0	-	NaN	NaN	NaN	0	0	0	0	0	0	0	0	0	"Preventing bayen.nut.Squirrel 1.621 from access: (""java.io.FilePermission"" ""D:\code\Hadur_Robot\hadur-bench\target\classes\META-INF\services\java.time.zone.ZoneRulesProvider"" ""read""). You may only read files in your own root package directory."	-1	0	1	35	1	0.363	0.382	0.411	0	1	0.000	0.000	0.000	0.000	571.000	0.000	350.000	0.000	315.371	0.9436	1.0000
jd.Nullstride 2.3.3	bayen.nut.Squirrel 1.621	mid-shield		5	true	35	5510.000	285.000	35	1750.000	0.000	2841.000	284.000	1	11009	0.176	0.711	22.984	0	0	0	NaN	NaN	0	319	5	0	0	0	0	0	0	0	0	0	0	-	-	0	0	0	-	NaN	NaN	NaN	0	0	0	0	0	0	0	0	0	"Preventing bayen.nut.Squirrel 1.621 from access: (""java.io.FilePermission"" ""D:\code\Hadur_Robot\hadur-bench\target\classes\META-INF\services\java.time.zone.ZoneRulesProvider"" ""read""). You may only read files in your own root package directory."	-1	0	1	35	1	0.358	0.393	0.423	0	1	0.000	1.000	0.000	0.000	568.000	0.000	350.000	0.000	314.543	0.9508	1.0000
jd.Nullstride 2.3.3	bayen.nut.Squirrel 1.621	mid-shield		6	true	35	5562.000	458.000	35	1750.000	0.000	2884.000	457.000	3	11064	0.206	0.804	24.556	0	0	0	NaN	NaN	0	319	2	0	0	0	0	0	0	0	0	0	0	-	-	0	0	0	-	NaN	NaN	NaN	0	0	0	0	0	0	0	0	0	"Preventing bayen.nut.Squirrel 1.621 from access: (""java.io.FilePermission"" ""D:\code\Hadur_Robot\hadur-bench\target\classes\META-INF\services\java.time.zone.ZoneRulesProvider"" ""read""). You may only read files in your own root package directory."	-1	0	1	35	1	0.470	0.494	0.513	0	1	1.000	1.000	0.000	0.000	577.000	0.000	350.000	0.000	316.114	0.9239	1.0000
jd.Nullstride 2.3.3	bayen.nut.Squirrel 1.621	mid-shield		7	true	35	5505.000	178.000	35	1750.000	0.000	2838.000	177.000	1	10639	0.166	0.694	17.776	0	0	0	NaN	NaN	0	291	6	0	0	0	0	0	0	0	0	0	0	-	-	0	0	0	-	NaN	NaN	NaN	0	0	0	0	0	0	0	0	0	"Preventing bayen.nut.Squirrel 1.621 from access: (""java.io.FilePermission"" ""D:\code\Hadur_Robot\hadur-bench\target\classes\META-INF\services\java.time.zone.ZoneRulesProvider"" ""read""). You may only read files in your own root package directory."	-1	0	1	35	1	0.358	0.395	0.436	0	1	0.000	1.000	0.000	0.000	568.000	0.000	350.000	0.000	303.971	0.9687	1.0000
jd.Nullstride 2.3.3	bayen.nut.Squirrel 1.621	mid-shield		8	true	35	5493.000	232.000	35	1750.000	0.000	2828.000	232.000	8	11060	0.161	0.690	26.731	0	0	0	NaN	NaN	0	325	3	0	0	0	0	0	0	0	0	0	0	-	-	0	0	0	-	NaN	NaN	NaN	0	0	0	0	0	0	0	0	0	"Preventing bayen.nut.Squirrel 1.621 from access: (""java.io.FilePermission"" ""D:\code\Hadur_Robot\hadur-bench\target\classes\META-INF\services\java.time.zone.ZoneRulesProvider"" ""read""). You may only read files in your own root package directory."	-1	0	1	35	1	0.395	0.427	0.442	0	1	0.000	0.000	0.000	0.000	566.000	0.000	350.000	0.000	316.000	0.9595	1.0000
jd.Nullstride 2.3.3	brainfade.Fallen 0.63	mid-shield		1	true	35	2373.000	196.000	35	1750.000	0.000	231.000	196.000	13	43457	0.071	0.314	7.631	0	0	0	NaN	NaN	0	1724	0	0	0	0	0	0	0	0	0	0	0	-	-	0	0	0	-	NaN	NaN	NaN	0	0	0	0	0	0	0	0	0		-1	0	0	35	1	0.358	0.460	0.513	0	1	0.000	0.000	0.000	0.000	41.000	0.000	350.000	0.000	1241.629	0.9237	1.0000
jd.Nullstride 2.3.3	brainfade.Fallen 0.63	mid-shield		2	true	35	3002.000	798.000	34	1700.000	50.000	802.000	713.000	26	34228	0.106	0.898	51.925	0	0	0	NaN	NaN	0	1542	0	0	0	0	0	0	0	0	0	0	0	-	-	0	0	0	-	NaN	NaN	NaN	0	0	0	0	0	0	0	0	0		-1	0	0	35	1	0.395	0.440	0.489	0	1	4.000	0.000	29.000	0.000	128.000	25.000	340.000	10.000	977.943	0.7900	0.9714
jd.Nullstride 2.3.3	brainfade.Fallen 0.63	mid-shield		3	true	35	2536.000	443.000	34	1700.000	50.000	414.000	361.000	10	39313	0.090	0.596	45.479	0	0	0	NaN	NaN	0	1657	1	0	0	0	0	0	0	0	0	0	0	-	-	0	0	0	-	NaN	NaN	NaN	0	0	0	0	0	0	0	0	0		-1	0	0	35	1	0.439	0.475	0.513	0	1	2.000	0.000	15.000	0.000	65.000	22.000	340.000	10.000	1123.229	0.8513	0.9714
jd.Nullstride 2.3.3	brainfade.Fallen 0.63	mid-shield		4	true	35	2100.000	0.000	35	1750.000	0.000	0.000	0.000	0	45684	0.071	0.165	8.061	0	0	0	NaN	NaN	0	1763	0	0	0	0	0	0	0	0	0	0	0	-	-	0	0	0	-	NaN	NaN	NaN	0	0	0	0	0	0	0	0	0		-1	0	0	35	1	0.420	0.436	0.463	0	1	0.000	0.000	0.000	0.000	0.000	0.000	350.000	0.000	1305.257	1.0000	1.0000
jd.Nullstride 2.3.3	brainfade.Fallen 0.63	mid-shield		5	true	35	2055.000	197.000	34	1700.000	50.000	15.000	117.000	0	44915	0.078	0.184	9.554	0	0	0	NaN	NaN	0	1736	0	0	0	0	0	0	0	0	0	0	0	-	-	0	0	0	-	NaN	NaN	NaN	0	0	0	0	0	0	0	0	0		-1	0	0	35	1	0.442	0.486	0.513	0	1	0.000	0.000	0.000	0.000	0.000	20.000	340.000	10.000	1283.286	0.9125	0.9714
jd.Nullstride 2.3.3	brainfade.Fallen 0.63	mid-shield		6	true	35	2890.000	401.000	34	1700.000	50.000	716.000	324.000	9	36225	0.078	0.620	54.969	0	0	0	NaN	NaN	0	1478	0	0	0	0	0	0	0	0	0	0	0	-	-	0	0	0	-	NaN	NaN	NaN	0	0	0	0	0	0	0	0	0		-1	0	0	35	1	0.420	0.448	0.489	0	1	0.000	0.000	0.000	0.000	135.000	16.000	340.000	10.000	1035.000	0.8782	0.9714
jd.Nullstride 2.3.3	brainfade.Fallen 0.63	mid-shield		7	true	35	2109.000	13.000	35	1750.000	0.000	9.000	13.000	0	45492	0.059	0.152	8.279	0	0	0	NaN	NaN	0	1748	0	0	0	0	0	0	0	0	0	0	0	-	-	0	0	0	-	NaN	NaN	NaN	0	0	0	0	0	0	0	0	0		-1	0	0	35	1	0.439	0.467	0.504	0	1	0.000	0.000	0.000	0.000	0.000	0.000	350.000	0.000	1299.771	0.9939	1.0000
jd.Nullstride 2.3.3	brainfade.Fallen 0.63	mid-shield		8	true	35	2102.000	64.000	35	1750.000	0.000	2.000	64.000	0	46085	0.066	0.164	8.040	0	0	0	NaN	NaN	0	1793	0	0	0	0	0	0	0	0	0	0	0	-	-	0	0	0	-	NaN	NaN	NaN	0	0	0	0	0	0	0	0	0		-1	0	0	35	1	0.469	0.486	0.497	0	1	0.000	0.000	0.000	0.000	0.000	0.000	350.000	0.000	1316.714	0.9705	1.0000
jd.Nullstride 2.3.3	can.Pookie 1.1	mid-shield		1	true	35	3846.000	663.000	33	1650.000	100.000	1551.000	526.000	4	20092	0.339	0.932	30.132	0	0	0	NaN	NaN	0	873	3	0	0	0	0	0	0	0	0	0	0	-	-	0	0	0	-	NaN	NaN	NaN	0	0	0	0	0	0	0	0	0		-1	0	0	35	1	0.395	0.432	0.463	0	1	4.000	0.000	24.000	0.000	288.000	17.000	330.000	20.000	574.057	0.8530	0.9429
jd.Nullstride 2.3.3	can.Pookie 1.1	mid-shield		2	true	35	4053.000	502.000	34	1700.000	50.000	1684.000	442.000	7	19763	0.331	0.989	34.832	0	0	0	NaN	NaN	0	821	2	0	0	0	0	0	0	0	0	0	0	-	-	0	0	0	-	NaN	NaN	NaN	0	0	0	0	0	0	0	0	0		-1	0	0	35	1	0.436	0.471	0.509	0	1	0.000	0.000	0.000	0.000	329.000	0.000	340.000	10.000	564.657	0.8898	0.9714
jd.Nullstride 2.3.3	can.Pookie 1.1	mid-shield		3	true	35	4212.000	454.000	34	1700.000	50.000	1816.000	385.000	10	17623	0.334	0.947	34.926	0	0	0	NaN	NaN	0	751	5	0	0	0	0	0	0	0	0	0	0	-	-	0	0	0	-	NaN	NaN	NaN	0	0	0	0	0	0	0	0	0		-1	0	0	35	1	0.420	0.453	0.489	0	1	0.000	0.000	0.000	0.000	357.000	9.000	340.000	10.000	503.514	0.9027	0.9714
jd.Nullstride 2.3.3	can.Pookie 1.1	mid-shield		4	true	35	3985.000	592.000	34	1700.000	50.000	1626.000	521.000	6	19673	0.329	0.927	34.998	0	0	0	NaN	NaN	0	864	1	0	0	0	0	0	0	0	0	0	0	-	-	0	0	0	-	NaN	NaN	NaN	0	0	0	0	0	0	0	0	0		-1	0	0	35	1	0.436	0.469	0.509	0	1	0.000	0.000	0.000	0.000	319.000	11.000	340.000	10.000	562.086	0.8707	0.9714
jd.Nullstride 2.3.3	can.Pookie 1.1	mid-shield		5	true	35	3940.000	543.000	34	1700.000	50.000	1583.000	472.000	8	20141	0.347	0.977	29.111	0	0	0	NaN	NaN	0	862	0	0	0	0	0	0	0	0	0	0	0	-	-	0	0	0	-	NaN	NaN	NaN	0	0	0	0	0	0	0	0	0		-1	0	0	35	1	0.420	0.476	0.509	0	1	1.000	0.000	9.000	0.000	307.000	11.000	340.000	10.000	575.457	0.8789	0.9714
jd.Nullstride 2.3.3	can.Pookie 1.1	mid-shield		6	true	35	4010.000	312.000	35	1750.000	0.000	1583.000	312.000	9	19580	0.356	1.000	27.844	0	0	0	NaN	NaN	0	835	3	0	0	0	0	0	0	0	0	0	0	-	-	0	0	0	-	NaN	NaN	NaN	0	0	0	0	0	0	0	0	0		-1	0	0	35	1	0.436	0.471	0.506	0	1	2.000	0.000	23.000	0.000	302.000	0.000	350.000	0.000	559.429	0.9278	1.0000
jd.Nullstride 2.3.3	can.Pookie 1.1	mid-shield		7	true	35	4102.000	442.000	35	1750.000	0.000	1668.000	442.000	6	19047	0.363	0.994	27.396	0	0	0	NaN	NaN	0	829	1	0	0	0	0	0	0	0	0	0	0	-	-	0	0	0	-	NaN	NaN	NaN	0	0	0	0	0	0	0	0	0		-1	0	0	35	1	0.468	0.486	0.509	0	1	0.000	0.000	0.000	0.000	334.000	0.000	350.000	0.000	544.200	0.9027	1.0000
jd.Nullstride 2.3.3	can.Pookie 1.1	mid-shield		8	true	35	4261.000	624.000	35	1750.000	0.000	1801.000	624.000	11	19307	0.355	1.004	26.928	0	0	0	NaN	NaN	0	823	0	0	0	0	0	0	0	0	0	0	0	-	-	0	0	0	-	NaN	NaN	NaN	0	0	0	0	0	0	0	0	0		-1	0	0	35	1	0.444	0.475	0.506	0	1	0.000	0.000	0.000	0.000	360.000	0.000	350.000	0.000	551.629	0.8723	1.0000
jd.Nullstride 2.3.3	cf.mini.Chiva 1.0	mid-shield		1	true	35	4191.000	371.000	35	1750.000	0.000	1738.000	371.000	12	21250	0.314	0.915	27.413	0	0	0	NaN	NaN	0	940	3	0	0	0	0	0	0	0	0	0	0	-	-	0	0	0	-	NaN	NaN	NaN	0	0	0	0	0	0	0	0	0		-1	0	0	35	1	0.436	0.477	0.509	0	1	1.000	0.000	9.000	0.000	342.000	0.000	350.000	0.000	607.143	0.9187	1.0000
jd.Nullstride 2.3.3	cf.mini.Chiva 1.0	mid-shield		2	true	35	4126.000	445.000	35	1750.000	0.000	1667.000	445.000	22	22353	0.321	1.009	162.638	0	0	0	NaN	NaN	0	993	3	0	0	0	0	0	0	0	0	0	0	-	-	0	0	0	-	NaN	NaN	NaN	0	0	0	0	0	0	0	0	0		-1	0	0	35	1	0.403	0.459	0.506	0	1	5.000	0.000	62.000	0.000	293.000	0.000	350.000	0.000	638.657	0.9026	1.0000
jd.Nullstride 2.3.3	cf.mini.Chiva 1.0	mid-shield		3	true	35	4162.000	419.000	35	1750.000	0.000	1705.000	413.000	9	21651	0.313	0.934	36.428	0	0	0	NaN	NaN	0	967	2	0	0	0	0	0	0	0	0	0	0	-	-	0	0	0	-	NaN	NaN	NaN	0	0	0	0	0	0	0	0	0		-1	0	0	35	1	0.436	0.476	0.509	0	1	4.000	6.000	36.000	0.000	318.000	0.000	350.000	0.000	618.600	0.9085	1.0000
jd.Nullstride 2.3.3	cf.mini.Chiva 1.0	mid-shield		4	true	35	4138.000	471.000	34	1700.000	50.000	1733.000	400.000	5	21531	0.299	0.889	174.017	0	0	0	NaN	NaN	0	943	2	0	0	0	0	0	0	0	0	0	0	-	-	0	0	0	-	NaN	NaN	NaN	0	0	0	0	0	0	0	0	0		-1	0	0	35	1	0.403	0.459	0.527	0	1	5.000	2.000	58.000	0.000	302.000	9.000	340.000	10.000	615.171	0.8978	0.9714
jd.Nullstride 2.3.3	cf.mini.Chiva 1.0	mid-shield		5	true	35	4163.000	663.000	34	1700.000	50.000	1776.000	599.000	12	22161	0.305	0.948	30.341	0	0	0	NaN	NaN	0	982	0	0	0	0	0	0	0	0	0	0	0	-	-	0	0	0	-	NaN	NaN	NaN	0	0	0	0	0	0	0	0	0		-1	0	0	35	1	0.436	0.470	0.506	0	1	0.000	4.000	0.000	0.000	347.000	0.000	340.000	10.000	633.171	0.8626	0.9714
jd.Nullstride 2.3.3	cf.mini.Chiva 1.0	mid-shield		6	true	35	4190.000	382.000	35	1750.000	0.000	1741.000	382.000	4	21011	0.285	0.890	25.684	0	0	0	NaN	NaN	0	944	0	0	0	0	0	0	0	0	0	0	0	-	-	0	0	0	-	NaN	NaN	NaN	0	0	0	0	0	0	0	0	0		-1	0	0	35	1	0.349	0.465	0.527	0	1	0.000	0.000	0.000	0.000	348.000	0.000	350.000	0.000	600.314	0.9164	1.0000
jd.Nullstride 2.3.3	cf.mini.Chiva 1.0	mid-shield		7	true	35	4108.000	450.000	34	1700.000	50.000	1726.000	383.000	18	20872	0.305	0.953	28.556	0	0	0	NaN	NaN	0	944	2	0	0	0	0	0	0	0	0	0	0	-	-	0	0	0	-	NaN	NaN	NaN	0	0	0	0	0	0	0	0	0		-1	0	0	35	1	0.403	0.458	0.506	0	1	0.000	0.000	0.000	0.000	341.000	7.000	340.000	10.000	596.343	0.9013	0.9714
jd.Nullstride 2.3.3	cf.mini.Chiva 1.0	mid-shield		8	true	35	4121.000	297.000	35	1750.000	0.000	1677.000	297.000	3	21306	0.302	0.903	34.877	0	0	0	NaN	NaN	0	948	1	0	0	0	0	0	0	0	0	0	0	-	-	0	0	0	-	NaN	NaN	NaN	0	0	0	0	0	0	0	0	0		-1	0	0	35	1	0.349	0.455	0.527	0	1	1.000	0.000	19.000	0.000	323.000	0.000	350.000	0.000	608.743	0.9328	1.0000
jd.Nullstride 2.3.3	cf.proto.Shiva 2.2	mid-shield		1	true	35	2040.000	168.000	34	1700.000	50.000	0.000	95.000	0	46556	0.078	0.164	8.559	0	0	0	NaN	NaN	0	1820	0	0	0	0	0	0	0	0	0	0	0	-	-	0	0	0	-	NaN	NaN	NaN	0	0	0	0	0	0	0	0	0		-1	0	0	35	1	0.403	0.439	0.475	0	1	0.000	0.000	0.000	0.000	0.000	13.000	340.000	10.000	1330.171	0.9239	0.9714
jd.Nullstride 2.3.3	cf.proto.Shiva 2.2	mid-shield		2	true	35	3591.000	821.000	33	1600.000	100.000	1399.000	624.000	12	28103	0.187	0.866	35.721	0	0	0	NaN	NaN	0	1225	3	0	0	0	0	0	0	0	0	0	0	-	-	0	0	0	-	NaN	NaN	NaN	0	0	0	0	0	0	0	0	0		-1	0	0	35	1	0.388	0.414	0.443	1	1	1.000	56.000	19.000	0.000	251.000	21.000	320.000	20.000	802.943	0.8139	0.9412
jd.Nullstride 2.3.3	cf.proto.Shiva 2.2	mid-shield		3	true	35	3754.000	396.000	35	1750.000	0.000	1381.000	375.000	15	29693	0.096	0.567	47.574	0	0	0	NaN	NaN	0	1197	2	0	0	0	0	0	0	0	0	0	0	-	-	0	0	0	-	NaN	NaN	NaN	0	0	0	0	0	0	0	0	0		-1	0	0	35	1	0.403	0.455	0.527	0	1	0.000	20.000	0.000	0.000	273.000	0.000	350.000	0.000	848.371	0.9046	1.0000
jd.Nullstride 2.3.3	cf.proto.Shiva 2.2	mid-shield		4	true	35	3039.000	250.000	35	1750.000	0.000	783.000	246.000	7	37895	0.074	0.382	32.743	0	0	0	NaN	NaN	0	1478	0	0	0	0	0	0	0	0	0	0	0	-	-	0	0	0	-	NaN	NaN	NaN	0	0	0	0	0	0	0	0	0		-1	0	0	35	1	0.388	0.408	0.443	0	1	0.000	4.000	0.000	0.000	157.000	0.000	350.000	0.000	1082.714	0.9240	1.0000
jd.Nullstride 2.3.3	cf.proto.Shiva 2.2	mid-shield		5	true	35	2053.000	189.000	34	1700.000	50.000	12.000	124.000	0	46194	0.080	0.170	7.656	0	0	0	NaN	NaN	0	1836	1	0	0	0	0	0	0	0	0	0	0	-	-	0	0	0	-	NaN	NaN	NaN	0	0	0	0	0	0	0	0	0		-1	0	0	35	1	0.417	0.470	0.527	0	1	0.000	0.000	0.000	0.000	1.000	5.000	340.000	10.000	1319.829	0.9157	0.9714
jd.Nullstride 2.3.3	cf.proto.Shiva 2.2	mid-shield		6	true	35	2047.000	176.000	34	1700.000	50.000	7.000	98.000	0	46325	0.066	0.152	7.002	0	0	0	NaN	NaN	0	1827	1	0	0	0	0	0	0	0	0	0	0	-	-	0	0	0	-	NaN	NaN	NaN	0	0	0	0	0	0	0	0	0		-1	0	0	35	1	0.388	0.410	0.432	1	1	0.000	8.000	0.000	0.000	0.000	10.000	340.000	10.000	1323.571	0.9208	0.9714
jd.Nullstride 2.3.3	cf.proto.Shiva 2.2	mid-shield		7	true	35	3753.000	765.000	33	1650.000	100.000	1488.000	626.000	19	25152	0.267	0.899	37.033	0	0	0	NaN	NaN	0	1211	1	0	0	0	0	0	0	0	0	0	0	-	-	0	0	0	-	NaN	NaN	NaN	0	0	0	0	0	0	0	0	0		-1	0	0	35	1	0.349	0.462	0.527	0	1	0.000	5.000	0.000	0.000	285.000	14.000	330.000	20.000	718.629	0.8307	0.9429
jd.Nullstride 2.3.3	cf.proto.Shiva 2.2	mid-shield		8	true	35	2141.000	162.000	35	1750.000	0.000	38.000	150.000	0	46292	0.079	0.168	8.768	0	0	0	NaN	NaN	0	1823	2	0	0	0	0	0	0	0	0	0	0	-	-	0	0	0	-	NaN	NaN	NaN	0	0	0	0	0	0	0	0	0		-1	0	0	35	1	0.393	0.414	0.432	1	1	0.000	12.000	0.000	0.000	3.000	0.000	350.000	0.000	1322.629	0.9297	1.0000
jd.Nullstride 2.3.3	chase.pm.Pytko 1.0	mid-shield		1	true	35	2120.000	47.000	35	1750.000	0.000	17.000	47.000	0	33215	0.089	0.720	8.259	0	0	0	NaN	NaN	0	1823	35	0	0	0	0	0	0	0	0	0	0	-	-	0	0	0	-	NaN	NaN	NaN	0	0	0	0	0	0	0	0	0		-1	0	0	35	1	0.349	0.422	0.506	0	1	0.000	0.000	0.000	0.000	3.000	0.000	350.000	0.000	949.000	0.9783	1.0000
jd.Nullstride 2.3.3	chase.pm.Pytko 1.0	mid-shield		2	true	35	2110.000	38.000	35	1750.000	0.000	8.000	38.000	0	33260	0.101	0.810	10.052	0	0	0	NaN	NaN	0	1828	35	0	0	0	0	0	0	0	0	0	0	-	-	0	0	0	-	NaN	NaN	NaN	0	0	0	0	0	0	0	0	0		-1	0	0	35	1	0.321	0.406	0.456	1	1	0.000	0.000	0.000	0.000	2.000	0.000	350.000	0.000	950.286	0.9823	1.0000
jd.Nullstride 2.3.3	chase.pm.Pytko 1.0	mid-shield		3	true	35	2109.000	9.000	35	1750.000	0.000	8.000	9.000	0	33223	0.096	0.779	9.697	0	0	0	NaN	NaN	0	1817	35	0	0	0	0	0	0	0	0	0	0	-	-	0	0	0	-	NaN	NaN	NaN	0	0	0	0	0	0	0	0	0		-1	0	0	35	1	0.388	0.405	0.443	0	1	0.000	0.000	0.000	0.000	2.000	0.000	350.000	0.000	949.229	0.9958	1.0000
jd.Nullstride 2.3.3	chase.pm.Pytko 1.0	mid-shield		4	true	35	2112.000	19.000	35	1750.000	0.000	10.000	19.000	0	33166	0.099	0.775	9.070	0	0	0	NaN	NaN	0	1816	35	0	0	0	0	0	0	0	0	0	0	-	-	0	0	0	-	NaN	NaN	NaN	0	0	0	0	0	0	0	0	0		-1	0	0	35	1	0.372	0.417	0.456	1	1	0.000	0.000	0.000	0.000	2.000	0.000	350.000	0.000	947.600	0.9911	1.0000
jd.Nullstride 2.3.3	chase.pm.Pytko 1.0	mid-shield		5	true	35	2100.000	85.000	35	1750.000	0.000	0.000	85.000	0	33511	0.101	0.967	10.287	0	0	0	NaN	NaN	0	1840	35	0	0	0	0	0	0	0	0	0	0	-	-	0	0	0	-	NaN	NaN	NaN	0	0	0	0	0	0	0	0	0		-1	0	0	35	1	0.393	0.413	0.432	1	1	0.000	0.000	0.000	0.000	0.000	0.000	350.000	0.000	957.457	0.9611	1.0000
jd.Nullstride 2.3.3	chase.pm.Pytko 1.0	mid-shield		6	true	35	2110.000	28.000	35	1750.000	0.000	8.000	28.000	0	33293	0.110	0.934	10.045	0	0	0	NaN	NaN	0	1825	35	0	0	0	0	0	0	0	0	0	0	-	-	0	0	0	-	NaN	NaN	NaN	0	0	0	0	0	0	0	0	0		-1	0	0	35	1	0.321	0.413	0.469	0	1	0.000	0.000	0.000	0.000	2.000	0.000	350.000	0.000	951.229	0.9869	1.0000
jd.Nullstride 2.3.3	chase.pm.Pytko 1.0	mid-shield		7	true	35	2116.000	16.000	35	1750.000	0.000	13.000	16.000	0	32983	0.100	0.777	9.562	0	0	0	NaN	NaN	0	1806	35	0	0	0	0	0	0	0	0	0	0	-	-	0	0	0	-	NaN	NaN	NaN	0	0	0	0	0	0	0	0	0		-1	0	0	35	1	0.404	0.420	0.456	1	1	0.000	0.000	0.000	0.000	3.000	0.000	350.000	0.000	942.371	0.9925	1.0000
jd.Nullstride 2.3.3	chase.pm.Pytko 1.0	mid-shield		8	true	35	2125.000	47.000	35	1750.000	0.000	21.000	47.000	0	33175	0.098	0.770	9.745	0	0	0	NaN	NaN	0	1822	35	0	0	0	0	0	0	0	0	0	0	-	-	0	0	0	-	NaN	NaN	NaN	0	0	0	0	0	0	0	0	0		-1	0	0	35	1	0.374	0.421	0.469	0	1	0.000	0.000	0.000	0.000	4.000	0.000	350.000	0.000	947.857	0.9784	1.0000
jd.Nullstride 2.3.3	css.Delitioner 0.11	mid-shield		1	true	35	2100.000	0.000	35	1750.000	0.000	0.000	0.000	0	43140	0.061	0.144	12.086	0	0	0	NaN	NaN	0	1781	4	0	0	0	0	0	0	0	0	0	0	-	-	0	0	0	-	NaN	NaN	NaN	0	0	0	0	0	0	0	0	0		-1	0	0	35	1	0.404	0.410	0.418	1	1	0.000	0.000	0.000	0.000	0.000	0.000	350.000	0.000	1232.571	1.0000	1.0000
jd.Nullstride 2.3.3	css.Delitioner 0.11	mid-shield		2	true	35	2100.000	0.000	35	1750.000	0.000	0.000	0.000	0	44047	0.081	0.158	12.294	0	0	0	NaN	NaN	0	1782	0	0	0	0	0	0	0	0	0	0	0	-	-	0	0	0	-	NaN	NaN	NaN	0	0	0	0	0	0	0	0	0		-1	0	0	35	1	0.388	0.439	0.469	0	1	0.000	0.000	0.000	0.000	0.000	0.000	350.000	0.000	1258.486	1.0000	1.0000
jd.Nullstride 2.3.3	css.Delitioner 0.11	mid-shield		3	true	35	2042.000	224.000	34	1700.000	50.000	1.000	56.000	0	42748	0.076	0.151	12.888	0	0	0	NaN	NaN	0	1748	1	0	0	0	0	0	0	0	0	0	0	-	-	0	0	0	-	NaN	NaN	NaN	0	0	0	0	0	0	0	0	0		-1	0	0	35	1	0.404	0.427	0.456	1	1	1.000	88.000	0.000	0.000	0.000	20.000	340.000	10.000	1221.371	0.9011	0.9714
jd.Nullstride 2.3.3	css.Delitioner 0.11	mid-shield		4	true	35	2100.000	0.000	35	1750.000	0.000	0.000	0.000	0	42718	0.076	0.152	7.800	0	0	0	NaN	NaN	0	1784	3	0	0	0	0	0	0	0	0	0	0	-	-	0	0	0	-	NaN	NaN	NaN	0	0	0	0	0	0	0	0	0		-1	0	0	35	1	0.374	0.426	0.469	0	1	0.000	0.000	0.000	0.000	0.000	0.000	350.000	0.000	1220.514	1.0000	1.0000
jd.Nullstride 2.3.3	css.Delitioner 0.11	mid-shield		5	true	35	2100.000	0.000	35	1750.000	0.000	0.000	0.000	0	42663	0.075	0.151	61.283	0	0	0	NaN	NaN	0	1779	3	0	0	0	0	0	0	0	0	0	0	-	-	0	0	0	-	NaN	NaN	NaN	0	0	0	0	0	0	0	0	0		-1	0	0	35	1	0.374	0.417	0.450	1	1	0.000	0.000	0.000	0.000	0.000	0.000	350.000	0.000	1218.943	1.0000	1.0000
jd.Nullstride 2.3.3	css.Delitioner 0.11	mid-shield		6	true	35	2100.000	12.000	35	1750.000	0.000	0.000	12.000	0	43373	0.073	0.149	11.481	0	0	0	NaN	NaN	0	1779	1	0	0	0	0	0	0	0	0	0	0	-	-	0	0	0	-	NaN	NaN	NaN	0	0	0	0	0	0	0	0	0		-1	0	0	35	1	0.405	0.446	0.481	1	1	0.000	0.000	0.000	0.000	0.000	0.000	350.000	0.000	1239.229	0.9943	1.0000
jd.Nullstride 2.3.3	css.Delitioner 0.11	mid-shield		7	true	35	2100.000	0.000	35	1750.000	0.000	0.000	0.000	0	42640	0.084	0.164	8.403	0	0	0	NaN	NaN	0	1770	3	0	0	0	0	0	0	0	0	0	0	-	-	0	0	0	-	NaN	NaN	NaN	0	0	0	0	0	0	0	0	0		-1	0	0	35	1	0.321	0.419	0.469	0	1	0.000	0.000	0.000	0.000	0.000	0.000	350.000	0.000	1218.286	1.0000	1.0000
jd.Nullstride 2.3.3	css.Delitioner 0.11	mid-shield		8	true	35	2100.000	1.000	35	1750.000	0.000	0.000	0.000	0	42321	0.073	0.147	11.929	0	0	0	NaN	NaN	0	1785	4	0	0	0	0	0	0	0	0	0	0	-	-	0	0	0	-	NaN	NaN	NaN	0	0	0	0	0	0	0	0	0		-1	0	0	35	1	0.405	0.446	0.481	1	1	0.000	1.000	0.000	0.000	0.000	0.000	350.000	0.000	1209.171	0.9995	1.0000
jd.Nullstride 2.3.3	dft.Cyanide 1.90	mid-shield		1	true	35	2100.000	0.000	35	1750.000	0.000	0.000	0.000	0	34600	0.088	0.189	8.246	0	0	0	NaN	NaN	0	1958	35	0	0	0	0	0	0	0	0	0	0	-	-	0	0	0	-	NaN	NaN	NaN	0	0	0	0	0	0	0	0	0		-1	0	0	35	1	0.374	0.410	0.464	0	1	0.000	0.000	0.000	0.000	0.000	0.000	350.000	0.000	988.571	1.0000	1.0000
jd.Nullstride 2.3.3	dft.Cyanide 1.90	mid-shield		2	true	35	2100.000	0.000	35	1750.000	0.000	0.000	0.000	0	34497	0.089	0.177	9.272	0	0	0	NaN	NaN	0	1955	35	0	0	0	0	0	0	0	0	0	0	-	-	0	0	0	-	NaN	NaN	NaN	0	0	0	0	0	0	0	0	0		-1	0	0	35	1	0.360	0.383	0.404	1	1	0.000	0.000	0.000	0.000	0.000	0.000	350.000	0.000	985.629	1.0000	1.0000
jd.Nullstride 2.3.3	dft.Cyanide 1.90	mid-shield		3	true	35	2100.000	0.000	35	1750.000	0.000	0.000	0.000	0	34558	0.094	0.191	8.289	0	0	0	NaN	NaN	0	1957	35	0	0	0	0	0	0	0	0	0	0	-	-	0	0	0	-	NaN	NaN	NaN	0	0	0	0	0	0	0	0	0		-1	0	0	35	1	0.374	0.415	0.486	0	1	0.000	0.000	0.000	0.000	0.000	0.000	350.000	0.000	987.371	1.0000	1.0000
jd.Nullstride 2.3.3	dft.Cyanide 1.90	mid-shield		4	true	35	2100.000	0.000	35	1750.000	0.000	0.000	0.000	0	34336	0.094	0.188	8.731	0	0	0	NaN	NaN	0	1940	35	0	0	0	0	0	0	0	0	0	0	-	-	0	0	0	-	NaN	NaN	NaN	0	0	0	0	0	0	0	0	0		-1	0	0	35	1	0.360	0.407	0.455	1	1	0.000	0.000	0.000	0.000	0.000	0.000	350.000	0.000	981.029	1.0000	1.0000
jd.Nullstride 2.3.3	dft.Cyanide 1.90	mid-shield		5	true	35	2100.000	0.000	35	1750.000	0.000	0.000	0.000	0	34595	0.107	0.203	9.551	0	0	0	NaN	NaN	0	1960	35	0	0	0	0	0	0	0	0	0	0	-	-	0	0	0	-	NaN	NaN	NaN	0	0	0	0	0	0	0	0	0		-1	0	0	35	1	0.397	0.466	0.491	0	1	0.000	0.000	0.000	0.000	0.000	0.000	350.000	0.000	988.429	1.0000	1.0000
jd.Nullstride 2.3.3	dft.Cyanide 1.90	mid-shield		6	true	35	2100.000	9.000	35	1750.000	0.000	0.000	9.000	0	34553	0.104	0.199	10.249	0	0	0	NaN	NaN	0	1961	35	0	0	0	0	0	0	0	0	0	0	-	-	0	0	0	-	NaN	NaN	NaN	0	0	0	0	0	0	0	0	0		-1	0	0	35	1	0.368	0.427	0.456	1	1	0.000	0.000	0.000	0.000	0.000	0.000	350.000	0.000	987.229	0.9957	1.0000
jd.Nullstride 2.3.3	dft.Cyanide 1.90	mid-shield		7	true	35	2100.000	0.000	35	1750.000	0.000	0.000	0.000	0	34591	0.109	0.210	9.500	0	0	0	NaN	NaN	0	1959	34	0	0	0	0	0	0	0	0	0	0	-	-	0	0	0	-	NaN	NaN	NaN	0	0	0	0	0	0	0	0	0		-1	0	0	35	1	0.397	0.461	0.491	1	1	0.000	0.000	0.000	0.000	0.000	0.000	350.000	0.000	988.314	1.0000	1.0000
jd.Nullstride 2.3.3	dft.Cyanide 1.90	mid-shield		8	true	35	2100.000	9.000	35	1750.000	0.000	0.000	9.000	1	34432	0.103	0.195	9.032	0	0	0	NaN	NaN	0	1950	35	0	0	0	0	0	0	0	0	0	0	-	-	0	0	0	-	NaN	NaN	NaN	0	0	0	0	0	0	0	0	0		-1	0	0	35	1	0.390	0.438	0.456	1	1	0.000	0.000	0.000	0.000	0.000	0.000	350.000	0.000	983.771	0.9957	1.0000
jd.Nullstride 2.3.3	dz.Caedo 1.4	mid-shield		1	true	35	2117.000	97.000	35	1750.000	0.000	14.000	97.000	0	33195	0.113	0.205	8.178	0	0	0	NaN	NaN	0	1808	34	0	0	0	0	0	0	0	0	0	0	-	-	0	0	0	-	NaN	NaN	NaN	0	0	0	0	0	0	0	0	0		-1	0	0	35	1	0.434	0.474	0.491	1	1	0.000	0.000	0.000	0.000	3.000	0.000	350.000	0.000	948.429	0.9562	1.0000
jd.Nullstride 2.3.3	dz.Caedo 1.4	mid-shield		2	true	35	2101.000	67.000	35	1750.000	0.000	1.000	67.000	0	32531	0.107	0.200	7.482	0	0	0	NaN	NaN	0	1785	33	0	0	0	0	0	0	0	0	0	0	-	-	0	0	0	-	NaN	NaN	NaN	0	0	0	0	0	0	0	0	0		-1	0	0	35	1	0.390	0.438	0.456	1	1	0.000	0.000	0.000	0.000	0.000	0.000	350.000	0.000	929.457	0.9691	1.0000
jd.Nullstride 2.3.3	dz.Caedo 1.4	mid-shield		3	true	35	2110.000	49.000	35	1750.000	0.000	9.000	49.000	0	32560	0.100	0.196	7.924	0	0	0	NaN	NaN	0	1756	33	0	0	0	0	0	0	0	0	0	0	-	-	0	0	0	-	NaN	NaN	NaN	0	0	0	0	0	0	0	0	0		-1	0	0	35	1	0.381	0.414	0.444	1	1	0.000	0.000	0.000	0.000	2.000	0.000	350.000	0.000	930.286	0.9773	1.0000
jd.Nullstride 2.3.3	dz.Caedo 1.4	mid-shield		4	true	35	2105.000	73.000	35	1750.000	0.000	4.000	73.000	0	32985	0.110	0.205	8.429	0	0	0	NaN	NaN	0	1787	34	0	0	0	0	0	0	0	0	0	0	-	-	0	0	0	-	NaN	NaN	NaN	0	0	0	0	0	0	0	0	0		-1	0	0	35	1	0.423	0.478	0.506	0	1	0.000	0.000	0.000	0.000	1.000	0.000	350.000	0.000	942.429	0.9665	1.0000
jd.Nullstride 2.3.3	dz.Caedo 1.4	mid-shield		5	true	35	2115.000	68.000	35	1750.000	0.000	12.000	68.000	0	32622	0.092	0.182	7.301	0	0	0	NaN	NaN	0	1790	35	0	0	0	0	0	0	0	0	0	0	-	-	0	0	0	-	NaN	NaN	NaN	0	0	0	0	0	0	0	0	0		-1	0	0	35	1	0.360	0.386	0.404	1	1	0.000	0.000	0.000	0.000	2.000	0.000	350.000	0.000	932.057	0.9689	1.0000
jd.Nullstride 2.3.3	dz.Caedo 1.4	mid-shield		6	true	35	2114.000	35.000	35	1750.000	0.000	12.000	35.000	0	33179	0.110	0.234	9.578	0	0	0	NaN	NaN	0	1783	34	0	0	0	0	0	0	0	0	0	0	-	-	0	0	0	-	NaN	NaN	NaN	0	0	0	0	0	0	0	0	0	Robot dz.Caedo 1.4 is not stopping.  Forcing a stop. Unable to stop thread: dz.Caedo 1.4	-1	0	0	35	1	0.395	0.456	0.506	0	1	0.000	0.000	0.000	0.000	2.000	0.000	350.000	0.000	947.971	0.9837	1.0000
jd.Nullstride 2.3.3	dz.Caedo 1.4	mid-shield		7	true	35	2053.000	97.000	34	1700.000	50.000	12.000	30.000	0	32538	0.109	0.203	9.025	0	0	0	NaN	NaN	0	1757	32	0	0	0	0	0	0	0	0	0	0	-	-	0	0	0	-	NaN	NaN	NaN	0	0	0	0	0	0	0	0	0		-1	0	0	35	1	0.390	0.438	0.456	1	1	0.000	1.000	0.000	0.000	1.000	5.000	340.000	10.000	929.657	0.9549	0.9714
jd.Nullstride 2.3.3	dz.Caedo 1.4	mid-shield		8	true	35	2121.000	78.000	35	1750.000	0.000	18.000	78.000	0	33287	0.103	0.280	9.184	0	0	0	NaN	NaN	0	1739	33	0	0	0	0	0	0	0	0	0	0	-	-	0	0	0	-	NaN	NaN	NaN	0	0	0	0	0	0	0	0	0	Robot dz.Caedo 1.4 is not stopping.  Forcing a stop. Unable to stop thread: dz.Caedo 1.4	-1	0	0	35	1	0.395	0.448	0.496	0	1	0.000	0.000	0.000	0.000	4.000	0.000	350.000	0.000	951.057	0.9645	1.0000
jd.Nullstride 2.3.3	kawigi.mini.Fhqwhgads 1.1	mid-shield		1	true	35	2116.000	0.000	35	1750.000	0.000	13.000	0.000	0	30304	0.047	0.130	6.216	0	0	0	NaN	NaN	0	1570	35	0	0	0	0	0	0	0	0	0	0	-	-	0	0	0	-	NaN	NaN	NaN	0	0	0	0	0	0	0	0	0		-1	0	0	35	1	0.390	0.423	0.456	1	1	0.000	0.000	0.000	0.000	3.000	0.000	350.000	0.000	865.829	1.0000	1.0000
jd.Nullstride 2.3.3	kawigi.mini.Fhqwhgads 1.1	mid-shield		2	true	35	2133.000	2.000	35	1750.000	0.000	27.000	2.000	0	29799	0.064	0.147	7.559	0	0	0	NaN	NaN	0	1540	31	0	0	0	0	0	0	0	0	0	0	-	-	0	0	0	-	NaN	NaN	NaN	0	0	0	0	0	0	0	0	0		-1	0	0	35	1	0.395	0.424	0.434	0	1	0.000	0.000	0.000	0.000	5.000	0.000	350.000	0.000	851.400	0.9991	1.0000
jd.Nullstride 2.3.3	kawigi.mini.Fhqwhgads 1.1	mid-shield		3	true	35	2113.000	16.000	35	1750.000	0.000	11.000	16.000	0	30324	0.073	0.163	8.554	0	0	0	NaN	NaN	0	1574	35	0	0	0	0	0	0	0	0	0	0	-	-	0	0	0	-	NaN	NaN	NaN	0	0	0	0	0	0	0	0	0		-1	0	0	35	1	0.406	0.480	0.544	1	1	0.000	0.000	0.000	0.000	2.000	0.000	350.000	0.000	866.400	0.9925	1.0000
jd.Nullstride 2.3.3	kawigi.mini.Fhqwhgads 1.1	mid-shield		4	true	35	2140.000	196.000	34	1700.000	50.000	86.000	104.000	0	29290	0.063	0.152	107.199	0	0	0	NaN	NaN	0	1508	32	0	0	0	0	0	0	0	0	0	0	-	-	0	0	0	-	NaN	NaN	NaN	0	0	0	0	0	0	0	0	0		-1	0	0	35	1	0.395	0.428	0.452	0	1	2.000	10.000	0.000	0.000	12.000	22.000	340.000	10.000	836.857	0.9161	0.9714
jd.Nullstride 2.3.3	kawigi.mini.Fhqwhgads 1.1	mid-shield		5	true	35	2113.000	16.000	35	1750.000	0.000	11.000	16.000	0	30355	0.077	0.169	8.413	0	0	0	NaN	NaN	0	1574	35	0	0	0	0	0	0	0	0	0	0	-	-	0	0	0	-	NaN	NaN	NaN	0	0	0	0	0	0	0	0	0		-1	0	0	35	1	0.406	0.480	0.544	1	1	0.000	0.000	0.000	0.000	2.000	0.000	350.000	0.000	867.286	0.9925	1.0000
jd.Nullstride 2.3.3	kawigi.mini.Fhqwhgads 1.1	mid-shield		6	true	35	2148.000	32.000	35	1750.000	0.000	40.000	32.000	0	30248	0.065	0.147	7.004	0	0	0	NaN	NaN	0	1567	35	0	0	0	0	0	0	0	0	0	0	-	-	0	0	0	-	NaN	NaN	NaN	0	0	0	0	0	0	0	0	0		-1	0	0	35	1	0.395	0.424	0.434	0	1	0.000	0.000	0.000	0.000	8.000	0.000	350.000	0.000	864.229	0.9853	1.0000
jd.Nullstride 2.3.3	kawigi.mini.Fhqwhgads 1.1	mid-shield		7	true	35	2177.000	34.000	35	1750.000	0.000	65.000	32.000	0	29922	0.076	0.168	6.980	0	0	0	NaN	NaN	0	1549	33	0	0	0	0	0	0	0	0	0	0	-	-	0	0	0	-	NaN	NaN	NaN	0	0	0	0	0	0	0	0	0		-1	0	0	35	1	0.406	0.480	0.544	1	1	0.000	2.000	0.000	0.000	13.000	0.000	350.000	0.000	854.914	0.9846	1.0000
jd.Nullstride 2.3.3	kawigi.mini.Fhqwhgads 1.1	mid-shield		8	true	35	2207.000	48.000	35	1750.000	0.000	89.000	48.000	0	29759	0.066	0.157	7.807	0	0	0	NaN	NaN	0	1535	33	0	0	0	0	0	0	0	0	0	0	-	-	0	0	0	-	NaN	NaN	NaN	0	0	0	0	0	0	0	0	0		-1	0	0	35	1	0.449	0.471	0.492	0	1	0.000	0.000	0.000	0.000	18.000	0.000	350.000	0.000	850.257	0.9787	1.0000
jd.Nullstride 2.3.3	kawigi.sbf.FloodMini 1.4	mid-shield		1	true	35	2100.000	0.000	35	1750.000	0.000	0.000	0.000	0	30360	0.062	0.148	6.323	0	0	0	NaN	NaN	0	1575	35	0	0	0	0	0	0	0	0	0	0	-	-	0	0	0	-	NaN	NaN	NaN	0	0	0	0	0	0	0	0	0		-1	0	0	35	1	0.423	0.431	0.434	0	1	0.000	0.000	0.000	0.000	0.000	0.000	350.000	0.000	867.429	1.0000	1.0000
jd.Nullstride 2.3.3	kawigi.sbf.FloodMini 1.4	mid-shield		2	true	35	2091.000	250.000	34	1700.000	50.000	49.000	112.000	0	29829	0.076	0.165	100.925	0	0	0	NaN	NaN	0	1537	34	0	0	0	0	0	0	0	0	0	0	-	-	0	0	0	-	NaN	NaN	NaN	0	0	0	0	0	0	0	0	0		-1	0	0	35	1	0.436	0.455	0.472	0	1	0.000	43.000	0.000	35.000	2.000	0.000	340.000	10.000	852.257	0.8932	0.9714
jd.Nullstride 2.3.3	kawigi.sbf.FloodMini 1.4	mid-shield		3	true	35	2116.000	20.000	35	1750.000	0.000	13.000	18.000	0	30362	0.074	0.168	7.095	0	0	0	NaN	NaN	0	1569	35	0	0	0	0	0	0	0	0	0	0	-	-	0	0	0	-	NaN	NaN	NaN	0	0	0	0	0	0	0	0	0		-1	0	0	35	1	0.395	0.458	0.492	0	1	0.000	1.000	0.000	0.000	3.000	0.000	350.000	0.000	867.486	0.9906	1.0000
jd.Nullstride 2.3.3	kawigi.sbf.FloodMini 1.4	mid-shield		4	true	35	2101.000	2.000	35	1750.000	0.000	1.000	0.000	0	30461	0.078	0.168	7.802	0	0	0	NaN	NaN	0	1571	34	0	0	0	0	0	0	0	0	0	0	-	-	0	0	0	-	NaN	NaN	NaN	0	0	0	0	0	0	0	0	0		-1	0	0	35	1	0.436	0.455	0.472	0	1	0.000	1.000	0.000	0.000	0.000	0.000	350.000	0.000	870.314	0.9990	1.0000
jd.Nullstride 2.3.3	kawigi.sbf.FloodMini 1.4	mid-shield		5	true	35	2138.000	88.000	35	1750.000	0.000	32.000	80.000	0	30547	0.074	0.164	7.857	0	0	0	NaN	NaN	0	1577	35	0	0	0	0	0	0	0	0	0	0	-	-	0	0	0	-	NaN	NaN	NaN	0	0	0	0	0	0	0	0	0		-1	0	0	35	1	0.449	0.471	0.492	0	1	0.000	8.000	0.000	0.000	6.000	0.000	350.000	0.000	872.771	0.9605	1.0000
jd.Nullstride 2.3.3	kawigi.sbf.FloodMini 1.4	mid-shield		6	true	35	2113.000	21.000	35	1750.000	0.000	11.000	16.000	0	30310	0.069	0.158	7.831	0	0	0	NaN	NaN	0	1573	35	0	0	0	0	0	0	0	0	0	0	-	-	0	0	0	-	NaN	NaN	NaN	0	0	0	0	0	0	0	0	0		-1	0	0	35	1	0.379	0.431	0.458	0	1	0.000	5.000	0.000	0.000	2.000	0.000	350.000	0.000	866.000	0.9902	1.0000
jd.Nullstride 2.3.3	kawigi.sbf.FloodMini 1.4	mid-shield		7	true	35	2100.000	1.000	35	1750.000	0.000	0.000	0.000	0	30351	0.073	0.162	7.920	0	0	0	NaN	NaN	0	1574	35	0	0	0	0	0	0	0	0	0	0	-	-	0	0	0	-	NaN	NaN	NaN	0	0	0	0	0	0	0	0	0		-1	0	0	35	1	0.449	0.471	0.492	0	1	0.000	1.000	0.000	0.000	0.000	0.000	350.000	0.000	867.171	0.9995	1.0000
jd.Nullstride 2.3.3	kawigi.sbf.FloodMini 1.4	mid-shield		8	true	35	2114.000	33.000	35	1750.000	0.000	12.000	32.000	0	30575	0.076	0.170	8.216	0	0	0	NaN	NaN	0	1577	35	0	0	0	0	0	0	0	0	0	0	-	-	0	0	0	-	NaN	NaN	NaN	0	0	0	0	0	0	0	0	0		-1	0	0	35	1	0.436	0.455	0.472	0	1	0.000	1.000	0.000	0.000	2.000	0.000	350.000	0.000	873.571	0.9846	1.0000
jd.Nullstride 2.3.3	kid.Toa .0.5	mid-shield		1	true	35	2100.000	28.000	35	1750.000	0.000	0.000	28.000	0	50066	0.199	0.588	45.226	0	0	0	NaN	NaN	0	1755	0	0	0	0	0	0	0	0	0	0	0	-	-	0	0	0	-	NaN	NaN	NaN	0	0	0	0	0	0	0	0	0		-1	0	0	35	1	0.379	0.452	0.492	0	1	0.000	0.000	0.000	0.000	0.000	0.000	350.000	0.000	1430.457	0.9868	1.0000
jd.Nullstride 2.3.3	kid.Toa .0.5	mid-shield		2	true	35	2040.000	154.000	34	1700.000	50.000	0.000	94.000	0	49681	0.214	0.708	44.051	0	0	0	NaN	NaN	0	1720	0	0	0	0	0	0	0	0	0	0	0	-	-	0	0	0	-	NaN	NaN	NaN	0	0	0	0	0	0	0	0	0		-1	0	0	35	1	0.333	0.414	0.448	1	1	0.000	0.000	0.000	0.000	0.000	0.000	340.000	10.000	1419.457	0.9298	0.9714
jd.Nullstride 2.3.3	kid.Toa .0.5	mid-shield		3	true	35	1920.000	332.000	32	1600.000	150.000	0.000	139.000	0	48831	0.218	0.794	44.023	0	0	0	NaN	NaN	0	1735	2	0	0	0	0	0	0	0	0	0	0	-	-	0	0	0	-	NaN	NaN	NaN	0	0	0	0	0	0	0	0	0		-1	0	0	35	1	0.379	0.445	0.495	0	1	0.000	0.000	0.000	0.000	0.000	12.000	320.000	30.000	1395.171	0.8526	0.9143
jd.Nullstride 2.3.3	kid.Toa .0.5	mid-shield		4	true	35	2040.000	158.000	34	1700.000	50.000	0.000	98.000	0	49887	0.202	0.621	54.695	0	0	0	NaN	NaN	0	1747	0	0	0	0	0	0	0	0	0	0	0	-	-	0	0	0	-	NaN	NaN	NaN	0	0	0	0	0	0	0	0	0		-1	0	0	35	1	0.333	0.399	0.437	1	1	0.000	0.000	0.000	0.000	0.000	0.000	340.000	10.000	1425.343	0.9281	0.9714
jd.Nullstride 2.3.3	kid.Toa .0.5	mid-shield		5	true	35	2073.000	312.000	33	1650.000	100.000	78.000	170.000	5	47646	0.211	0.756	57.561	0	0	0	NaN	NaN	0	1693	1	0	0	0	0	0	0	0	0	0	0	-	-	0	0	0	-	NaN	NaN	NaN	0	0	0	0	0	0	0	0	0		-1	0	0	35	1	0.368	0.424	0.495	0	1	0.000	0.000	0.000	0.000	15.000	22.000	330.000	20.000	1361.314	0.8692	0.9429
jd.Nullstride 2.3.3	kid.Toa .0.5	mid-shield		6	true	35	2040.000	164.000	34	1700.000	50.000	0.000	104.000	0	49251	0.214	0.698	47.761	0	0	0	NaN	NaN	0	1680	0	0	0	0	0	0	0	0	0	0	0	-	-	0	0	0	-	NaN	NaN	NaN	0	0	0	0	0	0	0	0	0		-1	0	0	35	1	0.333	0.396	0.437	1	1	0.000	0.000	0.000	0.000	0.000	0.000	340.000	10.000	1407.171	0.9256	0.9714
jd.Nullstride 2.3.3	kid.Toa .0.5	mid-shield		7	true	35	2100.000	34.000	35	1750.000	0.000	0.000	34.000	0	49472	0.215	0.609	50.281	0	0	0	NaN	NaN	0	1688	0	0	0	0	0	0	0	0	0	0	0	-	-	0	0	0	-	NaN	NaN	NaN	0	0	0	0	0	0	0	0	0		-1	0	0	35	1	0.368	0.419	0.495	0	1	0.000	0.000	0.000	0.000	0.000	0.000	350.000	0.000	1413.486	0.9841	1.0000
jd.Nullstride 2.3.3	kid.Toa .0.5	mid-shield		8	true	35	2040.000	112.000	34	1700.000	50.000	0.000	52.000	0	49226	0.213	0.609	137.969	0	0	0	NaN	NaN	0	1749	1	0	0	0	0	0	0	0	0	0	0	-	-	0	0	0	-	NaN	NaN	NaN	0	0	0	0	0	0	0	0	0		-1	0	0	35	1	0.333	0.390	0.437	1	1	0.000	0.000	0.000	0.000	0.000	0.000	340.000	10.000	1406.457	0.9480	0.9714
jd.Nullstride 2.3.3	kms.Golden 0.10	mid-shield		1	true	35	3057.000	672.000	34	1700.000	50.000	830.000	586.000	7	26152	0.126	0.810	47.945	0	0	0	NaN	NaN	0	1306	28	0	0	0	0	0	0	0	0	0	0	-	-	0	0	0	-	NaN	NaN	NaN	0	0	0	0	0	0	0	0	0		-1	0	0	35	1	0.379	0.441	0.495	0	1	4.000	13.000	55.000	0.000	128.000	13.000	340.000	10.000	747.200	0.8198	0.9714
jd.Nullstride 2.3.3	kms.Golden 0.10	mid-shield		2	true	35	2384.000	334.000	34	1700.000	50.000	281.000	246.000	6	26066	0.064	0.463	33.930	0	0	0	NaN	NaN	0	1228	38	0	0	0	0	0	0	0	0	0	0	-	-	0	0	0	-	NaN	NaN	NaN	0	0	0	0	0	0	0	0	0		-1	0	0	35	1	0.387	0.420	0.448	0	1	1.000	12.000	17.000	0.000	44.000	17.000	340.000	10.000	744.743	0.8771	0.9714
jd.Nullstride 2.3.3	kms.Golden 0.10	mid-shield		3	true	35	3256.000	675.000	34	1700.000	50.000	1004.000	580.000	6	23989	0.197	0.826	23.204	0	0	0	NaN	NaN	0	1155	27	0	0	0	0	0	0	0	0	0	0	-	-	0	0	0	-	NaN	NaN	NaN	0	0	0	0	0	0	0	0	0		-1	0	0	35	1	0.393	0.443	0.495	0	1	4.000	17.000	23.000	0.000	185.000	18.000	340.000	10.000	685.400	0.8283	0.9714
jd.Nullstride 2.3.3	kms.Golden 0.10	mid-shield		4	true	35	2964.000	393.000	35	1750.000	0.000	716.000	377.000	11	24917	0.101	0.763	60.925	0	0	0	NaN	NaN	0	1200	28	0	0	0	0	0	0	0	0	0	0	-	-	0	0	0	-	NaN	NaN	NaN	0	0	0	0	0	0	0	0	0		-1	0	0	35	1	0.402	0.423	0.448	1	1	1.000	17.000	9.000	0.000	137.000	0.000	350.000	0.000	711.914	0.8829	1.0000
jd.Nullstride 2.3.3	kms.Golden 0.10	mid-shield		5	true	35	2100.000	0.000	35	1750.000	0.000	0.000	0.000	0	28872	0.057	0.135	8.236	0	0	0	NaN	NaN	0	1440	35	0	0	0	0	0	0	0	0	0	0	-	-	0	0	0	-	NaN	NaN	NaN	0	0	0	0	0	0	0	0	0		-1	0	0	35	1	0.417	0.420	0.422	1	1	0.000	0.000	0.000	0.000	0.000	0.000	350.000	0.000	824.914	1.0000	1.0000
jd.Nullstride 2.3.3	kms.Golden 0.10	mid-shield		6	true	35	2101.000	8.000	35	1750.000	0.000	1.000	8.000	0	28442	0.064	0.139	7.875	0	0	0	NaN	NaN	0	1402	37	0	0	0	0	0	0	0	0	0	0	-	-	0	0	0	-	NaN	NaN	NaN	0	0	0	0	0	0	0	0	0		-1	0	0	35	1	0.350	0.405	0.489	0	1	0.000	0.000	0.000	0.000	0.000	0.000	350.000	0.000	812.629	0.9962	1.0000
jd.Nullstride 2.3.3	kms.Golden 0.10	mid-shield		7	true	35	2042.000	181.000	34	1700.000	50.000	2.000	101.000	0	28802	0.059	0.140	7.315	0	0	0	NaN	NaN	0	1452	34	0	0	0	0	0	0	0	0	0	0	-	-	0	0	0	-	NaN	NaN	NaN	0	0	0	0	0	0	0	0	0		-1	0	0	35	1	0.416	0.429	0.437	1	1	0.000	0.000	0.000	0.000	0.000	20.000	340.000	10.000	822.914	0.9186	0.9714
jd.Nullstride 2.3.3	kms.Golden 0.10	mid-shield		8	true	35	3209.000	730.000	33	1650.000	100.000	1027.000	586.000	13	23955	0.190	0.838	24.498	0	0	0	NaN	NaN	0	1146	26	0	0	0	0	0	0	0	0	0	0	-	-	0	0	0	-	NaN	NaN	NaN	0	0	0	0	0	0	0	0	0		-1	0	0	35	1	0.388	0.444	0.493	0	1	2.000	4.000	23.000	0.000	177.000	20.000	330.000	20.000	684.429	0.8147	0.9429
jd.Nullstride 2.3.3	lucasslf.Dodger 1.0	mid-shield		1	true	35	2113.000	16.000	35	1750.000	0.000	11.000	16.000	0	48974	0.079	0.160	19.699	0	0	0	NaN	NaN	0	3332	35	0	0	0	0	0	0	0	0	0	0	-	-	0	0	0	-	NaN	NaN	NaN	0	0	0	0	0	0	0	0	0		-1	0	0	35	1	0.333	0.400	0.437	1	1	0.000	0.000	0.000	0.000	2.000	0.000	350.000	0.000	1399.257	0.9925	1.0000
jd.Nullstride 2.3.3	lucasslf.Dodger 1.0	mid-shield		2	true	35	2100.000	0.000	35	1750.000	0.000	0.000	0.000	0	49155	0.085	0.163	20.121	0	0	0	NaN	NaN	0	3345	35	0	0	0	0	0	0	0	0	0	0	-	-	0	0	0	-	NaN	NaN	NaN	0	0	0	0	0	0	0	0	0		-1	0	0	35	1	0.388	0.431	0.453	0	1	0.000	0.000	0.000	0.000	0.000	0.000	350.000	0.000	1404.429	1.0000	1.0000
jd.Nullstride 2.3.3	lucasslf.Dodger 1.0	mid-shield		3	true	35	2100.000	0.000	35	1750.000	0.000	0.000	0.000	0	49102	0.076	0.162	165.866	0	0	0	NaN	NaN	0	3334	35	0	0	0	0	0	0	0	0	0	0	-	-	0	0	0	-	NaN	NaN	NaN	0	0	0	0	0	0	0	0	0		-1	0	0	35	1	0.350	0.371	0.398	0	1	0.000	0.000	0.000	0.000	0.000	0.000	350.000	0.000	1402.914	1.0000	1.0000
jd.Nullstride 2.3.3	lucasslf.Dodger 1.0	mid-shield		4	true	35	2100.000	0.000	35	1750.000	0.000	0.000	0.000	0	48793	0.085	0.163	19.455	0	0	0	NaN	NaN	0	3309	35	0	0	0	0	0	0	0	0	0	0	-	-	0	0	0	-	NaN	NaN	NaN	0	0	0	0	0	0	0	0	0		-1	0	0	35	1	0.403	0.419	0.437	0	1	0.000	0.000	0.000	0.000	0.000	0.000	350.000	0.000	1394.086	1.0000	1.0000
jd.Nullstride 2.3.3	lucasslf.Dodger 1.0	mid-shield		5	true	35	2100.000	0.000	35	1750.000	0.000	0.000	0.000	0	49006	0.093	0.172	44.168	0	0	0	NaN	NaN	0	3326	35	0	0	0	0	0	0	0	0	0	0	-	-	0	0	0	-	NaN	NaN	NaN	0	0	0	0	0	0	0	0	0		-1	0	0	35	1	0.350	0.434	0.493	0	1	0.000	0.000	0.000	0.000	0.000	0.000	350.000	0.000	1400.171	1.0000	1.0000
jd.Nullstride 2.3.3	lucasslf.Dodger 1.0	mid-shield		6	true	35	2100.000	0.000	35	1750.000	0.000	0.000	0.000	0	49138	0.086	0.165	21.041	0	0	0	NaN	NaN	0	3343	35	0	0	0	0	0	0	0	0	0	0	-	-	0	0	0	-	NaN	NaN	NaN	0	0	0	0	0	0	0	0	0		-1	0	0	35	1	0.403	0.426	0.474	0	1	0.000	0.000	0.000	0.000	0.000	0.000	350.000	0.000	1403.943	1.0000	1.0000
jd.Nullstride 2.3.3	lucasslf.Dodger 1.0	mid-shield		7	true	35	2100.000	0.000	35	1750.000	0.000	0.000	0.000	0	48969	0.093	0.175	19.171	0	0	0	NaN	NaN	0	3322	35	0	0	0	0	0	0	0	0	0	0	-	-	0	0	0	-	NaN	NaN	NaN	0	0	0	0	0	0	0	0	0		-1	0	0	35	1	0.365	0.440	0.493	0	1	0.000	0.000	0.000	0.000	0.000	0.000	350.000	0.000	1399.114	1.0000	1.0000
jd.Nullstride 2.3.3	lucasslf.Dodger 1.0	mid-shield		8	true	35	2100.000	0.000	35	1750.000	0.000	0.000	0.000	0	49030	0.087	0.164	19.204	0	0	0	NaN	NaN	0	3332	35	0	0	0	0	0	0	0	0	0	0	-	-	0	0	0	-	NaN	NaN	NaN	0	0	0	0	0	0	0	0	0		-1	0	0	35	1	0.403	0.420	0.437	0	1	0.000	0.000	0.000	0.000	0.000	0.000	350.000	0.000	1400.857	1.0000	1.0000
jd.Nullstride 2.3.3	mk.Alpha 0.2.1	mid-shield		1	true	35	2100.000	0.000	35	1750.000	0.000	0.000	0.000	0	46425	0.094	0.189	9.565	0	0	0	NaN	NaN	0	2262	0	0	0	0	0	0	0	0	0	0	0	-	-	0	0	0	-	NaN	NaN	NaN	0	0	0	0	0	0	0	0	0		-1	0	0	35	1	0.388	0.444	0.493	0	1	0.000	0.000	0.000	0.000	0.000	0.000	350.000	0.000	1326.429	1.0000	1.0000
jd.Nullstride 2.3.3	mk.Alpha 0.2.1	mid-shield		2	true	35	2100.000	0.000	35	1750.000	0.000	0.000	0.000	0	46640	0.082	0.169	48.738	0	0	0	NaN	NaN	0	2276	0	0	0	0	0	0	0	0	0	0	0	-	-	0	0	0	-	NaN	NaN	NaN	0	0	0	0	0	0	0	0	0		-1	0	0	35	1	0.408	0.430	0.448	0	1	0.000	0.000	0.000	0.000	0.000	0.000	350.000	0.000	1332.571	1.0000	1.0000
jd.Nullstride 2.3.3	mk.Alpha 0.2.1	mid-shield		3	true	35	2100.000	0.000	35	1750.000	0.000	0.000	0.000	0	47078	0.084	0.176	9.132	0	0	0	NaN	NaN	0	2267	0	0	0	0	0	0	0	0	0	0	0	-	-	0	0	0	-	NaN	NaN	NaN	0	0	0	0	0	0	0	0	0		-1	0	0	35	1	0.388	0.440	0.493	0	1	0.000	0.000	0.000	0.000	0.000	0.000	350.000	0.000	1345.086	1.0000	1.0000
jd.Nullstride 2.3.3	mk.Alpha 0.2.1	mid-shield		4	true	35	2100.000	0.000	35	1750.000	0.000	0.000	0.000	0	47391	0.090	0.180	14.701	0	0	0	NaN	NaN	0	2292	0	0	0	0	0	0	0	0	0	0	0	-	-	0	0	0	-	NaN	NaN	NaN	0	0	0	0	0	0	0	0	0		-1	0	0	35	1	0.428	0.465	0.486	1	1	0.000	0.000	0.000	0.000	0.000	0.000	350.000	0.000	1354.029	1.0000	1.0000
jd.Nullstride 2.3.3	mk.Alpha 0.2.1	mid-shield		5	true	35	2100.000	0.000	35	1750.000	0.000	0.000	0.000	0	47428	0.085	0.172	8.889	0	0	0	NaN	NaN	0	2295	0	0	0	0	0	0	0	0	0	0	0	-	-	0	0	0	-	NaN	NaN	NaN	0	0	0	0	0	0	0	0	0		-1	0	0	35	1	0.421	0.434	0.448	0	1	0.000	0.000	0.000	0.000	0.000	0.000	350.000	0.000	1355.086	1.0000	1.0000
jd.Nullstride 2.3.3	mk.Alpha 0.2.1	mid-shield		6	true	35	2100.000	0.000	35	1750.000	0.000	0.000	0.000	0	47311	0.086	0.172	9.646	0	0	0	NaN	NaN	0	2298	0	0	0	0	0	0	0	0	0	0	0	-	-	0	0	0	-	NaN	NaN	NaN	0	0	0	0	0	0	0	0	0		-1	0	0	35	1	0.417	0.456	0.472	1	1	0.000	0.000	0.000	0.000	0.000	0.000	350.000	0.000	1351.743	1.0000	1.0000
jd.Nullstride 2.3.3	mk.Alpha 0.2.1	mid-shield		7	true	35	2100.000	0.000	35	1750.000	0.000	0.000	0.000	0	46982	0.087	0.171	9.393	0	0	0	NaN	NaN	0	2287	0	0	0	0	0	0	0	0	0	0	0	-	-	0	0	0	-	NaN	NaN	NaN	0	0	0	0	0	0	0	0	0		-1	0	0	35	1	0.403	0.426	0.474	0	1	0.000	0.000	0.000	0.000	0.000	0.000	350.000	0.000	1342.343	1.0000	1.0000
jd.Nullstride 2.3.3	mk.Alpha 0.2.1	mid-shield		8	true	35	2100.000	0.000	35	1750.000	0.000	0.000	0.000	0	47469	0.081	0.165	8.889	0	0	0	NaN	NaN	0	2294	0	0	0	0	0	0	0	0	0	0	0	-	-	0	0	0	-	NaN	NaN	NaN	0	0	0	0	0	0	0	0	0		-1	0	0	35	1	0.385	0.405	0.439	1	1	0.000	0.000	0.000	0.000	0.000	0.000	350.000	0.000	1356.257	1.0000	1.0000
jd.Nullstride 2.3.3	mladjo.Grrrrr 0.9	mid-shield		1	true	35	2120.000	38.000	35	1750.000	0.000	17.000	38.000	0	33114	0.070	0.158	9.305	0	0	0	NaN	NaN	0	1818	35	0	0	0	0	0	0	0	0	0	0	-	-	0	0	0	-	NaN	NaN	NaN	0	0	0	0	0	0	0	0	0		-1	0	0	35	1	0.403	0.444	0.474	0	1	0.000	0.000	0.000	0.000	3.000	0.000	350.000	0.000	946.114	0.9824	1.0000
jd.Nullstride 2.3.3	mladjo.Grrrrr 0.9	mid-shield		2	true	35	2108.000	47.000	35	1750.000	0.000	6.000	47.000	0	32946	0.062	0.143	21.719	0	0	0	NaN	NaN	0	1813	35	0	0	0	0	0	0	0	0	0	0	-	-	0	0	0	-	NaN	NaN	NaN	0	0	0	0	0	0	0	0	0		-1	0	0	35	1	0.369	0.395	0.415	1	1	0.000	0.000	0.000	0.000	1.000	0.000	350.000	0.000	941.314	0.9782	1.0000
jd.Nullstride 2.3.3	mladjo.Grrrrr 0.9	mid-shield		3	true	35	2116.000	38.000	35	1750.000	0.000	13.000	38.000	0	33064	0.071	0.161	8.853	0	0	0	NaN	NaN	0	1819	35	0	0	0	0	0	0	0	0	0	0	-	-	0	0	0	-	NaN	NaN	NaN	0	0	0	0	0	0	0	0	0		-1	0	0	35	1	0.428	0.464	0.486	0	1	0.000	0.000	0.000	0.000	3.000	0.000	350.000	0.000	944.686	0.9824	1.0000
jd.Nullstride 2.3.3	mladjo.Grrrrr 0.9	mid-shield		4	true	35	2151.000	94.000	35	1750.000	0.000	43.000	94.000	0	33205	0.063	0.145	6.946	0	0	0	NaN	NaN	0	1827	35	0	0	0	0	0	0	0	0	0	0	-	-	0	0	0	-	NaN	NaN	NaN	0	0	0	0	0	0	0	0	0		-1	0	0	35	1	0.369	0.395	0.415	1	1	0.000	0.000	0.000	0.000	9.000	0.000	350.000	0.000	948.714	0.9581	1.0000
jd.Nullstride 2.3.3	mladjo.Grrrrr 0.9	mid-shield		5	true	35	2225.000	770.000	32	1600.000	150.000	252.000	364.000	11	30808	0.081	0.587	44.022	0	0	0	NaN	NaN	0	1678	32	0	0	0	0	0	0	0	0	0	0	-	-	0	0	0	-	NaN	NaN	NaN	0	0	0	0	0	0	0	0	0		-1	0	0	35	1	0.462	0.472	0.486	1	1	4.000	169.000	16.000	26.000	34.000	30.000	320.000	30.000	880.229	0.7429	0.9143
jd.Nullstride 2.3.3	mladjo.Grrrrr 0.9	mid-shield		6	true	35	2129.000	47.000	35	1750.000	0.000	24.000	47.000	0	33153	0.068	0.150	25.585	0	0	0	NaN	NaN	0	1823	35	0	0	0	0	0	0	0	0	0	0	-	-	0	0	0	-	NaN	NaN	NaN	0	0	0	0	0	0	0	0	0		-1	0	0	35	1	0.367	0.419	0.484	0	1	0.000	0.000	0.000	0.000	5.000	0.000	350.000	0.000	947.229	0.9784	1.0000
jd.Nullstride 2.3.3	mladjo.Grrrrr 0.9	mid-shield		7	true	35	2082.000	238.000	34	1700.000	50.000	38.000	75.000	0	32332	0.068	0.160	7.781	0	0	0	NaN	NaN	0	1769	34	0	0	0	0	0	0	0	0	0	0	-	-	0	0	0	-	NaN	NaN	NaN	0	0	0	0	0	0	0	0	0		-1	0	0	35	1	0.462	0.472	0.486	1	1	0.000	74.000	0.000	28.000	5.000	0.000	340.000	10.000	923.771	0.8974	0.9714
jd.Nullstride 2.3.3	mladjo.Grrrrr 0.9	mid-shield		8	true	35	2034.000	478.000	33	1650.000	100.000	44.000	127.000	0	31368	0.073	0.168	8.359	0	0	0	NaN	NaN	0	1704	33	0	0	0	0	0	0	0	0	0	0	-	-	0	0	0	-	NaN	NaN	NaN	0	0	0	0	0	0	0	0	0		-1	0	0	35	1	0.464	0.483	0.509	0	1	2.000	175.000	0.000	56.000	8.000	0.000	330.000	20.000	896.229	0.8097	0.9429
jd.Nullstride 2.3.3	nz.jdc.nano.NeophytePattern 1.1	mid-shield		1	true	35	2132.000	20.000	35	1750.000	0.000	27.000	20.000	0	29977	0.069	0.151	7.677	0	0	0	NaN	NaN	0	1625	35	0	0	0	0	0	0	0	0	0	0	-	-	0	0	0	-	NaN	NaN	NaN	0	0	0	0	0	0	0	0	0		-1	0	0	35	1	0.417	0.452	0.472	1	1	0.000	0.000	0.000	0.000	5.000	0.000	350.000	0.000	856.486	0.9907	1.0000
jd.Nullstride 2.3.3	nz.jdc.nano.NeophytePattern 1.1	mid-shield		2	true	35	2177.000	52.000	35	1750.000	0.000	64.000	52.000	0	29341	0.074	0.159	9.241	0	0	0	NaN	NaN	0	1578	34	0	0	0	0	0	0	0	0	0	0	-	-	0	0	0	-	NaN	NaN	NaN	0	0	0	0	0	0	0	0	0		-1	0	0	35	1	0.458	0.468	0.484	0	1	0.000	0.000	0.000	0.000	13.000	0.000	350.000	0.000	838.314	0.9767	1.0000
jd.Nullstride 2.3.3	nz.jdc.nano.NeophytePattern 1.1	mid-shield		3	true	35	2133.000	42.000	35	1750.000	0.000	27.000	42.000	0	29603	0.049	0.130	7.365	0	0	0	NaN	NaN	0	1599	33	0	0	0	0	0	0	0	0	0	0	-	-	0	0	0	-	NaN	NaN	NaN	0	0	0	0	0	0	0	0	0		-1	0	0	35	1	0.385	0.396	0.406	1	1	0.000	0.000	0.000	0.000	5.000	0.000	350.000	0.000	845.800	0.9807	1.0000
jd.Nullstride 2.3.3	nz.jdc.nano.NeophytePattern 1.1	mid-shield		4	true	35	2137.000	52.000	35	1750.000	0.000	31.000	52.000	0	29674	0.080	0.170	10.062	0	0	0	NaN	NaN	0	1607	31	0	0	0	0	0	0	0	0	0	0	-	-	0	0	0	-	NaN	NaN	NaN	0	0	0	0	0	0	0	0	0		-1	0	0	35	1	0.466	0.487	0.509	0	1	0.000	0.000	0.000	0.000	6.000	0.000	350.000	0.000	847.829	0.9762	1.0000
jd.Nullstride 2.3.3	nz.jdc.nano.NeophytePattern 1.1	mid-shield		5	true	35	2148.000	36.000	35	1750.000	0.000	40.000	36.000	0	29491	0.076	0.157	7.183	0	0	0	NaN	NaN	0	1593	32	0	0	0	0	0	0	0	0	0	0	-	-	0	0	0	-	NaN	NaN	NaN	0	0	0	0	0	0	0	0	0		-1	0	0	35	1	0.367	0.428	0.484	0	1	0.000	0.000	0.000	0.000	8.000	0.000	350.000	0.000	842.600	0.9835	1.0000
jd.Nullstride 2.3.3	nz.jdc.nano.NeophytePattern 1.1	mid-shield		6	true	35	2133.000	20.000	35	1750.000	0.000	27.000	20.000	0	29755	0.071	0.157	7.141	0	0	0	NaN	NaN	0	1611	31	0	0	0	0	0	0	0	0	0	0	-	-	0	0	0	-	NaN	NaN	NaN	0	0	0	0	0	0	0	0	0		-1	0	0	35	1	0.396	0.455	0.494	0	1	0.000	0.000	0.000	0.000	5.000	0.000	350.000	0.000	850.143	0.9907	1.0000
jd.Nullstride 2.3.3	nz.jdc.nano.NeophytePattern 1.1	mid-shield		7	true	35	2133.000	58.000	35	1750.000	0.000	27.000	58.000	0	29397	0.076	0.161	8.422	0	0	0	NaN	NaN	0	1581	35	0	0	0	0	0	0	0	0	0	0	-	-	0	0	0	-	NaN	NaN	NaN	0	0	0	0	0	0	0	0	0		-1	0	0	35	1	0.367	0.448	0.484	0	1	0.000	0.000	0.000	0.000	5.000	0.000	350.000	0.000	839.914	0.9735	1.0000
jd.Nullstride 2.3.3	nz.jdc.nano.NeophytePattern 1.1	mid-shield		8	true	35	2132.000	32.000	35	1750.000	0.000	27.000	32.000	0	29790	0.066	0.157	7.823	0	0	0	NaN	NaN	0	1615	30	0	0	0	0	0	0	0	0	0	0	-	-	0	0	0	-	NaN	NaN	NaN	0	0	0	0	0	0	0	0	0		-1	0	0	35	1	0.396	0.455	0.494	0	1	0.000	0.000	0.000	0.000	5.000	0.000	350.000	0.000	851.143	0.9852	1.0000
jd.Nullstride 2.3.3	pedersen.Hubris 2.4	mid-shield		1	true	35	1980.000	139.000	33	1650.000	100.000	0.000	17.000	0	55292	0.114	0.239	51.650	0	0	0	NaN	NaN	0	3093	2	0	0	0	0	0	0	0	0	0	0	-	-	0	0	0	-	NaN	NaN	NaN	0	0	0	0	0	0	0	0	0		-1	0	0	35	1	0.458	0.480	0.509	0	1	0.000	2.000	0.000	0.000	0.000	0.000	330.000	20.000	1579.771	0.9344	0.9429
jd.Nullstride 2.3.3	pedersen.Hubris 2.4	mid-shield		2	true	35	2042.000	64.000	34	1700.000	50.000	1.000	3.000	0	55488	0.115	0.244	10.387	0	0	0	NaN	NaN	0	3164	0	0	0	0	0	0	0	0	0	0	0	-	-	0	0	0	-	NaN	NaN	NaN	0	0	0	0	0	0	0	0	0		-1	0	0	35	1	0.396	0.482	0.535	0	1	0.000	1.000	0.000	0.000	0.000	0.000	340.000	10.000	1585.371	0.9696	0.9714
jd.Nullstride 2.3.3	pedersen.Hubris 2.4	mid-shield		3	true	35	2100.000	2.000	35	1750.000	0.000	0.000	0.000	0	55682	0.114	0.240	7.725	0	0	0	NaN	NaN	0	3263	1	0	0	0	0	0	0	0	0	0	0	-	-	0	0	0	-	NaN	NaN	NaN	0	0	0	0	0	0	0	0	0		-1	0	0	35	1	0.438	0.479	0.509	0	1	0.000	1.000	0.000	0.000	0.000	0.000	350.000	0.000	1590.914	0.9990	1.0000
jd.Nullstride 2.3.3	pedersen.Hubris 2.4	mid-shield		4	true	35	2040.000	2.000	35	1700.000	0.000	0.000	1.000	0	53830	0.116	0.241	10.252	0	0	0	NaN	NaN	0	3171	3	0	0	0	0	0	0	0	0	0	0	-	-	0	0	0	-	NaN	NaN	NaN	0	0	0	0	0	0	0	0	0		-1	0	0	35	1	0.421	0.479	0.529	0	1	0.000	1.000	0.000	0.000	0.000	0.000	340.000	0.000	1538.000	0.9990	1.0000
jd.Nullstride 2.3.3	pedersen.Hubris 2.4	mid-shield		5	true	35	2041.000	77.000	34	1700.000	50.000	1.000	17.000	0	53967	0.112	0.238	8.281	0	0	0	NaN	NaN	0	3115	1	0	0	0	0	0	0	0	0	0	0	-	-	0	0	0	-	NaN	NaN	NaN	0	0	0	0	0	0	0	0	0		-1	0	0	35	1	0.396	0.467	0.509	0	1	0.000	0.000	0.000	0.000	0.000	0.000	340.000	10.000	1541.914	0.9636	0.9714
jd.Nullstride 2.3.3	pedersen.Hubris 2.4	mid-shield		6	true	35	2040.000	2.000	35	1700.000	0.000	0.000	2.000	0	55319	0.110	0.234	46.427	0	0	0	NaN	NaN	0	3143	0	0	0	0	0	0	0	0	0	0	0	-	-	0	0	0	-	NaN	NaN	NaN	0	0	0	0	0	0	0	0	0		-1	0	0	35	1	0.375	0.466	0.529	0	1	0.000	0.000	0.000	0.000	0.000	0.000	340.000	0.000	1580.543	0.9990	1.0000
jd.Nullstride 2.3.3	pedersen.Hubris 2.4	mid-shield		7	true	35	2043.000	3.000	35	1700.000	0.000	3.000	3.000	0	53923	0.107	0.226	12.135	0	0	0	NaN	NaN	0	3153	3	0	0	0	0	0	0	0	0	0	0	-	-	0	0	0	-	NaN	NaN	NaN	0	0	0	0	0	0	0	0	0		-1	0	0	35	1	0.396	0.468	0.535	0	1	0.000	0.000	0.000	0.000	0.000	0.000	340.000	0.000	1540.657	0.9985	1.0000
jd.Nullstride 2.3.3	pedersen.Hubris 2.4	mid-shield		8	true	35	2040.000	62.000	34	1700.000	50.000	0.000	1.000	0	54471	0.104	0.223	10.883	0	0	0	NaN	NaN	0	3177	0	0	0	0	0	0	0	0	0	0	0	-	-	0	0	0	-	NaN	NaN	NaN	0	0	0	0	0	0	0	0	0		-1	0	0	35	1	0.375	0.438	0.484	0	1	0.000	1.000	0.000	0.000	0.000	0.000	340.000	10.000	1556.314	0.9705	0.9714
jd.Nullstride 2.3.3	ph.micro.Pikeman 0.4.5	mid-shield		1	true	35	2100.000	0.000	35	1750.000	0.000	0.000	0.000	0	33170	0.075	0.170	8.838	0	0	0	NaN	NaN	0	1818	35	0	0	0	0	0	0	0	0	0	0	-	-	0	0	0	-	NaN	NaN	NaN	0	0	0	0	0	0	0	0	0		-1	0	0	35	1	0.396	0.471	0.535	0	1	0.000	0.000	0.000	0.000	0.000	0.000	350.000	0.000	947.714	1.0000	1.0000
jd.Nullstride 2.3.3	ph.micro.Pikeman 0.4.5	mid-shield		2	true	35	2100.000	0.000	35	1750.000	0.000	0.000	0.000	0	33129	0.064	0.157	7.906	0	0	0	NaN	NaN	0	1819	35	0	0	0	0	0	0	0	0	0	0	-	-	0	0	0	-	NaN	NaN	NaN	0	0	0	0	0	0	0	0	0		-1	0	0	35	1	0.452	0.463	0.486	0	1	0.000	0.000	0.000	0.000	0.000	0.000	350.000	0.000	946.543	1.0000	1.0000
jd.Nullstride 2.3.3	ph.micro.Pikeman 0.4.5	mid-shield		3	true	35	2101.000	19.000	35	1750.000	0.000	1.000	19.000	0	33313	0.076	0.169	8.440	0	0	0	NaN	NaN	0	1826	35	0	0	0	0	0	0	0	0	0	0	-	-	0	0	0	-	NaN	NaN	NaN	0	0	0	0	0	0	0	0	0		-1	0	0	35	1	0.433	0.498	0.535	0	1	0.000	0.000	0.000	0.000	0.000	0.000	350.000	0.000	951.800	0.9910	1.0000
jd.Nullstride 2.3.3	ph.micro.Pikeman 0.4.5	mid-shield		4	true	35	2100.000	0.000	35	1750.000	0.000	0.000	0.000	0	33161	0.063	0.157	7.980	0	0	0	NaN	NaN	0	1819	35	0	0	0	0	0	0	0	0	0	0	-	-	0	0	0	-	NaN	NaN	NaN	0	0	0	0	0	0	0	0	0		-1	0	0	35	1	0.399	0.449	0.486	0	1	0.000	0.000	0.000	0.000	0.000	0.000	350.000	0.000	947.457	1.0000	1.0000
jd.Nullstride 2.3.3	ph.micro.Pikeman 0.4.5	mid-shield		5	true	35	2044.000	182.000	34	1700.000	50.000	4.000	102.000	0	32519	0.069	0.157	7.246	0	0	0	NaN	NaN	0	1776	34	0	0	0	0	0	0	0	0	0	0	-	-	0	0	0	-	NaN	NaN	NaN	0	0	0	0	0	0	0	0	0		-1	0	0	35	1	0.421	0.455	0.484	0	1	0.000	0.000	0.000	0.000	0.000	20.000	340.000	10.000	929.114	0.9182	0.9714
jd.Nullstride 2.3.3	ph.micro.Pikeman 0.4.5	mid-shield		6	true	35	2129.000	38.000	35	1750.000	0.000	24.000	38.000	0	33207	0.032	0.111	6.939	0	0	0	NaN	NaN	0	1818	35	0	0	0	0	0	0	0	0	0	0	-	-	0	0	0	-	NaN	NaN	NaN	0	0	0	0	0	0	0	0	0		-1	0	0	35	1	0.341	0.381	0.402	0	1	0.000	0.000	0.000	0.000	5.000	0.000	350.000	0.000	948.771	0.9825	1.0000
jd.Nullstride 2.3.3	ph.micro.Pikeman 0.4.5	mid-shield		7	true	35	2100.000	0.000	35	1750.000	0.000	0.000	0.000	0	33272	0.060	0.147	7.081	0	0	0	NaN	NaN	0	1820	35	0	0	0	0	0	0	0	0	0	0	-	-	0	0	0	-	NaN	NaN	NaN	0	0	0	0	0	0	0	0	0		-1	0	0	35	1	0.375	0.417	0.461	0	1	0.000	0.000	0.000	0.000	0.000	0.000	350.000	0.000	950.629	1.0000	1.0000
jd.Nullstride 2.3.3	ph.micro.Pikeman 0.4.5	mid-shield		8	true	35	2100.000	0.000	35	1750.000	0.000	0.000	0.000	0	33153	0.067	0.154	7.512	0	0	0	NaN	NaN	0	1817	35	0	0	0	0	0	0	0	0	0	0	-	-	0	0	0	-	NaN	NaN	NaN	0	0	0	0	0	0	0	0	0		-1	0	0	35	1	0.394	0.410	0.425	0	1	0.000	0.000	0.000	0.000	0.000	0.000	350.000	0.000	947.229	1.0000	1.0000
jd.Nullstride 2.3.3	suh.mega.WaveSurferPG 1.06	mid-shield		1	true	35	4429.000	571.000	35	1750.000	0.000	1924.000	571.000	827	67804	0.319	1.566	36.349	0	0	0	NaN	NaN	0	5361	9	0	0	0	0	0	0	0	0	0	0	-	-	0	0	0	-	NaN	NaN	NaN	0	0	0	0	0	0	0	0	0		-1	0	0	35	1	0.289	0.380	0.486	1	1	4.000	0.000	50.000	0.000	352.000	0.000	350.000	0.000	1937.257	0.8858	1.0000
jd.Nullstride 2.3.3	suh.mega.WaveSurferPG 1.06	mid-shield		2	true	35	4561.000	539.000	35	1750.000	0.000	2046.000	539.000	1036	67477	0.312	1.611	36.312	0	0	0	NaN	NaN	0	5367	8	0	0	0	0	0	0	0	0	0	0	-	-	0	0	0	-	NaN	NaN	NaN	0	0	0	0	0	0	0	0	0		-1	0	0	35	1	0.289	0.357	0.425	1	1	1.000	0.000	13.000	0.000	400.000	0.000	350.000	0.000	1927.914	0.8943	1.0000
jd.Nullstride 2.3.3	suh.mega.WaveSurferPG 1.06	mid-shield		3	true	35	4283.000	717.000	35	1750.000	0.000	1819.000	717.000	875	65709	0.312	1.569	39.331	0	0	0	NaN	NaN	0	5087	7	0	0	0	0	0	0	0	0	0	0	-	-	0	0	0	-	NaN	NaN	NaN	0	0	0	0	0	0	0	0	0		-1	0	0	35	1	0.289	0.380	0.486	1	1	0.000	0.000	0.000	0.000	364.000	0.000	350.000	0.000	1877.400	0.8566	1.0000
jd.Nullstride 2.3.3	suh.mega.WaveSurferPG 1.06	mid-shield		4	true	35	4161.000	736.000	33	1650.000	100.000	1816.000	595.000	818	71403	0.308	1.523	39.046	0	0	0	NaN	NaN	0	5622	13	0	0	0	0	0	0	0	0	0	0	-	-	0	0	0	-	NaN	NaN	NaN	0	0	0	0	0	0	0	0	0		-1	0	0	35	1	0.289	0.355	0.420	1	1	1.000	0.000	15.000	0.000	349.000	21.000	330.000	20.000	2040.086	0.8497	0.9429
jd.Nullstride 2.3.3	suh.mega.WaveSurferPG 1.06	mid-shield		5	true	35	4275.000	676.000	34	1700.000	50.000	1858.000	606.000	808	72143	0.311	1.534	34.977	0	0	0	NaN	NaN	0	5685	15	0	0	0	0	0	0	0	0	0	0	-	-	0	0	0	-	NaN	NaN	NaN	0	0	0	0	0	0	0	0	0		-1	0	0	35	1	0.289	0.375	0.486	1	1	1.000	0.000	18.000	0.000	358.000	10.000	340.000	10.000	2061.229	0.8635	0.9714
jd.Nullstride 2.3.3	suh.mega.WaveSurferPG 1.06	mid-shield		6	true	35	4416.000	569.000	35	1750.000	0.000	1925.000	569.000	742	67239	0.300	1.523	38.704	0	0	0	NaN	NaN	0	5339	5	0	0	0	0	0	0	0	0	0	0	-	-	0	0	0	-	NaN	NaN	NaN	0	0	0	0	0	0	0	0	0		-1	0	0	35	1	0.289	0.353	0.402	1	1	1.000	0.000	13.000	0.000	376.000	0.000	350.000	0.000	1921.114	0.8859	1.0000
jd.Nullstride 2.3.3	suh.mega.WaveSurferPG 1.06	mid-shield		7	true	35	4335.000	648.000	34	1700.000	50.000	1903.000	578.000	1038	67600	0.312	1.608	314.739	0	0	0	NaN	NaN	0	5289	11	0	0	0	0	0	0	0	0	0	0	-	-	0	0	0	-	NaN	NaN	NaN	0	0	0	0	0	0	0	0	0		-1	0	0	35	1	0.289	0.368	0.427	1	1	2.000	0.000	40.000	0.000	349.000	10.000	340.000	10.000	1931.429	0.8700	0.9714
jd.Nullstride 2.3.3	suh.mega.WaveSurferPG 1.06	mid-shield		8	true	35	4577.000	466.000	35	1750.000	0.000	2055.000	466.000	960	76311	0.306	1.581	38.349	0	0	0	NaN	NaN	0	6182	8	0	0	0	0	0	0	0	0	0	0	-	-	0	0	0	-	NaN	NaN	NaN	0	0	0	0	0	0	0	0	0		-1	0	0	35	1	0.289	0.360	0.428	1	1	2.000	0.000	28.000	0.000	393.000	0.000	350.000	0.000	2180.314	0.9076	1.0000
jd.Nullstride 2.3.3	synapse.rsim.GeomancyBS 0.11	mid-shield		1	true	35	2100.000	14.000	35	1750.000	0.000	0.000	14.000	0	46893	0.092	0.175	7.509	0	0	0	NaN	NaN	0	2395	3	0	0	0	0	0	0	0	0	0	0	-	-	0	0	0	-	NaN	NaN	NaN	0	0	0	0	0	0	0	0	0		-1	0	0	35	1	0.355	0.394	0.425	0	1	0.000	0.000	0.000	0.000	0.000	0.000	350.000	0.000	1339.800	0.9934	1.0000
jd.Nullstride 2.3.3	synapse.rsim.GeomancyBS 0.11	mid-shield		2	true	35	2100.000	63.000	35	1750.000	0.000	0.000	63.000	0	48880	0.053	0.146	7.020	0	0	0	NaN	NaN	0	2490	2	0	0	0	0	0	0	0	0	0	0	-	-	0	0	0	-	NaN	NaN	NaN	0	0	0	0	0	0	0	0	0		-1	0	0	35	1	0.289	0.316	0.354	1	1	0.000	0.000	0.000	0.000	0.000	0.000	350.000	0.000	1396.571	0.9709	1.0000
jd.Nullstride 2.3.3	synapse.rsim.GeomancyBS 0.11	mid-shield		3	true	35	2100.000	0.000	35	1750.000	0.000	0.000	0.000	0	46638	0.091	0.179	8.322	0	0	0	NaN	NaN	0	2478	5	0	0	0	0	0	0	0	0	0	0	-	-	0	0	0	-	NaN	NaN	NaN	0	0	0	0	0	0	0	0	0		-1	0	0	35	1	0.365	0.395	0.425	0	1	0.000	0.000	0.000	0.000	0.000	0.000	350.000	0.000	1332.514	1.0000	1.0000
jd.Nullstride 2.3.3	synapse.rsim.GeomancyBS 0.11	mid-shield		4	true	35	2100.000	5.000	35	1750.000	0.000	0.000	5.000	0	47651	0.087	0.168	7.109	0	0	0	NaN	NaN	0	2388	2	0	0	0	0	0	0	0	0	0	0	-	-	0	0	0	-	NaN	NaN	NaN	0	0	0	0	0	0	0	0	0		-1	0	0	35	1	0.327	0.357	0.382	0	1	0.000	0.000	0.000	0.000	0.000	0.000	350.000	0.000	1361.457	0.9976	1.0000
jd.Nullstride 2.3.3	synapse.rsim.GeomancyBS 0.11	mid-shield		5	true	35	2040.000	113.000	34	1700.000	50.000	0.000	48.000	0	48409	0.083	0.163	6.835	0	0	0	NaN	NaN	0	2463	4	0	0	0	0	0	0	0	0	0	0	-	-	0	0	0	-	NaN	NaN	NaN	0	0	0	0	0	0	0	0	0		-1	0	0	35	1	0.300	0.344	0.382	0	1	0.000	0.000	0.000	0.000	0.000	5.000	340.000	10.000	1383.114	0.9475	0.9714
jd.Nullstride 2.3.3	synapse.rsim.GeomancyBS 0.11	mid-shield		6	true	35	2100.000	31.000	35	1750.000	0.000	0.000	31.000	0	48179	0.087	0.171	8.169	0	0	0	NaN	NaN	0	2448	4	0	0	0	0	0	0	0	0	0	0	-	-	0	0	0	-	NaN	NaN	NaN	0	0	0	0	0	0	0	0	0		-1	0	0	35	1	0.336	0.376	0.402	0	1	0.000	0.000	0.000	0.000	0.000	0.000	350.000	0.000	1376.543	0.9855	1.0000
jd.Nullstride 2.3.3	synapse.rsim.GeomancyBS 0.11	mid-shield		7	true	35	2100.000	21.000	35	1750.000	0.000	0.000	21.000	0	48532	0.090	0.173	8.125	0	0	0	NaN	NaN	0	2484	1	0	0	0	0	0	0	0	0	0	0	-	-	0	0	0	-	NaN	NaN	NaN	0	0	0	0	0	0	0	0	0		-1	0	0	35	1	0.338	0.368	0.382	0	1	0.000	0.000	0.000	0.000	0.000	0.000	350.000	0.000	1386.629	0.9901	1.0000
jd.Nullstride 2.3.3	synapse.rsim.GeomancyBS 0.11	mid-shield		8	true	35	2100.000	31.000	35	1750.000	0.000	0.000	31.000	0	46292	0.099	0.183	7.722	0	0	0	NaN	NaN	0	2379	3	0	0	0	0	0	0	0	0	0	0	-	-	0	0	0	-	NaN	NaN	NaN	0	0	0	0	0	0	0	0	0		-1	0	0	35	1	0.378	0.392	0.402	0	1	0.000	0.000	0.000	0.000	0.000	0.000	350.000	0.000	1322.629	0.9855	1.0000
jd.Nullstride 2.3.3	theo.avenge.Pequod 1.0	mid-shield		1	true	35	2100.000	85.000	35	1750.000	0.000	0.000	85.000	0	45906	0.147	0.548	14.468	0	0	0	NaN	NaN	0	1669	1	0	0	0	0	0	0	0	0	0	0	-	-	0	0	0	-	NaN	NaN	NaN	0	0	0	0	0	0	0	0	0		-1	0	0	35	1	0.312	0.376	0.402	1	1	0.000	0.000	0.000	0.000	0.000	0.000	350.000	0.000	1311.600	0.9611	1.0000
jd.Nullstride 2.3.3	theo.avenge.Pequod 1.0	mid-shield		2	true	35	2316.000	454.000	33	1650.000	100.000	278.000	223.000	4	41429	0.146	0.753	64.190	0	0	0	NaN	NaN	0	1517	1	0	0	0	0	0	0	0	0	0	0	-	-	0	0	0	-	NaN	NaN	NaN	0	0	0	0	0	0	0	0	0		-1	0	0	35	1	0.308	0.363	0.398	0	1	2.000	85.000	0.000	0.000	55.000	26.000	330.000	20.000	1183.686	0.8361	0.9429
jd.Nullstride 2.3.3	theo.avenge.Pequod 1.0	mid-shield		3	true	35	2040.000	126.000	34	1700.000	50.000	0.000	60.000	0	45982	0.146	0.550	14.205	0	0	0	NaN	NaN	0	1656	0	0	0	0	0	0	0	0	0	0	0	-	-	0	0	0	-	NaN	NaN	NaN	0	0	0	0	0	0	0	0	0		-1	0	0	35	1	0.376	0.396	0.428	1	1	0.000	0.000	0.000	0.000	0.000	6.000	340.000	10.000	1313.771	0.9418	0.9714
jd.Nullstride 2.3.3	theo.avenge.Pequod 1.0	mid-shield		4	true	35	2040.000	149.000	34	1700.000	50.000	0.000	85.000	0	46256	0.145	0.541	14.099	0	0	0	NaN	NaN	0	1675	3	0	0	0	0	0	0	0	0	0	0	-	-	0	0	0	-	NaN	NaN	NaN	0	0	0	0	0	0	0	0	0		-1	0	0	35	1	0.308	0.364	0.398	0	1	0.000	0.000	0.000	0.000	0.000	4.000	340.000	10.000	1321.600	0.9319	0.9714
jd.Nullstride 2.3.3	theo.avenge.Pequod 1.0	mid-shield		5	true	35	2577.000	424.000	33	1650.000	100.000	502.000	289.000	11	39784	0.160	0.814	38.721	0	0	0	NaN	NaN	0	1503	1	0	0	0	0	0	0	0	0	0	0	-	-	0	0	0	-	NaN	NaN	NaN	0	0	0	0	0	0	0	0	0		-1	0	0	35	1	0.378	0.400	0.428	1	1	0.000	0.000	0.000	0.000	95.000	15.000	330.000	20.000	1136.686	0.8587	0.9429
jd.Nullstride 2.3.3	theo.avenge.Pequod 1.0	mid-shield		6	true	35	2040.000	151.000	34	1700.000	50.000	0.000	86.000	0	46003	0.144	0.549	15.242	0	0	0	NaN	NaN	0	1687	0	0	0	0	0	0	0	0	0	0	0	-	-	0	0	0	-	NaN	NaN	NaN	0	0	0	0	0	0	0	0	0		-1	0	0	35	1	0.346	0.374	0.403	0	1	0.000	0.000	0.000	0.000	0.000	4.000	340.000	10.000	1314.371	0.9311	0.9714
jd.Nullstride 2.3.3	theo.avenge.Pequod 1.0	mid-shield		7	true	35	1980.000	258.000	33	1650.000	100.000	0.000	129.000	0	45992	0.146	0.551	14.078	0	0	0	NaN	NaN	0	1682	0	0	0	0	0	0	0	0	0	0	0	-	-	0	0	0	-	NaN	NaN	NaN	0	0	0	0	0	0	0	0	0		-1	0	0	35	1	0.378	0.401	0.428	1	1	0.000	0.000	0.000	0.000	0.000	9.000	330.000	20.000	1314.057	0.8847	0.9429
jd.Nullstride 2.3.3	theo.avenge.Pequod 1.0	mid-shield		8	true	35	2100.000	95.000	35	1750.000	0.000	0.000	95.000	0	46718	0.131	0.487	14.811	0	0	0	NaN	NaN	0	1681	0	0	0	0	0	0	0	0	0	0	0	-	-	0	0	0	-	NaN	NaN	NaN	0	0	0	0	0	0	0	0	0		-1	0	0	35	1	0.346	0.371	0.398	0	1	0.000	0.000	0.000	0.000	0.000	0.000	350.000	0.000	1334.800	0.9567	1.0000
jd.Nullstride 2.3.3	theo.real.Ahab 1.0	mid-shield		1	true	35	2434.000	236.000	35	1750.000	0.000	279.000	236.000	6	48246	0.275	0.978	46.534	0	0	0	NaN	NaN	0	2081	1	0	0	0	0	0	0	0	0	0	0	-	-	0	0	0	-	NaN	NaN	NaN	0	0	0	0	0	0	0	0	0		-1	0	0	35	1	0.308	0.383	0.428	1	1	0.000	0.000	0.000	0.000	56.000	0.000	350.000	0.000	1378.457	0.9116	1.0000
jd.Nullstride 2.3.3	theo.real.Ahab 1.0	mid-shield		2	true	35	2350.000	371.000	33	1650.000	100.000	308.000	242.000	5	45965	0.285	1.051	54.988	0	0	0	NaN	NaN	0	2067	4	0	0	0	0	0	0	0	0	0	0	-	-	0	0	0	-	NaN	NaN	NaN	0	0	0	0	0	0	0	0	0		-1	0	0	35	1	0.319	0.387	0.439	0	1	0.000	0.000	0.000	0.000	62.000	9.000	330.000	20.000	1313.286	0.8637	0.9429
jd.Nullstride 2.3.3	theo.real.Ahab 1.0	mid-shield		3	true	35	2352.000	263.000	34	1700.000	50.000	260.000	195.000	7	47913	0.289	0.989	36.013	0	0	0	NaN	NaN	0	2067	1	0	0	0	0	0	0	0	0	0	0	-	-	0	0	0	-	NaN	NaN	NaN	0	0	0	0	0	0	0	0	0		-1	0	0	35	1	0.308	0.382	0.428	1	1	0.000	0.000	0.000	0.000	52.000	7.000	340.000	10.000	1368.943	0.8994	0.9714
jd.Nullstride 2.3.3	theo.real.Ahab 1.0	mid-shield		4	true	35	2563.000	358.000	34	1700.000	50.000	436.000	289.000	8	44713	0.275	1.097	49.641	0	0	0	NaN	NaN	0	2002	2	0	0	0	0	0	0	0	0	0	0	-	-	0	0	0	-	NaN	NaN	NaN	0	0	0	0	0	0	0	0	0		-1	0	0	35	1	0.319	0.386	0.439	0	1	0.000	0.000	0.000	0.000	87.000	8.000	340.000	10.000	1277.514	0.8774	0.9714
jd.Nullstride 2.3.3	theo.real.Ahab 1.0	mid-shield		5	true	35	2394.000	272.000	34	1700.000	50.000	295.000	209.000	8	46668	0.274	0.989	42.580	0	0	0	NaN	NaN	0	2068	4	0	0	0	0	0	0	0	0	0	0	-	-	0	0	0	-	NaN	NaN	NaN	0	0	0	0	0	0	0	0	0		-1	0	0	35	1	0.319	0.374	0.430	0	1	0.000	0.000	0.000	0.000	59.000	3.000	340.000	10.000	1333.371	0.8980	0.9714
jd.Nullstride 2.3.3	theo.real.Ahab 1.0	mid-shield		6	true	35	2877.000	372.000	35	1750.000	0.000	646.000	372.000	20	42539	0.308	1.129	50.785	0	0	0	NaN	NaN	0	1917	0	0	0	0	0	0	0	0	0	0	0	-	-	0	0	0	-	NaN	NaN	NaN	0	0	0	0	0	0	0	0	0		-1	0	0	35	1	0.349	0.408	0.465	1	1	1.000	0.000	0.000	0.000	129.000	0.000	350.000	0.000	1215.400	0.8855	1.0000
jd.Nullstride 2.3.3	theo.real.Ahab 1.0	mid-shield		7	true	35	2379.000	198.000	35	1750.000	0.000	233.000	198.000	8	48610	0.273	0.993	62.503	0	0	0	NaN	NaN	0	2099	1	0	0	0	0	0	0	0	0	0	0	-	-	0	0	0	-	NaN	NaN	NaN	0	0	0	0	0	0	0	0	0		-1	0	0	35	1	0.319	0.379	0.430	0	1	0.000	0.000	0.000	0.000	47.000	0.000	350.000	0.000	1388.857	0.9232	1.0000
jd.Nullstride 2.3.3	theo.real.Ahab 1.0	mid-shield		8	true	35	2543.000	509.000	32	1600.000	150.000	519.000	315.000	4	43127	0.306	1.139	55.627	0	0	0	NaN	NaN	0	1973	1	0	0	0	0	0	0	0	0	0	0	-	-	0	0	0	-	NaN	NaN	NaN	0	0	0	0	0	0	0	0	0		-1	0	0	35	1	0.349	0.405	0.465	1	1	0.000	0.000	0.000	0.000	104.000	14.000	320.000	30.000	1232.200	0.8332	0.9143
jd.Nullstride 2.3.3	tm.Yuugao 1.0	mid-shield		1	true	35	3940.000	845.000	34	1700.000	50.000	1560.000	776.000	30	25804	0.307	1.055	32.964	0	0	0	NaN	NaN	0	1182	2	0	0	0	0	0	0	0	0	0	0	-	-	0	0	0	-	NaN	NaN	NaN	0	0	0	0	0	0	0	0	0		-1	0	0	35	1	0.319	0.382	0.430	0	1	6.000	0.000	70.000	0.000	264.000	9.000	340.000	10.000	737.257	0.8234	0.9714
jd.Nullstride 2.3.3	tm.Yuugao 1.0	mid-shield		2	true	35	4027.000	922.000	33	1650.000	100.000	1717.000	781.000	24	23549	0.295	1.067	29.480	0	0	0	NaN	NaN	0	1080	2	0	0	0	0	0	0	0	0	0	0	-	-	0	0	0	-	NaN	NaN	NaN	0	0	0	0	0	0	0	0	0		-1	0	0	35	1	0.357	0.402	0.439	0	1	0.000	0.000	0.000	0.000	330.000	21.000	330.000	20.000	672.829	0.8137	0.9429
jd.Nullstride 2.3.3	tm.Yuugao 1.0	mid-shield		3	true	35	4160.000	819.000	34	1700.000	50.000	1758.000	759.000	18	23281	0.286	1.018	24.157	0	0	0	NaN	NaN	0	1045	1	0	0	0	0	0	0	0	0	0	0	-	-	0	0	0	-	NaN	NaN	NaN	0	0	0	0	0	0	0	0	0		-1	0	0	35	1	0.319	0.370	0.430	0	1	4.000	0.000	43.000	0.000	316.000	0.000	340.000	10.000	665.171	0.8355	0.9714
jd.Nullstride 2.3.3	tm.Yuugao 1.0	mid-shield		4	true	35	4069.000	616.000	35	1750.000	0.000	1637.000	616.000	33	23528	0.307	1.086	31.112	0	0	0	NaN	NaN	0	1098	1	0	0	0	0	0	0	0	0	0	0	-	-	0	0	0	-	NaN	NaN	NaN	0	0	0	0	0	0	0	0	0		-1	0	0	35	1	0.382	0.414	0.457	0	1	1.000	0.000	11.000	0.000	320.000	0.000	350.000	0.000	672.229	0.8685	1.0000
jd.Nullstride 2.3.3	tm.Yuugao 1.0	mid-shield		5	true	35	4141.000	1012.000	33	1650.000	100.000	1798.000	871.000	30	23440	0.289	1.043	29.671	0	0	0	NaN	NaN	0	1055	5	0	0	0	0	0	0	0	0	0	0	-	-	0	0	0	-	NaN	NaN	NaN	0	0	0	0	0	0	0	0	0		-1	0	0	35	1	0.386	0.428	0.465	0	1	4.000	0.000	44.000	0.000	315.000	21.000	330.000	20.000	669.714	0.8036	0.9429
jd.Nullstride 2.3.3	tm.Yuugao 1.0	mid-shield		6	true	35	3858.000	636.000	34	1700.000	50.000	1521.000	562.000	35	23887	0.314	1.101	30.796	0	0	0	NaN	NaN	0	1116	1	0	0	0	0	0	0	0	0	0	0	-	-	0	0	0	-	NaN	NaN	NaN	0	0	0	0	0	0	0	0	0		-1	0	0	35	1	0.349	0.396	0.462	1	1	0.000	0.000	0.000	0.000	296.000	13.000	340.000	10.000	682.486	0.8585	0.9714
jd.Nullstride 2.3.3	tm.Yuugao 1.0	mid-shield		7	true	35	4064.000	673.000	35	1750.000	0.000	1628.000	673.000	36	24447	0.326	1.158	33.821	0	0	0	NaN	NaN	0	1135	3	0	0	0	0	0	0	0	0	0	0	-	-	0	0	0	-	NaN	NaN	NaN	0	0	0	0	0	0	0	0	0		-1	0	0	35	1	0.349	0.412	0.465	1	1	2.000	0.000	23.000	0.000	311.000	0.000	350.000	0.000	698.486	0.8579	1.0000
jd.Nullstride 2.3.3	tm.Yuugao 1.0	mid-shield		8	true	35	4042.000	820.000	33	1650.000	100.000	1718.000	679.000	21	23364	0.280	1.010	29.435	0	0	0	NaN	NaN	0	1054	6	0	0	0	0	0	0	0	0	0	0	-	-	0	0	0	-	NaN	NaN	NaN	0	0	0	0	0	0	0	0	0		-1	0	0	35	1	0.362	0.402	0.462	1	1	2.000	0.000	37.000	0.000	305.000	21.000	330.000	20.000	667.543	0.8313	0.9429
jd.Nullstride 2.3.3	trab.Crusader 0.1.7	mid-shield		1	true	35	2805.000	490.000	34	1600.000	50.000	743.000	416.000	9	36512	0.271	1.197	24.576	0	0	0	NaN	NaN	0	1896	0	0	0	0	0	0	0	0	0	0	0	-	-	0	0	0	-	NaN	NaN	NaN	0	0	0	0	0	0	0	0	0		-1	0	0	35	1	0.349	0.409	0.465	1	1	0.000	0.000	0.000	0.000	142.000	13.000	320.000	10.000	1043.200	0.8513	0.9697
jd.Nullstride 2.3.3	trab.Crusader 0.1.7	mid-shield		2	true	35	2801.000	741.000	33	1650.000	100.000	684.000	605.000	13	38520	0.284	1.150	28.967	0	0	0	NaN	NaN	0	2088	2	0	0	0	0	0	0	0	0	0	0	-	-	0	0	0	-	NaN	NaN	NaN	0	0	0	0	0	0	0	0	0		-1	0	0	35	1	0.343	0.429	0.489	1	1	0.000	0.000	0.000	0.000	137.000	16.000	330.000	20.000	1100.571	0.7908	0.9429
jd.Nullstride 2.3.3	trab.Crusader 0.1.7	mid-shield		3	true	35	2812.000	812.000	32	1550.000	150.000	804.000	601.000	17	36687	0.283	1.126	31.663	0	0	0	NaN	NaN	0	1992	1	0	0	0	0	0	0	0	0	0	0	-	-	0	0	0	-	NaN	NaN	NaN	0	0	0	0	0	0	0	0	0		-1	0	0	35	1	0.349	0.405	0.465	1	1	0.000	0.000	0.000	0.000	149.000	31.000	310.000	30.000	1048.200	0.7759	0.9118
jd.Nullstride 2.3.3	trab.Crusader 0.1.7	mid-shield		4	true	35	2938.000	722.000	31	1550.000	200.000	901.000	447.000	10	32373	0.281	1.096	29.531	0	0	0	NaN	NaN	0	1714	4	0	0	0	0	0	0	0	0	0	0	-	-	0	0	0	-	NaN	NaN	NaN	0	0	0	0	0	0	0	0	0		-1	0	0	35	1	0.343	0.430	0.489	1	1	0.000	0.000	0.000	0.000	176.000	35.000	310.000	40.000	924.943	0.8027	0.8857
jd.Nullstride 2.3.3	trab.Crusader 0.1.7	mid-shield		5	true	35	2792.000	701.000	33	1600.000	100.000	730.000	557.000	11	37721	0.258	1.196	27.142	0	0	0	NaN	NaN	0	1999	2	0	0	0	0	0	0	0	0	0	0	-	-	0	0	0	-	NaN	NaN	NaN	0	0	0	0	0	0	0	0	0		-1	0	0	35	1	0.362	0.430	0.489	1	1	0.000	0.000	0.000	0.000	142.000	24.000	320.000	20.000	1077.743	0.7993	0.9412
jd.Nullstride 2.3.3	trab.Crusader 0.1.7	mid-shield		6	true	35	2719.000	814.000	32	1600.000	150.000	669.000	601.000	5	38294	0.201	0.955	26.671	0	0	0	NaN	NaN	0	2053	3	0	0	0	0	0	0	0	0	0	0	-	-	0	0	0	-	NaN	NaN	NaN	0	0	0	0	0	0	0	0	0		-1	0	0	35	1	0.128	0.257	0.347	0	1	0.000	0.000	0.000	0.000	130.000	33.000	320.000	30.000	1094.114	0.7696	0.9143
jd.Nullstride 2.3.3	trab.Crusader 0.1.7	mid-shield		7	true	35	3020.000	687.000	33	1650.000	100.000	866.000	550.000	11	34499	0.284	1.103	22.738	0	0	0	NaN	NaN	0	1871	2	0	0	0	0	0	0	0	0	0	0	-	-	0	0	0	-	NaN	NaN	NaN	0	0	0	0	0	0	0	0	0		-1	0	0	35	1	0.343	0.432	0.489	1	1	0.000	0.000	0.000	0.000	173.000	17.000	330.000	20.000	985.686	0.8147	0.9429
jd.Nullstride 2.3.3	trab.Crusader 0.1.7	mid-shield		8	true	35	2905.000	798.000	31	1550.000	200.000	871.000	531.000	12	35304	0.202	0.874	22.820	0	0	0	NaN	NaN	0	1869	6	0	0	0	0	0	0	0	0	0	0	-	-	0	0	0	-	NaN	NaN	NaN	0	0	0	0	0	0	0	0	0		-1	0	0	35	1	0.096	0.230	0.338	0	1	0.000	0.000	0.000	0.000	174.000	27.000	310.000	40.000	1008.686	0.7845	0.8857
jd.Nullstride 2.3.3	wiki.mini.Sedan 1.0	mid-shield		1	true	35	2100.000	0.000	35	1750.000	0.000	0.000	0.000	0	30514	0.076	0.178	7.738	0	0	0	NaN	NaN	0	1561	35	0	0	0	0	0	0	0	0	0	0	-	-	0	0	0	-	NaN	NaN	NaN	0	0	0	0	0	0	0	0	0		-1	0	0	35	1	0.460	0.476	0.489	1	1	0.000	0.000	0.000	0.000	0.000	0.000	350.000	0.000	871.829	1.0000	1.0000
jd.Nullstride 2.3.3	wiki.mini.Sedan 1.0	mid-shield		2	true	35	2100.000	0.000	35	1750.000	0.000	0.000	0.000	0	30729	0.067	0.160	7.565	0	0	0	NaN	NaN	0	1573	35	0	0	0	0	0	0	0	0	0	0	-	-	0	0	0	-	NaN	NaN	NaN	0	0	0	0	0	0	0	0	0		-1	0	0	35	1	0.399	0.404	0.406	0	1	0.000	0.000	0.000	0.000	0.000	0.000	350.000	0.000	877.971	1.0000	1.0000
jd.Nullstride 2.3.3	wiki.mini.Sedan 1.0	mid-shield		3	true	35	2100.000	0.000	35	1750.000	0.000	0.000	0.000	0	30588	0.060	0.171	8.067	0	0	0	NaN	NaN	0	1566	33	0	0	0	0	0	0	0	0	0	0	-	-	0	0	0	-	NaN	NaN	NaN	0	0	0	0	0	0	0	0	0		-1	0	0	35	1	0.428	0.468	0.489	1	1	0.000	0.000	0.000	0.000	0.000	0.000	350.000	0.000	873.943	1.0000	1.0000
jd.Nullstride 2.3.3	wiki.mini.Sedan 1.0	mid-shield		4	true	35	2100.000	0.000	35	1750.000	0.000	0.000	0.000	0	30629	0.067	0.162	7.205	0	0	0	NaN	NaN	0	1572	35	0	0	0	0	0	0	0	0	0	0	-	-	0	0	0	-	NaN	NaN	NaN	0	0	0	0	0	0	0	0	0		-1	0	0	35	1	0.399	0.404	0.406	0	1	0.000	0.000	0.000	0.000	0.000	0.000	350.000	0.000	875.114	1.0000	1.0000
jd.Nullstride 2.3.3	wiki.mini.Sedan 1.0	mid-shield		5	true	35	2100.000	0.000	35	1750.000	0.000	0.000	0.000	0	30618	0.059	0.153	7.260	0	0	0	NaN	NaN	0	1569	34	0	0	0	0	0	0	0	0	0	0	-	-	0	0	0	-	NaN	NaN	NaN	0	0	0	0	0	0	0	0	0		-1	0	0	35	1	0.343	0.390	0.407	0	1	0.000	0.000	0.000	0.000	0.000	0.000	350.000	0.000	874.800	1.0000	1.0000
jd.Nullstride 2.3.3	wiki.mini.Sedan 1.0	mid-shield		6	true	35	2100.000	0.000	35	1750.000	0.000	0.000	0.000	0	30644	0.031	0.110	7.151	0	0	0	NaN	NaN	0	1570	34	0	0	0	0	0	0	0	0	0	0	-	-	0	0	0	-	NaN	NaN	NaN	0	0	0	0	0	0	0	0	0		-1	0	0	35	1	0.218	0.253	0.274	0	1	0.000	0.000	0.000	0.000	0.000	0.000	350.000	0.000	875.543	1.0000	1.0000
jd.Nullstride 2.3.3	wiki.mini.Sedan 1.0	mid-shield		7	true	35	2100.000	0.000	35	1750.000	0.000	0.000	0.000	0	30520	0.057	0.147	8.030	0	0	0	NaN	NaN	0	1558	34	0	0	0	0	0	0	0	0	0	0	-	-	0	0	0	-	NaN	NaN	NaN	0	0	0	0	0	0	0	0	0		-1	0	0	35	1	0.329	0.358	0.399	0	1	0.000	0.000	0.000	0.000	0.000	0.000	350.000	0.000	872.000	1.0000	1.0000
jd.Nullstride 2.3.3	wiki.mini.Sedan 1.0	mid-shield		8	true	35	2100.000	0.000	35	1750.000	0.000	0.000	0.000	0	30719	0.031	0.104	6.379	0	0	0	NaN	NaN	0	1572	35	0	0	0	0	0	0	0	0	0	0	-	-	0	0	0	-	NaN	NaN	NaN	0	0	0	0	0	0	0	0	0		-1	0	0	35	1	0.158	0.199	0.232	0	1	0.000	0.000	0.000	0.000	0.000	0.000	350.000	0.000	877.686	1.0000	1.0000
hadur2.Hadur 3.9	KiraNL.ChupaLite 0.4	mid-shield		1	true	35	4298.000	869.000	33	1650.000	100.000	1940.000	731.000	20	20001	0.410	0.963	13.134	35	0	0	0.182	0.069	21	978	1	978	978	10	18	0	0	0	69	0	975	T?/M?	live	0	0	0	650	492.909	475.000	421.457	599	330	397	2	8	978	69	0	0		0	0	0	0	0	0.356	0.412	0.487	0	0	0.000	0.000	0.000	0.000	378.000	18.000	330.000	20.000	571.457	0.8318	0.9429
hadur2.Hadur 3.9	KiraNL.ChupaLite 0.4	mid-shield		2	true	35	3950.000	1145.000	32	1600.000	150.000	1706.000	926.000	20	22286	0.498	1.071	13.480	35	0	0	0.159	0.078	26	1145	3	1124	1124	10	18	0	0	0	79	0	1175	T?/M?	live	0	0	0	650	492.411	500.000	486.743	516	289	248	3	6	1124	78	0	0		298	0	0	0	0	0.368	0.446	0.542	0	0	0.000	0.000	0.000	0.000	324.000	39.000	320.000	30.000	636.743	0.7753	0.9143
hadur2.Hadur 3.9	KiraNL.ChupaLite 0.4	mid-shield		3	true	35	3763.000	1084.000	31	1550.000	200.000	1601.000	803.000	11	22508	0.453	1.012	13.680	34	0	0	0.163	0.061	41	1156	1	1156	1156	8	14	0	0	0	69	936	1165	T?/M?	live	0	0	0	650	495.518	400.000	492.176	438	292	266	2	555	1120	69	0	0		0	0	0	1	1	0.356	0.415	0.487	0	0	0.000	0.000	0.000	0.000	302.000	41.000	310.000	40.000	643.086	0.7764	0.8857
hadur2.Hadur 3.9	KiraNL.ChupaLite 0.4	mid-shield		4	true	35	4016.000	1294.000	32	1600.000	150.000	1766.000	1083.000	25	23006	0.479	1.063	15.536	35	0	0	0.160	0.086	31	1190	2	1190	1190	18	20	0	0	0	78	55	1236	T?/M?	live	0	0	0	650	505.360	650.000	507.314	605	372	281	3	7	1190	78	0	0		0	0	0	0	0	0.368	0.446	0.542	0	0	0.000	0.000	0.000	0.000	330.000	31.000	320.000	30.000	657.314	0.7563	0.9143
hadur2.Hadur 3.9	KiraNL.ChupaLite 0.4	mid-shield		5	true	35	4283.000	791.000	35	1750.000	0.000	1819.000	791.000	17	21587	0.449	1.013	12.513	35	0	0	0.166	0.072	27	1082	4	1082	1082	9	11	0	0	0	63	0	1095	T?/M?	live	0	0	0	650	513.846	650.000	466.771	482	461	339	2	5	1082	63	0	0		0	0	0	0	0	0.356	0.413	0.487	0	0	0.000	0.000	0.000	0.000	364.000	0.000	350.000	0.000	616.771	0.8441	1.0000
hadur2.Hadur 3.9	KiraNL.ChupaLite 0.4	mid-shield		6	true	35	3934.000	1259.000	33	1650.000	100.000	1643.000	1113.000	33	24186	0.492	1.111	14.428	35	0	0	0.154	0.086	57	1271	2	1271	1271	25	19	0	0	0	76	1053	1344	T?/M?	live	0	0	0	650	517.206	650.000	541.029	679	427	283	3	9	1271	75	0	0		0	0	0	0	0	0.356	0.435	0.542	0	0	0.000	0.000	0.000	0.000	311.000	26.000	330.000	20.000	691.029	0.7576	0.9429
hadur2.Hadur 3.9	KiraNL.ChupaLite 0.4	mid-shield		7	true	35	4063.000	972.000	33	1650.000	100.000	1747.000	829.000	17	22054	0.474	1.030	12.437	35	0	0	0.160	0.069	26	1122	2	1122	1122	11	13	0	0	0	92	458	1151	T?/M?	live	0	0	0	650	509.709	600.000	480.114	493	331	275	2	7	1122	91	0	0		0	0	0	0	0	0.356	0.415	0.487	0	0	0.000	1.000	0.000	0.000	336.000	22.000	330.000	20.000	630.114	0.8070	0.9429
hadur2.Hadur 3.9	KiraNL.ChupaLite 0.4	mid-shield		8	true	35	4246.000	975.000	34	1700.000	50.000	1845.000	902.000	24	21730	0.476	1.108	12.557	35	0	0	0.167	0.079	33	1103	4	1103	1103	15	22	0	0	0	81	0	1119	T?/M?	live	0	0	0	650	522.089	650.000	470.857	623	370	342	2	7	1103	80	0	0		0	0	0	0	0	0.368	0.446	0.542	0	0	0.000	0.000	0.000	0.000	362.000	13.000	340.000	10.000	620.857	0.8133	0.9714
hadur2.Hadur 3.9	ak.Fermat 2.0	mid-shield		1	true	35	4134.000	1067.000	32	1600.000	150.000	1866.000	851.000	7	20310	0.546	1.089	12.682	34	0	0	0.187	0.069	50	934	4	935	932	3	13	0	0	0	71	277	970	T?/M?	live	0	0	0	650	436.650	400.000	426.912	748	117	346	2	4	898	71	0	0		0	0	0	1	1	0.354	0.438	0.534	0	0	0.000	0.000	0.000	0.000	348.000	36.000	320.000	30.000	580.286	0.7948	0.9143
hadur2.Hadur 3.9	ak.Fermat 2.0	mid-shield		2	true	35	3818.000	1015.000	31	1550.000	200.000	1643.000	730.000	13	22529	0.644	1.230	17.424	35	0	0	0.160	0.058	39	1108	1	1108	1108	5	11	0	0	0	84	506	1205	T?/M?	live	0	0	0	650	477.894	650.000	493.686	802	167	214	2	6	1108	84	0	0		0	0	0	0	0	0.356	0.435	0.542	0	0	0.000	0.000	0.000	0.000	315.000	46.000	310.000	40.000	643.686	0.7900	0.8857
hadur2.Hadur 3.9	ak.Fermat 2.0	mid-shield		3	true	35	3940.000	868.000	32	1600.000	150.000	1691.000	655.000	12	21047	0.546	1.062	12.938	35	0	0	0.166	0.062	20	965	1	965	964	1	16	0	0	0	80	855	1085	T?/M?	live	0	0	0	650	443.103	400.000	451.343	776	114	172	1	5	965	80	0	0		0	0	0	0	0	0.377	0.445	0.534	0	0	0.000	0.000	0.000	0.000	329.000	34.000	320.000	30.000	601.343	0.8195	0.9143
hadur2.Hadur 3.9	ak.Fermat 2.0	mid-shield		4	true	35	3872.000	782.000	33	1650.000	100.000	1582.000	640.000	14	23440	0.624	1.193	13.251	35	0	0	0.145	0.052	37	1182	2	1183	1182	3	15	0	0	0	110	1026	1259	T?/M?	live	0	0	0	650	487.017	400.000	519.714	757	174	221	3	4	1183	110	0	0		0	0	0	0	0	0.356	0.435	0.542	0	0	0.000	0.000	0.000	0.000	310.000	22.000	330.000	20.000	669.714	0.8320	0.9429
hadur2.Hadur 3.9	ak.Fermat 2.0	mid-shield		5	true	35	3938.000	1127.000	31	1550.000	200.000	1749.000	837.000	11	20620	0.543	1.069	16.782	35	0	0	0.175	0.070	44	962	0	962	962	3	13	0	0	0	64	0	1034	T?/M?	live	0	0	0	650	444.977	400.000	439.143	489	36	345	2	2	962	64	0	0		0	0	0	0	0	0.327	0.399	0.467	0	0	0.000	0.000	0.000	0.000	329.000	49.000	310.000	40.000	589.143	0.7775	0.8857
hadur2.Hadur 3.9	ak.Fermat 2.0	mid-shield		6	true	35	4095.000	647.000	34	1700.000	50.000	1720.000	575.000	18	20815	0.545	1.072	17.493	35	0	0	0.159	0.052	19	978	2	979	978	5	17	0	0	0	71	937	1041	T?/M?	live	0	0	0	650	460.789	400.000	444.714	633	108	206	3	8	979	71	0	0		0	0	0	0	0	0.346	0.430	0.534	0	0	0.000	0.000	0.000	0.000	335.000	12.000	340.000	10.000	594.714	0.8636	0.9714
hadur2.Hadur 3.9	ak.Fermat 2.0	mid-shield		7	true	35	4025.000	918.000	32	1600.000	150.000	1769.000	710.000	21	21151	0.565	1.115	17.715	35	0	0	0.176	0.065	56	996	0	977	975	5	12	0	0	0	69	119	1080	T?/M?	live	0	0	0	650	462.806	400.000	454.314	468	193	358	3	3	977	68	0	0		298	0	0	0	0	0.317	0.393	0.467	0	0	0.000	0.000	0.000	0.000	337.000	28.000	320.000	30.000	604.314	0.8143	0.9143
hadur2.Hadur 3.9	ak.Fermat 2.0	mid-shield		8	true	35	4339.000	681.000	35	1750.000	0.000	1866.000	681.000	12	21010	0.567	1.126	12.526	35	0	0	0.181	0.062	36	977	1	977	977	2	18	0	0	0	80	916	1073	T?/M?	live	0	0	0	650	471.363	400.000	450.286	733	181	288	2	206	977	80	0	0		0	0	0	0	0	0.346	0.430	0.534	0	0	0.000	0.000	0.000	0.000	373.000	0.000	350.000	0.000	600.286	0.8643	1.0000
hadur2.Hadur 3.9	ary.SMG 1.01	mid-shield		1	true	35	3448.000	1431.000	30	1500.000	250.000	1390.000	1070.000	13	31076	0.528	1.064	15.490	35	0	0	0.128	0.079	78	1822	2	1822	1822	6	19	0	0	0	183	1925	1942	T?/M?	live	0	0	0	650	464.491	650.000	737.886	584	0	61	2	7	1818	182	0	0		0	0	0	0	0	0.327	0.395	0.467	0	0	0.000	0.000	0.000	0.000	258.000	61.000	300.000	50.000	887.886	0.7067	0.8571
hadur2.Hadur 3.9	ary.SMG 1.01	mid-shield		2	true	35	3132.000	1750.000	28	1400.000	350.000	1225.000	1254.000	20	32998	0.525	1.056	16.846	35	0	0	0.123	0.078	119	1977	4	1976	1976	10	16	0	0	0	183	1370	2152	T?/M?	live	0	0	0	650	467.449	650.000	792.800	385	36	39	2	8	1976	183	0	0		0	0	0	0	0	0.346	0.429	0.534	0	0	0.000	0.000	0.000	0.000	227.000	77.000	280.000	70.000	942.800	0.6415	0.8000
hadur2.Hadur 3.9	ary.SMG 1.01	mid-shield		3	true	35	3504.000	1486.000	30	1500.000	250.000	1435.000	1124.000	15	30469	0.534	1.094	15.361	35	0	0	0.141	0.088	96	1800	4	1800	1800	7	18	0	0	0	167	1311	1921	T?/M?	live	0	0	0	650	451.669	650.000	720.543	453	0	117	2	606	1799	167	0	0		0	0	0	0	0	0.327	0.395	0.467	0	0	0.000	0.000	0.000	0.000	269.000	62.000	300.000	50.000	870.543	0.7022	0.8571
hadur2.Hadur 3.9	ary.SMG 1.01	mid-shield		4	true	35	3517.000	1393.000	31	1550.000	200.000	1397.000	1105.000	20	31077	0.546	1.108	14.630	35	0	0	0.121	0.081	74	1844	5	1844	1844	14	24	0	0	0	185	1562	1953	T?/M?	live	0	0	0	650	462.503	650.000	737.914	336	0	56	3	9	1844	185	0	0		0	0	0	0	0	0.346	0.422	0.534	0	0	0.000	0.000	0.000	0.000	260.000	48.000	310.000	40.000	887.914	0.7163	0.8857
hadur2.Hadur 3.9	ary.SMG 1.01	mid-shield		5	true	35	3409.000	1573.000	29	1450.000	300.000	1409.000	1144.000	31	30675	0.552	1.111	177.171	35	0	0	0.140	0.089	88	1803	3	1803	1802	34	22	0	0	0	150	1881	1925	T?/M?	live	0	0	0	650	476.517	650.000	726.429	441	22	110	3	11	1797	150	0	0		0	0	0	0	0	0.317	0.400	0.467	0	0	0.000	0.000	0.000	0.000	260.000	70.000	290.000	60.000	876.429	0.6843	0.8286
hadur2.Hadur 3.9	ary.SMG 1.01	mid-shield		6	true	35	3360.000	1401.000	30	1500.000	250.000	1307.000	1043.000	16	30896	0.569	1.107	14.819	35	0	0	0.127	0.076	97	1835	1	1835	1835	10	22	0	0	0	175	1908	1942	T?/M?	live	0	0	0	650	464.483	650.000	732.743	594	0	62	3	10	1835	175	0	0		0	0	0	0	0	0.317	0.393	0.467	0	0	0.000	0.000	0.000	0.000	253.000	58.000	300.000	50.000	882.743	0.7057	0.8571
hadur2.Hadur 3.9	ary.SMG 1.01	mid-shield		7	true	35	3948.000	1352.000	32	1600.000	150.000	1695.000	1141.000	13	27838	0.449	1.015	15.362	34	0	0	0.178	0.097	64	1626	4	1626	1626	11	26	0	0	0	134	1167	1614	T?/M?	live	0	0	0	650	422.409	425.000	645.882	410	0	119	3	7	1582	134	0	0		0	0	0	1	1	0.317	0.389	0.437	0	0	0.000	0.000	0.000	0.000	333.000	31.000	320.000	30.000	795.371	0.7449	0.9143
hadur2.Hadur 3.9	ary.SMG 1.01	mid-shield		8	true	35	3448.000	1627.000	29	1450.000	300.000	1442.000	1192.000	10	31194	0.490	1.031	118.258	34	0	0	0.166	0.087	103	1858	2	1858	1858	7	36	0	0	0	163	1594	1941	T?/M?	live	0	0	0	650	448.347	650.000	747.088	261	41	46	2	777	1820	162	0	0		0	0	0	1	1	0.317	0.399	0.467	0	0	0.000	0.000	0.000	0.000	266.000	76.000	290.000	60.000	891.257	0.6794	0.8286
hadur2.Hadur 3.9	ary.mini.Nimi 1.0	mid-shield		1	true	35	3561.000	983.000	32	1600.000	150.000	1374.000	771.000	11	29831	0.458	0.942	81.459	35	0	0	0.120	0.064	63	1672	2	1672	1672	6	14	0	0	0	155	1409	1822	T?/M?	live	0	0	0	650	526.360	650.000	702.314	458	44	50	2	7	1672	155	0	0		0	0	0	0	0	0.363	0.417	0.490	0	0	0.000	0.000	0.000	0.000	266.000	32.000	320.000	30.000	852.314	0.7837	0.9143
hadur2.Hadur 3.9	ary.mini.Nimi 1.0	mid-shield		2	true	35	3375.000	1061.000	32	1600.000	150.000	1225.000	852.000	15	33523	0.497	0.963	12.496	35	0	0	0.119	0.060	108	1878	1	1886	1878	6	15	0	0	0	153	1365	2176	T?/M?	live	0	0	0	650	520.860	650.000	807.800	943	1	36	3	7	1885	153	0	0		0	0	0	0	0	0.317	0.414	0.490	0	0	0.000	0.000	0.000	0.000	230.000	29.000	320.000	30.000	957.800	0.7608	0.9143
hadur2.Hadur 3.9	ary.mini.Nimi 1.0	mid-shield		3	true	35	3354.000	1261.000	30	1500.000	250.000	1314.000	906.000	8	31444	0.460	0.954	13.897	34	0	0	0.114	0.066	78	1789	1	1791	1789	3	18	0	0	0	180	1802	1857	T?/M?	live	0	0	0	650	529.553	650.000	740.559	635	0	75	2	9	1674	180	0	0		0	0	0	1	1	0.363	0.415	0.490	0	0	0.000	0.000	0.000	0.000	240.000	55.000	300.000	50.000	898.400	0.7268	0.8571
hadur2.Hadur 3.9	ary.mini.Nimi 1.0	mid-shield		4	true	35	3657.000	1025.000	34	1700.000	50.000	1354.000	955.000	13	32655	0.476	0.952	13.008	35	0	0	0.114	0.067	97	1816	3	1816	1816	7	20	0	0	0	183	1856	2077	T?/M?	live	0	0	0	650	513.560	650.000	783.000	593	1	77	2	7	1816	183	0	0		0	0	0	0	0	0.317	0.417	0.490	0	0	0.000	0.000	0.000	0.000	262.000	10.000	340.000	10.000	933.000	0.7811	0.9714
hadur2.Hadur 3.9	ary.mini.Nimi 1.0	mid-shield		5	true	35	3493.000	1079.000	31	1550.000	200.000	1361.000	783.000	17	29016	0.369	0.838	12.598	35	0	0	0.119	0.227	58	1630	2	1611	1610	7	25	0	0	0	152	1691	1729	T?/M?	live	0	0	0	650	500.654	650.000	679.029	727	0	117	3	3	1599	152	0	0		287	0	0	0	0	0.363	0.418	0.490	0	0	7.000	7.000	0.000	23.000	265.000	26.000	310.000	40.000	829.029	0.7640	0.8857
hadur2.Hadur 3.9	ary.mini.Nimi 1.0	mid-shield		6	true	35	3287.000	1457.000	30	1500.000	250.000	1253.000	1096.000	14	33298	0.485	0.978	14.374	35	0	0	0.123	0.074	129	1923	0	1923	1922	6	15	0	0	0	188	1703	2144	T?/M?	live	0	0	0	650	507.283	650.000	801.371	381	0	64	3	7	1923	188	0	0		0	0	0	0	0	0.363	0.421	0.490	0	0	0.000	0.000	0.000	0.000	234.000	61.000	300.000	50.000	951.371	0.6929	0.8571
hadur2.Hadur 3.9	ary.mini.Nimi 1.0	mid-shield		7	true	35	3471.000	1113.000	32	1600.000	150.000	1303.000	895.000	13	32138	0.499	0.976	13.985	35	0	0	0.122	0.060	104	1838	0	1838	1838	4	15	0	0	0	194	1577	2029	T?/M?	live	0	0	0	650	507.174	600.000	768.229	486	0	72	3	8	1822	194	0	0		0	0	0	0	0	0.358	0.410	0.490	0	0	0.000	0.000	0.000	0.000	248.000	38.000	320.000	30.000	918.229	0.7572	0.9143
hadur2.Hadur 3.9	ary.mini.Nimi 1.0	mid-shield		8	true	35	3077.000	1362.000	29	1450.000	300.000	1125.000	929.000	9	32526	0.446	0.931	12.714	35	0	0	0.117	0.065	122	1882	1	1882	1882	2	19	0	0	0	185	1662	2096	T?/M?	live	0	0	0	650	514.374	650.000	779.314	655	0	54	2	172	1882	185	0	0		0	0	0	0	0	0.363	0.422	0.490	0	0	0.000	0.000	0.000	0.000	213.000	73.000	290.000	60.000	929.314	0.6932	0.8286
hadur2.Hadur 3.9	bayen.nut.Squirrel 1.621	mid-shield		1	true	35	3535.000	1076.000	31	1550.000	200.000	1398.000	792.000	14	27141	0.435	0.944	15.731	35	0	0	0.150	0.064	72	1517	2	1517	1517	8	23	0	0	0	153	1287	1607	T?/M?	live	0	0	0	650	474.320	625.000	625.457	646	14	120	2	10	1517	152	0	0	"Preventing bayen.nut.Squirrel 1.621 from access: (""java.io.FilePermission"" ""D:\code\Hadur_Robot\hadur-bench\target\classes\META-INF\services\java.time.zone.ZoneRulesProvider"" ""read""). You may only read files in your own root package directory."	0	0	1	0	0	0.358	0.396	0.442	0	0	0.000	0.000	0.000	0.000	277.000	44.000	310.000	40.000	775.457	0.7666	0.8857
hadur2.Hadur 3.9	bayen.nut.Squirrel 1.621	mid-shield		2	true	35	3625.000	1159.000	34	1700.000	50.000	1326.000	1085.000	17	33188	0.513	1.042	14.604	35	0	0	0.130	0.074	137	1975	1	1975	1975	8	27	0	0	0	172	1650	2161	T?/M?	live	0	0	0	650	466.360	600.000	798.229	539	52	68	2	8	1975	172	0	0	"Preventing bayen.nut.Squirrel 1.621 from access: (""java.io.FilePermission"" ""D:\code\Hadur_Robot\hadur-bench\target\classes\META-INF\services\java.time.zone.ZoneRulesProvider"" ""read""). You may only read files in your own root package directory."	0	0	1	0	0	0.358	0.412	0.490	0	0	0.000	0.000	0.000	0.000	259.000	14.000	340.000	10.000	948.229	0.7577	0.9714
hadur2.Hadur 3.9	bayen.nut.Squirrel 1.621	mid-shield		3	true	35	3660.000	674.000	34	1700.000	50.000	1350.000	610.000	9	31261	0.398	0.834	19.410	35	0	0	0.119	0.046	83	1885	2	1885	1885	1	8	0	0	0	199	1754	1958	T?/M?	live	0	0	0	650	502.077	650.000	743.171	901	0	69	2	11	1885	199	0	0	"Preventing bayen.nut.Squirrel 1.621 from access: (""java.io.FilePermission"" ""D:\code\Hadur_Robot\hadur-bench\target\classes\META-INF\services\java.time.zone.ZoneRulesProvider"" ""read""). You may only read files in your own root package directory."	0	0	1	0	0	0.358	0.412	0.513	0	0	0.000	0.000	0.000	0.000	269.000	4.000	340.000	10.000	893.171	0.8445	0.9714
hadur2.Hadur 3.9	bayen.nut.Squirrel 1.621	mid-shield		4	true	35	5387.000	352.000	35	1750.000	0.000	2739.000	352.000	10	12446	0.171	0.623	9.349	35	0	0	0.431	0.058	0	426	1	426	426	4	15	0	0	0	23	0	413	T?/M?	live	0	0	0	650	437.400	400.000	205.600	215	0	296	3	5	426	23	0	0	"Preventing bayen.nut.Squirrel 1.621 from access: (""java.io.FilePermission"" ""D:\code\Hadur_Robot\hadur-bench\target\classes\META-INF\services\java.time.zone.ZoneRulesProvider"" ""read""). You may only read files in your own root package directory."	0	0	1	0	0	0.387	0.426	0.459	0	0	0.000	0.000	0.000	0.000	548.000	0.000	350.000	0.000	355.600	0.9387	1.0000
hadur2.Hadur 3.9	bayen.nut.Squirrel 1.621	mid-shield		5	true	35	3854.000	833.000	35	1700.000	0.000	1490.000	791.000	14	28878	0.474	0.984	15.286	35	0	0	0.134	0.066	88	1670	5	1670	1670	4	22	0	0	0	167	1413	1754	T?/M?	live	0	0	0	650	487.606	575.000	675.086	635	11	111	2	9	1670	167	0	0	"Preventing bayen.nut.Squirrel 1.621 from access: (""java.io.FilePermission"" ""D:\code\Hadur_Robot\hadur-bench\target\classes\META-INF\services\java.time.zone.ZoneRulesProvider"" ""read""). You may only read files in your own root package directory."	0	0	1	0	0	0.395	0.452	0.513	0	0	24.000	22.000	0.000	0.000	300.000	20.000	340.000	0.000	825.086	0.8223	1.0000
hadur2.Hadur 3.9	bayen.nut.Squirrel 1.621	mid-shield		6	true	35	5292.000	341.000	35	1750.000	0.000	2660.000	341.000	11	13115	0.242	0.680	9.975	35	0	0	0.390	0.060	1	477	5	477	477	2	16	0	0	0	22	0	455	T?/M?	live	0	0	0	650	459.654	400.000	224.714	316	0	325	2	3	477	22	0	0	"Preventing bayen.nut.Squirrel 1.621 from access: (""java.io.FilePermission"" ""D:\code\Hadur_Robot\hadur-bench\target\classes\META-INF\services\java.time.zone.ZoneRulesProvider"" ""read""). You may only read files in your own root package directory."	0	0	1	0	0	0.358	0.395	0.436	0	0	0.000	0.000	0.000	0.000	532.000	0.000	350.000	0.000	374.714	0.9395	1.0000
hadur2.Hadur 3.9	bayen.nut.Squirrel 1.621	mid-shield		7	true	35	3918.000	856.000	34	1650.000	50.000	1624.000	782.000	11	26241	0.442	0.917	14.459	35	0	0	0.171	0.069	61	1462	4	1462	1462	2	17	0	0	0	128	1401	1507	T?/M?	live	0	0	0	650	433.634	400.000	599.743	704	1	111	2	6	1460	128	0	0	"Preventing bayen.nut.Squirrel 1.621 from access: (""java.io.FilePermission"" ""D:\code\Hadur_Robot\hadur-bench\target\classes\META-INF\services\java.time.zone.ZoneRulesProvider"" ""read""). You may only read files in your own root package directory."	0	0	1	0	0	0.395	0.453	0.513	0	0	0.000	1.000	0.000	0.000	314.000	13.000	330.000	10.000	749.743	0.8207	0.9706
hadur2.Hadur 3.9	bayen.nut.Squirrel 1.621	mid-shield		8	true	35	3826.000	1105.000	32	1600.000	150.000	1597.000	892.000	18	25388	0.414	0.913	14.969	35	0	0	0.174	0.067	56	1395	2	1395	1395	6	19	0	0	0	115	30	1450	T?/M?	live	0	0	0	650	433.483	400.000	575.371	377	0	148	2	8	1395	115	0	0	"Preventing bayen.nut.Squirrel 1.621 from access: (""java.io.FilePermission"" ""D:\code\Hadur_Robot\hadur-bench\target\classes\META-INF\services\java.time.zone.ZoneRulesProvider"" ""read""). You may only read files in your own root package directory."	0	0	1	0	0	0.358	0.453	0.513	0	0	0.000	0.000	0.000	0.000	309.000	33.000	320.000	30.000	725.371	0.7759	0.9143
hadur2.Hadur 3.9	brainfade.Fallen 0.63	mid-shield		1	true	35	3215.000	1518.000	29	1450.000	300.000	1246.000	1100.000	16	26311	0.409	0.939	13.259	35	0	0	0.153	0.082	149	1366	3	1367	1366	5	11	0	0	0	94	0	1498	T?/M?	live	0	0	0	650	463.071	400.000	601.743	349	30	375	3	8	1367	94	0	0		0	0	0	0	0	0.395	0.439	0.477	0	0	0.000	0.000	0.000	0.000	229.000	58.000	290.000	60.000	751.743	0.6793	0.8286
hadur2.Hadur 3.9	brainfade.Fallen 0.63	mid-shield		2	true	35	3255.000	1529.000	27	1350.000	400.000	1394.000	970.000	14	25210	0.438	0.934	15.718	35	0	0	0.178	0.071	155	1306	1	1306	1306	5	20	0	0	0	106	692	1395	T?/M?	live	0	0	0	650	422.831	400.000	570.286	212	0	428	2	8	1306	105	0	0		0	0	0	0	0	0.358	0.452	0.513	0	0	0.000	0.000	0.000	0.000	240.000	79.000	270.000	80.000	720.286	0.6804	0.7714
hadur2.Hadur 3.9	brainfade.Fallen 0.63	mid-shield		3	true	35	3326.000	1381.000	28	1400.000	350.000	1395.000	885.000	11	25338	0.443	0.982	14.875	35	0	0	0.138	0.067	63	1289	1	1289	1289	3	11	0	0	0	100	1048	1439	T?/M?	live	0	0	0	650	468.540	575.000	573.943	491	0	168	2	214	1289	100	0	0		0	0	0	0	0	0.395	0.437	0.489	0	0	0.000	0.000	0.000	0.000	252.000	77.000	280.000	70.000	723.943	0.7066	0.8000
hadur2.Hadur 3.9	brainfade.Fallen 0.63	mid-shield		4	true	35	3173.000	1688.000	27	1350.000	400.000	1320.000	1127.000	11	26267	0.466	0.964	15.159	34	0	0	0.160	0.076	134	1363	4	1364	1363	8	23	0	0	0	101	828	1508	T?/M?	live	0	0	0	650	474.750	400.000	605.235	541	30	242	3	7	1334	101	0	0		0	0	0	1	1	0.413	0.458	0.513	0	0	0.000	0.000	0.000	0.000	234.000	81.000	270.000	80.000	750.486	0.6527	0.7714
hadur2.Hadur 3.9	brainfade.Fallen 0.63	mid-shield		5	true	35	3714.000	921.000	34	1700.000	50.000	1398.000	851.000	11	26688	0.368	0.869	14.601	35	0	0	0.127	0.063	54	1355	2	1355	1355	4	15	0	0	0	108	1403	1563	T?/M?	live	0	0	0	650	476.897	650.000	612.514	369	0	130	3	7	1355	108	0	0		0	0	0	0	0	0.395	0.431	0.463	0	0	0.000	0.000	0.000	0.000	276.000	10.000	340.000	10.000	762.514	0.8013	0.9714
hadur2.Hadur 3.9	brainfade.Fallen 0.63	mid-shield		6	true	35	3704.000	1194.000	32	1600.000	150.000	1498.000	976.000	19	25891	0.429	0.928	14.262	35	0	0	0.163	0.074	114	1301	2	1301	1301	10	19	0	0	0	105	0	1496	T?/M?	live	0	0	0	650	454.066	400.000	589.743	221	0	255	2	7	1301	104	0	0		0	0	0	0	0	0.395	0.454	0.513	0	0	0.000	0.000	0.000	0.000	286.000	39.000	320.000	30.000	739.743	0.7562	0.9143
hadur2.Hadur 3.9	brainfade.Fallen 0.63	mid-shield		7	true	35	3344.000	1727.000	27	1350.000	400.000	1472.000	1158.000	16	27022	0.397	0.939	13.925	35	0	0	0.148	0.082	104	1341	1	1341	1341	10	20	0	0	0	96	1051	1585	T?/M?	live	0	0	0	650	462.940	400.000	622.057	139	0	276	2	8	1341	96	0	0		0	0	0	0	0	0.395	0.437	0.489	0	0	0.000	0.000	0.000	0.000	252.000	89.000	270.000	80.000	772.057	0.6594	0.7714
hadur2.Hadur 3.9	brainfade.Fallen 0.63	mid-shield		8	true	35	3336.000	1806.000	26	1300.000	450.000	1520.000	1166.000	16	25829	0.436	0.944	14.297	35	0	0	0.164	0.092	130	1280	0	1280	1280	6	25	0	0	0	77	0	1478	T?/M?	live	0	0	0	650	436.097	400.000	587.971	578	0	394	2	10	1280	77	0	0		0	0	0	0	0	0.395	0.431	0.463	0	0	0.000	0.000	0.000	0.000	256.000	100.000	260.000	90.000	737.971	0.6488	0.7429
hadur2.Hadur 3.9	can.Pookie 1.1	mid-shield		1	true	35	3778.000	978.000	32	1600.000	150.000	1571.000	760.000	13	20769	0.396	0.862	12.841	35	0	0	0.175	0.059	32	924	1	924	924	4	12	0	0	0	87	360	1057	T?/M?	live	0	0	0	650	418.137	400.000	443.400	490	0	212	3	6	924	87	0	0		0	0	0	0	0	0.420	0.470	0.509	0	0	0.000	0.000	0.000	0.000	287.000	38.000	320.000	30.000	593.400	0.7944	0.9143
hadur2.Hadur 3.9	can.Pookie 1.1	mid-shield		2	true	35	3990.000	916.000	33	1650.000	100.000	1687.000	767.000	12	20041	0.368	0.814	12.140	35	0	0	0.174	0.069	12	871	1	871	871	1	11	0	0	0	70	765	985	T?/M?	live	0	0	0	650	417.226	400.000	422.600	545	10	163	2	6	868	70	0	0		0	0	0	0	0	0.420	0.457	0.489	0	0	0.000	0.000	0.000	0.000	323.000	29.000	330.000	20.000	572.600	0.8133	0.9429
hadur2.Hadur 3.9	can.Pookie 1.1	mid-shield		3	true	35	3927.000	757.000	34	1700.000	50.000	1578.000	682.000	10	20780	0.353	0.744	12.058	35	0	0	0.163	0.056	8	912	2	912	912	3	19	0	0	0	82	569	1065	T?/M?	live	0	0	0	650	414.386	400.000	443.714	788	0	84	2	6	912	82	0	0		0	0	0	0	0	0.436	0.475	0.509	0	0	0.000	0.000	0.000	0.000	309.000	14.000	340.000	10.000	593.714	0.8384	0.9714
hadur2.Hadur 3.9	can.Pookie 1.1	mid-shield		4	true	35	4076.000	788.000	34	1700.000	50.000	1698.000	728.000	11	20226	0.371	0.832	17.286	35	0	0	0.189	0.059	28	886	0	887	886	4	22	0	0	0	67	402	987	T?/M?	live	0	0	0	650	425.234	400.000	427.886	512	0	216	3	8	886	67	0	0		0	0	0	0	0	0.420	0.464	0.497	0	0	0.000	0.000	0.000	0.000	338.000	0.000	340.000	10.000	577.886	0.8380	0.9714
hadur2.Hadur 3.9	can.Pookie 1.1	mid-shield		5	true	35	4017.000	851.000	34	1700.000	50.000	1650.000	780.000	10	21097	0.405	0.864	14.623	35	0	0	0.185	0.064	22	917	1	917	917	6	18	0	0	0	70	815	1083	T?/M?	live	0	0	0	650	448.566	400.000	452.771	591	0	134	2	6	912	70	0	0		0	0	0	0	0	0.436	0.467	0.506	0	0	0.000	0.000	0.000	0.000	327.000	10.000	340.000	10.000	602.771	0.8252	0.9714
hadur2.Hadur 3.9	can.Pookie 1.1	mid-shield		6	true	35	3662.000	913.000	34	1700.000	50.000	1359.000	839.000	10	22830	0.369	0.831	14.270	35	0	0	0.143	0.060	34	1031	1	1050	1031	3	13	0	0	0	89	296	1188	T?/M?	live	0	0	0	650	430.991	400.000	502.286	684	7	118	3	6	1050	89	0	0		0	0	0	0	0	0.432	0.477	0.509	0	0	0.000	0.000	0.000	0.000	263.000	14.000	340.000	10.000	652.286	0.8004	0.9714
hadur2.Hadur 3.9	can.Pookie 1.1	mid-shield		7	true	35	4070.000	921.000	34	1700.000	50.000	1696.000	850.000	13	20933	0.399	0.862	13.044	35	0	0	0.193	0.069	26	911	1	911	911	3	12	0	0	0	80	891	1083	T?/M?	live	0	0	0	650	400.777	400.000	448.086	504	5	147	2	3	911	80	0	0		0	0	0	0	0	0.436	0.471	0.506	0	0	0.000	0.000	0.000	0.000	334.000	11.000	340.000	10.000	598.086	0.8155	0.9714
hadur2.Hadur 3.9	can.Pookie 1.1	mid-shield		8	true	35	4070.000	624.000	35	1750.000	0.000	1642.000	624.000	9	20426	0.338	0.728	12.767	35	0	0	0.187	0.052	23	885	1	885	885	1	13	0	0	0	65	645	1033	T?/M?	live	0	0	0	650	420.497	400.000	433.600	832	0	171	1	6	885	65	0	0		0	0	0	0	0	0.437	0.482	0.509	0	0	0.000	0.000	0.000	0.000	328.000	0.000	350.000	0.000	583.600	0.8671	1.0000
hadur2.Hadur 3.9	cf.mini.Chiva 1.0	mid-shield		1	true	35	4004.000	861.000	32	1600.000	150.000	1747.000	642.000	12	21553	0.380	0.821	14.164	35	0	0	0.171	0.054	38	988	0	988	988	1	12	0	0	0	87	678	1110	T?/M?	live	0	0	0	650	470.946	525.000	465.800	310	30	300	3	5	988	87	0	0		0	0	0	0	0	0.403	0.468	0.506	0	0	0.000	0.000	0.000	0.000	337.000	38.000	320.000	30.000	615.800	0.8230	0.9143
hadur2.Hadur 3.9	cf.mini.Chiva 1.0	mid-shield		2	true	35	3949.000	956.000	31	1550.000	200.000	1761.000	679.000	13	22119	0.380	0.858	14.761	35	0	0	0.190	0.059	42	994	0	996	994	3	14	0	0	0	89	0	1123	T?/M?	live	0	0	0	650	493.926	450.000	481.971	513	13	322	3	8	996	89	0	0		0	0	0	0	0	0.436	0.476	0.509	0	0	0.000	1.000	0.000	13.000	328.000	23.000	310.000	40.000	631.971	0.8051	0.8857
hadur2.Hadur 3.9	cf.mini.Chiva 1.0	mid-shield		3	true	35	4053.000	780.000	34	1700.000	50.000	1681.000	706.000	10	23053	0.420	0.865	16.330	35	0	0	0.158	0.061	36	1037	2	1037	1037	1	17	0	0	0	77	548	1233	T?/M?	live	0	0	0	650	513.449	650.000	508.657	498	0	218	2	235	1037	77	0	0		0	0	0	0	0	0.403	0.459	0.506	0	0	0.000	0.000	0.000	0.000	332.000	14.000	340.000	10.000	658.657	0.8386	0.9714
hadur2.Hadur 3.9	cf.mini.Chiva 1.0	mid-shield		4	true	35	3878.000	922.000	34	1700.000	50.000	1539.000	848.000	15	25318	0.419	0.904	14.355	35	0	0	0.142	0.064	57	1164	0	1164	1164	8	17	0	0	0	113	1149	1443	T?/M?	live	0	0	0	650	523.169	650.000	573.371	571	35	155	3	6	1164	113	0	0		0	0	0	0	0	0.436	0.474	0.509	0	0	0.000	0.000	0.000	0.000	300.000	15.000	340.000	10.000	723.371	0.8079	0.9714
hadur2.Hadur 3.9	cf.mini.Chiva 1.0	mid-shield		5	true	35	4037.000	832.000	34	1700.000	50.000	1643.000	747.000	13	23331	0.409	0.879	13.371	35	0	0	0.154	0.061	46	1078	1	1078	1078	4	18	0	0	0	84	807	1261	T?/M?	live	0	0	0	650	513.309	400.000	516.600	651	0	176	3	7	1078	84	0	0		0	0	0	0	0	0.403	0.460	0.527	0	0	19.000	13.000	25.000	0.000	309.000	12.000	340.000	10.000	666.600	0.8291	0.9714
hadur2.Hadur 3.9	cf.mini.Chiva 1.0	mid-shield		6	true	35	3907.000	1016.000	33	1650.000	100.000	1593.000	855.000	14	23556	0.424	0.884	15.349	35	0	0	0.156	0.072	59	1086	2	1086	1086	6	21	0	0	0	87	307	1301	T?/M?	live	0	0	0	650	505.637	650.000	523.029	694	6	142	2	6	1084	87	0	0		0	0	0	0	0	0.403	0.459	0.506	0	0	17.000	12.000	0.000	0.000	317.000	29.000	330.000	20.000	673.029	0.7936	0.9429
hadur2.Hadur 3.9	cf.mini.Chiva 1.0	mid-shield		7	true	35	3776.000	1378.000	29	1450.000	300.000	1674.000	909.000	10	22411	0.401	0.861	13.014	34	0	0	0.175	0.067	72	1031	1	1031	1031	5	11	0	0	0	75	0	1176	T?/M?	live	0	0	0	650	493.171	575.000	501.912	491	81	337	3	6	1026	75	0	0		0	0	0	1	1	0.349	0.453	0.527	0	0	62.000	44.000	0.000	0.000	299.000	64.000	290.000	60.000	640.314	0.7326	0.8286
hadur2.Hadur 3.9	cf.mini.Chiva 1.0	mid-shield		8	true	35	4224.000	674.000	35	1750.000	0.000	1769.000	673.000	10	22168	0.346	0.826	213.522	35	0	0	0.153	0.060	18	1000	1	999	999	2	14	0	0	0	90	742	1148	T?/M?	live	0	0	0	650	503.723	600.000	483.371	770	1	178	2	41	999	90	0	0		0	0	0	0	0	0.403	0.456	0.506	0	0	1.000	1.000	0.000	0.000	354.000	0.000	350.000	0.000	633.371	0.8624	1.0000
hadur2.Hadur 3.9	cf.proto.Shiva 2.2	mid-shield		1	true	35	2808.000	1657.000	27	1350.000	400.000	1014.000	1094.000	13	31223	0.478	0.979	14.978	35	0	0	0.109	0.068	110	1564	1	1564	1564	3	11	0	0	0	150	1359	1966	T?/M?	live	0	0	0	650	500.717	650.000	742.086	587	16	26	3	9	1563	150	0	0		0	0	0	0	0	0.349	0.435	0.527	0	0	0.000	0.000	0.000	0.000	174.000	83.000	270.000	80.000	892.086	0.6289	0.7714
hadur2.Hadur 3.9	cf.proto.Shiva 2.2	mid-shield		2	true	35	2932.000	1708.000	28	1400.000	350.000	1062.000	1230.000	7	30869	0.497	0.973	160.783	34	0	0	0.110	0.076	96	1586	0	1587	1585	4	17	0	0	0	120	1456	1854	T?/M?	live	0	0	0	650	499.459	650.000	737.647	171	35	79	3	7	1549	120	0	0		0	0	0	1	1	0.349	0.437	0.527	0	0	0.000	0.000	0.000	0.000	190.000	58.000	280.000	70.000	881.971	0.6319	0.8000
hadur2.Hadur 3.9	cf.proto.Shiva 2.2	mid-shield		3	true	35	3256.000	1273.000	32	1600.000	150.000	1122.000	1057.000	10	30415	0.474	0.941	14.738	35	0	0	0.112	0.067	89	1554	1	1554	1554	5	18	0	0	0	138	1605	1908	T?/M?	live	0	0	0	650	499.723	650.000	719.000	410	28	26	1	105	1554	138	0	0		0	0	0	0	0	0.349	0.420	0.506	1	0	0.000	0.000	0.000	0.000	214.000	36.000	320.000	30.000	869.000	0.7189	0.9143
hadur2.Hadur 3.9	cf.proto.Shiva 2.2	mid-shield		4	true	35	2510.000	1699.000	25	1250.000	500.000	866.000	1027.000	12	31051	0.449	0.929	13.952	35	0	0	0.109	0.065	126	1595	1	1600	1595	5	9	0	0	0	144	1883	1943	T?/M?	live	0	0	0	650	494.911	400.000	737.171	822	1	98	2	8	1599	144	0	0		0	0	0	0	0	0.349	0.442	0.527	0	0	0.000	0.000	0.000	0.000	144.000	72.000	250.000	100.000	887.171	0.5963	0.7143
hadur2.Hadur 3.9	cf.proto.Shiva 2.2	mid-shield		5	true	35	3062.000	1595.000	28	1400.000	350.000	1177.000	1092.000	9	28962	0.483	0.955	14.089	35	0	0	0.117	0.071	73	1487	0	1489	1487	5	18	0	0	0	123	331	1761	T?/M?	live	0	0	0	650	496.754	650.000	677.486	316	1	52	2	10	1489	123	0	0		0	0	0	0	0	0.349	0.420	0.506	1	0	0.000	0.000	0.000	0.000	205.000	83.000	280.000	70.000	827.486	0.6575	0.8000
hadur2.Hadur 3.9	cf.proto.Shiva 2.2	mid-shield		6	true	35	3307.000	1385.000	32	1600.000	150.000	1170.000	1170.000	18	30109	0.462	0.964	14.667	35	0	0	0.111	0.083	72	1543	0	1520	1519	39	14	0	0	0	142	0	1836	T?/M?	live	0	0	0	650	499.360	650.000	710.257	344	1	17	3	9	1520	141	0	0		298	0	0	0	0	0.349	0.440	0.527	0	0	0.000	0.000	0.000	0.000	217.000	35.000	320.000	30.000	860.257	0.7048	0.9143
hadur2.Hadur 3.9	cf.proto.Shiva 2.2	mid-shield		7	true	35	3095.000	1527.000	29	1450.000	300.000	1152.000	1097.000	10	29791	0.440	0.898	15.297	35	0	0	0.109	0.073	77	1502	1	1502	1502	3	15	0	0	0	136	1662	1848	T?/M?	live	0	0	0	650	494.094	650.000	701.171	428	0	43	2	9	1502	136	0	0		0	0	0	0	0	0.369	0.407	0.443	1	0	0.000	0.000	0.000	0.000	204.000	69.000	290.000	60.000	851.171	0.6696	0.8286
hadur2.Hadur 3.9	cf.proto.Shiva 2.2	mid-shield		8	true	35	3277.000	1289.000	31	1550.000	200.000	1196.000	993.000	9	29665	0.384	0.854	15.171	35	0	0	0.115	0.066	85	1467	2	1468	1467	1	13	0	0	0	136	901	1771	T?/M?	live	0	0	0	650	500.194	650.000	697.571	290	1	46	1	11	1468	136	0	0		0	0	0	0	0	0.349	0.422	0.506	0	0	0.000	0.000	0.000	0.000	222.000	56.000	310.000	40.000	847.571	0.7177	0.8857
hadur2.Hadur 3.9	chase.pm.Pytko 1.0	mid-shield		1	true	35	3266.000	1380.000	30	1500.000	250.000	1236.000	1026.000	12	28261	0.473	0.998	14.618	35	0	0	0.120	0.069	60	1508	2	1508	1508	3	19	0	0	0	122	1053	1686	T?/M?	live	0	0	0	650	485.000	550.000	657.457	362	418	54	2	8	1508	122	0	0		0	0	0	0	0	0.388	0.415	0.456	1	0	0.000	0.000	0.000	0.000	230.000	54.000	300.000	50.000	807.457	0.7030	0.8571
hadur2.Hadur 3.9	chase.pm.Pytko 1.0	mid-shield		2	true	35	3083.000	1601.000	28	1400.000	350.000	1185.000	1100.000	14	28472	0.503	1.070	14.213	35	0	0	0.120	0.078	61	1517	1	1497	1497	7	19	0	0	0	126	749	1729	T?/M?	live	0	0	0	650	503.829	650.000	663.486	436	441	23	3	8	1496	123	0	0		298	0	0	0	0	0.369	0.407	0.443	1	0	0.000	0.000	0.000	0.000	218.000	81.000	280.000	70.000	813.486	0.6582	0.8000
hadur2.Hadur 3.9	chase.pm.Pytko 1.0	mid-shield		3	true	35	3575.000	1115.000	33	1650.000	100.000	1341.000	973.000	12	27742	0.482	1.031	14.716	35	0	0	0.118	0.071	54	1459	2	1459	1459	4	19	0	0	0	122	0	1631	T?/M?	live	0	0	0	650	499.906	650.000	642.629	463	627	35	2	13	1459	122	0	0		0	0	0	0	0	0.372	0.416	0.456	1	0	0.000	0.000	0.000	0.000	255.000	22.000	330.000	20.000	792.629	0.7623	0.9429
hadur2.Hadur 3.9	chase.pm.Pytko 1.0	mid-shield		4	true	35	3316.000	1309.000	30	1500.000	250.000	1280.000	949.000	10	27519	0.476	1.005	13.575	34	0	0	0.123	0.063	51	1453	1	1434	1434	6	11	0	0	0	103	31	1594	T?/M?	live	0	0	0	650	499.953	650.000	634.971	445	465	62	3	8	1387	102	0	0		298	0	0	1	1	0.388	0.410	0.443	1	0	0.000	0.000	0.000	0.000	236.000	60.000	300.000	50.000	786.257	0.7170	0.8571
hadur2.Hadur 3.9	chase.pm.Pytko 1.0	mid-shield		5	true	35	3109.000	1457.000	30	1500.000	250.000	1105.000	1101.000	15	29147	0.517	1.077	198.843	35	0	0	0.111	0.073	66	1554	2	1554	1554	8	13	0	0	0	100	1371	1799	T?/M?	live	0	0	0	650	493.317	650.000	682.771	562	617	5	2	9	1554	100	0	0		0	0	0	0	0	0.321	0.414	0.469	1	0	0.000	0.000	0.000	0.000	204.000	55.000	300.000	50.000	832.771	0.6809	0.8571
hadur2.Hadur 3.9	chase.pm.Pytko 1.0	mid-shield		6	true	35	3240.000	1144.000	31	1550.000	200.000	1156.000	869.000	11	28291	0.447	1.025	15.690	35	0	0	0.110	0.061	50	1509	2	1509	1509	3	12	0	0	0	124	1536	1694	T?/M?	live	0	0	0	650	497.789	650.000	658.314	257	474	23	3	10	1509	124	0	0		0	0	0	0	0	0.372	0.416	0.456	1	0	0.000	0.000	0.000	0.000	224.000	35.000	310.000	40.000	808.314	0.7391	0.8857
hadur2.Hadur 3.9	chase.pm.Pytko 1.0	mid-shield		7	true	35	3410.000	1240.000	31	1550.000	200.000	1303.000	967.000	14	27907	0.519	1.050	121.674	35	0	0	0.127	0.068	75	1468	0	1468	1468	3	16	0	0	0	96	1512	1672	T?/M?	live	0	0	0	650	493.160	550.000	647.343	553	540	96	2	7	1468	95	0	0		0	0	0	0	0	0.321	0.411	0.469	1	0	0.000	0.000	0.000	0.000	248.000	32.000	310.000	40.000	797.343	0.7333	0.8857
hadur2.Hadur 3.9	chase.pm.Pytko 1.0	mid-shield		8	true	35	3291.000	1324.000	30	1500.000	250.000	1259.000	970.000	14	28147	0.519	1.071	14.752	35	0	0	0.116	0.067	50	1492	1	1492	1492	6	17	0	0	0	118	1108	1691	T?/M?	live	0	0	0	650	505.051	650.000	654.200	442	546	50	2	11	1492	118	0	0		0	0	0	0	0	0.321	0.411	0.456	1	0	0.000	0.000	0.000	0.000	233.000	54.000	300.000	50.000	804.200	0.7131	0.8571
hadur2.Hadur 3.9	css.Delitioner 0.11	mid-shield		1	true	35	4094.000	997.000	32	1600.000	150.000	1827.000	780.000	9	23786	0.373	0.837	92.763	35	0	0	0.155	0.067	33	1256	1	1256	1256	3	10	0	0	0	89	1231	1269	T?/M?	live	0	0	0	650	390.017	625.000	529.600	584	0	246	2	7	1251	89	0	0		0	0	0	0	0	0.321	0.415	0.469	1	0	0.000	0.000	0.000	0.000	348.000	37.000	320.000	30.000	679.600	0.8042	0.9143
hadur2.Hadur 3.9	css.Delitioner 0.11	mid-shield		2	true	35	4498.000	835.000	34	1700.000	50.000	2054.000	766.000	12	22745	0.404	0.900	16.263	35	0	0	0.175	0.083	21	1188	1	1188	1188	4	22	0	0	0	91	1148	1186	T?/M?	live	0	0	0	650	394.480	475.000	499.857	820	0	328	3	7	1188	91	0	0		0	0	0	0	0	0.321	0.406	0.456	1	0	0.000	0.000	0.000	0.000	404.000	9.000	340.000	10.000	649.857	0.8434	0.9714
hadur2.Hadur 3.9	css.Delitioner 0.11	mid-shield		3	true	35	3789.000	1466.000	28	1400.000	350.000	1800.000	982.000	8	24523	0.333	0.858	15.453	34	0	0	0.172	0.090	57	1299	3	1299	1299	3	15	0	0	0	110	1051	1302	T?/M?	live	0	0	0	650	400.844	650.000	552.324	563	0	302	2	321	1268	110	0	0		0	0	0	1	1	0.321	0.411	0.469	0	0	0.000	0.000	0.000	0.000	309.000	64.000	280.000	70.000	700.657	0.7210	0.8000
hadur2.Hadur 3.9	css.Delitioner 0.11	mid-shield		4	true	35	4271.000	892.000	33	1650.000	100.000	1926.000	741.000	12	22914	0.378	0.834	13.730	35	0	0	0.160	0.080	19	1181	4	1181	1181	3	16	0	0	0	104	1124	1181	T?/M?	live	0	0	0	650	394.166	650.000	504.686	1082	27	283	3	6	1179	104	0	0		0	0	0	0	0	0.321	0.409	0.456	1	0	0.000	0.000	0.000	0.000	365.000	31.000	330.000	20.000	654.686	0.8272	0.9429
hadur2.Hadur 3.9	css.Delitioner 0.11	mid-shield		5	true	35	4512.000	898.000	35	1750.000	0.000	2010.000	898.000	13	23399	0.412	0.914	234.145	35	0	0	0.180	0.086	39	1216	1	1216	1216	6	22	0	0	0	124	1015	1242	T?/M?	live	0	0	0	650	395.300	650.000	518.543	561	0	299	2	8	1216	124	0	0		0	0	0	0	0	0.321	0.408	0.469	0	0	0.000	0.000	0.000	0.000	402.000	0.000	350.000	0.000	668.543	0.8340	1.0000
hadur2.Hadur 3.9	css.Delitioner 0.11	mid-shield		6	true	35	4042.000	1194.000	31	1550.000	200.000	1838.000	914.000	16	24281	0.431	0.919	19.553	35	0	0	0.161	0.081	55	1284	3	1284	1284	5	18	0	0	0	108	348	1290	T?/M?	live	0	0	0	650	401.266	650.000	543.743	561	34	345	3	9	1277	108	0	0		0	0	0	0	0	0.321	0.423	0.491	0	0	0.000	0.000	0.000	0.000	343.000	40.000	310.000	40.000	693.743	0.7720	0.8857
hadur2.Hadur 3.9	css.Delitioner 0.11	mid-shield		7	true	35	4152.000	1085.000	31	1550.000	200.000	1929.000	816.000	14	23007	0.381	0.866	14.096	35	0	0	0.170	0.079	41	1195	1	1195	1195	7	22	0	0	0	101	305	1183	T?/M?	live	0	0	0	650	388.597	450.000	507.343	656	0	387	2	8	1192	100	0	0		0	0	0	0	0	0.374	0.434	0.491	1	0	0.000	1.000	0.000	0.000	363.000	28.000	310.000	40.000	657.343	0.7928	0.8857
hadur2.Hadur 3.9	css.Delitioner 0.11	mid-shield		8	true	35	4226.000	1232.000	32	1600.000	150.000	1939.000	1013.000	13	24390	0.424	0.913	14.011	35	0	0	0.163	0.087	44	1295	1	1295	1295	7	29	0	0	0	101	1309	1320	T?/M?	live	0	0	0	650	394.660	650.000	546.857	683	59	319	2	11	1295	101	0	0		0	0	0	0	0	0.374	0.432	0.491	0	0	0.000	1.000	0.000	0.000	367.000	38.000	320.000	30.000	696.857	0.7743	0.9143
hadur2.Hadur 3.9	dft.Cyanide 1.90	mid-shield		1	true	35	3766.000	755.000	35	1750.000	0.000	1388.000	755.000	10	26623	0.498	0.929	11.165	35	0	0	0.126	0.059	43	1454	19	1454	1454	2	16	0	0	0	134	886	1566	T?/M?	live	0	0	0	650	532.257	650.000	610.657	848	408	51	2	4	1454	134	0	0		0	0	0	0	0	0.393	0.439	0.491	1	0	0.000	0.000	0.000	0.000	278.000	0.000	350.000	0.000	760.657	0.8330	1.0000
hadur2.Hadur 3.9	dft.Cyanide 1.90	mid-shield		2	true	35	2665.000	1707.000	27	1350.000	400.000	891.000	1140.000	7	30491	0.525	1.013	30.250	34	0	0	0.100	0.070	96	1737	94	1729	1729	6	22	0	0	0	173	1095	1901	T?/M?	live	0	0	0	650	529.247	650.000	725.000	775	510	24	2	9	1687	171	0	0		0	0	0	1	1	0.374	0.428	0.491	1	0	0.000	0.000	0.000	0.000	154.000	87.000	270.000	80.000	871.171	0.6096	0.7714
hadur2.Hadur 3.9	dft.Cyanide 1.90	mid-shield		3	true	35	2907.000	1467.000	29	1450.000	300.000	998.000	1055.000	14	30948	0.522	0.971	12.034	35	0	0	0.102	0.071	82	1784	74	1777	1777	5	9	0	0	0	144	169	1966	T?/M?	live	0	0	0	650	539.723	650.000	734.229	1300	440	39	2	11	1759	144	0	0		0	0	0	0	0	0.360	0.421	0.491	1	0	0.000	0.000	0.000	0.000	169.000	52.000	290.000	60.000	884.229	0.6646	0.8286
hadur2.Hadur 3.9	dft.Cyanide 1.90	mid-shield		4	true	35	2922.000	1500.000	30	1500.000	250.000	952.000	1154.000	14	31421	0.532	1.034	12.476	35	0	0	0.108	0.076	110	1797	66	1797	1797	9	23	0	0	0	181	1791	2047	T?/M?	live	0	0	0	650	532.254	650.000	747.743	1507	465	49	3	10	1797	178	0	0		0	0	0	0	0	0.381	0.428	0.491	1	0	0.000	0.000	0.000	0.000	170.000	46.000	300.000	50.000	897.743	0.6608	0.8571
hadur2.Hadur 3.9	dft.Cyanide 1.90	mid-shield		5	true	35	2645.000	1581.000	28	1400.000	350.000	831.000	1091.000	15	31256	0.521	0.981	12.574	35	0	0	0.101	0.070	104	1788	82	1788	1788	7	18	0	0	0	192	1768	2036	T?/M?	live	0	0	0	650	537.417	650.000	743.029	1269	434	2	3	9	1787	191	0	0		0	0	0	0	0	0.360	0.413	0.456	1	0	0.000	0.000	0.000	0.000	134.000	70.000	280.000	70.000	893.029	0.6259	0.8000
hadur2.Hadur 3.9	dft.Cyanide 1.90	mid-shield		6	true	35	2806.000	1507.000	28	1400.000	350.000	966.000	1018.000	10	30384	0.531	0.996	12.788	35	0	0	0.106	0.069	91	1714	62	1706	1705	4	16	0	0	0	147	1049	1878	T?/M?	live	0	0	0	650	539.317	650.000	718.114	958	321	43	3	8	1706	146	0	0		0	0	0	0	0	0.360	0.425	0.491	1	0	0.000	0.000	0.000	0.000	159.000	69.000	280.000	70.000	868.114	0.6506	0.8000
hadur2.Hadur 3.9	dft.Cyanide 1.90	mid-shield		7	true	35	2822.000	1536.000	28	1400.000	350.000	973.000	1038.000	10	29701	0.518	0.981	34.527	35	0	0	0.103	0.068	86	1683	68	1674	1674	1	17	0	0	0	166	1387	1851	T?/M?	live	0	0	0	650	523.351	650.000	698.600	647	403	3	2	9	1674	163	0	0		0	0	0	0	0	0.360	0.414	0.456	1	0	0.000	0.000	0.000	0.000	170.000	78.000	280.000	70.000	848.600	0.6475	0.8000
hadur2.Hadur 3.9	dft.Cyanide 1.90	mid-shield		8	true	35	2930.000	1510.000	30	1500.000	250.000	959.000	1166.000	14	31275	0.518	0.960	13.217	35	0	0	0.105	0.070	110	1762	46	1754	1754	6	14	0	0	0	159	1838	1980	T?/M?	live	0	0	0	650	524.300	650.000	743.571	979	461	40	2	507	1754	159	0	0		0	0	0	0	0	0.360	0.423	0.491	1	0	0.000	0.000	0.000	0.000	171.000	44.000	300.000	50.000	893.571	0.6599	0.8571
hadur2.Hadur 3.9	dz.Caedo 1.4	mid-shield		1	true	35	5426.000	462.000	34	1700.000	50.000	2830.000	394.000	11	21304	0.323	0.852	13.762	35	0	0	0.217	0.127	16	1021	1	1021	1021	3	24	0	0	0	60	0	1005	T?/M?	live	0	0	0	650	329.763	650.000	458.686	532	21	659	3	5	1021	60	0	0		0	0	0	0	0	0.360	0.406	0.444	1	0	0.000	0.000	0.000	0.000	556.000	8.000	340.000	10.000	608.686	0.9215	0.9714
hadur2.Hadur 3.9	dz.Caedo 1.4	mid-shield		2	true	35	5095.000	927.000	30	1500.000	250.000	2790.000	582.000	11	23623	0.335	0.890	13.793	35	0	0	0.191	0.123	14	1185	2	1185	1185	3	28	0	0	0	71	0	1184	T?/M?	live	0	0	0	650	317.697	650.000	524.943	410	20	618	3	6	1185	71	0	0		0	0	0	0	0	0.360	0.402	0.444	1	0	0.000	1.000	0.000	0.000	505.000	44.000	300.000	50.000	674.943	0.8461	0.8571
hadur2.Hadur 3.9	dz.Caedo 1.4	mid-shield		3	true	35	5159.000	771.000	33	1650.000	100.000	2661.000	632.000	13	21893	0.319	0.870	13.322	35	0	0	0.200	0.127	19	1039	2	1040	1039	1	16	0	0	0	73	0	1053	T?/M?	live	0	0	0	650	320.989	650.000	475.514	334	0	649	1	20	1040	72	0	0		0	0	0	0	0	0.360	0.411	0.456	1	0	0.000	0.000	0.000	0.000	518.000	19.000	330.000	20.000	625.514	0.8700	0.9429
hadur2.Hadur 3.9	dz.Caedo 1.4	mid-shield		4	true	35	5183.000	722.000	32	1600.000	150.000	2744.000	517.000	10	20746	0.287	0.796	13.913	35	0	0	0.222	0.123	9	962	0	962	962	3	28	0	0	0	56	97	964	T?/M?	live	0	0	0	650	296.863	400.000	442.743	386	0	600	2	4	957	56	0	0	Robot dz.Caedo 1.4 is not stopping.  Forcing a stop. Unable to stop thread: dz.Caedo 1.4	0	0	0	0	0	0.360	0.419	0.544	1	0	0.000	0.000	0.000	0.000	518.000	25.000	320.000	30.000	592.743	0.8777	0.9143
hadur2.Hadur 3.9	dz.Caedo 1.4	mid-shield		5	true	35	4886.000	991.000	31	1550.000	200.000	2551.000	727.000	14	21892	0.320	0.875	11.839	35	0	0	0.191	0.125	10	1012	6	1012	1012	6	21	0	0	0	88	1018	1058	T?/M?	live	0	0	0	650	316.071	650.000	475.486	423	11	518	3	6	1012	88	0	0		0	0	0	0	0	0.368	0.445	0.544	1	0	0.000	0.000	0.000	0.000	476.000	24.000	310.000	40.000	625.486	0.8314	0.8857
hadur2.Hadur 3.9	dz.Caedo 1.4	mid-shield		6	true	35	4825.000	1061.000	29	1450.000	300.000	2624.000	640.000	10	21770	0.334	0.883	12.413	35	0	0	0.185	0.123	9	1041	3	1041	1041	2	20	0	0	0	60	0	1048	T?/M?	live	0	0	0	650	320.697	625.000	472.000	425	0	614	3	7	1041	60	0	0		0	0	0	0	0	0.368	0.434	0.544	1	0	0.000	0.000	0.000	0.000	461.000	61.000	290.000	60.000	622.000	0.8197	0.8286
hadur2.Hadur 3.9	dz.Caedo 1.4	mid-shield		7	true	35	4916.000	949.000	29	1450.000	300.000	2691.000	541.000	11	24773	0.346	0.884	14.066	35	0	0	0.198	0.120	40	1262	2	1259	1258	68	22	0	0	0	86	1072	1283	T?/M?	live	0	0	0	650	309.329	650.000	557.800	363	6	567	2	8	1239	85	0	0		0	0	0	0	0	0.406	0.462	0.544	1	0	0.000	0.000	0.000	0.000	484.000	48.000	290.000	60.000	707.800	0.8382	0.8286
hadur2.Hadur 3.9	dz.Caedo 1.4	mid-shield		8	true	35	4836.000	1092.000	29	1450.000	300.000	2639.000	679.000	14	22950	0.331	0.894	12.984	35	0	0	0.193	0.123	12	1110	2	1110	1110	4	27	0	0	0	80	817	1123	T?/M?	live	0	0	0	650	317.103	650.000	505.714	419	25	572	2	92	1098	80	0	0		0	0	0	0	0	0.390	0.464	0.544	1	0	0.000	0.000	0.000	0.000	457.000	53.000	290.000	60.000	655.714	0.8158	0.8286
hadur2.Hadur 3.9	kawigi.mini.Fhqwhgads 1.1	mid-shield		1	true	35	3556.000	1026.000	33	1650.000	100.000	1320.000	885.000	12	21925	0.368	0.796	14.296	35	0	0	0.135	0.061	34	1021	2	1005	1005	3	17	0	0	0	117	1123	1159	T?/M?	live	0	0	0	650	431.720	650.000	476.429	985	66	118	3	6	1005	115	0	0		252	0	0	0	0	0.423	0.470	0.544	1	0	0.000	0.000	0.000	0.000	256.000	21.000	330.000	20.000	626.429	0.7761	0.9429
hadur2.Hadur 3.9	kawigi.mini.Fhqwhgads 1.1	mid-shield		2	true	35	3830.000	1039.000	33	1650.000	100.000	1550.000	890.000	12	20034	0.371	0.814	56.569	35	0	0	0.167	0.071	27	889	4	889	889	8	15	0	0	0	91	843	996	T?/M?	live	0	0	0	650	426.143	525.000	422.400	901	39	207	3	24	889	91	0	0		0	0	0	0	0	0.390	0.463	0.544	1	0	0.000	0.000	0.000	0.000	299.000	29.000	330.000	20.000	572.400	0.7866	0.9429
hadur2.Hadur 3.9	kawigi.mini.Fhqwhgads 1.1	mid-shield		3	true	35	3951.000	572.000	35	1750.000	0.000	1543.000	572.000	11	19241	0.303	0.680	11.889	35	0	0	0.166	0.044	13	831	5	831	831	1	10	0	0	0	74	180	934	T?/M?	live	0	0	0	650	409.843	400.000	399.743	723	41	198	2	6	831	74	0	0		0	0	0	0	0	0.423	0.453	0.506	0	0	0.000	0.000	0.000	0.000	309.000	0.000	350.000	0.000	549.743	0.8735	1.0000
hadur2.Hadur 3.9	kawigi.mini.Fhqwhgads 1.1	mid-shield		4	true	35	3697.000	950.000	33	1650.000	100.000	1437.000	803.000	13	21170	0.409	0.841	13.631	35	0	0	0.158	0.056	39	960	3	941	941	3	16	0	0	0	108	879	1109	T?/M?	live	0	0	0	650	452.269	650.000	454.857	682	81	150	3	7	941	107	0	0		298	0	0	0	0	0.406	0.468	0.544	1	0	0.000	0.000	0.000	0.000	280.000	27.000	330.000	20.000	604.857	0.7956	0.9429
hadur2.Hadur 3.9	kawigi.mini.Fhqwhgads 1.1	mid-shield		5	true	35	3723.000	994.000	32	1600.000	150.000	1517.000	773.000	9	19726	0.304	0.679	12.642	35	0	0	0.155	0.054	15	876	2	876	876	2	13	0	0	0	76	0	968	T?/M?	live	0	0	0	650	380.440	400.000	413.600	745	0	190	2	7	875	76	0	0		0	0	0	0	0	0.423	0.450	0.506	0	0	0.000	0.000	0.000	0.000	286.000	40.000	320.000	30.000	563.600	0.7893	0.9143
hadur2.Hadur 3.9	kawigi.mini.Fhqwhgads 1.1	mid-shield		6	true	35	3634.000	748.000	34	1700.000	50.000	1334.000	672.000	11	20868	0.335	0.738	12.009	35	0	0	0.135	0.046	13	946	3	945	945	3	20	0	0	0	95	753	1080	T?/M?	live	0	0	0	650	411.337	400.000	446.229	1000	16	49	3	6	945	95	0	0		0	0	0	0	0	0.406	0.471	0.544	1	0	0.000	0.000	0.000	0.000	261.000	16.000	340.000	10.000	596.229	0.8293	0.9714
hadur2.Hadur 3.9	kawigi.mini.Fhqwhgads 1.1	mid-shield		7	true	35	3799.000	577.000	35	1750.000	0.000	1416.000	577.000	12	20305	0.285	0.645	12.832	35	0	0	0.152	0.042	9	911	2	911	911	4	14	0	0	0	104	897	1026	T?/M?	live	0	0	0	650	431.671	400.000	430.143	851	42	89	3	6	911	104	0	0		0	0	0	0	0	0.423	0.450	0.506	0	0	0.000	0.000	0.000	0.000	283.000	0.000	350.000	0.000	580.143	0.8681	1.0000
hadur2.Hadur 3.9	kawigi.mini.Fhqwhgads 1.1	mid-shield		8	true	35	3668.000	874.000	34	1700.000	50.000	1361.000	800.000	9	21633	0.370	0.800	12.100	35	0	0	0.141	0.054	27	995	9	995	995	2	11	0	0	0	115	876	1128	T?/M?	live	0	0	0	650	449.711	650.000	468.086	812	69	129	1	8	995	115	0	0		0	0	0	0	0	0.395	0.446	0.506	0	0	0.000	0.000	0.000	0.000	267.000	14.000	340.000	10.000	618.086	0.8076	0.9714
hadur2.Hadur 3.9	kawigi.sbf.FloodMini 1.4	mid-shield		1	true	35	3528.000	965.000	32	1600.000	150.000	1350.000	756.000	15	22161	0.373	0.837	14.913	35	0	0	0.146	0.052	31	964	7	964	964	5	8	0	0	0	83	0	1181	T?/M?	live	0	0	0	650	449.454	600.000	483.171	762	8	120	3	8	964	83	0	0		0	0	0	0	0	0.395	0.450	0.492	0	0	0.000	0.000	0.000	0.000	258.000	28.000	320.000	30.000	633.171	0.7852	0.9143
hadur2.Hadur 3.9	kawigi.sbf.FloodMini 1.4	mid-shield		2	true	35	3668.000	988.000	32	1600.000	150.000	1463.000	781.000	9	21167	0.386	0.873	13.898	35	0	0	0.148	0.059	11	908	7	908	908	4	12	0	0	0	72	331	1104	T?/M?	live	0	0	0	650	399.646	650.000	454.771	940	50	95	2	8	908	71	0	0		0	0	0	0	0	0.395	0.450	0.492	0	0	0.000	0.000	0.000	0.000	285.000	27.000	320.000	30.000	604.771	0.7878	0.9143
hadur2.Hadur 3.9	kawigi.sbf.FloodMini 1.4	mid-shield		3	true	35	3442.000	1072.000	31	1550.000	200.000	1336.000	783.000	18	22125	0.360	0.833	13.113	35	0	0	0.146	0.055	25	962	3	962	961	14	15	0	0	0	84	773	1183	T?/M?	live	0	0	0	650	438.043	500.000	482.143	734	3	85	2	137	962	84	0	0		0	0	0	0	0	0.379	0.443	0.476	0	0	0.000	0.000	0.000	0.000	246.000	48.000	310.000	40.000	632.143	0.7625	0.8857
hadur2.Hadur 3.9	kawigi.sbf.FloodMini 1.4	mid-shield		4	true	35	3813.000	781.000	33	1650.000	100.000	1529.000	637.000	12	20986	0.342	0.760	12.364	35	0	0	0.163	0.052	24	900	5	900	900	4	9	0	0	0	105	1068	1086	T?/M?	live	0	0	0	650	390.674	400.000	449.600	946	56	162	3	6	900	105	0	0		0	0	0	0	0	0.395	0.452	0.492	0	0	0.000	0.000	0.000	0.000	303.000	24.000	330.000	20.000	599.600	0.8300	0.9429
hadur2.Hadur 3.9	kawigi.sbf.FloodMini 1.4	mid-shield		5	true	35	3631.000	704.000	34	1700.000	50.000	1331.000	632.000	14	22266	0.318	0.732	18.219	35	0	0	0.144	0.042	32	986	5	986	986	5	14	0	0	0	102	1022	1205	T?/M?	live	0	0	0	650	453.211	575.000	486.171	946	46	65	3	7	986	102	0	0		0	0	0	0	0	0.379	0.443	0.476	0	0	0.000	0.000	0.000	0.000	260.000	12.000	340.000	10.000	636.171	0.8376	0.9714
hadur2.Hadur 3.9	kawigi.sbf.FloodMini 1.4	mid-shield		6	true	35	3574.000	1232.000	31	1550.000	200.000	1419.000	930.000	17	22290	0.371	0.863	14.333	35	0	0	0.149	0.071	52	977	4	961	961	8	9	0	0	0	100	975	1182	T?/M?	live	0	0	0	650	428.806	650.000	486.857	567	62	152	3	7	959	99	0	0		298	0	0	0	0	0.399	0.458	0.492	0	0	28.000	13.000	0.000	15.000	267.000	34.000	310.000	40.000	636.857	0.7437	0.8857
hadur2.Hadur 3.9	kawigi.sbf.FloodMini 1.4	mid-shield		7	true	35	4338.000	561.000	34	1700.000	50.000	1923.000	482.000	15	17211	0.256	0.640	14.252	35	0	0	0.200	0.056	4	650	1	632	632	6	8	0	0	0	61	682	762	T?/M?	live	0	0	0	650	318.343	400.000	341.743	653	0	328	3	6	632	61	0	0		298	0	0	0	0	0.399	0.449	0.476	0	0	0.000	0.000	0.000	0.000	375.000	19.000	340.000	10.000	491.743	0.8855	0.9714
hadur2.Hadur 3.9	kawigi.sbf.FloodMini 1.4	mid-shield		8	true	35	3955.000	662.000	34	1700.000	50.000	1601.000	588.000	9	19685	0.306	0.727	12.132	35	0	0	0.167	0.045	14	810	4	810	810	1	9	0	0	0	79	360	964	T?/M?	live	0	0	0	650	369.374	400.000	412.429	784	70	217	1	7	810	79	0	0		0	0	0	0	0	0.399	0.459	0.492	0	0	0.000	0.000	0.000	0.000	314.000	14.000	340.000	10.000	562.429	0.8566	0.9714
hadur2.Hadur 3.9	kid.Toa .0.5	mid-shield		1	true	35	4474.000	759.000	33	1650.000	100.000	2091.000	626.000	11	35308	0.474	1.035	35.948	35	0	0	0.156	0.064	183	1018	0	1335	1018	2	11	0	0	0	74	0	2270	T?/M?	live	0	0	0	650	432.011	400.000	858.800	49	2	276	3	8	1335	74	0	0		0	0	0	0	0	0.368	0.419	0.495	1	0	0.000	0.000	0.000	0.000	403.000	14.000	330.000	20.000	1008.800	0.8550	0.9429
hadur2.Hadur 3.9	kid.Toa .0.5	mid-shield		2	true	35	4170.000	794.000	33	1650.000	100.000	1866.000	659.000	11	38177	0.472	0.983	43.168	35	0	0	0.148	0.055	226	1130	0	1473	1130	3	14	0	0	0	89	2080	2534	T?/M?	live	0	0	0	650	450.377	400.000	940.771	40	40	209	2	7	1473	89	0	0		0	0	0	0	0	0.368	0.431	0.495	0	0	0.000	0.000	0.000	0.000	324.000	15.000	330.000	20.000	1090.771	0.8400	0.9429
hadur2.Hadur 3.9	kid.Toa .0.5	mid-shield		3	true	35	4356.000	725.000	34	1650.000	50.000	2047.000	660.000	8	38375	0.452	0.981	54.495	35	0	0	0.161	0.055	218	1003	0	1623	1003	1	8	0	0	0	78	1920	2540	T?/M?	live	0	0	0	650	425.106	400.000	946.429	32	9	261	1	10	1623	78	0	0		0	0	0	0	0	0.333	0.406	0.448	1	0	0.000	0.000	0.000	0.000	328.000	5.000	330.000	10.000	1096.429	0.8573	0.9706
hadur2.Hadur 3.9	kid.Toa .0.5	mid-shield		4	true	35	4128.000	955.000	32	1600.000	150.000	1874.000	748.000	9	37434	0.478	1.013	47.379	35	0	0	0.153	0.064	243	1129	0	1478	1129	3	9	0	0	0	93	0	2463	T?/M?	live	0	0	0	650	433.043	400.000	919.543	19	41	332	2	9	1478	93	0	0		0	0	0	0	0	0.368	0.427	0.495	0	0	0.000	0.000	0.000	0.000	333.000	27.000	320.000	30.000	1069.543	0.8121	0.9143
hadur2.Hadur 3.9	kid.Toa .0.5	mid-shield		5	true	35	4361.000	751.000	34	1700.000	50.000	1957.000	681.000	11	37602	0.461	0.990	46.802	35	0	0	0.159	0.070	215	1119	1	1251	1118	3	19	0	0	0	87	455	2465	T?/M?	live	0	0	0	650	438.077	400.000	924.343	18	38	250	2	7	1251	87	0	0		0	0	0	0	0	0.333	0.404	0.448	1	0	0.000	0.000	0.000	0.000	363.000	10.000	340.000	10.000	1074.343	0.8531	0.9714
hadur2.Hadur 3.9	kid.Toa .0.5	mid-shield		6	true	35	4415.000	834.000	34	1700.000	50.000	2014.000	760.000	9	35593	0.467	1.000	45.642	35	0	0	0.154	0.073	174	1096	0	1439	1095	1	20	0	0	0	78	0	2286	T?/M?	live	0	0	0	650	442.717	400.000	866.943	55	4	270	2	10	1439	78	0	0		0	0	0	0	0	0.368	0.425	0.495	0	0	0.000	0.000	0.000	0.000	360.000	14.000	340.000	10.000	1016.943	0.8411	0.9714
hadur2.Hadur 3.9	kid.Toa .0.5	mid-shield		7	true	35	4171.000	710.000	33	1650.000	100.000	1876.000	574.000	10	38624	0.453	0.957	49.296	35	0	0	0.150	0.049	217	1122	1	1624	1122	2	16	0	0	0	92	0	2550	T?/M?	live	0	0	0	650	429.283	400.000	953.543	24	7	279	3	8	1624	92	0	0		0	0	0	0	0	0.333	0.401	0.448	1	0	0.000	0.000	0.000	0.000	315.000	16.000	330.000	20.000	1103.543	0.8545	0.9429
hadur2.Hadur 3.9	kid.Toa .0.5	mid-shield		8	true	35	4323.000	713.000	33	1650.000	100.000	1985.000	580.000	10	36769	0.475	0.975	48.285	35	0	0	0.158	0.062	189	1052	1	1332	1051	1	22	0	0	0	70	0	2398	T?/M?	live	0	0	0	650	438.646	400.000	900.543	63	43	285	1	7	1332	70	0	0		0	0	0	0	0	0.368	0.421	0.495	1	0	0.000	0.000	0.000	0.000	359.000	13.000	330.000	20.000	1050.543	0.8584	0.9429
hadur2.Hadur 3.9	kms.Golden 0.10	mid-shield		1	true	35	3334.000	1887.000	27	1350.000	400.000	1467.000	1318.000	6	24788	0.428	0.931	15.000	34	0	0	0.160	0.089	105	1296	2	1296	1296	3	18	0	0	0	106	579	1361	T?/M?	live	0	0	0	650	405.426	400.000	563.882	468	286	312	2	7	1273	106	0	0		0	0	0	1	1	0.368	0.410	0.448	1	0	0.000	0.000	0.000	0.000	248.000	89.000	270.000	80.000	708.229	0.6386	0.7714
hadur2.Hadur 3.9	kms.Golden 0.10	mid-shield		2	true	35	3355.000	1181.000	30	1500.000	250.000	1316.000	833.000	13	24267	0.389	0.838	14.553	35	0	0	0.135	0.058	35	1250	1	1250	1250	4	19	0	0	0	133	1196	1335	T?/M?	live	0	0	0	650	433.240	650.000	543.343	658	459	75	2	8	1250	133	0	0		0	0	0	0	0	0.368	0.426	0.495	0	0	0.000	0.000	0.000	0.000	239.000	48.000	300.000	50.000	693.343	0.7396	0.8571
hadur2.Hadur 3.9	kms.Golden 0.10	mid-shield		3	true	35	3918.000	1098.000	34	1700.000	50.000	1569.000	1030.000	10	24188	0.366	0.881	14.601	35	0	0	0.152	0.076	61	1241	2	1241	1241	5	14	0	0	0	139	1044	1304	T?/M?	live	0	0	0	650	437.277	400.000	541.086	478	587	358	2	28	1241	139	0	0		0	0	0	0	0	0.372	0.413	0.448	1	0	0.000	0.000	0.000	0.000	309.000	8.000	340.000	10.000	691.086	0.7811	0.9714
hadur2.Hadur 3.9	kms.Golden 0.10	mid-shield		4	true	35	3263.000	1764.000	27	1350.000	400.000	1410.000	1191.000	5	24394	0.434	0.907	15.699	34	0	0	0.153	0.078	68	1269	3	1269	1269	3	18	0	0	0	115	1228	1248	T?/M?	live	0	0	0	650	410.306	400.000	540.912	323	309	327	2	7	1192	115	0	0		0	0	0	1	1	0.368	0.421	0.495	0	0	0.000	0.000	0.000	0.000	232.000	93.000	270.000	80.000	696.971	0.6491	0.7714
hadur2.Hadur 3.9	kms.Golden 0.10	mid-shield		5	true	35	3360.000	1462.000	29	1450.000	300.000	1364.000	1029.000	15	23794	0.412	0.882	14.681	35	0	0	0.144	0.181	69	1212	4	1195	1195	7	16	0	0	0	125	1133	1295	T?/M?	live	0	0	0	650	393.771	400.000	529.829	586	383	266	3	7	1195	124	0	0		274	0	0	0	0	0.333	0.394	0.437	1	0	0.000	4.000	0.000	0.000	256.000	69.000	290.000	60.000	679.829	0.6968	0.8286
hadur2.Hadur 3.9	kms.Golden 0.10	mid-shield		6	true	35	3352.000	1391.000	30	1500.000	250.000	1304.000	1038.000	19	24437	0.387	0.876	15.255	35	0	0	0.132	0.080	45	1262	1	1243	1243	9	15	0	0	0	142	1041	1350	T?/M?	live	0	0	0	650	438.300	650.000	548.200	384	363	157	3	6	1243	141	0	0		298	0	0	0	0	0.333	0.396	0.437	1	0	0.000	0.000	0.000	0.000	248.000	53.000	300.000	50.000	698.200	0.7067	0.8571
hadur2.Hadur 3.9	kms.Golden 0.10	mid-shield		7	true	35	3325.000	1477.000	30	1500.000	250.000	1283.000	1128.000	12	24913	0.375	0.888	14.260	35	0	0	0.143	0.075	85	1297	4	1297	1297	3	6	0	0	0	128	678	1390	T?/M?	live	0	0	0	650	420.363	500.000	561.800	467	357	239	2	5	1295	128	0	0		0	0	0	0	0	0.333	0.387	0.489	1	0	0.000	0.000	0.000	0.000	242.000	49.000	300.000	50.000	711.800	0.6924	0.8571
hadur2.Hadur 3.9	kms.Golden 0.10	mid-shield		8	true	35	3594.000	1212.000	32	1600.000	150.000	1407.000	994.000	9	24927	0.447	0.924	14.326	35	0	0	0.137	0.074	48	1310	3	1310	1310	1	16	0	0	0	127	1030	1389	T?/M?	live	0	0	0	650	438.894	650.000	562.200	366	453	135	1	11	1310	127	0	0		0	0	0	0	0	0.333	0.386	0.437	1	0	0.000	0.000	0.000	0.000	266.000	38.000	320.000	30.000	712.200	0.7478	0.9143
hadur2.Hadur 3.9	lucasslf.Dodger 1.0	mid-shield		1	true	35	3787.000	749.000	33	1650.000	100.000	1515.000	608.000	11	28414	0.385	0.781	113.372	35	0	0	0.129	0.059	57	1692	11	1692	1692	4	14	0	0	0	135	967	1667	T?/M?	live	0	0	0	650	448.980	650.000	661.829	801	253	87	3	6	1692	135	0	0		0	0	0	0	0	0.350	0.410	0.493	0	0	0.000	0.000	0.000	0.000	292.000	21.000	330.000	20.000	811.829	0.8349	0.9429
hadur2.Hadur 3.9	lucasslf.Dodger 1.0	mid-shield		2	true	35	3749.000	1075.000	31	1550.000	200.000	1590.000	799.000	11	27757	0.369	0.828	97.453	35	0	0	0.155	0.070	102	1633	8	1633	1633	4	20	0	0	0	144	1398	1618	T?/M?	live	0	0	0	650	418.374	450.000	643.057	732	109	246	2	6	1633	144	0	0		0	0	0	0	0	0.350	0.412	0.493	0	0	0.000	0.000	0.000	0.000	299.000	36.000	310.000	40.000	793.057	0.7772	0.8857
hadur2.Hadur 3.9	lucasslf.Dodger 1.0	mid-shield		3	true	35	3741.000	959.000	33	1650.000	100.000	1470.000	818.000	11	28739	0.411	0.808	21.732	35	0	0	0.139	0.066	87	1709	5	1708	1708	3	19	0	0	0	165	1258	1692	T?/M?	live	0	0	0	650	452.949	600.000	671.114	786	158	136	2	10	1694	165	0	0		0	0	0	0	0	0.388	0.441	0.493	0	0	0.000	0.000	0.000	0.000	291.000	21.000	330.000	20.000	821.114	0.7960	0.9429
hadur2.Hadur 3.9	lucasslf.Dodger 1.0	mid-shield		4	true	35	3745.000	967.000	32	1600.000	150.000	1532.000	749.000	11	27996	0.406	0.852	20.891	35	0	0	0.143	0.061	85	1659	8	1659	1659	4	16	0	0	0	172	1242	1651	T?/M?	live	0	0	0	650	452.760	650.000	649.886	860	95	144	3	3	1659	172	0	0		0	0	0	0	0	0.350	0.431	0.493	0	0	0.000	0.000	0.000	0.000	294.000	38.000	320.000	30.000	799.886	0.7948	0.9143
hadur2.Hadur 3.9	lucasslf.Dodger 1.0	mid-shield		5	true	35	3659.000	1138.000	31	1550.000	200.000	1513.000	848.000	12	27900	0.458	0.920	19.110	35	0	0	0.142	0.066	72	1638	9	1638	1638	3	20	0	0	0	144	1067	1647	T?/M?	live	0	0	0	650	438.074	500.000	647.143	475	117	106	2	6	1637	144	0	0		0	0	0	0	0	0.388	0.427	0.474	0	0	0.000	0.000	0.000	0.000	286.000	50.000	310.000	40.000	797.143	0.7628	0.8857
hadur2.Hadur 3.9	lucasslf.Dodger 1.0	mid-shield		6	true	35	3597.000	1024.000	33	1650.000	100.000	1352.000	883.000	16	31037	0.424	0.873	20.021	35	0	0	0.134	0.061	121	1891	8	1890	1890	7	13	0	0	0	166	1706	1910	T?/M?	live	0	0	0	650	439.697	400.000	736.771	346	170	171	2	6	1885	166	0	0		0	0	0	0	0	0.365	0.436	0.493	0	0	0.000	0.000	0.000	0.000	265.000	22.000	330.000	20.000	886.771	0.7784	0.9429
hadur2.Hadur 3.9	lucasslf.Dodger 1.0	mid-shield		7	true	35	3792.000	859.000	34	1700.000	50.000	1459.000	787.000	14	28424	0.364	0.814	19.857	35	0	0	0.139	0.061	79	1673	8	1673	1672	15	31	0	0	0	153	1505	1671	T?/M?	live	0	0	0	650	459.983	650.000	662.114	451	154	135	2	8	1672	153	0	0		0	0	0	0	0	0.388	0.426	0.453	0	0	1.000	0.000	9.000	0.000	282.000	12.000	340.000	10.000	812.114	0.8153	0.9714
hadur2.Hadur 3.9	lucasslf.Dodger 1.0	mid-shield		8	true	35	4022.000	738.000	34	1700.000	50.000	1654.000	664.000	9	27328	0.380	0.770	24.741	35	0	0	0.138	0.062	51	1620	6	1620	1620	2	19	0	0	0	143	789	1577	T?/M?	live	0	0	0	650	438.546	575.000	630.800	908	152	119	2	11	1620	142	0	0		0	0	0	0	0	0.388	0.441	0.493	0	0	0.000	0.000	0.000	0.000	328.000	14.000	340.000	10.000	780.800	0.8450	0.9714
hadur2.Hadur 3.9	mk.Alpha 0.2.1	mid-shield		1	true	35	4487.000	697.000	34	1700.000	50.000	2047.000	625.000	11	20916	0.369	0.834	11.858	35	0	0	0.187	0.062	37	966	3	966	966	3	12	0	0	0	124	714	1017	T?/M?	live	0	0	0	650	477.689	400.000	447.600	561	0	490	2	3	966	123	0	0		0	0	0	0	0	0.408	0.432	0.453	0	0	0.000	0.000	0.000	0.000	399.000	12.000	340.000	10.000	597.600	0.8655	0.9714
hadur2.Hadur 3.9	mk.Alpha 0.2.1	mid-shield		2	true	35	4603.000	572.000	34	1700.000	50.000	2139.000	506.000	12	19390	0.321	0.744	11.037	35	0	0	0.198	0.058	27	870	2	870	870	1	7	0	0	0	111	765	896	T?/M?	live	0	0	0	650	462.491	400.000	404.000	542	0	479	2	5	870	111	0	0		0	0	0	0	0	0.388	0.441	0.493	0	0	0.000	0.000	0.000	0.000	424.000	6.000	340.000	10.000	554.000	0.8895	0.9714
hadur2.Hadur 3.9	mk.Alpha 0.2.1	mid-shield		3	true	35	4337.000	751.000	33	1650.000	100.000	1977.000	608.000	16	21400	0.405	0.888	12.823	35	0	0	0.191	0.056	61	1000	0	1000	1000	7	13	0	0	0	132	867	1066	T?/M?	live	0	0	0	650	539.349	400.000	461.429	414	0	523	2	147	1000	132	0	0		0	0	0	0	0	0.403	0.428	0.453	0	0	0.000	0.000	0.000	0.000	380.000	23.000	330.000	20.000	611.429	0.8524	0.9429
hadur2.Hadur 3.9	mk.Alpha 0.2.1	mid-shield		4	true	35	4437.000	539.000	35	1750.000	0.000	1948.000	539.000	14	21596	0.416	0.892	12.953	35	0	0	0.170	0.052	34	1019	3	1019	1019	6	14	0	0	0	149	883	1081	T?/M?	live	0	0	0	650	541.226	400.000	467.029	709	39	355	3	7	1019	149	0	0		0	0	0	0	0	0.408	0.432	0.453	0	0	0.000	0.000	0.000	0.000	390.000	0.000	350.000	0.000	617.029	0.8917	1.0000
hadur2.Hadur 3.9	mk.Alpha 0.2.1	mid-shield		5	true	35	4499.000	440.000	35	1750.000	0.000	1999.000	440.000	12	20762	0.322	0.739	13.920	35	0	0	0.190	0.046	35	961	0	961	961	6	16	0	0	0	112	306	1024	T?/M?	live	0	0	0	650	511.349	400.000	443.200	531	0	407	2	7	961	112	0	0		0	0	0	0	0	0.403	0.446	0.486	1	0	0.000	0.000	0.000	0.000	400.000	0.000	350.000	0.000	593.200	0.9109	1.0000
hadur2.Hadur 3.9	mk.Alpha 0.2.1	mid-shield		6	true	35	4534.000	515.000	35	1750.000	0.000	2028.000	515.000	12	20872	0.346	0.801	13.370	35	0	0	0.196	0.055	44	965	2	965	965	4	14	0	0	0	140	889	1025	T?/M?	live	0	0	0	650	478.857	400.000	446.343	505	0	445	2	7	965	140	0	0		0	0	0	0	0	0.403	0.439	0.486	0	0	0.000	0.000	0.000	0.000	406.000	0.000	350.000	0.000	596.343	0.8980	1.0000
hadur2.Hadur 3.9	mk.Alpha 0.2.1	mid-shield		7	true	35	4532.000	652.000	35	1750.000	0.000	2027.000	652.000	12	21336	0.361	0.840	12.786	35	0	0	0.190	0.067	53	998	5	980	979	4	13	0	0	0	142	769	1062	T?/M?	live	0	0	0	650	459.371	400.000	459.600	353	29	452	3	6	980	142	0	0		298	0	0	0	0	0.388	0.452	0.486	1	0	0.000	0.000	0.000	0.000	405.000	0.000	350.000	0.000	609.600	0.8742	1.0000
hadur2.Hadur 3.9	mk.Alpha 0.2.1	mid-shield		8	true	35	4437.000	545.000	35	1750.000	0.000	1947.000	545.000	8	21796	0.423	0.891	12.364	35	0	0	0.170	0.055	13	1039	2	1039	1039	3	21	0	0	0	155	982	1102	T?/M?	live	0	0	0	650	545.337	650.000	472.743	655	0	285	1	8	1039	155	0	0		0	0	0	0	0	0.403	0.454	0.486	1	0	0.000	0.000	0.000	0.000	389.000	0.000	350.000	0.000	622.743	0.8906	1.0000
hadur2.Hadur 3.9	mladjo.Grrrrr 0.9	mid-shield		1	true	35	3249.000	1496.000	29	1450.000	300.000	1276.000	1055.000	9	27521	0.466	0.933	13.418	34	0	0	0.126	0.073	56	1515	2	1516	1515	7	14	0	0	0	143	1475	1553	T?/M?	live	0	0	0	650	478.665	650.000	630.059	331	595	65	2	9	1443	143	0	0		0	0	0	1	1	0.385	0.433	0.486	1	0	0.000	1.000	0.000	17.000	233.000	62.000	290.000	60.000	786.314	0.6847	0.8286
hadur2.Hadur 3.9	mladjo.Grrrrr 0.9	mid-shield		2	true	35	3382.000	1266.000	31	1550.000	200.000	1280.000	982.000	13	27165	0.487	0.953	14.082	35	0	0	0.120	0.067	42	1491	2	1491	1491	6	11	0	0	0	123	1354	1617	T?/M?	live	0	0	0	650	481.740	650.000	626.143	250	417	28	3	10	1491	123	0	0		0	0	0	0	0	0.388	0.445	0.486	1	0	0.000	0.000	0.000	0.000	242.000	44.000	310.000	40.000	776.143	0.7276	0.8857
hadur2.Hadur 3.9	mladjo.Grrrrr 0.9	mid-shield		3	true	35	3134.000	1427.000	29	1450.000	300.000	1184.000	996.000	4	28143	0.445	0.908	13.776	34	0	0	0.119	0.063	49	1567	3	1567	1567	1	12	0	0	0	147	1024	1605	T?/M?	live	0	0	0	650	475.412	625.000	649.618	429	555	9	1	701	1474	147	0	0		0	0	0	1	1	0.367	0.418	0.472	1	0	0.000	0.000	0.000	0.000	210.000	71.000	290.000	60.000	804.086	0.6871	0.8286
hadur2.Hadur 3.9	mladjo.Grrrrr 0.9	mid-shield		4	true	35	3189.000	1399.000	29	1450.000	300.000	1221.000	964.000	14	27038	0.465	0.920	14.084	35	0	0	0.123	0.065	65	1479	1	1479	1479	2	12	0	0	0	139	1384	1593	T?/M?	live	0	0	0	650	484.449	650.000	622.514	459	509	49	3	8	1475	139	0	0		0	0	0	0	0	0.388	0.446	0.486	1	0	0.000	0.000	0.000	0.000	228.000	75.000	290.000	60.000	772.514	0.6951	0.8286
hadur2.Hadur 3.9	mladjo.Grrrrr 0.9	mid-shield		5	true	35	3327.000	1441.000	29	1450.000	300.000	1351.000	1024.000	8	27104	0.448	0.936	13.789	34	0	0	0.122	0.071	34	1496	5	1496	1496	5	17	0	0	0	155	1280	1520	T?/M?	live	0	0	0	650	478.071	650.000	623.853	186	491	41	2	10	1440	155	0	0		0	0	0	1	1	0.367	0.414	0.484	1	0	0.000	0.000	0.000	0.000	236.000	57.000	290.000	60.000	774.400	0.6978	0.8286
hadur2.Hadur 3.9	mladjo.Grrrrr 0.9	mid-shield		6	true	35	3180.000	1574.000	29	1450.000	300.000	1221.000	1139.000	15	28916	0.476	0.953	170.966	35	0	0	0.132	0.070	71	1635	0	1635	1634	28	19	0	0	0	173	1608	1733	T?/M?	live	0	0	0	650	475.149	600.000	676.171	249	434	61	2	10	1597	173	0	0		0	0	0	0	0	0.385	0.436	0.486	1	0	0.000	0.000	0.000	0.000	219.000	75.000	290.000	60.000	826.171	0.6689	0.8286
hadur2.Hadur 3.9	mladjo.Grrrrr 0.9	mid-shield		7	true	35	3465.000	1425.000	30	1500.000	250.000	1405.000	1066.000	13	26242	0.389	0.869	13.726	35	0	0	0.141	0.080	36	1429	4	1429	1429	5	18	0	0	0	141	1221	1494	T?/M?	live	0	0	0	650	415.240	400.000	599.771	433	480	74	2	7	1411	141	0	0		0	0	0	0	0	0.367	0.409	0.472	1	0	0.000	0.000	0.000	0.000	260.000	59.000	300.000	50.000	749.771	0.7086	0.8571
hadur2.Hadur 3.9	mladjo.Grrrrr 0.9	mid-shield		8	true	35	2971.000	1797.000	25	1250.000	500.000	1249.000	1092.000	17	27705	0.487	0.967	13.658	35	0	0	0.133	0.074	65	1551	3	1551	1551	5	15	0	0	0	115	1008	1651	T?/M?	live	0	0	0	650	473.791	600.000	641.571	312	387	79	2	11	1541	115	0	0		0	0	0	0	0	0.367	0.417	0.472	1	0	0.000	0.000	0.000	0.000	222.000	105.000	250.000	100.000	791.571	0.6231	0.7143
hadur2.Hadur 3.9	nz.jdc.nano.NeophytePattern 1.1	mid-shield		1	true	35	4481.000	816.000	34	1700.000	50.000	2039.000	742.000	10	18332	0.324	0.809	11.474	35	0	0	0.184	0.078	60	863	2	864	862	2	21	0	0	0	65	0	816	T?/M?	live	0	0	0	650	363.609	650.000	373.771	658	98	472	3	4	864	64	0	0		0	0	0	0	0	0.369	0.401	0.439	1	0	0.000	0.000	0.000	0.000	403.000	14.000	340.000	10.000	523.771	0.8460	0.9714
hadur2.Hadur 3.9	nz.jdc.nano.NeophytePattern 1.1	mid-shield		2	true	35	4358.000	1155.000	33	1650.000	100.000	1993.000	1003.000	9	19490	0.326	0.852	12.047	35	0	0	0.182	0.101	79	929	1	930	927	5	25	0	0	0	75	847	901	T?/M?	live	0	0	0	650	348.500	650.000	406.857	648	273	473	2	7	924	75	0	0		0	0	0	0	0	0.367	0.397	0.439	1	0	0.000	0.000	0.000	0.000	386.000	31.000	330.000	20.000	556.857	0.7905	0.9429
hadur2.Hadur 3.9	nz.jdc.nano.NeophytePattern 1.1	mid-shield		3	true	35	4508.000	895.000	33	1650.000	100.000	2115.000	753.000	14	17531	0.311	0.820	13.546	35	0	0	0.209	0.090	68	797	4	797	797	2	21	0	0	0	53	717	753	T?/M?	live	0	0	0	650	370.394	650.000	350.886	554	185	495	2	6	797	53	0	0		0	0	0	0	0	0.367	0.431	0.484	0	0	0.000	0.000	0.000	0.000	414.000	22.000	330.000	20.000	500.886	0.8344	0.9429
hadur2.Hadur 3.9	nz.jdc.nano.NeophytePattern 1.1	mid-shield		4	true	35	4811.000	740.000	35	1750.000	0.000	2259.000	740.000	10	17142	0.293	0.788	11.978	35	0	0	0.216	0.091	56	773	1	775	773	3	12	0	0	0	53	0	727	T?/M?	live	0	0	0	650	358.294	625.000	339.771	410	200	490	3	5	775	53	0	0		0	0	0	0	0	0.367	0.424	0.484	0	0	0.000	0.000	0.000	0.000	452.000	0.000	350.000	0.000	489.771	0.8667	1.0000
hadur2.Hadur 3.9	nz.jdc.nano.NeophytePattern 1.1	mid-shield		5	true	35	4477.000	871.000	33	1650.000	100.000	2097.000	726.000	12	17827	0.335	0.828	15.812	35	0	0	0.188	0.082	51	818	4	818	817	4	22	0	0	0	80	468	773	T?/M?	live	0	0	0	650	342.406	600.000	359.343	383	157	465	3	6	817	80	0	0		0	0	0	0	0	0.438	0.481	0.509	0	0	0.000	0.000	0.000	0.000	400.000	25.000	330.000	20.000	509.343	0.8371	0.9429
hadur2.Hadur 3.9	nz.jdc.nano.NeophytePattern 1.1	mid-shield		6	true	35	4614.000	964.000	34	1700.000	50.000	2153.000	895.000	7	18674	0.331	0.825	59.890	34	0	0	0.195	0.098	61	869	2	871	868	4	16	0	0	0	72	266	810	T?/M?	live	0	0	0	650	337.262	475.000	380.500	451	279	488	2	6	839	72	0	0		0	0	0	1	1	0.367	0.466	0.509	0	0	0.000	0.000	0.000	0.000	421.000	9.000	340.000	10.000	533.543	0.8272	0.9714
hadur2.Hadur 3.9	nz.jdc.nano.NeophytePattern 1.1	mid-shield		7	true	35	4647.000	1095.000	33	1650.000	100.000	2236.000	951.000	11	18087	0.322	0.845	12.471	35	0	0	0.200	0.108	44	841	2	843	841	4	15	0	0	0	62	633	785	T?/M?	live	0	0	0	650	339.909	625.000	366.771	405	150	545	2	5	843	62	0	0		0	0	0	0	0	0.396	0.472	0.509	0	0	0.000	0.000	0.000	0.000	431.000	24.000	330.000	20.000	516.771	0.8093	0.9429
hadur2.Hadur 3.9	nz.jdc.nano.NeophytePattern 1.1	mid-shield		8	true	35	4406.000	877.000	34	1700.000	50.000	1980.000	801.000	12	19165	0.333	0.804	12.986	35	0	0	0.173	0.086	54	907	3	912	906	1	21	0	0	0	77	827	880	T?/M?	live	0	0	0	650	358.286	650.000	397.571	588	232	413	2	8	911	77	0	0		0	0	0	0	0	0.367	0.466	0.509	0	0	0.000	0.000	0.000	0.000	386.000	16.000	340.000	10.000	547.571	0.8340	0.9714
hadur2.Hadur 3.9	pedersen.Hubris 2.4	mid-shield		1	true	35	4165.000	966.000	31	1550.000	200.000	1947.000	684.000	10	20859	0.362	0.819	11.142	35	0	0	0.186	0.065	36	992	2	992	992	4	16	0	0	0	84	773	1027	T?/M?	live	0	0	0	650	391.280	400.000	445.971	660	33	459	3	7	992	84	0	0		0	0	0	0	0	0.396	0.480	0.535	0	0	0.000	0.000	0.000	0.000	358.000	42.000	310.000	40.000	595.971	0.8117	0.8857
hadur2.Hadur 3.9	pedersen.Hubris 2.4	mid-shield		2	true	35	4358.000	1032.000	32	1600.000	150.000	2045.000	816.000	11	20153	0.438	0.928	29.565	35	0	0	0.185	0.086	19	947	2	947	947	3	17	0	0	0	71	0	965	T?/M?	live	0	0	0	650	403.123	400.000	425.800	562	31	450	2	8	947	71	0	0		0	0	0	0	0	0.438	0.477	0.509	0	0	0.000	0.000	0.000	0.000	394.000	36.000	320.000	30.000	575.800	0.8085	0.9143
hadur2.Hadur 3.9	pedersen.Hubris 2.4	mid-shield		3	true	35	4398.000	850.000	33	1650.000	100.000	2023.000	709.000	13	20361	0.358	0.819	13.530	35	0	0	0.183	0.075	20	956	2	939	939	3	15	0	0	0	78	950	986	T?/M?	live	0	0	0	650	376.451	400.000	431.743	487	30	454	3	7	939	78	0	0		298	0	0	0	0	0.396	0.479	0.535	0	0	0.000	0.000	0.000	0.000	395.000	21.000	330.000	20.000	581.743	0.8380	0.9429
hadur2.Hadur 3.9	pedersen.Hubris 2.4	mid-shield		4	true	35	4328.000	988.000	33	1650.000	100.000	1967.000	850.000	14	21844	0.446	0.940	12.672	35	0	0	0.183	0.084	41	1047	2	1047	1047	3	21	0	0	0	82	1088	1104	T?/M?	live	0	0	0	650	396.563	400.000	474.114	706	0	400	2	9	1047	82	0	0		0	0	0	0	0	0.396	0.473	0.535	0	0	0.000	0.000	0.000	0.000	381.000	18.000	330.000	20.000	624.114	0.8141	0.9429
hadur2.Hadur 3.9	pedersen.Hubris 2.4	mid-shield		5	true	35	4078.000	1154.000	30	1500.000	250.000	1937.000	796.000	14	21255	0.405	0.886	11.788	34	0	0	0.175	0.070	31	978	4	979	978	9	13	0	0	0	77	946	1016	T?/M?	live	0	0	0	650	415.421	650.000	460.500	576	0	402	3	10	940	76	0	0		0	0	0	1	1	0.421	0.485	0.535	0	0	0.000	0.000	0.000	0.000	340.000	58.000	300.000	50.000	607.286	0.7794	0.8571
hadur2.Hadur 3.9	pedersen.Hubris 2.4	mid-shield		6	true	35	4066.000	1128.000	31	1550.000	200.000	1859.000	839.000	19	21480	0.404	0.902	26.513	35	0	0	0.188	0.078	57	1025	1	1025	1025	7	12	0	0	0	72	998	1073	T?/M?	live	0	0	0	650	402.566	400.000	463.714	536	0	507	3	7	1025	72	0	0		0	0	0	0	0	0.396	0.476	0.535	0	0	0.000	0.000	0.000	0.000	347.000	49.000	310.000	40.000	613.714	0.7828	0.8857
hadur2.Hadur 3.9	pedersen.Hubris 2.4	mid-shield		7	true	35	4566.000	717.000	34	1700.000	50.000	2109.000	644.000	13	20188	0.417	0.897	12.613	35	0	0	0.186	0.074	18	950	2	950	950	6	13	0	0	0	65	973	980	T?/M?	live	0	0	0	650	402.960	400.000	426.800	700	14	397	2	8	950	65	0	0		0	0	0	0	0	0.375	0.469	0.529	0	0	0.000	0.000	0.000	0.000	417.000	13.000	340.000	10.000	576.800	0.8643	0.9714
hadur2.Hadur 3.9	pedersen.Hubris 2.4	mid-shield		8	true	35	4099.000	1315.000	29	1450.000	300.000	1996.000	891.000	11	20513	0.449	0.957	13.513	35	0	0	0.182	0.081	33	987	4	987	987	4	11	0	0	0	56	0	993	T?/M?	live	0	0	0	650	396.894	400.000	436.086	376	0	479	2	11	987	56	0	0		0	0	0	0	0	0.396	0.479	0.535	0	0	0.000	0.000	0.000	0.000	363.000	64.000	290.000	60.000	586.086	0.7571	0.8286
hadur2.Hadur 3.9	ph.micro.Pikeman 0.4.5	mid-shield		1	true	35	3343.000	914.000	32	1600.000	150.000	1199.000	704.000	16	26526	0.367	0.832	15.107	35	0	0	0.111	0.049	40	1421	1	1421	1421	2	12	0	0	0	101	1193	1550	T?/M?	live	0	0	0	650	545.180	650.000	607.886	790	810	67	3	8	1421	101	0	0		0	0	0	0	0	0.375	0.455	0.529	0	0	0.000	0.000	0.000	0.000	223.000	30.000	320.000	30.000	757.886	0.7853	0.9143
hadur2.Hadur 3.9	ph.micro.Pikeman 0.4.5	mid-shield		2	true	35	3098.000	944.000	33	1650.000	100.000	940.000	808.000	10	28907	0.440	0.890	13.226	34	0	0	0.103	0.052	71	1606	3	1606	1606	4	11	0	0	0	143	1595	1717	T?/M?	live	0	0	0	650	522.606	475.000	669.176	862	515	13	2	6	1544	143	0	0		0	0	0	1	0	0.375	0.465	0.535	0	0	0.000	0.000	0.000	0.000	178.000	16.000	330.000	20.000	825.914	0.7665	0.9429
hadur2.Hadur 3.9	ph.micro.Pikeman 0.4.5	mid-shield		3	true	35	3183.000	959.000	32	1600.000	150.000	1060.000	756.000	14	27592	0.461	0.927	14.853	35	0	0	0.101	0.049	47	1506	1	1507	1506	5	14	0	0	0	123	1354	1670	T?/M?	live	0	0	0	650	542.651	650.000	638.343	712	569	0	2	8	1507	123	0	0		0	0	0	0	0	0.375	0.448	0.500	0	0	0.000	0.000	0.000	0.000	202.000	23.000	320.000	30.000	788.343	0.7685	0.9143
hadur2.Hadur 3.9	ph.micro.Pikeman 0.4.5	mid-shield		4	true	35	3054.000	1277.000	30	1500.000	250.000	1059.000	911.000	14	28146	0.483	0.953	13.898	35	0	0	0.104	0.057	67	1551	2	1551	1551	6	15	0	0	0	118	1343	1679	T?/M?	live	0	0	0	650	542.126	650.000	654.171	373	503	49	3	9	1549	118	0	0		0	0	0	0	0	0.375	0.464	0.535	0	0	0.000	0.000	0.000	0.000	195.000	66.000	300.000	50.000	804.171	0.7051	0.8571
hadur2.Hadur 3.9	ph.micro.Pikeman 0.4.5	mid-shield		5	true	35	3113.000	1422.000	29	1450.000	300.000	1155.000	997.000	9	27273	0.490	0.977	13.855	34	0	0	0.115	0.066	54	1481	2	1482	1481	6	17	0	0	0	105	1521	1550	T?/M?	live	0	0	0	650	536.953	650.000	626.559	529	643	68	3	8	1417	105	0	0		0	0	0	1	1	0.341	0.421	0.486	0	0	1.000	0.000	2.000	0.000	215.000	65.000	290.000	60.000	779.229	0.6864	0.8286
hadur2.Hadur 3.9	ph.micro.Pikeman 0.4.5	mid-shield		6	true	35	3487.000	1105.000	32	1600.000	150.000	1316.000	895.000	10	26523	0.462	0.923	14.469	35	0	0	0.122	0.064	53	1439	3	1439	1439	2	15	0	0	0	106	304	1524	T?/M?	live	0	0	0	650	535.994	650.000	607.800	421	446	66	2	8	1431	106	0	0		0	0	0	0	0	0.375	0.434	0.486	0	0	0.000	0.000	0.000	0.000	250.000	30.000	320.000	30.000	757.800	0.7594	0.9143
hadur2.Hadur 3.9	ph.micro.Pikeman 0.4.5	mid-shield		7	true	35	3605.000	943.000	35	1750.000	0.000	1255.000	943.000	11	27406	0.481	0.932	13.321	35	0	0	0.117	0.068	42	1500	1	1500	1500	3	15	0	0	0	90	1560	1630	T?/M?	live	0	0	0	650	545.223	650.000	633.029	249	603	12	2	10	1500	90	0	0		0	0	0	0	0	0.341	0.418	0.486	0	0	0.000	0.000	0.000	0.000	251.000	0.000	350.000	0.000	783.029	0.7927	1.0000
hadur2.Hadur 3.9	ph.micro.Pikeman 0.4.5	mid-shield		8	true	35	2781.000	1419.000	29	1450.000	300.000	881.000	996.000	15	29349	0.453	0.935	14.729	35	0	0	0.099	0.060	90	1628	2	1628	1628	10	11	0	0	0	136	1830	1864	T?/M?	live	0	0	0	650	546.060	650.000	688.543	1103	632	6	2	531	1628	136	0	0		0	0	0	0	0	0.341	0.416	0.486	0	0	0.000	0.000	0.000	0.000	159.000	63.000	290.000	60.000	838.543	0.6621	0.8286
hadur2.Hadur 3.9	suh.mega.WaveSurferPG 1.06	mid-shield		1	true	35	3969.000	1388.000	28	1400.000	350.000	1939.000	898.000	12	27024	0.429	0.920	14.100	35	0	0	0.203	0.097	126	1585	4	1585	1585	4	31	0	0	0	141	1111	1486	T?/M?	live	0	0	0	650	406.189	400.000	622.114	220	24	552	2	7	1585	140	0	0		0	0	0	0	0	0.289	0.358	0.392	0	0	0.000	0.000	0.000	0.000	350.000	70.000	280.000	70.000	772.114	0.7409	0.8000
hadur2.Hadur 3.9	suh.mega.WaveSurferPG 1.06	mid-shield		2	true	35	3925.000	1331.000	27	1350.000	400.000	1963.000	786.000	18	28432	0.454	0.983	14.979	35	0	0	0.194	0.087	93	1716	3	1716	1716	15	28	0	0	0	148	847	1621	T?/M?	live	0	0	0	650	442.017	650.000	662.343	165	77	422	2	7	1712	148	0	0		0	0	0	0	0	0.341	0.419	0.486	0	0	0.000	0.000	0.000	0.000	343.000	64.000	270.000	80.000	812.343	0.7468	0.7714
hadur2.Hadur 3.9	suh.mega.WaveSurferPG 1.06	mid-shield		3	true	35	3938.000	1180.000	30	1500.000	250.000	1800.000	830.000	12	33699	0.491	0.987	15.291	35	0	0	0.148	0.089	123	2206	6	2206	2206	5	27	0	0	0	185	1941	2074	T?/M?	live	0	0	0	650	440.271	525.000	812.829	282	84	272	2	199	2206	185	0	0		0	0	0	0	0	0.289	0.356	0.392	0	0	0.000	0.000	0.000	0.000	338.000	50.000	300.000	50.000	962.829	0.7694	0.8571
hadur2.Hadur 3.9	suh.mega.WaveSurferPG 1.06	mid-shield		4	true	35	4414.000	772.000	33	1650.000	100.000	2031.000	638.000	14	29985	0.364	0.796	16.900	35	0	0	0.172	0.085	102	1888	5	1888	1888	9	24	0	0	0	162	1326	1714	T?/M?	live	0	0	0	650	383.551	400.000	706.714	365	119	423	3	7	1888	161	0	0		0	0	0	0	0	0.341	0.414	0.486	0	0	0.000	0.000	0.000	0.000	403.000	15.000	330.000	20.000	856.714	0.8511	0.9429
hadur2.Hadur 3.9	suh.mega.WaveSurferPG 1.06	mid-shield		5	true	35	3884.000	1194.000	30	1500.000	250.000	1767.000	846.000	21	37476	0.469	1.004	17.011	35	0	0	0.135	0.094	139	2543	5	2543	2543	17	19	0	0	0	242	2296	2411	T?/M?	live	0	0	0	650	450.157	650.000	920.743	501	177	246	2	10	2539	241	0	0		0	0	0	0	0	0.289	0.366	0.402	1	0	0.000	0.000	0.000	0.000	317.000	48.000	300.000	50.000	1070.743	0.7649	0.8571
hadur2.Hadur 3.9	suh.mega.WaveSurferPG 1.06	mid-shield		6	true	35	4087.000	891.000	31	1550.000	200.000	1866.000	618.000	13	32542	0.431	0.962	16.813	34	0	0	0.128	0.084	73	2119	6	2119	2119	11	27	0	0	0	194	1844	1879	T?/M?	live	0	0	0	650	439.747	650.000	775.529	405	132	271	2	9	2051	193	0	0		0	0	0	1	1	0.341	0.394	0.427	0	0	0.000	0.000	0.000	0.000	362.000	33.000	310.000	40.000	929.771	0.8210	0.8857
hadur2.Hadur 3.9	suh.mega.WaveSurferPG 1.06	mid-shield		7	true	35	3647.000	1456.000	28	1400.000	350.000	1671.000	973.000	13	32832	0.437	0.954	14.457	35	0	0	0.170	0.084	182	2078	9	2078	2078	6	30	0	0	0	204	1849	2025	T?/M?	live	0	0	0	650	425.843	400.000	788.057	334	138	366	3	10	2069	204	0	0		0	0	0	0	0	0.289	0.361	0.402	0	0	0.000	0.000	0.000	0.000	296.000	63.000	280.000	70.000	938.057	0.7147	0.8000
hadur2.Hadur 3.9	suh.mega.WaveSurferPG 1.06	mid-shield		8	true	35	3830.000	1259.000	29	1450.000	300.000	1764.000	839.000	10	32323	0.440	0.975	15.540	34	0	0	0.165	0.084	128	2052	7	2052	2052	6	23	0	0	0	203	1586	1926	T?/M?	live	0	0	0	650	422.091	550.000	774.382	264	152	304	2	9	1995	202	0	0		0	0	0	1	1	0.341	0.393	0.427	1	0	0.000	0.000	0.000	0.000	325.000	60.000	290.000	60.000	923.514	0.7526	0.8286
hadur2.Hadur 3.9	synapse.rsim.GeomancyBS 0.11	mid-shield		1	true	35	3781.000	1245.000	31	1550.000	200.000	1618.000	956.000	14	28845	0.463	0.974	15.491	35	0	0	0.141	0.088	74	1616	3	1616	1616	8	18	0	0	0	129	1711	1719	T?/M?	live	0	0	0	650	408.526	650.000	674.143	676	0	107	2	8	1615	129	0	0		0	0	0	0	0	0.289	0.350	0.393	1	0	0.000	0.000	0.000	0.000	303.000	49.000	310.000	40.000	824.143	0.7523	0.8857
hadur2.Hadur 3.9	synapse.rsim.GeomancyBS 0.11	mid-shield		2	true	35	3581.000	1397.000	30	1500.000	250.000	1509.000	1040.000	14	31720	0.506	1.008	14.999	35	0	0	0.134	0.079	93	1853	4	1853	1853	8	20	0	0	0	177	1970	1977	T?/M?	live	0	0	0	650	408.926	650.000	756.286	637	18	73	2	11	1853	177	0	0		0	0	0	0	0	0.298	0.370	0.425	1	0	0.000	0.000	0.000	0.000	272.000	57.000	300.000	50.000	906.286	0.7194	0.8571
hadur2.Hadur 3.9	synapse.rsim.GeomancyBS 0.11	mid-shield		3	true	35	3766.000	1026.000	33	1650.000	100.000	1496.000	880.000	13	30933	0.469	0.956	14.349	35	0	0	0.125	0.071	82	1766	4	1766	1766	5	17	0	0	0	155	1882	1888	T?/M?	live	0	0	0	650	408.731	650.000	733.800	679	15	43	3	10	1760	155	0	0		0	0	0	0	0	0.289	0.343	0.393	1	0	0.000	0.000	0.000	0.000	290.000	26.000	330.000	20.000	883.800	0.7859	0.9429
hadur2.Hadur 3.9	synapse.rsim.GeomancyBS 0.11	mid-shield		4	true	35	3456.000	1264.000	31	1550.000	200.000	1349.000	987.000	10	32650	0.475	0.984	17.134	35	0	0	0.118	0.075	90	1883	4	1884	1883	3	21	0	0	0	180	2044	2052	T?/M?	live	0	0	0	650	410.014	650.000	782.857	391	45	37	2	9	1884	180	0	0		0	0	0	0	0	0.289	0.349	0.393	1	0	0.000	0.000	0.000	0.000	248.000	37.000	310.000	40.000	932.857	0.7322	0.8857
hadur2.Hadur 3.9	synapse.rsim.GeomancyBS 0.11	mid-shield		5	true	35	3463.000	1579.000	28	1400.000	350.000	1506.000	1081.000	9	31445	0.505	1.017	15.489	35	0	0	0.131	0.086	92	1812	4	1812	1812	2	22	0	0	0	181	1741	1941	T?/M?	live	0	0	0	650	404.380	650.000	748.429	693	6	91	2	10	1808	181	0	0		0	0	0	0	0	0.289	0.357	0.392	0	0	0.000	0.000	0.000	0.000	277.000	78.000	280.000	70.000	898.429	0.6868	0.8000
hadur2.Hadur 3.9	synapse.rsim.GeomancyBS 0.11	mid-shield		6	true	35	3729.000	968.000	33	1650.000	100.000	1462.000	831.000	16	32608	0.476	0.985	16.271	35	0	0	0.123	0.070	81	1943	3	1921	1921	48	22	0	0	0	176	1143	2041	T?/M?	live	0	0	0	650	409.557	650.000	781.657	851	38	20	3	12	1914	174	0	0		298	0	0	0	0	0.289	0.354	0.392	0	0	0.000	0.000	0.000	0.000	287.000	17.000	330.000	20.000	931.657	0.7939	0.9429
hadur2.Hadur 3.9	synapse.rsim.GeomancyBS 0.11	mid-shield		7	true	35	3580.000	1156.000	32	1600.000	150.000	1393.000	941.000	13	34181	0.431	0.946	15.182	35	0	0	0.114	0.076	92	1973	5	1973	1973	7	23	0	0	0	175	2187	2195	T?/M?	live	0	0	0	650	413.083	650.000	826.600	432	33	11	2	8	1973	175	0	0		0	0	0	0	0	0.289	0.361	0.402	0	0	0.000	0.000	0.000	0.000	266.000	35.000	320.000	30.000	976.600	0.7559	0.9143
hadur2.Hadur 3.9	synapse.rsim.GeomancyBS 0.11	mid-shield		8	true	35	3686.000	1006.000	32	1600.000	150.000	1475.000	782.000	9	31453	0.416	0.860	14.137	35	0	0	0.120	0.064	81	1822	3	1822	1822	2	21	0	0	0	164	1488	1939	T?/M?	live	0	0	0	650	408.931	550.000	748.657	850	52	75	1	248	1822	164	0	0		0	0	0	0	0	0.289	0.354	0.392	0	0	0.000	2.000	0.000	32.000	291.000	10.000	320.000	30.000	898.657	0.7856	0.9143
hadur2.Hadur 3.9	theo.avenge.Pequod 1.0	mid-shield		1	true	35	2795.000	1615.000	27	1350.000	400.000	1019.000	1054.000	11	34622	0.514	1.338	17.715	34	0	0	0.109	0.071	151	1379	0	1391	1379	10	9	0	0	0	121	1271	2242	T?/M?	live	0	0	0	650	532.409	650.000	834.265	991	70	53	2	10	1327	120	0	0		0	0	0	1	1	0.308	0.380	0.428	1	0	0.000	0.000	0.000	0.000	156.000	81.000	270.000	80.000	989.200	0.6338	0.7714
hadur2.Hadur 3.9	theo.avenge.Pequod 1.0	mid-shield		2	true	35	2913.000	1362.000	30	1500.000	250.000	956.000	1009.000	12	35383	0.540	1.368	36.112	35	0	0	0.100	0.067	138	1407	1	1420	1407	6	5	0	0	0	125	0	2367	T?/M?	live	0	0	0	650	540.117	650.000	860.943	667	96	1	2	9	1420	124	0	0		0	0	0	0	0	0.336	0.388	0.428	1	0	0.000	0.000	0.000	0.000	157.000	53.000	300.000	50.000	1010.943	0.6814	0.8571
hadur2.Hadur 3.9	theo.avenge.Pequod 1.0	mid-shield		3	true	35	3227.000	1173.000	31	1550.000	200.000	1151.000	887.000	8	31122	0.528	1.318	18.682	35	0	0	0.107	0.067	92	1269	1	1272	1268	1	16	0	0	0	98	0	1983	T?/M?	live	0	0	0	650	530.229	650.000	739.200	741	113	0	1	8	1272	98	0	0		0	0	0	0	0	0.308	0.373	0.413	1	0	0.000	0.000	0.000	0.000	216.000	46.000	310.000	40.000	889.200	0.7334	0.8857
hadur2.Hadur 3.9	theo.avenge.Pequod 1.0	mid-shield		4	true	35	2901.000	1484.000	28	1400.000	350.000	1041.000	1005.000	13	33197	0.501	1.317	16.850	35	0	0	0.107	0.064	124	1386	2	1389	1386	6	12	0	0	0	112	1881	2164	T?/M?	live	0	0	0	650	537.057	650.000	798.486	792	270	2	2	9	1386	112	0	0		0	0	0	0	0	0.355	0.393	0.428	1	0	0.000	0.000	0.000	0.000	180.000	59.000	280.000	70.000	948.486	0.6616	0.8000
hadur2.Hadur 3.9	theo.avenge.Pequod 1.0	mid-shield		5	true	35	3014.000	1183.000	31	1550.000	200.000	979.000	904.000	14	35168	0.483	1.333	17.493	35	0	0	0.119	0.055	161	1401	0	1422	1401	6	12	0	0	0	144	2316	2378	T?/M?	live	0	0	0	650	515.729	650.000	854.800	1104	133	8	2	8	1422	144	0	0		0	0	0	0	0	0.308	0.371	0.403	1	0	0.000	0.000	0.000	0.000	175.000	39.000	310.000	40.000	1004.800	0.7181	0.8857
hadur2.Hadur 3.9	theo.avenge.Pequod 1.0	mid-shield		6	true	35	3032.000	1377.000	30	1500.000	250.000	1048.000	1037.000	13	34096	0.553	1.385	18.867	35	0	0	0.107	0.064	133	1410	0	1413	1408	3	14	0	0	0	115	1411	2261	T?/M?	live	0	0	0	650	537.589	650.000	824.171	814	88	48	2	9	1410	115	0	0		0	0	0	0	0	0.308	0.385	0.428	1	0	0.000	0.000	0.000	0.000	185.000	40.000	300.000	50.000	974.171	0.6877	0.8571
hadur2.Hadur 3.9	theo.avenge.Pequod 1.0	mid-shield		7	true	35	2590.000	1551.000	27	1350.000	400.000	844.000	997.000	14	36612	0.528	1.370	16.709	35	0	0	0.104	0.063	180	1428	1	1448	1428	14	15	0	0	0	139	1845	2505	T?/M?	live	0	0	0	650	531.411	650.000	896.057	975	43	1	2	9	1448	139	0	0		0	0	0	0	0	0.308	0.372	0.403	1	0	0.000	0.000	0.000	0.000	126.000	74.000	270.000	80.000	1046.057	0.6255	0.7714
hadur2.Hadur 3.9	theo.avenge.Pequod 1.0	mid-shield		8	true	35	3444.000	1001.000	32	1600.000	150.000	1285.000	795.000	9	29725	0.481	1.228	18.026	35	0	0	0.112	0.056	63	1241	3	1243	1240	2	7	0	0	0	108	0	1788	T?/M?	live	0	0	0	650	514.997	650.000	699.286	307	39	51	2	4679	1233	107	0	0		0	0	0	0	0	0.308	0.386	0.428	1	0	0.000	0.000	0.000	0.000	238.000	26.000	320.000	30.000	849.286	0.7748	0.9143
hadur2.Hadur 3.9	theo.real.Ahab 1.0	mid-shield		1	true	35	3012.000	1673.000	27	1350.000	400.000	1188.000	1104.000	13	32689	0.728	1.530	17.239	35	0	0	0.110	0.078	97	1729	1	1729	1729	8	19	0	0	0	147	1846	2094	T?/M?	live	0	0	0	650	519.114	650.000	783.971	243	30	30	2	9	1729	147	0	0		0	0	0	0	0	0.319	0.376	0.430	0	0	0.000	2.000	0.000	0.000	204.000	87.000	270.000	80.000	933.971	0.6429	0.7714
hadur2.Hadur 3.9	theo.real.Ahab 1.0	mid-shield		2	true	35	2797.000	1717.000	27	1350.000	400.000	1006.000	1164.000	9	37403	0.735	1.564	21.211	35	0	0	0.110	0.076	177	1897	1	1900	1897	4	16	0	0	0	178	1968	2589	T?/M?	live	0	0	0	650	522.580	650.000	918.657	1327	63	14	2	12	1894	177	0	0		0	0	0	0	0	0.308	0.380	0.428	1	0	0.000	0.000	0.000	0.000	171.000	73.000	270.000	80.000	1068.657	0.6196	0.7714
hadur2.Hadur 3.9	theo.real.Ahab 1.0	mid-shield		3	true	35	3000.000	1336.000	30	1500.000	250.000	1023.000	1001.000	14	36736	0.694	1.516	17.811	35	0	0	0.109	0.069	167	1838	0	1836	1833	73	19	0	0	0	170	2128	2489	T?/M?	live	0	0	0	650	530.091	650.000	899.600	887	41	53	3	822	1833	170	0	0		0	0	0	0	0	0.319	0.384	0.439	0	0	0.000	0.000	0.000	0.000	177.000	35.000	300.000	50.000	1049.600	0.6919	0.8571
hadur2.Hadur 3.9	theo.real.Ahab 1.0	mid-shield		4	true	35	3031.000	1410.000	30	1500.000	250.000	1055.000	1069.000	8	35733	0.668	1.492	18.872	34	0	0	0.108	0.073	140	1832	1	1838	1832	5	10	0	0	0	193	2091	2342	T?/M?	live	0	0	0	650	534.188	650.000	879.000	659	3	22	2	11	1797	193	0	0		0	0	0	1	1	0.308	0.377	0.413	1	0	0.000	0.000	0.000	0.000	176.000	41.000	300.000	50.000	1020.943	0.6825	0.8571
hadur2.Hadur 3.9	theo.real.Ahab 1.0	mid-shield		5	true	35	2817.000	1258.000	31	1550.000	200.000	814.000	980.000	17	38722	0.721	1.578	16.283	35	0	0	0.105	0.062	195	1997	1	2000	1997	11	13	0	0	0	195	2130	2732	T?/M?	live	0	0	0	650	534.277	650.000	956.343	1926	64	14	3	8	2000	194	0	0		0	0	0	0	0	0.349	0.406	0.465	1	0	0.000	0.000	0.000	0.000	143.000	38.000	310.000	40.000	1106.343	0.6913	0.8857
hadur2.Hadur 3.9	theo.real.Ahab 1.0	mid-shield		6	true	35	2900.000	1273.000	30	1500.000	250.000	930.000	939.000	14	35708	0.671	1.513	17.468	35	0	0	0.107	0.064	171	1847	1	1856	1847	5	8	0	0	0	189	2338	2410	T?/M?	live	0	0	0	650	530.149	650.000	870.229	1077	1	31	3	10	1856	189	0	0		0	0	0	0	0	0.319	0.386	0.439	0	0	0.000	0.000	0.000	0.000	170.000	34.000	300.000	50.000	1020.229	0.6949	0.8571
hadur2.Hadur 3.9	theo.real.Ahab 1.0	mid-shield		7	true	35	2607.000	1579.000	27	1350.000	400.000	861.000	1030.000	17	38627	0.734	1.576	16.318	35	0	0	0.097	0.066	170	1914	1	1918	1914	12	15	0	0	0	175	2325	2701	T?/M?	live	0	0	0	650	542.637	650.000	953.629	1360	3	9	2	13	1918	175	0	0		0	0	0	0	0	0.349	0.413	0.474	1	0	0.000	0.000	0.000	0.000	126.000	69.000	270.000	80.000	1103.629	0.6228	0.7714
hadur2.Hadur 3.9	theo.real.Ahab 1.0	mid-shield		8	true	35	2775.000	1466.000	28	1400.000	350.000	932.000	979.000	14	35483	0.729	1.530	16.977	35	0	0	0.107	0.065	147	1854	1	1855	1854	8	15	0	0	0	166	1450	2383	T?/M?	live	0	0	0	650	523.371	650.000	863.800	1115	0	6	2	374	1852	166	0	0		0	0	0	0	0	0.319	0.391	0.457	0	0	0.000	0.000	0.000	0.000	163.000	67.000	280.000	70.000	1013.800	0.6543	0.8000
hadur2.Hadur 3.9	tm.Yuugao 1.0	mid-shield		1	true	35	4012.000	984.000	34	1700.000	50.000	1650.000	912.000	18	24914	0.427	0.944	13.639	35	0	0	0.152	0.070	57	1142	0	1142	1142	7	16	0	0	0	75	697	1405	T?/M?	live	0	0	0	650	475.563	525.000	561.829	533	15	179	2	4	1142	74	0	0		0	0	0	0	0	0.338	0.392	0.439	0	0	0.000	0.000	0.000	0.000	322.000	11.000	340.000	10.000	711.829	0.8030	0.9714
hadur2.Hadur 3.9	tm.Yuugao 1.0	mid-shield		2	true	35	3664.000	1412.000	29	1450.000	300.000	1633.000	976.000	11	23776	0.417	0.913	13.539	35	0	0	0.168	0.073	77	1067	0	1067	1067	1	15	0	0	0	79	507	1304	T?/M?	live	0	0	0	650	421.846	650.000	529.314	364	0	343	1	148	1067	79	0	0		0	0	0	0	0	0.319	0.373	0.430	0	0	0.000	0.000	0.000	0.000	291.000	75.000	290.000	60.000	679.314	0.7218	0.8286
hadur2.Hadur 3.9	tm.Yuugao 1.0	mid-shield		3	true	35	3941.000	981.000	33	1650.000	100.000	1641.000	841.000	13	24854	0.425	0.943	12.477	35	0	0	0.151	0.064	47	1127	1	1126	1126	5	14	0	0	0	98	337	1408	T?/M?	live	0	0	0	650	491.669	650.000	560.114	448	3	100	2	36	1126	98	0	0		0	0	0	0	0	0.376	0.411	0.457	0	0	0.000	0.000	0.000	0.000	320.000	20.000	330.000	20.000	710.114	0.8007	0.9429
hadur2.Hadur 3.9	tm.Yuugao 1.0	mid-shield		4	true	35	4020.000	1326.000	30	1500.000	250.000	1874.000	960.000	13	21551	0.370	0.865	13.003	35	0	0	0.182	0.084	41	952	2	934	934	7	17	0	0	0	61	0	1111	T?/M?	live	0	0	0	650	401.683	475.000	465.743	517	87	366	3	4	934	60	0	0		298	0	0	0	0	0.319	0.366	0.430	0	0	0.000	0.000	0.000	0.000	345.000	66.000	300.000	50.000	615.743	0.7520	0.8571
hadur2.Hadur 3.9	tm.Yuugao 1.0	mid-shield		5	true	35	3808.000	1186.000	31	1550.000	200.000	1643.000	895.000	14	23770	0.373	0.907	14.587	35	0	0	0.149	0.070	38	1081	1	1063	1063	8	21	0	0	0	93	944	1308	T?/M?	live	0	0	0	650	448.254	450.000	529.143	489	25	197	3	5	1063	91	0	0		298	0	0	0	0	0.349	0.397	0.443	1	0	0.000	0.000	0.000	0.000	305.000	51.000	310.000	40.000	679.143	0.7625	0.8857
hadur2.Hadur 3.9	tm.Yuugao 1.0	mid-shield		6	true	35	4027.000	1389.000	30	1500.000	250.000	1900.000	1027.000	11	23193	0.427	0.957	13.130	35	0	0	0.166	0.089	56	1025	1	1025	1025	3	14	0	0	0	73	875	1235	T?/M?	live	0	0	0	650	415.680	650.000	512.657	596	0	366	2	7	1024	73	0	0		0	0	0	0	0	0.376	0.418	0.465	0	0	0.000	0.000	0.000	0.000	327.000	61.000	300.000	50.000	662.657	0.7435	0.8571
hadur2.Hadur 3.9	tm.Yuugao 1.0	mid-shield		7	true	35	3796.000	1084.000	31	1550.000	200.000	1626.000	795.000	12	23230	0.428	0.954	13.477	35	0	0	0.160	0.061	49	1046	1	1046	1046	5	13	0	0	0	65	0	1272	T?/M?	live	0	0	0	650	468.826	400.000	513.714	499	19	235	2	7	1046	65	0	0		0	0	0	0	0	0.362	0.407	0.462	1	0	0.000	0.000	0.000	0.000	310.000	49.000	310.000	40.000	663.714	0.7779	0.8857
hadur2.Hadur 3.9	tm.Yuugao 1.0	mid-shield		8	true	35	3660.000	1079.000	31	1550.000	200.000	1516.000	793.000	18	24577	0.414	0.936	13.438	35	0	0	0.133	0.060	27	1125	0	1125	1125	7	14	0	0	0	97	0	1384	T?/M?	live	0	0	0	650	482.943	650.000	552.200	561	28	41	2	8	1125	97	0	0		0	0	0	0	0	0.349	0.412	0.465	1	0	0.000	0.000	0.000	0.000	285.000	46.000	310.000	40.000	702.200	0.7723	0.8857
hadur2.Hadur 3.9	trab.Crusader 0.1.7	mid-shield		1	true	35	3621.000	1190.000	32	1600.000	150.000	1425.000	970.000	16	28754	0.530	1.199	20.802	35	0	0	0.122	0.077	55	1626	4	1626	1626	8	29	0	0	0	167	1413	1727	T?/M?	live	0	0	0	650	471.537	650.000	671.543	746	0	32	2	7	1626	167	0	0		0	0	0	0	0	0.362	0.428	0.489	1	0	0.000	0.000	0.000	0.000	275.000	39.000	320.000	30.000	821.543	0.7527	0.9143
hadur2.Hadur 3.9	trab.Crusader 0.1.7	mid-shield		2	true	35	2976.000	1741.000	27	1350.000	400.000	1156.000	1180.000	7	32232	0.562	1.232	22.365	34	0	0	0.119	0.074	98	1849	3	1849	1849	6	31	0	0	0	176	1697	1982	T?/M?	live	0	0	0	650	471.750	650.000	773.118	355	1	25	2	11	1785	176	0	0		0	0	0	1	1	0.349	0.406	0.465	1	0	0.000	0.000	0.000	0.000	200.000	81.000	270.000	80.000	920.914	0.6309	0.7714
hadur2.Hadur 3.9	trab.Crusader 0.1.7	mid-shield		3	true	35	3430.000	1153.000	32	1600.000	150.000	1268.000	938.000	17	30685	0.550	1.222	19.449	35	0	0	0.127	0.068	96	1776	1	1776	1776	10	19	0	0	0	181	1813	1893	T?/M?	live	0	0	0	650	477.631	650.000	726.714	807	0	80	2	16	1773	181	0	0		0	0	0	0	0	0.343	0.424	0.489	1	0	0.000	0.000	0.000	0.000	242.000	34.000	320.000	30.000	876.714	0.7484	0.9143
hadur2.Hadur 3.9	trab.Crusader 0.1.7	mid-shield		4	true	35	3136.000	1522.000	29	1400.000	300.000	1240.000	1099.000	14	30741	0.555	1.223	19.309	35	0	0	0.117	0.075	82	1727	4	1728	1727	4	20	0	0	0	164	1189	1869	T?/M?	live	0	0	0	650	485.800	650.000	728.314	534	1	34	2	10	1723	164	0	0		0	0	0	0	0	0.349	0.405	0.465	1	0	0.000	0.000	0.000	0.000	215.000	63.000	280.000	60.000	878.314	0.6733	0.8235
hadur2.Hadur 3.9	trab.Crusader 0.1.7	mid-shield		5	true	35	2845.000	1462.000	29	1450.000	300.000	936.000	1041.000	13	33567	0.538	1.168	22.524	35	0	0	0.106	0.071	132	1979	2	1979	1979	10	14	0	0	0	223	1975	2186	T?/M?	live	0	0	0	650	477.809	650.000	809.057	1282	0	52	2	10	1979	223	0	0		0	0	0	0	0	0.128	0.306	0.410	0	0	0.000	0.000	0.000	0.000	169.000	61.000	290.000	60.000	959.057	0.6606	0.8286
hadur2.Hadur 3.9	trab.Crusader 0.1.7	mid-shield		6	true	35	3336.000	1259.000	30	1500.000	250.000	1303.000	897.000	8	29471	0.578	1.218	19.726	34	0	0	0.118	0.066	56	1692	4	1692	1692	6	20	0	0	0	178	1399	1714	T?/M?	live	0	0	0	650	479.974	650.000	688.676	672	0	37	2	9	1634	178	0	0		0	0	0	1	1	0.343	0.425	0.489	1	0	0.000	0.000	0.000	0.000	232.000	62.000	300.000	50.000	842.029	0.7260	0.8571
hadur2.Hadur 3.9	trab.Crusader 0.1.7	mid-shield		7	true	35	2674.000	1853.000	26	1300.000	450.000	945.000	1220.000	10	32629	0.496	1.094	23.887	35	0	0	0.108	0.079	123	1904	1	1904	1904	4	20	0	0	0	197	2090	2119	T?/M?	live	0	0	0	650	482.603	650.000	782.257	866	0	72	3	13	1904	197	0	0		0	0	0	0	0	0.048	0.261	0.406	0	0	0.000	0.000	0.000	0.000	170.000	93.000	260.000	90.000	932.257	0.5907	0.7429
hadur2.Hadur 3.9	trab.Crusader 0.1.7	mid-shield		8	true	35	3366.000	1276.000	31	1550.000	200.000	1275.000	999.000	11	30959	0.556	1.194	19.431	35	0	0	0.116	0.068	83	1770	5	1770	1770	5	31	0	0	0	172	1717	1908	T?/M?	live	0	0	0	650	476.803	650.000	734.543	493	0	39	2	9	1768	172	0	0		0	0	0	0	0	0.329	0.416	0.489	1	0	0.000	0.000	0.000	0.000	231.000	36.000	310.000	40.000	884.543	0.7251	0.8857
hadur2.Hadur 3.9	wiki.mini.Sedan 1.0	mid-shield		1	true	35	3504.000	1055.000	33	1650.000	100.000	1279.000	905.000	13	23385	0.407	0.904	12.969	35	0	0	0.126	0.067	29	1131	12	1131	1131	4	8	0	0	0	127	816	1307	T?/M?	live	0	0	0	650	510.197	650.000	518.143	1084	264	72	3	6	1131	125	0	0		0	0	0	0	0	0.343	0.411	0.445	1	0	0.000	0.000	0.000	0.000	245.000	30.000	330.000	20.000	668.143	0.7686	0.9429
hadur2.Hadur 3.9	wiki.mini.Sedan 1.0	mid-shield		2	true	35	3259.000	1187.000	31	1550.000	200.000	1180.000	896.000	11	23307	0.449	0.934	12.665	35	0	0	0.122	0.057	27	1123	3	1123	1122	1	14	0	0	0	114	1231	1294	T?/M?	live	0	0	0	650	503.497	650.000	515.914	919	131	18	2	270	1122	114	0	0		0	0	0	0	0	0.343	0.432	0.489	1	0	0.000	0.000	0.000	0.000	220.000	51.000	310.000	40.000	665.914	0.7330	0.8857
hadur2.Hadur 3.9	wiki.mini.Sedan 1.0	mid-shield		3	true	35	3391.000	844.000	34	1700.000	50.000	1128.000	773.000	9	23485	0.373	0.858	13.663	35	0	0	0.125	0.054	42	1130	11	1130	1130	3	14	0	0	0	114	1171	1317	T?/M?	live	0	0	0	650	477.509	400.000	521.000	1255	146	66	2	16	1130	114	0	0		0	0	0	0	0	0.343	0.409	0.445	1	0	0.000	0.000	0.000	0.000	223.000	11.000	340.000	10.000	671.000	0.8007	0.9714
hadur2.Hadur 3.9	wiki.mini.Sedan 1.0	mid-shield		4	true	35	3590.000	809.000	34	1700.000	50.000	1293.000	735.000	14	21822	0.409	0.887	12.151	35	0	0	0.133	0.052	22	1012	9	995	994	7	10	0	0	0	101	588	1173	T?/M?	live	0	0	0	650	503.320	650.000	473.486	1017	88	47	3	6	995	101	0	0		298	0	0	0	0	0.343	0.426	0.489	1	0	0.000	0.000	0.000	0.000	257.000	14.000	340.000	10.000	623.486	0.8161	0.9714
hadur2.Hadur 3.9	wiki.mini.Sedan 1.0	mid-shield		5	true	35	3568.000	758.000	35	1750.000	0.000	1223.000	758.000	12	22737	0.387	0.853	12.935	35	0	0	0.123	0.048	26	1077	5	1077	1077	6	12	0	0	0	109	1089	1243	T?/M?	live	0	0	0	650	500.837	650.000	499.629	967	107	20	3	8	1077	108	0	0		0	0	0	0	0	0.218	0.311	0.406	0	0	0.000	0.000	0.000	0.000	245.000	0.000	350.000	0.000	649.629	0.8248	1.0000
hadur2.Hadur 3.9	wiki.mini.Sedan 1.0	mid-shield		6	true	35	3452.000	889.000	32	1600.000	150.000	1287.000	669.000	13	20680	0.320	0.749	12.395	35	0	0	0.130	0.045	13	931	6	932	931	4	9	0	0	0	96	1027	1063	T?/M?	live	0	0	0	650	461.589	400.000	440.857	1276	82	70	3	8	932	96	0	0		0	0	0	0	0	0.261	0.333	0.406	0	0	0.000	0.000	0.000	0.000	245.000	41.000	320.000	30.000	590.857	0.7952	0.9143
hadur2.Hadur 3.9	wiki.mini.Sedan 1.0	mid-shield		7	true	35	3340.000	1002.000	32	1600.000	150.000	1196.000	783.000	10	22158	0.353	0.806	12.304	35	0	0	0.116	0.052	15	1035	8	1035	1034	4	11	0	0	0	90	996	1191	T?/M?	live	0	0	0	650	515.217	650.000	483.086	656	87	7	2	5	1035	90	0	0		0	0	0	0	0	0.158	0.249	0.338	0	0	0.000	0.000	0.000	0.000	225.000	39.000	320.000	30.000	633.086	0.7692	0.9143
hadur2.Hadur 3.9	wiki.mini.Sedan 1.0	mid-shield		8	true	35	3550.000	905.000	34	1700.000	50.000	1262.000	832.000	14	22404	0.377	0.839	13.047	35	0	0	0.124	0.055	33	1057	3	1058	1057	7	14	0	0	0	94	486	1217	T?/M?	live	0	0	0	650	509.789	650.000	490.114	995	37	37	2	9	1058	93	0	0		0	0	0	0	0	0.218	0.302	0.399	0	0	0.000	0.000	0.000	0.000	248.000	13.000	340.000	10.000	640.114	0.7969	0.9714
