build	opponent	role	rank	seed	ok	rounds	score	theirScore	firsts	survival	theirSurvival	bulletDamage	theirBulletDamage	skippedTurns	turns	turnP50Ms	turnP95Ms	turnMaxMs	roundRecords	faults	faultRecords	ourHitRate	theirHitRate	phantomWaves	enemyShots	unseenShots	inferredWaves	matchedWaves	radarReacquired	hiddenShots	profileFound	memoryFailures	seedsEvicted	bulletsIntercepted	jitteredShots	shotsFired	tiers	openingGun	gunSeed	surfSeed	seedDecays	openingDistance	meanDistance	targetDistance	roundTicks	finishTicks	ramTicks	fullPowerShots	maxLevel	slowTicks	shadowedWaves	interceptsShadowed	flavourChanges	flavourStep	errors	duressTicks	engineDisables	securityErrors	rShortfall	finalRMissing	hostCpuMin	hostCpuMean	hostCpuMax	otherJvms	score_share	survival_share
3.7	GarmBox.Oranges 1.0.1	weak		1	true	35	2745.000	3849.000	17	850.000	900.000	1415.000	2313.000	125	22338	0.074	0.293	8.636	35	0	0	0.229	1.665	30	1076	3	166	164	111	7	0	0	0	75	142	1214	T?/M?	live	0	0	0	650	401.814	400.000	488.229	15	0	22	3	4	166	8	0	0		13771	0	0	0	0	0.509	0.527	0.546	1	0.4163	0.4857
3.7	GarmBox.Oranges 1.0.1	weak		2	true	35	2443.000	4079.000	14	700.000	1050.000	1336.000	2257.000	113	21317	0.075	0.280	7.904	34	0	0	0.260	1.667	31	991	1	168	167	112	1	0	0	0	63	0	1064	T?/M?	live	0	0	0	650	414.632	400.000	457.706	16	0	40	3	2	166	10	0	0		12232	0	0	1	1	0.486	0.517	0.548	1	0.3746	0.4000
3.7	GarmBox.Oranges 1.0.1	weak		3	true	35	2492.000	3749.000	16	800.000	950.000	1211.000	2102.000	119	22717	0.077	0.296	8.911	34	0	0	0.229	2.565	19	1109	1	105	105	184	2	0	0	0	59	0	1178	T?/M?	live	0	0	0	650	388.853	400.000	496.235	0	0	33	3	1	101	2	0	0		14434	0	0	1	1	0.523	0.541	0.548	1	0.3993	0.4571
3.7	GarmBox.Oranges 1.0.1	weak		4	true	35	2610.000	4127.000	15	750.000	1000.000	1404.000	2386.000	115	22360	0.071	0.278	9.091	34	0	0	0.235	1.582	29	1071	2	157	156	103	5	0	0	0	60	0	1115	T?/M?	live	0	0	0	650	371.465	400.000	488.676	0	0	12	3	1	153	7	0	0		13494	0	0	1	1	0.486	0.513	0.535	1	0.3874	0.4286
3.7	GarmBox.Oranges 1.0.1	weak		5	true	35	3035.000	3266.000	22	1050.000	650.000	1363.000	2068.000	114	21825	0.075	0.288	8.222	34	0	0	0.234	1.476	37	1011	2	146	144	105	7	0	0	0	63	103	1102	T?/M?	live	0	0	0	650	377.535	400.000	472.382	3	0	9	3	1	143	13	0	0		13083	0	0	1	1	0.512	0.532	0.548	1	0.4817	0.6176
3.7	GarmBox.Oranges 1.0.1	weak		6	true	35	2698.000	3853.000	17	850.000	900.000	1233.000	2238.000	117	22270	0.086	0.308	9.230	34	0	0	0.222	1.995	26	1058	0	132	129	107	5	0	0	0	53	0	1123	T?/M?	live	0	0	0	650	418.165	400.000	490.206	0	0	24	3	2	130	5	0	0		13820	0	0	1	1	0.488	0.546	0.592	0	0.4118	0.4857
3.7	GarmBox.Oranges 1.0.1	weak		7	true	35	2384.000	4040.000	16	800.000	950.000	1173.000	2439.000	115	22758	0.083	0.289	9.148	34	0	0	0.215	2.294	33	1118	2	125	123	99	1	0	0	0	51	0	1212	T?/M?	live	0	0	0	650	423.924	400.000	500.853	0	0	2	3	2	122	5	0	0		14397	0	0	1	1	0.486	0.516	0.535	1	0.3711	0.4571
3.7	GarmBox.Oranges 1.0.1	weak		8	true	35	2839.000	4088.000	17	850.000	900.000	1344.000	2383.000	115	21320	0.089	0.311	8.617	34	0	0	0.273	2.156	24	1000	2	124	124	114	2	0	0	0	50	37	1094	T?/M?	live	0	0	0	650	417.150	650.000	455.147	0	0	2	3	1	120	7	0	0		12804	0	0	1	1	0.488	0.546	0.592	0	0.4098	0.4857
3.7	ahr.ice.Ice 1.0	weak		1	true	35	3556.000	1893.000	29	1450.000	300.000	1544.000	1436.000	115	22312	0.198	0.761	25.222	34	0	0	0.207	0.608	0	1024	17	213	213	112	4	0	0	0	48	55	1176	T?/M?	live	0	0	0	650	340.459	400.000	485.735	0	0	113	3	3	210	9	0	0		12257	0	0	1	1	0.399	0.507	0.563	0	0.6526	0.8286
3.7	ahr.ice.Ice 1.0	weak		2	true	35	2898.000	2857.000	22	1100.000	650.000	1365.000	1859.000	116	23100	0.201	0.831	29.513	34	0	0	0.204	1.266	0	1079	13	181	181	111	4	0	0	0	57	163	1246	T?/M?	live	0	0	0	650	328.991	400.000	512.265	8	0	107	3	2	174	11	0	0		13753	0	0	1	1	0.477	0.522	0.577	0	0.5036	0.6286
3.7	ahr.ice.Ice 1.0	weak		3	true	35	3402.000	1920.000	28	1400.000	350.000	1462.000	1393.000	111	22601	0.198	0.712	26.225	34	0	0	0.208	1.039	0	1034	17	196	196	109	4	0	0	0	41	0	1140	T?/M?	live	0	0	0	650	352.921	400.000	496.765	27	0	97	3	4	194	6	0	0		12934	0	0	1	1	0.399	0.507	0.563	0	0.6392	0.8000
3.7	ahr.ice.Ice 1.0	weak		4	true	35	3048.000	2578.000	24	1200.000	550.000	1377.000	1734.000	128	22846	0.194	0.834	25.390	35	0	0	0.195	0.896	0	1062	14	194	194	111	4	0	0	0	42	0	1234	T?/M?	live	0	0	0	650	348.689	400.000	502.743	0	0	151	3	3	194	5	0	0		13525	0	0	0	0	0.477	0.522	0.577	0	0.5418	0.6857
3.7	ahr.ice.Ice 1.0	weak		5	true	35	3362.000	2621.000	25	1250.000	500.000	1598.000	1860.000	126	23110	0.191	0.740	20.985	35	0	0	0.226	0.999	0	1077	14	175	175	131	3	0	0	0	43	0	1250	T?/M?	live	0	0	0	650	334.900	400.000	510.286	0	0	106	3	1	175	11	0	0		14167	0	0	0	0	0.477	0.522	0.577	0	0.5619	0.7143
3.7	ahr.ice.Ice 1.0	weak		6	true	35	3299.000	2087.000	27	1350.000	400.000	1437.000	1476.000	122	22603	0.189	0.720	24.100	35	0	0	0.212	1.138	1	1042	15	141	141	111	1	0	0	0	42	0	1242	T?/M?	live	0	0	0	650	359.263	400.000	495.800	0	0	84	3	1	141	3	0	0		14175	0	0	0	0	0.464	0.536	0.606	0	0.6125	0.7714
3.7	ahr.ice.Ice 1.0	weak		7	true	35	3038.000	2831.000	23	1150.000	600.000	1444.000	1915.000	110	24119	0.187	0.704	24.483	34	0	0	0.197	1.119	0	1137	17	164	164	104	1	0	0	0	52	147	1316	T?/M?	live	0	0	0	650	344.229	400.000	543.088	0	0	66	3	1	159	9	0	0		15040	0	0	1	1	0.404	0.507	0.577	0	0.5176	0.6571
3.7	ahr.ice.Ice 1.0	weak		8	true	35	3062.000	2571.000	25	1250.000	500.000	1311.000	1775.000	110	23866	0.180	0.682	22.554	34	0	0	0.182	1.231	0	1138	12	135	135	112	4	0	0	0	48	0	1283	T?/M?	live	0	0	0	650	352.859	400.000	532.735	0	0	90	3	3	128	7	0	0		15155	0	0	1	1	0.464	0.536	0.606	0	0.5436	0.7143
3.7	apc.Colossus2 0.12	weak		1	true	35	3653.000	6514.000	7	350.000	1400.000	3062.000	4132.000	104	17656	0.097	0.358	9.921	33	0	0	0.645	4.135	4	629	4	62	62	101	4	0	0	0	11	0	807	T?/M?	live	0	0	0	650	299.609	575.000	355.485	5	0	101	3	4	61	2	0	0		8944	0	0	2	1	0.489	0.543	0.576	0	0.3593	0.2000
3.7	apc.Colossus2 0.12	weak		2	true	35	3234.000	7023.000	3	150.000	1600.000	2954.000	4283.000	107	17658	0.095	0.353	9.408	33	0	0	0.685	3.535	3	629	1	49	48	102	2	0	0	0	13	0	807	T?/M?	live	0	0	0	650	335.961	650.000	353.636	0	0	84	3	2	45	3	0	0		9152	0	0	2	1	0.512	0.548	0.601	0	0.3153	0.0857
3.7	apc.Colossus2 0.12	weak		3	true	35	3220.000	7114.000	2	100.000	1650.000	3035.000	4285.000	105	17751	0.099	0.335	8.852	33	0	0	0.651	2.582	2	654	1	62	61	102	1	0	0	0	17	0	811	T?/M?	live	0	0	0	650	310.909	650.000	355.697	0	0	88	3	2	62	5	0	0		9182	0	0	2	1	0.489	0.543	0.601	0	0.3116	0.0571
3.7	apc.Colossus2 0.12	weak		4	true	35	3660.000	6705.000	6	300.000	1450.000	3024.000	4192.000	107	17736	0.100	0.339	9.983	34	0	0	0.648	2.588	3	656	2	60	60	102	6	0	0	0	11	0	831	T?/M?	live	0	0	0	650	339.144	650.000	355.794	12	0	88	3	1	59	2	0	0		9533	0	0	1	1	0.512	0.543	0.579	0	0.3531	0.1714
3.7	apc.Colossus2 0.12	weak		5	true	35	3078.000	7023.000	3	150.000	1600.000	2821.000	4305.000	107	18306	0.103	0.338	9.798	33	0	0	0.623	3.623	2	687	2	46	46	102	2	0	0	0	18	0	849	T?/M?	live	0	0	0	650	323.079	400.000	371.121	0	0	69	3	3	41	1	0	0		10057	0	0	2	1	0.489	0.543	0.601	0	0.3047	0.0857
3.7	apc.Colossus2 0.12	weak		6	true	35	3480.000	6659.000	6	300.000	1450.000	2931.000	4205.000	127	18104	0.096	0.331	8.187	35	0	0	0.619	3.820	3	673	4	50	49	108	3	0	0	0	21	0	903	T?/M?	live	0	0	0	650	305.834	650.000	367.257	0	0	83	3	2	50	1	0	0		10378	0	0	0	0	0.512	0.543	0.579	0	0.3432	0.1714
3.7	apc.Colossus2 0.12	weak		7	true	35	2817.000	7388.000	0	0.000	1750.000	2805.000	4404.000	106	17679	0.100	0.344	9.965	34	0	0	0.648	3.071	0	663	1	46	46	109	2	0	0	0	17	0	828	T?/M?	live	0	0	0	650	296.035	600.000	353.647	0	0	76	3	1	45	1	0	0		9816	0	0	1	1	0.489	0.543	0.601	0	0.2760	0.0000
3.7	apc.Colossus2 0.12	weak		8	true	35	4287.000	5974.000	12	600.000	1150.000	3278.000	4012.000	124	18244	0.098	0.356	8.403	35	0	0	0.650	3.602	2	667	5	72	70	114	4	0	0	0	16	0	898	T?/M?	live	0	0	0	650	315.066	650.000	371.257	6	0	105	3	2	72	3	0	0		9849	0	0	0	0	0.512	0.543	0.579	0	0.4178	0.3429
3.7	ara.Shera 0.88	weak		1	true	35	1749.000	3395.000	15	750.000	1000.000	777.000	1896.000	115	26816	0.102	0.331	11.090	34	0	0	0.111	1.811	0	1317	2	123	123	105	2	0	0	0	73	113	1425	T?/M?	live	0	0	0	650	356.256	650.000	606.000	0	0	0	3	3	118	9	0	0		17841	0	0	1	1	0.512	0.554	0.601	0	0.3400	0.4286
3.7	ara.Shera 0.88	weak		2	true	35	1588.000	3704.000	12	600.000	1150.000	807.000	1997.000	117	25495	0.112	0.346	8.907	34	0	0	0.113	1.312	0	1253	2	132	131	108	0	0	0	0	65	0	1412	T?/M?	live	0	0	0	650	373.076	650.000	573.824	0	0	0	3	2	122	4	0	0		16687	0	0	1	1	0.521	0.545	0.560	0	0.3001	0.3429
3.7	ara.Shera 0.88	weak		3	true	35	1822.000	3431.000	15	750.000	1000.000	840.000	1935.000	124	26436	0.105	0.336	8.386	35	0	0	0.103	1.195	0	1317	2	150	149	133	2	0	0	0	66	36	1528	T?/M?	live	0	0	0	650	349.757	650.000	605.314	0	0	20	3	36	150	7	0	0		17869	0	0	0	0	0.512	0.561	0.601	0	0.3468	0.4286
3.7	ara.Shera 0.88	weak		4	true	35	1834.000	3415.000	16	800.000	950.000	775.000	1998.000	128	24573	0.111	0.343	9.278	35	0	0	0.112	1.693	0	1167	5	123	122	110	2	0	0	0	65	0	1400	T?/M?	live	0	0	0	650	368.043	650.000	552.086	0	0	0	3	1	123	7	0	0		16490	0	0	0	0	0.521	0.542	0.560	0	0.3494	0.4571
3.7	ara.Shera 0.88	weak		5	true	35	1634.000	3325.000	15	700.000	1000.000	727.000	1832.000	129	25644	0.104	0.330	8.349	35	0	0	0.101	1.480	0	1210	4	118	118	110	0	0	0	0	55	1	1433	T?/M?	live	0	0	0	650	347.989	650.000	582.686	0	0	0	3	3	118	9	0	0		17582	0	0	0	0	0.512	0.543	0.579	0	0.3295	0.4118
3.7	ara.Shera 0.88	weak		6	true	35	1906.000	3275.000	17	800.000	900.000	856.000	1908.000	112	25862	0.099	0.322	7.901	34	0	0	0.114	1.745	0	1232	4	125	125	110	1	0	0	0	62	0	1424	T?/M?	live	0	0	0	650	382.776	650.000	592.265	0	0	0	3	2	123	5	0	0		17235	0	0	1	1	0.519	0.538	0.552	0	0.3679	0.4706
3.7	ara.Shera 0.88	weak		7	true	35	1534.000	3698.000	12	600.000	1150.000	760.000	1986.000	115	25802	0.115	0.339	9.450	34	0	0	0.107	1.625	0	1244	2	99	99	105	1	0	0	0	76	0	1462	T?/M?	live	0	0	0	650	349.894	650.000	592.235	0	0	0	3	2	96	3	0	0		17677	0	0	1	1	0.519	0.539	0.560	0	0.2932	0.3429
3.7	ara.Shera 0.88	weak		8	true	35	2272.000	3043.000	20	1000.000	750.000	949.000	1890.000	128	25857	0.112	0.344	9.535	35	0	0	0.127	2.298	1	1278	1	121	121	118	0	0	0	0	62	0	1487	T?/M?	live	0	0	0	650	361.989	625.000	588.771	0	0	0	3	1	121	5	0	0		17716	0	0	0	0	0.529	0.551	0.586	0	0.4275	0.5714
3.7	bvh.tyr.Tyr 1.74	weak		1	true	35	4006.000	3134.000	24	1200.000	550.000	2144.000	2200.000	111	26322	0.080	0.266	7.872	34	0	0	0.312	3.609	0	1356	4	126	126	107	2	0	0	0	75	0	1475	T?/M?	live	0	0	0	650	392.588	400.000	607.941	0	0	15	3	2	119	4	0	0		17795	0	0	1	1	0.420	0.476	0.543	1	0.5611	0.6857
3.7	bvh.tyr.Tyr 1.74	weak		2	true	35	3508.000	3763.000	19	950.000	800.000	1951.000	2394.000	123	24451	0.082	0.294	8.995	35	0	0	0.324	3.165	1	1165	3	121	121	125	3	0	0	0	59	0	1367	T?/M?	live	0	0	0	650	357.714	650.000	548.600	0	0	7	3	1	120	5	0	0		16205	0	0	0	0	0.486	0.527	0.554	1	0.4825	0.5429
3.7	bvh.tyr.Tyr 1.74	weak		3	true	35	3470.000	3466.000	20	1000.000	750.000	1897.000	2202.000	106	24309	0.089	0.297	9.614	33	0	0	0.314	3.236	1	1172	2	119	119	109	2	0	0	0	53	0	1264	T?/M?	live	0	0	0	650	336.733	400.000	539.364	0	0	9	3	2	111	2	0	0		15074	0	0	2	1	0.420	0.499	0.543	1	0.5003	0.5714
3.7	bvh.tyr.Tyr 1.74	weak		4	true	35	3493.000	4004.000	18	900.000	850.000	2017.000	2570.000	131	24426	0.092	0.309	9.508	35	0	0	0.323	3.224	28	1185	2	122	121	120	4	0	0	0	57	0	1353	T?/M?	live	0	0	0	650	400.220	400.000	547.886	1	0	11	3	3	120	3	0	0		16220	0	0	0	0	0.486	0.533	0.565	1	0.4659	0.5143
3.7	bvh.tyr.Tyr 1.74	weak		5	true	35	3826.000	3482.000	22	1100.000	650.000	2046.000	2317.000	113	24447	0.094	0.298	9.467	34	0	0	0.337	3.489	1	1170	4	126	126	106	0	0	0	0	61	0	1346	T?/M?	live	0	0	0	650	362.315	400.000	554.824	8	0	12	3	3	119	3	0	0		15927	0	0	1	1	0.420	0.496	0.543	1	0.5235	0.6286
3.7	bvh.tyr.Tyr 1.74	weak		6	true	35	3419.000	3894.000	17	850.000	900.000	1971.000	2346.000	117	23461	0.094	0.313	9.496	34	0	0	0.335	2.869	0	1102	5	131	130	127	0	0	0	0	55	0	1254	T?/M?	live	0	0	0	650	439.941	400.000	521.471	6	0	15	3	2	128	7	0	0		14741	0	0	1	1	0.486	0.533	0.565	1	0.4675	0.4857
3.7	bvh.tyr.Tyr 1.74	weak		7	true	35	3084.000	4115.000	16	800.000	950.000	1818.000	2564.000	127	24302	0.082	0.285	8.728	35	0	0	0.308	3.464	1	1171	4	94	94	110	3	0	0	0	52	0	1348	T?/M?	live	0	0	0	650	390.206	650.000	544.343	0	0	2	3	1	94	1	0	0		16593	0	0	0	0	0.420	0.496	0.543	1	0.4284	0.4571
3.7	bvh.tyr.Tyr 1.74	weak		8	true	35	3240.000	4009.000	17	850.000	900.000	1907.000	2536.000	122	24358	0.078	0.284	9.025	35	0	0	0.313	3.685	0	1153	2	104	104	197	1	0	0	0	47	0	1358	T?/M?	live	0	0	0	650	363.549	550.000	545.943	0	0	17	3	2	103	4	0	0		16394	0	0	0	0	0.509	0.537	0.565	1	0.4470	0.4857
3.7	com.syncleus.robocode.Dreadnaught 0.1	weak		1	true	35	3838.000	5536.000	12	600.000	1150.000	2708.000	3598.000	127	17299	0.094	0.345	9.454	35	0	0	0.657	3.244	15	577	3	114	114	131	3	0	0	0	16	0	770	T?/M?	live	0	0	0	650	300.549	400.000	344.257	15	0	82	3	1	113	4	0	0		9396	0	0	0	0	0.511	0.536	0.553	1	0.4094	0.3429
3.7	com.syncleus.robocode.Dreadnaught 0.1	weak		2	true	35	3737.000	5920.000	10	500.000	1250.000	2753.000	3828.000	126	18478	0.082	0.316	9.299	35	0	0	0.648	3.109	7	633	6	103	103	164	6	0	0	0	23	0	837	T?/M?	live	0	0	0	650	317.749	400.000	377.943	0	0	88	3	2	103	5	0	0		10656	0	0	0	0	0.504	0.538	0.571	1	0.3870	0.2857
3.7	com.syncleus.robocode.Dreadnaught 0.1	weak		3	true	35	3810.000	5374.000	12	600.000	1150.000	2500.000	3456.000	116	16782	0.097	0.344	9.426	34	0	0	0.661	2.788	8	544	9	104	104	110	1	0	0	0	14	0	693	T?/M?	live	0	0	0	650	302.344	500.000	322.529	0	0	74	3	3	99	5	0	0		8452	0	0	1	1	0.531	0.542	0.553	1	0.4149	0.3429
3.7	com.syncleus.robocode.Dreadnaught 0.1	weak		4	true	35	3768.000	5509.000	11	550.000	1200.000	2673.000	3502.000	115	17547	0.093	0.335	9.269	34	0	0	0.647	2.723	8	576	5	104	103	111	3	0	0	0	9	0	747	T?/M?	live	0	0	0	650	294.509	400.000	350.118	0	0	88	3	3	103	2	0	0		9310	0	0	1	1	0.504	0.541	0.571	1	0.4062	0.3143
3.7	com.syncleus.robocode.Dreadnaught 0.1	weak		5	true	35	3767.000	5323.000	12	600.000	1150.000	2640.000	3404.000	124	17245	0.081	0.311	9.013	35	0	0	0.652	2.262	4	552	6	103	101	163	4	0	0	0	7	0	749	T?/M?	live	0	0	0	650	295.546	400.000	342.714	15	0	90	3	1	101	0	0	0		9421	0	0	0	0	0.504	0.535	0.553	1	0.4144	0.3429
3.7	com.syncleus.robocode.Dreadnaught 0.1	weak		6	true	35	4521.000	4884.000	16	800.000	950.000	2816.000	3295.000	124	16642	0.092	0.337	9.558	35	0	0	0.665	2.829	7	540	4	117	117	116	5	0	0	0	20	13	728	T?/M?	live	0	0	0	650	302.069	400.000	325.486	9	0	93	3	1	115	5	0	0		8607	0	0	0	0	0.536	0.549	0.571	1	0.4807	0.4571
3.7	com.syncleus.robocode.Dreadnaught 0.1	weak		7	true	35	3993.000	5691.000	11	550.000	1200.000	2824.000	3677.000	128	17699	0.086	0.319	9.294	35	0	0	0.661	3.089	6	569	5	104	104	109	5	0	0	0	10	0	788	T?/M?	live	0	0	0	650	282.257	400.000	355.686	27	0	77	3	3	103	2	0	0		9875	0	0	0	0	0.504	0.532	0.553	1	0.4123	0.3143
3.7	com.syncleus.robocode.Dreadnaught 0.1	weak		8	true	35	3880.000	5400.000	11	550.000	1200.000	2814.000	3385.000	111	15997	0.089	0.365	8.856	34	0	0	0.688	1.942	10	522	6	155	155	111	6	0	0	0	13	0	638	T?/M?	live	0	0	0	650	286.953	400.000	303.824	15	0	138	3	2	152	7	0	0		7048	0	0	1	1	0.536	0.541	0.550	1	0.4181	0.3143
3.7	davidalves.Firebird 0.25	mid		1	true	35	308.000	4636.000	0	0.000	1750.000	308.000	2113.000	105	24407	0.217	0.586	15.056	34	0	0	0.031	1.288	0	1178	3	214	213	121	0	0	0	0	71	0	1328	T?/M?	live	0	0	0	650	431.229	650.000	548.265	0	0	0	3	2	208	15	0	0		14390	0	0	1	1	0.500	0.547	0.583	1	0.0623	0.0000
3.7	davidalves.Firebird 0.25	mid		2	true	35	466.000	4634.000	0	0.000	1750.000	466.000	2112.000	105	24931	0.236	0.623	13.879	34	0	0	0.044	1.073	0	1225	1	275	274	121	6	0	0	0	83	33	1368	T?/M?	live	0	0	0	650	427.176	650.000	560.588	0	0	0	3	3	260	20	0	0		14105	0	0	1	1	0.484	0.534	0.586	0	0.0914	0.0000
3.7	davidalves.Firebird 0.25	mid		3	true	35	429.000	4602.000	0	0.000	1750.000	429.000	2085.000	106	24771	0.234	0.627	13.769	35	0	0	0.034	1.345	0	1220	0	237	236	138	1	0	0	0	79	0	1383	T?/M?	live	0	0	0	650	431.360	650.000	557.743	0	0	60	3	2	237	11	0	0		14819	0	0	0	0	0.484	0.541	0.583	1	0.0853	0.0000
3.7	davidalves.Firebird 0.25	mid		4	true	35	311.000	4763.000	0	0.000	1750.000	311.000	2219.000	105	22667	0.234	0.643	9.830	34	0	0	0.038	1.148	0	1084	5	243	242	115	4	0	0	0	63	93	1207	T?/M?	live	0	0	0	650	465.856	650.000	497.735	0	0	0	3	1	240	12	0	0		12340	0	0	1	1	0.484	0.538	0.586	0	0.0613	0.0000
3.7	davidalves.Firebird 0.25	mid		5	true	35	427.000	4689.000	0	0.000	1750.000	427.000	2158.000	106	24058	0.230	0.615	12.047	35	0	0	0.036	1.435	0	1170	1	196	194	132	4	0	0	0	59	0	1329	T?/M?	live	0	0	0	650	444.451	650.000	537.371	0	0	83	3	3	196	9	0	0		14826	0	0	0	0	0.484	0.541	0.583	1	0.0835	0.0000
3.7	davidalves.Firebird 0.25	mid		6	true	35	349.000	4770.000	0	0.000	1750.000	349.000	2225.000	105	23732	0.231	0.603	12.246	34	0	0	0.036	2.093	0	1148	3	176	175	134	4	0	0	0	62	0	1277	T?/M?	live	0	0	0	650	429.147	650.000	527.265	0	0	6	3	1	171	5	0	0		14362	0	0	1	1	0.501	0.541	0.586	0	0.0682	0.0000
3.7	davidalves.Firebird 0.25	mid		7	true	35	308.000	4725.000	0	0.000	1750.000	308.000	2187.000	107	23262	0.226	0.634	11.689	34	0	0	0.033	1.973	0	1126	2	199	199	116	1	0	0	0	62	0	1239	T?/M?	live	0	0	0	650	398.409	650.000	515.147	0	0	49	3	3	193	11	0	0		13672	0	0	1	1	0.484	0.547	0.583	0	0.0612	0.0000
3.7	davidalves.Firebird 0.25	mid		8	true	35	350.000	4734.000	0	0.000	1750.000	350.000	2195.000	107	23646	0.234	0.634	11.099	34	0	0	0.036	1.202	0	1153	2	213	213	116	6	0	0	0	72	159	1296	T?/M?	live	0	0	0	650	419.041	650.000	529.971	0	0	0	3	1	207	16	0	0		13864	0	0	1	1	0.501	0.541	0.586	0	0.0688	0.0000
3.7	dcs.Eater_of_Worlds_Mini 1.0	weak		1	true	35	3823.000	1882.000	31	1500.000	200.000	1701.000	1566.000	126	27103	0.073	0.261	10.701	35	0	0	0.226	2.046	0	1266	22	115	115	108	2	0	0	0	41	0	1588	T?/M?	live	0	0	0	650	358.214	400.000	624.371	0	0	22	3	2	115	1	0	0		19099	0	0	0	0	0.498	0.534	0.586	0	0.6701	0.8824
3.7	dcs.Eater_of_Worlds_Mini 1.0	weak		2	true	35	3921.000	1962.000	28	1400.000	350.000	1900.000	1427.000	128	24210	0.076	0.286	8.612	35	0	0	0.256	1.305	0	1096	18	143	143	113	7	0	0	0	48	19	1359	T?/M?	live	0	0	0	650	345.209	400.000	541.714	0	0	71	3	1	142	8	0	0		15779	0	0	0	0	0.511	0.530	0.539	1	0.6665	0.8000
3.7	dcs.Eater_of_Worlds_Mini 1.0	weak		3	true	35	4029.000	1667.000	32	1600.000	150.000	1761.000	1439.000	123	25890	0.079	0.279	9.625	35	0	0	0.242	1.593	0	1203	21	121	121	111	3	0	0	0	48	0	1489	T?/M?	live	0	0	0	650	364.766	400.000	589.714	0	0	40	3	1	121	4	0	0		17798	0	0	0	0	0.498	0.535	0.586	1	0.7073	0.9143
3.7	dcs.Eater_of_Worlds_Mini 1.0	weak		4	true	35	4099.000	1841.000	31	1550.000	200.000	1859.000	1509.000	132	26166	0.074	0.272	8.050	35	0	0	0.266	1.339	0	1210	19	135	135	109	5	0	0	0	38	0	1512	T?/M?	live	0	0	0	650	378.854	400.000	597.600	0	0	31	3	2	135	4	0	0		17757	0	0	0	0	0.511	0.536	0.553	1	0.6901	0.8857
3.7	dcs.Eater_of_Worlds_Mini 1.0	weak		5	true	35	3849.000	2395.000	29	1450.000	300.000	1795.000	1925.000	129	29180	0.081	0.263	8.568	35	0	0	0.242	2.621	0	1366	21	105	104	125	0	0	0	0	47	0	1674	T?/M?	live	0	0	0	650	392.660	400.000	683.714	0	0	4	3	1	105	1	0	0		21398	0	0	0	0	0.498	0.539	0.586	1	0.6164	0.8286
3.7	dcs.Eater_of_Worlds_Mini 1.0	weak		6	true	35	4089.000	1594.000	34	1700.000	50.000	1718.000	1514.000	122	28358	0.081	0.276	9.740	35	0	0	0.226	1.506	0	1313	25	122	122	154	1	0	0	0	57	0	1653	T?/M?	live	0	0	0	650	385.611	400.000	660.229	0	0	18	3	3	122	4	0	0		20214	0	0	0	0	0.504	0.535	0.553	1	0.7195	0.9714
3.7	dcs.Eater_of_Worlds_Mini 1.0	weak		7	true	35	3966.000	1623.000	32	1600.000	150.000	1697.000	1382.000	126	26577	0.079	0.273	9.421	35	0	0	0.230	1.556	0	1239	21	133	133	109	4	0	0	0	42	0	1550	T?/M?	live	0	0	0	650	349.226	400.000	609.343	0	0	44	3	1	133	2	0	0		18296	0	0	0	0	0.511	0.542	0.586	1	0.7096	0.9143
3.7	dcs.Eater_of_Worlds_Mini 1.0	weak		8	true	35	4022.000	1938.000	31	1550.000	200.000	1822.000	1628.000	126	26528	0.083	0.289	8.395	35	0	0	0.249	1.938	0	1244	16	122	121	137	1	0	0	0	42	0	1535	T?/M?	live	0	0	0	650	317.583	400.000	607.943	0	17	63	3	1	122	3	0	0		18418	0	0	0	0	0.531	0.542	0.553	1	0.6748	0.8857
3.7	dft.Immortal 1.40	mid		1	true	35	372.000	5115.000	0	0.000	1750.000	371.000	2511.000	105	21049	0.137	0.394	8.596	34	0	0	0.061	1.877	0	1035	1	152	152	120	2	0	0	0	63	113	1050	T?/M?	live	0	0	0	650	475.682	650.000	451.265	0	0	0	3	1	146	10	0	0		12403	0	0	1	1	0.519	0.541	0.560	0	0.0678	0.0000
3.7	dft.Immortal 1.40	mid		2	true	35	369.000	4993.000	0	0.000	1750.000	361.000	2399.000	106	21721	0.132	0.382	8.626	33	0	0	0.063	1.971	0	1085	3	145	145	105	0	0	0	0	54	39	1109	T?/M?	live	0	0	0	650	442.576	650.000	471.667	0	0	4	3	2	130	9	0	0		12820	0	0	2	1	0.529	0.551	0.586	0	0.0688	0.0000
3.7	dft.Immortal 1.40	mid		3	true	35	482.000	4869.000	1	50.000	1700.000	414.000	2367.000	107	22405	0.143	0.414	9.055	33	0	0	0.048	1.833	0	1136	6	182	181	139	3	0	0	0	74	120	1140	T?/M?	live	0	0	0	650	460.412	650.000	491.212	0	0	0	3	2	178	17	0	0		12751	0	0	2	1	0.519	0.541	0.560	0	0.0901	0.0286
3.7	dft.Immortal 1.40	mid		4	true	35	473.000	4770.000	1	50.000	1700.000	402.000	2284.000	117	22323	0.133	0.414	8.758	34	0	0	0.045	1.767	3	1125	5	192	191	144	2	0	0	0	65	0	1184	T?/M?	live	0	0	0	650	474.812	650.000	491.235	0	0	69	3	2	190	9	0	0		13144	0	0	1	1	0.500	0.545	0.586	0	0.0902	0.0286
3.7	dft.Immortal 1.40	mid		5	true	35	832.000	4611.000	3	150.000	1600.000	619.000	2271.000	117	23644	0.126	0.384	8.407	34	0	0	0.055	1.545	3	1164	6	208	207	115	2	0	0	0	68	104	1250	T?/M?	live	0	0	0	650	449.259	575.000	529.471	7	0	81	3	3	204	19	0	0		14175	0	0	1	1	0.519	0.547	0.586	0	0.1529	0.0857
3.7	dft.Immortal 1.40	mid		6	true	35	405.000	5042.000	0	0.000	1750.000	381.000	2435.000	105	21620	0.128	0.378	12.635	34	0	0	0.052	1.844	2	1083	2	154	154	116	1	0	0	0	71	0	1103	T?/M?	live	0	0	0	650	461.018	650.000	469.706	0	0	8	3	1	144	8	0	0		13055	0	0	1	1	0.500	0.546	0.590	0	0.0744	0.0000
3.7	dft.Immortal 1.40	mid		7	true	35	364.000	4890.000	0	0.000	1750.000	353.000	2315.000	105	22768	0.139	0.416	9.292	34	0	0	0.048	1.649	2	1162	4	166	166	128	2	0	0	0	70	0	1207	T?/M?	live	0	0	0	650	471.535	650.000	500.824	0	0	0	3	2	155	8	0	0		13948	0	0	1	1	0.519	0.549	0.586	0	0.0693	0.0000
3.7	dft.Immortal 1.40	mid		8	true	35	519.000	4867.000	1	50.000	1700.000	443.000	2344.000	128	21940	0.137	0.423	8.701	35	0	0	0.058	1.950	5	1104	2	184	184	116	0	0	0	0	60	120	1180	T?/M?	live	0	0	0	650	463.086	650.000	476.857	25	0	6	3	2	184	17	0	0		13111	0	0	0	0	0.489	0.536	0.590	0	0.0964	0.0286
3.7	dk.stable.Gorgatron 1.1	weak		1	true	35	1907.000	4416.000	12	600.000	1150.000	1064.000	2552.000	126	22901	0.167	0.469	15.391	35	0	0	0.189	1.650	0	901	12	137	136	110	6	0	0	0	58	94	1133	T?/M?	live	0	0	0	650	394.726	400.000	504.314	0	0	57	3	1	136	7	0	0		14323	0	0	0	0	0.488	0.528	0.564	1	0.3016	0.3429
3.7	dk.stable.Gorgatron 1.1	weak		2	true	35	2203.000	4339.000	13	650.000	1100.000	1234.000	2466.000	115	21324	0.175	0.489	14.531	34	0	0	0.227	1.539	0	804	15	132	132	107	3	0	0	0	39	0	1001	T?/M?	live	0	0	0	650	346.656	400.000	464.588	0	0	39	3	1	131	5	0	0		12669	0	0	1	1	0.511	0.544	0.570	1	0.3367	0.3714
3.7	dk.stable.Gorgatron 1.1	weak		3	true	35	2394.000	4213.000	14	700.000	1050.000	1319.000	2432.000	113	18813	0.156	0.478	13.950	34	0	0	0.264	1.516	0	729	14	149	148	114	2	0	0	0	42	0	925	T?/M?	live	0	0	0	650	365.300	400.000	390.794	0	0	58	3	1	146	9	0	0		9932	0	0	1	1	0.488	0.511	0.531	1	0.3623	0.4000
3.7	dk.stable.Gorgatron 1.1	weak		4	true	35	2506.000	4280.000	14	700.000	1050.000	1377.000	2468.000	117	20221	0.172	0.473	14.656	34	0	0	0.268	1.602	0	815	11	135	134	105	4	0	0	0	49	0	1007	T?/M?	live	0	0	0	650	360.359	400.000	424.618	0	0	55	3	1	131	8	0	0		11245	0	0	1	1	0.524	0.542	0.570	1	0.3693	0.4000
3.7	dk.stable.Gorgatron 1.1	weak		5	true	35	1985.000	4658.000	10	500.000	1250.000	1162.000	2489.000	117	20809	0.171	0.468	14.993	34	0	0	0.254	1.826	0	800	10	133	133	111	2	0	0	0	39	146	962	T?/M?	live	0	0	0	650	364.271	400.000	443.941	7	22	42	3	1	130	7	0	0		11912	0	0	1	1	0.488	0.527	0.563	1	0.2988	0.2857
3.7	dk.stable.Gorgatron 1.1	weak		6	true	35	1901.000	4069.000	13	650.000	1100.000	1040.000	2365.000	114	21725	0.179	0.487	15.372	34	0	0	0.190	1.534	1	855	12	118	117	106	1	0	0	0	29	0	1047	T?/M?	live	0	0	0	650	390.653	400.000	467.029	7	0	38	3	2	113	4	0	0		12973	0	0	1	1	0.514	0.542	0.564	1	0.3184	0.3714
3.7	dk.stable.Gorgatron 1.1	weak		7	true	35	2314.000	3757.000	15	750.000	1000.000	1192.000	2063.000	115	20238	0.181	0.483	14.447	34	0	0	0.246	1.288	12	803	20	143	142	104	5	0	0	0	53	0	1014	T?/M?	live	0	0	0	650	350.197	400.000	427.206	13	0	42	3	2	142	9	0	0		11269	0	0	1	1	0.511	0.544	0.570	1	0.3812	0.4286
3.7	dk.stable.Gorgatron 1.1	weak		8	true	35	1861.000	4427.000	11	550.000	1200.000	1033.000	2402.000	114	20482	0.178	0.511	16.441	34	0	0	0.197	1.710	1	821	9	125	125	103	3	0	0	0	37	0	1009	T?/M?	live	0	0	0	650	367.797	400.000	441.824	0	0	51	3	1	121	5	0	0		12056	0	0	1	1	0.514	0.542	0.564	1	0.2960	0.3143
3.7	dmh.robocode.robot.PinkPanther 1.1	weak		1	true	35	1929.000	3299.000	17	850.000	900.000	810.000	1970.000	127	25487	0.123	0.373	9.351	35	0	0	0.113	1.499	0	1211	167	143	143	111	0	0	0	0	64	0	1427	T?/M?	live	0	0	0	650	492.557	650.000	578.200	0	0	3	3	2	143	3	0	0		17017	0	0	0	0	0.489	0.542	0.595	0	0.3690	0.4857
3.7	dmh.robocode.robot.PinkPanther 1.1	weak		2	true	35	1933.000	3104.000	18	900.000	850.000	765.000	1852.000	118	26383	0.132	0.386	13.915	34	0	0	0.105	1.166	2	1295	149	159	158	109	0	0	0	0	72	0	1478	T?/M?	live	0	0	0	650	476.429	650.000	604.000	0	0	1	3	1	155	5	0	0		17175	0	0	1	1	0.509	0.530	0.557	0	0.3838	0.5143
3.7	dmh.robocode.robot.PinkPanther 1.1	weak		3	true	35	1703.000	3375.000	16	800.000	950.000	669.000	1961.000	118	24866	0.131	0.399	9.936	34	0	0	0.100	1.268	0	1175	151	147	146	125	0	0	0	0	58	0	1294	T?/M?	live	0	0	0	650	479.824	650.000	564.882	0	0	2	3	1	145	6	0	0		15973	0	0	1	1	0.482	0.530	0.595	0	0.3354	0.4571
3.7	dmh.robocode.robot.PinkPanther 1.1	weak		4	true	35	2063.000	2901.000	19	950.000	800.000	821.000	1712.000	123	24547	0.129	0.387	11.990	35	0	0	0.112	1.015	6	1159	131	167	167	109	0	0	0	0	66	2	1362	T?/M?	live	0	0	0	650	488.406	425.000	551.343	8	0	49	3	1	167	9	0	0		15734	0	0	0	0	0.509	0.532	0.557	0	0.4156	0.5429
3.7	dmh.robocode.robot.PinkPanther 1.1	weak		5	true	35	1423.000	3649.000	13	650.000	1100.000	596.000	2019.000	129	25326	0.127	0.408	12.201	35	0	0	0.089	1.202	2	1190	186	150	150	134	3	0	0	0	63	0	1382	T?/M?	live	0	0	0	650	496.651	650.000	573.600	0	0	2	3	2	150	4	0	0		16730	0	0	0	0	0.482	0.530	0.595	0	0.2806	0.3714
3.7	dmh.robocode.robot.PinkPanther 1.1	weak		6	true	35	1874.000	3200.000	17	850.000	900.000	775.000	1863.000	114	25736	0.125	0.371	7.979	34	0	0	0.111	1.093	3	1255	146	134	134	171	1	0	0	0	67	16	1398	T?/M?	live	0	0	0	650	469.294	650.000	584.676	0	0	16	3	2	126	9	0	0		16919	0	0	1	1	0.481	0.523	0.557	0	0.3693	0.4857
3.7	dmh.robocode.robot.PinkPanther 1.1	weak		7	true	35	1886.000	2992.000	18	900.000	850.000	716.000	1745.000	117	26012	0.120	0.369	13.956	34	0	0	0.099	1.115	3	1260	148	132	132	118	0	0	0	0	75	0	1436	T?/M?	live	0	0	0	650	487.985	650.000	596.471	0	0	0	3	1	129	4	0	0		17399	0	0	1	1	0.482	0.525	0.557	0	0.3866	0.5143
3.7	dmh.robocode.robot.PinkPanther 1.1	weak		8	true	35	2141.000	2624.000	23	1150.000	600.000	662.000	1742.000	118	26599	0.114	0.365	8.680	34	0	0	0.087	1.098	2	1276	100	170	169	112	1	0	0	0	77	0	1460	T?/M?	live	0	0	0	650	502.788	650.000	611.618	0	0	0	3	1	165	4	0	0		17259	0	0	1	1	0.481	0.511	0.536	0	0.4493	0.6571
3.7	dz.Caedo 1.4	weak		1	true	35	2243.000	4423.000	11	550.000	1200.000	1456.000	2599.000	117	25819	0.138	0.384	10.293	34	0	0	0.218	2.378	0	1106	3	144	143	113	1	0	0	0	66	0	1462	T?/M?	live	0	0	0	650	346.935	650.000	590.706	0	0	4	3	1	129	10	0	0		17033	0	0	1	1	0.488	0.546	0.592	0	0.3365	0.3143
3.7	dz.Caedo 1.4	weak		2	true	35	2239.000	4788.000	9	450.000	1300.000	1590.000	2782.000	116	25605	0.144	0.379	10.729	34	0	0	0.231	2.600	0	1099	5	125	124	108	1	0	0	0	55	0	1449	T?/M?	live	0	0	0	650	363.929	650.000	583.529	0	0	0	3	1	118	5	0	0		17083	0	0	1	1	0.512	0.549	0.594	0	0.3186	0.2571
3.7	dz.Caedo 1.4	weak		3	true	35	2334.000	4236.000	12	600.000	1150.000	1478.000	2461.000	112	23981	0.133	0.361	9.944	34	0	0	0.241	2.203	0	1010	0	132	132	110	1	0	0	0	46	0	1326	T?/M?	live	0	0	0	650	361.921	650.000	538.206	0	0	0	3	3	129	3	0	0		15341	0	0	1	1	0.532	0.558	0.592	0	0.3553	0.3429
3.7	dz.Caedo 1.4	weak		4	true	35	2430.000	4228.000	12	600.000	1150.000	1574.000	2460.000	130	25278	0.133	0.382	12.332	35	0	0	0.219	2.061	1	1093	2	150	150	124	3	0	0	0	60	0	1445	T?/M?	live	0	0	0	650	392.420	650.000	572.229	0	0	19	3	5	150	10	0	0		16709	0	0	0	0	0.512	0.554	0.594	0	0.3650	0.3429
3.7	dz.Caedo 1.4	weak		5	true	35	2179.000	4629.000	9	450.000	1300.000	1545.000	2626.000	113	25377	0.128	0.357	10.107	34	0	0	0.233	2.246	0	1070	4	127	127	109	1	0	0	0	59	112	1413	T?/M?	live	0	0	0	650	374.365	650.000	572.147	0	0	0	3	3	124	14	0	0		16540	0	0	1	1	0.528	0.553	0.592	0	0.3201	0.2571
3.7	dz.Caedo 1.4	weak		6	true	35	2340.000	4578.000	10	500.000	1250.000	1625.000	2645.000	115	25186	0.137	0.368	10.026	34	0	0	0.233	2.288	0	1073	5	131	131	104	0	0	0	0	51	0	1414	T?/M?	live	0	0	0	650	352.491	650.000	572.529	0	0	0	3	1	126	5	0	0		16488	0	0	1	1	0.492	0.543	0.594	0	0.3382	0.2857
3.7	dz.Caedo 1.4	weak		7	true	35	2494.000	4198.000	12	600.000	1150.000	1632.000	2435.000	126	25539	0.129	0.364	9.701	35	0	0	0.224	2.352	0	1121	1	166	165	113	0	0	0	0	63	80	1462	T?/M?	live	0	0	0	650	345.451	400.000	579.686	0	0	38	3	1	166	14	0	0		16579	0	0	0	0	0.512	0.548	0.592	0	0.3727	0.3429
3.7	dz.Caedo 1.4	weak		8	true	35	2741.000	3656.000	16	800.000	950.000	1602.000	2209.000	127	25343	0.133	0.366	10.434	35	0	0	0.217	1.818	0	1083	6	168	167	122	2	0	0	0	78	0	1455	T?/M?	live	0	0	0	650	315.894	400.000	574.086	0	0	46	3	1	168	11	0	0		16322	0	0	0	0	0.492	0.550	0.594	0	0.4285	0.4571
3.7	element.Earth 1.1	weak		1	true	35	1494.000	4305.000	7	350.000	1400.000	933.000	2176.000	115	23648	0.094	0.318	12.971	34	0	0	0.100	1.726	2	1217	13	186	185	119	7	0	0	0	67	67	1279	T?/M?	live	0	0	0	650	370.818	400.000	530.294	4	0	32	3	2	179	17	0	0		14605	0	0	1	1	0.524	0.539	0.570	1	0.2576	0.2000
3.7	element.Earth 1.1	weak		2	true	35	658.000	5066.000	0	0.000	1750.000	578.000	2422.000	106	22594	0.098	0.304	14.467	34	0	0	0.082	2.061	1	1148	4	115	115	104	1	0	0	0	64	40	1202	T?/M?	live	0	0	0	650	380.894	400.000	496.294	0	0	4	3	1	112	9	0	0		14421	0	0	1	1	0.514	0.545	0.564	1	0.1150	0.0000
3.7	element.Earth 1.1	weak		3	true	35	974.000	4601.000	2	100.000	1650.000	748.000	2140.000	115	25081	0.097	0.307	3.776	34	0	0	0.099	1.583	1	1334	7	174	174	103	4	0	0	0	63	118	1368	T?/M?	live	0	0	0	650	370.794	400.000	563.941	25	0	33	3	1	172	12	0	0		15910	0	0	1	1	0.524	0.540	0.570	1	0.1747	0.0571
3.7	element.Earth 1.1	weak		4	true	35	1393.000	4667.000	5	250.000	1500.000	976.000	2356.000	106	22480	0.091	0.300	13.226	33	0	0	0.149	1.889	2	1140	8	145	145	110	2	0	0	0	61	14	1161	T?/M?	live	0	0	0	650	368.145	400.000	502.788	6	0	1	3	1	140	13	0	0		13697	0	0	2	1	0.500	0.537	0.564	1	0.2299	0.1429
3.7	element.Earth 1.1	weak		5	true	35	1811.000	4393.000	8	400.000	1350.000	1164.000	2303.000	124	23630	0.095	0.319	12.778	35	0	0	0.134	1.503	0	1213	9	175	175	110	4	0	0	0	71	104	1316	T?/M?	live	0	0	0	650	368.680	400.000	525.143	0	0	16	3	2	175	20	0	0		15036	0	0	0	0	0.524	0.545	0.564	1	0.2919	0.2286
3.7	element.Earth 1.1	weak		6	true	35	1058.000	4992.000	2	100.000	1650.000	854.000	2473.000	113	23412	0.098	0.299	12.504	34	0	0	0.109	2.347	0	1200	2	127	127	112	4	0	0	0	72	97	1274	T?/M?	live	0	0	0	650	368.991	400.000	522.265	0	0	0	3	1	122	10	0	0		15130	0	0	1	1	0.500	0.541	0.583	1	0.1749	0.0571
3.7	element.Earth 1.1	weak		7	true	35	1022.000	4796.000	3	150.000	1600.000	723.000	2384.000	114	23718	0.105	0.319	14.227	34	0	0	0.114	2.079	0	1226	8	127	127	109	2	0	0	0	74	110	1277	T?/M?	live	0	0	0	650	404.759	400.000	533.000	0	0	0	3	1	126	21	0	0		15480	0	0	1	1	0.540	0.553	0.564	1	0.1757	0.0857
3.7	element.Earth 1.1	weak		8	true	35	1059.000	4198.000	5	250.000	1500.000	686.000	1993.000	111	25550	0.109	0.340	14.655	34	0	0	0.073	1.607	1	1366	6	173	173	108	2	0	0	0	83	148	1426	T?/M?	live	0	0	0	650	330.862	400.000	586.294	0	0	40	3	1	170	21	0	0		16603	0	0	1	1	0.500	0.551	0.583	1	0.2014	0.1429
3.7	ethdsy.Malacka 2.4	weak		1	true	35	1852.000	5557.000	4	200.000	1550.000	1434.000	3030.000	125	18743	0.089	0.314	8.676	35	0	0	0.313	2.175	3	780	3	129	127	110	3	0	0	0	48	123	909	T?/M?	live	0	0	0	650	317.943	400.000	385.514	0	0	1	3	2	129	9	0	0		10452	0	0	0	0	0.529	0.556	0.586	0	0.2500	0.1143
3.7	ethdsy.Malacka 2.4	weak		2	true	35	2423.000	4921.000	9	450.000	1300.000	1622.000	2813.000	113	17815	0.093	0.340	10.766	34	0	0	0.324	1.838	6	727	0	158	156	116	6	0	0	0	39	0	805	T?/M?	live	0	0	0	650	307.162	400.000	361.176	18	0	35	3	1	151	10	0	0		9038	0	0	1	1	0.500	0.550	0.590	0	0.3299	0.2571
3.7	ethdsy.Malacka 2.4	weak		3	true	35	2084.000	5320.000	7	350.000	1400.000	1443.000	3012.000	131	18448	0.091	0.335	9.212	35	0	0	0.314	2.391	9	774	2	130	130	110	0	0	0	0	51	43	893	T?/M?	live	0	0	0	650	328.546	400.000	377.086	0	0	4	3	1	129	11	0	0		10194	0	0	0	0	0.500	0.550	0.590	0	0.2815	0.2000
3.7	ethdsy.Malacka 2.4	weak		4	true	35	1972.000	5700.000	4	200.000	1550.000	1506.000	3140.000	124	17599	0.097	0.334	10.105	35	0	0	0.346	2.403	6	720	0	121	121	119	4	0	0	0	36	0	808	T?/M?	live	0	0	0	650	310.440	400.000	352.829	0	0	0	3	2	119	4	0	0		9540	0	0	0	0	0.489	0.544	0.595	0	0.2570	0.1143
3.7	ethdsy.Malacka 2.4	weak		5	true	35	2156.000	5326.000	6	300.000	1450.000	1502.000	2950.000	105	17618	0.095	0.342	10.287	33	0	0	0.338	2.423	4	721	4	130	130	105	3	0	0	0	37	0	772	T?/M?	live	0	0	0	650	364.848	400.000	350.152	18	0	8	3	2	126	5	0	0		8686	0	0	2	1	0.500	0.550	0.590	0	0.2882	0.1714
3.7	ethdsy.Malacka 2.4	weak		6	true	35	2517.000	4520.000	11	550.000	1200.000	1525.000	2545.000	123	19281	0.096	0.340	9.120	35	0	0	0.301	1.991	3	855	2	138	138	134	5	0	0	0	10	0	931	T?/M?	live	0	0	0	650	344.383	400.000	400.886	0	0	44	3	1	138	1	0	0		11060	0	0	0	0	0.489	0.544	0.595	0	0.3577	0.3143
3.7	ethdsy.Malacka 2.4	weak		7	true	35	1902.000	5600.000	4	200.000	1550.000	1440.000	3030.000	114	18472	0.085	0.307	9.023	34	0	0	0.305	2.013	2	755	1	129	128	117	3	0	0	0	48	0	871	T?/M?	live	0	0	0	650	366.226	400.000	380.324	0	0	1	3	1	125	6	0	0		9861	0	0	1	1	0.537	0.567	0.590	0	0.2535	0.1143
3.7	ethdsy.Malacka 2.4	weak		8	true	35	1645.000	5976.000	1	50.000	1700.000	1380.000	3188.000	107	18573	0.094	0.340	9.625	33	0	0	0.307	2.049	6	785	1	135	134	120	2	0	0	0	34	0	848	T?/M?	live	0	0	0	650	369.167	400.000	382.394	0	0	4	3	1	128	4	0	0		9815	0	0	2	1	0.489	0.544	0.595	0	0.2159	0.0286
3.7	jcs.AutoBot 4.2.1	weak		1	true	35	3195.000	6467.000	6	300.000	1450.000	2327.000	3334.000	112	12312	0.118	0.443	7.920	34	0	0	0.762	2.185	5	397	1	128	128	99	5	0	0	0	10	0	412	T?/M?	live	0	0	0	650	283.418	400.000	201.971	29	0	122	3	2	124	6	0	0		3953	0	0	1	1	0.489	0.545	0.573	0	0.3307	0.1714
3.7	jcs.AutoBot 4.2.1	weak		2	true	35	1625.000	4390.000	9	450.000	1300.000	1007.000	2433.000	111	23814	0.156	0.642	9.007	35	0	0	0.152	1.962	1	1169	21	188	187	113	0	0	0	0	70	0	1356	T?/M?	live	0	0	0	650	384.463	650.000	530.400	0	0	2	3	2	188	9	0	0		14723	0	0	0	0	0.486	0.526	0.548	1	0.2702	0.2571
3.7	jcs.AutoBot 4.2.1	weak		3	true	35	1237.000	4757.000	4	200.000	1550.000	962.000	2431.000	117	22951	0.137	0.566	7.948	35	0	0	0.131	1.385	0	1105	1	233	232	111	0	0	0	0	60	0	1262	T?/M?	live	0	0	0	650	400.766	650.000	505.743	3	0	59	3	1	233	17	0	0		13230	0	0	0	0	0.489	0.545	0.573	0	0.2064	0.1143
3.7	jcs.AutoBot 4.2.1	weak		4	true	35	1420.000	4507.000	6	300.000	1450.000	1004.000	2331.000	127	22419	0.154	0.638	9.413	35	0	0	0.134	1.168	1	1076	10	214	214	143	3	0	0	0	58	44	1222	T?/M?	live	0	0	0	650	372.509	400.000	490.543	2	0	95	3	2	214	13	0	0		12904	0	0	0	0	0.509	0.529	0.548	1	0.2396	0.1714
3.7	jcs.AutoBot 4.2.1	weak		5	true	35	1170.000	5480.000	1	50.000	1700.000	1082.000	2867.000	116	18955	0.151	0.548	9.088	34	0	0	0.162	1.381	0	833	2	230	229	123	4	0	0	0	54	161	908	T?/M?	live	0	0	0	650	393.979	650.000	391.088	0	0	129	3	3	226	21	0	0		8932	0	0	1	1	0.489	0.531	0.565	1	0.1759	0.0286
3.7	jcs.AutoBot 4.2.1	weak		6	true	35	661.000	4470.000	2	100.000	1650.000	527.000	2081.000	117	24835	0.157	0.634	8.421	34	0	0	0.043	1.142	3	1229	6	230	230	107	1	0	0	0	83	0	1339	T?/M?	live	0	0	0	650	453.015	600.000	560.765	0	0	54	3	1	222	14	0	0		14711	0	0	1	1	0.509	0.529	0.548	1	0.1288	0.0571
3.7	jcs.AutoBot 4.2.1	weak		7	true	35	2272.000	4302.000	9	450.000	1300.000	1593.000	2317.000	123	20078	0.144	0.573	9.194	35	0	0	0.212	1.177	0	922	4	274	274	105	8	0	0	0	53	0	1024	T?/M?	live	0	0	0	650	371.771	400.000	423.657	46	0	201	3	3	274	10	0	0		9718	0	0	0	0	0.489	0.529	0.565	1	0.3456	0.2571
3.7	jcs.AutoBot 4.2.1	weak		8	true	35	2199.000	4530.000	9	450.000	1300.000	1541.000	2544.000	127	22564	0.135	0.577	9.588	35	0	0	0.212	1.531	1	1058	4	230	230	125	8	0	0	0	63	0	1185	T?/M?	live	0	0	0	650	381.426	400.000	494.686	25	0	117	3	2	230	9	0	0		12751	0	0	0	0	0.486	0.526	0.548	1	0.3268	0.2571
3.7	justin.DemonicRage 3.20	mid		1	true	35	490.000	4490.000	0	0.000	1750.000	490.000	1992.000	105	26225	0.179	0.500	13.446	34	0	0	0.036	1.258	0	1364	3	213	213	113	5	0	0	0	73	0	1469	T?/M?	live	0	0	0	650	457.453	400.000	599.441	0	0	85	3	2	208	4	0	0		16315	0	0	1	1	0.462	0.531	0.586	0	0.0984	0.0000
3.7	justin.DemonicRage 3.20	mid		2	true	35	480.000	4447.000	0	0.000	1750.000	480.000	1956.000	105	27129	0.178	0.488	16.358	34	0	0	0.034	1.065	0	1433	7	239	238	126	3	0	0	0	79	0	1538	T?/M?	live	0	0	0	650	485.506	650.000	626.206	0	0	29	3	1	235	10	0	0		16803	0	0	1	1	0.484	0.521	0.557	0	0.0974	0.0000
3.7	justin.DemonicRage 3.20	mid		3	true	35	390.000	4626.000	0	0.000	1750.000	390.000	2105.000	107	24767	0.175	0.503	12.865	34	0	0	0.034	1.413	0	1250	7	199	199	105	3	0	0	0	63	0	1379	T?/M?	live	0	0	0	650	447.724	650.000	563.912	0	0	31	3	1	196	7	0	0		15215	0	0	1	1	0.462	0.531	0.586	0	0.0778	0.0000
3.7	justin.DemonicRage 3.20	mid		4	true	35	377.000	4507.000	0	0.000	1750.000	377.000	2006.000	105	24933	0.181	0.496	13.181	34	0	0	0.032	1.260	0	1263	4	242	242	120	3	0	0	0	75	169	1366	T?/M?	live	0	0	0	650	504.471	650.000	560.706	0	0	82	3	2	228	14	0	0		14784	0	0	1	1	0.484	0.521	0.557	0	0.0772	0.0000
3.7	justin.DemonicRage 3.20	mid		5	true	35	326.000	4562.000	0	0.000	1750.000	326.000	2052.000	106	24766	0.168	0.495	15.272	34	0	0	0.027	1.105	0	1253	3	231	231	114	4	0	0	0	63	0	1360	T?/M?	live	0	0	0	650	489.621	650.000	556.412	0	0	20	3	2	226	15	0	0		14619	0	0	1	1	0.462	0.511	0.557	0	0.0667	0.0000
3.7	justin.DemonicRage 3.20	mid		6	true	35	379.000	4502.000	0	0.000	1750.000	379.000	2002.000	106	25957	0.171	0.475	15.148	34	0	0	0.032	1.380	0	1333	5	186	186	117	0	0	0	0	59	0	1469	T?/M?	live	0	0	0	650	485.991	650.000	598.500	0	0	51	3	2	181	6	0	0		16678	0	0	1	1	0.484	0.531	0.574	0	0.0776	0.0000
3.7	justin.DemonicRage 3.20	mid		7	true	35	448.000	4472.000	0	0.000	1750.000	448.000	1977.000	106	26439	0.180	0.519	17.640	34	0	0	0.035	1.030	0	1378	3	265	265	121	1	0	0	0	73	0	1480	T?/M?	live	0	0	0	650	471.921	525.000	603.882	0	0	6	3	2	248	14	0	0		15845	0	0	1	1	0.462	0.521	0.557	0	0.0911	0.0000
3.7	justin.DemonicRage 3.20	mid		8	true	35	511.000	4283.000	1	50.000	1700.000	438.000	1880.000	113	26178	0.174	0.527	14.547	34	0	0	0.030	0.855	0	1355	3	252	252	126	3	0	0	0	85	0	1455	T?/M?	live	0	0	0	650	493.109	400.000	596.941	0	0	122	3	2	247	10	0	0		15672	0	0	1	1	0.484	0.534	0.574	0	0.1066	0.0286
3.7	jwst.DAD.DarkAndDarker 1.1	weak		1	true	35	1098.000	5399.000	1	50.000	1700.000	883.000	2653.000	115	19106	0.126	0.430	10.294	34	0	0	0.185	3.038	4	874	2	139	139	108	2	0	0	0	43	0	936	T?/M?	live	0	0	0	650	381.638	400.000	392.412	9	0	27	3	2	136	5	0	0		10417	0	0	1	1	0.509	0.550	0.589	1	0.1690	0.0286
3.7	jwst.DAD.DarkAndDarker 1.1	weak		2	true	35	1095.000	5549.000	1	50.000	1700.000	868.000	2763.000	115	18374	0.120	0.389	10.423	34	0	0	0.156	2.721	1	833	1	130	130	109	3	0	0	0	42	5	899	T?/M?	live	0	0	0	650	368.203	400.000	377.676	0	0	18	3	2	125	9	0	0		10062	0	0	1	1	0.502	0.546	0.576	0	0.1648	0.0286
3.7	jwst.DAD.DarkAndDarker 1.1	weak		3	true	35	1564.000	5403.000	3	150.000	1600.000	1263.000	2806.000	112	19474	0.130	0.430	9.620	34	0	0	0.206	2.673	4	907	1	149	148	109	8	0	0	0	46	0	981	T?/M?	live	0	0	0	650	346.882	400.000	409.912	10	0	32	3	2	144	14	0	0		10818	0	0	1	1	0.509	0.550	0.589	1	0.2245	0.0857
3.7	jwst.DAD.DarkAndDarker 1.1	weak		4	true	35	1245.000	5406.000	2	100.000	1650.000	978.000	2769.000	111	19865	0.123	0.404	9.490	34	0	0	0.163	2.995	40	931	4	128	127	104	4	0	0	0	51	0	1002	T?/M?	live	0	0	0	650	374.456	400.000	418.147	1	0	9	3	1	122	5	0	0		11373	0	0	1	1	0.502	0.546	0.576	0	0.1872	0.0571
3.7	jwst.DAD.DarkAndDarker 1.1	weak		5	true	35	1705.000	4867.000	5	250.000	1500.000	1277.000	2497.000	113	18751	0.119	0.397	8.809	34	0	0	0.217	1.827	2	861	4	197	197	111	2	0	0	0	48	0	904	T?/M?	live	0	0	0	650	356.568	400.000	385.912	7	0	63	3	1	191	10	0	0		9345	0	0	1	1	0.536	0.561	0.589	1	0.2594	0.1429
3.7	jwst.DAD.DarkAndDarker 1.1	weak		6	true	35	1250.000	5388.000	2	100.000	1650.000	1042.000	2753.000	112	20326	0.115	0.410	9.105	34	0	0	0.163	2.827	2	969	3	139	139	104	4	0	0	0	48	33	1026	T?/M?	live	0	0	0	650	392.438	400.000	430.059	0	0	27	3	2	137	10	0	0		11593	0	0	1	1	0.489	0.539	0.576	0	0.1883	0.0571
3.7	jwst.DAD.DarkAndDarker 1.1	weak		7	true	35	1479.000	5481.000	2	100.000	1650.000	1145.000	2755.000	116	20618	0.105	0.387	8.964	34	0	0	0.171	2.265	5	975	9	153	153	108	3	0	0	0	46	23	1066	T?/M?	live	0	0	0	650	330.994	400.000	440.824	0	0	33	3	4	142	11	0	0		11943	0	0	1	1	0.502	0.547	0.589	0	0.2125	0.0571
3.7	jwst.DAD.DarkAndDarker 1.1	weak		8	true	35	1322.000	5354.000	2	100.000	1650.000	1017.000	2669.000	106	19118	0.102	0.379	9.662	33	0	0	0.173	2.403	5	884	1	155	155	111	5	0	0	0	39	0	895	T?/M?	live	0	0	0	650	368.285	400.000	389.121	6	0	22	3	3	147	9	0	0		9714	0	0	2	1	0.489	0.537	0.576	0	0.1980	0.0571
3.7	kinsen.nano.Quarrelet 1.0	weak		1	true	35	1789.000	3927.000	14	700.000	1050.000	863.000	2332.000	127	21452	0.116	0.359	8.102	35	0	0	0.156	1.723	16	942	11	119	117	116	5	0	0	0	53	0	1155	T?/M?	live	0	0	0	650	431.054	650.000	462.914	0	0	0	3	1	119	2	0	0		13437	0	0	0	0	0.503	0.537	0.555	0	0.3130	0.4000
3.7	kinsen.nano.Quarrelet 1.0	weak		2	true	35	2071.000	3238.000	18	900.000	850.000	888.000	1968.000	129	22693	0.120	0.386	8.163	35	0	0	0.149	1.210	19	1015	16	152	150	110	1	0	0	0	48	0	1258	T?/M?	live	0	0	0	650	421.837	650.000	498.371	0	0	18	3	2	152	3	0	0		14140	0	0	0	0	0.529	0.547	0.578	0	0.3901	0.5143
3.7	kinsen.nano.Quarrelet 1.0	weak		3	true	35	1635.000	3909.000	12	600.000	1150.000	821.000	2176.000	115	21405	0.117	0.360	93.499	34	0	0	0.144	1.492	17	954	11	135	131	116	3	0	0	0	50	0	1107	T?/M?	live	0	0	0	650	419.132	650.000	458.088	0	0	0	3	2	133	6	0	0		12638	0	0	1	1	0.503	0.535	0.555	0	0.2949	0.3429
3.7	kinsen.nano.Quarrelet 1.0	weak		4	true	35	2914.000	2128.000	28	1400.000	350.000	1054.000	1602.000	124	22157	0.115	0.385	10.683	35	0	0	0.167	0.845	24	976	20	162	159	175	2	0	0	0	46	0	1203	T?/M?	live	0	0	0	650	440.240	400.000	483.057	8	0	18	3	3	161	3	0	0		13431	0	0	0	0	0.529	0.547	0.578	0	0.5779	0.8000
3.7	kinsen.nano.Quarrelet 1.0	weak		5	true	35	2064.000	3325.000	18	900.000	850.000	874.000	2054.000	127	23111	0.117	0.361	11.249	35	0	0	0.148	1.343	15	1026	24	137	134	126	1	0	0	0	51	123	1282	T?/M?	live	0	0	0	650	403.274	400.000	510.314	0	0	1	3	2	137	8	0	0		14800	0	0	0	0	0.529	0.540	0.555	0	0.3830	0.5143
3.7	kinsen.nano.Quarrelet 1.0	weak		6	true	35	2189.000	3086.000	19	950.000	800.000	931.000	1876.000	113	22002	0.112	0.346	21.046	34	0	0	0.167	1.455	16	983	14	119	116	103	2	0	0	0	53	0	1126	T?/M?	live	0	0	0	650	403.688	650.000	474.412	0	0	0	3	1	113	4	0	0		13474	0	0	1	1	0.533	0.551	0.578	0	0.4150	0.5429
3.7	kinsen.nano.Quarrelet 1.0	weak		7	true	35	2252.000	3261.000	19	950.000	800.000	989.000	2058.000	115	22360	0.121	0.384	8.073	34	0	0	0.164	1.208	15	989	15	159	156	115	2	0	0	0	66	0	1186	T?/M?	live	0	0	0	650	409.732	400.000	489.382	0	0	10	3	3	153	6	0	0		13333	0	0	1	1	0.529	0.540	0.555	0	0.4085	0.5429
3.7	kinsen.nano.Quarrelet 1.0	weak		8	true	35	2418.000	3073.000	21	1050.000	700.000	1024.000	2003.000	118	21652	0.116	0.363	9.022	34	0	0	0.172	1.190	22	933	17	134	134	111	1	0	0	0	58	0	1146	T?/M?	live	0	0	0	650	428.679	475.000	466.971	0	0	0	3	0	132	5	0	0		12858	0	0	1	0	0.492	0.539	0.578	0	0.4404	0.6000
3.7	lorneswork.Predator 1.0	weak		1	true	35	3246.000	5488.000	10	500.000	1250.000	2469.000	3426.000	112	20152	0.090	0.330	9.163	34	0	0	0.465	2.491	2	910	2	139	136	112	11	0	0	0	52	15	999	T?/M?	live	0	0	0	650	288.818	400.000	423.971	2	0	66	3	1	136	6	0	0		11591	0	0	1	1	0.462	0.522	0.557	0	0.3717	0.2857
3.7	lorneswork.Predator 1.0	weak		2	true	35	2959.000	5849.000	7	350.000	1400.000	2368.000	3526.000	111	19910	0.082	0.288	8.506	34	0	0	0.475	3.302	5	881	2	136	135	116	5	0	0	0	63	0	986	T?/M?	live	0	0	0	650	317.276	400.000	421.382	26	0	45	3	3	136	6	0	0		11466	0	0	1	1	0.494	0.522	0.541	0	0.3359	0.2000
3.7	lorneswork.Predator 1.0	weak		3	true	35	2774.000	5736.000	7	350.000	1400.000	2164.000	3431.000	112	19055	0.088	0.317	9.081	34	0	0	0.464	3.126	7	841	4	142	142	107	4	0	0	0	35	0	907	T?/M?	live	0	0	0	650	287.271	400.000	395.235	5	0	57	3	2	141	3	0	0		10552	0	0	1	1	0.520	0.542	0.557	0	0.3260	0.2000
3.7	lorneswork.Predator 1.0	weak		4	true	35	3503.000	5410.000	12	600.000	1150.000	2535.000	3476.000	111	20297	0.083	0.280	8.227	34	0	0	0.475	3.396	0	908	2	132	132	115	6	0	0	0	42	0	1010	T?/M?	live	0	0	0	650	283.515	400.000	430.118	0	0	47	3	1	127	5	0	0		11837	0	0	1	1	0.494	0.522	0.541	0	0.3930	0.3429
3.7	lorneswork.Predator 1.0	weak		5	true	35	2611.000	6127.000	5	250.000	1500.000	2107.000	3644.000	114	19871	0.086	0.297	8.394	34	0	0	0.446	4.406	3	870	1	92	92	107	2	0	0	0	56	0	983	T?/M?	live	0	0	0	650	341.235	625.000	417.412	0	0	27	3	1	88	3	0	0		12070	0	0	1	1	0.484	0.537	0.574	0	0.2988	0.1429
3.7	lorneswork.Predator 1.0	weak		6	true	35	2920.000	5961.000	6	300.000	1450.000	2384.000	3540.000	114	19099	0.084	0.310	8.751	34	0	0	0.489	3.070	2	834	1	123	122	107	2	0	0	0	38	0	932	T?/M?	live	0	0	0	650	297.826	400.000	396.882	0	0	61	3	1	121	4	0	0		10894	0	0	1	1	0.518	0.542	0.565	0	0.3288	0.1714
3.7	lorneswork.Predator 1.0	weak		7	true	35	3966.000	4631.000	16	800.000	950.000	2647.000	3034.000	113	19335	0.094	0.325	10.688	34	0	0	0.487	2.420	4	839	2	164	164	100	4	0	0	0	47	0	926	T?/M?	live	0	0	0	650	296.332	400.000	399.353	11	0	62	3	2	152	2	0	0		10326	0	0	1	1	0.484	0.537	0.574	0	0.4613	0.4571
3.7	lorneswork.Predator 1.0	weak		8	true	35	3264.000	5600.000	10	500.000	1250.000	2439.000	3533.000	111	19928	0.083	0.303	8.576	34	0	0	0.466	2.728	1	874	5	139	139	119	2	0	0	0	52	0	966	T?/M?	live	0	0	0	650	269.338	400.000	419.206	0	0	53	3	1	135	4	0	0		11371	0	0	1	1	0.518	0.542	0.565	0	0.3682	0.2857
3.7	marcinek.TopGun 1.3	weak		1	true	35	3325.000	2791.000	24	1200.000	550.000	1503.000	1756.000	125	21453	0.095	0.316	9.462	35	0	0	0.298	2.202	23	1005	7	98	97	109	1	0	0	0	44	0	1162	T?/M?	live	0	0	0	650	375.646	400.000	462.943	0	0	2	3	1	98	3	0	0		13835	0	0	0	0	0.399	0.499	0.563	0	0.5437	0.6857
3.7	marcinek.TopGun 1.3	weak		2	true	35	3603.000	2269.000	28	1400.000	350.000	1554.000	1627.000	127	22340	0.085	0.300	7.921	35	0	0	0.291	1.589	31	1068	15	142	139	115	5	0	0	0	56	0	1211	T?/M?	live	0	0	0	650	355.771	400.000	488.286	0	0	4	3	2	142	4	0	0		14068	0	0	0	0	0.490	0.521	0.554	0	0.6136	0.8000
3.7	marcinek.TopGun 1.3	weak		3	true	35	3576.000	2057.000	29	1450.000	300.000	1548.000	1543.000	136	22130	0.098	0.328	10.045	35	0	0	0.292	1.597	24	1038	12	120	117	116	3	0	0	0	59	86	1217	T?/M?	live	0	0	0	650	383.149	400.000	482.286	0	0	0	3	2	120	4	0	0		14171	0	0	0	0	0.399	0.499	0.563	0	0.6348	0.8286
3.7	marcinek.TopGun 1.3	weak		4	true	35	3539.000	2426.000	28	1400.000	350.000	1554.000	1810.000	127	24164	0.084	0.304	8.207	35	0	0	0.264	1.944	21	1172	11	131	129	109	0	0	0	0	60	0	1329	T?/M?	live	0	0	0	650	405.277	400.000	540.400	0	0	3	3	2	131	5	0	0		16034	0	0	0	0	0.490	0.521	0.554	0	0.5933	0.8000
3.7	marcinek.TopGun 1.3	weak		5	true	35	3705.000	2621.000	28	1400.000	350.000	1595.000	1935.000	118	22561	0.094	0.329	9.606	34	0	0	0.313	2.361	25	1076	14	93	91	137	2	0	0	0	56	77	1218	T?/M?	live	0	0	0	650	360.488	400.000	495.941	0	0	0	3	2	88	4	0	0		14619	0	0	1	1	0.399	0.499	0.563	0	0.5857	0.8000
3.7	marcinek.TopGun 1.3	weak		6	true	35	3464.000	2574.000	27	1350.000	400.000	1536.000	1916.000	115	23738	0.079	0.302	7.734	34	0	0	0.256	2.045	27	1147	17	130	125	106	0	0	0	0	61	0	1301	T?/M?	live	0	0	0	650	418.491	650.000	533.029	0	0	1	3	1	125	4	0	0		15397	0	0	1	1	0.490	0.521	0.554	0	0.5737	0.7714
3.7	marcinek.TopGun 1.3	weak		7	true	35	3360.000	2739.000	26	1300.000	450.000	1486.000	1956.000	126	23703	0.093	0.319	9.188	35	0	0	0.271	2.490	47	1159	11	107	105	109	5	0	0	0	59	0	1333	T?/M?	live	0	0	0	650	413.029	650.000	527.229	1	0	6	3	3	105	3	0	0		15906	0	0	0	0	0.399	0.499	0.563	0	0.5509	0.7429
3.7	marcinek.TopGun 1.3	weak		8	true	35	3179.000	2984.000	24	1200.000	550.000	1463.000	2070.000	113	23300	0.081	0.302	8.427	34	0	0	0.265	2.776	17	1136	13	111	111	104	2	0	0	0	59	20	1250	T?/M?	live	0	0	0	650	385.706	650.000	514.059	0	0	38	3	3	104	4	0	0		15037	0	0	1	1	0.490	0.521	0.554	0	0.5158	0.6857
3.7	maribo.IotaCT 1.0	weak		1	true	35	3899.000	1869.000	30	1500.000	250.000	1770.000	1470.000	113	25461	0.079	0.298	8.026	34	0	0	0.225	1.683	1	1389	5	132	132	103	8	0	0	0	61	0	1416	T?/M?	live	0	0	0	650	374.188	400.000	585.441	6	0	12	3	1	130	4	0	0		16961	0	0	1	1	0.518	0.545	0.574	0	0.6760	0.8571
3.7	maribo.IotaCT 1.0	weak		2	true	35	3704.000	2018.000	30	1500.000	250.000	1612.000	1631.000	127	25922	0.082	0.295	8.937	35	0	0	0.224	2.271	0	1410	3	95	95	105	2	0	0	0	69	0	1494	T?/M?	live	0	0	0	650	357.349	400.000	590.629	0	0	12	3	1	95	4	0	0		18269	0	0	0	0	0.540	0.558	0.573	0	0.6473	0.8571
3.7	maribo.IotaCT 1.0	weak		3	true	35	3490.000	2052.000	28	1400.000	350.000	1529.000	1491.000	130	24353	0.078	0.279	7.842	35	0	0	0.235	1.783	0	1289	5	110	110	114	1	0	0	0	61	0	1380	T?/M?	live	0	0	0	650	362.546	400.000	545.800	0	0	4	3	2	110	4	0	0		16450	0	0	0	0	0.518	0.546	0.574	0	0.6297	0.8000
3.7	maribo.IotaCT 1.0	weak		4	true	35	3446.000	2064.000	27	1350.000	400.000	1569.000	1442.000	133	24837	0.083	0.290	8.631	35	0	0	0.214	1.629	0	1327	2	98	98	107	4	0	0	0	62	0	1416	T?/M?	live	0	0	0	650	364.543	400.000	559.629	0	0	16	3	2	98	2	0	0		17157	0	0	0	0	0.540	0.558	0.573	0	0.6254	0.7714
3.7	maribo.IotaCT 1.0	weak		5	true	35	3201.000	2789.000	24	1150.000	550.000	1574.000	1934.000	125	26428	0.076	0.257	8.725	35	0	0	0.219	1.936	1	1441	7	110	110	110	1	0	0	0	71	0	1472	T?/M?	live	0	0	0	650	331.323	400.000	605.086	28	0	7	3	2	109	1	0	0		18563	0	0	0	0	0.518	0.542	0.565	0	0.5344	0.6765
3.7	maribo.IotaCT 1.0	weak		6	true	35	3702.000	2064.000	29	1450.000	300.000	1651.000	1596.000	128	25805	0.083	0.298	8.358	35	0	0	0.230	1.871	1	1407	2	126	126	103	3	0	0	0	63	46	1465	T?/M?	live	0	0	0	650	380.643	400.000	587.286	0	0	0	3	3	125	7	0	0		17726	0	0	0	0	0.489	0.536	0.565	0	0.6420	0.8286
3.7	maribo.IotaCT 1.0	weak		7	true	35	3625.000	2012.000	29	1450.000	300.000	1597.000	1538.000	129	25110	0.084	0.288	8.440	35	0	0	0.216	1.731	0	1347	8	112	112	117	2	0	0	0	74	0	1439	T?/M?	live	0	0	0	650	353.669	400.000	567.429	0	0	6	3	2	112	5	0	0		17165	0	0	0	0	0.540	0.558	0.573	0	0.6431	0.8286
3.7	maribo.IotaCT 1.0	weak		8	true	35	3684.000	2305.000	26	1300.000	450.000	1822.000	1600.000	126	24607	0.081	0.304	8.593	35	0	0	0.248	1.525	1	1284	10	174	174	104	2	0	0	0	62	0	1322	T?/M?	live	0	0	0	650	330.137	400.000	553.057	68	0	62	3	1	174	2	0	0		15767	0	0	0	0	0.509	0.541	0.565	1	0.6151	0.7429
3.7	nat.Samekh 0.4	mid		1	true	35	355.000	4564.000	0	0.000	1750.000	355.000	2053.000	105	26000	0.125	0.467	23.360	34	0	0	0.032	1.943	1	1251	2	144	144	109	0	0	0	0	61	0	1461	T?/M?	live	0	0	0	650	381.265	650.000	597.647	0	0	17	3	3	132	9	0	0		17369	0	0	1	1	0.462	0.540	0.584	0	0.0722	0.0000
3.7	nat.Samekh 0.4	mid		2	true	35	444.000	4782.000	0	0.000	1750.000	444.000	2235.000	106	24207	0.126	0.477	20.771	34	0	0	0.043	1.734	0	1147	0	151	151	164	2	0	0	0	40	0	1319	T?/M?	live	0	0	0	650	373.347	650.000	543.882	0	0	19	3	1	147	7	0	0		15238	0	0	1	1	0.474	0.544	0.585	0	0.0850	0.0000
3.7	nat.Samekh 0.4	mid		3	true	35	413.000	4472.000	1	50.000	1700.000	349.000	2030.000	111	25758	0.118	0.481	21.287	34	0	0	0.031	1.644	1	1227	1	155	154	133	2	0	0	0	62	0	1428	T?/M?	live	0	0	0	650	401.488	650.000	585.529	0	0	26	3	1	146	8	0	0		16642	0	0	1	1	0.462	0.540	0.584	0	0.0845	0.0286
3.7	nat.Samekh 0.4	mid		4	true	35	382.000	4606.000	0	0.000	1750.000	382.000	2088.000	106	25453	0.113	0.448	20.635	34	0	0	0.036	2.091	0	1211	16	159	159	108	4	0	0	0	62	65	1406	T?/M?	live	0	0	0	650	396.194	650.000	582.382	0	0	36	3	1	155	10	0	0		16477	0	0	1	1	0.474	0.549	0.585	0	0.0766	0.0000
3.7	nat.Samekh 0.4	mid		5	true	35	395.000	4728.000	0	0.000	1750.000	395.000	2190.000	106	24959	0.124	0.460	21.753	34	0	0	0.040	1.896	0	1188	1	133	133	105	2	0	0	0	63	133	1385	T?/M?	live	0	0	0	650	388.294	650.000	567.735	0	0	0	3	2	129	12	0	0		16398	0	0	1	1	0.462	0.542	0.585	0	0.0771	0.0000
3.7	nat.Samekh 0.4	mid		6	true	35	284.000	4433.000	0	0.000	1750.000	284.000	1944.000	105	26962	0.126	0.495	133.675	34	0	0	0.025	1.754	0	1304	0	160	160	105	0	0	0	0	62	102	1530	T?/M?	live	0	0	0	650	421.962	650.000	624.765	0	0	2	3	2	158	9	0	0		17868	0	0	1	1	0.474	0.535	0.581	0	0.0602	0.0000
3.7	nat.Samekh 0.4	mid		7	true	35	305.000	4387.000	0	0.000	1750.000	305.000	1906.000	108	27878	0.121	0.472	22.095	34	0	0	0.024	1.643	0	1383	2	156	156	135	1	0	0	0	61	0	1544	T?/M?	live	0	0	0	650	406.415	650.000	640.059	0	0	18	3	1	145	7	0	0		18609	0	0	1	1	0.462	0.533	0.585	0	0.0650	0.0000
3.7	nat.Samekh 0.4	mid		8	true	35	363.000	4482.000	0	0.000	1750.000	362.000	1984.000	105	25743	0.126	0.479	62.556	34	0	0	0.034	1.776	0	1245	1	168	168	118	1	0	0	0	58	0	1410	T?/M?	live	0	0	0	650	392.321	650.000	584.882	0	0	84	3	2	163	8	0	0		16365	0	0	1	1	0.474	0.535	0.581	0	0.0749	0.0000
3.7	oog.mini.AlphaDragon 0.1	weak		1	true	35	588.000	4777.000	1	50.000	1700.000	513.000	2281.000	113	24777	0.110	0.316	8.147	34	0	0	0.065	2.373	7	1351	1	126	125	111	0	0	0	0	60	0	1377	T?/M?	live	0	0	0	650	480.071	650.000	560.971	0	0	0	3	2	122	3	0	0		16438	0	0	1	1	0.480	0.547	0.580	0	0.1096	0.0286
3.7	oog.mini.AlphaDragon 0.1	weak		2	true	35	850.000	4440.000	3	150.000	1600.000	646.000	2118.000	117	27375	0.112	0.328	9.255	34	0	0	0.076	2.169	9	1576	6	143	143	110	2	0	0	0	71	0	1497	T?/M?	live	0	0	0	650	476.829	650.000	615.971	0	0	0	3	1	140	4	0	0		18117	0	0	1	1	0.362	0.510	0.581	1	0.1607	0.0857
3.7	oog.mini.AlphaDragon 0.1	weak		3	true	35	670.000	5024.000	0	0.000	1750.000	657.000	2429.000	106	24635	0.109	0.323	8.710	34	0	0	0.103	2.549	6	1349	3	129	128	123	0	0	0	0	67	0	1316	T?/M?	live	0	0	0	650	477.806	650.000	547.529	0	0	0	3	2	119	3	0	0		15987	0	0	1	1	0.480	0.547	0.580	0	0.1177	0.0000
3.7	oog.mini.AlphaDragon 0.1	weak		4	true	35	640.000	4545.000	2	100.000	1650.000	509.000	2147.000	114	26114	0.108	0.314	9.294	34	0	0	0.064	2.282	7	1454	4	124	124	119	3	0	0	0	72	0	1441	T?/M?	live	0	0	0	650	491.938	650.000	590.059	0	0	0	3	2	116	5	0	0		17551	0	0	1	1	0.475	0.540	0.581	1	0.1234	0.0571
3.7	oog.mini.AlphaDragon 0.1	weak		5	true	35	455.000	4812.000	0	0.000	1750.000	450.000	2260.000	106	24372	0.108	0.327	8.352	34	0	0	0.071	1.892	3	1312	5	164	163	101	3	0	0	0	64	0	1330	T?/M?	live	0	0	0	650	470.024	650.000	542.735	0	0	0	3	2	161	8	0	0		15369	0	0	1	1	0.475	0.546	0.580	0	0.0864	0.0000
3.7	oog.mini.AlphaDragon 0.1	weak		6	true	35	741.000	4597.000	2	100.000	1650.000	594.000	2198.000	115	25829	0.100	0.330	10.777	34	0	0	0.075	1.673	7	1430	6	175	175	110	0	0	0	0	69	0	1430	T?/M?	live	0	0	0	650	504.535	650.000	583.559	0	0	0	3	3	166	7	0	0		16636	0	0	1	1	0.362	0.518	0.581	1	0.1388	0.0571
3.7	oog.mini.AlphaDragon 0.1	weak		7	true	35	492.000	4688.000	1	50.000	1700.000	422.000	2215.000	113	25228	0.102	0.312	10.334	34	0	0	0.053	2.310	5	1390	3	142	142	105	1	0	0	0	73	0	1373	T?/M?	live	0	0	0	650	491.321	650.000	565.941	0	0	0	3	3	139	2	0	0		16412	0	0	1	1	0.475	0.544	0.580	0	0.0950	0.0286
3.7	oog.mini.AlphaDragon 0.1	weak		8	true	35	833.000	4638.000	2	100.000	1650.000	680.000	2211.000	116	25178	0.092	0.321	7.883	34	0	0	0.083	1.424	9	1388	6	205	205	109	4	0	0	0	75	112	1380	T?/M?	live	0	0	0	650	475.112	650.000	567.206	0	0	42	3	1	196	12	0	0		15678	0	0	1	1	0.362	0.509	0.581	1	0.1523	0.0571
3.7	pl.Drum 0.1	weak		1	true	35	1121.000	5308.000	2	100.000	1650.000	900.000	2684.000	116	19179	0.114	0.388	9.187	34	0	0	0.184	2.062	16	894	3	158	158	135	4	0	0	0	39	46	942	T?/M?	live	0	0	0	650	421.209	650.000	395.441	8	0	35	3	2	153	7	0	0		10365	0	0	1	1	0.404	0.524	0.606	0	0.1744	0.0571
3.7	pl.Drum 0.1	weak		2	true	35	1208.000	5396.000	2	100.000	1650.000	998.000	2782.000	111	20120	0.097	0.342	9.032	34	0	0	0.171	1.896	14	954	4	172	171	109	2	0	0	0	52	140	993	T?/M?	live	0	0	0	650	425.491	650.000	425.824	0	0	91	3	2	168	15	0	0		11116	0	0	1	1	0.464	0.515	0.555	0	0.1829	0.0571
3.7	pl.Drum 0.1	weak		3	true	35	1095.000	5137.000	2	100.000	1650.000	912.000	2603.000	118	20835	0.115	0.365	9.011	34	0	0	0.132	2.290	21	1015	4	184	183	326	5	0	0	0	57	0	1043	T?/M?	live	0	0	0	650	380.453	400.000	446.088	0	0	90	3	4	182	9	0	0		11440	0	0	1	1	0.511	0.554	0.606	0	0.1757	0.0571
3.7	pl.Drum 0.1	weak		4	true	35	1165.000	5265.000	2	100.000	1650.000	892.000	2623.000	111	19317	0.094	0.337	9.231	34	0	0	0.170	2.503	23	903	4	150	149	108	3	0	0	0	37	0	959	T?/M?	live	0	0	0	650	409.732	400.000	404.882	9	0	49	3	2	145	6	0	0		10733	0	0	1	1	0.464	0.515	0.555	0	0.1812	0.0571
3.7	pl.Drum 0.1	weak		5	true	35	1377.000	5378.000	3	150.000	1600.000	1056.000	2800.000	116	20287	0.107	0.331	8.317	34	0	0	0.188	2.890	16	970	2	119	119	106	1	0	0	0	35	0	1029	T?/M?	live	0	0	0	650	415.821	400.000	430.912	0	0	15	3	2	113	2	0	0		12126	0	0	1	1	0.464	0.525	0.596	0	0.2038	0.0857
3.7	pl.Drum 0.1	weak		6	true	35	956.000	5506.000	1	50.000	1700.000	850.000	2860.000	106	19566	0.096	0.328	8.377	33	0	0	0.127	2.514	15	922	2	146	145	110	3	0	0	0	39	91	937	T?/M?	live	0	0	0	650	423.021	400.000	408.727	0	0	3	3	2	133	9	0	0		10748	0	0	2	1	0.480	0.522	0.540	0	0.1479	0.0286
3.7	pl.Drum 0.1	weak		7	true	35	1117.000	5415.000	1	50.000	1700.000	935.000	2680.000	113	19842	0.109	0.350	8.602	33	0	0	0.143	2.255	15	943	3	161	157	101	5	0	0	0	55	59	987	T?/M?	live	0	0	0	650	400.615	550.000	427.212	22	0	3	3	3	148	14	0	0		11169	0	0	2	1	0.464	0.527	0.596	0	0.1710	0.0286
3.7	pl.Drum 0.1	weak		8	true	35	1459.000	5283.000	3	150.000	1600.000	1103.000	2697.000	112	19387	0.093	0.320	8.365	34	0	0	0.196	2.517	17	905	5	154	153	108	5	0	0	0	42	0	941	T?/M?	live	0	0	0	650	390.759	400.000	404.971	17	11	12	3	3	150	9	0	0		10667	0	0	1	1	0.480	0.518	0.540	0	0.2164	0.0857
3.7	pl.Patton.GeneralPatton 1.54	weak		1	true	35	1457.000	5258.000	2	100.000	1650.000	1294.000	2716.000	113	22402	0.125	0.485	9.365	34	0	0	0.170	2.339	6	1090	3	184	183	331	4	0	0	0	59	0	1159	T?/M?	live	0	0	0	650	363.379	400.000	488.706	0	19	85	3	2	180	12	0	0		12758	0	0	1	1	0.522	0.559	0.585	0	0.2170	0.0571
3.7	pl.Patton.GeneralPatton 1.54	weak		2	true	35	1121.000	5418.000	1	50.000	1700.000	941.000	2719.000	115	21665	0.116	0.386	9.588	34	0	0	0.167	2.252	2	1064	2	133	133	112	1	0	0	0	63	0	1111	T?/M?	live	0	0	0	650	404.744	650.000	469.882	0	0	17	3	1	130	4	0	0		13164	0	0	1	1	0.474	0.545	0.581	0	0.1714	0.0286
3.7	pl.Patton.GeneralPatton 1.54	weak		3	true	35	1175.000	5043.000	2	100.000	1650.000	944.000	2457.000	113	22184	0.122	0.390	10.109	34	0	0	0.146	2.394	2	1080	3	188	187	115	3	0	0	0	56	52	1151	T?/M?	live	0	0	0	650	353.579	400.000	484.118	25	0	47	3	1	183	13	0	0		12962	0	0	1	1	0.522	0.559	0.585	0	0.1890	0.0571
3.7	pl.Patton.GeneralPatton 1.54	weak		4	true	35	1110.000	5217.000	0	0.000	1750.000	961.000	2420.000	106	24655	0.114	0.385	9.127	34	0	0	0.135	2.066	5	1273	2	173	171	119	4	0	0	0	78	112	1306	T?/M?	live	0	0	0	650	386.629	450.000	555.941	0	0	40	3	2	168	11	0	0		15685	0	0	1	1	0.474	0.545	0.581	0	0.1754	0.0000
3.7	pl.Patton.GeneralPatton 1.54	weak		5	true	35	1599.000	4864.000	5	250.000	1500.000	1118.000	2428.000	116	20821	0.128	0.477	20.705	34	0	0	0.182	2.529	2	991	5	189	189	108	3	0	0	0	47	185	968	T?/M?	live	0	0	0	650	390.932	400.000	438.088	14	0	58	3	2	181	14	0	0		11219	0	0	1	1	0.518	0.554	0.581	0	0.2474	0.1429
3.7	pl.Patton.GeneralPatton 1.54	weak		6	true	35	1192.000	5073.000	2	100.000	1650.000	953.000	2455.000	114	23415	0.117	0.400	8.829	34	0	0	0.133	2.689	4	1189	4	147	147	121	2	0	0	0	55	64	1234	T?/M?	live	0	0	0	650	361.506	400.000	516.882	0	0	34	3	2	142	10	0	0		14630	0	0	1	1	0.511	0.542	0.586	1	0.1903	0.0571
3.7	pl.Patton.GeneralPatton 1.54	weak		7	true	35	1196.000	4949.000	3	150.000	1600.000	912.000	2455.000	113	22119	0.110	0.418	8.161	34	0	0	0.141	2.700	6	1076	4	173	172	124	7	0	0	0	78	2	1149	T?/M?	live	0	0	0	650	369.726	625.000	483.176	0	0	48	3	4	169	14	0	0		13029	0	0	1	1	0.518	0.554	0.581	0	0.1946	0.0857
3.7	pl.Patton.GeneralPatton 1.54	weak		8	true	35	1811.000	4951.000	6	300.000	1450.000	1323.000	2679.000	113	21220	0.123	0.487	8.751	34	0	0	0.179	1.605	5	1001	6	212	212	110	5	0	0	0	44	0	1088	T?/M?	live	0	0	0	650	373.403	400.000	455.765	15	0	72	3	2	209	9	0	0		11445	0	0	1	1	0.511	0.542	0.586	1	0.2678	0.1714
3.7	rtk.Tachikoma 1.0	weak		1	true	35	1391.000	4153.000	7	350.000	1400.000	872.000	2079.000	114	26619	0.223	0.544	14.058	34	0	0	0.101	1.054	2	1490	2	223	223	126	2	0	0	0	59	0	1475	T?/M?	live	0	0	0	650	441.344	650.000	604.735	0	0	95	3	1	222	9	0	0		16512	0	0	1	1	0.481	0.518	0.557	0	0.2509	0.2000
3.7	rtk.Tachikoma 1.0	weak		2	true	35	1318.000	4302.000	5	250.000	1500.000	964.000	2093.000	114	27278	0.214	0.532	13.321	34	0	0	0.105	1.473	0	1536	2	211	211	107	3	0	0	0	55	0	1473	T?/M?	live	0	0	0	650	398.997	650.000	623.559	0	0	72	3	1	207	9	0	0		17280	0	0	1	1	0.485	0.527	0.556	0	0.2345	0.1429
3.7	rtk.Tachikoma 1.0	weak		3	true	35	1769.000	3531.000	11	550.000	1200.000	988.000	1777.000	116	27076	0.224	0.557	12.789	34	0	0	0.091	1.139	17	1527	5	270	270	147	4	0	0	0	54	0	1522	T?/M?	live	0	0	0	650	439.979	600.000	631.059	0	0	156	3	2	267	6	0	0		16679	0	0	1	1	0.481	0.518	0.557	0	0.3338	0.3143
3.7	rtk.Tachikoma 1.0	weak		4	true	35	1559.000	3818.000	7	350.000	1400.000	1022.000	1777.000	113	28062	0.219	0.554	14.626	34	0	0	0.102	0.853	0	1632	4	295	294	130	4	0	0	0	69	0	1531	T?/M?	live	0	0	0	650	444.750	650.000	658.029	39	0	207	3	1	291	15	0	0		17323	0	0	1	1	0.485	0.527	0.556	0	0.2899	0.2000
3.7	rtk.Tachikoma 1.0	weak		5	true	35	1976.000	3572.000	11	550.000	1200.000	1165.000	1814.000	126	26936	0.212	0.551	14.082	35	0	0	0.112	0.956	2	1496	3	288	287	126	4	0	0	0	58	0	1491	T?/M?	live	0	0	0	650	424.311	400.000	619.600	12	0	196	3	1	288	12	0	0		16649	0	0	0	0	0.481	0.526	0.556	0	0.3562	0.3143
3.7	rtk.Tachikoma 1.0	weak		6	true	35	1359.000	4074.000	6	300.000	1450.000	890.000	1952.000	111	29413	0.228	0.581	13.895	34	0	0	0.104	1.171	35	1684	4	284	284	117	3	0	0	0	94	203	1651	T?/M?	live	0	0	0	650	431.418	650.000	695.647	0	0	41	3	3	279	16	0	0		18717	0	0	1	1	0.485	0.521	0.564	1	0.2501	0.1714
3.7	rtk.Tachikoma 1.0	weak		7	true	35	1502.000	3558.000	10	450.000	1250.000	869.000	1754.000	113	28873	0.218	0.555	13.228	34	0	0	0.089	1.128	2	1664	8	240	239	113	3	0	0	0	70	0	1591	T?/M?	live	0	0	0	650	378.579	400.000	675.971	3	0	115	3	1	232	16	0	0		18723	0	0	1	1	0.481	0.520	0.556	0	0.2968	0.2647
3.7	rtk.Tachikoma 1.0	weak		8	true	35	1745.000	3507.000	10	500.000	1250.000	1055.000	1707.000	113	28961	0.224	0.563	13.762	34	0	0	0.099	0.955	3	1682	7	279	279	123	4	0	0	0	74	108	1643	T?/M?	live	0	0	0	650	361.494	400.000	678.941	4	0	137	3	3	264	13	0	0		18410	0	0	1	1	0.488	0.525	0.564	1	0.3323	0.2857
3.7	rz.Aleph 0.34	mid		1	true	35	277.000	4757.000	0	0.000	1750.000	277.000	2214.000	105	23587	0.112	0.463	9.468	34	0	0	0.032	1.309	0	1082	4	128	126	126	2	0	0	0	58	0	1291	T?/M?	live	0	0	0	650	449.056	650.000	524.500	0	0	0	3	2	125	4	0	0		15056	0	0	1	1	0.413	0.528	0.592	0	0.0550	0.0000
3.7	rz.Aleph 0.34	mid		2	true	35	329.000	4790.000	0	0.000	1750.000	329.000	2242.000	105	22949	0.102	0.451	8.667	34	0	0	0.038	1.182	0	1064	13	190	190	107	0	0	0	0	61	0	1225	T?/M?	live	0	0	0	650	443.515	650.000	503.559	0	0	0	3	2	183	11	0	0		13362	0	0	1	1	0.453	0.485	0.514	0	0.0643	0.0000
3.7	rz.Aleph 0.34	mid		3	true	35	220.000	4680.000	0	0.000	1750.000	220.000	2150.000	105	24390	0.108	0.468	9.476	34	0	0	0.026	1.896	0	1143	7	112	112	106	0	0	0	0	68	0	1326	T?/M?	live	0	0	0	650	420.003	650.000	542.618	0	0	0	3	1	109	2	0	0		15888	0	0	1	1	0.413	0.524	0.592	0	0.0449	0.0000
3.7	rz.Aleph 0.34	mid		4	true	35	274.000	4637.000	0	0.000	1750.000	274.000	2114.000	106	24233	0.094	0.415	9.125	34	0	0	0.030	1.108	0	1152	6	175	175	118	1	0	0	0	61	46	1333	T?/M?	live	0	0	0	650	478.006	650.000	544.294	0	0	0	3	3	168	11	0	0		15036	0	0	1	1	0.453	0.495	0.555	0	0.0558	0.0000
3.7	rz.Aleph 0.34	mid		5	true	35	328.000	4605.000	0	0.000	1750.000	328.000	2087.000	107	24784	0.111	0.449	8.761	34	0	0	0.030	1.237	0	1192	5	177	176	120	0	0	0	0	67	22	1392	T?/M?	live	0	0	0	650	475.806	650.000	562.971	0	0	24	3	2	169	7	0	0		15642	0	0	1	1	0.453	0.527	0.580	0	0.0665	0.0000
3.7	rz.Aleph 0.34	mid		6	true	35	271.000	4651.000	1	50.000	1700.000	210.000	2182.000	115	23373	0.121	0.478	9.692	34	0	0	0.026	1.303	0	1091	2	138	138	107	0	0	0	0	54	0	1260	T?/M?	live	0	0	0	650	449.753	650.000	518.647	0	0	0	3	2	134	4	0	0		14675	0	0	1	1	0.475	0.540	0.581	1	0.0551	0.0286
3.7	rz.Aleph 0.34	mid		7	true	35	327.000	4717.000	0	0.000	1750.000	327.000	2181.000	108	23917	0.113	0.468	9.032	34	0	0	0.034	1.557	0	1131	2	135	134	293	0	0	0	0	73	0	1299	T?/M?	live	0	0	0	650	408.288	650.000	528.706	0	0	13	3	1	131	6	0	0		14833	0	0	1	1	0.480	0.547	0.580	0	0.0648	0.0000
3.7	rz.Aleph 0.34	mid		8	true	35	180.000	4623.000	0	0.000	1750.000	180.000	2103.000	106	24514	0.114	0.493	9.371	34	0	0	0.016	1.504	0	1146	5	125	124	128	0	0	0	0	55	0	1335	T?/M?	live	0	0	0	650	440.226	650.000	547.088	0	0	0	3	1	119	5	0	0		15882	0	0	1	1	0.362	0.510	0.581	1	0.0375	0.0000
3.7	sheldor.mini.FoilistMC 1.0	mid		1	true	35	281.000	4505.000	0	0.000	1750.000	281.000	2003.000	105	25123	0.189	0.499	10.766	34	0	0	0.023	1.139	7	1344	2	240	240	116	2	0	0	0	66	0	1393	T?/M?	live	0	0	0	650	482.397	650.000	570.588	0	0	0	3	2	237	6	0	0		15035	0	0	1	1	0.492	0.536	0.578	0	0.0587	0.0000
3.7	sheldor.mini.FoilistMC 1.0	mid		2	true	35	431.000	4377.000	1	50.000	1700.000	358.000	1950.000	113	25441	0.182	0.492	10.977	34	0	0	0.023	1.226	0	1376	6	243	243	120	3	0	0	0	63	0	1387	T?/M?	live	0	0	0	650	460.026	400.000	577.353	0	0	72	3	2	234	9	0	0		15333	0	0	1	1	0.470	0.522	0.575	1	0.0896	0.0286
3.7	sheldor.mini.FoilistMC 1.0	mid		3	true	35	518.000	4524.000	0	0.000	1750.000	515.000	2019.000	107	25207	0.188	0.505	11.414	34	0	0	0.032	1.031	1	1363	5	282	282	113	2	0	0	0	70	63	1377	T?/M?	live	0	0	0	650	504.865	650.000	570.500	0	0	120	3	1	273	14	0	0		14614	0	0	1	1	0.492	0.536	0.578	0	0.1027	0.0000
3.7	sheldor.mini.FoilistMC 1.0	mid		4	true	35	254.000	4376.000	0	0.000	1750.000	254.000	1897.000	105	26085	0.201	0.517	12.531	34	0	0	0.019	0.921	0	1413	6	271	271	120	0	0	0	0	71	0	1485	T?/M?	live	0	0	0	650	518.091	650.000	600.824	0	0	1	3	1	258	16	0	0		15830	0	0	1	1	0.470	0.518	0.575	1	0.0549	0.0000
3.7	sheldor.mini.FoilistMC 1.0	mid		5	true	35	451.000	4408.000	1	50.000	1700.000	385.000	1977.000	113	26047	0.194	0.511	11.738	34	0	0	0.023	1.340	3	1430	9	266	266	151	2	0	0	0	82	245	1457	T?/M?	live	0	0	0	650	478.724	650.000	597.529	9	0	9	3	2	258	15	0	0		15678	0	0	1	1	0.492	0.524	0.554	0	0.0928	0.0286
3.7	sheldor.mini.FoilistMC 1.0	mid		6	true	35	409.000	4461.000	1	50.000	1700.000	332.000	2009.000	116	24860	0.185	0.503	13.220	34	0	0	0.033	1.267	2	1319	15	256	255	111	2	0	0	0	79	211	1367	T?/M?	live	0	0	0	650	490.874	650.000	562.529	0	0	0	3	1	247	13	0	0		14693	0	0	1	1	0.495	0.527	0.575	1	0.0840	0.0286
3.7	sheldor.mini.FoilistMC 1.0	mid		7	true	35	265.000	4532.000	0	0.000	1750.000	264.000	2027.000	105	25275	0.190	0.496	11.545	34	0	0	0.021	1.274	5	1378	2	215	215	118	4	0	0	0	69	0	1386	T?/M?	live	0	0	0	650	492.397	650.000	572.088	0	0	0	3	1	208	11	0	0		15503	0	0	1	1	0.492	0.523	0.554	0	0.0552	0.0000
3.7	sheldor.mini.FoilistMC 1.0	mid		8	true	35	240.000	4526.000	0	0.000	1750.000	240.000	2022.000	108	24898	0.187	0.485	11.548	34	0	0	0.023	1.239	3	1329	2	212	212	189	0	0	0	0	75	0	1368	T?/M?	live	0	0	0	650	475.082	650.000	560.382	0	0	0	3	1	208	10	0	0		15078	0	0	1	1	0.495	0.527	0.575	1	0.0504	0.0000
3.7	shrub.Silver v048	weak		1	true	35	3610.000	2880.000	23	1150.000	600.000	1939.000	1984.000	129	31494	0.100	0.306	8.646	35	0	0	0.225	4.330	0	1469	6	93	92	116	1	0	0	0	81	0	1909	T?/M?	live	0	0	0	650	332.617	400.000	749.829	0	0	39	3	1	93	2	0	0		23773	0	0	0	0	0.514	0.542	0.596	0	0.5562	0.6571
3.7	shrub.Silver v048	weak		2	true	35	3363.000	3278.000	20	950.000	750.000	1992.000	2147.000	115	32978	0.099	0.295	8.603	34	0	0	0.224	4.558	0	1565	1	93	93	108	0	0	0	0	94	0	1944	T?/M?	live	0	0	0	650	343.491	400.000	794.971	0	0	6	3	2	91	2	0	0		24583	0	0	1	1	0.480	0.531	0.586	0	0.5064	0.5588
3.7	shrub.Silver v048	weak		3	true	35	3440.000	3145.000	21	1050.000	700.000	1916.000	2095.000	118	31055	0.107	0.310	10.006	34	0	0	0.218	4.515	0	1477	3	97	97	121	3	0	0	0	65	0	1869	T?/M?	live	0	0	0	650	341.712	400.000	744.471	0	0	22	3	1	93	3	0	0		22865	0	0	1	1	0.514	0.541	0.596	0	0.5224	0.6000
3.7	shrub.Silver v048	weak		4	true	35	3546.000	2980.000	22	1100.000	650.000	1952.000	2018.000	128	32087	0.103	0.313	9.151	35	0	0	0.217	4.438	0	1526	8	79	79	124	1	0	0	0	72	49	1968	T?/M?	live	0	0	0	650	364.597	475.000	766.771	0	0	59	3	1	79	5	0	0		24590	0	0	0	0	0.480	0.531	0.586	0	0.5434	0.6286
3.7	shrub.Silver v048	weak		5	true	35	3710.000	2792.000	24	1200.000	550.000	1990.000	1972.000	130	32221	0.105	0.321	9.847	35	0	0	0.214	3.762	1	1510	6	99	99	109	1	0	0	0	84	0	1944	T?/M?	live	0	0	0	650	344.237	400.000	770.600	0	0	49	3	1	99	4	0	0		24285	0	0	0	0	0.480	0.533	0.596	0	0.5706	0.6857
3.7	shrub.Silver v048	weak		6	true	35	3510.000	2955.000	23	1150.000	600.000	1867.000	2043.000	130	32144	0.106	0.308	10.143	35	0	0	0.217	4.260	0	1541	5	90	90	110	1	0	0	0	82	0	1972	T?/M?	live	0	0	0	650	395.237	600.000	768.400	0	0	0	3	1	90	2	0	0		24478	0	0	0	0	0.480	0.531	0.586	0	0.5429	0.6571
3.7	shrub.Silver v048	weak		7	true	35	3855.000	2361.000	26	1300.000	450.000	1976.000	1693.000	126	30768	0.101	0.318	11.391	35	0	0	0.237	3.635	1	1466	5	113	113	110	2	0	0	0	86	0	1875	T?/M?	live	0	0	0	650	343.891	400.000	729.086	0	0	12	3	1	113	4	0	0		22665	0	0	0	0	0.480	0.533	0.596	0	0.6202	0.7429
3.7	shrub.Silver v048	weak		8	true	35	3647.000	2524.000	24	1200.000	550.000	1924.000	1702.000	125	30895	0.101	0.334	10.458	35	0	0	0.224	2.972	0	1429	10	119	119	114	4	0	0	0	62	0	1871	T?/M?	live	0	0	0	650	321.703	400.000	732.714	0	0	47	3	2	119	1	0	0		22793	0	0	0	0	0.462	0.528	0.586	0	0.5910	0.6857
3.7	supersample.SuperTrackFire 1.0	weak		1	true	35	3448.000	2198.000	28	1400.000	350.000	1453.000	1606.000	126	21071	0.087	0.322	8.750	35	0	0	0.268	1.047	12	993	5	134	132	110	0	0	0	0	52	0	1133	T?/M?	live	0	0	0	650	414.017	525.000	452.029	0	0	0	3	2	134	4	0	0		12831	0	0	0	0	0.528	0.553	0.592	0	0.6107	0.8000
3.7	supersample.SuperTrackFire 1.0	weak		2	true	35	3523.000	2155.000	29	1450.000	300.000	1498.000	1665.000	127	22198	0.087	0.319	8.339	35	0	0	0.274	1.748	22	1078	6	124	120	140	4	0	0	0	60	0	1210	T?/M?	live	0	0	0	650	408.966	400.000	484.229	0	0	0	3	3	124	4	0	0		14081	0	0	0	0	0.538	0.564	0.594	0	0.6205	0.8286
3.7	supersample.SuperTrackFire 1.0	weak		3	true	35	3235.000	2244.000	26	1300.000	450.000	1441.000	1547.000	125	21019	0.074	0.300	7.817	35	0	0	0.271	1.391	19	982	6	131	130	114	2	0	0	0	60	0	1111	T?/M?	live	0	0	0	650	377.703	400.000	450.543	0	0	23	3	1	131	3	0	0		12842	0	0	0	0	0.512	0.533	0.560	0	0.5904	0.7429
3.7	supersample.SuperTrackFire 1.0	weak		4	true	35	3776.000	1575.000	33	1650.000	100.000	1498.000	1412.000	134	22065	0.086	0.341	8.284	35	0	0	0.278	1.089	18	1068	7	131	128	109	2	0	0	0	67	47	1212	T?/M?	live	0	0	0	650	430.520	475.000	480.429	0	0	0	3	1	130	8	0	0		13928	0	0	0	0	0.538	0.564	0.594	0	0.7057	0.9429
3.7	supersample.SuperTrackFire 1.0	weak		5	true	35	3095.000	2992.000	23	1150.000	600.000	1463.000	2014.000	126	21319	0.077	0.290	8.295	35	0	0	0.308	1.628	28	989	5	115	111	128	1	0	0	0	44	0	1080	T?/M?	live	0	0	0	650	373.177	400.000	459.114	0	0	0	3	1	114	1	0	0		13377	0	0	0	0	0.492	0.537	0.576	0	0.5085	0.6571
3.7	supersample.SuperTrackFire 1.0	weak		6	true	35	3465.000	2441.000	28	1400.000	350.000	1505.000	1865.000	129	21869	0.075	0.299	8.245	35	0	0	0.278	1.498	8	1047	5	123	122	104	3	0	0	0	55	3	1176	T?/M?	live	0	0	0	650	370.546	400.000	474.829	0	0	0	3	3	123	6	0	0		13794	0	0	0	0	0.442	0.522	0.555	0	0.5867	0.8000
3.7	supersample.SuperTrackFire 1.0	weak		7	true	35	3876.000	1365.000	34	1700.000	50.000	1514.000	1266.000	126	21641	0.083	0.304	8.201	35	0	0	0.270	1.235	23	1048	6	118	117	231	3	0	0	0	51	0	1173	T?/M?	live	0	0	0	650	405.186	400.000	468.314	0	0	7	3	1	118	4	0	0		13485	0	0	0	0	0.492	0.540	0.576	0	0.7396	0.9714
3.7	supersample.SuperTrackFire 1.0	weak		8	true	35	3834.000	2161.000	30	1500.000	250.000	1678.000	1728.000	124	21179	0.067	0.289	7.809	35	0	0	0.312	1.703	16	998	6	139	137	121	2	0	0	0	51	0	1139	T?/M?	live	0	0	0	650	359.929	400.000	455.114	0	0	0	3	2	139	4	0	0		12881	0	0	0	0	0.442	0.520	0.555	0	0.6395	0.8571
3.7	tad.Dalek98 0.98	weak		1	true	35	1119.000	4333.000	8	350.000	1350.000	665.000	2319.000	114	24279	0.118	0.349	8.273	34	0	0	0.100	1.519	0	1161	8	141	141	109	2	0	0	0	47	0	1280	T?/M?	live	0	0	0	650	406.218	475.000	549.059	0	0	0	3	3	136	4	0	0		15586	0	0	1	1	0.481	0.524	0.556	0	0.2052	0.2059
3.7	tad.Dalek98 0.98	weak		2	true	35	1778.000	3225.000	17	800.000	900.000	731.000	1894.000	115	27308	0.115	0.324	7.688	34	0	0	0.099	1.591	0	1301	5	136	136	106	0	0	0	0	66	0	1487	T?/M?	live	0	0	0	650	417.882	525.000	632.529	0	0	0	3	1	132	2	0	0		18538	0	0	1	1	0.485	0.514	0.528	1	0.3554	0.4706
3.7	tad.Dalek98 0.98	weak		3	true	35	1419.000	3676.000	12	600.000	1150.000	641.000	1982.000	111	24865	0.117	0.347	7.908	34	0	0	0.096	1.094	0	1207	6	146	146	107	1	0	0	0	65	0	1337	T?/M?	live	0	0	0	650	387.806	650.000	558.618	0	0	16	3	1	144	3	0	0		15837	0	0	1	1	0.518	0.535	0.556	0	0.2785	0.3429
3.7	tad.Dalek98 0.98	weak		4	true	35	1467.000	3917.000	12	550.000	1150.000	742.000	2196.000	126	25258	0.116	0.329	8.785	35	0	0	0.108	1.802	3	1181	4	114	114	115	1	0	0	0	52	0	1396	T?/M?	live	0	0	0	650	390.637	650.000	571.657	0	0	0	3	1	114	2	0	0		17267	0	0	0	0	0.485	0.529	0.564	1	0.2725	0.3235
3.7	tad.Dalek98 0.98	weak		5	true	35	1365.000	3834.000	11	550.000	1200.000	657.000	2063.000	111	25485	0.123	0.351	9.034	34	0	0	0.095	1.293	0	1252	8	139	139	194	2	0	0	0	73	0	1383	T?/M?	live	0	0	0	650	397.706	650.000	578.735	0	0	0	3	1	138	6	0	0		16508	0	0	1	1	0.508	0.533	0.564	1	0.2626	0.3143
3.7	tad.Dalek98 0.98	weak		6	true	35	1415.000	3811.000	11	550.000	1200.000	699.000	2034.000	110	25190	0.113	0.337	8.468	34	0	0	0.101	1.411	1	1243	5	128	128	129	1	0	0	0	53	0	1343	T?/M?	live	0	0	0	650	402.097	550.000	564.353	0	0	0	3	3	126	5	0	0		16303	0	0	1	1	0.488	0.527	0.563	1	0.2708	0.3143
3.7	tad.Dalek98 0.98	weak		7	true	35	1435.000	3900.000	11	500.000	1200.000	780.000	2124.000	125	26532	0.119	0.338	8.233	35	0	0	0.104	1.624	0	1304	4	128	128	118	2	0	0	0	67	0	1486	T?/M?	live	0	0	0	650	380.331	400.000	608.057	0	0	0	3	1	128	1	0	0		18381	0	0	0	0	0.488	0.528	0.564	1	0.2690	0.2941
3.7	tad.Dalek98 0.98	weak		8	true	35	1656.000	3445.000	14	700.000	1050.000	745.000	1883.000	125	24852	0.115	0.331	8.061	35	0	0	0.106	1.599	0	1176	9	119	119	113	1	0	0	0	61	0	1389	T?/M?	live	0	0	0	650	405.026	650.000	560.057	0	0	0	3	1	119	3	0	0		16815	0	0	0	0	0.488	0.527	0.563	1	0.3246	0.4000
3.7	theo.QuarkSoup 1.5fga	weak		1	true	35	533.000	4343.000	3	100.000	1600.000	372.000	2016.000	113	25378	0.142	0.442	12.312	34	0	0	0.052	1.535	0	1289	2	193	193	110	2	0	0	0	62	176	1400	T?/M?	live	0	0	0	650	430.306	650.000	580.471	0	0	20	3	1	190	12	0	0		16099	0	0	1	1	0.492	0.543	0.576	0	0.1093	0.0588
3.7	theo.QuarkSoup 1.5fga	weak		2	true	35	796.000	4481.000	3	150.000	1600.000	581.000	2151.000	115	24908	0.147	0.460	9.489	34	0	0	0.067	1.395	1	1301	3	192	192	106	0	0	0	0	67	78	1353	T?/M?	live	0	0	0	650	393.353	650.000	562.971	0	0	78	3	2	184	12	0	0		15573	0	0	1	1	0.442	0.536	0.584	0	0.1508	0.0857
3.7	theo.QuarkSoup 1.5fga	weak		3	true	35	525.000	4586.000	1	50.000	1700.000	447.000	2122.000	115	25593	0.141	0.448	9.523	34	0	0	0.055	1.665	0	1332	4	161	160	109	1	0	0	0	53	0	1404	T?/M?	live	0	0	0	650	428.124	650.000	582.853	0	0	8	3	1	154	2	0	0		16756	0	0	1	1	0.492	0.543	0.576	0	0.1027	0.0286
3.7	theo.QuarkSoup 1.5fga	weak		4	true	35	398.000	4651.000	0	0.000	1750.000	396.000	2125.000	108	25704	0.142	0.425	10.037	34	0	0	0.045	1.702	0	1374	2	139	138	115	2	0	0	0	55	0	1435	T?/M?	live	0	0	0	650	443.124	650.000	585.676	0	0	0	3	1	134	5	0	0		17058	0	0	1	1	0.442	0.536	0.584	0	0.0788	0.0000
3.7	theo.QuarkSoup 1.5fga	weak		5	true	35	770.000	4335.000	3	150.000	1600.000	573.000	2017.000	116	25995	0.143	0.442	8.708	34	0	0	0.060	1.196	0	1333	6	183	182	107	2	0	0	0	59	44	1460	T?/M?	live	0	0	0	650	399.000	650.000	595.647	0	0	74	3	1	182	10	0	0		16763	0	0	1	1	0.442	0.528	0.576	0	0.1508	0.0857
3.7	theo.QuarkSoup 1.5fga	weak		6	true	35	517.000	4670.000	1	0.000	1700.000	506.000	2190.000	107	25867	0.143	0.459	9.274	34	0	0	0.062	1.468	1	1343	2	179	179	124	1	0	0	0	66	115	1356	T?/M?	live	0	0	0	650	429.944	650.000	592.088	0	0	50	3	1	175	15	0	0		16655	0	0	1	1	0.462	0.540	0.584	0	0.0997	0.0000
3.7	theo.QuarkSoup 1.5fga	weak		7	true	35	597.000	4546.000	3	100.000	1600.000	462.000	2207.000	112	25179	0.136	0.420	8.834	34	0	0	0.064	2.207	0	1275	3	151	151	107	0	0	0	0	58	0	1376	T?/M?	live	0	0	0	650	407.624	650.000	572.147	0	0	3	3	1	144	4	0	0		16456	0	0	1	1	0.442	0.534	0.576	0	0.1161	0.0588
3.7	theo.QuarkSoup 1.5fga	weak		8	true	35	625.000	4422.000	2	100.000	1650.000	452.000	2025.000	115	26174	0.145	0.447	9.979	34	0	0	0.055	1.540	0	1344	1	184	183	110	2	0	0	0	63	0	1468	T?/M?	live	0	0	0	650	408.285	650.000	596.206	0	0	12	3	1	179	11	0	0		16790	0	0	1	1	0.462	0.540	0.584	0	0.1238	0.0571
3.7	theo.avenge.Pequod 1.0	mid		1	true	35	769.000	3932.000	2	100.000	1650.000	638.000	1635.000	135	33744	0.174	0.803	8.377	35	0	0	0.055	1.149	0	1196	4	180	180	113	0	0	0	0	56	0	2017	T?/M?	live	0	0	0	650	482.229	650.000	814.114	0	0	0	3	2	180	7	0	0		23912	0	0	0	0	0.413	0.504	0.570	1	0.1636	0.0571
3.7	theo.avenge.Pequod 1.0	mid		2	true	35	717.000	4112.000	2	50.000	1650.000	628.000	1764.000	116	29517	0.173	0.714	15.891	34	0	0	0.060	1.371	1	1114	4	182	181	108	1	0	0	0	55	0	1647	T?/M?	live	0	0	0	650	463.300	650.000	694.765	4	0	69	3	1	174	10	0	0		19443	0	0	1	1	0.413	0.517	0.592	0	0.1485	0.0294
3.7	theo.avenge.Pequod 1.0	mid		3	true	35	875.000	4098.000	4	100.000	1550.000	662.000	1810.000	115	29599	0.173	0.735	8.506	34	0	0	0.080	1.513	1	1129	3	140	140	120	1	0	0	0	59	0	1655	T?/M?	live	0	0	0	650	451.250	650.000	698.529	0	0	27	3	1	138	8	0	0		20337	0	0	1	1	0.431	0.514	0.570	1	0.1760	0.0606
3.7	theo.avenge.Pequod 1.0	mid		4	true	35	527.000	4299.000	1	50.000	1700.000	463.000	1886.000	118	28926	0.175	0.735	10.194	34	0	0	0.046	1.391	0	1167	5	160	159	148	0	0	0	0	57	0	1647	T?/M?	live	0	0	0	650	444.829	650.000	670.559	0	0	0	3	1	155	8	0	0		18994	0	0	1	1	0.453	0.522	0.592	0	0.1092	0.0286
3.7	theo.avenge.Pequod 1.0	mid		5	true	35	709.000	4045.000	2	100.000	1650.000	557.000	1729.000	115	29490	0.168	0.739	10.722	34	0	0	0.065	1.281	1	1140	1	152	152	106	1	0	0	0	52	0	1659	T?/M?	live	0	0	0	650	424.591	575.000	687.176	0	0	71	3	1	150	8	0	0		19670	0	0	1	1	0.413	0.504	0.570	1	0.1491	0.0571
3.7	theo.avenge.Pequod 1.0	mid		6	true	35	481.000	4127.000	2	50.000	1650.000	415.000	1798.000	112	30218	0.169	0.701	10.760	34	0	0	0.041	1.207	1	1201	6	161	159	103	0	0	0	0	59	52	1710	T?/M?	live	0	0	0	650	449.482	650.000	714.382	0	0	0	3	3	155	4	0	0		20517	0	0	1	1	0.453	0.522	0.592	0	0.1044	0.0294
3.7	theo.avenge.Pequod 1.0	mid		7	true	35	501.000	4496.000	0	0.000	1750.000	462.000	1960.000	105	27060	0.173	0.704	9.549	34	0	0	0.053	1.130	1	1093	1	187	186	135	1	0	0	0	52	221	1513	T?/M?	live	0	0	0	650	468.894	650.000	623.382	0	0	25	3	2	181	10	0	0		16985	0	0	1	1	0.431	0.515	0.570	1	0.1003	0.0000
3.7	theo.avenge.Pequod 1.0	mid		8	true	35	982.000	3962.000	3	150.000	1600.000	703.000	1658.000	116	27344	0.179	0.725	15.508	34	0	0	0.106	1.060	5	1157	3	215	215	110	0	0	0	0	52	0	1534	T?/M?	live	0	0	0	650	426.838	625.000	633.147	0	0	93	3	2	209	12	0	0		16917	0	0	1	1	0.453	0.517	0.592	0	0.1986	0.0857
3.7	theo.real.Ahab 1.0	mid		1	true	35	965.000	3945.000	4	150.000	1550.000	761.000	1752.000	119	32388	0.245	0.812	14.245	34	0	0	0.072	1.442	1	1517	1	218	218	108	3	0	0	0	77	0	1919	T?/M?	live	0	0	0	650	459.682	650.000	775.912	0	0	0	3	1	207	8	0	0		22317	0	0	1	1	0.466	0.522	0.571	1	0.1965	0.0882
3.7	theo.real.Ahab 1.0	mid		2	true	35	1260.000	3814.000	6	300.000	1450.000	845.000	1767.000	114	31065	0.249	0.858	9.708	34	0	0	0.075	1.046	0	1495	4	273	272	115	1	0	0	0	64	247	1837	T?/M?	live	0	0	0	650	480.524	650.000	743.235	12	0	74	3	1	265	19	0	0		20374	0	0	1	1	0.441	0.495	0.554	0	0.2483	0.1714
3.7	theo.real.Ahab 1.0	mid		3	true	35	1199.000	3931.000	4	200.000	1550.000	869.000	1712.000	120	32093	0.254	0.883	9.834	34	0	0	0.081	1.068	0	1561	4	262	262	113	0	0	0	0	80	0	1925	T?/M?	live	0	0	0	650	450.982	600.000	777.324	0	0	19	3	2	254	16	0	0		21643	0	0	1	1	0.432	0.514	0.571	1	0.2337	0.1143
3.7	theo.real.Ahab 1.0	mid		4	true	35	891.000	4260.000	1	50.000	1700.000	824.000	1857.000	116	31724	0.255	0.821	9.967	34	0	0	0.076	1.201	2	1571	1	301	301	116	6	0	0	0	75	180	1880	T?/M?	live	0	0	0	650	471.294	650.000	758.971	0	0	3	3	2	287	24	0	0		20573	0	0	1	1	0.441	0.491	0.554	0	0.1730	0.0286
3.7	theo.real.Ahab 1.0	mid		5	true	35	704.000	4152.000	1	50.000	1700.000	639.000	1764.000	115	31248	0.251	0.857	7.697	34	0	0	0.060	1.267	3	1517	2	247	247	128	2	0	0	0	74	35	1841	T?/M?	live	0	0	0	650	468.488	650.000	740.676	0	0	21	3	2	243	14	0	0		20629	0	0	1	1	0.432	0.505	0.550	1	0.1450	0.0286
3.7	theo.real.Ahab 1.0	mid		6	true	35	965.000	3894.000	4	200.000	1550.000	699.000	1720.000	115	32286	0.252	0.811	11.146	34	0	0	0.059	1.285	0	1506	4	256	256	111	2	0	0	0	67	178	1875	T?/M?	live	0	0	0	650	460.644	650.000	767.471	0	0	34	3	3	247	17	0	0		21385	0	0	1	1	0.420	0.484	0.554	0	0.1986	0.1143
3.7	theo.real.Ahab 1.0	mid		7	true	35	1007.000	3751.000	6	250.000	1450.000	683.000	1712.000	125	31925	0.251	0.802	9.352	35	0	0	0.059	0.956	3	1488	3	284	283	141	3	0	0	0	82	261	1876	T?/M?	live	0	0	0	650	468.263	650.000	762.143	0	0	0	3	2	284	23	0	0		21390	0	0	0	0	0.432	0.500	0.550	0	0.2116	0.1471
3.7	theo.real.Ahab 1.0	mid		8	true	35	968.000	3920.000	4	200.000	1550.000	701.000	1735.000	117	31505	0.251	0.822	10.214	34	0	0	0.064	1.091	1	1548	2	258	256	130	1	0	0	0	58	0	1868	T?/M?	live	0	0	0	650	489.771	650.000	747.294	0	0	0	3	3	253	9	0	0		20722	0	0	1	1	0.420	0.491	0.554	1	0.1980	0.1143
3.7	tide.pear.Pear 0.62.1	mid		1	true	35	284.000	4814.000	0	0.000	1750.000	284.000	2261.000	106	22136	0.151	0.445	9.680	34	0	0	0.026	1.434	3	1133	324	229	229	106	3	0	0	0	86	197	1180	T?/M?	live	0	0	0	650	464.859	650.000	483.971	0	0	0	3	3	224	19	0	0		12370	0	0	1	1	0.492	0.523	0.554	0	0.0557	0.0000
3.7	tide.pear.Pear 0.62.1	mid		2	true	35	237.000	4822.000	0	0.000	1750.000	237.000	2267.000	107	22176	0.150	0.440	10.037	34	0	0	0.022	1.868	1	1139	320	160	160	151	1	0	0	0	62	140	1187	T?/M?	live	0	0	0	650	476.479	650.000	486.441	0	0	0	3	1	157	7	0	0		13344	0	0	1	1	0.470	0.525	0.575	1	0.0468	0.0000
3.7	tide.pear.Pear 0.62.1	mid		3	true	35	181.000	4804.000	0	0.000	1750.000	181.000	2253.000	105	21996	0.145	0.419	10.605	34	0	0	0.015	1.544	0	1132	360	172	172	106	2	0	0	0	72	136	1155	T?/M?	live	0	0	0	650	463.068	650.000	478.412	0	0	0	3	2	168	13	0	0		12977	0	0	1	1	0.496	0.529	0.554	0	0.0363	0.0000
3.7	tide.pear.Pear 0.62.1	mid		4	true	35	212.000	4789.000	0	0.000	1750.000	212.000	2241.000	106	21805	0.150	0.454	9.865	34	0	0	0.022	1.647	0	1107	333	201	201	105	7	0	0	0	68	114	1156	T?/M?	live	0	0	0	650	503.726	650.000	474.000	0	0	0	3	1	194	14	0	0		12417	0	0	1	1	0.470	0.520	0.575	1	0.0424	0.0000
3.7	tide.pear.Pear 0.62.1	mid		5	true	35	170.000	4772.000	0	0.000	1750.000	170.000	2227.000	106	21869	0.134	0.408	8.421	34	0	0	0.019	1.565	0	1117	316	194	194	117	0	0	0	0	61	92	1158	T?/M?	live	0	0	0	650	453.606	650.000	474.971	0	0	0	3	3	189	13	0	0		12582	0	0	1	1	0.495	0.519	0.570	1	0.0344	0.0000
3.7	tide.pear.Pear 0.62.1	mid		6	true	35	283.000	4767.000	0	0.000	1750.000	283.000	2222.000	105	22342	0.141	0.443	9.117	34	0	0	0.024	1.521	1	1148	313	252	252	122	2	0	0	0	74	0	1180	T?/M?	live	0	0	0	650	491.944	650.000	484.853	0	0	0	3	3	241	12	0	0		12178	0	0	1	1	0.431	0.497	0.545	0	0.0560	0.0000
3.7	tide.pear.Pear 0.62.1	mid		7	true	35	185.000	4803.000	0	0.000	1750.000	185.000	2252.000	105	21673	0.143	0.429	8.786	34	0	0	0.016	1.832	0	1109	338	195	195	102	0	0	0	0	74	51	1155	T?/M?	live	0	0	0	650	483.215	650.000	473.176	0	0	0	3	1	192	13	0	0		12452	0	0	1	1	0.495	0.528	0.570	1	0.0371	0.0000
3.7	tide.pear.Pear 0.62.1	mid		8	true	35	263.000	4661.000	0	0.000	1750.000	263.000	2134.000	105	23166	0.133	0.409	8.562	34	0	0	0.021	1.385	0	1208	312	276	276	109	2	0	0	0	63	0	1261	T?/M?	live	0	0	0	650	461.094	650.000	514.147	0	0	0	3	2	265	17	0	0		12806	0	0	1	1	0.413	0.471	0.545	0	0.0534	0.0000
3.7	vjik.UnViolation 1.1	weak		1	true	35	1549.000	5042.000	2	100.000	1650.000	1362.000	2539.000	117	23878	0.097	0.316	8.816	34	0	0	0.164	3.555	6	1315	6	182	180	109	2	0	0	0	86	153	1279	T?/M?	live	0	0	0	650	375.800	400.000	530.029	1	0	74	3	1	178	19	0	0		14485	0	0	1	1	0.485	0.519	0.541	0	0.2350	0.0571
3.7	vjik.UnViolation 1.1	weak		2	true	35	1700.000	4925.000	3	150.000	1600.000	1436.000	2503.000	111	24107	0.092	0.318	9.051	34	0	0	0.157	3.406	5	1335	3	184	184	112	9	0	0	0	60	0	1310	T?/M?	live	0	0	0	650	377.085	400.000	543.500	12	0	88	3	1	179	10	0	0		14956	0	0	1	1	0.432	0.469	0.515	0	0.2566	0.0857
3.7	vjik.UnViolation 1.1	weak		3	true	35	1544.000	5312.000	1	50.000	1700.000	1408.000	2711.000	112	23941	0.086	0.309	8.419	34	0	0	0.160	3.100	7	1306	9	168	167	161	2	0	0	0	71	143	1281	T?/M?	live	0	0	0	650	364.574	400.000	540.206	0	0	89	3	1	162	14	0	0		14971	0	0	1	1	0.485	0.515	0.541	0	0.2252	0.0286
3.7	vjik.UnViolation 1.1	weak		4	true	35	1433.000	5113.000	1	50.000	1700.000	1310.000	2548.000	114	24827	0.088	0.319	8.053	34	0	0	0.140	3.201	6	1376	6	179	178	182	3	0	0	0	81	70	1333	T?/M?	live	0	0	0	650	393.226	400.000	560.588	0	0	76	3	1	171	10	0	0		15481	0	0	1	1	0.432	0.484	0.529	0	0.2189	0.0286
3.7	vjik.UnViolation 1.1	weak		5	true	35	1454.000	5267.000	1	50.000	1700.000	1355.000	2679.000	105	25153	0.089	0.321	8.375	33	0	0	0.143	3.759	4	1405	5	150	149	113	6	0	0	0	79	0	1324	T?/M?	live	0	0	0	650	398.139	400.000	569.848	0	0	64	3	2	144	9	0	0		15716	0	0	2	1	0.481	0.516	0.554	0	0.2163	0.0286
3.7	vjik.UnViolation 1.1	weak		6	true	35	1418.000	5273.000	1	50.000	1700.000	1307.000	2675.000	106	23616	0.085	0.309	8.578	33	0	0	0.174	3.838	12	1285	2	146	145	132	2	0	0	0	61	36	1234	T?/M?	live	0	0	0	650	389.276	400.000	531.515	13	0	55	3	1	141	13	0	0		14499	0	0	2	1	0.441	0.461	0.491	0	0.2119	0.0286
3.7	vjik.UnViolation 1.1	weak		7	true	35	1418.000	5067.000	2	100.000	1650.000	1238.000	2565.000	111	23030	0.100	0.328	8.382	34	0	0	0.158	3.295	7	1252	2	157	157	107	5	0	0	0	74	0	1213	T?/M?	live	0	0	0	650	386.635	400.000	504.912	5	0	34	3	1	150	9	0	0		14076	0	0	1	1	0.481	0.525	0.554	0	0.2187	0.0571
3.7	vjik.UnViolation 1.1	weak		8	true	35	1406.000	5162.000	1	50.000	1700.000	1312.000	2596.000	105	25417	0.081	0.298	8.585	33	0	0	0.141	3.348	5	1429	3	156	156	104	5	0	0	0	82	0	1343	T?/M?	live	0	0	0	650	406.630	625.000	582.788	0	0	71	3	1	152	11	0	0		16034	0	0	2	1	0.420	0.455	0.491	0	0.2141	0.0286
3.7	wcsv.Engineer.Engineer 0.5.4	mid		1	true	35	470.000	4821.000	0	0.000	1750.000	470.000	2267.000	106	23394	0.129	0.375	12.703	34	0	0	0.049	1.511	0	1183	2	210	210	131	2	0	0	0	75	197	1245	T?/M?	live	0	0	0	650	405.453	650.000	520.471	0	0	25	3	3	209	19	0	0		13707	0	0	1	1	0.537	0.553	0.565	0	0.0888	0.0000
3.7	wcsv.Engineer.Engineer 0.5.4	mid		2	true	35	325.000	4803.000	0	0.000	1750.000	325.000	2252.000	106	23039	0.133	0.397	8.806	33	0	0	0.040	1.661	0	1167	0	170	170	106	2	0	0	0	57	111	1193	T?/M?	live	0	0	0	650	401.521	650.000	505.818	0	0	8	3	2	155	8	0	0		13530	0	0	2	1	0.501	0.552	0.586	0	0.0634	0.0000
3.7	wcsv.Engineer.Engineer 0.5.4	mid		3	true	35	537.000	4779.000	0	0.000	1750.000	537.000	2232.000	105	22808	0.115	0.375	8.776	34	0	0	0.048	1.375	0	1146	1	244	244	120	1	0	0	0	63	27	1204	T?/M?	live	0	0	0	650	388.944	650.000	503.176	0	0	133	3	2	241	14	0	0		12723	0	0	1	1	0.484	0.525	0.554	0	0.1010	0.0000
3.7	wcsv.Engineer.Engineer 0.5.4	mid		4	true	35	350.000	4925.000	0	0.000	1750.000	350.000	2355.000	106	21710	0.126	0.381	7.977	33	0	0	0.042	1.660	0	1061	1	181	180	116	2	0	0	0	60	144	1113	T?/M?	live	0	0	0	650	386.033	650.000	470.848	0	0	0	3	2	167	13	0	0		12214	0	0	2	1	0.529	0.547	0.571	0	0.0664	0.0000
3.7	wcsv.Engineer.Engineer 0.5.4	mid		5	true	35	364.000	4838.000	0	0.000	1750.000	364.000	2282.000	105	22872	0.122	0.382	8.811	33	0	0	0.043	1.729	0	1148	1	187	187	119	3	0	0	0	71	117	1190	T?/M?	live	0	0	0	650	421.303	650.000	506.758	0	0	0	3	2	177	18	0	0		13194	0	0	2	1	0.503	0.529	0.545	0	0.0700	0.0000
3.7	wcsv.Engineer.Engineer 0.5.4	mid		6	true	35	384.000	4814.000	0	0.000	1750.000	384.000	2262.000	105	23580	0.117	0.345	8.445	34	0	0	0.036	2.066	0	1209	2	162	162	106	1	0	0	0	63	0	1271	T?/M?	live	0	0	0	650	422.938	650.000	522.059	0	0	3	3	3	155	7	0	0		14596	0	0	1	1	0.529	0.543	0.556	0	0.0739	0.0000
3.7	wcsv.Engineer.Engineer 0.5.4	mid		7	true	35	393.000	4822.000	0	0.000	1750.000	393.000	2269.000	106	23183	0.110	0.349	8.461	34	0	0	0.042	1.751	0	1172	0	199	199	108	0	0	0	0	67	37	1247	T?/M?	live	0	0	0	650	397.303	650.000	512.412	0	0	1	3	2	192	11	0	0		13666	0	0	1	1	0.503	0.530	0.545	0	0.0754	0.0000
3.7	wcsv.Engineer.Engineer 0.5.4	mid		8	true	35	403.000	4848.000	0	0.000	1750.000	403.000	2290.000	106	22834	0.129	0.381	10.163	33	0	0	0.042	1.971	0	1154	1	172	172	103	0	0	0	0	58	0	1179	T?/M?	live	0	0	0	650	393.645	400.000	507.848	0	0	36	3	3	158	8	0	0		13503	0	0	2	1	0.529	0.546	0.578	0	0.0767	0.0000
3.7	wiki.WaveRammer 1.0	weak		1	true	35	1830.000	6297.000	1	50.000	1700.000	1430.000	3213.000	113	15528	0.105	0.391	9.061	34	0	0	0.373	1.971	2	652	3	165	165	132	6	0	0	0	25	0	650	T?/M?	live	0	0	0	650	311.197	400.000	294.765	0	0	58	3	3	159	5	0	0		6870	0	0	1	1	0.491	0.545	0.577	0	0.2252	0.0286
3.7	wiki.WaveRammer 1.0	weak		2	true	35	1637.000	6289.000	0	0.000	1750.000	1187.000	2951.000	105	14954	0.085	0.339	8.035	34	0	0	0.354	1.562	2	616	3	159	159	115	2	0	0	0	21	0	605	T?/M?	live	0	0	0	650	349.368	400.000	275.441	0	0	68	3	3	155	5	0	0		6367	0	0	1	1	0.477	0.491	0.515	0	0.2065	0.0000
3.7	wiki.WaveRammer 1.0	weak		3	true	35	1964.000	6291.000	1	50.000	1700.000	1405.000	2998.000	110	14589	0.100	0.381	8.819	34	0	0	0.400	1.968	0	593	1	165	165	111	7	0	0	0	20	79	578	T?/M?	live	0	0	0	650	302.862	400.000	264.088	0	0	58	3	1	161	9	0	0		5838	0	0	1	1	0.491	0.545	0.577	0	0.2379	0.0286
3.7	wiki.WaveRammer 1.0	weak		4	true	35	2085.000	5819.000	4	200.000	1550.000	1430.000	2996.000	112	15340	0.086	0.348	8.456	34	0	0	0.344	1.665	2	654	3	185	184	116	4	0	0	0	33	57	642	T?/M?	live	0	0	0	650	324.315	400.000	289.471	36	0	78	3	3	182	11	0	0		6401	0	0	1	1	0.404	0.469	0.515	0	0.2638	0.1143
3.7	wiki.WaveRammer 1.0	weak		5	true	35	1659.000	6115.000	1	50.000	1700.000	1182.000	2896.000	115	14658	0.112	0.411	9.169	34	0	0	0.365	1.663	7	598	0	148	147	159	6	0	0	0	29	0	582	T?/M?	live	0	0	0	650	338.368	400.000	265.794	13	0	61	3	3	143	7	0	0		6190	0	0	1	1	0.404	0.527	0.606	0	0.2134	0.0286
3.7	wiki.WaveRammer 1.0	weak		6	true	35	1600.000	6297.000	0	0.000	1750.000	1148.000	2972.000	107	14426	0.096	0.360	8.908	34	0	0	0.361	2.414	23	578	4	124	124	151	4	0	0	0	27	0	573	T?/M?	live	0	0	0	650	349.841	650.000	260.176	0	0	50	3	2	121	4	0	0		6148	0	0	1	1	0.511	0.527	0.555	0	0.2026	0.0000
3.7	wiki.WaveRammer 1.0	weak		7	true	35	1323.000	6164.000	0	0.000	1750.000	849.000	2840.000	107	14600	0.108	0.376	8.638	33	0	0	0.307	2.547	1	592	2	112	112	148	0	0	0	0	26	67	579	T?/M?	live	0	0	0	650	370.603	650.000	269.000	0	0	30	3	2	108	7	0	0		6511	0	0	2	1	0.404	0.527	0.606	0	0.1767	0.0000
3.7	wiki.WaveRammer 1.0	weak		8	true	35	1456.000	6056.000	1	50.000	1700.000	1179.000	3064.000	123	15318	0.097	0.377	9.408	35	0	0	0.295	2.405	1	644	5	156	156	111	2	0	0	0	17	0	660	T?/M?	live	0	0	0	650	344.460	400.000	287.657	0	0	60	3	2	156	2	0	0		6971	0	0	0	0	0.464	0.511	0.555	0	0.1938	0.0286
3.7	zen.Ronin 1.0.0	mid		1	false	0	0.000	0.000	0	0.000	0.000	0.000	0.000	0	0	0.000	0.000	0.000	0	0	0	NaN	NaN	0	0	0	0	0	0	0	0	0	0	0	0	0	-	-	0	0	0	-	NaN	NaN	NaN	0	0	0	0	0	0	0	0	0	expected 2 robots; found 1	0	0	0	0	0	0.530	0.532	0.535	1		
3.7	zen.Ronin 1.0.0	mid		2	false	0	0.000	0.000	0	0.000	0.000	0.000	0.000	0	0	0.000	0.000	0.000	0	0	0	NaN	NaN	0	0	0	0	0	0	0	0	0	0	0	0	0	-	-	0	0	0	-	NaN	NaN	NaN	0	0	0	0	0	0	0	0	0	expected 2 robots; found 1	0	0	0	0	0	0.488	0.488	0.488	0		
3.7	zen.Ronin 1.0.0	mid		3	false	0	0.000	0.000	0	0.000	0.000	0.000	0.000	0	0	0.000	0.000	0.000	0	0	0	NaN	NaN	0	0	0	0	0	0	0	0	0	0	0	0	0	-	-	0	0	0	-	NaN	NaN	NaN	0	0	0	0	0	0	0	0	0	expected 2 robots; found 1	0	0	0	0	0	0.530	0.530	0.530	1		
3.7	zen.Ronin 1.0.0	mid		4	false	0	0.000	0.000	0	0.000	0.000	0.000	0.000	0	0	0.000	0.000	0.000	0	0	0	NaN	NaN	0	0	0	0	0	0	0	0	0	0	0	0	0	-	-	0	0	0	-	NaN	NaN	NaN	0	0	0	0	0	0	0	0	0	expected 2 robots; found 1	0	0	0	0	0	0.488	0.488	0.488	0		
3.7	zen.Ronin 1.0.0	mid		5	false	0	0.000	0.000	0	0.000	0.000	0.000	0.000	0	0	0.000	0.000	0.000	0	0	0	NaN	NaN	0	0	0	0	0	0	0	0	0	0	0	0	0	-	-	0	0	0	-	NaN	NaN	NaN	0	0	0	0	0	0	0	0	0	expected 2 robots; found 1	0	0	0	0	0	0.530	0.530	0.530	1		
3.7	zen.Ronin 1.0.0	mid		6	false	0	0.000	0.000	0	0.000	0.000	0.000	0.000	0	0	0.000	0.000	0.000	0	0	0	NaN	NaN	0	0	0	0	0	0	0	0	0	0	0	0	0	-	-	0	0	0	-	NaN	NaN	NaN	0	0	0	0	0	0	0	0	0	expected 2 robots; found 1	0	0	0	0	0	0.544	0.544	0.544	0		
3.7	zen.Ronin 1.0.0	mid		7	false	0	0.000	0.000	0	0.000	0.000	0.000	0.000	0	0	0.000	0.000	0.000	0	0	0	NaN	NaN	0	0	0	0	0	0	0	0	0	0	0	0	0	-	-	0	0	0	-	NaN	NaN	NaN	0	0	0	0	0	0	0	0	0	expected 2 robots; found 1	0	0	0	0	0	0.512	0.512	0.512	0		
3.7	zen.Ronin 1.0.0	mid		8	false	0	0.000	0.000	0	0.000	0.000	0.000	0.000	0	0	0.000	0.000	0.000	0	0	0	NaN	NaN	0	0	0	0	0	0	0	0	0	0	0	0	0	-	-	0	0	0	-	NaN	NaN	NaN	0	0	0	0	0	0	0	0	0	expected 2 robots; found 1	0	0	0	0	0	0.544	0.553	0.562	0		
3.7	zezinho.QuerMePegarKKKK 1.0	weak		1	true	35	2110.000	5604.000	4	200.000	1550.000	1525.000	2681.000	114	20083	0.146	0.422	10.700	34	0	0	0.375	1.903	39	900	5	178	175	122	8	0	0	0	39	0	982	T?/M?	live	0	0	0	650	323.403	400.000	420.147	37	0	75	3	2	167	10	0	0		10794	0	0	1	1	0.486	0.532	0.554	1	0.2735	0.1143
3.7	zezinho.QuerMePegarKKKK 1.0	weak		2	true	35	2772.000	6694.000	4	200.000	1550.000	1928.000	3191.000	110	12695	0.118	0.437	10.604	34	0	0	0.665	2.810	37	417	4	111	110	116	5	0	0	0	10	0	441	T?/M?	live	0	0	0	650	282.209	400.000	213.176	1	0	109	3	2	103	0	0	0		4697	0	0	1	1	0.521	0.545	0.565	1	0.2928	0.1143
3.7	zezinho.QuerMePegarKKKK 1.0	weak		3	true	35	1785.000	4893.000	5	250.000	1500.000	1302.000	2356.000	113	22417	0.145	0.446	9.258	34	0	0	0.240	1.506	54	1064	1	210	208	138	8	0	0	0	68	89	1167	T?/M?	live	0	0	0	650	382.132	650.000	491.618	13	0	145	3	3	203	15	0	0		12631	0	0	1	1	0.486	0.530	0.554	1	0.2673	0.1429
3.7	zezinho.QuerMePegarKKKK 1.0	weak		4	true	35	2880.000	6732.000	3	150.000	1600.000	2005.000	3119.000	113	12675	0.118	0.412	8.712	34	0	0	0.688	2.860	14	417	0	111	110	107	11	0	0	0	8	0	445	T?/M?	live	0	0	0	650	256.950	400.000	213.529	12	0	114	3	1	103	1	0	0		4632	0	0	1	1	0.509	0.532	0.565	1	0.2996	0.0857
3.7	zezinho.QuerMePegarKKKK 1.0	weak		5	true	35	2723.000	6963.000	2	100.000	1650.000	1902.000	3223.000	105	12586	0.124	0.449	10.460	33	0	0	0.630	3.061	28	406	4	110	109	277	3	0	0	0	11	0	413	T?/M?	live	0	0	0	650	282.624	650.000	208.212	0	0	118	3	3	103	4	0	0		4154	0	0	2	1	0.509	0.539	0.565	1	0.2811	0.0571
3.7	zezinho.QuerMePegarKKKK 1.0	weak		6	true	35	2968.000	6613.000	4	200.000	1550.000	2078.000	3116.000	113	12866	0.118	0.441	9.273	34	0	0	0.665	2.703	5	425	2	127	127	124	6	0	0	0	14	0	452	T?/M?	live	0	0	0	650	279.529	400.000	216.559	20	0	129	3	1	121	6	0	0		4460	0	0	1	1	0.502	0.546	0.589	0	0.3098	0.1143
3.7	zezinho.QuerMePegarKKKK 1.0	weak		7	true	35	1750.000	5524.000	3	150.000	1600.000	1258.000	2608.000	106	20727	0.152	0.441	9.730	34	0	0	0.332	2.456	0	930	6	146	146	173	2	0	0	0	44	79	1031	T?/M?	live	0	0	0	650	368.388	400.000	437.853	0	0	56	3	2	141	13	0	0		11711	0	0	1	1	0.509	0.550	0.589	1	0.2406	0.0857
3.7	zezinho.QuerMePegarKKKK 1.0	weak		8	true	35	2966.000	6608.000	4	200.000	1550.000	2006.000	3137.000	106	14991	0.152	0.470	9.835	33	0	0	0.625	2.927	6	567	4	120	120	105	8	0	0	0	15	0	564	T?/M?	live	0	0	0	650	295.845	400.000	271.485	10	0	105	3	2	111	1	0	0		6321	0	0	2	1	0.502	0.546	0.576	0	0.3098	0.1143
3.5.1	GarmBox.Oranges 1.0.1	weak		1	true	35	2736.000	3558.000	20	900.000	750.000	1348.000	2246.000	114	23604	0.071	0.278	8.679	34	0	0	0.249	1.665	29	1078	1	146	146	114	5	0	0	0	46	0	1180	T?/M?	live	0	0	0	650	401.056	400.000	525.176	16	0	7	3	2	142	8	0	0		14880	0	0	1	1	0.512	0.532	0.548	1	0.4347	0.5455
3.5.1	GarmBox.Oranges 1.0.1	weak		2	true	35	2870.000	3468.000	21	1050.000	700.000	1260.000	2217.000	130	23898	0.080	0.297	8.160	35	0	0	0.242	1.842	31	1170	1	133	132	109	2	0	0	0	67	31	1297	T?/M?	live	0	0	0	650	434.114	650.000	532.800	0	0	2	3	1	133	9	0	0		15823	0	0	0	0	0.509	0.531	0.547	1	0.4528	0.6000
3.5.1	GarmBox.Oranges 1.0.1	weak		3	true	35	3023.000	3922.000	18	900.000	850.000	1463.000	2284.000	127	20508	0.073	0.298	8.806	35	0	0	0.277	1.567	32	947	2	168	166	109	5	0	0	0	49	0	1081	T?/M?	live	0	0	0	650	407.397	400.000	435.943	0	0	11	3	2	168	9	0	0		11914	0	0	0	0	0.486	0.513	0.535	1	0.4353	0.5143
3.5.1	GarmBox.Oranges 1.0.1	weak		4	true	35	2611.000	3871.000	16	800.000	950.000	1365.000	2344.000	126	22123	0.081	0.310	8.452	35	0	0	0.232	1.833	35	1074	3	130	128	117	1	0	0	0	54	5	1187	T?/M?	live	0	0	0	650	405.894	400.000	482.086	0	0	22	3	1	130	9	0	0		14039	0	0	0	0	0.523	0.541	0.548	1	0.4028	0.4571
3.5.1	GarmBox.Oranges 1.0.1	weak		5	true	35	2161.000	4381.000	12	600.000	1150.000	1228.000	2456.000	133	21861	0.079	0.285	9.283	35	0	0	0.216	2.626	18	1056	2	96	96	119	1	0	0	0	51	0	1179	T?/M?	live	0	0	0	650	403.309	400.000	474.600	0	0	24	3	2	96	1	0	0		14305	0	0	0	0	0.486	0.516	0.535	1	0.3303	0.3429
3.5.1	GarmBox.Oranges 1.0.1	weak		6	true	35	2671.000	3869.000	17	850.000	900.000	1351.000	2314.000	129	22567	0.077	0.291	8.994	35	0	0	0.234	1.676	20	1088	1	139	134	114	8	0	0	0	70	0	1201	T?/M?	live	0	0	0	650	430.894	400.000	494.771	0	0	2	3	3	139	8	0	0		14421	0	0	0	0	0.486	0.516	0.535	1	0.4084	0.4857
3.5.1	GarmBox.Oranges 1.0.1	weak		7	true	35	2593.000	3609.000	19	950.000	800.000	1223.000	2292.000	121	24144	0.088	0.291	9.229	34	0	0	0.197	2.281	22	1178	3	96	96	200	3	0	0	0	66	8	1284	T?/M?	live	0	0	0	650	398.144	550.000	539.235	6	0	16	3	1	93	6	0	0		16015	0	0	1	1	0.488	0.546	0.592	0	0.4181	0.5429
3.5.1	GarmBox.Oranges 1.0.1	weak		8	true	35	2353.000	4221.000	14	700.000	1050.000	1228.000	2415.000	117	22110	0.076	0.276	9.134	34	0	0	0.236	2.090	20	1053	0	106	104	104	2	0	0	0	51	0	1132	T?/M?	live	0	0	0	650	409.512	650.000	480.471	0	0	3	3	3	100	4	0	0		13968	0	0	1	1	0.486	0.516	0.535	1	0.3579	0.4000
3.5.1	ahr.ice.Ice 1.0	weak		1	true	35	3407.000	2563.000	26	1300.000	450.000	1599.000	1865.000	128	24527	0.190	0.819	24.182	35	0	0	0.222	0.872	0	1111	17	192	192	115	1	0	0	0	57	0	1297	T?/M?	live	0	0	0	650	341.694	400.000	550.771	0	0	127	3	1	192	6	0	0		15299	0	0	0	0	0.477	0.522	0.577	0	0.5707	0.7429
3.5.1	ahr.ice.Ice 1.0	weak		2	true	35	2739.000	2978.000	21	1050.000	700.000	1272.000	1929.000	113	25203	0.184	0.706	29.203	34	0	0	0.182	1.952	0	1238	14	139	139	143	2	0	0	0	55	0	1336	T?/M?	live	0	0	0	650	338.576	400.000	561.118	0	0	62	3	2	134	4	0	0		15940	0	0	1	1	0.399	0.507	0.563	0	0.4791	0.6000
3.5.1	ahr.ice.Ice 1.0	weak		3	true	35	3318.000	2063.000	29	1450.000	300.000	1344.000	1597.000	127	23475	0.196	0.818	25.477	35	0	0	0.207	1.182	0	1094	13	166	166	106	3	0	0	0	52	0	1304	T?/M?	live	0	0	0	650	326.434	400.000	520.714	6	0	71	3	1	166	5	0	0		14716	0	0	0	0	0.477	0.522	0.577	0	0.6166	0.8286
3.5.1	ahr.ice.Ice 1.0	weak		4	true	35	3070.000	2774.000	22	1100.000	650.000	1507.000	1772.000	127	22264	0.201	0.819	28.058	35	0	0	0.222	1.164	0	1023	13	168	167	117	1	0	0	0	58	0	1195	T?/M?	live	0	0	0	650	351.437	400.000	486.114	0	0	105	3	1	168	9	0	0		13385	0	0	0	0	0.399	0.507	0.563	0	0.5253	0.6286
3.5.1	ahr.ice.Ice 1.0	weak		5	true	35	3400.000	2212.000	27	1350.000	400.000	1513.000	1602.000	128	22981	0.192	0.835	24.369	35	0	0	0.224	0.952	0	1034	19	163	163	143	6	0	0	0	55	0	1243	T?/M?	live	0	0	0	650	325.517	400.000	506.600	2	0	36	3	1	163	7	0	0		14154	0	0	0	0	0.404	0.519	0.606	0	0.6058	0.7714
3.5.1	ahr.ice.Ice 1.0	weak		6	true	35	3352.000	2522.000	26	1300.000	450.000	1519.000	1811.000	125	22277	0.188	0.748	25.734	35	0	0	0.219	1.249	0	1036	11	176	176	111	1	0	0	0	50	0	1213	T?/M?	live	0	0	0	650	323.909	400.000	486.486	0	0	59	3	1	176	4	0	0		13326	0	0	0	0	0.404	0.507	0.577	0	0.5707	0.7429
3.5.1	ahr.ice.Ice 1.0	weak		7	true	35	3077.000	2817.000	23	1150.000	600.000	1465.000	1911.000	113	23020	0.187	0.818	41.247	34	0	0	0.209	1.172	0	1071	16	175	175	116	2	0	0	0	47	0	1216	T?/M?	live	0	0	0	650	338.329	400.000	504.000	0	0	88	3	2	172	11	0	0		13500	0	0	1	1	0.464	0.534	0.606	0	0.5221	0.6571
3.5.1	ahr.ice.Ice 1.0	weak		8	true	35	3499.000	2397.000	27	1350.000	400.000	1609.000	1787.000	127	22746	0.189	0.810	24.984	35	0	0	0.204	0.978	1	1057	12	232	232	114	6	0	0	0	46	0	1249	T?/M?	live	0	0	0	650	327.131	400.000	499.886	0	0	130	3	1	231	7	0	0		12868	0	0	0	0	0.404	0.507	0.577	0	0.5935	0.7714
3.5.1	apc.Colossus2 0.12	weak		1	true	35	2966.000	7142.000	2	100.000	1650.000	2781.000	4341.000	118	18372	0.094	0.323	10.048	34	0	0	0.638	2.626	3	692	2	29	29	104	1	0	0	0	12	0	884	T?/M?	live	0	0	0	650	333.676	650.000	374.059	0	0	64	3	1	29	1	0	0		10613	0	0	1	1	0.526	0.561	0.601	0	0.2934	0.0571
3.5.1	apc.Colossus2 0.12	weak		2	true	35	3642.000	6878.000	5	250.000	1500.000	3203.000	4313.000	113	18196	0.089	0.337	9.501	34	0	0	0.649	2.758	4	665	2	65	64	412	3	0	0	0	15	0	874	T?/M?	live	0	0	0	650	341.500	625.000	369.294	14	0	88	3	1	64	2	0	0		9529	0	0	1	1	0.489	0.543	0.576	0	0.3462	0.1429
3.5.1	apc.Colossus2 0.12	weak		3	true	35	3302.000	7160.000	3	150.000	1600.000	2996.000	4406.000	113	18016	0.094	0.334	8.385	34	0	0	0.651	3.282	1	659	1	38	38	105	0	0	0	0	19	79	862	T?/M?	live	0	0	0	650	313.809	650.000	364.500	0	0	82	3	4	35	5	0	0		9940	0	0	1	1	0.512	0.549	0.579	0	0.3156	0.0857
3.5.1	apc.Colossus2 0.12	weak		4	true	35	3263.000	6915.000	4	200.000	1550.000	2924.000	4274.000	117	17777	0.097	0.335	9.310	34	0	0	0.641	3.345	3	641	2	42	42	103	1	0	0	0	11	0	847	T?/M?	live	0	0	0	650	332.524	425.000	358.176	0	0	73	3	1	38	1	0	0		9777	0	0	1	1	0.489	0.543	0.601	0	0.3206	0.1143
3.5.1	apc.Colossus2 0.12	weak		5	true	35	2927.000	7057.000	2	100.000	1650.000	2751.000	4263.000	107	17789	0.094	0.324	8.385	33	0	0	0.636	3.447	3	649	0	34	33	103	3	0	0	0	14	0	811	T?/M?	live	0	0	0	650	370.294	400.000	355.121	0	0	67	3	1	32	1	0	0		9361	0	0	2	1	0.512	0.543	0.579	0	0.2932	0.0571
3.5.1	apc.Colossus2 0.12	weak		6	true	35	2863.000	6938.000	2	100.000	1650.000	2696.000	4149.000	106	17829	0.100	0.330	8.837	33	0	0	0.626	2.301	0	654	2	34	32	100	1	0	0	0	10	0	840	T?/M?	live	0	0	0	650	322.045	600.000	364.182	0	0	66	3	2	30	2	0	0		9893	0	0	2	1	0.489	0.543	0.601	0	0.2921	0.0571
3.5.1	apc.Colossus2 0.12	weak		7	true	35	3354.000	6799.000	5	250.000	1500.000	2851.000	4230.000	108	17014	0.098	0.330	9.854	33	0	0	0.656	2.967	1	640	2	72	70	100	4	0	0	0	18	0	765	T?/M?	live	0	0	0	650	284.994	400.000	334.970	2	0	62	3	2	66	4	0	0		8840	0	0	2	1	0.512	0.543	0.579	0	0.3303	0.1429
3.5.1	apc.Colossus2 0.12	weak		8	true	35	3131.000	6879.000	4	200.000	1550.000	2778.000	4248.000	111	17653	0.102	0.333	8.785	34	0	0	0.640	4.024	1	654	0	44	41	109	3	0	0	0	11	0	833	T?/M?	live	0	0	0	650	307.176	400.000	353.059	0	0	68	3	3	44	1	0	0		9768	0	0	1	1	0.526	0.561	0.601	0	0.3128	0.1143
3.5.1	ara.Shera 0.88	weak		1	true	35	1304.000	4219.000	9	450.000	1300.000	713.000	2251.000	114	24645	0.101	0.325	9.168	34	0	0	0.106	1.470	0	1177	1	130	130	107	2	0	0	0	61	0	1338	T?/M?	live	0	0	0	650	361.803	650.000	553.382	0	0	0	3	2	126	5	0	0		15851	0	0	1	1	0.521	0.543	0.560	0	0.2361	0.2571
3.5.1	ara.Shera 0.88	weak		2	true	35	1626.000	3730.000	13	650.000	1100.000	779.000	2084.000	118	25645	0.098	0.341	12.304	34	0	0	0.102	1.419	0	1250	2	127	127	118	3	0	0	0	66	0	1442	T?/M?	live	0	0	0	650	368.159	650.000	584.059	0	0	0	3	3	124	4	0	0		16931	0	0	1	1	0.512	0.562	0.601	0	0.3036	0.3714
3.5.1	ara.Shera 0.88	weak		3	true	35	1777.000	3225.000	17	800.000	900.000	746.000	1853.000	127	25892	0.104	0.324	9.463	35	0	0	0.108	1.708	1	1200	1	82	81	122	1	0	0	0	65	0	1456	T?/M?	live	0	0	0	650	337.049	650.000	589.771	0	0	0	3	1	82	1	0	0		18482	0	0	0	0	0.521	0.542	0.560	0	0.3553	0.4706
3.5.1	ara.Shera 0.88	weak		4	true	35	1951.000	3152.000	18	900.000	850.000	771.000	1881.000	129	25638	0.100	0.327	11.277	35	0	0	0.102	1.376	1	1243	5	124	124	113	2	0	0	0	53	0	1479	T?/M?	live	0	0	0	650	352.866	400.000	582.514	0	0	0	3	2	124	1	0	0		17507	0	0	0	0	0.512	0.561	0.601	0	0.3823	0.5143
3.5.1	ara.Shera 0.88	weak		5	true	35	1945.000	3169.000	17	850.000	900.000	827.000	1817.000	114	25871	0.093	0.311	8.478	34	0	0	0.111	1.630	0	1275	3	114	113	132	2	0	0	0	72	0	1459	T?/M?	live	0	0	0	650	358.247	650.000	590.676	0	0	0	3	1	112	5	0	0		17451	0	0	1	1	0.519	0.538	0.552	0	0.3803	0.4857
3.5.1	ara.Shera 0.88	weak		6	true	35	1775.000	3229.000	16	750.000	950.000	781.000	1821.000	125	25945	0.093	0.317	7.878	35	0	0	0.107	1.685	0	1237	1	113	113	114	5	0	0	0	88	0	1467	T?/M?	live	0	0	0	650	360.034	400.000	591.286	0	0	0	3	1	113	4	0	0		17992	0	0	0	0	0.521	0.549	0.579	0	0.3547	0.4412
3.5.1	ara.Shera 0.88	weak		7	true	35	1526.000	3757.000	12	550.000	1150.000	801.000	2033.000	123	25576	0.108	0.345	8.544	35	0	0	0.114	1.443	0	1208	3	114	110	148	3	0	0	0	76	84	1418	T?/M?	live	0	0	0	650	351.343	650.000	580.743	0	0	0	3	1	114	7	0	0		17593	0	0	0	0	0.529	0.551	0.586	0	0.2889	0.3235
3.5.1	ara.Shera 0.88	weak		8	true	35	1882.000	3291.000	16	800.000	950.000	828.000	1868.000	125	25193	0.107	0.339	11.981	35	0	0	0.116	1.261	1	1205	1	128	128	112	1	0	0	0	68	27	1440	T?/M?	live	0	0	0	650	368.603	650.000	569.800	0	0	0	3	1	127	7	0	0		17018	0	0	0	0	0.519	0.541	0.560	0	0.3638	0.4571
3.5.1	bvh.tyr.Tyr 1.74	weak		1	true	35	3916.000	3820.000	21	1050.000	700.000	2133.000	2578.000	121	25797	0.081	0.278	9.071	35	0	0	0.339	3.710	0	1288	4	110	110	136	1	0	0	0	62	0	1459	T?/M?	live	0	0	0	650	408.800	400.000	587.057	0	0	2	3	2	110	2	0	0		17782	0	0	0	0	0.486	0.529	0.554	1	0.5062	0.6000
3.5.1	bvh.tyr.Tyr 1.74	weak		2	true	35	3790.000	3268.000	22	1100.000	650.000	2042.000	2136.000	124	25303	0.076	0.282	8.569	35	0	0	0.334	3.101	0	1255	3	133	133	112	1	0	0	0	51	0	1416	T?/M?	live	0	0	0	650	399.046	400.000	572.943	0	0	7	3	2	133	4	0	0		16938	0	0	0	0	0.420	0.476	0.543	1	0.5370	0.6286
3.5.1	bvh.tyr.Tyr 1.74	weak		3	true	35	3905.000	3390.000	22	1100.000	650.000	2114.000	2218.000	127	24404	0.084	0.306	9.192	35	0	0	0.329	3.211	1	1176	5	118	118	113	0	0	0	0	48	0	1352	T?/M?	live	0	0	0	650	385.320	400.000	547.257	0	0	27	3	2	118	6	0	0		16278	0	0	0	0	0.486	0.533	0.565	1	0.5353	0.6286
3.5.1	bvh.tyr.Tyr 1.74	weak		4	true	35	3324.000	3824.000	18	900.000	850.000	1886.000	2399.000	115	24043	0.084	0.292	9.396	34	0	0	0.313	3.292	0	1169	5	108	108	126	1	0	0	0	50	0	1301	T?/M?	live	0	0	0	650	392.274	400.000	542.559	0	0	16	3	2	104	4	0	0		15882	0	0	1	1	0.420	0.499	0.543	1	0.4650	0.5143
3.5.1	bvh.tyr.Tyr 1.74	weak		5	true	35	3596.000	3402.000	21	1050.000	700.000	1906.000	2205.000	115	23452	0.088	0.309	9.165	34	0	0	0.321	2.975	0	1108	3	117	117	195	1	0	0	0	57	0	1276	T?/M?	live	0	0	0	650	377.459	400.000	527.853	0	0	7	3	1	116	2	0	0		15098	0	0	1	1	0.521	0.545	0.565	1	0.5139	0.6000
3.5.1	bvh.tyr.Tyr 1.74	weak		6	true	35	3785.000	3535.000	22	1100.000	650.000	1999.000	2399.000	130	24410	0.081	0.281	8.528	35	0	0	0.338	3.470	0	1174	2	105	104	124	0	0	0	0	43	0	1368	T?/M?	live	0	0	0	650	425.551	525.000	547.429	0	0	0	3	1	105	4	0	0		16513	0	0	0	0	0.420	0.499	0.543	1	0.5171	0.6286
3.5.1	bvh.tyr.Tyr 1.74	weak		7	true	35	3113.000	3851.000	18	900.000	850.000	1730.000	2468.000	131	25106	0.082	0.289	8.974	35	0	0	0.278	3.559	0	1241	1	113	113	135	0	0	0	0	85	50	1409	T?/M?	live	0	0	0	650	374.154	650.000	567.314	0	0	2	3	3	113	12	0	0		17045	0	0	0	0	0.521	0.545	0.565	1	0.4470	0.5143
3.5.1	bvh.tyr.Tyr 1.74	weak		8	true	35	3512.000	3990.000	18	900.000	850.000	2026.000	2554.000	117	24323	0.080	0.292	11.335	34	0	0	0.337	3.129	25	1167	2	126	126	109	3	0	0	0	41	0	1287	T?/M?	live	0	0	0	650	360.350	400.000	542.824	0	0	14	3	1	121	4	0	0		15567	0	0	1	1	0.486	0.520	0.543	1	0.4681	0.5143
3.5.1	com.syncleus.robocode.Dreadnaught 0.1	weak		1	true	35	3693.000	5611.000	10	500.000	1250.000	2448.000	3558.000	123	18158	0.086	0.309	9.456	35	0	0	0.629	2.916	5	594	8	84	83	122	3	0	0	0	16	0	819	T?/M?	live	0	0	0	650	344.974	625.000	368.800	0	0	64	3	3	84	4	0	0		10713	0	0	0	0	0.504	0.537	0.571	1	0.3969	0.2857
3.5.1	com.syncleus.robocode.Dreadnaught 0.1	weak		2	true	35	3737.000	5597.000	11	550.000	1200.000	2592.000	3613.000	117	18075	0.090	0.340	9.499	34	0	0	0.620	2.983	10	609	6	104	104	178	3	0	0	0	15	0	775	T?/M?	live	0	0	0	650	320.288	500.000	361.118	9	0	92	3	2	101	2	0	0		9724	0	0	1	1	0.511	0.536	0.553	1	0.4004	0.3143
3.5.1	com.syncleus.robocode.Dreadnaught 0.1	weak		3	true	35	3832.000	5285.000	12	600.000	1150.000	2445.000	3379.000	129	16576	0.086	0.320	9.517	35	0	0	0.701	2.717	3	529	7	83	83	109	4	0	0	0	11	0	711	T?/M?	live	0	0	0	650	310.257	400.000	323.600	0	0	58	3	2	83	0	0	0		9204	0	0	0	0	0.504	0.538	0.571	1	0.4203	0.3429
3.5.1	com.syncleus.robocode.Dreadnaught 0.1	weak		4	true	35	4146.000	5639.000	13	650.000	1100.000	2890.000	3777.000	112	18569	0.087	0.318	9.190	34	0	0	0.702	3.615	2	603	6	92	92	114	2	0	0	0	8	0	813	T?/M?	live	0	0	0	650	299.718	400.000	377.029	0	0	64	3	3	89	0	0	0		10467	0	0	1	1	0.531	0.542	0.553	1	0.4237	0.3714
3.5.1	com.syncleus.robocode.Dreadnaught 0.1	weak		5	true	35	4212.000	5684.000	12	600.000	1150.000	2887.000	3749.000	127	17604	0.092	0.347	10.516	35	0	0	0.684	2.765	7	589	7	118	118	110	6	0	0	0	13	0	787	T?/M?	live	0	0	0	650	307.491	400.000	352.971	40	0	92	3	2	117	1	0	0		9640	0	0	0	0	0.538	0.553	0.571	1	0.4256	0.3429
3.5.1	com.syncleus.robocode.Dreadnaught 0.1	weak		6	true	35	3977.000	5632.000	12	600.000	1150.000	2676.000	3714.000	128	18045	0.076	0.309	8.779	35	0	0	0.641	3.132	6	600	7	107	107	112	3	0	0	0	15	0	809	T?/M?	live	0	0	0	650	324.363	400.000	365.571	0	0	74	3	2	107	2	0	0		10235	0	0	0	0	0.504	0.535	0.553	1	0.4139	0.3429
3.5.1	com.syncleus.robocode.Dreadnaught 0.1	weak		7	true	35	4474.000	4554.000	17	850.000	900.000	2766.000	3073.000	122	17386	0.083	0.342	9.531	35	0	0	0.661	2.542	4	575	6	120	119	111	5	0	0	0	12	0	780	T?/M?	live	0	0	0	650	325.783	400.000	346.743	0	0	96	3	2	120	3	0	0		9447	0	0	0	0	0.536	0.549	0.571	1	0.4956	0.4857
3.5.1	com.syncleus.robocode.Dreadnaught 0.1	weak		8	true	35	3800.000	5799.000	10	500.000	1250.000	2619.000	3716.000	124	17419	0.088	0.328	9.359	35	0	0	0.649	3.152	8	576	4	100	99	114	0	0	0	0	11	0	772	T?/M?	live	0	0	0	650	315.577	400.000	347.686	0	0	72	3	3	100	2	0	0		9638	0	0	0	0	0.504	0.537	0.571	1	0.3959	0.2857
3.5.1	davidalves.Firebird 0.25	mid		1	true	35	401.000	4621.000	0	0.000	1750.000	401.000	2101.000	105	24278	0.214	0.590	12.762	35	0	0	0.035	1.034	0	1200	2	259	259	106	2	0	0	0	72	0	1365	T?/M?	live	0	0	0	650	429.194	650.000	543.657	9	0	30	3	2	259	16	0	0		14099	0	0	0	0	0.484	0.542	0.586	0	0.0798	0.0000
3.5.1	davidalves.Firebird 0.25	mid		2	true	35	348.000	4677.000	0	0.000	1750.000	348.000	2148.000	105	24263	0.229	0.606	13.648	35	0	0	0.033	1.561	0	1182	4	208	207	127	3	0	0	0	73	29	1363	T?/M?	live	0	0	0	650	413.300	650.000	543.229	0	0	0	3	3	208	16	0	0		14826	0	0	0	0	0.500	0.549	0.583	1	0.0693	0.0000
3.5.1	davidalves.Firebird 0.25	mid		3	true	35	558.000	4657.000	0	0.000	1750.000	558.000	2130.000	106	24745	0.231	0.641	13.455	34	0	0	0.045	1.309	0	1218	2	251	250	122	2	0	0	0	65	0	1333	T?/M?	live	0	0	0	650	450.512	650.000	560.706	0	0	107	3	4	244	8	0	0		14383	0	0	1	1	0.501	0.541	0.586	0	0.1070	0.0000
3.5.1	davidalves.Firebird 0.25	mid		4	true	35	344.000	4592.000	1	50.000	1700.000	272.000	2127.000	118	23075	0.236	0.632	13.682	35	0	0	0.029	1.539	1	1099	2	210	210	110	6	0	0	0	61	175	1269	T?/M?	live	0	0	0	650	440.474	650.000	509.286	1	0	0	3	1	210	16	0	0		13730	0	0	0	0	0.500	0.549	0.583	1	0.0697	0.0286
3.5.1	davidalves.Firebird 0.25	mid		5	true	35	375.000	4708.000	0	0.000	1750.000	375.000	2173.000	106	23947	0.228	0.622	12.203	35	0	0	0.033	1.118	0	1165	3	229	228	139	3	0	0	0	64	125	1353	T?/M?	live	0	0	0	650	446.709	650.000	534.200	0	0	0	3	2	229	14	0	0		14294	0	0	0	0	0.501	0.546	0.586	0	0.0738	0.0000
3.5.1	davidalves.Firebird 0.25	mid		6	true	35	509.000	4749.000	0	0.000	1750.000	509.000	2207.000	105	24055	0.231	0.619	13.304	34	0	0	0.048	1.414	0	1176	3	231	231	114	3	0	0	0	56	0	1308	T?/M?	live	0	0	0	650	416.603	650.000	543.147	0	0	74	3	2	228	14	0	0		14072	0	0	1	1	0.484	0.541	0.583	1	0.0968	0.0000
3.5.1	davidalves.Firebird 0.25	mid		7	true	35	440.000	4619.000	0	0.000	1750.000	440.000	2100.000	105	24360	0.224	0.599	11.399	34	0	0	0.035	1.249	0	1188	4	220	220	106	0	0	0	0	71	0	1321	T?/M?	live	0	0	0	650	401.218	450.000	546.324	0	0	100	3	2	215	8	0	0		14304	0	0	1	1	0.501	0.541	0.586	0	0.0870	0.0000
3.5.1	davidalves.Firebird 0.25	mid		8	true	35	505.000	4796.000	0	0.000	1750.000	505.000	2246.000	105	23654	0.218	0.611	13.120	34	0	0	0.044	1.635	1	1139	1	206	205	115	2	0	0	0	67	0	1282	T?/M?	live	0	0	0	650	421.924	650.000	528.235	0	0	47	3	1	202	8	0	0		13907	0	0	1	1	0.484	0.547	0.583	0	0.0953	0.0000
3.5.1	dcs.Eater_of_Worlds_Mini 1.0	weak		1	true	35	3626.000	2222.000	28	1400.000	350.000	1662.000	1691.000	116	27839	0.067	0.250	8.211	34	0	0	0.226	2.004	0	1321	20	127	127	110	1	0	0	0	55	0	1582	T?/M?	live	0	0	0	650	390.412	400.000	644.000	0	0	8	3	1	126	3	0	0		19013	0	0	1	1	0.511	0.530	0.539	1	0.6200	0.8000
3.5.1	dcs.Eater_of_Worlds_Mini 1.0	weak		2	true	35	4082.000	1861.000	32	1600.000	150.000	1821.000	1624.000	125	27173	0.078	0.278	9.314	35	0	0	0.266	1.982	1	1240	22	129	129	120	4	0	0	0	45	100	1526	T?/M?	live	0	0	0	650	384.917	400.000	626.371	0	0	11	3	1	128	5	0	0		18980	0	0	0	0	0.498	0.534	0.586	0	0.6869	0.9143
3.5.1	dcs.Eater_of_Worlds_Mini 1.0	weak		3	true	35	4123.000	1593.000	32	1600.000	150.000	1840.000	1362.000	121	25733	0.075	0.280	9.539	35	0	0	0.262	1.234	4	1190	17	156	156	110	5	0	0	0	42	0	1471	T?/M?	live	0	0	0	650	359.783	400.000	585.229	2	0	36	3	2	155	5	0	0		17074	0	0	0	0	0.511	0.532	0.547	1	0.7213	0.9143
3.5.1	dcs.Eater_of_Worlds_Mini 1.0	weak		4	true	35	3747.000	1830.000	30	1500.000	250.000	1650.000	1429.000	129	27243	0.083	0.276	9.578	35	0	0	0.232	2.356	0	1279	22	101	101	107	2	0	0	0	61	0	1606	T?/M?	live	0	0	0	650	386.437	400.000	628.371	0	0	6	3	1	101	5	0	0		19500	0	0	0	0	0.498	0.539	0.586	1	0.6719	0.8571
3.5.1	dcs.Eater_of_Worlds_Mini 1.0	weak		5	true	35	3946.000	1966.000	30	1500.000	250.000	1822.000	1578.000	129	27074	0.080	0.277	8.390	35	0	0	0.252	2.020	0	1266	18	106	106	106	3	0	0	0	59	0	1592	T?/M?	live	0	0	0	650	393.231	400.000	623.543	0	0	5	3	1	106	3	0	0		19233	0	0	0	0	0.511	0.536	0.553	1	0.6675	0.8571
3.5.1	dcs.Eater_of_Worlds_Mini 1.0	weak		6	true	35	3904.000	2113.000	30	1500.000	250.000	1796.000	1731.000	130	28560	0.083	0.289	8.662	35	0	0	0.235	2.173	0	1320	20	125	125	123	2	0	0	0	48	0	1650	T?/M?	live	0	0	0	650	380.897	400.000	666.000	0	0	15	3	3	124	4	0	0		20359	0	0	0	0	0.511	0.542	0.586	1	0.6488	0.8571
3.5.1	dcs.Eater_of_Worlds_Mini 1.0	weak		7	true	35	3853.000	1935.000	31	1550.000	200.000	1688.000	1612.000	131	27981	0.081	0.266	7.877	35	0	0	0.229	2.287	0	1325	24	94	94	107	0	0	0	0	59	16	1665	T?/M?	live	0	0	0	650	370.303	400.000	649.457	0	0	4	3	1	93	5	0	0		20339	0	0	0	0	0.531	0.542	0.553	1	0.6657	0.8857
3.5.1	dcs.Eater_of_Worlds_Mini 1.0	weak		8	true	35	3938.000	2078.000	30	1500.000	250.000	1787.000	1674.000	123	26765	0.081	0.271	8.768	35	0	0	0.255	2.545	0	1260	24	102	102	117	2	0	0	0	42	0	1572	T?/M?	live	0	0	0	650	338.063	400.000	614.714	0	0	28	3	1	102	4	0	0		19007	0	0	0	0	0.511	0.542	0.586	1	0.6546	0.8571
3.5.1	dft.Immortal 1.40	mid		1	true	35	382.000	5027.000	0	0.000	1750.000	353.000	2416.000	106	21260	0.138	0.412	8.734	34	0	0	0.059	1.974	3	1062	1	146	145	154	2	0	0	0	64	74	1091	T?/M?	live	0	0	0	650	490.276	650.000	457.882	0	0	0	3	1	139	10	0	0		12628	0	0	1	1	0.529	0.551	0.586	0	0.0706	0.0000
3.5.1	dft.Immortal 1.40	mid		2	true	35	364.000	4957.000	0	0.000	1750.000	362.000	2379.000	105	21657	0.135	0.406	12.074	34	0	0	0.044	1.897	1	1079	4	166	166	106	1	0	0	0	69	134	1147	T?/M?	live	0	0	0	650	455.226	400.000	473.941	0	0	4	3	1	161	11	0	0		12962	0	0	1	1	0.519	0.541	0.560	0	0.0684	0.0000
3.5.1	dft.Immortal 1.40	mid		3	true	35	484.000	4879.000	1	50.000	1700.000	415.000	2367.000	111	22188	0.134	0.407	9.840	34	0	0	0.059	1.884	0	1121	1	170	170	116	2	0	0	0	65	105	1154	T?/M?	live	0	0	0	650	498.732	650.000	485.441	0	0	30	3	1	166	11	0	0		13236	0	0	1	1	0.500	0.545	0.586	0	0.0902	0.0286
3.5.1	dft.Immortal 1.40	mid		4	true	35	468.000	5067.000	0	0.000	1750.000	467.000	2470.000	106	21166	0.125	0.398	149.757	33	0	0	0.050	1.498	1	1038	13	175	175	108	1	0	0	0	51	0	1061	T?/M?	live	0	0	0	650	445.170	400.000	459.333	0	0	35	3	1	159	7	0	0		12028	0	0	2	1	0.519	0.541	0.560	0	0.0846	0.0000
3.5.1	dft.Immortal 1.40	mid		5	true	35	397.000	4864.000	0	0.000	1750.000	394.000	2303.000	105	22833	0.113	0.376	8.178	34	0	0	0.047	1.367	0	1169	3	194	194	107	2	0	0	0	58	167	1205	T?/M?	live	0	0	0	650	480.782	650.000	505.441	0	0	25	3	1	191	11	0	0		13558	0	0	1	1	0.500	0.551	0.590	0	0.0755	0.0000
3.5.1	dft.Immortal 1.40	mid		6	true	35	446.000	5033.000	0	0.000	1750.000	444.000	2442.000	106	22324	0.136	0.400	9.941	34	0	0	0.060	1.935	1	1136	3	150	149	103	2	0	0	0	72	0	1147	T?/M?	live	0	0	0	650	468.671	650.000	485.029	0	0	0	3	1	147	6	0	0		13521	0	0	1	1	0.519	0.549	0.586	0	0.0814	0.0000
3.5.1	dft.Immortal 1.40	mid		7	true	35	284.000	5073.000	0	0.000	1750.000	276.000	2476.000	107	20496	0.139	0.400	11.862	34	0	0	0.056	1.950	0	1001	6	140	140	108	0	0	0	0	70	82	1033	T?/M?	live	0	0	0	650	447.156	650.000	431.824	0	0	0	3	2	130	9	0	0		11948	0	0	1	1	0.500	0.546	0.590	0	0.0530	0.0000
3.5.1	dft.Immortal 1.40	mid		8	true	35	433.000	4938.000	0	0.000	1750.000	429.000	2364.000	105	22922	0.136	0.397	8.442	34	0	0	0.052	2.106	1	1182	3	155	154	108	2	0	0	0	67	71	1213	T?/M?	live	0	0	0	650	454.512	400.000	501.912	0	0	0	3	1	150	10	0	0		14028	0	0	1	1	0.519	0.549	0.586	0	0.0806	0.0000
3.5.1	dk.stable.Gorgatron 1.1	weak		1	true	35	1699.000	4509.000	10	500.000	1250.000	955.000	2452.000	112	19559	0.165	0.472	14.500	34	0	0	0.203	1.396	4	777	13	117	116	110	5	0	0	0	35	0	976	T?/M?	live	0	0	0	650	398.009	400.000	414.029	0	0	48	3	1	116	3	0	0		11216	0	0	1	1	0.511	0.544	0.570	1	0.2737	0.2857
3.5.1	dk.stable.Gorgatron 1.1	weak		2	true	35	1986.000	4333.000	12	600.000	1150.000	1113.000	2470.000	117	22025	0.167	0.462	14.194	34	0	0	0.200	1.295	0	886	13	136	135	113	5	0	0	0	43	113	1107	T?/M?	live	0	0	0	650	379.841	400.000	483.794	1	0	17	3	1	133	9	0	0		13269	0	0	1	1	0.488	0.528	0.564	1	0.3143	0.3429
3.5.1	dk.stable.Gorgatron 1.1	weak		3	true	35	1665.000	4599.000	9	450.000	1300.000	957.000	2513.000	117	19581	0.166	0.481	13.953	34	0	0	0.202	1.926	0	786	9	110	109	108	1	0	0	0	40	54	986	T?/M?	live	0	0	0	650	376.332	650.000	412.853	0	0	18	3	1	109	10	0	0		11262	0	0	1	1	0.524	0.546	0.570	1	0.2658	0.2571
3.5.1	dk.stable.Gorgatron 1.1	weak		4	true	35	1607.000	4816.000	8	400.000	1350.000	1014.000	2635.000	116	22024	0.158	0.416	14.176	34	0	0	0.212	2.258	1	889	6	94	93	112	0	0	0	0	50	0	1067	T?/M?	live	0	0	0	650	371.197	550.000	476.000	0	0	32	3	1	93	2	0	0		13749	0	0	1	1	0.488	0.520	0.563	1	0.2502	0.2286
3.5.1	dk.stable.Gorgatron 1.1	weak		5	true	35	2389.000	3850.000	16	800.000	950.000	1262.000	2280.000	115	21850	0.160	0.457	14.765	34	0	0	0.220	1.384	0	869	16	141	140	103	3	0	0	0	46	0	1100	T?/M?	live	0	0	0	650	385.762	400.000	480.500	0	0	39	3	1	139	5	0	0		13052	0	0	1	1	0.524	0.548	0.570	1	0.3829	0.4571
3.5.1	dk.stable.Gorgatron 1.1	weak		6	true	35	2195.000	4711.000	11	550.000	1200.000	1299.000	2658.000	129	18574	0.170	0.500	14.252	35	0	0	0.281	1.735	2	737	6	124	123	107	8	0	0	0	44	0	917	T?/M?	live	0	0	0	650	336.434	400.000	380.686	3	0	51	3	1	120	9	0	0		10245	0	0	0	0	0.511	0.544	0.570	1	0.3178	0.3143
3.5.1	dk.stable.Gorgatron 1.1	weak		7	true	35	2025.000	4671.000	10	500.000	1250.000	1201.000	2576.000	120	19784	0.174	0.491	16.003	35	0	0	0.232	1.808	26	804	8	114	114	107	7	0	0	0	38	0	1014	T?/M?	live	0	0	0	650	360.629	400.000	415.257	5	0	48	3	1	112	1	0	0		11645	0	0	0	0	0.514	0.542	0.564	1	0.3024	0.2857
3.5.1	dk.stable.Gorgatron 1.1	weak		8	true	35	2173.000	4218.000	13	650.000	1100.000	1237.000	2364.000	116	19512	0.169	0.500	15.805	34	0	0	0.230	1.550	2	754	13	132	132	109	6	0	0	0	38	81	927	T?/M?	live	0	0	0	650	338.056	400.000	412.441	9	14	42	3	1	125	7	0	0		10979	0	0	1	1	0.511	0.544	0.570	1	0.3400	0.3714
3.5.1	dmh.robocode.robot.PinkPanther 1.1	weak		1	true	35	1751.000	3294.000	16	800.000	950.000	717.000	1892.000	126	26551	0.124	0.378	12.873	35	0	0	0.095	1.310	2	1301	155	138	137	132	1	0	0	0	74	0	1482	T?/M?	live	0	0	0	650	468.237	550.000	608.600	0	0	14	3	3	138	6	0	0		18183	0	0	0	0	0.482	0.523	0.557	0	0.3471	0.4571
3.5.1	dmh.robocode.robot.PinkPanther 1.1	weak		2	true	35	2161.000	2623.000	22	1100.000	650.000	735.000	1665.000	119	26118	0.128	0.370	10.886	34	0	0	0.101	1.218	0	1271	113	129	129	113	1	0	0	0	74	0	1457	T?/M?	live	0	0	0	650	454.168	650.000	599.118	0	0	3	3	1	125	4	0	0		17501	0	0	1	1	0.482	0.532	0.595	0	0.4517	0.6286
3.5.1	dmh.robocode.robot.PinkPanther 1.1	weak		3	true	35	1866.000	3198.000	17	850.000	900.000	762.000	1872.000	116	25637	0.123	0.385	8.679	34	0	0	0.104	0.895	1	1232	152	165	165	116	1	0	0	0	57	75	1397	T?/M?	live	0	0	0	650	508.800	650.000	580.824	0	0	5	3	2	159	10	0	0		16306	0	0	1	1	0.509	0.532	0.557	0	0.3685	0.4857
3.5.1	dmh.robocode.robot.PinkPanther 1.1	weak		4	true	35	1721.000	3268.000	16	800.000	950.000	692.000	1856.000	117	25119	0.127	0.398	12.338	34	0	0	0.103	1.244	0	1204	147	135	135	108	1	0	0	0	55	0	1373	T?/M?	live	0	0	0	650	485.585	650.000	568.735	0	0	0	3	2	134	5	0	0		16271	0	0	1	1	0.482	0.530	0.595	0	0.3450	0.4571
3.5.1	dmh.robocode.robot.PinkPanther 1.1	weak		5	true	35	1809.000	3370.000	16	800.000	950.000	766.000	1952.000	116	24568	0.121	0.380	12.150	34	0	0	0.105	0.994	0	1173	163	158	157	119	1	0	0	0	60	131	1336	T?/M?	live	0	0	0	650	475.229	550.000	556.882	0	0	2	3	1	151	8	0	0		15630	0	0	1	1	0.509	0.532	0.557	0	0.3493	0.4571
3.5.1	dmh.robocode.robot.PinkPanther 1.1	weak		6	true	35	1757.000	3480.000	15	750.000	1000.000	782.000	1999.000	129	25647	0.123	0.376	8.925	35	0	0	0.109	0.991	1	1210	178	166	166	124	1	0	0	0	66	0	1420	T?/M?	live	0	0	0	650	480.920	650.000	582.771	0	0	3	3	1	166	6	0	0		16821	0	0	0	0	0.482	0.538	0.595	0	0.3355	0.4286
3.5.1	dmh.robocode.robot.PinkPanther 1.1	weak		7	true	35	1528.000	3645.000	13	650.000	1100.000	689.000	2002.000	115	25248	0.111	0.367	13.502	34	0	0	0.105	1.001	3	1224	171	157	154	143	4	0	0	0	58	0	1324	T?/M?	live	0	0	0	650	481.409	650.000	572.353	0	0	4	3	2	155	4	0	0		16129	0	0	1	1	0.481	0.511	0.536	0	0.2954	0.3714
3.5.1	dmh.robocode.robot.PinkPanther 1.1	weak		8	true	35	1966.000	3097.000	18	900.000	850.000	791.000	1834.000	117	25137	0.122	0.399	8.270	34	0	0	0.109	1.159	5	1205	138	167	166	106	2	0	0	0	50	0	1344	T?/M?	live	0	0	0	650	444.262	650.000	568.000	0	0	35	3	2	158	5	0	0		15904	0	0	1	1	0.482	0.525	0.557	0	0.3883	0.5143
3.5.1	dz.Caedo 1.4	weak		1	true	35	2556.000	4119.000	14	700.000	1050.000	1563.000	2498.000	115	24698	0.124	0.356	8.901	34	0	0	0.228	2.604	1	1062	2	158	158	151	3	0	0	0	58	0	1367	T?/M?	live	0	0	0	650	350.062	650.000	555.676	0	0	49	3	2	153	3	0	0		15521	0	0	1	1	0.512	0.552	0.594	0	0.3829	0.4000
3.5.1	dz.Caedo 1.4	weak		2	true	35	2446.000	4183.000	13	650.000	1100.000	1521.000	2498.000	119	25503	0.132	0.385	9.785	34	0	0	0.221	2.140	0	1129	3	143	143	117	3	0	0	0	71	8	1429	T?/M?	live	0	0	0	650	330.524	575.000	581.471	0	0	23	3	1	141	6	0	0		16631	0	0	1	1	0.532	0.558	0.592	0	0.3690	0.3714
3.5.1	dz.Caedo 1.4	weak		3	true	35	2034.000	4737.000	8	400.000	1350.000	1468.000	2664.000	112	24949	0.127	0.360	10.286	34	0	0	0.226	2.444	0	1069	6	127	127	110	4	0	0	0	65	0	1404	T?/M?	live	0	0	0	650	352.732	650.000	569.353	0	0	0	3	2	124	7	0	0		16424	0	0	1	1	0.512	0.549	0.594	0	0.3004	0.2286
3.5.1	dz.Caedo 1.4	weak		4	true	35	2597.000	4223.000	14	700.000	1050.000	1592.000	2610.000	119	26121	0.124	0.359	13.195	34	0	0	0.226	2.214	0	1143	2	139	138	114	3	0	0	0	70	0	1490	T?/M?	live	0	0	0	650	367.800	650.000	602.912	0	0	5	3	3	136	8	0	0		17476	0	0	1	1	0.528	0.553	0.592	0	0.3808	0.4000
3.5.1	dz.Caedo 1.4	weak		5	true	35	2346.000	4461.000	10	500.000	1250.000	1627.000	2537.000	117	25649	0.136	0.374	9.390	34	0	0	0.236	2.448	1	1103	5	127	127	124	0	0	0	0	53	0	1431	T?/M?	live	0	0	0	650	356.144	400.000	579.176	0	0	0	3	2	124	3	0	0		16726	0	0	1	1	0.512	0.554	0.594	0	0.3446	0.2857
3.5.1	dz.Caedo 1.4	weak		6	true	35	2137.000	4655.000	9	450.000	1300.000	1500.000	2653.000	114	25299	0.129	0.369	10.011	34	0	0	0.222	2.311	0	1085	3	134	131	125	2	0	0	0	46	0	1423	T?/M?	live	0	0	0	650	355.756	650.000	575.853	0	0	0	3	2	129	5	0	0		16588	0	0	1	1	0.528	0.555	0.592	0	0.3146	0.2571
3.5.1	dz.Caedo 1.4	weak		7	true	35	2140.000	4635.000	8	400.000	1350.000	1562.000	2567.000	114	25239	0.127	0.366	9.762	34	0	0	0.239	2.017	0	1082	1	147	146	105	1	0	0	0	64	125	1417	T?/M?	live	0	0	0	650	347.615	650.000	573.471	0	0	0	3	2	145	17	0	0		16196	0	0	1	1	0.492	0.550	0.594	0	0.3159	0.2286
3.5.1	dz.Caedo 1.4	weak		8	true	35	1887.000	4695.000	7	350.000	1400.000	1392.000	2560.000	115	24092	0.129	0.374	11.202	34	0	0	0.214	1.753	0	1024	5	174	173	123	0	0	0	0	56	0	1314	T?/M?	live	0	0	0	650	355.350	650.000	540.706	0	0	89	3	1	170	9	0	0		14859	0	0	1	1	0.512	0.548	0.592	0	0.2867	0.2000
3.5.1	element.Earth 1.1	weak		1	true	35	1180.000	4752.000	3	150.000	1600.000	924.000	2334.000	116	23449	0.103	0.329	12.300	34	0	0	0.114	1.742	1	1205	3	163	163	108	3	0	0	0	67	99	1250	T?/M?	live	0	0	0	650	359.571	400.000	513.735	2	0	25	3	2	158	20	0	0		14354	0	0	1	1	0.514	0.545	0.564	1	0.1989	0.0857
3.5.1	element.Earth 1.1	weak		2	true	35	1470.000	4464.000	5	250.000	1500.000	1041.000	2188.000	114	23290	0.096	0.328	12.313	34	0	0	0.139	1.380	3	1199	8	186	185	109	6	0	0	0	77	94	1264	T?/M?	live	0	0	0	650	351.615	400.000	522.471	12	2	39	3	2	185	18	0	0		14268	0	0	1	1	0.524	0.539	0.570	1	0.2477	0.1429
3.5.1	element.Earth 1.1	weak		3	true	35	1089.000	4741.000	3	150.000	1600.000	823.000	2327.000	113	24031	0.093	0.311	13.089	34	0	0	0.095	1.833	0	1245	5	155	154	112	3	0	0	0	81	126	1303	T?/M?	live	0	0	0	650	376.659	400.000	536.265	0	0	5	3	1	146	10	0	0		15227	0	0	1	1	0.500	0.537	0.564	1	0.1868	0.0857
3.5.1	element.Earth 1.1	weak		4	true	35	1334.000	4667.000	4	200.000	1550.000	998.000	2321.000	112	25671	0.093	0.301	12.681	34	0	0	0.114	1.835	1	1372	6	155	155	113	4	0	0	0	81	65	1426	T?/M?	live	0	0	0	650	385.909	400.000	589.000	0	0	0	3	1	151	16	0	0		17016	0	0	1	1	0.524	0.544	0.570	1	0.2223	0.1143
3.5.1	element.Earth 1.1	weak		5	true	35	1680.000	4645.000	5	250.000	1500.000	1198.000	2298.000	115	21997	0.091	0.325	12.441	34	0	0	0.157	1.426	4	1104	6	177	177	104	4	0	0	0	79	109	1157	T?/M?	live	0	0	0	650	341.665	400.000	478.824	0	0	22	3	1	169	21	0	0		12991	0	0	1	1	0.500	0.538	0.583	1	0.2656	0.1429
3.5.1	element.Earth 1.1	weak		6	true	35	605.000	4709.000	1	50.000	1700.000	522.000	2206.000	114	25529	0.095	0.304	12.170	34	0	0	0.060	2.411	3	1360	4	115	115	126	1	0	0	0	98	0	1437	T?/M?	live	0	0	0	650	411.862	425.000	583.588	0	0	0	3	1	109	7	0	0		17382	0	0	1	1	0.524	0.548	0.564	1	0.1139	0.0286
3.5.1	element.Earth 1.1	weak		7	true	35	1440.000	4721.000	5	250.000	1500.000	1031.000	2415.000	131	24665	0.105	0.352	209.554	35	0	0	0.132	1.664	4	1288	10	174	174	178	2	0	0	0	80	150	1344	T?/M?	live	0	0	0	650	360.611	400.000	554.714	2	0	31	3	2	172	18	0	0		15996	0	0	0	0	0.500	0.544	0.583	1	0.2337	0.1429
3.5.1	element.Earth 1.1	weak		8	true	35	1452.000	4346.000	7	350.000	1400.000	918.000	2227.000	113	24607	0.097	0.305	12.421	34	0	0	0.112	2.294	2	1281	8	129	129	134	5	0	0	0	61	105	1306	T?/M?	live	0	0	0	650	329.662	400.000	550.059	2	0	0	3	1	122	10	0	0		16035	0	0	1	1	0.514	0.547	0.564	1	0.2504	0.2000
3.5.1	ethdsy.Malacka 2.4	weak		1	true	35	1627.000	6053.000	1	50.000	1700.000	1383.000	3246.000	106	18634	0.089	0.324	9.601	33	0	0	0.309	2.795	3	768	3	113	111	102	3	0	0	0	37	0	863	T?/M?	live	0	0	0	650	365.285	400.000	388.788	0	0	0	3	2	109	6	0	0		10227	0	0	2	1	0.500	0.550	0.590	0	0.2118	0.0286
3.5.1	ethdsy.Malacka 2.4	weak		2	true	35	2071.000	5611.000	5	250.000	1500.000	1528.000	3150.000	116	18505	0.081	0.304	8.414	34	0	0	0.317	2.531	8	772	2	132	131	116	2	0	0	0	31	0	843	T?/M?	live	0	0	0	650	338.553	400.000	373.971	7	0	2	3	3	129	6	0	0		9716	0	0	1	1	0.529	0.556	0.586	0	0.2696	0.1429
3.5.1	ethdsy.Malacka 2.4	weak		3	true	35	1755.000	5590.000	4	200.000	1550.000	1285.000	3080.000	105	17181	0.098	0.342	10.117	33	0	0	0.299	2.669	33	698	3	112	112	105	5	0	0	0	36	0	751	T?/M?	live	0	0	0	650	349.927	400.000	338.636	12	0	18	3	3	96	5	0	0		8622	0	0	2	1	0.489	0.550	0.595	0	0.2389	0.1143
3.5.1	ethdsy.Malacka 2.4	weak		4	true	35	2159.000	5395.000	7	350.000	1400.000	1449.000	3075.000	116	17751	0.092	0.325	11.403	34	0	0	0.304	2.402	3	712	0	110	110	117	1	0	0	0	40	0	811	T?/M?	live	0	0	0	650	340.235	400.000	357.706	0	0	9	3	2	105	2	0	0		9389	0	0	1	1	0.500	0.550	0.590	0	0.2858	0.2000
3.5.1	ethdsy.Malacka 2.4	weak		5	true	35	2166.000	5163.000	8	400.000	1350.000	1392.000	2928.000	120	19211	0.093	0.328	10.714	34	0	0	0.285	1.995	8	808	3	117	117	112	2	0	0	0	56	72	910	T?/M?	live	0	0	0	650	347.247	400.000	396.853	0	0	1	3	3	115	8	0	0		10731	0	0	1	1	0.489	0.544	0.595	0	0.2955	0.2286
3.5.1	ethdsy.Malacka 2.4	weak		6	true	35	1759.000	5670.000	3	150.000	1600.000	1424.000	3051.000	106	18572	0.089	0.327	10.384	33	0	0	0.281	2.418	5	767	0	126	125	99	4	0	0	0	44	0	838	T?/M?	live	0	0	0	650	336.939	400.000	376.000	0	0	2	3	4	122	6	0	0		9538	0	0	2	1	0.500	0.550	0.590	0	0.2368	0.0857
3.5.1	ethdsy.Malacka 2.4	weak		7	true	35	1606.000	6184.000	0	0.000	1750.000	1466.000	3293.000	105	18213	0.088	0.334	8.349	34	0	0	0.294	2.213	7	749	4	147	146	119	4	0	0	0	35	0	848	T?/M?	live	0	0	0	650	346.438	400.000	370.471	0	0	2	3	3	139	4	0	0		9535	0	0	1	1	0.489	0.544	0.595	0	0.2062	0.0000
3.5.1	ethdsy.Malacka 2.4	weak		8	true	35	2213.000	5226.000	7	350.000	1400.000	1579.000	2947.000	126	16766	0.085	0.345	8.997	35	0	0	0.308	1.782	7	669	0	159	158	105	2	0	0	0	35	0	742	T?/M?	live	0	0	0	650	295.574	400.000	329.029	24	0	45	3	2	159	8	0	0		8108	0	0	0	0	0.537	0.567	0.590	0	0.2975	0.2000
3.5.1	jcs.AutoBot 4.2.1	weak		1	true	35	2020.000	4343.000	9	450.000	1300.000	1348.000	2347.000	110	19261	0.151	0.562	7.840	34	0	0	0.186	0.983	0	855	1	276	276	108	5	0	0	0	47	0	928	T?/M?	live	0	0	0	650	361.309	400.000	398.500	80	0	161	3	2	272	14	0	0		8498	0	0	1	1	0.509	0.539	0.565	1	0.3175	0.2571
3.5.1	jcs.AutoBot 4.2.1	weak		2	true	35	1214.000	4502.000	5	250.000	1500.000	872.000	2282.000	116	23156	0.143	0.680	8.729	34	0	0	0.099	1.063	2	1120	2	232	231	112	4	0	0	0	71	0	1242	T?/M?	live	0	0	0	650	429.897	525.000	511.059	0	0	126	3	1	227	10	0	0		12906	0	0	1	1	0.489	0.545	0.573	0	0.2124	0.1429
3.5.1	jcs.AutoBot 4.2.1	weak		3	true	35	1057.000	4812.000	2	100.000	1650.000	907.000	2388.000	119	23615	0.138	0.552	8.994	34	0	0	0.098	1.681	0	1103	1	181	180	121	5	0	0	0	86	0	1218	T?/M?	live	0	0	0	650	383.700	400.000	523.824	6	0	24	3	2	167	11	0	0		14343	0	0	1	1	0.509	0.529	0.548	1	0.1801	0.0571
3.5.1	jcs.AutoBot 4.2.1	weak		4	true	35	1074.000	4788.000	4	200.000	1550.000	804.000	2471.000	116	23282	0.129	0.537	8.232	34	0	0	0.128	1.352	0	1124	2	182	181	117	2	0	0	0	54	0	1268	T?/M?	live	0	0	0	650	405.512	650.000	519.294	0	0	0	3	3	175	5	0	0		14133	0	0	1	0	0.489	0.545	0.573	0	0.1832	0.1143
3.5.1	jcs.AutoBot 4.2.1	weak		5	true	35	1324.000	4681.000	5	250.000	1500.000	965.000	2428.000	114	24051	0.148	0.690	8.862	35	0	0	0.134	1.602	5	1181	11	191	191	112	1	0	0	0	62	0	1339	T?/M?	live	0	0	0	650	433.426	650.000	537.171	0	0	80	3	2	191	7	0	0		14912	0	0	0	0	0.486	0.527	0.548	1	0.2205	0.1429
3.5.1	jcs.AutoBot 4.2.1	weak		6	true	35	3404.000	6137.000	8	400.000	1350.000	2290.000	3188.000	112	13360	0.136	0.451	9.818	35	0	0	0.686	1.962	5	471	1	136	136	123	2	0	0	0	16	91	502	T?/M?	live	0	0	0	650	265.960	400.000	231.714	1	0	135	3	2	134	8	0	0		5000	0	0	0	0	0.489	0.536	0.565	0	0.3568	0.2286
3.5.1	jcs.AutoBot 4.2.1	weak		7	true	35	1939.000	4685.000	7	350.000	1400.000	1381.000	2500.000	124	19652	0.136	0.596	8.835	35	0	0	0.194	1.448	0	889	3	251	251	134	4	0	0	0	48	0	999	T?/M?	live	0	0	0	650	330.429	400.000	411.486	46	0	135	3	3	251	17	0	0		9614	0	0	0	0	0.486	0.527	0.548	1	0.2927	0.2000
3.5.1	jcs.AutoBot 4.2.1	weak		8	true	35	984.000	5397.000	1	50.000	1700.000	893.000	2794.000	116	18437	0.139	0.554	9.020	34	0	0	0.173	1.330	0	785	2	190	190	107	5	0	0	0	50	0	881	T?/M?	live	0	0	0	650	364.956	650.000	374.882	5	0	79	3	3	184	11	0	0		9094	0	0	1	1	0.489	0.531	0.565	1	0.1542	0.0286
3.5.1	justin.DemonicRage 3.20	mid		1	true	35	433.000	4500.000	0	0.000	1750.000	433.000	2000.000	106	26309	0.169	0.464	14.563	34	0	0	0.033	1.433	0	1365	9	179	179	113	1	0	0	0	68	0	1494	T?/M?	live	0	0	0	650	449.588	400.000	607.706	0	0	55	3	1	175	5	0	0		17035	0	0	1	1	0.484	0.521	0.557	0	0.0878	0.0000
3.5.1	justin.DemonicRage 3.20	mid		2	true	35	364.000	4595.000	0	0.000	1750.000	364.000	2075.000	106	25581	0.167	0.481	14.405	34	0	0	0.029	1.836	0	1290	5	153	153	110	1	0	0	0	64	51	1427	T?/M?	live	0	0	0	650	430.165	650.000	582.176	0	0	28	3	1	150	8	0	0		16556	0	0	1	1	0.462	0.531	0.586	0	0.0734	0.0000
3.5.1	justin.DemonicRage 3.20	mid		3	true	35	457.000	4400.000	1	50.000	1700.000	393.000	1969.000	115	25667	0.171	0.494	13.194	34	0	0	0.029	1.346	0	1316	8	203	202	121	3	0	0	0	53	0	1426	T?/M?	live	0	0	0	650	443.324	650.000	580.676	0	0	46	3	2	201	8	0	0		15743	0	0	1	1	0.484	0.521	0.557	0	0.0941	0.0286
3.5.1	justin.DemonicRage 3.20	mid		4	true	35	418.000	4544.000	0	0.000	1750.000	418.000	2037.000	105	25645	0.167	0.475	14.770	34	0	0	0.027	1.336	0	1318	3	183	183	134	1	0	0	0	64	0	1437	T?/M?	live	0	0	0	650	432.388	400.000	582.529	0	0	61	3	2	179	8	0	0		16144	0	0	1	1	0.462	0.533	0.586	0	0.0842	0.0000
3.5.1	justin.DemonicRage 3.20	mid		5	true	35	424.000	4464.000	0	0.000	1750.000	424.000	1970.000	105	25976	0.167	0.476	17.170	34	0	0	0.030	1.086	0	1344	4	211	211	109	3	0	0	0	75	0	1447	T?/M?	live	0	0	0	650	415.176	400.000	596.324	8	0	98	3	1	206	10	0	0		16263	0	0	1	1	0.484	0.535	0.574	0	0.0867	0.0000
3.5.1	justin.DemonicRage 3.20	mid		6	true	35	555.000	4339.000	1	50.000	1700.000	483.000	1924.000	118	27041	0.168	0.486	12.686	34	0	0	0.030	1.287	0	1419	4	225	225	107	4	0	0	0	63	0	1539	T?/M?	live	0	0	0	650	463.068	650.000	625.441	0	0	58	3	1	221	9	0	0		17065	0	0	1	1	0.462	0.521	0.557	0	0.1134	0.0286
3.5.1	justin.DemonicRage 3.20	mid		7	true	35	516.000	4313.000	2	100.000	1650.000	375.000	1951.000	118	25029	0.172	0.483	13.994	34	0	0	0.031	1.381	0	1262	4	181	181	103	1	0	0	0	54	0	1387	T?/M?	live	0	0	0	650	475.376	550.000	565.382	0	0	61	3	1	175	4	0	0		15665	0	0	1	1	0.484	0.534	0.574	0	0.1069	0.0571
3.5.1	justin.DemonicRage 3.20	mid		8	true	35	612.000	4434.000	1	50.000	1700.000	546.000	2003.000	118	27178	0.174	0.481	18.040	34	0	0	0.036	1.387	0	1434	4	188	187	125	3	0	0	0	74	154	1539	T?/M?	live	0	0	0	650	441.897	400.000	629.853	0	0	54	3	4	186	11	0	0		17591	0	0	1	1	0.462	0.521	0.557	0	0.1213	0.0286
3.5.1	jwst.DAD.DarkAndDarker 1.1	weak		1	true	35	799.000	5377.000	0	0.000	1750.000	665.000	2579.000	105	20252	0.112	0.383	10.002	34	0	0	0.126	2.456	1	959	1	115	114	110	0	0	0	0	57	95	1029	T?/M?	live	0	0	0	650	421.597	650.000	427.882	0	0	25	3	2	114	10	0	0		11992	0	0	1	1	0.502	0.546	0.576	0	0.1294	0.0000
3.5.1	jwst.DAD.DarkAndDarker 1.1	weak		2	true	35	1192.000	5323.000	2	100.000	1650.000	944.000	2672.000	116	19961	0.122	0.416	9.564	34	0	0	0.141	2.473	2	940	4	144	144	119	2	0	0	0	48	77	1003	T?/M?	live	0	0	0	650	365.953	400.000	417.441	0	0	28	3	1	141	12	0	0		11098	0	0	1	1	0.509	0.550	0.589	1	0.1830	0.0571
3.5.1	jwst.DAD.DarkAndDarker 1.1	weak		3	true	35	972.000	5585.000	0	0.000	1750.000	909.000	2821.000	106	19425	0.123	0.426	9.561	34	0	0	0.151	2.109	4	920	4	173	171	110	6	0	0	0	42	0	960	T?/M?	live	0	0	0	650	349.835	400.000	404.647	0	0	41	3	1	167	7	0	0		10337	0	0	1	1	0.489	0.534	0.576	0	0.1482	0.0000
3.5.1	jwst.DAD.DarkAndDarker 1.1	weak		4	true	35	871.000	5403.000	1	50.000	1700.000	684.000	2675.000	117	19450	0.118	0.411	9.474	34	0	0	0.128	2.539	4	917	4	117	116	109	2	0	0	0	54	100	982	T?/M?	live	0	0	0	650	413.465	400.000	407.029	0	0	0	3	1	115	8	0	0		11173	0	0	1	1	0.509	0.550	0.589	1	0.1388	0.0286
3.5.1	jwst.DAD.DarkAndDarker 1.1	weak		5	true	35	1590.000	5050.000	4	200.000	1550.000	1155.000	2531.000	112	19574	0.122	0.399	9.593	34	0	0	0.196	2.382	30	920	4	156	154	105	8	0	0	0	51	72	978	T?/M?	live	0	0	0	650	350.571	400.000	407.941	0	20	25	3	1	149	14	0	0		10736	0	0	1	1	0.489	0.534	0.576	0	0.2395	0.1143
3.5.1	jwst.DAD.DarkAndDarker 1.1	weak		6	true	35	1297.000	5232.000	2	100.000	1650.000	1025.000	2580.000	119	19978	0.109	0.403	8.770	34	0	0	0.160	2.506	1	942	6	153	153	111	5	0	0	0	47	0	1011	T?/M?	live	0	0	0	650	376.926	400.000	420.029	1	0	28	3	2	147	10	0	0		11141	0	0	1	1	0.502	0.549	0.589	1	0.1987	0.0571
3.5.1	jwst.DAD.DarkAndDarker 1.1	weak		7	true	35	1009.000	5334.000	1	50.000	1700.000	876.000	2674.000	104	19312	0.101	0.394	9.421	33	0	0	0.148	2.321	4	900	5	161	158	95	5	0	0	0	36	155	922	T?/M?	live	0	0	0	650	336.806	550.000	402.333	0	0	87	3	3	156	11	0	0		10117	0	0	2	1	0.489	0.537	0.576	0	0.1591	0.0286
3.5.1	jwst.DAD.DarkAndDarker 1.1	weak		8	true	35	1253.000	5117.000	3	150.000	1600.000	927.000	2577.000	111	18722	0.105	0.390	8.805	34	0	0	0.172	2.655	23	860	4	145	144	105	8	0	0	0	48	16	905	T?/M?	live	0	0	0	650	374.312	400.000	386.206	27	0	58	3	3	141	12	0	0		10119	0	0	1	1	0.502	0.549	0.589	0	0.1967	0.0857
3.5.1	kinsen.nano.Quarrelet 1.0	weak		1	true	35	2306.000	2785.000	22	1100.000	650.000	863.000	1804.000	123	22095	0.111	0.379	9.268	35	0	0	0.152	0.964	12	973	18	157	156	128	4	0	0	0	57	0	1188	T?/M?	live	0	0	0	650	447.246	650.000	481.286	0	0	0	3	1	157	8	0	0		13439	0	0	0	0	0.529	0.546	0.578	0	0.4530	0.6286
3.5.1	kinsen.nano.Quarrelet 1.0	weak		2	true	35	1875.000	3713.000	15	750.000	1000.000	872.000	2209.000	115	23306	0.110	0.328	8.777	34	0	0	0.153	1.601	13	1078	11	106	105	115	3	0	0	0	62	0	1208	T?/M?	live	0	0	0	650	382.391	650.000	505.000	0	0	3	3	1	103	6	0	0		14678	0	0	1	1	0.503	0.535	0.555	0	0.3355	0.4286
3.5.1	kinsen.nano.Quarrelet 1.0	weak		3	true	35	1928.000	3159.000	17	850.000	900.000	815.000	1794.000	116	20969	0.115	0.372	9.862	34	0	0	0.147	0.847	16	907	15	142	140	106	1	0	0	0	62	0	1062	T?/M?	live	0	0	0	650	438.791	650.000	447.118	0	0	30	3	1	139	8	0	0		12130	0	0	1	1	0.529	0.547	0.578	0	0.3790	0.4857
3.5.1	kinsen.nano.Quarrelet 1.0	weak		4	true	35	1697.000	3940.000	14	700.000	1050.000	782.000	2343.000	124	21624	0.110	0.362	11.940	35	0	0	0.139	1.755	15	952	13	121	116	124	1	0	0	0	48	0	1161	T?/M?	live	0	0	0	650	413.134	650.000	467.829	0	0	0	3	1	121	3	0	0		13582	0	0	0	0	0.529	0.543	0.555	0	0.3010	0.4000
3.5.1	kinsen.nano.Quarrelet 1.0	weak		5	true	35	1998.000	3402.000	17	850.000	900.000	877.000	2041.000	113	21839	0.114	0.367	154.319	34	0	0	0.155	1.282	13	964	12	130	128	123	1	0	0	0	37	0	1140	T?/M?	live	0	0	0	650	389.976	650.000	469.618	0	0	6	3	2	126	1	0	0		13082	0	0	1	1	0.533	0.551	0.578	0	0.3700	0.4857
3.5.1	kinsen.nano.Quarrelet 1.0	weak		6	true	35	2195.000	3157.000	19	950.000	800.000	913.000	1950.000	115	21586	0.116	0.367	8.644	34	0	0	0.171	1.320	17	945	18	134	129	110	0	0	0	0	47	0	1123	T?/M?	live	0	0	0	650	448.468	650.000	464.529	0	0	0	3	3	130	6	0	0		12920	0	0	1	1	0.529	0.540	0.555	0	0.4101	0.5429
3.5.1	kinsen.nano.Quarrelet 1.0	weak		7	true	35	1921.000	3134.000	18	900.000	850.000	766.000	1847.000	128	22810	0.112	0.373	8.863	35	0	0	0.131	1.141	13	994	16	149	145	107	2	0	0	0	69	0	1197	T?/M?	live	0	0	0	650	417.689	650.000	501.714	0	0	35	3	1	149	9	0	0		14314	0	0	0	0	0.492	0.539	0.578	0	0.3800	0.5143
3.5.1	kinsen.nano.Quarrelet 1.0	weak		8	true	35	2165.000	3219.000	18	900.000	850.000	967.000	1937.000	112	22010	0.113	0.369	8.916	34	0	0	0.165	1.241	10	984	17	151	149	131	2	0	0	0	54	0	1126	T?/M?	live	0	0	0	650	426.853	650.000	475.912	0	0	48	3	1	148	5	0	0		12870	0	0	1	1	0.529	0.540	0.555	0	0.4021	0.5143
3.5.1	lorneswork.Predator 1.0	weak		1	true	35	3031.000	5732.000	8	400.000	1350.000	2390.000	3490.000	114	20975	0.079	0.286	8.846	34	0	0	0.456	2.837	1	938	1	123	123	109	0	0	0	0	54	47	1050	T?/M?	live	0	0	0	650	279.541	400.000	447.588	0	0	16	3	1	121	9	0	0		12559	0	0	1	1	0.494	0.522	0.541	0	0.3459	0.2286
3.5.1	lorneswork.Predator 1.0	weak		2	true	35	3676.000	5295.000	13	650.000	1100.000	2604.000	3459.000	114	20070	0.084	0.304	8.773	34	0	0	0.507	2.782	4	878	2	144	144	104	9	0	0	0	44	0	991	T?/M?	live	0	0	0	650	259.082	400.000	421.824	0	0	25	3	2	142	4	0	0		11316	0	0	1	1	0.520	0.542	0.557	0	0.4098	0.3714
3.5.1	lorneswork.Predator 1.0	weak		3	true	35	3832.000	5043.000	15	750.000	1000.000	2565.000	3359.000	115	20181	0.084	0.302	8.247	34	0	0	0.450	2.488	2	904	4	161	161	105	2	0	0	0	52	0	995	T?/M?	live	0	0	0	650	273.706	400.000	426.000	0	0	72	3	2	160	7	0	0		11163	0	0	1	1	0.494	0.522	0.541	0	0.4318	0.4286
3.5.1	lorneswork.Predator 1.0	weak		4	true	35	2819.000	5965.000	6	300.000	1450.000	2281.000	3563.000	115	19522	0.082	0.312	8.799	34	0	0	0.468	3.472	2	859	1	129	128	107	3	0	0	0	41	111	953	T?/M?	live	0	0	0	650	304.176	400.000	408.735	2	0	65	3	2	126	4	0	0		11189	0	0	1	1	0.520	0.542	0.557	0	0.3209	0.1714
3.5.1	lorneswork.Predator 1.0	weak		5	true	35	3117.000	5866.000	8	400.000	1350.000	2338.000	3552.000	113	20046	0.076	0.278	8.867	34	0	0	0.509	3.751	3	898	3	107	105	105	1	0	0	0	46	44	998	T?/M?	live	0	0	0	650	348.153	400.000	425.059	0	0	23	3	2	104	5	0	0		12095	0	0	1	1	0.518	0.534	0.544	0	0.3470	0.2286
3.5.1	lorneswork.Predator 1.0	weak		6	true	35	2866.000	5826.000	7	350.000	1400.000	2277.000	3501.000	108	19348	0.085	0.307	9.548	33	0	0	0.467	3.095	1	847	5	123	123	122	3	0	0	0	45	0	911	T?/M?	live	0	0	0	650	303.455	400.000	402.727	14	0	34	3	1	118	8	0	0		10692	0	0	2	1	0.484	0.537	0.574	0	0.3297	0.2000
3.5.1	lorneswork.Predator 1.0	weak		7	true	35	3320.000	5336.000	11	550.000	1200.000	2445.000	3338.000	113	19392	0.082	0.287	9.400	34	0	0	0.501	3.422	4	841	3	115	114	113	2	0	0	0	44	0	938	T?/M?	live	0	0	0	650	280.994	400.000	403.294	11	0	34	3	2	111	3	0	0		11129	0	0	1	1	0.518	0.542	0.565	0	0.3835	0.3143
3.5.1	lorneswork.Predator 1.0	weak		8	true	35	3484.000	5066.000	12	600.000	1150.000	2530.000	3154.000	129	19511	0.087	0.322	8.949	35	0	0	0.484	2.692	3	859	4	149	148	114	3	0	0	0	47	0	983	T?/M?	live	0	0	0	650	255.723	400.000	407.457	27	0	59	3	2	149	6	0	0		11112	0	0	0	0	0.484	0.537	0.574	0	0.4075	0.3429
3.5.1	marcinek.TopGun 1.3	weak		1	true	35	3329.000	2747.000	26	1300.000	450.000	1477.000	1985.000	129	24143	0.076	0.279	11.070	35	0	0	0.259	2.150	13	1160	10	120	120	110	0	0	0	0	67	0	1316	T?/M?	live	0	0	0	650	374.400	400.000	539.800	0	0	5	3	1	120	8	0	0		16193	0	0	0	0	0.490	0.521	0.554	0	0.5479	0.7429
3.5.1	marcinek.TopGun 1.3	weak		2	true	35	3278.000	2531.000	26	1300.000	450.000	1457.000	1772.000	117	24010	0.093	0.312	10.250	34	0	0	0.258	2.281	21	1182	11	100	98	109	7	0	0	0	53	0	1312	T?/M?	live	0	0	0	650	402.094	525.000	533.324	0	0	3	3	1	97	3	0	0		15812	0	0	1	1	0.399	0.499	0.563	0	0.5643	0.7429
3.5.1	marcinek.TopGun 1.3	weak		3	true	35	3483.000	2955.000	25	1250.000	500.000	1643.000	2074.000	127	23437	0.079	0.281	8.263	35	0	0	0.291	2.628	12	1149	11	114	112	111	1	0	0	0	72	0	1304	T?/M?	live	0	0	0	650	372.697	650.000	519.629	0	0	4	3	1	114	4	0	0		15599	0	0	0	0	0.490	0.521	0.554	0	0.5410	0.7143
3.5.1	marcinek.TopGun 1.3	weak		4	true	35	3375.000	2432.000	27	1350.000	400.000	1477.000	1782.000	117	23889	0.091	0.320	10.430	34	0	0	0.264	2.113	25	1176	16	106	103	114	0	0	0	0	63	0	1311	T?/M?	live	0	0	0	650	379.768	400.000	532.294	0	0	2	3	1	102	4	0	0		15647	0	0	1	1	0.399	0.499	0.563	0	0.5812	0.7714
3.5.1	marcinek.TopGun 1.3	weak		5	true	35	3371.000	2576.000	26	1300.000	450.000	1522.000	1837.000	127	23569	0.081	0.280	8.643	35	0	0	0.266	2.008	17	1145	10	108	107	187	1	0	0	0	64	0	1314	T?/M?	live	0	0	0	650	386.523	650.000	523.400	0	0	8	3	1	108	5	0	0		15733	0	0	0	0	0.490	0.521	0.554	0	0.5668	0.7429
3.5.1	marcinek.TopGun 1.3	weak		6	true	35	3961.000	2220.000	32	1600.000	150.000	1645.000	1919.000	130	24535	0.092	0.316	9.537	35	0	0	0.284	2.693	45	1196	14	117	115	110	4	0	0	0	62	0	1360	T?/M?	live	0	0	0	650	405.131	400.000	551.000	1	0	15	3	2	116	4	0	0		16691	0	0	0	0	0.399	0.499	0.563	0	0.6408	0.9143
3.5.1	marcinek.TopGun 1.3	weak		7	true	35	3182.000	2943.000	23	1150.000	600.000	1540.000	1959.000	127	22888	0.080	0.295	8.117	35	0	0	0.271	2.226	15	1113	6	91	89	102	0	0	0	0	51	0	1268	T?/M?	live	0	0	0	650	390.383	550.000	503.943	0	0	27	3	1	91	1	0	0		15395	0	0	0	0	0.490	0.521	0.554	0	0.5195	0.6571
3.5.1	marcinek.TopGun 1.3	weak		8	true	35	3294.000	2767.000	26	1250.000	450.000	1501.000	1992.000	119	25030	0.090	0.311	9.461	34	0	0	0.254	2.730	25	1213	17	98	98	111	1	0	0	0	53	0	1375	T?/M?	live	0	0	0	650	374.944	650.000	576.912	0	0	4	3	1	96	3	0	0		17306	0	0	1	1	0.399	0.499	0.563	0	0.5435	0.7353
3.5.1	maribo.IotaCT 1.0	weak		1	true	35	3620.000	1994.000	28	1400.000	350.000	1639.000	1453.000	124	24701	0.083	0.304	9.070	35	0	0	0.235	1.768	0	1320	8	122	122	114	2	0	0	0	89	0	1398	T?/M?	live	0	0	0	650	347.914	400.000	555.743	0	0	9	3	1	122	4	0	0		16618	0	0	0	0	0.540	0.558	0.573	0	0.6448	0.8000
3.5.1	maribo.IotaCT 1.0	weak		2	true	35	3440.000	2426.000	26	1300.000	450.000	1623.000	1734.000	136	26089	0.075	0.293	8.380	35	0	0	0.215	1.864	0	1411	7	113	113	111	3	0	0	0	59	0	1476	T?/M?	live	0	0	0	650	327.574	400.000	595.400	0	0	6	3	3	113	2	0	0		18151	0	0	0	0	0.518	0.545	0.574	0	0.5864	0.7429
3.5.1	maribo.IotaCT 1.0	weak		3	true	35	3203.000	2668.000	24	1200.000	550.000	1536.000	1818.000	129	26060	0.078	0.280	8.233	35	0	0	0.204	2.184	0	1396	7	98	98	112	2	0	0	0	73	0	1510	T?/M?	live	0	0	0	650	374.529	400.000	594.571	0	0	4	3	1	97	4	0	0		18349	0	0	0	0	0.540	0.555	0.573	0	0.5456	0.6857
3.5.1	maribo.IotaCT 1.0	weak		4	true	35	3675.000	2211.000	29	1450.000	300.000	1644.000	1751.000	129	25633	0.073	0.290	7.940	35	0	0	0.203	1.877	0	1370	8	107	107	109	3	0	0	0	72	0	1477	T?/M?	live	0	0	0	650	367.886	400.000	582.371	0	0	23	3	2	107	3	0	0		17810	0	0	0	0	0.518	0.552	0.574	0	0.6244	0.8286
3.5.1	maribo.IotaCT 1.0	weak		5	true	35	3473.000	2362.000	27	1350.000	400.000	1594.000	1740.000	115	26220	0.076	0.279	10.073	34	0	0	0.215	1.581	0	1399	6	118	118	109	3	0	0	0	79	0	1458	T?/M?	live	0	0	0	650	402.426	400.000	601.353	0	0	10	3	3	114	4	0	0		17801	0	0	1	1	0.489	0.548	0.573	0	0.5952	0.7714
3.5.1	maribo.IotaCT 1.0	weak		6	true	35	3559.000	2349.000	28	1400.000	350.000	1615.000	1799.000	134	27132	0.074	0.274	11.134	35	0	0	0.209	2.278	0	1494	6	103	103	105	0	0	0	0	58	0	1582	T?/M?	live	0	0	0	650	365.303	400.000	625.200	0	0	8	3	1	103	1	0	0		19402	0	0	0	0	0.540	0.555	0.573	0	0.6024	0.8000
3.5.1	maribo.IotaCT 1.0	weak		7	true	35	3667.000	2323.000	29	1450.000	300.000	1643.000	1851.000	123	26432	0.077	0.289	10.483	35	0	0	0.212	1.655	0	1440	6	128	128	108	6	0	0	0	78	0	1534	T?/M?	live	0	0	0	650	341.134	400.000	605.200	0	0	2	3	1	128	2	0	0		18263	0	0	0	0	0.489	0.531	0.565	1	0.6122	0.8286
3.5.1	maribo.IotaCT 1.0	weak		8	true	35	3260.000	2658.000	24	1200.000	550.000	1567.000	1814.000	124	25686	0.077	0.270	8.192	35	0	0	0.223	2.837	0	1375	7	94	94	109	1	0	0	0	62	0	1460	T?/M?	live	0	0	0	650	359.749	400.000	583.886	0	0	9	3	1	93	4	0	0		18067	0	0	0	0	0.489	0.544	0.573	0	0.5509	0.6857
3.5.1	nat.Samekh 0.4	mid		1	true	35	412.000	4418.000	0	0.000	1750.000	412.000	1932.000	105	26984	0.118	0.481	22.287	34	0	0	0.034	1.405	1	1318	3	189	189	107	1	0	0	0	58	0	1495	T?/M?	live	0	0	0	650	420.574	650.000	618.382	0	0	67	3	2	186	6	0	0		17266	0	0	1	1	0.474	0.544	0.585	0	0.0853	0.0000
3.5.1	nat.Samekh 0.4	mid		2	true	35	352.000	4616.000	0	0.000	1750.000	352.000	2096.000	105	25204	0.120	0.480	19.304	34	0	0	0.037	2.071	1	1199	2	137	137	213	1	0	0	0	52	0	1375	T?/M?	live	0	0	0	650	374.721	650.000	568.824	0	0	30	3	2	134	8	0	0		16171	0	0	1	1	0.462	0.540	0.584	0	0.0709	0.0000
3.5.1	nat.Samekh 0.4	mid		3	true	35	265.000	4540.000	0	0.000	1750.000	265.000	2033.000	105	25828	0.115	0.460	20.180	34	0	0	0.031	1.875	0	1238	1	151	149	110	3	0	0	0	69	23	1430	T?/M?	live	0	0	0	650	387.318	650.000	585.882	0	0	0	3	4	148	10	0	0		16730	0	0	1	1	0.474	0.544	0.585	0	0.0552	0.0000
3.5.1	nat.Samekh 0.4	mid		4	true	35	325.000	4359.000	0	0.000	1750.000	325.000	1883.000	105	27964	0.110	0.434	20.608	34	0	0	0.028	1.235	0	1374	11	176	176	239	3	0	0	0	74	161	1595	T?/M?	live	0	0	0	650	416.185	650.000	652.853	0	0	0	3	4	165	12	0	0		18691	0	0	1	1	0.462	0.536	0.584	0	0.0694	0.0000
3.5.1	nat.Samekh 0.4	mid		5	true	35	315.000	4633.000	0	0.000	1750.000	315.000	2111.000	105	24548	0.122	0.484	22.121	34	0	0	0.031	2.056	1	1156	0	142	141	107	1	0	0	0	69	0	1353	T?/M?	live	0	0	0	650	374.350	650.000	550.294	0	0	12	3	3	136	8	0	0		15663	0	0	1	1	0.474	0.541	0.581	0	0.0637	0.0000
3.5.1	nat.Samekh 0.4	mid		6	true	35	438.000	4386.000	1	50.000	1700.000	370.000	1960.000	116	27272	0.117	0.459	20.737	34	0	0	0.031	1.898	3	1318	12	149	149	114	2	0	0	0	69	16	1532	T?/M?	live	0	0	0	650	399.188	625.000	633.088	0	0	28	3	3	144	5	0	0		18370	0	0	1	1	0.462	0.542	0.585	0	0.0908	0.0286
3.5.1	nat.Samekh 0.4	mid		7	true	35	315.000	4602.000	0	0.000	1750.000	315.000	2085.000	105	25128	0.117	0.475	20.338	34	0	0	0.033	1.527	0	1201	2	161	161	115	3	0	0	0	44	0	1381	T?/M?	live	0	0	0	650	383.282	650.000	570.912	0	0	32	3	1	155	7	0	0		16125	0	0	1	1	0.498	0.545	0.581	0	0.0641	0.0000
3.5.1	nat.Samekh 0.4	mid		8	true	35	331.000	4388.000	1	50.000	1700.000	265.000	1960.000	106	26348	0.119	0.466	20.445	33	0	0	0.022	2.039	0	1266	2	127	127	111	0	0	0	0	56	38	1447	T?/M?	live	0	0	0	650	363.303	650.000	606.364	0	0	0	3	1	123	10	0	0		17254	0	0	2	1	0.462	0.542	0.585	0	0.0701	0.0286
3.5.1	oog.mini.AlphaDragon 0.1	weak		1	true	35	860.000	4555.000	3	150.000	1600.000	648.000	2222.000	116	26581	0.108	0.327	8.640	34	0	0	0.087	2.375	5	1495	6	124	124	116	1	0	0	0	82	0	1504	T?/M?	live	0	0	0	650	494.482	650.000	615.324	0	0	0	3	1	121	4	0	0		18346	0	0	1	1	0.475	0.540	0.581	1	0.1588	0.0857
3.5.1	oog.mini.AlphaDragon 0.1	weak		2	true	35	473.000	4857.000	0	0.000	1750.000	473.000	2298.000	107	25294	0.104	0.312	8.320	34	0	0	0.076	2.420	12	1401	11	123	123	108	3	0	0	0	77	59	1376	T?/M?	live	0	0	0	650	471.150	650.000	575.765	0	0	0	3	2	121	7	0	0		16985	0	0	1	1	0.480	0.547	0.580	0	0.0887	0.0000
3.5.1	oog.mini.AlphaDragon 0.1	weak		3	true	35	637.000	4699.000	1	50.000	1700.000	566.000	2222.000	115	25822	0.107	0.335	8.955	34	0	0	0.070	1.744	8	1433	2	144	144	109	1	0	0	0	79	0	1456	T?/M?	live	0	0	0	650	495.868	650.000	591.706	0	0	2	3	2	140	5	0	0		17355	0	0	1	1	0.475	0.540	0.581	1	0.1194	0.0286
3.5.1	oog.mini.AlphaDragon 0.1	weak		4	true	35	564.000	4967.000	0	0.000	1750.000	553.000	2385.000	106	24177	0.104	0.320	8.988	34	0	0	0.090	1.937	8	1303	2	144	144	103	3	0	0	0	76	0	1306	T?/M?	live	0	0	0	650	486.456	650.000	540.294	0	0	0	3	3	140	5	0	0		15545	0	0	1	1	0.551	0.563	0.580	0	0.1020	0.0000
3.5.1	oog.mini.AlphaDragon 0.1	weak		5	true	35	794.000	4669.000	3	150.000	1600.000	588.000	2315.000	115	24807	0.106	0.335	11.283	34	0	0	0.087	2.460	6	1358	5	130	130	114	0	0	0	0	60	0	1359	T?/M?	live	0	0	0	650	440.585	650.000	558.029	0	0	1	3	3	125	4	0	0		16390	0	0	1	1	0.529	0.556	0.581	1	0.1453	0.0857
3.5.1	oog.mini.AlphaDragon 0.1	weak		6	true	35	692.000	4632.000	1	50.000	1700.000	602.000	2155.000	114	25623	0.095	0.326	9.198	34	0	0	0.070	1.760	5	1414	0	181	181	103	0	0	0	0	60	0	1423	T?/M?	live	0	0	0	650	490.047	625.000	582.382	0	0	36	3	2	174	7	0	0		16495	0	0	1	1	0.475	0.546	0.580	0	0.1300	0.0286
3.5.1	oog.mini.AlphaDragon 0.1	weak		7	true	35	634.000	4550.000	2	100.000	1650.000	494.000	2154.000	113	25529	0.088	0.305	8.007	34	0	0	0.062	1.815	3	1404	4	145	145	107	2	0	0	0	67	0	1431	T?/M?	live	0	0	0	650	492.159	650.000	582.118	0	0	0	3	1	140	4	0	0		16924	0	0	1	1	0.362	0.509	0.581	1	0.1223	0.0571
3.5.1	oog.mini.AlphaDragon 0.1	weak		8	true	35	590.000	4732.000	1	50.000	1700.000	524.000	2248.000	112	25526	0.091	0.295	8.231	34	0	0	0.077	2.252	8	1410	3	159	159	106	0	0	0	0	80	74	1406	T?/M?	live	0	0	0	650	501.029	650.000	576.706	0	0	0	3	2	157	13	0	0		16508	0	0	1	1	0.475	0.545	0.580	1	0.1109	0.0286
3.5.1	pl.Drum 0.1	weak		1	true	35	1179.000	5313.000	2	100.000	1650.000	950.000	2707.000	113	20655	0.092	0.318	7.372	34	0	0	0.162	3.173	45	997	1	126	124	113	6	0	0	0	59	83	1046	T?/M?	live	0	0	0	650	385.029	400.000	439.500	3	1	44	3	1	120	7	0	0		12309	0	0	1	1	0.464	0.515	0.555	0	0.1816	0.0571
3.5.1	pl.Drum 0.1	weak		2	true	35	1158.000	5557.000	0	0.000	1750.000	1023.000	2724.000	106	20664	0.108	0.360	8.938	33	0	0	0.139	2.203	19	997	4	170	170	116	4	0	0	0	40	0	1024	T?/M?	live	0	0	0	650	392.212	400.000	443.182	0	0	33	3	1	158	12	0	0		11461	0	0	2	1	0.511	0.554	0.606	0	0.1724	0.0000
3.5.1	pl.Drum 0.1	weak		3	true	35	1101.000	5579.000	0	0.000	1750.000	853.000	2636.000	105	19712	0.090	0.324	9.184	34	0	0	0.168	2.479	13	927	2	134	133	110	3	0	0	0	46	0	982	T?/M?	live	0	0	0	650	409.262	400.000	417.706	0	0	28	3	2	130	4	0	0		11426	0	0	1	1	0.464	0.515	0.555	0	0.1648	0.0000
3.5.1	pl.Drum 0.1	weak		4	true	35	1179.000	5381.000	1	50.000	1700.000	1024.000	2689.000	106	21060	0.105	0.337	9.201	33	0	0	0.152	2.920	15	1027	6	130	129	99	7	0	0	0	54	0	1075	T?/M?	live	0	0	0	650	360.818	400.000	461.152	9	0	28	3	1	122	9	0	0		12545	0	0	2	1	0.511	0.554	0.606	0	0.1797	0.0286
3.5.1	pl.Drum 0.1	weak		5	true	35	964.000	5446.000	1	50.000	1700.000	798.000	2715.000	118	20481	0.097	0.326	10.476	34	0	0	0.153	2.116	13	981	5	143	142	114	3	0	0	0	34	0	1027	T?/M?	live	0	0	0	650	412.147	650.000	432.441	0	0	5	3	1	136	4	0	0		11830	0	0	1	1	0.480	0.522	0.540	0	0.1504	0.0286
3.5.1	pl.Drum 0.1	weak		6	true	35	792.000	5519.000	0	0.000	1750.000	717.000	2749.000	107	19806	0.104	0.324	10.117	34	0	0	0.137	2.821	12	933	2	115	115	137	1	0	0	0	43	0	991	T?/M?	live	0	0	0	650	381.547	450.000	416.941	0	0	7	3	1	111	1	0	0		11662	0	0	1	1	0.464	0.525	0.596	0	0.1255	0.0000
3.5.1	pl.Drum 0.1	weak		7	true	35	990.000	5578.000	0	0.000	1750.000	950.000	2829.000	106	20459	0.095	0.327	8.545	34	0	0	0.141	2.346	9	984	2	160	160	113	3	0	0	0	41	0	1037	T?/M?	live	0	0	0	650	417.532	650.000	433.618	0	0	8	3	1	152	8	0	0		11680	0	0	1	1	0.480	0.518	0.540	0	0.1507	0.0000
3.5.1	pl.Drum 0.1	weak		8	true	35	1088.000	5355.000	2	100.000	1650.000	906.000	2773.000	117	20190	0.108	0.338	9.784	34	0	0	0.157	2.805	21	959	7	124	122	106	7	0	0	0	26	0	1020	T?/M?	live	0	0	0	650	379.209	400.000	430.382	0	0	17	3	1	119	2	0	0		12049	0	0	1	1	0.514	0.542	0.596	0	0.1689	0.0571
3.5.1	pl.Patton.GeneralPatton 1.54	weak		1	true	35	1502.000	5269.000	2	100.000	1650.000	1222.000	2640.000	118	22939	0.127	0.550	10.123	34	0	0	0.155	1.744	8	1106	6	188	187	106	4	0	0	0	48	0	1202	T?/M?	live	0	0	0	650	382.997	400.000	506.912	0	0	65	3	3	183	13	0	0		13467	0	0	1	1	0.474	0.541	0.581	0	0.2218	0.0571
3.5.1	pl.Patton.GeneralPatton 1.54	weak		2	true	35	1112.000	5171.000	1	50.000	1700.000	971.000	2500.000	115	23156	0.113	0.380	9.361	34	0	0	0.147	2.367	7	1164	1	161	161	119	2	0	0	0	64	33	1246	T?/M?	live	0	0	0	650	396.712	650.000	513.176	0	0	17	3	3	149	12	0	0		14528	0	0	1	1	0.522	0.559	0.585	0	0.1770	0.0286
3.5.1	pl.Patton.GeneralPatton 1.54	weak		3	true	35	1046.000	4936.000	2	100.000	1650.000	824.000	2400.000	116	22964	0.113	0.383	9.904	34	0	0	0.137	2.703	0	1119	1	149	148	108	3	0	0	0	61	0	1211	T?/M?	live	0	0	0	650	398.106	400.000	507.471	2	0	12	3	2	148	10	0	0		14289	0	0	1	1	0.474	0.545	0.581	0	0.1749	0.0571
3.5.1	pl.Patton.GeneralPatton 1.54	weak		4	true	35	1244.000	5348.000	1	50.000	1700.000	1074.000	2642.000	115	22392	0.114	0.403	8.150	34	0	0	0.162	2.322	7	1099	4	164	164	112	5	0	0	0	55	10	1166	T?/M?	live	0	0	0	650	363.009	400.000	491.147	0	0	32	3	1	163	9	0	0		13546	0	0	1	1	0.522	0.559	0.585	0	0.1887	0.0286
3.5.1	pl.Patton.GeneralPatton 1.54	weak		5	true	35	1020.000	5146.000	1	50.000	1700.000	857.000	2470.000	107	23882	0.112	0.382	8.427	33	0	0	0.124	2.408	1	1199	7	172	172	104	7	0	0	0	57	55	1233	T?/M?	live	0	0	0	650	412.761	550.000	533.424	0	0	22	3	1	164	11	0	0		14491	0	0	2	1	0.498	0.539	0.586	1	0.1654	0.0286
3.5.1	pl.Patton.GeneralPatton 1.54	weak		6	true	35	1258.000	5095.000	2	100.000	1650.000	998.000	2472.000	114	21991	0.114	0.443	8.565	34	0	0	0.156	1.915	5	1058	2	190	188	124	3	0	0	0	51	39	1110	T?/M?	live	0	0	0	650	386.668	400.000	474.088	3	0	57	3	2	182	11	0	0		12532	0	0	1	1	0.498	0.545	0.581	0	0.1980	0.0571
3.5.1	pl.Patton.GeneralPatton 1.54	weak		7	true	35	1031.000	5028.000	1	50.000	1700.000	835.000	2363.000	119	23339	0.110	0.383	9.228	34	0	0	0.118	2.641	3	1159	3	157	156	119	1	0	0	0	53	0	1217	T?/M?	live	0	0	0	650	385.153	400.000	513.559	0	0	2	3	3	152	12	0	0		14417	0	0	1	1	0.498	0.539	0.586	1	0.1702	0.0286
3.5.1	pl.Patton.GeneralPatton 1.54	weak		8	true	35	1726.000	4910.000	5	200.000	1500.000	1325.000	2504.000	104	22845	0.112	0.434	9.667	33	0	0	0.182	1.841	7	1089	23	200	200	108	1	0	0	0	67	0	1112	T?/M?	live	0	0	0	650	363.936	400.000	502.152	13	0	75	3	2	187	11	0	0		12960	0	0	2	1	0.498	0.544	0.581	0	0.2601	0.1176
3.5.1	rtk.Tachikoma 1.0	weak		1	true	35	2014.000	3623.000	11	550.000	1200.000	1234.000	1866.000	114	28139	0.215	0.562	14.833	34	0	0	0.132	1.490	1	1622	7	268	268	108	5	0	0	0	76	0	1569	T?/M?	live	0	0	0	650	381.841	400.000	649.471	11	0	137	3	2	264	12	0	0		17414	0	0	1	1	0.485	0.525	0.556	0	0.3573	0.3143
3.5.1	rtk.Tachikoma 1.0	weak		2	true	35	1330.000	4061.000	6	300.000	1450.000	921.000	1961.000	125	28147	0.232	0.615	14.929	35	0	0	0.090	1.374	0	1610	5	223	221	124	2	0	0	0	75	0	1634	T?/M?	live	0	0	0	650	422.031	550.000	654.200	0	0	90	3	1	223	9	0	0		18826	0	0	0	0	0.481	0.517	0.557	0	0.2467	0.1714
3.5.1	rtk.Tachikoma 1.0	weak		3	true	35	1178.000	4177.000	4	200.000	1550.000	877.000	1937.000	129	28001	0.212	0.553	10.250	35	0	0	0.077	1.000	17	1596	8	259	257	133	12	0	0	0	70	0	1609	T?/M?	live	0	0	0	650	395.366	400.000	650.029	0	0	141	3	1	258	6	0	0		18119	0	0	0	0	0.485	0.524	0.556	0	0.2200	0.1143
3.5.1	rtk.Tachikoma 1.0	weak		4	true	35	1250.000	4159.000	6	300.000	1450.000	820.000	2053.000	130	28015	0.226	0.592	16.128	35	0	0	0.086	1.115	1	1607	6	265	264	115	3	0	0	0	65	0	1526	T?/M?	live	0	0	0	650	451.054	650.000	650.429	0	0	91	3	2	265	10	0	0		18045	0	0	0	0	0.481	0.517	0.557	0	0.2311	0.1714
3.5.1	rtk.Tachikoma 1.0	weak		5	true	35	1360.000	3917.000	7	350.000	1400.000	880.000	1890.000	115	29856	0.205	0.491	15.529	34	0	0	0.084	1.268	0	1711	8	214	214	113	3	0	0	0	72	34	1648	T?/M?	live	0	0	0	650	418.382	400.000	699.412	0	0	75	3	1	208	10	0	0		19941	0	0	1	1	0.485	0.525	0.564	1	0.2577	0.2000
3.5.1	rtk.Tachikoma 1.0	weak		6	true	35	1193.000	4228.000	5	250.000	1500.000	832.000	2029.000	115	27505	0.213	0.557	14.198	34	0	0	0.097	1.314	2	1546	4	235	233	128	1	0	0	0	60	121	1536	T?/M?	live	0	0	0	650	423.971	400.000	635.471	0	0	95	3	1	232	9	0	0		17406	0	0	1	1	0.481	0.525	0.556	0	0.2201	0.1429
3.5.1	rtk.Tachikoma 1.0	weak		7	true	35	1729.000	3496.000	11	550.000	1200.000	959.000	1735.000	129	28634	0.217	0.542	14.538	35	0	0	0.087	0.934	3	1619	5	262	262	153	4	0	0	0	73	0	1655	T?/M?	live	0	0	0	650	406.811	400.000	668.114	2	0	154	3	1	262	11	0	0		18674	0	0	0	0	0.488	0.525	0.564	1	0.3309	0.3143
3.5.1	rtk.Tachikoma 1.0	weak		8	true	35	1473.000	3796.000	8	400.000	1350.000	913.000	1856.000	116	28312	0.220	0.537	14.805	34	0	0	0.081	1.129	2	1625	3	240	237	145	8	0	0	0	83	0	1641	T?/M?	live	0	0	0	650	393.179	400.000	667.412	2	0	107	3	1	235	11	0	0		18478	0	0	1	1	0.481	0.520	0.556	0	0.2796	0.2286
3.5.1	rz.Aleph 0.34	mid		1	true	35	269.000	4714.000	0	0.000	1750.000	269.000	2178.000	105	23272	0.100	0.435	8.362	34	0	0	0.027	1.081	0	1083	9	190	190	132	1	0	0	0	73	0	1259	T?/M?	live	0	0	0	650	479.515	650.000	515.971	0	0	0	3	2	185	6	0	0		13815	0	0	1	1	0.453	0.487	0.514	0	0.0540	0.0000
3.5.1	rz.Aleph 0.34	mid		2	true	35	279.000	4810.000	0	0.000	1750.000	279.000	2258.000	106	23009	0.118	0.492	9.336	34	0	0	0.033	1.353	0	1063	1	146	146	104	0	0	0	0	52	0	1227	T?/M?	live	0	0	0	650	445.659	650.000	502.000	0	0	0	3	2	142	3	0	0		14018	0	0	1	1	0.413	0.528	0.592	0	0.0548	0.0000
3.5.1	rz.Aleph 0.34	mid		3	true	35	355.000	4571.000	0	0.000	1750.000	355.000	2059.000	107	25633	0.091	0.417	8.081	34	0	0	0.033	1.206	0	1228	6	164	164	113	3	0	0	0	59	0	1425	T?/M?	live	0	0	0	650	461.779	650.000	581.000	0	0	24	3	3	161	6	0	0		16407	0	0	1	1	0.453	0.495	0.555	0	0.0721	0.0000
3.5.1	rz.Aleph 0.34	mid		4	true	35	320.000	4833.000	0	0.000	1750.000	320.000	2277.000	105	22987	0.111	0.486	8.670	34	0	0	0.041	1.377	0	1060	7	147	147	108	0	0	0	0	57	0	1238	T?/M?	live	0	0	0	650	440.735	650.000	506.618	0	0	0	3	2	140	5	0	0		14190	0	0	1	1	0.504	0.546	0.592	0	0.0621	0.0000
3.5.1	rz.Aleph 0.34	mid		5	true	35	211.000	4608.000	0	0.000	1750.000	211.000	2090.000	106	24742	0.109	0.458	47.542	34	0	0	0.019	1.473	0	1177	12	128	126	117	1	0	0	0	75	0	1369	T?/M?	live	0	0	0	650	477.853	650.000	558.147	0	0	0	3	1	125	4	0	0		16190	0	0	1	1	0.475	0.544	0.581	1	0.0438	0.0000
3.5.1	rz.Aleph 0.34	mid		6	true	35	245.000	4667.000	0	0.000	1750.000	245.000	2139.000	106	24332	0.113	0.452	9.311	34	0	0	0.025	2.128	0	1159	6	121	121	105	2	0	0	0	66	0	1344	T?/M?	live	0	0	0	650	443.603	650.000	543.118	0	0	0	3	1	114	3	0	0		15809	0	0	1	1	0.480	0.547	0.580	0	0.0499	0.0000
3.5.1	rz.Aleph 0.34	mid		7	true	35	176.000	4721.000	0	0.000	1750.000	176.000	2184.000	107	23667	0.116	0.471	9.514	34	0	0	0.018	1.780	0	1094	4	95	95	107	0	0	0	0	69	25	1282	T?/M?	live	0	0	0	650	430.744	650.000	522.412	0	0	0	3	1	92	6	0	0		15442	0	0	1	1	0.475	0.540	0.581	1	0.0359	0.0000
3.5.1	rz.Aleph 0.34	mid		8	true	35	293.000	4762.000	0	0.000	1750.000	293.000	2219.000	106	23761	0.120	0.480	8.791	34	0	0	0.029	1.668	0	1115	7	126	126	108	1	0	0	0	59	0	1297	T?/M?	live	0	0	0	650	434.741	650.000	528.265	0	0	0	3	2	119	1	0	0		15242	0	0	1	1	0.480	0.547	0.580	0	0.0580	0.0000
3.5.1	sheldor.mini.FoilistMC 1.0	mid		1	true	35	278.000	4418.000	1	50.000	1700.000	210.000	1984.000	117	25084	0.176	0.478	11.556	34	0	0	0.016	1.074	4	1342	7	204	204	122	2	0	0	0	77	0	1388	T?/M?	live	0	0	0	650	487.044	650.000	567.765	0	0	0	3	1	200	9	0	0		15473	0	0	1	1	0.470	0.525	0.575	1	0.0592	0.0286
3.5.1	sheldor.mini.FoilistMC 1.0	mid		2	true	35	385.000	4444.000	0	0.000	1750.000	385.000	1953.000	105	26775	0.189	0.490	10.300	34	0	0	0.025	1.367	5	1485	8	236	236	105	4	0	0	0	91	127	1496	T?/M?	live	0	0	0	650	450.859	650.000	614.529	0	0	4	3	2	232	15	0	0		16620	0	0	1	1	0.492	0.536	0.578	0	0.0797	0.0000
3.5.1	sheldor.mini.FoilistMC 1.0	mid		3	true	35	333.000	4644.000	0	0.000	1750.000	333.000	2120.000	105	24045	0.179	0.492	10.820	34	0	0	0.029	1.177	6	1263	5	229	228	136	2	0	0	0	61	0	1316	T?/M?	live	0	0	0	650	476.929	650.000	536.235	0	0	13	3	1	220	8	0	0		14211	0	0	1	1	0.470	0.525	0.575	1	0.0669	0.0000
3.5.1	sheldor.mini.FoilistMC 1.0	mid		4	true	35	395.000	4612.000	0	0.000	1750.000	395.000	2094.000	106	24820	0.218	0.557	11.589	34	0	0	0.034	1.233	4	1302	4	249	249	104	3	0	0	0	58	182	1354	T?/M?	live	0	0	0	650	485.950	650.000	558.412	0	0	8	3	1	244	14	0	0		14520	0	0	1	1	0.492	0.524	0.554	0	0.0789	0.0000
3.5.1	sheldor.mini.FoilistMC 1.0	mid		5	true	35	303.000	4576.000	0	0.000	1750.000	303.000	2064.000	106	24788	0.189	0.479	12.099	34	0	0	0.027	1.170	3	1317	3	235	235	106	1	0	0	0	57	159	1374	T?/M?	live	0	0	0	650	455.350	650.000	558.059	0	0	0	3	2	230	12	0	0		14771	0	0	1	1	0.495	0.527	0.575	1	0.0621	0.0000
3.5.1	sheldor.mini.FoilistMC 1.0	mid		6	true	35	426.000	4433.000	1	50.000	1700.000	359.000	1996.000	116	25576	0.197	0.528	11.321	34	0	0	0.023	1.253	3	1380	5	243	242	126	2	0	0	0	75	0	1406	T?/M?	live	0	0	0	650	506.182	650.000	580.235	0	0	2	3	2	222	10	0	0		15651	0	0	1	1	0.470	0.515	0.554	1	0.0877	0.0286
3.5.1	sheldor.mini.FoilistMC 1.0	mid		7	true	35	402.000	4604.000	0	0.000	1750.000	396.000	2085.000	105	24522	0.190	0.495	11.936	34	0	0	0.031	1.472	5	1314	1	239	239	111	0	0	0	0	74	174	1334	T?/M?	live	0	0	0	650	481.500	400.000	553.294	0	0	52	3	1	233	19	0	0		14552	0	0	1	1	0.495	0.527	0.575	1	0.0803	0.0000
3.5.1	sheldor.mini.FoilistMC 1.0	mid		8	true	35	301.000	4497.000	0	0.000	1750.000	300.000	1996.000	105	25261	0.190	0.507	12.070	34	0	0	0.023	1.181	4	1347	4	249	249	114	1	0	0	0	73	2	1408	T?/M?	live	0	0	0	650	480.891	650.000	572.559	0	0	0	3	2	237	9	0	0		15143	0	0	1	1	0.470	0.515	0.554	1	0.0627	0.0000
3.5.1	shrub.Silver v048	weak		1	true	35	3549.000	2855.000	23	1100.000	600.000	1968.000	1954.000	128	32973	0.098	0.288	9.427	35	0	0	0.223	4.553	0	1536	7	98	97	134	1	0	0	0	71	0	2014	T?/M?	live	0	0	0	650	355.443	550.000	792.086	0	0	9	3	2	97	2	0	0		25086	0	0	0	0	0.480	0.539	0.586	0	0.5542	0.6471
3.5.1	shrub.Silver v048	weak		2	true	35	3343.000	3238.000	19	950.000	800.000	1950.000	2050.000	126	30861	0.106	0.326	10.056	35	0	0	0.223	3.678	1	1478	3	103	103	156	1	0	0	0	69	0	1867	T?/M?	live	0	0	0	650	340.100	400.000	731.743	0	0	17	3	1	103	2	0	0		22926	0	0	0	0	0.514	0.541	0.596	0	0.5080	0.5429
3.5.1	shrub.Silver v048	weak		3	true	35	3439.000	2803.000	23	1150.000	600.000	1793.000	1911.000	106	32320	0.103	0.304	9.670	33	0	0	0.210	3.894	0	1540	4	114	113	104	1	0	0	0	83	97	1873	T?/M?	live	0	0	0	650	353.027	650.000	779.727	0	0	6	3	0	112	9	0	0		23034	0	0	2	1	0.480	0.531	0.586	0	0.5509	0.6571
3.5.1	shrub.Silver v048	weak		4	true	35	3309.000	2937.000	21	1050.000	700.000	1817.000	1887.000	127	31517	0.104	0.311	8.500	35	0	0	0.212	3.407	0	1469	5	105	105	110	0	0	0	0	68	0	1892	T?/M?	live	0	0	0	650	339.834	400.000	750.486	0	0	9	3	2	105	1	0	0		23591	0	0	0	0	0.514	0.544	0.596	0	0.5298	0.6000
3.5.1	shrub.Silver v048	weak		5	true	35	3512.000	2949.000	22	1100.000	650.000	1930.000	1967.000	115	31927	0.103	0.305	9.453	34	0	0	0.228	3.992	0	1513	5	99	99	108	0	0	0	0	79	64	1909	T?/M?	live	0	0	0	650	333.797	650.000	764.324	0	0	5	3	1	98	6	0	0		23475	0	0	1	1	0.462	0.528	0.586	0	0.5436	0.6286
3.5.1	shrub.Silver v048	weak		6	true	35	4171.000	2171.000	29	1450.000	300.000	2076.000	1719.000	128	31028	0.101	0.317	8.410	35	0	0	0.243	3.915	0	1469	3	95	95	108	0	0	0	0	67	0	1896	T?/M?	live	0	0	0	650	343.780	400.000	736.514	0	0	21	3	3	95	4	0	0		23258	0	0	0	0	0.514	0.544	0.596	0	0.6577	0.8286
3.5.1	shrub.Silver v048	weak		7	true	35	3239.000	3331.000	19	950.000	800.000	1886.000	2124.000	127	33166	0.102	0.302	9.747	35	0	0	0.216	4.797	1	1590	6	75	75	116	1	0	0	0	63	0	2011	T?/M?	live	0	0	0	650	352.431	600.000	797.600	0	0	32	3	2	75	2	0	0		25754	0	0	0	0	0.462	0.528	0.586	0	0.4930	0.5429
3.5.1	shrub.Silver v048	weak		8	true	35	3517.000	2739.000	23	1150.000	600.000	1875.000	1833.000	113	31579	0.102	0.318	8.365	34	0	0	0.217	4.143	0	1504	5	99	99	112	2	0	0	0	79	0	1860	T?/M?	live	0	0	0	650	345.453	400.000	751.676	0	0	45	3	1	98	3	0	0		22946	0	0	1	1	0.480	0.533	0.596	0	0.5622	0.6571
3.5.1	supersample.SuperTrackFire 1.0	weak		1	true	35	3698.000	1766.000	31	1550.000	200.000	1545.000	1444.000	131	20950	0.089	0.323	8.512	35	0	0	0.295	1.571	14	995	6	102	100	110	2	0	0	0	41	0	1118	T?/M?	live	0	0	0	650	372.803	400.000	448.571	0	0	0	3	1	102	2	0	0		13184	0	0	0	0	0.512	0.558	0.594	0	0.6768	0.8857
3.5.1	supersample.SuperTrackFire 1.0	weak		2	true	35	3306.000	2331.000	27	1350.000	400.000	1388.000	1659.000	129	20979	0.076	0.313	8.295	35	0	0	0.267	1.168	25	984	8	134	132	107	2	0	0	0	49	0	1127	T?/M?	live	0	0	0	650	450.169	650.000	449.400	0	0	3	3	3	134	8	0	0		12734	0	0	0	0	0.512	0.533	0.560	0	0.5865	0.7714
3.5.1	supersample.SuperTrackFire 1.0	weak		3	true	35	3372.000	2455.000	27	1350.000	400.000	1496.000	1823.000	124	22723	0.086	0.316	9.082	35	0	0	0.272	1.934	13	1116	2	108	106	121	1	0	0	0	56	0	1234	T?/M?	live	0	0	0	650	404.703	400.000	499.229	0	0	0	3	2	108	0	0	0		14899	0	0	0	0	0.538	0.564	0.594	0	0.5787	0.7714
3.5.1	supersample.SuperTrackFire 1.0	weak		4	true	35	3834.000	1013.000	34	1700.000	50.000	1498.000	929.000	123	20767	0.071	0.286	8.193	35	0	0	0.290	0.990	22	986	4	120	119	106	3	0	0	0	56	1	1108	T?/M?	live	0	0	0	650	372.251	400.000	443.343	0	0	20	3	1	120	6	0	0		12757	0	0	0	0	0.512	0.533	0.560	0	0.7910	0.9714
3.5.1	supersample.SuperTrackFire 1.0	weak		5	true	35	3371.000	2466.000	27	1350.000	400.000	1501.000	1827.000	126	21847	0.075	0.287	7.991	35	0	0	0.281	1.974	13	1048	3	110	109	113	1	0	0	0	54	0	1198	T?/M?	live	0	0	0	650	391.540	400.000	474.200	0	0	0	3	1	110	4	0	0		13992	0	0	0	0	0.442	0.522	0.555	0	0.5775	0.7714
3.5.1	supersample.SuperTrackFire 1.0	weak		6	true	35	3625.000	1696.000	31	1550.000	200.000	1444.000	1351.000	125	20652	0.077	0.309	9.025	35	0	0	0.299	1.051	22	970	4	117	111	133	2	0	0	0	46	58	1102	T?/M?	live	0	0	0	650	403.200	475.000	440.057	0	0	0	3	1	117	7	0	0		12711	0	0	0	0	0.492	0.537	0.576	0	0.6813	0.8857
3.5.1	supersample.SuperTrackFire 1.0	weak		7	true	35	3462.000	2106.000	29	1450.000	300.000	1398.000	1565.000	124	21057	0.062	0.275	8.837	35	0	0	0.264	1.506	35	995	3	143	137	114	1	0	0	0	54	0	1136	T?/M?	live	0	0	0	650	438.957	400.000	451.629	0	0	0	3	1	143	4	0	0		12681	0	0	0	0	0.442	0.513	0.555	0	0.6218	0.8286
3.5.1	supersample.SuperTrackFire 1.0	weak		8	true	35	3777.000	1745.000	32	1600.000	150.000	1525.000	1492.000	127	21463	0.084	0.317	9.115	35	0	0	0.287	2.118	5	1030	2	103	101	161	2	0	0	0	49	0	1167	T?/M?	live	0	0	0	650	362.666	400.000	463.229	0	0	0	3	1	103	5	0	0		13671	0	0	0	0	0.492	0.540	0.576	0	0.6840	0.9143
3.5.1	tad.Dalek98 0.98	weak		1	true	35	1581.000	3295.000	16	650.000	950.000	726.000	1893.000	113	26148	0.110	0.331	8.437	34	0	0	0.088	1.143	0	1228	4	160	159	112	1	0	0	0	65	0	1374	T?/M?	live	0	0	0	650	391.824	400.000	601.588	0	0	21	3	2	155	4	0	0		17162	0	0	1	1	0.485	0.516	0.530	0	0.3242	0.4062
3.5.1	tad.Dalek98 0.98	weak		2	true	35	1639.000	3561.000	13	650.000	1100.000	775.000	1937.000	117	24816	0.114	0.351	10.187	34	0	0	0.113	1.411	0	1189	10	135	135	106	0	0	0	0	70	0	1375	T?/M?	live	0	0	0	650	451.468	650.000	562.588	0	0	0	3	2	133	5	0	0		16120	0	0	1	1	0.504	0.534	0.556	0	0.3152	0.3714
3.5.1	tad.Dalek98 0.98	weak		3	true	35	1640.000	3664.000	13	650.000	1100.000	787.000	2032.000	114	26063	0.115	0.339	8.243	34	0	0	0.115	1.585	0	1275	5	119	119	109	0	0	0	0	73	0	1445	T?/M?	live	0	0	0	650	383.856	650.000	592.971	0	0	0	3	1	117	6	0	0		17427	0	0	1	1	0.485	0.529	0.564	1	0.3092	0.3714
3.5.1	tad.Dalek98 0.98	weak		4	true	35	1655.000	3771.000	13	600.000	1100.000	859.000	2127.000	125	25106	0.109	0.350	8.562	35	0	0	0.123	1.016	0	1179	9	151	150	127	1	0	0	0	64	0	1365	T?/M?	live	0	0	0	650	432.954	650.000	567.314	0	0	13	3	3	151	4	0	0		16557	0	0	0	0	0.518	0.535	0.556	0	0.3050	0.3529
3.5.1	tad.Dalek98 0.98	weak		5	true	35	1129.000	4043.000	9	400.000	1300.000	610.000	2111.000	116	24564	0.111	0.351	9.749	34	0	0	0.086	1.484	1	1186	7	131	130	162	1	0	0	0	60	0	1268	T?/M?	live	0	0	0	650	406.576	650.000	539.941	0	0	0	3	1	127	2	0	0		15409	0	0	1	1	0.488	0.527	0.563	1	0.2183	0.2353
3.5.1	tad.Dalek98 0.98	weak		6	true	35	1206.000	4019.000	9	400.000	1300.000	681.000	2101.000	114	25318	0.110	0.346	9.448	34	0	0	0.096	1.373	0	1207	7	132	131	110	0	0	0	0	39	0	1348	T?/M?	live	0	0	0	650	406.082	400.000	571.294	0	0	0	3	1	124	4	0	0		16546	0	0	1	1	0.508	0.536	0.564	1	0.2308	0.2353
3.5.1	tad.Dalek98 0.98	weak		7	true	35	1165.000	4127.000	8	350.000	1350.000	713.000	2132.000	117	26002	0.112	0.334	8.623	34	0	0	0.103	1.602	2	1264	8	127	127	116	0	0	0	0	71	0	1397	T?/M?	live	0	0	0	650	389.829	650.000	587.500	0	0	0	3	3	122	4	0	0		17134	0	0	1	1	0.511	0.534	0.563	1	0.2201	0.2059
3.5.1	tad.Dalek98 0.98	weak		8	true	35	1642.000	3458.000	14	700.000	1050.000	710.000	1874.000	115	24695	0.114	0.355	7.216	34	0	0	0.095	1.031	0	1179	1	164	163	120	1	0	0	0	63	0	1319	T?/M?	live	0	0	0	650	386.959	650.000	554.882	0	0	54	3	1	155	6	0	0		15575	0	0	1	1	0.508	0.536	0.564	1	0.3220	0.4000
3.5.1	theo.QuarkSoup 1.5fga	weak		1	true	35	637.000	4309.000	3	150.000	1600.000	436.000	1999.000	119	25922	0.143	0.457	10.970	34	0	0	0.052	1.774	1	1379	3	178	177	121	3	0	0	0	67	0	1442	T?/M?	live	0	0	0	650	420.532	650.000	590.324	0	0	12	3	2	174	8	0	0		16694	0	0	1	1	0.442	0.536	0.584	0	0.1288	0.0857
3.5.1	theo.QuarkSoup 1.5fga	weak		2	true	35	423.000	4622.000	1	0.000	1700.000	423.000	2151.000	109	26442	0.138	0.427	13.946	34	0	0	0.050	1.975	0	1375	2	137	136	111	2	0	0	0	65	0	1448	T?/M?	live	0	0	0	650	422.076	650.000	606.794	0	0	0	3	1	132	5	0	0		17855	0	0	1	1	0.492	0.543	0.576	0	0.0838	0.0000
3.5.1	theo.QuarkSoup 1.5fga	weak		3	true	35	357.000	4753.000	0	0.000	1750.000	355.000	2210.000	107	24170	0.141	0.416	9.751	34	0	0	0.044	1.829	0	1259	2	137	136	104	0	0	0	0	50	0	1329	T?/M?	live	0	0	0	650	410.450	650.000	540.353	0	0	0	3	3	135	7	0	0		15564	0	0	1	1	0.442	0.536	0.584	0	0.0699	0.0000
3.5.1	theo.QuarkSoup 1.5fga	weak		4	true	35	385.000	4631.000	1	0.000	1700.000	381.000	2156.000	105	25625	0.137	0.417	7.965	34	0	0	0.053	2.196	0	1329	0	144	142	197	2	0	0	0	58	0	1398	T?/M?	live	0	0	0	650	436.700	650.000	581.324	0	0	0	3	1	132	3	0	0		16925	0	0	1	1	0.492	0.543	0.576	0	0.0768	0.0000
3.5.1	theo.QuarkSoup 1.5fga	weak		5	true	35	751.000	4260.000	5	100.000	1500.000	600.000	2069.000	117	28166	0.140	0.440	10.362	34	0	0	0.066	1.739	0	1417	13	170	169	118	2	0	0	0	57	0	1481	T?/M?	live	0	0	0	650	442.188	650.000	652.647	0	0	37	3	1	159	10	0	0		18976	0	0	1	1	0.462	0.540	0.584	0	0.1499	0.0625
3.5.1	theo.QuarkSoup 1.5fga	weak		6	true	35	585.000	4472.000	2	100.000	1650.000	452.000	2085.000	114	25904	0.138	0.417	9.069	33	0	0	0.054	1.835	0	1364	4	155	155	103	1	0	0	0	71	0	1429	T?/M?	live	0	0	0	650	443.758	625.000	596.788	0	0	1	3	1	148	8	0	0		16705	0	0	2	1	0.442	0.534	0.576	0	0.1157	0.0571
3.5.1	theo.QuarkSoup 1.5fga	weak		7	true	35	533.000	4720.000	0	0.000	1750.000	525.000	2180.000	106	26112	0.142	0.437	8.735	34	0	0	0.065	1.798	0	1389	7	161	159	107	2	0	0	0	71	112	1426	T?/M?	live	0	0	0	650	396.421	650.000	599.618	0	0	38	3	1	157	12	0	0		17297	0	0	1	1	0.462	0.540	0.584	0	0.1015	0.0000
3.5.1	theo.QuarkSoup 1.5fga	weak		8	true	35	889.000	4575.000	4	200.000	1550.000	617.000	2296.000	113	24978	0.132	0.431	12.936	34	0	0	0.077	1.965	2	1274	6	169	168	118	2	0	0	0	66	127	1355	T?/M?	live	0	0	0	650	402.865	650.000	562.794	0	0	16	3	1	158	13	0	0		15985	0	0	1	1	0.442	0.534	0.576	0	0.1627	0.1143
3.5.1	theo.avenge.Pequod 1.0	mid		1	true	35	585.000	4237.000	2	50.000	1650.000	518.000	1891.000	115	28572	0.174	0.720	13.230	34	0	0	0.042	1.211	0	1101	1	164	163	110	1	0	0	0	47	0	1588	T?/M?	live	0	0	0	650	464.421	650.000	665.353	0	0	78	3	1	160	4	0	0		18675	0	0	1	1	0.453	0.522	0.592	0	0.1213	0.0294
3.5.1	theo.avenge.Pequod 1.0	mid		2	true	35	694.000	4030.000	2	100.000	1650.000	558.000	1706.000	118	31478	0.170	0.736	16.199	34	0	0	0.044	1.528	0	1241	2	162	161	110	1	0	0	0	54	192	1797	T?/M?	live	0	0	0	650	435.024	650.000	742.618	0	0	6	3	2	156	9	0	0		21357	0	0	1	1	0.431	0.514	0.570	1	0.1469	0.0571
3.5.1	theo.avenge.Pequod 1.0	mid		3	true	35	725.000	4002.000	2	100.000	1650.000	582.000	1696.000	117	32070	0.172	0.718	14.831	34	0	0	0.044	1.281	0	1284	4	154	153	115	2	0	0	0	53	0	1800	T?/M?	live	0	0	0	650	427.038	400.000	764.382	0	0	81	3	2	153	4	0	0		22073	0	0	1	1	0.413	0.509	0.592	0	0.1534	0.0571
3.5.1	theo.avenge.Pequod 1.0	mid		4	true	35	781.000	4113.000	3	150.000	1600.000	531.000	1801.000	115	29116	0.172	0.738	8.585	34	0	0	0.058	1.127	0	1121	2	180	179	113	1	0	0	0	54	35	1693	T?/M?	live	0	0	0	650	443.279	650.000	688.176	0	0	0	3	1	164	14	0	0		19542	0	0	1	1	0.413	0.504	0.570	1	0.1596	0.0857
3.5.1	theo.avenge.Pequod 1.0	mid		5	true	35	467.000	4267.000	0	0.000	1750.000	467.000	1806.000	105	29628	0.173	0.761	11.339	34	0	0	0.043	1.203	0	1203	2	162	161	146	1	0	0	0	49	0	1675	T?/M?	live	0	0	0	650	458.150	650.000	689.735	0	0	66	3	1	156	6	0	0		19741	0	0	1	1	0.453	0.517	0.592	0	0.0986	0.0000
3.5.1	theo.avenge.Pequod 1.0	mid		6	true	35	507.000	4288.000	0	0.000	1750.000	467.000	1791.000	108	29616	0.169	0.721	13.601	34	0	0	0.041	1.230	0	1234	5	177	177	112	1	0	0	0	62	0	1658	T?/M?	live	0	0	0	650	452.232	650.000	694.088	0	0	55	3	3	175	5	0	0		19524	0	0	1	1	0.413	0.504	0.570	1	0.1057	0.0000
3.5.1	theo.avenge.Pequod 1.0	mid		7	true	35	421.000	4344.000	0	0.000	1750.000	420.000	1868.000	107	28832	0.175	0.717	14.486	34	0	0	0.038	1.269	0	1140	6	166	165	124	1	0	0	0	48	0	1643	T?/M?	live	0	0	0	650	446.041	650.000	672.882	0	0	0	3	3	160	7	0	0		19083	0	0	1	1	0.413	0.509	0.592	0	0.0884	0.0000
3.5.1	theo.avenge.Pequod 1.0	mid		8	true	35	795.000	4084.000	2	100.000	1650.000	604.000	1708.000	116	30369	0.172	0.747	11.790	34	0	0	0.062	1.119	0	1197	0	191	189	137	1	0	0	0	59	0	1777	T?/M?	live	0	0	0	650	475.344	650.000	716.441	0	0	14	3	1	179	6	0	0		20175	0	0	1	1	0.413	0.503	0.570	1	0.1629	0.0571
3.5.1	theo.real.Ahab 1.0	mid		1	true	35	883.000	3963.000	3	150.000	1600.000	680.000	1719.000	117	31643	0.250	0.812	17.492	34	0	0	0.060	1.199	1	1538	3	254	252	136	2	0	0	0	84	0	1864	T?/M?	live	0	0	0	650	470.971	650.000	748.059	0	0	17	3	3	238	17	0	0		20885	0	0	1	1	0.432	0.490	0.554	0	0.1822	0.0857
3.5.1	theo.real.Ahab 1.0	mid		2	true	35	876.000	3912.000	3	150.000	1600.000	664.000	1681.000	116	30565	0.252	0.825	15.525	34	0	0	0.049	1.166	1	1457	2	246	244	120	1	0	0	0	92	63	1755	T?/M?	live	0	0	0	650	464.997	650.000	718.088	0	0	135	3	1	238	15	0	0		19773	0	0	1	1	0.432	0.514	0.571	1	0.1830	0.0857
3.5.1	theo.real.Ahab 1.0	mid		3	true	35	1228.000	3645.000	7	300.000	1400.000	814.000	1672.000	118	32920	0.251	0.812	9.712	34	0	0	0.075	1.291	0	1577	3	259	258	113	4	0	0	0	89	68	1946	T?/M?	live	0	0	0	650	453.650	650.000	799.441	0	0	3	3	1	258	15	0	0		22345	0	0	1	1	0.441	0.491	0.554	0	0.2520	0.1765
3.5.1	theo.real.Ahab 1.0	mid		4	true	35	782.000	4040.000	3	100.000	1600.000	643.000	1784.000	119	31341	0.258	0.827	142.344	34	0	0	0.058	1.170	2	1484	6	243	241	177	1	0	0	0	61	0	1793	T?/M?	live	0	0	0	650	431.209	650.000	727.794	0	0	6	3	2	231	8	0	0		20261	0	0	1	1	0.432	0.515	0.571	1	0.1622	0.0588
3.5.1	theo.real.Ahab 1.0	mid		5	true	35	1250.000	3881.000	5	200.000	1500.000	847.000	1659.000	118	32778	0.248	0.808	10.989	34	0	0	0.083	1.463	2	1560	3	242	242	111	3	0	0	0	80	146	1932	T?/M?	live	0	0	0	650	441.032	650.000	793.176	0	0	23	3	1	236	13	0	0		22459	0	0	1	1	0.420	0.484	0.554	0	0.2436	0.1176
3.5.1	theo.real.Ahab 1.0	mid		6	true	35	1402.000	3456.000	8	400.000	1350.000	849.000	1565.000	114	29983	0.255	0.805	11.610	34	0	0	0.069	1.010	0	1447	4	296	295	123	4	0	0	0	68	0	1739	T?/M?	live	0	0	0	650	409.509	650.000	710.971	10	0	170	3	2	290	14	0	0		18894	0	0	1	1	0.432	0.502	0.550	0	0.2886	0.2286
3.5.1	theo.real.Ahab 1.0	mid		7	true	35	887.000	3914.000	4	200.000	1550.000	624.000	1732.000	117	31606	0.251	0.789	15.956	34	0	0	0.056	1.041	2	1502	3	286	285	114	5	0	0	0	61	0	1842	T?/M?	live	0	0	0	650	469.374	650.000	756.441	0	0	5	3	4	272	16	0	0		20681	0	0	1	1	0.420	0.486	0.554	1	0.1848	0.1143
3.5.1	theo.real.Ahab 1.0	mid		8	true	35	932.000	3963.000	3	150.000	1600.000	733.000	1713.000	114	32292	0.246	0.827	10.347	34	0	0	0.061	0.975	0	1550	2	245	243	111	4	0	0	0	68	0	1904	T?/M?	live	0	0	0	650	464.365	650.000	770.353	0	0	30	3	1	239	7	0	0		21649	0	0	1	1	0.432	0.495	0.541	0	0.1904	0.0857
3.5.1	tide.pear.Pear 0.62.1	mid		1	true	35	222.000	4756.000	0	0.000	1750.000	222.000	2213.000	107	22711	0.145	0.440	10.133	34	0	0	0.020	1.781	1	1175	315	172	172	109	0	0	0	0	85	77	1240	T?/M?	live	0	0	0	650	472.474	650.000	501.559	0	0	0	3	1	168	11	0	0		13744	0	0	1	1	0.470	0.520	0.575	1	0.0446	0.0000
3.5.1	tide.pear.Pear 0.62.1	mid		2	true	35	150.000	4825.000	0	0.000	1750.000	150.000	2271.000	106	21311	0.145	0.427	9.727	34	0	0	0.015	1.857	0	1074	305	169	169	119	0	0	0	0	67	152	1119	T?/M?	live	0	0	0	650	471.206	650.000	458.941	0	0	0	3	2	159	14	0	0		12413	0	0	1	1	0.492	0.523	0.554	0	0.0302	0.0000
3.5.1	tide.pear.Pear 0.62.1	mid		3	true	35	201.000	4748.000	0	0.000	1750.000	201.000	2207.000	105	22664	0.146	0.428	10.469	34	0	0	0.021	2.037	2	1177	332	157	157	106	0	0	0	0	64	118	1214	T?/M?	live	0	0	0	650	452.906	650.000	501.059	0	0	19	3	2	151	7	0	0		13952	0	0	1	1	0.470	0.520	0.575	1	0.0406	0.0000
3.5.1	tide.pear.Pear 0.62.1	mid		4	true	35	234.000	4813.000	0	0.000	1750.000	234.000	2261.000	106	21750	0.142	0.438	9.425	34	0	0	0.026	1.427	0	1106	316	216	215	127	0	0	0	0	64	0	1145	T?/M?	live	0	0	0	650	435.982	650.000	472.500	0	0	0	3	2	213	10	0	0		12147	0	0	1	1	0.496	0.529	0.554	0	0.0464	0.0000
3.5.1	tide.pear.Pear 0.62.1	mid		5	true	35	152.000	4750.000	0	0.000	1750.000	152.000	2208.000	106	22123	0.141	0.442	9.193	34	0	0	0.015	1.395	0	1137	351	202	201	113	3	0	0	0	67	110	1172	T?/M?	live	0	0	0	650	444.482	650.000	484.588	0	0	0	3	1	197	16	0	0		12749	0	0	1	1	0.431	0.506	0.550	1	0.0310	0.0000
3.5.1	tide.pear.Pear 0.62.1	mid		6	true	35	140.000	4801.000	0	0.000	1750.000	140.000	2250.000	105	21701	0.133	0.401	8.924	34	0	0	0.016	1.879	1	1104	347	158	158	105	1	0	0	0	79	113	1146	T?/M?	live	0	0	0	650	448.203	650.000	470.647	0	0	0	3	3	154	11	0	0		12848	0	0	1	1	0.495	0.524	0.570	1	0.0283	0.0000
3.5.1	tide.pear.Pear 0.62.1	mid		7	true	35	237.000	4838.000	0	0.000	1750.000	237.000	2281.000	105	21437	0.134	0.416	8.725	34	0	0	0.025	1.606	1	1086	310	210	210	115	1	0	0	0	55	27	1115	T?/M?	live	0	0	0	650	460.626	650.000	459.647	0	0	0	3	2	208	11	0	0		11776	0	0	1	1	0.431	0.497	0.545	0	0.0467	0.0000
3.5.1	tide.pear.Pear 0.62.1	mid		8	true	35	185.000	4862.000	0	0.000	1750.000	185.000	2301.000	106	20977	0.136	0.426	8.581	34	0	0	0.020	2.043	0	1051	297	176	176	116	3	0	0	0	63	0	1096	T?/M?	live	0	0	0	650	470.462	650.000	449.794	0	0	0	3	1	169	10	0	0		11963	0	0	1	1	0.495	0.528	0.570	1	0.0367	0.0000
3.5.1	vjik.UnViolation 1.1	weak		1	true	35	1165.000	5290.000	0	0.000	1750.000	1131.000	2639.000	105	24465	0.086	0.306	8.914	34	0	0	0.131	3.722	10	1351	6	153	152	117	8	0	0	0	67	71	1321	T?/M?	live	0	0	0	650	435.118	600.000	546.382	0	0	27	3	2	144	15	0	0		15509	0	0	1	1	0.432	0.469	0.515	0	0.1805	0.0000
3.5.1	vjik.UnViolation 1.1	weak		2	true	35	1128.000	5372.000	0	0.000	1750.000	1093.000	2712.000	106	23514	0.087	0.303	8.249	33	0	0	0.135	4.308	9	1286	5	138	138	116	3	0	0	0	80	99	1225	T?/M?	live	0	0	0	650	366.006	400.000	525.152	0	0	24	3	2	123	11	0	0		14641	0	0	2	1	0.485	0.515	0.541	0	0.1735	0.0000
3.5.1	vjik.UnViolation 1.1	weak		3	true	35	1584.000	5296.000	1	50.000	1700.000	1461.000	2697.000	117	25378	0.086	0.303	11.024	34	0	0	0.159	3.463	9	1429	3	182	182	125	9	0	0	0	77	0	1373	T?/M?	live	0	0	0	650	396.344	400.000	574.206	5	0	37	3	2	175	12	0	0		16104	0	0	1	1	0.432	0.471	0.515	0	0.2302	0.0286
3.5.1	vjik.UnViolation 1.1	weak		4	true	35	1671.000	5161.000	2	100.000	1650.000	1483.000	2647.000	113	22716	0.082	0.335	145.118	34	0	0	0.156	3.017	8	1216	3	209	208	122	11	0	0	0	67	135	1166	T?/M?	live	0	0	0	650	407.915	425.000	498.882	7	0	129	3	2	204	16	0	0		13033	0	0	1	1	0.466	0.496	0.519	0	0.2446	0.0571
3.5.1	vjik.UnViolation 1.1	weak		5	true	35	1358.000	5295.000	1	50.000	1700.000	1251.000	2698.000	112	23248	0.084	0.313	10.720	34	0	0	0.173	3.011	14	1249	7	162	162	105	7	0	0	0	60	61	1202	T?/M?	live	0	0	0	650	447.297	400.000	512.441	10	0	44	3	3	158	7	0	0		14121	0	0	1	1	0.441	0.461	0.491	0	0.2041	0.0286
3.5.1	vjik.UnViolation 1.1	weak		6	true	35	1244.000	5385.000	0	0.000	1750.000	1198.000	2707.000	106	23963	0.090	0.319	8.438	34	0	0	0.144	4.313	8	1309	3	134	134	108	2	0	0	0	71	118	1280	T?/M?	live	0	0	0	650	414.662	400.000	536.853	0	0	52	3	2	130	11	0	0		15370	0	0	1	1	0.481	0.525	0.554	0	0.1877	0.0000
3.5.1	vjik.UnViolation 1.1	weak		7	true	35	1347.000	5453.000	0	0.000	1750.000	1318.000	2776.000	106	24076	0.082	0.303	8.121	34	0	0	0.150	3.626	5	1322	8	150	150	106	7	0	0	0	74	0	1311	T?/M?	live	0	0	0	650	387.797	400.000	542.000	0	0	59	3	1	146	9	0	0		15428	0	0	1	1	0.441	0.461	0.491	0	0.1981	0.0000
3.5.1	vjik.UnViolation 1.1	weak		8	true	35	1511.000	5158.000	2	100.000	1650.000	1324.000	2638.000	111	23380	0.084	0.302	8.439	34	0	0	0.156	2.831	6	1269	6	173	173	271	6	0	0	0	71	115	1236	T?/M?	live	0	0	0	650	406.897	400.000	516.029	13	0	56	3	4	166	14	0	0		14058	0	0	1	1	0.441	0.503	0.554	0	0.2266	0.0571
3.5.1	wcsv.Engineer.Engineer 0.5.4	mid		1	true	35	313.000	4881.000	0	0.000	1750.000	313.000	2317.000	108	22623	0.126	0.376	8.920	34	0	0	0.037	2.085	0	1139	4	137	136	125	0	0	0	0	59	97	1208	T?/M?	live	0	0	0	650	422.188	650.000	497.088	0	0	0	3	2	133	9	0	0		14041	0	0	1	1	0.484	0.542	0.586	0	0.0603	0.0000
3.5.1	wcsv.Engineer.Engineer 0.5.4	mid		2	true	35	530.000	4769.000	1	50.000	1700.000	458.000	2280.000	116	22198	0.123	0.377	9.112	34	0	0	0.044	1.981	0	1100	4	177	177	111	3	0	0	0	53	0	1170	T?/M?	live	0	0	0	650	401.162	650.000	483.000	0	0	70	3	1	172	10	0	0		13024	0	0	1	1	0.484	0.536	0.556	0	0.1000	0.0286
3.5.1	wcsv.Engineer.Engineer 0.5.4	mid		3	true	35	397.000	4801.000	0	0.000	1750.000	397.000	2251.000	106	23355	0.129	0.399	8.259	34	0	0	0.044	1.745	0	1181	3	207	207	138	1	0	0	0	75	122	1265	T?/M?	live	0	0	0	650	418.424	650.000	518.088	0	0	0	3	1	203	13	0	0		13721	0	0	1	1	0.529	0.553	0.586	0	0.0764	0.0000
3.5.1	wcsv.Engineer.Engineer 0.5.4	mid		4	true	35	376.000	4936.000	0	0.000	1750.000	376.000	2363.000	105	21693	0.113	0.382	11.380	34	0	0	0.049	1.638	0	1066	4	217	217	108	2	0	0	0	78	198	1141	T?/M?	live	0	0	0	650	404.344	650.000	471.529	0	0	0	3	4	213	25	0	0		12033	0	0	1	1	0.484	0.533	0.586	0	0.0708	0.0000
3.5.1	wcsv.Engineer.Engineer 0.5.4	mid		5	true	35	335.000	4868.000	0	0.000	1750.000	335.000	2307.000	105	22274	0.114	0.353	8.301	34	0	0	0.035	1.976	0	1109	1	165	165	102	4	0	0	0	50	127	1165	T?/M?	live	0	0	0	650	370.053	650.000	485.118	0	0	33	3	1	162	14	0	0		13184	0	0	1	1	0.529	0.543	0.556	0	0.0644	0.0000
3.5.1	wcsv.Engineer.Engineer 0.5.4	mid		6	true	35	430.000	4816.000	0	0.000	1750.000	430.000	2264.000	105	23290	0.108	0.362	12.016	33	0	0	0.046	1.393	1	1180	3	216	216	109	2	0	0	0	66	189	1214	T?/M?	live	0	0	0	650	399.788	650.000	518.273	0	0	27	3	1	205	14	0	0		13220	0	0	2	1	0.503	0.527	0.545	0	0.0820	0.0000
3.5.1	wcsv.Engineer.Engineer 0.5.4	mid		7	true	35	324.000	4838.000	0	0.000	1750.000	324.000	2282.000	105	22501	0.108	0.351	8.028	34	0	0	0.030	1.679	0	1141	1	164	163	113	5	0	0	0	70	0	1192	T?/M?	live	0	0	0	650	408.059	650.000	494.882	0	0	30	3	1	158	9	0	0		13597	0	0	1	1	0.529	0.542	0.556	0	0.0628	0.0000
3.5.1	wcsv.Engineer.Engineer 0.5.4	mid		8	true	35	413.000	4853.000	0	0.000	1750.000	413.000	2294.000	110	22852	0.120	0.371	9.242	34	0	0	0.041	1.888	0	1157	1	167	166	278	1	0	0	0	81	77	1212	T?/M?	live	0	0	0	650	380.747	625.000	509.118	0	0	52	3	2	163	13	0	0		13888	0	0	1	1	0.503	0.537	0.555	0	0.0784	0.0000
3.5.1	wiki.WaveRammer 1.0	weak		1	true	35	1742.000	5991.000	2	100.000	1650.000	1207.000	2979.000	106	15078	0.083	0.357	8.914	33	0	0	0.353	1.842	1	623	2	165	165	103	2	0	0	0	33	0	597	T?/M?	live	0	0	0	650	354.742	650.000	283.667	2	0	62	3	3	157	6	0	0		6322	0	0	2	1	0.404	0.469	0.515	0	0.2253	0.0571
3.5.1	wiki.WaveRammer 1.0	weak		2	true	35	1760.000	6254.000	1	50.000	1700.000	1271.000	3049.000	105	14761	0.097	0.373	8.548	33	0	0	0.388	1.825	1	604	0	160	160	124	4	0	0	0	24	0	589	T?/M?	live	0	0	0	650	342.661	400.000	273.727	4	0	24	3	4	154	5	0	0		6034	0	0	2	1	0.491	0.545	0.577	0	0.2196	0.0286
3.5.1	wiki.WaveRammer 1.0	weak		3	true	35	1793.000	6163.000	1	50.000	1700.000	1260.000	2937.000	112	15307	0.083	0.353	9.294	34	0	0	0.350	1.691	3	642	2	178	178	106	4	0	0	0	22	71	620	T?/M?	live	0	0	0	650	311.726	400.000	284.118	0	0	71	3	3	173	4	0	0		6366	0	0	1	1	0.404	0.469	0.515	0	0.2254	0.0286
3.5.1	wiki.WaveRammer 1.0	weak		4	true	35	1930.000	6142.000	2	100.000	1650.000	1323.000	2961.000	112	15081	0.099	0.373	8.833	34	0	0	0.373	1.724	4	626	0	164	163	110	1	0	0	0	38	0	609	T?/M?	live	0	0	0	650	338.024	400.000	278.176	0	0	55	3	2	159	9	0	0		6349	0	0	1	1	0.491	0.545	0.577	0	0.2391	0.0571
3.5.1	wiki.WaveRammer 1.0	weak		5	true	35	1561.000	6385.000	0	0.000	1750.000	1195.000	3071.000	105	14844	0.093	0.356	8.776	34	0	0	0.350	2.271	4	610	3	144	144	110	2	0	0	0	26	0	608	T?/M?	live	0	0	0	650	343.200	400.000	274.853	0	0	41	3	2	138	3	0	0		6515	0	0	1	1	0.511	0.527	0.555	0	0.1965	0.0000
3.5.1	wiki.WaveRammer 1.0	weak		6	true	35	1515.000	6256.000	0	0.000	1750.000	1132.000	3023.000	108	15160	0.110	0.402	9.624	33	0	0	0.338	2.192	0	631	0	134	133	126	2	0	0	0	33	61	612	T?/M?	live	0	0	0	650	342.788	400.000	283.970	0	0	43	3	4	120	5	0	0		6819	0	0	2	1	0.404	0.527	0.606	0	0.1950	0.0000
3.5.1	wiki.WaveRammer 1.0	weak		7	true	35	1586.000	6121.000	1	50.000	1700.000	1061.000	2958.000	115	14559	0.092	0.375	9.478	34	0	0	0.334	1.938	2	587	0	141	141	111	3	0	0	0	23	0	591	T?/M?	live	0	0	0	650	328.691	400.000	267.441	0	0	48	3	3	137	3	0	0		6255	0	0	1	1	0.511	0.527	0.555	0	0.2058	0.0286
3.5.1	wiki.WaveRammer 1.0	weak		8	true	35	1566.000	6193.000	1	50.000	1700.000	1138.000	3054.000	112	14963	0.101	0.375	9.557	34	0	0	0.347	2.594	33	613	3	126	126	263	5	0	0	0	22	0	610	T?/M?	live	0	0	0	650	323.988	650.000	276.618	0	0	24	3	3	120	4	0	0		6680	0	0	1	1	0.404	0.527	0.606	0	0.2018	0.0286
3.5.1	zen.Ronin 1.0.0	mid		1	false	0	0.000	0.000	0	0.000	0.000	0.000	0.000	0	0	0.000	0.000	0.000	0	0	0	NaN	NaN	0	0	0	0	0	0	0	0	0	0	0	0	0	-	-	0	0	0	-	NaN	NaN	NaN	0	0	0	0	0	0	0	0	0	expected 2 robots; found 1	0	0	0	0	0	0.488	0.488	0.488	0		
3.5.1	zen.Ronin 1.0.0	mid		2	false	0	0.000	0.000	0	0.000	0.000	0.000	0.000	0	0	0.000	0.000	0.000	0	0	0	NaN	NaN	0	0	0	0	0	0	0	0	0	0	0	0	0	-	-	0	0	0	-	NaN	NaN	NaN	0	0	0	0	0	0	0	0	0	expected 2 robots; found 1	0	0	0	0	0	0.530	0.530	0.530	1		
3.5.1	zen.Ronin 1.0.0	mid		3	false	0	0.000	0.000	0	0.000	0.000	0.000	0.000	0	0	0.000	0.000	0.000	0	0	0	NaN	NaN	0	0	0	0	0	0	0	0	0	0	0	0	0	-	-	0	0	0	-	NaN	NaN	NaN	0	0	0	0	0	0	0	0	0	expected 2 robots; found 1	0	0	0	0	0	0.488	0.488	0.488	0		
3.5.1	zen.Ronin 1.0.0	mid		4	false	0	0.000	0.000	0	0.000	0.000	0.000	0.000	0	0	0.000	0.000	0.000	0	0	0	NaN	NaN	0	0	0	0	0	0	0	0	0	0	0	0	0	-	-	0	0	0	-	NaN	NaN	NaN	0	0	0	0	0	0	0	0	0	expected 2 robots; found 1	0	0	0	0	0	0.530	0.530	0.530	1		
3.5.1	zen.Ronin 1.0.0	mid		5	false	0	0.000	0.000	0	0.000	0.000	0.000	0.000	0	0	0.000	0.000	0.000	0	0	0	NaN	NaN	0	0	0	0	0	0	0	0	0	0	0	0	0	-	-	0	0	0	-	NaN	NaN	NaN	0	0	0	0	0	0	0	0	0	expected 2 robots; found 1	0	0	0	0	0	0.488	0.516	0.544	0		
3.5.1	zen.Ronin 1.0.0	mid		6	false	0	0.000	0.000	0	0.000	0.000	0.000	0.000	0	0	0.000	0.000	0.000	0	0	0	NaN	NaN	0	0	0	0	0	0	0	0	0	0	0	0	0	-	-	0	0	0	-	NaN	NaN	NaN	0	0	0	0	0	0	0	0	0	expected 2 robots; found 1	0	0	0	0	0	0.512	0.512	0.512	0		
3.5.1	zen.Ronin 1.0.0	mid		7	false	0	0.000	0.000	0	0.000	0.000	0.000	0.000	0	0	0.000	0.000	0.000	0	0	0	NaN	NaN	0	0	0	0	0	0	0	0	0	0	0	0	0	-	-	0	0	0	-	NaN	NaN	NaN	0	0	0	0	0	0	0	0	0	expected 2 robots; found 1	0	0	0	0	0	0.544	0.544	0.544	0		
3.5.1	zen.Ronin 1.0.0	mid		8	false	0	0.000	0.000	0	0.000	0.000	0.000	0.000	0	0	0.000	0.000	0.000	0	0	0	NaN	NaN	0	0	0	0	0	0	0	0	0	0	0	0	0	-	-	0	0	0	-	NaN	NaN	NaN	0	0	0	0	0	0	0	0	0	expected 2 robots; found 1	0	0	0	0	0	0.512	0.512	0.512	0		
3.5.1	zezinho.QuerMePegarKKKK 1.0	weak		1	true	35	2256.000	5229.000	6	300.000	1450.000	1498.000	2544.000	115	20306	0.132	0.430	9.522	34	0	0	0.398	2.431	2	925	1	155	154	107	7	0	0	0	53	21	996	T?/M?	live	0	0	0	650	329.006	650.000	425.118	8	0	94	3	2	148	10	0	0		11230	0	0	1	1	0.509	0.538	0.565	1	0.3014	0.1714
3.5.1	zezinho.QuerMePegarKKKK 1.0	weak		2	true	35	2546.000	6651.000	3	150.000	1600.000	1731.000	3043.000	105	13811	0.123	0.418	10.231	33	0	0	0.651	2.587	6	481	5	98	98	108	8	0	0	0	13	0	477	T?/M?	live	0	0	0	650	256.245	400.000	233.727	0	0	101	3	1	93	6	0	0		5286	0	0	2	1	0.486	0.522	0.543	1	0.2768	0.0857
3.5.1	zezinho.QuerMePegarKKKK 1.0	weak		3	true	35	2827.000	6311.000	5	250.000	1500.000	1804.000	2878.000	115	12922	0.124	0.453	9.869	34	0	0	0.652	2.259	6	428	2	106	106	105	6	0	0	0	12	0	431	T?/M?	live	0	0	0	650	279.791	400.000	208.206	42	0	111	3	1	101	0	0	0		4514	0	0	1	1	0.509	0.545	0.565	1	0.3094	0.1429
3.5.1	zezinho.QuerMePegarKKKK 1.0	weak		4	true	35	3497.000	6317.000	8	400.000	1350.000	2132.000	3024.000	112	12131	0.121	0.448	8.929	34	0	0	0.673	2.449	30	369	5	123	123	147	10	0	0	0	9	0	399	T?/M?	live	0	0	0	650	237.079	400.000	195.853	42	0	123	3	1	115	2	0	0		3785	0	0	1	1	0.486	0.529	0.554	1	0.3563	0.2286
3.5.1	zezinho.QuerMePegarKKKK 1.0	weak		5	true	35	3031.000	6554.000	5	250.000	1500.000	2041.000	3126.000	110	13367	0.110	0.430	9.693	34	0	0	0.625	2.331	39	462	4	128	128	102	4	0	0	0	11	0	487	T?/M?	live	0	0	0	650	289.165	650.000	233.882	10	0	130	3	1	125	5	0	0		5130	0	0	1	1	0.502	0.546	0.589	0	0.3162	0.1429
3.5.1	zezinho.QuerMePegarKKKK 1.0	weak		6	true	35	2569.000	6990.000	2	100.000	1650.000	1911.000	3254.000	115	13492	0.124	0.426	10.998	34	0	0	0.649	3.416	6	458	2	88	88	293	7	0	0	0	11	0	487	T?/M?	live	0	0	0	650	298.703	400.000	237.147	0	0	83	3	1	82	2	0	0		5595	0	0	1	1	0.509	0.545	0.565	1	0.2688	0.0571
3.5.1	zezinho.QuerMePegarKKKK 1.0	weak		7	true	35	2907.000	6802.000	4	200.000	1550.000	2096.000	3268.000	114	12784	0.129	0.465	9.767	34	0	0	0.675	2.379	44	419	5	123	123	111	7	0	0	0	20	0	437	T?/M?	live	0	0	0	650	248.282	400.000	214.706	14	2	118	3	1	118	9	0	0		4496	0	0	1	1	0.502	0.546	0.576	0	0.2994	0.1143
3.5.1	zezinho.QuerMePegarKKKK 1.0	weak		8	true	35	1902.000	5546.000	4	200.000	1550.000	1400.000	2759.000	116	18581	0.153	0.464	9.119	34	0	0	0.376	2.559	2	810	1	131	131	132	3	0	0	0	27	0	873	T?/M?	live	0	0	0	650	344.312	550.000	373.324	21	0	70	3	3	127	0	0	0		9817	0	0	1	1	0.509	0.550	0.589	1	0.2554	0.1143
