build	opponent	role	rank	seed	ok	rounds	score	theirScore	firsts	survival	theirSurvival	bulletDamage	theirBulletDamage	skippedTurns	turns	turnP50Ms	turnP95Ms	turnMaxMs	roundRecords	faults	faultRecords	ourHitRate	theirHitRate	phantomWaves	enemyShots	unseenShots	inferredWaves	matchedWaves	radarReacquired	hiddenShots	profileFound	memoryFailures	seedsEvicted	bulletsIntercepted	jitteredShots	shotsFired	tiers	openingGun	gunSeed	surfSeed	seedDecays	openingDistance	meanDistance	targetDistance	roundTicks	finishTicks	ramTicks	fullPowerShots	maxLevel	slowTicks	shadowedWaves	interceptsShadowed	flavourChanges	flavourStep	errors	duressTicks	engineDisables	securityErrors	rShortfall	finalRMissing	hostCpuMin	hostCpuMean	hostCpuMax	otherJvms	reference	ramDamage	theirRamDamage	ramDamageBonus	theirRamDamageBonus	bulletDamageBonus	theirBulletDamageBonus	lastSurvivorBonus	theirLastSurvivorBonus	engineRoundTicks	score_share	survival_share
hadur2.Hadur 3.9sa	ags.Glacier 0.3.2	mid		1	true	35	2808.000	2259.000	24	1200.000	550.000	1179.000	1454.000	17	35568	0.819	1.369	19.258	35	0	0	0.121	0.103	155	2229	10	2229	2229	9	38	0	0	0	238	2078	2309	T?/M?	live	0	0	0	650	424.534	650.000	866.229	304	241	69	3	4	2179	199	0	0		0	0	0	0	0	0.272	0.409	0.564	0	0	0.000	0.000	0.000	0.000	190.000	145.000	240.000	110.000	1016.229	0.5542	0.6857
hadur2.Hadur 3.9sa	ags.Glacier 0.3.2	mid		2	true	35	3154.000	1916.000	28	1400.000	350.000	1255.000	1401.000	19	34731	0.766	1.332	71.350	35	0	0	0.131	0.100	147	2154	9	2154	2153	12	36	0	0	0	280	1710	2223	T?/M?	live	0	0	0	650	420.774	650.000	842.314	205	274	76	2	9	2096	233	0	0		0	0	0	0	0	0.289	0.404	0.512	0	0	0.000	0.000	0.000	0.000	219.000	94.000	280.000	70.000	992.314	0.6221	0.8000
hadur2.Hadur 3.9sa	ags.Glacier 0.3.2	mid		3	true	35	3150.000	1812.000	27	1350.000	400.000	1293.000	1228.000	11	32836	0.801	1.310	19.858	35	0	0	0.121	0.088	119	2009	10	2009	2009	4	30	0	0	0	205	1934	2079	T?/M?	live	0	0	0	650	423.823	650.000	788.171	489	162	44	2	1809	1976	192	0	0		0	0	0	0	0	0.272	0.401	0.564	0	0	0.000	0.000	0.000	0.000	237.000	104.000	270.000	80.000	938.171	0.6348	0.7714
hadur2.Hadur 3.9sa	ags.Glacier 0.3.2	mid		4	true	35	2854.000	2319.000	25	1250.000	500.000	1159.000	1591.000	23	36021	0.769	1.333	20.398	35	0	0	0.125	0.098	170	2243	15	2243	2241	14	29	0	0	0	269	2313	2384	T?/M?	live	0	0	0	650	426.086	650.000	879.171	226	291	21	3	9	2201	240	0	0		0	0	0	0	0	0.289	0.406	0.512	0	0	0.000	0.000	0.000	0.000	195.000	127.000	250.000	100.000	1029.171	0.5517	0.7143
hadur2.Hadur 3.9sa	ags.Glacier 0.3.2	mid		5	true	35	3250.000	1990.000	26	1300.000	450.000	1443.000	1339.000	23	32118	0.770	1.329	19.029	35	0	0	0.130	0.103	116	1959	7	1958	1957	15	23	0	0	0	205	1849	1984	T?/M?	live	0	0	0	650	420.583	650.000	767.657	374	160	138	3	5	1910	186	0	0		0	0	0	0	0	0.272	0.400	0.564	0	0	0.000	0.000	0.000	0.000	247.000	111.000	260.000	90.000	917.657	0.6202	0.7429
hadur2.Hadur 3.9sa	ags.Glacier 0.3.2	mid		6	true	35	3151.000	2065.000	27	1350.000	400.000	1306.000	1483.000	16	33924	0.770	1.329	28.025	35	0	0	0.136	0.107	153	2093	12	2093	2093	8	27	0	0	0	250	2018	2161	T?/M?	live	0	0	0	650	421.623	650.000	819.257	349	190	106	2	9	2036	207	0	0		0	0	0	0	0	0.289	0.403	0.512	0	0	0.000	0.000	0.000	0.000	225.000	103.000	270.000	80.000	969.257	0.6041	0.7714
hadur2.Hadur 3.9sa	ags.Glacier 0.3.2	mid		7	true	35	3231.000	1599.000	28	1400.000	350.000	1314.000	1085.000	12	30983	0.753	1.258	18.153	35	0	0	0.126	0.099	89	1862	6	1818	1818	6	36	0	0	0	222	1782	1887	T?/M?	live	0	0	0	650	420.631	650.000	735.229	664	134	110	3	7	1770	185	0	0		596	0	0	0	0	0.272	0.405	0.564	0	0	0.000	0.000	0.000	0.000	237.000	93.000	280.000	70.000	885.229	0.6689	0.8000
hadur2.Hadur 3.9sa	ags.Glacier 0.3.2	mid		8	true	35	3515.000	1538.000	30	1500.000	250.000	1452.000	1174.000	14	33592	0.700	1.198	20.369	35	0	0	0.133	0.089	105	2094	7	2093	2093	4	39	0	0	0	259	1995	2097	T?/M?	live	0	0	0	650	424.411	650.000	809.771	341	124	73	2	9338	2040	220	0	0		0	0	0	0	0	0.289	0.401	0.512	0	0	0.000	0.000	0.000	0.000	263.000	64.000	300.000	50.000	959.771	0.6956	0.8571
hadur2.Hadur 3.9sa	alk.lap.LoudAndProud 2.23	mid		1	true	35	3589.000	1099.000	31	1550.000	200.000	1456.000	804.000	18	19731	0.539	1.176	15.033	35	0	0	0.185	0.061	34	853	3	835	834	5	14	0	0	0	84	642	898	T?/M?	live	0	0	0	650	469.706	400.000	413.743	585	208	286	3	5	772	49	0	0		298	0	0	0	0	0.318	0.453	0.564	0	0	0.000	0.000	0.000	0.000	272.000	55.000	310.000	40.000	563.743	0.7656	0.8857
hadur2.Hadur 3.9sa	alk.lap.LoudAndProud 2.23	mid		2	true	35	3430.000	1203.000	31	1550.000	200.000	1326.000	908.000	11	20528	0.504	1.086	15.544	35	0	0	0.158	0.057	32	902	3	902	902	3	12	0	0	0	107	877	988	T?/M?	live	0	0	0	650	505.363	650.000	436.514	601	365	264	3	3	854	76	0	0		0	0	0	0	0	0.272	0.345	0.386	0	0	0.000	0.000	0.000	0.000	244.000	54.000	310.000	40.000	586.514	0.7403	0.8857
hadur2.Hadur 3.9sa	alk.lap.LoudAndProud 2.23	mid		3	true	35	3530.000	1074.000	33	1650.000	100.000	1295.000	926.000	11	21346	0.558	1.210	15.815	35	0	0	0.155	0.060	47	952	1	953	952	2	9	0	0	0	96	0	1059	T?/M?	live	0	0	0	650	478.366	400.000	459.886	487	426	163	2	7	895	71	0	0		0	0	0	0	0	0.300	0.442	0.564	0	0	0.000	0.000	0.000	0.000	255.000	28.000	330.000	20.000	609.886	0.7667	0.9429
hadur2.Hadur 3.9sa	alk.lap.LoudAndProud 2.23	mid		4	true	35	3809.000	1005.000	33	1650.000	100.000	1530.000	855.000	12	19054	0.492	1.077	14.144	35	0	0	0.181	0.067	15	815	2	816	815	5	15	0	0	0	80	0	838	T?/M?	live	0	0	0	650	477.151	400.000	394.400	626	247	267	2	4	754	48	0	0		0	0	0	0	0	0.272	0.349	0.386	0	0	0.000	0.000	0.000	0.000	299.000	30.000	330.000	20.000	544.400	0.7912	0.9429
hadur2.Hadur 3.9sa	alk.lap.LoudAndProud 2.23	mid		5	true	35	3444.000	1162.000	32	1600.000	150.000	1272.000	949.000	10	21313	0.525	1.157	14.885	35	0	0	0.153	0.063	31	956	2	956	956	6	7	0	0	0	103	773	1043	T?/M?	live	0	0	0	650	499.157	650.000	458.943	787	453	161	2	4	890	68	0	0		0	0	0	0	0	0.301	0.436	0.512	0	0	0.000	0.000	0.000	0.000	252.000	33.000	320.000	30.000	608.943	0.7477	0.9143
hadur2.Hadur 3.9sa	alk.lap.LoudAndProud 2.23	mid		6	true	35	3838.000	950.000	34	1700.000	50.000	1505.000	874.000	13	19942	0.508	1.128	14.726	35	0	0	0.164	0.068	21	860	0	841	841	6	10	0	0	0	71	396	946	T?/M?	live	0	0	0	650	501.249	400.000	419.771	812	464	237	3	7	800	48	0	0		298	0	0	0	0	0.289	0.361	0.421	0	0	0.000	0.000	0.000	0.000	293.000	16.000	340.000	10.000	569.771	0.8016	0.9714
hadur2.Hadur 3.9sa	alk.lap.LoudAndProud 2.23	mid		7	true	35	3225.000	1382.000	30	1500.000	250.000	1206.000	1018.000	10	21621	0.565	1.195	16.471	35	0	0	0.148	0.066	39	974	3	974	974	5	12	0	0	0	117	0	1072	T?/M?	live	0	0	0	650	513.409	650.000	467.743	617	318	119	3	7	908	65	0	0		0	0	0	0	0	0.373	0.448	0.512	0	0	0.000	0.000	0.000	0.000	219.000	64.000	300.000	50.000	617.743	0.7000	0.8571
hadur2.Hadur 3.9sa	alk.lap.LoudAndProud 2.23	mid		8	true	35	3558.000	1066.000	32	1600.000	150.000	1374.000	850.000	8	20430	0.508	1.110	14.215	35	0	0	0.161	0.061	32	888	1	888	888	1	13	0	0	0	92	485	958	T?/M?	live	0	0	0	650	489.617	400.000	433.714	757	556	244	1	7	828	59	0	0		0	0	0	0	0	0.289	0.362	0.421	0	0	0.000	0.000	0.000	0.000	263.000	36.000	320.000	30.000	583.714	0.7695	0.9143
hadur2.Hadur 3.9sa	axeBots.Musashi 2.18	mid		1	true	35	3762.000	1213.000	32	1600.000	150.000	1583.000	1003.000	16	39616	0.408	1.115	20.513	35	0	0	0.147	0.075	225	1704	2	1873	1704	9	27	0	0	0	165	2028	2658	T?/M?	live	0	0	0	650	491.157	650.000	981.886	193	6	188	2	11	1847	164	0	0		0	0	0	0	0	0.319	0.395	0.464	0	0	0.000	0.000	0.000	0.000	259.000	31.000	320.000	30.000	1131.886	0.7562	0.9143
hadur2.Hadur 3.9sa	axeBots.Musashi 2.18	mid		2	true	35	3237.000	1673.000	28	1400.000	350.000	1364.000	1168.000	14	40170	0.424	1.146	24.625	35	0	0	0.145	0.082	268	1814	1	1921	1814	8	27	0	0	0	189	1692	2684	T?/M?	live	0	0	0	650	473.934	475.000	997.714	99	39	228	2	13	1868	180	0	0		0	0	0	0	0	0.344	0.384	0.438	1	0	0.000	0.000	0.000	0.000	194.000	84.000	280.000	70.000	1147.714	0.6593	0.8000
hadur2.Hadur 3.9sa	axeBots.Musashi 2.18	mid		3	true	35	3871.000	1159.000	31	1550.000	200.000	1704.000	875.000	10	33180	0.417	1.117	22.598	35	0	0	0.171	0.074	138	1531	0	1600	1531	3	24	0	0	0	191	1534	1990	T?/M?	live	0	0	0	650	485.760	650.000	798.000	115	4	190	2	473	1508	126	0	0		0	0	0	0	0	0.319	0.403	0.464	0	0	0.000	0.000	0.000	0.000	307.000	43.000	310.000	40.000	948.000	0.7696	0.8857
hadur2.Hadur 3.9sa	axeBots.Musashi 2.18	mid		4	true	35	3348.000	1623.000	28	1400.000	350.000	1451.000	1124.000	19	37698	0.447	1.176	20.655	35	0	0	0.138	0.074	205	1738	2	2034	1738	11	20	0	0	0	152	2013	2491	T?/M?	live	0	0	0	650	498.089	650.000	927.086	229	33	140	3	13	2014	149	0	0		0	0	0	0	0	0.332	0.385	0.438	1	0	0.000	0.000	0.000	0.000	217.000	79.000	280.000	70.000	1077.086	0.6735	0.8000
hadur2.Hadur 3.9sa	axeBots.Musashi 2.18	mid		5	true	35	3535.000	1418.000	30	1500.000	250.000	1486.000	1056.000	14	39984	0.454	1.202	20.492	35	0	0	0.138	0.080	228	1858	0	1908	1858	9	32	0	0	0	172	2088	2670	T?/M?	live	0	0	0	650	509.809	650.000	992.400	194	4	147	3	12	1877	168	0	0		0	0	0	0	0	0.321	0.398	0.464	1	0	0.000	0.000	0.000	0.000	248.000	62.000	300.000	50.000	1142.400	0.7137	0.8571
hadur2.Hadur 3.9sa	axeBots.Musashi 2.18	mid		6	true	35	2945.000	2149.000	23	1150.000	600.000	1377.000	1283.000	19	40503	0.445	1.233	21.114	35	0	0	0.139	0.088	231	1880	5	1974	1880	10	17	0	0	0	150	2340	2741	T?/M?	live	0	0	0	650	514.966	650.000	1007.229	126	5	143	2	10	1937	147	0	0		0	0	0	0	0	0.332	0.396	0.452	1	0	0.000	0.000	0.000	0.000	189.000	147.000	230.000	120.000	1157.229	0.5781	0.6571
hadur2.Hadur 3.9sa	axeBots.Musashi 2.18	mid		7	true	35	3638.000	1443.000	31	1550.000	200.000	1532.000	1145.000	17	37579	0.393	1.099	26.391	35	0	0	0.150	0.078	225	1537	0	1729	1537	6	19	0	0	0	158	2142	2509	T?/M?	live	0	0	0	650	443.766	475.000	923.686	161	7	221	2	11	1715	154	0	0		0	0	0	0	0	0.321	0.397	0.464	1	0	0.000	2.000	0.000	0.000	246.000	55.000	310.000	40.000	1073.686	0.7160	0.8857
hadur2.Hadur 3.9sa	axeBots.Musashi 2.18	mid		8	true	35	3388.000	1365.000	30	1500.000	250.000	1383.000	995.000	12	38129	0.410	1.093	27.423	35	0	0	0.139	0.067	227	1621	0	1787	1621	3	25	0	0	0	179	2184	2520	T?/M?	live	0	0	0	650	461.043	400.000	939.400	141	7	206	2	12	1766	175	0	0		0	0	0	0	0	0.332	0.386	0.438	1	0	0.000	0.000	0.000	0.000	205.000	70.000	300.000	50.000	1089.400	0.7128	0.8571
hadur2.Hadur 3.9sa	axeBots.Okami 1.04	mid		1	true	35	3820.000	1117.000	32	1600.000	150.000	1637.000	902.000	32	38181	0.408	1.254	8.652	35	0	0	0.140	0.067	189	1593	0	1811	1592	22	21	0	0	0	141	1767	2537	T?/M?	live	0	0	0	650	499.511	475.000	940.886	289	9	180	2	2	1786	137	0	0		0	0	0	0	0	0.321	0.399	0.464	1	0	0.000	0.000	0.000	0.000	263.000	35.000	320.000	30.000	1090.886	0.7737	0.9143
hadur2.Hadur 3.9sa	axeBots.Okami 1.04	mid		2	true	35	3497.000	1550.000	29	1450.000	300.000	1525.000	1123.000	27	37014	0.437	1.304	5.923	35	0	0	0.144	0.086	210	1595	1	1845	1595	18	20	0	0	0	135	1273	2433	T?/M?	live	0	0	0	650	482.203	575.000	907.543	187	8	208	2	10	1815	128	0	0		0	0	0	0	0	0.332	0.402	0.467	0	0	0.000	0.000	0.000	0.000	232.000	67.000	290.000	60.000	1057.543	0.6929	0.8286
hadur2.Hadur 3.9sa	axeBots.Okami 1.04	mid		3	true	35	3476.000	1576.000	29	1450.000	300.000	1524.000	1136.000	30	36489	0.424	1.261	7.894	35	0	0	0.141	0.077	157	1496	1	1800	1496	19	25	0	0	0	122	112	2421	T?/M?	live	0	0	0	650	489.274	650.000	892.543	135	9	82	3	62	1785	121	0	0		0	0	0	0	0	0.321	0.399	0.464	1	0	0.000	0.000	0.000	0.000	212.000	80.000	290.000	60.000	1042.543	0.6880	0.8286
hadur2.Hadur 3.9sa	axeBots.Okami 1.04	mid		4	true	35	3097.000	2218.000	23	1150.000	600.000	1507.000	1334.000	31	34168	0.431	1.305	6.886	35	0	0	0.154	0.095	179	1524	3	1629	1504	20	21	0	0	0	131	2015	2219	T?/M?	live	0	0	0	650	479.971	650.000	826.229	123	4	235	3	10	1608	123	0	0		298	0	0	0	0	0.332	0.394	0.452	1	0	0.000	0.000	0.000	0.000	210.000	164.000	230.000	120.000	976.229	0.5827	0.6571
hadur2.Hadur 3.9sa	axeBots.Okami 1.04	mid		5	true	35	3349.000	1643.000	26	1300.000	450.000	1524.000	1017.000	23	31848	0.435	1.356	6.192	35	0	0	0.146	0.085	147	1521	2	1598	1521	15	28	0	0	0	140	1234	1962	T?/M?	live	0	0	0	650	480.120	400.000	759.943	228	2	188	3	13	1551	134	0	0		0	0	0	0	0	0.332	0.411	0.467	0	0	0.000	0.000	0.000	0.000	266.000	86.000	260.000	90.000	909.943	0.6709	0.7429
hadur2.Hadur 3.9sa	axeBots.Okami 1.04	mid		6	true	35	3754.000	1382.000	31	1550.000	200.000	1624.000	1099.000	33	37016	0.420	1.285	8.517	35	0	0	0.145	0.090	175	1544	0	1760	1527	22	24	0	0	0	139	1549	2440	T?/M?	live	0	0	0	650	497.414	400.000	907.600	266	7	196	3	4	1742	134	0	0		298	0	0	0	0	0.367	0.431	0.485	0	0	0.000	0.000	0.000	0.000	270.000	43.000	310.000	40.000	1057.600	0.7309	0.8857
hadur2.Hadur 3.9sa	axeBots.Okami 1.04	mid		7	true	35	3316.000	1698.000	27	1350.000	400.000	1459.000	1113.000	29	34912	0.433	1.291	7.349	35	0	0	0.134	0.088	170	1428	2	1503	1428	20	16	0	0	0	135	1367	2246	T?/M?	live	0	0	0	650	489.874	650.000	847.486	237	1	135	2	13	1479	126	0	0		0	0	0	0	0	0.371	0.434	0.485	0	0	0.000	0.000	0.000	0.000	237.000	105.000	270.000	80.000	997.486	0.6613	0.7714
hadur2.Hadur 3.9sa	axeBots.Okami 1.04	mid		8	true	35	3170.000	1872.000	26	1250.000	450.000	1491.000	1219.000	31	38069	0.421	1.263	7.789	35	0	0	0.144	0.093	235	1597	1	1782	1591	79	12	0	0	0	141	1977	2522	T?/M?	live	0	0	0	650	494.529	650.000	937.686	148	9	233	3	70	1764	139	0	0		0	0	0	0	0	0.367	0.422	0.477	0	0	0.000	0.000	0.000	0.000	179.000	113.000	250.000	90.000	1087.686	0.6287	0.7353
hadur2.Hadur 3.9sa	cjm.Charo 1.1	mid		1	true	35	2545.000	16.000	35	1750.000	0.000	371.000	16.000	10	24914	0.163	0.420	9.714	35	0	0	0.152	0.001	3	1043	0	1043	1043	2	1	0	0	0	1036	0	256	T?/M?	live	0	0	0	650	384.266	650.000	561.829	0	0	0	3	3	0	0	0	0		0	0	0	0	0	0.414	0.435	0.452	0	0	0.000	0.000	0.000	0.000	74.000	0.000	350.000	0.000	711.829	0.9938	1.0000
hadur2.Hadur 3.9sa	cjm.Charo 1.1	mid		2	true	35	2558.000	112.000	35	1750.000	0.000	382.000	112.000	13	25249	0.155	0.433	13.438	35	0	0	0.128	0.007	3	1058	1	1058	1058	4	1	0	0	0	1002	0	338	T?/M?	live	0	0	0	650	392.031	650.000	571.400	28	0	0	2	4	52	6	0	0		0	0	0	0	0	0.392	0.430	0.467	0	0	0.000	0.000	0.000	0.000	76.000	0.000	350.000	0.000	721.400	0.9581	1.0000
hadur2.Hadur 3.9sa	cjm.Charo 1.1	mid		3	true	35	2606.000	96.000	35	1750.000	0.000	422.000	96.000	9	25018	0.164	0.461	13.504	35	0	0	0.124	0.007	0	1043	1	1043	1043	2	3	0	0	0	973	0	348	T?/M?	live	0	0	0	650	381.240	650.000	564.800	79	0	0	1	5	67	4	0	0		0	0	0	0	0	0.406	0.430	0.452	0	0	0.000	0.000	0.000	0.000	84.000	0.000	350.000	0.000	714.800	0.9645	1.0000
hadur2.Hadur 3.9sa	cjm.Charo 1.1	mid		4	true	35	2590.000	128.000	35	1750.000	0.000	408.000	128.000	13	25177	0.170	0.434	15.101	35	0	0	0.151	0.007	9	1053	0	1053	1053	4	2	0	0	0	1018	0	308	T?/M?	live	0	0	0	650	384.071	650.000	569.343	48	0	0	2	5	31	3	0	0		0	0	0	0	0	0.432	0.460	0.485	0	0	0.000	0.000	0.000	0.000	82.000	0.000	350.000	0.000	719.343	0.9529	1.0000
hadur2.Hadur 3.9sa	cjm.Charo 1.1	mid		5	true	35	2557.000	16.000	35	1750.000	0.000	381.000	16.000	11	24651	0.170	0.444	11.650	35	0	0	0.148	0.001	2	1041	0	1041	1041	8	1	0	0	0	1001	0	295	T?/M?	live	0	0	0	650	378.377	650.000	554.314	71	0	0	2	2	42	5	0	0		0	0	0	0	0	0.404	0.436	0.467	0	0	0.000	0.000	0.000	0.000	76.000	0.000	350.000	0.000	704.314	0.9938	1.0000
hadur2.Hadur 3.9sa	cjm.Charo 1.1	mid		6	true	35	2558.000	80.000	35	1750.000	0.000	382.000	80.000	11	25783	0.172	0.455	13.800	35	0	0	0.129	0.004	14	1051	0	1051	1051	5	1	0	0	0	1021	0	370	T?/M?	live	0	0	0	650	375.094	650.000	586.657	45	0	0	3	6	31	5	0	0		0	0	0	0	0	0.443	0.465	0.485	0	0	0.000	0.000	0.000	0.000	76.000	0.000	350.000	0.000	736.657	0.9697	1.0000
hadur2.Hadur 3.9sa	cjm.Charo 1.1	mid		7	true	35	2582.000	48.000	35	1750.000	0.000	402.000	48.000	13	24867	0.166	0.428	11.180	35	0	0	0.172	0.003	7	1039	0	1039	1039	6	4	0	0	0	1017	0	287	T?/M?	live	0	0	0	650	374.149	650.000	560.486	23	0	0	3	2	20	4	0	0		0	0	0	0	0	0.404	0.439	0.467	0	0	0.000	0.000	0.000	0.000	80.000	0.000	350.000	0.000	710.486	0.9817	1.0000
hadur2.Hadur 3.9sa	cjm.Charo 1.1	mid		8	true	35	2534.000	179.000	34	1700.000	50.000	412.000	112.000	8	24957	0.171	0.487	14.479	35	0	0	0.123	0.007	9	1046	0	1046	1046	1	4	0	0	0	946	98	378	T?/M?	live	0	0	0	650	387.366	650.000	563.057	96	0	0	1	4	101	15	0	0		0	0	0	0	0	0.443	0.460	0.477	0	0	0.000	0.000	0.000	0.000	82.000	6.000	340.000	10.000	713.057	0.9340	0.9714
hadur2.Hadur 3.9sa	cx.micro.Spark 0.6	mid		1	true	35	2833.000	1089.000	30	1500.000	250.000	869.000	735.000	15	27210	0.395	0.985	14.484	35	0	0	0.134	0.052	34	1346	0	1346	1346	5	10	0	0	0	606	0	936	T?/M?	live	0	0	0	650	489.337	650.000	627.429	582	0	42	3	6	736	63	0	0		0	0	0	0	0	0.404	0.451	0.485	0	0	0.000	0.000	0.000	0.000	164.000	54.000	300.000	50.000	777.429	0.7223	0.8571
hadur2.Hadur 3.9sa	cx.micro.Spark 0.6	mid		2	true	35	3324.000	962.000	33	1650.000	100.000	1124.000	816.000	11	26460	0.408	0.998	14.797	35	0	0	0.143	0.059	61	1261	1	1261	1261	4	11	0	0	0	405	0	1131	T?/M?	live	0	0	0	650	486.009	650.000	606.000	397	0	159	2	8	882	68	0	0		0	0	0	0	0	0.367	0.405	0.439	0	0	0.000	0.000	0.000	0.000	219.000	26.000	330.000	20.000	756.000	0.7755	0.9429
hadur2.Hadur 3.9sa	cx.micro.Spark 0.6	mid		3	true	35	3377.000	938.000	33	1650.000	100.000	1168.000	790.000	8	25517	0.422	1.011	15.709	34	0	0	0.150	0.059	32	1220	2	1220	1220	4	10	0	0	0	353	0	1002	T?/M?	live	0	0	0	650	475.812	575.000	576.706	609	0	33	2	8	792	52	0	0		0	0	0	1	1	0.404	0.451	0.485	0	0	0.000	1.000	0.000	0.000	229.000	27.000	330.000	20.000	729.057	0.7826	0.9429
hadur2.Hadur 3.9sa	cx.micro.Spark 0.6	mid		4	true	35	2710.000	761.000	33	1650.000	100.000	610.000	628.000	12	30100	0.281	0.827	15.873	35	0	0	0.127	0.038	46	1498	1	1498	1498	7	10	0	0	0	990	406	764	T?/M?	live	0	0	0	650	475.954	575.000	710.000	185	16	24	2	8	489	46	0	0		0	0	0	0	0	0.367	0.404	0.435	0	0	0.000	0.000	0.000	0.000	120.000	13.000	330.000	20.000	860.000	0.7808	0.9429
hadur2.Hadur 3.9sa	cx.micro.Spark 0.6	mid		5	true	35	2171.000	536.000	32	1600.000	150.000	210.000	343.000	12	32837	0.243	0.730	17.191	35	0	0	0.091	0.017	26	1670	0	1670	1670	5	4	0	0	0	1452	191	384	T?/M?	live	0	0	0	650	499.606	550.000	788.200	0	0	15	2	4	114	10	0	0		0	0	0	0	0	0.382	0.426	0.469	0	0	0.000	0.000	0.000	0.000	41.000	13.000	320.000	30.000	938.200	0.8020	0.9143
hadur2.Hadur 3.9sa	cx.micro.Spark 0.6	mid		6	true	35	2792.000	1073.000	30	1500.000	250.000	836.000	727.000	10	29115	0.367	0.953	14.594	35	0	0	0.160	0.047	76	1505	1	1505	1505	2	11	0	0	0	626	819	1062	T?/M?	live	0	0	0	650	492.697	650.000	681.857	264	15	130	2	6	866	60	0	0		0	0	0	0	0	0.363	0.404	0.435	0	0	0.000	0.000	0.000	0.000	156.000	47.000	300.000	50.000	831.857	0.7224	0.8571
hadur2.Hadur 3.9sa	cx.micro.Spark 0.6	mid		7	true	35	2925.000	660.000	33	1650.000	100.000	788.000	526.000	12	28210	0.292	0.884	18.175	35	0	0	0.132	0.037	20	1355	2	1355	1355	3	7	0	0	0	853	486	737	T?/M?	live	0	0	0	650	479.591	650.000	656.000	383	0	16	3	3	482	36	0	0		0	0	0	0	0	0.367	0.415	0.460	0	0	0.000	0.000	0.000	0.000	157.000	14.000	330.000	20.000	806.000	0.8159	0.9429
hadur2.Hadur 3.9sa	cx.micro.Spark 0.6	mid		8	true	35	2607.000	387.000	34	1700.000	50.000	473.000	319.000	7	30025	0.238	0.687	12.714	35	0	0	0.135	0.024	21	1457	0	1457	1457	2	5	0	0	0	1170	0	502	T?/M?	live	0	0	0	650	479.571	650.000	707.857	133	0	1	1	5	216	19	0	0		0	0	0	0	0	0.363	0.405	0.435	0	0	0.000	0.000	0.000	0.000	94.000	8.000	340.000	10.000	857.857	0.8707	0.9714
hadur2.Hadur 3.9sa	cx.mini.Cigaret 1.31	mid		1	true	35	3137.000	1082.000	32	1600.000	150.000	1018.000	852.000	12	25578	0.477	2.096	15.178	35	0	0	0.139	0.049	67	997	2	997	997	4	18	0	0	0	309	1020	1198	T?/M?	live	0	0	0	650	503.857	650.000	580.800	579	0	44	3	5	741	78	0	0		0	0	0	0	0	0.363	0.404	0.437	0	0	0.000	1.000	0.000	21.000	198.000	29.000	320.000	30.000	730.800	0.7435	0.9143
hadur2.Hadur 3.9sa	cx.mini.Cigaret 1.31	mid		2	true	35	2880.000	797.000	33	1650.000	100.000	752.000	661.000	10	27626	0.398	2.046	16.266	35	0	0	0.118	0.037	57	1075	0	1075	1074	8	9	0	0	0	589	426	1021	T?/M?	live	0	0	0	650	491.971	650.000	639.314	337	0	56	2	7	515	54	0	0		0	0	0	0	0	0.284	0.377	0.438	0	0	0.000	0.000	0.000	0.000	149.000	17.000	330.000	20.000	789.314	0.7832	0.9429
hadur2.Hadur 3.9sa	cx.mini.Cigaret 1.31	mid		3	true	35	2616.000	1593.000	26	1300.000	450.000	895.000	945.000	9	25761	0.414	2.061	14.060	35	0	0	0.136	0.055	50	1065	0	1065	1065	2	8	0	0	0	477	705	969	T?/M?	live	0	0	0	650	477.086	650.000	586.029	241	0	109	3	8	613	66	0	0		0	0	0	0	0	0.284	0.389	0.437	0	0	0.000	2.000	0.000	37.000	161.000	69.000	260.000	90.000	736.029	0.6215	0.7429
hadur2.Hadur 3.9sa	cx.mini.Cigaret 1.31	mid		4	true	35	2399.000	1702.000	25	1250.000	500.000	770.000	961.000	7	27153	0.429	2.027	14.902	34	0	0	0.139	0.049	58	1106	0	1107	1106	7	10	0	0	0	490	629	1054	T?/M?	live	0	0	0	650	457.582	650.000	634.647	167	13	22	3	7	624	63	0	0		0	0	0	1	1	0.300	0.381	0.438	0	0	0.000	5.000	0.000	69.000	129.000	67.000	250.000	100.000	775.800	0.5850	0.7143
hadur2.Hadur 3.9sa	cx.mini.Cigaret 1.31	mid		5	true	35	2649.000	1115.000	29	1450.000	300.000	765.000	698.000	11	26034	0.393	2.045	16.101	35	0	0	0.127	0.038	50	1038	0	1038	1038	6	9	0	0	0	516	511	956	T?/M?	live	0	0	0	650	495.414	650.000	593.829	396	0	18	3	7	534	53	0	0		0	0	0	0	0	0.284	0.388	0.437	0	0	0.000	0.000	0.000	0.000	145.000	56.000	290.000	60.000	743.829	0.7038	0.8286
hadur2.Hadur 3.9sa	cx.mini.Cigaret 1.31	mid		6	true	35	3097.000	1010.000	32	1600.000	150.000	987.000	778.000	13	24748	0.431	2.053	14.308	35	0	0	0.138	0.046	52	999	3	999	999	6	9	0	0	0	386	568	1039	T?/M?	live	0	0	0	650	473.320	400.000	557.086	268	0	33	3	7	665	70	0	0		0	0	0	0	0	0.284	0.383	0.438	0	0	0.000	1.000	0.000	24.000	190.000	28.000	320.000	30.000	707.086	0.7541	0.9143
hadur2.Hadur 3.9sa	cx.mini.Cigaret 1.31	mid		7	true	35	2897.000	1288.000	29	1450.000	300.000	972.000	858.000	14	24404	0.419	2.039	14.368	35	0	0	0.138	0.050	38	954	1	954	954	6	11	0	0	0	380	0	1007	T?/M?	live	0	0	0	650	463.646	500.000	547.257	399	0	67	2	6	611	55	0	0		0	0	0	0	0	0.284	0.384	0.437	0	0	0.000	0.000	0.000	0.000	185.000	69.000	290.000	60.000	697.257	0.6922	0.8286
hadur2.Hadur 3.9sa	cx.mini.Cigaret 1.31	mid		8	true	35	2851.000	1122.000	30	1500.000	250.000	886.000	765.000	9	25412	0.420	2.001	15.451	35	0	0	0.136	0.043	63	987	0	988	987	2	10	0	0	0	434	36	1006	T?/M?	live	0	0	0	650	500.320	650.000	576.057	455	40	57	2	65	571	51	0	0		0	0	0	0	0	0.300	0.376	0.438	0	0	0.000	0.000	0.000	0.000	165.000	57.000	300.000	50.000	726.057	0.7176	0.8571
hadur2.Hadur 3.9sa	davidalves.PhoenixOS 1.1	mid		1	true	35	3188.000	1336.000	30	1500.000	250.000	1185.000	993.000	15	36068	0.400	0.890	14.518	35	0	0	0.141	0.066	238	1667	4	1752	1666	6	17	0	0	0	268	2200	2217	T?/M?	live	0	0	0	650	479.597	525.000	880.514	229	3	251	3	5	1614	148	0	0		0	0	0	0	0	0.284	0.381	0.437	0	0	0.000	0.000	0.000	0.000	203.000	42.000	300.000	50.000	1030.514	0.7047	0.8571
hadur2.Hadur 3.9sa	davidalves.PhoenixOS 1.1	mid		2	true	35	2995.000	1606.000	27	1350.000	400.000	1194.000	1054.000	15	35313	0.362	0.851	14.729	35	0	0	0.154	0.070	272	1524	0	1669	1503	5	18	0	0	0	163	2041	2216	T?/M?	live	0	0	0	650	435.680	400.000	858.943	109	33	370	3	7	1609	123	0	0		298	0	0	0	0	0.300	0.375	0.438	0	0	0.000	0.000	0.000	0.000	181.000	72.000	270.000	80.000	1008.943	0.6509	0.7714
hadur2.Hadur 3.9sa	davidalves.PhoenixOS 1.1	mid		3	true	35	2770.000	1662.000	27	1300.000	400.000	1049.000	1114.000	14	39010	0.405	0.902	13.884	35	0	0	0.136	0.066	278	1794	3	1864	1793	5	23	0	0	0	224	2311	2504	T?/M?	live	0	0	0	650	456.860	400.000	964.571	82	4	297	2	9	1767	180	0	0		0	0	0	0	0	0.284	0.383	0.437	0	0	0.000	0.000	0.000	0.000	161.000	69.000	260.000	80.000	1114.571	0.6250	0.7647
hadur2.Hadur 3.9sa	davidalves.PhoenixOS 1.1	mid		4	true	35	2842.000	1913.000	26	1300.000	450.000	1112.000	1269.000	15	35564	0.413	0.917	14.055	35	0	0	0.139	0.075	237	1648	0	1809	1648	9	24	0	0	0	156	2180	2270	T?/M?	live	0	0	0	650	449.394	400.000	866.114	179	78	255	2	7	1746	130	0	0		0	0	0	0	0	0.300	0.390	0.502	0	0	0.000	0.000	0.000	0.000	170.000	104.000	260.000	90.000	1016.114	0.5977	0.7429
hadur2.Hadur 3.9sa	davidalves.PhoenixOS 1.1	mid		5	true	35	2863.000	1920.000	25	1250.000	500.000	1188.000	1212.000	18	37106	0.384	0.938	284.511	35	0	0	0.132	0.080	204	1701	0	1787	1701	15	17	0	0	0	165	1150	2373	T?/M?	live	0	0	0	650	466.243	625.000	910.171	194	48	184	2	7	1709	133	0	0		0	0	0	0	0	0.300	0.415	0.515	0	0	0.000	0.000	0.000	0.000	175.000	108.000	250.000	100.000	1060.171	0.5986	0.7143
hadur2.Hadur 3.9sa	davidalves.PhoenixOS 1.1	mid		6	true	35	3006.000	1634.000	27	1350.000	400.000	1204.000	1083.000	14	35678	0.429	0.927	14.691	35	0	0	0.137	0.074	198	1510	0	1661	1510	5	24	0	0	0	208	1280	2230	T?/M?	live	0	0	0	650	448.000	400.000	869.371	243	5	192	3	7	1561	128	0	0		0	0	0	0	0	0.387	0.471	0.509	0	0	0.000	0.000	0.000	0.000	182.000	71.000	270.000	80.000	1019.371	0.6478	0.7714
hadur2.Hadur 3.9sa	davidalves.PhoenixOS 1.1	mid		7	true	35	3122.000	1705.000	27	1350.000	400.000	1283.000	1139.000	13	33850	0.425	0.917	24.239	35	0	0	0.131	0.082	159	1512	1	1572	1512	2	18	0	0	0	162	1561	2102	T?/M?	live	0	0	0	650	441.794	400.000	817.143	260	2	133	2	8	1507	119	0	0		0	0	0	0	0	0.339	0.450	0.515	0	0	0.000	0.000	0.000	0.000	219.000	86.000	270.000	80.000	967.143	0.6468	0.7714
hadur2.Hadur 3.9sa	davidalves.PhoenixOS 1.1	mid		8	true	35	2814.000	1918.000	25	1250.000	500.000	1156.000	1224.000	14	37323	0.412	0.925	14.003	35	0	0	0.136	0.075	243	1667	0	1836	1667	7	27	0	0	0	202	2013	2397	T?/M?	live	0	0	0	650	453.497	400.000	916.371	178	6	308	2	11	1760	148	0	0		0	0	0	0	0	0.370	0.452	0.500	0	0	0.000	0.000	0.000	0.000	157.000	94.000	250.000	100.000	1066.371	0.5947	0.7143
hadur2.Hadur 3.9sa	deo.CloudBot 1.3	mid		1	true	35	2768.000	425.000	35	1750.000	0.000	557.000	424.000	15	30333	0.182	0.447	15.644	35	0	0	0.133	0.033	18	1673	0	1673	1672	17	11	0	0	0	1494	22	244	T?/M?	live	0	0	0	650	303.983	650.000	716.657	172	93	34	2	4	173	21	0	0		0	0	0	0	0	0.339	0.459	0.515	0	0	0.000	1.000	0.000	0.000	111.000	0.000	350.000	0.000	866.657	0.8669	1.0000
hadur2.Hadur 3.9sa	deo.CloudBot 1.3	mid		2	true	35	2535.000	552.000	34	1700.000	50.000	381.000	448.000	10	31896	0.184	0.472	62.723	35	0	0	0.135	0.031	29	1768	3	1768	1768	3	11	0	0	0	1591	175	248	T?/M?	live	0	0	0	650	298.634	650.000	761.314	142	118	26	2	3	154	18	0	0		0	0	0	0	0	0.411	0.482	0.509	0	0	37.000	31.000	1.000	0.000	76.000	12.000	340.000	10.000	911.314	0.8212	0.9714
hadur2.Hadur 3.9sa	deo.CloudBot 1.3	mid		3	true	35	2785.000	930.000	30	1500.000	250.000	819.000	575.000	17	28510	0.221	0.709	230.168	35	0	0	0.154	0.042	41	1564	1	1564	1563	3	9	0	0	0	1096	374	564	T?/M?	live	0	0	0	650	311.074	400.000	664.571	303	188	112	1	6	502	72	0	0		0	0	0	0	0	0.406	0.467	0.515	0	0	13.000	16.000	0.000	11.000	153.000	29.000	300.000	50.000	814.571	0.7497	0.8571
hadur2.Hadur 3.9sa	deo.CloudBot 1.3	mid		4	true	35	2680.000	598.000	34	1700.000	50.000	541.000	526.000	15	30928	0.205	0.571	16.913	35	0	0	0.103	0.038	21	1719	2	1698	1698	14	6	0	0	0	1360	0	435	T?/M?	live	0	0	0	650	326.089	650.000	733.657	215	314	52	3	8	328	19	0	0		298	0	0	0	0	0.387	0.479	0.509	0	0	0.000	0.000	0.000	0.000	99.000	12.000	340.000	10.000	883.657	0.8176	0.9714
hadur2.Hadur 3.9sa	deo.CloudBot 1.3	mid		5	true	35	2579.000	796.000	32	1600.000	150.000	556.000	588.000	15	30870	0.212	0.666	318.282	35	0	0	0.081	0.041	17	1708	1	1708	1708	17	10	0	0	0	1296	236	487	T?/M?	live	0	0	0	650	358.109	650.000	732.000	119	181	71	3	5	409	33	0	0		0	0	0	0	0	0.377	0.459	0.515	0	0	0.000	0.000	0.000	0.000	103.000	28.000	320.000	30.000	882.000	0.7641	0.9143
hadur2.Hadur 3.9sa	deo.CloudBot 1.3	mid		6	true	35	2997.000	804.000	33	1650.000	100.000	845.000	654.000	17	28411	0.226	0.705	15.089	35	0	0	0.122	0.272	10	1540	1	1519	1519	14	8	0	0	0	1019	189	630	T?/M?	live	0	0	0	650	352.866	650.000	661.743	272	355	60	3	7	532	59	0	0		299	0	0	0	0	0.377	0.471	0.509	0	0	6.000	5.000	0.000	0.000	166.000	26.000	330.000	20.000	811.743	0.7885	0.9429
hadur2.Hadur 3.9sa	deo.CloudBot 1.3	mid		7	true	35	2645.000	907.000	31	1550.000	200.000	660.000	629.000	13	30084	0.202	0.708	18.917	35	0	0	0.132	0.043	16	1675	0	1675	1675	6	8	0	0	0	1252	277	514	T?/M?	live	0	0	0	650	308.334	650.000	709.543	167	120	26	2	5	436	42	0	0		0	0	0	0	0	0.377	0.453	0.515	0	0	0.000	2.000	0.000	0.000	126.000	36.000	310.000	40.000	859.543	0.7447	0.8857
hadur2.Hadur 3.9sa	deo.CloudBot 1.3	mid		8	true	35	2601.000	1039.000	30	1500.000	250.000	647.000	649.000	11	29213	0.216	0.739	17.990	35	0	0	0.099	0.055	71	1609	1	1609	1609	3	11	0	0	0	1108	393	598	T?/M?	live	0	0	0	650	349.969	650.000	684.657	244	173	75	2	6	517	59	0	0		0	0	0	0	0	0.387	0.474	0.509	0	0	38.000	35.000	0.000	25.000	116.000	30.000	300.000	50.000	834.657	0.7146	0.8571
hadur2.Hadur 3.9sa	dft.Immortal 1.40	mid		1	true	35	3537.000	1359.000	33	1650.000	100.000	1305.000	1216.000	13	29698	0.485	0.979	286.930	35	0	0	0.126	0.079	90	1508	2	1508	1508	5	16	0	0	0	177	1740	1802	T?/M?	live	0	0	0	650	483.737	650.000	698.514	344	17	73	2	9	1479	172	0	0		0	0	0	0	0	0.370	0.450	0.500	0	0	0.000	0.000	0.000	0.000	252.000	23.000	330.000	20.000	848.514	0.7224	0.9429
hadur2.Hadur 3.9sa	dft.Immortal 1.40	mid		2	true	35	3124.000	1457.000	31	1550.000	200.000	1068.000	1176.000	12	31758	0.505	0.996	14.662	35	0	0	0.120	0.074	108	1599	0	1607	1599	4	14	0	0	0	177	1851	1989	T?/M?	live	0	0	0	650	506.151	650.000	757.371	374	1	42	2	8	1570	176	0	0		0	0	0	0	0	0.374	0.454	0.555	0	0	0.000	0.000	0.000	0.000	196.000	40.000	310.000	40.000	907.371	0.6819	0.8857
hadur2.Hadur 3.9sa	dft.Immortal 1.40	mid		3	true	35	3195.000	1465.000	30	1450.000	250.000	1234.000	1098.000	12	29750	0.497	0.980	14.693	35	0	0	0.120	0.073	69	1469	1	1469	1469	5	13	0	0	0	183	1424	1736	T?/M?	live	0	0	0	650	502.483	650.000	700.000	321	46	90	2	8	1422	150	0	0		0	0	0	0	0	0.370	0.445	0.500	0	0	0.000	0.000	0.000	0.000	221.000	67.000	290.000	50.000	850.000	0.6856	0.8529
hadur2.Hadur 3.9sa	dft.Immortal 1.40	mid		4	true	35	3268.000	1308.000	33	1600.000	100.000	1134.000	1160.000	18	31191	0.494	0.983	41.096	35	0	0	0.126	0.075	104	1571	2	1551	1551	9	12	0	0	0	165	1340	1920	T?/M?	live	0	0	0	650	505.246	650.000	741.171	254	59	30	3	8	1529	163	0	0		298	0	0	0	0	0.374	0.454	0.555	0	0	0.000	0.000	0.000	0.000	215.000	28.000	320.000	20.000	891.171	0.7142	0.9412
hadur2.Hadur 3.9sa	dft.Immortal 1.40	mid		5	true	35	3227.000	1456.000	30	1500.000	250.000	1207.000	1097.000	12	29165	0.513	0.975	19.100	35	0	0	0.115	0.070	55	1516	0	1516	1516	6	17	0	0	0	191	1675	1688	T?/M?	live	0	0	0	650	514.923	650.000	683.286	301	9	23	2	11	1453	153	0	0		0	0	0	0	0	0.370	0.443	0.500	0	0	0.000	0.000	0.000	0.000	219.000	59.000	300.000	50.000	833.286	0.6891	0.8571
hadur2.Hadur 3.9sa	dft.Immortal 1.40	mid		6	true	35	3123.000	1299.000	31	1550.000	200.000	1061.000	1005.000	16	30016	0.495	0.960	14.469	35	0	0	0.112	0.202	90	1501	1	1490	1490	168	15	0	0	0	202	1457	1809	T?/M?	live	0	0	0	650	492.309	650.000	707.600	482	0	1	3	7	1420	150	0	0		0	0	0	0	0	0.374	0.454	0.555	0	0	0.000	0.000	0.000	0.000	202.000	54.000	310.000	40.000	857.600	0.7062	0.8857
hadur2.Hadur 3.9sa	dft.Immortal 1.40	mid		7	true	35	2545.000	1747.000	27	1350.000	400.000	788.000	1191.000	14	34475	0.484	0.979	14.108	35	0	0	0.105	0.071	156	1691	1	1671	1671	5	9	0	0	0	204	1812	2291	T?/M?	live	0	0	0	650	503.980	400.000	835.000	1053	0	25	3	11	1645	195	0	0		298	0	0	0	0	0.370	0.459	0.555	0	0	0.000	0.000	0.000	0.000	137.000	76.000	270.000	80.000	985.000	0.5930	0.7714
hadur2.Hadur 3.9sa	dft.Immortal 1.40	mid		8	true	35	3200.000	1649.000	29	1400.000	300.000	1296.000	1203.000	14	29466	0.473	0.962	14.596	35	0	0	0.132	0.073	93	1476	1	1476	1476	7	14	0	0	0	151	1533	1761	T?/M?	live	0	0	0	650	495.640	650.000	691.886	440	451	84	2	10	1455	149	0	0		0	0	0	0	0	0.374	0.450	0.518	0	0	0.000	0.000	0.000	0.000	224.000	86.000	280.000	60.000	841.886	0.6599	0.8235
hadur2.Hadur 3.9sa	dmh.robocode.robot.BlackDeath 9.2	mid		1	true	35	2391.000	188.000	35	1750.000	0.000	242.000	188.000	11	34010	0.205	0.551	18.856	35	0	0	0.081	0.013	13	1899	0	1900	1899	6	5	0	0	0	1826	0	237	T?/M?	live	0	0	0	650	506.497	650.000	821.714	26	42	3	2	5	64	7	0	0		0	0	0	0	0	0.370	0.444	0.500	0	0	0.000	0.000	0.000	0.000	48.000	0.000	350.000	0.000	971.714	0.9271	1.0000
hadur2.Hadur 3.9sa	dmh.robocode.robot.BlackDeath 9.2	mid		2	true	35	2528.000	154.000	35	1750.000	0.000	357.000	154.000	10	32686	0.224	0.591	15.700	35	0	0	0.068	0.012	9	1806	0	1807	1806	4	4	0	0	0	1635	0	337	T?/M?	live	0	0	0	650	515.786	650.000	783.886	65	0	3	3	3	178	13	0	0		0	0	0	0	0	0.410	0.485	0.555	0	0	0.000	0.000	0.000	0.000	71.000	0.000	350.000	0.000	933.886	0.9426	1.0000
hadur2.Hadur 3.9sa	dmh.robocode.robot.BlackDeath 9.2	mid		3	true	35	2537.000	233.000	35	1750.000	0.000	364.000	233.000	10	33006	0.205	0.571	17.878	35	0	0	0.089	0.013	7	1809	0	1810	1809	2	5	0	0	0	1658	69	343	T?/M?	live	0	0	0	650	496.329	650.000	793.029	90	0	7	2	27	155	16	0	0		0	0	0	0	0	0.370	0.451	0.555	0	0	0.000	0.000	0.000	0.000	73.000	0.000	350.000	0.000	943.029	0.9159	1.0000
hadur2.Hadur 3.9sa	dmh.robocode.robot.BlackDeath 9.2	mid		4	true	35	2458.000	282.000	34	1700.000	50.000	352.000	212.000	12	32708	0.201	0.517	20.135	35	0	0	0.106	0.012	8	1810	1	1810	1810	2	5	0	0	0	1715	119	260	T?/M?	live	0	0	0	650	480.286	650.000	784.514	82	0	8	3	3	91	13	0	0		0	0	0	0	0	0.374	0.428	0.501	0	0	0.000	0.000	0.000	0.000	66.000	10.000	340.000	10.000	934.514	0.8971	0.9714
hadur2.Hadur 3.9sa	dmh.robocode.robot.BlackDeath 9.2	mid		5	true	35	2529.000	319.000	34	1700.000	50.000	411.000	245.000	11	31927	0.211	0.577	18.324	35	0	0	0.111	0.018	19	1751	2	1751	1751	4	8	0	0	0	1586	207	330	T?/M?	live	0	0	0	650	506.991	650.000	762.200	40	0	42	2	5	171	17	0	0		0	0	0	0	0	0.374	0.428	0.501	0	0	0.000	1.000	0.000	0.000	79.000	13.000	340.000	10.000	912.200	0.8880	0.9714
hadur2.Hadur 3.9sa	dmh.robocode.robot.BlackDeath 9.2	mid		6	true	35	2555.000	186.000	35	1750.000	0.000	379.000	186.000	11	32341	0.221	0.555	14.934	35	0	0	0.106	0.011	11	1772	0	1773	1772	4	2	0	0	0	1637	0	307	T?/M?	live	0	0	0	650	493.489	650.000	774.029	64	0	16	3	3	131	11	0	0		0	0	0	0	0	0.357	0.442	0.516	0	0	0.000	0.000	0.000	0.000	76.000	0.000	350.000	0.000	924.029	0.9321	1.0000
hadur2.Hadur 3.9sa	dmh.robocode.robot.BlackDeath 9.2	mid		7	true	35	2587.000	346.000	34	1700.000	50.000	458.000	271.000	12	32357	0.214	0.617	18.717	35	0	0	0.112	0.019	16	1769	1	1771	1769	7	7	0	0	0	1631	0	317	T?/M?	live	0	0	0	650	502.026	650.000	774.486	121	47	28	3	4	142	19	0	0		0	0	0	0	0	0.374	0.439	0.518	0	0	0.000	1.000	0.000	14.000	90.000	0.000	340.000	10.000	924.486	0.8820	0.9714
hadur2.Hadur 3.9sa	dmh.robocode.robot.BlackDeath 9.2	mid		8	true	35	2600.000	152.000	35	1750.000	0.000	416.000	152.000	10	32081	0.201	0.552	18.126	35	0	0	0.100	0.016	12	1784	0	1784	1784	2	5	0	0	0	1647	269	284	T?/M?	live	0	0	0	650	491.923	650.000	766.600	97	4	4	2	5	146	16	0	0		0	0	0	0	0	0.334	0.404	0.491	0	0	0.000	0.000	0.000	0.000	83.000	0.000	350.000	0.000	916.600	0.9448	1.0000
hadur2.Hadur 3.9sa	dragonbyte.Neutrino 4	mid		1	true	35	3955.000	1054.000	18	900.000	850.000	2601.000	34.000	8	69035	0.281	0.643	21.828	34	0	0	0.163	0.025	496	3178	0	5180	3178	8	26	0	0	0	180	3209	4870	T?/M?	live	0	0	0	650	408.271	400.000	1809.912	0	3	598	3	5	4958	173	0	0		0	0	0	1	1	0.334	0.421	0.518	0	0	0.000	0.000	0.000	0.000	274.000	0.000	180.000	170.000	1972.429	0.7896	0.5143
hadur2.Hadur 3.9sa	dragonbyte.Neutrino 4	mid		2	true	35	4295.000	943.000	20	1000.000	750.000	2756.000	42.000	11	60625	0.275	0.671	20.746	35	0	0	0.154	0.029	372	3010	0	4105	2983	4	26	0	0	0	200	3681	4247	T?/M?	live	0	0	0	650	418.040	400.000	1582.143	0	2	533	3	4	4050	195	0	0		298	0	0	0	0	0.307	0.382	0.493	0	0	0.000	0.000	0.000	0.000	339.000	1.000	200.000	150.000	1732.143	0.8200	0.5714
hadur2.Hadur 3.9sa	dragonbyte.Neutrino 4	mid		3	true	35	4616.000	810.000	22	1100.000	650.000	2926.000	30.000	9	66988	0.283	0.663	21.809	35	0	0	0.154	0.026	445	2996	0	4450	2996	2	20	0	0	0	212	3983	4740	T?/M?	live	0	0	0	650	411.226	400.000	1763.943	0	2	568	2	5	4394	209	0	0		0	0	0	0	0	0.322	0.419	0.518	0	0	0.000	0.000	0.000	0.000	370.000	0.000	220.000	130.000	1913.943	0.8507	0.6286
hadur2.Hadur 3.9sa	dragonbyte.Neutrino 4	mid		4	true	35	3965.000	992.000	19	950.000	800.000	2587.000	32.000	8	72542	0.277	0.664	22.149	34	0	0	0.151	0.022	510	3384	0	5402	3357	6	24	0	0	0	217	2162	5117	T?/M?	live	0	0	0	650	422.153	400.000	1930.559	0	6	441	3	8	5186	205	0	0		298	0	0	1	1	0.307	0.389	0.493	1	0	0.000	0.000	0.000	0.000	238.000	0.000	190.000	160.000	2072.629	0.7999	0.5429
hadur2.Hadur 3.9sa	dragonbyte.Neutrino 4	mid		5	true	35	4012.000	1116.000	17	850.000	900.000	2694.000	36.000	9	66251	0.275	0.658	20.734	35	0	0	0.149	0.027	415	3170	0	4607	3170	9	24	0	0	0	190	4255	4640	T?/M?	live	0	0	0	650	405.266	400.000	1742.886	2	1	442	3	9	4541	185	0	0		0	0	0	0	0	0.322	0.419	0.518	0	0	0.000	0.000	0.000	0.000	298.000	0.000	170.000	180.000	1892.886	0.7824	0.4857
hadur2.Hadur 3.9sa	dragonbyte.Neutrino 4	mid		6	true	35	4239.000	998.000	19	950.000	800.000	2770.000	38.000	14	66478	0.271	0.647	24.175	35	0	0	0.150	0.028	418	3081	0	4637	3027	3	32	0	0	0	186	4178	4648	T?/M?	live	0	0	0	650	412.040	400.000	1749.371	0	1	525	3	7	4569	182	0	0		596	0	0	0	0	0.307	0.383	0.493	1	0	0.000	0.000	0.000	0.000	329.000	0.000	190.000	160.000	1899.371	0.8094	0.5429
hadur2.Hadur 3.9sa	dragonbyte.Neutrino 4	mid		7	true	35	4913.000	512.000	27	1350.000	400.000	2870.000	32.000	10	59948	0.275	0.652	21.384	35	0	0	0.164	0.028	393	2886	0	3921	2886	3	18	0	0	0	188	3896	4189	T?/M?	live	0	0	0	650	417.629	400.000	1562.800	0	4	488	3	7	3855	184	0	0		0	0	0	0	0	0.322	0.411	0.516	0	0	0.000	0.000	0.000	0.000	423.000	0.000	270.000	80.000	1712.800	0.9056	0.7714
hadur2.Hadur 3.9sa	dragonbyte.Neutrino 4	mid		8	true	35	4090.000	1074.000	18	900.000	850.000	2716.000	51.000	6	68957	0.278	0.655	21.290	34	0	0	0.149	0.026	431	3404	0	5090	3404	2	29	0	0	0	212	2760	4813	T?/M?	live	0	0	0	650	416.847	400.000	1829.941	0	2	418	2	7	4895	205	0	0		0	0	0	1	1	0.307	0.389	0.503	1	0	0.000	0.000	0.000	0.000	294.000	3.000	180.000	170.000	1970.200	0.7920	0.5143
hadur2.Hadur 3.9sa	drm.Magazine 0.39	mid		1	true	35	3015.000	598.000	34	1700.000	50.000	813.000	536.000	13	24273	0.691	1.279	14.678	35	0	0	0.164	0.036	23	1095	2	1095	1095	3	6	0	0	0	775	0	471	T?/M?	live	0	0	0	650	474.874	650.000	543.514	334	9	72	3	6	316	17	0	0		0	0	0	0	0	0.322	0.389	0.484	0	0	0.000	0.000	0.000	0.000	163.000	1.000	340.000	10.000	693.514	0.8345	0.9714
hadur2.Hadur 3.9sa	drm.Magazine 0.39	mid		2	true	35	2546.000	442.000	34	1700.000	50.000	427.000	367.000	11	26063	0.725	1.275	16.323	35	0	0	0.195	0.025	15	1185	1	1184	1184	4	2	0	0	0	1076	0	279	T?/M?	live	0	0	0	650	423.560	650.000	594.657	129	23	10	2	6	87	4	0	0		0	0	0	0	0	0.307	0.382	0.493	0	0	0.000	0.000	0.000	0.000	79.000	15.000	340.000	10.000	744.657	0.8521	0.9714
hadur2.Hadur 3.9sa	drm.Magazine 0.39	mid		3	true	35	2696.000	712.000	32	1600.000	150.000	660.000	498.000	10	25472	0.679	1.267	12.772	35	0	0	0.213	0.033	32	1146	3	1146	1146	3	3	0	0	0	860	0	492	T?/M?	live	0	0	0	650	434.826	650.000	577.771	215	6	83	1	6	280	14	0	0		0	0	0	0	0	0.322	0.410	0.493	0	0	0.000	0.000	0.000	0.000	116.000	34.000	320.000	30.000	727.771	0.7911	0.9143
hadur2.Hadur 3.9sa	drm.Magazine 0.39	mid		4	true	35	2674.000	1553.000	27	1350.000	400.000	910.000	967.000	5	24569	0.647	1.362	14.592	34	0	0	0.187	0.058	45	1132	7	1132	1132	5	6	0	0	0	562	0	728	T?/M?	live	0	0	0	650	517.182	650.000	544.471	403	13	132	3	6	538	35	0	0		0	0	0	1	1	0.307	0.359	0.441	0	0	0.000	0.000	0.000	0.000	145.000	106.000	270.000	80.000	701.971	0.6326	0.7714
hadur2.Hadur 3.9sa	drm.Magazine 0.39	mid		5	true	35	3093.000	1484.000	29	1450.000	300.000	1149.000	1050.000	12	22446	0.637	1.228	13.126	35	0	0	0.206	0.067	39	993	8	993	993	7	9	0	0	0	325	450	893	T?/M?	live	0	0	0	650	511.409	650.000	491.314	539	22	150	2	7	704	55	0	0		0	0	0	0	0	0.310	0.415	0.525	1	0	0.000	0.000	0.000	0.000	204.000	75.000	290.000	60.000	641.314	0.6758	0.8286
hadur2.Hadur 3.9sa	drm.Magazine 0.39	mid		6	true	35	2677.000	642.000	32	1600.000	150.000	634.000	444.000	13	24358	0.724	1.288	15.174	35	0	0	0.224	0.029	11	1107	5	1107	1107	5	4	0	0	0	880	0	358	T?/M?	live	0	0	0	650	482.503	650.000	545.943	125	0	67	3	4	206	9	0	0		0	0	0	0	0	0.331	0.418	0.512	0	0	0.000	0.000	0.000	0.000	124.000	18.000	320.000	30.000	695.943	0.8066	0.9143
hadur2.Hadur 3.9sa	drm.Magazine 0.39	mid		7	true	35	2396.000	605.000	32	1600.000	150.000	400.000	400.000	11	26311	0.760	1.326	15.026	35	0	0	0.140	0.026	20	1187	3	1187	1187	3	7	0	0	0	972	0	419	T?/M?	live	0	0	0	650	483.631	650.000	601.743	154	0	35	3	5	207	13	0	0		0	0	0	0	0	0.310	0.434	0.525	1	0	0.000	0.000	0.000	0.000	76.000	25.000	320.000	30.000	751.743	0.7984	0.9143
hadur2.Hadur 3.9sa	drm.Magazine 0.39	mid		8	true	35	2490.000	770.000	31	1550.000	200.000	528.000	501.000	11	24931	0.753	1.311	14.525	35	0	0	0.148	0.027	28	1082	3	1082	1082	3	4	0	0	0	852	0	443	T?/M?	live	0	0	0	650	492.609	650.000	562.314	105	0	47	2	6	230	15	0	0		0	0	0	0	0	0.331	0.418	0.512	0	0	2.000	0.000	0.000	0.000	100.000	29.000	310.000	40.000	712.314	0.7638	0.8857
hadur2.Hadur 3.9sa	dz.GalbaMini 0.121	mid		1	true	35	3142.000	1806.000	27	1350.000	400.000	1292.000	1230.000	12	28302	0.465	0.946	14.976	35	0	0	0.140	0.076	86	1540	1	1541	1540	4	13	0	0	0	153	1125	1648	T?/M?	live	0	0	0	650	439.923	650.000	658.629	322	0	169	3	9	1485	149	0	0		0	0	0	0	0	0.332	0.429	0.525	1	0	0.000	0.000	0.000	0.000	230.000	97.000	270.000	80.000	808.629	0.6350	0.7714
hadur2.Hadur 3.9sa	dz.GalbaMini 0.121	mid		2	true	35	3540.000	1570.000	29	1450.000	300.000	1522.000	1132.000	14	25096	0.446	0.962	13.551	35	0	0	0.157	0.087	72	1332	5	1332	1332	8	26	0	0	0	122	834	1382	T?/M?	live	0	0	0	650	425.680	650.000	567.029	735	0	193	3	7	1299	118	0	0		0	0	0	0	0	0.340	0.431	0.503	0	0	0.000	0.000	0.000	0.000	278.000	78.000	290.000	60.000	717.029	0.6928	0.8286
hadur2.Hadur 3.9sa	dz.GalbaMini 0.121	mid		3	true	35	3416.000	1498.000	29	1450.000	300.000	1423.000	1060.000	13	26759	0.458	0.932	14.570	35	0	0	0.143	0.072	60	1424	3	1424	1424	7	12	0	0	0	139	1373	1530	T?/M?	live	0	0	0	650	443.891	400.000	614.543	593	0	133	2	212	1389	133	0	0		0	0	0	0	0	0.332	0.429	0.525	1	0	0.000	0.000	0.000	0.000	253.000	78.000	290.000	60.000	764.543	0.6952	0.8286
hadur2.Hadur 3.9sa	dz.GalbaMini 0.121	mid		4	true	35	3642.000	1545.000	31	1550.000	200.000	1499.000	1250.000	13	26824	0.439	0.932	13.385	35	0	0	0.151	0.113	54	1416	1	1405	1405	5	18	0	0	0	135	1376	1518	T?/M?	live	0	0	0	650	418.423	650.000	616.400	609	0	76	3	8	1350	123	0	0		160	0	0	0	0	0.331	0.420	0.503	0	0	0.000	0.000	0.000	0.000	283.000	55.000	310.000	40.000	766.400	0.7021	0.8857
hadur2.Hadur 3.9sa	dz.GalbaMini 0.121	mid		5	true	35	3515.000	1229.000	30	1500.000	250.000	1436.000	890.000	14	26102	0.430	0.884	14.468	35	0	0	0.154	0.067	71	1382	1	1382	1382	9	15	0	0	0	130	1231	1420	T?/M?	live	0	0	0	650	417.566	650.000	595.771	714	0	167	3	9	1321	123	0	0		0	0	0	0	0	0.332	0.431	0.525	1	0	0.000	0.000	0.000	0.000	279.000	38.000	300.000	50.000	745.771	0.7409	0.8571
hadur2.Hadur 3.9sa	dz.GalbaMini 0.121	mid		6	true	35	3315.000	1472.000	29	1450.000	300.000	1335.000	1036.000	18	26269	0.419	0.945	13.497	35	0	0	0.138	0.080	47	1385	4	1385	1385	10	22	0	0	0	121	1300	1469	T?/M?	live	0	0	0	650	434.783	650.000	600.543	550	0	122	3	9	1338	107	0	0		0	0	0	0	0	0.331	0.424	0.503	0	0	0.000	0.000	0.000	0.000	240.000	76.000	290.000	60.000	750.543	0.6925	0.8286
hadur2.Hadur 3.9sa	dz.GalbaMini 0.121	mid		7	true	35	3366.000	1863.000	28	1400.000	350.000	1431.000	1354.000	18	27703	0.459	0.952	31.422	35	0	0	0.151	0.148	89	1506	1	1489	1489	9	20	0	0	0	147	1443	1631	T?/M?	live	0	0	0	650	439.677	650.000	641.514	527	0	147	3	8	1465	143	0	0		248	0	0	0	0	0.332	0.434	0.525	1	0	0.000	0.000	0.000	0.000	255.000	89.000	280.000	70.000	791.514	0.6437	0.8000
hadur2.Hadur 3.9sa	dz.GalbaMini 0.121	mid		8	true	35	3349.000	1544.000	31	1550.000	200.000	1250.000	1264.000	11	29781	0.420	0.918	14.576	35	0	0	0.135	0.088	101	1579	6	1579	1579	4	27	0	0	0	164	1734	1810	T?/M?	live	0	0	0	650	426.031	650.000	700.886	242	0	159	2	10	1549	159	0	0		0	0	0	0	0	0.331	0.420	0.512	0	0	0.000	0.000	0.000	0.000	238.000	40.000	310.000	40.000	850.886	0.6844	0.8857
hadur2.Hadur 3.9sa	eem.zapper v6.03	mid		1	true	35	2812.000	2119.000	24	1200.000	550.000	1181.000	1327.000	11	34336	0.896	1.609	19.873	34	0	0	0.119	0.091	125	2126	2	2126	2126	10	21	0	0	0	207	1813	2151	T?/M?	live	0	0	0	650	485.329	650.000	835.647	232	0	56	2	9	2056	205	0	0		0	0	0	1	1	0.312	0.394	0.520	1	0	0.000	0.000	0.000	0.000	191.000	131.000	240.000	110.000	981.029	0.5703	0.6857
hadur2.Hadur 3.9sa	eem.zapper v6.03	mid		2	true	35	3412.000	1337.000	31	1550.000	200.000	1313.000	1057.000	13	35024	1.026	1.755	62.844	35	0	0	0.122	0.073	118	2190	0	2190	2190	6	29	0	0	0	250	2214	2270	T?/M?	live	0	0	0	650	499.374	650.000	850.686	410	1	65	2	737	2162	250	0	0		0	0	0	0	0	0.317	0.385	0.469	1	0	0.000	0.000	0.000	0.000	238.000	41.000	310.000	40.000	1000.686	0.7185	0.8857
hadur2.Hadur 3.9sa	eem.zapper v6.03	mid		3	true	35	2866.000	2006.000	25	1250.000	500.000	1169.000	1290.000	15	36253	0.906	1.603	23.073	35	0	0	0.119	0.082	146	2235	1	2235	2235	10	23	0	0	0	233	2137	2354	T?/M?	live	0	0	0	650	489.900	650.000	885.800	436	2	54	2	1751	2203	232	0	0		0	0	0	0	0	0.312	0.393	0.520	1	0	0.000	0.000	0.000	0.000	196.000	115.000	250.000	100.000	1035.800	0.5883	0.7143
hadur2.Hadur 3.9sa	eem.zapper v6.03	mid		4	true	35	3360.000	1348.000	31	1500.000	200.000	1321.000	1055.000	12	35476	0.948	1.989	22.484	35	0	0	0.121	0.069	125	2159	1	2161	2159	6	18	0	0	0	226	2200	2301	T?/M?	live	0	0	0	650	494.574	650.000	863.600	443	2	54	2	8	2137	224	0	0		0	0	0	0	0	0.317	0.379	0.438	1	0	0.000	0.000	0.000	0.000	239.000	53.000	300.000	40.000	1013.600	0.7137	0.8824
hadur2.Hadur 3.9sa	eem.zapper v6.03	mid		5	true	35	3142.000	1660.000	28	1400.000	350.000	1241.000	1162.000	15	33971	0.901	1.570	22.244	34	0	0	0.118	0.078	93	2107	4	2107	2107	16	21	0	0	0	209	2075	2113	T?/M?	live	0	0	0	650	500.041	650.000	822.206	328	0	38	3	7	2032	207	0	0		0	0	0	1	1	0.312	0.393	0.520	1	0	0.000	0.000	0.000	0.000	220.000	78.000	280.000	70.000	970.600	0.6543	0.8000
hadur2.Hadur 3.9sa	eem.zapper v6.03	mid		6	true	35	2728.000	1828.000	27	1350.000	400.000	938.000	1261.000	10	37513	0.988	1.744	24.747	34	0	0	0.110	0.085	164	2381	1	2380	2380	6	18	0	0	0	269	2388	2475	T?/M?	live	0	0	0	650	491.165	650.000	925.441	235	21	24	2	10	2306	267	0	0		0	0	0	1	1	0.317	0.391	0.469	1	0	0.000	0.000	0.000	0.000	170.000	87.000	270.000	80.000	1071.800	0.5988	0.7714
hadur2.Hadur 3.9sa	eem.zapper v6.03	mid		7	true	35	2863.000	1659.000	28	1400.000	350.000	1010.000	1162.000	21	40382	0.894	1.569	23.902	35	0	0	0.114	0.081	213	2645	2	2644	2644	14	29	0	0	0	305	2694	2803	T?/M?	live	0	0	0	650	493.837	650.000	1003.771	1456	1	25	2	13	2616	302	0	0		0	0	0	0	0	0.312	0.400	0.520	1	0	0.000	0.000	0.000	0.000	172.000	77.000	280.000	70.000	1153.771	0.6331	0.8000
hadur2.Hadur 3.9sa	eem.zapper v6.03	mid		8	true	35	3813.000	1074.000	35	1750.000	0.000	1427.000	1074.000	14	37189	0.993	1.719	22.048	35	0	0	0.126	0.075	144	2371	0	2371	2371	7	22	0	0	0	233	2321	2455	T?/M?	live	0	0	0	650	491.380	650.000	912.543	414	0	22	2	621	2347	231	0	0		0	0	0	0	0	0.317	0.387	0.469	1	0	0.000	0.000	0.000	0.000	285.000	0.000	350.000	0.000	1062.543	0.7802	1.0000
hadur2.Hadur 3.9sa	fromHell.C22H30N2O2S 2.2	mid		1	true	35	2753.000	861.000	33	1650.000	100.000	645.000	715.000	13	25420	0.201	0.755	15.300	35	0	0	0.136	0.188	35	1238	2	1213	1210	15	14	0	0	0	852	0	490	T?/M?	live	0	0	0	650	311.169	650.000	576.286	241	159	63	3	1	336	21	0	0		430	0	0	0	0	0.368	0.465	0.520	1	0	1.000	0.000	3.000	0.000	123.000	26.000	330.000	20.000	726.286	0.7618	0.9429
hadur2.Hadur 3.9sa	fromHell.C22H30N2O2S 2.2	mid		2	true	35	2353.000	561.000	33	1650.000	100.000	310.000	425.000	10	27270	0.162	0.570	14.788	35	0	0	0.094	0.028	33	1347	2	1351	1347	16	6	0	0	0	1204	41	240	T?/M?	live	0	0	0	650	275.469	650.000	629.143	60	89	12	2	6	116	14	0	0		0	0	0	0	0	0.312	0.349	0.373	0	0	0.000	0.000	0.000	0.000	62.000	16.000	330.000	20.000	779.143	0.8075	0.9429
hadur2.Hadur 3.9sa	fromHell.C22H30N2O2S 2.2	mid		3	true	35	2273.000	423.000	34	1700.000	50.000	197.000	353.000	7	27548	0.171	0.399	12.581	35	0	0	0.131	0.024	26	1371	0	1374	1370	6	9	0	0	0	1306	0	154	T?/M?	live	0	0	0	650	274.654	650.000	637.086	6	0	0	1	4	26	0	0	0		0	0	0	0	0	0.409	0.477	0.520	1	0	0.000	0.000	0.000	0.000	36.000	10.000	340.000	10.000	787.086	0.8431	0.9714
hadur2.Hadur 3.9sa	fromHell.C22H30N2O2S 2.2	mid		4	true	35	2322.000	372.000	35	1750.000	0.000	185.000	372.000	9	28262	0.156	0.413	16.347	35	0	0	0.121	0.027	16	1413	0	1413	1413	10	5	0	0	0	1311	0	197	T?/M?	live	0	0	0	650	276.891	650.000	657.486	21	45	0	3	5	67	4	0	0		0	0	0	0	0	0.312	0.350	0.373	0	0	0.000	0.000	0.000	0.000	37.000	0.000	350.000	0.000	807.486	0.8619	1.0000
hadur2.Hadur 3.9sa	fromHell.C22H30N2O2S 2.2	mid		5	true	35	2315.000	453.000	34	1700.000	50.000	230.000	385.000	10	27716	0.150	0.433	16.647	35	0	0	0.149	0.028	40	1375	1	1377	1375	9	8	0	0	0	1289	0	191	T?/M?	live	0	0	0	650	273.269	650.000	641.886	0	45	0	2	2	53	3	0	0		0	0	0	0	0	0.312	0.353	0.395	0	0	0.000	0.000	0.000	0.000	45.000	8.000	340.000	10.000	791.886	0.8363	0.9714
hadur2.Hadur 3.9sa	fromHell.C22H30N2O2S 2.2	mid		6	true	35	2450.000	439.000	34	1700.000	50.000	342.000	372.000	12	26670	0.166	0.466	12.857	35	0	0	0.132	0.027	36	1314	3	1317	1314	4	6	0	0	0	1202	0	198	T?/M?	live	0	0	0	650	285.411	650.000	612.000	100	0	23	3	4	80	7	0	0		0	0	0	0	0	0.323	0.407	0.455	0	0	0.000	0.000	0.000	0.000	68.000	8.000	340.000	10.000	762.000	0.8480	0.9714
hadur2.Hadur 3.9sa	fromHell.C22H30N2O2S 2.2	mid		7	true	35	2598.000	1215.000	29	1450.000	300.000	732.000	793.000	5	25381	0.205	0.806	16.155	34	0	0	0.137	0.054	36	1236	2	1237	1236	3	12	0	0	0	798	151	528	T?/M?	live	0	0	0	650	303.732	650.000	574.824	272	127	115	3	6	415	38	0	0		0	0	0	1	1	0.313	0.352	0.395	0	0	0.000	0.000	0.000	0.000	126.000	63.000	290.000	60.000	725.171	0.6814	0.8286
hadur2.Hadur 3.9sa	fromHell.C22H30N2O2S 2.2	mid		8	true	35	2298.000	475.000	33	1650.000	100.000	270.000	332.000	10	27174	0.175	0.480	14.830	35	0	0	0.104	0.027	23	1333	1	1334	1333	3	8	0	0	0	1225	0	199	T?/M?	live	0	0	0	650	286.829	650.000	626.400	77	50	9	1	3	85	8	0	0		0	0	0	0	0	0.359	0.421	0.455	0	0	1.000	0.000	0.000	0.000	47.000	23.000	330.000	20.000	776.400	0.8287	0.9429
hadur2.Hadur 3.9sa	hlavko.micro.Flex 1.5	mid		1	true	35	3274.000	1263.000	29	1450.000	300.000	1292.000	816.000	11	22227	0.350	0.884	14.324	35	0	0	0.181	0.061	121	1118	8	1118	1117	1	9	0	0	0	276	245	898	T?/M?	live	0	0	0	650	329.629	400.000	485.057	462	61	264	3	7	839	76	0	0		0	0	0	0	0	0.368	0.436	0.469	1	0	0.000	0.000	0.000	0.000	242.000	86.000	290.000	60.000	635.057	0.7216	0.8286
hadur2.Hadur 3.9sa	hlavko.micro.Flex 1.5	mid		2	true	35	3312.000	810.000	33	1650.000	100.000	1119.000	669.000	10	24651	0.221	0.816	12.475	35	0	0	0.431	0.064	109	1245	27	1245	1242	5	10	0	0	0	650	637	644	T?/M?	live	0	0	0	650	303.211	650.000	554.314	196	82	140	2	6	564	53	0	0		0	0	0	0	0	0.317	0.381	0.408	1	0	0.000	0.000	0.000	0.000	213.000	21.000	330.000	20.000	704.314	0.8035	0.9429
hadur2.Hadur 3.9sa	hlavko.micro.Flex 1.5	mid		3	true	35	3295.000	1360.000	29	1450.000	300.000	1322.000	930.000	11	24417	0.334	0.900	60.359	35	0	0	0.250	0.080	133	1264	12	1266	1263	3	15	0	0	0	380	945	952	T?/M?	live	0	0	0	650	312.303	400.000	547.629	428	62	204	2	7	875	85	0	0		0	0	0	0	0	0.368	0.421	0.469	1	0	0.000	0.000	0.000	0.000	234.000	70.000	290.000	60.000	697.629	0.7078	0.8286
hadur2.Hadur 3.9sa	hlavko.micro.Flex 1.5	mid		4	true	35	3560.000	1246.000	31	1550.000	200.000	1439.000	952.000	8	22358	0.325	0.874	13.162	35	0	0	0.215	0.069	130	1104	10	1106	1103	2	14	0	0	0	220	453	989	T?/M?	live	0	0	0	650	329.263	550.000	488.800	456	116	205	2	5	923	84	0	0		0	0	0	0	0	0.317	0.366	0.408	1	0	0.000	0.000	0.000	0.000	261.000	54.000	310.000	40.000	638.800	0.7407	0.8857
hadur2.Hadur 3.9sa	hlavko.micro.Flex 1.5	mid		5	true	35	2903.000	996.000	31	1550.000	200.000	880.000	707.000	11	25370	0.185	0.804	13.626	35	0	0	0.210	0.059	118	1285	21	1287	1285	8	15	0	0	0	771	593	602	T?/M?	live	0	0	0	650	293.511	650.000	574.857	246	52	99	3	5	508	56	0	0		0	0	0	0	0	0.317	0.349	0.366	1	0	0.000	0.000	0.000	0.000	163.000	49.000	310.000	40.000	724.857	0.7445	0.8857
hadur2.Hadur 3.9sa	hlavko.micro.Flex 1.5	mid		6	true	35	3840.000	742.000	34	1700.000	50.000	1500.000	675.000	9	21807	0.189	0.792	12.921	35	0	0	0.396	0.069	72	1058	19	1058	1058	2	17	0	0	0	627	145	451	T?/M?	live	0	0	0	650	271.734	400.000	473.057	362	11	220	2	2	404	41	0	0		0	0	0	0	0	0.352	0.368	0.392	0	0	0.000	0.000	0.000	0.000	300.000	6.000	340.000	10.000	623.057	0.8381	0.9714
hadur2.Hadur 3.9sa	hlavko.micro.Flex 1.5	mid		7	true	35	3011.000	1333.000	30	1500.000	250.000	1031.000	970.000	13	27721	0.295	0.937	15.393	35	0	0	0.260	0.065	187	1521	17	1521	1521	4	17	0	0	0	548	465	1073	T?/M?	live	0	0	0	650	316.997	650.000	642.029	129	64	172	2	5	984	81	0	0		0	0	0	0	0	0.335	0.363	0.392	0	0	0.000	0.000	0.000	0.000	181.000	64.000	300.000	50.000	792.029	0.6931	0.8571
hadur2.Hadur 3.9sa	hlavko.micro.Flex 1.5	mid		8	true	35	3210.000	751.000	33	1650.000	100.000	1028.000	602.000	8	25994	0.209	0.817	14.908	35	0	0	0.274	0.062	127	1353	31	1355	1352	1	15	0	0	0	700	0	751	T?/M?	live	0	0	0	650	302.163	475.000	592.686	428	91	102	2	53	636	61	0	0		0	0	0	0	0	0.356	0.386	0.431	0	0	0.000	1.000	0.000	0.000	201.000	28.000	330.000	20.000	742.686	0.8104	0.9429
hadur2.Hadur 3.9sa	jk.micro.Cotillion 0.8	mid		1	true	35	2356.000	444.000	33	1650.000	100.000	318.000	307.000	10	35204	0.280	0.703	16.126	35	0	0	0.092	0.019	46	1682	2	1688	1682	5	4	0	0	0	1453	619	748	T?/M?	live	0	0	0	650	498.831	650.000	855.829	94	1	2	2	4	239	21	0	0		0	0	0	0	0	0.352	0.375	0.431	0	0	0.000	0.000	0.000	0.000	58.000	17.000	330.000	20.000	1005.829	0.8414	0.9429
hadur2.Hadur 3.9sa	jk.micro.Cotillion 0.8	mid		2	true	35	2342.000	475.000	33	1650.000	100.000	303.000	327.000	10	34649	0.281	0.743	19.447	35	0	0	0.073	0.020	45	1658	0	1658	1658	2	6	0	0	0	1399	749	765	T?/M?	live	0	0	0	650	515.603	650.000	839.971	109	0	0	2	5	271	23	0	0		0	0	0	0	0	0.363	0.408	0.454	0	0	0.000	0.000	0.000	0.000	58.000	27.000	330.000	20.000	989.971	0.8314	0.9429
hadur2.Hadur 3.9sa	jk.micro.Cotillion 0.8	mid		3	true	35	2362.000	498.000	33	1650.000	100.000	325.000	353.000	10	38153	0.320	0.753	22.086	35	0	0	0.084	0.020	82	1697	0	1734	1697	4	5	0	0	0	1322	0	1172	T?/M?	live	0	0	0	650	509.551	650.000	940.086	271	5	9	2	6	430	33	0	0		0	0	0	0	0	0.339	0.393	0.438	0	0	0.000	0.000	0.000	0.000	57.000	25.000	330.000	20.000	1090.086	0.8259	0.9429
hadur2.Hadur 3.9sa	jk.micro.Cotillion 0.8	mid		4	true	35	2432.000	740.000	32	1600.000	150.000	438.000	525.000	5	32393	0.293	0.812	17.270	34	0	0	0.076	0.030	23	1655	0	1655	1655	6	7	0	0	0	1276	605	669	T?/M?	live	0	0	0	650	495.388	650.000	782.118	67	0	13	3	4	360	39	0	0		0	0	0	1	1	0.363	0.410	0.454	0	0	0.000	0.000	0.000	0.000	74.000	35.000	320.000	30.000	925.514	0.7667	0.9143
hadur2.Hadur 3.9sa	jk.micro.Cotillion 0.8	mid		5	true	35	2616.000	240.000	35	1750.000	0.000	430.000	240.000	9	30593	0.253	0.600	13.783	35	0	0	0.231	0.016	14	1607	0	1607	1607	9	0	0	0	0	1550	0	230	T?/M?	live	0	0	0	650	473.251	650.000	724.086	37	0	4	2	2	39	3	0	0		0	0	0	0	0	0.373	0.406	0.438	0	0	0.000	0.000	0.000	0.000	86.000	0.000	350.000	0.000	874.086	0.9160	1.0000
hadur2.Hadur 3.9sa	jk.micro.Cotillion 0.8	mid		6	true	35	2366.000	588.000	33	1650.000	100.000	325.000	450.000	13	38431	0.314	0.869	18.532	35	0	0	0.101	0.026	86	1699	1	1719	1699	4	4	0	0	0	1303	0	1213	T?/M?	live	0	0	0	650	523.329	650.000	948.029	194	3	9	3	6	424	34	0	0		0	0	0	0	0	0.363	0.425	0.459	0	0	0.000	0.000	0.000	0.000	61.000	18.000	330.000	20.000	1098.029	0.8009	0.9429
hadur2.Hadur 3.9sa	jk.micro.Cotillion 0.8	mid		7	true	35	2835.000	1780.000	28	1400.000	350.000	984.000	1277.000	9	31813	0.579	1.118	23.080	34	0	0	0.108	0.074	101	1605	0	1605	1605	5	25	0	0	0	148	897	1995	T?/M?	live	0	0	0	650	523.000	625.000	764.588	373	0	9	3	8	1548	146	0	0		0	0	0	1	1	0.339	0.400	0.454	0	0	0.000	0.000	0.000	0.000	170.000	83.000	280.000	70.000	908.943	0.6143	0.8000
hadur2.Hadur 3.9sa	jk.micro.Cotillion 0.8	mid		8	true	35	2955.000	1679.000	29	1450.000	300.000	1035.000	1240.000	10	32141	0.566	1.130	13.206	35	0	0	0.119	0.074	127	1587	0	1587	1587	4	13	0	0	0	153	1781	2083	T?/M?	live	0	0	0	650	531.903	650.000	768.314	903	0	34	2	956	1573	152	0	0		0	0	0	0	0	0.363	0.418	0.459	0	0	0.000	0.000	0.000	0.000	180.000	78.000	290.000	60.000	918.314	0.6377	0.8286
hadur2.Hadur 3.9sa	jk.sheldor.nano.Yatagan 1.2.3	mid		1	true	35	4023.000	1662.000	29	1450.000	300.000	1927.000	1236.000	13	19869	0.337	0.909	13.817	35	0	0	0.218	0.137	87	959	0	938	937	3	26	0	0	0	62	801	889	T?/M?	live	0	0	0	650	335.134	525.000	417.686	373	219	418	3	7	878	58	0	0		298	0	0	0	0	0.339	0.388	0.438	0	0	0.000	0.000	0.000	0.000	357.000	66.000	290.000	60.000	567.686	0.7077	0.8286
hadur2.Hadur 3.9sa	jk.sheldor.nano.Yatagan 1.2.3	mid		2	true	35	3694.000	1702.000	28	1400.000	350.000	1706.000	1209.000	10	21625	0.363	0.897	13.212	35	0	0	0.203	0.108	92	1081	3	1081	1080	2	22	0	0	0	96	945	1032	T?/M?	live	0	0	0	650	331.854	650.000	467.857	534	327	211	2	5	1009	81	0	0		0	0	0	0	0	0.339	0.403	0.454	0	0	0.000	0.000	0.000	0.000	308.000	72.000	280.000	70.000	617.857	0.6846	0.8000
hadur2.Hadur 3.9sa	jk.sheldor.nano.Yatagan 1.2.3	mid		3	true	35	3546.000	1679.000	26	1250.000	450.000	1754.000	1040.000	8	20306	0.307	0.819	12.886	35	0	0	0.241	0.104	71	967	3	967	967	1	17	0	0	0	81	82	895	T?/M?	live	0	0	0	650	312.789	400.000	430.171	385	553	304	1	6	903	79	0	0		0	0	0	0	0	0.339	0.380	0.416	0	0	0.000	0.000	0.000	0.000	292.000	99.000	250.000	90.000	580.171	0.6787	0.7353
hadur2.Hadur 3.9sa	jk.sheldor.nano.Yatagan 1.2.3	mid		4	true	35	3967.000	1434.000	29	1450.000	300.000	1884.000	1018.000	11	20642	0.330	0.846	13.262	35	0	0	0.255	0.100	66	1010	4	1010	1008	4	24	0	0	0	101	827	928	T?/M?	live	0	0	0	650	306.520	400.000	439.771	612	267	302	3	6	926	101	0	0		0	0	0	0	0	0.363	0.412	0.454	0	0	0.000	0.000	0.000	0.000	343.000	56.000	290.000	60.000	589.771	0.7345	0.8286
hadur2.Hadur 3.9sa	jk.sheldor.nano.Yatagan 1.2.3	mid		5	true	35	4000.000	1548.000	29	1450.000	300.000	1914.000	1120.000	11	20084	0.325	0.832	13.984	35	0	0	0.271	0.114	76	977	2	977	976	7	21	0	0	0	90	636	859	T?/M?	live	0	0	0	650	304.191	400.000	423.829	482	140	338	3	6	880	83	0	0		0	0	0	0	0	0.396	0.418	0.454	0	0	1.000	0.000	3.000	0.000	342.000	68.000	290.000	60.000	573.829	0.7210	0.8286
hadur2.Hadur 3.9sa	jk.sheldor.nano.Yatagan 1.2.3	mid		6	true	35	4040.000	1372.000	30	1500.000	250.000	1888.000	1030.000	12	19910	0.313	0.844	12.861	35	0	0	0.246	0.104	75	965	5	965	964	5	19	0	0	0	93	831	869	T?/M?	live	0	0	0	650	309.737	400.000	418.857	428	176	315	3	5	886	88	0	0		0	0	0	0	0	0.366	0.428	0.459	0	0	0.000	0.000	0.000	0.000	352.000	42.000	300.000	50.000	568.857	0.7465	0.8571
hadur2.Hadur 3.9sa	jk.sheldor.nano.Yatagan 1.2.3	mid		7	true	35	4178.000	1567.000	30	1500.000	250.000	2008.000	1206.000	11	20196	0.344	0.895	13.723	35	0	0	0.248	0.117	94	984	3	984	984	4	30	0	0	0	93	232	874	T?/M?	live	0	0	0	650	328.729	550.000	427.029	450	219	360	3	5	891	75	0	0		0	0	0	0	0	0.363	0.421	0.459	0	0	1.000	1.000	12.000	0.000	357.000	60.000	300.000	50.000	577.029	0.7272	0.8571
hadur2.Hadur 3.9sa	jk.sheldor.nano.Yatagan 1.2.3	mid		8	true	35	4143.000	1436.000	31	1550.000	200.000	1916.000	1155.000	8	19767	0.337	0.894	14.142	35	0	0	0.267	0.123	79	956	4	957	954	3	35	0	0	0	91	543	844	T?/M?	live	0	0	0	650	318.763	575.000	414.771	397	182	366	1	108	871	81	0	0		0	0	0	0	0	0.366	0.410	0.453	0	0	0.000	0.000	0.000	0.000	368.000	41.000	310.000	40.000	564.771	0.7426	0.8857
hadur2.Hadur 3.9sa	lazarecki.mega.PinkerStinker 0.7	mid		1	true	35	3513.000	1525.000	27	1350.000	400.000	1613.000	953.000	18	27902	0.410	0.938	14.811	35	0	0	0.159	0.071	95	1341	2	1344	1341	21	18	0	0	0	164	1456	1542	T?/M?	live	0	0	0	650	401.540	400.000	647.200	385	1	260	2	5	1257	116	0	0		0	0	0	0	0	0.366	0.424	0.459	0	0	0.000	0.000	0.000	0.000	280.000	92.000	270.000	80.000	797.200	0.6973	0.7714
hadur2.Hadur 3.9sa	lazarecki.mega.PinkerStinker 0.7	mid		2	true	35	3620.000	1226.000	31	1550.000	200.000	1485.000	937.000	21	32018	0.390	0.920	14.649	35	0	0	0.142	0.069	139	1489	1	1489	1489	14	9	0	0	0	165	1446	1928	T?/M?	live	0	0	0	650	415.646	650.000	764.800	318	1	175	2	4	1421	125	0	0		0	0	0	0	0	0.364	0.417	0.453	1	0	0.000	0.000	0.000	0.000	275.000	48.000	310.000	40.000	914.800	0.7470	0.8857
hadur2.Hadur 3.9sa	lazarecki.mega.PinkerStinker 0.7	mid		3	true	35	3851.000	1168.000	32	1600.000	150.000	1629.000	952.000	11	30106	0.404	0.920	30.296	35	0	0	0.165	0.074	131	1335	2	1344	1335	4	19	0	0	0	185	398	1725	T?/M?	live	0	0	0	650	404.357	575.000	710.171	348	22	231	2	10	1237	105	0	0		0	0	0	0	0	0.366	0.425	0.459	0	0	0.000	1.000	0.000	0.000	301.000	35.000	320.000	30.000	860.171	0.7673	0.9143
hadur2.Hadur 3.9sa	lazarecki.mega.PinkerStinker 0.7	mid		4	true	35	3127.000	1683.000	26	1300.000	450.000	1343.000	1032.000	21	32885	0.405	0.965	14.539	35	0	0	0.137	0.072	119	1537	2	1537	1537	15	18	0	0	0	180	1376	1979	T?/M?	live	0	0	0	650	414.680	600.000	789.571	265	0	115	3	6	1440	130	0	0		0	0	0	0	0	0.364	0.414	0.453	1	0	0.000	0.000	0.000	0.000	224.000	111.000	260.000	90.000	939.571	0.6501	0.7429
hadur2.Hadur 3.9sa	lazarecki.mega.PinkerStinker 0.7	mid		5	true	35	3169.000	1858.000	25	1250.000	500.000	1422.000	1147.000	19	31593	0.443	0.983	14.851	35	0	0	0.152	0.082	130	1570	1	1570	1570	14	24	0	0	0	158	1480	1919	T?/M?	live	0	0	0	650	416.751	650.000	752.657	331	0	179	2	6	1512	132	0	0		0	0	0	0	0	0.366	0.423	0.459	1	0	0.000	0.000	0.000	0.000	247.000	112.000	250.000	100.000	902.657	0.6304	0.7143
hadur2.Hadur 3.9sa	lazarecki.mega.PinkerStinker 0.7	mid		6	true	35	3284.000	1554.000	28	1400.000	350.000	1370.000	1058.000	18	34179	0.391	0.959	14.696	35	0	0	0.145	0.080	156	1579	2	1580	1578	8	23	0	0	0	176	2014	2116	T?/M?	live	0	0	0	650	417.957	650.000	826.543	325	1	162	2	8	1495	138	0	0		0	0	0	0	0	0.364	0.409	0.453	1	0	0.000	0.000	0.000	0.000	234.000	76.000	280.000	70.000	976.543	0.6788	0.8000
hadur2.Hadur 3.9sa	lazarecki.mega.PinkerStinker 0.7	mid		7	true	35	3604.000	1457.000	29	1450.000	300.000	1571.000	1026.000	14	31525	0.390	0.903	14.021	34	0	0	0.160	0.080	119	1481	0	1481	1480	14	17	0	0	0	159	1474	1793	T?/M?	live	0	0	0	650	413.068	650.000	747.235	433	9	188	3	7	1318	115	0	0		0	0	0	1	1	0.366	0.419	0.453	1	0	0.000	0.000	0.000	0.000	293.000	71.000	290.000	60.000	900.714	0.7121	0.8286
hadur2.Hadur 3.9sa	lazarecki.mega.PinkerStinker 0.7	mid		8	true	35	3333.000	1543.000	27	1350.000	400.000	1470.000	990.000	9	31146	0.370	0.895	13.660	34	0	0	0.144	0.067	83	1449	1	1452	1449	5	15	0	0	0	193	1065	1737	T?/M?	live	0	0	0	650	398.700	450.000	741.382	396	1	70	2	9	1282	92	0	0		0	0	0	1	1	0.364	0.407	0.460	1	0	0.000	0.000	0.000	0.000	243.000	73.000	270.000	80.000	889.886	0.6836	0.7714
hadur2.Hadur 3.9sa	lj.Dapps 0.2	mid		1	true	35	3988.000	854.000	35	1750.000	0.000	1574.000	854.000	13	29271	0.440	0.898	37.896	35	0	0	0.150	0.067	87	1729	11	1729	1729	4	36	0	0	0	190	1568	1654	T?/M?	live	0	0	0	650	446.503	650.000	686.314	620	226	87	2	9	1626	129	0	0		0	0	0	0	0	0.375	0.415	0.453	1	0	0.000	0.000	0.000	0.000	315.000	0.000	350.000	0.000	836.314	0.8236	1.0000
hadur2.Hadur 3.9sa	lj.Dapps 0.2	mid		2	true	35	4136.000	1068.000	33	1650.000	100.000	1811.000	926.000	11	26276	0.387	0.869	40.055	35	0	0	0.168	0.083	75	1510	7	1510	1510	6	18	0	0	0	194	1005	1349	T?/M?	live	0	0	0	650	406.269	525.000	600.743	535	112	234	2	8	1371	133	0	0		0	0	0	0	0	0.364	0.411	0.460	0	0	0.000	0.000	0.000	0.000	345.000	23.000	330.000	20.000	750.743	0.7948	0.9429
hadur2.Hadur 3.9sa	lj.Dapps 0.2	mid		3	true	35	4115.000	932.000	34	1700.000	50.000	1733.000	863.000	13	26613	0.372	0.858	15.456	35	0	0	0.156	0.075	70	1520	6	1520	1520	4	29	0	0	0	166	1275	1407	T?/M?	live	0	0	0	650	423.400	650.000	610.371	571	162	212	2	355	1425	115	0	0		0	0	0	0	0	0.381	0.420	0.453	1	0	0.000	0.000	0.000	0.000	342.000	9.000	340.000	10.000	760.371	0.8153	0.9714
hadur2.Hadur 3.9sa	lj.Dapps 0.2	mid		4	true	35	3954.000	927.000	33	1650.000	100.000	1652.000	779.000	11	26720	0.430	0.880	13.584	35	0	0	0.159	0.068	83	1548	4	1548	1548	5	27	0	0	0	220	1327	1460	T?/M?	live	0	0	0	650	418.497	400.000	613.429	722	31	226	2	8	1466	171	0	0		0	0	0	0	0	0.378	0.422	0.460	0	0	0.000	0.000	0.000	0.000	322.000	28.000	330.000	20.000	763.429	0.8101	0.9429
hadur2.Hadur 3.9sa	lj.Dapps 0.2	mid		5	true	35	4156.000	1109.000	32	1600.000	150.000	1885.000	892.000	12	25464	0.384	0.889	14.375	35	0	0	0.174	0.081	69	1443	7	1443	1443	5	26	0	0	0	153	1259	1304	T?/M?	live	0	0	0	650	391.803	400.000	577.543	652	167	278	2	8	1344	112	0	0		0	0	0	0	0	0.378	0.415	0.460	0	0	0.000	0.000	0.000	0.000	351.000	37.000	320.000	30.000	727.543	0.7894	0.9143
hadur2.Hadur 3.9sa	lj.Dapps 0.2	mid		6	true	35	3911.000	1096.000	32	1600.000	150.000	1667.000	885.000	10	27811	0.425	0.902	13.558	35	0	0	0.173	0.075	110	1629	9	1629	1629	3	29	0	0	0	215	1441	1557	T?/M?	live	0	0	0	650	399.623	575.000	644.600	598	94	186	2	9	1548	177	0	0		0	0	0	0	0	0.281	0.383	0.438	0	0	0.000	0.000	0.000	0.000	323.000	31.000	320.000	30.000	794.600	0.7811	0.9143
hadur2.Hadur 3.9sa	lj.Dapps 0.2	mid		7	true	35	3934.000	1338.000	30	1500.000	250.000	1802.000	973.000	10	25962	0.416	0.896	14.336	35	0	0	0.160	0.084	62	1476	3	1477	1476	2	29	0	0	0	140	19	1396	T?/M?	live	0	0	0	650	405.269	425.000	591.771	635	110	184	2	7	1408	107	0	0		0	0	0	0	0	0.378	0.423	0.460	0	0	0.000	0.000	0.000	0.000	332.000	65.000	300.000	50.000	741.771	0.7462	0.8571
hadur2.Hadur 3.9sa	lj.Dapps 0.2	mid		8	true	35	3728.000	1281.000	32	1600.000	150.000	1518.000	1062.000	11	30604	0.419	0.922	14.495	35	0	0	0.137	0.078	104	1833	7	1832	1832	5	26	0	0	0	231	1718	1794	T?/M?	live	0	0	0	650	444.886	650.000	724.400	562	122	58	2	12	1744	181	0	0		0	0	0	0	0	0.281	0.391	0.455	0	0	0.000	0.000	0.000	0.000	290.000	39.000	320.000	30.000	874.400	0.7443	0.9143
hadur2.Hadur 3.9sa	nat.Samekh 0.4	mid		1	true	35	3085.000	1410.000	30	1500.000	250.000	1082.000	1059.000	8	30989	0.539	1.051	31.389	34	0	0	0.116	0.070	83	1683	8	1683	1683	3	23	0	0	0	148	1700	1836	T?/M?	live	0	0	0	650	481.944	650.000	730.647	755	130	34	3	9	1586	138	0	0		0	0	0	1	1	0.281	0.406	0.460	0	0	0.000	0.000	0.000	0.000	203.000	51.000	300.000	50.000	885.400	0.6863	0.8571
hadur2.Hadur 3.9sa	nat.Samekh 0.4	mid		2	true	35	2512.000	2089.000	24	1200.000	550.000	922.000	1310.000	18	31778	0.543	1.087	33.381	35	0	0	0.108	0.082	117	1725	13	1725	1725	8	11	0	0	0	184	1919	2013	T?/M?	live	0	0	0	650	480.306	650.000	757.943	1028	142	4	2	13	1682	167	0	0		0	0	0	0	0	0.316	0.409	0.471	0	0	0.000	0.000	0.000	0.000	150.000	118.000	240.000	110.000	907.943	0.5460	0.6857
hadur2.Hadur 3.9sa	nat.Samekh 0.4	mid		3	true	35	3181.000	1572.000	30	1500.000	250.000	1165.000	1205.000	19	31527	0.546	1.089	33.713	35	0	0	0.116	0.080	82	1705	10	1704	1704	9	24	0	0	0	160	1671	1926	T?/M?	live	0	0	0	650	500.257	650.000	750.771	243	275	11	2	672	1656	149	0	0		0	0	0	0	0	0.281	0.401	0.460	0	0	1.000	0.000	4.000	0.000	210.000	67.000	300.000	50.000	900.771	0.6693	0.8571
hadur2.Hadur 3.9sa	nat.Samekh 0.4	mid		4	true	35	3248.000	1194.000	32	1600.000	150.000	1113.000	983.000	13	30452	0.536	1.051	29.003	35	0	0	0.109	0.066	72	1627	13	1627	1627	8	18	0	0	0	158	51	1858	T?/M?	live	0	0	0	650	486.337	650.000	720.057	612	253	0	3	12	1589	144	0	0		0	0	0	0	0	0.362	0.416	0.471	0	0	0.000	0.000	0.000	0.000	216.000	31.000	320.000	30.000	870.057	0.7312	0.9143
hadur2.Hadur 3.9sa	nat.Samekh 0.4	mid		5	true	35	3053.000	1513.000	29	1450.000	300.000	1112.000	1074.000	14	30187	0.528	1.059	31.860	35	0	0	0.113	0.071	58	1617	15	1617	1617	10	11	0	0	0	221	162	1716	T?/M?	live	0	0	0	650	470.926	650.000	712.486	390	204	0	3	11	1494	130	0	0		0	0	0	0	0	0.281	0.401	0.460	0	0	0.000	0.000	0.000	0.000	201.000	79.000	290.000	60.000	862.486	0.6686	0.8286
hadur2.Hadur 3.9sa	nat.Samekh 0.4	mid		6	true	35	3382.000	1391.000	32	1600.000	150.000	1229.000	1176.000	13	31313	0.554	1.083	32.684	35	0	0	0.117	0.076	79	1672	17	1672	1672	5	18	0	0	0	149	1635	1934	T?/M?	live	0	0	0	650	496.226	650.000	744.657	635	354	29	2	11	1637	133	0	0		0	0	0	0	0	0.362	0.423	0.471	0	0	0.000	0.000	0.000	0.000	234.000	35.000	320.000	30.000	894.657	0.7086	0.9143
hadur2.Hadur 3.9sa	nat.Samekh 0.4	mid		7	true	35	2593.000	2062.000	23	1150.000	600.000	1055.000	1213.000	15	32314	0.561	1.096	31.562	35	0	0	0.112	0.073	106	1776	10	1776	1775	6	22	0	0	0	177	1832	2045	T?/M?	live	0	0	0	650	484.231	650.000	773.257	1279	138	58	3	12	1729	170	0	0		0	0	0	0	0	0.281	0.401	0.455	0	0	0.000	0.000	0.000	0.000	158.000	129.000	230.000	120.000	923.257	0.5570	0.6571
hadur2.Hadur 3.9sa	nat.Samekh 0.4	mid		8	true	35	2897.000	1614.000	29	1450.000	300.000	976.000	1178.000	13	31707	0.533	1.079	35.659	35	0	0	0.110	0.081	105	1718	16	1718	1718	8	22	0	0	0	167	818	1968	T?/M?	live	0	0	0	650	486.866	650.000	755.914	576	315	21	2	14	1668	141	0	0		0	0	0	0	0	0.362	0.422	0.479	0	0	0.000	0.000	0.000	0.000	181.000	75.000	290.000	60.000	905.914	0.6422	0.8286
hadur2.Hadur 3.9sa	nz.jdc.nano.NeophytePRAL 1.4	mid		1	true	35	5013.000	1073.000	33	1650.000	100.000	2548.000	927.000	12	19383	0.302	0.874	12.102	35	0	0	0.215	0.136	63	986	1	986	985	5	32	0	0	0	81	742	817	T?/M?	live	0	0	0	650	340.977	500.000	403.800	391	141	609	3	5	933	77	0	0		0	0	0	0	0	0.316	0.418	0.471	0	0	0.000	0.000	0.000	0.000	485.000	26.000	330.000	20.000	553.800	0.8237	0.9429
hadur2.Hadur 3.9sa	nz.jdc.nano.NeophytePRAL 1.4	mid		2	true	35	5074.000	820.000	35	1750.000	0.000	2478.000	820.000	12	20187	0.250	0.775	13.553	35	0	0	0.223	0.125	73	1047	4	1049	1047	6	22	0	0	0	85	742	844	T?/M?	live	0	0	0	650	348.414	650.000	426.771	586	200	547	2	7	960	77	0	0		0	0	0	0	0	0.362	0.383	0.398	0	0	0.000	0.000	0.000	0.000	496.000	0.000	350.000	0.000	576.771	0.8609	1.0000
hadur2.Hadur 3.9sa	nz.jdc.nano.NeophytePRAL 1.4	mid		3	true	35	4789.000	919.000	33	1650.000	100.000	2356.000	779.000	10	19872	0.291	0.780	13.135	35	0	0	0.214	0.115	95	1015	3	1018	1013	0	18	0	0	0	90	826	873	T?/M?	live	0	0	0	650	330.471	400.000	417.771	406	123	528	1	6	971	88	0	0		0	0	0	0	0	0.378	0.434	0.471	0	0	0.000	0.000	0.000	0.000	453.000	21.000	330.000	20.000	567.771	0.8390	0.9429
hadur2.Hadur 3.9sa	nz.jdc.nano.NeophytePRAL 1.4	mid		4	true	35	4939.000	940.000	33	1650.000	100.000	2480.000	802.000	10	19407	0.272	0.815	12.600	35	0	0	0.227	0.120	86	978	4	980	977	10	24	0	0	0	89	606	815	T?/M?	live	0	0	0	650	336.669	400.000	404.486	488	166	571	2	6	922	86	0	0		0	0	0	0	0	0.380	0.413	0.458	0	0	0.000	0.000	0.000	0.000	479.000	18.000	330.000	20.000	554.486	0.8401	0.9429
hadur2.Hadur 3.9sa	nz.jdc.nano.NeophytePRAL 1.4	mid		5	true	35	4835.000	968.000	33	1650.000	100.000	2392.000	830.000	12	20121	0.293	0.876	14.975	35	0	0	0.219	0.128	83	1031	5	1032	1029	5	26	0	0	0	85	548	865	T?/M?	live	0	0	0	650	344.820	650.000	424.886	549	143	548	2	6	963	79	0	0		0	0	0	0	0	0.380	0.422	0.470	0	0	0.000	0.000	0.000	0.000	463.000	18.000	330.000	20.000	574.886	0.8332	0.9429
hadur2.Hadur 3.9sa	nz.jdc.nano.NeophytePRAL 1.4	mid		6	true	35	4993.000	947.000	34	1700.000	50.000	2468.000	876.000	16	20058	0.317	0.895	14.518	35	0	0	0.220	0.137	82	1043	4	1044	1042	12	28	0	0	0	90	356	852	T?/M?	live	0	0	0	650	348.123	650.000	423.086	577	119	550	3	6	973	82	0	0		0	0	0	0	0	0.411	0.471	0.511	0	0	0.000	0.000	0.000	0.000	486.000	11.000	340.000	10.000	573.086	0.8406	0.9714
hadur2.Hadur 3.9sa	nz.jdc.nano.NeophytePRAL 1.4	mid		7	true	35	5015.000	823.000	35	1750.000	0.000	2430.000	823.000	12	19982	0.289	0.803	39.503	35	0	0	0.221	0.118	84	1027	4	1032	1025	2	25	0	0	0	86	546	858	T?/M?	live	0	0	0	650	338.386	400.000	420.914	466	140	557	2	6	969	78	0	0		0	0	0	0	0	0.387	0.442	0.479	0	0	0.000	0.000	0.000	0.000	486.000	0.000	350.000	0.000	570.914	0.8590	1.0000
hadur2.Hadur 3.9sa	nz.jdc.nano.NeophytePRAL 1.4	mid		8	true	35	5045.000	785.000	35	1750.000	0.000	2454.000	785.000	10	19004	0.287	0.781	12.001	35	0	0	0.224	0.111	70	952	0	956	952	1	21	0	0	0	69	614	777	T?/M?	live	0	0	0	650	320.017	400.000	392.971	434	108	554	1	8	891	63	0	0		0	0	0	0	0	0.396	0.462	0.511	0	0	0.000	0.000	0.000	0.000	491.000	0.000	350.000	0.000	542.971	0.8654	1.0000
hadur2.Hadur 3.9sa	origin.SleepSiphon 1.7b	mid		1	true	35	2429.000	304.000	34	1700.000	50.000	328.000	239.000	13	56836	0.272	0.661	22.416	35	0	0	0.151	0.019	32	4054	0	4105	4054	5	5	0	0	0	3704	356	455	T?/M?	live	0	0	0	650	433.409	650.000	1473.886	120	0	1	2	3	317	23	0	0		0	0	0	0	0	0.396	0.453	0.511	0	0	0.000	0.000	0.000	0.000	61.000	6.000	340.000	10.000	1623.886	0.8888	0.9714
hadur2.Hadur 3.9sa	origin.SleepSiphon 1.7b	mid		2	true	35	2425.000	270.000	34	1700.000	50.000	332.000	201.000	12	54772	0.261	0.604	133.437	35	0	0	0.235	0.012	27	3868	0	3939	3868	4	5	0	0	0	3644	179	347	T?/M?	live	0	0	0	650	403.031	650.000	1414.914	31	1	20	2	4	197	14	0	0		0	0	0	0	0	0.363	0.429	0.484	0	0	0.000	0.000	0.000	0.000	53.000	9.000	340.000	10.000	1564.914	0.8998	0.9714
hadur2.Hadur 3.9sa	origin.SleepSiphon 1.7b	mid		3	true	35	2561.000	279.000	34	1700.000	50.000	447.000	207.000	12	54150	0.274	0.651	20.682	35	0	0	0.226	0.015	25	3823	2	3888	3823	2	5	0	0	0	3496	0	458	T?/M?	live	0	0	0	650	438.583	500.000	1397.143	68	1	13	2	126	320	26	0	0		0	0	0	0	0	0.396	0.457	0.511	0	0	0.000	0.000	0.000	0.000	74.000	12.000	340.000	10.000	1547.143	0.9018	0.9714
hadur2.Hadur 3.9sa	origin.SleepSiphon 1.7b	mid		4	true	35	2465.000	245.000	34	1700.000	50.000	369.000	177.000	12	54960	0.268	0.607	24.680	35	0	0	0.170	0.014	13	3865	1	3894	3865	4	10	0	0	0	3663	0	342	T?/M?	live	0	0	0	650	405.509	650.000	1420.286	116	0	20	3	3	187	20	0	0		0	0	0	0	0	0.363	0.430	0.484	0	0	0.000	0.000	0.000	0.000	57.000	8.000	340.000	10.000	1570.286	0.9096	0.9714
hadur2.Hadur 3.9sa	origin.SleepSiphon 1.7b	mid		5	true	35	2361.000	121.000	35	1750.000	0.000	227.000	121.000	11	57919	0.272	0.590	24.088	35	0	0	0.146	0.009	17	4155	1	4259	4155	7	2	0	0	0	3909	0	354	T?/M?	live	0	0	0	650	448.443	650.000	1504.829	141	0	0	3	3	213	10	0	0		0	0	0	0	0	0.363	0.446	0.511	0	0	0.000	0.000	0.000	0.000	34.000	0.000	350.000	0.000	1654.829	0.9512	1.0000
hadur2.Hadur 3.9sa	origin.SleepSiphon 1.7b	mid		6	true	35	2388.000	255.000	34	1700.000	50.000	298.000	189.000	5	56902	0.264	0.561	23.339	34	0	0	0.210	0.010	4	4020	0	4087	4020	4	2	0	0	0	3861	0	206	T?/M?	live	0	0	0	650	408.168	650.000	1484.559	13	0	0	2	4	34	1	0	0		0	0	0	1	1	0.363	0.428	0.484	0	0	0.000	0.000	0.000	0.000	50.000	6.000	340.000	10.000	1625.771	0.9035	0.9714
hadur2.Hadur 3.9sa	origin.SleepSiphon 1.7b	mid		7	true	35	2455.000	124.000	35	1750.000	0.000	313.000	124.000	10	56163	0.257	0.561	22.879	35	0	0	0.195	0.007	5	3953	0	4007	3952	6	4	0	0	0	3860	0	245	T?/M?	live	0	0	0	650	413.534	650.000	1454.657	8	1	5	2	4	63	1	0	0		0	0	0	0	0	0.363	0.446	0.511	0	0	0.000	0.000	0.000	0.000	41.000	0.000	350.000	0.000	1604.657	0.9519	1.0000
hadur2.Hadur 3.9sa	origin.SleepSiphon 1.7b	mid		8	true	35	2344.000	137.000	35	1750.000	0.000	221.000	137.000	12	58255	0.256	0.558	46.085	35	0	0	0.216	0.007	5	4204	0	4338	4204	1	4	0	0	0	4115	0	170	T?/M?	live	0	0	0	650	452.383	650.000	1514.429	0	0	0	2	3	49	2	0	0		0	0	0	0	0	0.363	0.442	0.531	0	0	0.000	0.000	0.000	0.000	23.000	0.000	350.000	0.000	1664.429	0.9448	1.0000
hadur2.Hadur 3.9sa	pe.SandboxLump 1.52	mid		1	true	35	3748.000	813.000	34	1700.000	50.000	1426.000	744.000	13	21410	0.255	0.733	13.093	35	0	0	0.214	0.049	11	934	1	934	934	6	10	0	0	0	469	0	624	T?/M?	live	0	0	0	650	290.094	400.000	461.714	281	0	224	2	7	488	43	0	0		0	0	0	0	0	0.396	0.438	0.469	0	0	0.000	0.000	0.000	0.000	282.000	10.000	340.000	10.000	611.714	0.8217	0.9714
hadur2.Hadur 3.9sa	pe.SandboxLump 1.52	mid		2	true	35	3216.000	1259.000	28	1400.000	350.000	1306.000	770.000	14	21544	0.262	0.806	13.797	35	0	0	0.194	0.056	8	930	3	935	930	8	10	0	0	0	455	0	625	T?/M?	live	0	0	0	650	293.423	650.000	465.543	466	0	223	2	5	497	52	0	0		0	0	0	0	0	0.363	0.432	0.484	0	0	0.000	0.000	0.000	0.000	230.000	68.000	280.000	70.000	615.543	0.7187	0.8000
hadur2.Hadur 3.9sa	pe.SandboxLump 1.52	mid		3	true	35	3718.000	1300.000	30	1500.000	250.000	1612.000	955.000	13	20335	0.259	0.810	150.563	35	0	0	0.205	0.065	21	874	1	874	874	3	6	0	0	0	337	502	681	T?/M?	live	0	0	0	650	313.254	650.000	431.000	358	0	322	2	175	573	55	0	0		0	0	0	0	0	0.363	0.429	0.469	0	0	0.000	0.000	0.000	0.000	307.000	45.000	300.000	50.000	581.000	0.7409	0.8571
hadur2.Hadur 3.9sa	pe.SandboxLump 1.52	mid		4	true	35	2979.000	1325.000	28	1400.000	350.000	1098.000	844.000	13	23083	0.230	0.732	13.451	35	0	0	0.194	0.062	11	1035	1	1036	1035	4	6	0	0	0	588	390	599	T?/M?	live	0	0	0	650	281.823	525.000	509.514	214	0	148	2	4	420	39	0	0		0	0	0	0	0	0.371	0.438	0.484	0	0	0.000	0.000	0.000	0.000	201.000	61.000	280.000	70.000	659.514	0.6921	0.8000
hadur2.Hadur 3.9sa	pe.SandboxLump 1.52	mid		5	true	35	3202.000	1270.000	30	1500.000	250.000	1183.000	919.000	14	23296	0.267	0.808	14.353	35	0	0	0.194	0.062	10	1055	2	1055	1055	7	3	0	0	0	567	433	680	T?/M?	live	0	0	0	650	287.351	650.000	515.600	410	0	138	3	6	508	54	0	0		0	0	0	0	0	0.371	0.463	0.531	0	0	0.000	0.000	0.000	0.000	219.000	51.000	300.000	50.000	665.600	0.7160	0.8571
hadur2.Hadur 3.9sa	pe.SandboxLump 1.52	mid		6	true	35	2932.000	1186.000	29	1450.000	300.000	1007.000	775.000	15	23930	0.202	0.719	15.698	35	0	0	0.268	0.046	27	1099	1	1099	1099	9	9	0	0	0	757	216	533	T?/M?	live	0	0	0	650	284.140	400.000	533.714	172	0	150	3	6	354	44	0	0		0	0	0	0	0	0.375	0.418	0.460	0	0	0.000	0.000	0.000	0.000	185.000	50.000	290.000	60.000	683.714	0.7120	0.8286
hadur2.Hadur 3.9sa	pe.SandboxLump 1.52	mid		7	true	35	3013.000	1052.000	30	1500.000	250.000	1021.000	715.000	10	24157	0.227	0.697	15.341	35	0	0	0.228	0.050	18	1079	2	1082	1079	10	2	0	0	0	747	412	515	T?/M?	live	0	0	0	650	273.171	400.000	540.200	243	0	165	3	4	335	37	0	0		0	0	0	0	0	0.395	0.479	0.531	0	0	0.000	0.000	0.000	0.000	192.000	37.000	300.000	50.000	690.200	0.7412	0.8571
hadur2.Hadur 3.9sa	pe.SandboxLump 1.52	mid		8	true	35	3471.000	1179.000	30	1500.000	250.000	1402.000	826.000	13	20691	0.225	0.758	13.102	35	0	0	0.185	0.062	11	879	1	879	879	6	9	0	0	0	412	0	621	T?/M?	live	0	0	0	650	299.429	650.000	441.171	382	0	257	3	6	487	40	0	0		0	0	0	0	0	0.375	0.419	0.460	0	0	0.000	0.000	0.000	0.000	268.000	54.000	300.000	50.000	591.171	0.7465	0.8571
hadur2.Hadur 3.9sa	penguin.Ivy 1.1r	mid		1	true	35	4002.000	832.000	32	1600.000	150.000	1744.000	620.000	15	29029	0.322	0.834	25.029	35	0	0	0.162	0.047	91	878	0	878	878	6	10	0	0	0	153	1316	1578	T?/M?	live	0	0	0	650	471.877	400.000	679.400	325	0	230	2	4	756	67	0	0		0	0	0	0	0	0.375	0.457	0.531	0	0	0.000	0.000	0.000	0.000	337.000	32.000	320.000	30.000	829.400	0.8279	0.9143
hadur2.Hadur 3.9sa	penguin.Ivy 1.1r	mid		2	true	35	4105.000	738.000	34	1700.000	50.000	1723.000	663.000	15	31810	0.334	0.865	17.973	35	0	0	0.160	0.053	119	983	0	984	983	4	7	0	0	0	168	0	1802	T?/M?	live	0	0	0	650	530.403	400.000	758.857	117	0	139	3	5	840	68	0	0		0	0	0	0	0	0.361	0.439	0.505	0	0	0.000	0.000	0.000	0.000	343.000	15.000	340.000	10.000	908.857	0.8476	0.9714
hadur2.Hadur 3.9sa	penguin.Ivy 1.1r	mid		3	true	35	3728.000	1084.000	30	1500.000	250.000	1623.000	734.000	19	31974	0.330	0.857	18.468	35	0	0	0.167	0.054	148	1021	0	1022	1021	10	10	0	0	0	155	883	1859	T?/M?	live	0	0	0	650	513.546	400.000	763.543	156	39	259	2	7	902	80	0	0		0	0	0	0	0	0.375	0.450	0.531	0	0	0.000	0.000	0.000	0.000	304.000	50.000	300.000	50.000	913.543	0.7747	0.8571
hadur2.Hadur 3.9sa	penguin.Ivy 1.1r	mid		4	true	35	4199.000	673.000	34	1700.000	50.000	1802.000	598.000	13	31170	0.319	0.822	18.523	35	0	0	0.163	0.052	107	892	0	893	892	5	6	0	0	0	152	0	1733	T?/M?	live	0	0	0	650	516.606	400.000	740.571	193	0	198	3	5	746	50	0	0		0	0	0	0	0	0.378	0.449	0.505	0	0	0.000	0.000	0.000	0.000	357.000	15.000	340.000	10.000	890.571	0.8619	0.9714
hadur2.Hadur 3.9sa	penguin.Ivy 1.1r	mid		5	true	35	3602.000	1228.000	30	1500.000	250.000	1516.000	869.000	12	31492	0.344	0.841	21.553	35	0	0	0.154	0.061	134	1034	2	1034	1034	7	13	0	0	0	150	813	1833	T?/M?	live	0	0	0	650	479.080	400.000	749.771	131	0	250	3	5	934	75	0	0		0	0	0	0	0	0.375	0.454	0.531	0	0	0.000	0.000	0.000	0.000	287.000	59.000	300.000	50.000	899.771	0.7458	0.8571
hadur2.Hadur 3.9sa	penguin.Ivy 1.1r	mid		6	true	35	3409.000	1475.000	29	1450.000	300.000	1414.000	1044.000	9	32562	0.348	0.854	18.798	35	0	0	0.166	0.071	174	1090	2	1090	1089	1	13	0	0	0	179	642	1884	T?/M?	live	0	0	0	650	484.146	400.000	780.343	106	37	221	2	5	931	77	0	0		0	0	0	0	0	0.361	0.442	0.505	0	0	0.000	0.000	0.000	0.000	254.000	71.000	290.000	60.000	930.343	0.6980	0.8286
hadur2.Hadur 3.9sa	penguin.Ivy 1.1r	mid		7	true	35	3678.000	1265.000	30	1500.000	250.000	1586.000	899.000	15	31984	0.342	0.870	17.809	35	0	0	0.163	0.065	148	1100	2	1102	1100	5	15	0	0	0	137	661	1822	T?/M?	live	0	0	0	650	504.666	400.000	763.829	234	26	245	2	5	967	67	0	0		0	0	0	0	0	0.375	0.444	0.498	0	0	0.000	0.000	0.000	0.000	292.000	66.000	300.000	50.000	913.829	0.7441	0.8571
hadur2.Hadur 3.9sa	penguin.Ivy 1.1r	mid		8	true	35	3879.000	983.000	32	1600.000	150.000	1640.000	767.000	11	32489	0.323	0.821	33.946	35	0	0	0.150	0.058	129	1008	1	1008	1008	3	18	0	0	0	129	424	1924	T?/M?	live	0	0	0	650	502.223	400.000	778.257	208	19	173	2	269	897	72	0	0		0	0	0	0	0	0.361	0.422	0.505	0	0	0.000	0.000	0.000	0.000	319.000	36.000	320.000	30.000	928.257	0.7978	0.9143
hadur2.Hadur 3.9sa	penguin.MrFreeze 1.0a	mid		1	true	35	3812.000	1050.000	32	1600.000	150.000	1589.000	837.000	18	30665	0.516	1.023	24.514	35	0	0	0.152	0.072	89	1750	4	1750	1749	16	23	0	0	0	243	1705	1768	T?/M?	live	0	0	0	650	556.337	650.000	726.143	508	0	129	3	10	1648	175	0	0		0	0	0	0	0	0.361	0.434	0.505	0	0	0.000	0.000	0.000	0.000	303.000	33.000	320.000	30.000	876.143	0.7840	0.9143
hadur2.Hadur 3.9sa	penguin.MrFreeze 1.0a	mid		2	true	35	3510.000	1303.000	31	1550.000	200.000	1382.000	1013.000	20	32689	0.526	1.048	15.408	35	0	0	0.147	0.088	128	1909	1	1910	1908	10	19	0	0	0	255	1786	2011	T?/M?	live	0	0	0	650	539.814	650.000	783.971	477	45	95	3	10	1844	215	0	0		0	0	0	0	0	0.330	0.408	0.448	1	0	0.000	0.000	0.000	0.000	269.000	51.000	310.000	40.000	933.971	0.7293	0.8857
hadur2.Hadur 3.9sa	penguin.MrFreeze 1.0a	mid		3	true	35	3518.000	1259.000	29	1450.000	300.000	1511.000	832.000	14	28395	0.496	1.033	14.747	35	0	0	0.148	0.079	51	1577	2	1578	1577	6	26	0	0	0	243	885	1475	T?/M?	live	0	0	0	650	534.454	650.000	661.286	275	0	140	2	7	1398	128	0	0		0	0	0	0	0	0.361	0.431	0.505	0	0	0.000	0.000	0.000	0.000	267.000	67.000	290.000	60.000	811.286	0.7364	0.8286
hadur2.Hadur 3.9sa	penguin.MrFreeze 1.0a	mid		4	true	35	3597.000	1126.000	30	1500.000	250.000	1508.000	767.000	14	29135	0.501	1.001	14.802	35	0	0	0.139	0.071	58	1647	2	1648	1647	6	22	0	0	0	205	874	1671	T?/M?	live	0	0	0	650	541.991	650.000	682.429	626	19	45	3	9	1573	157	0	0		0	0	0	0	0	0.330	0.404	0.444	1	0	0.000	0.000	0.000	0.000	289.000	59.000	300.000	50.000	832.429	0.7616	0.8571
hadur2.Hadur 3.9sa	penguin.MrFreeze 1.0a	mid		5	true	35	3864.000	1084.000	33	1650.000	100.000	1573.000	934.000	17	31105	0.532	1.072	15.164	35	0	0	0.148	0.094	105	1771	1	1772	1771	10	18	0	0	0	187	1716	1847	T?/M?	live	0	0	0	650	551.634	650.000	738.714	619	18	187	3	10	1702	160	0	0		0	0	0	0	0	0.330	0.397	0.448	1	0	0.000	0.000	0.000	0.000	311.000	31.000	330.000	20.000	888.714	0.7809	0.9429
hadur2.Hadur 3.9sa	penguin.MrFreeze 1.0a	mid		6	true	35	3546.000	1021.000	32	1600.000	150.000	1366.000	808.000	14	29024	0.437	0.962	14.981	35	0	0	0.138	0.073	55	1592	1	1594	1591	19	21	0	0	0	381	1141	1428	T?/M?	live	0	0	0	650	520.343	650.000	679.257	412	6	60	3	7	1311	141	0	0		0	0	0	0	0	0.353	0.416	0.444	1	0	0.000	0.000	0.000	0.000	260.000	33.000	320.000	30.000	829.257	0.7764	0.9143
hadur2.Hadur 3.9sa	penguin.MrFreeze 1.0a	mid		7	true	35	3854.000	1355.000	29	1450.000	300.000	1783.000	930.000	16	25937	0.448	0.995	13.981	34	0	0	0.180	0.095	57	1431	2	1431	1431	9	24	0	0	0	170	982	1335	T?/M?	live	0	0	0	650	457.194	400.000	589.824	456	0	187	3	6	1310	136	0	0		0	0	0	1	0	0.358	0.402	0.448	0	0	0.000	0.000	0.000	0.000	332.000	65.000	290.000	60.000	741.057	0.7399	0.8286
hadur2.Hadur 3.9sa	penguin.MrFreeze 1.0a	mid		8	true	35	3887.000	1256.000	31	1550.000	200.000	1705.000	960.000	12	28251	0.476	0.988	16.376	35	0	0	0.162	0.093	101	1587	4	1587	1587	3	26	0	0	0	188	1385	1596	T?/M?	live	0	0	0	650	449.237	400.000	657.171	440	0	199	2	40	1537	166	0	0		0	0	0	0	0	0.387	0.423	0.465	1	0	0.000	0.000	0.000	0.000	323.000	55.000	310.000	40.000	807.171	0.7558	0.8857
hadur2.Hadur 3.9sa	pez.mini.VertiLeach 0.4.0	mid		1	true	35	2164.000	70.000	35	1750.000	0.000	54.000	70.000	4	5946	0.028	0.472	11.144	35	0	0	0.008	0.005	9	44	1	44	44	2	1	0	0	0	11	12	45	T?/M?	live	0	0	0	650	305.400	650.000	19.886	0	19	2	2	2	39	9	0	0	"Preventing pez.mini.VertiLeach 0.4.0 from access: (""java.io.FilePermission"" ""D:\code\Hadur_Robot\hadur-bench\target\classes\META-INF\services\java.time.zone.ZoneRulesProvider"" ""read""). You may only read files in your own root package directory."	0	0	1	0	0	0.380	0.412	0.444	0	0	0.000	0.000	0.000	0.000	11.000	0.000	350.000	0.000	169.886	0.9687	1.0000
hadur2.Hadur 3.9sa	pez.mini.VertiLeach 0.4.0	mid		2	true	35	2161.000	44.000	35	1750.000	0.000	51.000	44.000	6	5792	0.041	0.466	13.173	35	0	0	0.005	0.003	0	32	0	32	32	1	1	0	0	0	6	0	33	T?/M?	live	0	0	0	650	337.500	650.000	15.486	16	0	0	3	2	30	5	0	0	"Preventing pez.mini.VertiLeach 0.4.0 from access: (""java.io.FilePermission"" ""D:\code\Hadur_Robot\hadur-bench\target\classes\META-INF\services\java.time.zone.ZoneRulesProvider"" ""read""). You may only read files in your own root package directory."	0	0	1	0	0	0.399	0.424	0.448	0	0	0.000	0.000	0.000	0.000	10.000	0.000	350.000	0.000	165.486	0.9800	1.0000
hadur2.Hadur 3.9sa	pez.mini.VertiLeach 0.4.0	mid		3	true	35	2184.000	16.000	35	1750.000	0.000	70.000	16.000	4	5534	0.039	0.392	12.608	35	0	0	0.009	0.002	0	14	0	14	14	0	0	0	0	0	1	0	16	T?/M?	live	0	0	0	650	274.500	650.000	8.114	16	0	3	1	3	14	1	0	0	"Preventing pez.mini.VertiLeach 0.4.0 from access: (""java.io.FilePermission"" ""D:\code\Hadur_Robot\hadur-bench\target\classes\META-INF\services\java.time.zone.ZoneRulesProvider"" ""read""). You may only read files in your own root package directory."	0	0	1	0	0	0.399	0.430	0.448	0	0	0.000	0.000	0.000	0.000	14.000	0.000	350.000	0.000	158.114	0.9927	1.0000
hadur2.Hadur 3.9sa	pez.mini.VertiLeach 0.4.0	mid		4	true	35	2164.000	60.000	35	1750.000	0.000	53.000	60.000	4	5758	0.033	0.403	11.216	35	0	0	0.017	0.004	3	28	0	28	28	3	1	0	0	0	5	0	12	T?/M?	live	0	0	0	650	407.600	650.000	14.514	0	0	0	2	2	10	1	0	0	"Preventing pez.mini.VertiLeach 0.4.0 from access: (""java.io.FilePermission"" ""D:\code\Hadur_Robot\hadur-bench\target\classes\META-INF\services\java.time.zone.ZoneRulesProvider"" ""read""). You may only read files in your own root package directory."	0	0	1	0	0	0.359	0.401	0.432	0	0	0.000	0.000	0.000	0.000	11.000	0.000	350.000	0.000	164.514	0.9730	1.0000
hadur2.Hadur 3.9sa	pez.mini.VertiLeach 0.4.0	mid		5	true	35	2189.000	60.000	35	1750.000	0.000	74.000	60.000	6	5608	0.034	0.450	14.937	35	0	0	0.011	0.006	2	19	0	19	19	5	0	0	0	0	3	0	16	T?/M?	live	0	0	0	650	237.900	650.000	10.229	1	0	1	3	1	15	2	0	0	"Preventing pez.mini.VertiLeach 0.4.0 from access: (""java.io.FilePermission"" ""D:\code\Hadur_Robot\hadur-bench\target\classes\META-INF\services\java.time.zone.ZoneRulesProvider"" ""read""). You may only read files in your own root package directory."	0	0	1	0	0	0.399	0.418	0.442	0	0	0.000	0.000	0.000	0.000	15.000	0.000	350.000	0.000	160.229	0.9733	1.0000
hadur2.Hadur 3.9sa	pez.mini.VertiLeach 0.4.0	mid		6	true	35	2066.000	145.000	34	1700.000	50.000	26.000	71.000	2	5743	0.033	0.446	10.531	35	0	0	0.007	0.004	3	27	0	27	27	2	1	0	0	0	6	12	26	T?/M?	live	0	0	0	650	336.400	650.000	14.086	0	0	0	2	1	22	4	0	0	"Preventing pez.mini.VertiLeach 0.4.0 from access: (""java.io.FilePermission"" ""D:\code\Hadur_Robot\hadur-bench\target\classes\META-INF\services\java.time.zone.ZoneRulesProvider"" ""read""). You may only read files in your own root package directory."	0	0	1	0	0	0.330	0.360	0.393	0	0	0.000	0.000	0.000	0.000	0.000	14.000	340.000	10.000	164.086	0.9344	0.9714
hadur2.Hadur 3.9sa	pez.mini.VertiLeach 0.4.0	mid		7	true	35	2061.000	149.000	34	1700.000	50.000	21.000	74.000	2	5763	0.030	0.424	11.697	35	0	0	0.006	0.004	4	28	1	28	28	1	1	0	0	0	4	0	31	T?/M?	live	0	0	0	650	351.500	650.000	14.657	0	0	0	3	2	25	4	0	0	"Preventing pez.mini.VertiLeach 0.4.0 from access: (""java.io.FilePermission"" ""D:\code\Hadur_Robot\hadur-bench\target\classes\META-INF\services\java.time.zone.ZoneRulesProvider"" ""read""). You may only read files in your own root package directory."	0	0	1	0	0	0.330	0.360	0.393	0	0	0.000	0.000	0.000	0.000	0.000	15.000	340.000	10.000	164.657	0.9326	0.9714
hadur2.Hadur 3.9sa	pez.mini.VertiLeach 0.4.0	mid		8	true	35	2151.000	15.000	35	1750.000	0.000	42.000	15.000	5	5713	0.035	0.504	11.563	35	0	0	0.004	0.001	0	26	0	26	26	0	0	0	0	0	3	0	29	T?/M?	live	0	0	0	650	355.700	650.000	13.229	23	0	0	1	3	26	3	0	0	"Preventing pez.mini.VertiLeach 0.4.0 from access: (""java.io.FilePermission"" ""D:\code\Hadur_Robot\hadur-bench\target\classes\META-INF\services\java.time.zone.ZoneRulesProvider"" ""read""). You may only read files in your own root package directory."	0	0	1	0	0	0.353	0.395	0.444	1	0	0.000	0.000	0.000	0.000	8.000	0.000	350.000	0.000	163.229	0.9931	1.0000
hadur2.Hadur 3.9sa	rampancy.Durandal 2.2d	mid		1	true	35	3352.000	1656.000	27	1350.000	400.000	1476.000	1090.000	11	23903	0.445	0.922	15.203	35	0	0	0.160	0.079	93	1143	2	1143	1143	3	19	0	0	0	104	249	1249	T?/M?	live	0	0	0	650	413.591	625.000	532.943	236	206	360	2	9	1109	92	0	0		0	0	0	0	0	0.330	0.408	0.444	1	0	0.000	0.000	0.000	0.000	256.000	86.000	270.000	80.000	682.943	0.6693	0.7714
hadur2.Hadur 3.9sa	rampancy.Durandal 2.2d	mid		2	true	35	3627.000	1469.000	32	1600.000	150.000	1432.000	1261.000	5	25778	0.446	0.960	15.924	34	0	0	0.171	0.089	111	1235	6	1235	1234	3	28	0	0	0	147	373	1318	T?/M?	live	0	0	0	650	400.012	400.000	591.147	206	529	264	2	8	1107	85	0	0		0	0	0	1	1	0.387	0.440	0.486	1	0	1.000	0.000	8.000	0.000	265.000	29.000	320.000	30.000	736.514	0.7117	0.9143
hadur2.Hadur 3.9sa	rampancy.Durandal 2.2d	mid		3	true	35	3729.000	1484.000	29	1450.000	300.000	1681.000	1062.000	11	22092	0.427	0.931	15.104	35	0	0	0.179	0.086	59	1019	2	1019	1019	5	13	0	0	0	85	931	1104	T?/M?	live	0	0	0	650	394.683	650.000	481.200	391	138	377	2	8	992	79	0	0		0	0	0	0	0	0.387	0.423	0.444	1	0	1.000	1.000	0.000	0.000	307.000	60.000	290.000	60.000	631.200	0.7153	0.8286
hadur2.Hadur 3.9sa	rampancy.Durandal 2.2d	mid		4	true	35	3640.000	1589.000	28	1400.000	350.000	1648.000	1096.000	12	21552	0.415	0.914	14.632	35	0	0	0.182	0.088	54	973	4	973	973	4	14	0	0	0	86	590	1023	T?/M?	live	0	0	0	650	373.897	400.000	465.771	413	180	370	3	7	919	61	0	0		0	0	0	0	0	0.398	0.444	0.486	0	0	0.000	0.000	0.000	0.000	312.000	73.000	280.000	70.000	615.771	0.6961	0.8000
hadur2.Hadur 3.9sa	rampancy.Durandal 2.2d	mid		5	true	35	3490.000	1645.000	27	1350.000	400.000	1594.000	1077.000	6	22638	0.323	0.836	15.856	34	0	0	0.189	0.089	54	1057	5	1057	1057	9	13	0	0	0	128	550	1009	T?/M?	live	0	0	0	650	407.732	425.000	490.824	467	194	397	2	6	919	69	0	0		0	0	0	1	1	0.387	0.420	0.440	1	0	0.000	0.000	0.000	0.000	276.000	88.000	270.000	80.000	646.800	0.6796	0.7714
hadur2.Hadur 3.9sa	rampancy.Durandal 2.2d	mid		6	true	35	3504.000	1356.000	30	1500.000	250.000	1439.000	1007.000	11	24222	0.431	0.892	15.334	35	0	0	0.169	0.072	88	1145	1	1145	1144	5	18	0	0	0	130	253	1215	T?/M?	live	0	0	0	650	398.551	650.000	542.057	367	236	332	3	7	1057	70	0	0		0	0	0	0	0	0.398	0.443	0.486	0	0	0.000	0.000	0.000	0.000	266.000	49.000	300.000	50.000	692.057	0.7210	0.8571
hadur2.Hadur 3.9sa	rampancy.Durandal 2.2d	mid		7	true	35	3557.000	1349.000	31	1550.000	200.000	1427.000	1069.000	12	24799	0.443	0.940	16.143	35	0	0	0.150	0.078	51	1190	2	1190	1190	4	24	0	0	0	142	817	1299	T?/M?	live	0	0	0	650	406.694	650.000	558.543	357	300	119	3	9	1113	99	0	0		0	0	0	0	0	0.387	0.433	0.486	1	0	0.000	0.000	0.000	0.000	270.000	40.000	310.000	40.000	708.543	0.7250	0.8857
hadur2.Hadur 3.9sa	rampancy.Durandal 2.2d	mid		8	true	35	3750.000	1448.000	29	1450.000	300.000	1696.000	1025.000	9	21770	0.346	0.831	15.492	35	0	0	0.177	0.082	50	985	1	985	985	0	17	0	0	0	94	1024	1089	T?/M?	live	0	0	0	650	357.926	400.000	472.000	448	150	264	1	3943	955	83	0	0		0	0	0	0	0	0.398	0.443	0.486	0	0	0.000	0.000	0.000	0.000	314.000	64.000	290.000	60.000	622.000	0.7214	0.8286
hadur2.Hadur 3.9sa	ry.VirtualGunExperiment 1.2.0	mid		1	true	35	2335.000	168.000	35	1750.000	0.000	196.000	168.000	9	39362	0.201	0.564	17.705	35	0	0	0.046	0.012	18	2273	0	2273	2273	3	8	0	0	0	2084	26	357	T?/M?	live	0	0	0	650	535.183	650.000	974.629	48	114	0	2	7	199	17	0	0		0	0	0	0	0	0.387	0.443	0.486	0	0	0.000	0.000	0.000	0.000	39.000	0.000	350.000	0.000	1124.629	0.9329	1.0000
hadur2.Hadur 3.9sa	ry.VirtualGunExperiment 1.2.0	mid		2	true	35	2231.000	86.000	35	1750.000	0.000	109.000	86.000	13	39267	0.188	0.410	17.850	35	0	0	0.063	0.006	19	2273	1	2272	2272	4	4	0	0	0	2225	0	175	T?/M?	live	0	0	0	650	452.517	650.000	971.914	11	25	0	3	7	41	3	0	0		0	0	0	0	0	0.347	0.403	0.447	0	0	0.000	0.000	0.000	0.000	22.000	0.000	350.000	0.000	1121.914	0.9629	1.0000
hadur2.Hadur 3.9sa	ry.VirtualGunExperiment 1.2.0	mid		3	true	35	2365.000	168.000	35	1750.000	0.000	221.000	168.000	9	39214	0.213	0.489	215.853	35	0	0	0.069	0.012	13	2252	0	2252	2252	4	4	0	0	0	2142	237	261	T?/M?	live	0	0	0	650	510.260	650.000	970.400	97	102	0	2	5	107	14	0	0		0	0	0	0	0	0.398	0.446	0.486	0	0	0.000	0.000	0.000	0.000	44.000	0.000	350.000	0.000	1120.400	0.9337	1.0000
hadur2.Hadur 3.9sa	ry.VirtualGunExperiment 1.2.0	mid		4	true	35	2253.000	70.000	35	1750.000	0.000	127.000	70.000	12	39124	0.185	0.414	18.380	35	0	0	0.095	0.005	17	2266	0	2266	2266	6	1	0	0	0	2224	52	165	T?/M?	live	0	0	0	650	451.577	650.000	967.829	18	0	0	3	5	39	7	0	0		0	0	0	0	0	0.329	0.393	0.447	0	0	0.000	0.000	0.000	0.000	25.000	0.000	350.000	0.000	1117.829	0.9699	1.0000
hadur2.Hadur 3.9sa	ry.VirtualGunExperiment 1.2.0	mid		5	true	35	2288.000	56.000	35	1750.000	0.000	157.000	56.000	11	38744	0.189	0.425	15.860	35	0	0	0.046	0.005	21	2235	0	2235	2235	6	0	0	0	0	2177	67	185	T?/M?	live	0	0	0	650	466.789	650.000	956.971	22	41	5	2	5	61	8	0	0		0	0	0	0	0	0.398	0.438	0.468	0	0	0.000	0.000	0.000	0.000	31.000	0.000	350.000	0.000	1106.971	0.9761	1.0000
hadur2.Hadur 3.9sa	ry.VirtualGunExperiment 1.2.0	mid		6	true	35	2419.000	242.000	34	1700.000	50.000	317.000	173.000	10	37787	0.206	0.477	15.851	35	0	0	0.082	0.014	18	2171	0	2171	2171	3	4	0	0	0	1923	0	397	T?/M?	live	0	0	0	650	488.377	650.000	929.629	118	113	0	3	5	258	26	0	0		0	0	0	0	0	0.315	0.390	0.440	0	0	0.000	0.000	0.000	0.000	62.000	9.000	340.000	10.000	1079.629	0.9091	0.9714
hadur2.Hadur 3.9sa	ry.VirtualGunExperiment 1.2.0	mid		7	true	35	2377.000	73.000	35	1750.000	0.000	231.000	73.000	11	38130	0.194	0.440	18.343	35	0	0	0.062	0.008	13	2196	0	2196	2196	1	2	0	0	0	2104	0	210	T?/M?	live	0	0	0	650	483.517	650.000	939.429	9	11	0	3	6	93	5	0	0		0	0	0	0	0	0.409	0.437	0.460	0	0	0.000	0.000	0.000	0.000	46.000	0.000	350.000	0.000	1089.429	0.9702	1.0000
hadur2.Hadur 3.9sa	ry.VirtualGunExperiment 1.2.0	mid		8	true	35	2306.000	311.000	33	1650.000	100.000	273.000	175.000	8	38310	0.199	0.481	14.898	35	0	0	0.064	0.012	7	2209	0	2209	2209	0	6	0	0	0	2058	0	275	T?/M?	live	0	0	0	650	501.137	650.000	944.571	130	42	0	1	6	135	10	0	0		0	0	0	0	0	0.315	0.397	0.440	0	0	0.000	0.000	0.000	0.000	53.000	15.000	330.000	20.000	1094.571	0.8812	0.9429
hadur2.Hadur 3.9sa	sheldor.micro.EpeeistDC 3.0	mid		1	true	35	3314.000	1424.000	31	1550.000	200.000	1224.000	1132.000	15	35298	0.650	1.217	12.179	35	0	0	0.117	0.076	118	2241	10	2241	2241	9	22	0	0	0	197	2083	2260	T?/M?	live	0	0	0	650	540.274	650.000	858.514	402	246	26	2	9	2188	183	0	0		0	0	0	0	0	0.329	0.409	0.460	0	0	0.000	0.000	0.000	0.000	230.000	52.000	310.000	40.000	1008.514	0.6995	0.8857
hadur2.Hadur 3.9sa	sheldor.micro.EpeeistDC 3.0	mid		2	true	35	3659.000	1023.000	34	1700.000	50.000	1350.000	955.000	14	33719	0.661	1.240	15.083	35	0	0	0.119	0.068	94	2133	10	2148	2133	7	30	0	0	0	193	1716	2128	T?/M?	live	0	0	0	650	529.851	625.000	813.400	747	184	18	2	9	2093	182	0	0		0	0	0	0	0	0.300	0.372	0.433	0	0	0.000	0.000	0.000	0.000	268.000	9.000	340.000	10.000	963.400	0.7815	0.9714
hadur2.Hadur 3.9sa	sheldor.micro.EpeeistDC 3.0	mid		3	true	35	3212.000	1652.000	28	1400.000	350.000	1301.000	1159.000	8	34565	0.598	1.152	14.500	34	0	0	0.117	0.078	105	2195	8	2196	2195	3	23	0	0	0	193	1921	2203	T?/M?	live	0	0	0	650	536.035	650.000	847.176	1092	291	32	2	9295	2121	187	0	0		0	0	0	1	1	0.315	0.395	0.447	0	0	0.000	0.000	0.000	0.000	231.000	73.000	280.000	70.000	987.571	0.6604	0.8000
hadur2.Hadur 3.9sa	sheldor.micro.EpeeistDC 3.0	mid		4	true	35	3479.000	1426.000	31	1550.000	200.000	1372.000	1134.000	15	34418	0.663	1.232	11.452	35	0	0	0.134	0.076	126	2182	7	2182	2182	6	16	0	0	0	205	2062	2205	T?/M?	live	0	0	0	650	552.603	650.000	833.371	244	267	83	3	8	2144	199	0	0		0	0	0	0	0	0.300	0.374	0.433	0	0	0.000	0.000	0.000	0.000	247.000	51.000	310.000	40.000	983.371	0.7093	0.8857
hadur2.Hadur 3.9sa	sheldor.micro.EpeeistDC 3.0	mid		5	true	35	3035.000	1614.000	29	1450.000	300.000	1105.000	1189.000	14	40947	0.721	1.340	13.452	34	0	0	0.121	0.086	178	2734	8	2718	2712	22	21	0	0	0	280	2644	2755	T?/M?	live	0	0	0	650	547.312	650.000	1028.294	1704	279	16	3	7	2612	270	0	0		298	0	0	1	1	0.300	0.378	0.440	0	0	0.000	0.000	0.000	0.000	190.000	65.000	290.000	60.000	1169.914	0.6528	0.8286
hadur2.Hadur 3.9sa	sheldor.micro.EpeeistDC 3.0	mid		6	true	35	3324.000	1307.000	32	1600.000	150.000	1180.000	1087.000	15	33926	0.601	1.163	17.268	35	0	0	0.112	0.069	105	2103	14	2103	2103	9	24	0	0	0	232	1966	2168	T?/M?	live	0	0	0	650	549.686	650.000	819.314	491	335	59	3	7	2063	219	0	0		0	0	0	0	0	0.298	0.373	0.461	0	0	0.000	0.000	0.000	0.000	224.000	40.000	320.000	30.000	969.314	0.7178	0.9143
hadur2.Hadur 3.9sa	sheldor.micro.EpeeistDC 3.0	mid		7	true	35	3111.000	1525.000	29	1450.000	300.000	1154.000	1096.000	17	34483	0.653	1.237	219.670	35	0	0	0.138	0.077	131	2176	10	2176	2176	12	19	0	0	0	225	2028	2223	T?/M?	live	0	0	0	650	539.383	650.000	835.229	664	228	23	2	9	2132	222	0	0		0	0	0	0	0	0.300	0.380	0.440	0	0	0.000	0.000	0.000	0.000	217.000	70.000	290.000	60.000	985.229	0.6711	0.8286
hadur2.Hadur 3.9sa	sheldor.micro.EpeeistDC 3.0	mid		8	true	35	3438.000	1462.000	30	1500.000	250.000	1383.000	1091.000	15	31781	0.621	1.195	10.790	35	0	0	0.123	0.077	94	1952	12	1952	1951	18	16	0	0	0	191	1647	1975	T?/M?	live	0	0	0	650	548.789	650.000	758.029	694	315	62	2	9	1912	179	0	0		0	0	0	0	0	0.298	0.381	0.461	0	0	0.000	0.000	0.000	0.000	256.000	71.000	300.000	50.000	908.029	0.7016	0.8571
hadur2.Hadur 3.9sa	sheldor.micro.PointInLineRRAL 1.0	mid		1	true	35	3705.000	986.000	33	1650.000	100.000	1443.000	845.000	16	33528	0.429	0.928	16.035	35	0	0	0.137	0.059	99	1981	4	1982	1981	9	17	0	0	0	152	1304	2077	T?/M?	live	0	0	0	650	520.880	550.000	807.943	537	78	27	3	10	1897	139	0	0		0	0	0	0	0	0.315	0.396	0.440	0	0	0.000	0.000	0.000	0.000	282.000	22.000	330.000	20.000	957.943	0.7898	0.9429
hadur2.Hadur 3.9sa	sheldor.micro.PointInLineRRAL 1.0	mid		2	true	35	3582.000	848.000	35	1750.000	0.000	1235.000	848.000	18	37479	0.463	0.988	15.241	35	0	0	0.118	0.059	151	2287	0	2283	2283	58	12	0	0	0	196	1713	2410	T?/M?	live	0	0	0	650	558.589	650.000	920.829	457	0	51	3	11	2181	185	0	0		0	0	0	0	0	0.300	0.367	0.416	0	0	0.000	0.000	0.000	0.000	247.000	0.000	350.000	0.000	1070.829	0.8086	1.0000
hadur2.Hadur 3.9sa	sheldor.micro.PointInLineRRAL 1.0	mid		3	true	35	3351.000	891.000	33	1650.000	100.000	1148.000	760.000	15	37679	0.500	0.997	15.415	35	0	0	0.116	0.052	159	2296	1	2298	2296	6	18	0	0	0	187	2102	2457	T?/M?	live	0	0	0	650	548.754	625.000	926.543	1265	24	43	3	652	2194	180	0	0		0	0	0	0	0	0.300	0.371	0.433	0	0	0.000	0.000	0.000	0.000	223.000	11.000	330.000	20.000	1076.543	0.7900	0.9429
hadur2.Hadur 3.9sa	sheldor.micro.PointInLineRRAL 1.0	mid		4	true	35	3545.000	1070.000	33	1650.000	100.000	1307.000	928.000	21	36487	0.448	0.955	15.057	35	0	0	0.131	0.063	147	2230	1	2230	2230	14	21	0	0	0	162	2069	2350	T?/M?	live	0	0	0	650	542.657	650.000	892.486	454	0	64	3	9	2144	153	0	0		0	0	0	0	0	0.298	0.377	0.461	0	0	0.000	0.000	0.000	0.000	258.000	22.000	330.000	20.000	1042.486	0.7681	0.9429
hadur2.Hadur 3.9sa	sheldor.micro.PointInLineRRAL 1.0	mid		5	true	35	3936.000	812.000	35	1750.000	0.000	1530.000	812.000	16	32552	0.433	0.947	14.367	35	0	0	0.135	0.062	90	1927	0	1927	1927	11	25	0	0	0	128	456	1967	T?/M?	live	0	0	0	650	556.434	650.000	780.057	532	23	45	2	9	1850	121	0	0		0	0	0	0	0	0.298	0.383	0.461	0	0	0.000	0.000	0.000	0.000	306.000	0.000	350.000	0.000	930.057	0.8290	1.0000
hadur2.Hadur 3.9sa	sheldor.micro.PointInLineRRAL 1.0	mid		6	true	35	3636.000	868.000	34	1700.000	50.000	1333.000	800.000	13	34254	0.487	0.947	14.655	35	0	0	0.130	0.058	111	2090	2	2067	2067	6	23	0	0	0	146	1622	2130	T?/M?	live	0	0	0	650	532.543	400.000	828.686	295	26	67	3	6	1988	131	0	0		298	0	0	0	0	0.387	0.433	0.483	0	0	0.000	0.000	0.000	0.000	263.000	7.000	340.000	10.000	978.686	0.8073	0.9714
hadur2.Hadur 3.9sa	sheldor.micro.PointInLineRRAL 1.0	mid		7	true	35	3870.000	657.000	35	1750.000	0.000	1475.000	657.000	15	31017	0.382	0.816	26.775	35	0	0	0.136	0.048	82	1775	0	1775	1775	7	12	0	0	0	114	1678	1864	T?/M?	live	0	0	0	650	503.117	400.000	736.200	555	7	78	3	10	1707	102	0	0		0	0	0	0	0	0.298	0.380	0.461	0	0	0.000	0.000	0.000	0.000	295.000	0.000	350.000	0.000	886.200	0.8549	1.0000
hadur2.Hadur 3.9sa	sheldor.micro.PointInLineRRAL 1.0	mid		8	true	35	3423.000	940.000	32	1600.000	150.000	1264.000	723.000	10	33035	0.348	0.763	15.400	35	0	0	0.123	0.047	86	1964	0	1964	1964	3	16	0	0	0	160	770	2004	T?/M?	live	0	0	0	650	467.623	400.000	793.857	563	5	27	2	9	1874	152	0	0		0	0	0	0	0	0.387	0.437	0.483	0	0	0.000	0.000	0.000	0.000	240.000	36.000	320.000	30.000	943.857	0.7846	0.9143
hadur2.Hadur 3.9sa	sheldor.nano.FoilistNano 3.2	mid		1	true	35	3108.000	1131.000	30	1500.000	250.000	1094.000	784.000	10	25365	0.208	0.876	13.649	35	0	0	0.220	0.064	93	1353	3	1353	1350	6	18	0	0	0	781	381	606	T?/M?	live	0	0	0	650	292.786	650.000	574.714	174	93	263	3	6	575	53	0	0		0	0	0	0	0	0.298	0.378	0.461	0	0	10.000	6.000	0.000	0.000	204.000	41.000	300.000	50.000	724.714	0.7332	0.8571
hadur2.Hadur 3.9sa	sheldor.nano.FoilistNano 3.2	mid		2	true	35	3538.000	810.000	34	1700.000	50.000	1251.000	740.000	12	24027	0.226	0.812	14.625	35	0	0	0.198	0.066	82	1251	1	1252	1248	5	14	0	0	0	708	158	554	T?/M?	live	0	0	0	650	291.509	450.000	536.486	231	122	232	3	3	531	44	0	0		0	0	0	0	0	0.307	0.424	0.483	0	0	0.000	0.000	0.000	0.000	247.000	10.000	340.000	10.000	686.486	0.8137	0.9714
hadur2.Hadur 3.9sa	sheldor.nano.FoilistNano 3.2	mid		3	true	35	3099.000	1053.000	30	1500.000	250.000	1099.000	715.000	9	25298	0.206	0.810	14.492	35	0	0	0.259	0.062	88	1346	5	1346	1345	1	9	0	0	0	843	260	510	T?/M?	live	0	0	0	650	280.563	650.000	572.800	183	127	176	1	5	472	31	0	0		0	0	0	0	0	0.307	0.421	0.483	0	0	0.000	1.000	0.000	0.000	199.000	37.000	300.000	50.000	722.800	0.7464	0.8571
hadur2.Hadur 3.9sa	sheldor.nano.FoilistNano 3.2	mid		4	true	35	2784.000	1164.000	29	1450.000	300.000	887.000	755.000	11	27125	0.197	0.814	29.820	35	0	0	0.168	0.056	97	1478	6	1479	1473	4	12	0	0	0	1029	419	495	T?/M?	live	0	0	0	650	279.883	650.000	625.000	303	68	161	3	5	451	49	0	0		0	0	0	0	0	0.394	0.432	0.480	0	0	0.000	0.000	0.000	0.000	158.000	50.000	290.000	60.000	775.000	0.7052	0.8286
hadur2.Hadur 3.9sa	sheldor.nano.FoilistNano 3.2	mid		5	true	35	3168.000	1532.000	27	1350.000	400.000	1309.000	987.000	7	24966	0.243	0.887	12.599	34	0	0	0.221	0.080	74	1343	3	1343	1341	5	11	0	0	0	728	428	588	T?/M?	live	0	0	0	650	294.959	650.000	563.088	314	65	264	2	6	576	48	0	0		0	0	0	1	1	0.387	0.429	0.483	0	0	0.000	0.000	0.000	0.000	239.000	65.000	270.000	80.000	713.314	0.6740	0.7714
hadur2.Hadur 3.9sa	sheldor.nano.FoilistNano 3.2	mid		6	true	35	3429.000	1606.000	28	1400.000	350.000	1479.000	1125.000	6	23007	0.236	0.890	13.082	34	0	0	0.201	0.101	94	1200	3	1200	1195	4	17	0	0	0	542	0	625	T?/M?	live	0	0	0	650	302.015	650.000	509.147	342	93	299	3	5	618	49	0	0		0	0	0	1	1	0.394	0.437	0.480	0	0	0.000	0.000	0.000	0.000	269.000	60.000	280.000	70.000	657.343	0.6810	0.8000
hadur2.Hadur 3.9sa	sheldor.nano.FoilistNano 3.2	mid		7	true	35	2996.000	993.000	31	1550.000	200.000	955.000	721.000	9	26215	0.157	0.800	13.209	35	0	0	0.148	0.057	69	1411	3	1412	1408	2	9	0	0	0	917	380	539	T?/M?	live	0	0	0	650	293.157	650.000	599.000	284	97	171	2	4	500	56	0	0		0	0	0	0	0	0.387	0.421	0.473	0	0	0.000	0.000	0.000	0.000	181.000	32.000	310.000	40.000	749.000	0.7511	0.8857
hadur2.Hadur 3.9sa	sheldor.nano.FoilistNano 3.2	mid		8	true	35	2917.000	1477.000	28	1400.000	350.000	1058.000	994.000	10	24682	0.227	0.857	15.819	35	0	0	0.253	0.087	146	1303	8	1303	1296	0	21	0	0	0	745	0	582	T?/M?	live	0	0	0	650	286.374	650.000	555.200	211	66	227	1	4	555	46	0	0		0	0	0	0	0	0.401	0.479	0.530	0	0	0.000	0.000	0.000	0.000	179.000	63.000	280.000	70.000	705.200	0.6639	0.8000
hadur2.Hadur 3.9sa	slugzilla.ButtHead 2.0	mid		1	true	35	6649.000	2994.000	33	1650.000	100.000	3792.000	2558.000	11	11306	0.191	0.509	10.784	35	0	0	0.713	0.525	182	349	1	349	348	3	35	0	0	0	32	24	335	T?/M?	live	0	0	0	650	148.429	650.000	173.029	266	10	281	2	3	334	29	0	0		0	0	0	0	0	0.395	0.441	0.473	0	0	134.000	263.000	57.000	0.000	685.000	53.000	330.000	20.000	323.029	0.6895	0.9429
hadur2.Hadur 3.9sa	slugzilla.ButtHead 2.0	mid		2	true	35	6598.000	2894.000	33	1650.000	100.000	3758.000	2449.000	13	11521	0.182	0.469	8.786	35	0	0	0.701	0.522	199	367	3	347	346	5	34	0	0	0	31	131	355	T?/M?	live	0	0	0	650	145.320	650.000	179.171	259	14	286	3	3	332	28	0	0		298	0	0	0	0	0.411	0.440	0.480	0	0	116.000	271.000	58.000	26.000	686.000	28.000	330.000	20.000	329.171	0.6951	0.9429
hadur2.Hadur 3.9sa	slugzilla.ButtHead 2.0	mid		3	true	35	6745.000	3072.000	33	1650.000	100.000	3995.000	2747.000	9	11685	0.190	0.508	9.397	35	0	0	0.685	0.547	100	374	1	374	374	0	31	0	0	0	36	358	364	T?/M?	live	0	0	0	650	162.543	650.000	183.857	338	3	303	1	4	363	32	0	0		0	0	0	0	0	0.401	0.433	0.480	0	0	10.000	142.000	0.000	37.000	761.000	26.000	330.000	20.000	333.857	0.6871	0.9429
hadur2.Hadur 3.9sa	slugzilla.ButtHead 2.0	mid		4	true	35	6292.000	3275.000	30	1500.000	250.000	3659.000	2554.000	15	11367	0.199	0.536	73.683	35	0	0	0.705	0.616	235	355	2	341	341	4	31	0	0	0	22	0	338	T?/M?	live	0	0	0	650	163.180	650.000	174.771	238	17	266	3	2	327	20	0	0		194	0	0	0	0	0.468	0.502	0.530	0	0	157.000	312.000	48.000	0.000	628.000	109.000	300.000	50.000	324.771	0.6577	0.8571
hadur2.Hadur 3.9sa	slugzilla.ButtHead 2.0	mid		5	true	35	6352.000	3702.000	33	1650.000	100.000	2935.000	2112.000	10	9715	0.126	0.498	9.557	35	0	0	0.795	0.578	999	242	4	242	242	4	87	0	0	0	10	0	233	T?/M?	live	0	0	0	650	141.946	650.000	127.571	47	11	190	2	4	185	7	0	0		0	0	0	0	0	0.401	0.432	0.477	0	0	701.000	1432.000	325.000	0.000	411.000	39.000	330.000	20.000	277.571	0.6318	0.9429
hadur2.Hadur 3.9sa	slugzilla.ButtHead 2.0	mid		6	true	35	6928.000	2841.000	35	1750.000	0.000	3953.000	2660.000	11	11560	0.208	0.559	10.216	35	0	0	0.727	0.551	136	367	1	366	366	3	25	0	0	0	37	259	350	T?/M?	live	0	0	0	650	155.880	650.000	180.286	307	10	285	3	1	351	30	0	0		0	0	0	0	0	0.500	0.503	0.510	0	0	59.000	181.000	56.000	0.000	759.000	0.000	350.000	0.000	330.286	0.7092	1.0000
hadur2.Hadur 3.9sa	slugzilla.ButtHead 2.0	mid		7	true	35	6830.000	2635.000	35	1750.000	0.000	3876.000	2461.000	10	11513	0.209	0.550	9.509	35	0	0	0.719	0.511	131	363	0	363	363	2	28	0	0	0	29	0	348	T?/M?	live	0	0	0	650	164.980	650.000	178.943	314	30	276	3	4	350	23	0	0		0	0	0	0	0	0.401	0.477	0.530	0	0	54.000	174.000	58.000	0.000	742.000	0.000	350.000	0.000	328.943	0.7216	1.0000
hadur2.Hadur 3.9sa	slugzilla.ButtHead 2.0	mid		8	true	35	6852.000	2618.000	35	1750.000	0.000	3897.000	2469.000	9	11231	0.198	0.521	8.250	35	0	0	0.717	0.527	114	345	1	345	345	2	27	0	0	0	33	58	334	T?/M?	live	0	0	0	650	139.857	650.000	170.886	275	4	279	1	3	338	30	0	0		0	0	0	0	0	0.436	0.481	0.501	0	0	70.000	149.000	0.000	0.000	786.000	0.000	350.000	0.000	320.886	0.7235	1.0000
hadur2.Hadur 3.9sa	slugzilla.RandomGF 1.0	mid		1	true	35	2264.000	127.000	35	1750.000	0.000	137.000	127.000	12	31790	0.179	0.460	14.214	35	0	0	0.063	0.008	3	1726	1	1726	1726	4	0	0	0	0	1649	123	225	T?/M?	live	0	0	0	650	514.569	650.000	758.286	51	59	0	2	7	82	12	0	0		0	0	0	0	0	0.436	0.487	0.530	0	0	0.000	0.000	0.000	0.000	27.000	0.000	350.000	0.000	908.286	0.9469	1.0000
hadur2.Hadur 3.9sa	slugzilla.RandomGF 1.0	mid		2	true	35	2319.000	140.000	35	1750.000	0.000	183.000	140.000	11	31413	0.164	0.424	17.333	35	0	0	0.049	0.009	2	1703	0	1703	1703	2	1	0	0	0	1611	198	235	T?/M?	live	0	0	0	650	507.054	650.000	747.514	157	33	0	3	6	99	16	0	0		0	0	0	0	0	0.373	0.442	0.478	0	0	0.000	0.000	0.000	0.000	37.000	0.000	350.000	0.000	897.514	0.9431	1.0000
hadur2.Hadur 3.9sa	slugzilla.RandomGF 1.0	mid		3	true	35	2082.000	332.000	33	1650.000	100.000	85.000	198.000	9	32278	0.187	0.485	13.974	35	0	0	0.068	0.011	7	1770	0	1770	1770	0	3	0	0	0	1648	0	258	T?/M?	live	0	0	0	650	485.751	650.000	772.229	54	69	0	1	7	106	10	0	0		0	0	0	0	0	0.436	0.483	0.530	0	0	0.000	0.000	0.000	0.000	17.000	14.000	330.000	20.000	922.229	0.8625	0.9429
hadur2.Hadur 3.9sa	slugzilla.RandomGF 1.0	mid		4	true	35	2241.000	311.000	34	1700.000	50.000	169.000	241.000	7	31911	0.173	0.451	12.394	35	0	0	0.098	0.014	0	1743	0	1743	1743	3	4	0	0	0	1650	0	220	T?/M?	live	0	0	0	650	481.557	650.000	761.743	0	61	0	2	4	77	9	0	0		0	0	0	0	0	0.373	0.443	0.478	0	0	0.000	0.000	0.000	0.000	31.000	10.000	340.000	10.000	911.743	0.8781	0.9714
hadur2.Hadur 3.9sa	slugzilla.RandomGF 1.0	mid		5	true	35	2209.000	120.000	35	1750.000	0.000	91.000	120.000	11	32090	0.177	0.440	14.051	35	0	0	0.035	0.007	7	1744	0	1744	1744	6	2	0	0	0	1662	29	234	T?/M?	live	0	0	0	650	511.206	650.000	766.857	57	43	0	2	6	84	10	0	0		0	0	0	0	0	0.436	0.472	0.501	0	0	0.000	0.000	0.000	0.000	18.000	0.000	350.000	0.000	916.857	0.9485	1.0000
hadur2.Hadur 3.9sa	slugzilla.RandomGF 1.0	mid		6	true	35	2299.000	160.000	35	1750.000	0.000	166.000	160.000	11	31642	0.176	0.421	14.788	35	0	0	0.090	0.009	2	1721	0	1721	1721	2	2	0	0	0	1677	84	173	T?/M?	live	0	0	0	650	459.066	650.000	754.057	3	3	0	3	4	31	5	0	0		0	0	0	0	0	0.373	0.448	0.478	0	0	0.000	0.000	0.000	0.000	33.000	0.000	350.000	0.000	904.057	0.9349	1.0000
hadur2.Hadur 3.9sa	slugzilla.RandomGF 1.0	mid		7	true	35	2350.000	221.000	35	1750.000	0.000	208.000	221.000	9	31549	0.183	0.480	15.540	35	0	0	0.081	0.014	0	1720	0	1720	1720	3	2	0	0	0	1604	0	241	T?/M?	live	0	0	0	650	475.617	650.000	751.400	117	66	0	2	3	107	6	0	0		0	0	0	0	0	0.436	0.462	0.500	0	0	0.000	0.000	0.000	0.000	42.000	0.000	350.000	0.000	901.400	0.9140	1.0000
hadur2.Hadur 3.9sa	slugzilla.RandomGF 1.0	mid		8	true	35	2295.000	544.000	32	1600.000	150.000	313.000	333.000	11	30841	0.190	0.511	164.380	35	0	0	0.113	0.023	13	1670	0	1670	1670	3	5	0	0	0	1488	0	306	T?/M?	live	0	0	0	650	498.020	650.000	731.171	54	119	2	1	6	163	9	0	0		0	0	0	0	0	0.403	0.448	0.478	0	0	4.000	0.000	0.000	0.000	58.000	31.000	320.000	30.000	881.171	0.8084	0.9143
hadur2.Hadur 3.9sa	sos.SOS 1.0	mid		1	true	35	2791.000	567.000	33	1650.000	100.000	659.000	382.000	12	33551	0.185	0.542	15.316	35	0	0	0.126	0.034	48	1963	2	1963	1962	10	7	0	0	0	1713	197	293	T?/M?	live	0	0	0	650	298.049	650.000	808.600	201	3	101	2	7	255	29	0	0		0	0	0	0	0	0.427	0.449	0.477	0	0	34.000	36.000	0.000	0.000	118.000	29.000	330.000	20.000	958.600	0.8311	0.9429
hadur2.Hadur 3.9sa	sos.SOS 1.0	mid		2	true	35	2801.000	253.000	35	1750.000	0.000	551.000	218.000	11	34727	0.183	0.451	16.924	35	0	0	0.151	0.036	38	2053	1	2053	2053	4	11	0	0	0	1840	109	264	T?/M?	live	0	0	0	650	285.220	650.000	842.200	155	21	40	2	3	214	26	0	0		0	0	0	0	0	0.403	0.448	0.478	0	0	29.000	35.000	27.000	0.000	95.000	0.000	350.000	0.000	992.200	0.9172	1.0000
hadur2.Hadur 3.9sa	sos.SOS 1.0	mid		3	true	35	2860.000	400.000	34	1700.000	50.000	651.000	278.000	10	32442	0.185	0.518	17.693	35	0	0	0.125	0.033	49	1862	2	1862	1862	6	12	0	0	0	1639	137	292	T?/M?	live	0	0	0	650	319.591	650.000	776.914	147	7	51	2	19	230	27	0	0		0	0	0	0	0	0.373	0.443	0.477	0	0	49.000	46.000	0.000	0.000	121.000	17.000	340.000	10.000	926.914	0.8773	0.9714
hadur2.Hadur 3.9sa	sos.SOS 1.0	mid		4	true	35	2678.000	431.000	33	1650.000	100.000	594.000	295.000	12	34834	0.186	0.541	16.817	35	0	0	0.082	0.039	20	2041	2	2018	2018	7	7	0	0	0	1688	268	424	T?/M?	live	0	0	0	650	323.466	650.000	845.257	102	109	112	3	5	340	26	0	0		298	0	0	0	0	0.403	0.446	0.478	0	0	0.000	0.000	0.000	0.000	104.000	16.000	330.000	20.000	995.257	0.8614	0.9429
hadur2.Hadur 3.9sa	sos.SOS 1.0	mid		5	true	35	2938.000	415.000	34	1700.000	50.000	691.000	278.000	13	32299	0.193	0.480	77.363	35	0	0	0.128	0.023	32	1868	3	1859	1858	3	8	0	0	0	1493	0	440	T?/M?	live	0	0	0	650	330.551	650.000	772.829	146	0	80	3	5	380	30	0	0		138	0	0	0	0	0.403	0.441	0.475	0	0	67.000	62.000	7.000	0.000	133.000	15.000	340.000	10.000	922.829	0.8762	0.9714
hadur2.Hadur 3.9sa	sos.SOS 1.0	mid		6	true	35	2717.000	368.000	34	1700.000	50.000	570.000	292.000	10	35711	0.186	0.575	17.965	35	0	0	0.113	0.027	41	2135	4	2135	2135	4	10	0	0	0	1773	144	415	T?/M?	live	0	0	0	650	296.783	650.000	870.314	89	4	94	3	4	361	30	0	0		0	0	0	0	0	0.418	0.449	0.483	0	0	0.000	1.000	0.000	0.000	107.000	14.000	340.000	10.000	1020.314	0.8807	0.9714
hadur2.Hadur 3.9sa	sos.SOS 1.0	mid		7	true	35	2825.000	399.000	34	1700.000	50.000	648.000	306.000	10	33594	0.184	0.485	16.025	35	0	0	0.154	0.030	37	1961	0	1961	1961	2	8	0	0	0	1577	383	449	T?/M?	live	0	0	0	650	312.926	650.000	809.829	185	35	49	3	7	391	26	0	0		0	0	0	0	0	0.403	0.446	0.489	0	0	17.000	14.000	0.000	0.000	120.000	19.000	340.000	10.000	959.829	0.8762	0.9714
hadur2.Hadur 3.9sa	sos.SOS 1.0	mid		8	true	35	2942.000	268.000	35	1750.000	0.000	702.000	267.000	10	34073	0.189	0.633	17.782	35	0	0	0.141	0.035	14	1998	1	1998	1998	7	8	0	0	0	1616	0	430	T?/M?	live	0	0	0	650	300.577	650.000	823.514	297	0	53	2	7	377	31	0	0		0	0	0	0	0	0.418	0.441	0.464	0	0	0.000	1.000	0.000	0.000	140.000	0.000	350.000	0.000	973.514	0.9165	1.0000
hadur2.Hadur 3.9sa	stelo.Chord 1.0	mid		1	true	35	2326.000	222.000	34	1700.000	50.000	239.000	155.000	9	32190	0.177	0.414	15.386	35	0	0	0.107	0.012	8	1770	1	1770	1770	9	5	0	0	0	1725	0	161	T?/M?	live	0	0	0	650	426.240	650.000	769.714	30	29	0	3	3	33	3	0	0		0	0	0	0	0	0.403	0.453	0.489	0	0	0.000	0.000	0.000	0.000	47.000	7.000	340.000	10.000	919.714	0.9129	0.9714
hadur2.Hadur 3.9sa	stelo.Chord 1.0	mid		2	true	35	2728.000	193.000	35	1750.000	0.000	523.000	193.000	12	30081	0.185	0.421	14.879	35	0	0	0.121	0.025	7	1630	0	1610	1610	2	6	0	0	0	1474	0	270	T?/M?	live	0	0	0	650	427.917	400.000	709.457	83	0	0	3	5	134	9	0	0		298	0	0	0	0	0.418	0.439	0.461	0	0	0.000	0.000	0.000	0.000	105.000	0.000	350.000	0.000	859.457	0.9339	1.0000
hadur2.Hadur 3.9sa	stelo.Chord 1.0	mid		3	true	35	2383.000	212.000	35	1750.000	0.000	236.000	212.000	7	32434	0.198	0.472	15.091	35	0	0	0.064	0.013	12	1791	3	1791	1791	3	3	0	0	0	1640	0	280	T?/M?	live	0	0	0	650	441.440	650.000	776.686	17	7	6	1	6	148	13	0	0		0	0	0	0	0	0.422	0.458	0.489	0	0	0.000	0.000	0.000	0.000	47.000	0.000	350.000	0.000	926.686	0.9183	1.0000
hadur2.Hadur 3.9sa	stelo.Chord 1.0	mid		4	true	35	2328.000	66.000	35	1750.000	0.000	190.000	66.000	10	32327	0.185	0.420	15.644	35	0	0	0.064	0.005	3	1772	0	1772	1772	6	2	0	0	0	1730	0	172	T?/M?	live	0	0	0	650	466.700	650.000	773.629	16	0	1	3	4	41	4	0	0		0	0	0	0	0	0.426	0.450	0.472	0	0	0.000	0.000	0.000	0.000	38.000	0.000	350.000	0.000	923.629	0.9724	1.0000
hadur2.Hadur 3.9sa	stelo.Chord 1.0	mid		5	true	35	2528.000	271.000	34	1700.000	50.000	408.000	202.000	10	30965	0.195	0.491	14.999	35	0	0	0.112	0.014	7	1696	0	1696	1696	5	4	0	0	0	1580	132	233	T?/M?	live	0	0	0	650	418.480	650.000	734.714	101	9	24	2	4	116	19	0	0		0	0	0	0	0	0.419	0.457	0.489	0	0	0.000	0.000	0.000	0.000	80.000	9.000	340.000	10.000	884.714	0.9032	0.9714
hadur2.Hadur 3.9sa	stelo.Chord 1.0	mid		6	true	35	2366.000	122.000	35	1750.000	0.000	222.000	122.000	11	32314	0.182	0.436	29.419	35	0	0	0.119	0.008	8	1774	3	1774	1774	6	1	0	0	0	1729	0	164	T?/M?	live	0	0	0	650	448.597	650.000	773.257	8	0	0	3	5	32	0	0	0		0	0	0	0	0	0.415	0.444	0.472	0	0	0.000	0.000	0.000	0.000	44.000	0.000	350.000	0.000	923.257	0.9510	1.0000
hadur2.Hadur 3.9sa	stelo.Chord 1.0	mid		7	true	35	2387.000	127.000	35	1750.000	0.000	239.000	127.000	12	31985	0.197	0.445	15.967	35	0	0	0.079	0.009	10	1761	0	1761	1761	7	4	0	0	0	1686	0	190	T?/M?	live	0	0	0	650	429.469	650.000	763.857	26	19	0	3	4	69	8	0	0		0	0	0	0	0	0.419	0.456	0.489	0	0	0.000	0.000	0.000	0.000	48.000	0.000	350.000	0.000	913.857	0.9495	1.0000
hadur2.Hadur 3.9sa	stelo.Chord 1.0	mid		8	true	35	2374.000	388.000	33	1650.000	100.000	328.000	253.000	8	31749	0.192	0.458	16.200	35	0	0	0.074	0.018	6	1758	1	1758	1758	1	7	0	0	0	1621	144	241	T?/M?	live	0	0	0	650	436.340	650.000	757.114	189	0	38	1	5	126	16	0	0		0	0	0	0	0	0.415	0.447	0.472	0	0	0.000	0.000	0.000	0.000	66.000	15.000	330.000	20.000	907.114	0.8595	0.9429
hadur2.Hadur 3.9sa	stelo.PastFuture 2.3.2	mid		1	true	35	2836.000	1357.000	29	1450.000	300.000	924.000	952.000	17	56782	0.477	1.122	68.248	35	0	0	0.200	0.064	79	4197	3	5489	4197	7	117	0	0	0	2829	1344	1384	T?/M?	live	0	0	0	650	408.426	650.000	1472.343	473	78	5	3	10	1459	120	0	0		0	0	0	0	0	0.311	0.410	0.472	0	0	1.000	0.000	6.000	0.000	165.000	45.000	290.000	60.000	1622.343	0.6764	0.8286
hadur2.Hadur 3.9sa	stelo.PastFuture 2.3.2	mid		2	true	35	2930.000	1476.000	28	1400.000	350.000	1072.000	974.000	7	52148	0.491	1.129	23.293	34	0	0	0.152	0.057	123	3804	1	4724	3803	6	71	0	0	0	2245	1416	1609	T?/M?	live	0	0	0	650	396.029	550.000	1362.941	287	0	86	3	5	1743	162	0	0		0	0	0	1	1	0.332	0.401	0.451	0	0	0.000	0.000	0.000	0.000	178.000	81.000	280.000	70.000	1489.943	0.6650	0.8000
hadur2.Hadur 3.9sa	stelo.PastFuture 2.3.2	mid		3	true	35	3091.000	1222.000	29	1450.000	300.000	1142.000	809.000	6	44417	0.469	1.066	21.028	34	0	0	0.113	0.055	62	3078	2	3913	3078	4	87	0	0	0	1759	706	1362	T?/M?	live	0	0	0	650	433.391	650.000	1131.912	294	33	45	2	11	1414	121	0	0		0	0	0	1	1	0.311	0.410	0.472	0	0	0.000	1.000	0.000	0.000	209.000	51.000	290.000	60.000	1269.057	0.7167	0.8286
hadur2.Hadur 3.9sa	stelo.PastFuture 2.3.2	mid		4	true	35	2451.000	1822.000	24	1200.000	550.000	870.000	1063.000	16	44800	0.471	1.114	23.398	35	0	0	0.136	0.074	98	3111	2	3733	3111	11	56	0	0	0	1692	1411	1541	T?/M?	live	0	0	0	650	435.800	650.000	1130.029	292	51	86	2	6	1601	152	0	0		0	0	0	0	0	0.332	0.403	0.451	0	0	0.000	0.000	0.000	0.000	142.000	99.000	240.000	110.000	1280.000	0.5736	0.6857
hadur2.Hadur 3.9sa	stelo.PastFuture 2.3.2	mid		5	true	35	3117.000	797.000	33	1650.000	100.000	960.000	660.000	16	57183	0.475	1.008	28.291	35	0	0	0.143	0.051	88	4274	4	5498	4272	10	95	0	0	0	3115	1119	1137	T?/M?	live	0	0	0	650	378.560	650.000	1483.800	418	49	67	3	9	1352	107	0	0		0	0	0	0	0	0.311	0.408	0.472	0	0	0.000	0.000	0.000	0.000	177.000	17.000	330.000	20.000	1633.800	0.7964	0.9429
hadur2.Hadur 3.9sa	stelo.PastFuture 2.3.2	mid		6	true	35	3245.000	895.000	33	1650.000	100.000	1033.000	740.000	11	49862	0.432	0.943	27.317	35	0	0	0.163	0.054	74	3575	0	4557	3575	6	73	0	0	0	2595	514	1030	T?/M?	live	0	0	0	650	381.603	650.000	1274.629	476	33	33	3	7	1103	98	0	0		0	0	0	0	0	0.332	0.399	0.451	0	0	24.000	23.000	14.000	0.000	194.000	12.000	330.000	20.000	1424.629	0.7838	0.9429
hadur2.Hadur 3.9sa	stelo.PastFuture 2.3.2	mid		7	true	35	3033.000	770.000	33	1650.000	100.000	880.000	633.000	12	52532	0.439	0.928	28.478	35	0	0	0.128	0.046	36	3825	2	5033	3825	4	82	0	0	0	2939	534	863	T?/M?	live	0	0	0	650	347.980	650.000	1350.914	388	34	31	3	2	1010	65	0	0		0	0	0	0	0	0.311	0.400	0.464	0	0	0.000	4.000	0.000	0.000	174.000	13.000	330.000	20.000	1500.914	0.7975	0.9429
hadur2.Hadur 3.9sa	stelo.PastFuture 2.3.2	mid		8	true	35	2581.000	1628.000	26	1300.000	450.000	868.000	1000.000	9	52906	0.457	1.088	24.699	35	0	0	0.176	0.071	68	3856	2	5067	3856	3	105	0	0	0	2646	1023	1244	T?/M?	live	0	0	0	650	388.211	650.000	1361.600	341	1	30	2	919	1325	116	0	0		0	0	0	0	0	0.332	0.396	0.451	0	0	0.000	0.000	0.000	0.000	153.000	88.000	260.000	90.000	1511.600	0.6132	0.7429
hadur2.Hadur 3.9sa	synnalagma.NeuralPremier 0.51	mid		1	true	35	4174.000	926.000	32	1600.000	150.000	1886.000	710.000	11	23347	0.350	0.840	33.781	35	0	0	0.196	0.064	43	1059	5	1059	1059	2	11	0	0	0	96	930	1132	T?/M?	live	0	0	0	650	392.503	400.000	517.057	506	23	330	3	7	970	86	0	0		0	0	0	0	0	0.311	0.391	0.464	0	0	0.000	0.000	0.000	0.000	368.000	36.000	320.000	30.000	667.057	0.8184	0.9143
hadur2.Hadur 3.9sa	synnalagma.NeuralPremier 0.51	mid		2	true	35	3673.000	1598.000	26	1300.000	450.000	1805.000	967.000	4	24792	0.320	0.817	16.430	34	0	0	0.218	0.077	76	1151	3	1151	1151	1	17	0	0	0	111	1101	1180	T?/M?	live	0	0	0	650	376.026	400.000	558.971	353	60	418	2	5	997	92	0	0		0	0	0	1	1	0.317	0.397	0.451	0	0	0.000	0.000	0.000	0.000	309.000	91.000	260.000	90.000	708.343	0.6968	0.7429
hadur2.Hadur 3.9sa	synnalagma.NeuralPremier 0.51	mid		3	true	35	4067.000	1258.000	30	1500.000	250.000	1919.000	898.000	10	23430	0.349	0.867	15.867	35	0	0	0.188	0.081	47	1058	4	1058	1058	3	17	0	0	0	99	941	1154	T?/M?	live	0	0	0	650	377.089	400.000	519.429	516	9	358	2	7	982	80	0	0		0	0	0	0	0	0.311	0.378	0.464	0	0	0.000	0.000	0.000	0.000	348.000	60.000	300.000	50.000	669.429	0.7638	0.8571
hadur2.Hadur 3.9sa	synnalagma.NeuralPremier 0.51	mid		4	true	35	3967.000	1192.000	30	1500.000	250.000	1826.000	819.000	14	23130	0.359	0.859	16.089	35	0	0	0.207	0.072	40	1035	6	1035	1035	5	19	0	0	0	83	480	1129	T?/M?	live	0	0	0	650	386.603	525.000	510.857	388	14	306	3	6	951	75	0	0		0	0	0	0	0	0.373	0.403	0.451	0	0	4.000	2.000	0.000	0.000	337.000	70.000	300.000	50.000	660.857	0.7689	0.8571
hadur2.Hadur 3.9sa	synnalagma.NeuralPremier 0.51	mid		5	true	35	3990.000	1374.000	29	1450.000	300.000	1895.000	957.000	15	23206	0.333	0.854	25.768	35	0	0	0.186	0.088	45	1039	3	1039	1038	9	17	0	0	0	109	878	1142	T?/M?	live	0	0	0	650	377.197	400.000	513.029	370	38	427	3	6	984	99	0	0		0	0	0	0	0	0.332	0.411	0.451	0	0	0.000	1.000	0.000	0.000	355.000	56.000	290.000	60.000	663.029	0.7438	0.8286
hadur2.Hadur 3.9sa	synnalagma.NeuralPremier 0.51	mid		6	true	35	4204.000	1039.000	31	1550.000	200.000	1975.000	750.000	12	21943	0.314	0.801	14.983	35	0	0	0.198	0.072	28	954	6	954	954	5	11	0	0	0	79	961	993	T?/M?	live	0	0	0	650	373.880	400.000	476.943	483	42	377	3	7	852	73	0	0		0	0	0	0	0	0.332	0.377	0.404	0	0	0.000	0.000	0.000	0.000	369.000	49.000	310.000	40.000	626.943	0.8018	0.8857
hadur2.Hadur 3.9sa	synnalagma.NeuralPremier 0.51	mid		7	true	35	4230.000	920.000	33	1650.000	100.000	1884.000	777.000	11	23884	0.373	0.857	14.184	35	0	0	0.179	0.070	56	1074	6	1074	1074	1	18	0	0	0	109	495	1211	T?/M?	live	0	0	0	650	387.380	625.000	532.400	396	52	365	2	5	1018	103	0	0		0	0	0	0	0	0.332	0.410	0.451	0	0	0.000	1.000	0.000	0.000	366.000	22.000	330.000	20.000	682.400	0.8214	0.9429
hadur2.Hadur 3.9sa	synnalagma.NeuralPremier 0.51	mid		8	true	35	4199.000	1057.000	32	1600.000	150.000	1921.000	846.000	10	23836	0.323	0.820	13.963	35	0	0	0.187	0.076	51	1088	5	1088	1088	3	9	0	0	0	118	243	1141	T?/M?	live	0	0	0	650	364.449	400.000	531.029	425	23	399	2	7	985	90	0	0		0	0	0	0	0	0.347	0.391	0.450	0	0	0.000	0.000	0.000	0.000	358.000	31.000	320.000	30.000	681.029	0.7989	0.9143
hadur2.Hadur 3.9sa	xander.cat.SamAxe 1.1	mid		1	true	35	4639.000	853.000	35	1750.000	0.000	2116.000	853.000	11	21556	0.401	0.921	9.367	35	0	0	0.216	0.091	83	1053	2	1053	1052	4	22	0	0	0	120	0	994	T?/M?	live	0	0	0	650	423.354	400.000	465.886	314	25	497	2	5	976	65	0	0		0	0	0	0	0	0.313	0.378	0.450	0	0	0.000	0.000	0.000	0.000	423.000	0.000	350.000	0.000	615.886	0.8447	1.0000
hadur2.Hadur 3.9sa	xander.cat.SamAxe 1.1	mid		2	true	35	4071.000	1040.000	31	1550.000	200.000	1855.000	759.000	12	22502	0.380	0.882	10.028	35	0	0	0.208	0.076	101	1096	1	1096	1094	8	11	0	0	0	183	235	1008	T?/M?	live	0	0	0	650	430.823	400.000	492.914	341	29	515	3	7	958	76	0	0		0	0	0	0	0	0.233	0.312	0.382	0	0	0.000	0.000	0.000	0.000	357.000	41.000	310.000	40.000	642.914	0.7965	0.8857
hadur2.Hadur 3.9sa	xander.cat.SamAxe 1.1	mid		3	true	35	4696.000	1036.000	33	1650.000	100.000	2272.000	895.000	8	19597	0.413	0.926	8.660	35	0	0	0.209	0.106	34	928	1	928	925	0	14	0	0	0	62	21	861	T?/M?	live	0	0	0	650	454.997	400.000	409.914	354	0	499	1	11	900	62	0	0		0	0	0	0	0	0.247	0.367	0.450	0	0	0.000	0.000	0.000	0.000	444.000	21.000	330.000	20.000	559.914	0.8193	0.9429
hadur2.Hadur 3.9sa	xander.cat.SamAxe 1.1	mid		4	true	35	3946.000	1275.000	29	1450.000	300.000	1861.000	857.000	8	21665	0.389	0.877	9.171	35	0	0	0.204	0.084	115	1071	2	1071	1069	7	15	0	0	0	127	736	989	T?/M?	live	0	0	0	650	427.837	400.000	469.000	289	0	580	2	7	993	70	0	0		0	0	0	0	0	0.184	0.306	0.382	0	0	0.000	0.000	0.000	0.000	345.000	57.000	290.000	60.000	619.000	0.7558	0.8286
hadur2.Hadur 3.9sa	xander.cat.SamAxe 1.1	mid		5	true	35	4448.000	950.000	33	1650.000	100.000	2069.000	808.000	11	20925	0.389	0.890	8.773	35	0	0	0.223	0.082	81	1019	3	1019	1018	9	25	0	0	0	134	400	925	T?/M?	live	0	0	0	650	432.040	400.000	447.857	276	30	501	3	12	943	83	0	0		0	0	0	0	0	0.247	0.358	0.450	0	0	0.000	0.000	0.000	0.000	399.000	22.000	330.000	20.000	597.857	0.8240	0.9429
hadur2.Hadur 3.9sa	xander.cat.SamAxe 1.1	mid		6	true	35	4319.000	968.000	33	1650.000	100.000	1960.000	825.000	10	22175	0.383	0.857	9.106	35	0	0	0.220	0.087	111	1092	1	1092	1090	3	15	0	0	0	145	649	1018	T?/M?	live	0	0	0	650	426.357	400.000	483.571	450	0	453	2	9	1004	88	0	0		0	0	0	0	0	0.091	0.288	0.382	0	0	0.000	0.000	0.000	0.000	379.000	23.000	330.000	20.000	633.571	0.8169	0.9429
hadur2.Hadur 3.9sa	xander.cat.SamAxe 1.1	mid		7	true	35	4260.000	998.000	32	1600.000	150.000	1958.000	789.000	14	22324	0.396	0.895	10.025	35	0	0	0.236	0.077	126	1109	0	1109	1109	5	20	0	0	0	131	1006	1060	T?/M?	live	0	0	0	650	423.454	400.000	487.829	272	0	503	2	13	1030	78	0	0		0	0	0	0	0	0.247	0.348	0.450	0	0	0.000	0.000	0.000	0.000	382.000	29.000	320.000	30.000	637.829	0.8102	0.9143
hadur2.Hadur 3.9sa	xander.cat.SamAxe 1.1	mid		8	true	35	4258.000	1082.000	31	1550.000	200.000	2024.000	794.000	8	21184	0.349	0.823	8.833	35	0	0	0.208	0.082	98	1026	1	1026	1025	3	17	0	0	0	72	0	1006	T?/M?	live	0	0	0	650	437.837	400.000	455.257	376	29	541	1	10	1001	71	0	0		0	0	0	0	0	0.056	0.263	0.382	0	0	0.000	0.000	0.000	0.000	374.000	48.000	310.000	40.000	605.257	0.7974	0.8857
hadur2.Hadur 3.9	ags.Glacier 0.3.2	mid		1	true	35	3397.000	1594.000	29	1450.000	300.000	1397.000	1152.000	14	32702	0.764	1.337	19.595	35	0	0	0.136	0.105	129	2033	6	2031	2030	7	35	0	0	0	170	1903	2101	T?/M?	live	0	0	0	650	422.360	650.000	784.343	638	123	135	2	7	2031	168	0	0		0	0	0	0	0	0.289	0.396	0.507	0	0	0.000	0.000	0.000	0.000	260.000	82.000	290.000	60.000	934.343	0.6806	0.8286
hadur2.Hadur 3.9	ags.Glacier 0.3.2	mid		2	true	35	3464.000	1560.000	29	1450.000	300.000	1457.000	1129.000	20	33917	0.799	1.355	18.648	35	0	0	0.129	0.094	133	2132	5	2112	2112	8	39	0	0	0	186	1640	2186	T?/M?	live	0	0	0	650	427.860	650.000	819.057	467	103	135	3	8	2112	186	0	0		298	0	0	0	0	0.272	0.403	0.564	0	0	0.000	0.000	0.000	0.000	267.000	70.000	290.000	60.000	969.057	0.6895	0.8286
hadur2.Hadur 3.9	ags.Glacier 0.3.2	mid		3	true	35	3684.000	1292.000	32	1600.000	150.000	1482.000	1071.000	16	33057	0.781	1.305	18.563	35	0	0	0.130	0.089	121	2052	10	2052	2052	7	39	0	0	0	189	1984	2124	T?/M?	live	0	0	0	650	430.331	600.000	794.486	604	159	84	2	7	2052	188	0	0		0	0	0	0	0	0.289	0.403	0.512	0	0	0.000	0.000	0.000	0.000	282.000	41.000	320.000	30.000	944.486	0.7404	0.9143
hadur2.Hadur 3.9	ags.Glacier 0.3.2	mid		4	true	35	2863.000	1964.000	25	1250.000	500.000	1159.000	1244.000	21	34800	0.763	1.305	19.566	35	0	0	0.111	0.109	120	2177	11	2136	2136	12	44	0	0	0	196	2175	2269	T?/M?	live	0	0	0	650	429.006	650.000	844.286	388	191	69	3	8	2133	195	0	0		596	0	0	0	0	0.272	0.403	0.564	0	0	0.000	0.000	0.000	0.000	204.000	120.000	250.000	100.000	994.286	0.5931	0.7143
hadur2.Hadur 3.9	ags.Glacier 0.3.2	mid		5	true	35	3408.000	1533.000	30	1500.000	250.000	1352.000	1165.000	13	33419	0.748	1.300	20.758	35	0	0	0.131	0.097	140	2075	13	2075	2073	6	36	0	0	0	186	2110	2178	T?/M?	live	0	0	0	650	426.817	650.000	804.829	421	172	91	2	7	2075	185	0	0		0	0	0	0	0	0.289	0.405	0.512	0	0	0.000	0.000	0.000	0.000	256.000	68.000	300.000	50.000	954.829	0.6897	0.8571
hadur2.Hadur 3.9	ags.Glacier 0.3.2	mid		6	true	35	3189.000	1998.000	27	1350.000	400.000	1332.000	1418.000	27	35285	0.769	1.298	19.474	35	0	0	0.139	0.098	180	2216	11	2195	2195	12	40	0	0	0	202	2320	2348	T?/M?	live	0	0	0	650	423.654	650.000	858.143	351	145	143	3	6	2195	199	0	0		298	0	0	0	0	0.272	0.403	0.564	0	0	0.000	0.000	0.000	0.000	237.000	100.000	270.000	80.000	1008.143	0.6148	0.7714
hadur2.Hadur 3.9	ags.Glacier 0.3.2	mid		7	true	35	3305.000	1752.000	29	1450.000	300.000	1320.000	1312.000	14	35945	0.792	1.329	19.878	35	0	0	0.130	0.093	160	2272	8	2271	2271	9	39	0	0	0	205	2301	2378	T?/M?	live	0	0	0	650	427.740	650.000	877.000	430	221	92	2	9	2256	205	0	0		0	0	0	0	0	0.289	0.399	0.512	0	0	0.000	0.000	0.000	0.000	244.000	81.000	290.000	60.000	1027.000	0.6535	0.8286
hadur2.Hadur 3.9	ags.Glacier 0.3.2	mid		8	true	35	2808.000	1952.000	24	1200.000	550.000	1173.000	1174.000	15	34199	0.786	1.279	18.608	35	0	0	0.124	0.088	144	2122	10	2122	2122	5	33	0	0	0	191	1270	2212	T?/M?	live	0	0	0	650	422.391	650.000	827.114	381	112	84	2	8	2114	190	0	0		0	0	0	0	0	0.272	0.403	0.564	0	0	0.000	0.000	0.000	0.000	196.000	119.000	240.000	110.000	977.114	0.5899	0.6857
hadur2.Hadur 3.9	alk.lap.LoudAndProud 2.23	mid		1	true	35	3618.000	951.000	32	1600.000	150.000	1429.000	735.000	10	19708	0.498	1.083	15.154	35	0	0	0.161	0.050	28	848	4	851	848	2	12	0	0	0	61	0	985	T?/M?	live	0	0	0	650	498.374	500.000	413.086	666	378	203	2	5	851	61	0	0		0	0	0	0	0	0.272	0.349	0.386	0	0	0.000	0.000	0.000	0.000	269.000	36.000	320.000	30.000	563.086	0.7919	0.9143
hadur2.Hadur 3.9	alk.lap.LoudAndProud 2.23	mid		2	true	35	3857.000	796.000	34	1700.000	50.000	1520.000	722.000	13	19373	0.564	1.201	14.929	35	0	0	0.155	0.056	7	825	1	807	807	7	11	0	0	0	66	388	943	T?/M?	live	0	0	0	650	509.583	550.000	403.514	768	425	211	3	5	807	65	0	0		298	0	0	0	0	0.318	0.453	0.564	0	0	0.000	0.000	0.000	0.000	297.000	14.000	340.000	10.000	553.514	0.8289	0.9714
hadur2.Hadur 3.9	alk.lap.LoudAndProud 2.23	mid		3	true	35	3880.000	693.000	35	1750.000	0.000	1483.000	693.000	10	19763	0.472	1.052	14.972	35	0	0	0.158	0.050	29	854	1	855	854	3	12	0	0	0	70	875	975	T?/M?	live	0	0	0	650	490.911	400.000	414.657	658	320	275	2	5	855	70	0	0		0	0	0	0	0	0.272	0.349	0.386	0	0	0.000	0.000	0.000	0.000	297.000	0.000	350.000	0.000	564.657	0.8485	1.0000
hadur2.Hadur 3.9	alk.lap.LoudAndProud 2.23	mid		4	true	35	3923.000	708.000	34	1700.000	50.000	1575.000	636.000	10	18872	0.510	1.166	15.114	35	0	0	0.161	0.051	10	796	2	796	796	3	7	0	0	0	57	694	893	T?/M?	live	0	0	0	650	477.954	400.000	389.200	807	364	277	3	5	796	57	0	0		0	0	0	0	0	0.347	0.464	0.564	0	0	0.000	0.000	0.000	0.000	309.000	11.000	340.000	10.000	539.200	0.8471	0.9714
hadur2.Hadur 3.9	alk.lap.LoudAndProud 2.23	mid		5	true	35	3626.000	818.000	34	1700.000	50.000	1326.000	746.000	13	20408	0.520	1.107	15.488	35	0	0	0.145	0.051	25	896	0	896	896	7	10	0	0	0	86	967	1035	T?/M?	live	0	0	0	650	511.874	650.000	433.086	624	305	190	3	5	896	86	0	0		0	0	0	0	0	0.311	0.369	0.421	0	0	0.000	0.000	0.000	0.000	259.000	11.000	340.000	10.000	583.086	0.8159	0.9714
hadur2.Hadur 3.9	alk.lap.LoudAndProud 2.23	mid		6	true	35	3691.000	964.000	33	1650.000	100.000	1434.000	821.000	11	20225	0.550	1.186	16.107	35	0	0	0.141	0.060	14	878	0	879	877	5	8	0	0	0	83	869	1012	T?/M?	live	0	0	0	650	508.226	650.000	427.857	641	540	238	3	5	879	83	0	0		0	0	0	0	0	0.301	0.440	0.512	0	0	0.000	0.000	0.000	0.000	277.000	23.000	330.000	20.000	577.857	0.7929	0.9429
hadur2.Hadur 3.9	alk.lap.LoudAndProud 2.23	mid		7	true	35	4147.000	970.000	34	1700.000	50.000	1762.000	898.000	9	18644	0.391	1.034	14.804	35	0	0	0.178	0.074	12	776	1	776	776	2	20	0	0	0	48	573	868	T?/M?	live	0	0	0	650	432.649	425.000	382.686	598	489	348	2	4	776	48	0	0		0	0	0	0	0	0.289	0.358	0.421	0	0	1.000	0.000	3.000	0.000	341.000	12.000	340.000	10.000	532.686	0.8104	0.9714
hadur2.Hadur 3.9	alk.lap.LoudAndProud 2.23	mid		8	true	35	3941.000	917.000	33	1650.000	100.000	1644.000	773.000	10	18537	0.516	1.118	24.476	35	0	0	0.171	0.060	15	779	2	781	779	3	9	0	0	0	47	0	866	T?/M?	live	0	0	0	650	465.943	400.000	379.629	571	280	308	2	51	781	47	0	0		0	0	0	0	0	0.375	0.459	0.512	0	0	0.000	0.000	0.000	0.000	317.000	24.000	330.000	20.000	529.629	0.8112	0.9429
hadur2.Hadur 3.9	axeBots.Musashi 2.18	mid		1	true	35	3505.000	1415.000	30	1500.000	250.000	1494.000	1061.000	17	38863	0.398	1.158	24.820	35	0	0	0.134	0.082	200	1710	0	1931	1710	8	21	0	0	0	145	2297	2611	T?/M?	live	0	0	0	650	506.934	650.000	960.371	126	8	148	2	11	1931	145	0	0		0	0	0	0	0	0.332	0.384	0.438	1	0	0.000	0.000	0.000	0.000	211.000	54.000	300.000	50.000	1110.371	0.7124	0.8571
hadur2.Hadur 3.9	axeBots.Musashi 2.18	mid		2	true	35	3890.000	1048.000	32	1600.000	150.000	1666.000	838.000	12	35360	0.417	1.076	20.424	35	0	0	0.139	0.078	139	1562	0	1668	1562	4	22	0	0	0	152	562	2291	T?/M?	live	0	0	0	650	494.897	650.000	860.286	161	4	102	2	11	1666	152	0	0		0	0	0	0	0	0.319	0.399	0.464	0	0	0.000	0.000	0.000	0.000	303.000	30.000	320.000	30.000	1010.286	0.7878	0.9143
hadur2.Hadur 3.9	axeBots.Musashi 2.18	mid		3	true	35	3473.000	1330.000	29	1450.000	300.000	1488.000	907.000	11	36116	0.429	1.167	21.166	35	0	0	0.131	0.068	154	1714	3	1889	1713	2	21	0	0	0	166	1917	2382	T?/M?	live	0	0	0	650	501.263	650.000	881.886	197	5	99	2	10	1889	166	0	0		0	0	0	0	0	0.325	0.386	0.438	1	0	0.000	0.000	0.000	0.000	246.000	63.000	290.000	60.000	1031.886	0.7231	0.8286
hadur2.Hadur 3.9	axeBots.Musashi 2.18	mid		4	true	35	3586.000	1343.000	30	1500.000	250.000	1538.000	985.000	16	40042	0.424	1.139	20.703	35	0	0	0.143	0.076	218	1795	1	1890	1795	10	16	0	0	0	170	2310	2732	T?/M?	live	0	0	0	650	505.180	650.000	994.057	272	6	134	2	11	1886	170	0	0		0	0	0	0	0	0.319	0.392	0.464	1	0	0.000	0.000	0.000	0.000	248.000	58.000	300.000	50.000	1144.057	0.7275	0.8571
hadur2.Hadur 3.9	axeBots.Musashi 2.18	mid		5	true	35	3999.000	966.000	32	1600.000	150.000	1776.000	748.000	6	33715	0.368	1.047	22.587	35	0	0	0.136	0.075	103	1440	0	1544	1440	7	20	0	0	0	129	2110	2147	T?/M?	live	0	0	0	650	507.397	650.000	813.286	294	5	79	2	12	1544	129	0	0		0	0	0	0	0	0.332	0.381	0.438	1	0	0.000	0.000	0.000	0.000	303.000	38.000	320.000	30.000	963.286	0.8054	0.9143
hadur2.Hadur 3.9	axeBots.Musashi 2.18	mid		6	true	35	3903.000	944.000	33	1650.000	100.000	1631.000	817.000	12	37819	0.407	1.099	21.056	35	0	0	0.136	0.070	179	1672	0	1818	1672	4	26	0	0	0	161	2269	2503	T?/M?	live	0	0	0	650	504.000	650.000	930.543	160	5	124	2	10	1813	161	0	0		0	0	0	0	0	0.321	0.397	0.464	1	0	0.000	0.000	0.000	0.000	292.000	6.000	330.000	20.000	1080.543	0.8052	0.9429
hadur2.Hadur 3.9	axeBots.Musashi 2.18	mid		7	true	35	3795.000	960.000	33	1650.000	100.000	1570.000	815.000	17	37267	0.351	1.021	24.162	35	0	0	0.137	0.062	178	1494	0	1778	1494	5	32	0	0	0	134	1825	2476	T?/M?	live	0	0	0	650	469.654	400.000	914.771	270	8	129	2	8	1778	133	0	0		0	0	0	0	0	0.332	0.384	0.438	1	0	0.000	0.000	0.000	0.000	245.000	25.000	330.000	20.000	1064.771	0.7981	0.9429
hadur2.Hadur 3.9	axeBots.Musashi 2.18	mid		8	true	35	3777.000	1096.000	31	1550.000	200.000	1641.000	816.000	11	30967	0.425	1.063	19.530	35	0	0	0.145	0.068	118	1380	2	1626	1380	4	26	0	0	0	142	1720	1896	T?/M?	live	0	0	0	650	441.506	400.000	734.771	217	5	171	2	10	1619	142	0	0		0	0	0	0	0	0.321	0.400	0.464	0	0	0.000	1.000	0.000	0.000	276.000	38.000	310.000	40.000	884.771	0.7751	0.8857
hadur2.Hadur 3.9	axeBots.Okami 1.04	mid		1	true	35	3358.000	1747.000	26	1300.000	450.000	1570.000	1093.000	30	34759	0.422	1.257	10.566	35	0	0	0.139	0.079	156	1495	3	1654	1494	19	25	0	0	0	136	2007	2243	T?/M?	live	0	0	0	650	497.569	650.000	843.114	239	5	158	3	7	1642	136	0	0		0	0	0	0	0	0.332	0.391	0.452	1	0	0.000	0.000	0.000	0.000	227.000	114.000	260.000	90.000	993.114	0.6578	0.7429
hadur2.Hadur 3.9	axeBots.Okami 1.04	mid		2	true	35	3764.000	1113.000	32	1600.000	150.000	1576.000	900.000	21	38465	0.437	1.349	7.602	35	0	0	0.134	0.072	169	1790	0	2066	1789	18	20	0	0	0	167	2494	2573	T?/M?	live	0	0	0	650	519.966	650.000	949.000	159	6	113	2	9	2064	167	0	0		0	0	0	0	0	0.321	0.398	0.464	1	0	0.000	0.000	0.000	0.000	268.000	34.000	320.000	30.000	1099.000	0.7718	0.9143
hadur2.Hadur 3.9	axeBots.Okami 1.04	mid		3	true	35	3768.000	1302.000	30	1500.000	250.000	1693.000	951.000	32	35442	0.394	1.185	8.438	35	0	0	0.142	0.080	148	1461	2	1636	1461	22	23	0	0	0	124	1859	2329	T?/M?	live	0	0	0	650	501.469	650.000	862.629	164	6	111	3	114	1636	124	0	0		0	0	0	0	0	0.332	0.391	0.452	1	0	0.000	0.000	0.000	0.000	275.000	51.000	300.000	50.000	1012.629	0.7432	0.8571
hadur2.Hadur 3.9	axeBots.Okami 1.04	mid		4	true	35	3900.000	1142.000	32	1600.000	150.000	1706.000	922.000	28	36609	0.406	1.250	7.950	35	0	0	0.145	0.078	176	1491	0	1705	1471	18	21	0	0	0	117	2005	2414	T?/M?	live	0	0	0	650	517.171	650.000	895.971	180	7	213	3	16	1705	116	0	0		298	0	0	0	0	0.321	0.396	0.464	1	0	0.000	0.000	0.000	0.000	274.000	41.000	320.000	30.000	1045.971	0.7735	0.9143
hadur2.Hadur 3.9	axeBots.Okami 1.04	mid		5	true	35	3412.000	1660.000	27	1350.000	400.000	1553.000	1087.000	31	36240	0.423	1.250	7.198	35	0	0	0.132	0.088	150	1525	1	1596	1505	34	21	0	0	0	143	2273	2395	T?/M?	live	0	0	0	650	500.843	650.000	885.429	236	3	109	3	13	1596	141	0	0		298	0	0	0	0	0.382	0.438	0.485	0	0	0.000	0.000	0.000	0.000	238.000	93.000	270.000	80.000	1035.429	0.6727	0.7714
hadur2.Hadur 3.9	axeBots.Okami 1.04	mid		6	true	35	3761.000	1101.000	31	1550.000	200.000	1630.000	814.000	32	35410	0.398	1.227	7.280	35	0	0	0.135	0.068	157	1518	0	1646	1518	21	14	0	0	0	119	1597	2292	T?/M?	live	0	0	0	650	505.211	400.000	861.714	223	6	168	2	2	1645	119	0	0		0	0	0	0	0	0.332	0.425	0.467	0	0	0.000	0.000	0.000	0.000	272.000	47.000	310.000	40.000	1011.714	0.7735	0.8857
hadur2.Hadur 3.9	axeBots.Okami 1.04	mid		7	true	35	3832.000	978.000	33	1650.000	100.000	1590.000	832.000	23	37219	0.401	1.195	16.139	35	0	0	0.128	0.068	162	1549	2	1724	1549	11	17	0	0	0	161	1866	2453	T?/M?	live	0	0	0	650	503.029	650.000	913.400	194	6	159	2	11	1721	161	0	0		0	0	0	0	0	0.367	0.424	0.477	0	0	0.000	0.000	0.000	0.000	262.000	26.000	330.000	20.000	1063.400	0.7967	0.9429
hadur2.Hadur 3.9	axeBots.Okami 1.04	mid		8	true	35	3705.000	1161.000	32	1600.000	150.000	1532.000	948.000	27	37872	0.430	1.207	7.674	35	0	0	0.132	0.074	175	1561	0	1798	1561	20	27	0	0	0	135	865	2539	T?/M?	live	0	0	0	650	507.517	650.000	932.057	282	6	81	3	4417	1795	135	0	0		0	0	0	0	0	0.371	0.435	0.485	0	0	0.000	0.000	0.000	0.000	253.000	33.000	320.000	30.000	1082.057	0.7614	0.9143
hadur2.Hadur 3.9	cjm.Charo 1.1	mid		1	true	35	3506.000	1204.000	32	1600.000	150.000	1331.000	978.000	12	21957	0.391	0.843	13.813	35	0	0	0.148	0.062	70	879	1	879	879	1	18	0	0	0	72	920	1175	T?/M?	live	0	0	0	650	411.754	400.000	477.343	678	0	172	3	6	879	72	0	0		0	0	0	0	0	0.392	0.431	0.467	0	0	0.000	0.000	0.000	0.000	254.000	45.000	320.000	30.000	627.343	0.7444	0.9143
hadur2.Hadur 3.9	cjm.Charo 1.1	mid		2	true	35	3253.000	1558.000	29	1450.000	300.000	1283.000	1115.000	7	22401	0.329	0.796	13.751	34	0	0	0.160	0.071	68	908	0	890	890	3	13	0	0	0	85	605	1182	T?/M?	live	0	0	0	650	403.479	400.000	489.529	595	30	193	3	7	860	84	0	0		298	0	0	1	1	0.406	0.434	0.458	0	0	0.000	0.000	0.000	0.000	230.000	82.000	290.000	60.000	640.029	0.6762	0.8286
hadur2.Hadur 3.9	cjm.Charo 1.1	mid		3	true	35	3469.000	1001.000	32	1600.000	150.000	1299.000	780.000	9	20919	0.322	0.789	13.949	35	0	0	0.135	0.052	27	846	0	846	846	1	10	0	0	0	55	458	1077	T?/M?	live	0	0	0	650	421.171	650.000	447.686	695	24	103	2	9	846	55	0	0		0	0	0	0	0	0.392	0.433	0.467	0	0	0.000	0.000	0.000	0.000	251.000	41.000	320.000	30.000	597.686	0.7761	0.9143
hadur2.Hadur 3.9	cjm.Charo 1.1	mid		4	true	35	3323.000	1055.000	33	1650.000	100.000	1130.000	909.000	10	23641	0.355	0.817	13.598	35	0	0	0.127	0.053	62	951	3	954	951	5	9	0	0	0	97	0	1286	T?/M?	live	0	0	0	650	420.986	650.000	525.457	528	31	98	2	6	954	97	0	0		0	0	0	0	0	0.392	0.426	0.467	0	0	0.000	0.000	0.000	0.000	213.000	25.000	330.000	20.000	675.457	0.7590	0.9429
hadur2.Hadur 3.9	cjm.Charo 1.1	mid		5	true	35	3514.000	1031.000	32	1600.000	150.000	1340.000	813.000	10	21430	0.375	0.833	13.164	35	0	0	0.137	0.054	24	848	0	848	848	3	12	0	0	0	74	0	1129	T?/M?	live	0	0	0	650	402.586	400.000	462.286	872	12	58	2	8	848	74	0	0		0	0	0	0	0	0.392	0.452	0.485	0	0	0.000	0.000	0.000	0.000	254.000	38.000	320.000	30.000	612.286	0.7732	0.9143
hadur2.Hadur 3.9	cjm.Charo 1.1	mid		6	true	35	3615.000	1003.000	33	1650.000	100.000	1366.000	872.000	11	21545	0.389	0.860	13.939	35	0	0	0.147	0.057	20	865	0	866	865	1	13	0	0	0	79	296	1081	T?/M?	live	0	0	0	650	416.477	650.000	465.571	780	0	114	2	6	860	79	0	0		0	0	0	0	0	0.392	0.435	0.467	0	0	0.000	0.000	0.000	0.000	269.000	11.000	330.000	20.000	615.571	0.7828	0.9429
hadur2.Hadur 3.9	cjm.Charo 1.1	mid		7	true	35	3572.000	768.000	34	1650.000	50.000	1334.000	699.000	10	21226	0.324	0.750	13.524	35	0	0	0.145	0.044	36	838	1	840	838	3	11	0	0	0	72	729	1078	T?/M?	live	0	0	0	650	404.754	400.000	456.457	763	5	158	3	7	840	72	0	0		0	0	0	0	0	0.432	0.461	0.485	0	0	0.000	0.000	0.000	0.000	258.000	9.000	330.000	10.000	606.457	0.8230	0.9706
hadur2.Hadur 3.9	cjm.Charo 1.1	mid		8	true	35	3136.000	1146.000	30	1500.000	250.000	1123.000	782.000	8	21180	0.316	0.808	13.570	35	0	0	0.126	0.048	28	873	0	873	873	2	10	0	0	0	84	628	1110	T?/M?	live	0	0	0	650	417.389	650.000	455.143	805	0	47	1	7	873	84	0	0		0	0	0	0	0	0.392	0.438	0.485	0	0	0.000	0.000	0.000	0.000	213.000	64.000	300.000	50.000	605.143	0.7324	0.8571
hadur2.Hadur 3.9	cx.micro.Spark 0.6	mid		1	true	35	3488.000	1152.000	31	1550.000	200.000	1366.000	869.000	12	24117	0.435	1.006	14.563	35	0	0	0.137	0.064	41	1149	2	1149	1149	5	20	0	0	0	108	800	1327	T?/M?	live	0	0	0	650	506.620	650.000	539.057	612	67	95	3	9	1131	108	0	0		0	0	0	0	0	0.367	0.405	0.439	0	0	0.000	0.000	0.000	0.000	262.000	42.000	310.000	40.000	689.057	0.7517	0.8857
hadur2.Hadur 3.9	cx.micro.Spark 0.6	mid		2	true	35	3767.000	742.000	33	1650.000	100.000	1501.000	599.000	14	22001	0.419	0.958	15.654	35	0	0	0.148	0.050	19	996	0	996	996	5	13	0	0	0	84	372	1153	T?/M?	live	0	0	0	650	455.117	400.000	478.600	800	25	161	3	7	996	84	0	0		0	0	0	0	0	0.410	0.457	0.485	0	0	0.000	0.000	0.000	0.000	285.000	22.000	330.000	20.000	628.600	0.8354	0.9429
hadur2.Hadur 3.9	cx.micro.Spark 0.6	mid		3	true	35	3811.000	701.000	34	1700.000	50.000	1478.000	633.000	10	22366	0.425	0.972	13.958	35	0	0	0.138	0.057	12	1028	0	1028	1028	2	12	0	0	0	73	619	1191	T?/M?	live	0	0	0	650	500.263	650.000	489.029	812	0	76	2	9	1028	73	0	0		0	0	0	0	0	0.367	0.404	0.439	0	0	0.000	0.000	0.000	0.000	293.000	8.000	340.000	10.000	639.029	0.8446	0.9714
hadur2.Hadur 3.9	cx.micro.Spark 0.6	mid		4	true	35	3849.000	701.000	34	1700.000	50.000	1511.000	632.000	9	22967	0.406	0.945	14.267	35	0	0	0.144	0.058	20	1030	0	1030	1030	4	17	0	0	0	84	235	1237	T?/M?	live	0	0	0	650	529.737	600.000	506.200	802	0	130	3	4	1030	84	0	0		0	0	0	0	0	0.404	0.437	0.469	0	0	0.000	0.000	0.000	0.000	298.000	10.000	340.000	10.000	656.200	0.8459	0.9714
hadur2.Hadur 3.9	cx.micro.Spark 0.6	mid		5	true	35	3737.000	867.000	33	1650.000	100.000	1473.000	727.000	11	22872	0.460	1.003	14.571	35	0	0	0.151	0.057	35	1099	0	1099	1099	6	15	0	0	0	107	1100	1227	T?/M?	live	0	0	0	650	508.297	650.000	503.486	589	35	138	2	7	1092	107	0	0		0	0	0	0	0	0.363	0.406	0.435	0	0	0.000	0.000	0.000	0.000	284.000	20.000	330.000	20.000	653.486	0.8117	0.9429
hadur2.Hadur 3.9	cx.micro.Spark 0.6	mid		6	true	35	3637.000	835.000	33	1650.000	100.000	1392.000	691.000	11	22587	0.416	0.955	14.457	35	0	0	0.142	0.053	30	1054	1	1054	1054	3	13	0	0	0	99	356	1211	T?/M?	live	0	0	0	650	509.814	650.000	495.343	723	25	96	2	7	1054	99	0	0		0	0	0	0	0	0.382	0.424	0.469	0	0	0.000	0.000	0.000	0.000	265.000	25.000	330.000	20.000	645.343	0.8133	0.9429
hadur2.Hadur 3.9	cx.micro.Spark 0.6	mid		7	true	35	3656.000	1055.000	31	1550.000	200.000	1520.000	758.000	12	23037	0.422	0.971	15.425	35	0	0	0.154	0.053	46	1082	1	1082	1082	5	15	0	0	0	101	965	1265	T?/M?	live	0	0	0	650	489.074	525.000	508.200	602	17	178	3	6	1082	101	0	0		0	0	0	0	0	0.363	0.409	0.435	0	0	0.000	0.000	0.000	0.000	277.000	57.000	310.000	40.000	658.200	0.7761	0.8857
hadur2.Hadur 3.9	cx.micro.Spark 0.6	mid		8	true	35	3593.000	1138.000	30	1500.000	250.000	1513.000	785.000	9	22679	0.422	0.993	40.617	35	0	0	0.153	0.064	71	1111	0	1111	1111	1	19	0	0	0	86	716	1206	T?/M?	live	0	0	0	650	502.740	400.000	497.971	550	0	293	1	11	1109	86	0	0		0	0	0	0	0	0.367	0.407	0.439	0	0	0.000	0.000	0.000	0.000	280.000	53.000	300.000	50.000	647.971	0.7595	0.8571
hadur2.Hadur 3.9	cx.mini.Cigaret 1.31	mid		1	true	35	3466.000	1176.000	32	1600.000	150.000	1297.000	942.000	10	23796	0.459	2.107	14.676	35	0	0	0.136	0.060	46	892	1	892	892	2	10	0	0	0	99	1311	1335	T?/M?	live	0	0	0	650	521.603	650.000	529.886	575	0	60	3	9	892	99	0	0		0	0	0	0	0	0.284	0.381	0.438	0	0	0.000	1.000	0.000	24.000	249.000	28.000	320.000	30.000	679.886	0.7467	0.9143
hadur2.Hadur 3.9	cx.mini.Cigaret 1.31	mid		2	true	35	3060.000	1516.000	28	1400.000	350.000	1179.000	1001.000	11	24579	0.506	2.149	15.255	35	0	0	0.122	0.056	62	1018	1	1018	1018	2	16	0	0	0	98	1244	1379	T?/M?	live	0	0	0	650	512.394	650.000	552.257	528	14	68	2	7	1011	98	0	0		0	0	0	0	0	0.312	0.395	0.437	0	0	0.000	1.000	0.000	15.000	201.000	78.000	280.000	70.000	702.257	0.6687	0.8000
hadur2.Hadur 3.9	cx.mini.Cigaret 1.31	mid		3	true	35	3151.000	1309.000	30	1500.000	250.000	1154.000	935.000	10	25077	0.511	2.166	16.263	35	0	0	0.117	0.054	59	954	0	973	954	2	8	0	0	0	88	1212	1446	T?/M?	live	0	0	0	650	514.826	650.000	566.486	729	2	19	2	9	970	88	0	0		0	0	0	0	0	0.300	0.381	0.438	0	0	0.000	1.000	0.000	20.000	197.000	52.000	300.000	50.000	716.486	0.7065	0.8571
hadur2.Hadur 3.9	cx.mini.Cigaret 1.31	mid		4	true	35	3472.000	1134.000	32	1600.000	150.000	1303.000	920.000	13	23231	0.502	2.151	15.917	35	0	0	0.134	0.059	44	903	0	904	903	8	13	0	0	0	79	0	1287	T?/M?	live	0	0	0	650	507.383	650.000	513.743	477	1	61	3	9	904	79	0	0		0	0	0	0	0	0.284	0.388	0.437	0	0	0.000	0.000	0.000	0.000	249.000	34.000	320.000	30.000	663.743	0.7538	0.9143
hadur2.Hadur 3.9	cx.mini.Cigaret 1.31	mid		5	true	35	3439.000	1112.000	34	1700.000	50.000	1173.000	1030.000	10	26286	0.515	2.170	15.292	35	0	0	0.121	0.059	77	1005	0	1007	1005	3	16	0	0	0	97	1211	1551	T?/M?	live	0	0	0	650	517.991	650.000	601.029	572	70	35	3	9	1005	97	0	0		0	0	0	0	0	0.300	0.380	0.438	0	0	1.000	1.000	0.000	21.000	225.000	0.000	340.000	10.000	751.029	0.7557	0.9714
hadur2.Hadur 3.9	cx.mini.Cigaret 1.31	mid		6	true	35	3620.000	865.000	33	1650.000	100.000	1375.000	704.000	10	21563	0.449	2.106	22.141	35	0	0	0.129	0.049	11	831	1	831	831	3	8	0	0	0	71	274	1124	T?/M?	live	0	0	0	650	505.580	650.000	466.086	743	0	61	3	6	829	69	0	0		0	0	0	0	0	0.312	0.391	0.437	0	0	0.000	1.000	0.000	24.000	265.000	16.000	330.000	20.000	616.086	0.8071	0.9429
hadur2.Hadur 3.9	cx.mini.Cigaret 1.31	mid		7	true	35	3279.000	1156.000	32	1600.000	150.000	1152.000	941.000	11	26359	0.486	2.181	19.305	35	0	0	0.127	0.054	78	976	1	984	976	3	12	0	0	0	108	526	1575	T?/M?	live	0	0	0	650	476.323	400.000	603.114	684	62	77	3	8	984	108	0	0		0	0	0	0	0	0.300	0.381	0.438	0	0	0.000	0.000	0.000	0.000	208.000	35.000	320.000	30.000	753.114	0.7393	0.9143
hadur2.Hadur 3.9	cx.mini.Cigaret 1.31	mid		8	true	35	3480.000	1101.000	32	1600.000	150.000	1318.000	876.000	12	23376	0.481	2.071	15.559	35	0	0	0.133	0.058	36	891	0	904	891	1	9	0	0	0	90	839	1295	T?/M?	live	0	0	0	650	510.103	650.000	517.886	607	2	19	2	7	902	90	0	0		0	0	0	0	0	0.284	0.383	0.437	0	0	0.000	1.000	0.000	19.000	242.000	25.000	320.000	30.000	667.886	0.7597	0.9143
hadur2.Hadur 3.9	davidalves.PhoenixOS 1.1	mid		1	true	35	3203.000	1277.000	30	1500.000	250.000	1191.000	927.000	12	35718	0.395	0.889	12.890	35	0	0	0.122	0.062	190	1584	0	1605	1584	3	14	0	0	0	149	1977	2356	T?/M?	live	0	0	0	650	496.334	400.000	870.514	174	2	130	2	7	1605	149	0	0		0	0	0	0	0	0.300	0.374	0.438	0	0	0.000	0.000	0.000	0.000	212.000	50.000	300.000	50.000	1020.514	0.7150	0.8571
hadur2.Hadur 3.9	davidalves.PhoenixOS 1.1	mid		2	true	35	2955.000	1478.000	28	1400.000	350.000	1106.000	987.000	11	37719	0.421	0.894	14.212	35	0	0	0.112	0.067	189	1656	0	1769	1656	3	14	0	0	0	126	1863	2507	T?/M?	live	0	0	0	650	500.469	650.000	927.686	168	6	131	3	6	1756	126	0	0		0	0	0	0	0	0.284	0.382	0.437	0	0	0.000	0.000	0.000	0.000	169.000	71.000	280.000	70.000	1077.686	0.6666	0.8000
hadur2.Hadur 3.9	davidalves.PhoenixOS 1.1	mid		3	true	35	3116.000	1691.000	27	1350.000	400.000	1289.000	1131.000	12	35149	0.364	0.884	12.864	35	0	0	0.132	0.086	205	1496	2	1531	1496	3	10	0	0	0	127	1941	2261	T?/M?	live	0	0	0	650	440.100	400.000	854.257	252	3	275	2	77	1524	127	0	0		0	0	0	0	0	0.300	0.384	0.502	0	0	0.000	0.000	0.000	0.000	208.000	80.000	270.000	80.000	1004.257	0.6482	0.7714
hadur2.Hadur 3.9	davidalves.PhoenixOS 1.1	mid		4	true	35	3063.000	1583.000	28	1400.000	350.000	1195.000	1086.000	14	37538	0.396	0.907	13.403	35	0	0	0.130	0.073	247	1621	0	1746	1621	7	12	0	0	0	115	175	2497	T?/M?	live	0	0	0	650	492.274	400.000	922.514	216	5	247	3	7	1736	115	0	0		0	0	0	0	0	0.284	0.383	0.437	0	0	0.000	0.000	0.000	0.000	189.000	77.000	280.000	70.000	1072.514	0.6593	0.8000
hadur2.Hadur 3.9	davidalves.PhoenixOS 1.1	mid		5	true	35	3030.000	1580.000	27	1350.000	400.000	1203.000	1013.000	16	34971	0.408	0.910	13.611	35	0	0	0.125	0.072	181	1485	0	1596	1485	6	17	0	0	0	134	2034	2280	T?/M?	live	0	0	0	650	458.109	400.000	849.171	349	2	138	2	6	1596	134	0	0		0	0	0	0	0	0.377	0.457	0.509	0	0	0.000	0.000	0.000	0.000	207.000	86.000	270.000	80.000	999.171	0.6573	0.7714
hadur2.Hadur 3.9	davidalves.PhoenixOS 1.1	mid		6	true	35	3223.000	1221.000	31	1550.000	200.000	1157.000	947.000	7	36172	0.375	0.869	13.652	34	0	0	0.127	0.059	209	1601	1	1700	1601	3	21	0	0	0	140	2161	2357	T?/M?	live	0	0	0	650	481.435	400.000	893.029	244	3	137	2	6	1662	139	0	0		0	0	0	1	1	0.339	0.434	0.515	0	0	0.000	0.000	0.000	0.000	207.000	34.000	310.000	40.000	1033.486	0.7252	0.8857
hadur2.Hadur 3.9	davidalves.PhoenixOS 1.1	mid		7	true	35	3200.000	1371.000	30	1450.000	250.000	1259.000	1012.000	17	36774	0.404	0.906	13.235	35	0	0	0.125	0.071	189	1607	0	1787	1586	12	12	0	0	0	147	2344	2412	T?/M?	live	0	0	0	650	490.983	400.000	900.686	321	41	110	3	7	1774	147	0	0		298	0	0	0	0	0.387	0.465	0.509	0	0	0.000	0.000	0.000	0.000	200.000	59.000	290.000	50.000	1050.686	0.7001	0.8529
hadur2.Hadur 3.9	davidalves.PhoenixOS 1.1	mid		8	true	35	2938.000	1539.000	27	1300.000	400.000	1186.000	967.000	10	35188	0.462	0.959	135.802	35	0	0	0.119	0.061	160	1631	1	1681	1631	2	15	0	0	0	130	1408	2321	T?/M?	live	0	0	0	650	497.614	575.000	855.371	264	5	67	2	324	1677	130	0	0		0	0	0	0	0	0.339	0.456	0.515	0	0	0.000	0.000	0.000	0.000	192.000	92.000	260.000	80.000	1005.371	0.6562	0.7647
hadur2.Hadur 3.9	deo.CloudBot 1.3	mid		1	true	35	4158.000	1005.000	33	1650.000	100.000	1821.000	862.000	10	22385	0.363	0.880	14.715	35	0	0	0.163	0.078	26	1149	2	1149	1149	4	16	0	0	0	116	1085	1152	T?/M?	live	0	0	0	650	417.723	650.000	489.571	625	305	305	3	7	1149	116	0	0		0	0	0	0	0	0.377	0.461	0.509	0	0	0.000	0.000	0.000	0.000	357.000	22.000	330.000	20.000	639.571	0.8053	0.9429
hadur2.Hadur 3.9	deo.CloudBot 1.3	mid		2	true	35	3950.000	964.000	32	1600.000	150.000	1698.000	761.000	11	23012	0.378	0.859	71.857	35	0	0	0.163	0.066	27	1193	0	1193	1193	4	24	0	0	0	116	1089	1211	T?/M?	live	0	0	0	650	423.997	550.000	507.486	474	342	257	3	6	1193	116	0	0		0	0	0	0	0	0.377	0.459	0.515	0	0	0.000	0.000	0.000	0.000	333.000	23.000	320.000	30.000	657.486	0.8038	0.9143
hadur2.Hadur 3.9	deo.CloudBot 1.3	mid		3	true	35	3995.000	1068.000	33	1650.000	100.000	1687.000	930.000	15	23841	0.408	0.880	14.859	35	0	0	0.160	0.077	48	1247	3	1247	1247	7	19	0	0	0	110	1232	1281	T?/M?	live	0	0	0	650	415.543	650.000	531.171	517	432	292	2	37	1246	110	0	0		0	0	0	0	0	0.377	0.461	0.509	0	0	1.000	0.000	7.000	0.000	319.000	18.000	330.000	20.000	681.171	0.7891	0.9429
hadur2.Hadur 3.9	deo.CloudBot 1.3	mid		4	true	35	3906.000	962.000	33	1650.000	100.000	1609.000	820.000	76	23743	0.376	0.887	287.376	35	0	0	0.150	0.069	30	1236	1	1236	1236	3	19	0	0	0	112	1072	1276	T?/M?	live	0	0	0	650	431.786	575.000	528.371	646	550	215	2	8	1235	112	0	0	Unable to stop thread: hadur2.Hadur 3.9	0	1	0	0	0	0.377	0.455	0.515	0	0	0.000	0.000	0.000	0.000	317.000	22.000	330.000	20.000	678.371	0.8024	0.9429
hadur2.Hadur 3.9	deo.CloudBot 1.3	mid		5	true	35	3608.000	1214.000	30	1500.000	250.000	1528.000	859.000	11	24209	0.391	0.867	95.608	35	0	0	0.163	0.069	59	1272	2	1272	1272	11	16	0	0	0	113	811	1297	T?/M?	live	0	0	0	650	414.643	625.000	541.686	469	444	293	3	7	1264	113	0	0		0	0	0	0	0	0.387	0.468	0.509	0	0	1.000	0.000	3.000	0.000	276.000	56.000	300.000	50.000	691.686	0.7482	0.8571
hadur2.Hadur 3.9	deo.CloudBot 1.3	mid		6	true	35	4453.000	959.000	34	1700.000	50.000	2015.000	886.000	9	20855	0.346	0.855	14.367	35	0	0	0.189	0.089	10	1043	1	1043	1042	2	17	0	0	0	77	0	1013	T?/M?	live	0	0	0	650	355.954	400.000	445.857	606	314	361	2	8	1043	77	0	0		0	0	0	0	0	0.406	0.472	0.515	0	0	0.000	0.000	0.000	0.000	399.000	13.000	340.000	10.000	595.857	0.8228	0.9714
hadur2.Hadur 3.9	deo.CloudBot 1.3	mid		7	true	35	3655.000	1251.000	30	1500.000	250.000	1532.000	869.000	12	24048	0.401	0.880	14.047	35	0	0	0.169	0.077	63	1259	2	1259	1259	3	22	0	0	0	130	1277	1311	T?/M?	live	0	0	0	650	416.537	600.000	537.086	390	429	182	3	8	1259	130	0	0		0	0	0	0	0	0.387	0.469	0.509	0	0	35.000	29.000	25.000	0.000	263.000	53.000	300.000	50.000	687.086	0.7450	0.8571
hadur2.Hadur 3.9	deo.CloudBot 1.3	mid		8	true	35	3991.000	923.000	32	1600.000	150.000	1744.000	718.000	11	22215	0.318	0.758	124.812	35	0	0	0.168	0.067	18	1137	4	1137	1137	1	17	0	0	0	108	1048	1126	T?/M?	live	0	0	0	650	407.537	450.000	484.714	507	298	297	2	8	1126	108	0	0		0	0	0	0	0	0.377	0.448	0.515	0	0	0.000	0.000	0.000	0.000	327.000	25.000	320.000	30.000	634.714	0.8122	0.9143
hadur2.Hadur 3.9	dft.Immortal 1.40	mid		1	true	35	3133.000	1242.000	31	1550.000	200.000	1080.000	956.000	13	31508	0.430	0.908	18.407	35	0	0	0.110	0.062	98	1504	1	1505	1504	5	16	0	0	0	186	2004	2028	T?/M?	live	0	0	0	650	517.174	650.000	750.229	663	36	17	3	6	1505	186	0	0		0	0	0	0	0	0.407	0.469	0.555	0	0	0.000	0.000	0.000	0.000	193.000	45.000	310.000	40.000	900.229	0.7161	0.8857
hadur2.Hadur 3.9	dft.Immortal 1.40	mid		2	true	35	2988.000	1549.000	28	1400.000	350.000	1115.000	1056.000	7	29857	0.483	0.947	18.702	34	0	0	0.106	0.067	69	1500	1	1502	1500	6	19	0	0	0	163	1493	1787	T?/M?	live	0	0	0	650	499.544	650.000	704.059	507	1	45	2	6	1452	163	0	0		0	0	0	1	1	0.370	0.441	0.500	0	0	0.000	0.000	0.000	0.000	193.000	74.000	280.000	70.000	853.057	0.6586	0.8000
hadur2.Hadur 3.9	dft.Immortal 1.40	mid		3	true	35	3316.000	1347.000	30	1500.000	250.000	1283.000	987.000	12	27417	0.517	1.010	14.637	35	0	0	0.115	0.067	49	1427	1	1426	1426	5	20	0	0	0	163	1621	1634	T?/M?	live	0	0	0	650	505.463	650.000	633.343	580	0	31	2	9	1423	163	0	0		0	0	0	0	0	0.374	0.460	0.555	0	0	0.000	0.000	0.000	0.000	233.000	60.000	300.000	50.000	783.343	0.7111	0.8571
hadur2.Hadur 3.9	dft.Immortal 1.40	mid		4	true	35	3042.000	1613.000	28	1400.000	350.000	1168.000	1109.000	14	30037	0.497	0.999	14.377	35	0	0	0.117	0.071	87	1475	1	1482	1475	6	9	0	0	0	152	1728	1856	T?/M?	live	0	0	0	650	500.540	650.000	708.200	488	16	38	3	7	1482	152	0	0		0	0	0	0	0	0.370	0.442	0.500	0	0	0.000	0.000	0.000	0.000	194.000	84.000	280.000	70.000	858.200	0.6535	0.8000
hadur2.Hadur 3.9	dft.Immortal 1.40	mid		5	true	35	3313.000	969.000	33	1650.000	100.000	1118.000	840.000	11	30514	0.451	0.933	15.772	35	0	0	0.108	0.055	74	1505	1	1506	1505	4	15	0	0	0	168	1547	1875	T?/M?	live	0	0	0	650	492.017	650.000	721.829	810	14	14	2	6	1505	168	0	0		0	0	0	0	0	0.374	0.457	0.555	0	0	0.000	0.000	0.000	0.000	214.000	9.000	330.000	20.000	871.829	0.7737	0.9429
hadur2.Hadur 3.9	dft.Immortal 1.40	mid		6	true	35	3333.000	1254.000	32	1600.000	150.000	1192.000	1040.000	17	29555	0.471	0.942	14.419	35	0	0	0.113	0.068	71	1503	1	1494	1482	6	11	0	0	0	160	1213	1810	T?/M?	live	0	0	0	650	498.603	650.000	694.429	380	13	30	3	8	1494	160	0	0		298	0	0	0	0	0.370	0.443	0.500	0	0	0.000	0.000	0.000	0.000	221.000	34.000	320.000	30.000	844.429	0.7266	0.9143
hadur2.Hadur 3.9	dft.Immortal 1.40	mid		7	true	35	3072.000	1046.000	34	1700.000	50.000	868.000	977.000	10	34970	0.460	0.941	15.256	35	0	0	0.108	0.058	165	1683	0	1685	1683	1	13	0	0	0	189	2322	2376	T?/M?	live	0	0	0	650	517.714	650.000	849.143	1249	2	2	2	9	1685	189	0	0		0	0	0	0	0	0.374	0.454	0.518	0	0	0.000	0.000	0.000	0.000	165.000	9.000	340.000	10.000	999.143	0.7460	0.9714
hadur2.Hadur 3.9	dft.Immortal 1.40	mid		8	true	35	3376.000	1244.000	33	1600.000	100.000	1229.000	1109.000	10	32398	0.463	0.941	14.154	35	0	0	0.119	0.071	91	1529	0	1529	1528	3	18	0	0	0	184	1906	1998	T?/M?	live	0	0	0	650	509.017	650.000	775.657	150	452	15	2	98	1527	184	0	0		0	0	0	0	0	0.370	0.454	0.555	0	0	0.000	0.000	0.000	0.000	227.000	15.000	320.000	20.000	925.657	0.7307	0.9412
hadur2.Hadur 3.9	dmh.robocode.robot.BlackDeath 9.2	mid		1	true	35	4310.000	550.000	34	1700.000	50.000	1897.000	480.000	14	18736	0.320	0.768	13.481	35	0	0	0.185	0.046	16	859	4	859	859	3	11	0	0	0	68	776	856	T?/M?	live	0	0	0	650	455.391	400.000	385.314	669	0	375	2	6	859	68	0	0		0	0	0	0	0	0.421	0.481	0.555	0	0	0.000	0.000	0.000	0.000	373.000	10.000	340.000	10.000	535.314	0.8868	0.9714
hadur2.Hadur 3.9	dmh.robocode.robot.BlackDeath 9.2	mid		2	true	35	4452.000	575.000	35	1750.000	0.000	1960.000	575.000	12	19275	0.346	0.803	14.046	35	0	0	0.202	0.050	26	893	1	893	893	3	18	0	0	0	73	43	916	T?/M?	live	0	0	0	650	469.371	400.000	400.714	525	39	384	2	7	893	72	0	0		0	0	0	0	0	0.370	0.417	0.451	0	0	0.000	0.000	0.000	0.000	392.000	0.000	350.000	0.000	550.714	0.8856	1.0000
hadur2.Hadur 3.9	dmh.robocode.robot.BlackDeath 9.2	mid		3	true	35	4344.000	551.000	34	1700.000	50.000	1924.000	478.000	11	18497	0.351	0.834	14.026	35	0	0	0.187	0.041	26	837	2	837	837	1	13	0	0	0	70	425	841	T?/M?	live	0	0	0	650	433.351	400.000	378.486	525	0	441	2	6	837	70	0	0		0	0	0	0	0	0.374	0.458	0.510	0	0	0.000	0.000	0.000	0.000	380.000	14.000	340.000	10.000	528.486	0.8874	0.9714
hadur2.Hadur 3.9	dmh.robocode.robot.BlackDeath 9.2	mid		4	true	35	4153.000	786.000	33	1650.000	100.000	1818.000	644.000	15	19968	0.394	0.887	14.525	35	0	0	0.186	0.056	46	951	4	931	931	4	15	0	0	0	83	506	969	T?/M?	live	0	0	0	650	468.209	400.000	420.514	589	0	414	3	7	931	82	0	0		298	0	0	0	0	0.407	0.471	0.555	0	0	0.000	0.000	0.000	0.000	356.000	22.000	330.000	20.000	570.514	0.8409	0.9429
hadur2.Hadur 3.9	dmh.robocode.robot.BlackDeath 9.2	mid		5	true	35	4386.000	667.000	34	1700.000	50.000	1963.000	595.000	9	18938	0.402	0.884	43.989	35	0	0	0.189	0.058	15	861	3	861	861	2	9	0	0	0	67	549	878	T?/M?	live	0	0	0	650	466.003	400.000	391.086	661	0	360	2	3	861	67	0	0		0	0	0	0	0	0.403	0.478	0.518	0	0	0.000	0.000	0.000	0.000	383.000	12.000	340.000	10.000	541.086	0.8680	0.9714
hadur2.Hadur 3.9	dmh.robocode.robot.BlackDeath 9.2	mid		6	true	35	4388.000	526.000	34	1700.000	50.000	1959.000	454.000	10	18368	0.353	0.830	11.588	35	0	0	0.193	0.046	17	831	2	831	831	3	17	0	0	0	67	239	835	T?/M?	live	0	0	0	650	455.397	400.000	374.800	576	43	404	2	3	831	67	0	0		0	0	0	0	0	0.374	0.420	0.518	0	0	0.000	1.000	0.000	0.000	389.000	11.000	340.000	10.000	524.800	0.8930	0.9714
hadur2.Hadur 3.9	dmh.robocode.robot.BlackDeath 9.2	mid		7	true	35	4520.000	846.000	33	1650.000	100.000	2133.000	702.000	12	18338	0.379	0.880	13.454	35	0	0	0.205	0.070	15	828	0	828	828	5	10	0	0	0	80	641	827	T?/M?	live	0	0	0	650	439.129	400.000	373.943	510	0	458	2	7	827	80	0	0		0	0	0	0	0	0.357	0.429	0.516	0	0	0.000	0.000	0.000	0.000	407.000	24.000	330.000	20.000	523.943	0.8423	0.9429
hadur2.Hadur 3.9	dmh.robocode.robot.BlackDeath 9.2	mid		8	true	35	4278.000	745.000	34	1700.000	50.000	1869.000	677.000	10	19876	0.377	0.917	13.726	35	0	0	0.180	0.062	34	924	2	924	924	4	20	0	0	0	96	937	952	T?/M?	live	0	0	0	650	449.814	400.000	417.886	608	0	395	2	7	924	95	0	0		0	0	0	0	0	0.382	0.452	0.518	0	0	0.000	0.000	0.000	0.000	369.000	8.000	340.000	10.000	567.886	0.8517	0.9714
hadur2.Hadur 3.9	dragonbyte.Neutrino 4	mid		1	true	35	3916.000	1023.000	18	900.000	850.000	2604.000	3.000	11	77369	0.269	0.643	23.289	35	0	0	0.147	0.002	563	3678	0	5107	3678	3	21	0	0	0	233	5045	5734	T?/M?	live	0	0	0	650	422.726	400.000	2060.543	0	5	401	2	7	5102	233	0	0		0	0	0	0	0	0.307	0.386	0.493	1	0	0.000	0.000	0.000	0.000	232.000	0.000	180.000	170.000	2210.543	0.7929	0.5143
hadur2.Hadur 3.9	dragonbyte.Neutrino 4	mid		2	true	35	4112.000	964.000	19	950.000	800.000	2663.000	4.000	14	74142	0.282	0.665	22.606	35	0	0	0.158	0.003	586	3710	0	4814	3710	4	11	0	0	0	240	4085	5508	T?/M?	live	0	0	0	650	419.686	400.000	1968.343	2	2	564	2	6	4810	239	0	0		0	0	0	0	0	0.322	0.418	0.518	0	0	0.000	0.000	0.000	0.000	309.000	0.000	190.000	160.000	2118.343	0.8101	0.5429
hadur2.Hadur 3.9	dragonbyte.Neutrino 4	mid		3	true	35	4342.000	846.000	21	1050.000	700.000	2751.000	6.000	10	64179	0.271	0.653	21.334	35	0	0	0.152	0.005	395	2885	0	4619	2885	0	19	0	0	0	190	4188	4648	T?/M?	live	0	0	0	650	411.746	400.000	1683.686	0	3	492	1	6	4618	190	0	0		0	0	0	0	0	0.307	0.388	0.493	0	0	0.000	0.000	0.000	0.000	331.000	0.000	210.000	140.000	1833.686	0.8369	0.6000
hadur2.Hadur 3.9	dragonbyte.Neutrino 4	mid		4	true	35	4035.000	1028.000	18	900.000	850.000	2679.000	8.000	10	69240	0.277	0.647	21.150	35	0	0	0.151	0.003	505	3147	0	4790	3147	4	23	0	0	0	184	3313	5089	T?/M?	live	0	0	0	650	417.023	400.000	1828.286	0	3	499	2	8	4788	184	0	0		0	0	0	0	0	0.322	0.417	0.518	0	0	0.000	0.000	0.000	0.000	276.000	0.000	180.000	170.000	1978.286	0.7970	0.5143
hadur2.Hadur 3.9	dragonbyte.Neutrino 4	mid		5	true	35	4462.000	786.000	22	1100.000	650.000	2829.000	6.000	11	66649	0.267	0.650	23.001	35	0	0	0.149	0.003	435	2864	0	4462	2864	4	15	0	0	0	210	3474	4846	T?/M?	live	0	0	0	650	411.483	400.000	1754.257	0	5	494	2	8	4460	210	0	0		0	0	0	0	0	0.307	0.385	0.493	0	0	0.000	0.000	0.000	0.000	313.000	0.000	220.000	130.000	1904.257	0.8502	0.6286
hadur2.Hadur 3.9	dragonbyte.Neutrino 4	mid		6	true	35	4330.000	784.000	22	1100.000	650.000	2735.000	4.000	5	71693	0.270	0.644	21.800	34	0	0	0.145	0.002	481	2972	0	4330	2972	4	13	0	0	0	194	4888	5021	T?/M?	live	0	0	0	650	416.797	400.000	1878.029	4	7	507	2	8	4145	194	0	0		0	0	0	1	1	0.322	0.418	0.518	0	0	0.000	0.000	0.000	0.000	275.000	0.000	220.000	130.000	2048.371	0.8467	0.6286
hadur2.Hadur 3.9	dragonbyte.Neutrino 4	mid		7	true	35	4177.000	964.000	19	950.000	800.000	2726.000	4.000	10	64970	0.270	0.653	21.100	35	0	0	0.155	0.003	443	2640	0	4810	2640	5	15	0	0	0	160	2609	4696	T?/M?	live	0	0	0	650	415.726	400.000	1706.286	0	2	531	3	4	4806	160	0	0		0	0	0	0	0	0.307	0.388	0.493	0	0	0.000	0.000	0.000	0.000	312.000	0.000	190.000	160.000	1856.286	0.8125	0.5429
hadur2.Hadur 3.9	dragonbyte.Neutrino 4	mid		8	true	35	4325.000	907.000	20	1000.000	750.000	2768.000	7.000	7	60596	0.267	0.647	21.240	35	0	0	0.143	0.007	352	2988	0	4316	2988	0	23	0	0	0	206	3884	4308	T?/M?	live	0	0	0	650	405.840	400.000	1581.314	0	1	509	1	6	4314	205	0	0		0	0	0	0	0	0.322	0.403	0.516	0	0	0.000	0.000	0.000	0.000	356.000	0.000	200.000	150.000	1731.314	0.8266	0.5714
hadur2.Hadur 3.9	drm.Magazine 0.39	mid		1	true	35	3473.000	1016.000	33	1650.000	100.000	1254.000	868.000	10	22244	0.588	1.198	14.311	35	0	0	0.136	0.057	37	990	2	990	990	5	10	0	0	0	74	21	1206	T?/M?	live	0	0	0	650	559.569	650.000	485.543	825	0	124	2	8	990	74	0	0		0	0	0	0	0	0.307	0.386	0.493	0	0	0.000	0.000	0.000	0.000	239.000	28.000	330.000	20.000	635.543	0.7737	0.9429
hadur2.Hadur 3.9	drm.Magazine 0.39	mid		2	true	35	3795.000	712.000	34	1700.000	50.000	1470.000	638.000	13	20395	0.538	1.119	13.445	35	0	0	0.148	0.047	12	867	2	867	867	4	17	0	0	0	54	0	1050	T?/M?	live	0	0	0	650	558.871	600.000	432.714	987	34	134	3	8	867	54	0	0		0	0	0	0	0	0.322	0.380	0.457	0	0	0.000	0.000	0.000	0.000	285.000	15.000	340.000	10.000	582.714	0.8420	0.9714
hadur2.Hadur 3.9	drm.Magazine 0.39	mid		3	true	35	3438.000	927.000	32	1600.000	150.000	1279.000	714.000	9	21244	0.555	1.137	14.993	35	0	0	0.130	0.047	12	936	3	936	936	2	12	0	0	0	77	0	1121	T?/M?	live	0	0	0	650	558.877	650.000	456.971	978	77	41	2	8	936	77	0	0		0	0	0	0	0	0.307	0.348	0.394	0	0	0.000	0.000	0.000	0.000	239.000	34.000	320.000	30.000	606.971	0.7876	0.9143
hadur2.Hadur 3.9	drm.Magazine 0.39	mid		4	true	35	3562.000	1004.000	32	1600.000	150.000	1376.000	788.000	9	20879	0.567	1.134	15.780	35	0	0	0.141	0.050	29	918	5	918	918	3	12	0	0	0	63	811	1062	T?/M?	live	0	0	0	650	551.617	650.000	446.543	951	30	170	2	8	904	63	0	0		0	0	0	0	0	0.322	0.409	0.493	0	0	0.000	0.000	0.000	0.000	266.000	36.000	320.000	30.000	596.543	0.7801	0.9143
hadur2.Hadur 3.9	drm.Magazine 0.39	mid		5	true	35	3669.000	948.000	34	1700.000	50.000	1360.000	877.000	10	21077	0.564	1.190	16.296	35	0	0	0.145	0.058	36	933	4	932	932	5	13	0	0	0	73	0	1104	T?/M?	live	0	0	0	650	570.409	650.000	452.200	758	46	137	2	8	932	73	0	0		0	0	0	0	0	0.337	0.424	0.503	0	0	0.000	0.000	0.000	0.000	269.000	12.000	340.000	10.000	602.200	0.7947	0.9714
hadur2.Hadur 3.9	drm.Magazine 0.39	mid		6	true	35	3794.000	962.000	33	1650.000	100.000	1518.000	816.000	11	20761	0.582	1.171	14.622	35	0	0	0.150	0.057	25	897	2	897	897	2	11	0	0	0	74	822	1075	T?/M?	live	0	0	0	650	548.937	625.000	443.171	1040	25	185	2	9	897	74	0	0		0	0	0	0	0	0.310	0.429	0.525	1	0	0.000	0.000	0.000	0.000	295.000	25.000	330.000	20.000	593.171	0.7977	0.9429
hadur2.Hadur 3.9	drm.Magazine 0.39	mid		7	true	35	3453.000	1168.000	31	1550.000	200.000	1346.000	869.000	12	21090	0.582	1.188	13.857	35	0	0	0.142	0.059	32	947	6	947	947	5	10	0	0	0	79	0	1098	T?/M?	live	0	0	0	650	561.309	650.000	452.571	1044	9	133	3	7	939	79	0	0		0	0	0	0	0	0.331	0.418	0.520	1	0	0.000	1.000	0.000	0.000	247.000	58.000	310.000	40.000	602.571	0.7472	0.8857
hadur2.Hadur 3.9	drm.Magazine 0.39	mid		8	true	35	3672.000	1133.000	32	1600.000	150.000	1477.000	909.000	9	20683	0.540	1.102	16.165	35	0	0	0.150	0.066	28	894	3	894	894	1	17	0	0	0	63	87	1059	T?/M?	live	0	0	0	650	550.226	650.000	440.943	833	53	195	2	4867	890	63	0	0		0	0	0	0	0	0.310	0.429	0.525	1	0	0.000	0.000	0.000	0.000	276.000	44.000	320.000	30.000	590.943	0.7642	0.9143
hadur2.Hadur 3.9	dz.GalbaMini 0.121	mid		1	true	35	3365.000	1630.000	29	1450.000	300.000	1375.000	1197.000	14	28018	0.434	0.891	14.483	35	0	0	0.136	0.078	81	1534	2	1534	1534	5	24	0	0	0	149	1657	1672	T?/M?	live	0	0	0	650	449.880	650.000	650.514	753	0	100	2	10	1522	149	0	0		0	0	0	0	0	0.331	0.420	0.503	0	0	0.000	0.000	0.000	0.000	250.000	73.000	290.000	60.000	800.514	0.6737	0.8286
hadur2.Hadur 3.9	dz.GalbaMini 0.121	mid		2	true	35	3501.000	1278.000	31	1550.000	200.000	1378.000	997.000	11	27254	0.451	0.903	13.882	35	0	0	0.129	0.070	52	1482	1	1482	1482	3	12	0	0	0	134	678	1618	T?/M?	live	0	0	0	650	449.123	650.000	628.686	717	0	72	2	8	1482	134	0	0		0	0	0	0	0	0.332	0.432	0.525	1	0	0.000	0.000	0.000	0.000	263.000	42.000	310.000	40.000	778.686	0.7326	0.8857
hadur2.Hadur 3.9	dz.GalbaMini 0.121	mid		3	true	35	3233.000	1573.000	29	1450.000	300.000	1264.000	1138.000	12	28261	0.452	0.925	15.373	35	0	0	0.129	0.078	79	1541	2	1541	1541	2	18	0	0	0	140	1626	1696	T?/M?	live	0	0	0	650	439.106	650.000	657.457	657	0	115	2	419	1521	140	0	0		0	0	0	0	0	0.331	0.420	0.503	0	0	0.000	0.000	0.000	0.000	229.000	75.000	290.000	60.000	807.457	0.6727	0.8286
hadur2.Hadur 3.9	dz.GalbaMini 0.121	mid		4	true	35	3508.000	1318.000	31	1550.000	200.000	1389.000	1025.000	13	27169	0.436	0.918	13.409	35	0	0	0.134	0.073	60	1446	1	1446	1446	6	19	0	0	0	123	1348	1605	T?/M?	live	0	0	0	650	434.514	650.000	626.257	575	0	90	3	10	1446	123	0	0		0	0	0	0	0	0.332	0.431	0.525	1	0	0.000	0.000	0.000	0.000	260.000	53.000	310.000	40.000	776.257	0.7269	0.8857
hadur2.Hadur 3.9	dz.GalbaMini 0.121	mid		5	true	35	3227.000	1596.000	29	1450.000	300.000	1260.000	1165.000	16	28277	0.440	0.941	14.086	35	0	0	0.122	0.080	71	1514	2	1514	1514	9	10	0	0	0	144	1501	1714	T?/M?	live	0	0	0	650	452.049	650.000	657.914	456	0	54	3	7	1510	144	0	0		0	0	0	0	0	0.331	0.419	0.503	0	0	0.000	0.000	0.000	0.000	227.000	71.000	290.000	60.000	807.914	0.6691	0.8286
hadur2.Hadur 3.9	dz.GalbaMini 0.121	mid		6	true	35	3470.000	1522.000	28	1400.000	350.000	1519.000	1024.000	16	25057	0.401	0.860	13.978	35	0	0	0.155	0.077	44	1330	2	1330	1330	8	18	0	0	0	115	1094	1421	T?/M?	live	0	0	0	650	436.914	625.000	565.914	537	0	171	2	6	1328	115	0	0		0	0	0	0	0	0.332	0.427	0.525	1	0	0.000	0.000	0.000	0.000	271.000	78.000	280.000	70.000	715.914	0.6951	0.8000
hadur2.Hadur 3.9	dz.GalbaMini 0.121	mid		7	true	35	3615.000	1154.000	31	1550.000	200.000	1476.000	862.000	11	24697	0.360	0.827	14.478	35	0	0	0.134	0.066	38	1293	3	1293	1293	4	13	0	0	0	106	657	1391	T?/M?	live	0	0	0	650	421.294	600.000	555.629	691	0	76	2	8	1293	106	0	0		0	0	0	0	0	0.331	0.408	0.494	0	0	0.000	0.000	0.000	0.000	280.000	52.000	310.000	40.000	705.629	0.7580	0.8857
hadur2.Hadur 3.9	dz.GalbaMini 0.121	mid		8	true	35	3445.000	1310.000	30	1500.000	250.000	1386.000	949.000	6	26578	0.426	0.908	14.057	34	0	0	0.131	0.067	63	1401	4	1401	1401	4	11	0	0	0	96	626	1472	T?/M?	live	0	0	0	650	459.162	650.000	605.971	396	0	127	3	10	1337	96	0	0		0	0	0	1	1	0.332	0.426	0.525	1	0	0.000	0.000	0.000	0.000	259.000	61.000	300.000	50.000	759.371	0.7245	0.8571
hadur2.Hadur 3.9	eem.zapper v6.03	mid		1	true	35	3370.000	1275.000	31	1500.000	200.000	1329.000	987.000	11	33197	0.942	1.703	21.392	35	0	0	0.119	0.071	101	1980	0	1981	1980	6	30	0	0	0	182	1808	2111	T?/M?	live	0	0	0	650	496.757	650.000	798.486	536	2	80	2	10	1980	182	0	0		0	0	0	0	0	0.317	0.393	0.469	1	0	0.000	0.000	0.000	0.000	241.000	48.000	300.000	40.000	948.486	0.7255	0.8824
hadur2.Hadur 3.9	eem.zapper v6.03	mid		2	true	35	3181.000	1347.000	31	1550.000	200.000	1114.000	1079.000	18	41595	0.908	1.576	27.707	35	0	0	0.115	0.075	195	2715	2	2715	2715	10	25	0	0	0	315	2808	2908	T?/M?	live	0	0	0	650	494.720	650.000	1038.429	1514	1	9	2	13	2715	315	0	0		0	0	0	0	0	0.312	0.396	0.520	1	0	0.000	0.000	0.000	0.000	207.000	28.000	310.000	40.000	1188.429	0.7025	0.8857
hadur2.Hadur 3.9	eem.zapper v6.03	mid		3	true	35	2750.000	1757.000	27	1350.000	400.000	964.000	1201.000	20	43979	1.029	1.847	29.796	34	0	0	0.105	0.087	234	2942	2	2942	2942	17	26	0	0	0	321	2576	3108	T?/M?	live	0	0	0	650	497.271	650.000	1119.765	3291	0	47	2	92	2888	321	0	0		0	0	0	1	1	0.317	0.393	0.469	1	0	0.000	0.000	0.000	0.000	167.000	77.000	270.000	80.000	1256.543	0.6102	0.7714
hadur2.Hadur 3.9	eem.zapper v6.03	mid		4	true	35	3130.000	1392.000	31	1550.000	200.000	1078.000	1107.000	17	45064	0.940	1.645	27.184	34	0	0	0.114	0.081	224	3002	2	3011	3002	13	32	0	0	0	330	3087	3214	T?/M?	live	0	0	0	650	504.903	650.000	1151.588	2023	2	25	3	10	2962	329	0	0		0	0	0	1	1	0.312	0.405	0.520	1	0	0.000	0.000	0.000	0.000	192.000	45.000	310.000	40.000	1287.543	0.6922	0.8857
hadur2.Hadur 3.9	eem.zapper v6.03	mid		5	true	35	3529.000	1105.000	32	1600.000	150.000	1351.000	887.000	13	34626	0.979	1.619	23.895	35	0	0	0.116	0.065	92	2170	3	2170	2170	5	19	0	0	0	201	1732	2251	T?/M?	live	0	0	0	650	503.671	650.000	839.314	456	0	19	2	9	2166	201	0	0		0	0	0	0	0	0.317	0.392	0.469	1	0	0.000	0.000	0.000	0.000	259.000	38.000	320.000	30.000	989.314	0.7615	0.9143
hadur2.Hadur 3.9	eem.zapper v6.03	mid		6	true	35	3270.000	1314.000	29	1450.000	300.000	1301.000	889.000	8	33927	0.868	1.580	20.973	34	0	0	0.124	0.063	109	2095	4	2096	2095	4	20	0	0	0	190	1984	2096	T?/M?	live	0	0	0	650	460.829	450.000	819.794	349	2	48	2	6	2010	190	0	0		0	0	0	1	1	0.312	0.393	0.520	1	0	0.000	0.000	0.000	0.000	229.000	65.000	290.000	60.000	969.343	0.7134	0.8286
hadur2.Hadur 3.9	eem.zapper v6.03	mid		7	true	35	3642.000	1144.000	33	1650.000	100.000	1393.000	1001.000	14	36608	0.979	1.749	23.576	35	0	0	0.125	0.075	131	2326	3	2327	2326	6	27	0	0	0	220	2105	2442	T?/M?	live	0	0	0	650	504.940	650.000	895.943	277	0	93	3	11	2327	220	0	0		0	0	0	0	0	0.317	0.385	0.469	1	0	0.000	0.000	0.000	0.000	269.000	23.000	330.000	20.000	1045.943	0.7610	0.9429
hadur2.Hadur 3.9	eem.zapper v6.03	mid		8	true	35	3097.000	1640.000	28	1400.000	350.000	1209.000	1127.000	12	34174	0.916	1.685	38.279	35	0	0	0.111	0.077	123	2116	2	2116	2116	4	27	0	0	0	218	2109	2230	T?/M?	live	0	0	0	650	506.826	650.000	826.400	425	1	1	2	12	2116	218	0	0		0	0	0	0	0	0.312	0.395	0.520	1	0	0.000	0.000	0.000	0.000	207.000	93.000	280.000	70.000	976.400	0.6538	0.8000
hadur2.Hadur 3.9	fromHell.C22H30N2O2S 2.2	mid		1	true	35	3707.000	1334.000	31	1550.000	200.000	1563.000	1037.000	12	20580	0.325	0.807	13.003	35	0	0	0.153	0.081	51	945	1	946	944	2	17	0	0	0	88	888	1010	T?/M?	live	0	0	0	650	364.549	650.000	438.000	565	267	294	3	6	940	88	0	0		0	0	0	0	0	0.312	0.350	0.373	1	0	0.000	0.000	0.000	0.000	285.000	58.000	310.000	40.000	588.000	0.7354	0.8857
hadur2.Hadur 3.9	fromHell.C22H30N2O2S 2.2	mid		2	true	35	4007.000	1271.000	32	1600.000	150.000	1749.000	1054.000	10	19262	0.387	0.910	13.550	35	0	0	0.171	0.093	34	861	3	861	861	3	19	0	0	0	66	308	912	T?/M?	live	0	0	0	650	368.777	650.000	400.343	630	154	337	2	7	860	66	0	0		0	0	0	0	0	0.351	0.451	0.520	1	0	0.000	0.000	0.000	0.000	338.000	37.000	320.000	30.000	550.343	0.7592	0.9143
hadur2.Hadur 3.9	fromHell.C22H30N2O2S 2.2	mid		3	true	35	3890.000	1008.000	33	1600.000	100.000	1654.000	848.000	7	19782	0.302	0.782	18.561	35	0	0	0.177	0.068	35	890	1	890	890	0	13	0	0	0	80	266	961	T?/M?	live	0	0	0	650	361.429	400.000	415.200	552	278	297	1	5	890	80	0	0		0	0	0	0	0	0.345	0.360	0.373	1	0	0.000	0.000	0.000	0.000	317.000	40.000	320.000	20.000	565.200	0.7942	0.9412
hadur2.Hadur 3.9	fromHell.C22H30N2O2S 2.2	mid		4	true	35	3959.000	906.000	33	1650.000	100.000	1658.000	762.000	11	19541	0.320	0.793	12.387	35	0	0	0.176	0.061	36	882	4	882	882	3	7	0	0	0	75	0	934	T?/M?	live	0	0	0	650	381.440	650.000	408.314	652	181	338	3	5	882	75	0	0		0	0	0	0	0	0.345	0.431	0.519	1	0	0.000	0.000	0.000	0.000	320.000	24.000	330.000	20.000	558.314	0.8138	0.9429
hadur2.Hadur 3.9	fromHell.C22H30N2O2S 2.2	mid		5	true	35	3613.000	1355.000	29	1450.000	300.000	1591.000	926.000	12	19854	0.279	0.817	13.286	35	0	0	0.163	0.076	43	897	2	898	897	6	12	0	0	0	78	831	952	T?/M?	live	0	0	0	650	367.157	650.000	417.257	615	217	323	2	4	898	78	0	0		0	0	0	0	0	0.323	0.371	0.445	0	0	0.000	0.000	0.000	0.000	281.000	69.000	290.000	60.000	567.257	0.7273	0.8286
hadur2.Hadur 3.9	fromHell.C22H30N2O2S 2.2	mid		6	true	35	3908.000	1295.000	31	1550.000	200.000	1726.000	1010.000	8	19702	0.324	0.804	12.972	35	0	0	0.184	0.083	58	888	4	888	888	2	14	0	0	0	73	343	925	T?/M?	live	0	0	0	650	335.891	425.000	412.914	512	197	409	2	7	875	73	0	0		0	0	0	0	0	0.313	0.356	0.395	0	0	0.000	0.000	0.000	0.000	322.000	45.000	310.000	40.000	562.914	0.7511	0.8857
hadur2.Hadur 3.9	fromHell.C22H30N2O2S 2.2	mid		7	true	35	3794.000	1286.000	31	1550.000	200.000	1627.000	1000.000	12	20572	0.348	0.830	13.222	35	0	0	0.156	0.079	28	943	2	943	943	4	14	0	0	0	91	844	1011	T?/M?	live	0	0	0	650	368.254	650.000	437.771	521	290	304	2	8	943	91	0	0		0	0	0	0	0	0.359	0.426	0.469	0	0	0.000	0.000	0.000	0.000	307.000	46.000	310.000	40.000	587.771	0.7469	0.8857
hadur2.Hadur 3.9	fromHell.C22H30N2O2S 2.2	mid		8	true	35	3777.000	1174.000	32	1600.000	150.000	1565.000	955.000	8	20581	0.314	0.792	13.306	35	0	0	0.157	0.077	45	939	4	939	939	1	19	0	0	0	80	871	998	T?/M?	live	0	0	0	650	368.429	650.000	438.029	375	301	316	1	7	930	80	0	0		0	0	0	0	0	0.313	0.352	0.395	0	0	1.000	0.000	1.000	0.000	290.000	39.000	320.000	30.000	588.029	0.7629	0.9143
hadur2.Hadur 3.9	hlavko.micro.Flex 1.5	mid		1	true	35	3940.000	917.000	32	1600.000	150.000	1692.000	706.000	9	18265	0.287	0.708	13.318	35	0	0	0.202	0.064	82	798	4	798	798	5	14	0	0	0	69	823	841	T?/M?	live	0	0	0	650	339.677	400.000	371.857	656	15	288	2	3	797	69	0	0		0	0	0	0	0	0.356	0.387	0.408	1	0	0.000	0.000	0.000	0.000	328.000	31.000	320.000	30.000	521.857	0.8112	0.9143
hadur2.Hadur 3.9	hlavko.micro.Flex 1.5	mid		2	true	35	4512.000	780.000	34	1700.000	50.000	2065.000	708.000	10	16266	0.297	0.792	11.544	35	0	0	0.258	0.079	52	662	2	662	662	2	11	0	0	0	48	0	676	T?/M?	live	0	0	0	650	329.491	400.000	314.743	504	25	367	2	3	661	48	0	0		0	0	0	0	0	0.368	0.435	0.469	1	0	0.000	1.000	0.000	0.000	406.000	11.000	340.000	10.000	464.743	0.8526	0.9714
hadur2.Hadur 3.9	hlavko.micro.Flex 1.5	mid		3	true	35	3976.000	1142.000	31	1550.000	200.000	1781.000	864.000	10	20052	0.260	0.798	14.548	35	0	0	0.208	0.074	69	943	3	944	943	2	11	0	0	0	88	983	990	T?/M?	live	0	0	0	650	340.920	400.000	422.914	506	76	309	2	5	944	88	0	0		0	0	0	0	0	0.317	0.351	0.380	1	0	1.000	1.000	0.000	0.000	333.000	37.000	310.000	40.000	572.914	0.7769	0.8857
hadur2.Hadur 3.9	hlavko.micro.Flex 1.5	mid		4	true	35	4133.000	803.000	33	1650.000	100.000	1796.000	664.000	10	17290	0.221	0.694	12.799	35	0	0	0.213	0.066	54	718	3	718	718	4	10	0	0	0	63	756	770	T?/M?	live	0	0	0	650	316.649	400.000	344.000	757	19	287	3	3	718	63	0	0		0	0	0	0	0	0.368	0.417	0.459	1	0	0.000	0.000	0.000	0.000	357.000	19.000	330.000	20.000	494.000	0.8373	0.9429
hadur2.Hadur 3.9	hlavko.micro.Flex 1.5	mid		5	true	35	3984.000	1081.000	32	1600.000	150.000	1731.000	866.000	11	19207	0.302	0.842	11.638	35	0	0	0.198	0.074	72	865	8	865	865	3	22	0	0	0	84	746	934	T?/M?	live	0	0	0	650	360.811	575.000	398.771	763	18	284	3	6	864	84	0	0		0	0	0	0	0	0.352	0.367	0.392	0	0	0.000	0.000	0.000	0.000	333.000	35.000	320.000	30.000	548.771	0.7866	0.9143
hadur2.Hadur 3.9	hlavko.micro.Flex 1.5	mid		6	true	35	4366.000	1003.000	33	1650.000	100.000	1994.000	861.000	10	17675	0.231	0.715	12.336	35	0	0	0.241	0.083	52	758	3	759	758	4	18	0	0	0	52	305	770	T?/M?	live	0	0	0	650	321.111	400.000	355.000	667	24	346	3	5	735	52	0	0		0	0	0	0	0	0.335	0.352	0.366	0	0	0.000	0.000	0.000	0.000	392.000	22.000	330.000	20.000	505.000	0.8132	0.9429
hadur2.Hadur 3.9	hlavko.micro.Flex 1.5	mid		7	true	35	4114.000	692.000	33	1650.000	100.000	1789.000	555.000	11	18188	0.297	0.672	11.927	35	0	0	0.219	0.046	61	798	5	799	798	1	11	0	0	0	59	813	828	T?/M?	live	0	0	0	650	336.289	400.000	369.657	594	50	330	2	5	790	59	0	0		0	0	0	0	0	0.358	0.404	0.431	0	0	0.000	0.000	0.000	0.000	345.000	17.000	330.000	20.000	519.657	0.8560	0.9429
hadur2.Hadur 3.9	hlavko.micro.Flex 1.5	mid		8	true	35	4476.000	659.000	35	1750.000	0.000	1980.000	658.000	8	17263	0.265	0.664	11.532	35	0	0	0.234	0.065	57	735	5	735	735	0	17	0	0	0	53	129	764	T?/M?	live	0	0	0	650	325.783	400.000	343.229	731	12	366	1	8	735	53	0	0		0	0	0	0	0	0.352	0.363	0.374	0	0	0.000	1.000	0.000	0.000	396.000	0.000	350.000	0.000	493.229	0.8717	1.0000
hadur2.Hadur 3.9	jk.micro.Cotillion 0.8	mid		1	true	35	3384.000	1201.000	32	1600.000	150.000	1234.000	982.000	9	27237	0.528	1.010	13.849	35	0	0	0.122	0.068	52	1389	0	1389	1389	1	11	0	0	0	124	1113	1628	T?/M?	live	0	0	0	650	541.549	650.000	628.200	289	0	31	2	6	1389	124	0	0		0	0	0	0	0	0.339	0.394	0.438	0	0	0.000	0.000	0.000	0.000	230.000	38.000	320.000	30.000	778.200	0.7381	0.9143
hadur2.Hadur 3.9	jk.micro.Cotillion 0.8	mid		2	true	35	3128.000	1351.000	32	1600.000	150.000	1021.000	1141.000	13	34250	0.545	1.090	14.635	35	0	0	0.113	0.070	144	1577	1	1585	1577	6	13	0	0	0	160	1642	2293	T?/M?	live	0	0	0	650	547.469	650.000	828.571	883	2	11	2	8	1583	160	0	0		0	0	0	0	0	0.339	0.391	0.438	0	0	0.000	0.000	0.000	0.000	188.000	30.000	320.000	30.000	978.571	0.6984	0.9143
hadur2.Hadur 3.9	jk.micro.Cotillion 0.8	mid		3	true	35	3233.000	1295.000	30	1500.000	250.000	1217.000	935.000	10	29349	0.504	0.997	30.054	35	0	0	0.118	0.061	77	1405	0	1405	1405	9	14	0	0	0	135	482	1832	T?/M?	live	0	0	0	650	551.569	650.000	688.543	744	0	29	2	66	1405	135	0	0		0	0	0	0	0	0.363	0.407	0.454	0	0	0.000	0.000	0.000	0.000	215.000	59.000	300.000	50.000	838.543	0.7140	0.8571
hadur2.Hadur 3.9	jk.micro.Cotillion 0.8	mid		4	true	35	2700.000	1640.000	26	1300.000	450.000	981.000	1002.000	13	30463	0.544	1.059	14.459	35	0	0	0.105	0.061	97	1483	2	1483	1483	6	12	0	0	0	152	1677	1963	T?/M?	live	0	0	0	650	538.186	625.000	720.371	1007	0	23	2	8	1483	152	0	0		0	0	0	0	0	0.339	0.394	0.438	0	0	0.000	0.000	0.000	0.000	158.000	98.000	260.000	90.000	870.371	0.6221	0.7429
hadur2.Hadur 3.9	jk.micro.Cotillion 0.8	mid		5	true	35	2373.000	2007.000	25	1250.000	500.000	740.000	1299.000	15	31242	0.569	1.139	14.262	35	0	0	0.098	0.080	126	1567	1	1567	1567	9	12	0	0	0	132	1424	2058	T?/M?	live	0	0	0	650	538.326	650.000	742.629	1188	0	2	2	10	1567	131	0	0		0	0	0	0	0	0.339	0.399	0.454	0	0	0.000	0.000	0.000	0.000	133.000	108.000	250.000	100.000	892.629	0.5418	0.7143
hadur2.Hadur 3.9	jk.micro.Cotillion 0.8	mid		6	true	35	3096.000	1449.000	29	1450.000	300.000	1145.000	1034.000	9	30214	0.549	1.045	13.895	34	0	0	0.104	0.068	63	1445	1	1445	1445	4	12	0	0	0	132	1540	1832	T?/M?	live	0	0	0	650	560.929	650.000	710.235	734	0	36	3	8	1389	132	0	0		0	0	0	1	1	0.339	0.397	0.438	0	0	0.000	0.000	0.000	0.000	212.000	55.000	290.000	60.000	863.257	0.6812	0.8286
hadur2.Hadur 3.9	jk.micro.Cotillion 0.8	mid		7	true	35	3089.000	1681.000	27	1350.000	400.000	1254.000	1106.000	11	27006	0.508	1.021	13.484	35	0	0	0.123	0.072	55	1387	2	1387	1387	5	24	0	0	0	131	1117	1598	T?/M?	live	0	0	0	650	439.929	425.000	621.600	361	0	5	2	7	1386	131	0	0		0	0	0	0	0	0.363	0.424	0.459	0	0	0.000	0.000	0.000	0.000	215.000	95.000	270.000	80.000	771.600	0.6476	0.7714
hadur2.Hadur 3.9	jk.micro.Cotillion 0.8	mid		8	true	35	3031.000	1612.000	28	1400.000	350.000	1148.000	1115.000	9	28707	0.558	1.080	14.013	35	0	0	0.113	0.070	59	1464	3	1464	1464	4	13	0	0	0	128	898	1751	T?/M?	live	0	0	0	650	527.011	650.000	670.200	272	0	35	3	305	1464	128	0	0		0	0	0	0	0	0.339	0.398	0.454	0	0	0.000	0.000	0.000	0.000	203.000	77.000	280.000	70.000	820.200	0.6528	0.8000
hadur2.Hadur 3.9	jk.sheldor.nano.Yatagan 1.2.3	mid		1	true	35	4034.000	1172.000	30	1500.000	250.000	1887.000	822.000	9	19458	0.315	0.832	12.977	35	0	0	0.204	0.090	65	930	2	930	929	4	16	0	0	0	75	861	911	T?/M?	live	0	0	0	650	344.163	600.000	405.943	522	233	346	2	5	924	75	0	0		0	0	0	0	0	0.381	0.410	0.454	0	0	0.000	0.000	0.000	0.000	348.000	50.000	300.000	50.000	555.943	0.7749	0.8571
hadur2.Hadur 3.9	jk.sheldor.nano.Yatagan 1.2.3	mid		2	true	35	4361.000	1040.000	32	1600.000	150.000	2052.000	834.000	10	18802	0.229	0.721	14.318	35	0	0	0.219	0.092	55	882	2	882	881	4	20	0	0	0	65	317	866	T?/M?	live	0	0	0	650	317.969	400.000	387.200	456	198	350	2	3	882	65	0	0		0	0	0	0	0	0.364	0.390	0.438	0	0	0.000	0.000	0.000	0.000	388.000	27.000	320.000	30.000	537.200	0.8074	0.9143
hadur2.Hadur 3.9	jk.sheldor.nano.Yatagan 1.2.3	mid		3	true	35	4407.000	1055.000	33	1650.000	100.000	2032.000	911.000	8	19159	0.317	0.796	11.829	35	0	0	0.223	0.095	60	910	4	910	910	1	16	0	0	0	76	442	885	T?/M?	live	0	0	0	650	313.374	400.000	397.400	409	228	309	1	7	902	76	0	0		0	0	0	0	0	0.396	0.420	0.454	0	0	0.000	0.000	0.000	0.000	394.000	24.000	330.000	20.000	547.400	0.8068	0.9429
hadur2.Hadur 3.9	jk.sheldor.nano.Yatagan 1.2.3	mid		4	true	35	4053.000	1313.000	30	1500.000	250.000	1907.000	956.000	12	19662	0.308	0.799	11.625	35	0	0	0.209	0.106	63	940	2	921	919	5	21	0	0	0	72	0	931	T?/M?	live	0	0	0	650	332.266	425.000	411.771	652	179	359	3	6	918	69	0	0		298	0	0	0	0	0.339	0.380	0.416	0	0	0.000	0.000	0.000	0.000	347.000	57.000	300.000	50.000	561.771	0.7553	0.8571
hadur2.Hadur 3.9	jk.sheldor.nano.Yatagan 1.2.3	mid		5	true	35	4329.000	1082.000	32	1600.000	150.000	2011.000	878.000	10	19083	0.309	0.768	14.029	35	0	0	0.223	0.095	51	899	1	900	898	3	16	0	0	0	82	266	893	T?/M?	live	0	0	0	650	320.286	400.000	395.229	387	216	332	3	5	900	81	0	0		0	0	0	0	0	0.363	0.429	0.459	0	0	0.000	0.000	0.000	0.000	397.000	24.000	320.000	30.000	545.229	0.8000	0.9143
hadur2.Hadur 3.9	jk.sheldor.nano.Yatagan 1.2.3	mid		6	true	35	4187.000	1044.000	32	1600.000	150.000	1904.000	834.000	10	19751	0.294	0.774	12.775	35	0	0	0.220	0.079	60	951	3	952	950	1	15	0	0	0	95	912	926	T?/M?	live	0	0	0	650	313.857	400.000	414.314	479	156	321	2	4	935	95	0	0		0	0	0	0	0	0.363	0.410	0.452	0	0	0.000	0.000	0.000	0.000	363.000	30.000	320.000	30.000	564.314	0.8004	0.9143
hadur2.Hadur 3.9	jk.sheldor.nano.Yatagan 1.2.3	mid		7	true	35	4362.000	1159.000	32	1600.000	150.000	2048.000	953.000	12	18827	0.306	0.812	12.361	35	0	0	0.217	0.103	72	889	3	889	886	3	20	0	0	0	65	465	862	T?/M?	live	0	0	0	650	321.300	400.000	387.914	472	107	349	3	7	889	64	0	0		0	0	0	0	0	0.366	0.416	0.453	0	0	0.000	0.000	0.000	0.000	394.000	25.000	320.000	30.000	537.914	0.7901	0.9143
hadur2.Hadur 3.9	jk.sheldor.nano.Yatagan 1.2.3	mid		8	true	35	4381.000	1203.000	32	1600.000	150.000	2066.000	994.000	3	19471	0.317	0.827	11.769	34	0	0	0.224	0.104	47	923	4	923	922	0	16	0	0	0	58	186	879	T?/M?	live	0	0	0	650	316.591	400.000	401.588	638	244	327	1	6	885	58	0	0		0	0	0	1	1	0.363	0.425	0.459	0	0	0.000	0.000	0.000	0.000	395.000	29.000	320.000	30.000	556.314	0.7846	0.9143
hadur2.Hadur 3.9	lazarecki.mega.PinkerStinker 0.7	mid		1	true	35	3740.000	1282.000	29	1450.000	300.000	1693.000	864.000	17	28045	0.399	0.925	14.860	35	0	0	0.146	0.077	77	1338	4	1337	1337	7	21	0	0	0	114	1328	1634	T?/M?	live	0	0	0	650	418.597	625.000	651.286	392	42	215	3	7	1337	114	0	0		0	0	0	0	0	0.364	0.412	0.453	1	0	0.000	0.000	0.000	0.000	307.000	58.000	290.000	60.000	801.286	0.7447	0.8286
hadur2.Hadur 3.9	lazarecki.mega.PinkerStinker 0.7	mid		2	true	35	3456.000	1520.000	28	1400.000	350.000	1511.000	1017.000	24	31925	0.413	0.942	13.275	35	0	0	0.143	0.076	125	1511	1	1500	1493	16	15	0	0	0	109	0	1996	T?/M?	live	0	0	0	650	416.283	600.000	762.143	345	1	204	3	7	1498	108	0	0		298	0	0	0	0	0.366	0.420	0.459	1	0	0.000	0.000	0.000	0.000	265.000	83.000	280.000	70.000	912.143	0.6945	0.8000
hadur2.Hadur 3.9	lazarecki.mega.PinkerStinker 0.7	mid		3	true	35	3986.000	981.000	32	1600.000	150.000	1729.000	770.000	15	28344	0.370	0.866	13.912	35	0	0	0.147	0.068	71	1290	2	1290	1290	5	21	0	0	0	103	1248	1670	T?/M?	live	0	0	0	650	411.920	600.000	659.829	571	0	193	2	5	1287	103	0	0		0	0	0	0	0	0.364	0.413	0.453	1	0	0.000	1.000	0.000	0.000	337.000	29.000	320.000	30.000	809.829	0.8025	0.9143
hadur2.Hadur 3.9	lazarecki.mega.PinkerStinker 0.7	mid		4	true	35	3842.000	1034.000	32	1600.000	150.000	1622.000	824.000	18	31854	0.427	0.942	13.952	35	0	0	0.142	0.071	103	1468	1	1489	1468	9	28	0	0	0	131	1236	1977	T?/M?	live	0	0	0	650	424.749	650.000	760.143	526	2	125	2	7	1485	130	0	0		0	0	0	0	0	0.366	0.423	0.459	1	0	0.000	0.000	0.000	0.000	300.000	30.000	320.000	30.000	910.114	0.7879	0.9143
hadur2.Hadur 3.9	lazarecki.mega.PinkerStinker 0.7	mid		5	true	35	4019.000	1035.000	32	1600.000	150.000	1769.000	818.000	14	29134	0.406	0.930	41.431	35	0	0	0.150	0.075	85	1346	1	1346	1346	7	18	0	0	0	107	1291	1740	T?/M?	live	0	0	0	650	418.051	625.000	682.400	576	17	188	2	6	1346	107	0	0		0	0	0	0	0	0.364	0.416	0.453	1	0	0.000	0.000	0.000	0.000	331.000	38.000	320.000	30.000	832.400	0.7952	0.9143
hadur2.Hadur 3.9	lazarecki.mega.PinkerStinker 0.7	mid		6	true	35	3718.000	1239.000	29	1450.000	300.000	1673.000	813.000	17	26642	0.382	0.899	14.773	35	0	0	0.162	0.069	79	1234	0	1234	1234	10	18	0	0	0	85	356	1517	T?/M?	live	0	0	0	650	402.920	400.000	611.200	375	0	222	3	5	1218	85	0	0		0	0	0	0	0	0.366	0.413	0.453	1	0	0.000	0.000	0.000	0.000	305.000	65.000	290.000	60.000	761.200	0.7501	0.8286
hadur2.Hadur 3.9	lazarecki.mega.PinkerStinker 0.7	mid		7	true	35	3998.000	894.000	33	1650.000	100.000	1694.000	751.000	15	28400	0.360	0.878	13.892	35	0	0	0.152	0.064	69	1240	1	1240	1240	8	28	0	0	0	110	0	1673	T?/M?	live	0	0	0	650	403.354	400.000	661.429	635	0	135	2	3	1240	110	0	0		0	0	0	0	0	0.364	0.404	0.431	1	0	0.000	0.000	0.000	0.000	324.000	23.000	330.000	20.000	811.429	0.8173	0.9429
hadur2.Hadur 3.9	lazarecki.mega.PinkerStinker 0.7	mid		8	true	35	3808.000	1089.000	31	1550.000	200.000	1641.000	807.000	13	28032	0.385	0.891	12.668	35	0	0	0.145	0.069	77	1355	1	1355	1355	5	23	0	0	0	114	1129	1638	T?/M?	live	0	0	0	650	413.423	650.000	650.914	392	0	212	2	219	1353	114	0	0		0	0	0	0	0	0.366	0.415	0.453	1	0	0.000	0.000	0.000	0.000	306.000	42.000	310.000	40.000	800.914	0.7776	0.8857
hadur2.Hadur 3.9	lj.Dapps 0.2	mid		1	true	35	4344.000	719.000	34	1700.000	50.000	1926.000	646.000	9	23501	0.342	0.717	14.929	35	0	0	0.165	0.069	49	1290	4	1290	1290	4	18	0	0	0	92	0	1249	T?/M?	live	0	0	0	650	421.497	400.000	521.457	846	46	258	2	6	1284	92	0	0		0	0	0	0	0	0.364	0.406	0.431	0	0	0.000	0.000	0.000	0.000	378.000	13.000	340.000	10.000	671.457	0.8580	0.9714
hadur2.Hadur 3.9	lj.Dapps 0.2	mid		2	true	35	4197.000	772.000	35	1750.000	0.000	1747.000	772.000	12	27687	0.437	0.913	14.972	35	0	0	0.149	0.069	93	1611	9	1611	1610	5	28	0	0	0	161	1540	1611	T?/M?	live	0	0	0	650	459.071	650.000	641.057	696	270	208	3	8	1611	159	0	0		0	0	0	0	0	0.375	0.416	0.453	1	0	0.000	0.000	0.000	0.000	349.000	0.000	350.000	0.000	791.057	0.8446	1.0000
hadur2.Hadur 3.9	lj.Dapps 0.2	mid		3	true	35	4096.000	1013.000	32	1600.000	150.000	1836.000	790.000	15	25162	0.350	0.815	16.174	35	0	0	0.160	0.076	52	1408	7	1408	1407	17	24	0	0	0	123	1205	1402	T?/M?	live	0	0	0	650	421.869	400.000	568.914	619	170	223	2	374	1407	122	0	0		0	0	0	0	0	0.364	0.403	0.431	1	0	0.000	0.000	0.000	0.000	341.000	43.000	320.000	30.000	718.914	0.8017	0.9143
hadur2.Hadur 3.9	lj.Dapps 0.2	mid		4	true	35	4188.000	850.000	34	1700.000	50.000	1796.000	777.000	12	25711	0.390	0.883	13.297	35	0	0	0.149	0.071	59	1456	3	1456	1456	5	17	0	0	0	114	1422	1439	T?/M?	live	0	0	0	650	446.686	650.000	584.600	542	30	194	3	6	1453	114	0	0		0	0	0	0	0	0.364	0.416	0.453	1	0	0.000	0.000	0.000	0.000	352.000	13.000	340.000	10.000	734.600	0.8313	0.9714
hadur2.Hadur 3.9	lj.Dapps 0.2	mid		5	true	35	4195.000	753.000	35	1750.000	0.000	1746.000	753.000	12	26621	0.445	0.903	14.546	35	0	0	0.139	0.071	64	1523	13	1523	1523	6	22	0	0	0	129	1410	1525	T?/M?	live	0	0	0	650	456.114	650.000	610.600	738	171	165	3	9	1523	128	0	0		0	0	0	0	0	0.281	0.403	0.455	0	0	0.000	0.000	0.000	0.000	349.000	0.000	350.000	0.000	760.600	0.8478	1.0000
hadur2.Hadur 3.9	lj.Dapps 0.2	mid		6	true	35	4077.000	888.000	34	1700.000	50.000	1703.000	818.000	12	28560	0.419	0.895	13.891	35	0	0	0.147	0.077	99	1680	12	1680	1680	3	18	0	0	0	156	1579	1698	T?/M?	live	0	0	0	650	453.880	650.000	666.000	992	197	178	2	9	1680	154	0	0		0	0	0	0	0	0.378	0.423	0.460	0	0	0.000	0.000	0.000	0.000	334.000	10.000	340.000	10.000	816.000	0.8211	0.9714
hadur2.Hadur 3.9	lj.Dapps 0.2	mid		7	true	35	4120.000	862.000	34	1700.000	50.000	1735.000	787.000	12	26948	0.414	0.909	13.250	35	0	0	0.138	0.072	45	1556	5	1556	1555	4	27	0	0	0	129	1549	1563	T?/M?	live	0	0	0	650	452.963	650.000	619.943	776	129	71	2	9	1556	129	0	0		0	0	0	0	0	0.281	0.380	0.438	0	0	0.000	0.000	0.000	0.000	345.000	15.000	340.000	10.000	769.943	0.8270	0.9714
hadur2.Hadur 3.9	lj.Dapps 0.2	mid		8	true	35	3937.000	912.000	32	1600.000	150.000	1694.000	701.000	3	26503	0.376	0.815	14.071	34	0	0	0.146	0.071	49	1509	10	1509	1509	1	22	0	0	0	129	971	1453	T?/M?	live	0	0	0	650	457.418	650.000	607.176	924	115	121	2	19	1458	128	0	0		0	0	0	1	1	0.378	0.423	0.460	0	0	0.000	0.000	0.000	0.000	323.000	31.000	320.000	30.000	757.229	0.8119	0.9143
hadur2.Hadur 3.9	nat.Samekh 0.4	mid		1	true	35	3341.000	1322.000	30	1500.000	250.000	1300.000	969.000	13	28836	0.541	1.069	29.348	35	0	0	0.113	0.069	50	1520	11	1520	1520	5	23	0	0	0	130	0	1743	T?/M?	live	0	0	0	650	492.031	650.000	673.886	832	234	0	3	13	1520	129	0	0		0	0	0	0	0	0.316	0.411	0.471	0	0	0.000	0.000	0.000	0.000	241.000	53.000	300.000	50.000	823.886	0.7165	0.8571
hadur2.Hadur 3.9	nat.Samekh 0.4	mid		2	true	35	3495.000	1185.000	32	1600.000	150.000	1320.000	974.000	11	29148	0.540	1.052	31.169	35	0	0	0.112	0.074	48	1537	13	1537	1536	4	17	0	0	0	131	1754	1766	T?/M?	live	0	0	0	650	492.049	650.000	682.800	792	225	4	2	12	1537	129	0	0		0	0	0	0	0	0.281	0.406	0.460	0	0	0.000	0.000	0.000	0.000	255.000	31.000	320.000	30.000	832.800	0.7468	0.9143
hadur2.Hadur 3.9	nat.Samekh 0.4	mid		3	true	35	3127.000	1327.000	31	1550.000	200.000	1063.000	1046.000	13	31009	0.530	1.057	33.616	35	0	0	0.108	0.067	96	1678	7	1678	1678	10	19	0	0	0	165	1930	1956	T?/M?	live	0	0	0	650	499.191	650.000	735.971	965	149	0	2	14	1674	164	0	0		0	0	0	0	0	0.362	0.417	0.471	0	0	0.000	0.000	0.000	0.000	203.000	42.000	310.000	40.000	885.971	0.7021	0.8857
hadur2.Hadur 3.9	nat.Samekh 0.4	mid		4	true	35	3209.000	1283.000	30	1500.000	250.000	1189.000	928.000	12	28795	0.516	1.021	197.216	34	0	0	0.112	0.068	54	1527	11	1527	1527	10	16	0	0	0	127	1042	1683	T?/M?	live	0	0	0	650	491.188	650.000	673.059	891	138	21	3	12	1478	127	0	0		0	0	0	1	1	0.281	0.402	0.460	0	0	0.000	0.000	0.000	0.000	220.000	55.000	300.000	50.000	822.714	0.7144	0.8571
hadur2.Hadur 3.9	nat.Samekh 0.4	mid		5	true	35	2881.000	1778.000	27	1350.000	400.000	1070.000	1207.000	15	31186	0.530	1.074	35.384	35	0	0	0.107	0.080	86	1686	9	1686	1686	7	18	0	0	0	152	1101	1976	T?/M?	live	0	0	0	650	489.489	650.000	741.029	856	237	0	2	11	1680	152	0	0		0	0	0	0	0	0.362	0.416	0.471	0	0	0.000	0.000	0.000	0.000	191.000	91.000	270.000	80.000	891.029	0.6184	0.7714
hadur2.Hadur 3.9	nat.Samekh 0.4	mid		6	true	35	2529.000	2171.000	24	1200.000	550.000	933.000	1380.000	13	32773	0.567	1.103	32.097	35	0	0	0.113	0.085	129	1794	10	1793	1793	7	18	0	0	0	165	1449	2129	T?/M?	live	0	0	0	650	491.406	650.000	786.371	197	223	83	2	14	1793	165	0	0		0	0	0	0	0	0.281	0.402	0.455	0	0	0.000	0.000	0.000	0.000	156.000	132.000	240.000	110.000	936.371	0.5381	0.6857
hadur2.Hadur 3.9	nat.Samekh 0.4	mid		7	true	35	3327.000	1229.000	31	1550.000	200.000	1232.000	943.000	12	29468	0.519	1.018	30.854	35	0	0	0.113	0.062	75	1572	10	1572	1572	7	21	0	0	0	155	1641	1798	T?/M?	live	0	0	0	650	489.251	650.000	691.943	542	180	45	3	10	1572	153	0	0		0	0	0	0	0	0.362	0.420	0.471	0	0	0.000	0.000	0.000	0.000	235.000	45.000	310.000	40.000	841.943	0.7302	0.8857
hadur2.Hadur 3.9	nat.Samekh 0.4	mid		8	true	35	3017.000	1548.000	29	1450.000	300.000	1090.000	1118.000	13	31413	0.550	1.079	31.558	35	0	0	0.103	0.077	90	1706	10	1706	1706	3	27	0	0	0	158	1881	2015	T?/M?	live	0	0	0	650	485.860	650.000	747.514	1215	249	21	2	863	1706	157	0	0		0	0	0	0	0	0.281	0.399	0.465	0	0	0.000	0.000	0.000	0.000	186.000	70.000	290.000	60.000	897.514	0.6609	0.8286
hadur2.Hadur 3.9	nz.jdc.nano.NeophytePRAL 1.4	mid		1	true	35	5051.000	537.000	35	1750.000	0.000	2459.000	537.000	11	18460	0.245	0.711	12.499	35	0	0	0.209	0.093	65	917	1	919	917	3	27	0	0	0	72	343	810	T?/M?	live	0	0	0	650	343.849	625.000	377.429	577	174	556	3	5	919	72	0	0		0	0	0	0	0	0.362	0.407	0.471	0	0	0.000	0.000	0.000	0.000	492.000	0.000	350.000	0.000	527.429	0.9039	1.0000
hadur2.Hadur 3.9	nz.jdc.nano.NeophytePRAL 1.4	mid		2	true	35	5006.000	597.000	34	1700.000	50.000	2479.000	530.000	10	18090	0.261	0.732	11.915	35	0	0	0.210	0.090	58	888	4	893	888	2	25	0	0	0	81	433	778	T?/M?	live	0	0	0	650	345.031	400.000	366.857	593	119	564	2	5	893	81	0	0		0	0	0	0	0	0.412	0.450	0.471	0	0	0.000	0.000	0.000	0.000	486.000	7.000	340.000	10.000	516.857	0.8934	0.9714
hadur2.Hadur 3.9	nz.jdc.nano.NeophytePRAL 1.4	mid		3	true	35	4839.000	629.000	33	1650.000	100.000	2396.000	492.000	9	18502	0.241	0.687	11.592	35	0	0	0.215	0.083	54	917	5	918	917	0	19	0	0	0	68	686	800	T?/M?	live	0	0	0	650	336.771	400.000	378.629	469	106	545	1	7	903	68	0	0		0	0	0	0	0	0.362	0.393	0.434	0	0	0.000	0.000	0.000	0.000	464.000	16.000	330.000	20.000	528.629	0.8850	0.9429
hadur2.Hadur 3.9	nz.jdc.nano.NeophytePRAL 1.4	mid		4	true	35	5011.000	556.000	35	1750.000	0.000	2426.000	556.000	10	18961	0.262	0.741	13.241	35	0	0	0.203	0.095	63	949	4	952	949	2	22	0	0	0	79	561	837	T?/M?	live	0	0	0	650	336.760	525.000	391.743	519	171	579	2	5	952	79	0	0		0	0	0	0	0	0.362	0.424	0.471	0	0	0.000	0.000	0.000	0.000	485.000	0.000	350.000	0.000	541.743	0.9001	1.0000
hadur2.Hadur 3.9	nz.jdc.nano.NeophytePRAL 1.4	mid		5	true	35	4943.000	561.000	35	1750.000	0.000	2369.000	561.000	13	19419	0.289	0.700	28.715	35	0	0	0.213	0.095	76	986	2	967	963	4	20	0	0	0	69	753	898	T?/M?	live	0	0	0	650	343.971	400.000	404.829	552	208	541	3	6	967	68	0	0		298	0	0	0	0	0.411	0.472	0.511	0	0	0.000	0.000	0.000	0.000	474.000	0.000	350.000	0.000	554.829	0.8981	1.0000
hadur2.Hadur 3.9	nz.jdc.nano.NeophytePRAL 1.4	mid		6	true	35	5029.000	480.000	35	1750.000	0.000	2441.000	480.000	9	18304	0.241	0.625	12.420	35	0	0	0.201	0.082	51	899	5	905	898	1	18	0	0	0	66	743	798	T?/M?	live	0	0	0	650	337.337	400.000	372.971	590	111	554	2	6	905	66	0	0		0	0	0	0	0	0.387	0.421	0.458	0	0	0.000	0.000	0.000	0.000	488.000	0.000	350.000	0.000	522.971	0.9129	1.0000
hadur2.Hadur 3.9	nz.jdc.nano.NeophytePRAL 1.4	mid		7	true	35	5115.000	629.000	35	1750.000	0.000	2513.000	629.000	10	18783	0.270	0.734	12.238	35	0	0	0.201	0.109	57	941	2	943	940	2	22	0	0	0	71	724	826	T?/M?	live	0	0	0	650	345.040	650.000	386.657	700	174	591	3	5	943	71	0	0		0	0	0	0	0	0.396	0.459	0.511	0	0	0.000	0.000	0.000	0.000	503.000	0.000	350.000	0.000	536.657	0.8905	1.0000
hadur2.Hadur 3.9	nz.jdc.nano.NeophytePRAL 1.4	mid		8	true	35	5070.000	549.000	35	1750.000	0.000	2475.000	549.000	10	18672	0.256	0.664	11.365	35	0	0	0.207	0.089	39	927	5	930	926	1	19	0	0	0	68	305	824	T?/M?	live	0	0	0	650	343.457	400.000	383.486	639	56	531	1	7	930	68	0	0		0	0	0	0	0	0.401	0.445	0.476	0	0	0.000	0.000	0.000	0.000	495.000	0.000	350.000	0.000	533.486	0.9023	1.0000
hadur2.Hadur 3.9	origin.SleepSiphon 1.7b	mid		1	true	35	4390.000	603.000	34	1700.000	50.000	1964.000	526.000	21	21986	0.413	0.876	70.158	35	0	0	0.182	0.052	60	1158	7	1158	1158	2	18	0	0	0	77	341	1102	T?/M?	live	0	0	0	650	482.911	400.000	478.171	550	0	386	2	5	1144	77	0	0		0	0	0	0	0	0.363	0.424	0.484	0	0	0.000	0.000	0.000	0.000	387.000	17.000	340.000	10.000	628.171	0.8792	0.9714
hadur2.Hadur 3.9	origin.SleepSiphon 1.7b	mid		2	true	35	4548.000	473.000	35	1750.000	0.000	2040.000	473.000	12	22195	0.499	1.027	14.371	35	0	0	0.162	0.057	13	1187	3	1187	1187	3	15	0	0	0	100	769	1126	T?/M?	live	0	0	0	650	543.451	625.000	484.143	824	0	345	2	7	1187	100	0	0		0	0	0	0	0	0.411	0.462	0.511	0	0	0.000	0.000	0.000	0.000	408.000	0.000	350.000	0.000	634.143	0.9058	1.0000
hadur2.Hadur 3.9	origin.SleepSiphon 1.7b	mid		3	true	35	4385.000	624.000	33	1650.000	100.000	2006.000	481.000	10	20786	0.439	0.939	16.469	35	0	0	0.191	0.053	37	1057	1	1057	1057	2	13	0	0	0	77	415	1014	T?/M?	live	0	0	0	650	470.986	400.000	443.886	515	0	417	2	101	1055	77	0	0		0	0	0	0	0	0.363	0.424	0.484	0	0	0.000	0.000	0.000	0.000	398.000	24.000	330.000	20.000	593.886	0.8754	0.9429
hadur2.Hadur 3.9	origin.SleepSiphon 1.7b	mid		4	true	35	4362.000	607.000	33	1650.000	100.000	1990.000	472.000	10	21987	0.425	0.901	14.813	35	0	0	0.187	0.044	75	1169	2	1169	1169	3	16	0	0	0	64	0	1116	T?/M?	live	0	0	0	650	490.129	400.000	478.200	525	0	464	2	7	1169	64	0	0		0	0	0	0	0	0.422	0.470	0.511	0	0	0.000	0.000	0.000	0.000	392.000	15.000	330.000	20.000	628.200	0.8778	0.9429
hadur2.Hadur 3.9	origin.SleepSiphon 1.7b	mid		5	true	35	4658.000	437.000	35	1750.000	0.000	2132.000	437.000	11	20279	0.352	0.814	15.509	35	0	0	0.202	0.039	33	1031	5	1031	1031	5	11	0	0	0	71	703	984	T?/M?	live	0	0	0	650	473.714	400.000	429.400	489	0	408	3	3	1031	71	0	0		0	0	0	0	0	0.371	0.433	0.484	0	0	0.000	0.000	0.000	0.000	426.000	0.000	350.000	0.000	579.400	0.9142	1.0000
hadur2.Hadur 3.9	origin.SleepSiphon 1.7b	mid		6	true	35	4569.000	266.000	35	1750.000	0.000	2057.000	266.000	10	19956	0.343	0.802	15.657	35	0	0	0.182	0.031	11	1008	4	1008	1008	3	13	0	0	0	71	897	955	T?/M?	live	0	0	0	650	459.574	400.000	420.171	532	0	353	3	6	1008	71	0	0		0	0	0	0	0	0.422	0.473	0.511	0	0	0.000	0.000	0.000	0.000	411.000	0.000	350.000	0.000	570.171	0.9450	1.0000
hadur2.Hadur 3.9	origin.SleepSiphon 1.7b	mid		7	true	35	4380.000	680.000	33	1650.000	100.000	2006.000	528.000	10	21299	0.473	0.977	13.400	35	0	0	0.178	0.055	27	1097	4	1097	1097	4	13	0	0	0	73	1037	1071	T?/M?	live	0	0	0	650	483.523	400.000	458.543	618	0	370	2	7	1097	73	0	0		0	0	0	0	0	0.371	0.454	0.531	0	0	0.000	0.000	0.000	0.000	394.000	32.000	330.000	20.000	608.543	0.8656	0.9429
hadur2.Hadur 3.9	origin.SleepSiphon 1.7b	mid		8	true	35	4642.000	590.000	35	1750.000	0.000	2118.000	590.000	13	21081	0.385	0.901	15.461	35	0	0	0.190	0.065	53	1090	3	1090	1090	3	23	0	0	0	85	0	1041	T?/M?	live	0	0	0	650	449.051	400.000	452.314	470	0	488	2	5	1090	85	0	0		0	0	0	0	0	0.396	0.460	0.511	0	0	0.000	0.000	0.000	0.000	424.000	0.000	350.000	0.000	602.314	0.8872	1.0000
hadur2.Hadur 3.9	pe.SandboxLump 1.52	mid		1	true	35	3881.000	1466.000	29	1450.000	300.000	1813.000	1029.000	12	18330	0.338	0.817	13.703	35	0	0	0.176	0.092	10	748	6	748	748	3	9	0	0	0	52	61	837	T?/M?	live	0	0	0	650	332.929	650.000	373.714	514	0	341	2	4	748	52	0	0		0	0	0	0	0	0.395	0.441	0.484	0	0	0.000	0.000	0.000	0.000	328.000	78.000	290.000	60.000	523.714	0.7258	0.8286
hadur2.Hadur 3.9	pe.SandboxLump 1.52	mid		2	true	35	4316.000	769.000	35	1750.000	0.000	1847.000	769.000	13	19204	0.317	0.745	12.373	35	0	0	0.184	0.063	18	766	2	766	766	4	10	0	0	0	54	0	913	T?/M?	live	0	0	0	650	343.074	400.000	398.686	495	0	318	3	6	766	54	0	0		0	0	0	0	0	0.396	0.438	0.469	0	0	0.000	0.000	0.000	0.000	369.000	0.000	350.000	0.000	548.686	0.8488	1.0000
hadur2.Hadur 3.9	pe.SandboxLump 1.52	mid		3	true	35	4302.000	859.000	33	1650.000	100.000	1943.000	717.000	9	17651	0.305	0.749	12.524	35	0	0	0.194	0.076	4	717	3	717	717	2	11	0	0	0	58	63	783	T?/M?	live	0	0	0	650	335.380	450.000	354.314	859	0	335	1	7	716	58	0	0		0	0	0	0	0	0.371	0.438	0.484	0	0	0.000	0.000	0.000	0.000	379.000	22.000	330.000	20.000	504.314	0.8336	0.9429
hadur2.Hadur 3.9	pe.SandboxLump 1.52	mid		4	true	35	4122.000	814.000	33	1650.000	100.000	1793.000	667.000	11	18205	0.306	0.773	95.744	35	0	0	0.172	0.061	9	745	1	745	745	3	11	0	0	0	68	165	828	T?/M?	live	0	0	0	650	348.454	400.000	370.143	834	0	332	2	7	745	68	0	0		0	0	0	0	0	0.363	0.426	0.469	0	0	0.000	0.000	0.000	0.000	349.000	27.000	330.000	20.000	520.143	0.8351	0.9429
hadur2.Hadur 3.9	pe.SandboxLump 1.52	mid		5	true	35	4165.000	832.000	35	1750.000	0.000	1721.000	832.000	12	19762	0.299	0.772	14.411	35	0	0	0.169	0.070	9	820	3	820	820	4	13	0	0	0	103	922	959	T?/M?	live	0	0	0	650	335.680	650.000	414.629	632	0	218	3	6	820	103	0	0		0	0	0	0	0	0.375	0.426	0.475	0	0	0.000	0.000	0.000	0.000	344.000	0.000	350.000	0.000	564.629	0.8335	1.0000
hadur2.Hadur 3.9	pe.SandboxLump 1.52	mid		6	true	35	4240.000	1146.000	32	1600.000	150.000	1948.000	922.000	14	17989	0.317	0.766	12.520	35	0	0	0.203	0.106	20	721	3	703	702	5	16	0	0	0	56	0	799	T?/M?	live	0	0	0	650	306.826	450.000	363.971	536	0	395	3	5	684	55	0	0		298	0	0	0	0	0.371	0.472	0.531	0	0	0.000	0.000	0.000	0.000	373.000	44.000	320.000	30.000	513.971	0.7872	0.9143
hadur2.Hadur 3.9	pe.SandboxLump 1.52	mid		7	true	35	3958.000	977.000	33	1650.000	100.000	1651.000	838.000	13	19581	0.302	0.775	11.092	35	0	0	0.174	0.059	17	814	3	814	814	4	14	0	0	0	77	780	951	T?/M?	live	0	0	0	650	344.100	400.000	409.457	456	0	224	2	5	814	77	0	0		0	0	0	0	0	0.375	0.425	0.475	0	0	0.000	0.000	0.000	0.000	327.000	19.000	330.000	20.000	559.457	0.8020	0.9429
hadur2.Hadur 3.9	pe.SandboxLump 1.52	mid		8	true	35	4119.000	888.000	33	1650.000	100.000	1791.000	739.000	14	18102	0.336	0.802	12.455	35	0	0	0.185	0.065	9	734	2	734	734	1	12	0	0	0	57	674	819	T?/M?	live	0	0	0	650	343.469	525.000	367.200	391	0	313	2	6	732	57	0	0		0	0	0	0	0	0.395	0.479	0.531	0	0	0.000	0.000	0.000	0.000	348.000	29.000	330.000	20.000	517.200	0.8226	0.9429
hadur2.Hadur 3.9	penguin.Ivy 1.1r	mid		1	true	35	4312.000	629.000	33	1650.000	100.000	1954.000	485.000	12	30813	0.322	0.805	17.997	35	0	0	0.147	0.050	79	828	0	828	828	3	9	0	0	0	85	437	1847	T?/M?	live	0	0	0	650	541.686	400.000	730.371	251	0	184	2	4	828	85	0	0		0	0	0	0	0	0.378	0.449	0.505	0	0	0.000	0.000	0.000	0.000	377.000	24.000	330.000	20.000	880.371	0.8727	0.9429
hadur2.Hadur 3.9	penguin.Ivy 1.1r	mid		2	true	35	4172.000	705.000	33	1650.000	100.000	1831.000	567.000	7	32472	0.356	0.869	22.519	34	0	0	0.150	0.059	102	963	0	964	963	6	13	0	0	0	71	594	1916	T?/M?	live	0	0	0	650	559.194	650.000	765.265	291	0	211	3	4	889	71	0	0		0	0	0	1	1	0.375	0.450	0.531	0	0	0.000	0.000	0.000	0.000	360.000	19.000	330.000	20.000	927.771	0.8554	0.9429
hadur2.Hadur 3.9	penguin.Ivy 1.1r	mid		3	true	35	4666.000	501.000	34	1700.000	50.000	2191.000	428.000	10	27702	0.315	0.814	18.174	35	0	0	0.160	0.057	45	717	0	717	717	0	13	0	0	0	64	0	1579	T?/M?	live	0	0	0	650	532.511	400.000	641.486	253	0	243	1	7	717	64	0	0		0	0	0	0	0	0.378	0.458	0.505	0	0	0.000	0.000	0.000	0.000	434.000	12.000	340.000	10.000	791.486	0.9030	0.9714
hadur2.Hadur 3.9	penguin.Ivy 1.1r	mid		4	true	35	4184.000	508.000	33	1650.000	100.000	1847.000	370.000	12	31071	0.306	0.768	18.183	35	0	0	0.151	0.045	87	865	1	857	856	9	11	0	0	0	74	0	1878	T?/M?	live	0	0	0	650	545.706	425.000	737.743	184	0	173	3	2	857	74	0	0		298	0	0	0	0	0.375	0.463	0.531	0	0	0.000	0.000	0.000	0.000	358.000	18.000	330.000	20.000	887.743	0.8917	0.9429
hadur2.Hadur 3.9	penguin.Ivy 1.1r	mid		5	true	35	4044.000	810.000	31	1550.000	200.000	1838.000	525.000	15	28992	0.343	0.843	19.204	35	0	0	0.152	0.059	81	871	0	871	871	8	9	0	0	0	80	0	1703	T?/M?	live	0	0	0	650	520.817	400.000	678.343	204	0	219	3	4	871	80	0	0		0	0	0	0	0	0.361	0.444	0.505	0	0	0.000	0.000	0.000	0.000	346.000	46.000	310.000	40.000	828.343	0.8331	0.8857
hadur2.Hadur 3.9	penguin.Ivy 1.1r	mid		6	true	35	4347.000	499.000	34	1700.000	50.000	1928.000	428.000	11	30201	0.300	0.788	18.762	35	0	0	0.148	0.043	76	851	1	842	842	5	13	0	0	0	80	1625	1799	T?/M?	live	0	0	0	650	527.994	400.000	712.886	289	0	176	3	4	842	78	0	0		298	0	0	0	0	0.375	0.457	0.531	0	0	0.000	0.000	0.000	0.000	378.000	12.000	340.000	10.000	862.886	0.8970	0.9714
hadur2.Hadur 3.9	penguin.Ivy 1.1r	mid		7	true	35	4153.000	676.000	34	1700.000	50.000	1765.000	611.000	10	32878	0.333	0.831	19.786	35	0	0	0.150	0.059	117	966	0	967	966	3	12	0	0	0	95	998	2055	T?/M?	live	0	0	0	650	530.954	525.000	789.371	140	0	205	2	4	967	95	0	0		0	0	0	0	0	0.361	0.427	0.505	0	0	0.000	0.000	0.000	0.000	348.000	5.000	340.000	10.000	939.371	0.8600	0.9714
hadur2.Hadur 3.9	penguin.Ivy 1.1r	mid		8	true	35	4197.000	755.000	32	1600.000	150.000	1914.000	551.000	15	32367	0.302	0.820	17.750	35	0	0	0.155	0.056	123	913	0	915	913	5	16	0	0	0	70	0	1994	T?/M?	live	0	0	0	650	544.349	525.000	774.771	216	0	240	2	312	915	69	0	0		0	0	0	0	0	0.375	0.445	0.498	0	0	0.000	0.000	0.000	0.000	363.000	25.000	320.000	30.000	924.771	0.8475	0.9143
hadur2.Hadur 3.9	penguin.MrFreeze 1.0a	mid		1	true	35	4197.000	582.000	34	1700.000	50.000	1801.000	509.000	16	29098	0.506	1.021	14.963	35	0	0	0.143	0.076	59	1644	3	1660	1644	6	15	0	0	0	175	987	1735	T?/M?	live	0	0	0	650	516.449	525.000	681.371	624	1	84	3	9	1660	175	0	0		0	0	0	0	0	0.330	0.405	0.448	1	0	0.000	0.000	0.000	0.000	356.000	13.000	340.000	10.000	831.371	0.8782	0.9714
hadur2.Hadur 3.9	penguin.MrFreeze 1.0a	mid		2	true	35	4457.000	483.000	35	1750.000	0.000	1964.000	483.000	15	27389	0.528	1.037	13.966	35	0	0	0.154	0.073	52	1579	1	1582	1579	5	16	0	0	0	156	1535	1563	T?/M?	live	0	0	0	650	538.000	600.000	632.543	642	0	234	2	7	1582	156	0	0		0	0	0	0	0	0.361	0.436	0.505	0	0	0.000	0.000	0.000	0.000	393.000	0.000	350.000	0.000	782.543	0.9022	1.0000
hadur2.Hadur 3.9	penguin.MrFreeze 1.0a	mid		3	true	35	4421.000	535.000	35	1750.000	0.000	1934.000	535.000	12	27512	0.469	0.975	14.954	35	0	0	0.150	0.077	46	1566	3	1566	1566	3	25	0	0	0	145	1174	1576	T?/M?	live	0	0	0	650	497.640	525.000	636.057	537	0	207	2	40	1566	144	0	0		0	0	0	0	0	0.330	0.401	0.448	1	0	0.000	0.000	0.000	0.000	387.000	0.000	350.000	0.000	786.057	0.8921	1.0000
hadur2.Hadur 3.9	penguin.MrFreeze 1.0a	mid		4	true	35	3918.000	899.000	32	1600.000	150.000	1677.000	689.000	17	30329	0.507	1.015	14.792	35	0	0	0.134	0.081	74	1754	1	1734	1733	7	22	0	0	0	155	1768	1829	T?/M?	live	0	0	0	650	553.666	650.000	716.543	538	32	172	3	9	1734	155	0	0		298	0	0	0	0	0.361	0.432	0.505	0	0	0.000	0.000	0.000	0.000	321.000	30.000	320.000	30.000	866.543	0.8134	0.9143
hadur2.Hadur 3.9	penguin.MrFreeze 1.0a	mid		5	true	35	4307.000	684.000	33	1650.000	100.000	1951.000	537.000	17	26149	0.475	0.980	15.254	35	0	0	0.156	0.076	40	1492	4	1495	1492	8	25	0	0	0	154	1359	1469	T?/M?	live	0	0	0	650	543.157	650.000	597.114	735	10	231	3	6	1495	153	0	0		0	0	0	0	0	0.387	0.420	0.444	1	0	0.000	0.000	0.000	0.000	376.000	27.000	330.000	20.000	747.114	0.8630	0.9429
hadur2.Hadur 3.9	penguin.MrFreeze 1.0a	mid		6	true	35	4095.000	490.000	34	1700.000	50.000	1716.000	423.000	9	28606	0.498	0.984	14.727	35	0	0	0.136	0.065	42	1674	2	1674	1674	3	16	0	0	0	175	1663	1680	T?/M?	live	0	0	0	650	538.900	650.000	667.314	561	0	44	2	7	1674	175	0	0		0	0	0	0	0	0.330	0.397	0.448	0	0	0.000	0.000	0.000	0.000	339.000	8.000	340.000	10.000	817.314	0.8931	0.9714
hadur2.Hadur 3.9	penguin.MrFreeze 1.0a	mid		7	true	35	4311.000	468.000	35	1750.000	0.000	1843.000	468.000	12	27894	0.475	0.987	14.780	35	0	0	0.140	0.063	34	1603	2	1604	1603	3	13	0	0	0	154	1514	1613	T?/M?	live	0	0	0	650	553.260	650.000	646.971	756	64	77	2	8	1604	154	0	0		0	0	0	0	0	0.330	0.411	0.444	1	0	0.000	0.000	0.000	0.000	369.000	0.000	350.000	0.000	796.971	0.9021	1.0000
hadur2.Hadur 3.9	penguin.MrFreeze 1.0a	mid		8	true	35	4049.000	731.000	33	1650.000	100.000	1731.000	592.000	11	29252	0.468	0.985	16.577	35	0	0	0.138	0.075	55	1697	5	1697	1697	4	14	0	0	0	181	1567	1741	T?/M?	live	0	0	0	650	526.077	650.000	685.771	785	0	60	2	589	1697	181	0	0		0	0	0	0	0	0.330	0.398	0.448	0	0	0.000	0.000	0.000	0.000	337.000	20.000	330.000	20.000	835.771	0.8471	0.9429
hadur2.Hadur 3.9	pez.mini.VertiLeach 0.4.0	mid		1	true	35	2156.000	0.000	35	1750.000	0.000	47.000	0.000	9	5601	0.039	0.393	15.272	35	0	0	0.005	0.000	1	18	0	18	18	1	0	0	0	0	4	0	21	T?/M?	live	0	0	0	650	306.000	650.000	10.029	40	0	0	3	2	18	4	0	0	"Preventing pez.mini.VertiLeach 0.4.0 from access: (""java.io.FilePermission"" ""D:\code\Hadur_Robot\hadur-bench\target\classes\META-INF\services\java.time.zone.ZoneRulesProvider"" ""read""). You may only read files in your own root package directory."	0	0	1	0	0	0.394	0.417	0.448	0	0	0.000	0.000	0.000	0.000	9.000	0.000	350.000	0.000	160.029	1.0000	1.0000
hadur2.Hadur 3.9	pez.mini.VertiLeach 0.4.0	mid		2	true	35	2190.000	15.000	35	1750.000	0.000	75.000	15.000	4	5496	0.022	0.264	14.386	35	0	0	0.011	0.002	0	12	0	12	12	1	0	0	0	0	0	0	13	T?/M?	live	0	0	0	650	250.500	650.000	7.029	16	0	0	2	1	12	0	0	0	"Preventing pez.mini.VertiLeach 0.4.0 from access: (""java.io.FilePermission"" ""D:\code\Hadur_Robot\hadur-bench\target\classes\META-INF\services\java.time.zone.ZoneRulesProvider"" ""read""). You may only read files in your own root package directory."	0	0	1	0	0	0.394	0.404	0.413	0	0	0.000	0.000	0.000	0.000	15.000	0.000	350.000	0.000	157.029	0.9932	1.0000
hadur2.Hadur 3.9	pez.mini.VertiLeach 0.4.0	mid		3	true	35	2166.000	30.000	35	1750.000	0.000	55.000	30.000	4	5679	0.034	0.511	16.511	35	0	0	0.004	0.002	0	24	0	24	24	0	0	0	0	0	1	0	26	T?/M?	live	0	0	0	650	303.900	650.000	12.257	15	0	2	1	3	24	1	0	0	"Preventing pez.mini.VertiLeach 0.4.0 from access: (""java.io.FilePermission"" ""D:\code\Hadur_Robot\hadur-bench\target\classes\META-INF\services\java.time.zone.ZoneRulesProvider"" ""read""). You may only read files in your own root package directory."	0	0	1	0	0	0.359	0.401	0.432	0	0	0.000	0.000	0.000	0.000	11.000	0.000	350.000	0.000	162.257	0.9863	1.0000
hadur2.Hadur 3.9	pez.mini.VertiLeach 0.4.0	mid		4	true	35	2081.000	153.000	34	1700.000	50.000	41.000	78.000	1	5812	0.039	0.558	13.323	35	0	0	0.006	0.004	5	34	0	34	34	2	0	0	0	0	3	0	40	T?/M?	live	0	0	0	650	354.300	650.000	16.057	0	0	0	2	2	34	3	0	0	"Preventing pez.mini.VertiLeach 0.4.0 from access: (""java.io.FilePermission"" ""D:\code\Hadur_Robot\hadur-bench\target\classes\META-INF\services\java.time.zone.ZoneRulesProvider"" ""read""). You may only read files in your own root package directory."	0	0	1	0	0	0.399	0.430	0.448	0	0	0.000	0.000	0.000	0.000	0.000	16.000	340.000	10.000	166.057	0.9315	0.9714
hadur2.Hadur 3.9	pez.mini.VertiLeach 0.4.0	mid		5	true	35	2157.000	15.000	35	1750.000	0.000	47.000	15.000	6	5644	0.028	0.370	14.408	35	0	0	0.005	0.001	1	21	0	21	21	2	0	0	0	0	2	0	24	T?/M?	live	0	0	0	650	428.600	650.000	11.257	7	0	0	2	2	21	2	0	0	"Preventing pez.mini.VertiLeach 0.4.0 from access: (""java.io.FilePermission"" ""D:\code\Hadur_Robot\hadur-bench\target\classes\META-INF\services\java.time.zone.ZoneRulesProvider"" ""read""). You may only read files in your own root package directory."	0	0	1	0	0	0.358	0.383	0.432	0	0	0.000	0.000	0.000	0.000	9.000	0.000	350.000	0.000	161.257	0.9931	1.0000
hadur2.Hadur 3.9	pez.mini.VertiLeach 0.4.0	mid		6	true	35	2140.000	13.000	35	1750.000	0.000	33.000	13.000	5	5753	0.035	0.432	16.059	35	0	0	0.003	0.001	0	29	0	29	29	2	0	0	0	0	4	0	32	T?/M?	live	0	0	0	650	421.000	650.000	14.371	74	0	0	3	1	29	4	0	0	"Preventing pez.mini.VertiLeach 0.4.0 from access: (""java.io.FilePermission"" ""D:\code\Hadur_Robot\hadur-bench\target\classes\META-INF\services\java.time.zone.ZoneRulesProvider"" ""read""). You may only read files in your own root package directory."	0	0	1	0	0	0.359	0.401	0.432	0	0	0.000	0.000	0.000	0.000	7.000	0.000	350.000	0.000	164.371	0.9940	1.0000
hadur2.Hadur 3.9	pez.mini.VertiLeach 0.4.0	mid		7	true	35	2166.000	0.000	35	1750.000	0.000	55.000	0.000	6	5561	0.035	0.428	13.382	35	0	0	0.008	0.000	1	16	0	16	16	1	0	0	0	0	1	0	18	T?/M?	live	0	0	0	650	333.300	650.000	8.886	3	0	0	2	2	16	1	0	0	"Preventing pez.mini.VertiLeach 0.4.0 from access: (""java.io.FilePermission"" ""D:\code\Hadur_Robot\hadur-bench\target\classes\META-INF\services\java.time.zone.ZoneRulesProvider"" ""read""). You may only read files in your own root package directory."	0	0	1	0	0	0.353	0.395	0.444	1	0	0.000	0.000	0.000	0.000	11.000	0.000	350.000	0.000	158.886	1.0000	1.0000
hadur2.Hadur 3.9	pez.mini.VertiLeach 0.4.0	mid		8	true	35	2160.000	44.000	35	1750.000	0.000	50.000	44.000	5	5748	0.034	0.537	11.573	35	0	0	0.004	0.003	0	28	0	28	28	0	0	0	0	0	2	0	32	T?/M?	live	0	0	0	650	352.500	650.000	14.229	1	0	0	1	3	28	2	0	0	"Preventing pez.mini.VertiLeach 0.4.0 from access: (""java.io.FilePermission"" ""D:\code\Hadur_Robot\hadur-bench\target\classes\META-INF\services\java.time.zone.ZoneRulesProvider"" ""read""). You may only read files in your own root package directory."	0	0	1	0	0	0.330	0.360	0.393	0	0	0.000	0.000	0.000	0.000	10.000	0.000	350.000	0.000	164.229	0.9800	1.0000
hadur2.Hadur 3.9	rampancy.Durandal 2.2d	mid		1	true	35	3806.000	1219.000	29	1450.000	300.000	1749.000	794.000	9	20791	0.386	0.891	15.356	35	0	0	0.169	0.069	36	929	4	929	929	1	15	0	0	0	71	321	1033	T?/M?	live	0	0	0	650	391.117	400.000	444.029	417	206	326	2	7	929	71	0	0		0	0	0	0	0	0.387	0.435	0.486	1	0	0.000	0.000	0.000	0.000	318.000	65.000	290.000	60.000	594.029	0.7574	0.8286
hadur2.Hadur 3.9	rampancy.Durandal 2.2d	mid		2	true	35	4062.000	1181.000	31	1550.000	200.000	1851.000	903.000	9	20755	0.404	0.854	20.171	35	0	0	0.198	0.080	36	937	1	937	937	3	15	0	0	0	74	0	1044	T?/M?	live	0	0	0	650	386.386	575.000	443.000	518	152	239	2	7	936	74	0	0		0	0	0	0	0	0.353	0.418	0.444	1	0	0.000	0.000	0.000	0.000	350.000	38.000	310.000	40.000	593.000	0.7747	0.8857
hadur2.Hadur 3.9	rampancy.Durandal 2.2d	mid		3	true	35	3736.000	1590.000	27	1350.000	400.000	1802.000	1028.000	10	20960	0.427	0.906	16.265	35	0	0	0.178	0.089	37	941	0	941	941	4	19	0	0	0	68	0	1035	T?/M?	live	0	0	0	650	385.977	600.000	448.857	533	196	349	1	9	941	68	0	0		0	0	0	0	0	0.398	0.444	0.486	0	0	0.000	0.000	0.000	0.000	313.000	82.000	270.000	80.000	598.857	0.7015	0.7714
hadur2.Hadur 3.9	rampancy.Durandal 2.2d	mid		4	true	35	4071.000	1191.000	33	1650.000	100.000	1740.000	1047.000	11	22475	0.393	0.866	15.142	35	0	0	0.186	0.092	65	1029	7	1029	1029	3	11	0	0	0	78	1101	1181	T?/M?	live	0	0	0	650	375.077	400.000	492.143	336	298	355	3	6	1029	78	0	0		0	0	0	0	0	0.387	0.423	0.444	1	0	2.000	2.000	30.000	0.000	319.000	21.000	330.000	20.000	642.143	0.7737	0.9429
hadur2.Hadur 3.9	rampancy.Durandal 2.2d	mid		5	true	35	4225.000	1054.000	33	1650.000	100.000	1882.000	916.000	11	20784	0.357	0.863	14.791	35	0	0	0.210	0.089	63	917	2	917	917	4	11	0	0	0	77	795	1013	T?/M?	live	0	0	0	650	368.583	400.000	443.829	404	359	402	3	4	917	77	0	0		0	0	0	0	0	0.398	0.450	0.486	0	0	0.000	0.000	0.000	0.000	363.000	18.000	330.000	20.000	593.829	0.8003	0.9429
hadur2.Hadur 3.9	rampancy.Durandal 2.2d	mid		6	true	35	3580.000	1713.000	26	1300.000	450.000	1725.000	1067.000	3	21601	0.378	0.878	15.046	34	0	0	0.180	0.084	69	975	2	975	975	3	22	0	0	0	57	0	1039	T?/M?	live	0	0	0	650	397.282	400.000	458.235	491	357	386	2	5	928	57	0	0		0	0	0	1	1	0.387	0.426	0.465	1	0	5.000	1.000	0.000	0.000	290.000	105.000	260.000	90.000	617.171	0.6764	0.7429
hadur2.Hadur 3.9	rampancy.Durandal 2.2d	mid		7	true	35	3688.000	1420.000	30	1500.000	250.000	1595.000	1056.000	11	23276	0.414	0.906	18.319	35	0	0	0.169	0.083	51	1088	4	1088	1088	7	15	0	0	0	82	0	1250	T?/M?	live	0	0	0	650	394.071	575.000	515.029	315	271	231	3	6	1088	82	0	0		0	0	0	0	0	0.398	0.438	0.468	0	0	0.000	0.000	0.000	0.000	292.000	65.000	300.000	50.000	665.029	0.7220	0.8571
hadur2.Hadur 3.9	rampancy.Durandal 2.2d	mid		8	true	35	4089.000	1114.000	32	1600.000	150.000	1825.000	904.000	9	20898	0.344	0.808	15.876	35	0	0	0.174	0.079	30	925	2	926	925	0	16	0	0	0	70	0	1018	T?/M?	live	0	0	0	650	358.417	400.000	447.086	448	316	341	1	2537	926	70	0	0		0	0	0	0	0	0.387	0.425	0.465	1	0	0.000	0.000	0.000	0.000	345.000	31.000	320.000	30.000	597.086	0.7859	0.9143
hadur2.Hadur 3.9	ry.VirtualGunExperiment 1.2.0	mid		1	true	35	3686.000	926.000	33	1650.000	100.000	1428.000	787.000	13	30441	0.467	0.950	15.262	35	0	0	0.128	0.067	84	1696	1	1696	1696	5	23	0	0	0	151	1836	1853	T?/M?	live	0	0	0	650	525.306	650.000	719.743	473	530	64	3	9	1696	151	0	0		0	0	0	0	0	0.347	0.415	0.460	0	0	0.000	0.000	0.000	0.000	278.000	19.000	330.000	20.000	869.743	0.7992	0.9429
hadur2.Hadur 3.9	ry.VirtualGunExperiment 1.2.0	mid		2	true	35	3383.000	1028.000	30	1500.000	250.000	1337.000	681.000	16	30078	0.420	0.920	15.459	35	0	0	0.119	0.054	65	1670	2	1670	1670	7	19	0	0	0	170	1417	1823	T?/M?	live	0	0	0	650	522.097	650.000	709.371	481	488	29	3	9	1670	170	0	0		0	0	0	0	0	0.398	0.445	0.486	0	0	0.000	0.000	0.000	0.000	246.000	47.000	300.000	50.000	859.371	0.7669	0.8571
hadur2.Hadur 3.9	ry.VirtualGunExperiment 1.2.0	mid		3	true	35	3653.000	856.000	33	1650.000	100.000	1406.000	716.000	15	30551	0.374	0.839	42.606	35	0	0	0.117	0.061	57	1700	3	1700	1700	7	11	0	0	0	138	1522	1847	T?/M?	live	0	0	0	650	534.174	650.000	722.886	320	546	54	2	10	1700	138	0	0		0	0	0	0	0	0.329	0.404	0.449	0	0	0.000	0.000	0.000	0.000	267.000	20.000	330.000	20.000	872.886	0.8102	0.9429
hadur2.Hadur 3.9	ry.VirtualGunExperiment 1.2.0	mid		4	true	35	3778.000	676.000	34	1700.000	50.000	1449.000	608.000	10	29230	0.424	0.888	14.944	35	0	0	0.125	0.053	58	1609	3	1609	1609	3	16	0	0	0	150	1695	1740	T?/M?	live	0	0	0	650	505.103	400.000	685.143	601	493	32	2	8	1609	149	0	0		0	0	0	0	0	0.398	0.444	0.486	0	0	0.000	0.000	0.000	0.000	289.000	7.000	340.000	10.000	835.143	0.8482	0.9714
hadur2.Hadur 3.9	ry.VirtualGunExperiment 1.2.0	mid		5	true	35	3816.000	618.000	34	1700.000	50.000	1483.000	551.000	9	28442	0.360	0.782	15.016	35	0	0	0.123	0.048	46	1547	1	1546	1546	2	19	0	0	0	155	1342	1664	T?/M?	live	0	0	0	650	528.606	650.000	662.629	636	552	47	2	7	1546	155	0	0		0	0	0	0	0	0.329	0.396	0.447	0	0	0.000	0.000	0.000	0.000	293.000	7.000	340.000	10.000	812.629	0.8606	0.9714
hadur2.Hadur 3.9	ry.VirtualGunExperiment 1.2.0	mid		6	true	35	3494.000	1056.000	32	1600.000	150.000	1315.000	844.000	18	31424	0.487	1.002	14.632	35	0	0	0.110	0.064	70	1756	1	1756	1755	10	24	0	0	0	174	1172	1935	T?/M?	live	0	0	0	650	526.326	650.000	747.829	340	702	8	2	9	1756	174	0	0		0	0	0	0	0	0.347	0.414	0.460	0	0	1.000	0.000	8.000	0.000	250.000	32.000	320.000	30.000	897.829	0.7679	0.9143
hadur2.Hadur 3.9	ry.VirtualGunExperiment 1.2.0	mid		7	true	35	3970.000	549.000	34	1700.000	50.000	1612.000	478.000	9	26694	0.268	0.733	13.889	35	0	0	0.144	0.050	29	1431	3	1431	1431	1	19	0	0	0	137	514	1511	T?/M?	live	0	0	0	650	430.794	400.000	612.686	389	459	80	2	5	1431	136	0	0		0	0	0	0	0	0.329	0.385	0.439	0	0	0.000	0.000	0.000	0.000	318.000	11.000	340.000	10.000	762.686	0.8785	0.9714
hadur2.Hadur 3.9	ry.VirtualGunExperiment 1.2.0	mid		8	true	35	3781.000	755.000	34	1700.000	50.000	1454.000	684.000	13	29640	0.472	0.958	14.779	35	0	0	0.117	0.058	46	1641	3	1641	1641	3	23	0	0	0	155	1736	1772	T?/M?	live	0	0	0	650	515.271	650.000	696.857	565	498	13	2	16	1641	155	0	0		0	0	0	0	0	0.329	0.409	0.460	0	0	0.000	0.000	0.000	0.000	287.000	11.000	340.000	10.000	846.857	0.8336	0.9714
hadur2.Hadur 3.9	sheldor.micro.EpeeistDC 3.0	mid		1	true	35	3306.000	1541.000	28	1400.000	350.000	1372.000	1040.000	14	28970	0.550	1.092	12.935	35	0	0	0.131	0.084	75	1716	6	1695	1695	6	29	0	0	0	183	1537	1765	T?/M?	live	0	0	0	650	448.383	400.000	677.714	506	157	68	3	9	1688	182	0	0		298	0	0	0	0	0.300	0.364	0.433	0	0	0.000	0.000	0.000	0.000	254.000	81.000	280.000	70.000	827.714	0.6821	0.8000
hadur2.Hadur 3.9	sheldor.micro.EpeeistDC 3.0	mid		2	true	35	3615.000	1144.000	33	1650.000	100.000	1366.000	998.000	10	32900	0.614	1.183	46.802	35	0	0	0.122	0.075	115	2046	9	2046	2046	4	22	0	0	0	172	1886	2104	T?/M?	live	0	0	0	650	545.603	650.000	790.000	458	279	80	2	7	2043	172	0	0		0	0	0	0	0	0.329	0.405	0.449	0	0	0.000	0.000	0.000	0.000	270.000	26.000	330.000	20.000	940.000	0.7596	0.9429
hadur2.Hadur 3.9	sheldor.micro.EpeeistDC 3.0	mid		3	true	35	3118.000	1728.000	27	1350.000	400.000	1279.000	1155.000	17	32735	0.622	1.209	11.291	35	0	0	0.123	0.082	102	2040	7	2040	2040	10	18	0	0	0	174	2036	2110	T?/M?	live	0	0	0	650	550.577	650.000	785.286	921	175	28	2	11	2032	174	0	0		0	0	0	0	0	0.300	0.372	0.433	0	0	0.000	0.000	0.000	0.000	219.000	94.000	270.000	80.000	935.286	0.6434	0.7714
hadur2.Hadur 3.9	sheldor.micro.EpeeistDC 3.0	mid		4	true	35	3612.000	1083.000	32	1600.000	150.000	1421.000	862.000	10	30345	0.561	1.120	12.646	35	0	0	0.130	0.065	83	1841	10	1841	1841	8	12	0	0	0	180	1770	1872	T?/M?	live	0	0	0	650	509.377	500.000	717.000	483	154	60	2	7	1834	180	0	0		0	0	0	0	0	0.315	0.392	0.447	0	0	0.000	0.000	0.000	0.000	272.000	41.000	320.000	30.000	867.000	0.7693	0.9143
hadur2.Hadur 3.9	sheldor.micro.EpeeistDC 3.0	mid		5	true	35	3282.000	1359.000	30	1500.000	250.000	1248.000	998.000	15	33989	0.641	1.199	11.565	35	0	0	0.116	0.068	110	2138	8	2143	2138	10	21	0	0	0	194	2057	2237	T?/M?	live	0	0	0	650	541.883	650.000	821.114	745	247	56	3	5	2143	192	0	0		0	0	0	0	0	0.298	0.397	0.483	0	0	0.000	0.000	0.000	0.000	234.000	60.000	300.000	50.000	971.114	0.7072	0.8571
hadur2.Hadur 3.9	sheldor.micro.EpeeistDC 3.0	mid		6	true	35	3254.000	1477.000	29	1450.000	300.000	1278.000	1055.000	11	33110	0.647	1.199	11.594	35	0	0	0.126	0.072	100	2065	14	2070	2065	3	24	0	0	0	205	1895	2151	T?/M?	live	0	0	0	650	541.037	650.000	796.000	396	315	88	2	8	2070	203	0	0		0	0	0	0	0	0.300	0.383	0.440	0	0	0.000	0.000	0.000	0.000	236.000	62.000	290.000	60.000	946.000	0.6878	0.8286
hadur2.Hadur 3.9	sheldor.micro.EpeeistDC 3.0	mid		7	true	35	3128.000	1238.000	30	1500.000	250.000	1123.000	889.000	12	36384	0.655	1.232	12.640	35	0	0	0.113	0.064	144	2374	2	2375	2374	4	17	0	0	0	224	2373	2415	T?/M?	live	0	0	0	650	546.303	650.000	889.543	1527	109	0	2	9	2351	224	0	0		0	0	0	0	0	0.298	0.392	0.483	0	0	0.000	0.000	0.000	0.000	205.000	49.000	300.000	50.000	1039.543	0.7164	0.8571
hadur2.Hadur 3.9	sheldor.micro.EpeeistDC 3.0	mid		8	true	35	3158.000	1407.000	30	1500.000	250.000	1149.000	1045.000	10	35419	0.672	1.219	70.385	35	0	0	0.115	0.071	146	2253	10	2253	2253	1	20	0	0	0	225	2341	2355	T?/M?	live	0	0	0	650	548.089	650.000	861.971	401	215	32	2	12	2253	225	0	0		0	0	0	0	0	0.300	0.378	0.440	0	0	0.000	0.000	0.000	0.000	209.000	62.000	300.000	50.000	1011.971	0.6918	0.8571
hadur2.Hadur 3.9	sheldor.micro.PointInLineRRAL 1.0	mid		1	true	35	3991.000	465.000	35	1750.000	0.000	1576.000	465.000	9	27984	0.299	0.711	15.064	35	0	0	0.131	0.045	40	1549	1	1549	1549	3	19	0	0	0	124	1395	1650	T?/M?	live	0	0	0	650	535.586	500.000	649.543	798	0	40	2	6	1549	124	0	0		0	0	0	0	0	0.312	0.356	0.399	0	0	0.000	0.000	0.000	0.000	315.000	0.000	350.000	0.000	799.543	0.8956	1.0000
hadur2.Hadur 3.9	sheldor.micro.PointInLineRRAL 1.0	mid		2	true	35	3850.000	397.000	35	1750.000	0.000	1458.000	397.000	10	27910	0.255	0.631	21.727	35	0	0	0.113	0.035	30	1553	1	1553	1553	2	15	0	0	0	117	1548	1634	T?/M?	live	0	0	0	650	482.097	400.000	647.429	888	0	30	3	7	1553	117	0	0		0	0	0	0	0	0.315	0.390	0.440	0	0	0.000	0.000	0.000	0.000	292.000	0.000	350.000	0.000	797.429	0.9065	1.0000
hadur2.Hadur 3.9	sheldor.micro.PointInLineRRAL 1.0	mid		3	true	35	3621.000	429.000	35	1750.000	0.000	1267.000	429.000	10	32823	0.304	0.703	15.461	35	0	0	0.117	0.038	98	1921	2	1921	1921	1	9	0	0	0	134	1654	2101	T?/M?	live	0	0	0	650	558.746	500.000	787.800	951	11	64	2	7	1921	134	0	0		0	0	0	0	0	0.298	0.378	0.461	0	0	0.000	0.000	0.000	0.000	253.000	0.000	350.000	0.000	937.800	0.8941	1.0000
hadur2.Hadur 3.9	sheldor.micro.PointInLineRRAL 1.0	mid		4	true	35	3853.000	907.000	33	1650.000	100.000	1566.000	763.000	14	28889	0.430	0.893	14.447	35	0	0	0.133	0.066	63	1604	2	1604	1604	7	23	0	0	0	127	1633	1740	T?/M?	live	0	0	0	650	464.351	650.000	675.400	621	16	70	3	8	1598	127	0	0		0	0	0	0	0	0.300	0.366	0.433	0	0	0.000	0.000	0.000	0.000	307.000	24.000	330.000	20.000	825.400	0.8095	0.9429
hadur2.Hadur 3.9	sheldor.micro.PointInLineRRAL 1.0	mid		5	true	35	3080.000	695.000	33	1650.000	100.000	924.000	558.000	11	40183	0.387	0.807	16.147	35	0	0	0.122	0.043	214	2495	3	2495	2495	3	19	0	0	0	200	1560	2843	T?/M?	live	0	0	0	650	558.077	400.000	998.086	2103	0	49	3	11	2495	200	0	0		0	0	0	0	0	0.307	0.422	0.483	0	0	0.000	0.000	0.000	0.000	176.000	17.000	330.000	20.000	1148.086	0.8159	0.9429
hadur2.Hadur 3.9	sheldor.micro.PointInLineRRAL 1.0	mid		6	true	35	3460.000	1067.000	31	1550.000	200.000	1353.000	785.000	16	32708	0.402	0.901	14.322	35	0	0	0.119	0.057	106	1971	0	1971	1971	6	19	0	0	0	165	1831	2095	T?/M?	live	0	0	0	650	529.406	400.000	784.514	653	88	121	2	6	1971	164	0	0		0	0	0	0	0	0.298	0.376	0.461	0	0	0.000	0.000	0.000	0.000	247.000	42.000	310.000	40.000	934.514	0.7643	0.8857
hadur2.Hadur 3.9	sheldor.micro.PointInLineRRAL 1.0	mid		7	true	35	3854.000	688.000	35	1750.000	0.000	1462.000	688.000	10	29300	0.354	0.742	14.854	35	0	0	0.126	0.054	65	1667	0	1667	1667	3	17	0	0	0	121	1503	1768	T?/M?	live	0	0	0	650	477.197	400.000	687.143	387	20	59	2	4	1667	121	0	0		0	0	0	0	0	0.387	0.434	0.483	0	0	0.000	0.000	0.000	0.000	292.000	0.000	350.000	0.000	837.143	0.8485	1.0000
hadur2.Hadur 3.9	sheldor.micro.PointInLineRRAL 1.0	mid		8	true	35	3402.000	451.000	34	1700.000	50.000	1139.000	385.000	11	34919	0.327	0.731	15.472	35	0	0	0.111	0.034	123	2107	1	2107	2107	2	13	0	0	0	161	2300	2334	T?/M?	live	0	0	0	650	563.323	475.000	847.686	2115	63	45	2	8	2107	160	0	0		0	0	0	0	0	0.298	0.383	0.461	0	0	0.000	0.000	0.000	0.000	224.000	5.000	340.000	10.000	997.686	0.8829	0.9714
hadur2.Hadur 3.9	sheldor.nano.FoilistNano 3.2	mid		1	true	35	4112.000	1362.000	31	1550.000	200.000	1902.000	1078.000	9	20607	0.388	0.902	13.074	35	0	0	0.175	0.103	58	1033	1	1033	1033	2	10	0	0	0	91	313	998	T?/M?	live	0	0	0	650	319.349	450.000	438.771	590	203	342	2	5	1033	91	0	0		0	0	0	0	0	0.307	0.421	0.483	0	0	0.000	0.000	0.000	0.000	350.000	43.000	310.000	40.000	588.771	0.7512	0.8857
hadur2.Hadur 3.9	sheldor.nano.FoilistNano 3.2	mid		2	true	35	4014.000	1192.000	31	1550.000	200.000	1815.000	911.000	9	20157	0.311	0.850	13.533	35	0	0	0.166	0.090	59	997	2	997	995	2	19	0	0	0	77	917	950	T?/M?	live	0	0	0	650	322.571	650.000	425.914	503	220	400	2	6	989	77	0	0		0	0	0	0	0	0.298	0.375	0.461	0	0	0.000	0.000	0.000	0.000	339.000	42.000	310.000	40.000	575.914	0.7710	0.8857
hadur2.Hadur 3.9	sheldor.nano.FoilistNano 3.2	mid		3	true	35	4079.000	1528.000	29	1450.000	300.000	1988.000	1105.000	10	19832	0.369	0.895	13.977	35	0	0	0.178	0.112	46	984	5	984	982	1	18	0	0	0	78	888	923	T?/M?	live	0	0	0	650	322.817	650.000	416.629	485	105	468	1	5	983	78	0	0		0	0	0	0	0	0.394	0.435	0.480	0	0	0.000	0.000	0.000	0.000	351.000	62.000	290.000	60.000	566.629	0.7275	0.8286
hadur2.Hadur 3.9	sheldor.nano.FoilistNano 3.2	mid		4	true	35	4025.000	1365.000	30	1500.000	250.000	1883.000	1013.000	8	20439	0.365	0.872	14.574	34	0	0	0.175	0.095	52	1021	1	1022	1018	3	22	0	0	0	108	884	954	T?/M?	live	0	0	0	650	321.506	650.000	433.382	455	163	345	3	6	991	108	0	0		0	0	0	1	1	0.307	0.421	0.483	0	0	0.000	0.000	0.000	0.000	342.000	52.000	300.000	50.000	583.971	0.7468	0.8571
hadur2.Hadur 3.9	sheldor.nano.FoilistNano 3.2	mid		5	true	35	4262.000	1125.000	32	1600.000	150.000	1981.000	907.000	10	19782	0.341	0.863	12.810	35	0	0	0.178	0.088	62	978	2	978	977	3	15	0	0	0	99	878	915	T?/M?	live	0	0	0	650	329.640	500.000	415.200	439	110	449	2	4	978	99	0	0		0	0	0	0	0	0.394	0.436	0.480	0	0	0.000	0.000	0.000	0.000	361.000	38.000	320.000	30.000	565.200	0.7912	0.9143
hadur2.Hadur 3.9	sheldor.nano.FoilistNano 3.2	mid		6	true	35	4491.000	892.000	34	1700.000	50.000	2051.000	820.000	13	18786	0.322	0.805	10.716	35	0	0	0.204	0.088	57	905	6	905	904	1	16	0	0	0	69	181	850	T?/M?	live	0	0	0	650	324.497	525.000	386.743	590	106	403	2	6	899	68	0	0		0	0	0	0	0	0.387	0.436	0.483	0	0	0.000	0.000	0.000	0.000	400.000	12.000	340.000	10.000	536.743	0.8343	0.9714
hadur2.Hadur 3.9	sheldor.nano.FoilistNano 3.2	mid		7	true	35	4474.000	1068.000	33	1650.000	100.000	2092.000	926.000	7	19056	0.351	0.866	13.273	34	0	0	0.199	0.091	40	925	1	925	921	5	25	0	0	0	64	575	840	T?/M?	live	0	0	0	650	331.209	650.000	394.265	490	139	454	3	5	897	63	0	0		0	0	0	1	1	0.401	0.461	0.530	0	0	0.000	0.000	0.000	0.000	402.000	22.000	330.000	20.000	544.457	0.8073	0.9429
hadur2.Hadur 3.9	sheldor.nano.FoilistNano 3.2	mid		8	true	35	4091.000	1268.000	31	1550.000	200.000	1881.000	983.000	10	20500	0.363	0.876	14.757	35	0	0	0.173	0.093	57	1027	1	1027	1026	2	17	0	0	0	106	278	976	T?/M?	live	0	0	0	650	322.260	650.000	435.714	573	168	437	1	84	1019	106	0	0		0	0	0	0	0	0.387	0.430	0.480	0	0	0.000	0.000	0.000	0.000	351.000	45.000	310.000	40.000	585.714	0.7634	0.8857
hadur2.Hadur 3.9	slugzilla.ButtHead 2.0	mid		1	true	35	6692.000	2706.000	34	1700.000	50.000	3864.000	2446.000	9	11320	0.182	0.507	10.507	35	0	0	0.700	0.506	132	349	4	349	349	1	25	0	0	0	27	23	345	T?/M?	live	0	0	0	650	166.751	650.000	173.429	316	17	281	2	6	347	27	0	0		0	0	0	0	0	0.394	0.434	0.480	0	0	37.000	172.000	0.000	0.000	751.000	28.000	340.000	10.000	323.429	0.7121	0.9714
hadur2.Hadur 3.9	slugzilla.ButtHead 2.0	mid		2	true	35	6810.000	3151.000	33	1650.000	100.000	3999.000	2796.000	10	11511	0.193	0.510	8.513	35	0	0	0.701	0.565	139	361	1	361	361	3	28	0	0	0	27	274	357	T?/M?	live	0	0	0	650	157.277	650.000	178.886	294	36	291	3	2	355	27	0	0		0	0	0	0	0	0.394	0.431	0.473	0	0	65.000	191.000	0.000	0.000	766.000	44.000	330.000	20.000	328.886	0.6837	0.9429
hadur2.Hadur 3.9	slugzilla.ButtHead 2.0	mid		3	true	35	6478.000	3387.000	32	1600.000	150.000	3610.000	2547.000	4	10963	0.192	0.551	36.822	34	0	0	0.721	0.546	418	323	2	323	322	2	51	0	0	0	18	304	310	T?/M?	live	0	0	0	650	149.624	650.000	161.912	190	12	241	2	4	290	18	0	0		0	0	0	1	1	0.468	0.496	0.530	0	0	226.000	592.000	110.000	0.000	612.000	69.000	320.000	30.000	313.229	0.6567	0.9143
hadur2.Hadur 3.9	slugzilla.ButtHead 2.0	mid		4	true	35	6708.000	2724.000	34	1700.000	50.000	3767.000	2350.000	11	10920	0.178	0.497	8.897	35	0	0	0.748	0.523	205	322	3	322	322	2	34	0	0	0	23	197	318	T?/M?	live	0	0	0	650	148.034	650.000	162.000	285	14	259	2	2	316	23	0	0		0	0	0	0	0	0.401	0.437	0.477	0	0	125.000	287.000	109.000	0.000	668.000	28.000	340.000	10.000	312.000	0.7112	0.9714
hadur2.Hadur 3.9	slugzilla.ButtHead 2.0	mid		5	true	35	6555.000	2754.000	33	1650.000	100.000	3817.000	2420.000	11	11397	0.204	0.546	10.112	35	0	0	0.682	0.492	118	355	2	355	355	3	22	0	0	0	30	336	347	T?/M?	live	0	0	0	650	159.143	650.000	175.629	199	14	280	3	1	349	30	0	0		0	0	0	0	0	0.468	0.502	0.530	0	0	30.000	152.000	0.000	35.000	728.000	27.000	330.000	20.000	325.629	0.7042	0.9429
hadur2.Hadur 3.9	slugzilla.ButtHead 2.0	mid		6	true	35	6773.000	3211.000	33	1650.000	100.000	3960.000	2836.000	10	11730	0.201	0.528	9.537	35	0	0	0.676	0.552	152	375	0	375	375	1	32	0	0	0	33	0	373	T?/M?	live	0	0	0	650	154.414	650.000	185.143	319	25	296	2	3	372	33	0	0		0	0	0	0	0	0.401	0.459	0.530	0	0	61.000	210.000	35.000	0.000	737.000	45.000	330.000	20.000	335.143	0.6784	0.9429
hadur2.Hadur 3.9	slugzilla.ButtHead 2.0	mid		7	true	35	6883.000	3231.000	33	1650.000	100.000	4031.000	2902.000	9	11969	0.206	0.516	9.049	34	0	0	0.703	0.582	115	392	2	371	371	1	26	0	0	0	14	345	345	T?/M?	live	0	0	0	650	167.053	650.000	179.147	197	7	297	1	1	341	14	0	0		0	0	0	1	0	0.465	0.492	0.501	0	0	85.000	167.000	26.000	0.000	761.000	42.000	330.000	20.000	341.971	0.6805	0.9429
hadur2.Hadur 3.9	slugzilla.ButtHead 2.0	mid		8	true	35	6615.000	2552.000	34	1700.000	50.000	3792.000	2276.000	9	11330	0.218	0.572	186.307	35	0	0	0.680	0.474	132	350	2	350	350	0	27	0	0	0	27	0	346	T?/M?	live	0	0	0	650	168.980	650.000	173.714	322	14	279	1	5	347	27	0	0		0	0	0	0	0	0.401	0.477	0.530	0	0	38.000	180.000	0.000	36.000	745.000	0.000	340.000	10.000	323.714	0.7216	0.9714
hadur2.Hadur 3.9	slugzilla.RandomGF 1.0	mid		1	true	35	3457.000	987.000	33	1650.000	100.000	1237.000	844.000	12	25758	0.464	0.927	13.448	35	0	0	0.123	0.058	43	1369	8	1369	1369	5	17	0	0	0	129	1127	1480	T?/M?	live	0	0	0	650	537.260	650.000	585.943	516	607	25	3	7	1369	128	0	0		0	0	0	0	0	0.373	0.448	0.478	0	0	0.000	4.000	0.000	0.000	240.000	19.000	330.000	20.000	735.943	0.7779	0.9429
hadur2.Hadur 3.9	slugzilla.RandomGF 1.0	mid		2	true	35	3241.000	997.000	33	1650.000	100.000	1055.000	857.000	12	27270	0.459	0.907	14.313	35	0	0	0.106	0.055	52	1483	2	1483	1483	3	15	0	0	0	156	1179	1607	T?/M?	live	0	0	0	650	526.226	650.000	629.143	222	626	89	2	9	1483	156	0	0		0	0	0	0	0	0.436	0.477	0.530	0	0	0.000	0.000	0.000	0.000	206.000	20.000	330.000	20.000	779.143	0.7647	0.9429
hadur2.Hadur 3.9	slugzilla.RandomGF 1.0	mid		3	true	35	3526.000	550.000	35	1750.000	0.000	1188.000	550.000	8	25061	0.355	0.777	14.801	35	0	0	0.119	0.040	27	1331	0	1331	1331	3	11	0	0	0	157	1257	1411	T?/M?	live	0	0	0	650	506.906	400.000	566.029	663	495	21	2	9	1331	157	0	0		0	0	0	0	0	0.373	0.446	0.478	0	0	0.000	0.000	0.000	0.000	238.000	0.000	350.000	0.000	716.029	0.8651	1.0000
hadur2.Hadur 3.9	slugzilla.RandomGF 1.0	mid		4	true	35	3663.000	557.000	35	1750.000	0.000	1302.000	557.000	11	24368	0.341	0.728	14.732	35	0	0	0.129	0.043	24	1276	2	1276	1276	3	17	0	0	0	146	975	1346	T?/M?	live	0	0	0	650	517.403	575.000	546.229	456	643	66	2	7	1276	145	0	0		0	0	0	0	0	0.436	0.483	0.530	0	0	0.000	0.000	0.000	0.000	260.000	0.000	350.000	0.000	696.229	0.8680	1.0000
hadur2.Hadur 3.9	slugzilla.RandomGF 1.0	mid		5	true	35	3351.000	887.000	34	1700.000	50.000	1096.000	816.000	10	26650	0.428	0.869	14.754	35	0	0	0.106	0.055	44	1438	2	1438	1438	3	19	0	0	0	174	1358	1550	T?/M?	live	0	0	0	650	525.789	650.000	611.429	309	543	38	3	7	1438	174	0	0		0	0	0	0	0	0.373	0.446	0.478	0	0	0.000	0.000	0.000	0.000	215.000	11.000	340.000	10.000	761.429	0.7907	0.9714
hadur2.Hadur 3.9	slugzilla.RandomGF 1.0	mid		6	true	35	3246.000	1015.000	32	1600.000	150.000	1115.000	798.000	11	26733	0.425	0.866	13.234	35	0	0	0.108	0.051	57	1433	2	1433	1433	2	12	0	0	0	137	1228	1555	T?/M?	live	0	0	0	650	543.300	650.000	613.800	397	732	89	3	8	1433	137	0	0		0	0	0	0	0	0.427	0.462	0.501	0	0	0.000	0.000	0.000	0.000	211.000	37.000	320.000	30.000	763.800	0.7618	0.9143
hadur2.Hadur 3.9	slugzilla.RandomGF 1.0	mid		7	true	35	3224.000	1173.000	32	1600.000	150.000	1092.000	963.000	13	27363	0.447	0.904	14.096	35	0	0	0.108	0.062	53	1478	0	1478	1478	3	15	0	0	0	166	1202	1627	T?/M?	live	0	0	0	650	531.097	650.000	631.800	436	779	22	2	8	1476	165	0	0		0	0	0	0	0	0.373	0.439	0.478	0	0	0.000	0.000	0.000	0.000	212.000	30.000	320.000	30.000	781.800	0.7332	0.9143
hadur2.Hadur 3.9	slugzilla.RandomGF 1.0	mid		8	true	35	3550.000	845.000	34	1700.000	50.000	1259.000	774.000	11	25288	0.387	0.843	33.584	35	0	0	0.123	0.057	30	1344	1	1344	1344	3	17	0	0	0	147	1254	1434	T?/M?	live	0	0	0	650	522.749	625.000	572.514	340	592	23	2	16	1344	147	0	0		0	0	0	0	0	0.373	0.449	0.500	0	0	0.000	0.000	0.000	0.000	251.000	11.000	340.000	10.000	722.514	0.8077	0.9714
hadur2.Hadur 3.9	sos.SOS 1.0	mid		1	true	35	4070.000	704.000	32	1600.000	150.000	1802.000	501.000	41	26666	0.344	0.765	15.962	35	0	0	0.165	0.061	55	1523	5	1523	1523	3	18	0	0	0	141	1347	1508	T?/M?	live	0	0	0	650	373.331	400.000	611.886	470	157	222	3	7	1521	141	0	0	Unable to stop thread: hadur2.Hadur 3.9	0	1	0	0	0	0.373	0.439	0.478	0	0	0.000	0.000	0.000	0.000	348.000	22.000	320.000	30.000	761.886	0.8525	0.9143
hadur2.Hadur 3.9	sos.SOS 1.0	mid		2	true	35	4378.000	456.000	34	1700.000	50.000	1953.000	388.000	13	24218	0.300	0.696	17.094	35	0	0	0.185	0.059	42	1338	1	1338	1338	3	19	0	0	0	115	1060	1283	T?/M?	live	0	0	0	650	372.451	400.000	541.943	572	75	361	3	7	1338	115	0	0		0	0	0	0	0	0.373	0.442	0.477	0	0	0.000	0.000	0.000	0.000	385.000	7.000	340.000	10.000	691.943	0.9057	0.9714
hadur2.Hadur 3.9	sos.SOS 1.0	mid		3	true	35	4311.000	463.000	34	1700.000	50.000	1903.000	394.000	10	23235	0.309	0.737	18.080	35	0	0	0.158	0.048	17	1245	2	1245	1245	2	20	0	0	0	92	723	1201	T?/M?	live	0	0	0	650	397.766	400.000	513.857	671	105	304	2	7	1245	92	0	0		0	0	0	0	0	0.403	0.446	0.478	0	0	0.000	0.000	0.000	0.000	368.000	8.000	340.000	10.000	663.857	0.9030	0.9714
hadur2.Hadur 3.9	sos.SOS 1.0	mid		4	true	35	4413.000	626.000	33	1650.000	100.000	2037.000	494.000	12	23271	0.311	0.742	15.843	35	0	0	0.197	0.068	44	1267	3	1267	1267	2	14	0	0	0	107	961	1194	T?/M?	live	0	0	0	650	366.357	400.000	514.886	607	79	356	2	6	1255	107	0	0		0	0	0	0	0	0.373	0.443	0.477	0	0	0.000	0.000	0.000	0.000	396.000	11.000	330.000	20.000	664.886	0.8758	0.9429
hadur2.Hadur 3.9	sos.SOS 1.0	mid		5	true	35	4419.000	631.000	33	1650.000	100.000	2038.000	501.000	5	22938	0.331	0.767	16.445	34	0	0	0.185	0.066	14	1230	8	1230	1230	4	16	0	0	0	88	817	1141	T?/M?	live	0	0	0	650	381.632	400.000	507.029	625	163	309	3	7	1203	88	0	0		0	0	0	1	1	0.419	0.456	0.489	0	0	0.000	0.000	0.000	0.000	401.000	11.000	330.000	20.000	655.371	0.8750	0.9429
hadur2.Hadur 3.9	sos.SOS 1.0	mid		6	true	35	4594.000	382.000	35	1750.000	0.000	2068.000	371.000	10	25326	0.284	0.698	26.251	35	0	0	0.167	0.051	33	1448	4	1448	1448	2	17	0	0	0	93	880	1373	T?/M?	live	0	0	0	650	377.589	400.000	573.600	760	79	256	3	9	1447	93	0	0		0	0	0	0	0	0.403	0.446	0.489	0	0	11.000	11.000	0.000	0.000	415.000	0.000	350.000	0.000	723.600	0.9232	1.0000
hadur2.Hadur 3.9	sos.SOS 1.0	mid		7	true	35	4424.000	475.000	35	1750.000	0.000	1936.000	475.000	11	26884	0.305	0.711	15.944	35	0	0	0.166	0.061	36	1556	4	1556	1556	1	22	0	0	0	117	1492	1517	T?/M?	live	0	0	0	650	378.017	400.000	618.114	475	64	213	2	7	1556	117	0	0		0	0	0	0	0	0.418	0.446	0.483	0	0	0.000	0.000	0.000	0.000	387.000	0.000	350.000	0.000	768.114	0.9030	1.0000
hadur2.Hadur 3.9	sos.SOS 1.0	mid		8	true	35	4106.000	777.000	32	1600.000	150.000	1836.000	572.000	9	25041	0.336	0.798	41.519	35	0	0	0.171	0.065	39	1389	4	1389	1388	1	17	0	0	0	102	417	1361	T?/M?	live	0	0	0	650	401.977	425.000	565.457	604	151	309	1	4	1385	101	0	0		0	0	0	0	0	0.403	0.452	0.489	0	0	1.000	5.000	0.000	0.000	349.000	20.000	320.000	30.000	715.457	0.8409	0.9143
hadur2.Hadur 3.9	stelo.Chord 1.0	mid		1	true	35	3389.000	867.000	33	1650.000	100.000	1177.000	724.000	8	27288	0.359	0.782	15.428	34	0	0	0.108	0.048	37	1489	2	1468	1468	3	12	0	0	0	154	1212	1510	T?/M?	live	0	0	0	650	511.100	650.000	618.529	519	718	43	3	7	1385	151	0	0		298	0	0	1	1	0.418	0.440	0.464	0	0	0.000	0.000	0.000	0.000	232.000	23.000	330.000	20.000	779.657	0.7963	0.9429
hadur2.Hadur 3.9	stelo.Chord 1.0	mid		2	true	35	3730.000	1037.000	31	1550.000	200.000	1572.000	758.000	11	24340	0.336	0.816	32.871	35	0	0	0.160	0.067	42	1306	3	1285	1285	4	17	0	0	0	129	1210	1326	T?/M?	live	0	0	0	650	428.846	400.000	545.429	632	373	188	3	4	1268	128	0	0		298	0	0	0	0	0.403	0.449	0.489	0	0	0.000	0.000	0.000	0.000	298.000	39.000	310.000	40.000	695.429	0.7825	0.8857
hadur2.Hadur 3.9	stelo.Chord 1.0	mid		3	true	35	3853.000	775.000	33	1650.000	100.000	1565.000	635.000	3	23487	0.314	0.751	32.336	34	0	0	0.147	0.053	23	1231	1	1231	1231	1	22	0	0	0	112	584	1183	T?/M?	live	0	0	0	650	441.071	400.000	508.824	565	356	165	1	6	1164	112	0	0		0	0	0	1	1	0.418	0.445	0.472	0	0	0.000	0.000	0.000	0.000	307.000	19.000	330.000	20.000	671.057	0.8325	0.9429
hadur2.Hadur 3.9	stelo.Chord 1.0	mid		4	true	35	3392.000	1326.000	29	1450.000	300.000	1394.000	901.000	12	26617	0.398	0.896	37.365	35	0	0	0.151	0.062	59	1477	6	1477	1477	6	17	0	0	0	145	1481	1494	T?/M?	live	0	0	0	650	419.637	400.000	610.486	536	309	160	2	4	1428	144	0	0		0	0	0	0	0	0.418	0.449	0.489	0	0	0.000	0.000	0.000	0.000	258.000	66.000	290.000	60.000	760.486	0.7189	0.8286
hadur2.Hadur 3.9	stelo.Chord 1.0	mid		5	true	35	3823.000	782.000	35	1750.000	0.000	1436.000	782.000	10	25374	0.346	0.765	15.631	35	0	0	0.131	0.061	36	1361	1	1361	1361	3	13	0	0	0	138	1396	1413	T?/M?	live	0	0	0	650	424.289	400.000	574.971	639	458	146	2	7	1361	137	0	0		0	0	0	0	0	0.418	0.448	0.472	0	0	0.000	0.000	0.000	0.000	287.000	0.000	350.000	0.000	724.971	0.8302	1.0000
hadur2.Hadur 3.9	stelo.Chord 1.0	mid		6	true	35	3485.000	989.000	32	1600.000	150.000	1314.000	779.000	13	26286	0.428	0.925	50.682	35	0	0	0.131	0.058	49	1430	1	1428	1428	36	10	0	0	0	137	1470	1510	T?/M?	live	0	0	0	650	492.571	650.000	601.029	381	487	162	2	6	1428	137	0	0		0	0	0	0	0	0.418	0.452	0.489	0	0	0.000	0.000	0.000	0.000	251.000	29.000	320.000	30.000	751.029	0.7789	0.9143
hadur2.Hadur 3.9	stelo.Chord 1.0	mid		7	true	35	3363.000	1057.000	31	1550.000	200.000	1262.000	785.000	6	27100	0.375	0.851	16.059	34	0	0	0.115	0.055	36	1486	2	1486	1486	11	19	0	0	0	158	1381	1511	T?/M?	live	0	0	0	650	514.915	650.000	617.559	515	575	71	2	8	1422	158	0	0		0	0	0	1	1	0.415	0.445	0.472	0	0	0.000	0.000	0.000	0.000	242.000	32.000	310.000	40.000	774.286	0.7609	0.8857
hadur2.Hadur 3.9	stelo.Chord 1.0	mid		8	true	35	3611.000	879.000	32	1600.000	150.000	1427.000	664.000	9	25442	0.363	0.794	15.057	35	0	0	0.131	0.049	25	1369	3	1369	1369	2	17	0	0	0	124	1313	1366	T?/M?	live	0	0	0	650	508.903	625.000	576.914	569	625	129	2	49	1309	124	0	0		0	0	0	0	0	0.418	0.453	0.489	0	0	0.000	0.000	0.000	0.000	265.000	35.000	320.000	30.000	726.914	0.8042	0.9143
hadur2.Hadur 3.9	stelo.PastFuture 2.3.2	mid		1	true	35	3105.000	1798.000	27	1350.000	400.000	1271.000	1235.000	11	27716	0.632	1.151	14.718	35	0	0	0.128	0.084	80	1515	1	1515	1515	4	18	0	0	0	140	1438	1646	T?/M?	live	0	0	0	650	440.663	650.000	641.886	210	28	106	2	8	1514	140	0	0		0	0	0	0	0	0.332	0.396	0.451	0	0	0.000	0.000	0.000	0.000	215.000	83.000	270.000	80.000	791.886	0.6333	0.7714
hadur2.Hadur 3.9	stelo.PastFuture 2.3.2	mid		2	true	35	3171.000	1571.000	30	1500.000	250.000	1157.000	1206.000	14	29279	0.654	1.157	15.009	35	0	0	0.115	0.077	88	1654	2	1654	1653	4	19	0	0	0	148	1084	1791	T?/M?	live	0	0	0	650	464.146	650.000	686.543	225	24	85	2	6	1649	148	0	0		0	0	0	0	0	0.311	0.410	0.472	0	0	0.000	0.000	0.000	0.000	214.000	65.000	300.000	50.000	836.543	0.6687	0.8571
hadur2.Hadur 3.9	stelo.PastFuture 2.3.2	mid		3	true	35	2781.000	1967.000	25	1250.000	500.000	1098.000	1247.000	9	27832	0.650	1.211	14.483	35	0	0	0.115	0.086	87	1564	1	1564	1564	3	11	0	0	0	138	1099	1669	T?/M?	live	0	0	0	650	453.957	650.000	645.200	231	0	22	2	9	1564	138	0	0		0	0	0	0	0	0.332	0.402	0.451	0	0	0.000	0.000	0.000	0.000	183.000	119.000	250.000	100.000	795.200	0.5857	0.7143
hadur2.Hadur 3.9	stelo.PastFuture 2.3.2	mid		4	true	35	3416.000	1235.000	32	1600.000	150.000	1255.000	1020.000	14	27701	0.621	1.147	14.870	35	0	0	0.118	0.074	52	1546	0	1546	1546	7	23	0	0	0	144	1628	1645	T?/M?	live	0	0	0	650	455.023	650.000	641.457	335	32	18	2	6	1546	144	0	0		0	0	0	0	0	0.311	0.404	0.472	0	0	0.000	0.000	0.000	0.000	241.000	35.000	320.000	30.000	791.457	0.7345	0.9143
hadur2.Hadur 3.9	stelo.PastFuture 2.3.2	mid		5	true	35	3307.000	1369.000	31	1550.000	200.000	1222.000	1081.000	12	27457	0.599	1.140	14.541	35	0	0	0.123	0.076	75	1538	3	1539	1538	8	16	0	0	0	152	1612	1624	T?/M?	live	0	0	0	650	462.566	650.000	634.486	372	33	71	2	6	1539	152	0	0		0	0	0	0	0	0.332	0.395	0.450	0	0	0.000	0.000	0.000	0.000	225.000	48.000	310.000	40.000	784.486	0.7072	0.8857
hadur2.Hadur 3.9	stelo.PastFuture 2.3.2	mid		6	true	35	2942.000	1968.000	25	1250.000	500.000	1242.000	1249.000	4	26796	0.631	1.181	13.075	34	0	0	0.122	0.083	60	1489	6	1489	1489	1	9	0	0	0	137	1168	1508	T?/M?	live	0	0	0	650	443.935	650.000	614.559	350	35	54	2	5	1444	137	0	0		0	0	0	1	1	0.311	0.403	0.472	0	0	0.000	0.000	0.000	0.000	200.000	119.000	250.000	100.000	765.600	0.5992	0.7143
hadur2.Hadur 3.9	stelo.PastFuture 2.3.2	mid		7	true	35	3183.000	1650.000	28	1400.000	350.000	1281.000	1147.000	15	27290	0.597	1.127	15.181	35	0	0	0.121	0.077	60	1524	0	1524	1524	6	30	0	0	0	139	1526	1577	T?/M?	live	0	0	0	650	463.946	575.000	629.714	325	0	24	3	5	1506	139	0	0		0	0	0	0	0	0.332	0.394	0.451	0	0	0.000	0.000	0.000	0.000	222.000	84.000	280.000	70.000	779.714	0.6586	0.8000
hadur2.Hadur 3.9	stelo.PastFuture 2.3.2	mid		8	true	35	3050.000	2012.000	26	1300.000	450.000	1282.000	1362.000	5	27975	0.659	1.227	15.274	34	0	0	0.123	0.091	64	1566	1	1566	1566	2	18	0	0	0	133	1571	1624	T?/M?	live	0	0	0	650	465.518	650.000	648.500	204	29	69	1	311	1518	133	0	0		0	0	0	1	1	0.311	0.395	0.464	0	0	2.000	1.000	0.000	0.000	205.000	109.000	260.000	90.000	799.286	0.6025	0.7429
hadur2.Hadur 3.9	synnalagma.NeuralPremier 0.51	mid		1	true	35	4258.000	890.000	32	1600.000	150.000	1963.000	681.000	10	22619	0.321	0.754	15.431	35	0	0	0.167	0.068	40	1018	2	1018	1018	2	14	0	0	0	102	818	1164	T?/M?	live	0	0	0	650	391.620	650.000	496.257	685	23	361	2	6	1018	102	0	0		0	0	0	0	0	0.317	0.395	0.451	0	0	0.000	1.000	0.000	0.000	375.000	28.000	320.000	30.000	646.257	0.8271	0.9143
hadur2.Hadur 3.9	synnalagma.NeuralPremier 0.51	mid		2	true	35	4147.000	843.000	32	1600.000	150.000	1866.000	636.000	11	22695	0.322	0.756	14.507	35	0	0	0.180	0.064	52	1006	2	1006	1006	2	14	0	0	0	90	744	1175	T?/M?	live	0	0	0	650	385.546	400.000	498.429	568	15	397	3	7	1006	90	0	0		0	0	0	0	0	0.311	0.400	0.464	0	0	0.000	0.000	0.000	0.000	361.000	26.000	320.000	30.000	648.429	0.8311	0.9143
hadur2.Hadur 3.9	synnalagma.NeuralPremier 0.51	mid		3	true	35	4248.000	863.000	32	1600.000	150.000	1946.000	651.000	9	21785	0.314	0.756	15.803	35	0	0	0.174	0.064	32	953	3	953	953	2	12	0	0	0	104	1029	1099	T?/M?	live	0	0	0	650	384.389	400.000	472.429	572	22	382	1	7	953	104	0	0		0	0	0	0	0	0.373	0.406	0.451	0	0	0.000	0.000	0.000	0.000	382.000	32.000	320.000	30.000	622.429	0.8311	0.9143
hadur2.Hadur 3.9	synnalagma.NeuralPremier 0.51	mid		4	true	35	4373.000	795.000	33	1650.000	100.000	2005.000	654.000	10	22306	0.341	0.805	14.635	35	0	0	0.166	0.066	25	992	3	992	991	3	6	0	0	0	84	660	1128	T?/M?	live	0	0	0	650	390.720	450.000	487.314	425	8	384	3	6	992	84	0	0		0	0	0	0	0	0.311	0.378	0.464	0	0	0.000	0.000	0.000	0.000	389.000	21.000	330.000	20.000	637.314	0.8462	0.9429
hadur2.Hadur 3.9	synnalagma.NeuralPremier 0.51	mid		5	true	35	4392.000	945.000	32	1600.000	150.000	2079.000	729.000	6	21652	0.317	0.779	14.572	34	0	0	0.172	0.076	23	927	5	927	927	7	11	0	0	0	87	680	1042	T?/M?	live	0	0	0	650	384.329	425.000	467.147	640	26	384	3	8	899	87	0	0		0	0	0	1	1	0.347	0.380	0.404	0	0	0.000	0.000	0.000	0.000	393.000	35.000	320.000	30.000	618.629	0.8229	0.9143
hadur2.Hadur 3.9	synnalagma.NeuralPremier 0.51	mid		6	true	35	4579.000	477.000	35	1750.000	0.000	2066.000	477.000	12	21970	0.309	0.724	15.154	35	0	0	0.168	0.060	10	974	3	958	958	5	21	0	0	0	102	568	1113	T?/M?	live	0	0	0	650	405.823	650.000	477.714	476	73	273	3	7	958	99	0	0		298	0	0	0	0	0.383	0.420	0.451	0	0	0.000	0.000	0.000	0.000	413.000	0.000	350.000	0.000	627.714	0.9057	1.0000
hadur2.Hadur 3.9	synnalagma.NeuralPremier 0.51	mid		7	true	35	4486.000	814.000	34	1700.000	50.000	2046.000	745.000	13	23605	0.317	0.806	15.117	35	0	0	0.178	0.079	41	1090	4	1090	1090	5	20	0	0	0	104	998	1239	T?/M?	live	0	0	0	650	394.277	650.000	524.429	574	0	366	2	7	1089	104	0	0		0	0	0	0	0	0.347	0.393	0.450	0	0	0.000	0.000	0.000	0.000	401.000	9.000	340.000	10.000	674.429	0.8464	0.9714
hadur2.Hadur 3.9	synnalagma.NeuralPremier 0.51	mid		8	true	35	4668.000	709.000	35	1750.000	0.000	2110.000	689.000	10	21994	0.353	0.825	14.000	35	0	0	0.192	0.075	57	962	6	962	962	3	9	0	0	0	97	971	1123	T?/M?	live	0	0	0	650	376.740	400.000	478.400	498	27	396	2	8	960	97	0	0		0	0	0	0	0	0.332	0.414	0.451	0	0	32.000	19.000	0.000	0.000	425.000	0.000	350.000	0.000	628.400	0.8681	1.0000
hadur2.Hadur 3.9	xander.cat.SamAxe 1.1	mid		1	true	35	4450.000	911.000	32	1600.000	150.000	2129.000	699.000	9	19993	0.385	0.894	49.395	35	0	0	0.198	0.078	38	959	1	959	959	5	15	0	0	0	67	86	942	T?/M?	live	0	0	0	650	489.403	625.000	421.229	308	0	546	2	10	959	67	0	0		0	0	0	0	0	0.247	0.321	0.382	0	0	0.000	0.000	0.000	0.000	401.000	32.000	320.000	30.000	571.229	0.8301	0.9143
hadur2.Hadur 3.9	xander.cat.SamAxe 1.1	mid		2	true	35	4326.000	912.000	32	1600.000	150.000	2024.000	702.000	9	20797	0.387	0.878	9.631	35	0	0	0.190	0.075	68	997	2	997	996	3	23	0	0	0	72	327	1000	T?/M?	live	0	0	0	650	442.751	400.000	444.200	467	23	518	3	6	997	71	0	0		0	0	0	0	0	0.313	0.381	0.450	0	0	0.000	0.000	0.000	0.000	382.000	30.000	320.000	30.000	594.200	0.8259	0.9143
hadur2.Hadur 3.9	xander.cat.SamAxe 1.1	mid		3	true	35	4818.000	760.000	34	1700.000	50.000	2324.000	688.000	8	19232	0.351	0.851	8.589	35	0	0	0.226	0.087	77	863	2	863	863	1	24	0	0	0	73	841	888	T?/M?	live	0	0	0	650	425.209	400.000	399.486	376	0	553	1	9	863	73	0	0		0	0	0	0	0	0.233	0.320	0.382	0	0	0.000	0.000	0.000	0.000	455.000	12.000	340.000	10.000	549.486	0.8638	0.9714
hadur2.Hadur 3.9	xander.cat.SamAxe 1.1	mid		4	true	35	4255.000	1036.000	31	1550.000	200.000	2018.000	749.000	13	20768	0.381	0.869	39.994	35	0	0	0.204	0.082	98	978	3	979	977	6	20	0	0	0	81	645	1011	T?/M?	live	0	0	0	650	427.980	400.000	443.371	385	33	544	2	12	979	81	0	0		0	0	0	0	0	0.247	0.367	0.450	0	0	0.000	0.000	0.000	0.000	378.000	47.000	310.000	40.000	593.371	0.8042	0.8857
hadur2.Hadur 3.9	xander.cat.SamAxe 1.1	mid		5	true	35	4675.000	637.000	34	1700.000	50.000	2197.000	566.000	11	19391	0.315	0.792	8.862	35	0	0	0.217	0.069	67	897	2	897	896	4	20	0	0	0	77	463	914	T?/M?	live	0	0	0	650	433.434	400.000	404.029	500	32	481	2	6	897	77	0	0		0	0	0	0	0	0.184	0.310	0.382	0	0	0.000	0.000	0.000	0.000	438.000	11.000	340.000	10.000	554.029	0.8801	0.9714
hadur2.Hadur 3.9	xander.cat.SamAxe 1.1	mid		6	true	35	4980.000	629.000	35	1750.000	0.000	2400.000	629.000	11	18097	0.387	0.897	24.320	35	0	0	0.214	0.088	24	820	1	820	820	2	18	0	0	0	58	735	791	T?/M?	live	0	0	0	650	483.434	650.000	367.057	349	0	550	2	9	820	58	0	0		0	0	0	0	0	0.247	0.353	0.450	0	0	0.000	0.000	0.000	0.000	480.000	0.000	350.000	0.000	517.057	0.8879	1.0000
hadur2.Hadur 3.9	xander.cat.SamAxe 1.1	mid		7	true	35	4665.000	1064.000	32	1600.000	150.000	2310.000	850.000	9	19153	0.304	0.792	8.986	35	0	0	0.224	0.101	79	883	3	883	883	3	24	0	0	0	65	190	884	T?/M?	live	0	0	0	650	433.077	400.000	397.229	389	0	539	2	7	883	65	0	0		0	0	0	0	0	0.091	0.279	0.382	0	0	0.000	0.000	0.000	0.000	435.000	34.000	320.000	30.000	547.229	0.8143	0.9143
hadur2.Hadur 3.9	xander.cat.SamAxe 1.1	mid		8	true	35	4596.000	742.000	34	1700.000	50.000	2132.000	676.000	8	20398	0.338	0.847	37.290	35	0	0	0.204	0.076	76	939	2	939	939	0	19	0	0	0	91	683	983	T?/M?	live	0	0	0	650	443.537	400.000	432.800	347	0	504	1	10	939	91	0	0		0	0	0	0	0	0.247	0.340	0.450	0	0	0.000	0.000	0.000	0.000	424.000	6.000	340.000	10.000	582.800	0.8610	0.9714
