build	opponent	role	rank	seed	round	won	survived	ticks	damageDealt	damageTaken	hitRate	duressTicks	skips
hadur2.Hadur 3.10	Krabb.krabby.Krabby 1.18b	live-80.8-bench-88.8		1	0	1	1	902	0.0	0.0	0.0000	0	5
hadur2.Hadur 3.10	Krabb.krabby.Krabby 1.18b	live-80.8-bench-88.8		1	1	1	1	901	0.0	0.0	0.0000	0	0
hadur2.Hadur 3.10	Krabb.krabby.Krabby 1.18b	live-80.8-bench-88.8		1	2	1	1	807	9.7	0.0	0.2000	0	0
hadur2.Hadur 3.10	Krabb.krabby.Krabby 1.18b	live-80.8-bench-88.8		1	3	1	1	918	0.0	11.2	0.0000	0	0
hadur2.Hadur 3.10	Krabb.krabby.Krabby 1.18b	live-80.8-bench-88.8		1	4	1	1	878	0.0	0.0	0.0000	0	0
hadur2.Hadur 3.10	Krabb.krabby.Krabby 1.18b	live-80.8-bench-88.8		1	5	1	1	771	2.2	0.0	0.2857	0	0
hadur2.Hadur 3.10	Krabb.krabby.Krabby 1.18b	live-80.8-bench-88.8		1	6	1	1	905	0.0	11.2	0.0000	0	0
hadur2.Hadur 3.10	Krabb.krabby.Krabby 1.18b	live-80.8-bench-88.8		1	7	1	1	895	0.0	11.2	0.0000	0	0
hadur2.Hadur 3.10	Krabb.krabby.Krabby 1.18b	live-80.8-bench-88.8		1	8	1	1	784	11.5	16.0	0.2500	0	0
hadur2.Hadur 3.10	Krabb.krabby.Krabby 1.18b	live-80.8-bench-88.8		1	9	1	1	793	0.0	0.0	0.0000	0	0
hadur2.Hadur 3.10	Krabb.krabby.Krabby 1.18b	live-80.8-bench-88.8		1	10	1	1	784	9.7	16.0	0.1667	0	0
hadur2.Hadur 3.10	Krabb.krabby.Krabby 1.18b	live-80.8-bench-88.8		1	11	1	1	888	0.0	0.0	0.0000	0	0
hadur2.Hadur 3.10	Krabb.krabby.Krabby 1.18b	live-80.8-bench-88.8		1	12	1	1	855	0.0	0.0	0.0000	0	0
hadur2.Hadur 3.10	Krabb.krabby.Krabby 1.18b	live-80.8-bench-88.8		1	13	1	1	691	49.7	57.0	0.2051	0	1
hadur2.Hadur 3.10	Krabb.krabby.Krabby 1.18b	live-80.8-bench-88.8		1	14	1	1	857	0.0	0.0	0.0000	0	0
hadur2.Hadur 3.10	Krabb.krabby.Krabby 1.18b	live-80.8-bench-88.8		1	15	1	1	838	12.0	12.0	0.5000	0	0
hadur2.Hadur 3.10	Krabb.krabby.Krabby 1.18b	live-80.8-bench-88.8		1	16	1	1	586	32.7	0.0	0.7143	0	0
hadur2.Hadur 3.10	Krabb.krabby.Krabby 1.18b	live-80.8-bench-88.8		1	17	1	1	843	9.7	0.0	0.3333	0	0
hadur2.Hadur 3.10	Krabb.krabby.Krabby 1.18b	live-80.8-bench-88.8		1	18	1	1	827	9.7	0.0	0.3333	0	0
hadur2.Hadur 3.10	Krabb.krabby.Krabby 1.18b	live-80.8-bench-88.8		1	19	1	1	933	0.0	11.2	0.0000	0	0
hadur2.Hadur 3.10	Krabb.krabby.Krabby 1.18b	live-80.8-bench-88.8		1	20	1	1	892	0.0	0.0	0.0000	0	0
hadur2.Hadur 3.10	Krabb.krabby.Krabby 1.18b	live-80.8-bench-88.8		1	21	1	1	671	19.4	0.0	0.3333	0	0
hadur2.Hadur 3.10	Krabb.krabby.Krabby 1.18b	live-80.8-bench-88.8		1	22	1	1	673	19.4	16.0	0.4000	0	0
hadur2.Hadur 3.10	Krabb.krabby.Krabby 1.18b	live-80.8-bench-88.8		1	23	1	1	879	0.0	0.0	0.0000	0	0
hadur2.Hadur 3.10	Krabb.krabby.Krabby 1.18b	live-80.8-bench-88.8		1	24	1	1	828	9.7	0.0	0.3333	0	0
hadur2.Hadur 3.10	Krabb.krabby.Krabby 1.18b	live-80.8-bench-88.8		1	25	1	1	866	0.0	0.0	0.0000	0	0
hadur2.Hadur 3.10	Krabb.krabby.Krabby 1.18b	live-80.8-bench-88.8		1	26	1	1	650	30.9	32.0	0.8000	0	0
hadur2.Hadur 3.10	Krabb.krabby.Krabby 1.18b	live-80.8-bench-88.8		1	27	1	1	749	33.3	20.9	0.0952	0	0
hadur2.Hadur 3.10	Krabb.krabby.Krabby 1.18b	live-80.8-bench-88.8		1	28	1	1	789	12.2	22.3	0.1111	0	0
hadur2.Hadur 3.10	Krabb.krabby.Krabby 1.18b	live-80.8-bench-88.8		1	29	1	1	892	0.1	0.0	0.0000	0	0
hadur2.Hadur 3.10	Krabb.krabby.Krabby 1.18b	live-80.8-bench-88.8		1	30	1	1	687	19.4	0.0	0.3333	0	0
hadur2.Hadur 3.10	Krabb.krabby.Krabby 1.18b	live-80.8-bench-88.8		1	31	1	1	657	34.2	22.4	0.3000	0	0
hadur2.Hadur 3.10	Krabb.krabby.Krabby 1.18b	live-80.8-bench-88.8		1	32	1	1	891	0.0	0.0	0.0000	0	0
hadur2.Hadur 3.10	Krabb.krabby.Krabby 1.18b	live-80.8-bench-88.8		1	33	1	1	742	0.0	0.0	0.0000	0	0
hadur2.Hadur 3.10	Krabb.krabby.Krabby 1.18b	live-80.8-bench-88.8		1	34	1	1	891	0.0	0.0	0.0000	0	6
hadur2.Hadur 3.10	Krabb.krabby.Krabby 1.18b	live-80.8-bench-88.8		2	0	1	1	784	9.7	16.0	0.1429	0	7
hadur2.Hadur 3.10	Krabb.krabby.Krabby 1.18b	live-80.8-bench-88.8		2	1	1	1	829	9.7	0.0	0.3333	0	0
hadur2.Hadur 3.10	Krabb.krabby.Krabby 1.18b	live-80.8-bench-88.8		2	2	1	1	796	9.7	0.0	0.2000	0	0
hadur2.Hadur 3.10	Krabb.krabby.Krabby 1.18b	live-80.8-bench-88.8		2	3	1	1	655	17.3	0.0	0.5000	0	0
hadur2.Hadur 3.10	Krabb.krabby.Krabby 1.18b	live-80.8-bench-88.8		2	4	1	1	827	9.7	0.0	0.3333	0	0
hadur2.Hadur 3.10	Krabb.krabby.Krabby 1.18b	live-80.8-bench-88.8		2	5	1	1	797	0.0	0.0	0.0000	0	0
hadur2.Hadur 3.10	Krabb.krabby.Krabby 1.18b	live-80.8-bench-88.8		2	6	1	1	832	0.0	0.0	0.0000	0	0
hadur2.Hadur 3.10	Krabb.krabby.Krabby 1.18b	live-80.8-bench-88.8		2	7	1	1	736	14.1	16.0	0.5000	0	0
hadur2.Hadur 3.10	Krabb.krabby.Krabby 1.18b	live-80.8-bench-88.8		2	8	1	1	797	9.7	0.0	0.2000	0	0
hadur2.Hadur 3.10	Krabb.krabby.Krabby 1.18b	live-80.8-bench-88.8		2	9	1	1	890	0.0	0.0	0.0000	0	0
hadur2.Hadur 3.10	Krabb.krabby.Krabby 1.18b	live-80.8-bench-88.8		2	10	1	1	738	16.4	16.0	0.2857	0	0
hadur2.Hadur 3.10	Krabb.krabby.Krabby 1.18b	live-80.8-bench-88.8		2	11	1	1	766	27.3	23.8	0.1136	0	0
hadur2.Hadur 3.10	Krabb.krabby.Krabby 1.18b	live-80.8-bench-88.8		2	12	1	1	916	3.1	11.2	0.3333	0	0
hadur2.Hadur 3.10	Krabb.krabby.Krabby 1.18b	live-80.8-bench-88.8		2	13	1	1	903	0.0	0.0	0.0000	0	0
hadur2.Hadur 3.10	Krabb.krabby.Krabby 1.18b	live-80.8-bench-88.8		2	14	1	1	783	0.0	0.0	0.0000	0	0
hadur2.Hadur 3.10	Krabb.krabby.Krabby 1.18b	live-80.8-bench-88.8		2	15	1	1	774	9.7	0.0	0.3333	0	0
hadur2.Hadur 3.10	Krabb.krabby.Krabby 1.18b	live-80.8-bench-88.8		2	16	1	1	860	0.0	0.0	0.0000	0	0
hadur2.Hadur 3.10	Krabb.krabby.Krabby 1.18b	live-80.8-bench-88.8		2	17	1	1	796	9.7	0.0	0.2000	0	0
hadur2.Hadur 3.10	Krabb.krabby.Krabby 1.18b	live-80.8-bench-88.8		2	18	1	1	934	0.0	11.2	0.0000	0	0
hadur2.Hadur 3.10	Krabb.krabby.Krabby 1.18b	live-80.8-bench-88.8		2	19	1	1	902	0.0	0.0	0.0000	0	0
hadur2.Hadur 3.10	Krabb.krabby.Krabby 1.18b	live-80.8-bench-88.8		2	20	1	1	851	3.8	0.0	0.2500	0	0
hadur2.Hadur 3.10	Krabb.krabby.Krabby 1.18b	live-80.8-bench-88.8		2	21	1	1	696	20.2	16.0	0.5000	0	0
hadur2.Hadur 3.10	Krabb.krabby.Krabby 1.18b	live-80.8-bench-88.8		2	22	1	1	674	19.4	0.0	0.2857	0	0
hadur2.Hadur 3.10	Krabb.krabby.Krabby 1.18b	live-80.8-bench-88.8		2	23	1	1	657	29.1	12.0	0.5000	0	0
hadur2.Hadur 3.10	Krabb.krabby.Krabby 1.18b	live-80.8-bench-88.8		2	24	1	1	902	0.0	0.0	0.0000	0	0
hadur2.Hadur 3.10	Krabb.krabby.Krabby 1.18b	live-80.8-bench-88.8		2	25	1	1	866	0.0	0.0	0.0000	0	0
hadur2.Hadur 3.10	Krabb.krabby.Krabby 1.18b	live-80.8-bench-88.8		2	26	1	1	881	0.0	0.0	0.0000	0	0
hadur2.Hadur 3.10	Krabb.krabby.Krabby 1.18b	live-80.8-bench-88.8		2	27	1	1	902	0.0	0.0	0.0000	0	0
hadur2.Hadur 3.10	Krabb.krabby.Krabby 1.18b	live-80.8-bench-88.8		2	28	1	1	924	0.0	11.2	0.0000	0	0
hadur2.Hadur 3.10	Krabb.krabby.Krabby 1.18b	live-80.8-bench-88.8		2	29	1	1	797	6.7	16.0	0.1429	0	0
hadur2.Hadur 3.10	Krabb.krabby.Krabby 1.18b	live-80.8-bench-88.8		2	30	1	1	771	9.7	0.0	0.2000	0	0
hadur2.Hadur 3.10	Krabb.krabby.Krabby 1.18b	live-80.8-bench-88.8		2	31	1	1	672	19.4	0.0	0.3333	0	0
hadur2.Hadur 3.10	Krabb.krabby.Krabby 1.18b	live-80.8-bench-88.8		2	32	1	1	760	9.7	0.0	0.1667	0	0
hadur2.Hadur 3.10	Krabb.krabby.Krabby 1.18b	live-80.8-bench-88.8		2	33	1	1	729	16.4	16.0	0.2857	0	0
hadur2.Hadur 3.10	Krabb.krabby.Krabby 1.18b	live-80.8-bench-88.8		2	34	1	1	754	27.9	38.9	0.3077	0	4
hadur2.Hadur 3.10	Krabb.krabby.Krabby 1.18b	live-80.8-bench-88.8		3	0	1	1	629	53.6	35.0	0.2353	0	5
hadur2.Hadur 3.10	Krabb.krabby.Krabby 1.18b	live-80.8-bench-88.8		3	1	1	1	901	0.0	0.0	0.0000	0	0
hadur2.Hadur 3.10	Krabb.krabby.Krabby 1.18b	live-80.8-bench-88.8		3	2	1	1	636	38.8	22.1	0.1212	0	0
hadur2.Hadur 3.10	Krabb.krabby.Krabby 1.18b	live-80.8-bench-88.8		3	3	1	1	654	19.6	0.0	0.2857	0	0
hadur2.Hadur 3.10	Krabb.krabby.Krabby 1.18b	live-80.8-bench-88.8		3	4	1	1	866	0.0	0.0	0.0000	0	0
hadur2.Hadur 3.10	Krabb.krabby.Krabby 1.18b	live-80.8-bench-88.8		3	5	1	1	490	50.4	11.7	0.1429	0	0
hadur2.Hadur 3.10	Krabb.krabby.Krabby 1.18b	live-80.8-bench-88.8		3	6	1	1	902	0.0	0.0	0.0000	0	0
hadur2.Hadur 3.10	Krabb.krabby.Krabby 1.18b	live-80.8-bench-88.8		3	7	1	1	561	48.5	13.7	0.1786	0	0
hadur2.Hadur 3.10	Krabb.krabby.Krabby 1.18b	live-80.8-bench-88.8		3	8	1	1	891	0.0	0.0	0.0000	0	0
hadur2.Hadur 3.10	Krabb.krabby.Krabby 1.18b	live-80.8-bench-88.8		3	9	1	1	953	0.0	32.6	0.0000	0	0
hadur2.Hadur 3.10	Krabb.krabby.Krabby 1.18b	live-80.8-bench-88.8		3	10	1	1	914	0.1	0.0	0.0000	0	0
hadur2.Hadur 3.10	Krabb.krabby.Krabby 1.18b	live-80.8-bench-88.8		3	11	1	1	877	0.0	0.0	0.0000	0	0
hadur2.Hadur 3.10	Krabb.krabby.Krabby 1.18b	live-80.8-bench-88.8		3	12	1	1	912	0.0	0.0	0.0000	0	0
hadur2.Hadur 3.10	Krabb.krabby.Krabby 1.18b	live-80.8-bench-88.8		3	13	1	1	590	41.6	11.7	0.1333	0	0
hadur2.Hadur 3.10	Krabb.krabby.Krabby 1.18b	live-80.8-bench-88.8		3	14	1	1	656	38.8	11.4	0.1143	0	0
hadur2.Hadur 3.10	Krabb.krabby.Krabby 1.18b	live-80.8-bench-88.8		3	15	1	1	831	0.0	0.0	0.0000	0	0
hadur2.Hadur 3.10	Krabb.krabby.Krabby 1.18b	live-80.8-bench-88.8		3	16	1	1	889	0.0	0.0	0.0000	0	0
hadur2.Hadur 3.10	Krabb.krabby.Krabby 1.18b	live-80.8-bench-88.8		3	17	1	1	932	0.0	11.2	0.0000	0	0
hadur2.Hadur 3.10	Krabb.krabby.Krabby 1.18b	live-80.8-bench-88.8		3	18	1	1	808	9.7	0.0	0.2000	0	0
hadur2.Hadur 3.10	Krabb.krabby.Krabby 1.18b	live-80.8-bench-88.8		3	19	1	1	904	0.0	0.0	0.0000	0	0
hadur2.Hadur 3.10	Krabb.krabby.Krabby 1.18b	live-80.8-bench-88.8		3	20	1	1	626	38.8	11.7	0.1212	0	0
hadur2.Hadur 3.10	Krabb.krabby.Krabby 1.18b	live-80.8-bench-88.8		3	21	1	1	726	9.7	0.0	0.2000	0	0
hadur2.Hadur 3.10	Krabb.krabby.Krabby 1.18b	live-80.8-bench-88.8		3	22	1	1	878	0.0	0.0	0.0000	0	0
hadur2.Hadur 3.10	Krabb.krabby.Krabby 1.18b	live-80.8-bench-88.8		3	23	1	1	869	0.0	0.0	0.0000	0	0
hadur2.Hadur 3.10	Krabb.krabby.Krabby 1.18b	live-80.8-bench-88.8		3	24	1	1	903	0.0	0.0	0.0000	0	0
hadur2.Hadur 3.10	Krabb.krabby.Krabby 1.18b	live-80.8-bench-88.8		3	25	1	1	696	19.4	0.0	0.3333	0	0
hadur2.Hadur 3.10	Krabb.krabby.Krabby 1.18b	live-80.8-bench-88.8		3	26	1	1	749	3.8	0.0	0.1429	0	0
hadur2.Hadur 3.10	Krabb.krabby.Krabby 1.18b	live-80.8-bench-88.8		3	27	1	1	753	13.5	0.0	0.4000	0	0
hadur2.Hadur 3.10	Krabb.krabby.Krabby 1.18b	live-80.8-bench-88.8		3	28	1	1	934	0.0	11.1	0.0000	0	0
hadur2.Hadur 3.10	Krabb.krabby.Krabby 1.18b	live-80.8-bench-88.8		3	29	1	1	758	19.4	16.0	0.4000	0	0
hadur2.Hadur 3.10	Krabb.krabby.Krabby 1.18b	live-80.8-bench-88.8		3	30	1	1	479	58.4	27.7	0.7143	0	0
hadur2.Hadur 3.10	Krabb.krabby.Krabby 1.18b	live-80.8-bench-88.8		3	31	1	1	924	0.0	11.2	0.0000	0	0
hadur2.Hadur 3.10	Krabb.krabby.Krabby 1.18b	live-80.8-bench-88.8		3	32	1	1	890	0.0	1.6	0.0000	0	0
hadur2.Hadur 3.10	Krabb.krabby.Krabby 1.18b	live-80.8-bench-88.8		3	33	1	1	955	0.0	11.2	0.0000	0	0
hadur2.Hadur 3.10	Krabb.krabby.Krabby 1.18b	live-80.8-bench-88.8		3	34	1	1	918	0.0	11.1	0.0000	0	6
hadur2.Hadur 3.10	Krabb.krabby.Krabby 1.18b	live-80.8-bench-88.8		4	0	1	1	894	0.0	0.0	0.0000	0	5
hadur2.Hadur 3.10	Krabb.krabby.Krabby 1.18b	live-80.8-bench-88.8		4	1	1	1	934	0.0	11.2	0.0000	0	1
hadur2.Hadur 3.10	Krabb.krabby.Krabby 1.18b	live-80.8-bench-88.8		4	2	1	1	947	0.4	11.2	0.1667	0	0
hadur2.Hadur 3.10	Krabb.krabby.Krabby 1.18b	live-80.8-bench-88.8		4	3	1	1	713	3.8	0.0	0.2000	0	0
hadur2.Hadur 3.10	Krabb.krabby.Krabby 1.18b	live-80.8-bench-88.8		4	4	1	1	772	9.7	0.0	0.2000	0	0
hadur2.Hadur 3.10	Krabb.krabby.Krabby 1.18b	live-80.8-bench-88.8		4	5	1	1	894	0.0	0.0	0.0000	0	0
hadur2.Hadur 3.10	Krabb.krabby.Krabby 1.18b	live-80.8-bench-88.8		4	6	1	1	905	5.4	13.3	0.3333	0	0
hadur2.Hadur 3.10	Krabb.krabby.Krabby 1.18b	live-80.8-bench-88.8		4	7	1	1	785	9.7	0.0	0.2000	0	0
hadur2.Hadur 3.10	Krabb.krabby.Krabby 1.18b	live-80.8-bench-88.8		4	8	1	1	677	19.4	0.7	0.3333	0	0
hadur2.Hadur 3.10	Krabb.krabby.Krabby 1.18b	live-80.8-bench-88.8		4	9	1	1	890	0.0	0.0	0.0000	0	0
hadur2.Hadur 3.10	Krabb.krabby.Krabby 1.18b	live-80.8-bench-88.8		4	10	1	1	891	0.0	0.0	0.0000	0	0
hadur2.Hadur 3.10	Krabb.krabby.Krabby 1.18b	live-80.8-bench-88.8		4	11	1	1	661	23.6	16.0	0.5714	0	0
hadur2.Hadur 3.10	Krabb.krabby.Krabby 1.18b	live-80.8-bench-88.8		4	12	1	1	901	0.0	0.0	0.0000	0	0
hadur2.Hadur 3.10	Krabb.krabby.Krabby 1.18b	live-80.8-bench-88.8		4	13	1	1	892	0.0	0.0	0.0000	0	0
hadur2.Hadur 3.10	Krabb.krabby.Krabby 1.18b	live-80.8-bench-88.8		4	14	1	1	890	0.0	0.0	0.0000	0	0
hadur2.Hadur 3.10	Krabb.krabby.Krabby 1.18b	live-80.8-bench-88.8		4	15	1	1	864	0.0	0.0	0.0000	0	0
hadur2.Hadur 3.10	Krabb.krabby.Krabby 1.18b	live-80.8-bench-88.8		4	16	1	1	900	0.0	0.0	0.0000	0	0
hadur2.Hadur 3.10	Krabb.krabby.Krabby 1.18b	live-80.8-bench-88.8		4	17	1	1	946	0.0	11.2	0.0000	0	0
hadur2.Hadur 3.10	Krabb.krabby.Krabby 1.18b	live-80.8-bench-88.8		4	18	1	1	961	0.0	5.7	0.0000	0	0
hadur2.Hadur 3.10	Krabb.krabby.Krabby 1.18b	live-80.8-bench-88.8		4	19	1	1	888	0.0	0.0	0.0000	0	0
hadur2.Hadur 3.10	Krabb.krabby.Krabby 1.18b	live-80.8-bench-88.8		4	20	1	1	633	13.7	0.0	0.5000	0	0
hadur2.Hadur 3.10	Krabb.krabby.Krabby 1.18b	live-80.8-bench-88.8		4	21	1	1	941	0.4	41.1	0.0250	0	1
hadur2.Hadur 3.10	Krabb.krabby.Krabby 1.18b	live-80.8-bench-88.8		4	22	1	1	791	9.7	12.7	0.1250	0	0
hadur2.Hadur 3.10	Krabb.krabby.Krabby 1.18b	live-80.8-bench-88.8		4	23	1	1	805	11.6	32.0	0.2857	0	0
hadur2.Hadur 3.10	Krabb.krabby.Krabby 1.18b	live-80.8-bench-88.8		4	24	1	1	893	0.0	0.0	0.0000	0	0
hadur2.Hadur 3.10	Krabb.krabby.Krabby 1.18b	live-80.8-bench-88.8		4	25	1	1	954	0.0	11.2	0.0000	0	0
hadur2.Hadur 3.10	Krabb.krabby.Krabby 1.18b	live-80.8-bench-88.8		4	26	1	1	587	42.1	10.5	0.1379	0	0
hadur2.Hadur 3.10	Krabb.krabby.Krabby 1.18b	live-80.8-bench-88.8		4	27	1	1	656	19.4	0.0	0.4000	0	0
hadur2.Hadur 3.10	Krabb.krabby.Krabby 1.18b	live-80.8-bench-88.8		4	28	1	1	846	0.0	0.0	0.0000	0	0
hadur2.Hadur 3.10	Krabb.krabby.Krabby 1.18b	live-80.8-bench-88.8		4	29	1	1	834	0.0	0.0	0.0000	0	0
hadur2.Hadur 3.10	Krabb.krabby.Krabby 1.18b	live-80.8-bench-88.8		4	30	1	1	831	9.7	0.0	0.2500	0	0
hadur2.Hadur 3.10	Krabb.krabby.Krabby 1.18b	live-80.8-bench-88.8		4	31	1	1	871	0.0	0.0	0.0000	0	0
hadur2.Hadur 3.10	Krabb.krabby.Krabby 1.18b	live-80.8-bench-88.8		4	32	1	1	923	0.0	0.0	0.0000	0	0
hadur2.Hadur 3.10	Krabb.krabby.Krabby 1.18b	live-80.8-bench-88.8		4	33	1	1	864	9.7	11.1	0.2000	0	0
hadur2.Hadur 3.10	Krabb.krabby.Krabby 1.18b	live-80.8-bench-88.8		4	34	1	1	796	9.7	0.0	0.1667	0	5
hadur2.Hadur 3.10	apv.LauLectrik 1.2	live-78.3-bench-99.3		1	0	1	1	680	30.4	16.0	0.0811	0	6
hadur2.Hadur 3.10	apv.LauLectrik 1.2	live-78.3-bench-99.3		1	1	1	1	777	13.8	32.0	0.0638	0	1
hadur2.Hadur 3.10	apv.LauLectrik 1.2	live-78.3-bench-99.3		1	2	1	1	505	49.8	16.0	0.2083	0	0
hadur2.Hadur 3.10	apv.LauLectrik 1.2	live-78.3-bench-99.3		1	3	1	1	521	53.0	48.0	0.2000	0	0
hadur2.Hadur 3.10	apv.LauLectrik 1.2	live-78.3-bench-99.3		1	4	1	1	693	13.8	16.0	0.0526	0	0
hadur2.Hadur 3.10	apv.LauLectrik 1.2	live-78.3-bench-99.3		1	5	1	1	842	43.6	64.0	0.1296	0	0
hadur2.Hadur 3.10	apv.LauLectrik 1.2	live-78.3-bench-99.3		1	6	1	1	689	32.0	48.0	0.1053	0	0
hadur2.Hadur 3.10	apv.LauLectrik 1.2	live-78.3-bench-99.3		1	7	1	1	578	39.4	0.0	0.1333	0	0
hadur2.Hadur 3.10	apv.LauLectrik 1.2	live-78.3-bench-99.3		1	8	1	1	764	31.0	42.0	0.0889	0	0
hadur2.Hadur 3.10	apv.LauLectrik 1.2	live-78.3-bench-99.3		1	9	1	1	548	31.8	0.0	0.1111	0	0
hadur2.Hadur 3.10	apv.LauLectrik 1.2	live-78.3-bench-99.3		1	10	1	1	735	48.8	42.8	0.1163	0	0
hadur2.Hadur 3.10	apv.LauLectrik 1.2	live-78.3-bench-99.3		1	11	1	1	519	58.4	16.0	0.2308	0	0
hadur2.Hadur 3.10	apv.LauLectrik 1.2	live-78.3-bench-99.3		1	12	1	1	518	40.6	0.0	0.1667	0	0
hadur2.Hadur 3.10	apv.LauLectrik 1.2	live-78.3-bench-99.3		1	13	1	1	581	32.0	16.0	0.1034	0	0
hadur2.Hadur 3.10	apv.LauLectrik 1.2	live-78.3-bench-99.3		1	14	1	1	472	46.8	0.0	0.1905	0	0
hadur2.Hadur 3.10	apv.LauLectrik 1.2	live-78.3-bench-99.3		1	15	1	1	745	55.6	58.0	0.1628	0	0
hadur2.Hadur 3.10	apv.LauLectrik 1.2	live-78.3-bench-99.3		1	16	1	1	546	32.0	0.0	0.1154	0	0
hadur2.Hadur 3.10	apv.LauLectrik 1.2	live-78.3-bench-99.3		1	17	1	1	708	39.0	16.0	0.0976	0	0
hadur2.Hadur 3.10	apv.LauLectrik 1.2	live-78.3-bench-99.3		1	18	1	1	640	63.8	58.8	0.2286	0	0
hadur2.Hadur 3.10	apv.LauLectrik 1.2	live-78.3-bench-99.3		1	19	1	1	513	79.4	64.0	0.3043	0	0
hadur2.Hadur 3.10	apv.LauLectrik 1.2	live-78.3-bench-99.3		1	20	1	1	500	49.6	0.8	0.1364	0	0
hadur2.Hadur 3.10	apv.LauLectrik 1.2	live-78.3-bench-99.3		1	21	1	1	557	47.0	32.0	0.1200	0	1
hadur2.Hadur 3.10	apv.LauLectrik 1.2	live-78.3-bench-99.3		1	22	1	1	564	40.6	16.8	0.1481	0	0
hadur2.Hadur 3.10	apv.LauLectrik 1.2	live-78.3-bench-99.3		1	23	1	1	694	20.0	32.0	0.0513	0	0
hadur2.Hadur 3.10	apv.LauLectrik 1.2	live-78.3-bench-99.3		1	24	1	1	591	29.6	10.8	0.1000	0	0
hadur2.Hadur 3.10	apv.LauLectrik 1.2	live-78.3-bench-99.3		1	25	1	1	780	15.8	32.0	0.1915	0	0
hadur2.Hadur 3.10	apv.LauLectrik 1.2	live-78.3-bench-99.3		1	26	1	1	603	39.0	0.0	0.1250	0	0
hadur2.Hadur 3.10	apv.LauLectrik 1.2	live-78.3-bench-99.3		1	27	1	1	537	41.0	32.0	0.1250	0	0
hadur2.Hadur 3.10	apv.LauLectrik 1.2	live-78.3-bench-99.3		1	28	1	1	436	68.0	32.0	0.2353	0	0
hadur2.Hadur 3.10	apv.LauLectrik 1.2	live-78.3-bench-99.3		1	29	1	1	880	30.8	16.0	0.0714	0	0
hadur2.Hadur 3.10	apv.LauLectrik 1.2	live-78.3-bench-99.3		1	30	1	1	579	35.0	16.0	0.1034	0	0
hadur2.Hadur 3.10	apv.LauLectrik 1.2	live-78.3-bench-99.3		1	31	1	1	506	47.0	16.0	0.1667	0	0
hadur2.Hadur 3.10	apv.LauLectrik 1.2	live-78.3-bench-99.3		1	32	1	1	609	31.6	16.0	0.0968	0	0
hadur2.Hadur 3.10	apv.LauLectrik 1.2	live-78.3-bench-99.3		1	33	1	1	712	10.6	0.8	0.0256	0	0
hadur2.Hadur 3.10	apv.LauLectrik 1.2	live-78.3-bench-99.3		1	34	1	1	549	40.6	10.0	0.1481	0	6
hadur2.Hadur 3.10	apv.LauLectrik 1.2	live-78.3-bench-99.3		2	0	1	1	446	58.4	0.0	0.3000	0	5
hadur2.Hadur 3.10	apv.LauLectrik 1.2	live-78.3-bench-99.3		2	1	1	1	717	39.2	32.8	0.0976	0	0
hadur2.Hadur 3.10	apv.LauLectrik 1.2	live-78.3-bench-99.3		2	2	1	1	652	33.6	16.0	0.0606	0	0
hadur2.Hadur 3.10	apv.LauLectrik 1.2	live-78.3-bench-99.3		2	3	1	1	590	32.0	32.0	0.1000	0	0
hadur2.Hadur 3.10	apv.LauLectrik 1.2	live-78.3-bench-99.3		2	4	1	1	721	48.8	32.8	0.1190	0	0
hadur2.Hadur 3.10	apv.LauLectrik 1.2	live-78.3-bench-99.3		2	5	1	1	1002	9.4	32.8	0.0758	0	0
hadur2.Hadur 3.10	apv.LauLectrik 1.2	live-78.3-bench-99.3		2	6	1	1	544	32.0	0.0	0.1154	0	0
hadur2.Hadur 3.10	apv.LauLectrik 1.2	live-78.3-bench-99.3		2	7	1	1	580	38.0	26.0	0.1071	0	0
hadur2.Hadur 3.10	apv.LauLectrik 1.2	live-78.3-bench-99.3		2	8	1	1	577	35.0	32.0	0.1071	0	0
hadur2.Hadur 3.10	apv.LauLectrik 1.2	live-78.3-bench-99.3		2	9	1	1	649	39.0	16.8	0.1111	0	0
hadur2.Hadur 3.10	apv.LauLectrik 1.2	live-78.3-bench-99.3		2	10	1	1	534	41.0	16.0	0.1600	0	0
hadur2.Hadur 3.10	apv.LauLectrik 1.2	live-78.3-bench-99.3		2	11	1	1	770	38.0	32.0	0.0870	0	0
hadur2.Hadur 3.10	apv.LauLectrik 1.2	live-78.3-bench-99.3		2	12	1	1	514	38.0	0.0	0.1250	0	0
hadur2.Hadur 3.10	apv.LauLectrik 1.2	live-78.3-bench-99.3		2	13	1	1	571	31.4	0.0	0.1034	0	0
hadur2.Hadur 3.10	apv.LauLectrik 1.2	live-78.3-bench-99.3		2	14	1	1	473	44.0	16.0	0.1905	0	0
hadur2.Hadur 3.10	apv.LauLectrik 1.2	live-78.3-bench-99.3		2	15	1	1	546	68.0	64.0	0.1923	0	0
hadur2.Hadur 3.10	apv.LauLectrik 1.2	live-78.3-bench-99.3		2	16	1	1	593	52.6	48.8	0.1429	0	0
hadur2.Hadur 3.10	apv.LauLectrik 1.2	live-78.3-bench-99.3		2	17	1	1	899	33.6	67.2	0.2000	0	0
hadur2.Hadur 3.10	apv.LauLectrik 1.2	live-78.3-bench-99.3		2	18	1	1	685	11.0	26.0	0.0278	0	0
hadur2.Hadur 3.10	apv.LauLectrik 1.2	live-78.3-bench-99.3		2	19	1	1	498	59.0	32.0	0.1905	0	0
hadur2.Hadur 3.10	apv.LauLectrik 1.2	live-78.3-bench-99.3		2	20	1	1	570	50.0	42.0	0.1724	0	0
hadur2.Hadur 3.10	apv.LauLectrik 1.2	live-78.3-bench-99.3		2	21	1	1	609	31.6	16.0	0.0968	0	0
hadur2.Hadur 3.10	apv.LauLectrik 1.2	live-78.3-bench-99.3		2	22	1	1	471	53.0	16.0	0.2381	0	0
hadur2.Hadur 3.10	apv.LauLectrik 1.2	live-78.3-bench-99.3		2	23	1	1	471	44.0	0.0	0.1500	0	0
hadur2.Hadur 3.10	apv.LauLectrik 1.2	live-78.3-bench-99.3		2	24	1	1	645	40.0	32.8	0.1176	0	0
hadur2.Hadur 3.10	apv.LauLectrik 1.2	live-78.3-bench-99.3		2	25	1	1	629	26.0	0.0	0.0606	0	0
hadur2.Hadur 3.10	apv.LauLectrik 1.2	live-78.3-bench-99.3		2	26	1	1	506	61.4	32.0	0.2083	0	0
hadur2.Hadur 3.10	apv.LauLectrik 1.2	live-78.3-bench-99.3		2	27	1	1	776	51.8	74.0	0.1429	0	1
hadur2.Hadur 3.10	apv.LauLectrik 1.2	live-78.3-bench-99.3		2	28	1	1	517	53.0	32.0	0.2083	0	0
hadur2.Hadur 3.10	apv.LauLectrik 1.2	live-78.3-bench-99.3		2	29	1	1	579	26.0	16.0	0.0714	0	0
hadur2.Hadur 3.10	apv.LauLectrik 1.2	live-78.3-bench-99.3		2	30	1	1	715	47.0	48.0	0.1429	0	0
hadur2.Hadur 3.10	apv.LauLectrik 1.2	live-78.3-bench-99.3		2	31	1	1	603	29.0	32.0	0.0968	0	0
hadur2.Hadur 3.10	apv.LauLectrik 1.2	live-78.3-bench-99.3		2	32	1	1	525	41.0	26.0	0.1667	0	0
hadur2.Hadur 3.10	apv.LauLectrik 1.2	live-78.3-bench-99.3		2	33	1	1	505	58.8	32.0	0.2500	0	0
hadur2.Hadur 3.10	apv.LauLectrik 1.2	live-78.3-bench-99.3		2	34	1	1	663	52.4	48.8	0.1471	0	5
hadur2.Hadur 3.10	apv.LauLectrik 1.2	live-78.3-bench-99.3		3	0	1	1	675	30.4	16.8	0.0811	0	3
hadur2.Hadur 3.10	apv.LauLectrik 1.2	live-78.3-bench-99.3		3	1	1	1	638	23.0	32.0	0.0882	0	0
hadur2.Hadur 3.10	apv.LauLectrik 1.2	live-78.3-bench-99.3		3	2	1	1	651	19.6	0.0	0.0571	0	0
hadur2.Hadur 3.10	apv.LauLectrik 1.2	live-78.3-bench-99.3		3	3	1	1	729	30.0	16.8	0.0732	0	0
hadur2.Hadur 3.10	apv.LauLectrik 1.2	live-78.3-bench-99.3		3	4	1	1	508	47.0	16.0	0.1667	0	0
hadur2.Hadur 3.10	apv.LauLectrik 1.2	live-78.3-bench-99.3		3	5	1	1	673	35.0	48.0	0.1351	0	0
hadur2.Hadur 3.10	apv.LauLectrik 1.2	live-78.3-bench-99.3		3	6	1	1	512	48.8	0.0	0.2000	0	0
hadur2.Hadur 3.10	apv.LauLectrik 1.2	live-78.3-bench-99.3		3	7	0	0	576	14.7	67.0	0.1935	0	0
hadur2.Hadur 3.10	apv.LauLectrik 1.2	live-78.3-bench-99.3		3	8	1	1	621	43.2	32.0	0.1034	0	0
hadur2.Hadur 3.10	apv.LauLectrik 1.2	live-78.3-bench-99.3		3	9	1	1	561	40.6	16.0	0.1481	0	0
hadur2.Hadur 3.10	apv.LauLectrik 1.2	live-78.3-bench-99.3		3	10	1	1	665	46.6	48.0	0.1622	0	0
hadur2.Hadur 3.10	apv.LauLectrik 1.2	live-78.3-bench-99.3		3	11	0	0	608	28.6	76.0	0.2059	0	0
hadur2.Hadur 3.10	apv.LauLectrik 1.2	live-78.3-bench-99.3		3	12	1	1	583	41.0	32.0	0.1111	0	0
hadur2.Hadur 3.10	apv.LauLectrik 1.2	live-78.3-bench-99.3		3	13	0	0	555	36.3	85.0	0.1935	0	0
hadur2.Hadur 3.10	apv.LauLectrik 1.2	live-78.3-bench-99.3		3	14	1	1	594	32.0	32.0	0.1111	0	0
hadur2.Hadur 3.10	apv.LauLectrik 1.2	live-78.3-bench-99.3		3	15	1	1	569	35.0	16.0	0.1071	0	0
hadur2.Hadur 3.10	apv.LauLectrik 1.2	live-78.3-bench-99.3		3	16	0	0	504	25.7	73.4	0.1600	0	0
hadur2.Hadur 3.10	apv.LauLectrik 1.2	live-78.3-bench-99.3		3	17	1	1	602	40.8	32.0	0.1333	0	0
hadur2.Hadur 3.10	apv.LauLectrik 1.2	live-78.3-bench-99.3		3	18	1	1	586	40.0	16.0	0.1333	0	0
hadur2.Hadur 3.10	apv.LauLectrik 1.2	live-78.3-bench-99.3		3	19	1	1	745	30.4	17.6	0.0698	0	0
hadur2.Hadur 3.10	apv.LauLectrik 1.2	live-78.3-bench-99.3		3	20	1	1	597	31.6	0.8	0.0968	0	0
hadur2.Hadur 3.10	apv.LauLectrik 1.2	live-78.3-bench-99.3		3	21	1	1	471	53.0	16.0	0.2381	0	0
hadur2.Hadur 3.10	apv.LauLectrik 1.2	live-78.3-bench-99.3		3	22	1	1	609	44.0	32.8	0.1290	0	0
hadur2.Hadur 3.10	apv.LauLectrik 1.2	live-78.3-bench-99.3		3	23	1	1	702	20.0	32.0	0.0513	0	0
hadur2.Hadur 3.10	apv.LauLectrik 1.2	live-78.3-bench-99.3		3	24	1	1	679	25.8	32.0	0.0789	0	1
hadur2.Hadur 3.10	apv.LauLectrik 1.2	live-78.3-bench-99.3		3	25	1	1	423	56.0	10.0	0.2778	0	0
hadur2.Hadur 3.10	apv.LauLectrik 1.2	live-78.3-bench-99.3		3	26	1	1	588	23.0	0.0	0.0667	0	0
hadur2.Hadur 3.10	apv.LauLectrik 1.2	live-78.3-bench-99.3		3	27	1	1	711	46.6	48.0	0.1750	0	0
hadur2.Hadur 3.10	apv.LauLectrik 1.2	live-78.3-bench-99.3		3	28	1	1	414	56.0	0.0	0.2941	0	0
hadur2.Hadur 3.10	apv.LauLectrik 1.2	live-78.3-bench-99.3		3	29	1	1	463	47.0	0.0	0.1111	0	0
hadur2.Hadur 3.10	apv.LauLectrik 1.2	live-78.3-bench-99.3		3	30	1	1	428	53.0	0.0	0.1875	0	0
hadur2.Hadur 3.10	apv.LauLectrik 1.2	live-78.3-bench-99.3		3	31	1	1	368	64.6	0.8	0.3333	0	0
hadur2.Hadur 3.10	apv.LauLectrik 1.2	live-78.3-bench-99.3		3	32	1	1	516	44.0	16.0	0.0952	0	0
hadur2.Hadur 3.10	apv.LauLectrik 1.2	live-78.3-bench-99.3		3	33	1	1	540	52.8	32.0	0.1667	0	0
hadur2.Hadur 3.10	apv.LauLectrik 1.2	live-78.3-bench-99.3		3	34	1	1	543	50.0	32.0	0.1667	0	5
hadur2.Hadur 3.10	apv.LauLectrik 1.2	live-78.3-bench-99.3		4	0	1	1	867	46.2	82.4	0.2143	298	9
hadur2.Hadur 3.10	apv.LauLectrik 1.2	live-78.3-bench-99.3		4	1	1	1	546	32.0	0.0	0.1154	0	0
hadur2.Hadur 3.10	apv.LauLectrik 1.2	live-78.3-bench-99.3		4	2	1	1	602	34.4	16.0	0.0690	0	0
hadur2.Hadur 3.10	apv.LauLectrik 1.2	live-78.3-bench-99.3		4	3	0	0	608	39.6	80.1	0.2500	0	0
hadur2.Hadur 3.10	apv.LauLectrik 1.2	live-78.3-bench-99.3		4	4	1	1	555	39.8	0.8	0.1429	0	0
hadur2.Hadur 3.10	apv.LauLectrik 1.2	live-78.3-bench-99.3		4	5	1	1	556	40.8	16.0	0.1481	0	0
hadur2.Hadur 3.10	apv.LauLectrik 1.2	live-78.3-bench-99.3		4	6	1	1	724	33.2	32.0	0.0976	0	0
hadur2.Hadur 3.10	apv.LauLectrik 1.2	live-78.3-bench-99.3		4	7	1	1	495	49.2	0.8	0.2083	0	0
hadur2.Hadur 3.10	apv.LauLectrik 1.2	live-78.3-bench-99.3		4	8	1	1	639	43.4	48.0	0.1471	0	0
hadur2.Hadur 3.10	apv.LauLectrik 1.2	live-78.3-bench-99.3		4	9	1	1	811	35.4	33.6	0.0816	0	0
hadur2.Hadur 3.10	apv.LauLectrik 1.2	live-78.3-bench-99.3		4	10	0	0	858	2.7	71.3	0.1034	0	1
hadur2.Hadur 3.10	apv.LauLectrik 1.2	live-78.3-bench-99.3		4	11	1	1	572	44.0	32.0	0.1429	0	0
hadur2.Hadur 3.10	apv.LauLectrik 1.2	live-78.3-bench-99.3		4	12	1	1	746	39.0	32.8	0.0930	0	0
hadur2.Hadur 3.10	apv.LauLectrik 1.2	live-78.3-bench-99.3		4	13	1	1	436	50.0	0.0	0.2632	0	0
hadur2.Hadur 3.10	apv.LauLectrik 1.2	live-78.3-bench-99.3		4	14	1	1	557	49.8	32.0	0.1786	0	0
hadur2.Hadur 3.10	apv.LauLectrik 1.2	live-78.3-bench-99.3		4	15	1	1	569	40.6	16.0	0.1429	0	0
hadur2.Hadur 3.10	apv.LauLectrik 1.2	live-78.3-bench-99.3		4	16	1	1	524	52.2	16.0	0.1250	0	0
hadur2.Hadur 3.10	apv.LauLectrik 1.2	live-78.3-bench-99.3		4	17	1	1	544	32.0	0.0	0.1154	0	0
hadur2.Hadur 3.10	apv.LauLectrik 1.2	live-78.3-bench-99.3		4	18	1	1	592	40.6	26.0	0.1333	0	0
hadur2.Hadur 3.10	apv.LauLectrik 1.2	live-78.3-bench-99.3		4	19	1	1	581	32.0	32.0	0.1034	0	0
hadur2.Hadur 3.10	apv.LauLectrik 1.2	live-78.3-bench-99.3		4	20	1	1	562	47.0	32.0	0.1429	0	0
hadur2.Hadur 3.10	apv.LauLectrik 1.2	live-78.3-bench-99.3		4	21	1	1	637	50.0	48.0	0.1944	0	0
hadur2.Hadur 3.10	apv.LauLectrik 1.2	live-78.3-bench-99.3		4	22	1	1	501	52.6	16.0	0.1818	0	0
hadur2.Hadur 3.10	apv.LauLectrik 1.2	live-78.3-bench-99.3		4	23	1	1	579	31.4	0.0	0.1071	0	1
hadur2.Hadur 3.10	apv.LauLectrik 1.2	live-78.3-bench-99.3		4	24	1	1	792	11.0	42.0	0.0600	0	0
hadur2.Hadur 3.10	apv.LauLectrik 1.2	live-78.3-bench-99.3		4	25	1	1	546	58.4	32.0	0.2143	0	0
hadur2.Hadur 3.10	apv.LauLectrik 1.2	live-78.3-bench-99.3		4	26	1	1	580	40.4	16.8	0.1379	0	0
hadur2.Hadur 3.10	apv.LauLectrik 1.2	live-78.3-bench-99.3		4	27	1	1	820	22.8	48.8	0.1400	0	0
hadur2.Hadur 3.10	apv.LauLectrik 1.2	live-78.3-bench-99.3		4	28	1	1	556	58.8	48.0	0.2222	0	0
hadur2.Hadur 3.10	apv.LauLectrik 1.2	live-78.3-bench-99.3		4	29	1	1	517	37.8	0.0	0.1304	0	0
hadur2.Hadur 3.10	apv.LauLectrik 1.2	live-78.3-bench-99.3		4	30	1	1	384	59.0	16.0	0.2308	0	0
hadur2.Hadur 3.10	apv.LauLectrik 1.2	live-78.3-bench-99.3		4	31	0	0	650	31.5	66.3	0.2571	0	0
hadur2.Hadur 3.10	apv.LauLectrik 1.2	live-78.3-bench-99.3		4	32	1	1	567	34.8	16.0	0.0800	0	0
hadur2.Hadur 3.10	apv.LauLectrik 1.2	live-78.3-bench-99.3		4	33	1	1	508	47.0	16.0	0.1429	0	0
hadur2.Hadur 3.10	apv.LauLectrik 1.2	live-78.3-bench-99.3		4	34	1	1	806	43.8	65.6	0.1429	0	6
hadur2.Hadur 3.10	apv.TheBrainPi 0.5fix	live-80.9-bench-75.7		1	0	1	1	919	16.0	64.0	0.1129	0	4
hadur2.Hadur 3.10	apv.TheBrainPi 0.5fix	live-80.9-bench-75.7		1	1	1	1	506	58.0	32.0	0.2174	0	0
hadur2.Hadur 3.10	apv.TheBrainPi 0.5fix	live-80.9-bench-75.7		1	2	1	1	896	32.6	64.0	0.1333	0	0
hadur2.Hadur 3.10	apv.TheBrainPi 0.5fix	live-80.9-bench-75.7		1	3	1	1	662	19.0	32.0	0.0571	0	0
hadur2.Hadur 3.10	apv.TheBrainPi 0.5fix	live-80.9-bench-75.7		1	4	1	1	490	52.0	16.0	0.2273	0	0
hadur2.Hadur 3.10	apv.TheBrainPi 0.5fix	live-80.9-bench-75.7		1	5	1	1	669	36.8	16.8	0.1081	0	0
hadur2.Hadur 3.10	apv.TheBrainPi 0.5fix	live-80.9-bench-75.7		1	6	1	1	589	34.0	16.0	0.1000	0	0
hadur2.Hadur 3.10	apv.TheBrainPi 0.5fix	live-80.9-bench-75.7		1	7	1	1	681	39.4	48.0	0.1538	0	0
hadur2.Hadur 3.10	apv.TheBrainPi 0.5fix	live-80.9-bench-75.7		1	8	1	1	689	30.0	16.8	0.0811	0	0
hadur2.Hadur 3.10	apv.TheBrainPi 0.5fix	live-80.9-bench-75.7		1	9	1	1	641	42.8	32.0	0.1429	0	0
hadur2.Hadur 3.10	apv.TheBrainPi 0.5fix	live-80.9-bench-75.7		1	10	1	1	575	25.0	0.0	0.0714	0	0
hadur2.Hadur 3.10	apv.TheBrainPi 0.5fix	live-80.9-bench-75.7		1	11	1	1	552	31.0	0.0	0.1111	0	0
hadur2.Hadur 3.10	apv.TheBrainPi 0.5fix	live-80.9-bench-75.7		1	12	1	1	719	24.2	32.0	0.0750	0	0
hadur2.Hadur 3.10	apv.TheBrainPi 0.5fix	live-80.9-bench-75.7		1	13	1	1	570	30.6	0.0	0.1034	0	0
hadur2.Hadur 3.10	apv.TheBrainPi 0.5fix	live-80.9-bench-75.7		1	14	1	1	737	48.8	16.0	0.1136	0	0
hadur2.Hadur 3.10	apv.TheBrainPi 0.5fix	live-80.9-bench-75.7		1	15	0	0	603	51.4	74.1	0.1290	0	0
hadur2.Hadur 3.10	apv.TheBrainPi 0.5fix	live-80.9-bench-75.7		1	16	1	1	568	39.8	16.0	0.1429	0	0
hadur2.Hadur 3.10	apv.TheBrainPi 0.5fix	live-80.9-bench-75.7		1	17	1	1	694	48.8	48.0	0.1282	0	0
hadur2.Hadur 3.10	apv.TheBrainPi 0.5fix	live-80.9-bench-75.7		1	18	1	1	592	39.0	0.8	0.1290	0	0
hadur2.Hadur 3.10	apv.TheBrainPi 0.5fix	live-80.9-bench-75.7		1	19	1	1	665	56.2	48.0	0.2222	0	0
hadur2.Hadur 3.10	apv.TheBrainPi 0.5fix	live-80.9-bench-75.7		1	20	1	1	598	36.4	16.0	0.1000	0	0
hadur2.Hadur 3.10	apv.TheBrainPi 0.5fix	live-80.9-bench-75.7		1	21	1	1	650	30.0	16.0	0.0857	0	0
hadur2.Hadur 3.10	apv.TheBrainPi 0.5fix	live-80.9-bench-75.7		1	22	1	1	723	29.4	16.0	0.0732	0	0
hadur2.Hadur 3.10	apv.TheBrainPi 0.5fix	live-80.9-bench-75.7		1	23	0	0	618	2.2	62.2	0.0286	0	0
hadur2.Hadur 3.10	apv.TheBrainPi 0.5fix	live-80.9-bench-75.7		1	24	1	1	684	36.8	48.0	0.1316	0	0
hadur2.Hadur 3.10	apv.TheBrainPi 0.5fix	live-80.9-bench-75.7		1	25	1	1	633	37.0	32.0	0.1212	0	0
hadur2.Hadur 3.10	apv.TheBrainPi 0.5fix	live-80.9-bench-75.7		1	26	1	1	656	30.8	32.0	0.1081	0	0
hadur2.Hadur 3.10	apv.TheBrainPi 0.5fix	live-80.9-bench-75.7		1	27	1	1	421	55.0	16.0	0.2941	0	0
hadur2.Hadur 3.10	apv.TheBrainPi 0.5fix	live-80.9-bench-75.7		1	28	1	1	583	34.0	16.0	0.1071	0	0
hadur2.Hadur 3.10	apv.TheBrainPi 0.5fix	live-80.9-bench-75.7		1	29	1	1	748	39.4	48.0	0.0889	0	0
hadur2.Hadur 3.10	apv.TheBrainPi 0.5fix	live-80.9-bench-75.7		1	30	1	1	605	48.8	32.0	0.1563	0	0
hadur2.Hadur 3.10	apv.TheBrainPi 0.5fix	live-80.9-bench-75.7		1	31	1	1	495	49.0	16.0	0.1739	0	0
hadur2.Hadur 3.10	apv.TheBrainPi 0.5fix	live-80.9-bench-75.7		1	32	1	1	874	41.4	80.0	0.1724	0	0
hadur2.Hadur 3.10	apv.TheBrainPi 0.5fix	live-80.9-bench-75.7		1	33	1	1	534	34.0	0.0	0.1154	0	0
hadur2.Hadur 3.10	apv.TheBrainPi 0.5fix	live-80.9-bench-75.7		1	34	0	0	542	11.9	74.3	0.1724	0	0
hadur2.Hadur 3.10	apv.TheBrainPi 0.5fix	live-80.9-bench-75.7		2	0	0	0	784	10.9	48.0	0.0652	0	1
hadur2.Hadur 3.10	apv.TheBrainPi 0.5fix	live-80.9-bench-75.7		2	1	1	1	576	48.8	32.0	0.1724	0	5
hadur2.Hadur 3.10	apv.TheBrainPi 0.5fix	live-80.9-bench-75.7		2	2	1	1	628	30.4	16.0	0.0909	0	0
hadur2.Hadur 3.10	apv.TheBrainPi 0.5fix	live-80.9-bench-75.7		2	3	1	1	705	24.6	32.0	0.1000	0	0
hadur2.Hadur 3.10	apv.TheBrainPi 0.5fix	live-80.9-bench-75.7		2	4	1	1	505	40.0	0.0	0.1667	0	0
hadur2.Hadur 3.10	apv.TheBrainPi 0.5fix	live-80.9-bench-75.7		2	5	1	1	520	39.8	0.8	0.1600	0	0
hadur2.Hadur 3.10	apv.TheBrainPi 0.5fix	live-80.9-bench-75.7		2	6	1	1	651	29.4	0.0	0.0857	0	0
hadur2.Hadur 3.10	apv.TheBrainPi 0.5fix	live-80.9-bench-75.7		2	7	1	1	511	46.0	32.0	0.1667	0	0
hadur2.Hadur 3.10	apv.TheBrainPi 0.5fix	live-80.9-bench-75.7		2	8	1	1	743	21.8	48.8	0.1087	0	0
hadur2.Hadur 3.10	apv.TheBrainPi 0.5fix	live-80.9-bench-75.7		2	9	1	1	513	48.8	0.0	0.1923	0	0
hadur2.Hadur 3.10	apv.TheBrainPi 0.5fix	live-80.9-bench-75.7		2	10	1	1	628	39.2	16.8	0.1176	0	0
hadur2.Hadur 3.10	apv.TheBrainPi 0.5fix	live-80.9-bench-75.7		2	11	1	1	845	11.8	32.8	0.0377	0	0
hadur2.Hadur 3.10	apv.TheBrainPi 0.5fix	live-80.9-bench-75.7		2	12	1	1	517	39.8	0.0	0.1667	0	1
hadur2.Hadur 3.10	apv.TheBrainPi 0.5fix	live-80.9-bench-75.7		2	13	1	1	578	39.6	16.0	0.1379	0	0
hadur2.Hadur 3.10	apv.TheBrainPi 0.5fix	live-80.9-bench-75.7		2	14	1	1	876	58.8	81.6	0.1228	0	0
hadur2.Hadur 3.10	apv.TheBrainPi 0.5fix	live-80.9-bench-75.7		2	15	1	1	473	48.8	0.0	0.2273	0	0
hadur2.Hadur 3.10	apv.TheBrainPi 0.5fix	live-80.9-bench-75.7		2	16	1	1	764	28.8	32.0	0.0667	0	0
hadur2.Hadur 3.10	apv.TheBrainPi 0.5fix	live-80.9-bench-75.7		2	17	1	1	644	63.8	64.0	0.2222	0	1
hadur2.Hadur 3.10	apv.TheBrainPi 0.5fix	live-80.9-bench-75.7		2	18	1	1	521	48.8	16.0	0.2000	0	0
hadur2.Hadur 3.10	apv.TheBrainPi 0.5fix	live-80.9-bench-75.7		2	19	0	0	593	25.7	45.5	0.0741	0	0
hadur2.Hadur 3.10	apv.TheBrainPi 0.5fix	live-80.9-bench-75.7		2	20	1	1	656	36.6	32.0	0.0882	0	0
hadur2.Hadur 3.10	apv.TheBrainPi 0.5fix	live-80.9-bench-75.7		2	21	1	1	408	67.0	32.0	0.3529	0	0
hadur2.Hadur 3.10	apv.TheBrainPi 0.5fix	live-80.9-bench-75.7		2	22	1	1	578	52.0	48.0	0.1379	0	0
hadur2.Hadur 3.10	apv.TheBrainPi 0.5fix	live-80.9-bench-75.7		2	23	1	1	666	33.4	32.8	0.1111	0	0
hadur2.Hadur 3.10	apv.TheBrainPi 0.5fix	live-80.9-bench-75.7		2	24	1	1	550	39.2	1.6	0.1481	0	0
hadur2.Hadur 3.10	apv.TheBrainPi 0.5fix	live-80.9-bench-75.7		2	25	1	1	549	28.0	0.0	0.0769	0	0
hadur2.Hadur 3.10	apv.TheBrainPi 0.5fix	live-80.9-bench-75.7		2	26	0	0	971	13.5	64.1	0.0877	0	0
hadur2.Hadur 3.10	apv.TheBrainPi 0.5fix	live-80.9-bench-75.7		2	27	1	1	556	40.0	16.0	0.1481	0	0
hadur2.Hadur 3.10	apv.TheBrainPi 0.5fix	live-80.9-bench-75.7		2	28	1	1	512	37.0	0.0	0.1250	0	0
hadur2.Hadur 3.10	apv.TheBrainPi 0.5fix	live-80.9-bench-75.7		2	29	1	1	1090	30.6	49.6	0.1486	0	0
hadur2.Hadur 3.10	apv.TheBrainPi 0.5fix	live-80.9-bench-75.7		2	30	1	1	511	37.0	0.0	0.1304	0	0
hadur2.Hadur 3.10	apv.TheBrainPi 0.5fix	live-80.9-bench-75.7		2	31	1	1	742	29.4	32.0	0.0698	0	0
hadur2.Hadur 3.10	apv.TheBrainPi 0.5fix	live-80.9-bench-75.7		2	32	1	1	711	29.4	0.8	0.0714	0	0
hadur2.Hadur 3.10	apv.TheBrainPi 0.5fix	live-80.9-bench-75.7		2	33	1	1	481	43.0	0.0	0.1818	0	0
hadur2.Hadur 3.10	apv.TheBrainPi 0.5fix	live-80.9-bench-75.7		2	34	1	1	621	28.0	16.0	0.0625	0	6
hadur2.Hadur 3.10	apv.TheBrainPi 0.5fix	live-80.9-bench-75.7		3	0	1	1	630	30.2	0.8	0.0882	0	5
hadur2.Hadur 3.10	apv.TheBrainPi 0.5fix	live-80.9-bench-75.7		3	1	1	1	597	47.4	16.0	0.1613	0	0
hadur2.Hadur 3.10	apv.TheBrainPi 0.5fix	live-80.9-bench-75.7		3	2	1	1	482	52.0	16.0	0.2273	0	0
hadur2.Hadur 3.10	apv.TheBrainPi 0.5fix	live-80.9-bench-75.7		3	3	1	1	422	64.0	32.0	0.2500	0	0
hadur2.Hadur 3.10	apv.TheBrainPi 0.5fix	live-80.9-bench-75.7		3	4	1	1	589	48.4	33.6	0.1071	0	0
hadur2.Hadur 3.10	apv.TheBrainPi 0.5fix	live-80.9-bench-75.7		3	5	1	1	858	8.4	32.0	0.0545	0	0
hadur2.Hadur 3.10	apv.TheBrainPi 0.5fix	live-80.9-bench-75.7		3	6	1	1	479	52.0	32.0	0.2381	0	0
hadur2.Hadur 3.10	apv.TheBrainPi 0.5fix	live-80.9-bench-75.7		3	7	1	1	531	45.8	16.0	0.1538	0	0
hadur2.Hadur 3.10	apv.TheBrainPi 0.5fix	live-80.9-bench-75.7		3	8	1	1	661	33.4	32.0	0.1389	0	0
hadur2.Hadur 3.10	apv.TheBrainPi 0.5fix	live-80.9-bench-75.7		3	9	1	1	575	57.8	0.0	0.1290	0	0
hadur2.Hadur 3.10	apv.TheBrainPi 0.5fix	live-80.9-bench-75.7		3	10	1	1	543	45.4	0.0	0.1481	0	0
hadur2.Hadur 3.10	apv.TheBrainPi 0.5fix	live-80.9-bench-75.7		3	11	1	1	810	15.4	48.0	0.1731	0	0
hadur2.Hadur 3.10	apv.TheBrainPi 0.5fix	live-80.9-bench-75.7		3	12	1	1	682	30.4	32.0	0.0811	0	0
hadur2.Hadur 3.10	apv.TheBrainPi 0.5fix	live-80.9-bench-75.7		3	13	1	1	514	48.8	16.0	0.2083	0	0
hadur2.Hadur 3.10	apv.TheBrainPi 0.5fix	live-80.9-bench-75.7		3	14	1	1	497	40.0	16.0	0.1739	0	0
hadur2.Hadur 3.10	apv.TheBrainPi 0.5fix	live-80.9-bench-75.7		3	15	1	1	509	49.0	16.0	0.2083	0	0
hadur2.Hadur 3.10	apv.TheBrainPi 0.5fix	live-80.9-bench-75.7		3	16	1	1	448	58.0	16.0	0.1765	0	0
hadur2.Hadur 3.10	apv.TheBrainPi 0.5fix	live-80.9-bench-75.7		3	17	1	1	567	48.8	32.0	0.1111	0	0
hadur2.Hadur 3.10	apv.TheBrainPi 0.5fix	live-80.9-bench-75.7		3	18	1	1	627	28.0	16.0	0.0909	0	0
hadur2.Hadur 3.10	apv.TheBrainPi 0.5fix	live-80.9-bench-75.7		3	19	1	1	500	58.0	32.0	0.2174	0	0
hadur2.Hadur 3.10	apv.TheBrainPi 0.5fix	live-80.9-bench-75.7		3	20	1	1	426	55.0	0.0	0.2778	0	0
hadur2.Hadur 3.10	apv.TheBrainPi 0.5fix	live-80.9-bench-75.7		3	21	1	1	528	34.0	0.0	0.0833	0	0
hadur2.Hadur 3.10	apv.TheBrainPi 0.5fix	live-80.9-bench-75.7		3	22	1	1	745	20.8	0.8	0.0732	0	0
hadur2.Hadur 3.10	apv.TheBrainPi 0.5fix	live-80.9-bench-75.7		3	23	1	1	659	30.8	32.0	0.0833	0	0
hadur2.Hadur 3.10	apv.TheBrainPi 0.5fix	live-80.9-bench-75.7		3	24	1	1	694	22.0	48.0	0.0789	0	0
hadur2.Hadur 3.10	apv.TheBrainPi 0.5fix	live-80.9-bench-75.7		3	25	1	1	790	42.0	80.0	0.2200	0	0
hadur2.Hadur 3.10	apv.TheBrainPi 0.5fix	live-80.9-bench-75.7		3	26	1	1	898	21.6	48.0	0.0678	0	0
hadur2.Hadur 3.10	apv.TheBrainPi 0.5fix	live-80.9-bench-75.7		3	27	1	1	556	49.0	32.0	0.1852	0	0
hadur2.Hadur 3.10	apv.TheBrainPi 0.5fix	live-80.9-bench-75.7		3	28	0	0	716	24.6	55.7	0.0976	0	0
hadur2.Hadur 3.10	apv.TheBrainPi 0.5fix	live-80.9-bench-75.7		3	29	1	1	459	58.0	32.0	0.2500	0	0
hadur2.Hadur 3.10	apv.TheBrainPi 0.5fix	live-80.9-bench-75.7		3	30	0	0	702	33.8	66.4	0.3000	0	0
hadur2.Hadur 3.10	apv.TheBrainPi 0.5fix	live-80.9-bench-75.7		3	31	0	0	458	16.4	48.8	0.0000	0	1
hadur2.Hadur 3.10	apv.TheBrainPi 0.5fix	live-80.9-bench-75.7		3	32	1	1	529	34.0	0.0	0.0909	0	0
hadur2.Hadur 3.10	apv.TheBrainPi 0.5fix	live-80.9-bench-75.7		3	33	1	1	453	49.0	16.0	0.1667	0	1
hadur2.Hadur 3.10	apv.TheBrainPi 0.5fix	live-80.9-bench-75.7		3	34	1	1	730	38.8	33.6	0.0976	0	5
hadur2.Hadur 3.10	apv.TheBrainPi 0.5fix	live-80.9-bench-75.7		4	0	1	1	544	48.8	16.0	0.1852	0	5
hadur2.Hadur 3.10	apv.TheBrainPi 0.5fix	live-80.9-bench-75.7		4	1	1	1	612	30.8	16.0	0.0938	0	0
hadur2.Hadur 3.10	apv.TheBrainPi 0.5fix	live-80.9-bench-75.7		4	2	1	1	569	46.0	32.0	0.1429	0	0
hadur2.Hadur 3.10	apv.TheBrainPi 0.5fix	live-80.9-bench-75.7		4	3	1	1	508	40.0	0.0	0.1667	0	0
hadur2.Hadur 3.10	apv.TheBrainPi 0.5fix	live-80.9-bench-75.7		4	4	1	1	628	30.4	16.0	0.0909	0	0
hadur2.Hadur 3.10	apv.TheBrainPi 0.5fix	live-80.9-bench-75.7		4	5	0	0	768	42.7	83.1	0.1961	0	0
hadur2.Hadur 3.10	apv.TheBrainPi 0.5fix	live-80.9-bench-75.7		4	6	1	1	864	9.2	48.0	0.0702	0	0
hadur2.Hadur 3.10	apv.TheBrainPi 0.5fix	live-80.9-bench-75.7		4	7	1	1	806	21.4	32.0	0.0612	0	0
hadur2.Hadur 3.10	apv.TheBrainPi 0.5fix	live-80.9-bench-75.7		4	8	1	1	588	48.4	32.0	0.1379	0	0
hadur2.Hadur 3.10	apv.TheBrainPi 0.5fix	live-80.9-bench-75.7		4	9	1	1	567	39.0	0.0	0.1379	0	0
hadur2.Hadur 3.10	apv.TheBrainPi 0.5fix	live-80.9-bench-75.7		4	10	1	1	581	43.0	32.0	0.1379	0	0
hadur2.Hadur 3.10	apv.TheBrainPi 0.5fix	live-80.9-bench-75.7		4	11	1	1	1090	45.0	65.6	0.1600	0	0
hadur2.Hadur 3.10	apv.TheBrainPi 0.5fix	live-80.9-bench-75.7		4	12	1	1	466	55.0	32.0	0.1579	0	0
hadur2.Hadur 3.10	apv.TheBrainPi 0.5fix	live-80.9-bench-75.7		4	13	1	1	716	28.0	48.0	0.1500	0	0
hadur2.Hadur 3.10	apv.TheBrainPi 0.5fix	live-80.9-bench-75.7		4	14	1	1	542	49.0	64.0	0.1600	0	0
hadur2.Hadur 3.10	apv.TheBrainPi 0.5fix	live-80.9-bench-75.7		4	15	1	1	551	40.0	32.0	0.1481	0	0
hadur2.Hadur 3.10	apv.TheBrainPi 0.5fix	live-80.9-bench-75.7		4	16	1	1	489	43.0	16.0	0.1364	0	0
hadur2.Hadur 3.10	apv.TheBrainPi 0.5fix	live-80.9-bench-75.7		4	17	0	0	564	28.8	79.9	0.1667	0	0
hadur2.Hadur 3.10	apv.TheBrainPi 0.5fix	live-80.9-bench-75.7		4	18	1	1	631	43.0	48.0	0.1471	0	0
hadur2.Hadur 3.10	apv.TheBrainPi 0.5fix	live-80.9-bench-75.7		4	19	1	1	650	22.0	16.0	0.0588	0	0
hadur2.Hadur 3.10	apv.TheBrainPi 0.5fix	live-80.9-bench-75.7		4	20	1	1	578	43.0	32.0	0.1379	0	0
hadur2.Hadur 3.10	apv.TheBrainPi 0.5fix	live-80.9-bench-75.7		4	21	1	1	638	22.0	16.0	0.0606	0	0
hadur2.Hadur 3.10	apv.TheBrainPi 0.5fix	live-80.9-bench-75.7		4	22	1	1	446	67.0	32.0	0.3158	0	0
hadur2.Hadur 3.10	apv.TheBrainPi 0.5fix	live-80.9-bench-75.7		4	23	1	1	554	40.0	16.0	0.1538	0	0
hadur2.Hadur 3.10	apv.TheBrainPi 0.5fix	live-80.9-bench-75.7		4	24	1	1	614	29.8	0.0	0.0938	0	0
hadur2.Hadur 3.10	apv.TheBrainPi 0.5fix	live-80.9-bench-75.7		4	25	0	0	732	29.7	74.1	0.1136	0	0
hadur2.Hadur 3.10	apv.TheBrainPi 0.5fix	live-80.9-bench-75.7		4	26	1	1	858	39.0	16.0	0.0741	0	0
hadur2.Hadur 3.10	apv.TheBrainPi 0.5fix	live-80.9-bench-75.7		4	27	1	1	654	42.6	48.0	0.1351	0	0
hadur2.Hadur 3.10	apv.TheBrainPi 0.5fix	live-80.9-bench-75.7		4	28	1	1	470	48.8	0.0	0.2273	0	0
hadur2.Hadur 3.10	apv.TheBrainPi 0.5fix	live-80.9-bench-75.7		4	29	1	1	413	58.0	0.0	0.2941	0	0
hadur2.Hadur 3.10	apv.TheBrainPi 0.5fix	live-80.9-bench-75.7		4	30	1	1	806	43.8	34.4	0.0851	0	0
hadur2.Hadur 3.10	apv.TheBrainPi 0.5fix	live-80.9-bench-75.7		4	31	1	1	639	29.4	0.0	0.0857	0	0
hadur2.Hadur 3.10	apv.TheBrainPi 0.5fix	live-80.9-bench-75.7		4	32	1	1	494	58.0	32.0	0.2174	0	0
hadur2.Hadur 3.10	apv.TheBrainPi 0.5fix	live-80.9-bench-75.7		4	33	1	1	517	49.0	0.8	0.2400	0	1
hadur2.Hadur 3.10	apv.TheBrainPi 0.5fix	live-80.9-bench-75.7		4	34	1	1	531	48.6	16.8	0.1250	0	7
hadur2.Hadur 3.10	bayen.nut.Squirrel 1.621	live-95.9-bench-89.0		1	0	1	1	501	71.5	35.0	0.2609	0	6
hadur2.Hadur 3.10	bayen.nut.Squirrel 1.621	live-95.9-bench-89.0		1	1	1	1	488	80.2	31.9	0.3636	0	0
hadur2.Hadur 3.10	bayen.nut.Squirrel 1.621	live-95.9-bench-89.0		1	2	1	1	390	71.4	0.0	0.4375	0	0
hadur2.Hadur 3.10	bayen.nut.Squirrel 1.621	live-95.9-bench-89.0		1	3	1	1	370	72.1	0.0	0.5000	0	0
hadur2.Hadur 3.10	bayen.nut.Squirrel 1.621	live-95.9-bench-89.0		1	4	1	1	330	79.3	3.1	0.4000	0	0
hadur2.Hadur 3.10	bayen.nut.Squirrel 1.621	live-95.9-bench-89.0		1	5	0	0	671	0.4	41.6	0.0278	0	0
hadur2.Hadur 3.10	bayen.nut.Squirrel 1.621	live-95.9-bench-89.0		1	6	0	0	445	0.0	57.6	0.0000	0	0
hadur2.Hadur 3.10	bayen.nut.Squirrel 1.621	live-95.9-bench-89.0		1	7	1	1	1074	31.5	51.8	0.1184	0	0
hadur2.Hadur 3.10	bayen.nut.Squirrel 1.621	live-95.9-bench-89.0		1	8	1	1	1409	14.7	35.6	0.1262	0	0
hadur2.Hadur 3.10	bayen.nut.Squirrel 1.621	live-95.9-bench-89.0		1	9	1	1	1088	35.0	46.5	0.1600	0	0
hadur2.Hadur 3.10	bayen.nut.Squirrel 1.621	live-95.9-bench-89.0		1	10	1	1	742	40.0	32.5	0.1429	0	0
hadur2.Hadur 3.10	bayen.nut.Squirrel 1.621	live-95.9-bench-89.0		1	11	1	1	656	46.4	7.1	0.1176	0	0
hadur2.Hadur 3.10	bayen.nut.Squirrel 1.621	live-95.9-bench-89.0		1	12	1	1	794	41.3	16.1	0.0889	0	0
hadur2.Hadur 3.10	bayen.nut.Squirrel 1.621	live-95.9-bench-89.0		1	13	0	0	1598	28.9	68.3	0.1504	0	0
hadur2.Hadur 3.10	bayen.nut.Squirrel 1.621	live-95.9-bench-89.0		1	14	1	1	515	63.2	29.3	0.2174	0	0
hadur2.Hadur 3.10	bayen.nut.Squirrel 1.621	live-95.9-bench-89.0		1	15	1	1	1386	44.1	49.8	0.1500	0	1
hadur2.Hadur 3.10	bayen.nut.Squirrel 1.621	live-95.9-bench-89.0		1	16	0	0	1657	12.7	44.8	0.0988	0	1
hadur2.Hadur 3.10	bayen.nut.Squirrel 1.621	live-95.9-bench-89.0		1	17	1	1	702	35.7	0.0	0.0811	0	0
hadur2.Hadur 3.10	bayen.nut.Squirrel 1.621	live-95.9-bench-89.0		1	18	1	1	747	37.7	3.6	0.0732	0	0
hadur2.Hadur 3.10	bayen.nut.Squirrel 1.621	live-95.9-bench-89.0		1	19	1	1	1008	29.2	8.8	0.0938	0	0
hadur2.Hadur 3.10	bayen.nut.Squirrel 1.621	live-95.9-bench-89.0		1	20	1	1	829	55.1	32.8	0.1458	0	0
hadur2.Hadur 3.10	bayen.nut.Squirrel 1.621	live-95.9-bench-89.0		1	21	1	1	724	49.1	4.2	0.1429	0	0
hadur2.Hadur 3.10	bayen.nut.Squirrel 1.621	live-95.9-bench-89.0		1	22	1	1	1703	16.2	47.8	0.0977	0	1
hadur2.Hadur 3.10	bayen.nut.Squirrel 1.621	live-95.9-bench-89.0		1	23	1	1	1474	14.9	29.0	0.1296	0	1
hadur2.Hadur 3.10	bayen.nut.Squirrel 1.621	live-95.9-bench-89.0		1	24	1	1	749	24.3	0.0	0.0476	0	0
hadur2.Hadur 3.10	bayen.nut.Squirrel 1.621	live-95.9-bench-89.0		1	25	1	1	594	38.4	0.0	0.1034	0	0
hadur2.Hadur 3.10	bayen.nut.Squirrel 1.621	live-95.9-bench-89.0		1	26	0	0	1007	19.9	70.5	0.1429	0	0
hadur2.Hadur 3.10	bayen.nut.Squirrel 1.621	live-95.9-bench-89.0		1	27	1	1	814	35.3	11.2	0.0870	0	0
hadur2.Hadur 3.10	bayen.nut.Squirrel 1.621	live-95.9-bench-89.0		1	28	1	1	1287	18.5	27.3	0.0851	0	1
hadur2.Hadur 3.10	bayen.nut.Squirrel 1.621	live-95.9-bench-89.0		1	29	1	1	726	40.5	32.0	0.1190	0	1
hadur2.Hadur 3.10	bayen.nut.Squirrel 1.621	live-95.9-bench-89.0		1	30	1	1	791	41.6	35.0	0.1489	0	0
hadur2.Hadur 3.10	bayen.nut.Squirrel 1.621	live-95.9-bench-89.0		1	31	1	1	1420	25.1	27.2	0.0865	0	1
hadur2.Hadur 3.10	bayen.nut.Squirrel 1.621	live-95.9-bench-89.0		1	32	0	0	607	20.2	72.1	0.0882	0	1
hadur2.Hadur 3.10	bayen.nut.Squirrel 1.621	live-95.9-bench-89.0		1	33	1	1	528	50.5	9.9	0.2000	0	0
hadur2.Hadur 3.10	bayen.nut.Squirrel 1.621	live-95.9-bench-89.0		1	34	1	1	850	45.4	26.2	0.1200	0	6
hadur2.Hadur 3.10	bayen.nut.Squirrel 1.621	live-95.9-bench-89.0		2	0	1	1	642	60.8	42.8	0.1765	0	5
hadur2.Hadur 3.10	bayen.nut.Squirrel 1.621	live-95.9-bench-89.0		2	1	1	1	840	44.2	26.1	0.1000	0	0
hadur2.Hadur 3.10	bayen.nut.Squirrel 1.621	live-95.9-bench-89.0		2	2	1	1	561	38.5	2.5	0.1071	0	0
hadur2.Hadur 3.10	bayen.nut.Squirrel 1.621	live-95.9-bench-89.0		2	3	1	1	720	34.2	7.2	0.0769	0	0
hadur2.Hadur 3.10	bayen.nut.Squirrel 1.621	live-95.9-bench-89.0		2	4	1	1	907	28.5	10.2	0.0909	0	0
hadur2.Hadur 3.10	bayen.nut.Squirrel 1.621	live-95.9-bench-89.0		2	5	1	1	886	30.9	13.8	0.1132	0	0
hadur2.Hadur 3.10	bayen.nut.Squirrel 1.621	live-95.9-bench-89.0		2	6	0	0	637	8.2	66.9	0.0541	0	0
hadur2.Hadur 3.10	bayen.nut.Squirrel 1.621	live-95.9-bench-89.0		2	7	1	1	792	42.1	6.9	0.1064	0	0
hadur2.Hadur 3.10	bayen.nut.Squirrel 1.621	live-95.9-bench-89.0		2	8	1	1	641	36.9	5.7	0.0909	0	0
hadur2.Hadur 3.10	bayen.nut.Squirrel 1.621	live-95.9-bench-89.0		2	9	1	1	606	40.2	0.0	0.1290	0	0
hadur2.Hadur 3.10	bayen.nut.Squirrel 1.621	live-95.9-bench-89.0		2	10	1	1	654	36.7	12.7	0.0882	0	0
hadur2.Hadur 3.10	bayen.nut.Squirrel 1.621	live-95.9-bench-89.0		2	11	1	1	1552	14.0	30.0	0.0948	0	0
hadur2.Hadur 3.10	bayen.nut.Squirrel 1.621	live-95.9-bench-89.0		2	12	1	1	561	56.4	16.0	0.1852	0	0
hadur2.Hadur 3.10	bayen.nut.Squirrel 1.621	live-95.9-bench-89.0		2	13	0	0	781	35.2	80.0	0.2105	0	0
hadur2.Hadur 3.10	bayen.nut.Squirrel 1.621	live-95.9-bench-89.0		2	14	1	1	1311	24.0	41.4	0.1031	0	0
hadur2.Hadur 3.10	bayen.nut.Squirrel 1.621	live-95.9-bench-89.0		2	15	1	1	701	35.7	3.8	0.0811	0	0
hadur2.Hadur 3.10	bayen.nut.Squirrel 1.621	live-95.9-bench-89.0		2	16	1	1	501	61.7	16.0	0.2500	0	0
hadur2.Hadur 3.10	bayen.nut.Squirrel 1.621	live-95.9-bench-89.0		2	17	1	1	1761	15.2	59.7	0.0719	0	0
hadur2.Hadur 3.10	bayen.nut.Squirrel 1.621	live-95.9-bench-89.0		2	18	1	1	824	34.1	1.7	0.0638	0	0
hadur2.Hadur 3.10	bayen.nut.Squirrel 1.621	live-95.9-bench-89.0		2	19	1	1	1156	22.3	32.5	0.1111	0	0
hadur2.Hadur 3.10	bayen.nut.Squirrel 1.621	live-95.9-bench-89.0		2	20	1	1	915	45.3	24.7	0.1071	0	0
hadur2.Hadur 3.10	bayen.nut.Squirrel 1.621	live-95.9-bench-89.0		2	21	1	1	1399	6.9	21.4	0.0971	0	0
hadur2.Hadur 3.10	bayen.nut.Squirrel 1.621	live-95.9-bench-89.0		2	22	1	1	732	42.2	6.7	0.0976	0	0
hadur2.Hadur 3.10	bayen.nut.Squirrel 1.621	live-95.9-bench-89.0		2	23	1	1	1682	14.1	37.9	0.0923	0	0
hadur2.Hadur 3.10	bayen.nut.Squirrel 1.621	live-95.9-bench-89.0		2	24	1	1	1032	30.7	40.0	0.1528	0	0
hadur2.Hadur 3.10	bayen.nut.Squirrel 1.621	live-95.9-bench-89.0		2	25	1	1	602	49.5	0.0	0.1667	0	0
hadur2.Hadur 3.10	bayen.nut.Squirrel 1.621	live-95.9-bench-89.0		2	26	1	1	704	57.2	20.8	0.1351	0	0
hadur2.Hadur 3.10	bayen.nut.Squirrel 1.621	live-95.9-bench-89.0		2	27	1	1	888	42.6	25.3	0.0926	0	0
hadur2.Hadur 3.10	bayen.nut.Squirrel 1.621	live-95.9-bench-89.0		2	28	1	1	789	55.1	41.2	0.1522	0	1
hadur2.Hadur 3.10	bayen.nut.Squirrel 1.621	live-95.9-bench-89.0		2	29	1	1	1342	34.6	37.3	0.1354	0	0
hadur2.Hadur 3.10	bayen.nut.Squirrel 1.621	live-95.9-bench-89.0		2	30	1	1	1379	17.4	23.0	0.1100	0	1
hadur2.Hadur 3.10	bayen.nut.Squirrel 1.621	live-95.9-bench-89.0		2	31	1	1	715	34.4	16.0	0.0769	0	0
hadur2.Hadur 3.10	bayen.nut.Squirrel 1.621	live-95.9-bench-89.0		2	32	1	1	840	29.4	32.0	0.0962	0	0
hadur2.Hadur 3.10	bayen.nut.Squirrel 1.621	live-95.9-bench-89.0		2	33	1	1	539	59.9	19.8	0.2308	0	1
hadur2.Hadur 3.10	bayen.nut.Squirrel 1.621	live-95.9-bench-89.0		2	34	1	1	719	40.4	19.5	0.1026	0	7
hadur2.Hadur 3.10	bayen.nut.Squirrel 1.621	live-95.9-bench-89.0		3	0	1	1	407	84.1	38.1	0.5000	0	6
hadur2.Hadur 3.10	bayen.nut.Squirrel 1.621	live-95.9-bench-89.0		3	1	1	1	404	78.8	15.8	0.3750	0	0
hadur2.Hadur 3.10	bayen.nut.Squirrel 1.621	live-95.9-bench-89.0		3	2	1	1	452	66.4	16.0	0.3000	0	0
hadur2.Hadur 3.10	bayen.nut.Squirrel 1.621	live-95.9-bench-89.0		3	3	1	1	421	82.3	32.0	0.4444	0	0
hadur2.Hadur 3.10	bayen.nut.Squirrel 1.621	live-95.9-bench-89.0		3	4	1	1	446	62.7	13.3	0.1765	0	0
hadur2.Hadur 3.10	bayen.nut.Squirrel 1.621	live-95.9-bench-89.0		3	5	1	1	495	73.0	13.4	0.1905	0	0
hadur2.Hadur 3.10	bayen.nut.Squirrel 1.621	live-95.9-bench-89.0		3	6	1	1	399	82.0	8.0	0.3333	0	0
hadur2.Hadur 3.10	bayen.nut.Squirrel 1.621	live-95.9-bench-89.0		3	7	1	1	386	65.6	0.0	0.2857	0	0
hadur2.Hadur 3.10	bayen.nut.Squirrel 1.621	live-95.9-bench-89.0		3	8	1	1	338	76.0	0.0	0.4000	0	0
hadur2.Hadur 3.10	bayen.nut.Squirrel 1.621	live-95.9-bench-89.0		3	9	1	1	308	86.6	8.9	0.5556	0	0
hadur2.Hadur 3.10	bayen.nut.Squirrel 1.621	live-95.9-bench-89.0		3	10	1	1	370	86.9	32.0	0.4167	0	0
hadur2.Hadur 3.10	bayen.nut.Squirrel 1.621	live-95.9-bench-89.0		3	11	1	1	368	73.0	0.0	0.3333	0	0
hadur2.Hadur 3.10	bayen.nut.Squirrel 1.621	live-95.9-bench-89.0		3	12	1	1	330	80.6	0.0	0.4545	0	0
hadur2.Hadur 3.10	bayen.nut.Squirrel 1.621	live-95.9-bench-89.0		3	13	1	1	372	79.0	7.1	0.3846	0	0
hadur2.Hadur 3.10	bayen.nut.Squirrel 1.621	live-95.9-bench-89.0		3	14	1	1	303	82.5	0.6	0.6250	0	0
hadur2.Hadur 3.10	bayen.nut.Squirrel 1.621	live-95.9-bench-89.0		3	15	1	1	303	81.6	0.0	0.6250	0	0
hadur2.Hadur 3.10	bayen.nut.Squirrel 1.621	live-95.9-bench-89.0		3	16	1	1	340	79.6	7.1	0.4000	0	0
hadur2.Hadur 3.10	bayen.nut.Squirrel 1.621	live-95.9-bench-89.0		3	17	1	1	335	76.4	0.0	0.4000	0	0
hadur2.Hadur 3.10	bayen.nut.Squirrel 1.621	live-95.9-bench-89.0		3	18	1	1	385	74.1	16.0	0.3077	0	0
hadur2.Hadur 3.10	bayen.nut.Squirrel 1.621	live-95.9-bench-89.0		3	19	1	1	349	87.9	24.2	0.4545	0	0
hadur2.Hadur 3.10	bayen.nut.Squirrel 1.621	live-95.9-bench-89.0		3	20	1	1	307	81.1	0.4	0.5556	0	0
hadur2.Hadur 3.10	bayen.nut.Squirrel 1.621	live-95.9-bench-89.0		3	21	1	1	399	76.5	16.0	0.2857	0	0
hadur2.Hadur 3.10	bayen.nut.Squirrel 1.621	live-95.9-bench-89.0		3	22	1	1	393	85.2	32.0	0.3571	0	0
hadur2.Hadur 3.10	bayen.nut.Squirrel 1.621	live-95.9-bench-89.0		3	23	1	1	364	75.2	2.4	0.3333	0	0
hadur2.Hadur 3.10	bayen.nut.Squirrel 1.621	live-95.9-bench-89.0		3	24	1	1	339	83.6	10.3	0.4545	0	0
hadur2.Hadur 3.10	bayen.nut.Squirrel 1.621	live-95.9-bench-89.0		3	25	1	1	346	84.7	11.6	0.4545	0	0
hadur2.Hadur 3.10	bayen.nut.Squirrel 1.621	live-95.9-bench-89.0		3	26	1	1	304	78.5	0.0	0.5000	0	0
hadur2.Hadur 3.10	bayen.nut.Squirrel 1.621	live-95.9-bench-89.0		3	27	1	1	305	78.9	0.0	0.5000	0	0
hadur2.Hadur 3.10	bayen.nut.Squirrel 1.621	live-95.9-bench-89.0		3	28	1	1	383	72.6	0.0	0.3077	0	0
hadur2.Hadur 3.10	bayen.nut.Squirrel 1.621	live-95.9-bench-89.0		3	29	1	1	372	80.7	16.4	0.3846	0	0
hadur2.Hadur 3.10	bayen.nut.Squirrel 1.621	live-95.9-bench-89.0		3	30	1	1	308	80.9	3.4	0.5556	0	0
hadur2.Hadur 3.10	bayen.nut.Squirrel 1.621	live-95.9-bench-89.0		3	31	1	1	356	70.5	0.0	0.3333	0	0
hadur2.Hadur 3.10	bayen.nut.Squirrel 1.621	live-95.9-bench-89.0		3	32	1	1	322	75.9	2.5	0.4444	0	0
hadur2.Hadur 3.10	bayen.nut.Squirrel 1.621	live-95.9-bench-89.0		3	33	1	1	340	74.1	0.0	0.4000	0	0
hadur2.Hadur 3.10	bayen.nut.Squirrel 1.621	live-95.9-bench-89.0		3	34	1	1	394	86.8	28.6	0.3571	0	6
hadur2.Hadur 3.10	bayen.nut.Squirrel 1.621	live-95.9-bench-89.0		4	0	1	1	520	72.2	36.5	0.2500	0	5
hadur2.Hadur 3.10	bayen.nut.Squirrel 1.621	live-95.9-bench-89.0		4	1	1	1	342	84.8	16.0	0.6667	0	1
hadur2.Hadur 3.10	bayen.nut.Squirrel 1.621	live-95.9-bench-89.0		4	2	1	1	368	70.6	0.0	0.5000	0	0
hadur2.Hadur 3.10	bayen.nut.Squirrel 1.621	live-95.9-bench-89.0		4	3	1	1	329	86.1	16.0	0.7273	0	0
hadur2.Hadur 3.10	bayen.nut.Squirrel 1.621	live-95.9-bench-89.0		4	4	1	1	398	81.4	32.0	0.4375	0	0
hadur2.Hadur 3.10	bayen.nut.Squirrel 1.621	live-95.9-bench-89.0		4	5	1	1	314	76.4	3.2	0.4444	0	0
hadur2.Hadur 3.10	bayen.nut.Squirrel 1.621	live-95.9-bench-89.0		4	6	1	1	517	47.8	16.0	0.0952	0	0
hadur2.Hadur 3.10	bayen.nut.Squirrel 1.621	live-95.9-bench-89.0		4	7	1	1	303	79.4	0.0	0.5000	0	0
hadur2.Hadur 3.10	bayen.nut.Squirrel 1.621	live-95.9-bench-89.0		4	8	1	1	341	85.1	9.1	0.4545	0	0
hadur2.Hadur 3.10	bayen.nut.Squirrel 1.621	live-95.9-bench-89.0		4	9	1	1	357	74.5	0.0	0.3333	0	0
hadur2.Hadur 3.10	bayen.nut.Squirrel 1.621	live-95.9-bench-89.0		4	10	1	1	334	74.7	0.0	0.4000	0	0
hadur2.Hadur 3.10	bayen.nut.Squirrel 1.621	live-95.9-bench-89.0		4	11	1	1	369	78.8	16.0	0.3333	0	0
hadur2.Hadur 3.10	bayen.nut.Squirrel 1.621	live-95.9-bench-89.0		4	12	1	1	310	78.8	0.0	0.4444	0	0
hadur2.Hadur 3.10	bayen.nut.Squirrel 1.621	live-95.9-bench-89.0		4	13	1	1	319	77.0	0.0	0.4444	0	0
hadur2.Hadur 3.10	bayen.nut.Squirrel 1.621	live-95.9-bench-89.0		4	14	1	1	320	80.1	0.0	0.5556	0	0
hadur2.Hadur 3.10	bayen.nut.Squirrel 1.621	live-95.9-bench-89.0		4	15	1	1	350	77.6	11.3	0.3636	0	0
hadur2.Hadur 3.10	bayen.nut.Squirrel 1.621	live-95.9-bench-89.0		4	16	1	1	344	82.1	16.0	0.4545	0	1
hadur2.Hadur 3.10	bayen.nut.Squirrel 1.621	live-95.9-bench-89.0		4	17	1	1	421	79.7	23.8	0.2667	0	0
hadur2.Hadur 3.10	bayen.nut.Squirrel 1.621	live-95.9-bench-89.0		4	18	1	1	425	80.6	32.4	0.3125	0	0
hadur2.Hadur 3.10	bayen.nut.Squirrel 1.621	live-95.9-bench-89.0		4	19	1	1	305	84.2	3.8	0.5556	0	0
hadur2.Hadur 3.10	bayen.nut.Squirrel 1.621	live-95.9-bench-89.0		4	20	1	1	371	88.9	32.0	0.4167	0	0
hadur2.Hadur 3.10	bayen.nut.Squirrel 1.621	live-95.9-bench-89.0		4	21	1	1	378	84.6	17.1	0.3846	0	0
hadur2.Hadur 3.10	bayen.nut.Squirrel 1.621	live-95.9-bench-89.0		4	22	1	1	330	81.2	0.0	0.4545	0	0
hadur2.Hadur 3.10	bayen.nut.Squirrel 1.621	live-95.9-bench-89.0		4	23	1	1	305	78.7	0.0	0.5000	0	0
hadur2.Hadur 3.10	bayen.nut.Squirrel 1.621	live-95.9-bench-89.0		4	24	1	1	333	75.4	0.0	0.4000	0	0
hadur2.Hadur 3.10	bayen.nut.Squirrel 1.621	live-95.9-bench-89.0		4	25	1	1	351	78.8	13.0	0.3636	0	0
hadur2.Hadur 3.10	bayen.nut.Squirrel 1.621	live-95.9-bench-89.0		4	26	1	1	352	73.5	0.0	0.3636	0	0
hadur2.Hadur 3.10	bayen.nut.Squirrel 1.621	live-95.9-bench-89.0		4	27	1	1	351	71.5	0.0	0.3636	0	0
hadur2.Hadur 3.10	bayen.nut.Squirrel 1.621	live-95.9-bench-89.0		4	28	1	1	371	68.7	0.0	0.3077	0	0
hadur2.Hadur 3.10	bayen.nut.Squirrel 1.621	live-95.9-bench-89.0		4	29	1	1	325	77.8	0.0	0.4000	0	0
hadur2.Hadur 3.10	bayen.nut.Squirrel 1.621	live-95.9-bench-89.0		4	30	1	1	328	88.1	16.0	0.5000	0	0
hadur2.Hadur 3.10	bayen.nut.Squirrel 1.621	live-95.9-bench-89.0		4	31	1	1	391	75.5	2.5	0.2857	0	0
hadur2.Hadur 3.10	bayen.nut.Squirrel 1.621	live-95.9-bench-89.0		4	32	1	1	366	80.6	16.0	0.4167	0	0
hadur2.Hadur 3.10	bayen.nut.Squirrel 1.621	live-95.9-bench-89.0		4	33	1	1	306	89.3	16.0	0.6250	0	0
hadur2.Hadur 3.10	bayen.nut.Squirrel 1.621	live-95.9-bench-89.0		4	34	1	1	349	90.2	32.0	0.4545	0	9
hadur2.Hadur 3.10	cbot.agile.Nibbler 0.2	live-83.1-bench-98.5		1	0	0	0	879	13.9	73.4	0.1864	0	2
hadur2.Hadur 3.10	cbot.agile.Nibbler 0.2	live-83.1-bench-98.5		1	1	1	1	587	58.3	16.6	0.1290	0	4
hadur2.Hadur 3.10	cbot.agile.Nibbler 0.2	live-83.1-bench-98.5		1	2	1	1	498	59.1	32.0	0.1500	0	0
hadur2.Hadur 3.10	cbot.agile.Nibbler 0.2	live-83.1-bench-98.5		1	3	1	1	540	59.1	48.0	0.1304	0	0
hadur2.Hadur 3.10	cbot.agile.Nibbler 0.2	live-83.1-bench-98.5		1	4	1	1	445	54.4	5.7	0.1765	0	0
hadur2.Hadur 3.10	cbot.agile.Nibbler 0.2	live-83.1-bench-98.5		1	5	1	1	649	42.8	18.7	0.1429	0	0
hadur2.Hadur 3.10	cbot.agile.Nibbler 0.2	live-83.1-bench-98.5		1	6	1	1	467	56.1	27.2	0.2632	0	0
hadur2.Hadur 3.10	cbot.agile.Nibbler 0.2	live-83.1-bench-98.5		1	7	1	1	671	32.0	36.1	0.1351	0	0
hadur2.Hadur 3.10	cbot.agile.Nibbler 0.2	live-83.1-bench-98.5		1	8	1	1	581	35.9	16.0	0.1034	0	0
hadur2.Hadur 3.10	cbot.agile.Nibbler 0.2	live-83.1-bench-98.5		1	9	1	1	643	53.3	46.8	0.1765	0	0
hadur2.Hadur 3.10	cbot.agile.Nibbler 0.2	live-83.1-bench-98.5		1	10	1	1	855	31.1	33.3	0.0755	0	0
hadur2.Hadur 3.10	cbot.agile.Nibbler 0.2	live-83.1-bench-98.5		1	11	1	1	449	58.0	16.0	0.2500	0	0
hadur2.Hadur 3.10	cbot.agile.Nibbler 0.2	live-83.1-bench-98.5		1	12	1	1	561	33.8	0.0	0.1071	0	0
hadur2.Hadur 3.10	cbot.agile.Nibbler 0.2	live-83.1-bench-98.5		1	13	1	1	550	54.2	36.3	0.1923	0	0
hadur2.Hadur 3.10	cbot.agile.Nibbler 0.2	live-83.1-bench-98.5		1	14	1	1	488	51.1	27.6	0.1500	0	0
hadur2.Hadur 3.10	cbot.agile.Nibbler 0.2	live-83.1-bench-98.5		1	15	1	1	552	45.8	13.0	0.1481	0	0
hadur2.Hadur 3.10	cbot.agile.Nibbler 0.2	live-83.1-bench-98.5		1	16	1	1	444	52.0	0.0	0.2222	0	0
hadur2.Hadur 3.10	cbot.agile.Nibbler 0.2	live-83.1-bench-98.5		1	17	1	1	793	20.3	17.3	0.0435	0	0
hadur2.Hadur 3.10	cbot.agile.Nibbler 0.2	live-83.1-bench-98.5		1	18	1	1	660	42.8	22.5	0.1389	0	0
hadur2.Hadur 3.10	cbot.agile.Nibbler 0.2	live-83.1-bench-98.5		1	19	1	1	503	53.5	16.0	0.2174	0	0
hadur2.Hadur 3.10	cbot.agile.Nibbler 0.2	live-83.1-bench-98.5		1	20	1	1	566	49.2	0.0	0.1667	0	0
hadur2.Hadur 3.10	cbot.agile.Nibbler 0.2	live-83.1-bench-98.5		1	21	1	1	433	61.9	16.0	0.2353	0	0
hadur2.Hadur 3.10	cbot.agile.Nibbler 0.2	live-83.1-bench-98.5		1	22	1	1	946	4.5	32.0	0.1639	0	0
hadur2.Hadur 3.10	cbot.agile.Nibbler 0.2	live-83.1-bench-98.5		1	23	1	1	597	42.3	32.0	0.1333	0	0
hadur2.Hadur 3.10	cbot.agile.Nibbler 0.2	live-83.1-bench-98.5		1	24	0	0	689	37.5	73.1	0.1795	0	0
hadur2.Hadur 3.10	cbot.agile.Nibbler 0.2	live-83.1-bench-98.5		1	25	1	1	504	40.2	0.0	0.0909	0	0
hadur2.Hadur 3.10	cbot.agile.Nibbler 0.2	live-83.1-bench-98.5		1	26	1	1	509	59.4	37.4	0.2609	0	0
hadur2.Hadur 3.10	cbot.agile.Nibbler 0.2	live-83.1-bench-98.5		1	27	1	1	646	27.5	16.0	0.0625	0	0
hadur2.Hadur 3.10	cbot.agile.Nibbler 0.2	live-83.1-bench-98.5		1	28	1	1	579	45.5	21.1	0.1724	0	0
hadur2.Hadur 3.10	cbot.agile.Nibbler 0.2	live-83.1-bench-98.5		1	29	1	1	563	54.1	32.0	0.1852	0	0
hadur2.Hadur 3.10	cbot.agile.Nibbler 0.2	live-83.1-bench-98.5		1	30	1	1	582	56.4	31.9	0.1724	0	1
hadur2.Hadur 3.10	cbot.agile.Nibbler 0.2	live-83.1-bench-98.5		1	31	1	1	362	64.0	0.0	0.2500	0	0
hadur2.Hadur 3.10	cbot.agile.Nibbler 0.2	live-83.1-bench-98.5		1	32	1	1	442	69.0	32.0	0.2353	0	0
hadur2.Hadur 3.10	cbot.agile.Nibbler 0.2	live-83.1-bench-98.5		1	33	1	1	517	48.6	0.0	0.1304	0	0
hadur2.Hadur 3.10	cbot.agile.Nibbler 0.2	live-83.1-bench-98.5		1	34	1	1	436	70.9	32.0	0.2353	0	6
hadur2.Hadur 3.10	cbot.agile.Nibbler 0.2	live-83.1-bench-98.5		2	0	1	1	825	41.6	48.3	0.1000	0	5
hadur2.Hadur 3.10	cbot.agile.Nibbler 0.2	live-83.1-bench-98.5		2	1	1	1	628	26.4	10.7	0.0625	0	0
hadur2.Hadur 3.10	cbot.agile.Nibbler 0.2	live-83.1-bench-98.5		2	2	1	1	614	76.3	62.2	0.2424	0	1
hadur2.Hadur 3.10	cbot.agile.Nibbler 0.2	live-83.1-bench-98.5		2	3	1	1	553	41.8	18.9	0.1481	0	0
hadur2.Hadur 3.10	cbot.agile.Nibbler 0.2	live-83.1-bench-98.5		2	4	1	1	577	35.7	26.0	0.1154	0	0
hadur2.Hadur 3.10	cbot.agile.Nibbler 0.2	live-83.1-bench-98.5		2	5	1	1	681	42.1	14.1	0.1282	0	0
hadur2.Hadur 3.10	cbot.agile.Nibbler 0.2	live-83.1-bench-98.5		2	6	0	0	794	29.9	68.9	0.1020	0	0
hadur2.Hadur 3.10	cbot.agile.Nibbler 0.2	live-83.1-bench-98.5		2	7	1	1	676	39.7	16.8	0.1316	0	0
hadur2.Hadur 3.10	cbot.agile.Nibbler 0.2	live-83.1-bench-98.5		2	8	1	1	582	26.5	20.9	0.0690	0	0
hadur2.Hadur 3.10	cbot.agile.Nibbler 0.2	live-83.1-bench-98.5		2	9	1	1	771	20.3	15.6	0.0455	0	0
hadur2.Hadur 3.10	cbot.agile.Nibbler 0.2	live-83.1-bench-98.5		2	10	1	1	509	63.0	26.5	0.2500	0	0
hadur2.Hadur 3.10	cbot.agile.Nibbler 0.2	live-83.1-bench-98.5		2	11	1	1	503	62.1	19.8	0.2500	0	0
hadur2.Hadur 3.10	cbot.agile.Nibbler 0.2	live-83.1-bench-98.5		2	12	1	1	390	58.3	0.0	0.2857	0	0
hadur2.Hadur 3.10	cbot.agile.Nibbler 0.2	live-83.1-bench-98.5		2	13	1	1	483	67.6	32.0	0.2000	0	0
hadur2.Hadur 3.10	cbot.agile.Nibbler 0.2	live-83.1-bench-98.5		2	14	1	1	435	61.3	16.0	0.1875	0	0
hadur2.Hadur 3.10	cbot.agile.Nibbler 0.2	live-83.1-bench-98.5		2	15	1	1	438	69.8	20.0	0.2941	0	0
hadur2.Hadur 3.10	cbot.agile.Nibbler 0.2	live-83.1-bench-98.5		2	16	1	1	562	48.6	16.0	0.1154	0	0
hadur2.Hadur 3.10	cbot.agile.Nibbler 0.2	live-83.1-bench-98.5		2	17	1	1	595	35.2	16.0	0.1333	0	0
hadur2.Hadur 3.10	cbot.agile.Nibbler 0.2	live-83.1-bench-98.5		2	18	1	1	501	49.7	27.4	0.2174	0	0
hadur2.Hadur 3.10	cbot.agile.Nibbler 0.2	live-83.1-bench-98.5		2	19	1	1	595	56.1	47.4	0.2000	0	0
hadur2.Hadur 3.10	cbot.agile.Nibbler 0.2	live-83.1-bench-98.5		2	20	1	1	371	64.0	0.0	0.2500	0	0
hadur2.Hadur 3.10	cbot.agile.Nibbler 0.2	live-83.1-bench-98.5		2	21	1	1	498	59.1	32.0	0.1500	0	0
hadur2.Hadur 3.10	cbot.agile.Nibbler 0.2	live-83.1-bench-98.5		2	22	1	1	391	71.2	16.0	0.2857	0	0
hadur2.Hadur 3.10	cbot.agile.Nibbler 0.2	live-83.1-bench-98.5		2	23	1	1	1034	21.7	55.5	0.1571	0	0
hadur2.Hadur 3.10	cbot.agile.Nibbler 0.2	live-83.1-bench-98.5		2	24	1	1	554	40.6	22.0	0.1538	0	0
hadur2.Hadur 3.10	cbot.agile.Nibbler 0.2	live-83.1-bench-98.5		2	25	1	1	529	54.3	32.0	0.1667	0	0
hadur2.Hadur 3.10	cbot.agile.Nibbler 0.2	live-83.1-bench-98.5		2	26	1	1	373	64.8	0.0	0.3077	0	0
hadur2.Hadur 3.10	cbot.agile.Nibbler 0.2	live-83.1-bench-98.5		2	27	1	1	398	59.1	0.0	0.2143	0	0
hadur2.Hadur 3.10	cbot.agile.Nibbler 0.2	live-83.1-bench-98.5		2	28	1	1	645	30.8	16.0	0.1250	0	0
hadur2.Hadur 3.10	cbot.agile.Nibbler 0.2	live-83.1-bench-98.5		2	29	1	1	653	34.2	32.0	0.1471	0	0
hadur2.Hadur 3.10	cbot.agile.Nibbler 0.2	live-83.1-bench-98.5		2	30	1	1	443	54.0	0.0	0.2632	0	0
hadur2.Hadur 3.10	cbot.agile.Nibbler 0.2	live-83.1-bench-98.5		2	31	1	1	485	51.1	16.0	0.1500	0	0
hadur2.Hadur 3.10	cbot.agile.Nibbler 0.2	live-83.1-bench-98.5		2	32	1	1	563	52.3	25.5	0.1538	0	0
hadur2.Hadur 3.10	cbot.agile.Nibbler 0.2	live-83.1-bench-98.5		2	33	0	0	715	12.0	65.8	0.0909	0	0
hadur2.Hadur 3.10	cbot.agile.Nibbler 0.2	live-83.1-bench-98.5		2	34	1	1	718	31.2	48.0	0.2326	0	5
hadur2.Hadur 3.10	cbot.agile.Nibbler 0.2	live-83.1-bench-98.5		3	0	1	1	545	42.3	16.0	0.1538	0	5
hadur2.Hadur 3.10	cbot.agile.Nibbler 0.2	live-83.1-bench-98.5		3	1	1	1	482	49.4	1.6	0.2273	0	0
hadur2.Hadur 3.10	cbot.agile.Nibbler 0.2	live-83.1-bench-98.5		3	2	1	1	544	34.0	0.0	0.0800	0	0
hadur2.Hadur 3.10	cbot.agile.Nibbler 0.2	live-83.1-bench-98.5		3	3	1	1	624	34.4	32.0	0.1212	0	0
hadur2.Hadur 3.10	cbot.agile.Nibbler 0.2	live-83.1-bench-98.5		3	4	1	1	568	40.6	1.5	0.1379	0	0
hadur2.Hadur 3.10	cbot.agile.Nibbler 0.2	live-83.1-bench-98.5		3	5	0	0	759	6.2	53.3	0.1087	0	0
hadur2.Hadur 3.10	cbot.agile.Nibbler 0.2	live-83.1-bench-98.5		3	6	1	1	698	41.3	17.6	0.1500	0	0
hadur2.Hadur 3.10	cbot.agile.Nibbler 0.2	live-83.1-bench-98.5		3	7	1	1	422	56.0	0.0	0.2941	0	0
hadur2.Hadur 3.10	cbot.agile.Nibbler 0.2	live-83.1-bench-98.5		3	8	0	0	553	2.0	60.9	0.1724	0	0
hadur2.Hadur 3.10	cbot.agile.Nibbler 0.2	live-83.1-bench-98.5		3	9	1	1	592	34.1	0.0	0.0714	0	0
hadur2.Hadur 3.10	cbot.agile.Nibbler 0.2	live-83.1-bench-98.5		3	10	1	1	469	46.0	0.0	0.1905	0	0
hadur2.Hadur 3.10	cbot.agile.Nibbler 0.2	live-83.1-bench-98.5		3	11	1	1	477	44.8	0.0	0.1905	0	0
hadur2.Hadur 3.10	cbot.agile.Nibbler 0.2	live-83.1-bench-98.5		3	12	1	1	569	44.5	32.0	0.1429	0	0
hadur2.Hadur 3.10	cbot.agile.Nibbler 0.2	live-83.1-bench-98.5		3	13	1	1	735	45.4	48.0	0.1905	0	0
hadur2.Hadur 3.10	cbot.agile.Nibbler 0.2	live-83.1-bench-98.5		3	14	1	1	533	61.5	64.0	0.1739	0	0
hadur2.Hadur 3.10	cbot.agile.Nibbler 0.2	live-83.1-bench-98.5		3	15	1	1	457	68.8	19.9	0.2105	0	0
hadur2.Hadur 3.10	cbot.agile.Nibbler 0.2	live-83.1-bench-98.5		3	16	1	1	492	53.8	16.0	0.1500	0	0
hadur2.Hadur 3.10	cbot.agile.Nibbler 0.2	live-83.1-bench-98.5		3	17	1	1	555	62.7	32.0	0.1852	0	0
hadur2.Hadur 3.10	cbot.agile.Nibbler 0.2	live-83.1-bench-98.5		3	18	1	1	473	62.2	32.0	0.2105	0	0
hadur2.Hadur 3.10	cbot.agile.Nibbler 0.2	live-83.1-bench-98.5		3	19	0	0	747	50.7	71.1	0.1860	0	0
hadur2.Hadur 3.10	cbot.agile.Nibbler 0.2	live-83.1-bench-98.5		3	20	1	1	844	53.4	66.0	0.2115	0	0
hadur2.Hadur 3.10	cbot.agile.Nibbler 0.2	live-83.1-bench-98.5		3	21	1	1	405	57.3	0.0	0.2143	0	1
hadur2.Hadur 3.10	cbot.agile.Nibbler 0.2	live-83.1-bench-98.5		3	22	1	1	489	41.2	16.0	0.1000	0	0
hadur2.Hadur 3.10	cbot.agile.Nibbler 0.2	live-83.1-bench-98.5		3	23	1	1	587	36.7	16.0	0.0769	0	0
hadur2.Hadur 3.10	cbot.agile.Nibbler 0.2	live-83.1-bench-98.5		3	24	1	1	576	38.9	16.0	0.1379	0	0
hadur2.Hadur 3.10	cbot.agile.Nibbler 0.2	live-83.1-bench-98.5		3	25	1	1	492	61.7	15.5	0.2609	0	1
hadur2.Hadur 3.10	cbot.agile.Nibbler 0.2	live-83.1-bench-98.5		3	26	1	1	572	39.4	0.5	0.1333	0	0
hadur2.Hadur 3.10	cbot.agile.Nibbler 0.2	live-83.1-bench-98.5		3	27	1	1	503	50.8	22.2	0.1739	0	1
hadur2.Hadur 3.10	cbot.agile.Nibbler 0.2	live-83.1-bench-98.5		3	28	0	0	565	49.6	79.0	0.2143	0	1
hadur2.Hadur 3.10	cbot.agile.Nibbler 0.2	live-83.1-bench-98.5		3	29	1	1	962	35.3	71.6	0.1385	0	0
hadur2.Hadur 3.10	cbot.agile.Nibbler 0.2	live-83.1-bench-98.5		3	30	1	1	589	35.9	22.2	0.1034	0	0
hadur2.Hadur 3.10	cbot.agile.Nibbler 0.2	live-83.1-bench-98.5		3	31	1	1	710	50.1	64.0	0.1905	0	0
hadur2.Hadur 3.10	cbot.agile.Nibbler 0.2	live-83.1-bench-98.5		3	32	1	1	567	32.0	0.0	0.1071	0	0
hadur2.Hadur 3.10	cbot.agile.Nibbler 0.2	live-83.1-bench-98.5		3	33	1	1	605	39.4	0.0	0.1212	0	0
hadur2.Hadur 3.10	cbot.agile.Nibbler 0.2	live-83.1-bench-98.5		3	34	1	1	593	42.3	32.0	0.1333	0	4
hadur2.Hadur 3.10	cbot.agile.Nibbler 0.2	live-83.1-bench-98.5		4	0	1	1	661	23.4	20.4	0.0571	0	7
hadur2.Hadur 3.10	cbot.agile.Nibbler 0.2	live-83.1-bench-98.5		4	1	1	1	623	39.7	32.0	0.1515	0	0
hadur2.Hadur 3.10	cbot.agile.Nibbler 0.2	live-83.1-bench-98.5		4	2	1	1	893	35.7	64.4	0.2000	0	0
hadur2.Hadur 3.10	cbot.agile.Nibbler 0.2	live-83.1-bench-98.5		4	3	1	1	526	61.4	48.0	0.1739	0	0
hadur2.Hadur 3.10	cbot.agile.Nibbler 0.2	live-83.1-bench-98.5		4	4	0	0	660	25.9	42.9	0.1515	0	0
hadur2.Hadur 3.10	cbot.agile.Nibbler 0.2	live-83.1-bench-98.5		4	5	1	1	518	72.5	61.6	0.2273	0	0
hadur2.Hadur 3.10	cbot.agile.Nibbler 0.2	live-83.1-bench-98.5		4	6	1	1	780	28.3	32.0	0.1304	0	0
hadur2.Hadur 3.10	cbot.agile.Nibbler 0.2	live-83.1-bench-98.5		4	7	0	0	516	3.7	75.3	0.1111	0	0
hadur2.Hadur 3.10	cbot.agile.Nibbler 0.2	live-83.1-bench-98.5		4	8	1	1	949	55.8	65.2	0.1429	0	0
hadur2.Hadur 3.10	cbot.agile.Nibbler 0.2	live-83.1-bench-98.5		4	9	1	1	548	55.6	31.1	0.2222	0	0
hadur2.Hadur 3.10	cbot.agile.Nibbler 0.2	live-83.1-bench-98.5		4	10	1	1	553	52.0	0.0	0.1481	0	0
hadur2.Hadur 3.10	cbot.agile.Nibbler 0.2	live-83.1-bench-98.5		4	11	1	1	509	48.1	2.4	0.1739	0	0
hadur2.Hadur 3.10	cbot.agile.Nibbler 0.2	live-83.1-bench-98.5		4	12	1	1	742	35.6	30.5	0.1463	0	0
hadur2.Hadur 3.10	cbot.agile.Nibbler 0.2	live-83.1-bench-98.5		4	13	1	1	721	38.5	32.0	0.1000	0	1
hadur2.Hadur 3.10	cbot.agile.Nibbler 0.2	live-83.1-bench-98.5		4	14	1	1	831	13.7	40.3	0.1154	0	0
hadur2.Hadur 3.10	cbot.agile.Nibbler 0.2	live-83.1-bench-98.5		4	15	1	1	648	29.6	16.0	0.0882	0	0
hadur2.Hadur 3.10	cbot.agile.Nibbler 0.2	live-83.1-bench-98.5		4	16	1	1	580	35.8	16.0	0.1034	0	0
hadur2.Hadur 3.10	cbot.agile.Nibbler 0.2	live-83.1-bench-98.5		4	17	1	1	857	29.7	16.0	0.0556	0	0
hadur2.Hadur 3.10	cbot.agile.Nibbler 0.2	live-83.1-bench-98.5		4	18	1	1	585	61.5	50.2	0.2000	0	0
hadur2.Hadur 3.10	cbot.agile.Nibbler 0.2	live-83.1-bench-98.5		4	19	1	1	724	33.8	49.9	0.0930	0	0
hadur2.Hadur 3.10	cbot.agile.Nibbler 0.2	live-83.1-bench-98.5		4	20	1	1	608	24.3	5.1	0.0645	0	0
hadur2.Hadur 3.10	cbot.agile.Nibbler 0.2	live-83.1-bench-98.5		4	21	1	1	669	49.8	35.4	0.1351	0	1
hadur2.Hadur 3.10	cbot.agile.Nibbler 0.2	live-83.1-bench-98.5		4	22	1	1	692	30.4	16.0	0.0789	0	0
hadur2.Hadur 3.10	cbot.agile.Nibbler 0.2	live-83.1-bench-98.5		4	23	1	1	565	55.9	42.9	0.1786	0	0
hadur2.Hadur 3.10	cbot.agile.Nibbler 0.2	live-83.1-bench-98.5		4	24	1	1	490	54.7	16.0	0.2273	0	0
hadur2.Hadur 3.10	cbot.agile.Nibbler 0.2	live-83.1-bench-98.5		4	25	1	1	712	39.7	32.0	0.1026	0	0
hadur2.Hadur 3.10	cbot.agile.Nibbler 0.2	live-83.1-bench-98.5		4	26	1	1	462	64.0	32.0	0.2632	0	0
hadur2.Hadur 3.10	cbot.agile.Nibbler 0.2	live-83.1-bench-98.5		4	27	0	0	651	35.4	66.7	0.2286	0	1
hadur2.Hadur 3.10	cbot.agile.Nibbler 0.2	live-83.1-bench-98.5		4	28	1	1	546	41.8	16.0	0.0870	0	1
hadur2.Hadur 3.10	cbot.agile.Nibbler 0.2	live-83.1-bench-98.5		4	29	1	1	503	50.8	16.0	0.1429	0	0
hadur2.Hadur 3.10	cbot.agile.Nibbler 0.2	live-83.1-bench-98.5		4	30	1	1	786	22.8	32.0	0.0833	0	0
hadur2.Hadur 3.10	cbot.agile.Nibbler 0.2	live-83.1-bench-98.5		4	31	1	1	567	40.1	16.0	0.1429	0	0
hadur2.Hadur 3.10	cbot.agile.Nibbler 0.2	live-83.1-bench-98.5		4	32	1	1	456	59.1	16.0	0.3000	0	0
hadur2.Hadur 3.10	cbot.agile.Nibbler 0.2	live-83.1-bench-98.5		4	33	1	1	1030	27.0	59.3	0.1408	0	0
hadur2.Hadur 3.10	cbot.agile.Nibbler 0.2	live-83.1-bench-98.5		4	34	1	1	576	53.0	48.0	0.2414	0	5
hadur2.Hadur 3.10	cx.Princess 1.0	live-66.9-bench-95.3		1	0	1	1	672	53.2	23.5	0.1429	0	4
hadur2.Hadur 3.10	cx.Princess 1.0	live-66.9-bench-95.3		1	1	1	1	580	32.0	0.0	0.1034	0	0
hadur2.Hadur 3.10	cx.Princess 1.0	live-66.9-bench-95.3		1	2	0	0	681	38.8	66.6	0.1795	0	0
hadur2.Hadur 3.10	cx.Princess 1.0	live-66.9-bench-95.3		1	3	1	1	651	52.8	22.1	0.1515	0	0
hadur2.Hadur 3.10	cx.Princess 1.0	live-66.9-bench-95.3		1	4	0	0	894	41.3	61.7	0.2456	0	0
hadur2.Hadur 3.10	cx.Princess 1.0	live-66.9-bench-95.3		1	5	1	1	630	48.1	11.5	0.1034	0	0
hadur2.Hadur 3.10	cx.Princess 1.0	live-66.9-bench-95.3		1	6	1	1	548	63.8	22.5	0.1304	0	0
hadur2.Hadur 3.10	cx.Princess 1.0	live-66.9-bench-95.3		1	7	1	1	551	60.9	21.2	0.1304	0	0
hadur2.Hadur 3.10	cx.Princess 1.0	live-66.9-bench-95.3		1	8	1	1	596	64.6	12.4	0.2000	0	0
hadur2.Hadur 3.10	cx.Princess 1.0	live-66.9-bench-95.3		1	9	1	1	777	54.4	45.6	0.1364	0	0
hadur2.Hadur 3.10	cx.Princess 1.0	live-66.9-bench-95.3		1	10	1	1	663	60.6	34.9	0.2059	0	0
hadur2.Hadur 3.10	cx.Princess 1.0	live-66.9-bench-95.3		1	11	1	1	572	72.4	34.2	0.2308	0	0
hadur2.Hadur 3.10	cx.Princess 1.0	live-66.9-bench-95.3		1	12	0	0	652	58.1	55.3	0.1290	0	0
hadur2.Hadur 3.10	cx.Princess 1.0	live-66.9-bench-95.3		1	13	1	1	738	43.8	23.4	0.1026	0	0
hadur2.Hadur 3.10	cx.Princess 1.0	live-66.9-bench-95.3		1	14	1	1	532	68.0	23.1	0.2692	0	0
hadur2.Hadur 3.10	cx.Princess 1.0	live-66.9-bench-95.3		1	15	1	1	731	12.0	28.4	0.0250	0	0
hadur2.Hadur 3.10	cx.Princess 1.0	live-66.9-bench-95.3		1	16	1	1	537	58.2	24.8	0.2400	0	0
hadur2.Hadur 3.10	cx.Princess 1.0	live-66.9-bench-95.3		1	17	1	1	509	58.3	0.0	0.2500	0	0
hadur2.Hadur 3.10	cx.Princess 1.0	live-66.9-bench-95.3		1	18	0	0	649	43.6	44.4	0.1290	0	0
hadur2.Hadur 3.10	cx.Princess 1.0	live-66.9-bench-95.3		1	19	1	1	513	70.4	23.4	0.1905	0	0
hadur2.Hadur 3.10	cx.Princess 1.0	live-66.9-bench-95.3		1	20	1	1	606	58.9	25.1	0.1379	0	0
hadur2.Hadur 3.10	cx.Princess 1.0	live-66.9-bench-95.3		1	21	1	1	589	56.0	23.2	0.1724	0	0
hadur2.Hadur 3.10	cx.Princess 1.0	live-66.9-bench-95.3		1	22	0	0	656	58.2	65.8	0.1515	0	0
hadur2.Hadur 3.10	cx.Princess 1.0	live-66.9-bench-95.3		1	23	1	1	437	67.6	13.6	0.2353	0	0
hadur2.Hadur 3.10	cx.Princess 1.0	live-66.9-bench-95.3		1	24	1	1	948	23.1	25.2	0.1607	0	0
hadur2.Hadur 3.10	cx.Princess 1.0	live-66.9-bench-95.3		1	25	0	0	666	3.6	58.6	0.2368	0	0
hadur2.Hadur 3.10	cx.Princess 1.0	live-66.9-bench-95.3		1	26	1	1	477	51.2	0.0	0.1500	0	0
hadur2.Hadur 3.10	cx.Princess 1.0	live-66.9-bench-95.3		1	27	0	0	627	33.6	50.7	0.2000	0	0
hadur2.Hadur 3.10	cx.Princess 1.0	live-66.9-bench-95.3		1	28	0	0	562	32.0	37.0	0.0417	0	0
hadur2.Hadur 3.10	cx.Princess 1.0	live-66.9-bench-95.3		1	29	1	1	560	51.0	0.0	0.1200	0	0
hadur2.Hadur 3.10	cx.Princess 1.0	live-66.9-bench-95.3		1	30	1	1	476	54.4	8.8	0.2381	0	0
hadur2.Hadur 3.10	cx.Princess 1.0	live-66.9-bench-95.3		1	31	1	1	590	49.6	21.2	0.1379	0	0
hadur2.Hadur 3.10	cx.Princess 1.0	live-66.9-bench-95.3		1	32	1	1	510	53.2	22.4	0.1429	0	0
hadur2.Hadur 3.10	cx.Princess 1.0	live-66.9-bench-95.3		1	33	0	0	882	15.1	32.1	0.0714	0	0
hadur2.Hadur 3.10	cx.Princess 1.0	live-66.9-bench-95.3		1	34	1	1	569	46.0	48.0	0.1724	0	5
hadur2.Hadur 3.10	cx.Princess 1.0	live-66.9-bench-95.3		2	0	1	1	662	58.3	37.3	0.1714	0	6
hadur2.Hadur 3.10	cx.Princess 1.0	live-66.9-bench-95.3		2	1	1	1	631	51.4	48.0	0.1765	0	0
hadur2.Hadur 3.10	cx.Princess 1.0	live-66.9-bench-95.3		2	2	1	1	338	70.9	0.0	0.4000	0	0
hadur2.Hadur 3.10	cx.Princess 1.0	live-66.9-bench-95.3		2	3	0	0	776	50.0	50.9	0.1628	0	0
hadur2.Hadur 3.10	cx.Princess 1.0	live-66.9-bench-95.3		2	4	1	1	469	75.0	11.5	0.2632	0	0
hadur2.Hadur 3.10	cx.Princess 1.0	live-66.9-bench-95.3		2	5	1	1	515	63.8	11.6	0.1429	0	0
hadur2.Hadur 3.10	cx.Princess 1.0	live-66.9-bench-95.3		2	6	0	0	717	49.2	45.6	0.1351	0	0
hadur2.Hadur 3.10	cx.Princess 1.0	live-66.9-bench-95.3		2	7	1	1	603	64.1	10.9	0.1333	0	0
hadur2.Hadur 3.10	cx.Princess 1.0	live-66.9-bench-95.3		2	8	1	1	635	54.4	21.9	0.1818	0	0
hadur2.Hadur 3.10	cx.Princess 1.0	live-66.9-bench-95.3		2	9	1	1	433	66.9	0.0	0.2778	0	0
hadur2.Hadur 3.10	cx.Princess 1.0	live-66.9-bench-95.3		2	10	1	1	530	68.2	34.1	0.1818	0	0
hadur2.Hadur 3.10	cx.Princess 1.0	live-66.9-bench-95.3		2	11	1	1	537	60.9	17.2	0.1304	0	0
hadur2.Hadur 3.10	cx.Princess 1.0	live-66.9-bench-95.3		2	12	1	1	553	69.1	34.4	0.2083	0	0
hadur2.Hadur 3.10	cx.Princess 1.0	live-66.9-bench-95.3		2	13	1	1	629	53.8	18.0	0.1290	0	0
hadur2.Hadur 3.10	cx.Princess 1.0	live-66.9-bench-95.3		2	14	0	0	806	2.3	43.2	0.0816	0	0
hadur2.Hadur 3.10	cx.Princess 1.0	live-66.9-bench-95.3		2	15	1	1	434	66.9	10.0	0.3333	0	0
hadur2.Hadur 3.10	cx.Princess 1.0	live-66.9-bench-95.3		2	16	1	1	777	28.8	31.8	0.0698	0	0
hadur2.Hadur 3.10	cx.Princess 1.0	live-66.9-bench-95.3		2	17	1	1	563	50.2	55.0	0.1154	0	0
hadur2.Hadur 3.10	cx.Princess 1.0	live-66.9-bench-95.3		2	18	0	0	734	26.4	68.8	0.3111	0	0
hadur2.Hadur 3.10	cx.Princess 1.0	live-66.9-bench-95.3		2	19	1	1	528	36.9	0.0	0.0909	0	0
hadur2.Hadur 3.10	cx.Princess 1.0	live-66.9-bench-95.3		2	20	0	0	791	18.1	38.5	0.4444	0	0
hadur2.Hadur 3.10	cx.Princess 1.0	live-66.9-bench-95.3		2	21	1	1	498	58.9	29.0	0.1500	0	0
hadur2.Hadur 3.10	cx.Princess 1.0	live-66.9-bench-95.3		2	22	1	1	691	41.1	34.2	0.1765	0	0
hadur2.Hadur 3.10	cx.Princess 1.0	live-66.9-bench-95.3		2	23	1	1	489	67.3	33.8	0.2000	0	0
hadur2.Hadur 3.10	cx.Princess 1.0	live-66.9-bench-95.3		2	24	1	1	512	50.0	37.2	0.1364	0	0
hadur2.Hadur 3.10	cx.Princess 1.0	live-66.9-bench-95.3		2	25	1	1	539	48.7	13.0	0.1600	0	0
hadur2.Hadur 3.10	cx.Princess 1.0	live-66.9-bench-95.3		2	26	1	1	799	40.4	76.9	0.3000	0	0
hadur2.Hadur 3.10	cx.Princess 1.0	live-66.9-bench-95.3		2	27	1	1	634	44.2	46.4	0.1667	0	0
hadur2.Hadur 3.10	cx.Princess 1.0	live-66.9-bench-95.3		2	28	1	1	413	64.8	0.0	0.2500	0	0
hadur2.Hadur 3.10	cx.Princess 1.0	live-66.9-bench-95.3		2	29	0	0	529	2.8	52.8	0.2800	0	0
hadur2.Hadur 3.10	cx.Princess 1.0	live-66.9-bench-95.3		2	30	0	0	621	47.6	37.6	0.0714	0	0
hadur2.Hadur 3.10	cx.Princess 1.0	live-66.9-bench-95.3		2	31	1	1	785	39.6	43.2	0.1277	0	0
hadur2.Hadur 3.10	cx.Princess 1.0	live-66.9-bench-95.3		2	32	1	1	541	44.5	16.0	0.1250	0	0
hadur2.Hadur 3.10	cx.Princess 1.0	live-66.9-bench-95.3		2	33	1	1	634	59.9	48.7	0.2059	0	0
hadur2.Hadur 3.10	cx.Princess 1.0	live-66.9-bench-95.3		2	34	1	1	533	39.8	0.0	0.1538	0	6
hadur2.Hadur 3.10	cx.Princess 1.0	live-66.9-bench-95.3		3	0	0	0	952	18.5	61.1	0.1905	0	1
hadur2.Hadur 3.10	cx.Princess 1.0	live-66.9-bench-95.3		3	1	1	1	519	53.7	11.3	0.1739	0	4
hadur2.Hadur 3.10	cx.Princess 1.0	live-66.9-bench-95.3		3	2	0	0	518	25.7	61.6	0.0909	0	0
hadur2.Hadur 3.10	cx.Princess 1.0	live-66.9-bench-95.3		3	3	1	1	517	51.8	13.6	0.1364	0	0
hadur2.Hadur 3.10	cx.Princess 1.0	live-66.9-bench-95.3		3	4	1	1	519	50.3	3.2	0.2174	0	0
hadur2.Hadur 3.10	cx.Princess 1.0	live-66.9-bench-95.3		3	5	1	1	703	55.5	36.2	0.1892	0	0
hadur2.Hadur 3.10	cx.Princess 1.0	live-66.9-bench-95.3		3	6	1	1	403	69.9	0.0	0.2857	0	0
hadur2.Hadur 3.10	cx.Princess 1.0	live-66.9-bench-95.3		3	7	0	0	1027	12.1	47.0	0.3881	0	0
hadur2.Hadur 3.10	cx.Princess 1.0	live-66.9-bench-95.3		3	8	0	0	865	24.4	37.1	0.3922	0	0
hadur2.Hadur 3.10	cx.Princess 1.0	live-66.9-bench-95.3		3	9	0	0	621	38.0	71.2	0.4545	0	0
hadur2.Hadur 3.10	cx.Princess 1.0	live-66.9-bench-95.3		3	10	1	1	560	39.0	15.4	0.0833	0	0
hadur2.Hadur 3.10	cx.Princess 1.0	live-66.9-bench-95.3		3	11	0	0	728	18.8	25.9	0.1892	0	0
hadur2.Hadur 3.10	cx.Princess 1.0	live-66.9-bench-95.3		3	12	1	1	685	32.5	14.8	0.0588	0	0
hadur2.Hadur 3.10	cx.Princess 1.0	live-66.9-bench-95.3		3	13	1	1	523	55.5	29.6	0.2000	0	0
hadur2.Hadur 3.10	cx.Princess 1.0	live-66.9-bench-95.3		3	14	1	1	568	41.2	14.8	0.1111	0	0
hadur2.Hadur 3.10	cx.Princess 1.0	live-66.9-bench-95.3		3	15	1	1	464	51.4	0.0	0.2381	0	0
hadur2.Hadur 3.10	cx.Princess 1.0	live-66.9-bench-95.3		3	16	0	0	920	13.7	66.4	0.4194	0	0
hadur2.Hadur 3.10	cx.Princess 1.0	live-66.9-bench-95.3		3	17	0	0	568	42.4	44.4	0.0800	0	0
hadur2.Hadur 3.10	cx.Princess 1.0	live-66.9-bench-95.3		3	18	1	1	453	60.2	14.8	0.1765	0	0
hadur2.Hadur 3.10	cx.Princess 1.0	live-66.9-bench-95.3		3	19	1	1	752	36.9	39.9	0.3415	0	0
hadur2.Hadur 3.10	cx.Princess 1.0	live-66.9-bench-95.3		3	20	1	1	438	51.4	16.0	0.1765	0	0
hadur2.Hadur 3.10	cx.Princess 1.0	live-66.9-bench-95.3		3	21	1	1	729	18.9	16.0	0.2105	0	0
hadur2.Hadur 3.10	cx.Princess 1.0	live-66.9-bench-95.3		3	22	0	0	1096	55.2	83.9	0.7662	0	0
hadur2.Hadur 3.10	cx.Princess 1.0	live-66.9-bench-95.3		3	23	1	1	474	67.8	29.6	0.2105	0	0
hadur2.Hadur 3.10	cx.Princess 1.0	live-66.9-bench-95.3		3	24	1	1	537	51.4	29.6	0.1304	0	0
hadur2.Hadur 3.10	cx.Princess 1.0	live-66.9-bench-95.3		3	25	1	1	506	39.5	13.0	0.0952	0	0
hadur2.Hadur 3.10	cx.Princess 1.0	live-66.9-bench-95.3		3	26	1	1	482	56.1	16.0	0.1579	0	0
hadur2.Hadur 3.10	cx.Princess 1.0	live-66.9-bench-95.3		3	27	1	1	586	34.2	29.0	0.1034	0	1
hadur2.Hadur 3.10	cx.Princess 1.0	live-66.9-bench-95.3		3	28	1	1	728	30.8	57.4	0.2326	0	0
hadur2.Hadur 3.10	cx.Princess 1.0	live-66.9-bench-95.3		3	29	1	1	431	62.1	13.0	0.1875	0	0
hadur2.Hadur 3.10	cx.Princess 1.0	live-66.9-bench-95.3		3	30	1	1	431	53.3	0.0	0.1875	0	0
hadur2.Hadur 3.10	cx.Princess 1.0	live-66.9-bench-95.3		3	31	1	1	512	55.1	31.4	0.1429	0	0
hadur2.Hadur 3.10	cx.Princess 1.0	live-66.9-bench-95.3		3	32	0	0	806	62.2	65.3	0.2708	0	0
hadur2.Hadur 3.10	cx.Princess 1.0	live-66.9-bench-95.3		3	33	1	1	750	32.5	12.1	0.0789	0	0
hadur2.Hadur 3.10	cx.Princess 1.0	live-66.9-bench-95.3		3	34		0	769	53.6	60.9			0
hadur2.Hadur 3.10	cx.Princess 1.0	live-66.9-bench-95.3		4	0	1	1	565	59.5	11.2	0.2143	0	6
hadur2.Hadur 3.10	cx.Princess 1.0	live-66.9-bench-95.3		4	1	1	1	559	47.4	28.2	0.1481	0	0
hadur2.Hadur 3.10	cx.Princess 1.0	live-66.9-bench-95.3		4	2	1	1	771	20.5	16.0	0.0465	0	1
hadur2.Hadur 3.10	cx.Princess 1.0	live-66.9-bench-95.3		4	3	1	1	894	48.7	70.2	0.2881	0	0
hadur2.Hadur 3.10	cx.Princess 1.0	live-66.9-bench-95.3		4	4	1	1	398	67.6	0.0	0.2667	0	0
hadur2.Hadur 3.10	cx.Princess 1.0	live-66.9-bench-95.3		4	5	0	0	697	33.6	42.8	0.1389	0	0
hadur2.Hadur 3.10	cx.Princess 1.0	live-66.9-bench-95.3		4	6	1	1	922	8.9	45.4	0.1667	0	0
hadur2.Hadur 3.10	cx.Princess 1.0	live-66.9-bench-95.3		4	7	0	0	687	31.0	62.3	0.3684	0	0
hadur2.Hadur 3.10	cx.Princess 1.0	live-66.9-bench-95.3		4	8	0	0	785	24.4	51.3	0.4783	0	0
hadur2.Hadur 3.10	cx.Princess 1.0	live-66.9-bench-95.3		4	9	1	1	524	56.2	28.4	0.1364	0	0
hadur2.Hadur 3.10	cx.Princess 1.0	live-66.9-bench-95.3		4	10	1	1	485	52.0	16.0	0.1500	0	0
hadur2.Hadur 3.10	cx.Princess 1.0	live-66.9-bench-95.3		4	11	1	1	541	65.3	42.0	0.1667	0	0
hadur2.Hadur 3.10	cx.Princess 1.0	live-66.9-bench-95.3		4	12	1	1	396	58.0	0.0	0.2143	0	0
hadur2.Hadur 3.10	cx.Princess 1.0	live-66.9-bench-95.3		4	13	1	1	516	38.0	0.0	0.1250	0	0
hadur2.Hadur 3.10	cx.Princess 1.0	live-66.9-bench-95.3		4	14	0	0	471	47.8	90.0	0.2857	0	0
hadur2.Hadur 3.10	cx.Princess 1.0	live-66.9-bench-95.3		4	15	1	1	642	35.5	32.0	0.1250	0	0
hadur2.Hadur 3.10	cx.Princess 1.0	live-66.9-bench-95.3		4	16	1	1	669	62.7	44.0	0.1351	0	0
hadur2.Hadur 3.10	cx.Princess 1.0	live-66.9-bench-95.3		4	17	1	1	749	24.2	32.0	0.0909	0	0
hadur2.Hadur 3.10	cx.Princess 1.0	live-66.9-bench-95.3		4	18	1	1	485	43.0	0.0	0.1818	0	0
hadur2.Hadur 3.10	cx.Princess 1.0	live-66.9-bench-95.3		4	19	1	1	497	61.8	32.0	0.2609	0	0
hadur2.Hadur 3.10	cx.Princess 1.0	live-66.9-bench-95.3		4	20	1	1	722	36.6	16.0	0.0732	0	0
hadur2.Hadur 3.10	cx.Princess 1.0	live-66.9-bench-95.3		4	21	0	0	1007	23.9	62.2	0.1449	0	0
hadur2.Hadur 3.10	cx.Princess 1.0	live-66.9-bench-95.3		4	22	0	0	939	41.7	63.7	0.1373	0	0
hadur2.Hadur 3.10	cx.Princess 1.0	live-66.9-bench-95.3		4	23	1	1	606	54.5	35.7	0.1379	0	0
hadur2.Hadur 3.10	cx.Princess 1.0	live-66.9-bench-95.3		4	24	1	1	648	58.3	23.2	0.1714	0	0
hadur2.Hadur 3.10	cx.Princess 1.0	live-66.9-bench-95.3		4	25	1	1	818	35.7	23.5	0.1064	0	0
hadur2.Hadur 3.10	cx.Princess 1.0	live-66.9-bench-95.3		4	26	1	1	503	58.3	0.0	0.2500	0	0
hadur2.Hadur 3.10	cx.Princess 1.0	live-66.9-bench-95.3		4	27	1	1	680	47.6	23.1	0.1389	0	0
hadur2.Hadur 3.10	cx.Princess 1.0	live-66.9-bench-95.3		4	28	1	1	602	50.2	11.3	0.1379	0	0
hadur2.Hadur 3.10	cx.Princess 1.0	live-66.9-bench-95.3		4	29	1	1	585	37.0	28.4	0.1034	0	0
hadur2.Hadur 3.10	cx.Princess 1.0	live-66.9-bench-95.3		4	30	1	1	697	45.2	33.6	0.1081	0	0
hadur2.Hadur 3.10	cx.Princess 1.0	live-66.9-bench-95.3		4	31	1	1	752	22.3	38.4	0.1957	0	1
hadur2.Hadur 3.10	cx.Princess 1.0	live-66.9-bench-95.3		4	32	1	1	686	38.8	11.2	0.0811	0	0
hadur2.Hadur 3.10	cx.Princess 1.0	live-66.9-bench-95.3		4	33	0	0	673	36.3	56.2	0.2571	0	0
hadur2.Hadur 3.10	cx.Princess 1.0	live-66.9-bench-95.3		4	34	1	1	552	53.0	0.0	0.1538	0	6
hadur2.Hadur 3.10	ne.Chimera 1.2	live-81.0-bench-97.9		1	0	1	1	727	60.1	77.3	0.2857	298	8
hadur2.Hadur 3.10	ne.Chimera 1.2	live-81.0-bench-97.9		1	1	1	1	516	64.4	23.7	0.2500	0	0
hadur2.Hadur 3.10	ne.Chimera 1.2	live-81.0-bench-97.9		1	2	1	1	465	57.7	0.0	0.2500	0	0
hadur2.Hadur 3.10	ne.Chimera 1.2	live-81.0-bench-97.9		1	3	1	1	508	62.2	23.3	0.1429	0	0
hadur2.Hadur 3.10	ne.Chimera 1.2	live-81.0-bench-97.9		1	4	1	1	468	67.0	11.8	0.2105	0	0
hadur2.Hadur 3.10	ne.Chimera 1.2	live-81.0-bench-97.9		1	5	1	1	495	53.1	7.4	0.1500	0	0
hadur2.Hadur 3.10	ne.Chimera 1.2	live-81.0-bench-97.9		1	6	1	1	384	75.1	12.5	0.3077	0	0
hadur2.Hadur 3.10	ne.Chimera 1.2	live-81.0-bench-97.9		1	7	1	1	485	64.5	11.9	0.2105	0	0
hadur2.Hadur 3.10	ne.Chimera 1.2	live-81.0-bench-97.9		1	8	1	1	314	79.1	0.0	0.4444	0	0
hadur2.Hadur 3.10	ne.Chimera 1.2	live-81.0-bench-97.9		1	9	1	1	388	74.7	11.3	0.3077	0	0
hadur2.Hadur 3.10	ne.Chimera 1.2	live-81.0-bench-97.9		1	10	1	1	446	82.7	29.3	0.2778	0	0
hadur2.Hadur 3.10	ne.Chimera 1.2	live-81.0-bench-97.9		1	11	1	1	432	68.9	7.1	0.2353	0	0
hadur2.Hadur 3.10	ne.Chimera 1.2	live-81.0-bench-97.9		1	12	1	1	378	77.4	11.9	0.3077	0	0
hadur2.Hadur 3.10	ne.Chimera 1.2	live-81.0-bench-97.9		1	13	1	1	514	65.5	23.6	0.1905	0	0
hadur2.Hadur 3.10	ne.Chimera 1.2	live-81.0-bench-97.9		1	14	1	1	366	79.6	11.2	0.4167	0	0
hadur2.Hadur 3.10	ne.Chimera 1.2	live-81.0-bench-97.9		1	15	1	1	602	51.0	23.0	0.1111	0	0
hadur2.Hadur 3.10	ne.Chimera 1.2	live-81.0-bench-97.9		1	16	1	1	339	75.5	0.0	0.4000	0	0
hadur2.Hadur 3.10	ne.Chimera 1.2	live-81.0-bench-97.9		1	17	1	1	413	66.9	4.8	0.2500	0	0
hadur2.Hadur 3.10	ne.Chimera 1.2	live-81.0-bench-97.9		1	18	1	1	640	53.0	33.6	0.1613	0	0
hadur2.Hadur 3.10	ne.Chimera 1.2	live-81.0-bench-97.9		1	19	1	1	539	50.3	0.0	0.1250	0	0
hadur2.Hadur 3.10	ne.Chimera 1.2	live-81.0-bench-97.9		1	20	1	1	487	74.2	33.7	0.2500	0	0
hadur2.Hadur 3.10	ne.Chimera 1.2	live-81.0-bench-97.9		1	21	1	1	527	54.7	11.2	0.1364	0	0
hadur2.Hadur 3.10	ne.Chimera 1.2	live-81.0-bench-97.9		1	22	1	1	810	47.9	57.1	0.2917	0	1
hadur2.Hadur 3.10	ne.Chimera 1.2	live-81.0-bench-97.9		1	23	1	1	532	48.6	0.4	0.1364	0	0
hadur2.Hadur 3.10	ne.Chimera 1.2	live-81.0-bench-97.9		1	24	1	1	522	67.4	20.5	0.1739	0	0
hadur2.Hadur 3.10	ne.Chimera 1.2	live-81.0-bench-97.9		1	25	1	1	480	75.3	34.7	0.2105	0	0
hadur2.Hadur 3.10	ne.Chimera 1.2	live-81.0-bench-97.9		1	26	1	1	452	79.1	22.5	0.2632	0	0
hadur2.Hadur 3.10	ne.Chimera 1.2	live-81.0-bench-97.9		1	27	1	1	456	67.9	3.6	0.2632	0	0
hadur2.Hadur 3.10	ne.Chimera 1.2	live-81.0-bench-97.9		1	28	1	1	503	52.3	8.3	0.1429	0	0
hadur2.Hadur 3.10	ne.Chimera 1.2	live-81.0-bench-97.9		1	29	1	1	607	64.0	45.6	0.1667	0	0
hadur2.Hadur 3.10	ne.Chimera 1.2	live-81.0-bench-97.9		1	30	1	1	490	60.9	11.2	0.1905	0	0
hadur2.Hadur 3.10	ne.Chimera 1.2	live-81.0-bench-97.9		1	31	1	1	429	65.2	0.0	0.2941	0	0
hadur2.Hadur 3.10	ne.Chimera 1.2	live-81.0-bench-97.9		1	32	1	1	382	74.6	24.1	0.3077	0	0
hadur2.Hadur 3.10	ne.Chimera 1.2	live-81.0-bench-97.9		1	33	0	0	744	52.5	53.9	0.2000	0	1
hadur2.Hadur 3.10	ne.Chimera 1.2	live-81.0-bench-97.9		1	34	1	1	458	71.4	20.6	0.2632	0	5
hadur2.Hadur 3.10	ne.Chimera 1.2	live-81.0-bench-97.9		2	0	1	1	432	65.1	16.0	0.3158	0	6
hadur2.Hadur 3.10	ne.Chimera 1.2	live-81.0-bench-97.9		2	1	1	1	605	52.1	24.7	0.1613	0	0
hadur2.Hadur 3.10	ne.Chimera 1.2	live-81.0-bench-97.9		2	2	1	1	449	76.8	24.7	0.3500	0	0
hadur2.Hadur 3.10	ne.Chimera 1.2	live-81.0-bench-97.9		2	3	1	1	602	52.3	22.4	0.1111	0	0
hadur2.Hadur 3.10	ne.Chimera 1.2	live-81.0-bench-97.9		2	4	1	1	485	68.0	23.0	0.2000	0	0
hadur2.Hadur 3.10	ne.Chimera 1.2	live-81.0-bench-97.9		2	5	1	1	540	67.6	40.7	0.1667	0	0
hadur2.Hadur 3.10	ne.Chimera 1.2	live-81.0-bench-97.9		2	6	1	1	475	62.0	0.0	0.2381	0	0
hadur2.Hadur 3.10	ne.Chimera 1.2	live-81.0-bench-97.9		2	7	1	1	438	69.4	12.2	0.2500	0	0
hadur2.Hadur 3.10	ne.Chimera 1.2	live-81.0-bench-97.9		2	8	1	1	485	55.5	0.0	0.1500	0	0
hadur2.Hadur 3.10	ne.Chimera 1.2	live-81.0-bench-97.9		2	9	1	1	617	43.5	12.5	0.1034	0	0
hadur2.Hadur 3.10	ne.Chimera 1.2	live-81.0-bench-97.9		2	10	1	1	487	54.0	0.0	0.1818	0	0
hadur2.Hadur 3.10	ne.Chimera 1.2	live-81.0-bench-97.9		2	11	1	1	429	77.1	11.6	0.3333	0	0
hadur2.Hadur 3.10	ne.Chimera 1.2	live-81.0-bench-97.9		2	12	1	1	461	65.1	0.0	0.2000	0	0
hadur2.Hadur 3.10	ne.Chimera 1.2	live-81.0-bench-97.9		2	13	1	1	397	83.0	22.4	0.3333	0	0
hadur2.Hadur 3.10	ne.Chimera 1.2	live-81.0-bench-97.9		2	14	1	1	661	45.3	22.4	0.0968	0	0
hadur2.Hadur 3.10	ne.Chimera 1.2	live-81.0-bench-97.9		2	15	1	1	518	72.2	6.7	0.3200	0	0
hadur2.Hadur 3.10	ne.Chimera 1.2	live-81.0-bench-97.9		2	16	1	1	552	68.2	28.0	0.2000	0	0
hadur2.Hadur 3.10	ne.Chimera 1.2	live-81.0-bench-97.9		2	17	1	1	582	55.3	22.4	0.1538	0	1
hadur2.Hadur 3.10	ne.Chimera 1.2	live-81.0-bench-97.9		2	18	1	1	436	77.3	24.2	0.2941	0	0
hadur2.Hadur 3.10	ne.Chimera 1.2	live-81.0-bench-97.9		2	19	1	1	579	65.2	15.0	0.1379	0	0
hadur2.Hadur 3.10	ne.Chimera 1.2	live-81.0-bench-97.9		2	20	1	1	426	70.8	11.6	0.2941	0	0
hadur2.Hadur 3.10	ne.Chimera 1.2	live-81.0-bench-97.9		2	21	1	1	461	66.3	12.9	0.2105	0	0
hadur2.Hadur 3.10	ne.Chimera 1.2	live-81.0-bench-97.9		2	22	1	1	530	65.9	23.0	0.1667	0	0
hadur2.Hadur 3.10	ne.Chimera 1.2	live-81.0-bench-97.9		2	23	1	1	487	66.8	22.4	0.2000	0	0
hadur2.Hadur 3.10	ne.Chimera 1.2	live-81.0-bench-97.9		2	24	1	1	354	73.4	0.0	0.3636	0	0
hadur2.Hadur 3.10	ne.Chimera 1.2	live-81.0-bench-97.9		2	25	1	1	483	74.6	35.1	0.2105	0	0
hadur2.Hadur 3.10	ne.Chimera 1.2	live-81.0-bench-97.9		2	26	1	1	547	60.3	24.2	0.1304	0	0
hadur2.Hadur 3.10	ne.Chimera 1.2	live-81.0-bench-97.9		2	27	1	1	472	64.0	11.2	0.1579	0	0
hadur2.Hadur 3.10	ne.Chimera 1.2	live-81.0-bench-97.9		2	28	1	1	482	65.0	11.3	0.2000	0	0
hadur2.Hadur 3.10	ne.Chimera 1.2	live-81.0-bench-97.9		2	29	1	1	386	75.3	22.4	0.3077	0	0
hadur2.Hadur 3.10	ne.Chimera 1.2	live-81.0-bench-97.9		2	30	1	1	405	68.0	0.0	0.2667	0	0
hadur2.Hadur 3.10	ne.Chimera 1.2	live-81.0-bench-97.9		2	31	1	1	667	48.2	34.9	0.1765	0	0
hadur2.Hadur 3.10	ne.Chimera 1.2	live-81.0-bench-97.9		2	32	1	1	571	71.1	48.9	0.1600	0	0
hadur2.Hadur 3.10	ne.Chimera 1.2	live-81.0-bench-97.9		2	33	1	1	421	65.6	1.6	0.2667	0	0
hadur2.Hadur 3.10	ne.Chimera 1.2	live-81.0-bench-97.9		2	34	1	1	459	65.9	13.2	0.2222	0	5
hadur2.Hadur 3.10	ne.Chimera 1.2	live-81.0-bench-97.9		3	0	1	1	521	61.6	31.4	0.2400	0	4
hadur2.Hadur 3.10	ne.Chimera 1.2	live-81.0-bench-97.9		3	1	1	1	405	74.7	11.3	0.3750	0	0
hadur2.Hadur 3.10	ne.Chimera 1.2	live-81.0-bench-97.9		3	2	1	1	514	71.6	41.3	0.2917	0	0
hadur2.Hadur 3.10	ne.Chimera 1.2	live-81.0-bench-97.9		3	3	1	1	527	51.0	0.0	0.1304	0	0
hadur2.Hadur 3.10	ne.Chimera 1.2	live-81.0-bench-97.9		3	4	1	1	510	66.1	1.8	0.2083	0	0
hadur2.Hadur 3.10	ne.Chimera 1.2	live-81.0-bench-97.9		3	5	1	1	625	37.8	2.7	0.1000	0	0
hadur2.Hadur 3.10	ne.Chimera 1.2	live-81.0-bench-97.9		3	6	1	1	512	57.0	11.2	0.2174	0	0
hadur2.Hadur 3.10	ne.Chimera 1.2	live-81.0-bench-97.9		3	7	1	1	398	66.0	0.0	0.2857	0	0
hadur2.Hadur 3.10	ne.Chimera 1.2	live-81.0-bench-97.9		3	8	1	1	403	69.7	0.0	0.3333	0	0
hadur2.Hadur 3.10	ne.Chimera 1.2	live-81.0-bench-97.9		3	9	1	1	446	67.5	11.4	0.2353	0	0
hadur2.Hadur 3.10	ne.Chimera 1.2	live-81.0-bench-97.9		3	10	1	1	562	51.9	11.2	0.1200	0	0
hadur2.Hadur 3.10	ne.Chimera 1.2	live-81.0-bench-97.9		3	11	1	1	496	52.6	0.0	0.1429	0	0
hadur2.Hadur 3.10	ne.Chimera 1.2	live-81.0-bench-97.9		3	12	1	1	454	61.2	0.0	0.2632	0	0
hadur2.Hadur 3.10	ne.Chimera 1.2	live-81.0-bench-97.9		3	13	1	1	481	61.1	11.2	0.2000	0	0
hadur2.Hadur 3.10	ne.Chimera 1.2	live-81.0-bench-97.9		3	14	1	1	471	56.7	11.3	0.1667	0	0
hadur2.Hadur 3.10	ne.Chimera 1.2	live-81.0-bench-97.9		3	15	1	1	433	82.5	45.9	0.3125	0	0
hadur2.Hadur 3.10	ne.Chimera 1.2	live-81.0-bench-97.9		3	16	1	1	450	72.7	22.4	0.2353	0	0
hadur2.Hadur 3.10	ne.Chimera 1.2	live-81.0-bench-97.9		3	17	1	1	397	67.3	0.0	0.2857	0	0
hadur2.Hadur 3.10	ne.Chimera 1.2	live-81.0-bench-97.9		3	18	1	1	339	85.3	11.2	0.5455	0	0
hadur2.Hadur 3.10	ne.Chimera 1.2	live-81.0-bench-97.9		3	19	1	1	462	80.0	36.0	0.2778	0	0
hadur2.Hadur 3.10	ne.Chimera 1.2	live-81.0-bench-97.9		3	20	1	1	452	73.0	34.4	0.2353	0	0
hadur2.Hadur 3.10	ne.Chimera 1.2	live-81.0-bench-97.9		3	21	1	1	348	74.8	0.0	0.3636	0	0
hadur2.Hadur 3.10	ne.Chimera 1.2	live-81.0-bench-97.9		3	22	1	1	387	69.4	0.0	0.3077	0	0
hadur2.Hadur 3.10	ne.Chimera 1.2	live-81.0-bench-97.9		3	23	1	1	437	61.9	0.0	0.1875	0	0
hadur2.Hadur 3.10	ne.Chimera 1.2	live-81.0-bench-97.9		3	24	1	1	496	52.6	0.0	0.1500	0	0
hadur2.Hadur 3.10	ne.Chimera 1.2	live-81.0-bench-97.9		3	25	1	1	560	50.4	12.4	0.1250	0	0
hadur2.Hadur 3.10	ne.Chimera 1.2	live-81.0-bench-97.9		3	26	1	1	481	57.0	0.0	0.2500	0	0
hadur2.Hadur 3.10	ne.Chimera 1.2	live-81.0-bench-97.9		3	27	1	1	480	61.0	11.4	0.2000	0	0
hadur2.Hadur 3.10	ne.Chimera 1.2	live-81.0-bench-97.9		3	28	1	1	873	29.3	33.7	0.1923	0	1
hadur2.Hadur 3.10	ne.Chimera 1.2	live-81.0-bench-97.9		3	29	1	1	506	60.0	11.8	0.1905	0	0
hadur2.Hadur 3.10	ne.Chimera 1.2	live-81.0-bench-97.9		3	30	1	1	458	72.3	22.4	0.2222	0	0
hadur2.Hadur 3.10	ne.Chimera 1.2	live-81.0-bench-97.9		3	31	1	1	452	64.4	0.0	0.2222	0	0
hadur2.Hadur 3.10	ne.Chimera 1.2	live-81.0-bench-97.9		3	32	1	1	463	69.2	22.4	0.2222	0	0
hadur2.Hadur 3.10	ne.Chimera 1.2	live-81.0-bench-97.9		3	33	1	1	542	65.5	24.6	0.1667	0	0
hadur2.Hadur 3.10	ne.Chimera 1.2	live-81.0-bench-97.9		3	34	1	1	448	59.4	0.0	0.1765	0	6
hadur2.Hadur 3.10	ne.Chimera 1.2	live-81.0-bench-97.9		4	0	1	1	674	37.2	27.7	0.1351	298	8
hadur2.Hadur 3.10	ne.Chimera 1.2	live-81.0-bench-97.9		4	1	1	1	546	58.4	22.7	0.2308	0	0
hadur2.Hadur 3.10	ne.Chimera 1.2	live-81.0-bench-97.9		4	2	1	1	537	59.7	22.5	0.1600	0	0
hadur2.Hadur 3.10	ne.Chimera 1.2	live-81.0-bench-97.9		4	3	1	1	561	51.7	11.2	0.1250	0	0
hadur2.Hadur 3.10	ne.Chimera 1.2	live-81.0-bench-97.9		4	4	1	1	468	65.4	14.0	0.2222	0	0
hadur2.Hadur 3.10	ne.Chimera 1.2	live-81.0-bench-97.9		4	5	1	1	452	68.8	12.7	0.2778	0	0
hadur2.Hadur 3.10	ne.Chimera 1.2	live-81.0-bench-97.9		4	6	1	1	583	39.4	0.0	0.0769	0	0
hadur2.Hadur 3.10	ne.Chimera 1.2	live-81.0-bench-97.9		4	7	1	1	371	84.4	22.4	0.4615	0	0
hadur2.Hadur 3.10	ne.Chimera 1.2	live-81.0-bench-97.9		4	8	1	1	491	68.2	28.1	0.2000	0	0
hadur2.Hadur 3.10	ne.Chimera 1.2	live-81.0-bench-97.9		4	9	0	0	637	48.8	52.8	0.1667	0	0
hadur2.Hadur 3.10	ne.Chimera 1.2	live-81.0-bench-97.9		4	10	1	1	586	57.8	26.5	0.1481	0	0
hadur2.Hadur 3.10	ne.Chimera 1.2	live-81.0-bench-97.9		4	11	1	1	416	79.0	23.5	0.3750	0	0
hadur2.Hadur 3.10	ne.Chimera 1.2	live-81.0-bench-97.9		4	12	1	1	434	61.6	0.0	0.1875	0	0
hadur2.Hadur 3.10	ne.Chimera 1.2	live-81.0-bench-97.9		4	13	1	1	427	69.4	23.2	0.2500	0	0
hadur2.Hadur 3.10	ne.Chimera 1.2	live-81.0-bench-97.9		4	14	1	1	337	75.4	0.0	0.4000	0	0
hadur2.Hadur 3.10	ne.Chimera 1.2	live-81.0-bench-97.9		4	15	1	1	531	65.5	24.6	0.1739	0	0
hadur2.Hadur 3.10	ne.Chimera 1.2	live-81.0-bench-97.9		4	16	1	1	354	72.6	0.0	0.3636	0	0
hadur2.Hadur 3.10	ne.Chimera 1.2	live-81.0-bench-97.9		4	17	1	1	369	84.5	38.2	0.4167	0	0
hadur2.Hadur 3.10	ne.Chimera 1.2	live-81.0-bench-97.9		4	18	1	1	587	59.1	34.0	0.1154	0	0
hadur2.Hadur 3.10	ne.Chimera 1.2	live-81.0-bench-97.9		4	19	1	1	585	53.4	22.4	0.1154	0	0
hadur2.Hadur 3.10	ne.Chimera 1.2	live-81.0-bench-97.9		4	20	1	1	419	70.1	11.2	0.2667	0	0
hadur2.Hadur 3.10	ne.Chimera 1.2	live-81.0-bench-97.9		4	21	1	1	588	52.6	24.8	0.1667	0	0
hadur2.Hadur 3.10	ne.Chimera 1.2	live-81.0-bench-97.9		4	22	1	1	497	72.0	40.7	0.2381	0	0
hadur2.Hadur 3.10	ne.Chimera 1.2	live-81.0-bench-97.9		4	23	1	1	571	64.0	34.7	0.1200	0	1
hadur2.Hadur 3.10	ne.Chimera 1.2	live-81.0-bench-97.9		4	24	1	1	484	55.4	0.0	0.1500	0	0
hadur2.Hadur 3.10	ne.Chimera 1.2	live-81.0-bench-97.9		4	25	1	1	504	57.1	11.2	0.1429	0	0
hadur2.Hadur 3.10	ne.Chimera 1.2	live-81.0-bench-97.9		4	26	1	1	446	72.0	23.3	0.2353	0	0
hadur2.Hadur 3.10	ne.Chimera 1.2	live-81.0-bench-97.9		4	27	1	1	349	81.6	11.4	0.4545	0	0
hadur2.Hadur 3.10	ne.Chimera 1.2	live-81.0-bench-97.9		4	28	1	1	497	72.8	33.6	0.2000	0	0
hadur2.Hadur 3.10	ne.Chimera 1.2	live-81.0-bench-97.9		4	29	1	1	453	67.7	16.2	0.2222	0	0
hadur2.Hadur 3.10	ne.Chimera 1.2	live-81.0-bench-97.9		4	30	1	1	533	66.0	22.4	0.1739	0	1
hadur2.Hadur 3.10	ne.Chimera 1.2	live-81.0-bench-97.9		4	31	1	1	581	53.7	11.1	0.1786	0	0
hadur2.Hadur 3.10	ne.Chimera 1.2	live-81.0-bench-97.9		4	32	1	1	504	71.2	11.2	0.2174	0	0
hadur2.Hadur 3.10	ne.Chimera 1.2	live-81.0-bench-97.9		4	33	1	1	436	69.5	11.2	0.2353	0	0
hadur2.Hadur 3.10	ne.Chimera 1.2	live-81.0-bench-97.9		4	34	1	1	333	77.9	0.0	0.4000	0	19
hadur2.Hadur 3.10	pez.frankie.Frankie 0.9.6.1	live-70.7-bench-98.9		1	0	1	1	846	34.4	74.4	0.1455	298	6
hadur2.Hadur 3.10	pez.frankie.Frankie 0.9.6.1	live-70.7-bench-98.9		1	1	1	1	761	28.4	24.8	0.0667	0	0
hadur2.Hadur 3.10	pez.frankie.Frankie 0.9.6.1	live-70.7-bench-98.9		1	2	1	1	640	35.2	12.4	0.0909	0	0
hadur2.Hadur 3.10	pez.frankie.Frankie 0.9.6.1	live-70.7-bench-98.9		1	3	1	1	715	48.5	49.6	0.1250	0	0
hadur2.Hadur 3.10	pez.frankie.Frankie 0.9.6.1	live-70.7-bench-98.9		1	4	1	1	520	48.5	4.6	0.2000	0	0
hadur2.Hadur 3.10	pez.frankie.Frankie 0.9.6.1	live-70.7-bench-98.9		1	5	1	1	630	37.6	12.4	0.0938	0	0
hadur2.Hadur 3.10	pez.frankie.Frankie 0.9.6.1	live-70.7-bench-98.9		1	6	1	1	728	26.3	12.4	0.0750	0	0
hadur2.Hadur 3.10	pez.frankie.Frankie 0.9.6.1	live-70.7-bench-98.9		1	7	1	1	648	44.8	17.6	0.1714	0	0
hadur2.Hadur 3.10	pez.frankie.Frankie 0.9.6.1	live-70.7-bench-98.9		1	8	1	1	592	44.8	12.4	0.1333	0	0
hadur2.Hadur 3.10	pez.frankie.Frankie 0.9.6.1	live-70.7-bench-98.9		1	9	1	1	605	35.2	0.0	0.0968	0	0
hadur2.Hadur 3.10	pez.frankie.Frankie 0.9.6.1	live-70.7-bench-98.9		1	10	1	1	663	28.0	0.0	0.0571	0	0
hadur2.Hadur 3.10	pez.frankie.Frankie 0.9.6.1	live-70.7-bench-98.9		1	11	0	0	833	1.2	53.2	0.0377	0	0
hadur2.Hadur 3.10	pez.frankie.Frankie 0.9.6.1	live-70.7-bench-98.9		1	12	1	1	612	48.5	12.4	0.1563	0	0
hadur2.Hadur 3.10	pez.frankie.Frankie 0.9.6.1	live-70.7-bench-98.9		1	13	1	1	673	37.3	12.4	0.1111	0	0
hadur2.Hadur 3.10	pez.frankie.Frankie 0.9.6.1	live-70.7-bench-98.9		1	14	1	1	504	58.2	16.4	0.2500	0	0
hadur2.Hadur 3.10	pez.frankie.Frankie 0.9.6.1	live-70.7-bench-98.9		1	15	1	1	732	34.7	24.8	0.1250	0	0
hadur2.Hadur 3.10	pez.frankie.Frankie 0.9.6.1	live-70.7-bench-98.9		1	16	1	1	763	21.9	12.4	0.0714	0	0
hadur2.Hadur 3.10	pez.frankie.Frankie 0.9.6.1	live-70.7-bench-98.9		1	17	1	1	592	37.6	0.0	0.1000	0	0
hadur2.Hadur 3.10	pez.frankie.Frankie 0.9.6.1	live-70.7-bench-98.9		1	18	1	1	552	42.4	0.0	0.1481	0	0
hadur2.Hadur 3.10	pez.frankie.Frankie 0.9.6.1	live-70.7-bench-98.9		1	19	1	1	617	48.5	17.0	0.1515	0	0
hadur2.Hadur 3.10	pez.frankie.Frankie 0.9.6.1	live-70.7-bench-98.9		1	20	1	1	581	44.8	12.4	0.1379	0	0
hadur2.Hadur 3.10	pez.frankie.Frankie 0.9.6.1	live-70.7-bench-98.9		1	21	0	0	916	18.8	61.5	0.0820	0	0
hadur2.Hadur 3.10	pez.frankie.Frankie 0.9.6.1	live-70.7-bench-98.9		1	22	1	1	637	35.2	0.0	0.0909	0	0
hadur2.Hadur 3.10	pez.frankie.Frankie 0.9.6.1	live-70.7-bench-98.9		1	23	0	0	913	2.4	50.4	0.0656	0	0
hadur2.Hadur 3.10	pez.frankie.Frankie 0.9.6.1	live-70.7-bench-98.9		1	24	1	1	737	42.0	43.0	0.1429	0	0
hadur2.Hadur 3.10	pez.frankie.Frankie 0.9.6.1	live-70.7-bench-98.9		1	25	1	1	522	48.5	4.6	0.2000	0	0
hadur2.Hadur 3.10	pez.frankie.Frankie 0.9.6.1	live-70.7-bench-98.9		1	26	1	1	521	51.4	0.0	0.1739	0	0
hadur2.Hadur 3.10	pez.frankie.Frankie 0.9.6.1	live-70.7-bench-98.9		1	27	1	1	685	25.6	0.0	0.0571	0	0
hadur2.Hadur 3.10	pez.frankie.Frankie 0.9.6.1	live-70.7-bench-98.9		1	28	1	1	802	21.4	24.8	0.0870	0	0
hadur2.Hadur 3.10	pez.frankie.Frankie 0.9.6.1	live-70.7-bench-98.9		1	29	1	1	526	54.4	12.4	0.2000	0	0
hadur2.Hadur 3.10	pez.frankie.Frankie 0.9.6.1	live-70.7-bench-98.9		1	30	1	1	884	9.7	12.4	0.0185	0	0
hadur2.Hadur 3.10	pez.frankie.Frankie 0.9.6.1	live-70.7-bench-98.9		1	31	1	1	721	44.5	37.2	0.1463	0	0
hadur2.Hadur 3.10	pez.frankie.Frankie 0.9.6.1	live-70.7-bench-98.9		1	32	1	1	665	38.8	12.4	0.1143	0	0
hadur2.Hadur 3.10	pez.frankie.Frankie 0.9.6.1	live-70.7-bench-98.9		1	33	1	1	644	44.8	24.8	0.1176	0	0
hadur2.Hadur 3.10	pez.frankie.Frankie 0.9.6.1	live-70.7-bench-98.9		1	34	1	1	603	44.8	12.4	0.1333	0	5
hadur2.Hadur 3.10	pez.frankie.Frankie 0.9.6.1	live-70.7-bench-98.9		2	0	1	1	335	70.6	0.0	0.5455	0	5
hadur2.Hadur 3.10	pez.frankie.Frankie 0.9.6.1	live-70.7-bench-98.9		2	1	1	1	415	85.4	43.6	0.4444	0	0
hadur2.Hadur 3.10	pez.frankie.Frankie 0.9.6.1	live-70.7-bench-98.9		2	2	1	1	510	48.5	0.0	0.2083	0	0
hadur2.Hadur 3.10	pez.frankie.Frankie 0.9.6.1	live-70.7-bench-98.9		2	3	1	1	726	42.1	37.2	0.1053	0	0
hadur2.Hadur 3.10	pez.frankie.Frankie 0.9.6.1	live-70.7-bench-98.9		2	4	1	1	809	18.4	24.8	0.1277	0	0
hadur2.Hadur 3.10	pez.frankie.Frankie 0.9.6.1	live-70.7-bench-98.9		2	5	1	1	580	48.5	12.4	0.1724	0	0
hadur2.Hadur 3.10	pez.frankie.Frankie 0.9.6.1	live-70.7-bench-98.9		2	6	1	1	596	49.6	24.8	0.1667	0	0
hadur2.Hadur 3.10	pez.frankie.Frankie 0.9.6.1	live-70.7-bench-98.9		2	7	0	0	1076	8.4	37.2	0.1064	0	0
hadur2.Hadur 3.10	pez.frankie.Frankie 0.9.6.1	live-70.7-bench-98.9		2	8	1	1	530	48.5	0.0	0.1923	0	0
hadur2.Hadur 3.10	pez.frankie.Frankie 0.9.6.1	live-70.7-bench-98.9		2	9	0	0	994	17.1	40.2	0.1094	0	0
hadur2.Hadur 3.10	pez.frankie.Frankie 0.9.6.1	live-70.7-bench-98.9		2	10	1	1	533	47.2	0.0	0.1538	0	0
hadur2.Hadur 3.10	pez.frankie.Frankie 0.9.6.1	live-70.7-bench-98.9		2	11	0	0	966	14.0	71.3	0.1343	0	0
hadur2.Hadur 3.10	pez.frankie.Frankie 0.9.6.1	live-70.7-bench-98.9		2	12	1	1	729	42.4	37.2	0.1220	0	0
hadur2.Hadur 3.10	pez.frankie.Frankie 0.9.6.1	live-70.7-bench-98.9		2	13	1	1	610	42.4	24.8	0.1333	0	0
hadur2.Hadur 3.10	pez.frankie.Frankie 0.9.6.1	live-70.7-bench-98.9		2	14	1	1	646	48.5	24.8	0.1471	0	0
hadur2.Hadur 3.10	pez.frankie.Frankie 0.9.6.1	live-70.7-bench-98.9		2	15	1	1	675	29.1	0.0	0.0833	0	0
hadur2.Hadur 3.10	pez.frankie.Frankie 0.9.6.1	live-70.7-bench-98.9		2	16	1	1	565	47.2	12.4	0.1429	0	0
hadur2.Hadur 3.10	pez.frankie.Frankie 0.9.6.1	live-70.7-bench-98.9		2	17	1	1	619	38.8	0.0	0.1250	0	0
hadur2.Hadur 3.10	pez.frankie.Frankie 0.9.6.1	live-70.7-bench-98.9		2	18	1	1	810	31.1	37.2	0.0833	0	0
hadur2.Hadur 3.10	pez.frankie.Frankie 0.9.6.1	live-70.7-bench-98.9		2	19	1	1	751	32.8	24.8	0.1190	0	0
hadur2.Hadur 3.10	pez.frankie.Frankie 0.9.6.1	live-70.7-bench-98.9		2	20	1	1	703	29.1	12.4	0.0789	0	0
hadur2.Hadur 3.10	pez.frankie.Frankie 0.9.6.1	live-70.7-bench-98.9		2	21	0	0	874	12.1	60.8	0.0517	0	0
hadur2.Hadur 3.10	pez.frankie.Frankie 0.9.6.1	live-70.7-bench-98.9		2	22	1	1	537	47.2	0.0	0.1538	0	0
hadur2.Hadur 3.10	pez.frankie.Frankie 0.9.6.1	live-70.7-bench-98.9		2	23	0	0	748	9.7	46.2	0.0233	0	0
hadur2.Hadur 3.10	pez.frankie.Frankie 0.9.6.1	live-70.7-bench-98.9		2	24	1	1	541	48.5	0.0	0.1923	0	0
hadur2.Hadur 3.10	pez.frankie.Frankie 0.9.6.1	live-70.7-bench-98.9		2	25	1	1	686	23.2	0.0	0.0556	0	0
hadur2.Hadur 3.10	pez.frankie.Frankie 0.9.6.1	live-70.7-bench-98.9		2	26	1	1	501	68.2	28.4	0.3043	0	0
hadur2.Hadur 3.10	pez.frankie.Frankie 0.9.6.1	live-70.7-bench-98.9		2	27	1	1	633	54.4	37.2	0.1818	0	0
hadur2.Hadur 3.10	pez.frankie.Frankie 0.9.6.1	live-70.7-bench-98.9		2	28	1	1	604	37.6	0.0	0.0741	0	0
hadur2.Hadur 3.10	pez.frankie.Frankie 0.9.6.1	live-70.7-bench-98.9		2	29	1	1	679	48.5	41.8	0.1389	0	0
hadur2.Hadur 3.10	pez.frankie.Frankie 0.9.6.1	live-70.7-bench-98.9		2	30	1	1	724	51.3	52.5	0.1707	0	0
hadur2.Hadur 3.10	pez.frankie.Frankie 0.9.6.1	live-70.7-bench-98.9		2	31	1	1	734	51.6	56.4	0.1463	0	0
hadur2.Hadur 3.10	pez.frankie.Frankie 0.9.6.1	live-70.7-bench-98.9		2	32	1	1	847	25.7	48.9	0.1346	0	0
hadur2.Hadur 3.10	pez.frankie.Frankie 0.9.6.1	live-70.7-bench-98.9		2	33	0	0	734	36.4	59.2	0.1429	0	0
hadur2.Hadur 3.10	pez.frankie.Frankie 0.9.6.1	live-70.7-bench-98.9		2	34	1	1	533	48.5	0.0	0.1923	0	7
hadur2.Hadur 3.10	pez.frankie.Frankie 0.9.6.1	live-70.7-bench-98.9		3	0	1	1	387	60.4	0.0	0.3333	0	4
hadur2.Hadur 3.10	pez.frankie.Frankie 0.9.6.1	live-70.7-bench-98.9		3	1	1	1	328	76.0	0.0	0.6364	0	0
hadur2.Hadur 3.10	pez.frankie.Frankie 0.9.6.1	live-70.7-bench-98.9		3	2	1	1	335	93.3	49.6	0.8182	0	0
hadur2.Hadur 3.10	pez.frankie.Frankie 0.9.6.1	live-70.7-bench-98.9		3	3	1	1	387	77.1	12.4	0.4000	0	0
hadur2.Hadur 3.10	pez.frankie.Frankie 0.9.6.1	live-70.7-bench-98.9		3	4	1	1	605	40.0	12.4	0.1034	0	0
hadur2.Hadur 3.10	pez.frankie.Frankie 0.9.6.1	live-70.7-bench-98.9		3	5	1	1	707	32.0	15.6	0.0571	0	0
hadur2.Hadur 3.10	pez.frankie.Frankie 0.9.6.1	live-70.7-bench-98.9		3	6	1	1	662	29.1	0.0	0.0857	0	0
hadur2.Hadur 3.10	pez.frankie.Frankie 0.9.6.1	live-70.7-bench-98.9		3	7	1	1	494	56.8	12.4	0.2273	0	0
hadur2.Hadur 3.10	pez.frankie.Frankie 0.9.6.1	live-70.7-bench-98.9		3	8	1	1	667	40.0	24.8	0.1143	0	0
hadur2.Hadur 3.10	pez.frankie.Frankie 0.9.6.1	live-70.7-bench-98.9		3	9	1	1	739	52.2	62.0	0.1628	0	0
hadur2.Hadur 3.10	pez.frankie.Frankie 0.9.6.1	live-70.7-bench-98.9		3	10	1	1	815	18.4	24.8	0.0816	0	0
hadur2.Hadur 3.10	pez.frankie.Frankie 0.9.6.1	live-70.7-bench-98.9		3	11	1	1	602	52.0	24.8	0.1667	0	0
hadur2.Hadur 3.10	pez.frankie.Frankie 0.9.6.1	live-70.7-bench-98.9		3	12	1	1	551	44.8	0.0	0.1481	0	0
hadur2.Hadur 3.10	pez.frankie.Frankie 0.9.6.1	live-70.7-bench-98.9		3	13	0	0	811	13.1	61.8	0.1569	0	0
hadur2.Hadur 3.10	pez.frankie.Frankie 0.9.6.1	live-70.7-bench-98.9		3	14	1	1	638	54.4	37.2	0.1613	0	0
hadur2.Hadur 3.10	pez.frankie.Frankie 0.9.6.1	live-70.7-bench-98.9		3	15	1	1	740	40.3	37.2	0.1500	0	0
hadur2.Hadur 3.10	pez.frankie.Frankie 0.9.6.1	live-70.7-bench-98.9		3	16	1	1	613	47.2	24.8	0.1379	0	0
hadur2.Hadur 3.10	pez.frankie.Frankie 0.9.6.1	live-70.7-bench-98.9		3	17	1	1	553	52.0	24.8	0.1852	0	0
hadur2.Hadur 3.10	pez.frankie.Frankie 0.9.6.1	live-70.7-bench-98.9		3	18	1	1	635	37.6	12.4	0.0909	0	0
hadur2.Hadur 3.10	pez.frankie.Frankie 0.9.6.1	live-70.7-bench-98.9		3	19	0	0	805	10.2	74.2	0.2453	0	0
hadur2.Hadur 3.10	pez.frankie.Frankie 0.9.6.1	live-70.7-bench-98.9		3	20	1	1	846	18.4	12.4	0.0625	0	0
hadur2.Hadur 3.10	pez.frankie.Frankie 0.9.6.1	live-70.7-bench-98.9		3	21	1	1	636	42.1	12.4	0.1250	0	0
hadur2.Hadur 3.10	pez.frankie.Frankie 0.9.6.1	live-70.7-bench-98.9		3	22	1	1	505	56.8	12.4	0.2174	0	0
hadur2.Hadur 3.10	pez.frankie.Frankie 0.9.6.1	live-70.7-bench-98.9		3	23	1	1	535	47.2	0.0	0.1600	0	0
hadur2.Hadur 3.10	pez.frankie.Frankie 0.9.6.1	live-70.7-bench-98.9		3	24	1	1	720	42.4	37.2	0.1026	0	0
hadur2.Hadur 3.10	pez.frankie.Frankie 0.9.6.1	live-70.7-bench-98.9		3	25	1	1	804	31.9	53.2	0.1042	0	0
hadur2.Hadur 3.10	pez.frankie.Frankie 0.9.6.1	live-70.7-bench-98.9		3	26	1	1	577	54.4	24.8	0.1786	0	0
hadur2.Hadur 3.10	pez.frankie.Frankie 0.9.6.1	live-70.7-bench-98.9		3	27	1	1	560	48.9	4.6	0.2069	0	0
hadur2.Hadur 3.10	pez.frankie.Frankie 0.9.6.1	live-70.7-bench-98.9		3	28	1	1	976	8.8	44.3	0.1385	0	0
hadur2.Hadur 3.10	pez.frankie.Frankie 0.9.6.1	live-70.7-bench-98.9		3	29	1	1	812	32.2	52.1	0.1569	0	0
hadur2.Hadur 3.10	pez.frankie.Frankie 0.9.6.1	live-70.7-bench-98.9		3	30	1	1	963	17.9	58.7	0.1231	0	0
hadur2.Hadur 3.10	pez.frankie.Frankie 0.9.6.1	live-70.7-bench-98.9		3	31	1	1	975	18.4	24.8	0.0645	0	0
hadur2.Hadur 3.10	pez.frankie.Frankie 0.9.6.1	live-70.7-bench-98.9		3	32	1	1	842	18.4	24.8	0.1176	0	0
hadur2.Hadur 3.10	pez.frankie.Frankie 0.9.6.1	live-70.7-bench-98.9		3	33	1	1	681	29.1	0.0	0.0811	0	0
hadur2.Hadur 3.10	pez.frankie.Frankie 0.9.6.1	live-70.7-bench-98.9		3	34	1	1	605	48.5	12.4	0.1563	0	7
hadur2.Hadur 3.10	pez.frankie.Frankie 0.9.6.1	live-70.7-bench-98.9		4	0	1	1	684	34.0	37.2	0.1053	298	7
hadur2.Hadur 3.10	pez.frankie.Frankie 0.9.6.1	live-70.7-bench-98.9		4	1	1	1	586	67.9	49.6	0.2333	0	0
hadur2.Hadur 3.10	pez.frankie.Frankie 0.9.6.1	live-70.7-bench-98.9		4	2	1	1	641	45.1	24.8	0.1212	0	0
hadur2.Hadur 3.10	pez.frankie.Frankie 0.9.6.1	live-70.7-bench-98.9		4	3	1	1	701	32.0	12.4	0.0556	0	0
hadur2.Hadur 3.10	pez.frankie.Frankie 0.9.6.1	live-70.7-bench-98.9		4	4	1	1	924	21.5	37.2	0.1034	0	0
hadur2.Hadur 3.10	pez.frankie.Frankie 0.9.6.1	live-70.7-bench-98.9		4	5	1	1	765	34.6	48.7	0.1111	0	0
hadur2.Hadur 3.10	pez.frankie.Frankie 0.9.6.1	live-70.7-bench-98.9		4	6	1	1	634	38.8	12.4	0.1176	0	0
hadur2.Hadur 3.10	pez.frankie.Frankie 0.9.6.1	live-70.7-bench-98.9		4	7	1	1	733	29.1	24.8	0.0732	0	1
hadur2.Hadur 3.10	pez.frankie.Frankie 0.9.6.1	live-70.7-bench-98.9		4	8	1	1	473	54.4	0.0	0.2381	0	0
hadur2.Hadur 3.10	pez.frankie.Frankie 0.9.6.1	live-70.7-bench-98.9		4	9	1	1	558	40.0	0.0	0.1481	0	0
hadur2.Hadur 3.10	pez.frankie.Frankie 0.9.6.1	live-70.7-bench-98.9		4	10	1	1	1003	18.0	49.6	0.0588	0	0
hadur2.Hadur 3.10	pez.frankie.Frankie 0.9.6.1	live-70.7-bench-98.9		4	11	1	1	662	38.8	12.4	0.1111	0	0
hadur2.Hadur 3.10	pez.frankie.Frankie 0.9.6.1	live-70.7-bench-98.9		4	12	0	0	743	50.6	72.5	0.1628	0	0
hadur2.Hadur 3.10	pez.frankie.Frankie 0.9.6.1	live-70.7-bench-98.9		4	13	0	0	859	16.5	72.9	0.1724	0	0
hadur2.Hadur 3.10	pez.frankie.Frankie 0.9.6.1	live-70.7-bench-98.9		4	14	1	1	834	19.0	24.8	0.0784	0	0
hadur2.Hadur 3.10	pez.frankie.Frankie 0.9.6.1	live-70.7-bench-98.9		4	15	0	0	923	10.9	53.7	0.0667	0	0
hadur2.Hadur 3.10	pez.frankie.Frankie 0.9.6.1	live-70.7-bench-98.9		4	16	1	1	825	20.8	24.8	0.0800	0	0
hadur2.Hadur 3.10	pez.frankie.Frankie 0.9.6.1	live-70.7-bench-98.9		4	17	1	1	786	25.7	36.4	0.0652	0	0
hadur2.Hadur 3.10	pez.frankie.Frankie 0.9.6.1	live-70.7-bench-98.9		4	18	1	1	889	9.7	21.7	0.0545	0	1
hadur2.Hadur 3.10	pez.frankie.Frankie 0.9.6.1	live-70.7-bench-98.9		4	19	1	1	655	38.8	12.4	0.1176	0	0
hadur2.Hadur 3.10	pez.frankie.Frankie 0.9.6.1	live-70.7-bench-98.9		4	20	1	1	941	18.1	49.6	0.1270	0	0
hadur2.Hadur 3.10	pez.frankie.Frankie 0.9.6.1	live-70.7-bench-98.9		4	21	1	1	848	11.2	12.4	0.0980	0	0
hadur2.Hadur 3.10	pez.frankie.Frankie 0.9.6.1	live-70.7-bench-98.9		4	22	1	1	722	39.2	33.2	0.1250	0	0
hadur2.Hadur 3.10	pez.frankie.Frankie 0.9.6.1	live-70.7-bench-98.9		4	23	1	1	692	39.2	17.6	0.1282	0	0
hadur2.Hadur 3.10	pez.frankie.Frankie 0.9.6.1	live-70.7-bench-98.9		4	24	1	1	707	39.2	34.8	0.1250	0	0
hadur2.Hadur 3.10	pez.frankie.Frankie 0.9.6.1	live-70.7-bench-98.9		4	25	1	1	621	32.8	0.0	0.0938	0	0
hadur2.Hadur 3.10	pez.frankie.Frankie 0.9.6.1	live-70.7-bench-98.9		4	26	1	1	867	11.2	24.8	0.0727	0	0
hadur2.Hadur 3.10	pez.frankie.Frankie 0.9.6.1	live-70.7-bench-98.9		4	27	1	1	699	47.2	37.2	0.1316	0	0
hadur2.Hadur 3.10	pez.frankie.Frankie 0.9.6.1	live-70.7-bench-98.9		4	28	1	1	559	54.4	24.8	0.1852	0	0
hadur2.Hadur 3.10	pez.frankie.Frankie 0.9.6.1	live-70.7-bench-98.9		4	29	1	1	655	38.8	12.4	0.1143	0	0
hadur2.Hadur 3.10	pez.frankie.Frankie 0.9.6.1	live-70.7-bench-98.9		4	30	1	1	814	29.3	37.2	0.0625	0	0
hadur2.Hadur 3.10	pez.frankie.Frankie 0.9.6.1	live-70.7-bench-98.9		4	31	1	1	524	56.8	24.8	0.2000	0	0
hadur2.Hadur 3.10	pez.frankie.Frankie 0.9.6.1	live-70.7-bench-98.9		4	32	1	1	575	47.2	12.4	0.1429	0	0
hadur2.Hadur 3.10	pez.frankie.Frankie 0.9.6.1	live-70.7-bench-98.9		4	33	1	1	972	10.5	37.2	0.0476	0	0
hadur2.Hadur 3.10	pez.frankie.Frankie 0.9.6.1	live-70.7-bench-98.9		4	34	1	1	661	37.6	12.4	0.0857	0	5
hadur2.Hadur 3.10	pez.mini.VertiLeach 0.4.0	live-75.2-bench-98.7		1	0	1	1	508	55.7	3.6	0.2000	0	8
hadur2.Hadur 3.10	pez.mini.VertiLeach 0.4.0	live-75.2-bench-98.7		1	1	1	1	482	63.6	29.6	0.2727	0	0
hadur2.Hadur 3.10	pez.mini.VertiLeach 0.4.0	live-75.2-bench-98.7		1	2	0	0	615	19.4	40.6	0.0667	0	0
hadur2.Hadur 3.10	pez.mini.VertiLeach 0.4.0	live-75.2-bench-98.7		1	3	0	0	523	32.0	59.2	0.0952	0	0
hadur2.Hadur 3.10	pez.mini.VertiLeach 0.4.0	live-75.2-bench-98.7		1	4	1	1	682	51.4	4.0	0.1026	0	0
hadur2.Hadur 3.10	pez.mini.VertiLeach 0.4.0	live-75.2-bench-98.7		1	5	1	1	671	41.0	18.9	0.1081	0	0
hadur2.Hadur 3.10	pez.mini.VertiLeach 0.4.0	live-75.2-bench-98.7		1	6	1	1	651	35.3	29.6	0.0882	0	0
hadur2.Hadur 3.10	pez.mini.VertiLeach 0.4.0	live-75.2-bench-98.7		1	7	1	1	565	43.3	14.8	0.1429	0	0
hadur2.Hadur 3.10	pez.mini.VertiLeach 0.4.0	live-75.2-bench-98.7		1	8	0	0	532	21.5	74.1	0.1852	0	0
hadur2.Hadur 3.10	pez.mini.VertiLeach 0.4.0	live-75.2-bench-98.7		1	9	1	1	511	52.5	14.8	0.2083	0	0
hadur2.Hadur 3.10	pez.mini.VertiLeach 0.4.0	live-75.2-bench-98.7		1	10	1	1	457	69.6	29.6	0.2222	0	0
hadur2.Hadur 3.10	pez.mini.VertiLeach 0.4.0	live-75.2-bench-98.7		1	11	1	1	498	53.8	14.8	0.1500	0	0
hadur2.Hadur 3.10	pez.mini.VertiLeach 0.4.0	live-75.2-bench-98.7		1	12	1	1	683	46.1	44.4	0.2000	0	0
hadur2.Hadur 3.10	pez.mini.VertiLeach 0.4.0	live-75.2-bench-98.7		1	13	1	1	545	53.4	29.6	0.1667	0	0
hadur2.Hadur 3.10	pez.mini.VertiLeach 0.4.0	live-75.2-bench-98.7		1	14	1	1	480	56.2	25.1	0.1579	0	0
hadur2.Hadur 3.10	pez.mini.VertiLeach 0.4.0	live-75.2-bench-98.7		1	15	1	1	709	59.0	43.7	0.1316	0	0
hadur2.Hadur 3.10	pez.mini.VertiLeach 0.4.0	live-75.2-bench-98.7		1	16	1	1	482	64.3	29.6	0.2727	0	0
hadur2.Hadur 3.10	pez.mini.VertiLeach 0.4.0	live-75.2-bench-98.7		1	17	1	1	498	50.7	0.0	0.1429	0	0
hadur2.Hadur 3.10	pez.mini.VertiLeach 0.4.0	live-75.2-bench-98.7		1	18	1	1	451	52.6	0.0	0.1667	0	0
hadur2.Hadur 3.10	pez.mini.VertiLeach 0.4.0	live-75.2-bench-98.7		1	19	1	1	533	57.8	30.0	0.1739	0	0
hadur2.Hadur 3.10	pez.mini.VertiLeach 0.4.0	live-75.2-bench-98.7		1	20	1	1	588	52.0	15.4	0.1724	0	0
hadur2.Hadur 3.10	pez.mini.VertiLeach 0.4.0	live-75.2-bench-98.7		1	21	1	1	635	59.6	46.7	0.1250	0	0
hadur2.Hadur 3.10	pez.mini.VertiLeach 0.4.0	live-75.2-bench-98.7		1	22	1	1	490	59.6	25.2	0.1905	0	0
hadur2.Hadur 3.10	pez.mini.VertiLeach 0.4.0	live-75.2-bench-98.7		1	23	1	1	467	75.4	33.7	0.2500	0	1
hadur2.Hadur 3.10	pez.mini.VertiLeach 0.4.0	live-75.2-bench-98.7		1	24	1	1	593	64.9	44.8	0.2000	0	0
hadur2.Hadur 3.10	pez.mini.VertiLeach 0.4.0	live-75.2-bench-98.7		1	25	1	1	600	33.2	14.8	0.1429	0	0
hadur2.Hadur 3.10	pez.mini.VertiLeach 0.4.0	live-75.2-bench-98.7		1	26	1	1	455	55.2	0.0	0.2632	0	0
hadur2.Hadur 3.10	pez.mini.VertiLeach 0.4.0	live-75.2-bench-98.7		1	27	1	1	447	65.1	0.0	0.2105	0	0
hadur2.Hadur 3.10	pez.mini.VertiLeach 0.4.0	live-75.2-bench-98.7		1	28	1	1	606	35.1	14.8	0.0714	0	0
hadur2.Hadur 3.10	pez.mini.VertiLeach 0.4.0	live-75.2-bench-98.7		1	29	1	1	461	58.0	14.8	0.2000	0	0
hadur2.Hadur 3.10	pez.mini.VertiLeach 0.4.0	live-75.2-bench-98.7		1	30	1	1	351	77.6	14.8	0.3636	0	0
hadur2.Hadur 3.10	pez.mini.VertiLeach 0.4.0	live-75.2-bench-98.7		1	31	1	1	690	56.9	64.4	0.2162	0	0
hadur2.Hadur 3.10	pez.mini.VertiLeach 0.4.0	live-75.2-bench-98.7		1	32	1	1	602	34.0	0.0	0.0690	0	0
hadur2.Hadur 3.10	pez.mini.VertiLeach 0.4.0	live-75.2-bench-98.7		1	33	1	1	576	40.9	14.8	0.1111	0	0
hadur2.Hadur 3.10	pez.mini.VertiLeach 0.4.0	live-75.2-bench-98.7		1	34	1	1	484	47.3	0.0	0.1818	0	6
hadur2.Hadur 3.10	pez.mini.VertiLeach 0.4.0	live-75.2-bench-98.7		2	0	1	1	422	66.0	14.8	0.2941	0	7
hadur2.Hadur 3.10	pez.mini.VertiLeach 0.4.0	live-75.2-bench-98.7		2	1	1	1	497	62.4	29.6	0.2609	0	0
hadur2.Hadur 3.10	pez.mini.VertiLeach 0.4.0	live-75.2-bench-98.7		2	2	1	1	646	31.6	14.8	0.0882	0	0
hadur2.Hadur 3.10	pez.mini.VertiLeach 0.4.0	live-75.2-bench-98.7		2	3	1	1	660	49.4	25.3	0.0909	0	0
hadur2.Hadur 3.10	pez.mini.VertiLeach 0.4.0	live-75.2-bench-98.7		2	4	1	1	473	47.4	0.0	0.1905	0	0
hadur2.Hadur 3.10	pez.mini.VertiLeach 0.4.0	live-75.2-bench-98.7		2	5	1	1	560	51.9	34.0	0.1786	0	0
hadur2.Hadur 3.10	pez.mini.VertiLeach 0.4.0	live-75.2-bench-98.7		2	6	1	1	439	60.8	14.8	0.2353	0	0
hadur2.Hadur 3.10	pez.mini.VertiLeach 0.4.0	live-75.2-bench-98.7		2	7	1	1	542	61.4	44.4	0.2500	0	0
hadur2.Hadur 3.10	pez.mini.VertiLeach 0.4.0	live-75.2-bench-98.7		2	8	1	1	536	51.3	18.1	0.1304	0	0
hadur2.Hadur 3.10	pez.mini.VertiLeach 0.4.0	live-75.2-bench-98.7		2	9	1	1	448	60.8	14.8	0.1765	0	0
hadur2.Hadur 3.10	pez.mini.VertiLeach 0.4.0	live-75.2-bench-98.7		2	10	1	1	524	57.7	29.6	0.1364	0	0
hadur2.Hadur 3.10	pez.mini.VertiLeach 0.4.0	live-75.2-bench-98.7		2	11	1	1	470	68.4	29.6	0.2105	0	0
hadur2.Hadur 3.10	pez.mini.VertiLeach 0.4.0	live-75.2-bench-98.7		2	12	1	1	491	44.5	0.0	0.1429	0	0
hadur2.Hadur 3.10	pez.mini.VertiLeach 0.4.0	live-75.2-bench-98.7		2	13	0	0	581	10.5	47.2	0.0690	0	0
hadur2.Hadur 3.10	pez.mini.VertiLeach 0.4.0	live-75.2-bench-98.7		2	14	1	1	660	54.0	27.8	0.1667	0	0
hadur2.Hadur 3.10	pez.mini.VertiLeach 0.4.0	live-75.2-bench-98.7		2	15	1	1	482	56.4	14.8	0.2273	0	0
hadur2.Hadur 3.10	pez.mini.VertiLeach 0.4.0	live-75.2-bench-98.7		2	16	1	1	553	62.2	29.6	0.1852	0	0
hadur2.Hadur 3.10	pez.mini.VertiLeach 0.4.0	live-75.2-bench-98.7		2	17	1	1	487	61.9	18.0	0.2000	0	0
hadur2.Hadur 3.10	pez.mini.VertiLeach 0.4.0	live-75.2-bench-98.7		2	18	1	1	450	53.8	0.0	0.1765	0	0
hadur2.Hadur 3.10	pez.mini.VertiLeach 0.4.0	live-75.2-bench-98.7		2	19	1	1	456	53.1	0.0	0.1667	0	0
hadur2.Hadur 3.10	pez.mini.VertiLeach 0.4.0	live-75.2-bench-98.7		2	20	1	1	657	66.3	46.9	0.1429	0	0
hadur2.Hadur 3.10	pez.mini.VertiLeach 0.4.0	live-75.2-bench-98.7		2	21	1	1	496	69.2	44.4	0.2381	0	0
hadur2.Hadur 3.10	pez.mini.VertiLeach 0.4.0	live-75.2-bench-98.7		2	22	1	1	525	45.7	14.8	0.1600	0	0
hadur2.Hadur 3.10	pez.mini.VertiLeach 0.4.0	live-75.2-bench-98.7		2	23	1	1	354	77.6	14.8	0.3636	0	0
hadur2.Hadur 3.10	pez.mini.VertiLeach 0.4.0	live-75.2-bench-98.7		2	24	1	1	622	39.6	20.4	0.1034	0	0
hadur2.Hadur 3.10	pez.mini.VertiLeach 0.4.0	live-75.2-bench-98.7		2	25	1	1	551	64.0	37.2	0.1923	0	0
hadur2.Hadur 3.10	pez.mini.VertiLeach 0.4.0	live-75.2-bench-98.7		2	26	1	1	683	43.1	38.4	0.1389	0	0
hadur2.Hadur 3.10	pez.mini.VertiLeach 0.4.0	live-75.2-bench-98.7		2	27	1	1	418	93.9	60.2	0.4375	0	0
hadur2.Hadur 3.10	pez.mini.VertiLeach 0.4.0	live-75.2-bench-98.7		2	28	1	1	401	77.6	29.6	0.2857	0	0
hadur2.Hadur 3.10	pez.mini.VertiLeach 0.4.0	live-75.2-bench-98.7		2	29	1	1	386	63.6	0.0	0.2308	0	0
hadur2.Hadur 3.10	pez.mini.VertiLeach 0.4.0	live-75.2-bench-98.7		2	30	1	1	482	50.9	0.0	0.1500	0	0
hadur2.Hadur 3.10	pez.mini.VertiLeach 0.4.0	live-75.2-bench-98.7		2	31	0	0	689	32.8	41.5	0.1143	0	0
hadur2.Hadur 3.10	pez.mini.VertiLeach 0.4.0	live-75.2-bench-98.7		2	32	1	1	553	44.4	14.8	0.1538	0	0
hadur2.Hadur 3.10	pez.mini.VertiLeach 0.4.0	live-75.2-bench-98.7		2	33	1	1	581	45.8	43.9	0.1379	0	0
hadur2.Hadur 3.10	pez.mini.VertiLeach 0.4.0	live-75.2-bench-98.7		2	34	1	1	532	67.8	32.1	0.2692	0	6
hadur2.Hadur 3.10	pez.mini.VertiLeach 0.4.0	live-75.2-bench-98.7		3	0	1	1	593	34.0	14.8	0.1000	0	4
hadur2.Hadur 3.10	pez.mini.VertiLeach 0.4.0	live-75.2-bench-98.7		3	1	1	1	626	50.7	33.0	0.1515	0	0
hadur2.Hadur 3.10	pez.mini.VertiLeach 0.4.0	live-75.2-bench-98.7		3	2	1	1	722	53.3	63.5	0.1500	0	0
hadur2.Hadur 3.10	pez.mini.VertiLeach 0.4.0	live-75.2-bench-98.7		3	3	1	1	482	65.9	29.6	0.2727	0	0
hadur2.Hadur 3.10	pez.mini.VertiLeach 0.4.0	live-75.2-bench-98.7		3	4	1	1	465	68.4	42.2	0.2632	0	0
hadur2.Hadur 3.10	pez.mini.VertiLeach 0.4.0	live-75.2-bench-98.7		3	5	1	1	672	70.3	57.5	0.1714	0	0
hadur2.Hadur 3.10	pez.mini.VertiLeach 0.4.0	live-75.2-bench-98.7		3	6	0	0	764	1.8	29.7	0.1111	0	0
hadur2.Hadur 3.10	pez.mini.VertiLeach 0.4.0	live-75.2-bench-98.7		3	7	1	1	645	40.3	29.6	0.1176	0	0
hadur2.Hadur 3.10	pez.mini.VertiLeach 0.4.0	live-75.2-bench-98.7		3	8	1	1	563	52.5	29.6	0.1786	0	0
hadur2.Hadur 3.10	pez.mini.VertiLeach 0.4.0	live-75.2-bench-98.7		3	9	1	1	620	49.8	29.6	0.1613	0	0
hadur2.Hadur 3.10	pez.mini.VertiLeach 0.4.0	live-75.2-bench-98.7		3	10	1	1	557	48.8	14.8	0.1538	0	0
hadur2.Hadur 3.10	pez.mini.VertiLeach 0.4.0	live-75.2-bench-98.7		3	11	1	1	678	41.6	31.9	0.1081	0	0
hadur2.Hadur 3.10	pez.mini.VertiLeach 0.4.0	live-75.2-bench-98.7		3	12	1	1	646	37.1	33.4	0.1176	0	0
hadur2.Hadur 3.10	pez.mini.VertiLeach 0.4.0	live-75.2-bench-98.7		3	13	1	1	512	76.5	70.0	0.2917	0	0
hadur2.Hadur 3.10	pez.mini.VertiLeach 0.4.0	live-75.2-bench-98.7		3	14	1	1	473	57.6	14.8	0.2000	0	0
hadur2.Hadur 3.10	pez.mini.VertiLeach 0.4.0	live-75.2-bench-98.7		3	15	1	1	463	58.2	14.8	0.1667	0	0
hadur2.Hadur 3.10	pez.mini.VertiLeach 0.4.0	live-75.2-bench-98.7		3	16	1	1	511	55.1	24.0	0.1364	0	1
hadur2.Hadur 3.10	pez.mini.VertiLeach 0.4.0	live-75.2-bench-98.7		3	17	1	1	654	34.0	28.0	0.0625	0	0
hadur2.Hadur 3.10	pez.mini.VertiLeach 0.4.0	live-75.2-bench-98.7		3	18	1	1	596	52.8	50.4	0.1667	0	0
hadur2.Hadur 3.10	pez.mini.VertiLeach 0.4.0	live-75.2-bench-98.7		3	19	1	1	519	56.5	29.6	0.1667	0	0
hadur2.Hadur 3.10	pez.mini.VertiLeach 0.4.0	live-75.2-bench-98.7		3	20	1	1	525	49.4	14.8	0.2000	0	0
hadur2.Hadur 3.10	pez.mini.VertiLeach 0.4.0	live-75.2-bench-98.7		3	21	1	1	593	48.2	19.2	0.1667	0	0
hadur2.Hadur 3.10	pez.mini.VertiLeach 0.4.0	live-75.2-bench-98.7		3	22	1	1	593	54.6	51.5	0.1667	0	0
hadur2.Hadur 3.10	pez.mini.VertiLeach 0.4.0	live-75.2-bench-98.7		3	23	1	1	351	69.0	0.0	0.3636	0	0
hadur2.Hadur 3.10	pez.mini.VertiLeach 0.4.0	live-75.2-bench-98.7		3	24	1	1	463	58.2	14.8	0.1667	0	0
hadur2.Hadur 3.10	pez.mini.VertiLeach 0.4.0	live-75.2-bench-98.7		3	25	1	1	432	65.9	14.8	0.2500	0	0
hadur2.Hadur 3.10	pez.mini.VertiLeach 0.4.0	live-75.2-bench-98.7		3	26	1	1	487	60.8	29.6	0.1579	0	0
hadur2.Hadur 3.10	pez.mini.VertiLeach 0.4.0	live-75.2-bench-98.7		3	27	1	1	475	66.6	16.9	0.2000	0	0
hadur2.Hadur 3.10	pez.mini.VertiLeach 0.4.0	live-75.2-bench-98.7		3	28	1	1	691	27.6	29.6	0.0556	0	0
hadur2.Hadur 3.10	pez.mini.VertiLeach 0.4.0	live-75.2-bench-98.7		3	29	1	1	614	37.3	14.8	0.1250	0	0
hadur2.Hadur 3.10	pez.mini.VertiLeach 0.4.0	live-75.2-bench-98.7		3	30	1	1	484	47.5	0.0	0.1818	0	0
hadur2.Hadur 3.10	pez.mini.VertiLeach 0.4.0	live-75.2-bench-98.7		3	31	1	1	635	43.0	19.5	0.1765	0	0
hadur2.Hadur 3.10	pez.mini.VertiLeach 0.4.0	live-75.2-bench-98.7		3	32	1	1	844	36.4	38.3	0.1000	0	0
hadur2.Hadur 3.10	pez.mini.VertiLeach 0.4.0	live-75.2-bench-98.7		3	33	1	1	534	42.1	0.0	0.1538	0	0
hadur2.Hadur 3.10	pez.mini.VertiLeach 0.4.0	live-75.2-bench-98.7		3	34	1	1	560	62.4	40.3	0.2500	0	6
hadur2.Hadur 3.10	pez.mini.VertiLeach 0.4.0	live-75.2-bench-98.7		4	0	1	1	629	34.3	29.6	0.0857	298	7
hadur2.Hadur 3.10	pez.mini.VertiLeach 0.4.0	live-75.2-bench-98.7		4	1	0	0	618	21.6	63.2	0.0909	0	0
hadur2.Hadur 3.10	pez.mini.VertiLeach 0.4.0	live-75.2-bench-98.7		4	2	1	1	495	54.8	14.8	0.2174	0	0
hadur2.Hadur 3.10	pez.mini.VertiLeach 0.4.0	live-75.2-bench-98.7		4	3	1	1	457	74.9	44.4	0.2222	0	0
hadur2.Hadur 3.10	pez.mini.VertiLeach 0.4.0	live-75.2-bench-98.7		4	4	1	1	479	72.7	44.4	0.2105	0	0
hadur2.Hadur 3.10	pez.mini.VertiLeach 0.4.0	live-75.2-bench-98.7		4	5	1	1	452	60.8	29.6	0.1765	0	0
hadur2.Hadur 3.10	pez.mini.VertiLeach 0.4.0	live-75.2-bench-98.7		4	6	1	1	570	39.7	14.8	0.0769	0	0
hadur2.Hadur 3.10	pez.mini.VertiLeach 0.4.0	live-75.2-bench-98.7		4	7	1	1	526	42.1	0.0	0.1667	0	0
hadur2.Hadur 3.10	pez.mini.VertiLeach 0.4.0	live-75.2-bench-98.7		4	8	1	1	634	32.4	18.1	0.0909	0	0
hadur2.Hadur 3.10	pez.mini.VertiLeach 0.4.0	live-75.2-bench-98.7		4	9	1	1	599	58.2	44.4	0.1935	0	0
hadur2.Hadur 3.10	pez.mini.VertiLeach 0.4.0	live-75.2-bench-98.7		4	10	1	1	567	40.6	1.5	0.1786	0	0
hadur2.Hadur 3.10	pez.mini.VertiLeach 0.4.0	live-75.2-bench-98.7		4	11	1	1	610	41.9	23.7	0.1034	0	0
hadur2.Hadur 3.10	pez.mini.VertiLeach 0.4.0	live-75.2-bench-98.7		4	12	1	1	488	54.5	22.5	0.1500	0	0
hadur2.Hadur 3.10	pez.mini.VertiLeach 0.4.0	live-75.2-bench-98.7		4	13	1	1	653	41.2	23.6	0.1429	0	0
hadur2.Hadur 3.10	pez.mini.VertiLeach 0.4.0	live-75.2-bench-98.7		4	14	1	1	431	65.3	14.8	0.3333	0	0
hadur2.Hadur 3.10	pez.mini.VertiLeach 0.4.0	live-75.2-bench-98.7		4	15	1	1	756	35.9	28.7	0.0976	0	0
hadur2.Hadur 3.10	pez.mini.VertiLeach 0.4.0	live-75.2-bench-98.7		4	16	1	1	601	51.3	19.4	0.1034	0	0
hadur2.Hadur 3.10	pez.mini.VertiLeach 0.4.0	live-75.2-bench-98.7		4	17	1	1	458	51.5	0.0	0.2500	0	0
hadur2.Hadur 3.10	pez.mini.VertiLeach 0.4.0	live-75.2-bench-98.7		4	18	1	1	605	61.1	10.6	0.2424	0	0
hadur2.Hadur 3.10	pez.mini.VertiLeach 0.4.0	live-75.2-bench-98.7		4	19	1	1	698	33.6	20.2	0.0571	0	0
hadur2.Hadur 3.10	pez.mini.VertiLeach 0.4.0	live-75.2-bench-98.7		4	20	1	1	528	40.7	0.0	0.1600	0	0
hadur2.Hadur 3.10	pez.mini.VertiLeach 0.4.0	live-75.2-bench-98.7		4	21	1	1	618	51.1	29.2	0.1563	0	0
hadur2.Hadur 3.10	pez.mini.VertiLeach 0.4.0	live-75.2-bench-98.7		4	22	1	1	432	63.6	14.8	0.2941	0	0
hadur2.Hadur 3.10	pez.mini.VertiLeach 0.4.0	live-75.2-bench-98.7		4	23	0	0	503	48.4	69.8	0.1429	0	0
hadur2.Hadur 3.10	pez.mini.VertiLeach 0.4.0	live-75.2-bench-98.7		4	24	1	1	482	56.0	14.8	0.1579	0	0
hadur2.Hadur 3.10	pez.mini.VertiLeach 0.4.0	live-75.2-bench-98.7		4	25	1	1	406	80.2	44.4	0.3333	0	0
hadur2.Hadur 3.10	pez.mini.VertiLeach 0.4.0	live-75.2-bench-98.7		4	26	1	1	530	51.4	14.8	0.1304	0	0
hadur2.Hadur 3.10	pez.mini.VertiLeach 0.4.0	live-75.2-bench-98.7		4	27	1	1	473	83.8	59.2	0.2632	0	0
hadur2.Hadur 3.10	pez.mini.VertiLeach 0.4.0	live-75.2-bench-98.7		4	28	1	1	462	67.5	9.3	0.2000	0	1
hadur2.Hadur 3.10	pez.mini.VertiLeach 0.4.0	live-75.2-bench-98.7		4	29	1	1	405	89.6	44.4	0.4000	0	0
hadur2.Hadur 3.10	pez.mini.VertiLeach 0.4.0	live-75.2-bench-98.7		4	30	1	1	650	49.5	34.2	0.0938	0	0
hadur2.Hadur 3.10	pez.mini.VertiLeach 0.4.0	live-75.2-bench-98.7		4	31	1	1	450	60.8	14.8	0.1765	0	1
hadur2.Hadur 3.10	pez.mini.VertiLeach 0.4.0	live-75.2-bench-98.7		4	32	1	1	491	55.4	4.0	0.1818	0	0
hadur2.Hadur 3.10	pez.mini.VertiLeach 0.4.0	live-75.2-bench-98.7		4	33	1	1	576	40.2	1.4	0.1379	0	0
hadur2.Hadur 3.10	pez.mini.VertiLeach 0.4.0	live-75.2-bench-98.7		4	34	1	1	529	38.8	0.0	0.1200	0	6
hadur2.Hadur 3.10	wiki.mini.Griffon 0.1	live-80.5-bench-99.2		1	0	1	1	988	2.8	11.2	0.0469	0	5
hadur2.Hadur 3.10	wiki.mini.Griffon 0.1	live-80.5-bench-99.2		1	1	1	1	653	49.8	22.4	0.1429	0	0
hadur2.Hadur 3.10	wiki.mini.Griffon 0.1	live-80.5-bench-99.2		1	2	1	1	641	33.9	0.0	0.0909	0	0
hadur2.Hadur 3.10	wiki.mini.Griffon 0.1	live-80.5-bench-99.2		1	3	1	1	786	42.7	44.8	0.2083	0	0
hadur2.Hadur 3.10	wiki.mini.Griffon 0.1	live-80.5-bench-99.2		1	4	1	1	710	23.6	0.0	0.0526	0	0
hadur2.Hadur 3.10	wiki.mini.Griffon 0.1	live-80.5-bench-99.2		1	5	1	1	586	47.3	11.2	0.1379	0	0
hadur2.Hadur 3.10	wiki.mini.Griffon 0.1	live-80.5-bench-99.2		1	6	1	1	777	34.5	33.6	0.1915	0	0
hadur2.Hadur 3.10	wiki.mini.Griffon 0.1	live-80.5-bench-99.2		1	7	1	1	480	75.9	33.6	0.2500	0	0
hadur2.Hadur 3.10	wiki.mini.Griffon 0.1	live-80.5-bench-99.2		1	8	1	1	1147	24.2	22.4	0.1169	0	0
hadur2.Hadur 3.10	wiki.mini.Griffon 0.1	live-80.5-bench-99.2		1	9	1	1	655	32.1	3.0	0.0882	0	0
hadur2.Hadur 3.10	wiki.mini.Griffon 0.1	live-80.5-bench-99.2		1	10	1	1	706	36.4	22.4	0.1026	0	0
hadur2.Hadur 3.10	wiki.mini.Griffon 0.1	live-80.5-bench-99.2		1	11	1	1	639	45.6	22.4	0.1212	0	0
hadur2.Hadur 3.10	wiki.mini.Griffon 0.1	live-80.5-bench-99.2		1	12	1	1	931	49.5	56.0	0.2167	0	0
hadur2.Hadur 3.10	wiki.mini.Griffon 0.1	live-80.5-bench-99.2		1	13	1	1	668	27.5	0.0	0.1250	0	0
hadur2.Hadur 3.10	wiki.mini.Griffon 0.1	live-80.5-bench-99.2		1	14	1	1	479	56.2	0.0	0.1579	0	0
hadur2.Hadur 3.10	wiki.mini.Griffon 0.1	live-80.5-bench-99.2		1	15	1	1	798	25.4	22.4	0.1277	0	0
hadur2.Hadur 3.10	wiki.mini.Griffon 0.1	live-80.5-bench-99.2		1	16	1	1	576	42.8	0.0	0.1379	0	0
hadur2.Hadur 3.10	wiki.mini.Griffon 0.1	live-80.5-bench-99.2		1	17	1	1	548	45.6	0.0	0.1481	0	0
hadur2.Hadur 3.10	wiki.mini.Griffon 0.1	live-80.5-bench-99.2		1	18	1	1	632	62.3	22.4	0.1515	0	0
hadur2.Hadur 3.10	wiki.mini.Griffon 0.1	live-80.5-bench-99.2		1	19	1	1	620	35.1	0.0	0.0938	0	0
hadur2.Hadur 3.10	wiki.mini.Griffon 0.1	live-80.5-bench-99.2		1	20	1	1	513	56.3	11.2	0.2083	0	0
hadur2.Hadur 3.10	wiki.mini.Griffon 0.1	live-80.5-bench-99.2		1	21	1	1	807	46.9	44.4	0.1667	0	0
hadur2.Hadur 3.10	wiki.mini.Griffon 0.1	live-80.5-bench-99.2		1	22	1	1	658	55.3	33.6	0.1765	0	0
hadur2.Hadur 3.10	wiki.mini.Griffon 0.1	live-80.5-bench-99.2		1	23	0	0	787	16.8	40.6	0.1111	0	0
hadur2.Hadur 3.10	wiki.mini.Griffon 0.1	live-80.5-bench-99.2		1	24	1	1	672	53.8	44.8	0.2162	0	0
hadur2.Hadur 3.10	wiki.mini.Griffon 0.1	live-80.5-bench-99.2		1	25	1	1	619	40.6	11.2	0.0968	0	0
hadur2.Hadur 3.10	wiki.mini.Griffon 0.1	live-80.5-bench-99.2		1	26	1	1	508	54.3	0.0	0.1739	0	0
hadur2.Hadur 3.10	wiki.mini.Griffon 0.1	live-80.5-bench-99.2		1	27	1	1	436	74.9	11.2	0.2778	0	1
hadur2.Hadur 3.10	wiki.mini.Griffon 0.1	live-80.5-bench-99.2		1	28	1	1	617	47.2	22.4	0.1333	0	0
hadur2.Hadur 3.10	wiki.mini.Griffon 0.1	live-80.5-bench-99.2		1	29	1	1	695	34.8	11.2	0.0571	0	0
hadur2.Hadur 3.10	wiki.mini.Griffon 0.1	live-80.5-bench-99.2		1	30	1	1	695	48.0	33.6	0.1579	0	0
hadur2.Hadur 3.10	wiki.mini.Griffon 0.1	live-80.5-bench-99.2		1	31	1	1	850	17.4	11.2	0.0588	0	0
hadur2.Hadur 3.10	wiki.mini.Griffon 0.1	live-80.5-bench-99.2		1	32	1	1	610	43.8	11.2	0.1290	0	0
hadur2.Hadur 3.10	wiki.mini.Griffon 0.1	live-80.5-bench-99.2		1	33	1	1	471	62.8	11.2	0.2381	0	0
hadur2.Hadur 3.10	wiki.mini.Griffon 0.1	live-80.5-bench-99.2		1	34	1	1	583	42.3	0.0	0.1379	0	4
hadur2.Hadur 3.10	wiki.mini.Griffon 0.1	live-80.5-bench-99.2		2	0	1	1	642	38.4	22.4	0.0909	0	5
hadur2.Hadur 3.10	wiki.mini.Griffon 0.1	live-80.5-bench-99.2		2	1	1	1	756	31.5	25.4	0.0698	0	0
hadur2.Hadur 3.10	wiki.mini.Griffon 0.1	live-80.5-bench-99.2		2	2	0	0	1134	29.8	84.8	0.1842	0	0
hadur2.Hadur 3.10	wiki.mini.Griffon 0.1	live-80.5-bench-99.2		2	3	1	1	676	41.2	22.4	0.1429	0	0
hadur2.Hadur 3.10	wiki.mini.Griffon 0.1	live-80.5-bench-99.2		2	4	1	1	661	29.6	0.0	0.0857	0	0
hadur2.Hadur 3.10	wiki.mini.Griffon 0.1	live-80.5-bench-99.2		2	5	1	1	736	49.9	9.8	0.1163	0	0
hadur2.Hadur 3.10	wiki.mini.Griffon 0.1	live-80.5-bench-99.2		2	6	1	1	824	33.2	27.3	0.1020	0	0
hadur2.Hadur 3.10	wiki.mini.Griffon 0.1	live-80.5-bench-99.2		2	7	1	1	657	44.2	22.4	0.1176	0	0
hadur2.Hadur 3.10	wiki.mini.Griffon 0.1	live-80.5-bench-99.2		2	8	1	1	810	27.2	22.4	0.0851	0	0
hadur2.Hadur 3.10	wiki.mini.Griffon 0.1	live-80.5-bench-99.2		2	9	1	1	714	37.1	22.4	0.1026	0	0
hadur2.Hadur 3.10	wiki.mini.Griffon 0.1	live-80.5-bench-99.2		2	10	1	1	711	44.0	33.6	0.1538	0	0
hadur2.Hadur 3.10	wiki.mini.Griffon 0.1	live-80.5-bench-99.2		2	11	1	1	1020	12.7	24.6	0.0588	0	0
hadur2.Hadur 3.10	wiki.mini.Griffon 0.1	live-80.5-bench-99.2		2	12	1	1	574	51.2	11.2	0.1724	0	0
hadur2.Hadur 3.10	wiki.mini.Griffon 0.1	live-80.5-bench-99.2		2	13	0	0	676	34.1	72.9	0.1795	0	0
hadur2.Hadur 3.10	wiki.mini.Griffon 0.1	live-80.5-bench-99.2		2	14	1	1	751	42.8	44.8	0.1628	0	0
hadur2.Hadur 3.10	wiki.mini.Griffon 0.1	live-80.5-bench-99.2		2	15	1	1	928	40.5	35.0	0.1404	0	1
hadur2.Hadur 3.10	wiki.mini.Griffon 0.1	live-80.5-bench-99.2		2	16	1	1	641	33.9	0.0	0.0909	0	0
hadur2.Hadur 3.10	wiki.mini.Griffon 0.1	live-80.5-bench-99.2		2	17	1	1	742	20.8	0.0	0.0488	0	0
hadur2.Hadur 3.10	wiki.mini.Griffon 0.1	live-80.5-bench-99.2		2	18	1	1	605	58.6	33.6	0.2258	0	0
hadur2.Hadur 3.10	wiki.mini.Griffon 0.1	live-80.5-bench-99.2		2	19	1	1	857	18.6	26.5	0.1132	0	0
hadur2.Hadur 3.10	wiki.mini.Griffon 0.1	live-80.5-bench-99.2		2	20	1	1	589	45.6	19.4	0.1333	0	0
hadur2.Hadur 3.10	wiki.mini.Griffon 0.1	live-80.5-bench-99.2		2	21	1	1	569	56.3	22.4	0.1786	0	0
hadur2.Hadur 3.10	wiki.mini.Griffon 0.1	live-80.5-bench-99.2		2	22	1	1	619	41.5	11.2	0.1000	0	0
hadur2.Hadur 3.10	wiki.mini.Griffon 0.1	live-80.5-bench-99.2		2	23	1	1	829	30.5	0.0	0.0600	0	0
hadur2.Hadur 3.10	wiki.mini.Griffon 0.1	live-80.5-bench-99.2		2	24	1	1	633	42.8	7.1	0.1212	0	0
hadur2.Hadur 3.10	wiki.mini.Griffon 0.1	live-80.5-bench-99.2		2	25	1	1	547	70.4	36.1	0.2593	0	0
hadur2.Hadur 3.10	wiki.mini.Griffon 0.1	live-80.5-bench-99.2		2	26	1	1	1053	17.9	27.3	0.1000	0	0
hadur2.Hadur 3.10	wiki.mini.Griffon 0.1	live-80.5-bench-99.2		2	27	1	1	752	32.9	16.8	0.0952	0	0
hadur2.Hadur 3.10	wiki.mini.Griffon 0.1	live-80.5-bench-99.2		2	28	1	1	702	37.8	11.2	0.1026	0	0
hadur2.Hadur 3.10	wiki.mini.Griffon 0.1	live-80.5-bench-99.2		2	29	1	1	599	52.5	22.4	0.1667	0	0
hadur2.Hadur 3.10	wiki.mini.Griffon 0.1	live-80.5-bench-99.2		2	30	1	1	890	16.7	22.4	0.0893	0	0
hadur2.Hadur 3.10	wiki.mini.Griffon 0.1	live-80.5-bench-99.2		2	31	1	1	571	60.4	22.4	0.2069	0	0
hadur2.Hadur 3.10	wiki.mini.Griffon 0.1	live-80.5-bench-99.2		2	32	1	1	504	53.3	11.2	0.2174	0	0
hadur2.Hadur 3.10	wiki.mini.Griffon 0.1	live-80.5-bench-99.2		2	33	1	1	562	64.7	17.6	0.1852	0	0
hadur2.Hadur 3.10	wiki.mini.Griffon 0.1	live-80.5-bench-99.2		2	34	1	1	611	49.4	22.4	0.1667	0	4
hadur2.Hadur 3.10	wiki.mini.Griffon 0.1	live-80.5-bench-99.2		3	0	1	1	799	39.8	22.4	0.0851	0	5
hadur2.Hadur 3.10	wiki.mini.Griffon 0.1	live-80.5-bench-99.2		3	1	1	1	687	49.9	20.8	0.1316	0	0
hadur2.Hadur 3.10	wiki.mini.Griffon 0.1	live-80.5-bench-99.2		3	2	1	1	761	40.3	12.5	0.0909	0	0
hadur2.Hadur 3.10	wiki.mini.Griffon 0.1	live-80.5-bench-99.2		3	3	1	1	793	30.4	3.8	0.0652	0	0
hadur2.Hadur 3.10	wiki.mini.Griffon 0.1	live-80.5-bench-99.2		3	4	1	1	559	51.0	11.2	0.1852	0	0
hadur2.Hadur 3.10	wiki.mini.Griffon 0.1	live-80.5-bench-99.2		3	5	1	1	576	55.9	0.0	0.1667	0	0
hadur2.Hadur 3.10	wiki.mini.Griffon 0.1	live-80.5-bench-99.2		3	6	1	1	402	80.2	22.4	0.4000	0	0
hadur2.Hadur 3.10	wiki.mini.Griffon 0.1	live-80.5-bench-99.2		3	7	1	1	547	58.2	22.4	0.1304	0	0
hadur2.Hadur 3.10	wiki.mini.Griffon 0.1	live-80.5-bench-99.2		3	8	1	1	921	11.1	22.4	0.1186	0	0
hadur2.Hadur 3.10	wiki.mini.Griffon 0.1	live-80.5-bench-99.2		3	9	1	1	839	27.7	22.4	0.0980	0	0
hadur2.Hadur 3.10	wiki.mini.Griffon 0.1	live-80.5-bench-99.2		3	10	1	1	978	20.9	44.8	0.1692	0	0
hadur2.Hadur 3.10	wiki.mini.Griffon 0.1	live-80.5-bench-99.2		3	11	1	1	959	22.5	33.6	0.1452	0	0
hadur2.Hadur 3.10	wiki.mini.Griffon 0.1	live-80.5-bench-99.2		3	12	1	1	1043	16.9	28.4	0.1176	0	0
hadur2.Hadur 3.10	wiki.mini.Griffon 0.1	live-80.5-bench-99.2		3	13	1	1	626	42.8	11.2	0.1250	0	0
hadur2.Hadur 3.10	wiki.mini.Griffon 0.1	live-80.5-bench-99.2		3	14	1	1	502	61.8	11.2	0.2609	0	0
hadur2.Hadur 3.10	wiki.mini.Griffon 0.1	live-80.5-bench-99.2		3	15	1	1	590	51.9	8.5	0.1724	0	0
hadur2.Hadur 3.10	wiki.mini.Griffon 0.1	live-80.5-bench-99.2		3	16	1	1	898	22.4	44.8	0.1724	0	0
hadur2.Hadur 3.10	wiki.mini.Griffon 0.1	live-80.5-bench-99.2		3	17	1	1	662	47.2	33.6	0.2222	0	0
hadur2.Hadur 3.10	wiki.mini.Griffon 0.1	live-80.5-bench-99.2		3	18	1	1	693	40.3	22.4	0.1389	0	0
hadur2.Hadur 3.10	wiki.mini.Griffon 0.1	live-80.5-bench-99.2		3	19	1	1	602	43.1	11.2	0.1071	0	0
hadur2.Hadur 3.10	wiki.mini.Griffon 0.1	live-80.5-bench-99.2		3	20	1	1	514	57.2	11.2	0.1739	0	0
hadur2.Hadur 3.10	wiki.mini.Griffon 0.1	live-80.5-bench-99.2		3	21	1	1	626	49.9	11.2	0.1515	0	0
hadur2.Hadur 3.10	wiki.mini.Griffon 0.1	live-80.5-bench-99.2		3	22	1	1	937	30.1	44.8	0.1833	0	0
hadur2.Hadur 3.10	wiki.mini.Griffon 0.1	live-80.5-bench-99.2		3	23	1	1	542	56.0	11.2	0.1923	0	0
hadur2.Hadur 3.10	wiki.mini.Griffon 0.1	live-80.5-bench-99.2		3	24	1	1	511	58.2	11.2	0.1429	0	0
hadur2.Hadur 3.10	wiki.mini.Griffon 0.1	live-80.5-bench-99.2		3	25	1	1	428	64.8	0.0	0.2500	0	0
hadur2.Hadur 3.10	wiki.mini.Griffon 0.1	live-80.5-bench-99.2		3	26	1	1	567	49.6	11.2	0.1154	0	0
hadur2.Hadur 3.10	wiki.mini.Griffon 0.1	live-80.5-bench-99.2		3	27	1	1	1001	14.1	33.6	0.1029	0	0
hadur2.Hadur 3.10	wiki.mini.Griffon 0.1	live-80.5-bench-99.2		3	28	1	1	601	58.3	33.6	0.1935	0	0
hadur2.Hadur 3.10	wiki.mini.Griffon 0.1	live-80.5-bench-99.2		3	29	1	1	866	49.8	48.1	0.1321	0	0
hadur2.Hadur 3.10	wiki.mini.Griffon 0.1	live-80.5-bench-99.2		3	30	1	1	576	49.8	0.0	0.1667	0	0
hadur2.Hadur 3.10	wiki.mini.Griffon 0.1	live-80.5-bench-99.2		3	31	1	1	762	48.9	44.8	0.1818	0	0
hadur2.Hadur 3.10	wiki.mini.Griffon 0.1	live-80.5-bench-99.2		3	32	1	1	833	34.3	44.8	0.1731	0	0
hadur2.Hadur 3.10	wiki.mini.Griffon 0.1	live-80.5-bench-99.2		3	33	1	1	658	36.5	11.2	0.0882	0	0
hadur2.Hadur 3.10	wiki.mini.Griffon 0.1	live-80.5-bench-99.2		3	34	1	1	633	49.1	11.2	0.1471	0	4
hadur2.Hadur 3.10	wiki.mini.Griffon 0.1	live-80.5-bench-99.2		4	0	1	1	1249	26.4	41.8	0.1136	0	5
hadur2.Hadur 3.10	wiki.mini.Griffon 0.1	live-80.5-bench-99.2		4	1	1	1	573	62.7	33.6	0.2069	0	0
hadur2.Hadur 3.10	wiki.mini.Griffon 0.1	live-80.5-bench-99.2		4	2	0	0	1070	26.5	36.0	0.0816	0	1
hadur2.Hadur 3.10	wiki.mini.Griffon 0.1	live-80.5-bench-99.2		4	3	1	1	651	41.0	14.0	0.1176	0	0
hadur2.Hadur 3.10	wiki.mini.Griffon 0.1	live-80.5-bench-99.2		4	4	1	1	622	51.0	22.4	0.1563	0	0
hadur2.Hadur 3.10	wiki.mini.Griffon 0.1	live-80.5-bench-99.2		4	5	1	1	742	21.5	0.0	0.0488	0	0
hadur2.Hadur 3.10	wiki.mini.Griffon 0.1	live-80.5-bench-99.2		4	6	1	1	698	32.2	15.1	0.0789	0	0
hadur2.Hadur 3.10	wiki.mini.Griffon 0.1	live-80.5-bench-99.2		4	7	1	1	657	49.9	22.4	0.1429	0	0
hadur2.Hadur 3.10	wiki.mini.Griffon 0.1	live-80.5-bench-99.2		4	8	1	1	730	40.2	22.4	0.1000	0	0
hadur2.Hadur 3.10	wiki.mini.Griffon 0.1	live-80.5-bench-99.2		4	9	1	1	724	59.4	33.6	0.1429	0	0
hadur2.Hadur 3.10	wiki.mini.Griffon 0.1	live-80.5-bench-99.2		4	10	1	1	536	54.7	11.2	0.1923	0	0
hadur2.Hadur 3.10	wiki.mini.Griffon 0.1	live-80.5-bench-99.2		4	11	1	1	756	29.6	0.0	0.0698	0	0
hadur2.Hadur 3.10	wiki.mini.Griffon 0.1	live-80.5-bench-99.2		4	12	1	1	916	20.9	33.6	0.1017	0	0
hadur2.Hadur 3.10	wiki.mini.Griffon 0.1	live-80.5-bench-99.2		4	13	1	1	859	40.2	22.4	0.0769	0	0
hadur2.Hadur 3.10	wiki.mini.Griffon 0.1	live-80.5-bench-99.2		4	14	1	1	690	58.5	11.2	0.1500	0	0
hadur2.Hadur 3.10	wiki.mini.Griffon 0.1	live-80.5-bench-99.2		4	15	1	1	573	53.6	18.9	0.1724	0	0
hadur2.Hadur 3.10	wiki.mini.Griffon 0.1	live-80.5-bench-99.2		4	16	1	1	567	49.4	11.2	0.1600	0	0
hadur2.Hadur 3.10	wiki.mini.Griffon 0.1	live-80.5-bench-99.2		4	17	1	1	566	51.9	11.2	0.1786	0	0
hadur2.Hadur 3.10	wiki.mini.Griffon 0.1	live-80.5-bench-99.2		4	18	1	1	484	83.5	44.8	0.2500	0	0
hadur2.Hadur 3.10	wiki.mini.Griffon 0.1	live-80.5-bench-99.2		4	19	1	1	786	23.0	22.4	0.1277	0	0
hadur2.Hadur 3.10	wiki.mini.Griffon 0.1	live-80.5-bench-99.2		4	20	1	1	612	44.2	11.2	0.1290	0	0
hadur2.Hadur 3.10	wiki.mini.Griffon 0.1	live-80.5-bench-99.2		4	21	1	1	538	47.3	11.2	0.1538	0	0
hadur2.Hadur 3.10	wiki.mini.Griffon 0.1	live-80.5-bench-99.2		4	22	1	1	615	40.4	0.0	0.1250	0	0
hadur2.Hadur 3.10	wiki.mini.Griffon 0.1	live-80.5-bench-99.2		4	23	1	1	819	47.3	25.9	0.1020	0	0
hadur2.Hadur 3.10	wiki.mini.Griffon 0.1	live-80.5-bench-99.2		4	24	1	1	619	43.1	3.5	0.1563	0	0
hadur2.Hadur 3.10	wiki.mini.Griffon 0.1	live-80.5-bench-99.2		4	25	1	1	721	31.3	3.8	0.0750	0	0
hadur2.Hadur 3.10	wiki.mini.Griffon 0.1	live-80.5-bench-99.2		4	26	1	1	538	54.7	20.8	0.1923	0	0
hadur2.Hadur 3.10	wiki.mini.Griffon 0.1	live-80.5-bench-99.2		4	27	1	1	615	49.4	0.0	0.1515	0	0
hadur2.Hadur 3.10	wiki.mini.Griffon 0.1	live-80.5-bench-99.2		4	28	1	1	683	49.9	1.3	0.1282	0	0
hadur2.Hadur 3.10	wiki.mini.Griffon 0.1	live-80.5-bench-99.2		4	29	1	1	636	42.0	11.2	0.1212	0	0
hadur2.Hadur 3.10	wiki.mini.Griffon 0.1	live-80.5-bench-99.2		4	30	1	1	762	49.9	14.6	0.1111	0	0
hadur2.Hadur 3.10	wiki.mini.Griffon 0.1	live-80.5-bench-99.2		4	31	1	1	1010	14.5	25.5	0.1364	0	0
hadur2.Hadur 3.10	wiki.mini.Griffon 0.1	live-80.5-bench-99.2		4	32	1	1	862	65.5	58.1	0.1667	0	0
hadur2.Hadur 3.10	wiki.mini.Griffon 0.1	live-80.5-bench-99.2		4	33	1	1	441	64.8	0.0	0.2353	0	0
hadur2.Hadur 3.10	wiki.mini.Griffon 0.1	live-80.5-bench-99.2		4	34	1	1	512	58.2	0.0	0.1739	0	4
hadur2.Hadur 3.10	xander.cat.XanderCat 12.9	live-66.1-bench-56.7		1	0	1	1	2606	23.3	23.6	0.1095	298	9
hadur2.Hadur 3.10	xander.cat.XanderCat 12.9	live-66.1-bench-56.7		1	1	0	0	1476	26.7	63.4	0.1351	0	0
hadur2.Hadur 3.10	xander.cat.XanderCat 12.9	live-66.1-bench-56.7		1	2	1	1	1604	20.2	17.6	0.1176	0	0
hadur2.Hadur 3.10	xander.cat.XanderCat 12.9	live-66.1-bench-56.7		1	3	1	1	1412	29.0	29.8	0.0874	0	0
hadur2.Hadur 3.10	xander.cat.XanderCat 12.9	live-66.1-bench-56.7		1	4	1	1	678	44.5	9.1	0.1111	0	0
hadur2.Hadur 3.10	xander.cat.XanderCat 12.9	live-66.1-bench-56.7		1	5	1	1	631	52.9	10.4	0.1515	0	0
hadur2.Hadur 3.10	xander.cat.XanderCat 12.9	live-66.1-bench-56.7		1	6	1	1	3230	29.9	40.7	0.1222	0	1
hadur2.Hadur 3.10	xander.cat.XanderCat 12.9	live-66.1-bench-56.7		1	7	0	0	1499	21.1	44.1	0.1261	0	0
hadur2.Hadur 3.10	xander.cat.XanderCat 12.9	live-66.1-bench-56.7		1	8	1	1	1467	28.1	28.1	0.1226	0	0
hadur2.Hadur 3.10	xander.cat.XanderCat 12.9	live-66.1-bench-56.7		1	9	1	1	3362	47.3	49.4	0.1214	0	1
hadur2.Hadur 3.10	xander.cat.XanderCat 12.9	live-66.1-bench-56.7		1	10	1	1	1550	22.6	27.3	0.0877	0	0
hadur2.Hadur 3.10	xander.cat.XanderCat 12.9	live-66.1-bench-56.7		1	11	0	0	3689	20.0	50.0	0.1424	0	1
hadur2.Hadur 3.10	xander.cat.XanderCat 12.9	live-66.1-bench-56.7		1	12	1	1	558	51.8	0.0	0.1786	0	1
hadur2.Hadur 3.10	xander.cat.XanderCat 12.9	live-66.1-bench-56.7		1	13	1	1	702	48.7	9.1	0.1081	0	1
hadur2.Hadur 3.10	xander.cat.XanderCat 12.9	live-66.1-bench-56.7		1	14	1	1	1336	38.8	37.3	0.1146	0	0
hadur2.Hadur 3.10	xander.cat.XanderCat 12.9	live-66.1-bench-56.7		1	15	0	0	3927	17.7	32.0	0.1338	0	0
hadur2.Hadur 3.10	xander.cat.XanderCat 12.9	live-66.1-bench-56.7		1	16	0	0	3151	9.5	30.1	0.0763	0	1
hadur2.Hadur 3.10	xander.cat.XanderCat 12.9	live-66.1-bench-56.7		1	17	1	1	1372	24.7	23.0	0.1111	0	1
hadur2.Hadur 3.10	xander.cat.XanderCat 12.9	live-66.1-bench-56.7		1	18	1	1	495	68.6	18.2	0.2727	0	0
hadur2.Hadur 3.10	xander.cat.XanderCat 12.9	live-66.1-bench-56.7		1	19	0	0	1114	28.4	45.4	0.0933	0	0
hadur2.Hadur 3.10	xander.cat.XanderCat 12.9	live-66.1-bench-56.7		1	20	1	1	858	52.8	23.1	0.1200	0	0
hadur2.Hadur 3.10	xander.cat.XanderCat 12.9	live-66.1-bench-56.7		1	21	1	1	728	46.2	18.2	0.1250	0	0
hadur2.Hadur 3.10	xander.cat.XanderCat 12.9	live-66.1-bench-56.7		1	22	1	1	2091	26.8	44.7	0.1377	0	0
hadur2.Hadur 3.10	xander.cat.XanderCat 12.9	live-66.1-bench-56.7		1	23	1	1	1069	43.1	0.0	0.0606	0	1
hadur2.Hadur 3.10	xander.cat.XanderCat 12.9	live-66.1-bench-56.7		1	24	1	1	1489	59.1	56.2	0.1651	0	2
hadur2.Hadur 3.10	xander.cat.XanderCat 12.9	live-66.1-bench-56.7		1	25	0	0	1986	13.9	55.8	0.1572	0	1
hadur2.Hadur 3.10	xander.cat.XanderCat 12.9	live-66.1-bench-56.7		1	26	0	0	929	5.5	29.4	0.1404	0	1
hadur2.Hadur 3.10	xander.cat.XanderCat 12.9	live-66.1-bench-56.7		1	27	1	1	677	50.1	27.3	0.0909	0	0
hadur2.Hadur 3.10	xander.cat.XanderCat 12.9	live-66.1-bench-56.7		1	28	0	0	2715	31.2	37.4	0.1306	0	1
hadur2.Hadur 3.10	xander.cat.XanderCat 12.9	live-66.1-bench-56.7		1	29	1	1	640	52.9	9.1	0.1515	0	1
hadur2.Hadur 3.10	xander.cat.XanderCat 12.9	live-66.1-bench-56.7		1	30	1	1	875	52.8	30.2	0.0962	0	1
hadur2.Hadur 3.10	xander.cat.XanderCat 12.9	live-66.1-bench-56.7		1	31	0	0	1781	14.2	48.2	0.1522	0	1
hadur2.Hadur 3.10	xander.cat.XanderCat 12.9	live-66.1-bench-56.7		1	32	1	1	824	44.5	0.0	0.0652	0	2
hadur2.Hadur 3.10	xander.cat.XanderCat 12.9	live-66.1-bench-56.7		1	33	0	0	3337	19.5	31.4	0.0939	0	1
hadur2.Hadur 3.10	xander.cat.XanderCat 12.9	live-66.1-bench-56.7		1	34	1	1	1109	35.1	27.3	0.1081	0	5
hadur2.Hadur 3.10	xander.cat.XanderCat 12.9	live-66.1-bench-56.7		2	0	1	1	1504	41.9	36.4	0.1481	298	7
hadur2.Hadur 3.10	xander.cat.XanderCat 12.9	live-66.1-bench-56.7		2	1	0	0	2697	15.9	51.4	0.1027	0	0
hadur2.Hadur 3.10	xander.cat.XanderCat 12.9	live-66.1-bench-56.7		2	2	1	1	1402	43.6	45.5	0.1569	0	0
hadur2.Hadur 3.10	xander.cat.XanderCat 12.9	live-66.1-bench-56.7		2	3	1	1	743	34.4	9.1	0.0750	0	0
hadur2.Hadur 3.10	xander.cat.XanderCat 12.9	live-66.1-bench-56.7		2	4	0	0	1346	34.8	66.1	0.1735	0	0
hadur2.Hadur 3.10	xander.cat.XanderCat 12.9	live-66.1-bench-56.7		2	5	0	0	917	43.6	47.1	0.1818	0	0
hadur2.Hadur 3.10	xander.cat.XanderCat 12.9	live-66.1-bench-56.7		2	6	1	1	1424	42.4	27.3	0.1078	0	0
hadur2.Hadur 3.10	xander.cat.XanderCat 12.9	live-66.1-bench-56.7		2	7	0	0	1636	4.1	32.5	0.0484	0	0
hadur2.Hadur 3.10	xander.cat.XanderCat 12.9	live-66.1-bench-56.7		2	8	1	1	821	43.1	9.1	0.0851	0	0
hadur2.Hadur 3.10	xander.cat.XanderCat 12.9	live-66.1-bench-56.7		2	9	1	1	615	48.5	0.0	0.1563	0	0
hadur2.Hadur 3.10	xander.cat.XanderCat 12.9	live-66.1-bench-56.7		2	10	1	1	590	65.2	27.3	0.2000	0	1
hadur2.Hadur 3.10	xander.cat.XanderCat 12.9	live-66.1-bench-56.7		2	11	0	0	2300	19.8	31.6	0.1087	0	0
hadur2.Hadur 3.10	xander.cat.XanderCat 12.9	live-66.1-bench-56.7		2	12	1	1	1533	37.2	39.0	0.1607	0	1
hadur2.Hadur 3.10	xander.cat.XanderCat 12.9	live-66.1-bench-56.7		2	13	0	0	3626	22.7	19.3	0.0963	0	1
hadur2.Hadur 3.10	xander.cat.XanderCat 12.9	live-66.1-bench-56.7		2	14	0	0	3011	35.8	44.3	0.1371	0	1
hadur2.Hadur 3.10	xander.cat.XanderCat 12.9	live-66.1-bench-56.7		2	15	1	1	1292	27.1	18.2	0.0989	0	0
hadur2.Hadur 3.10	xander.cat.XanderCat 12.9	live-66.1-bench-56.7		2	16	0	0	3014	39.7	44.5	0.1124	0	0
hadur2.Hadur 3.10	xander.cat.XanderCat 12.9	live-66.1-bench-56.7		2	17	0	0	2232	22.8	38.8	0.1299	0	1
hadur2.Hadur 3.10	xander.cat.XanderCat 12.9	live-66.1-bench-56.7		2	18	1	1	1207	55.8	30.5	0.0976	0	0
hadur2.Hadur 3.10	xander.cat.XanderCat 12.9	live-66.1-bench-56.7		2	19	1	1	756	39.0	9.1	0.0952	0	0
hadur2.Hadur 3.10	xander.cat.XanderCat 12.9	live-66.1-bench-56.7		2	20	1	1	1240	47.9	32.4	0.1059	0	1
hadur2.Hadur 3.10	xander.cat.XanderCat 12.9	live-66.1-bench-56.7		2	21	1	1	976	38.9	18.6	0.1148	0	0
hadur2.Hadur 3.10	xander.cat.XanderCat 12.9	live-66.1-bench-56.7		2	22	0	0	3857	36.9	48.6	0.1498	0	1
hadur2.Hadur 3.10	xander.cat.XanderCat 12.9	live-66.1-bench-56.7		2	23	1	1	1262	23.5	10.0	0.0698	0	0
hadur2.Hadur 3.10	xander.cat.XanderCat 12.9	live-66.1-bench-56.7		2	24	1	1	2335	40.7	42.3	0.1383	0	1
hadur2.Hadur 3.10	xander.cat.XanderCat 12.9	live-66.1-bench-56.7		2	25	0	0	3204	25.1	39.5	0.1241	0	1
hadur2.Hadur 3.10	xander.cat.XanderCat 12.9	live-66.1-bench-56.7		2	26	1	1	911	49.4	18.2	0.1091	0	0
hadur2.Hadur 3.10	xander.cat.XanderCat 12.9	live-66.1-bench-56.7		2	27	1	1	1493	46.3	46.1	0.1468	0	0
hadur2.Hadur 3.10	xander.cat.XanderCat 12.9	live-66.1-bench-56.7		2	28	1	1	1579	17.5	16.2	0.0603	0	1
hadur2.Hadur 3.10	xander.cat.XanderCat 12.9	live-66.1-bench-56.7		2	29	1	1	1061	33.4	18.2	0.1014	0	0
hadur2.Hadur 3.10	xander.cat.XanderCat 12.9	live-66.1-bench-56.7		2	30	1	1	1659	47.8	54.6	0.1440	0	1
hadur2.Hadur 3.10	xander.cat.XanderCat 12.9	live-66.1-bench-56.7		2	31	1	1	1619	48.0	46.5	0.1157	0	0
hadur2.Hadur 3.10	xander.cat.XanderCat 12.9	live-66.1-bench-56.7		2	32	1	1	844	52.8	27.3	0.1200	0	0
hadur2.Hadur 3.10	xander.cat.XanderCat 12.9	live-66.1-bench-56.7		2	33	1	1	1238	30.6	18.2	0.1429	0	1
hadur2.Hadur 3.10	xander.cat.XanderCat 12.9	live-66.1-bench-56.7		2	34	0	0	2415	19.6	44.1	0.0872	0	1
hadur2.Hadur 3.10	xander.cat.XanderCat 12.9	live-66.1-bench-56.7		3	0	1	1	776	77.9	36.4	0.1667	0	3
hadur2.Hadur 3.10	xander.cat.XanderCat 12.9	live-66.1-bench-56.7		3	1	1	1	558	63.4	18.2	0.2222	0	0
hadur2.Hadur 3.10	xander.cat.XanderCat 12.9	live-66.1-bench-56.7		3	2	0	0	2153	10.0	29.9	0.1024	0	0
hadur2.Hadur 3.10	xander.cat.XanderCat 12.9	live-66.1-bench-56.7		3	3	1	1	770	37.3	18.2	0.0930	0	0
hadur2.Hadur 3.10	xander.cat.XanderCat 12.9	live-66.1-bench-56.7		3	4	0	0	3321	13.0	50.5	0.1087	0	0
hadur2.Hadur 3.10	xander.cat.XanderCat 12.9	live-66.1-bench-56.7		3	5	1	1	910	43.1	27.3	0.1091	0	0
hadur2.Hadur 3.10	xander.cat.XanderCat 12.9	live-66.1-bench-56.7		3	6	1	1	1023	26.4	28.2	0.1449	0	0
hadur2.Hadur 3.10	xander.cat.XanderCat 12.9	live-66.1-bench-56.7		3	7	0	0	2911	15.1	46.4	0.1139	0	1
hadur2.Hadur 3.10	xander.cat.XanderCat 12.9	live-66.1-bench-56.7		3	8	0	0	3107	30.4	47.5	0.0952	0	1
hadur2.Hadur 3.10	xander.cat.XanderCat 12.9	live-66.1-bench-56.7		3	9	0	0	2570	28.8	66.4	0.0708	0	1
hadur2.Hadur 3.10	xander.cat.XanderCat 12.9	live-66.1-bench-56.7		3	10	1	1	1152	37.1	27.8	0.1154	0	0
hadur2.Hadur 3.10	xander.cat.XanderCat 12.9	live-66.1-bench-56.7		3	11	1	1	822	50.1	18.2	0.1020	0	0
hadur2.Hadur 3.10	xander.cat.XanderCat 12.9	live-66.1-bench-56.7		3	12	1	1	878	33.8	27.3	0.0755	0	0
hadur2.Hadur 3.10	xander.cat.XanderCat 12.9	live-66.1-bench-56.7		3	13	0	0	2244	30.1	54.8	0.1167	0	0
hadur2.Hadur 3.10	xander.cat.XanderCat 12.9	live-66.1-bench-56.7		3	14	1	1	607	61.4	18.2	0.1935	0	0
hadur2.Hadur 3.10	xander.cat.XanderCat 12.9	live-66.1-bench-56.7		3	15	0	0	1458	23.4	46.2	0.0935	0	1
hadur2.Hadur 3.10	xander.cat.XanderCat 12.9	live-66.1-bench-56.7		3	16	1	1	1279	29.5	29.1	0.1099	0	1
hadur2.Hadur 3.10	xander.cat.XanderCat 12.9	live-66.1-bench-56.7		3	17	1	1	697	68.6	27.3	0.1750	0	0
hadur2.Hadur 3.10	xander.cat.XanderCat 12.9	live-66.1-bench-56.7		3	18	1	1	757	43.2	27.3	0.1429	0	0
hadur2.Hadur 3.10	xander.cat.XanderCat 12.9	live-66.1-bench-56.7		3	19	1	1	1723	10.8	10.3	0.0625	0	1
hadur2.Hadur 3.10	xander.cat.XanderCat 12.9	live-66.1-bench-56.7		3	20	0	0	2519	17.2	41.1	0.0784	0	1
hadur2.Hadur 3.10	xander.cat.XanderCat 12.9	live-66.1-bench-56.7		3	21	1	1	530	65.2	18.2	0.2400	0	0
hadur2.Hadur 3.10	xander.cat.XanderCat 12.9	live-66.1-bench-56.7		3	22	1	1	666	43.2	0.0	0.1143	0	1
hadur2.Hadur 3.10	xander.cat.XanderCat 12.9	live-66.1-bench-56.7		3	23	0	0	1182	14.7	43.9	0.1235	0	1
hadur2.Hadur 3.10	xander.cat.XanderCat 12.9	live-66.1-bench-56.7		3	24	1	1	844	24.7	9.1	0.0800	0	0
hadur2.Hadur 3.10	xander.cat.XanderCat 12.9	live-66.1-bench-56.7		3	25	1	1	2482	28.8	40.1	0.1100	0	1
hadur2.Hadur 3.10	xander.cat.XanderCat 12.9	live-66.1-bench-56.7		3	26	1	1	1472	21.0	27.3	0.0561	0	0
hadur2.Hadur 3.10	xander.cat.XanderCat 12.9	live-66.1-bench-56.7		3	27	1	1	1589	35.1	27.3	0.1488	0	0
hadur2.Hadur 3.10	xander.cat.XanderCat 12.9	live-66.1-bench-56.7		3	28	1	1	1387	24.2	36.4	0.1346	0	0
hadur2.Hadur 3.10	xander.cat.XanderCat 12.9	live-66.1-bench-56.7		3	29	0	0	827	38.8	58.0	0.0930	0	0
hadur2.Hadur 3.10	xander.cat.XanderCat 12.9	live-66.1-bench-56.7		3	30	1	1	1305	53.3	67.0	0.1789	0	1
hadur2.Hadur 3.10	xander.cat.XanderCat 12.9	live-66.1-bench-56.7		3	31	1	1	1207	20.4	0.0	0.1348	0	0
hadur2.Hadur 3.10	xander.cat.XanderCat 12.9	live-66.1-bench-56.7		3	32	1	1	1224	31.9	18.2	0.1099	0	0
hadur2.Hadur 3.10	xander.cat.XanderCat 12.9	live-66.1-bench-56.7		3	33	1	1	1399	46.3	54.6	0.1792	0	1
hadur2.Hadur 3.10	xander.cat.XanderCat 12.9	live-66.1-bench-56.7		3	34	1	1	1420	12.5	18.2	0.0748	0	6
hadur2.Hadur 3.10	xander.cat.XanderCat 12.9	live-66.1-bench-56.7		4	0	1	1	1665	36.2	45.5	0.1371	298	8
hadur2.Hadur 3.10	xander.cat.XanderCat 12.9	live-66.1-bench-56.7		4	1	0	0	1903	28.8	51.8	0.1351	0	0
hadur2.Hadur 3.10	xander.cat.XanderCat 12.9	live-66.1-bench-56.7		4	2	0	0	1123	20.5	57.8	0.0633	0	0
hadur2.Hadur 3.10	xander.cat.XanderCat 12.9	live-66.1-bench-56.7		4	3	1	1	1124	38.5	27.3	0.1067	0	0
hadur2.Hadur 3.10	xander.cat.XanderCat 12.9	live-66.1-bench-56.7		4	4	0	0	1926	14.2	49.6	0.0909	0	0
hadur2.Hadur 3.10	xander.cat.XanderCat 12.9	live-66.1-bench-56.7		4	5	1	1	704	37.1	18.2	0.0811	0	0
hadur2.Hadur 3.10	xander.cat.XanderCat 12.9	live-66.1-bench-56.7		4	6	1	1	596	54.8	9.1	0.1667	0	0
hadur2.Hadur 3.10	xander.cat.XanderCat 12.9	live-66.1-bench-56.7		4	7	1	1	1412	47.1	28.9	0.1089	0	0
hadur2.Hadur 3.10	xander.cat.XanderCat 12.9	live-66.1-bench-56.7		4	8	0	0	2908	16.5	43.4	0.1171	0	0
hadur2.Hadur 3.10	xander.cat.XanderCat 12.9	live-66.1-bench-56.7		4	9	1	1	558	63.0	27.3	0.1923	0	0
hadur2.Hadur 3.10	xander.cat.XanderCat 12.9	live-66.1-bench-56.7		4	10	0	0	3476	22.7	31.7	0.0893	0	0
hadur2.Hadur 3.10	xander.cat.XanderCat 12.9	live-66.1-bench-56.7		4	11	1	1	820	39.0	9.1	0.0833	0	0
hadur2.Hadur 3.10	xander.cat.XanderCat 12.9	live-66.1-bench-56.7		4	12	0	0	2307	9.5	43.8	0.0642	0	1
hadur2.Hadur 3.10	xander.cat.XanderCat 12.9	live-66.1-bench-56.7		4	13	0	0	1012	15.3	69.4	0.0986	0	1
hadur2.Hadur 3.10	xander.cat.XanderCat 12.9	live-66.1-bench-56.7		4	14	1	1	1660	22.8	27.3	0.0794	0	0
hadur2.Hadur 3.10	xander.cat.XanderCat 12.9	live-66.1-bench-56.7		4	15	1	1	585	53.4	9.1	0.1724	0	1
hadur2.Hadur 3.10	xander.cat.XanderCat 12.9	live-66.1-bench-56.7		4	16	1	1	842	40.8	9.1	0.0816	0	0
hadur2.Hadur 3.10	xander.cat.XanderCat 12.9	live-66.1-bench-56.7		4	17	1	1	867	23.9	9.1	0.0784	0	1
hadur2.Hadur 3.10	xander.cat.XanderCat 12.9	live-66.1-bench-56.7		4	18	0	0	3043	10.9	44.3	0.0866	0	0
hadur2.Hadur 3.10	xander.cat.XanderCat 12.9	live-66.1-bench-56.7		4	19	1	1	929	31.5	18.2	0.1034	0	0
hadur2.Hadur 3.10	xander.cat.XanderCat 12.9	live-66.1-bench-56.7		4	20	1	1	1204	47.3	29.9	0.1358	0	0
hadur2.Hadur 3.10	xander.cat.XanderCat 12.9	live-66.1-bench-56.7		4	21	0	0	2567	14.0	40.7	0.0957	0	1
hadur2.Hadur 3.10	xander.cat.XanderCat 12.9	live-66.1-bench-56.7		4	22	0	0	888	49.7	60.3	0.1481	0	0
hadur2.Hadur 3.10	xander.cat.XanderCat 12.9	live-66.1-bench-56.7		4	23	0	0	2438	36.9	44.4	0.0933	0	1
hadur2.Hadur 3.10	xander.cat.XanderCat 12.9	live-66.1-bench-56.7		4	24	0	0	4075	33.2	46.3	0.1282	0	0
hadur2.Hadur 3.10	xander.cat.XanderCat 12.9	live-66.1-bench-56.7		4	25	1	1	914	46.1	31.3	0.1607	0	1
hadur2.Hadur 3.10	xander.cat.XanderCat 12.9	live-66.1-bench-56.7		4	26	1	1	1551	31.6	36.4	0.1053	0	0
hadur2.Hadur 3.10	xander.cat.XanderCat 12.9	live-66.1-bench-56.7		4	27	0	0	3663	21.6	35.1	0.1011	0	0
hadur2.Hadur 3.10	xander.cat.XanderCat 12.9	live-66.1-bench-56.7		4	28	0	0	3259	23.0	29.2	0.1148	0	1
hadur2.Hadur 3.10	xander.cat.XanderCat 12.9	live-66.1-bench-56.7		4	29	1	1	1361	15.7	9.1	0.0833	0	1
hadur2.Hadur 3.10	xander.cat.XanderCat 12.9	live-66.1-bench-56.7		4	30	1	1	1387	23.0	18.6	0.1078	0	1
hadur2.Hadur 3.10	xander.cat.XanderCat 12.9	live-66.1-bench-56.7		4	31	1	1	1587	26.5	29.9	0.1545	0	1
hadur2.Hadur 3.10	xander.cat.XanderCat 12.9	live-66.1-bench-56.7		4	32	0	0	1604	13.3	40.0	0.0962	0	1
hadur2.Hadur 3.10	xander.cat.XanderCat 12.9	live-66.1-bench-56.7		4	33	1	1	1670	25.8	37.0	0.1374	0	1
hadur2.Hadur 3.10	xander.cat.XanderCat 12.9	live-66.1-bench-56.7		4	34	1	1	1202	42.0	27.3	0.1348	0	9
