rank,flag,name,compare,aps,aps_ci,npp,survival,knnpbi,battles,latest_battle_utc,opponent_aps,opponent_survival
1,,AD.CodaFirst 1.1,compare,96.23,±7.84,96.23,97.14,-3.15,1,2026-10-06 19:49:33,23.58,17.18
2,,AIR.iRobot 1.0,compare,75.89,±5.07,77.31,92.86,-5.48,2,2026-10-06 19:48:47,65.27,66.53
3,,And.BasicSurfer FF1.6,compare,91.21,±7.84,91.39,91.43,-6.53,1,2026-10-06 19:33:07,56.93,61.15
4,,ArchAlpha.ArchimedesAlpha 1.0,compare,99.03,±4.80,99.03,97.14,-0.48,2,2026-10-06 19:29:53,2.55,2.84
5,,CharlieN.Omega.Omega 1.03,compare,82.86,±7.84,86.39,97.14,-1.56,1,2026-10-06 19:36:18,57.26,57.31
6,,DM.Capriite 3.7.2,compare,93.98,±5.12,94.09,95.71,-4.78,2,2026-10-06 19:37:10,33.98,29.60
7,,DM.Chicken 4.0,compare,98.05,±7.84,98.18,100.00,-0.37,1,2026-10-06 19:38:50,35.39,33.11
8,,DM.Mijit .3,compare,87.73,±7.84,92.61,97.14,-0.64,1,2026-10-06 19:26:21,56.80,54.21
9,,DM.mega.Bezier 1.618fprrr,compare,72.94,±7.84,-1.00,85.71,0.00,1,2026-10-06 20:13:24,78.24,86.62
10,,DM.mega.Regicide 2.0rrr,compare,69.23,±7.84,82.72,82.86,11.81,1,2026-10-06 19:33:15,80.53,88.49
11,,DTF.Kludgy 1.2b,compare,79.35,±7.84,-1.00,88.57,0.00,1,2026-10-06 20:09:19,61.42,68.46
12,,EBBU.Sim2 1.02,compare,90.93,±7.84,91.11,97.14,-5.91,1,2026-10-06 19:57:05,31.65,21.95
13,,EE.LittleBig 1.0,compare,80.70,±7.84,84.16,91.43,-6.22,1,2026-10-06 19:48:20,47.86,41.50
14,,EFD.AdvancedEFD 0.4.5a,compare,56.67,±4.80,70.49,60.00,-6.91,2,2026-10-06 19:48:57,77.64,85.43
15,,EH.Fusion 0.32,compare,78.90,±7.84,82.60,91.43,-1.61,1,2026-10-06 19:57:01,46.84,33.97
16,,EH.Pegasus 0.113,compare,92.60,±7.84,-1.00,100.00,0.00,1,2026-10-06 19:55:34,39.07,33.51
17,,EH.kms.LightningStorm 0.11B,compare,74.70,±7.84,-1.00,94.29,0.00,1,2026-10-06 19:58:53,61.96,63.37
18,,EH.mini.Panther 0.2,compare,95.20,±7.84,95.22,94.29,-3.11,1,2026-10-06 19:27:27,52.54,60.65
19,,EH.nano.NightBird M,compare,92.81,±7.84,93.10,97.14,-4.51,1,2026-10-06 19:57:45,38.02,31.94
20,,Ex.Survival 3.7,compare,92.51,±7.84,92.87,97.14,-4.11,1,2026-10-06 19:36:46,43.77,38.71
21,,FatalFlaw.FatalFlaw 1.0.5,compare,90.02,±7.84,92.91,97.14,-4.70,1,2026-10-06 19:58:55,25.45,18.16
22,,Fenix.FenixTrack 1.0,compare,87.52,±7.84,-1.00,94.29,0.00,1,2026-10-06 20:00:53,32.84,20.05
23,,GarmBox.Anger 1.0,compare,91.83,±7.84,93.83,97.14,-0.37,1,2026-10-06 19:43:03,27.18,16.29
24,,GarmBox.Oranges 1.0.1,compare,76.91,±4.94,-1.00,87.14,0.00,2,2026-10-06 20:16:49,44.33,37.19
25,,Gecko.ultimateGeckoBot 1.0,compare,98.88,±7.84,-1.00,100.00,0.00,1,2026-10-06 20:10:49,45.27,43.74
26,,Grystrion.RandomTrackerNOREV 1.0,compare,91.39,±7.84,94.21,97.14,-1.72,1,2026-10-06 19:30:00,31.69,22.80
27,,Grystrion.TrackerWO 1.0,compare,91.74,±7.84,94.41,97.14,-2.25,1,2026-10-06 19:39:03,30.49,21.20
28,,Heal.TekitokaBot 1.0,compare,95.92,±7.84,-1.00,97.14,0.00,1,2026-10-06 20:08:46,26.42,15.90
29,,ICS4U1.Patrick_White_Schrodinger 1.1,compare,94.81,±4.86,-1.00,97.14,0.00,2,2026-10-06 20:21:35,36.73,32.86
30,,KiraNL.Cataris 1.0,compare,76.48,±5.68,82.17,87.14,8.49,2,2026-10-06 20:02:04,58.04,55.77
31,,KiraNL.ChupaLite 0.4,compare,77.16,±7.84,77.17,88.57,-0.79,1,2026-10-06 19:49:49,60.13,62.36
32,,KiraNL.Chupacabra 0.5,compare,76.12,±3.56,-1.00,90.48,0.00,3,2026-10-06 20:17:02,64.36,67.77
33,,KiraNL.SpaceKees 0.1,compare,87.15,±7.84,93.52,94.29,1.11,1,2026-10-06 19:44:51,48.02,47.85
34,,Krabb.fe4r.Fe4r 0.4,compare,89.80,±4.46,-1.00,94.29,0.00,3,2026-10-06 20:16:50,54.68,52.76
35,,Krabb.krabby.Krabby 1.18b,compare,73.22,±7.84,73.22,88.57,-7.55,1,2026-10-06 19:27:16,61.71,61.69
36,,Krabb.sliNk.Garm 0.9u,compare,69.35,±7.84,85.60,88.57,13.34,1,2026-10-06 19:35:57,83.60,89.84
37,,Legend.Biogon 1.5,compare,96.57,±7.84,-1.00,97.14,0.00,1,2026-10-06 20:11:35,49.21,49.49
38,,Legend.BoulderZY 1.4.9,compare,96.35,±7.84,-1.00,97.14,0.00,1,2026-10-06 20:02:31,44.73,44.66
39,,Legend.Qetro 1.6,compare,97.01,±7.84,97.14,97.14,-1.36,1,2026-10-06 19:45:24,42.39,35.68
40,,Legend.X_FireFly 1.3,compare,85.26,±5.36,-1.00,90.48,0.00,3,2026-10-06 20:22:12,51.08,51.74
41,,Lo_Ian.Gandalf_V4 4.0,compare,95.97,±4.80,96.03,97.14,-2.50,2,2026-10-06 20:01:18,38.89,35.42
42,,McS.Spanky_test 0.1a,compare,98.91,±7.84,98.91,97.14,-0.79,1,2026-10-06 19:42:08,12.05,11.68
43,,NDH.GuessFactor 1.0,compare,84.37,±4.95,90.97,94.29,1.61,2,2026-10-06 19:54:17,41.98,29.74
44,,NG.LegatusLegionis 1.2,compare,94.76,±4.86,-1.00,98.57,0.00,2,2026-10-06 20:18:20,35.24,27.42
45,,Noran.BitchingElk 0.054,compare,90.37,±4.86,90.37,85.71,-4.37,2,2026-10-06 19:48:05,35.04,50.19
46,,Noran.RandomTargeting 0.02,compare,98.21,±7.84,98.21,97.14,-1.53,1,2026-10-06 19:24:25,28.57,34.16
47,,PK.Twardy 0.4.2,compare,92.60,±7.84,92.80,94.29,-4.89,1,2026-10-06 19:40:50,38.06,34.03
48,,PSW.Relentless 0.1,compare,95.23,±4.88,95.34,97.14,-2.65,2,2026-10-06 19:45:35,25.95,13.95
49,,PkKillers.PkAssassin 1.0,compare,89.68,±7.84,90.80,97.14,0.98,1,2026-10-06 19:37:00,54.43,51.36
50,,Polkwane.Piyane 0.7b,compare,91.01,±7.84,91.23,97.14,-3.15,1,2026-10-06 19:26:56,58.44,55.57
51,,Queens_teamrobot.UltraRazor 1.0,compare,98.36,±7.84,98.44,97.14,-0.78,1,2026-10-06 19:33:46,28.07,30.02
52,,RobotMarco.MarcoV 0.1,compare,98.53,±4.81,98.11,97.14,-1.59,2,2026-10-06 20:06:56,11.36,7.11
53,,SFS.SamsSecondRobot 1.0,compare,97.18,±7.84,97.31,97.14,-2.17,1,2026-10-06 19:49:27,13.63,6.26
54,,SHAM.WOW 1.4,compare,81.65,±7.84,85.33,91.43,4.08,1,2026-10-06 19:49:21,65.53,72.63
55,,SK.SimpleKiller 1.0,compare,94.93,±7.84,-1.00,97.14,0.00,1,2026-10-06 20:01:39,18.15,10.65
56,,SuperSample.SuperCrazy 1.0,compare,86.17,±7.84,-1.00,97.14,0.00,1,2026-10-06 20:11:22,46.20,42.67
57,,TCMI.Enyo 0.4,compare,93.12,±7.84,-1.00,97.14,0.00,1,2026-10-06 20:08:29,66.63,70.49
58,,TCMI.nano.Copper 0.2,compare,94.09,±7.84,-1.00,97.14,0.00,1,2026-10-06 20:01:15,32.54,21.12
59,,TJ.Exupery 1.39,compare,83.34,±7.84,-1.00,91.43,0.00,1,2026-10-06 20:06:44,64.60,70.01
60,,WarfaJibril.Jibril_Warfa_Andromeda 1.11,compare,81.74,±7.84,-1.00,94.29,0.00,1,2026-10-06 20:04:08,42.82,35.96
61,,WdV.Lesserbee 0.01,compare,93.21,±7.84,95.11,97.14,-2.40,1,2026-10-06 19:39:58,19.80,11.49
62,,WidowMakersAtWar.EpicCow 1.0,compare,96.48,±7.84,96.48,97.14,-2.64,1,2026-10-06 19:42:27,37.95,29.83
63,,aaa.r.ScalarR 0.005h.053-noshield,compare,42.68,±7.84,76.73,42.86,13.43,1,2026-10-06 19:29:20,91.25,97.75
64,,ab.DengerousRoBatra 1.3,compare,79.60,±7.05,74.40,91.43,-10.47,2,2026-10-06 19:55:42,71.45,77.30
65,,abc.Shadow 3.83c,compare,53.77,±4.80,69.39,67.14,7.23,2,2026-10-06 20:06:11,84.72,91.61
66,,abud.ThirdRobo 1.0,compare,96.77,±7.84,96.97,97.14,-1.90,1,2026-10-06 19:49:25,23.59,17.95
67,,acid.Bl4ck 1.0,compare,92.84,±5.15,93.70,97.14,-3.91,2,2026-10-06 19:30:11,36.86,29.76
68,,acid.Null 1.0,compare,95.79,±2.81,96.98,97.86,0.10,4,2026-10-06 20:06:32,36.70,30.09
69,,acid.Syzygy 1.0.4,compare,95.25,±7.84,95.43,97.14,-2.88,1,2026-10-06 19:32:17,32.54,27.96
70,,acogdev.alpha 0.2,compare,95.67,±7.84,95.76,97.14,-3.55,1,2026-10-06 19:27:37,26.65,18.08
71,,ad.Quest 0.10,compare,78.37,±4.82,81.81,92.86,4.01,2,2026-10-06 20:05:19,70.14,74.59
72,,ad.last.Bottom 1.0,compare,99.46,±4.81,-1.00,98.57,0.00,2,2026-10-06 20:05:39,2.58,3.44
73,,adt.Ar1 2.1,compare,95.51,±2.91,-1.00,97.86,0.00,4,2026-10-06 20:19:41,30.13,22.10
74,,adt.Ar2 1.0,compare,90.48,±4.90,-1.00,95.71,0.00,2,2026-10-06 20:04:17,32.64,22.19
75,,aetos.AetosFirstBot 1.0,compare,98.22,±7.84,98.25,97.14,-0.75,1,2026-10-06 19:30:46,21.00,10.80
76,,ag.Gir 0.99,compare,98.98,±7.84,99.06,97.14,-0.47,1,2026-10-06 19:47:15,13.95,13.63
77,,agd.Mooserwirt2 2.7,compare,91.75,±5.06,-1.00,95.71,0.00,2,2026-10-06 20:12:30,53.54,52.92
78,,agrach.Dalek 1.0,compare,91.15,±7.84,91.16,94.29,-6.55,1,2026-10-06 19:33:16,44.04,37.39
79,,agrach.MicroDalek 1.0,compare,92.80,±7.84,-1.00,94.29,0.00,1,2026-10-06 20:10:08,40.35,32.97
80,,agrach.RobotSlayer 1.0,compare,96.00,±4.81,96.01,95.71,-2.28,2,2026-10-06 19:52:19,44.41,41.46
81,,ags.Glacier 0.3.2,compare,60.26,±7.84,75.27,71.43,-1.30,1,2026-10-06 19:37:39,78.92,84.58
82,,ags.Midboss 1q.fast,compare,71.12,±7.84,79.61,82.86,11.77,1,2026-10-06 19:44:36,83.76,89.91
83,,ags.micro.Carpet 1.1,compare,82.09,±7.84,82.25,94.29,-1.23,1,2026-10-06 19:46:51,63.07,62.81
84,,ags.polished.PolishedRuby 1,compare,92.57,±7.84,-1.00,100.00,0.00,1,2026-10-06 20:10:53,69.65,77.31
85,,ags.rougedc.RougeDC willow,compare,69.53,±5.19,-1.00,77.14,0.00,2,2026-10-06 20:16:43,82.36,88.22
86,,ahf.Acero 1.0,compare,89.60,±7.84,89.74,94.29,-7.58,1,2026-10-06 19:34:04,48.24,45.34
87,,ahf.NanoAndrew .4,compare,98.09,±7.84,98.09,97.14,-0.78,1,2026-10-06 19:46:22,46.94,47.16
88,,ahf.r2d2.R2d2 0.86,compare,82.48,±7.84,82.91,94.29,-3.38,1,2026-10-06 19:28:34,63.75,64.13
89,,ahr.ice.Ice 1.0,compare,51.73,±7.84,53.34,51.43,-37.69,1,2026-10-06 19:45:17,52.80,50.00
90,,ajs.Guessit 1.3,compare,94.66,±7.84,97.93,100.00,2.38,1,2026-10-06 19:22:54,51.47,59.23
91,,ajs.Solveit 1.3,compare,90.09,±4.81,-1.00,97.14,0.00,2,2026-10-06 20:13:37,53.29,59.91
92,,ak.Fermat 2.0,compare,84.48,±7.84,-1.00,97.14,0.00,1,2026-10-06 20:09:11,67.89,69.82
93,,alex.Diabolo5 1.1,compare,93.69,±7.84,-1.00,97.14,0.00,1,2026-10-06 20:11:31,47.52,43.95
94,,alk.lap.LoudAndProud 2.23,compare,79.82,±3.04,-1.00,92.14,0.00,4,2026-10-06 20:24:49,62.75,58.77
95,,alpha.BlackIce 1.0,compare,82.21,±7.84,82.21,94.29,-1.89,1,2026-10-06 19:35:02,56.18,54.75
96,,alpha.RainingFire 1.0,compare,72.27,±7.84,-1.00,82.86,0.00,1,2026-10-06 20:10:57,69.01,74.37
97,,am.Miedzix 3.0,compare,82.05,±7.84,84.99,91.43,-6.67,1,2026-10-06 19:28:43,44.57,36.76
98,,amarok.Rookie 1.1,compare,86.93,±5.82,88.49,95.71,-6.58,2,2026-10-06 19:52:48,50.07,48.13
99,,amc.ROBv202 1.01,compare,98.14,±7.84,98.14,97.14,-1.27,1,2026-10-06 19:40:20,28.77,25.57
100,,amc.ROBv203 1.0,compare,90.91,±4.97,91.20,95.71,-6.95,2,2026-10-06 19:35:40,40.35,34.49
101,,amc.ROBv300 1.1,compare,96.93,±7.84,97.14,97.14,-1.78,1,2026-10-06 19:52:39,32.85,27.57
102,,amc.ROBv301 1.1,compare,94.28,±3.58,-1.00,97.14,0.00,3,2026-10-06 20:08:03,33.82,27.59
103,,amc.ROBv400 1.0,compare,95.88,±2.88,96.45,97.86,-1.97,4,2026-10-06 20:01:42,33.86,28.04
104,,amk.ChumbaMini 0.2,compare,73.51,±7.84,79.07,85.71,-8.11,1,2026-10-06 19:34:45,58.74,54.41
105,,amk.ChumbaWumba 0.3,compare,74.00,±7.84,-1.00,88.57,0.00,1,2026-10-06 20:08:32,58.80,56.54
106,,amk.Punbot.Punbot 0.01,compare,98.38,±7.84,98.40,97.14,-0.50,1,2026-10-06 19:47:09,9.99,5.52
107,,amk.ShizzleStiX.ShizzleStiX 0.6,compare,93.93,±4.82,-1.00,98.57,0.00,2,2026-10-06 20:23:25,34.16,22.96
108,,amk.jointstrike.JointStrike 0.2,compare,88.89,±7.84,90.05,97.14,-5.96,1,2026-10-06 19:37:15,31.69,21.33
109,,amk.superstrike.SuperStrike 0.3,compare,96.33,±4.90,-1.00,98.57,0.00,2,2026-10-06 20:20:59,30.13,20.01
110,,ao.T100 0.9,compare,98.10,±4.81,98.45,97.14,-0.68,2,2026-10-06 20:04:29,29.81,34.62
111,,ap.Frederick 1.1,compare,99.03,±7.84,-1.00,97.14,0.00,1,2026-10-06 20:15:16,14.98,15.81
112,,apc.Caan 1.0,compare,94.78,±7.84,-1.00,97.14,0.00,1,2026-10-06 20:01:06,19.49,13.78
113,,apc.Colossus2 0.12,compare,77.66,±7.84,77.92,97.14,-16.10,1,2026-10-06 19:31:27,37.12,30.17
114,,apc.LeeroyJenkins2 1.0,compare,81.12,±4.91,90.77,90.00,1.64,2,2026-10-06 19:56:13,54.78,55.14
115,,apc.botM 3.0,compare,88.67,±7.84,93.14,97.14,0.66,1,2026-10-06 19:48:15,50.56,47.98
116,,apollokidd.ApolloKidd 0.9,compare,95.65,±3.71,-1.00,98.10,0.00,3,2026-10-06 20:14:49,39.67,35.82
117,,apv.Aspid 1.7,compare,69.51,±7.84,86.53,85.71,-4.62,1,2026-10-06 19:36:53,65.83,66.40
118,,apv.AspidReloaded 0.6,compare,77.97,±7.84,78.00,91.43,-2.32,1,2026-10-06 19:38:41,62.57,60.78
119,,apv.LauLectrik 1.2,compare,75.79,±7.84,87.13,88.57,-0.28,1,2026-10-06 19:53:55,61.64,61.20
120,,apv.MicroAspid 1.8,compare,64.31,±7.84,64.31,82.86,-4.90,1,2026-10-06 19:30:15,65.08,63.28
121,,apv.NanoLauLectrik 1.0,compare,76.80,±7.84,78.54,91.43,-0.72,1,2026-10-06 19:28:33,58.90,53.68
122,,apv.NanoLauLectrikTheCannibal 1.1,compare,82.22,±7.84,88.76,94.29,3.53,1,2026-10-06 19:31:07,53.53,47.61
123,,apv.ScruchiPu 1.0,compare,75.74,±7.84,-1.00,94.29,0.00,1,2026-10-06 20:14:21,65.13,65.38
124,,apv.TheBrainPi 0.5fix,compare,68.11,±7.84,76.16,82.86,-6.40,1,2026-10-06 19:34:15,58.58,55.40
125,,apv.test.Virus 0.6.1,compare,89.39,±7.84,-1.00,97.14,0.00,1,2026-10-06 20:10:38,79.72,84.25
126,,ar.QuantumChromodynamics 1.2.1,compare,80.89,±6.13,76.99,90.48,-16.71,3,2026-10-06 20:04:33,44.01,36.26
127,,ar.TheoryOfEverything 1.2.1,compare,78.96,±7.84,81.53,94.29,-7.61,1,2026-10-06 19:45:56,51.89,48.78
128,,ar.horizon.Horizon 1.2.2,compare,55.56,±7.84,-1.00,68.57,0.00,1,2026-10-06 20:13:32,82.89,88.78
129,,ara.Shera 0.88,compare,74.05,±7.84,83.83,88.57,-0.51,1,2026-10-06 19:42:06,64.58,65.31
130,,areb.Union 1.06,compare,76.93,±7.84,79.67,85.71,1.47,1,2026-10-06 19:48:59,64.26,71.41
131,,arthord.KostyaTszyu Beta2,compare,80.64,±7.84,-1.00,94.29,0.00,1,2026-10-06 20:06:20,64.12,63.61
132,,arthord.MannyPacquiao Delta2,compare,76.78,±7.84,87.52,91.43,-3.52,1,2026-10-06 19:41:47,46.32,35.27
133,,arthord.NanoSatan Mu,compare,81.98,±7.84,86.80,94.29,0.47,1,2026-10-06 19:36:08,57.76,50.17
134,,arthord.NanoSatanMelee Beta,compare,80.68,±5.81,90.48,91.43,-4.81,2,2026-10-06 20:01:14,38.73,23.64
135,,arthord.micro.Apoptygma 0.4,compare,76.83,±7.84,84.46,94.29,-2.95,1,2026-10-06 19:26:38,56.52,48.21
136,,arthord.micro.Muffin 0.6.1,compare,74.65,±7.84,80.95,94.29,-1.69,1,2026-10-06 19:28:57,64.27,62.17
137,,ary.Crisis 1.0,compare,87.34,±7.84,90.26,97.14,1.91,1,2026-10-06 19:52:25,61.18,65.39
138,,ary.FourWD 1.3d,compare,77.10,±7.84,79.20,85.71,2.00,1,2026-10-06 19:31:08,73.86,79.97
139,,ary.Help 1.0,compare,80.51,±7.84,82.01,94.29,11.92,1,2026-10-06 19:44:24,80.57,86.86
140,,ary.SMG 1.01,compare,73.05,±7.84,-1.00,88.57,0.00,1,2026-10-06 20:02:25,79.19,85.99
141,,ary.micro.Weak 1.2,compare,73.62,±5.37,86.36,87.14,1.12,2,2026-10-06 19:41:42,71.68,73.59
142,,ary.mini.Nimi 1.0,compare,70.27,±4.95,-1.00,82.86,0.00,2,2026-10-06 20:03:57,73.94,81.35
143,,ary.nano.AceSurf 1.2,compare,92.48,±7.84,96.53,97.14,3.83,1,2026-10-06 19:42:59,51.70,45.76
144,,ary.nano.ColorNanoP 1.1,compare,87.70,±7.84,89.12,97.14,3.56,1,2026-10-06 19:45:05,56.88,52.34
145,,as.xbots 1.0,compare,78.81,±7.84,83.76,94.29,2.62,1,2026-10-06 19:45:56,53.76,45.05
146,,asd.Cthulhu 1.2,compare,88.93,±7.84,90.18,94.29,-4.54,1,2026-10-06 19:39:31,39.11,31.66
147,,asm.Statistas 0.1,compare,81.35,±7.84,-1.00,91.43,0.00,1,2026-10-06 20:09:40,55.04,50.62
148,,aw.Gilgalad 1.99.5c,compare,44.97,±5.06,55.17,51.43,-1.34,2,2026-10-06 20:00:56,87.64,95.01
149,,awesomeness.Elite 1.0,compare,95.16,±7.84,-1.00,97.14,0.00,1,2026-10-06 20:03:00,47.54,43.31
150,,awl.Locutus 1.5,compare,87.39,±7.84,90.03,97.14,-3.76,1,2026-10-06 19:27:53,48.85,45.77
151,,axeBots.HataMoto 3.09,compare,86.24,±7.84,-1.00,97.14,0.00,1,2026-10-06 20:07:26,56.49,55.84
152,,axeBots.Musashi 2.18,compare,73.60,±4.81,-1.00,85.71,0.00,2,2026-10-06 20:19:09,71.27,77.25
153,,axeBots.Okami 1.04,compare,76.15,±4.11,-1.00,88.57,0.00,3,2026-10-06 20:17:25,76.53,82.68
154,,axeBots.SilverSurfer 2.53.33fix,compare,67.55,±4.85,-1.00,80.00,0.00,2,2026-10-06 20:13:47,83.29,89.68
155,,ayk.WallHugger 1.0,compare,94.92,±7.84,95.16,97.14,-2.83,1,2026-10-06 19:34:41,21.05,11.90
156,,az.Ololobot 0.2.4,compare,90.30,±7.84,-1.00,97.14,0.00,1,2026-10-06 20:12:40,52.84,61.48
157,,baal.nano.N 1.42,compare,97.31,±7.84,97.35,97.14,-0.49,1,2026-10-06 19:45:07,36.14,26.71
158,,banshee.micro.Nexus6 0.3.0,compare,87.43,±7.84,87.84,94.29,-7.69,1,2026-10-06 19:31:30,48.10,41.01
159,,banshee.mini.Nexus6 0.2.0,compare,97.49,±7.84,97.51,97.14,-1.61,1,2026-10-06 19:47:07,43.23,45.96
160,,barontrozo.BaronTrozo 1.7.6,compare,72.10,±7.84,73.81,80.00,8.43,1,2026-10-06 19:56:52,70.05,76.34
161,,bayen.UbaMicro 1.4,compare,93.06,±4.80,93.06,97.14,-2.43,2,2026-10-06 19:54:46,47.00,42.57
162,,bayen.UbaRamLT 1.0,compare,79.47,±7.84,86.93,94.29,1.85,1,2026-10-06 19:26:43,49.75,36.23
163,,bayen.nano.Squirrel 0.2,compare,87.13,±7.84,-1.00,100.00,0.00,1,2026-10-06 20:06:59,50.12,38.69
164,,bayen.nut.Squirrel 1.621,compare,75.53,±7.84,78.51,85.71,0.47,1,2026-10-06 19:36:03,69.85,73.24
165,,bbo.RamboT 0.3,compare,97.52,±7.84,-1.00,100.00,0.00,1,2026-10-06 19:59:16,28.89,15.67
166,,bbo.TheRoof 1.4.3,compare,93.95,±7.84,95.38,97.14,-0.01,1,2026-10-06 19:37:54,36.91,27.27
167,,benhorner.PureAggression 0.2.6,compare,73.87,±7.84,85.02,94.29,-0.69,1,2026-10-06 19:26:31,52.16,42.20
168,,bh.PencilRain 0.01,compare,98.93,±7.84,98.95,97.14,0.16,1,2026-10-06 19:53:00,11.58,12.78
169,,bigpete.Stewie 1.0,compare,94.30,±3.59,-1.00,98.10,0.00,3,2026-10-06 20:23:03,48.11,47.85
170,,bing2.Melody 1.3.1,compare,81.41,±7.84,82.40,97.14,-3.95,1,2026-10-06 19:45:57,68.68,73.38
171,,bjl.LoneDragon 0.5,compare,84.49,±7.84,87.78,82.86,-5.31,1,2026-10-06 19:28:01,60.22,63.65
172,,bk.Shooter 1.0,compare,97.10,±7.84,97.53,97.14,-1.62,1,2026-10-06 19:38:21,18.02,9.58
173,,blir.micro.blixi.Blixi 1.2,compare,95.58,±3.55,96.03,98.10,-2.69,3,2026-10-06 20:03:28,43.81,41.70
174,,blir.mini.oops.Splooshlu 2.0,compare,97.08,±7.84,97.16,97.14,-1.09,1,2026-10-06 19:52:47,47.92,51.71
175,,blir.nano.Bruce R1.0.0,compare,82.86,±7.84,87.53,97.14,1.78,1,2026-10-06 19:29:28,44.14,34.01
176,,blir.nano.Cabbage R1.0.1,compare,96.52,±7.84,96.71,97.14,-0.49,1,2026-10-06 19:39:42,42.65,36.38
177,,blir.nano.inch.Inchworm 1.0,compare,98.87,±7.84,-1.00,100.00,0.00,1,2026-10-06 20:07:47,20.75,15.83
178,,blr.Chicken001 0.1,compare,98.62,±7.84,-1.00,100.00,0.00,1,2026-10-06 20:19:07,18.28,11.06
179,,bndl.LostLion 1.2,compare,91.02,±3.93,-1.00,98.10,0.00,3,2026-10-06 20:20:32,42.63,38.15
180,,boe.Minerva 0.80,compare,87.99,±1.92,-1.00,95.92,0.00,7,2026-10-06 20:23:38,57.61,60.18
181,,bons.NanoStalker 1.2,compare,94.74,±5.09,93.08,97.14,-5.43,2,2026-10-06 20:05:05,39.15,32.78
182,,bots.UberBot 1.2c,compare,94.01,±4.80,94.42,97.14,-1.30,2,2026-10-06 19:48:08,40.52,36.28
183,,bots.UnterBot 1.0,compare,88.18,±7.84,88.93,97.14,-5.97,1,2026-10-06 19:30:02,43.86,36.95
184,,bots.UnterExBot 1.0,compare,95.27,±4.95,95.91,95.71,-1.75,2,2026-10-06 19:54:08,44.02,37.30
185,,bp.Kuma 1.0,compare,95.65,±7.84,95.67,97.14,-3.55,1,2026-10-06 19:52:56,30.61,24.50
186,,braaropolis.Abot 1.0,compare,94.52,±7.84,-1.00,94.29,0.00,1,2026-10-06 20:05:08,26.32,18.58
187,,brainfade.Fallen 0.63,compare,65.46,±7.84,-1.00,80.00,0.00,1,2026-10-06 20:07:21,70.30,76.19
188,,brainfade.melee.Dusk 0.44,compare,89.75,±7.84,-1.00,94.29,0.00,1,2026-10-06 20:16:57,51.78,57.07
189,,bts.mega.Gnarly 1.4,compare,81.77,±7.84,93.02,91.43,-1.11,1,2026-10-06 19:57:42,58.55,61.57
190,,bts.wiki.RipCurl 0.9b,compare,79.66,±7.84,-1.00,97.14,0.00,1,2026-10-06 20:15:46,66.63,68.09
191,,buba.Archivist 0.1,compare,79.25,±7.84,-1.00,88.57,0.00,1,2026-10-06 20:20:53,56.31,51.56
192,,buba.Buba 0.3,compare,96.18,±4.81,-1.00,98.57,0.00,2,2026-10-06 20:12:49,43.55,35.08
193,,bumblebee.Bumblebee 1.0,compare,86.24,±7.84,90.24,94.29,-1.72,1,2026-10-06 19:42:25,42.82,31.03
194,,bvh.fnr.Fenrir 0.36l,compare,78.77,±7.84,80.69,94.29,7.86,1,2026-10-06 19:56:23,62.80,67.30
195,,bvh.frg.Friga 0.112dev,compare,86.74,±4.83,86.74,97.14,-1.67,2,2026-10-06 19:51:56,63.35,64.33
196,,bvh.fry.Freya 0.82,compare,74.56,±5.07,81.62,90.00,-7.27,2,2026-10-06 20:04:24,66.66,71.23
197,,bvh.hdr.Hodur 0.4,compare,97.09,±4.82,-1.00,98.57,0.00,2,2026-10-06 20:14:03,21.46,14.22
198,,bvh.loki.Loki 0.5,compare,96.19,±7.84,-1.00,97.14,0.00,1,2026-10-06 20:12:43,36.78,32.74
199,,bvh.micro.Freya 0.3,compare,92.87,±7.84,-1.00,97.14,0.00,1,2026-10-06 20:01:04,44.39,39.53
200,,bvh.micro.Svadilfari 0.2,compare,92.05,±7.84,-1.00,94.29,0.00,1,2026-10-06 20:08:26,36.28,32.56
201,,bvh.mini.Fenrir 0.39,compare,77.93,±4.85,80.67,87.14,-0.44,2,2026-10-06 20:05:04,57.60,57.45
202,,bvh.mini.Freya 0.55,compare,83.46,±4.95,83.46,95.71,0.71,2,2026-10-06 19:51:14,62.79,61.88
203,,bvh.mini.Mjolnir 0.3,compare,75.30,±7.84,87.26,97.14,-3.35,1,2026-10-06 19:48:48,56.35,51.69
204,,bvh.mini.Wodan 0.50,compare,76.94,±4.81,-1.00,91.43,0.00,2,2026-10-06 20:09:05,63.87,68.80
205,,bvh.tyr.Tyr 1.74,compare,85.29,±5.20,-1.00,94.29,0.00,2,2026-10-06 20:10:45,41.43,36.30
206,,bwbaugh.nano.Tirunculus 0.0.0a,compare,82.99,±4.81,94.51,97.14,3.29,2,2026-10-06 19:51:29,45.70,30.59
207,,bzdp.BoxCar 2.0,compare,89.27,±4.87,91.17,97.14,-2.61,2,2026-10-06 19:27:06,40.27,30.11
208,,bzdp.Pansy 2.1,compare,96.24,±5.38,-1.00,97.14,0.00,2,2026-10-06 20:11:38,20.62,11.35
209,,caimano.Furia_Ceca 0.22,compare,96.26,±7.84,-1.00,100.00,0.00,1,2026-10-06 20:12:30,44.10,37.72
210,,can.Pookie 1.1,compare,78.91,±4.99,-1.00,92.86,0.00,2,2026-10-06 20:11:53,64.23,63.03
211,,casey.Flee 1.0,compare,87.10,±7.84,88.62,94.29,1.27,1,2026-10-06 19:54:35,49.21,40.01
212,,casey.Flump 1.0,compare,86.18,±4.80,-1.00,97.14,0.00,2,2026-10-06 20:20:10,47.52,37.16
213,,catcat20.Lambda 0.017,compare,64.88,±7.84,79.25,80.00,6.06,1,2026-10-06 19:51:13,82.45,88.61
214,,catcat20.Rabbit 0.001,compare,84.07,±7.84,91.81,91.43,4.69,1,2026-10-06 19:32:58,68.65,76.26
215,,catcat20.atom.Atom 0.51,compare,75.38,±5.64,-1.00,84.29,0.00,2,2026-10-06 20:13:59,75.55,83.07
216,,catcat20.helios.Helios 1.5,compare,85.24,±7.84,95.73,94.29,9.84,1,2026-10-06 19:57:30,71.75,77.32
217,,catcat20.shape.Theta 0.018,compare,73.64,±7.84,92.44,82.86,13.63,1,2026-10-06 19:51:59,79.18,86.30
218,,cb.Domogled 1.2,compare,50.95,±7.84,59.61,48.57,-9.17,1,2026-10-06 19:32:54,85.13,93.68
219,,cb.fire.Firestarter 2.0f,compare,54.74,±7.84,-1.00,54.29,0.00,1,2026-10-06 20:07:51,88.12,96.60
220,,cb.mega.RandomBot 1.0,compare,66.16,±7.84,-1.00,80.00,0.00,1,2026-10-06 20:09:40,54.93,55.33
221,,cb.nano.Insomnia 1.0,compare,92.54,±7.84,-1.00,97.14,0.00,1,2026-10-06 20:06:05,24.99,15.25
222,,cbot.agile.Nibbler 0.2,compare,68.28,±7.84,69.36,85.71,-4.87,1,2026-10-06 19:29:45,64.34,65.91
223,,cbot.cbot.CBot 0.8,compare,82.19,±4.21,-1.00,92.14,0.00,4,2026-10-06 20:25:10,55.93,52.92
224,,cf.OldMan.OldManXP 0.1,compare,86.97,±7.84,93.47,97.14,11.84,1,2026-10-06 19:24:18,57.67,54.94
225,,cf.mini.Chiva 1.0,compare,74.50,±7.84,79.71,88.57,-6.49,1,2026-10-06 19:43:00,68.78,73.65
226,,cf.proto.Shiva 2.2,compare,67.39,±7.84,72.39,82.86,0.19,1,2026-10-06 19:43:12,80.15,85.91
227,,cf.star.Star2 1.23,compare,56.78,±7.84,-1.00,71.43,0.00,1,2026-10-06 19:57:19,71.59,74.26
228,,ch.rhj.rbc.RHJ1 1.0,compare,98.60,±7.84,98.70,97.14,-0.67,1,2026-10-06 19:30:58,16.28,13.92
229,,chase.pm.Pytko 1.0,compare,64.95,±7.84,66.03,80.00,0.85,1,2026-10-06 19:49:00,67.00,72.51
230,,chickenfuego.UrChicken2 1.0,compare,98.81,±7.84,-1.00,97.14,0.00,1,2026-10-06 20:09:29,9.13,8.38
231,,cjk.Merkava 0.1.1,compare,90.79,±7.84,-1.00,94.29,0.00,1,2026-10-06 20:00:22,32.64,22.98
232,,cjm.Che 1.2,compare,76.64,±7.84,80.48,88.57,2.85,1,2026-10-06 19:45:31,65.69,71.43
233,,cjm.Chomsky 1.5,compare,83.51,±7.84,84.11,91.43,5.71,1,2026-10-06 19:31:32,66.52,73.48
234,,cli.Dancer 1.1,compare,98.46,±7.84,-1.00,97.14,0.00,1,2026-10-06 20:15:39,36.62,37.92
235,,cli.WasteOfAmmo 1.0,compare,98.90,±7.84,98.90,97.14,-0.90,1,2026-10-06 19:52:04,1.52,1.40
236,,codemojo.nano.Woot 1.0,compare,91.77,±4.84,92.70,97.14,-2.12,2,2026-10-06 19:43:10,37.45,25.33
237,,com.arsenic.NewTest 1.0,compare,93.19,±7.84,95.08,97.14,-0.45,1,2026-10-06 19:52:18,44.18,38.80
238,,com.blogspot.malinkody.DestrobotMalin 1.0,compare,98.49,±7.84,98.50,97.14,-1.16,1,2026-10-06 19:46:14,17.32,17.11
239,,com.cohesiva.robocode.ManOwaR 1.0,compare,92.43,±7.84,-1.00,97.14,0.00,1,2026-10-06 20:07:11,48.33,52.96
240,,com.sociesc.T1000 1.0.0,compare,99.51,±4.81,-1.00,98.57,0.00,2,2026-10-06 20:07:49,2.55,3.26
241,,com.spp.robocode.MostlyHarmless 010,compare,95.58,±7.84,95.86,97.14,0.35,1,2026-10-06 19:44:34,44.04,44.92
242,,com.syncleus.robocode.Dreadnaught 0.1,compare,75.77,±4.81,76.68,95.71,-16.01,2,2026-10-06 20:08:11,35.48,26.31
243,,com.timothyveletta.FuzzyBot 1.1,compare,95.26,±7.84,95.28,97.14,-2.82,1,2026-10-06 19:43:20,33.05,27.13
244,,conscience.Bulldozer 1.0a,compare,89.82,±4.91,96.42,97.14,8.66,2,2026-10-06 19:54:38,46.16,33.70
245,,conscience.Electron 1.3g,compare,92.69,±7.84,-1.00,97.14,0.00,1,2026-10-06 20:02:34,47.24,41.09
246,,conscience.Idem 1.0a,compare,96.87,±7.84,97.11,97.14,-0.24,1,2026-10-06 19:33:48,33.60,19.22
247,,conscience.Suicidal 1.1,compare,98.70,±7.84,98.70,97.14,-1.28,1,2026-10-06 19:32:32,0.87,0.87
248,,cre.Karolos 0.32,compare,89.32,±7.84,90.45,97.14,-0.49,1,2026-10-06 19:37:35,57.06,59.37
249,,cs.Nene 1.0.5,compare,61.94,±7.84,78.42,80.00,11.80,1,2026-10-06 19:54:57,86.62,92.42
250,,cs.PumpkinPie 1.0,compare,72.67,±5.70,-1.00,82.86,0.00,2,2026-10-06 19:56:13,61.22,66.85
251,,cs.Wren 1.0,compare,97.41,±7.84,97.48,97.14,-1.01,1,2026-10-06 19:45:31,39.73,33.33
252,,cs.s2.Seraphim 2.3.1,compare,67.56,±6.05,-1.00,78.57,0.00,2,2026-10-06 20:20:10,83.13,88.68
253,,csm.NthGeneration 0.04,compare,90.07,±7.84,90.11,97.14,-6.23,1,2026-10-06 19:29:52,48.80,46.91
254,,csp.Eagle 3.30,compare,94.72,±4.86,-1.00,97.14,0.00,2,2026-10-06 20:02:35,34.96,28.30
255,,css.Delitioner 0.11,compare,80.45,±7.84,80.45,91.43,5.06,1,2026-10-06 19:35:36,61.43,64.88
256,,cuoq.Kakera 1.0,compare,78.09,±7.84,79.00,85.71,9.99,1,2026-10-06 19:41:53,70.90,77.87
257,,cw.megas.Blade 0.8,compare,83.07,±4.91,92.36,95.71,6.23,2,2026-10-06 19:58:57,60.77,61.76
258,,cw.megas.GhostShell GT,compare,84.38,±4.87,92.78,94.29,1.99,2,2026-10-06 19:56:00,48.55,45.40
259,,cw.megas.Gridd 0.4,compare,73.63,±7.84,85.19,82.86,-1.17,1,2026-10-06 19:54:33,55.30,55.89
260,,cw.megas.Polar 3.2,compare,81.13,±4.83,-1.00,92.86,0.00,2,2026-10-06 19:58:21,54.92,55.08
261,,cw.megas.Silhouette 1.1,compare,67.00,±7.84,76.98,82.86,-0.67,1,2026-10-06 19:48:07,69.75,74.54
262,,cx.BlestPain 1.41,compare,70.35,±7.84,-1.00,82.86,0.00,1,2026-10-06 20:14:49,74.00,78.89
263,,cx.CigaretBH 1.03,compare,72.36,±6.01,-1.00,86.43,0.00,4,2026-10-06 20:21:11,68.85,72.57
264,,cx.Lacrimas 1.36,compare,73.84,±4.96,91.98,91.43,10.02,2,2026-10-06 20:00:14,75.06,80.60
265,,cx.Princess 1.0,compare,69.40,±4.85,71.85,80.00,4.83,2,2026-10-06 19:30:47,68.47,72.85
266,,cx.micro.Blur 0.2,compare,74.75,±7.84,-1.00,85.71,0.00,1,2026-10-06 20:05:59,59.48,55.98
267,,cx.micro.Smoke 0.96,compare,73.38,±7.84,-1.00,88.57,0.00,1,2026-10-06 20:02:20,66.73,67.24
268,,cx.micro.Spark 0.6,compare,71.24,±7.84,-1.00,82.86,0.00,1,2026-10-06 20:00:45,64.75,65.56
269,,cx.mini.BlackSwans 0.60,compare,76.11,±5.34,79.70,87.14,3.07,2,2026-10-06 19:49:59,64.98,63.84
270,,cx.mini.Cigaret 1.31,compare,75.58,±7.84,81.35,88.57,11.22,1,2026-10-06 19:25:22,69.52,71.85
271,,cx.mini.Nimrod 0.55,compare,72.19,±7.84,72.19,85.71,-0.65,1,2026-10-06 19:41:36,65.43,64.70
272,,cx.nano.Smog 2.6,compare,86.29,±7.84,89.13,94.29,-6.44,1,2026-10-06 19:29:42,53.22,48.40
273,,cyragia.Bot 1.1,compare,94.60,±7.84,-1.00,97.14,0.00,1,2026-10-06 19:58:28,40.53,37.09
274,,da.NewBGank 1.4,compare,72.75,±7.84,75.47,85.71,-1.83,1,2026-10-06 19:40:02,73.81,79.11
275,,daemons.DizzyA 1.0,compare,97.84,±4.86,98.89,97.14,-0.87,2,2026-10-06 20:04:53,11.11,5.80
276,,dam.MogBot 2.9,compare,78.50,±4.88,-1.00,87.14,0.00,2,2026-10-06 20:17:37,59.03,64.45
277,,damij.mega.Boque aaah,compare,67.51,±5.40,-1.00,80.95,0.00,3,2026-10-06 20:13:15,81.88,89.97
278,,dans.Cinnamon 1.2,compare,88.20,±5.30,-1.00,94.29,0.00,2,2026-10-06 20:10:17,36.77,28.36
279,,darkcanuck.Gaff 1.50,compare,68.41,±4.87,-1.00,78.57,0.00,2,2026-10-06 20:14:44,79.64,88.29
280,,darkcanuck.Holden 1.13a,compare,63.90,±4.82,-1.00,78.57,0.00,2,2026-10-06 20:15:23,82.37,90.07
281,,darkcanuck.Pris 0.92,compare,68.45,±7.84,86.67,85.71,22.00,1,2026-10-06 19:46:37,84.72,91.67
282,,davidalves.Firebird 0.25,compare,60.95,±5.31,64.22,77.14,2.93,2,2026-10-06 20:09:20,84.25,89.75
283,,davidalves.Phoenix 1.02,compare,54.13,±7.84,-1.00,71.43,0.00,1,2026-10-06 20:09:26,85.77,91.76
284,,davidalves.PhoenixOS 1.1,compare,61.82,±5.12,76.05,72.86,0.88,2,2026-10-06 19:44:18,81.93,87.51
285,,davidalves.net.Duelist 0.1.6src,compare,81.46,±7.84,-1.00,94.29,0.00,1,2026-10-06 20:07:37,63.97,65.55
286,,davidalves.net.DuelistMicro 1.22,compare,77.45,±7.84,-1.00,85.71,0.00,1,2026-10-06 20:01:16,65.01,64.17
287,,davidalves.net.DuelistMicroMkII 1.1,compare,75.05,±7.84,77.71,91.43,-0.24,1,2026-10-06 19:42:43,62.45,60.73
288,,davidalves.net.DuelistMini 1.1,compare,79.47,±7.84,79.47,94.29,-1.72,1,2026-10-06 19:40:52,65.06,65.16
289,,davidalves.net.DuelistNano 1.0,compare,80.18,±6.18,-1.00,91.43,0.00,2,2026-10-06 20:18:35,44.72,33.31
290,,davv.DOne b002,compare,99.01,±4.80,99.01,97.14,-0.79,2,2026-10-06 19:38:39,3.05,2.17
291,,dcs.Eater_of_Worlds 1.1.3-A,compare,89.33,±7.84,90.12,94.29,-8.18,1,2026-10-06 19:25:58,28.37,21.17
292,,dcs.Eater_of_Worlds_Mini 1.0,compare,88.23,±7.84,88.34,91.43,-10.35,1,2026-10-06 19:43:27,32.33,26.06
293,,dcs.PM.Eater_of_Worlds_PM 1.2,compare,71.15,±4.05,-1.00,85.00,0.00,4,2026-10-06 20:12:10,57.60,58.25
294,,de.erdega.robocode.Polyphemos 0.4,compare,82.90,±4.20,-1.00,93.33,0.00,3,2026-10-06 20:18:47,51.87,47.77
295,,de.simpleworks.robocode.bots.swiBot 1.1,compare,95.30,±7.84,95.62,97.14,-3.43,1,2026-10-06 19:26:11,18.10,13.64
296,,deith.Czolgzilla 0.11,compare,90.38,±7.84,92.92,94.29,-3.68,1,2026-10-06 19:30:09,51.37,55.85
297,,demetrix.ForceMajeure 0.75,compare,70.34,±7.84,82.93,85.71,1.49,1,2026-10-06 19:57:39,69.31,75.77
298,,demetrix.nano.Neutrino 0.27,compare,75.23,±7.84,-1.00,88.57,0.00,1,2026-10-06 19:58:07,51.33,44.93
299,,demetrix.nano.SledgeHammer 0.22,compare,64.43,±7.84,72.68,85.71,-7.30,1,2026-10-06 19:43:32,54.25,44.61
300,,deo.CloudBot 1.3,compare,66.46,±7.84,68.56,74.29,-16.32,1,2026-10-06 19:39:42,70.38,76.11
301,,deo.FlowerBot 1.0,compare,68.77,±3.76,71.08,80.00,-5.18,3,2026-10-06 19:47:52,67.06,69.77
302,,deo.virtual.RainbowBot 1.0,compare,76.79,±6.62,72.58,87.14,-4.42,2,2026-10-06 20:04:58,63.12,66.48
303,,dft.Calliope 5.6,compare,88.65,±7.84,91.50,94.29,-3.88,1,2026-10-06 19:28:58,48.38,50.63
304,,dft.Cardigan 1.09,compare,69.48,±5.10,82.69,87.14,11.55,2,2026-10-06 19:43:07,82.43,89.24
305,,dft.Cyanide 1.90,compare,74.48,±7.84,-1.00,88.57,0.00,1,2026-10-06 20:06:50,82.32,87.84
306,,dft.Cyprus 3.0,compare,76.04,±4.80,-1.00,88.57,0.00,2,2026-10-06 20:11:44,62.79,62.91
307,,dft.Freddie 1.32,compare,87.54,±4.81,89.67,95.71,-5.30,2,2026-10-06 19:41:59,56.22,55.11
308,,dft.Guppy 1.0,compare,84.01,±7.84,86.10,91.43,-6.66,1,2026-10-06 19:40:22,52.88,47.83
309,,dft.Immortal 1.40,compare,70.04,±4.93,82.44,85.71,5.20,2,2026-10-06 19:33:33,80.03,85.92
310,,dft.Krazy 1.5,compare,89.21,±7.84,-1.00,94.29,0.00,1,2026-10-06 20:16:18,42.74,43.23
311,,dft.Virgin 1.25,compare,90.66,±4.85,91.09,97.14,16.24,2,2026-10-06 20:07:44,65.12,67.44
312,,dggp.haiku.gpBot_0 1.1,compare,94.22,±7.84,96.35,97.14,-0.48,1,2026-10-06 19:53:26,36.57,26.88
313,,dhn.Immortal 1.0,compare,97.69,±7.84,98.71,100.00,-0.46,1,2026-10-06 19:45:50,17.92,15.43
314,,disan.Chair 2.2.0,compare,96.91,±7.84,97.22,97.14,-1.00,1,2026-10-06 19:49:11,39.79,34.50
315,,disan.Ghost .01,compare,99.00,±4.80,99.00,97.14,-1.00,2,2026-10-06 20:04:52,3.92,5.49
316,,discan.mini.Exode 0.25,compare,93.01,±7.84,93.34,97.14,-5.11,1,2026-10-06 19:48:17,31.10,24.14
317,,dittman.BlindSquirl Retired,compare,96.26,±7.84,97.06,97.14,-1.02,1,2026-10-06 19:41:13,27.74,22.72
318,,divineomega.DivineBot 1.9.5,compare,90.90,±7.84,94.59,94.29,6.67,1,2026-10-06 19:38:22,61.42,71.07
319,,divineomega.PatrollerBot 1.0,compare,86.71,±3.97,-1.00,91.43,0.00,3,2026-10-06 20:12:56,35.95,31.66
320,,divineomega.TrialBot 0.003,compare,84.78,±7.84,95.25,94.29,8.25,1,2026-10-06 19:28:42,57.78,63.53
321,,djc.Aardvark 0.3.6,compare,86.30,±4.95,-1.00,98.57,0.00,2,2026-10-06 20:18:52,47.87,41.86
322,,djdjdj.NanoSkunk10 1.0,compare,95.22,±7.84,95.48,97.14,-2.17,1,2026-10-06 19:26:15,39.71,36.68
323,,dk.stable.Gorgatron 1.1,compare,77.80,±7.84,80.86,91.43,-9.60,1,2026-10-06 19:28:45,53.44,49.46
324,,dks.MicroDanMK2 1.0,compare,95.80,±7.84,95.96,97.14,-2.64,1,2026-10-06 19:57:50,31.10,21.52
325,,dmh.robocode.robot.BlackDeath 9.2,compare,85.89,±4.81,85.47,95.71,-1.75,2,2026-10-06 20:05:47,64.14,65.99
326,,dmh.robocode.robot.BlueBerry 0.5,compare,90.93,±4.92,-1.00,98.57,0.00,2,2026-10-06 20:12:18,40.77,33.47
327,,dmh.robocode.robot.GreenDragon 1.0,compare,84.30,±7.84,86.41,91.43,-8.10,1,2026-10-06 19:39:39,48.16,44.28
328,,dmh.robocode.robot.PinkPanther 1.1,compare,64.12,±7.84,74.59,85.71,-5.77,1,2026-10-06 19:30:03,60.87,59.36
329,,dmh.robocode.robot.YellowBird 0.12,compare,94.37,±7.84,-1.00,97.14,0.00,1,2026-10-06 20:08:17,50.12,46.03
330,,dmp.micro.Aurora 1.41,compare,86.79,±7.84,90.99,97.14,4.19,1,2026-10-06 19:30:44,49.48,40.53
331,,dmp.nano.Eve 3.41,compare,89.35,±7.84,92.60,97.14,-2.17,1,2026-10-06 19:44:44,47.79,41.03
332,,doka.KillerRabbit 1.0,compare,73.77,±7.84,-1.00,82.86,0.00,1,2026-10-06 19:58:21,52.40,44.68
333,,doka.Shinigami 2.2,compare,79.80,±7.84,85.47,91.43,-7.89,1,2026-10-06 19:27:54,64.02,64.87
334,,doka.ShinigamiKNN 1.0,compare,96.49,±7.84,-1.00,100.00,0.00,1,2026-10-06 20:03:40,53.27,52.85
335,,doka.Test 1.0,compare,77.54,±7.84,-1.00,85.71,0.00,1,2026-10-06 20:11:59,34.44,20.85
336,,donjezza.Jezza 1.0,compare,97.23,±7.84,97.23,97.14,-2.45,1,2026-10-06 19:35:21,13.48,10.85
337,,donjezza.Muncho 1.0,compare,97.28,±4.84,97.41,97.14,-2.10,2,2026-10-06 19:53:59,15.55,12.47
338,,dragonbyte.Neutrino 4,compare,68.63,±7.84,68.65,31.43,-14.85,1,2026-10-06 19:40:55,60.97,82.44
339,,drd.Dreadknoght 0.9,compare,98.90,±4.80,98.90,97.14,-0.74,2,2026-10-06 19:25:58,6.55,3.88
340,,drm.CobraBora 1.12,compare,71.67,±7.84,82.62,80.00,1.03,1,2026-10-06 19:30:54,63.30,66.82
341,,drm.Magazine 0.39,compare,80.41,±4.81,-1.00,95.71,0.00,2,2026-10-06 20:17:58,61.48,61.79
342,,ds.OoV4 0.3b,compare,88.05,±7.84,88.05,94.29,-1.67,1,2026-10-06 19:41:38,59.59,67.12
343,,ds.Versatile RB1.0.1,compare,81.60,±4.59,-1.00,95.24,0.00,3,2026-10-06 20:21:21,69.33,78.01
344,,dsekercioglu.mega.Raven 3.56j8,compare,59.28,±7.84,75.64,74.29,13.04,1,2026-10-06 19:23:11,87.75,94.15
345,,dsekercioglu.mega.WhiteFang 2.8.1,compare,66.62,±7.84,-1.00,80.00,0.00,1,2026-10-06 20:07:03,86.64,93.65
346,,dsekercioglu.mini.Partial 0.1.3,compare,69.24,±7.84,-1.00,77.14,0.00,1,2026-10-06 19:57:25,70.24,76.25
347,,dsekercioglu.shield.ColdBreath 1.0,compare,98.94,±7.84,98.94,97.14,4.31,1,2026-10-06 19:37:29,32.93,37.60
348,,dsw.StaticD 1.0,compare,97.34,±7.84,97.48,97.14,-1.14,1,2026-10-06 19:50:07,41.20,38.78
349,,dsx724.VSAB_EP3_ATR 1.1,compare,90.53,±7.84,90.65,94.29,-6.10,1,2026-10-06 19:39:52,53.85,60.31
350,,dsx724.VSAB_EP3a 1.0,compare,93.93,±7.84,-1.00,94.29,0.00,1,2026-10-06 20:18:03,54.48,59.14
351,,dukie.Ambassador 1.0,compare,95.31,±7.84,-1.00,100.00,0.00,1,2026-10-06 20:06:36,38.17,32.34
352,,dummy.micro.HummingBird 2.14,compare,84.30,±7.84,-1.00,94.29,0.00,1,2026-10-06 20:10:03,50.36,40.38
353,,dummy.micro.Sparrow 2.5,compare,83.68,±7.84,83.68,94.29,-4.31,1,2026-10-06 19:48:40,49.93,44.16
354,,dummy.mini.Parakeet 2.40,compare,77.68,±4.83,-1.00,91.43,0.00,2,2026-10-06 20:18:14,59.36,61.83
355,,dvogon.GangBang 1.0,compare,96.48,±7.84,96.71,97.14,-1.38,1,2026-10-06 19:43:13,24.38,14.73
356,,dy.LevelOne 2.0,compare,95.11,±7.84,-1.00,97.14,0.00,1,2026-10-06 19:58:42,51.15,52.21
357,,dz.Caedo 1.4,compare,79.42,±7.84,81.19,88.57,-0.51,1,2026-10-06 19:50:20,61.04,65.62
358,,dz.GalbaMicro 0.11,compare,81.79,±4.35,94.07,92.38,3.64,3,2026-10-06 20:01:28,61.36,61.92
359,,dz.GalbaMini 0.121,compare,68.15,±7.84,85.23,82.86,0.32,1,2026-10-06 19:31:20,67.39,73.40
360,,dz.MostlyHarmlessNano 2.1,compare,91.30,±7.84,93.12,97.14,-2.30,1,2026-10-06 19:48:13,51.57,49.20
361,,dz.OthoMicro 0.12,compare,75.15,±7.84,88.71,88.57,-0.98,1,2026-10-06 19:29:43,55.42,50.67
362,,dz.OthoMini 0.15,compare,77.57,±5.85,94.17,91.43,3.49,2,2026-10-06 19:49:25,61.05,61.31
363,,e32.Omni 0.06,compare,95.80,±4.83,-1.00,97.14,0.00,2,2026-10-06 20:17:35,37.78,33.07
364,,eat.HumblePieLite 1.0,compare,91.11,±7.84,97.96,97.14,9.25,1,2026-10-06 19:41:09,56.20,54.13
365,,ebo.Sparse 0.02,compare,81.30,±8.44,74.49,78.57,-6.24,2,2026-10-06 20:02:34,61.46,61.02
366,,ebo.Tahoe 1.1.79,compare,72.52,±7.84,88.62,85.71,4.57,1,2026-10-06 19:43:43,72.99,79.05
367,,eem.EvBot v4.6.4,compare,85.74,±3.85,93.10,94.29,3.82,3,2026-10-06 19:45:23,67.50,74.93
368,,eem.EvBotNG v12.8,compare,65.78,±7.84,84.73,71.43,4.95,1,2026-10-06 19:51:20,80.14,87.19
369,,eem.IWillFireNoBullet v2.4,compare,90.59,±7.84,90.59,74.29,-6.46,1,2026-10-06 19:40:18,42.14,68.29
370,,eem.awful v1.2,compare,97.07,±7.84,97.07,97.14,-2.50,1,2026-10-06 19:26:02,0.44,1.33
371,,eem.zapper v6.03,compare,73.10,±6.01,-1.00,87.14,0.00,2,2026-10-06 20:07:32,81.26,87.98
372,,ej.ChocolateBar 1.1,compare,82.54,±7.84,82.54,94.29,11.18,1,2026-10-06 19:27:37,74.71,80.78
373,,ejbots.AngryGrandpappy 1.2,compare,90.91,±4.84,90.94,97.14,-5.27,2,2026-10-06 19:43:00,37.61,31.63
374,,el.Attackr 0.1,compare,97.31,±7.84,-1.00,97.14,0.00,1,2026-10-06 20:09:41,9.33,5.52
375,,el.JumpShoot 0.2,compare,97.26,±7.84,97.27,97.14,-2.44,1,2026-10-06 19:26:48,14.62,9.19
376,,el33t.EL33tGangstarr2 2.0,compare,94.75,±3.57,-1.00,99.05,0.00,3,2026-10-06 20:18:58,32.80,23.48
377,,eld.Hmm 1.0,compare,89.45,±4.89,92.18,87.14,-4.76,2,2026-10-06 19:55:48,37.26,44.05
378,,element.Earth 1.1,compare,75.29,±7.84,78.56,82.86,-0.59,1,2026-10-06 19:41:09,70.13,76.76
379,,elloco.Flower 0.1r1,compare,90.93,±7.84,91.48,97.14,-3.27,1,2026-10-06 19:40:17,48.02,43.05
380,,elloco.Kabuto 0.2r,compare,91.96,±7.84,98.12,97.14,2.82,1,2026-10-06 19:42:20,35.85,32.81
381,,elvbot.ElverionBot 0.3,compare,98.82,±7.84,98.84,97.14,-0.93,1,2026-10-06 19:46:31,22.77,19.84
382,,emp.Yngwie 1.11,compare,79.71,±7.84,88.10,88.57,2.00,1,2026-10-06 19:51:31,61.10,68.76
383,,ender.EnderRobot 1.1,compare,83.36,±5.60,-1.00,92.86,0.00,2,2026-10-06 20:14:41,33.35,25.26
384,,ep.MyFirstRobot 1.0,compare,95.89,±7.84,95.89,97.14,-3.73,1,2026-10-06 19:28:17,14.75,7.92
385,,erdnis.Rover 0.3,compare,89.50,±7.84,95.01,97.14,0.01,1,2026-10-06 19:40:43,48.66,42.91
386,,ers.micro.ISuck.ISuckMicro 0.1f,compare,81.47,±4.82,83.29,90.00,-2.02,2,2026-10-06 19:52:01,65.47,72.60
387,,ers.micro.speusippus.Speusippus 0.3,compare,76.51,±7.84,79.06,88.57,0.13,1,2026-10-06 19:44:43,69.97,74.79
388,,ers.nano.gokdeniz.Gokdeniz 1.5b,compare,76.16,±7.84,78.65,88.57,3.64,1,2026-10-06 19:35:00,62.39,65.76
389,,ers.nano.iSuck.ISuckNano 1.0a,compare,82.41,±7.84,84.26,94.29,4.02,1,2026-10-06 19:56:42,61.96,67.05
390,,ers.nano.lig.LigMA 1.9,compare,84.52,±4.66,-1.00,93.33,0.00,3,2026-10-06 20:11:18,58.80,59.48
391,,ers.nano.meroka.Meroka 1.8a,compare,82.19,±7.84,84.34,94.29,1.92,1,2026-10-06 19:37:40,63.15,66.67
392,,ers.nano.nekolh.Nekolh 1.4d,compare,76.93,±5.17,79.60,85.71,-1.56,2,2026-10-06 19:40:06,64.10,66.05
393,,ers.nano.sunderer.Sunderer 1.23a,compare,72.33,±3.54,-1.00,94.29,0.00,3,2026-10-06 20:20:56,64.93,62.90
394,,eskimo.micro.Echo 0.1,compare,97.47,±7.84,97.48,97.14,-1.80,1,2026-10-06 19:42:41,33.70,27.45
395,,et.Predator 1.8,compare,88.60,±7.84,89.25,94.29,-0.34,1,2026-10-06 19:47:51,52.77,51.17
396,,ethdsy.Malacka 2.4,compare,83.27,±7.84,86.06,91.43,-8.69,1,2026-10-06 19:25:12,48.76,46.84
397,,etienne72230.Wall_street 1.0,compare,98.02,±7.84,98.02,97.14,-1.57,1,2026-10-06 19:43:04,20.17,18.68
398,,evd.X1 0.01,compare,89.20,±7.84,89.35,94.29,-8.66,1,2026-10-06 19:29:22,35.44,25.30
399,,exauge.GateKeeper 1.1.121g,compare,73.96,±7.84,75.43,88.57,2.78,1,2026-10-06 19:43:35,58.41,56.10
400,,exauge.LemonDrop 1.6.130,compare,75.76,±7.84,77.32,91.43,4.72,1,2026-10-06 19:51:51,62.36,62.22
401,,exauge.Leopard 1.1.019,compare,82.27,±4.80,-1.00,97.14,0.00,2,2026-10-06 20:06:43,47.86,31.69
402,,extra.LightSauce 0.01,compare,97.64,±7.84,-1.00,97.14,0.00,1,2026-10-06 20:01:24,40.42,32.01
403,,extra.Sauce .01,compare,96.56,±4.93,96.60,98.57,-2.69,2,2026-10-06 19:38:52,40.34,33.70
404,,fala.robocode.FalaRobot 1.0,compare,93.12,±7.84,93.36,97.14,-2.68,1,2026-10-06 19:38:44,35.36,30.21
405,,fcr.First 1.0,compare,94.84,±7.84,94.94,97.14,-2.89,1,2026-10-06 19:47:25,47.73,45.68
406,,fire219.CatBot 1.0,compare,91.33,±7.84,91.53,97.14,-6.99,1,2026-10-06 19:28:35,22.47,11.45
407,,fire219.cymba.Cymba 1.8,compare,89.12,±7.84,92.93,97.14,-2.91,1,2026-10-06 19:49:51,46.06,42.67
408,,florent.FloatingTadpole 1.2.6,compare,77.09,±7.84,87.92,91.43,2.65,1,2026-10-06 19:28:22,74.32,79.82
409,,florent.XSeries.X2 0.17,compare,63.13,±7.84,-1.00,77.14,0.00,1,2026-10-06 20:14:04,82.45,88.11
410,,florent.small.LittleAngel 1.8,compare,66.91,±4.82,67.37,80.00,-3.28,2,2026-10-06 20:00:02,74.31,79.83
411,,florent.test.Toad 0.14t,compare,61.58,±6.83,68.31,75.71,-2.79,2,2026-10-06 20:02:06,82.89,89.70
412,,fm.claire 1.7,compare,91.40,±7.84,92.74,97.14,-3.31,1,2026-10-06 19:43:32,48.80,38.40
413,,fm.mammillarias 1.3,compare,98.66,±7.84,98.66,100.00,-0.70,1,2026-10-06 19:46:40,41.11,35.43
414,,fnc.bandit.Bandit 5.2.0,compare,92.73,±7.84,-1.00,97.14,0.00,1,2026-10-06 19:58:47,43.33,40.33
415,,fnc.bandit2002.Bandit2002 4.0.2,compare,79.69,±7.84,80.89,94.29,-4.88,1,2026-10-06 19:36:48,48.75,46.26
416,,fowl3628800.LightningBolt 2.6.0,compare,96.97,±3.62,97.84,96.19,-1.30,3,2026-10-06 19:56:21,44.75,51.81
417,,fowl3628800.SitAndGo 1.0.0,compare,96.38,±7.84,96.43,97.14,-1.86,1,2026-10-06 19:35:26,32.51,30.91
418,,fowl3628800.StopAndGo 1.0.0,compare,96.92,±7.84,96.99,100.00,-1.22,1,2026-10-06 19:26:58,30.94,29.04
419,,fowl3628800.ThunderStruck 3.0.0,compare,96.78,±7.84,96.84,97.14,-2.49,1,2026-10-06 19:27:42,31.12,32.70
420,,frag.FragBot 1.0,compare,86.45,±4.82,-1.00,92.86,0.00,2,2026-10-06 20:11:10,53.36,53.81
421,,franzor.Lizt 1.3.1,compare,96.95,±7.84,97.13,91.43,-2.05,1,2026-10-06 19:44:13,31.56,42.07
422,,froh.micro.Aversari 0.31,compare,95.73,±4.82,-1.00,97.14,0.00,2,2026-10-06 20:14:25,46.82,48.31
423,,fromHell.BlackBox 0.0.2,compare,70.25,±4.98,-1.00,85.71,0.00,2,2026-10-06 20:16:13,84.64,91.37
424,,fromHell.C22H30N2O2S 2.2,compare,72.84,±7.84,73.50,88.57,-3.68,1,2026-10-06 19:43:42,62.39,62.73
425,,fromHell.C4H10O 1.5.1,compare,73.77,±4.90,89.16,90.00,2.62,2,2026-10-06 19:44:05,69.04,71.66
426,,fromHell.CHCl3 1.4.2,compare,66.58,±7.84,81.74,80.00,3.59,1,2026-10-06 19:38:44,83.06,89.83
427,,fruits.NanoStrawbery 1.3,compare,99.08,±4.80,99.73,100.00,0.27,2,2026-10-06 19:48:03,13.45,8.10
428,,fullsail.LaxativeTeaTwo 1.0,compare,92.14,±7.84,93.75,97.14,-1.79,1,2026-10-06 19:45:23,46.28,44.81
429,,fullsail.SweetTea 1.1,compare,98.68,±7.84,98.68,97.14,-0.91,1,2026-10-06 19:48:36,33.98,33.33
430,,fullsail.TimbotNoPrediction 1.0,compare,89.20,±7.84,95.28,97.14,-0.03,1,2026-10-06 19:32:41,32.02,17.03
431,,fushi.PvP1.PvP1 2004-02-16,compare,84.51,±7.84,92.68,88.57,4.61,1,2026-10-06 19:38:34,55.13,64.82
432,,fw.Number1 1.0b,compare,93.09,±7.84,93.55,97.14,-4.48,1,2026-10-06 19:45:53,27.85,19.54
433,,gadsky.Gadsky 1.01,compare,83.04,±7.84,-1.00,94.29,0.00,1,2026-10-06 20:01:15,63.07,69.27
434,,geep.mini.GPBotA 1.0,compare,93.79,±3.65,91.89,97.14,-5.80,3,2026-10-06 20:03:02,43.46,34.67
435,,geep.mini.GPBotB 1.1,compare,88.09,±7.84,89.43,94.29,-3.21,1,2026-10-06 19:26:30,25.40,14.99
436,,genprog.Gajeel 1.0,compare,94.85,±4.80,95.83,97.14,-1.98,2,2026-10-06 19:57:13,26.22,15.01
437,,genprog.Rinmorikazu 1.0,compare,93.64,±7.84,94.72,97.14,-2.96,1,2026-10-06 19:28:30,25.60,14.33
438,,genprog.Zafaran 1.0,compare,94.75,±3.83,-1.00,98.10,0.00,3,2026-10-06 20:17:47,25.00,14.27
439,,germ.TheMind .2,compare,98.52,±7.84,-1.00,100.00,0.00,1,2026-10-06 19:55:59,37.27,27.33
440,,gf.Centaur.Centaur 0.6.7,compare,84.00,±7.84,94.17,91.43,7.14,1,2026-10-06 19:55:02,69.20,76.38
441,,gg.Squaraus 0.6,compare,94.77,±7.84,-1.00,97.14,0.00,1,2026-10-06 20:02:39,29.05,23.44
442,,gg.Wolverine 2.0,compare,83.84,±7.84,84.15,94.29,-6.71,1,2026-10-06 19:44:44,40.64,37.48
443,,gh.GresSuffurd 0.4.13,compare,62.11,±4.81,-1.00,72.86,0.00,2,2026-10-06 20:06:14,86.69,93.40
444,,gh.GrubbmGrb 1.2.4,compare,82.70,±2.65,-1.00,94.29,0.00,5,2026-10-06 20:25:20,71.90,75.89
445,,gh.GrypRepetyf 0.13,compare,89.43,±7.84,91.43,97.14,-0.76,1,2026-10-06 19:53:40,64.45,69.43
446,,gh.micro.Grinnik 1.0,compare,87.06,±7.84,-1.00,97.14,0.00,1,2026-10-06 20:13:55,66.41,69.55
447,,gh.micro.GrubbmThree 1.01,compare,65.05,±4.88,-1.00,90.00,0.00,2,2026-10-06 20:02:18,56.78,53.62
448,,gh.mini.Grimmig 0.3.6,compare,89.04,±7.84,95.85,97.14,2.20,1,2026-10-06 19:41:14,69.74,75.47
449,,gh.nano.Grofvuil 0.2,compare,95.17,±7.84,95.40,97.14,-2.56,1,2026-10-06 19:38:45,49.44,49.96
450,,ghent.ArthurPanzergon 1.0.0,compare,82.89,±3.87,-1.00,96.19,0.00,3,2026-10-06 20:14:13,46.83,39.94
451,,gimp.GimpBot 0.1,compare,96.39,±7.84,-1.00,97.14,0.00,1,2026-10-06 19:58:35,25.55,18.80
452,,gio.RealGioBot 1.0,compare,92.49,±7.84,-1.00,97.14,0.00,1,2026-10-06 20:15:40,31.12,23.05
453,,gjr.Cephalosporin 0.2,compare,93.63,±7.84,95.65,97.14,-0.65,1,2026-10-06 19:51:05,29.41,22.94
454,,goblin.Bender 2.4,compare,97.61,±7.84,97.77,97.14,-1.50,1,2026-10-06 19:40:34,22.91,19.28
455,,gre.svman4.Leonidas 1.3.2,compare,96.94,±1.66,-1.00,96.43,0.00,8,2026-10-06 20:26:11,33.17,35.60
456,,gre.svman4.Morfeas 1.4.3,compare,75.78,±4.96,90.37,81.43,4.51,2,2026-10-06 19:24:48,69.79,78.69
457,,grybgoofy.GoofyBot 0.10,compare,88.47,±4.07,-1.00,94.29,0.00,3,2026-10-06 20:16:00,43.26,41.86
458,,gtf.robocode.Strafer 2.1.1,compare,94.29,±7.84,97.69,100.00,0.83,1,2026-10-06 19:48:06,33.72,28.63
459,,gu.MicroScoob 1.3,compare,84.11,±7.84,-1.00,91.43,0.00,1,2026-10-06 20:02:41,54.59,50.90
460,,gwah.GBotMarkIV 1.0,compare,96.82,±4.94,98.54,98.57,-0.46,2,2026-10-06 19:56:12,20.37,11.39
461,,gwah.GerryBotMkII 1.5.1,compare,95.42,±4.81,96.07,97.14,-3.06,2,2026-10-06 19:39:55,12.67,6.29
462,,ha2.T2 0.2,compare,94.71,±3.69,-1.00,98.10,0.00,3,2026-10-06 20:09:14,40.47,37.35
463,,ha2.T2b 0.2b,compare,90.88,±4.84,-1.00,95.00,0.00,4,2026-10-06 20:20:53,48.38,47.14
464,,ha2.T3 0.2,compare,84.99,±4.93,87.99,95.71,-1.07,2,2026-10-06 20:05:00,58.18,59.13
465,,hamilton.Hamilton 1.0,compare,86.02,±7.84,88.21,94.29,-2.72,1,2026-10-06 19:37:54,47.55,51.64
466,,hapiel.Spiral 0.1,compare,93.28,±7.84,94.58,97.14,-1.79,1,2026-10-06 19:33:30,39.12,33.05
467,,hfgrobots.HFG 1.0,compare,98.71,±7.84,98.73,97.14,0.20,1,2026-10-06 19:30:55,8.85,8.26
468,,hirataatsushi.Neo 1.6,compare,96.14,±7.84,96.67,97.14,-1.49,1,2026-10-06 19:34:01,34.95,31.48
469,,hirataatsushi.Trinity 0.003,compare,95.53,±4.86,-1.00,98.57,0.00,2,2026-10-06 20:17:43,33.85,26.98
470,,hlavko.micro.Flex 1.5,compare,80.23,±7.84,91.05,88.57,1.78,1,2026-10-06 19:38:58,64.21,59.23
471,,hlavko.nano.Phoenix 1.0,compare,89.86,±7.84,89.97,97.14,-8.35,1,2026-10-06 19:44:52,38.65,30.14
472,,hlavko.nano.Ringo 2.0,compare,90.70,±7.84,90.84,97.14,-7.41,1,2026-10-06 19:30:05,42.26,37.01
473,,homerbots.h1 1.0,compare,98.94,±7.84,98.94,97.14,-0.72,1,2026-10-06 19:40:49,15.48,9.85
474,,hp.Athena 0.1,compare,80.77,±6.18,-1.00,91.43,0.00,2,2026-10-06 20:14:24,55.45,52.45
475,,hs.SimpleHBot 1.3,compare,92.27,±7.84,93.24,97.14,-5.21,1,2026-10-06 19:52:42,22.66,15.16
476,,hvilela.HVilela 0.9,compare,90.62,±7.84,-1.00,97.14,0.00,1,2026-10-06 20:03:06,41.18,34.66
477,,infovk.s_schwarzm16.silverbird 1.0,compare,80.29,±7.84,90.49,88.57,4.45,1,2026-10-06 19:55:20,66.95,71.43
478,,ins.MobyNano 0.8,compare,83.44,±7.84,85.98,94.29,3.64,1,2026-10-06 19:57:35,55.81,48.02
479,,intruder.PrairieWolf 2.61,compare,78.45,±7.84,-1.00,85.71,0.00,1,2026-10-06 20:16:24,65.12,72.35
480,,is.fon.rs.FonDestroyer3084 1.0,compare,99.94,±7.84,99.94,100.00,0.12,1,2026-10-06 19:22:58,9.75,5.93
481,,is.fon.rs.Kamikaza 1.0,compare,97.11,±7.84,97.11,97.14,-2.55,1,2026-10-06 19:53:03,13.38,6.97
482,,jaara.LambdaBot 1.1,compare,84.72,±3.61,-1.00,96.19,0.00,3,2026-10-06 20:13:01,55.25,53.73
483,,jab.DiamondStealer 5,compare,83.39,±5.17,-1.00,95.71,0.00,2,2026-10-06 20:19:59,54.34,51.17
484,,jab.avk.ManuelGallegus 0.6,compare,67.55,±7.84,69.70,80.00,-7.96,1,2026-10-06 19:30:26,69.26,69.54
485,,jab.micro.Sanguijuela 0.8,compare,69.98,±7.84,78.55,94.29,-1.59,1,2026-10-06 19:39:27,55.46,47.69
486,,jaemcrb.nano.M1Abrams 1.0,compare,94.50,±4.93,-1.00,97.14,0.00,2,2026-10-06 20:19:01,42.65,38.04
487,,jam.RaikoMX 0.32,compare,66.13,±7.84,77.98,80.00,1.31,1,2026-10-06 19:47:30,82.24,87.35
488,,jam.micro.RaikoMicro 1.44,compare,88.63,±7.84,88.63,94.29,16.22,1,2026-10-06 19:49:40,71.70,75.65
489,,jam.mini.Raiko 0.43,compare,70.05,±7.84,70.05,85.71,-1.07,1,2026-10-06 19:39:39,74.41,80.47
490,,janm.Jammy 1.0,compare,85.67,±7.84,-1.00,97.14,0.00,1,2026-10-06 20:08:37,43.92,35.73
491,,japs.Serenity 1.0,compare,98.07,±7.84,-1.00,97.14,0.00,1,2026-10-06 19:58:39,10.34,14.08
492,,japs.Sjonniebot 0.9.1,compare,86.07,±7.84,89.39,97.14,-6.00,1,2026-10-06 19:27:26,35.36,24.50
493,,jasolo.Sonda 0.55,compare,92.43,±7.84,92.43,97.14,6.11,1,2026-10-06 19:52:18,56.89,57.47
494,,jaw.KarenCain 0.11,compare,97.80,±7.84,97.93,97.14,-1.22,1,2026-10-06 19:46:14,31.31,26.10
495,,jaw.Mouse 0.11,compare,94.58,±7.84,-1.00,100.00,0.00,1,2026-10-06 20:11:54,44.65,41.80
496,,jaybot.adv.bots.JayBot 2.0,compare,94.46,±7.84,-1.00,100.00,0.00,1,2026-10-06 20:12:57,43.09,39.89
497,,jaybot.bots.Oddball 4.0,compare,97.26,±7.84,97.47,97.14,-1.52,1,2026-10-06 19:30:33,25.13,26.92
498,,jbot.Rabbit2 1.1,compare,75.73,±7.84,-1.00,85.71,0.00,1,2026-10-06 20:03:21,64.07,68.00
499,,jcs.AutoBot 4.2.1,compare,65.49,±7.84,-1.00,71.43,0.00,1,2026-10-06 20:08:01,64.82,68.62
500,,jcs.Decepticon 2.5.3,compare,66.18,±7.84,-1.00,74.29,0.00,1,2026-10-06 20:02:08,78.19,83.49
501,,jcs.Megatron 1.2,compare,74.81,±7.84,-1.00,85.71,0.00,1,2026-10-06 20:09:27,77.49,81.27
502,,jcs.Seth 1.8,compare,95.49,±7.84,95.97,94.29,-0.77,1,2026-10-06 19:25:35,36.88,43.75
503,,jcw.ArcherOne 1.0,compare,98.19,±4.80,-1.00,97.14,0.00,2,2026-10-06 20:11:39,11.35,6.76
504,,jcz.linio.Linio 2.0.H,compare,87.23,±7.84,91.59,94.29,-2.53,1,2026-10-06 19:53:05,58.95,62.58
505,,jd.Nullstride 2.3.3,compare,22.48,±5.26,50.67,10.00,4.02,2,2026-10-06 19:53:46,95.06,99.17
506,,jdw.Hornet 1.0,compare,94.76,±7.84,94.81,97.14,-3.34,1,2026-10-06 19:28:25,35.12,22.30
507,,jekl.DarkHallow .90.9,compare,58.46,±7.84,58.70,71.43,-8.29,1,2026-10-06 19:33:50,76.69,81.38
508,,jekl.Jekyl .70,compare,76.10,±4.00,-1.00,90.48,0.00,3,2026-10-06 20:22:50,67.98,73.31
509,,jekl.mini.BlackPearl .91,compare,71.46,±7.84,72.44,85.71,-6.73,1,2026-10-06 19:43:29,66.76,70.31
510,,jep.Terrible 0.4.1,compare,95.51,±7.84,-1.00,97.14,0.00,1,2026-10-06 20:00:18,44.61,40.21
511,,jep.nano.Hawkwing 0.4.1,compare,92.86,±4.89,93.04,97.14,-5.76,2,2026-10-06 19:48:43,37.96,28.34
512,,jep.nano.Hotspur 0.1,compare,95.60,±7.84,95.60,97.14,-3.41,1,2026-10-06 19:34:33,39.20,25.67
513,,jeremyreeder.Bully 1,compare,91.76,±7.84,92.05,97.14,-3.23,1,2026-10-06 19:41:58,36.22,22.04
514,,jeremyreeder.Vincent 2011.12.09,compare,90.95,±4.82,91.82,97.14,-5.09,2,2026-10-06 20:03:07,35.63,26.80
515,,jeremyreeder.collective.Prophet 5,compare,94.05,±7.84,-1.00,97.14,0.00,1,2026-10-06 20:14:08,32.19,23.40
516,,jf.Dodger 1.3,compare,95.95,±7.84,96.01,97.14,-3.15,1,2026-10-06 19:44:40,33.99,26.55
517,,jgap.JGAP12584 1.0,compare,97.45,±7.84,-1.00,97.14,0.00,1,2026-10-06 20:15:05,6.63,1.67
518,,jgap.JGAP130166 1.0,compare,96.75,±7.84,96.82,97.14,-1.21,1,2026-10-06 19:26:15,24.71,14.41
519,,jgap.JGAP23423 1.0,compare,93.49,±7.84,94.70,97.14,-3.07,1,2026-10-06 19:39:09,27.60,14.96
520,,jgap.JGAP6139 1.0,compare,86.07,±7.84,93.12,97.14,-3.30,1,2026-10-06 19:30:03,32.18,16.90
521,,jgap.JGAP7247_2 1.0,compare,94.96,±4.80,98.01,97.14,-0.13,2,2026-10-06 19:38:03,16.78,5.55
522,,jgap.JGAP7958 1.0,compare,88.36,±7.84,-1.00,100.00,0.00,1,2026-10-06 20:08:44,34.91,20.30
523,,jje.BagPuss 1.2,compare,84.22,±7.84,84.72,91.43,-10.70,1,2026-10-06 19:27:45,45.59,43.95
524,,jk.mega.DrussGT 3.1.16,compare,33.45,±7.84,42.37,31.43,1.85,1,2026-10-06 19:27:39,92.59,98.02
525,,jk.melee.Neuromancer 7.12,compare,54.61,±7.84,-1.00,62.86,0.00,1,2026-10-06 19:59:33,86.58,94.00
526,,jk.micro.Cotillion 0.8,compare,72.66,±7.84,-1.00,88.57,0.00,1,2026-10-06 20:05:56,77.76,82.35
527,,jk.mini.CunobelinDC 1.2,compare,76.45,±7.84,77.72,94.29,12.22,1,2026-10-06 19:38:17,82.95,88.17
528,,jk.nano.Machete 2.0,compare,72.47,±7.84,80.58,97.14,-2.08,1,2026-10-06 19:24:12,62.71,57.72
529,,jk.precise.EnergyDome 1.8,compare,98.96,±4.80,98.97,97.14,13.44,2,2026-10-06 20:05:02,56.27,62.93
530,,jk.precise.Wintermute 0.8,compare,63.37,±4.99,-1.00,82.86,0.00,2,2026-10-06 20:19:49,84.60,91.00
531,,jk.sheldor.nano.Yatagan 1.2.3,compare,73.88,±5.04,-1.00,85.71,0.00,2,2026-10-06 20:18:29,65.60,63.52
532,,jmcd.BeoWulf 2.8,compare,78.67,±7.84,-1.00,88.57,0.00,1,2026-10-06 20:15:55,57.89,58.75
533,,joe.ADinosaur 1.0,compare,91.60,±7.84,91.60,97.14,-4.36,1,2026-10-06 19:34:26,46.15,40.60
534,,josago.Jorgito 0.16,compare,87.42,±7.84,-1.00,88.57,0.00,1,2026-10-06 19:59:01,49.08,50.16
535,,jp.Perpy 16.0,compare,87.30,±5.04,96.69,95.71,5.97,2,2026-10-06 19:51:40,58.92,59.67
536,,jp.SineWall 1.0,compare,96.33,±4.81,97.73,98.57,-0.43,2,2026-10-06 20:05:32,28.74,20.58
537,,jrm.Test0 1.0,compare,95.01,±7.84,96.10,97.14,-0.25,1,2026-10-06 19:57:10,42.96,38.45
538,,js.PinBall 1.6,compare,92.79,±7.84,93.41,94.29,-3.72,1,2026-10-06 19:45:21,47.28,44.04
539,,jsal.Jsalbot 1.0,compare,95.06,±7.84,96.23,97.14,-1.71,1,2026-10-06 19:22:15,25.84,20.53
540,,jt.SpearmintCT Alpha,compare,94.52,±7.84,95.43,97.14,-2.14,1,2026-10-06 19:38:56,25.12,12.53
541,,justin.DemonicRage 3.20,compare,63.52,±6.22,-1.00,79.05,0.00,3,2026-10-06 20:14:17,81.07,86.93
542,,jw.Booring 1.11,compare,75.35,±7.84,75.64,82.86,3.30,1,2026-10-06 19:49:09,58.95,63.01
543,,jwirde.Gort 2.0,compare,97.53,±2.40,-1.00,98.86,0.00,5,2026-10-06 20:25:23,38.38,35.71
544,,jwst.DAD.DarkAndDarker 1.1,compare,67.55,±7.84,-1.00,68.57,0.00,1,2026-10-06 19:56:21,63.61,69.69
545,,kanishk.Fr0z3n 1.1,compare,99.55,±7.84,99.56,100.00,-0.15,1,2026-10-06 19:42:21,22.49,22.01
546,,kano.gamma.KanoGamma 1.8,compare,88.19,±7.84,-1.00,100.00,0.00,1,2026-10-06 20:06:39,49.78,48.34
547,,kawam.kmBot9 1.0,compare,92.42,±4.95,94.69,94.29,-2.95,2,2026-10-06 19:56:10,43.11,44.00
548,,kawigi.f.FhqwhgadsMicro 1.0,compare,71.92,±7.84,-1.00,82.86,0.00,1,2026-10-06 19:58:14,64.51,65.37
549,,kawigi.micro.Shiz 1.1,compare,97.62,±4.81,98.05,97.14,-0.93,2,2026-10-06 20:07:15,40.75,36.36
550,,kawigi.mini.Coriantumr 1.1,compare,88.29,±7.84,88.61,97.14,-0.96,1,2026-10-06 19:48:31,63.49,67.18
551,,kawigi.mini.Fhqwhgads 1.1,compare,68.32,±7.84,68.32,77.14,-9.67,1,2026-10-06 19:33:57,64.86,67.13
552,,kawigi.nano.FunkyChicken 1.1,compare,81.45,±7.84,-1.00,94.29,0.00,1,2026-10-06 20:01:24,57.84,53.64
553,,kawigi.nano.ThnikkaBot 0.9,compare,92.51,±4.80,-1.00,95.71,0.00,2,2026-10-06 20:22:08,47.14,44.74
554,,kawigi.robot.Girl 1.2,compare,93.68,±3.51,-1.00,97.14,0.00,3,2026-10-06 20:06:29,42.07,43.50
555,,kawigi.sbf.Barracuda 1.0,compare,94.14,±7.84,94.35,97.14,-4.50,1,2026-10-06 19:50:29,47.29,45.92
556,,kawigi.sbf.FloodHT 0.9.2,compare,64.28,±7.84,74.92,80.00,-1.80,1,2026-10-06 19:33:13,73.04,78.85
557,,kawigi.sbf.FloodMicro 1.5,compare,97.88,±7.84,-1.00,97.14,0.00,1,2026-10-06 20:02:56,47.13,43.05
558,,kawigi.sbf.FloodMini 1.4,compare,78.97,±7.84,79.88,91.43,-1.01,1,2026-10-06 19:42:47,66.23,68.81
559,,kawigi.sbf.FloodNano 1.2,compare,88.21,±4.80,92.22,97.14,-2.71,2,2026-10-06 19:46:28,45.19,36.71
560,,kawigi.sbf.FloodSonnet 0.9,compare,78.38,±7.84,79.47,91.43,0.35,1,2026-10-06 19:27:55,63.32,66.18
561,,kawigi.sbf.Teancum 1.3,compare,78.47,±7.84,89.97,91.43,5.40,1,2026-10-06 19:29:23,59.63,63.28
562,,kawigi.spare.SpareParts 0.7.6nosnd,compare,89.33,±7.84,92.77,88.57,-3.81,1,2026-10-06 19:34:24,45.15,45.67
563,,kb.PingPong 1.0,compare,98.99,±7.84,-1.00,97.14,0.00,1,2026-10-06 20:03:00,13.60,12.16
564,,kc.mega.BeepBoop 2.0,compare,16.67,±7.84,-1.00,5.71,0.00,1,2026-10-06 19:59:43,95.02,99.20
565,,kc.micro.Needle 0.101,compare,77.08,±7.84,89.64,94.29,1.67,1,2026-10-06 19:34:16,69.36,72.62
566,,kc.micro.Thorn 1.252,compare,70.94,±7.84,71.61,82.86,1.43,1,2026-10-06 19:53:54,75.56,79.98
567,,kc.micro.WaveShark 0.5,compare,72.57,±7.84,-1.00,82.86,0.00,1,2026-10-06 19:57:48,76.94,81.03
568,,kc.micro.rammer.MaxRisk 0.6,compare,69.27,±4.84,-1.00,94.29,0.00,2,2026-10-06 20:23:58,56.43,51.28
569,,kc.nano.Splinter 1.2,compare,77.24,±7.84,-1.00,88.57,0.00,1,2026-10-06 20:12:30,58.11,56.30
570,,kc.serpent.Hydra 0.21,compare,57.46,±2.73,-1.00,73.81,0.00,6,2026-10-06 20:25:54,84.60,90.66
571,,kc.serpent.WaveSerpent 2.11,compare,51.16,±7.84,68.00,68.57,5.11,1,2026-10-06 19:39:42,86.69,93.04
572,,kcn.percept.PerceptBot 2.3,compare,98.12,±7.84,98.24,97.14,-0.62,1,2026-10-06 19:58:13,36.00,38.14
573,,kcn.unnamed.Unnamed 1.21,compare,86.62,±7.84,-1.00,94.29,0.00,1,2026-10-06 20:09:33,68.41,72.16
574,,kenran.Bakko v1.0.1,compare,59.67,±7.84,63.14,65.71,-6.49,1,2026-10-06 19:55:03,76.38,82.86
575,,kenran.mega.Pantheist 1.1,compare,61.73,±7.84,65.22,74.29,-7.14,1,2026-10-06 19:45:49,72.73,78.42
576,,kid.Gladiator .7.2,compare,88.16,±7.84,-1.00,94.29,0.00,1,2026-10-06 20:08:08,75.94,83.55
577,,kid.Toa .0.5,compare,80.72,±7.84,-1.00,91.43,0.00,1,2026-10-06 20:06:21,71.81,77.78
578,,kinsen.melee.Angsaichmophobia 1.8c,compare,89.18,±7.84,-1.00,97.14,0.00,1,2026-10-06 20:10:42,56.73,56.30
579,,kinsen.nano.Charp 1.0,compare,74.32,±2.73,-1.00,88.57,0.00,8,2026-10-06 20:25:01,58.69,52.52
580,,kinsen.nano.Hoplomachy 1.6,compare,95.17,±5.08,-1.00,98.57,0.00,2,2026-10-06 20:03:14,49.69,44.84
581,,kinsen.nano.Quarrelet 1.0,compare,67.66,±7.84,69.45,85.71,-7.02,1,2026-10-06 19:50:22,58.43,51.53
582,,kinsen.nano.Senticous 1.0,compare,84.55,±3.59,96.50,96.19,2.29,3,2026-10-06 20:04:26,47.61,38.72
583,,kjc.Karaykan 1.0,compare,96.33,±7.84,98.90,97.14,1.84,1,2026-10-06 19:42:57,22.05,14.42
584,,kjc.MailManX 2.0,compare,93.57,±7.84,-1.00,97.14,0.00,1,2026-10-06 19:56:17,22.36,14.01
585,,kjc.etc.Dharok 1.0,compare,94.41,±4.80,-1.00,98.57,0.00,2,2026-10-06 20:00:10,43.36,36.74
586,,klein.GottesKrieger 1.1,compare,92.65,±7.84,-1.00,100.00,0.00,1,2026-10-06 20:02:22,49.76,47.30
587,,kms.Golden 0.10,compare,70.61,±7.84,-1.00,80.00,0.00,1,2026-10-06 19:58:34,72.99,78.23
588,,kms.Royal 0.15M,compare,91.50,±4.82,94.81,95.71,-0.33,2,2026-10-06 20:07:08,44.40,35.17
589,,knackibot.KnackOnOne 0.8.1,compare,97.35,±7.84,-1.00,97.14,0.00,1,2026-10-06 19:57:24,39.07,37.12
590,,kneels.ToNoone 0.2,compare,88.28,±3.90,92.31,94.29,-5.77,3,2026-10-06 19:56:25,33.32,25.47
591,,kneels.nano.Derp 0.2,compare,69.25,±7.84,69.77,82.86,-6.60,1,2026-10-06 19:54:30,55.78,50.26
592,,krillr.mega.Psyche 0.0.3,compare,94.63,±7.84,-1.00,97.14,0.00,1,2026-10-06 20:11:29,46.18,42.21
593,,krillr.mini.JointStrike 2.0.0,compare,89.41,±7.84,97.63,97.14,3.22,1,2026-10-06 19:32:46,50.41,41.96
594,,kronenthaler.Basilisk 1.0,compare,87.20,±7.84,87.25,82.86,-10.18,1,2026-10-06 19:43:17,60.98,70.55
595,,krzysiek.robbo2.Robbo 1.0.0,compare,83.52,±7.84,85.61,94.29,-4.53,1,2026-10-06 19:30:28,57.53,58.12
596,,kurios.DOSexe .9a,compare,88.44,±7.84,-1.00,97.14,0.00,1,2026-10-06 20:01:00,44.50,30.54
597,,kvk.HebusLeTroll 0.41,compare,83.96,±7.84,89.90,97.14,-0.57,1,2026-10-06 19:42:34,61.46,64.02
598,,labg.Cataclysm 2.05,compare,87.19,±4.88,-1.00,95.71,0.00,2,2026-10-06 20:19:25,58.17,60.47
599,,lancel.Lynx 1.09,compare,62.27,±3.10,-1.00,77.86,0.00,4,2026-10-06 20:20:01,77.70,84.56
600,,lazarecki.mega.PinkerStinker 0.7,compare,78.20,±7.84,92.83,91.43,14.96,1,2026-10-06 19:31:07,69.26,77.24
601,,learn.ISmart 2.0s,compare,73.79,±4.62,-1.00,84.76,0.00,3,2026-10-06 20:00:56,62.35,66.81
602,,leb.ShootAnArrow 0.1,compare,87.27,±7.84,89.50,97.14,-7.63,1,2026-10-06 19:30:35,31.24,20.13
603,,lechu.Ala 0.0.4,compare,84.10,±4.91,-1.00,92.86,0.00,2,2026-10-06 20:00:13,54.68,59.57
604,,lechu.Lechu 1.1,compare,95.34,±2.90,-1.00,98.57,0.00,4,2026-10-06 20:18:17,44.49,41.22
605,,lessonz.robocode.Oz 0.5.0,compare,96.18,±7.84,-1.00,97.14,0.00,1,2026-10-06 20:00:23,48.26,49.22
606,,lion.Kresnanano 1.0,compare,90.32,±7.84,93.37,94.29,-2.91,1,2026-10-06 19:40:15,42.41,35.90
607,,lj.Dapps 0.2,compare,85.08,±7.84,-1.00,97.14,0.00,1,2026-10-06 20:11:43,62.79,65.73
608,,lk.nano.Avesnar 1.1,compare,91.04,±7.84,92.08,97.14,-4.14,1,2026-10-06 19:25:44,49.51,44.23
609,,lmk.ACPFinal 0.2,compare,95.28,±7.84,-1.00,97.14,0.00,1,2026-10-06 20:03:06,35.73,29.77
610,,logiblocs.Fire 1.0,compare,97.99,±7.84,98.68,97.14,-0.53,1,2026-10-06 19:52:02,4.27,1.26
611,,logiblocs.SittingDroid 1.0,compare,99.14,±4.80,99.14,97.14,0.18,2,2026-10-06 19:58:04,3.25,3.85
612,,lorneswork.Predator 1.0,compare,63.22,±6.37,-1.00,64.29,0.00,2,2026-10-06 20:21:46,42.98,41.78
613,,lrem.Spectre 0.4.4,compare,84.89,±7.84,-1.00,94.29,0.00,1,2026-10-06 20:03:19,56.60,58.70
614,,lrem.magic.TormentedAngel Antiquitie,compare,77.84,±7.84,77.84,91.43,-1.04,1,2026-10-06 19:44:52,57.38,58.83
615,,lrem.micro.FalseProphet Alpha,compare,83.46,±7.84,85.05,97.14,3.26,1,2026-10-06 19:33:19,58.28,58.01
616,,lrem.micro.MoggFanatic 0.2,compare,90.58,±7.84,92.53,97.14,0.03,1,2026-10-06 19:42:51,50.98,46.71
617,,lrem.quickhack.QuickHack 1.0,compare,85.77,±7.84,85.77,91.43,-3.59,1,2026-10-06 19:27:33,54.51,56.94
618,,lucasslf.Dodger 1.0,compare,78.83,±7.84,79.07,91.43,-0.15,1,2026-10-06 19:30:58,61.91,67.57
619,,lucasslf.HariSeldon 0.2.1,compare,75.26,±4.82,75.34,88.57,0.84,2,2026-10-06 19:54:32,69.96,75.24
620,,lucasslf.Wiggins 0.6,compare,80.30,±7.84,81.10,100.00,14.20,1,2026-10-06 19:41:48,77.07,83.55
621,,lunchie.Lunchbox 0.93,compare,94.89,±7.84,-1.00,100.00,0.00,1,2026-10-06 20:08:32,36.26,30.33
622,,lundal.Mark8 2012.09.15,compare,96.66,±7.84,96.67,97.14,-2.01,1,2026-10-06 19:26:20,38.98,38.18
623,,lw.LuthersTest 0.1,compare,98.69,±4.80,98.72,97.14,-0.45,2,2026-10-06 19:31:22,8.09,5.29
624,,lxx.ConceptA 0.8,compare,78.82,±3.85,-1.00,93.71,0.00,5,2026-10-06 20:24:12,70.16,69.35
625,,lxx.Emerald 0.6.5,compare,94.87,±7.84,95.66,100.00,1.48,1,2026-10-06 19:43:49,69.02,76.26
626,,lxx.Tomcat 3.68,compare,50.30,±7.84,62.17,62.86,7.17,1,2026-10-06 19:25:57,87.71,95.11
627,,m3thos.Eva00 1.1,compare,98.90,±7.84,-1.00,100.00,0.00,1,2026-10-06 20:14:59,41.01,31.85
628,,m3thos.Eva02 0.7.1,compare,92.28,±4.82,96.54,97.14,0.25,2,2026-10-06 19:53:31,51.48,53.30
629,,m3thos.mini.Eva01 0.5.5,compare,94.40,±4.80,94.88,97.14,-0.13,2,2026-10-06 20:03:29,38.91,35.47
630,,ma.is.fon.rs.RobotA 0.01,compare,97.97,±3.55,-1.00,98.10,0.00,3,2026-10-06 20:22:33,17.85,9.44
631,,madmath.Cow 0.1.1,compare,95.81,±4.88,-1.00,97.14,0.00,2,2026-10-06 20:09:42,22.45,13.44
632,,mae.Mae1 1.1,compare,98.88,±3.55,98.93,98.10,-0.75,3,2026-10-06 19:40:10,15.93,10.74
633,,mahrgell.mahrram 1.3,compare,77.67,±2.52,-1.00,96.00,0.00,5,2026-10-06 20:21:05,50.47,38.01
634,,marcinek.TopGun 1.3,compare,63.17,±7.02,63.70,66.67,-31.53,3,2026-10-06 19:40:25,43.59,34.50
635,,maribo.FollowFire 1.11,compare,70.40,±2.68,-1.00,93.33,0.00,6,2026-10-06 20:24:39,48.62,32.82
636,,maribo.IotaCT 1.0,compare,80.10,±7.84,80.29,91.43,-14.03,1,2026-10-06 19:28:32,42.16,37.00
637,,maribo.Omicron 1.0,compare,90.08,±3.78,-1.00,96.43,0.00,4,2026-10-06 20:20:55,52.51,48.60
638,,maribo.melee.BMV 0.1,compare,91.56,±7.84,91.56,97.14,-5.68,1,2026-10-06 19:41:53,42.52,35.23
639,,marksteam.Phoenix 1.0,compare,88.66,±7.84,89.48,97.14,-4.08,1,2026-10-06 19:52:58,46.44,42.15
640,,matt.BlueMind 0.8.00,compare,92.91,±4.84,-1.00,95.71,0.00,2,2026-10-06 20:07:42,33.20,29.13
641,,matt.UnderDark3 2.4.34,compare,95.97,±7.84,97.16,97.14,-1.50,1,2026-10-06 19:35:47,31.65,34.05
642,,matt.UnderDark4 0.4.00,compare,96.01,±7.84,97.09,97.14,-1.98,1,2026-10-06 19:38:22,20.49,18.46
643,,matt.advanced.Katana 1.0,compare,89.18,±7.84,-1.00,91.43,0.00,1,2026-10-06 20:04:03,35.98,31.08
644,,maye.SlashBot 1.0,compare,98.60,±7.84,98.60,97.14,-1.15,1,2026-10-06 19:52:30,9.71,5.69
645,,mb.Beast 0.4.1,compare,96.53,±7.84,-1.00,97.14,0.00,1,2026-10-06 20:04:52,47.98,45.78
646,,mb.Monte 0.1.0,compare,84.39,±7.84,87.59,91.43,-3.49,1,2026-10-06 19:48:25,59.43,58.94
647,,mbh.Mbh 0.1,compare,96.07,±7.84,96.33,97.14,-2.17,1,2026-10-06 19:48:13,24.85,15.16
648,,mbro.BelajarBot 0.0.3,compare,97.60,±7.84,97.66,97.14,-1.10,1,2026-10-06 19:44:29,25.35,20.28
649,,mbro.Detektor3 0.1.1,compare,95.62,±7.84,95.74,100.00,-3.07,1,2026-10-06 19:39:05,25.68,24.59
650,,mc.Messapia 0.1.8,compare,99.76,±4.80,-1.00,100.00,0.00,2,2026-10-06 20:22:05,11.30,7.62
651,,mc2.enemy.Original 0.9,compare,91.36,±4.88,-1.00,90.00,0.00,2,2026-10-06 20:13:49,49.25,59.83
652,,mcb.Audace 1.3,compare,93.94,±7.84,96.29,97.14,0.35,1,2026-10-06 19:24:29,51.75,49.22
653,,md.November 1.0,compare,88.91,±4.95,-1.00,95.71,0.00,2,2026-10-06 20:15:47,43.48,36.85
654,,md.Pasta 1.1,compare,92.52,±7.84,-1.00,100.00,0.00,1,2026-10-06 20:11:47,48.43,43.99
655,,md.VelociRaptor 1.3,compare,93.36,±7.84,95.56,97.14,-1.86,1,2026-10-06 19:31:41,25.50,14.90
656,,mdouet.BotKicker 2.0,compare,95.83,±7.84,97.76,97.14,1.79,1,2026-10-06 19:30:41,40.84,34.19
657,,metal.small.MCool 1.21,compare,85.33,±7.84,85.33,97.14,-4.26,1,2026-10-06 19:48:51,54.04,51.00
658,,metal.small.dna2.MCoolDNA 1.5,compare,73.40,±7.84,73.79,85.71,-0.70,1,2026-10-06 19:39:04,68.38,74.33
659,,microtestbotpack.MicroTestBot 1.0,compare,97.58,±7.84,97.76,97.14,-1.25,1,2026-10-06 19:46:07,38.33,45.84
660,,mjhjd.MattHussey1 1.1,compare,99.01,±3.55,-1.00,98.10,0.00,3,2026-10-06 20:09:45,9.87,7.90
661,,mk.Alpha 0.2.1,compare,87.91,±3.87,87.91,96.19,-1.56,3,2026-10-06 19:53:43,63.99,67.07
662,,mladjo.AIR 0.7,compare,81.88,±4.84,84.01,94.29,0.15,2,2026-10-06 19:25:03,54.22,51.04
663,,mladjo.GnuKlub 0.1,compare,83.29,±7.84,-1.00,91.43,0.00,1,2026-10-06 20:02:17,65.12,65.42
664,,mladjo.Grrrrr 0.9,compare,69.17,±7.84,70.16,82.86,-0.67,1,2026-10-06 19:50:33,67.89,73.82
665,,mladjo.Startko 1.0,compare,83.83,±5.07,84.12,95.71,-2.61,2,2026-10-06 19:53:51,53.06,51.67
666,,mladjo.iRobot 0.3,compare,84.76,±7.84,87.90,94.29,2.32,1,2026-10-06 19:28:22,70.78,76.14
667,,mld.DustBunny 3.8,compare,93.52,±7.84,93.85,97.14,-3.94,1,2026-10-06 19:29:10,41.68,31.76
668,,mld.Infinity 2.2,compare,95.68,±3.51,96.57,97.14,0.29,3,2026-10-06 20:04:55,41.09,37.14
669,,mld.LittleBlackBook 1.69e,compare,91.40,±7.84,94.28,97.14,-2.13,1,2026-10-06 19:37:55,51.59,48.39
670,,mld.Moebius 2.9.3,compare,79.61,±7.84,80.27,94.29,0.79,1,2026-10-06 19:28:03,63.96,64.73
671,,mld.Wisdom 1.0,compare,93.28,±7.84,93.93,97.14,-3.95,1,2026-10-06 19:28:10,43.89,39.95
672,,mld.jdc.nano.LittleBlackBook 1.0,compare,93.08,±7.84,95.99,100.00,-0.48,1,2026-10-06 19:50:13,52.85,51.17
673,,mmb.Roskilde 0.5,compare,97.36,±7.84,-1.00,100.00,0.00,1,2026-10-06 20:09:25,42.36,47.36
674,,mme.NikeEnhanced 2.0,compare,96.32,±4.82,96.59,97.14,-2.22,2,2026-10-06 19:45:37,30.86,22.65
675,,mn.Combat 3.25.0,compare,62.33,±7.84,-1.00,74.29,0.00,1,2026-10-06 19:57:08,83.24,92.87
676,,mn.micro.perceptual.Mimic 1.0.0,compare,94.37,±7.84,-1.00,97.14,0.00,1,2026-10-06 19:55:37,35.57,28.12
677,,mn.nano.SkippedTurns 1.1.0,compare,100.00,±7.84,-1.00,100.00,0.00,1,2026-10-06 20:09:48,0.00,0.01
678,,mn.nano.perceptual.Impact 1.3.0,compare,66.70,±7.84,77.41,91.43,-3.93,1,2026-10-06 19:27:46,55.44,47.70
679,,mnt.AHEB 0.6a,compare,77.90,±7.84,-1.00,88.57,0.00,1,2026-10-06 20:17:49,62.14,67.35
680,,mnt.SurferBot 0.2.5,compare,88.96,±7.84,-1.00,100.00,0.00,1,2026-10-06 20:12:15,63.08,66.96
681,,morbid.MorbidPriest 1.0,compare,86.48,±7.84,89.03,97.14,-4.53,1,2026-10-06 19:42:37,53.40,56.29
682,,mrm.MightyMoose .2,compare,89.55,±7.84,89.55,97.14,-6.91,1,2026-10-06 19:37:07,46.01,42.13
683,,ms.Ares 0.19,compare,90.95,±5.01,-1.00,94.29,0.00,2,2026-10-06 20:13:11,58.98,64.45
684,,mue.Ascendant 1.2.27,compare,57.12,±7.84,-1.00,71.43,0.00,1,2026-10-06 20:10:27,84.91,91.92
685,,mue.Hyperion 0.8,compare,65.01,±7.84,-1.00,71.43,0.00,1,2026-10-06 20:07:38,75.77,86.37
686,,muf.CrazyKitten 0.9,compare,83.54,±7.84,89.55,94.29,1.96,1,2026-10-06 19:26:51,59.91,60.33
687,,mwj.A1176183 1.0,compare,98.94,±7.84,98.97,97.14,-0.79,1,2026-10-06 19:37:49,18.93,21.15
688,,myl.micro.Avipes 1.00,compare,78.05,±3.87,-1.00,91.43,0.00,3,2026-10-06 20:15:40,64.49,64.09
689,,myl.micro.NekoNinja 1.30,compare,85.03,±7.84,85.68,94.29,-0.09,1,2026-10-06 19:46:47,56.18,54.60
690,,myl.micro.Predator 1.50,compare,82.48,±7.84,82.48,91.43,-15.59,1,2026-10-06 19:46:01,51.50,48.35
691,,myl.micro.Troodon 1.10,compare,94.63,±4.95,94.65,95.71,-4.09,2,2026-10-06 19:51:22,45.28,40.32
692,,myl.nano.Graviton 1.10,compare,97.83,±4.80,97.95,97.14,-1.36,2,2026-10-06 19:26:02,35.47,33.93
693,,myl.nano.Kakuru 1.20,compare,81.24,±7.84,-1.00,97.14,0.00,1,2026-10-06 20:16:36,52.80,45.59
694,,myl.nano.KomoriNinja 1.1,compare,91.37,±4.70,-1.00,97.14,0.00,3,2026-10-06 20:04:36,44.57,39.94
695,,mym.EdgeStalker 1.0,compare,96.60,±7.84,96.61,97.14,-3.13,1,2026-10-06 19:31:57,11.35,8.09
696,,mz.Adept 2.65,compare,87.44,±4.37,88.00,96.19,-2.97,3,2026-10-06 19:55:05,50.47,47.21
697,,mz.AdeptBSB 1.03,compare,95.97,±7.84,95.97,97.14,-2.55,1,2026-10-06 19:48:40,50.89,52.53
698,,mz.Movement 1.8,compare,93.95,±7.84,-1.00,97.14,0.00,1,2026-10-06 20:02:12,46.71,41.49
699,,mz.NanoDeath 2.56,compare,69.30,±4.98,-1.00,94.29,0.00,2,2026-10-06 20:07:57,54.74,46.67
700,,mz.NanoGod 2.02,compare,90.23,±5.05,-1.00,93.33,0.00,3,2026-10-06 20:22:31,49.91,50.98
701,,nammyung.ModelT 0.23,compare,98.38,±7.84,98.41,97.14,-0.96,1,2026-10-06 19:42:46,38.36,49.58
702,,nan.Ihivatar_Mk_1 1.0,compare,82.09,±4.80,82.09,95.71,-12.38,2,2026-10-06 20:01:03,56.28,54.28
703,,nanoskank.NanoSkank 1.0,compare,92.64,±7.84,95.82,100.00,-1.16,1,2026-10-06 19:40:52,38.92,29.05
704,,nat.BlackHole 2.0gamma,compare,67.59,±7.84,70.47,80.00,6.62,1,2026-10-06 19:32:26,74.37,78.52
705,,nat.Hikari dev0001,compare,79.41,±7.84,81.13,91.43,-4.55,1,2026-10-06 19:39:59,67.63,72.38
706,,nat.Samekh 0.4,compare,59.47,±5.72,72.66,74.29,-1.89,2,2026-10-06 19:53:33,76.17,81.16
707,,nat.micro.Reepicheep 0.1a,compare,82.55,±7.84,88.18,94.29,-4.59,1,2026-10-06 19:48:03,54.74,48.81
708,,nat.nano.Ocnirp 1.73,compare,76.55,±7.84,77.74,94.29,2.76,1,2026-10-06 19:26:56,58.09,54.22
709,,nat.nano.OcnirpPM 1.0,compare,75.15,±7.84,75.15,94.29,2.03,1,2026-10-06 19:41:26,58.37,53.65
710,,nat.nano.OcnirpSNG 1.0b,compare,80.74,±7.84,81.24,97.14,5.22,1,2026-10-06 19:42:35,60.16,54.98
711,,ncj.MoxieBot 1.0,compare,96.44,±4.85,-1.00,91.43,0.00,2,2026-10-06 20:17:01,9.93,17.53
712,,ndn.DyslexicMonkey 1.1,compare,89.72,±3.77,-1.00,92.86,0.00,4,2026-10-06 20:26:14,46.31,40.68
713,,ne.Chimera 1.2,compare,81.46,±7.84,88.03,91.43,-4.27,1,2026-10-06 19:30:23,52.42,51.22
714,,nexus.Experimental 0.2,compare,93.37,±5.02,93.49,97.14,-4.72,2,2026-10-06 19:57:37,41.18,32.09
715,,nexus.One 1.0,compare,93.62,±7.84,94.02,97.14,-3.72,1,2026-10-06 19:49:25,39.42,27.57
716,,nexus.Prototype 1.0,compare,90.28,±7.84,-1.00,97.14,0.00,1,2026-10-06 20:09:09,33.95,18.50
717,,nexus.Two 0.2,compare,93.62,±7.84,94.68,97.14,-2.80,1,2026-10-06 19:35:00,37.89,25.87
718,,ngf.nano.Sparky 0.1.5,compare,88.76,±7.84,89.36,97.14,5.68,1,2026-10-06 19:46:44,56.97,55.59
719,,nic.Nicator 2.4,compare,86.91,±7.84,87.85,91.43,-6.34,1,2026-10-06 19:48:22,50.97,51.17
720,,nic.SnippetBot 1.0,compare,96.91,±4.80,-1.00,97.14,0.00,2,2026-10-06 20:18:33,32.19,29.01
721,,nkn.mini.Jskr0 0.1,compare,86.41,±7.84,86.82,97.14,1.60,1,2026-10-06 19:35:49,68.61,72.32
722,,non.mega.NaN 0.1,compare,26.98,±7.84,28.49,51.43,-50.64,1,2026-10-06 19:58:30,60.12,59.46
723,,non.mega.NoName 0.0,compare,79.72,±7.84,-1.00,91.43,0.00,1,2026-10-06 20:04:30,52.96,50.56
724,,nosteel.Welby 0.0.3,compare,91.38,±7.84,91.86,97.14,-2.40,1,2026-10-06 19:49:30,46.60,42.08
725,,nova.Snow 1.0,compare,80.78,±7.84,90.13,91.43,3.96,1,2026-10-06 19:32:52,56.41,60.62
726,,ntc.Cannon 1.12test,compare,70.97,±7.84,74.54,82.86,-0.37,1,2026-10-06 19:46:26,64.65,62.36
727,,ntc.Evader 1.2,compare,95.58,±7.84,95.82,97.14,-2.05,1,2026-10-06 19:51:29,42.58,40.31
728,,ntc.Knowledge 1.1,compare,92.75,±7.84,94.91,97.14,2.54,1,2026-10-06 19:45:14,49.13,40.68
729,,ntc.Lasers.Lasers 0.9,compare,89.12,±4.81,95.59,97.14,1.42,2,2026-10-06 19:40:28,47.17,41.02
730,,ntc.Plains 0.9,compare,90.86,±7.84,90.98,94.29,-7.11,1,2026-10-06 19:48:00,41.93,34.62
731,,ntc.Swim 0.9,compare,87.96,±2.66,-1.00,94.29,0.00,5,2026-10-06 20:26:24,42.37,40.60
732,,ntw.Sighup 1.5,compare,90.96,±7.84,95.17,97.14,-1.54,1,2026-10-06 19:26:11,31.38,19.45
733,,ntw.Sigsys 1.6,compare,92.04,±7.84,93.55,97.14,-4.16,1,2026-10-06 19:35:05,32.48,19.24
734,,nz.A7Ibwenape A7Ibwen1.0,compare,97.95,±7.84,-1.00,97.14,0.00,1,2026-10-06 19:56:59,5.43,2.81
735,,nz.jdc.micro.HedgehogGF 1.5,compare,78.73,±7.84,79.75,91.43,4.31,1,2026-10-06 19:30:54,75.74,81.01
736,,nz.jdc.micro.HedgehogP 1.2,compare,77.45,±7.84,-1.00,85.71,0.00,1,2026-10-06 20:10:27,65.92,69.31
737,,nz.jdc.nano.AralR 1.1,compare,90.28,±7.84,96.02,97.14,2.04,1,2026-10-06 19:55:15,57.48,55.35
738,,nz.jdc.nano.AralT 1.1,compare,87.20,±3.54,90.47,97.14,-2.32,3,2026-10-06 20:07:12,57.07,52.71
739,,nz.jdc.nano.NeophytePRAL 1.4,compare,87.06,±7.84,-1.00,97.14,0.00,1,2026-10-06 20:02:49,63.12,65.14
740,,nz.jdc.nano.NeophytePattern 1.1,compare,77.36,±7.84,78.57,91.43,0.01,1,2026-10-06 19:32:07,65.21,67.26
741,,nz.jdc.nano.NeophyteSRAL 1.3,compare,93.08,±7.84,93.78,97.14,-3.77,1,2026-10-06 19:41:59,59.18,60.13
742,,nz.jdc.nano.PatternAdept 1.0,compare,84.08,±7.84,86.80,97.14,3.32,1,2026-10-06 19:36:35,62.85,59.91
743,,nz.jdc.nano.PralDeGuerre 1.2,compare,75.00,±4.99,87.63,85.71,-0.64,2,2026-10-06 19:57:35,64.98,62.36
744,,nzeemin.Izh 0.5,compare,96.46,±7.84,-1.00,97.14,0.00,1,2026-10-06 20:09:01,30.98,23.81
745,,oa.weak.BotherBot 0.1,compare,96.96,±4.80,97.98,97.14,0.04,2,2026-10-06 19:51:37,27.55,20.64
746,,oa.weak.FlyMk1 0.1,compare,95.72,±3.52,-1.00,97.14,0.00,3,2026-10-06 20:23:37,24.87,17.14
747,,ola.Puffin 1.0,compare,95.68,±3.52,-1.00,98.10,0.00,3,2026-10-06 20:17:28,25.89,21.83
748,,omens.CannonfodderMicro 1.4,compare,88.11,±7.84,89.17,91.43,-7.69,1,2026-10-06 19:52:07,43.11,39.69
749,,omens.CannonfodderNano 1.4,compare,93.57,±4.83,-1.00,97.14,0.00,2,2026-10-06 20:19:30,26.84,17.86
750,,oog.PricklyPear 1.0.6,compare,74.37,±7.84,86.55,82.86,6.07,1,2026-10-06 19:38:34,77.76,84.73
751,,oog.mega.saguaro.Saguaro 1.0,compare,79.07,±7.84,-1.00,91.43,0.00,1,2026-10-06 20:03:34,91.87,95.26
752,,oog.melee.Capulet 1.2,compare,86.56,±4.81,90.10,91.43,-4.94,2,2026-10-06 20:04:14,51.48,54.96
753,,oog.melee.Mercutio 1.0,compare,96.63,±7.84,-1.00,100.00,0.00,1,2026-10-06 20:13:48,47.95,49.61
754,,oog.micro.Claudius 1.11,compare,77.44,±7.84,81.07,94.29,7.08,1,2026-10-06 19:34:37,71.91,75.98
755,,oog.micro.MagicD3 0.41,compare,77.04,±5.22,77.04,88.57,6.07,2,2026-10-06 19:56:08,66.62,68.86
756,,oog.micro.Maui 1.2,compare,80.12,±2.74,-1.00,92.00,0.00,5,2026-10-06 20:23:34,66.01,69.83
757,,oog.micro.SavantMicro 1.1,compare,64.61,±7.84,65.33,71.43,-7.63,1,2026-10-06 19:54:56,68.63,71.58
758,,oog.mini.AlphaDragon 0.1,compare,71.15,±7.84,-1.00,85.71,0.00,1,2026-10-06 20:08:30,70.03,75.64
759,,oog.nano.Caligula 1.15,compare,77.95,±7.84,85.55,94.29,2.38,1,2026-10-06 19:43:57,64.99,61.43
760,,oog.nano.Fuatisha 1.1,compare,73.69,±7.84,-1.00,88.57,0.00,1,2026-10-06 19:59:09,63.87,68.85
761,,oog.nano.MagicD2 2.4,compare,91.80,±7.84,93.98,97.14,0.42,1,2026-10-06 19:43:16,47.28,43.71
762,,oog.nano.SavantVS 1.1,compare,90.81,±4.15,91.40,95.24,-5.94,3,2026-10-06 19:47:15,49.63,44.20
763,,oog.nano.SavantWS 0.1,compare,95.16,±4.81,95.99,97.14,-2.29,2,2026-10-06 19:45:09,35.43,24.60
764,,origin.SleepSiphon 1.7b,compare,85.45,±4.87,84.35,95.71,-8.70,2,2026-10-06 20:06:51,64.95,68.94
765,,ouroboros.Dragon 0.0.3,compare,81.50,±7.84,82.66,94.29,12.58,1,2026-10-06 19:40:16,81.55,89.00
766,,pa.Improved 1.1,compare,88.99,±7.84,89.07,91.43,-10.27,1,2026-10-06 19:47:11,27.96,22.25
767,,pa3k.Manta 1.20,compare,85.63,±7.84,91.50,91.43,-3.26,1,2026-10-06 19:30:13,45.77,42.62
768,,pa3k.Quark 1.02,compare,88.08,±7.84,91.57,91.43,2.06,1,2026-10-06 19:43:51,53.19,58.39
769,,pa3k.Viper 5.03,compare,81.40,±4.27,-1.00,90.48,0.00,3,2026-10-06 20:18:48,60.59,64.98
770,,pac.ABC 2.1,compare,99.24,±4.81,-1.00,98.57,0.00,2,2026-10-06 20:15:30,19.06,15.99
771,,pak.Dargon 1.0b,compare,98.86,±4.81,-1.00,100.00,0.00,2,2026-10-06 20:02:31,32.67,25.63
772,,pak.JakeTheTestingRobot .1b,compare,94.42,±5.12,-1.00,98.57,0.00,2,2026-10-06 20:12:34,36.30,25.34
773,,paket.MojRobot 1.0,compare,97.96,±7.84,97.96,97.14,-0.60,1,2026-10-06 19:28:53,9.04,7.13
774,,panzer.Panzer 0.2,compare,88.29,±7.84,89.34,97.14,-4.47,1,2026-10-06 19:33:33,41.16,28.70
775,,paolord.TheHulk 1.0,compare,98.91,±7.84,-1.00,97.14,0.00,1,2026-10-06 20:07:30,35.46,32.45
776,,patson.PatsonTestBot 1.0,compare,89.15,±7.84,91.62,97.14,-4.51,1,2026-10-06 19:58:09,37.37,30.38
777,,paulk.PaulV3 1.7,compare,73.60,±7.84,86.39,88.57,1.52,1,2026-10-06 19:41:13,70.03,78.07
778,,pb.Oscillator 1.0,compare,96.10,±7.84,-1.00,97.14,0.00,1,2026-10-06 20:03:21,18.65,11.39
779,,pbg.NinjaX 1.2,compare,97.45,±4.80,97.45,98.57,-2.07,2,2026-10-06 19:24:52,21.30,18.21
780,,pc.Wavelet 1.5,compare,49.92,±6.25,66.35,45.71,4.77,2,2026-10-06 19:51:28,87.05,94.88
781,,pe.SandboxDT 3.02,compare,70.19,±7.84,-1.00,82.86,0.00,1,2026-10-06 20:15:50,78.09,85.91
782,,pe.SandboxLump 1.52,compare,76.96,±7.84,81.99,94.29,-0.43,1,2026-10-06 19:47:03,66.82,71.85
783,,pe.mini.SandboxMini 1.2,compare,80.67,±7.84,80.80,94.29,2.13,1,2026-10-06 19:58:03,61.00,61.23
784,,pe.minimelee.SandboxMiniMelee 1.1,compare,91.47,±7.84,-1.00,97.14,0.00,1,2026-10-06 19:59:48,47.43,44.11
785,,pedersen.Hubris 2.4,compare,83.15,±7.84,86.81,91.43,7.57,1,2026-10-06 19:50:39,68.63,73.21
786,,pedersen.Ugluk 1.0,compare,71.67,±7.84,86.05,80.00,1.61,1,2026-10-06 19:39:30,71.06,75.23
787,,penguin.Ivy 1.1r,compare,79.39,±7.84,-1.00,85.71,0.00,1,2026-10-06 20:06:24,64.95,71.67
788,,penguin.Joker .611wr,compare,74.86,±7.84,-1.00,85.71,0.00,1,2026-10-06 20:01:35,69.64,73.45
789,,penguin.MrFreeze 1.0a,compare,84.87,±7.84,95.88,97.14,7.33,1,2026-10-06 19:34:56,69.94,76.19
790,,pez.clean.Swiffer 0.2.9,compare,51.00,±15.17,-1.00,63.81,0.00,3,2026-10-06 20:16:13,65.81,71.48
791,,pez.frankie.Frankie 0.9.6.1,compare,71.90,±7.84,74.08,85.71,-1.06,1,2026-10-06 19:46:38,64.60,67.05
792,,pez.gloom.GloomyDark 0.9.2,compare,82.81,±7.84,-1.00,91.43,0.00,1,2026-10-06 20:03:02,66.84,72.51
793,,pez.mako.Mako 1.5,compare,74.40,±7.84,-1.00,88.57,0.00,1,2026-10-06 20:08:11,61.43,59.90
794,,pez.micro.Aristocles 0.3.9,compare,74.02,±4.88,-1.00,90.00,0.00,2,2026-10-06 20:11:38,68.87,76.11
795,,pez.mini.ChironexFleckeri 0.5,compare,82.52,±4.88,90.48,94.29,4.71,2,2026-10-06 19:55:24,65.50,66.37
796,,pez.mini.Gouldingi 1.5,compare,87.65,±7.84,87.98,97.14,-3.74,1,2026-10-06 19:27:19,56.13,54.14
797,,pez.mini.Tityus 0.9.1,compare,59.16,±7.84,65.61,80.00,-10.52,1,2026-10-06 19:26:24,72.46,75.94
798,,pez.mini.VertiLeach 0.4.0,compare,71.41,±7.84,82.24,80.00,-3.04,1,2026-10-06 19:47:21,67.75,70.66
799,,pez.mini2.Pugilist 2.5.15,compare,65.21,±7.84,71.98,68.57,0.55,1,2026-10-06 19:34:06,80.32,88.57
800,,pez.nano.Icarus 0.3,compare,95.41,±4.83,-1.00,97.14,0.00,2,2026-10-06 20:20:48,46.00,40.97
801,,pez.nano.LittleEvilBrother 0.1,compare,93.95,±7.84,94.03,97.14,-4.18,1,2026-10-06 19:38:56,41.81,34.02
802,,pez.rumble.Ali 0.4.9,compare,71.22,±7.84,72.17,88.57,10.79,1,2026-10-06 19:41:26,82.46,88.27
803,,pez.rumble.CassiusClay 2rho.02no,compare,57.39,±7.84,59.27,60.00,2.49,1,2026-10-06 19:36:29,83.60,90.99
804,,pfvicm.Sobieski 7.2.3b,compare,94.84,±7.84,94.84,97.14,-1.03,1,2026-10-06 19:49:45,50.49,47.05
805,,ph.Thinker 0.2.5,compare,87.57,±7.84,89.04,94.29,-7.70,1,2026-10-06 19:40:13,44.41,40.86
806,,ph.micro.Pikeman 0.4.5,compare,68.50,±7.84,68.56,85.71,-7.24,1,2026-10-06 19:41:05,66.48,69.59
807,,ph.mini.Archer 0.6.6,compare,65.84,±7.84,66.00,82.86,-2.10,1,2026-10-06 19:38:17,68.70,76.75
808,,ph.musketeer.Musketeer 0.6,compare,84.51,±4.95,84.82,95.71,18.28,2,2026-10-06 19:39:04,68.21,76.48
809,,pi.Dark 10,compare,82.05,±7.84,90.60,94.29,5.18,1,2026-10-06 19:49:21,55.13,52.68
810,,pkbots.BoyTDSurfer 1.0,compare,74.73,±7.84,-1.00,88.57,0.00,1,2026-10-06 20:07:40,72.54,78.05
811,,pkdeken.Paladin 1.0,compare,91.62,±4.82,-1.00,97.14,0.00,2,2026-10-06 20:20:41,51.95,45.22
812,,pl.Drum 0.1,compare,56.23,±7.84,-1.00,57.14,0.00,1,2026-10-06 20:02:49,60.53,64.07
813,,pl.Patton.GeneralPatton 1.54,compare,67.10,±7.49,-1.00,69.29,0.00,4,2026-10-06 20:18:21,62.34,67.99
814,,pl.mskiba.Hilton 0.4,compare,99.56,±7.84,99.58,100.00,-0.01,1,2026-10-06 19:37:57,37.77,39.00
815,,pl.robocode.Pacyfista 1.0,compare,98.00,±7.84,98.06,97.14,-1.21,1,2026-10-06 19:33:23,38.52,39.24
816,,pla.Memnoch 0.5,compare,97.30,±7.84,-1.00,100.00,0.00,1,2026-10-06 20:13:19,44.28,40.72
817,,pmc.SniperBot 1.0,compare,90.19,±7.84,91.49,94.29,-1.93,1,2026-10-06 19:43:29,41.45,25.88
818,,populations.TrainStoopidbot 0.01,compare,93.35,±4.93,94.40,98.57,-3.03,2,2026-10-06 19:54:05,45.69,45.20
819,,positive.Portia 1.26e,compare,57.32,±7.84,70.02,71.43,-1.17,1,2026-10-06 19:31:52,81.55,89.78
820,,povik.nano.Smilee 0.2.1,compare,85.63,±7.84,-1.00,94.29,0.00,1,2026-10-06 20:02:31,29.80,15.56
821,,projectx.ProjectNano 2.0,compare,90.73,±7.84,91.18,97.14,-4.92,1,2026-10-06 19:27:42,40.25,34.89
822,,projectx.TestNano 1.0,compare,86.91,±7.84,-1.00,97.14,0.00,1,2026-10-06 20:08:24,30.32,17.15
823,,pulsar.Nanis 0.3,compare,93.30,±7.84,93.87,97.14,-0.91,1,2026-10-06 19:26:11,50.26,45.42
824,,pulsar.PulsarMax 0.8.9,compare,51.01,±5.45,64.34,65.71,-6.31,2,2026-10-06 19:52:13,84.16,90.08
825,,pulsar.PulsarNano 0.2.4,compare,96.52,±7.84,96.69,97.14,-0.19,1,2026-10-06 19:57:25,50.49,46.37
826,,qohnil.blot.BlotBot 3.61,compare,88.64,±7.84,100.00,97.14,11.95,1,2026-10-06 19:45:43,62.36,69.33
827,,qualidafial.MajorDick 1.0.1,compare,99.16,±7.84,-1.00,100.00,0.00,1,2026-10-06 20:13:58,28.45,24.15
828,,quietus.Invader 0.1,compare,99.03,±7.84,99.03,97.14,-0.67,1,2026-10-06 19:38:29,13.88,17.94
829,,quietus.NarrowRadar 0.1,compare,95.83,±7.84,95.93,97.14,-2.16,1,2026-10-06 19:37:14,22.39,13.27
830,,qwaker00.Ahchoo 1.6,compare,72.51,±4.99,-1.00,74.29,0.00,2,2026-10-06 20:08:45,58.92,67.22
831,,qwaker00.Gandhi 1.2,compare,95.04,±7.84,96.32,97.14,-0.77,1,2026-10-06 19:46:32,48.92,46.52
832,,racso.Crono 1.0,compare,86.31,±4.80,-1.00,94.29,0.00,2,2026-10-06 19:59:16,45.62,41.90
833,,racso.Frog 0.9,compare,89.31,±4.80,89.80,95.71,0.62,2,2026-10-06 19:46:27,44.76,46.03
834,,radnor.DoctorBob 1.42,compare,93.35,±4.81,93.00,94.29,-5.83,2,2026-10-06 20:05:41,50.71,52.75
835,,radnor.RamRod 1.0,compare,82.11,±5.10,-1.00,98.57,0.00,2,2026-10-06 20:09:50,51.68,41.42
836,,rampancy.Durandal 2.2d,compare,81.15,±4.89,87.90,92.86,12.19,2,2026-10-06 20:06:21,67.93,71.42
837,,rampancy.micro.Epiphron 1.0,compare,99.15,±4.82,-1.00,98.57,0.00,2,2026-10-06 20:15:16,33.15,32.61
838,,rapture.Rapture 2.13,compare,98.08,±7.84,98.67,100.00,0.94,1,2026-10-06 19:43:41,47.36,51.83
839,,ratosh.Nobo 0.21,compare,92.70,±7.84,93.48,97.14,-3.48,1,2026-10-06 19:30:31,47.85,41.72
840,,ratosh.Wesco 1.4,compare,95.09,±7.84,95.54,97.14,-2.05,1,2026-10-06 19:39:19,46.62,43.02
841,,ratosh.nano.Debo 1.36,compare,80.22,±7.84,81.10,88.57,-8.56,1,2026-10-06 19:43:08,47.17,41.35
842,,rc.RCBot 2.0,compare,91.83,±4.80,-1.00,97.14,0.00,2,2026-10-06 20:12:48,48.32,48.24
843,,rc.yoda.Yoda 1.0.6c.fix,compare,76.61,±7.84,77.24,85.71,3.32,1,2026-10-06 19:49:42,74.46,81.88
844,,rcb.Vanessa03 0,compare,79.07,±7.84,81.71,91.43,4.30,1,2026-10-06 19:55:14,63.57,65.22
845,,rcp.Kuramatron 1.0,compare,79.92,±7.84,85.72,94.29,-2.51,1,2026-10-06 19:31:19,48.80,36.18
846,,rdm.Dueler 0.4x,compare,82.45,±7.84,85.38,94.29,-3.27,1,2026-10-06 19:50:10,62.45,64.61
847,,rdm.Grasshopper 0.5e,compare,88.06,±7.84,89.59,97.14,-6.15,1,2026-10-06 19:27:12,54.05,53.17
848,,rdm.WallRider 0.5c,compare,94.08,±7.84,97.12,97.14,1.10,1,2026-10-06 19:26:38,40.77,35.05
849,,rdt.AgentSmith.AgentSmith 0.5,compare,69.81,±7.84,69.81,88.57,9.46,1,2026-10-06 19:29:02,78.16,84.74
850,,rdt.AgentSmith.AgentSmithRedux 0.02,compare,90.57,±7.84,-1.00,97.14,0.00,1,2026-10-06 20:11:14,65.18,67.84
851,,rdt.Wraith.Wraith 0.3,compare,85.24,±4.96,95.17,94.29,6.55,2,2026-10-06 19:33:59,72.28,76.87
852,,rdt199.Warlord 0.73,compare,78.94,±5.42,-1.00,90.00,0.00,2,2026-10-06 20:01:05,57.86,59.50
853,,reaper.Reaper 1.1,compare,91.86,±7.84,-1.00,97.14,0.00,1,2026-10-06 20:02:40,64.49,70.27
854,,reeder.caden.Elmo 1,compare,98.98,±7.84,-1.00,100.00,0.00,1,2026-10-06 20:06:54,16.08,9.32
855,,reeder.caden.Grover 1.0,compare,97.49,±7.84,97.56,97.14,-1.95,1,2026-10-06 19:27:03,16.07,10.16
856,,reeder.colin.WallGuy3 1.0,compare,95.59,±4.80,97.15,97.14,-0.27,2,2026-10-06 19:39:47,32.64,22.24
857,,repositorio.NanoStep 1.0,compare,95.53,±4.83,-1.00,98.57,0.00,2,2026-10-06 20:08:57,36.97,33.77
858,,rfj.Sunburn 1.1,compare,86.78,±7.84,90.79,94.29,-3.05,1,2026-10-06 19:46:07,44.53,44.50
859,,rh.Intra 2.1DomoKN,compare,66.24,±7.84,77.40,82.86,6.11,1,2026-10-06 19:37:48,80.57,88.18
860,,rh.abs.Xwing 2.1,compare,72.04,±5.05,83.05,84.29,12.21,4,2026-10-06 20:06:29,73.04,80.59
861,,rijteam.SmartDodge 1.1,compare,95.18,±4.80,95.56,97.14,-3.02,2,2026-10-06 19:52:37,19.42,14.75
862,,rjw.RabidWombat 0.71,compare,90.57,±4.80,-1.00,98.57,0.00,2,2026-10-06 20:16:25,48.20,46.42
863,,rnatest.MendelBot 1.0,compare,95.00,±5.13,96.11,97.14,-2.06,2,2026-10-06 19:55:39,16.60,6.62
864,,robar.haiku.Spike 1.0,compare,91.62,±7.84,93.75,97.14,-3.25,1,2026-10-06 19:30:43,38.39,30.70
865,,robar.micro.Gladius 1.15,compare,73.57,±7.84,-1.00,85.71,0.00,1,2026-10-06 19:57:40,65.65,66.94
866,,robar.micro.Kirbyi 1.0,compare,74.07,±4.84,-1.00,85.71,0.00,2,2026-10-06 20:03:56,62.75,62.68
867,,robar.micro.Topaz 0.25,compare,74.33,±5.03,87.20,84.29,0.49,2,2026-10-06 19:46:57,63.28,63.77
868,,robar.nano.Assertive 0.3,compare,80.75,±7.84,90.42,91.43,0.18,1,2026-10-06 19:54:44,56.53,55.95
869,,robar.nano.BlackWidow 1.3,compare,77.10,±6.15,-1.00,92.86,0.00,2,2026-10-06 20:04:43,60.18,54.57
870,,robar.nano.Breeze 0.3,compare,83.65,±7.84,90.42,94.29,-4.75,1,2026-10-06 19:34:12,47.88,41.76
871,,robar.nano.Mosquito 1.1,compare,95.02,±7.84,95.23,97.14,-1.97,1,2026-10-06 19:34:32,51.93,50.71
872,,robar.nano.MosquitoPM 1.0,compare,84.44,±3.57,-1.00,96.19,0.00,3,2026-10-06 20:18:27,57.91,54.66
873,,robar.nano.Prestige 1.0,compare,72.45,±7.84,72.45,85.71,-0.61,1,2026-10-06 19:46:20,57.11,54.24
874,,robar.nano.Pugio 1.49,compare,78.77,±4.96,83.59,91.43,-0.67,2,2026-10-06 19:40:58,61.60,61.92
875,,robar.nano.Scytodes 0.3,compare,92.72,±3.52,93.87,97.14,0.91,3,2026-10-06 19:58:32,50.52,47.25
876,,robar.nano.Vespa 0.95,compare,87.00,±3.54,88.57,96.19,0.99,3,2026-10-06 20:04:38,56.32,53.39
877,,robin.SCALPBot 1.0,compare,95.44,±7.84,96.90,97.14,-0.89,1,2026-10-06 19:42:31,28.49,16.89
878,,robin.ScalpBotC 1.0,compare,92.84,±7.84,-1.00,100.00,0.00,1,2026-10-06 19:59:14,28.44,18.91
879,,robo.PartsBot 1.1,compare,97.57,±7.84,97.71,97.14,-0.90,1,2026-10-06 19:55:28,41.70,41.80
880,,robots.Lucky 1.2,compare,93.49,±7.84,94.34,94.29,-2.91,1,2026-10-06 19:40:33,33.30,31.58
881,,romz.robot.Test 0.1.0,compare,86.10,±3.61,-1.00,95.24,0.00,3,2026-10-06 20:19:30,44.96,39.89
882,,romz.robot.circular.WildRabbit 0.9.6,compare,91.66,±7.84,93.17,97.14,-1.68,1,2026-10-06 19:55:45,46.44,43.73
883,,romz.robot.guessfactor.TeasingFox 0.2,compare,84.12,±7.84,87.93,97.14,-2.64,1,2026-10-06 19:39:47,46.58,42.24
884,,rsalesc.mega.Knight 0.6.28,compare,58.14,±7.84,-1.00,62.86,0.00,1,2026-10-06 20:00:46,87.70,96.24
885,,rsalesc.roborio.Roborio 1.2.4,compare,64.45,±7.84,74.33,65.71,19.07,1,2026-10-06 19:37:09,85.34,94.01
886,,rsim.micro.uCatcher 0.1,compare,99.02,±7.84,-1.00,97.14,0.00,1,2026-10-06 19:57:37,28.83,33.93
887,,rsim.mini.BulletCatcher 0.4,compare,84.19,±7.84,84.46,94.29,4.69,1,2026-10-06 19:45:05,66.33,74.62
888,,rsk1.RSK1 4.0,compare,85.43,±4.80,86.28,97.14,-4.33,2,2026-10-06 19:35:26,54.54,55.03
889,,rtk.Tachikoma 1.0,compare,72.39,±7.25,73.52,82.86,-6.76,2,2026-10-06 19:42:20,57.70,59.06
890,,ruc.nano.Zealot 0.2,compare,92.95,±7.84,93.91,97.14,-2.42,1,2026-10-06 19:40:42,43.89,37.31
891,,rus.vv.Dzhigit 1.1,compare,95.90,±4.80,95.98,97.14,-2.65,2,2026-10-06 19:53:09,37.27,26.06
892,,rus.vv.Snezhok 1.1,compare,94.47,±7.84,95.71,97.14,-2.89,1,2026-10-06 19:31:31,30.65,23.57
893,,ry.LightningBug 1.0,compare,85.24,±7.84,-1.00,94.29,0.00,1,2026-10-06 20:00:29,62.24,61.77
894,,ry.VirtualGunExperiment 1.2.0,compare,75.71,±7.84,-1.00,85.71,0.00,1,2026-10-06 19:59:46,72.98,79.40
895,,ry.Worst 1.0,compare,98.80,±7.84,98.80,97.14,-1.15,1,2026-10-06 19:46:37,0.59,1.36
896,,rz.Aleph 0.34,compare,63.76,±7.84,63.76,80.00,1.52,1,2026-10-06 19:49:15,79.06,83.50
897,,rz.Apollon 0.23,compare,65.65,±7.84,66.15,80.00,-12.33,1,2026-10-06 19:29:19,76.59,81.40
898,,rz.Artist 0.2,compare,83.33,±7.84,86.65,94.29,2.06,1,2026-10-06 19:45:55,64.73,63.67
899,,rz.GlowBlow 2.31,compare,75.45,±7.84,77.64,88.57,2.62,1,2026-10-06 19:50:13,65.94,66.87
900,,rz.GlowBlowAPM 1.0,compare,75.50,±7.84,75.99,88.57,-0.14,1,2026-10-06 19:25:31,66.84,67.20
901,,rz.GlowBlowMelee 1.4,compare,79.86,±7.84,86.57,97.14,6.55,1,2026-10-06 19:31:44,65.38,66.83
902,,rz.HawkOnFire 0.1,compare,95.95,±7.84,95.95,97.14,-3.49,1,2026-10-06 19:32:39,47.79,44.89
903,,rz.SmallDevil 1.502,compare,91.02,±4.82,91.55,97.14,-2.44,2,2026-10-06 19:32:05,51.26,47.36
904,,sL300.Mozart life,compare,64.55,±5.08,-1.00,74.29,0.00,2,2026-10-06 20:15:10,54.11,57.14
905,,sadoner.killer 0.2,compare,80.90,±7.84,85.73,91.43,-7.63,1,2026-10-06 19:50:13,48.39,44.85
906,,sam.ChipmunkDuelist 1.0,compare,88.26,±7.84,91.80,97.14,-5.18,1,2026-10-06 19:33:39,48.36,46.43
907,,sam.Samspin 1.0,compare,94.01,±2.79,-1.00,98.10,0.00,6,2026-10-06 20:24:30,33.26,23.47
908,,sample.Corners 1.0,compare,97.06,±7.84,97.06,97.14,-2.58,1,2026-10-06 19:32:36,10.92,7.36
909,,sample.Crazy 1.0,compare,97.85,±4.80,97.92,97.14,-1.71,2,2026-10-06 19:40:39,9.66,4.99
910,,sample.Fire 1.0,compare,98.87,±7.84,-1.00,97.14,0.00,1,2026-10-06 20:02:53,8.30,5.14
911,,sample.MyFirstJuniorRobot 1.0,compare,95.59,±7.84,96.11,94.29,-3.35,1,2026-10-06 19:25:37,15.00,11.78
912,,sample.MyFirstRobot 1.0,compare,99.14,±3.53,-1.00,98.10,0.00,3,2026-10-06 20:09:52,13.39,13.74
913,,sample.RamFire 1.0,compare,96.27,±7.84,96.27,97.14,-3.35,1,2026-10-06 19:38:20,14.00,7.20
914,,sample.SittingDuck 1.0,compare,99.03,±4.80,99.03,97.14,-0.63,2,2026-10-06 19:48:11,2.44,3.45
915,,sample.SpinBot 1.0,compare,99.69,±7.84,-1.00,100.00,0.00,1,2026-10-06 20:02:43,17.64,15.23
916,,sample.Target 1.0,compare,99.02,±7.84,99.02,97.14,-0.97,1,2026-10-06 19:44:13,2.32,2.68
917,,sample.TrackFire 1.0,compare,98.97,±7.84,98.97,97.14,0.48,1,2026-10-06 19:31:06,13.74,8.87
918,,sample.Tracker 1.0,compare,97.92,±7.84,97.92,97.14,-1.84,1,2026-10-06 19:44:37,11.66,6.44
919,,sample.VelociRobot 1.0,compare,97.66,±7.84,97.99,97.14,-1.11,1,2026-10-06 19:42:27,15.13,8.60
920,,sample.Walls 1.0,compare,97.79,±7.84,97.79,97.14,-1.98,1,2026-10-06 19:39:09,21.02,19.29
921,,sanja.First 0.1,compare,94.64,±2.90,-1.00,96.43,0.00,4,2026-10-06 20:24:23,18.04,10.70
922,,sanyi.mikrobi.Roberto 1.0,compare,88.01,±7.84,89.81,91.43,-7.60,1,2026-10-06 19:29:15,28.77,21.06
923,,satan.R0 0.2,compare,87.63,±7.84,95.23,97.14,1.29,1,2026-10-06 19:25:46,44.16,35.49
924,,satan.White 0.26,compare,89.73,±5.13,-1.00,97.14,0.00,2,2026-10-06 19:56:34,50.73,46.43
925,,sch.Simone 0.3d,compare,95.38,±7.84,95.86,97.14,-2.38,1,2026-10-06 19:44:50,44.99,47.85
926,,seed.Anastasia 1.0,compare,94.53,±7.84,-1.00,97.14,0.00,1,2026-10-06 20:14:59,32.76,31.43
927,,seed.Weed 3.0.2,compare,82.92,±7.84,-1.00,88.57,0.00,1,2026-10-06 20:01:45,60.07,63.61
928,,serenity.moonlightBat 1.17,compare,95.56,±7.84,96.30,97.14,-0.23,1,2026-10-06 19:52:27,52.87,63.49
929,,serenity.nonSense 1.39,compare,78.89,±4.86,-1.00,91.43,0.00,2,2026-10-06 20:12:08,57.86,59.14
930,,serenity.serenityFire 1.29,compare,89.53,±4.70,84.64,96.19,-8.78,3,2026-10-06 20:05:04,57.67,62.02
931,,sgp.JollyNinja 3.53,compare,84.50,±7.84,-1.00,91.43,0.00,1,2026-10-06 20:06:12,51.49,55.57
932,,sgp.MadHatter 4.13,compare,91.89,±4.82,93.79,97.14,-1.96,2,2026-10-06 20:01:22,49.26,50.63
933,,sgp.ShiningBeetle 1.1,compare,92.01,±7.84,-1.00,97.14,0.00,1,2026-10-06 20:09:51,40.51,29.59
934,,sgp.SleepingGoat 1.1,compare,92.83,±7.84,-1.00,97.14,0.00,1,2026-10-06 20:04:49,41.21,31.01
935,,sgp.nano.FurryLeech 1.0,compare,94.09,±7.84,94.16,97.14,-4.99,1,2026-10-06 19:34:32,41.01,33.23
936,,sheldor.melee.nano.TestMelee 0.1,compare,92.23,±4.82,95.01,97.14,-0.95,2,2026-10-06 19:53:02,42.64,35.28
937,,sheldor.micro.Continuation 1.1,compare,65.45,±4.86,-1.00,77.14,0.00,2,2026-10-06 20:02:12,77.58,84.21
938,,sheldor.micro.Epeeist 3.7,compare,69.03,±4.69,82.25,81.90,1.32,3,2026-10-06 19:54:30,77.00,83.33
939,,sheldor.micro.EpeeistDC 3.0,compare,73.31,±7.84,77.51,91.43,9.16,1,2026-10-06 19:30:35,76.49,82.47
940,,sheldor.micro.PointInLineRRAL 1.0,compare,80.05,±4.66,-1.00,90.95,0.00,6,2026-10-06 20:25:34,68.62,72.44
941,,sheldor.mini.Foilist 1.3.1,compare,60.20,±7.84,74.34,80.00,1.43,1,2026-10-06 19:54:25,82.96,88.99
942,,sheldor.mini.FoilistMC 1.0,compare,71.29,±6.34,-1.00,87.14,0.00,2,2026-10-06 20:10:48,82.70,88.42
943,,sheldor.nano.Feint 1.2.1,compare,79.29,±7.84,-1.00,94.29,0.00,1,2026-10-06 20:02:25,61.17,61.71
944,,sheldor.nano.FoilistNano 3.2,compare,73.05,±4.34,-1.00,83.81,0.00,3,2026-10-06 20:20:13,63.95,69.82
945,,sheldor.nano.PointInLine 1.0,compare,86.84,±7.84,89.11,97.14,7.90,1,2026-10-06 19:41:03,50.54,40.47
946,,sheldor.nano.PointInLineRRAL 1.0.0,compare,84.76,±7.84,-1.00,97.14,0.00,1,2026-10-06 20:12:40,57.31,54.71
947,,sheldor.nano.Retreat 1.0,compare,98.83,±4.80,-1.00,97.14,0.00,2,2026-10-06 20:13:30,0.44,0.59
948,,sheldor.nano.Sabreur 1.1.2,compare,70.77,±7.84,79.56,94.29,-2.91,1,2026-10-06 19:52:24,66.02,60.87
949,,sheldor.nano.SabreuseNano 1.1,compare,69.49,±7.84,79.36,94.29,-3.62,1,2026-10-06 19:28:57,63.40,60.50
950,,shinh.Entangled 0.3,compare,87.03,±7.84,-1.00,94.29,0.00,1,2026-10-06 20:04:42,62.77,68.74
951,,shrub.Silver v048,compare,72.17,±7.84,72.61,77.14,-25.31,1,2026-10-06 19:48:26,39.68,37.45
952,,shrub.Vapour v159,compare,81.87,±7.84,-1.00,91.43,0.00,1,2026-10-06 20:11:08,57.26,59.68
953,,shu.nitro.LENIN .T34,compare,78.82,±7.84,83.61,80.00,-7.94,1,2026-10-06 19:26:34,51.55,54.69
954,,sigterm.Sigterm 1.0,compare,84.30,±7.84,88.22,91.43,-6.73,1,2026-10-06 19:26:12,43.63,41.55
955,,simonton.GFNano_D 3.1b,compare,89.47,±4.81,-1.00,97.14,0.00,2,2026-10-06 20:21:50,56.22,52.20
956,,simonton.beta.LifelongObsession 0.5.1,compare,47.84,±7.84,47.91,62.86,-11.03,1,2026-10-06 19:47:42,81.04,87.26
957,,simonton.mega.SniperFrog 1.0.fix2,compare,79.36,±4.97,79.36,92.86,10.63,2,2026-10-06 19:45:40,80.53,86.68
958,,simonton.micro.GFMicro 1.0,compare,79.41,±4.81,79.41,91.43,-0.06,2,2026-10-06 19:46:07,70.98,75.19
959,,simonton.micro.WeeklongObsession 3.4.1,compare,65.20,±4.85,77.48,75.71,1.85,2,2026-10-06 19:47:32,73.34,78.86
960,,simonton.mini.WeeksOnEnd 1.10.4,compare,61.24,±5.21,-1.00,70.00,0.00,2,2026-10-06 20:08:04,81.52,87.16
961,,simonton.nano.WeekendObsession_S 1.7,compare,83.49,±7.84,84.97,97.14,2.21,1,2026-10-06 19:44:34,58.96,52.75
962,,skm.PateranBotlock2 1.0,compare,98.81,±7.84,-1.00,97.14,0.00,1,2026-10-06 20:01:55,13.61,8.43
963,,skm.Ryubot 1.0,compare,97.19,±7.84,97.19,97.14,-2.54,1,2026-10-06 19:25:40,15.56,11.23
964,,skm.butterfly 1.0,compare,97.41,±4.80,97.51,97.14,-1.98,2,2026-10-06 20:05:34,20.49,16.61
965,,slugzilla.Basilisk 3.9,compare,71.12,±7.84,-1.00,85.71,0.00,1,2026-10-06 19:59:06,78.13,83.95
966,,slugzilla.Basilite 0.13,compare,68.42,±7.84,-1.00,80.00,0.00,1,2026-10-06 20:00:05,74.57,81.62
967,,slugzilla.ButtHead 2.0,compare,70.17,±2.15,-1.00,93.81,0.00,6,2026-10-06 20:24:16,65.85,61.70
968,,slugzilla.OrbitGF 1.0,compare,90.64,±7.84,90.71,97.14,-3.14,1,2026-10-06 19:36:30,51.92,47.40
969,,slugzilla.OrbitLinear 1.1,compare,98.38,±7.84,98.38,97.14,-0.28,1,2026-10-06 19:37:58,41.17,35.07
970,,slugzilla.OrbitPattern 1.1,compare,91.26,±7.84,91.26,97.14,-0.07,1,2026-10-06 19:29:34,51.62,46.40
971,,slugzilla.OscillateGF 1.0,compare,92.66,±7.84,92.66,97.14,-2.41,1,2026-10-06 19:27:04,48.37,45.36
972,,slugzilla.OscillateLinear 1.0,compare,93.68,±7.84,93.68,97.14,-5.24,1,2026-10-06 19:49:29,39.07,33.63
973,,slugzilla.OscillatePattern 1.0,compare,90.64,±7.84,90.64,97.14,-2.04,1,2026-10-06 19:32:30,48.78,44.40
974,,slugzilla.Parallax 0.1,compare,78.78,±7.84,79.29,94.29,-3.77,1,2026-10-06 19:56:41,55.71,56.74
975,,slugzilla.RandomGF 1.0,compare,71.16,±7.84,-1.00,82.86,0.00,1,2026-10-06 20:06:07,66.10,69.07
976,,slugzilla.RandomLinear 1.0,compare,94.51,±7.84,94.51,97.14,-3.25,1,2026-10-06 19:48:56,49.29,46.29
977,,slugzilla.RandomPattern 1.0,compare,69.10,±5.16,69.10,85.71,-5.23,2,2026-10-06 19:49:10,66.39,68.57
978,,slugzilla.SNGGF 1.0,compare,93.83,±4.80,94.35,97.14,-1.24,2,2026-10-06 19:31:50,52.66,51.16
979,,slugzilla.SNGLinear 1.0,compare,97.62,±7.84,97.65,97.14,-1.23,1,2026-10-06 19:40:27,43.83,40.64
980,,slugzilla.SNGPattern 1.0,compare,91.89,±7.84,92.52,97.14,-0.61,1,2026-10-06 19:42:12,53.00,50.46
981,,slugzilla.SquirmyToad 3.9,compare,69.18,±7.84,-1.00,77.14,0.00,1,2026-10-06 20:08:16,61.83,59.27
982,,sm.Devil 7.3,compare,80.06,±4.98,82.37,90.00,2.60,2,2026-10-06 20:05:38,50.77,53.66
983,,sng.arco.Arco 0.0,compare,92.64,±5.59,96.87,94.29,-2.37,2,2026-10-06 20:05:29,35.41,31.54
984,,snowman.Snowman 1.0,compare,98.85,±7.84,98.85,97.14,-0.88,1,2026-10-06 19:48:20,10.01,7.24
985,,sos.SOS 1.0,compare,90.80,±7.84,93.26,100.00,2.07,1,2026-10-06 19:22:52,65.21,72.02
986,,sp.AstherNano 1.0,compare,97.30,±4.80,98.01,97.14,-0.74,2,2026-10-06 19:44:39,29.21,28.53
987,,spartancompany.Spartan2 1.0,compare,91.20,±7.84,91.28,94.29,-8.33,1,2026-10-06 19:30:35,12.46,5.52
988,,spin.Bugstard 0.012b,compare,91.63,±7.84,-1.00,97.14,0.00,1,2026-10-06 20:04:34,38.25,30.27
989,,spinnercat.CopyKat 1.2.3,compare,79.56,±2.54,-1.00,93.81,0.00,6,2026-10-06 20:23:45,57.19,50.39
990,,spinnercat.Kitten 1.6,compare,80.83,±7.84,81.33,94.29,4.22,1,2026-10-06 19:53:47,58.59,55.00
991,,spinnercat.Limit .01,compare,96.44,±7.84,96.68,97.14,-2.23,1,2026-10-06 19:38:32,23.67,14.12
992,,spinnercat.Robovirus 2.718,compare,86.56,±7.84,-1.00,97.14,0.00,1,2026-10-06 20:10:06,63.88,64.33
993,,spinnercat.haiku.Refrigerator 1.1,compare,86.91,±7.84,91.16,97.14,-1.41,1,2026-10-06 19:28:02,34.09,18.99
994,,spinnercat.mega.Tardis 1.2,compare,71.53,±3.60,76.10,84.76,-2.55,3,2026-10-06 20:01:50,68.01,69.24
995,,sqTank.waveSurfing.LionWWSVMvoid 0.01,compare,97.44,±2.82,-1.00,96.43,0.00,4,2026-10-06 20:23:02,60.95,69.96
996,,squidM.SquidmanNano 1.0,compare,90.03,±5.69,90.69,95.71,-4.87,2,2026-10-06 19:41:25,41.11,30.34
997,,squidM.SurfinUSA 1.0,compare,94.64,±7.84,94.66,97.14,-2.60,1,2026-10-06 19:54:52,58.98,61.21
998,,starpkg.StarViewerZ 1.26,compare,88.31,±4.83,87.51,94.29,-1.04,2,2026-10-06 20:07:05,53.87,59.04
999,,staticline.whiskey.Whiskey 0.6,compare,80.58,±4.97,-1.00,90.00,0.00,2,2026-10-06 20:14:21,63.10,65.41
1000,,stefw.Tigger 0.0.23,compare,70.28,±4.81,-1.00,84.29,0.00,2,2026-10-06 20:18:13,75.77,81.96
1001,,stelo.Chord 1.0,compare,84.98,±7.84,87.85,97.14,5.33,1,2026-10-06 19:57:09,73.93,79.67
1002,,stelo.FretNano 1.1,compare,81.43,±7.84,83.45,94.29,-6.59,1,2026-10-06 19:44:20,45.43,37.04
1003,,stelo.Liblix 0.3.1,compare,68.96,±7.84,-1.00,82.86,0.00,1,2026-10-06 20:08:16,74.33,82.57
1004,,stelo.Lifestealer 1.0,compare,77.69,±7.84,83.52,94.29,-8.73,1,2026-10-06 19:52:31,33.29,19.01
1005,,stelo.MatchupAGF 1.1,compare,71.08,±7.84,-1.00,82.86,0.00,1,2026-10-06 20:07:27,68.10,74.91
1006,,stelo.MatchupMicro 1.2,compare,79.75,±7.84,80.33,88.57,-3.26,1,2026-10-06 19:28:21,57.12,57.30
1007,,stelo.MatchupMini 1.1,compare,74.57,±7.84,91.45,88.57,9.01,1,2026-10-06 19:52:48,64.67,70.57
1008,,stelo.MatchupWS 1.2c,compare,65.86,±7.84,66.21,77.14,-1.13,1,2026-10-06 19:25:53,76.26,83.18
1009,,stelo.Mirror 1.1,compare,89.12,±7.84,93.81,97.14,20.56,1,2026-10-06 19:42:24,61.99,65.81
1010,,stelo.MirrorMicro 1.1,compare,49.02,±7.84,51.12,77.14,-33.20,1,2026-10-06 19:36:01,50.53,43.42
1011,,stelo.MirrorNano 1.4,compare,91.32,±3.53,-1.00,98.10,0.00,3,2026-10-06 20:20:17,42.86,30.86
1012,,stelo.MoojukNano 1.2,compare,88.66,±7.84,-1.00,97.14,0.00,1,2026-10-06 20:15:24,43.26,31.43
1013,,stelo.PastFuture 2.3.2,compare,66.41,±7.84,-1.00,77.14,0.00,1,2026-10-06 20:00:43,78.49,85.35
1014,,stelo.PatternRobot 1.0,compare,97.72,±7.84,97.72,97.14,-2.01,1,2026-10-06 19:27:21,23.91,19.26
1015,,stelo.PianistNano 1.3,compare,75.93,±4.80,-1.00,90.00,0.00,2,2026-10-06 20:06:06,49.19,40.35
1016,,stelo.RamTrackSurfer 1.2,compare,81.83,±7.84,84.72,94.29,0.60,1,2026-10-06 19:45:49,61.29,65.73
1017,,stelo.Randomness 1.1,compare,80.31,±5.23,81.81,92.86,-3.21,2,2026-10-06 19:40:25,61.93,64.92
1018,,stelo.Spread 0.9,compare,70.98,±6.26,75.57,84.76,9.21,3,2026-10-06 20:08:44,76.10,84.21
1019,,stelo.SteloTestNano 1.0,compare,85.36,±4.84,-1.00,94.29,0.00,2,2026-10-06 20:18:04,51.03,42.68
1020,,stelo.UnfoolableNano 1.0,compare,78.26,±4.17,-1.00,89.14,0.00,5,2026-10-06 20:23:24,46.87,38.37
1021,,stelo.UntouchableNano 1.4,compare,83.25,±7.84,84.44,97.14,-4.71,1,2026-10-06 19:49:34,51.60,47.35
1022,,step.NanoBidu 1.0,compare,91.59,±7.84,92.00,97.14,-1.93,1,2026-10-06 19:44:00,48.30,42.19
1023,,step.nanoPri 1.0,compare,74.85,±7.84,82.29,97.14,-3.82,1,2026-10-06 19:41:31,47.94,34.47
1024,,stf.PanzerGeneral 0.1,compare,79.83,±7.84,85.79,91.43,-6.02,1,2026-10-06 19:29:39,52.28,47.70
1025,,stordy.StordyBot 1.0,compare,93.39,±4.81,93.50,97.14,-3.80,2,2026-10-06 19:42:48,38.17,34.11
1026,,stranger.nano.TestBot 1.0,compare,88.39,±7.84,90.03,94.29,-4.58,1,2026-10-06 19:36:08,42.13,32.40
1027,,strider.Festis 1.2.1,compare,81.87,±7.84,83.22,91.43,-10.51,1,2026-10-06 19:53:40,46.55,37.48
1028,,strider.Mer 1.1.0,compare,90.66,±4.82,92.51,95.71,-3.52,2,2026-10-06 20:07:50,45.39,41.12
1029,,stuff.Vlad 0.1,compare,90.07,±7.84,96.05,97.14,2.61,1,2026-10-06 19:31:54,40.88,29.93
1030,,suh.mega.WaveSurferGF 1.04,compare,73.92,±7.84,75.87,82.86,-6.29,1,2026-10-06 19:52:13,68.00,75.50
1031,,suh.mega.WaveSurferPG 1.06,compare,69.35,±7.84,73.41,77.14,-7.69,1,2026-10-06 19:30:19,68.89,76.53
1032,,suh.micro.MirrorPM 1.00,compare,97.50,±7.84,-1.00,97.14,0.00,1,2026-10-06 19:59:29,60.37,63.28
1033,,suh.micro.WallPM 1.00,compare,88.92,±7.84,97.36,94.29,8.04,1,2026-10-06 19:50:04,49.60,44.51
1034,,suh.nano.AngularMirrorC 1.00,compare,93.46,±7.84,94.16,97.14,-2.21,1,2026-10-06 19:49:45,39.21,35.37
1035,,suh.nano.AntiGravityL 1.01,compare,96.54,±7.84,-1.00,97.14,0.00,1,2026-10-06 19:59:37,43.43,41.42
1036,,suh.nano.CornerRL 1.00,compare,93.47,±7.84,-1.00,100.00,0.00,1,2026-10-06 20:07:04,40.33,33.44
1037,,suh.nano.CrossC 1.00,compare,96.68,±4.80,-1.00,98.57,0.00,2,2026-10-06 20:16:03,34.00,27.28
1038,,suh.nano.CrossH 1.00,compare,97.09,±7.84,97.09,100.00,-2.44,1,2026-10-06 19:40:07,27.22,21.52
1039,,suh.nano.CrossL 1.00,compare,96.09,±5.33,92.76,98.57,-5.94,2,2026-10-06 20:02:07,31.95,25.65
1040,,suh.nano.MirrorH 1.01,compare,94.05,±7.84,94.05,97.14,-5.10,1,2026-10-06 19:39:49,37.14,36.13
1041,,suh.nano.MirrorL 1.00,compare,92.47,±7.84,92.50,97.14,-5.26,1,2026-10-06 19:39:09,41.67,40.66
1042,,suh.nano.MyFirstAdvancedRobot 1.00,compare,97.94,±7.84,-1.00,97.14,0.00,1,2026-10-06 20:06:33,26.62,21.35
1043,,suh.nano.OscillatorL 1.00,compare,94.96,±7.84,95.00,97.14,-3.59,1,2026-10-06 19:46:19,46.33,46.96
1044,,suh.nano.RammingC 1.00,compare,73.09,±7.84,78.75,97.14,-4.27,1,2026-10-06 19:37:22,49.20,37.22
1045,,suh.nano.RandomPM 1.02,compare,71.97,±7.84,72.66,85.71,0.43,1,2026-10-06 19:32:11,58.58,56.32
1046,,suh.nano.StopAndGoL 1.01,compare,95.58,±7.84,95.62,97.14,-3.44,1,2026-10-06 19:33:40,43.27,41.88
1047,,suh.nano.TargetC 1.00,compare,98.83,±7.84,-1.00,100.00,0.00,1,2026-10-06 20:02:26,21.75,14.22
1048,,suh.nano.TargetH 1.00,compare,97.47,±3.58,97.47,97.14,-2.11,3,2026-10-06 19:39:34,18.97,11.63
1049,,suh.nano.TargetL 1.00,compare,97.46,±7.84,97.47,97.14,-1.07,1,2026-10-06 19:57:15,19.84,11.51
1050,,suh.nano.TargetR 1.00,compare,94.23,±3.75,-1.00,97.14,0.00,3,2026-10-06 20:17:40,14.66,4.59
1051,,suh.nano.Worst 1.02,compare,98.90,±7.84,98.90,97.14,-1.10,1,2026-10-06 19:33:55,0.41,0.82
1052,,sul.Bicephal 1.2,compare,68.52,±4.81,78.68,97.14,-4.57,2,2026-10-06 20:05:57,56.49,49.07
1053,,sul.BlueBot 1.0,compare,97.38,±7.84,97.38,97.14,-2.07,1,2026-10-06 19:44:37,39.93,37.21
1054,,sul.NanoR2 1.32,compare,93.08,±4.82,94.19,97.14,-2.46,2,2026-10-06 20:05:12,45.20,38.21
1055,,sul.Pinkbot 1.1,compare,94.89,±7.84,95.01,97.14,-2.18,1,2026-10-06 19:38:19,45.19,38.45
1056,,supersample.SuperBoxBot 1.0,compare,97.47,±7.84,97.47,97.14,-1.11,1,2026-10-06 19:43:53,38.77,31.79
1057,,supersample.SuperCorners 1.0,compare,87.97,±7.84,90.71,88.57,-5.74,1,2026-10-06 19:32:22,44.29,38.64
1058,,supersample.SuperMercutio 1.0,compare,85.13,±7.84,85.87,100.00,5.34,1,2026-10-06 19:48:35,57.74,53.75
1059,,supersample.SuperRamFire 1.0,compare,76.76,±5.68,77.27,85.71,-9.05,2,2026-10-06 19:38:56,50.95,41.72
1060,,supersample.SuperSpinBot 1.0,compare,83.97,±7.84,85.78,91.43,-9.31,1,2026-10-06 19:40:30,42.68,35.59
1061,,supersample.SuperTrackFire 1.0,compare,84.97,±7.84,86.74,97.14,-10.55,1,2026-10-06 19:42:41,34.70,21.15
1062,,supersample.SuperTracker 1.0,compare,92.30,±7.84,92.40,97.14,-3.61,1,2026-10-06 19:27:16,38.77,31.60
1063,,supersample.SuperWalls 1.0,compare,90.67,±7.84,91.17,97.14,-5.83,1,2026-10-06 19:45:29,37.95,29.68
1064,,suzushin7.nano.Galaxy01 1.01,compare,99.26,±3.53,-1.00,98.10,0.00,3,2026-10-06 20:16:02,0.39,0.43
1065,,suzushin7.nano.Galaxy02 1.01,compare,95.66,±7.84,95.73,97.14,-2.44,1,2026-10-06 19:38:26,38.48,33.57
1066,,suzushin7.nano.Galaxy03 1.01,compare,72.95,±7.84,78.29,97.14,-3.88,1,2026-10-06 19:24:55,50.13,39.43
1067,,suzushin7.nano.TargetC 1.00,compare,95.93,±7.84,96.20,97.14,-2.04,1,2026-10-06 19:28:46,22.48,14.99
1068,,syl.Centipede 0.5,compare,82.64,±7.84,82.65,94.29,-3.42,1,2026-10-06 19:29:13,56.30,54.30
1069,,synapse.Geomancy 15,compare,73.87,±7.84,85.80,85.71,9.70,1,2026-10-06 19:31:46,76.08,82.05
1070,,synapse.rsim.GeomancyBS 0.11,compare,68.77,±4.96,70.31,81.43,6.02,2,2026-10-06 19:41:51,78.77,85.93
1071,,synnalagma.NeuralPremier 0.51,compare,80.55,±7.84,-1.00,85.71,0.00,1,2026-10-06 20:19:08,60.53,64.84
1072,,synnalagma.test.MiniNeural 1.1,compare,84.23,±3.09,86.66,94.29,-8.21,4,2026-10-06 20:04:35,50.17,50.73
1073,,t3.Ripper 1.0,compare,93.90,±7.84,93.97,97.14,-4.03,1,2026-10-06 19:37:03,38.43,35.40
1074,,tad.Dalek98 0.98,compare,77.44,±7.84,-1.00,91.43,0.00,1,2026-10-06 20:03:14,63.69,64.24
1075,,takeBot.SpinSpiral 1.2,compare,98.14,±7.84,98.77,100.00,1.48,1,2026-10-06 19:39:05,46.25,46.49
1076,,takeBot.SpiralCrash 1.0,compare,93.55,±7.84,95.19,97.14,-0.62,1,2026-10-06 19:42:23,36.91,29.80
1077,,takeBot.WeavingWiggle 1.1,compare,94.97,±7.84,95.44,97.14,-1.63,1,2026-10-06 19:28:33,45.86,46.30
1078,,tango.Recrimpo 2.51,compare,82.39,±7.84,83.45,91.43,-7.53,1,2026-10-06 19:29:34,48.15,42.13
1079,,taqho.taqbot 1.0,compare,87.41,±7.84,91.80,97.14,-2.57,1,2026-10-06 19:36:39,38.66,30.67
1080,,tcf.Drifter 29,compare,65.07,±7.84,65.09,82.86,-8.17,1,2026-10-06 19:31:50,64.59,66.25
1081,,tcf.Repat3 2,compare,82.35,±7.84,-1.00,91.43,0.00,1,2026-10-06 20:12:41,61.47,63.39
1082,,techdude.Class2C.Class2C 0.1,compare,89.10,±7.84,94.28,97.14,0.34,1,2026-10-06 19:39:34,46.56,40.38
1083,,techdude.kombat.FlamingKombat 1.5,compare,98.30,±2.31,-1.00,98.29,0.00,5,2026-10-06 20:24:26,25.11,21.32
1084,,test.Fuzzer 1.0.1,compare,82.04,±5.00,-1.00,92.86,0.00,2,2026-10-06 20:18:20,56.25,56.57
1085,,test.Podgy 4.0,compare,90.36,±7.84,96.84,100.00,4.75,1,2026-10-06 19:47:56,31.43,20.88
1086,,testantiswapgun.AntiSwap 1.0,compare,93.53,±4.91,-1.00,98.57,0.00,2,2026-10-06 19:57:47,34.60,30.63
1087,,tex.Longbot 0.4,compare,89.89,±5.05,-1.00,95.71,0.00,2,2026-10-06 20:21:40,31.79,21.75
1088,,theo.Hydrogen 2.1r,compare,76.01,±4.08,81.75,90.48,13.97,3,2026-10-06 20:02:27,69.06,73.80
1089,,theo.QuarkSoup 1.5fga,compare,63.43,±7.84,63.74,77.14,-4.81,1,2026-10-06 19:56:20,70.38,76.00
1090,,theo.Tungsten 1.0a,compare,71.83,±7.84,-1.00,85.71,0.00,1,2026-10-06 20:02:50,73.96,79.11
1091,,theo.avenge.Pequod 1.0,compare,58.67,±7.84,59.57,68.57,-7.07,1,2026-10-06 19:47:45,71.95,76.18
1092,,theo.real.Ahab 1.0,compare,57.02,±7.84,57.13,71.43,-3.17,1,2026-10-06 19:52:31,77.57,83.99
1093,,theo.simple.Bones 1.0,compare,72.20,±7.84,73.41,77.14,0.70,1,2026-10-06 19:42:15,68.47,77.08
1094,,theo.simple.Lucid 1.0,compare,70.38,±7.84,70.97,85.71,7.42,1,2026-10-06 19:56:28,69.93,78.16
1095,,throxbot.ThroxBot 0.1,compare,92.54,±2.93,-1.00,97.14,0.00,4,2026-10-06 20:19:02,42.68,38.49
1096,,tide.pear.Pear 0.62.1,compare,55.20,±7.84,-1.00,71.43,0.00,1,2026-10-06 20:12:12,82.24,88.55
1097,,timmit.TimmiT 0.22,compare,88.99,±7.84,89.28,97.14,-3.62,1,2026-10-06 19:54:02,53.25,51.11
1098,,timmit.micro.TimXJ 0.22,compare,74.76,±7.84,81.88,88.57,-5.63,1,2026-10-06 19:53:52,58.66,55.81
1099,,timmit.mini.TimVA 0.43,compare,78.10,±7.84,89.74,91.43,-0.53,1,2026-10-06 19:37:55,61.71,61.23
1100,,timmit.nano.TimCat 0.13,compare,94.29,±7.84,94.49,97.14,-3.69,1,2026-10-06 19:44:28,43.84,40.43
1101,,timmit.nano.TimDog 0.33,compare,94.61,±4.81,-1.00,95.71,0.00,2,2026-10-06 19:58:43,50.23,54.22
1102,,tjk.AFlatNatural 1.0,compare,89.82,±7.84,98.25,97.14,2.90,1,2026-10-06 19:55:55,53.43,54.72
1103,,tjk.deBroglie rev0108,compare,55.06,±7.84,56.89,71.43,4.86,1,2026-10-06 19:35:36,82.41,90.46
1104,,tk.BotOX 0.3,compare,93.00,±7.84,93.25,94.29,-3.63,1,2026-10-06 19:33:37,20.56,10.83
1105,,tkt.RedShift 1.1.CS.0,compare,95.56,±7.84,95.74,97.14,-0.45,1,2026-10-06 19:26:59,52.24,52.85
1106,,tlp.ThreeLeggedPig 1,compare,92.63,±7.84,93.70,97.14,-2.78,1,2026-10-06 19:40:01,38.36,36.28
1107,,tm.Yuugao 1.0,compare,76.01,±5.35,-1.00,90.00,0.00,2,2026-10-06 20:12:28,63.27,66.35
1108,,tobe.Fusion 1.0,compare,86.60,±7.84,95.60,94.29,7.72,1,2026-10-06 19:28:11,53.71,56.04
1109,,tobe.Relativity 3.9,compare,91.83,±7.84,-1.00,97.14,0.00,1,2026-10-06 20:10:53,51.63,49.43
1110,,tobe.Saturn lambda,compare,82.85,±7.84,90.48,94.29,5.87,1,2026-10-06 19:47:04,56.35,55.12
1111,,tobe.calypso.Calypso 4.1,compare,85.92,±7.84,87.51,97.14,1.32,1,2026-10-06 19:42:02,41.35,28.94
1112,,tobe.mini.Charon 0.9,compare,92.96,±7.84,93.09,97.14,-5.54,1,2026-10-06 19:29:10,39.31,30.58
1113,,tornyil.Lajcsi2.Lajcsi2sm 1.0,compare,85.48,±7.84,91.11,94.29,-4.63,1,2026-10-06 19:45:11,46.35,41.75
1114,,tornyil.bottomup.BottomUp 1.05,compare,76.84,±7.84,88.97,94.29,4.10,1,2026-10-06 19:46:15,60.40,62.65
1115,,toz.Gnome 1.1,compare,82.18,±7.84,-1.00,88.57,0.00,1,2026-10-06 20:07:46,48.40,44.82
1116,,trab.Crusader 0.1.7,compare,54.25,±7.84,54.30,68.57,-11.06,1,2026-10-06 19:31:19,77.59,84.49
1117,,trab.nano.AinippeNano 1.3,compare,81.43,±7.84,-1.00,94.29,0.00,1,2026-10-06 20:11:46,52.70,50.77
1118,,traker.Eraser 1,compare,97.49,±7.84,97.49,97.14,-0.92,1,2026-10-06 19:24:39,53.60,62.13
1119,,trm.Wrekt 1.1.6.f,compare,67.41,±5.55,-1.00,80.00,0.00,3,2026-10-06 20:20:18,74.69,82.40
1120,,tvv.micro.Antares 1.1.1,compare,92.31,±7.84,-1.00,94.29,0.00,1,2026-10-06 20:02:15,48.99,50.25
1121,,tvv.nano.Polaris 1.2,compare,96.74,±7.84,97.91,100.00,0.13,1,2026-10-06 19:40:56,46.77,48.38
1122,,tw.Exterminator 1.0,compare,79.07,±4.80,-1.00,70.00,0.00,2,2026-10-06 20:05:55,61.80,76.60
1123,,tzu.TheArtOfWar 1.2,compare,91.13,±7.84,-1.00,97.14,0.00,1,2026-10-06 20:07:56,58.61,60.74
1124,,ua.kiiv.kosyak.robocode.tn1.Tn1 2.0,compare,91.12,±5.09,-1.00,97.14,0.00,2,2026-10-06 20:03:28,35.76,24.12
1125,,uccc.Dorito 1.12,compare,94.93,±7.84,-1.00,97.14,0.00,1,2026-10-06 20:06:15,35.47,35.88
1126,,uccc.MilkyWay 1.01,compare,93.73,±7.84,94.30,100.00,-4.09,1,2026-10-06 19:41:20,30.78,29.44
1127,,uccc.RingDing 1.12,compare,98.50,±7.84,98.65,97.14,-0.71,1,2026-10-06 19:43:20,34.33,31.59
1128,,uccc.Scrapple 1.0,compare,98.68,±7.84,-1.00,97.14,0.00,1,2026-10-06 20:11:03,2.21,1.27
1129,,ultra.Defender 1.2,compare,83.89,±7.84,84.81,91.43,-3.97,1,2026-10-06 19:29:33,56.77,60.62
1130,,unarmedlad.nano.VirginSteele 2.2,compare,82.86,±6.13,-1.00,92.86,0.00,2,2026-10-06 19:56:04,53.36,53.62
1131,,ur4n0.UR4NO 1.0,compare,60.19,±7.84,70.95,68.57,-10.49,1,2026-10-06 19:27:33,75.61,83.68
1132,,urdos.URDOS 1.3,compare,81.38,±7.84,-1.00,88.57,0.00,1,2026-10-06 20:13:02,58.97,62.30
1133,,usa.nano.Nemo 2.0,compare,93.65,±7.84,-1.00,97.14,0.00,1,2026-10-06 20:15:08,48.83,47.07
1134,,vStar.RAFzilla 2.15,compare,95.35,±7.84,95.51,97.14,-2.46,1,2026-10-06 19:26:49,40.92,42.74
1135,,velas.Alpha 1.0,compare,93.02,±7.84,-1.00,97.14,0.00,1,2026-10-06 20:10:10,23.54,13.80
1136,,velas.Beta_2_0 2.0,compare,92.28,±7.84,94.31,97.14,-0.81,1,2026-10-06 19:46:14,38.24,27.64
1137,,vft.Hrist 1.0,compare,87.34,±4.34,-1.00,93.33,0.00,3,2026-10-06 20:17:32,34.64,22.85
1138,,vft.Valkyrie 1.0,compare,89.07,±4.80,-1.00,98.57,0.00,2,2026-10-06 20:04:13,38.10,23.93
1139,,vic.Locke 0.7.5.5,compare,77.85,±5.45,-1.00,91.90,0.00,6,2026-10-06 20:23:49,71.68,79.51
1140,,vishius.Orbiter 1.0,compare,97.15,±3.67,-1.00,98.10,0.00,3,2026-10-06 20:21:21,38.57,35.96
1141,,vjik.UnViolation 1.1,compare,80.09,±7.84,-1.00,91.43,0.00,1,2026-10-06 19:58:26,41.90,39.66
1142,,voidious.Diamond 1.8.22,compare,55.42,±7.84,68.01,68.57,21.25,1,2026-10-06 19:37:08,90.16,97.36
1143,,voidious.Dookious 1.573c,compare,55.86,±7.84,73.12,68.57,9.28,1,2026-10-06 19:47:29,86.42,93.07
1144,,voidious.micro.Jen 1.11,compare,78.70,±5.57,80.67,91.43,-1.61,2,2026-10-06 19:46:52,68.75,70.73
1145,,voidious.mini.Komarious 1.88,compare,75.49,±7.84,77.89,88.57,7.11,1,2026-10-06 19:34:28,81.44,87.37
1146,,voidious.perceptual.RetroGirl 1.0.0,compare,87.32,±7.84,88.15,94.29,-5.50,1,2026-10-06 19:49:26,49.67,53.63
1147,,vort.Chaser 0.0.3,compare,89.87,±7.84,90.01,94.29,-7.12,1,2026-10-06 19:31:24,29.70,19.06
1148,,vuen.Fractal 0.55,compare,83.44,±7.84,84.09,97.14,-3.81,1,2026-10-06 19:49:32,48.63,46.90
1149,,wcsv.Engineer.Engineer 0.5.4,compare,60.26,±7.84,60.54,77.14,0.52,1,2026-10-06 19:45:06,82.28,88.13
1150,,wcsv.PowerHouse.PowerHouse 1.7e3,compare,57.79,±7.84,-1.00,74.29,0.00,1,2026-10-06 20:10:39,82.69,88.43
1151,,wcsv.Stampede 1.3.3,compare,83.75,±3.37,-1.00,95.71,0.00,4,2026-10-06 20:22:03,53.73,51.18
1152,,wcsv.Stampede2.Stampede2 1.1.0,compare,80.71,±7.84,93.65,97.14,8.27,1,2026-10-06 19:43:02,74.70,80.27
1153,,wcsv.mega.PowerHouse2 0.2,compare,67.46,±7.84,-1.00,82.86,0.00,1,2026-10-06 20:08:41,80.02,85.46
1154,,whind.Constitution 0.7.1,compare,82.86,±7.84,86.17,94.29,-1.09,1,2026-10-06 19:41:06,54.79,55.48
1155,,whind.Strength 0.6.4,compare,86.93,±7.84,88.38,97.14,7.06,1,2026-10-06 19:46:56,64.66,69.07
1156,,whind.StrengthBee 0.6.4,compare,69.43,±7.84,85.21,85.71,5.10,1,2026-10-06 19:32:23,73.39,81.59
1157,,whind.Wisdom 0.5.1,compare,77.01,±5.08,-1.00,95.71,0.00,2,2026-10-06 20:18:58,51.76,45.96
1158,,whitesquare.robots.SkynetAdvanced 1.1,compare,90.13,±4.80,-1.00,97.14,0.00,2,2026-10-06 20:04:52,36.41,30.06
1159,,wiki.BasicBulletShielder 1.0,compare,99.97,±7.84,-1.00,100.00,0.00,1,2026-10-06 20:14:34,18.59,27.00
1160,,wiki.BasicGFSurfer 1.02,compare,79.87,±7.84,82.75,94.29,-0.92,1,2026-10-06 19:30:28,70.58,76.38
1161,,wiki.SuperSampleBot.SuperSittingDuck 1.0,compare,100.00,±7.84,-1.00,100.00,0.00,1,2026-10-06 20:01:33,2.35,3.04
1162,,wiki.WaveRammer 1.0,compare,45.66,±7.84,53.79,37.14,-32.22,1,2026-10-06 19:47:59,60.62,64.43
1163,,wiki.Wolverine 2.1,compare,90.99,±7.84,-1.00,97.14,0.00,1,2026-10-06 20:18:07,40.27,35.93
1164,,wiki.mako.MakoHT 1.2.2.1,compare,85.88,±6.01,-1.00,91.43,0.00,2,2026-10-06 20:09:33,54.07,53.15
1165,,wiki.mini.BlackDestroyer 0.9.0,compare,76.31,±4.42,81.19,88.57,3.84,3,2026-10-06 20:05:27,66.41,71.76
1166,,wiki.mini.GouldingiHT 1.0,compare,94.46,±7.84,94.60,97.14,-3.36,1,2026-10-06 19:47:51,50.57,49.36
1167,,wiki.mini.Griffon 0.1,compare,81.12,±5.45,-1.00,92.86,0.00,2,2026-10-06 20:10:02,65.62,70.62
1168,,wiki.mini.Sedan 1.0,compare,76.94,±7.84,76.94,94.29,0.61,1,2026-10-06 19:41:21,68.93,70.68
1169,,wiki.nano.DevilFISH 1.0,compare,96.99,±7.84,97.60,97.14,0.93,1,2026-10-06 19:43:08,47.39,45.39
1170,,wiki.nano.Flick 1.0,compare,93.78,±7.84,93.93,85.71,2.64,1,2026-10-06 19:40:30,53.95,74.03
1171,,wiki.nano.RaikoNano 1.1,compare,73.85,±7.84,77.24,91.43,-7.06,1,2026-10-06 19:43:31,56.07,51.74
1172,,wilson.Chameleon 0.91,compare,82.37,±7.84,83.40,97.14,7.62,1,2026-10-06 19:25:05,68.95,74.75
1173,,winamp32.micro.MicroMacro 1.0,compare,95.65,±7.84,-1.00,97.14,0.00,1,2026-10-06 19:59:58,39.61,36.13
1174,,wit.Chuliath 1.0,compare,95.64,±7.84,95.99,97.14,-1.75,1,2026-10-06 19:55:08,39.82,37.93
1175,,wit.Deep7 2.0,compare,97.82,±4.82,97.91,97.14,-1.47,2,2026-10-06 19:55:26,22.15,24.73
1176,,wompi.Kowari 1.6,compare,75.37,±7.84,-1.00,97.14,0.00,1,2026-10-06 20:01:53,63.43,57.67
1177,,wompi.Numbat 1.9,compare,77.99,±3.83,-1.00,85.00,0.00,4,2026-10-06 20:22:52,65.51,71.97
1178,,xander.cat.Fiona 1.4,compare,81.48,±4.92,-1.00,90.00,0.00,2,2026-10-06 20:15:21,66.94,70.73
1179,,xander.cat.Mikey 1.2,compare,86.29,±7.84,91.90,97.14,0.99,1,2026-10-06 19:26:07,66.92,70.83
1180,,xander.cat.SamAxe 1.1,compare,78.59,±4.80,80.04,87.14,-8.45,2,2026-10-06 19:38:30,66.96,70.87
1181,,xander.cat.Spitfire 1.4,compare,99.02,±7.84,99.02,97.14,8.96,1,2026-10-06 19:46:57,46.62,54.76
1182,,xander.cat.XanderCat 12.9,compare,55.44,±7.84,-1.00,65.71,0.00,1,2026-10-06 20:05:27,87.74,93.94
1183,,xiongan.Xiongan 1.1,compare,91.06,±7.84,91.25,94.29,-5.97,1,2026-10-06 19:31:57,29.87,25.49
1184,,yabot.YaBot 0.1,compare,98.02,±7.84,98.05,97.14,-1.81,1,2026-10-06 19:29:26,8.67,6.01
1185,,yagami.Tidus 0.11,compare,98.20,±4.96,96.40,98.57,-2.98,2,2026-10-06 20:06:39,45.18,39.48
1186,,yarghard.Y101 1.0,compare,95.71,±7.84,95.71,97.14,-3.50,1,2026-10-06 19:31:15,40.27,31.09
1187,,yarhoslav.YaroBot 1.2,compare,90.37,±7.84,92.01,97.14,-4.41,1,2026-10-06 19:38:58,35.90,33.02
1188,,yk.JahMicro 1.0,compare,90.45,±4.81,91.53,92.86,-4.10,2,2026-10-06 19:45:17,31.20,24.69
1189,,yk.JahRoslav 1.1,compare,92.29,±4.80,-1.00,97.14,0.00,2,2026-10-06 20:15:22,33.44,29.78
1190,,zch.David 0.21,compare,96.20,±7.84,96.39,97.14,-2.32,1,2026-10-06 19:43:12,21.65,9.46
1191,,zch.Hirkan 0.11,compare,96.65,±7.84,96.93,97.14,-1.52,1,2026-10-06 19:25:21,28.10,22.65
1192,,zen.Lindada 0.2,compare,80.08,±4.88,-1.00,92.86,0.00,2,2026-10-06 20:07:53,59.80,59.78
1193,,zen.Mirage 0.9.5,compare,74.58,±7.84,87.18,82.86,19.76,1,2026-10-06 19:41:00,83.71,93.99
1194,,zen.Ronin 1.0.0,compare,64.18,±7.84,76.09,74.29,5.19,1,2026-10-06 19:38:15,81.83,90.26
1195,,zeze2.OperatorZeze 1.05,compare,84.52,±7.84,-1.00,91.43,0.00,1,2026-10-06 20:08:55,46.60,46.62
1196,,zezinho.QuerMePegarKKKK 1.0,compare,68.07,±4.94,73.78,78.57,-12.18,2,2026-10-06 20:05:54,60.48,67.07
1197,,zh.UnderDog 0.0.2,compare,99.74,±7.84,99.79,100.00,0.09,1,2026-10-06 19:54:25,16.95,18.63
1198,,zignd.ZigIndexOutOfRange 1.1,compare,97.85,±7.84,97.85,97.14,-1.82,1,2026-10-06 19:40:20,15.95,8.65
1199,,zyx.mega.YersiniaPestis 3.0,compare,56.95,±7.84,75.74,68.57,5.02,1,2026-10-06 19:31:02,84.04,90.24
1200,,zyx.micro.Ant 1.1,compare,89.37,±7.84,90.55,97.14,-1.27,1,2026-10-06 19:32:58,58.16,54.70
1201,,zyx.nano.Ant 1.1,compare,92.06,±7.84,92.35,97.14,-6.34,1,2026-10-06 19:34:50,36.21,28.80
1202,,zyx.nano.EscherichiaColi 1.0,compare,92.52,±4.82,96.38,97.14,1.98,2,2026-10-06 19:55:22,33.65,18.04
1203,,zyx.nano.RedBull 1.0,compare,91.97,±7.84,-1.00,97.14,0.00,1,2026-10-06 20:07:11,40.43,25.73
1204,,zzx.Gron 1.14,compare,94.42,±4.85,94.82,97.14,-3.38,2,2026-10-06 19:40:14,42.06,33.53
1205,,zzx.Ignohis 8.0,compare,93.94,±7.84,93.94,97.14,-2.97,1,2026-10-06 19:32:13,44.25,39.34
1206,,zzx.Serunyr 2.0.2,compare,97.03,±4.80,-1.00,97.14,0.00,2,2026-10-06 20:12:25,24.21,16.30
