rank,flag,name,compare,aps,aps_ci,npp,survival,knnpbi,battles,latest_battle_utc,opponent_aps,opponent_survival
1,,AD.CodaFirst 1.1,compare,97.97,±7.84,97.97,100.00,-1.47,1,2026-10-01 09:23:04,23.58,17.18
2,,AIR.iRobot 1.0,compare,80.00,±7.84,81.50,94.29,-2.57,1,2026-10-01 12:10:41,65.27,66.54
3,,And.BasicSurfer FF1.6,compare,98.56,±7.84,98.76,100.00,0.51,1,2026-10-01 13:23:01,56.92,61.14
4,,ArchAlpha.ArchimedesAlpha 1.0,compare,100.00,±3.51,100.00,100.00,0.50,3,2026-10-01 15:16:39,2.55,2.84
5,,CharlieN.Omega.Omega 1.03,compare,83.63,±7.84,87.19,94.29,-2.05,1,2026-10-01 11:40:33,57.26,57.31
6,,DM.Capriite 3.7.2,compare,95.88,±5.07,95.99,98.57,-2.94,2,2026-10-01 15:30:24,33.98,29.60
7,,DM.Chicken 4.0,compare,97.83,±4.85,97.96,98.57,-0.74,2,2026-10-01 15:39:05,35.39,33.12
8,,DM.Mijit .3,compare,86.50,±5.08,91.31,95.71,-2.49,2,2026-10-01 15:37:47,56.79,54.20
9,,DM.mega.Bezier 1.618fprrr,compare,78.53,±4.83,79.63,95.71,9.98,2,2026-10-01 15:27:53,78.24,86.61
10,,DM.mega.Regicide 2.0rrr,compare,70.17,±7.84,83.84,85.71,11.46,1,2026-10-01 12:58:18,80.53,88.48
11,,DTF.Kludgy 1.2b,compare,65.80,±7.84,78.48,65.71,-6.91,1,2026-10-01 13:02:02,61.44,68.48
12,,EBBU.Sim2 1.02,compare,94.25,±7.84,94.87,100.00,-2.77,1,2026-10-01 12:58:24,31.65,21.95
13,,EE.LittleBig 1.0,compare,79.40,±7.84,82.80,91.43,-8.30,1,2026-10-01 13:19:58,47.86,41.50
14,,EFD.AdvancedEFD 0.4.5a,compare,65.29,±7.84,81.20,74.29,0.52,1,2026-10-01 11:01:04,77.63,85.42
15,,EH.Fusion 0.32,compare,76.14,±7.84,79.71,97.14,-5.39,1,2026-10-01 13:04:59,46.84,33.96
16,,EH.Pegasus 0.113,compare,91.01,±4.80,91.01,98.57,-4.48,2,2026-10-01 14:49:25,39.07,33.51
17,,EH.kms.LightningStorm 0.11B,compare,77.72,±7.84,86.28,94.29,2.24,1,2026-10-01 12:49:29,61.97,63.37
18,,EH.mini.Panther 0.2,compare,95.89,±7.84,95.91,97.14,-2.51,1,2026-10-01 10:33:26,52.54,60.65
19,,EH.nano.NightBird M,compare,92.32,±7.84,92.61,97.14,-5.30,1,2026-10-01 12:28:10,38.02,31.94
20,,Ex.Survival 3.7,compare,92.38,±7.84,92.85,97.14,-4.60,1,2026-10-01 09:22:30,43.77,38.71
21,,FatalFlaw.FatalFlaw 1.0.5,compare,93.87,±7.84,97.09,100.00,-0.99,1,2026-10-01 09:18:52,25.45,18.15
22,,Fenix.FenixTrack 1.0,compare,96.18,±7.84,96.45,100.00,-1.48,1,2026-10-01 12:42:00,32.83,20.04
23,,GarmBox.Anger 1.0,compare,87.65,±7.84,89.57,100.00,-4.83,1,2026-10-01 13:10:58,27.18,16.28
24,,GarmBox.Oranges 1.0.1,compare,92.03,±7.84,93.11,100.00,0.03,1,2026-10-01 13:50:13,44.31,37.18
25,,Gecko.ultimateGeckoBot 1.0,compare,98.55,±7.84,98.96,100.00,0.68,1,2026-10-01 14:32:39,45.27,43.74
26,,Grystrion.RandomTrackerNOREV 1.0,compare,88.79,±7.84,90.38,97.14,-4.64,1,2026-10-01 09:23:49,31.69,22.80
27,,Grystrion.TrackerWO 1.0,compare,93.33,±4.84,96.05,98.57,-0.95,2,2026-10-01 15:24:52,30.49,21.20
28,,Heal.TekitokaBot 1.0,compare,96.46,±7.84,96.96,97.14,-1.61,1,2026-10-01 13:33:26,26.42,15.89
29,,ICS4U1.Patrick_White_Schrodinger 1.1,compare,96.77,±7.84,97.38,100.00,0.62,1,2026-10-01 13:48:16,36.73,32.85
30,,KiraNL.Cataris 1.0,compare,78.76,±5.17,80.87,94.29,4.08,2,2026-10-01 15:44:52,58.04,55.76
31,,KiraNL.ChupaLite 0.4,compare,81.33,±7.84,81.72,91.43,1.39,1,2026-10-01 13:37:54,60.13,62.36
32,,KiraNL.Chupacabra 0.5,compare,76.92,±7.84,76.92,88.57,-0.06,1,2026-10-01 13:30:14,64.36,67.77
33,,KiraNL.SpaceKees 0.1,compare,90.47,±7.84,97.61,100.00,3.93,1,2026-10-01 13:43:50,48.01,47.85
34,,Krabb.fe4r.Fe4r 0.4,compare,92.42,±7.84,96.58,100.00,-0.61,1,2026-10-01 13:22:02,54.68,52.76
35,,Krabb.krabby.Krabby 1.18b,compare,83.42,±5.15,84.50,95.71,1.23,2,2026-10-01 14:37:04,61.70,61.68
36,,Krabb.sliNk.Garm 0.9u,compare,64.73,±7.84,79.68,77.14,7.23,1,2026-10-01 09:22:10,83.60,89.85
37,,Legend.Biogon 1.5,compare,99.04,±7.84,99.04,100.00,1.69,1,2026-10-01 13:17:04,49.21,49.49
38,,Legend.BoulderZY 1.4.9,compare,94.51,±7.84,95.00,97.14,-1.87,1,2026-10-01 10:52:20,44.73,44.66
39,,Legend.Qetro 1.6,compare,94.89,±7.84,95.01,97.14,-3.60,1,2026-10-01 09:41:05,42.40,35.68
40,,Legend.X_FireFly 1.3,compare,92.53,±7.84,94.11,100.00,-1.74,1,2026-10-01 14:12:08,51.08,51.74
41,,Lo_Ian.Gandalf_V4 4.0,compare,99.15,±7.84,99.29,100.00,0.66,1,2026-10-01 14:08:11,38.89,35.42
42,,McS.Spanky_test 0.1a,compare,98.60,±7.84,98.60,97.14,-1.10,1,2026-10-01 10:22:16,12.05,11.67
43,,NDH.GuessFactor 1.0,compare,79.02,±7.84,79.17,88.57,-4.74,1,2026-10-01 11:41:46,41.98,29.75
44,,NG.LegatusLegionis 1.2,compare,96.33,±7.84,97.80,100.00,0.46,1,2026-10-01 12:53:47,35.24,27.42
45,,Noran.BitchingElk 0.054,compare,91.05,±7.84,91.15,88.57,-4.39,1,2026-10-01 09:37:20,35.04,50.19
46,,Noran.RandomTargeting 0.02,compare,99.93,±7.84,99.95,100.00,0.16,1,2026-10-01 14:08:38,28.57,34.15
47,,PK.Twardy 0.4.2,compare,96.74,±5.06,96.95,98.57,-0.97,2,2026-10-01 13:28:21,38.05,34.02
48,,PSW.Relentless 0.1,compare,83.31,±7.84,83.41,97.14,-14.62,1,2026-10-01 12:10:58,25.96,13.95
49,,PkKillers.PkAssassin 1.0,compare,89.48,±7.84,90.69,100.00,-0.06,1,2026-10-01 12:55:52,54.44,51.36
50,,Polkwane.Intensive 1.0,compare,84.22,±7.84,84.22,100.00,-0.14,1,2026-10-01 13:58:01,64.42,69.71
51,,Polkwane.Piyane 0.7b,compare,84.44,±7.84,84.44,91.43,-10.29,1,2026-10-01 10:15:46,58.45,55.57
52,,Queens_teamrobot.UltraRazor 1.0,compare,97.49,±7.84,97.56,97.14,-1.69,1,2026-10-01 10:45:23,28.07,30.02
53,,RobotMarco.MarcoV 0.1,compare,99.99,±4.80,99.99,100.00,0.29,2,2026-10-01 15:08:32,11.36,7.11
54,,SFS.SamsSecondRobot 1.0,compare,99.90,±4.80,100.00,100.00,0.52,2,2026-10-01 15:40:46,13.63,6.25
55,,SHAM.WOW 1.4,compare,80.01,±7.84,82.99,94.29,1.03,1,2026-10-01 11:03:21,65.53,72.63
56,,SK.SimpleKiller 1.0,compare,96.58,±7.84,98.05,100.00,-0.63,1,2026-10-01 09:24:30,18.15,10.65
57,,SuperSample.SuperCrazy 1.0,compare,88.47,±7.84,88.60,97.14,-3.28,1,2026-10-01 13:51:07,46.21,42.67
58,,TCMI.Enyo 0.4,compare,94.94,±7.84,94.94,100.00,-2.04,1,2026-10-01 13:17:12,66.63,70.49
59,,TCMI.nano.Copper 0.2,compare,91.94,±7.84,92.33,97.14,-5.72,1,2026-10-01 10:20:49,32.54,21.12
60,,TJ.Exupery 1.39,compare,76.69,±7.84,84.45,88.57,-3.84,1,2026-10-01 10:38:13,64.60,70.01
61,,WarfaJibril.Jibril_Warfa_Andromeda 1.11,compare,83.07,±7.84,83.23,97.14,-6.90,1,2026-10-01 13:45:09,42.82,35.95
62,,WdV.Lesserbee 0.01,compare,96.46,±3.54,98.42,100.00,0.75,3,2026-10-01 15:03:46,19.79,11.49
63,,WidowMakersAtWar.EpicCow 1.0,compare,98.58,±7.84,98.68,100.00,-0.51,1,2026-10-01 13:00:47,37.95,29.82
64,,aaa.r.ScalarR 0.005h.053-noshield,compare,30.90,±7.84,55.12,20.00,0.43,1,2026-10-01 13:14:16,91.26,97.77
65,,ab.DengerousRoBatra 1.3,compare,73.39,±7.84,75.68,88.57,-10.40,1,2026-10-01 10:33:12,71.46,77.30
66,,abc.Shadow 3.83c,compare,63.49,±7.84,85.17,80.00,15.45,1,2026-10-01 13:01:49,84.72,91.60
67,,abud.ThirdRobo 1.0,compare,94.50,±7.84,94.69,97.14,-4.23,1,2026-10-01 09:23:10,23.59,17.95
68,,acid.Bl4ck 1.0,compare,95.80,±7.84,96.69,100.00,-0.96,1,2026-10-01 14:34:40,36.86,29.75
69,,acid.Null 1.0,compare,96.84,±7.84,98.98,100.00,1.83,1,2026-10-01 14:12:59,36.70,30.09
70,,acid.Syzygy 1.0.4,compare,97.18,±7.84,97.37,100.00,-1.01,1,2026-10-01 09:12:54,32.53,27.96
71,,acogdev.alpha 0.2,compare,99.26,±7.84,99.36,100.00,0.02,1,2026-10-01 12:46:53,26.65,18.08
72,,ad.Quest 0.10,compare,75.64,±7.84,78.87,91.43,-1.19,1,2026-10-01 13:16:53,70.15,74.60
73,,ad.last.Bottom 1.0,compare,99.97,±7.84,99.99,100.00,0.23,1,2026-10-01 13:17:52,2.58,3.43
74,,adt.Ar1 2.1,compare,99.15,±4.83,99.15,100.00,0.18,2,2026-10-01 15:05:58,30.13,22.10
75,,adt.Ar2 1.0,compare,96.00,±7.84,97.33,100.00,1.04,1,2026-10-01 13:56:08,32.63,22.19
76,,aetos.AetosFirstBot 1.0,compare,99.84,±7.84,99.87,100.00,0.77,1,2026-10-01 13:48:07,20.99,10.80
77,,ag.Gir 0.99,compare,99.48,±4.81,99.48,98.57,0.04,2,2026-10-01 15:57:44,13.94,13.63
78,,agd.Mooserwirt2 2.7,compare,88.58,±7.84,89.82,94.29,-7.41,1,2026-10-01 10:17:02,53.54,52.91
79,,agrach.Dalek 1.0,compare,98.70,±7.84,98.71,100.00,0.76,1,2026-10-01 13:47:10,44.04,37.39
80,,agrach.MicroDalek 1.0,compare,98.40,±7.84,98.55,100.00,0.83,1,2026-10-01 13:32:06,40.35,32.96
81,,agrach.RobotSlayer 1.0,compare,95.62,±7.84,95.63,97.14,-2.82,1,2026-10-01 10:47:53,44.41,41.45
82,,ags.Glacier 0.3.2,compare,62.86,±7.84,79.73,74.29,0.44,1,2026-10-01 12:54:56,78.92,84.58
83,,ags.Midboss 1q.fast,compare,69.76,±7.84,81.02,82.86,8.55,1,2026-10-01 12:40:25,83.76,89.91
84,,ags.micro.Carpet 1.1,compare,80.75,±7.84,80.94,91.43,-4.12,1,2026-10-01 12:08:02,63.08,62.82
85,,ags.polished.PolishedRuby 1,compare,74.13,±4.70,78.15,90.48,9.07,3,2026-10-01 14:58:21,69.66,77.32
86,,ags.rougedc.RougeDC willow,compare,66.58,±7.84,80.29,71.43,9.13,1,2026-10-01 11:21:07,82.37,88.23
87,,ahf.Acero 1.0,compare,97.07,±4.86,97.22,100.00,-0.35,2,2026-10-01 15:55:34,48.23,45.34
88,,ahf.NanoAndrew .4,compare,96.65,±5.11,96.65,97.14,-2.44,2,2026-10-01 15:25:02,46.95,47.16
89,,ahf.r2d2.R2d2 0.86,compare,81.92,±5.34,82.71,95.71,-5.25,2,2026-10-01 15:13:27,63.76,64.13
90,,ahr.ice.Ice 1.0,compare,82.31,±7.84,84.70,94.29,-7.75,1,2026-10-01 11:12:58,52.78,49.97
91,,ajs.Guessit 1.3,compare,93.72,±4.94,96.72,98.57,0.82,2,2026-10-01 12:56:56,51.47,59.28
92,,ajs.Solveit 1.3,compare,87.62,±7.84,92.15,94.29,-2.25,1,2026-10-01 12:10:00,53.29,59.91
93,,ak.Fermat 2.0,compare,84.24,±5.60,84.38,97.14,3.61,2,2026-10-01 15:28:12,67.89,69.82
94,,alex.Diabolo5 1.1,compare,91.67,±7.84,93.35,97.14,-2.59,1,2026-10-01 11:47:41,47.52,43.95
95,,alk.lap.LoudAndProud 2.23,compare,83.00,±4.83,95.09,97.14,4.99,2,2026-10-01 15:24:27,62.76,58.77
96,,alpha.BlackIce 1.0,compare,70.11,±7.84,70.39,80.00,-15.40,1,2026-10-01 11:16:21,56.19,54.76
97,,alpha.RainingFire 1.0,compare,73.05,±7.84,88.42,85.71,2.08,1,2026-10-01 13:17:39,69.01,74.37
98,,am.Miedzix 3.0,compare,87.68,±7.84,90.82,97.14,-1.46,1,2026-10-01 11:40:40,44.57,36.75
99,,amarok.Rookie 1.1,compare,90.67,±4.88,92.31,95.71,-3.33,2,2026-10-01 13:07:58,50.07,48.13
100,,amc.ROBv202 1.01,compare,99.18,±7.84,99.18,100.00,-0.20,1,2026-10-01 13:48:12,28.77,25.57
101,,amc.ROBv203 1.0,compare,93.96,±5.75,94.26,97.14,-4.22,2,2026-10-01 14:20:46,40.35,34.49
102,,amc.ROBv300 1.1,compare,97.10,±7.84,97.31,100.00,-1.69,1,2026-10-01 09:30:59,32.85,27.57
103,,amc.ROBv301 1.1,compare,96.56,±7.84,96.87,100.00,-1.74,1,2026-10-01 13:16:41,33.82,27.59
104,,amc.ROBv400 1.0,compare,94.95,±7.84,95.14,100.00,-3.36,1,2026-10-01 14:30:10,33.86,28.04
105,,amk.ChumbaMini 0.2,compare,77.06,±7.84,82.89,91.43,-5.65,1,2026-10-01 11:15:57,58.74,54.41
106,,amk.ChumbaWumba 0.3,compare,80.82,±4.92,83.31,100.00,-4.03,2,2026-10-01 14:59:23,58.79,56.53
107,,amk.Punbot.Punbot 0.01,compare,98.63,±4.80,98.81,100.00,-0.28,2,2026-10-01 14:57:09,9.99,5.52
108,,amk.ShizzleStiX.ShizzleStiX 0.6,compare,96.43,±7.84,97.63,100.00,2.62,1,2026-10-01 13:03:27,34.16,22.95
109,,amk.jointstrike.JointStrike 0.2,compare,91.79,±7.84,92.73,97.14,-3.39,1,2026-10-01 11:19:22,31.69,21.33
110,,amk.superstrike.SuperStrike 0.3,compare,94.12,±7.84,94.67,97.14,-2.50,1,2026-10-01 12:04:43,30.13,20.01
111,,ao.T100 0.9,compare,99.69,±7.84,99.74,100.00,0.61,1,2026-10-01 09:45:10,29.81,34.62
112,,ap.Frederick 1.1,compare,98.06,±7.84,98.06,94.29,-1.71,1,2026-10-01 13:37:38,14.98,15.81
113,,apc.Caan 1.0,compare,96.08,±7.84,97.26,100.00,0.78,1,2026-10-01 12:55:22,19.48,13.77
114,,apc.Colossus2 0.12,compare,89.86,±7.84,90.79,94.29,-4.10,1,2026-10-01 11:00:07,37.11,30.17
115,,apc.LeeroyJenkins2 1.0,compare,82.24,±7.84,91.46,94.29,1.79,1,2026-10-01 13:43:45,54.78,55.13
116,,apc.botM 3.0,compare,90.26,±7.84,94.81,100.00,1.33,1,2026-10-01 13:50:39,50.56,47.98
117,,apollokidd.ApolloKidd 0.9,compare,94.46,±7.84,95.23,97.14,-2.42,1,2026-10-01 10:06:56,39.67,35.82
118,,apv.Aspid 1.7,compare,79.14,±5.50,97.03,95.71,4.33,2,2026-10-01 15:59:06,65.82,66.39
119,,apv.AspidReloaded 0.6,compare,78.61,±5.05,78.65,95.71,-3.34,2,2026-10-01 16:00:50,62.57,60.78
120,,apv.LauLectrik 1.2,compare,70.90,±4.82,81.50,85.71,-6.24,2,2026-10-01 14:33:43,61.64,61.20
121,,apv.MicroAspid 1.8,compare,68.48,±7.84,68.48,82.86,-3.84,1,2026-10-01 10:31:53,65.08,63.28
122,,apv.NanoLauLectrik 1.0,compare,77.55,±7.84,79.42,94.29,-1.81,1,2026-10-01 09:46:56,58.90,53.67
123,,apv.NanoLauLectrikTheCannibal 1.1,compare,86.95,±7.84,93.87,97.14,6.89,1,2026-10-01 09:13:34,53.52,47.61
124,,apv.ScruchiPu 1.0,compare,72.77,±7.84,83.97,91.43,-2.85,1,2026-10-01 10:35:42,65.14,65.38
125,,apv.TheBrainPi 0.5fix,compare,74.80,±6.08,87.59,88.57,-0.32,2,2026-10-01 16:03:32,58.58,55.40
126,,apv.test.Virus 0.6.1,compare,67.96,±7.84,68.05,77.14,1.82,1,2026-10-01 12:39:48,79.74,84.27
127,,ar.QuantumChromodynamics 1.2.1,compare,90.69,±7.84,91.10,100.00,-3.20,1,2026-10-01 13:56:00,44.00,36.26
128,,ar.TheoryOfEverything 1.2.1,compare,86.63,±4.94,90.81,100.00,-0.40,2,2026-10-01 15:04:44,51.88,48.78
129,,ar.horizon.Horizon 1.2.2,compare,62.06,±7.84,67.58,74.29,2.51,1,2026-10-01 13:57:12,82.88,88.77
130,,ara.Shera 0.88,compare,87.32,±7.84,98.86,100.00,11.66,1,2026-10-01 13:18:49,64.57,65.30
131,,areb.Union 1.06,compare,80.52,±7.84,83.39,91.43,3.54,1,2026-10-01 13:09:31,64.26,71.41
132,,arthord.KostyaTszyu Beta2,compare,80.49,±7.84,80.66,97.14,-0.89,1,2026-10-01 13:19:33,64.12,63.61
133,,arthord.MannyPacquiao Delta2,compare,81.37,±7.84,92.74,97.14,0.26,1,2026-10-01 13:00:22,46.31,35.26
134,,arthord.NanoSatan Mu,compare,82.51,±5.08,87.37,98.57,0.26,2,2026-10-01 14:51:29,57.76,50.17
135,,arthord.NanoSatanMelee Beta,compare,88.13,±5.25,93.37,97.14,-2.34,2,2026-10-01 14:36:47,38.73,23.64
136,,arthord.micro.Apoptygma 0.4,compare,82.83,±7.84,90.58,97.14,2.06,1,2026-10-01 10:51:50,56.51,48.20
137,,arthord.micro.Muffin 0.6.1,compare,81.16,±7.84,88.01,94.29,3.37,1,2026-10-01 11:38:50,64.27,62.17
138,,ary.Crisis 1.0,compare,87.08,±7.84,90.00,97.14,0.85,1,2026-10-01 13:53:30,61.18,65.40
139,,ary.FourWD 1.3d,compare,75.96,±7.84,78.03,88.57,-1.27,1,2026-10-01 14:15:13,73.86,79.97
140,,ary.Help 1.0,compare,82.40,±7.84,83.68,97.14,11.23,1,2026-10-01 09:44:52,80.57,86.86
141,,ary.SMG 1.01,compare,66.60,±7.84,68.33,80.00,-3.29,1,2026-10-01 13:24:56,79.19,85.99
142,,ary.micro.Weak 1.2,compare,78.42,±7.84,89.39,94.29,4.45,1,2026-10-01 14:05:31,71.67,73.58
143,,ary.mini.Nimi 1.0,compare,78.19,±7.84,79.16,94.29,6.58,1,2026-10-01 13:59:32,73.93,81.34
144,,ary.nano.AceSurf 1.2,compare,86.43,±3.52,90.22,95.24,-2.71,3,2026-10-01 15:51:57,51.70,45.77
145,,ary.nano.ColorNanoP 1.1,compare,83.99,±7.84,85.39,97.14,-1.49,1,2026-10-01 10:44:48,56.88,52.34
146,,as.xbots 1.0,compare,68.28,±7.84,74.04,91.43,-9.07,1,2026-10-01 13:50:09,53.77,45.06
147,,asd.Cthulhu 1.2,compare,95.62,±7.84,96.82,100.00,1.78,1,2026-10-01 13:18:24,39.11,31.66
148,,asm.Statistas 0.1,compare,76.05,±5.26,78.16,94.29,-3.39,2,2026-10-01 15:48:22,55.06,50.62
149,,av.RobAtHome 1.2,compare,92.09,±4.85,93.94,98.57,-2.64,2,2026-10-01 16:02:35,35.79,26.03
150,,aw.Gilgalad 1.99.5c,compare,42.17,±5.34,53.17,48.57,-3.74,2,2026-10-01 15:20:31,87.64,95.01
151,,awesomeness.Elite 1.0,compare,95.99,±7.84,96.36,97.14,-1.03,1,2026-10-01 09:25:50,47.55,43.31
152,,awl.Locutus 1.5,compare,91.11,±7.84,93.87,97.14,-0.54,1,2026-10-01 09:26:21,48.85,45.77
153,,axeBots.HataMoto 3.09,compare,87.93,±4.93,97.12,98.57,5.00,2,2026-10-01 14:37:18,56.49,55.84
154,,axeBots.Musashi 2.18,compare,78.27,±7.84,79.82,88.57,8.67,1,2026-10-01 10:57:03,71.29,77.26
155,,axeBots.Okami 1.04,compare,70.61,±7.84,84.01,80.00,3.59,1,2026-10-01 13:37:04,76.54,82.69
156,,axeBots.SilverSurfer 2.53.33fix,compare,64.29,±7.84,79.80,77.14,4.82,1,2026-10-01 11:42:23,83.29,89.69
157,,ayk.WallHugger 1.0,compare,98.89,±7.84,99.14,100.00,0.99,1,2026-10-01 09:48:07,21.05,11.89
158,,az.Ololobot 0.2.4,compare,88.40,±3.77,91.90,95.24,-0.91,3,2026-10-01 15:45:51,52.84,61.48
159,,baal.nano.N 1.42,compare,98.23,±4.80,98.27,100.00,0.13,2,2026-10-01 15:30:28,36.14,26.71
160,,banshee.micro.Nexus6 0.3.0,compare,94.84,±7.84,95.28,100.00,-0.75,1,2026-10-01 13:19:47,48.09,41.01
161,,banshee.mini.Nexus6 0.2.0,compare,99.39,±4.80,99.41,100.00,0.18,2,2026-10-01 15:59:16,43.23,45.96
162,,barontrozo.BaronTrozo 1.7.6,compare,67.73,±4.85,69.33,81.43,1.91,2,2026-10-01 14:44:30,70.05,76.33
163,,bayen.UbaMicro 1.4,compare,96.90,±7.84,97.48,100.00,0.94,1,2026-10-01 14:30:07,47.00,42.57
164,,bayen.UbaRamLT 1.0,compare,67.72,±4.80,74.07,97.14,-10.56,2,2026-10-01 12:57:14,49.76,36.23
165,,bayen.nano.Squirrel 0.2,compare,87.67,±7.84,95.08,100.00,0.15,1,2026-10-01 14:10:29,50.12,38.69
166,,bayen.nut.Squirrel 1.621,compare,79.54,±7.84,82.69,97.14,3.13,1,2026-10-01 14:04:45,69.85,73.23
167,,bbo.RamboT 0.3,compare,79.78,±7.84,79.92,97.14,-18.36,1,2026-10-01 11:30:37,28.91,15.68
168,,bbo.TheRoof 1.4.3,compare,93.93,±4.85,96.15,98.57,-0.34,2,2026-10-01 14:51:23,36.91,27.27
169,,benhorner.PureAggression 0.2.6,compare,64.30,±7.84,74.38,91.43,-10.70,1,2026-10-01 13:00:29,52.17,42.20
170,,bh.PencilRain 0.01,compare,99.97,±7.84,99.99,100.00,1.19,1,2026-10-01 12:44:21,11.57,12.77
171,,bigpete.Stewie 1.0,compare,94.75,±3.71,94.88,100.00,-2.56,3,2026-10-01 15:16:35,48.11,47.84
172,,bing2.Melody 1.3.1,compare,83.16,±7.84,84.17,94.29,-3.16,1,2026-10-01 12:13:33,68.68,73.39
173,,bjl.LoneDragon 0.5,compare,85.68,±7.84,89.01,91.43,-4.55,1,2026-10-01 12:17:03,60.22,63.65
174,,bk.Shooter 1.0,compare,98.39,±7.84,98.82,100.00,-0.43,1,2026-10-01 13:47:17,18.02,9.58
175,,blir.micro.blixi.Blixi 1.2,compare,97.14,±5.02,97.36,98.57,-1.32,2,2026-10-01 16:01:21,43.81,41.70
176,,blir.mini.oops.Splooshlu 2.0,compare,97.54,±4.93,97.62,98.57,-0.69,2,2026-10-01 16:02:26,47.93,51.71
177,,blir.nano.Bruce R1.0.0,compare,75.11,±2.98,80.11,95.71,-6.78,4,2026-10-01 15:22:42,44.14,34.01
178,,blir.nano.Cabbage R1.0.1,compare,97.41,±7.84,97.60,100.00,0.05,1,2026-10-01 13:45:37,42.65,36.37
179,,blir.nano.inch.Inchworm 1.0,compare,96.17,±7.84,97.01,97.14,-2.01,1,2026-10-01 10:32:22,20.75,15.83
180,,blr.Chicken001 0.1,compare,93.34,±3.79,93.50,98.10,-5.36,3,2026-10-01 14:34:36,18.29,11.06
181,,bndl.LostLion 1.2,compare,93.86,±7.84,94.55,100.00,0.80,1,2026-10-01 13:17:26,42.63,38.15
182,,boe.Minerva 0.80,compare,86.64,±3.83,94.08,96.19,-1.11,3,2026-10-01 16:01:35,57.61,60.18
183,,bons.NanoStalker 1.2,compare,97.59,±7.84,98.44,100.00,-0.40,1,2026-10-01 09:40:28,39.15,32.78
184,,bots.UberBot 1.2c,compare,96.73,±7.84,97.16,100.00,0.86,1,2026-10-01 13:38:44,40.52,36.27
185,,bots.UnterBot 1.0,compare,96.89,±4.82,97.71,100.00,1.96,2,2026-10-01 13:15:56,43.86,36.94
186,,bots.UnterExBot 1.0,compare,95.67,±7.84,96.31,97.14,-1.45,1,2026-10-01 13:50:06,44.02,37.30
187,,bp.Kuma 1.0,compare,99.74,±7.84,99.76,100.00,0.52,1,2026-10-01 13:34:09,30.61,24.49
188,,braaropolis.Abot 1.0,compare,96.41,±3.58,97.34,99.05,-1.18,3,2026-10-01 14:53:39,26.32,18.57
189,,brainfade.Fallen 0.63,compare,67.69,±7.84,69.62,80.00,-6.75,1,2026-10-01 13:34:06,70.30,76.19
190,,brainfade.melee.Dusk 0.44,compare,92.84,±4.80,93.34,100.00,-0.48,2,2026-10-01 15:01:31,51.78,57.07
191,,bts.mega.Gnarly 1.4,compare,84.60,±3.66,94.92,96.19,1.39,3,2026-10-01 15:03:56,58.54,61.56
192,,bts.wiki.RipCurl 0.9b,compare,73.19,±7.84,84.36,85.71,-4.51,1,2026-10-01 11:29:53,66.63,68.09
193,,buba.Archivist 0.1,compare,86.30,±7.84,86.84,100.00,5.36,1,2026-10-01 12:50:54,56.30,51.56
194,,buba.Buba 0.3,compare,95.97,±3.91,96.06,99.05,-2.51,3,2026-10-01 14:57:54,43.55,35.08
195,,bumblebee.Bumblebee 1.0,compare,90.80,±5.05,95.72,100.00,2.36,2,2026-10-01 13:30:27,42.82,31.03
196,,bvh.fnr.Fenrir 0.36l,compare,72.93,±4.86,78.07,84.29,-0.15,2,2026-10-01 15:23:25,62.81,67.31
197,,bvh.frg.Friga 0.112dev,compare,84.25,±7.84,84.25,97.14,-5.38,1,2026-10-01 09:41:50,63.35,64.33
198,,bvh.fry.Freya 0.82,compare,77.57,±7.84,87.67,94.29,-2.35,1,2026-10-01 13:42:04,66.66,71.23
199,,bvh.hdr.Hodur 0.4,compare,94.57,±7.84,95.05,97.14,-0.63,1,2026-10-01 10:27:13,21.47,14.22
200,,bvh.loki.Loki 0.5,compare,96.59,±7.84,97.14,100.00,0.00,1,2026-10-01 13:17:00,36.78,32.73
201,,bvh.micro.Freya 0.3,compare,96.45,±7.84,97.96,100.00,1.94,1,2026-10-01 13:45:29,44.39,39.53
202,,bvh.micro.Svadilfari 0.2,compare,96.79,±7.84,97.10,100.00,-1.78,1,2026-10-01 13:43:37,36.27,32.55
203,,bvh.mini.Fenrir 0.39,compare,78.99,±7.84,80.70,91.43,-2.11,1,2026-10-01 11:21:32,57.60,57.45
204,,bvh.mini.Freya 0.55,compare,80.61,±7.84,80.89,94.29,-3.78,1,2026-10-01 11:55:08,62.79,61.88
205,,bvh.mini.Mjolnir 0.3,compare,72.08,±4.80,83.52,98.57,-6.94,2,2026-10-01 14:45:52,56.36,51.68
206,,bvh.mini.Wodan 0.50,compare,70.71,±7.84,83.10,85.71,-3.85,1,2026-10-01 12:59:22,63.87,68.79
207,,bvh.tyr.Tyr 1.74,compare,94.14,±4.93,95.57,98.57,0.27,2,2026-10-01 14:59:09,41.43,36.30
208,,bwbaugh.nano.Tirunculus 0.0.0a,compare,67.11,±7.84,76.42,97.14,-13.06,1,2026-10-01 11:26:05,45.71,30.59
209,,bzdp.BoxCar 2.0,compare,89.89,±4.85,91.45,97.14,-2.56,2,2026-10-01 15:11:14,40.27,30.11
210,,bzdp.Pansy 2.1,compare,99.20,±7.84,99.47,100.00,0.40,1,2026-10-01 09:38:09,20.62,11.35
211,,caimano.Furia_Ceca 0.22,compare,93.91,±7.84,94.08,97.14,-3.83,1,2026-10-01 11:45:10,44.11,37.72
212,,can.Pookie 1.1,compare,74.92,±7.84,76.77,85.71,-6.20,1,2026-10-01 11:31:19,64.23,63.04
213,,casey.Flee 1.0,compare,87.44,±7.84,88.97,100.00,0.77,1,2026-10-01 13:12:34,49.21,40.01
214,,casey.Flump 1.0,compare,84.64,±5.21,92.06,97.14,-2.10,2,2026-10-01 13:58:26,47.52,37.17
215,,catcat20.Lambda 0.017,compare,62.43,±7.84,78.16,77.14,2.63,1,2026-10-01 10:39:19,82.46,88.61
216,,catcat20.Rabbit 0.001,compare,75.29,±7.84,82.23,82.86,-4.80,1,2026-10-01 12:31:48,68.66,76.27
217,,catcat20.atom.Atom 0.51,compare,78.90,±7.84,86.49,88.57,4.18,1,2026-10-01 09:05:31,75.54,83.01
218,,catcat20.helios.Helios 1.5,compare,75.40,±6.00,84.68,81.43,-1.05,2,2026-10-01 15:58:28,71.76,77.34
219,,catcat20.shape.Theta 0.018,compare,62.94,±7.84,79.01,74.29,1.66,1,2026-10-01 09:53:00,79.19,86.31
220,,cb.Domogled 1.2,compare,66.04,±7.84,77.34,62.86,4.89,1,2026-10-01 13:39:55,85.12,93.67
221,,cb.fire.Firestarter 2.0f,compare,34.80,±7.84,40.98,14.29,-9.04,1,2026-10-01 10:30:40,88.13,96.63
222,,cb.mega.RandomBot 1.0,compare,77.06,±7.84,95.69,94.29,7.87,1,2026-10-01 13:15:00,54.92,55.32
223,,cb.nano.Insomnia 1.0,compare,93.10,±7.84,93.76,97.14,0.55,1,2026-10-01 11:54:24,25.00,15.25
224,,cbot.agile.Nibbler 0.2,compare,75.68,±7.84,75.68,91.43,-0.10,1,2026-10-01 13:27:11,64.33,65.90
225,,cbot.cbot.CBot 0.8,compare,75.79,±7.84,82.72,88.57,-2.41,1,2026-10-01 09:43:35,55.93,52.92
226,,cf.OldMan.OldManXP 0.1,compare,73.81,±7.84,79.32,88.57,-2.44,1,2026-10-01 10:54:15,57.69,54.99
227,,cf.mini.Chiva 1.0,compare,67.88,±7.84,72.62,80.00,-14.16,1,2026-10-01 10:48:12,68.79,73.66
228,,cf.proto.Shiva 2.2,compare,72.52,±5.13,77.89,90.00,2.89,2,2026-10-01 15:28:51,80.15,85.90
229,,cf.star.Star2 1.23,compare,72.09,±7.84,80.54,88.57,-2.82,1,2026-10-01 12:44:11,71.58,74.24
230,,ch.rhj.rbc.RHJ1 1.0,compare,98.39,±4.80,98.45,97.14,-0.91,2,2026-10-01 11:02:08,16.28,13.92
231,,chase.pm.Pytko 1.0,compare,66.60,±5.39,67.71,80.00,-0.81,2,2026-10-01 14:58:38,67.00,72.51
232,,chickenfuego.UrChicken2 1.0,compare,99.98,±7.84,99.99,100.00,0.21,1,2026-10-01 13:32:11,9.12,8.38
233,,cjk.Merkava 0.1.1,compare,99.27,±7.84,99.71,100.00,1.23,1,2026-10-01 13:55:43,32.64,22.97
234,,cjm.Charo 1.1,compare,76.51,±5.23,76.51,91.43,-5.06,2,2026-10-01 15:18:36,64.36,61.58
235,,cjm.Che 1.2,compare,75.09,±7.84,75.95,82.86,-1.17,1,2026-10-01 13:31:40,65.69,71.43
236,,cjm.Chomsky 1.5,compare,78.57,±7.84,78.83,88.57,-1.34,1,2026-10-01 10:50:53,66.52,73.48
237,,cjm.chalk.Chalk 2.6.Be,compare,61.44,±7.84,61.44,77.14,1.00,1,2026-10-01 09:14:08,82.78,88.86
238,,cli.Dancer 1.1,compare,99.93,±7.84,100.00,100.00,0.68,1,2026-10-01 12:53:55,36.62,37.92
239,,cli.WasteOfAmmo 1.0,compare,98.89,±7.84,98.89,97.14,-0.91,1,2026-10-01 10:59:43,1.52,1.41
240,,codemojo.nano.Woot 1.0,compare,93.05,±7.84,93.05,97.14,-1.41,1,2026-10-01 10:31:13,37.44,25.33
241,,com.arsenic.NewTest 1.0,compare,89.60,±7.84,90.83,94.29,-4.36,1,2026-10-01 11:16:57,44.18,38.80
242,,com.blogspot.malinkody.DestrobotMalin 1.0,compare,98.44,±7.84,98.45,97.14,-1.20,1,2026-10-01 11:43:06,17.32,17.11
243,,com.cohesiva.robocode.ManOwaR 1.0,compare,95.32,±7.84,98.02,100.00,2.18,1,2026-10-01 12:49:55,48.33,52.96
244,,com.sociesc.T1000 1.0.0,compare,100.00,±4.80,100.00,100.00,0.29,2,2026-10-01 14:53:15,2.55,3.26
245,,com.spp.robocode.MostlyHarmless 010,compare,92.73,±4.88,93.00,98.57,-2.74,2,2026-10-01 15:38:21,44.04,44.92
246,,com.syncleus.robocode.Dreadnaught 0.1,compare,87.64,±7.84,89.13,100.00,-4.10,1,2026-10-01 14:07:22,35.47,26.30
247,,com.timothyveletta.FuzzyBot 1.1,compare,98.36,±4.81,98.39,100.00,0.15,2,2026-10-01 14:34:00,33.05,27.13
248,,conscience.Bulldozer 1.0a,compare,76.11,±7.84,82.30,100.00,-5.65,1,2026-10-01 13:10:38,46.17,33.70
249,,conscience.Electron 1.3g,compare,91.10,±7.84,91.60,97.14,-4.46,1,2026-10-01 11:43:00,47.24,41.09
250,,conscience.Idem 1.0a,compare,96.22,±7.84,96.46,97.14,-1.26,1,2026-10-01 12:06:22,33.60,19.21
251,,conscience.Suicidal 1.1,compare,98.70,±7.84,98.70,97.14,-1.28,1,2026-10-01 10:13:21,0.87,0.87
252,,cre.Karolos 0.32,compare,88.09,±7.84,89.39,97.14,-2.36,1,2026-10-01 13:23:13,57.07,59.37
253,,cs.Nene 1.0.5,compare,55.81,±4.98,70.62,72.38,4.06,3,2026-10-01 15:12:20,86.63,92.43
254,,cs.PumpkinPie 1.0,compare,76.81,±7.84,88.52,88.57,5.11,1,2026-10-01 12:14:11,61.22,66.84
255,,cs.Wren 1.0,compare,98.19,±7.84,98.19,100.00,-0.34,1,2026-10-01 12:48:04,39.73,33.32
256,,cs.s2.Seraphim 2.3.1,compare,67.54,±7.84,67.54,85.71,7.23,1,2026-10-01 09:11:25,83.13,88.68
257,,csm.NthGeneration 0.04,compare,92.44,±7.84,92.48,97.14,-4.14,1,2026-10-01 10:12:38,48.80,46.91
258,,csp.Eagle 3.30,compare,93.61,±7.84,94.95,100.00,-2.53,1,2026-10-01 13:58:10,34.96,28.30
259,,css.Delitioner 0.11,compare,79.40,±4.80,79.45,91.43,1.82,2,2026-10-01 15:01:14,61.43,64.88
260,,cuoq.Kakera 1.0,compare,80.47,±7.84,82.22,91.43,9.67,1,2026-10-01 13:56:49,70.90,77.87
261,,cw.megas.Blade 0.8,compare,80.57,±7.84,91.15,88.57,1.16,1,2026-10-01 11:13:22,60.77,61.76
262,,cw.megas.GhostShell GT,compare,87.47,±4.84,96.80,97.14,4.80,2,2026-10-01 15:01:01,48.56,45.40
263,,cw.megas.Gridd 0.4,compare,81.25,±7.84,91.50,94.29,5.51,1,2026-10-01 13:40:09,55.29,55.88
264,,cw.megas.Polar 3.2,compare,74.77,±7.84,86.54,85.71,-1.24,1,2026-10-01 12:00:58,54.93,55.09
265,,cw.megas.Silhouette 1.1,compare,68.22,±7.84,79.88,85.71,-0.75,1,2026-10-01 10:21:33,69.77,74.55
266,,cx.BlestPain 1.41,compare,75.40,±5.73,89.22,90.00,7.86,2,2026-10-01 15:29:03,73.99,78.88
267,,cx.CigaretBH 1.03,compare,71.12,±7.84,76.17,85.71,3.72,1,2026-10-01 09:47:48,68.85,72.58
268,,cx.Lacrimas 1.36,compare,77.97,±7.84,93.43,94.29,11.23,1,2026-10-01 13:27:32,75.05,80.59
269,,cx.Princess 1.0,compare,63.20,±7.84,69.00,71.43,-3.13,1,2026-10-01 09:35:29,68.48,72.86
270,,cx.micro.Blur 0.2,compare,74.50,±7.84,74.97,82.86,-11.58,1,2026-10-01 10:25:32,59.47,55.98
271,,cx.micro.Smoke 0.96,compare,78.91,±7.84,85.98,97.14,12.34,1,2026-10-01 09:13:06,66.73,67.23
272,,cx.micro.Spark 0.6,compare,75.34,±7.84,79.59,88.57,2.44,1,2026-10-01 11:02:01,64.75,65.56
273,,cx.mini.BlackSwans 0.60,compare,73.66,±4.83,77.14,87.62,-1.28,3,2026-10-01 15:47:48,64.98,63.84
274,,cx.mini.Cigaret 1.31,compare,73.09,±7.84,78.67,88.57,6.96,1,2026-10-01 13:42:26,69.53,71.86
275,,cx.mini.Nimrod 0.55,compare,77.73,±7.84,77.98,94.29,2.88,1,2026-10-01 13:27:00,65.44,64.71
276,,cx.nano.Smog 2.6,compare,90.50,±5.10,93.97,98.57,-2.60,2,2026-10-01 14:56:10,53.22,48.39
277,,cyragia.Bot 1.1,compare,99.23,±7.84,99.50,100.00,0.87,1,2026-10-01 13:14:23,40.53,37.09
278,,da.NewBGank 1.4,compare,71.43,±4.19,74.10,81.90,-5.01,3,2026-10-01 15:32:30,73.81,79.11
279,,daemons.DizzyA 1.0,compare,97.95,±7.84,97.95,100.00,-1.84,1,2026-10-01 13:45:00,11.11,5.80
280,,dam.MogBot 2.9,compare,78.59,±7.84,90.84,88.57,1.83,1,2026-10-01 12:43:16,59.03,64.44
281,,damij.mega.Boque aaah,compare,64.08,±7.84,73.78,74.29,1.54,1,2026-10-01 11:41:36,81.88,89.97
282,,dans.Cinnamon 1.2,compare,90.12,±7.84,92.75,97.14,-3.88,1,2026-10-01 11:14:34,36.77,28.36
283,,darkcanuck.Gaff 1.50,compare,64.43,±7.84,78.46,74.29,5.93,1,2026-10-01 09:30:45,79.64,88.29
284,,darkcanuck.Holden 1.13a,compare,63.94,±4.84,75.32,77.14,7.91,2,2026-10-01 15:15:36,82.36,90.06
285,,darkcanuck.Pris 0.92,compare,71.01,±7.84,93.04,85.71,22.52,1,2026-10-01 09:36:37,84.72,91.67
286,,davidalves.Firebird 0.25,compare,68.52,±7.84,68.62,88.57,3.56,1,2026-10-01 13:35:38,84.24,89.74
287,,davidalves.Phoenix 1.02,compare,54.85,±7.84,55.49,68.57,0.61,1,2026-10-01 10:10:30,85.77,91.77
288,,davidalves.PhoenixOS 1.1,compare,68.02,±7.84,84.61,82.86,6.04,1,2026-10-01 11:45:40,81.92,87.50
289,,davidalves.net.Duelist 0.1.6src,compare,81.22,±7.84,86.97,94.29,-0.63,1,2026-10-01 09:46:17,63.97,65.55
290,,davidalves.net.DuelistMicro 1.22,compare,84.62,±7.84,88.11,100.00,4.46,1,2026-10-01 13:11:33,65.00,64.15
291,,davidalves.net.DuelistMicroMkII 1.1,compare,76.75,±7.84,79.47,91.43,-0.19,1,2026-10-01 12:57:35,62.45,60.73
292,,davidalves.net.DuelistMini 1.1,compare,84.18,±7.84,84.37,100.00,1.29,1,2026-10-01 14:02:58,65.06,65.16
293,,davidalves.net.DuelistNano 1.0,compare,84.89,±7.84,88.45,97.14,-6.49,1,2026-10-01 11:44:54,44.73,33.30
294,,davv.DOne b002,compare,99.00,±7.84,99.01,97.14,-0.80,1,2026-10-01 11:19:40,3.05,2.17
295,,dcs.Eater_of_Worlds 1.1.3-A,compare,91.52,±7.84,92.32,97.14,-6.26,1,2026-10-01 11:11:07,28.37,21.16
296,,dcs.Eater_of_Worlds_Mini 1.0,compare,99.29,±4.80,99.41,100.00,0.57,2,2026-10-01 15:21:20,32.33,26.06
297,,dcs.PM.Eater_of_Worlds_PM 1.2,compare,69.93,±3.72,83.14,86.67,-3.81,3,2026-10-01 16:04:02,57.60,58.26
298,,de.erdega.robocode.Polyphemos 0.4,compare,77.57,±7.84,77.72,88.57,-9.92,1,2026-10-01 09:45:03,51.88,47.77
299,,de.simpleworks.robocode.bots.swiBot 1.1,compare,99.07,±7.84,99.41,100.00,0.29,1,2026-10-01 09:38:44,18.10,13.64
300,,deewiant.Anomaly 0.2,compare,94.35,±4.81,94.35,100.00,-3.59,2,2026-10-01 15:03:14,49.47,52.57
301,,deith.Czolgzilla 0.11,compare,91.59,±3.07,93.60,95.71,-2.63,4,2026-10-01 14:40:41,51.37,55.85
302,,demetrix.ForceMajeure 0.75,compare,74.69,±7.84,88.13,85.71,4.66,1,2026-10-01 14:09:07,69.31,75.78
303,,demetrix.nano.Neutrino 0.27,compare,76.85,±4.86,82.98,92.86,-9.87,2,2026-10-01 15:40:08,51.33,44.93
304,,demetrix.nano.SledgeHammer 0.22,compare,61.01,±7.84,70.43,82.86,-11.65,1,2026-10-01 11:54:14,54.25,44.60
305,,deo.CloudBot 1.3,compare,73.89,±7.84,76.22,85.71,-10.10,1,2026-10-01 09:51:18,70.37,76.10
306,,deo.FlowerBot 1.0,compare,75.71,±7.84,78.44,88.57,-0.20,1,2026-10-01 11:53:14,67.05,69.77
307,,deo.virtual.RainbowBot 1.0,compare,78.26,±7.84,80.90,91.43,1.72,1,2026-10-01 10:41:25,63.12,66.47
308,,dft.Calliope 5.6,compare,90.30,±7.84,93.21,97.14,-2.54,1,2026-10-01 11:15:22,48.38,50.63
309,,dft.Cardigan 1.09,compare,70.86,±7.84,82.86,85.71,10.09,1,2026-10-01 12:51:13,82.43,89.25
310,,dft.Cyanide 1.90,compare,66.60,±7.84,66.60,82.86,-0.02,1,2026-10-01 12:46:01,82.33,87.84
311,,dft.Cyprus 3.0,compare,75.34,±4.86,77.20,88.57,-4.68,2,2026-10-01 14:53:09,62.80,62.92
312,,dft.Freddie 1.32,compare,96.94,±7.84,99.29,100.00,3.56,1,2026-10-01 13:58:07,56.22,55.10
313,,dft.Guppy 1.0,compare,93.80,±7.84,96.13,100.00,2.29,1,2026-10-01 13:45:40,52.88,47.83
314,,dft.Immortal 1.40,compare,79.05,±7.84,91.79,94.29,13.01,1,2026-10-01 14:12:22,80.02,85.91
315,,dft.Krazy 1.5,compare,90.27,±5.12,95.93,95.71,0.28,2,2026-10-01 14:09:33,42.74,43.23
316,,dft.Virgin 1.25,compare,78.01,±7.84,79.28,91.43,2.14,1,2026-10-01 12:52:14,65.14,67.45
317,,dggp.haiku.gpBot_0 1.1,compare,96.41,±4.83,98.59,98.57,1.21,2,2026-10-01 15:47:22,36.56,26.88
318,,dhn.Immortal 1.0,compare,97.34,±7.84,98.36,100.00,-0.90,1,2026-10-01 13:43:19,17.92,15.43
319,,disan.Chair 2.2.0,compare,96.99,±3.55,97.30,100.00,-0.94,3,2026-10-01 15:48:45,39.79,34.50
320,,disan.Ghost .01,compare,99.67,±3.52,99.67,99.05,-0.33,3,2026-10-01 15:06:30,3.92,5.49
321,,discan.mini.Exode 0.25,compare,94.91,±4.81,95.23,97.14,-3.43,2,2026-10-01 12:56:29,31.10,24.15
322,,dittman.BlindSquirl Retired,compare,97.62,±7.84,98.43,100.00,0.28,1,2026-10-01 09:25:36,27.74,22.72
323,,divineomega.DivineBot 1.9.5,compare,92.74,±7.84,96.81,97.14,5.72,1,2026-10-01 13:24:21,61.42,71.06
324,,divineomega.PatrollerBot 1.0,compare,90.92,±4.84,94.85,100.00,-0.17,2,2026-10-01 14:52:56,35.95,31.65
325,,divineomega.TrialBot 0.003,compare,80.66,±7.84,90.40,97.14,2.13,1,2026-10-01 09:44:36,57.78,63.53
326,,djc.Aardvark 0.3.6,compare,91.13,±7.84,96.17,100.00,3.46,1,2026-10-01 13:44:37,47.87,41.87
327,,djdjdj.NanoSkunk10 1.0,compare,99.62,±7.84,99.97,100.00,2.02,1,2026-10-01 12:55:08,39.71,36.68
328,,dk.stable.Gorgatron 1.1,compare,87.51,±7.84,91.43,100.00,-0.35,1,2026-10-01 09:29:38,53.43,49.45
329,,dks.MicroDanMK2 1.0,compare,99.20,±7.84,99.36,100.00,0.66,1,2026-10-01 09:36:08,31.10,21.51
330,,dmh.robocode.robot.BlackDeath 9.2,compare,80.76,±4.95,80.80,91.43,-7.66,2,2026-10-01 15:49:27,64.14,65.99
331,,dmh.robocode.robot.BlueBerry 0.5,compare,91.17,±3.61,92.95,98.10,-3.67,3,2026-10-01 15:59:21,40.77,33.47
332,,dmh.robocode.robot.GreenDragon 1.0,compare,90.51,±7.84,93.37,100.00,-2.42,1,2026-10-01 09:43:12,48.16,44.28
333,,dmh.robocode.robot.PinkPanther 1.1,compare,73.79,±7.84,85.84,91.43,3.25,1,2026-10-01 13:52:30,60.87,59.35
334,,dmh.robocode.robot.YellowBird 0.12,compare,96.19,±7.84,96.51,100.00,0.23,1,2026-10-01 13:09:40,50.12,46.03
335,,dmp.micro.Aurora 1.41,compare,80.83,±3.65,84.74,94.29,-2.82,3,2026-10-01 15:37:58,49.48,40.54
336,,dmp.nano.Eve 3.41,compare,90.93,±3.70,94.24,98.10,-0.87,3,2026-10-01 15:54:47,47.79,41.03
337,,doka.KillerRabbit 1.0,compare,82.67,±7.84,93.80,97.14,-0.11,1,2026-10-01 13:10:44,52.39,44.67
338,,doka.Shinigami 2.2,compare,87.30,±4.90,93.51,97.14,-0.52,2,2026-10-01 14:31:49,64.02,64.86
339,,doka.ShinigamiKNN 1.0,compare,95.67,±7.84,96.51,100.00,-2.30,1,2026-10-01 13:05:05,53.27,52.85
340,,doka.Test 1.0,compare,84.87,±7.84,92.04,97.14,-4.37,1,2026-10-01 11:35:16,34.44,20.84
341,,donjezza.Jezza 1.0,compare,99.93,±7.84,99.95,100.00,0.27,1,2026-10-01 09:38:16,13.47,10.85
342,,donjezza.Muncho 1.0,compare,99.73,±4.80,99.87,100.00,0.34,2,2026-10-01 15:02:15,15.55,12.47
343,,dragonbyte.Neutrino 4,compare,87.36,±7.84,87.45,68.57,1.93,1,2026-10-01 12:59:53,60.95,82.40
344,,drd.Dreadknoght 0.9,compare,98.87,±7.84,98.87,97.14,-0.76,1,2026-10-01 10:08:11,6.55,3.88
345,,drm.CobraBora 1.12,compare,74.19,±7.84,86.83,88.57,2.29,1,2026-10-01 13:49:23,63.30,66.82
346,,drm.Magazine 0.39,compare,72.47,±3.54,84.80,88.57,-1.04,3,2026-10-01 15:49:00,61.49,61.80
347,,ds.OoV4 0.3b,compare,88.03,±7.84,88.11,97.14,-2.65,1,2026-10-01 10:53:05,59.59,67.11
348,,ds.Versatile RB1.0.1,compare,82.40,±7.84,89.21,91.43,1.69,1,2026-10-01 12:50:07,69.33,78.01
349,,dsekercioglu.mega.Raven 3.56j8,compare,59.55,±7.84,73.99,74.29,11.38,1,2026-10-01 13:55:14,87.74,94.21
350,,dsekercioglu.mega.WhiteFang 2.8.1,compare,73.50,±7.84,86.75,88.57,22.13,1,2026-10-01 13:12:04,86.63,93.65
351,,dsekercioglu.mini.Partial 0.1.3,compare,79.72,±4.81,82.37,91.43,0.46,2,2026-10-01 15:48:36,70.23,76.24
352,,dsekercioglu.shield.ColdBreath 1.0,compare,100.00,±3.51,100.00,100.00,3.25,3,2026-10-01 15:41:05,32.93,37.60
353,,dsw.StaticD 1.0,compare,99.03,±7.84,99.35,100.00,0.42,1,2026-10-01 09:51:49,41.20,38.78
354,,dsx724.VSAB_EP3_ATR 1.1,compare,94.06,±4.80,94.20,98.57,-2.82,2,2026-10-01 15:36:28,53.85,60.32
355,,dsx724.VSAB_EP3a 1.0,compare,95.34,±7.84,95.35,97.14,-2.29,1,2026-10-01 09:23:59,54.48,59.14
356,,dukie.Ambassador 1.0,compare,91.14,±7.84,91.77,97.14,-5.71,1,2026-10-01 10:12:11,38.18,32.35
357,,dummy.micro.HummingBird 2.14,compare,86.46,±3.56,93.16,98.10,2.69,3,2026-10-01 15:50:36,50.36,40.38
358,,dummy.micro.Sparrow 2.5,compare,88.76,±7.84,88.76,100.00,-0.34,1,2026-10-01 13:18:43,49.93,44.16
359,,dummy.mini.Parakeet 2.40,compare,73.01,±7.84,80.50,85.71,-2.88,1,2026-10-01 12:48:41,59.36,61.84
360,,dvogon.GangBang 1.0,compare,93.49,±4.84,93.71,100.00,-4.47,2,2026-10-01 15:00:09,24.39,14.73
361,,dy.LevelOne 2.0,compare,93.91,±7.84,94.13,97.14,-3.16,1,2026-10-01 12:13:08,51.15,52.21
362,,dz.Caedo 1.4,compare,93.76,±7.84,95.85,100.00,12.27,1,2026-10-01 14:15:29,61.03,65.61
363,,dz.GalbaMicro 0.11,compare,85.37,±7.84,94.01,94.29,2.45,1,2026-10-01 13:13:01,61.37,61.93
364,,dz.GalbaMini 0.121,compare,76.49,±7.84,92.83,91.43,7.66,1,2026-10-01 13:19:20,67.38,73.39
365,,dz.MostlyHarmlessNano 2.1,compare,93.69,±7.84,95.56,100.00,-0.24,1,2026-10-01 13:09:36,51.57,49.20
366,,dz.OthoMicro 0.12,compare,71.05,±7.84,83.36,82.86,-5.96,1,2026-10-01 09:38:25,55.42,50.67
367,,dz.OthoMini 0.15,compare,76.36,±7.84,92.57,94.29,1.49,1,2026-10-01 10:22:09,61.05,61.30
368,,e32.Omni 0.06,compare,95.12,±4.85,97.39,98.57,-0.04,2,2026-10-01 12:58:29,37.79,33.07
369,,eat.HumblePieLite 1.0,compare,78.04,±3.95,83.90,94.29,-4.78,3,2026-10-01 15:04:04,56.21,54.13
370,,ebo.Sparse 0.02,compare,72.07,±7.84,75.32,80.00,-6.71,1,2026-10-01 12:47:00,61.46,61.01
371,,ebo.Tahoe 1.1.79,compare,63.97,±7.84,78.17,74.29,-4.61,1,2026-10-01 09:21:28,73.00,79.05
372,,eem.EvBot v4.6.4,compare,79.85,±7.84,85.77,88.57,-2.72,1,2026-10-01 10:09:50,67.50,74.94
373,,eem.EvBotNG v12.8,compare,58.91,±7.84,76.01,68.57,-2.96,1,2026-10-01 14:24:16,80.15,87.19
374,,eem.IWillFireNoBullet v2.4,compare,99.03,±7.84,99.03,97.14,1.46,1,2026-10-01 13:47:30,42.13,68.28
375,,eem.awful v1.2,compare,100.00,±7.84,100.00,100.00,0.44,1,2026-10-01 09:47:10,0.44,1.33
376,,eem.zapper v6.03,compare,73.31,±7.84,89.82,88.57,13.28,1,2026-10-01 14:11:58,81.26,87.98
377,,ej.ChocolateBar 1.1,compare,69.87,±7.84,69.87,85.71,-4.56,1,2026-10-01 14:10:25,74.72,80.79
378,,ejbots.AngryGrandpappy 1.2,compare,97.47,±7.84,97.47,100.00,0.86,1,2026-10-01 13:34:16,37.60,31.62
379,,el.Attackr 0.1,compare,99.72,±7.84,100.00,100.00,0.93,1,2026-10-01 13:16:56,9.33,5.52
380,,el.JumpShoot 0.2,compare,100.00,±4.80,100.00,100.00,0.28,2,2026-10-01 14:54:19,14.62,9.18
381,,el33t.EL33tGangstarr2 2.0,compare,92.05,±7.84,94.72,97.14,-2.15,1,2026-10-01 11:13:05,32.81,23.48
382,,eld.Hmm 1.0,compare,93.60,±7.84,96.46,94.29,-0.92,1,2026-10-01 12:04:01,37.25,44.04
383,,element.Earth 1.1,compare,83.20,±7.84,86.81,94.29,5.80,1,2026-10-01 14:20:09,70.12,76.75
384,,elloco.Flower 0.1r1,compare,91.69,±7.84,92.00,100.00,-3.07,1,2026-10-01 14:16:14,48.02,43.06
385,,elloco.Kabuto 0.2r,compare,88.65,±7.84,94.58,97.14,-1.09,1,2026-10-01 12:59:10,35.86,32.81
386,,elvbot.ElverionBot 0.3,compare,100.00,±4.80,100.00,100.00,0.25,2,2026-10-01 12:57:12,22.77,19.84
387,,emp.Yngwie 1.11,compare,77.61,±5.26,84.41,81.43,-1.13,2,2026-10-01 15:53:13,61.10,68.76
388,,ender.EnderRobot 1.1,compare,87.57,±5.00,88.75,98.57,-6.84,2,2026-10-01 14:53:50,33.35,25.26
389,,ep.MyFirstRobot 1.0,compare,94.29,±7.84,94.29,100.00,-5.33,1,2026-10-01 13:53:32,14.75,7.92
390,,erdnis.Rover 0.3,compare,86.44,±5.07,92.51,95.71,-3.37,2,2026-10-01 15:36:43,48.66,42.91
391,,ers.micro.ISuck.ISuckMicro 0.1f,compare,79.36,±7.84,81.14,88.57,-5.21,1,2026-10-01 09:22:20,65.47,72.60
392,,ers.micro.speusippus.Speusippus 0.3,compare,70.86,±7.84,73.22,77.14,-7.38,1,2026-10-01 13:16:05,69.97,74.79
393,,ers.nano.gokdeniz.Gokdeniz 1.5b,compare,73.23,±7.84,75.62,85.71,-1.29,1,2026-10-01 13:38:25,62.39,65.75
394,,ers.nano.iSuck.ISuckNano 1.0a,compare,80.98,±7.84,82.80,91.43,0.78,1,2026-10-01 09:08:50,61.95,67.05
395,,ers.nano.lig.LigMA 1.9,compare,81.42,±7.84,82.72,91.43,-6.21,1,2026-10-01 09:04:31,58.80,59.48
396,,ers.nano.meroka.Meroka 1.8a,compare,80.80,±3.89,82.92,93.33,-0.93,3,2026-10-01 14:58:43,63.16,66.67
397,,ers.nano.nekolh.Nekolh 1.4d,compare,71.39,±7.84,73.87,77.14,-8.47,1,2026-10-01 11:37:40,64.11,66.07
398,,ers.nano.sunderer.Sunderer 1.23a,compare,62.96,±7.84,69.36,88.57,-14.13,1,2026-10-01 13:02:19,64.94,62.90
399,,eskimo.micro.Echo 0.1,compare,99.80,±7.84,99.82,100.00,0.53,1,2026-10-01 13:07:10,33.69,27.44
400,,et.Predator 1.8,compare,85.59,±5.00,86.22,98.57,-4.36,2,2026-10-01 13:55:25,52.77,51.16
401,,ethdsy.Malacka 2.4,compare,95.73,±7.84,99.01,100.00,3.54,1,2026-10-01 12:53:39,48.75,46.87
402,,etienne72230.Wall_street 1.0,compare,98.95,±7.84,98.95,100.00,-0.65,1,2026-10-01 12:52:42,20.17,18.68
403,,evd.X1 0.01,compare,94.32,±4.87,94.48,97.14,-3.69,2,2026-10-01 10:10:52,35.44,25.29
404,,exauge.GateKeeper 1.1.121g,compare,79.59,±7.84,81.17,91.43,6.07,1,2026-10-01 11:36:53,58.41,56.10
405,,exauge.LemonDrop 1.6.130,compare,75.81,±4.93,76.71,90.00,2.22,2,2026-10-01 14:49:55,62.36,62.21
406,,exauge.Leopard 1.1.019,compare,68.38,±7.84,76.84,94.29,-12.42,1,2026-10-01 11:47:47,47.87,31.69
407,,extra.LightSauce 0.01,compare,95.98,±7.84,95.98,97.14,-3.30,1,2026-10-01 10:18:23,40.43,32.01
408,,extra.Sauce .01,compare,94.98,±7.84,95.02,94.29,-4.26,1,2026-10-01 09:23:29,40.34,33.71
409,,fala.robocode.FalaRobot 1.0,compare,93.82,±7.84,93.82,97.14,-2.25,1,2026-10-01 09:15:05,35.36,30.21
410,,fcr.First 1.0,compare,96.40,±4.87,96.50,98.57,-1.69,2,2026-10-01 15:26:17,47.73,45.68
411,,fire219.CatBot 1.0,compare,98.42,±4.81,98.64,100.00,-0.08,2,2026-10-01 09:20:30,22.46,11.45
412,,fire219.cymba.Cymba 1.8,compare,88.97,±6.21,92.77,95.71,-3.44,2,2026-10-01 15:38:04,46.06,42.66
413,,florent.FloatingTadpole 1.2.6,compare,75.74,±5.04,87.48,87.14,0.90,2,2026-10-01 15:01:44,74.33,79.83
414,,florent.XSeries.X2 0.17,compare,69.78,±7.84,85.36,88.57,9.21,1,2026-10-01 12:50:26,82.44,88.10
415,,florent.small.LittleAngel 1.8,compare,77.16,±4.90,78.46,92.86,5.14,2,2026-10-01 12:38:56,74.30,79.82
416,,florent.test.Toad 0.14t,compare,65.71,±7.84,82.00,82.86,6.89,1,2026-10-01 10:53:38,82.88,89.69
417,,fm.claire 1.7,compare,92.34,±7.84,93.80,100.00,-2.69,1,2026-10-01 13:41:32,48.80,38.39
418,,fm.mammillarias 1.3,compare,99.84,±4.80,99.84,100.00,0.47,2,2026-10-01 15:37:30,41.11,35.43
419,,fnc.bandit.Bandit 5.2.0,compare,90.75,±7.84,92.79,97.14,-4.18,1,2026-10-01 13:34:30,43.34,40.33
420,,fnc.bandit2002.Bandit2002 4.0.2,compare,78.71,±7.84,79.19,88.57,-7.01,1,2026-10-01 10:13:51,48.75,46.26
421,,fowl3628800.LightningBolt 2.6.0,compare,99.34,±3.52,99.34,100.00,0.17,3,2026-10-01 15:35:06,44.75,51.81
422,,fowl3628800.SitAndGo 1.0.0,compare,99.37,±7.84,99.42,100.00,1.03,1,2026-10-01 12:55:04,32.51,30.91
423,,fowl3628800.StopAndGo 1.0.0,compare,98.80,±7.84,98.87,100.00,0.58,1,2026-10-01 14:04:12,30.94,29.04
424,,fowl3628800.ThunderStruck 3.0.0,compare,97.46,±7.84,97.57,97.14,-1.81,1,2026-10-01 09:08:04,31.12,32.70
425,,frag.FragBot 1.0,compare,92.35,±7.84,92.39,100.00,-2.27,1,2026-10-01 14:16:06,53.35,53.81
426,,franzor.Lizt 1.3.1,compare,98.21,±7.84,98.40,97.14,-0.79,1,2026-10-01 14:14:57,31.56,42.07
427,,froh.micro.Aversari 0.31,compare,98.51,±7.84,99.00,100.00,1.19,1,2026-10-01 12:53:44,46.81,48.31
428,,fromHell.BlackBox 0.0.2,compare,62.32,±7.84,75.42,71.43,3.59,1,2026-10-01 12:47:49,84.65,91.39
429,,fromHell.C22H30N2O2S 2.2,compare,75.88,±4.55,76.35,90.48,-2.82,3,2026-10-01 15:22:13,62.39,62.73
430,,fromHell.C4H10O 1.5.1,compare,68.04,±7.84,82.23,82.86,-4.07,1,2026-10-01 10:51:27,69.05,71.67
431,,fromHell.CHCl3 1.4.2,compare,71.79,±7.84,88.14,82.86,8.13,1,2026-10-01 09:33:50,83.06,89.83
432,,fruits.NanoStrawbery 1.3,compare,98.85,±7.84,99.27,100.00,-0.02,1,2026-10-01 09:10:58,13.45,8.10
433,,fullsail.LaxativeTeaTwo 1.0,compare,94.13,±7.84,95.78,100.00,-0.11,1,2026-10-01 13:23:48,46.28,44.81
434,,fullsail.SweetTea 1.1,compare,100.00,±7.84,100.00,100.00,0.39,1,2026-10-01 09:33:08,33.98,33.33
435,,fullsail.TimbotNoPrediction 1.0,compare,92.39,±7.84,98.68,100.00,2.73,1,2026-10-01 13:00:34,32.02,17.03
436,,fushi.PvP1.PvP1 2004-02-16,compare,88.22,±7.84,95.16,94.29,7.30,1,2026-10-01 10:55:05,55.12,64.81
437,,fw.Number1 1.0b,compare,91.76,±7.84,92.22,97.14,-6.06,1,2026-10-01 11:37:28,27.85,19.54
438,,gadsky.Gadsky 1.01,compare,80.30,±7.84,90.73,88.57,1.96,1,2026-10-01 09:26:48,63.08,69.28
439,,geep.mini.GPBotA 1.0,compare,95.81,±4.92,95.85,100.00,-1.85,2,2026-10-01 15:23:46,43.46,34.68
440,,geep.mini.GPBotB 1.1,compare,94.63,±7.84,96.08,100.00,2.82,1,2026-10-01 13:30:34,25.40,14.98
441,,genprog.Gajeel 1.0,compare,96.62,±7.84,97.62,100.00,-0.40,1,2026-10-01 14:33:15,26.22,15.01
442,,genprog.Rinmorikazu 1.0,compare,93.81,±7.84,94.89,97.14,-2.98,1,2026-10-01 11:45:48,25.60,14.33
443,,genprog.Zafaran 1.0,compare,96.64,±7.84,97.65,100.00,-0.09,1,2026-10-01 14:13:43,24.99,14.27
444,,germ.TheMind .2,compare,100.00,±7.84,100.00,100.00,1.08,1,2026-10-01 13:53:22,37.27,27.33
445,,gf.Centaur.Centaur 0.6.7,compare,85.26,±3.88,97.04,93.33,7.56,3,2026-10-01 15:29:39,69.20,76.38
446,,gg.Squaraus 0.6,compare,92.32,±7.84,93.47,97.14,-5.23,1,2026-10-01 09:43:47,29.05,23.44
447,,gg.Wolverine 2.0,compare,90.69,±7.84,91.03,100.00,-0.61,1,2026-10-01 09:37:27,40.63,37.48
448,,gh.GresSuffurd 0.4.13,compare,65.41,±7.84,80.73,77.14,16.15,1,2026-10-01 13:19:08,86.68,93.40
449,,gh.GrubbmGrb 1.2.4,compare,85.36,±4.82,86.48,97.14,2.25,2,2026-10-01 14:38:30,71.90,75.89
450,,gh.GrypRepetyf 0.13,compare,92.99,±7.84,95.08,97.14,2.08,1,2026-10-01 10:14:56,64.44,69.43
451,,gh.micro.Grinnik 1.0,compare,87.36,±4.80,87.36,97.14,-3.56,2,2026-10-01 15:12:40,66.41,69.55
452,,gh.micro.GrubbmThree 1.01,compare,60.80,±7.84,70.79,82.86,-9.88,1,2026-10-01 13:04:23,56.78,53.62
453,,gh.mini.Grimmig 0.3.6,compare,87.65,±5.08,94.35,98.57,0.33,2,2026-10-01 14:45:26,69.75,75.48
454,,gh.nano.Grofvuil 0.2,compare,95.95,±7.84,96.19,100.00,-2.04,1,2026-10-01 12:44:52,49.44,49.95
455,,ghent.ArthurPanzergon 1.0.0,compare,88.93,±7.84,92.01,100.00,0.58,1,2026-10-01 14:26:46,46.82,39.94
456,,gimp.GimpBot 0.1,compare,98.12,±7.84,99.56,100.00,1.51,1,2026-10-01 09:41:23,25.55,18.80
457,,gio.RealGioBot 1.0,compare,94.86,±7.84,95.17,100.00,-3.46,1,2026-10-01 09:13:38,31.12,23.04
458,,gjr.Cephalosporin 0.2,compare,91.46,±4.91,93.44,97.14,-3.13,2,2026-10-01 16:00:03,29.41,22.94
459,,goblin.Bender 2.4,compare,95.51,±7.84,95.66,97.14,-3.59,1,2026-10-01 13:35:01,22.91,19.28
460,,gre.svman4.Leonidas 1.3.2,compare,97.16,±4.92,97.68,97.14,-0.95,2,2026-10-01 14:31:32,33.17,35.60
461,,gre.svman4.Morfeas 1.4.3,compare,78.72,±5.00,89.45,85.71,6.70,2,2026-10-01 14:45:49,69.78,78.68
462,,grybgoofy.GoofyBot 0.10,compare,90.89,±7.84,95.73,100.00,-0.12,1,2026-10-01 14:21:26,43.26,41.86
463,,gtf.robocode.Strafer 2.1.1,compare,92.92,±7.84,96.63,100.00,-0.70,1,2026-10-01 12:42:45,33.72,28.63
464,,gu.MicroScoob 1.3,compare,88.76,±7.84,92.22,100.00,-2.09,1,2026-10-01 13:29:14,54.59,50.90
465,,gwah.GBotMarkIV 1.0,compare,98.93,±4.86,98.96,98.57,-0.06,2,2026-10-01 15:16:21,20.37,11.39
466,,gwah.GerryBotMkII 1.5.1,compare,98.66,±7.84,99.34,100.00,0.14,1,2026-10-01 12:53:58,12.67,6.28
467,,ha2.T2 0.2,compare,98.30,±7.84,98.39,100.00,0.36,1,2026-10-01 12:39:00,40.46,37.35
468,,ha2.T2b 0.2b,compare,92.33,±7.84,92.40,97.14,-4.84,1,2026-10-01 10:24:31,48.38,47.14
469,,ha2.T3 0.2,compare,82.56,±5.12,83.88,94.29,-5.99,2,2026-10-01 14:20:16,58.19,59.13
470,,hamilton.Hamilton 1.0,compare,87.67,±7.84,89.90,100.00,-1.53,1,2026-10-01 13:23:33,47.55,51.63
471,,hapiel.Spiral 0.1,compare,96.03,±7.84,97.53,100.00,0.61,1,2026-10-01 13:51:45,39.12,33.05
472,,hfgrobots.HFG 1.0,compare,99.77,±4.80,99.78,100.00,1.25,2,2026-10-01 15:49:43,8.85,8.26
473,,hirataatsushi.Neo 1.6,compare,97.38,±4.84,97.92,98.57,-0.45,2,2026-10-01 15:22:00,34.95,31.48
474,,hirataatsushi.Trinity 0.003,compare,91.96,±7.84,92.95,100.00,-3.47,1,2026-10-01 13:55:32,33.85,26.98
475,,hlavko.micro.Flex 1.5,compare,80.46,±7.84,91.31,91.43,1.28,1,2026-10-01 14:07:11,64.21,59.23
476,,hlavko.nano.Phoenix 1.0,compare,90.53,±7.84,90.65,94.29,-7.71,1,2026-10-01 11:15:46,38.65,30.15
477,,hlavko.nano.Ringo 2.0,compare,96.14,±5.24,96.14,98.57,-2.06,2,2026-10-01 12:38:09,42.25,37.01
478,,homerbots.h1 1.0,compare,99.73,±3.52,99.73,100.00,0.09,3,2026-10-01 15:22:36,15.48,9.85
479,,hp.Athena 0.1,compare,76.13,±7.84,77.49,88.57,-10.19,1,2026-10-01 11:40:06,55.46,52.45
480,,hs.SimpleHBot 1.3,compare,97.70,±7.84,98.74,100.00,0.06,1,2026-10-01 13:25:49,22.66,15.16
481,,hvilela.HVilela 0.9,compare,96.36,±7.84,96.53,100.00,-0.12,1,2026-10-01 14:08:43,41.17,34.66
482,,infovk.s_schwarzm16.silverbird 1.0,compare,81.46,±3.61,91.80,94.29,4.54,3,2026-10-01 14:27:35,66.95,71.42
483,,ins.MobyNano 0.8,compare,83.17,±5.17,85.66,95.71,1.72,2,2026-10-01 15:30:35,55.81,48.02
484,,intruder.PrairieWolf 2.61,compare,70.47,±7.84,73.10,74.29,-2.08,1,2026-10-01 10:06:07,65.13,72.36
485,,is.fon.rs.FonDestroyer3084 1.0,compare,99.86,±7.84,99.86,100.00,0.03,1,2026-10-01 09:45:41,9.75,5.93
486,,is.fon.rs.Kamikaza 1.0,compare,95.30,±7.84,95.31,97.14,-4.36,1,2026-10-01 11:13:36,13.38,6.97
487,,jaara.LambdaBot 1.1,compare,81.25,±5.34,88.66,92.86,-0.65,2,2026-10-01 14:47:16,55.25,53.74
488,,jab.DiamondStealer 5,compare,78.00,±5.37,83.69,88.57,-5.51,2,2026-10-01 09:18:41,54.35,51.18
489,,jab.avk.ManuelGallegus 0.6,compare,72.97,±6.23,74.95,87.14,-4.11,2,2026-10-01 14:49:47,69.26,69.53
490,,jab.micro.Sanguijuela 0.8,compare,61.87,±5.09,68.07,90.00,-10.51,2,2026-10-01 14:34:02,55.47,47.69
491,,jaemcrb.nano.M1Abrams 1.0,compare,93.81,±7.84,95.02,97.14,-1.11,1,2026-10-01 11:35:59,42.65,38.04
492,,jam.RaikoMX 0.32,compare,70.04,±5.27,85.27,85.71,3.72,2,2026-10-01 14:32:10,82.24,87.34
493,,jam.micro.RaikoMicro 1.44,compare,70.24,±7.84,70.29,91.43,-4.98,1,2026-10-01 12:45:43,71.72,75.65
494,,jam.mini.Raiko 0.43,compare,68.12,±7.84,68.15,82.86,-6.07,1,2026-10-01 10:42:18,74.41,80.47
495,,janm.Jammy 1.0,compare,80.78,±7.84,81.02,97.14,-11.65,1,2026-10-01 09:11:39,43.92,35.73
496,,japs.Serenity 1.0,compare,95.58,±7.84,95.58,97.14,-4.21,1,2026-10-01 10:16:46,10.34,14.08
497,,japs.Sjonniebot 0.9.1,compare,95.77,±7.84,99.46,100.00,3.30,1,2026-10-01 09:07:06,35.35,24.50
498,,jasolo.Sonda 0.55,compare,88.48,±7.84,88.56,100.00,0.75,1,2026-10-01 13:04:17,56.89,57.47
499,,jaw.KarenCain 0.11,compare,99.07,±4.81,99.20,100.00,0.04,2,2026-10-01 15:43:13,31.31,26.10
500,,jaw.Mouse 0.11,compare,93.40,±7.84,93.94,97.14,-3.18,1,2026-10-01 10:17:10,44.65,41.80
501,,jaybot.adv.bots.JayBot 2.0,compare,93.94,±4.92,93.97,100.00,-1.64,2,2026-10-01 12:55:01,43.09,39.88
502,,jaybot.bots.Oddball 4.0,compare,95.55,±7.84,95.75,94.29,-3.31,1,2026-10-01 10:18:00,25.13,26.92
503,,jbot.Rabbit2 1.1,compare,78.22,±7.84,78.51,91.43,0.69,1,2026-10-01 12:46:40,64.08,68.00
504,,jcs.AutoBot 4.2.1,compare,82.96,±7.84,89.71,97.14,10.30,1,2026-10-01 14:25:00,64.81,68.60
505,,jcs.Decepticon 2.5.3,compare,70.88,±7.84,71.06,85.71,-2.44,1,2026-10-01 10:36:43,78.19,83.48
506,,jcs.Megatron 1.2,compare,80.54,±7.84,80.69,94.29,6.86,1,2026-10-01 13:14:48,77.48,81.26
507,,jcs.Seth 1.8,compare,98.14,±7.84,98.63,100.00,1.59,1,2026-10-01 13:38:39,36.87,43.78
508,,jcw.ArcherOne 1.0,compare,98.41,±4.83,98.53,98.57,-1.13,2,2026-10-01 15:22:47,11.35,6.76
509,,jcz.linio.Linio 2.0.H,compare,89.45,±7.84,93.10,97.14,-0.86,1,2026-10-01 09:36:49,58.94,62.57
510,,jd.Nullstride 2.3.0,compare,17.06,±4.82,38.83,0.00,-2.42,2,2026-10-01 11:29:18,94.25,98.83
511,,jdw.Hornet 1.0,compare,96.69,±4.86,96.69,98.57,-1.49,2,2026-10-01 15:45:29,35.11,22.30
512,,jekl.DarkHallow .90.9,compare,69.66,±7.84,69.95,82.86,-0.25,1,2026-10-01 14:19:24,76.68,81.37
513,,jekl.Jekyl .70,compare,86.05,±7.84,86.90,100.00,8.28,1,2026-10-01 09:06:39,67.98,73.31
514,,jekl.mini.BlackPearl .91,compare,78.07,±7.84,79.15,94.29,-1.61,1,2026-10-01 13:32:20,66.77,70.31
515,,jep.Terrible 0.4.1,compare,95.84,±4.83,95.84,100.00,-1.62,2,2026-10-01 15:09:49,44.60,40.21
516,,jep.nano.Hawkwing 0.4.1,compare,90.85,±7.84,91.01,97.14,-7.79,1,2026-10-01 12:27:44,37.96,28.34
517,,jep.nano.Hotspur 0.1,compare,99.11,±7.84,99.11,100.00,0.06,1,2026-10-01 13:00:50,39.19,25.66
518,,jeremyreeder.Bully 1,compare,87.49,±4.82,87.76,97.14,-7.57,2,2026-10-01 14:45:32,36.22,22.04
519,,jeremyreeder.Vincent 2011.12.09,compare,96.22,±3.79,96.42,98.10,-0.84,3,2026-10-01 15:43:17,35.63,26.80
520,,jeremyreeder.collective.Prophet 5,compare,95.92,±7.84,96.27,97.14,-2.33,1,2026-10-01 12:04:53,32.19,23.40
521,,jf.Dodger 1.3,compare,99.11,±7.84,99.17,100.00,0.02,1,2026-10-01 13:04:26,33.99,26.55
522,,jgap.JGAP12584 1.0,compare,98.13,±7.84,98.49,97.14,-0.62,1,2026-10-01 11:38:14,6.63,1.67
523,,jgap.JGAP130166 1.0,compare,86.76,±7.84,86.83,100.00,-11.25,1,2026-10-01 13:17:41,24.71,14.41
524,,jgap.JGAP23423 1.0,compare,97.31,±7.84,98.57,100.00,0.61,1,2026-10-01 12:41:57,27.60,14.96
525,,jgap.JGAP6139 1.0,compare,90.54,±7.84,95.71,100.00,0.91,1,2026-10-01 09:43:26,32.18,16.89
526,,jgap.JGAP7247_2 1.0,compare,95.56,±3.54,98.63,100.00,0.32,3,2026-10-01 15:22:51,16.78,5.54
527,,jgap.JGAP7958 1.0,compare,85.17,±7.84,90.72,97.14,-6.02,1,2026-10-01 10:36:54,34.91,20.30
528,,jje.BagPuss 1.2,compare,92.90,±7.84,93.45,97.14,-2.39,1,2026-10-01 10:12:22,45.58,43.94
529,,jk.mega.DrussGT 3.1.16,compare,38.31,±7.84,48.53,25.71,5.02,1,2026-10-01 13:21:28,92.60,98.04
530,,jk.melee.Neuromancer 7.12,compare,51.57,±7.84,63.80,42.86,0.10,1,2026-10-01 13:03:20,86.59,94.04
531,,jk.micro.Cotillion 0.8,compare,63.52,±7.84,64.88,77.14,-0.13,1,2026-10-01 09:26:10,77.77,82.36
532,,jk.mini.CunobelinDC 1.2,compare,72.55,±5.02,74.34,90.00,5.33,2,2026-10-01 16:02:19,82.96,88.17
533,,jk.nano.Machete 2.0,compare,63.60,±4.82,72.11,92.86,-11.59,2,2026-10-01 12:40:06,62.72,57.73
534,,jk.precise.EnergyDome 1.8,compare,100.00,±7.84,100.00,100.00,14.50,1,2026-10-01 14:20:24,56.27,62.93
535,,jk.precise.Wintermute 0.8,compare,71.44,±7.84,83.99,88.57,12.65,1,2026-10-01 10:03:48,84.59,90.99
536,,jk.sheldor.nano.Yatagan 1.2.3,compare,76.71,±7.84,79.44,88.57,-0.54,1,2026-10-01 13:04:41,65.60,63.51
537,,jmcd.BeoWulf 2.8,compare,84.83,±5.15,94.93,97.14,1.25,2,2026-10-01 14:42:33,57.89,58.74
538,,joe.ADinosaur 1.0,compare,94.07,±4.94,94.07,98.57,-2.29,2,2026-10-01 11:53:22,46.15,40.60
539,,josago.Jorgito 0.16,compare,91.33,±3.59,96.99,98.10,3.68,3,2026-10-01 15:02:12,49.08,50.16
540,,jp.Perpy 16.0,compare,86.21,±4.93,96.39,95.71,4.59,2,2026-10-01 13:58:38,58.92,59.67
541,,jp.SineWall 1.0,compare,94.51,±7.84,95.48,97.14,-2.81,1,2026-10-01 11:44:12,28.74,20.58
542,,jrm.Test0 1.0,compare,93.60,±4.89,94.69,98.57,-2.09,2,2026-10-01 14:59:44,42.96,38.45
543,,js.PinBall 1.6,compare,95.30,±4.81,95.99,98.57,-1.50,2,2026-10-01 15:07:18,47.27,44.03
544,,jsal.Jsalbot 1.0,compare,97.10,±7.84,98.30,100.00,0.18,1,2026-10-01 13:07:36,25.83,20.53
545,,jt.SpearmintCT Alpha,compare,98.13,±7.84,99.33,100.00,1.27,1,2026-10-01 09:20:10,25.12,12.53
546,,justin.DemonicRage 3.20,compare,82.82,±7.84,100.00,100.00,18.73,1,2026-10-01 09:40:49,81.05,86.91
547,,jw.Booring 1.11,compare,80.86,±5.30,81.17,92.86,7.30,2,2026-10-01 13:56:35,58.95,63.00
548,,jwirde.Gort 2.0,compare,98.66,±7.84,98.98,100.00,0.34,1,2026-10-01 14:12:12,38.38,35.71
549,,jwst.DAD.DarkAndDarker 1.1,compare,84.79,±7.84,89.01,94.29,-1.34,1,2026-10-01 11:37:52,63.60,69.67
550,,kanishk.Fr0z3n 1.1,compare,98.81,±7.84,98.82,97.14,-0.89,1,2026-10-01 09:35:40,22.49,22.02
551,,kano.gamma.KanoGamma 1.8,compare,81.34,±7.84,83.64,88.57,-8.29,1,2026-10-01 10:16:38,49.78,48.35
552,,kawam.kmBot9 1.0,compare,93.88,±7.84,94.40,97.14,-3.28,1,2026-10-01 09:14:23,43.11,44.00
553,,kawigi.f.FhqwhgadsMicro 1.0,compare,80.73,±4.97,83.03,94.29,-2.30,2,2026-10-01 14:39:31,64.51,65.36
554,,kawigi.micro.Shiz 1.1,compare,96.30,±7.84,96.41,97.14,-2.64,1,2026-10-01 11:38:58,40.75,36.36
555,,kawigi.mini.Coriantumr 1.1,compare,89.30,±7.84,89.30,100.00,-1.10,1,2026-10-01 13:09:46,63.49,67.18
556,,kawigi.mini.Fhqwhgads 1.1,compare,81.69,±7.84,83.75,97.14,1.98,1,2026-10-01 10:01:56,64.86,67.11
557,,kawigi.nano.FunkyChicken 1.1,compare,85.31,±7.84,90.24,97.14,4.63,1,2026-10-01 13:40:01,57.84,53.63
558,,kawigi.nano.ThnikkaBot 0.9,compare,96.15,±7.84,96.43,100.00,-0.35,1,2026-10-01 13:31:06,47.14,44.73
559,,kawigi.robot.Girl 1.2,compare,94.14,±7.84,97.27,100.00,0.99,1,2026-10-01 12:42:09,42.07,43.50
560,,kawigi.sbf.Barracuda 1.0,compare,97.92,±7.84,97.92,100.00,-0.83,1,2026-10-01 12:57:19,47.29,45.92
561,,kawigi.sbf.FloodHT 0.9.2,compare,73.44,±7.84,85.60,88.57,5.61,1,2026-10-01 10:43:24,73.03,78.84
562,,kawigi.sbf.FloodMicro 1.5,compare,100.00,±7.84,100.00,100.00,1.43,1,2026-10-01 09:45:55,47.13,43.05
563,,kawigi.sbf.FloodMini 1.4,compare,80.87,±7.84,81.79,94.29,-0.86,1,2026-10-01 14:19:48,66.23,68.81
564,,kawigi.sbf.FloodNano 1.2,compare,94.39,±7.84,98.68,97.14,2.68,1,2026-10-01 11:54:43,45.19,36.71
565,,kawigi.sbf.FloodSonnet 0.9,compare,76.20,±7.84,77.26,88.57,-3.60,1,2026-10-01 11:59:51,63.32,66.18
566,,kawigi.sbf.Teancum 1.3,compare,76.86,±7.84,88.13,88.57,2.87,1,2026-10-01 09:07:54,59.63,63.28
567,,kawigi.spare.SpareParts 0.7.6nosnd,compare,96.78,±4.82,100.00,100.00,3.31,2,2026-10-01 14:41:53,45.14,45.66
568,,kb.PingPong 1.0,compare,99.65,±4.80,99.65,100.00,-0.09,2,2026-10-01 15:49:04,13.59,12.16
569,,kc.mega.BeepBoop 2.0,compare,16.53,±7.84,28.37,0.00,-3.78,1,2026-10-01 11:52:27,95.02,99.20
570,,kc.micro.Needle 0.101,compare,75.11,±4.83,85.55,91.43,-1.25,2,2026-10-01 14:00:04,69.36,72.61
571,,kc.micro.Thorn 1.252,compare,77.83,±7.84,78.57,91.43,5.75,1,2026-10-01 13:28:55,75.55,79.96
572,,kc.micro.WaveShark 0.5,compare,69.79,±7.84,77.53,85.71,0.09,1,2026-10-01 10:20:16,76.94,81.02
573,,kc.micro.rammer.MaxRisk 0.6,compare,63.33,±7.84,70.13,94.29,-7.20,1,2026-10-01 13:07:01,56.44,51.28
574,,kc.nano.Splinter 1.2,compare,82.30,±7.84,90.53,94.29,-2.18,1,2026-10-01 14:07:20,58.11,56.29
575,,kc.serpent.Hydra 0.21,compare,56.14,±7.84,56.14,68.57,-6.66,1,2026-10-01 13:42:43,84.60,90.66
576,,kc.serpent.WaveSerpent 2.11,compare,55.54,±7.84,72.05,71.43,7.59,1,2026-10-01 12:54:24,86.68,93.04
577,,kcn.percept.PerceptBot 2.3,compare,97.47,±7.84,97.60,100.00,-1.34,1,2026-10-01 09:27:06,36.00,38.14
578,,kcn.unnamed.Unnamed 1.21,compare,69.81,±7.84,70.02,88.57,-10.20,1,2026-10-01 10:55:31,68.43,72.17
579,,kenran.Bakko v1.0.1,compare,61.77,±7.84,64.00,71.43,-6.61,1,2026-10-01 09:25:18,76.38,82.85
580,,kenran.mega.Pantheist 1.1,compare,68.32,±5.10,72.19,81.43,-2.40,2,2026-10-01 12:56:14,72.73,78.41
581,,kid.Gladiator .7.2,compare,77.83,±7.84,77.86,85.71,2.83,1,2026-10-01 11:34:58,75.95,83.56
582,,kid.Toa .0.5,compare,79.56,±7.84,81.80,85.71,1.19,1,2026-10-01 14:16:28,71.82,77.79
583,,kinsen.melee.Angsaichmophobia 1.8c,compare,85.40,±7.84,90.28,91.43,-3.11,1,2026-10-01 12:00:29,56.74,56.31
584,,kinsen.nano.Charp 1.0,compare,73.16,±6.67,74.27,91.43,-1.70,2,2026-10-01 15:40:18,58.69,52.51
585,,kinsen.nano.Hoplomachy 1.6,compare,97.44,±7.84,98.60,100.00,1.58,1,2026-10-01 12:43:41,49.69,44.84
586,,kinsen.nano.Quarrelet 1.0,compare,77.78,±7.84,79.84,94.29,1.17,1,2026-10-01 13:38:17,58.42,51.52
587,,kinsen.nano.Senticous 1.0,compare,83.98,±7.84,96.19,94.29,1.71,1,2026-10-01 11:14:16,47.61,38.72
588,,kjc.Karaykan 1.0,compare,96.96,±7.84,99.53,100.00,2.20,1,2026-10-01 14:19:02,22.05,14.42
589,,kjc.MailManX 2.0,compare,93.99,±7.84,96.27,97.14,-0.05,1,2026-10-01 10:00:37,22.36,14.01
590,,kjc.etc.Dharok 1.0,compare,84.37,±7.84,85.08,91.43,-11.75,1,2026-10-01 09:15:27,43.37,36.75
591,,klein.GottesKrieger 1.1,compare,93.98,±7.84,96.66,100.00,0.04,1,2026-10-01 13:53:19,49.76,47.30
592,,kms.Golden 0.10,compare,65.93,±7.84,69.16,80.00,-8.43,1,2026-10-01 10:45:08,73.01,78.23
593,,kms.Royal 0.15M,compare,94.60,±7.84,98.66,100.00,3.01,1,2026-10-01 14:12:04,44.40,35.16
594,,knackibot.KnackOnOne 0.8.1,compare,90.27,±5.18,90.41,94.29,-7.23,2,2026-10-01 09:56:05,39.08,37.12
595,,kneels.ToNoone 0.2,compare,95.60,±7.84,96.52,97.14,-1.60,1,2026-10-01 09:18:31,33.31,25.47
596,,kneels.nano.Derp 0.2,compare,82.73,±7.84,85.15,97.14,4.87,1,2026-10-01 13:33:05,55.77,50.25
597,,krillr.mega.Psyche 0.0.3,compare,93.55,±7.84,93.67,97.14,-4.38,1,2026-10-01 09:43:55,46.18,42.21
598,,krillr.mini.JointStrike 2.0.0,compare,85.44,±7.84,92.69,97.14,-1.40,1,2026-10-01 12:03:02,50.42,41.97
599,,kronenthaler.Basilisk 1.0,compare,97.88,±7.84,97.93,100.00,0.27,1,2026-10-01 12:47:56,60.97,70.54
600,,krzysiek.robbo2.Robbo 1.0.0,compare,84.08,±4.83,87.07,95.71,-4.79,2,2026-10-01 14:00:31,57.53,58.12
601,,kurios.DOSexe .9a,compare,78.75,±7.84,82.70,97.14,-8.52,1,2026-10-01 13:54:10,44.51,30.54
602,,kvk.HebusLeTroll 0.41,compare,82.66,±7.84,89.44,94.29,-2.20,1,2026-10-01 13:47:37,61.46,64.02
603,,labg.Cataclysm 2.05,compare,88.26,±5.09,95.47,95.71,2.45,2,2026-10-01 14:38:44,58.17,60.47
604,,lancel.Lynx 1.09,compare,63.33,±4.85,80.70,80.00,1.78,2,2026-10-01 10:57:36,77.70,84.55
605,,lazarecki.mega.PinkerStinker 0.7,compare,81.30,±7.84,95.98,94.29,16.66,1,2026-10-01 09:55:27,69.26,77.24
606,,learn.ISmart 2.0s,compare,79.98,±7.84,79.98,94.29,9.26,1,2026-10-01 13:10:05,62.35,66.80
607,,leb.ShootAnArrow 0.1,compare,92.04,±7.84,94.39,97.14,-3.26,1,2026-10-01 10:21:13,31.24,20.12
608,,lechu.Ala 0.0.4,compare,74.07,±7.84,82.23,80.00,-9.42,1,2026-10-01 13:01:07,54.68,59.58
609,,lechu.Lechu 1.1,compare,92.54,±7.84,93.55,94.29,-4.36,1,2026-10-01 12:02:04,44.49,41.23
610,,lessonz.robocode.Oz 0.5.0,compare,97.80,±7.84,98.43,100.00,-0.05,1,2026-10-01 13:24:42,48.26,49.22
611,,lion.Kresnanano 1.0,compare,93.71,±7.84,96.90,97.14,0.19,1,2026-10-01 10:04:52,42.41,35.90
612,,lj.Dapps 0.2,compare,82.25,±7.84,92.86,97.14,0.32,1,2026-10-01 13:25:59,62.79,65.73
613,,lk.nano.Avesnar 1.1,compare,96.70,±7.84,97.81,100.00,0.99,1,2026-10-01 12:40:52,49.50,44.22
614,,lmk.ACPFinal 0.2,compare,98.40,±7.84,98.40,100.00,-0.31,1,2026-10-01 13:16:34,35.73,29.77
615,,logiblocs.Fire 1.0,compare,98.84,±4.80,99.54,100.00,0.31,2,2026-10-01 15:03:25,4.27,1.26
616,,logiblocs.SittingDroid 1.0,compare,100.00,±7.84,100.00,100.00,1.04,1,2026-10-01 13:43:05,3.25,3.84
617,,lorneswork.Predator 1.0,compare,89.44,±7.84,89.87,94.29,-7.28,1,2026-10-01 11:00:15,42.96,41.75
618,,lrem.Spectre 0.4.4,compare,87.94,±7.84,95.02,100.00,0.73,1,2026-10-01 09:39:29,56.60,58.69
619,,lrem.magic.TormentedAngel Antiquitie,compare,85.33,±7.84,85.33,100.00,4.51,1,2026-10-01 14:28:14,57.37,58.82
620,,lrem.micro.FalseProphet Alpha,compare,87.86,±7.84,91.35,100.00,6.13,1,2026-10-01 13:19:12,58.28,58.01
621,,lrem.micro.MoggFanatic 0.2,compare,89.94,±4.83,91.88,97.14,-1.20,2,2026-10-01 12:56:32,50.98,46.71
622,,lrem.quickhack.QuickHack 1.0,compare,90.67,±7.84,90.76,97.14,0.51,1,2026-10-01 13:05:36,54.51,56.93
623,,lucasslf.Dodger 1.0,compare,80.34,±4.81,80.58,94.29,-0.72,2,2026-10-01 15:17:08,61.91,67.57
624,,lucasslf.HariSeldon 0.2.1,compare,82.96,±7.84,83.14,100.00,6.60,1,2026-10-01 13:30:56,69.96,75.24
625,,lucasslf.Wiggins 0.6,compare,79.38,±7.84,80.18,97.14,10.57,1,2026-10-01 09:18:25,77.07,83.55
626,,lunchie.Lunchbox 0.93,compare,93.32,±4.96,95.94,98.57,-0.53,2,2026-10-01 14:21:07,36.26,30.33
627,,lundal.Mark8 2012.09.15,compare,99.08,±7.84,99.08,100.00,0.30,1,2026-10-01 12:46:44,38.98,38.17
628,,lw.LuthersTest 0.1,compare,100.00,±7.84,100.00,100.00,0.87,1,2026-10-01 12:44:55,8.09,5.29
629,,lxx.ConceptA 0.8,compare,79.80,±7.84,85.90,94.29,-5.94,1,2026-10-01 11:14:49,70.17,69.35
630,,lxx.Emerald 0.6.5,compare,92.58,±7.84,93.35,97.14,-1.13,1,2026-10-01 12:26:44,69.03,76.26
631,,lxx.Tomcat 3.68,compare,59.33,±5.26,72.21,71.43,13.97,2,2026-10-01 15:33:41,87.70,95.10
632,,m3thos.Eva00 1.1,compare,99.98,±4.80,100.00,100.00,1.30,2,2026-10-01 13:23:43,41.01,31.86
633,,m3thos.Eva02 0.7.1,compare,90.96,±5.41,95.16,95.71,-1.32,2,2026-10-01 15:21:38,51.48,53.31
634,,m3thos.mini.Eva01 0.5.5,compare,95.23,±7.84,95.91,100.00,0.35,1,2026-10-01 12:59:04,38.90,35.47
635,,ma.is.fon.rs.RobotA 0.01,compare,99.70,±7.84,99.70,100.00,1.03,1,2026-10-01 14:14:50,17.85,9.44
636,,madmath.Cow 0.1.1,compare,95.07,±7.84,96.66,97.14,-1.99,1,2026-10-01 11:31:42,22.45,13.44
637,,mae.Mae1 1.1,compare,100.00,±7.84,100.00,100.00,0.36,1,2026-10-01 14:16:39,15.93,10.74
638,,mahrgell.mahrram 1.3,compare,65.00,±7.84,70.98,91.43,-14.24,1,2026-10-01 12:11:44,50.48,38.02
639,,marcinek.TopGun 1.3,compare,94.89,±7.84,95.63,100.00,-0.31,1,2026-10-01 13:41:28,43.56,34.47
640,,maribo.FollowFire 1.11,compare,64.76,±7.84,71.93,91.43,-10.95,1,2026-10-01 14:01:19,48.63,32.83
641,,maribo.IotaCT 1.0,compare,95.69,±7.84,96.01,100.00,0.98,1,2026-10-01 13:53:25,42.15,36.99
642,,maribo.Omicron 1.0,compare,93.96,±7.84,94.11,100.00,-2.17,1,2026-10-01 13:10:56,52.51,48.60
643,,maribo.melee.BMV 0.1,compare,97.58,±7.84,97.73,100.00,0.03,1,2026-10-01 13:07:22,42.52,35.22
644,,marksteam.Phoenix 1.0,compare,88.11,±7.84,89.49,94.29,-4.92,1,2026-10-01 10:12:49,46.44,42.15
645,,matt.BlueMind 0.8.00,compare,97.97,±7.84,98.27,100.00,0.46,1,2026-10-01 13:12:55,33.20,29.13
646,,matt.UnderDark3 2.4.34,compare,95.48,±5.28,96.45,97.14,-2.13,2,2026-10-01 14:59:27,31.65,34.05
647,,matt.UnderDark4 0.4.00,compare,97.21,±7.84,98.30,97.14,-0.81,1,2026-10-01 11:54:51,20.49,18.46
648,,matt.advanced.Katana 1.0,compare,94.71,±7.84,98.63,100.00,0.66,1,2026-10-01 13:33:36,35.98,31.07
649,,maye.SlashBot 1.0,compare,99.61,±7.84,99.61,100.00,-0.14,1,2026-10-01 09:39:54,9.71,5.68
650,,mb.Beast 0.4.1,compare,99.04,±7.84,99.37,100.00,1.17,1,2026-10-01 12:42:38,47.98,45.78
651,,mb.Monte 0.1.0,compare,87.72,±7.84,91.42,97.14,-0.71,1,2026-10-01 13:57:26,59.44,58.94
652,,mbh.Mbh 0.1,compare,89.44,±5.02,89.68,100.00,-8.84,2,2026-10-01 15:01:51,24.86,15.16
653,,mbro.BelajarBot 0.0.3,compare,97.27,±7.84,97.43,100.00,-1.44,1,2026-10-01 13:57:21,25.35,20.28
654,,mbro.Detektor3 0.1.1,compare,92.97,±7.84,93.10,97.14,-5.71,1,2026-10-01 10:18:30,25.68,24.59
655,,mc.Messapia 0.1.8,compare,99.12,±4.83,99.12,98.57,-0.31,2,2026-10-01 12:57:38,11.30,7.63
656,,mc2.enemy.Original 0.9,compare,89.50,±5.38,91.19,90.00,-5.54,2,2026-10-01 14:52:18,49.25,59.83
657,,mcb.Audace 1.3,compare,90.03,±7.84,92.29,97.14,-3.90,1,2026-10-01 11:37:21,51.75,49.26
658,,md.November 1.0,compare,82.57,±7.84,87.38,91.43,-4.60,1,2026-10-01 10:18:44,43.49,36.85
659,,md.Pasta 1.1,compare,85.54,±3.57,92.82,98.10,-0.15,3,2026-10-01 14:58:28,48.43,43.99
660,,md.VelociRaptor 1.3,compare,90.11,±3.61,92.23,98.10,-5.35,3,2026-10-01 15:04:46,25.50,14.90
661,,mdouet.BotKicker 2.0,compare,95.97,±7.84,97.90,100.00,1.77,1,2026-10-01 13:51:49,40.84,34.18
662,,metal.small.MCool 1.21,compare,83.94,±7.84,83.94,97.14,-6.38,1,2026-10-01 10:43:47,54.04,51.00
663,,metal.small.dna2.MCoolDNA 1.5,compare,77.19,±4.88,77.19,92.86,0.45,2,2026-10-01 15:41:17,68.37,74.33
664,,microtestbotpack.MicroTestBot 1.0,compare,98.12,±7.84,98.28,97.14,-0.86,1,2026-10-01 11:39:26,38.33,45.84
665,,mjhjd.MattHussey1 1.1,compare,99.81,±7.84,99.82,100.00,0.03,1,2026-10-01 09:19:10,9.87,7.90
666,,mk.Alpha 0.2.1,compare,91.22,±4.81,91.35,100.00,0.67,2,2026-10-01 14:51:35,63.99,67.07
667,,mladjo.AIR 0.7,compare,81.85,±5.22,83.98,97.14,-1.20,2,2026-10-01 15:00:07,54.22,51.04
668,,mladjo.GnuKlub 0.1,compare,87.06,±7.84,88.90,97.14,1.23,1,2026-10-01 13:12:08,65.12,65.42
669,,mladjo.Grrrrr 0.9,compare,61.63,±7.84,62.51,74.29,-10.91,1,2026-10-01 11:59:27,67.89,73.83
670,,mladjo.Startko 1.0,compare,85.63,±4.85,85.92,98.57,-2.00,2,2026-10-01 15:01:06,53.06,51.66
671,,mladjo.iRobot 0.3,compare,75.76,±7.84,78.57,88.57,-7.89,1,2026-10-01 11:13:55,70.79,76.14
672,,mld.DustBunny 3.8,compare,97.34,±4.80,97.68,100.00,-0.24,2,2026-10-01 12:45:47,41.68,31.76
673,,mld.Infinity 2.2,compare,97.82,±4.86,98.78,100.00,1.95,2,2026-10-01 15:26:05,41.09,37.14
674,,mld.LittleBlackBook 1.69e,compare,95.67,±7.84,98.69,100.00,1.91,1,2026-10-01 12:49:32,51.58,48.39
675,,mld.Moebius 2.9.3,compare,80.10,±7.84,81.08,94.29,-0.56,1,2026-10-01 13:29:19,63.97,64.73
676,,mld.Wisdom 1.0,compare,98.82,±7.84,99.50,100.00,1.37,1,2026-10-01 13:15:59,43.89,39.95
677,,mld.jdc.nano.LittleBlackBook 1.0,compare,95.17,±7.84,98.14,100.00,1.38,1,2026-10-01 09:54:36,52.85,51.17
678,,mmb.Roskilde 0.5,compare,94.49,±7.84,94.65,97.14,-4.20,1,2026-10-01 12:42:42,42.36,47.36
679,,mme.NikeEnhanced 2.0,compare,97.62,±4.80,97.89,98.57,-1.03,2,2026-10-01 15:31:50,30.86,22.65
680,,mn.Combat 3.25.0,compare,64.96,±7.84,77.84,82.86,16.07,1,2026-10-01 13:30:01,83.24,92.87
681,,mn.micro.perceptual.Mimic 1.0.0,compare,71.67,±7.84,74.12,85.71,-8.48,1,2026-10-01 12:45:20,35.59,28.13
682,,mn.nano.SkippedTurns 1.1.0,compare,100.00,±7.84,100.00,100.00,0.01,1,2026-10-01 12:23:17,0.00,0.01
683,,mn.nano.perceptual.Impact 1.3.0,compare,63.23,±7.84,73.39,88.57,-8.23,1,2026-10-01 13:18:51,55.44,47.71
684,,mnt.AHEB 0.6a,compare,76.66,±7.84,76.66,85.71,1.94,1,2026-10-01 13:12:16,62.14,67.35
685,,mnt.SurferBot 0.2.5,compare,84.60,±7.84,84.62,97.14,-3.85,1,2026-10-01 10:19:26,63.08,66.96
686,,morbid.MorbidPriest 1.0,compare,90.09,±7.84,92.88,97.14,-1.67,1,2026-10-01 09:51:44,53.40,56.29
687,,mrm.MightyMoose .2,compare,91.92,±7.84,91.92,97.14,-4.94,1,2026-10-01 10:41:54,46.01,42.13
688,,ms.Ares 0.19,compare,87.22,±5.32,88.72,91.43,-4.98,2,2026-10-01 13:56:23,58.98,64.45
689,,mue.Ascendant 1.2.27,compare,56.30,±5.13,74.43,67.14,4.07,2,2026-10-01 10:01:47,84.91,91.92
690,,mue.Hyperion 0.8,compare,67.27,±7.84,82.72,80.00,5.55,1,2026-10-01 12:08:23,75.78,86.36
691,,muf.CrazyKitten 0.9,compare,82.29,±7.84,90.61,94.29,0.04,1,2026-10-01 10:20:40,59.92,60.33
692,,mwj.A1176183 1.0,compare,98.38,±7.84,98.38,97.14,-1.35,1,2026-10-01 10:19:12,18.93,21.15
693,,myl.micro.Avipes 1.00,compare,83.72,±4.80,86.54,97.14,2.90,2,2026-10-01 15:02:06,64.48,64.08
694,,myl.micro.NekoNinja 1.30,compare,80.67,±7.84,81.66,97.14,-5.50,1,2026-10-01 13:25:31,56.19,54.59
695,,myl.micro.Predator 1.50,compare,94.34,±7.84,94.34,97.14,-3.99,1,2026-10-01 10:37:46,51.49,48.34
696,,myl.micro.Troodon 1.10,compare,98.78,±7.84,98.92,100.00,0.07,1,2026-10-01 13:54:41,45.28,40.32
697,,myl.nano.Graviton 1.10,compare,97.74,±7.84,97.82,97.14,-1.48,1,2026-10-01 09:54:07,35.47,33.93
698,,myl.nano.Kakuru 1.20,compare,79.81,±7.84,94.08,97.14,2.97,1,2026-10-01 10:04:31,52.80,45.59
699,,myl.nano.KomoriNinja 1.1,compare,93.47,±7.84,94.39,97.14,-2.61,1,2026-10-01 11:14:03,44.56,39.94
700,,mym.EdgeStalker 1.0,compare,99.69,±4.80,99.70,100.00,-0.04,2,2026-10-01 15:39:38,11.35,8.09
701,,mz.Adept 2.65,compare,93.46,±7.84,93.46,100.00,1.59,1,2026-10-01 13:01:35,50.47,47.21
702,,mz.AdeptBSB 1.03,compare,98.57,±4.82,98.58,100.00,-0.27,2,2026-10-01 14:35:28,50.89,52.53
703,,mz.Movement 1.8,compare,90.57,±5.08,91.13,97.14,-5.10,2,2026-10-01 14:00:37,46.72,41.49
704,,mz.NanoDeath 2.56,compare,62.69,±7.84,69.76,88.57,-10.98,1,2026-10-01 11:36:28,54.75,46.67
705,,mz.NanoGod 2.02,compare,91.77,±7.84,92.07,94.29,-5.70,1,2026-10-01 09:21:33,49.91,50.98
706,,nammyung.ModelT 0.23,compare,97.89,±4.81,97.92,97.14,-1.45,2,2026-10-01 15:01:48,38.36,49.58
707,,nan.Ihivatar_Mk_1 1.0,compare,88.42,±7.84,88.52,94.29,-6.58,1,2026-10-01 10:48:44,56.28,54.28
708,,nanoskank.NanoSkank 1.0,compare,86.73,±7.84,89.71,100.00,-7.34,1,2026-10-01 13:04:35,38.93,29.05
709,,nat.BlackHole 2.0gamma,compare,72.88,±7.84,75.99,91.43,9.91,1,2026-10-01 14:33:36,74.38,78.52
710,,nat.Hikari dev0001,compare,76.42,±7.84,78.07,85.71,-8.93,1,2026-10-01 09:19:44,67.63,72.39
711,,nat.Samekh 0.4,compare,74.67,±7.84,91.24,88.57,11.55,1,2026-10-01 13:26:37,76.16,81.15
712,,nat.micro.Reepicheep 0.1a,compare,87.23,±7.84,93.18,100.00,-0.37,1,2026-10-01 13:00:10,54.74,48.81
713,,nat.nano.Ocnirp 1.73,compare,80.58,±4.80,81.08,97.14,4.83,2,2026-10-01 15:24:16,58.08,54.22
714,,nat.nano.OcnirpPM 1.0,compare,79.93,±7.84,80.88,97.14,4.82,1,2026-10-01 13:54:05,58.37,53.64
715,,nat.nano.OcnirpSNG 1.0b,compare,79.29,±7.84,79.78,94.29,1.99,1,2026-10-01 10:05:48,60.16,54.98
716,,ncj.MoxieBot 1.0,compare,98.81,±7.84,98.81,97.14,1.72,1,2026-10-01 11:52:57,9.92,17.52
717,,ndn.DyslexicMonkey 1.1,compare,94.46,±7.84,95.09,100.00,-1.45,1,2026-10-01 12:59:13,46.30,40.68
718,,ne.Chimera 1.2,compare,76.12,±7.84,83.06,85.71,-10.08,1,2026-10-01 11:32:00,52.43,51.22
719,,nexus.Experimental 0.2,compare,95.64,±7.84,95.77,97.14,-2.47,1,2026-10-01 09:17:51,41.18,32.09
720,,nexus.One 1.0,compare,97.62,±7.84,98.19,100.00,0.22,1,2026-10-01 13:00:41,39.42,27.57
721,,nexus.Prototype 1.0,compare,84.51,±7.84,86.41,97.14,-9.68,1,2026-10-01 10:04:00,33.96,18.50
722,,nexus.Two 0.2,compare,97.22,±7.84,98.32,100.00,0.70,1,2026-10-01 13:19:36,37.89,25.87
723,,ngf.nano.Sparky 0.1.5,compare,81.48,±7.84,82.53,94.29,-3.00,1,2026-10-01 11:53:47,56.98,55.59
724,,nic.Nicator 2.4,compare,90.71,±7.84,92.31,97.14,-3.16,1,2026-10-01 10:27:31,50.97,51.17
725,,nic.SnippetBot 1.0,compare,98.79,±7.84,99.27,100.00,0.41,1,2026-10-01 13:23:37,32.19,29.00
726,,nkn.mini.Jskr0 0.1,compare,82.78,±4.94,83.18,98.57,-3.47,2,2026-10-01 14:37:40,68.62,72.32
727,,non.mega.NaN 0.1,compare,70.11,±7.84,74.04,85.71,-8.82,1,2026-10-01 10:32:52,60.08,59.43
728,,non.mega.NoName 0.0,compare,84.83,±7.84,96.33,97.14,2.13,1,2026-10-01 11:37:12,52.95,50.56
729,,nosteel.Welby 0.0.3,compare,94.51,±7.84,95.13,100.00,0.46,1,2026-10-01 13:34:57,46.59,42.08
730,,nova.Snow 1.0,compare,81.35,±7.84,90.76,91.43,3.51,1,2026-10-01 12:50:35,56.41,60.62
731,,ntc.Cannon 1.12test,compare,72.72,±4.85,76.38,87.14,-0.20,2,2026-10-01 14:46:10,64.65,62.35
732,,ntc.Evader 1.2,compare,94.45,±7.84,94.69,97.14,-3.36,1,2026-10-01 09:20:18,42.58,40.31
733,,ntc.Knowledge 1.1,compare,87.96,±7.84,90.00,94.29,-3.04,1,2026-10-01 14:09:56,49.13,40.69
734,,ntc.Lasers.Lasers 0.9,compare,89.54,±7.84,96.03,97.14,1.37,1,2026-10-01 14:13:52,47.16,41.02
735,,ntc.Plains 0.9,compare,95.16,±7.84,95.26,100.00,-2.94,1,2026-10-01 12:48:45,41.93,34.62
736,,ntc.Swim 0.9,compare,89.07,±7.84,96.99,97.14,1.41,1,2026-10-01 09:23:23,42.37,40.59
737,,ntw.Sighup 1.5,compare,84.42,±7.84,88.33,94.29,-8.33,1,2026-10-01 10:20:25,31.38,19.46
738,,ntw.Sigsys 1.6,compare,95.73,±7.84,97.56,100.00,-0.74,1,2026-10-01 14:07:15,32.48,19.24
739,,nz.A7Ibwenape A7Ibwen1.0,compare,99.48,±3.51,99.67,100.00,0.21,3,2026-10-01 15:58:33,5.43,2.81
740,,nz.jdc.micro.HedgehogGF 1.5,compare,84.38,±7.84,85.47,100.00,7.78,1,2026-10-01 12:53:33,75.74,81.00
741,,nz.jdc.micro.HedgehogP 1.2,compare,81.49,±7.84,88.81,91.43,4.72,1,2026-10-01 14:31:28,65.92,69.30
742,,nz.jdc.nano.AralR 1.1,compare,92.10,±7.84,97.96,100.00,3.16,1,2026-10-01 13:56:04,57.48,55.35
743,,nz.jdc.nano.AralT 1.1,compare,89.90,±7.84,93.11,97.14,-0.19,1,2026-10-01 13:47:13,57.07,52.71
744,,nz.jdc.nano.NeophytePRAL 1.4,compare,90.27,±4.91,93.47,98.57,3.85,2,2026-10-01 14:56:24,63.11,65.14
745,,nz.jdc.nano.NeophytePattern 1.1,compare,83.71,±7.84,85.02,97.14,4.33,1,2026-10-01 09:51:02,65.21,67.26
746,,nz.jdc.nano.NeophyteSRAL 1.3,compare,94.26,±5.29,95.69,95.71,-2.84,2,2026-10-01 15:37:35,59.18,60.13
747,,nz.jdc.nano.PatternAdept 1.0,compare,84.16,±7.84,86.89,94.29,2.00,1,2026-10-01 09:40:15,62.85,59.91
748,,nz.jdc.nano.PralDeGuerre 1.2,compare,79.83,±4.97,90.55,94.29,1.06,2,2026-10-01 15:18:27,64.97,62.35
749,,nzeemin.Izh 0.5,compare,95.44,±7.84,95.62,97.14,-2.87,1,2026-10-01 11:01:15,30.98,23.81
750,,oa.weak.BotherBot 0.1,compare,96.87,±7.84,97.89,100.00,-0.20,1,2026-10-01 09:45:38,27.55,20.64
751,,oa.weak.FlyMk1 0.1,compare,96.96,±7.84,97.52,97.14,-1.13,1,2026-10-01 09:14:17,24.87,17.14
752,,ola.Puffin 1.0,compare,97.01,±7.84,97.24,97.14,-1.67,1,2026-10-01 10:25:38,25.88,21.83
753,,omens.CannonfodderMicro 1.4,compare,94.75,±7.84,94.95,97.14,-1.61,1,2026-10-01 10:08:43,43.10,39.69
754,,omens.CannonfodderNano 1.4,compare,97.15,±7.84,97.82,100.00,0.32,1,2026-10-01 09:42:54,26.84,17.86
755,,oog.PricklyPear 1.0.6,compare,73.44,±5.70,84.76,82.86,4.19,3,2026-10-01 15:39:27,77.76,84.73
756,,oog.mega.saguaro.Saguaro 1.0,compare,70.56,±7.84,81.00,82.86,23.26,1,2026-10-01 09:33:03,91.87,95.26
757,,oog.melee.Capulet 1.2,compare,86.42,±4.00,90.41,95.24,-5.17,3,2026-10-01 14:58:50,51.48,54.96
758,,oog.melee.Mercutio 1.0,compare,94.95,±7.84,96.58,100.00,-1.49,1,2026-10-01 13:49:51,47.95,49.61
759,,oog.micro.Claudius 1.11,compare,76.41,±4.95,79.99,91.43,3.64,2,2026-10-01 14:44:55,71.91,75.98
760,,oog.micro.MagicD3 0.41,compare,75.45,±5.38,78.08,87.14,2.98,2,2026-10-01 15:35:15,66.64,68.86
761,,oog.micro.Maui 1.2,compare,83.78,±4.80,89.62,94.29,4.85,2,2026-10-01 15:54:00,66.01,69.83
762,,oog.micro.SavantMicro 1.1,compare,77.96,±7.84,79.38,88.57,3.26,1,2026-10-01 13:11:06,68.63,71.56
763,,oog.mini.AlphaDragon 0.1,compare,81.22,±7.84,81.65,97.14,6.00,1,2026-10-01 13:43:15,70.02,75.63
764,,oog.nano.Caligula 1.15,compare,65.47,±7.84,70.83,88.57,-11.11,1,2026-10-01 09:53:33,65.00,61.43
765,,oog.nano.Fuatisha 1.1,compare,77.70,±7.84,79.79,91.43,1.45,1,2026-10-01 13:11:43,63.86,68.85
766,,oog.nano.MagicD2 2.4,compare,90.73,±7.84,94.82,97.14,-1.39,1,2026-10-01 12:08:45,47.28,43.71
767,,oog.nano.SavantVS 1.1,compare,95.70,±7.84,96.39,100.00,-1.42,1,2026-10-01 12:42:17,49.63,44.20
768,,oog.nano.SavantWS 0.1,compare,94.79,±4.82,95.62,98.57,-2.72,2,2026-10-01 14:45:29,35.43,24.60
769,,origin.SleepSiphon 1.7b,compare,90.82,±7.84,90.82,97.14,-2.77,1,2026-10-01 09:27:23,64.94,68.94
770,,ouroboros.Dragon 0.0.3,compare,74.25,±7.84,75.36,85.71,2.89,1,2026-10-01 12:15:41,81.56,89.00
771,,pa.Improved 1.1,compare,99.21,±7.84,99.29,100.00,-0.09,1,2026-10-01 12:52:46,27.96,22.24
772,,pa3k.Manta 1.20,compare,96.11,±7.84,100.00,100.00,7.22,1,2026-10-01 09:29:29,45.76,42.61
773,,pa3k.Quark 1.02,compare,86.82,±4.86,91.79,94.29,0.38,2,2026-10-01 13:59:43,53.19,58.39
774,,pa3k.Viper 5.03,compare,86.85,±7.84,95.02,94.29,4.80,1,2026-10-01 11:58:46,60.58,64.98
775,,pac.ABC 2.1,compare,97.83,±7.84,97.91,97.14,-1.41,1,2026-10-01 10:41:32,19.06,15.99
776,,pak.Dargon 1.0b,compare,99.29,±3.53,99.46,100.00,0.28,3,2026-10-01 14:38:22,32.67,25.62
777,,pak.JakeTheTestingRobot .1b,compare,96.49,±7.84,97.24,100.00,-0.15,1,2026-10-01 13:40:33,36.30,25.34
778,,paket.MojRobot 1.0,compare,100.00,±7.84,100.00,100.00,1.45,1,2026-10-01 12:47:17,9.03,7.13
779,,panzer.Panzer 0.2,compare,93.62,±7.84,94.74,100.00,0.48,1,2026-10-01 12:47:21,41.16,28.70
780,,paolord.TheHulk 1.0,compare,98.26,±4.94,98.30,100.00,-1.35,2,2026-10-01 14:19:41,35.46,32.45
781,,patson.PatsonTestBot 1.0,compare,94.76,±4.81,97.96,100.00,0.93,2,2026-10-01 13:48:48,37.37,30.37
782,,paulk.PaulV3 1.7,compare,74.31,±7.84,87.29,88.57,1.22,1,2026-10-01 11:42:45,70.03,78.07
783,,pb.Oscillator 1.0,compare,95.51,±3.58,96.11,100.00,-2.56,3,2026-10-01 15:00:12,18.65,11.39
784,,pbg.NinjaX 1.2,compare,97.25,±7.84,97.27,97.14,-2.28,1,2026-10-01 09:57:27,21.30,18.21
785,,pc.Wavelet 1.5,compare,30.65,±7.84,41.26,11.43,-16.00,1,2026-10-01 14:02:48,87.07,94.91
786,,pe.SandboxDT 3.02,compare,66.92,±4.83,82.95,80.00,6.90,2,2026-10-01 15:47:18,78.09,85.92
787,,pe.SandboxLump 1.52,compare,77.08,±7.84,82.11,88.57,-1.68,1,2026-10-01 13:07:47,66.82,71.85
788,,pe.mini.SandboxMini 1.2,compare,81.37,±7.84,81.37,94.29,0.88,1,2026-10-01 13:41:16,61.00,61.23
789,,pe.minimelee.SandboxMiniMelee 1.1,compare,91.01,±7.84,91.11,94.29,-5.18,1,2026-10-01 12:13:19,47.43,44.12
790,,pedersen.Hubris 2.4,compare,83.01,±7.84,86.67,94.29,6.64,1,2026-10-01 11:35:50,68.63,73.21
791,,pedersen.Ugluk 1.0,compare,77.64,±7.84,93.70,88.57,6.92,1,2026-10-01 12:29:40,71.06,75.23
792,,penguin.Ivy 1.1r,compare,87.35,±4.81,97.14,95.71,8.83,2,2026-10-01 14:56:18,64.95,71.66
793,,penguin.Joker .611wr,compare,80.44,±7.84,87.48,94.29,9.61,1,2026-10-01 14:06:43,69.64,73.45
794,,penguin.MrFreeze 1.0a,compare,85.94,±7.84,96.78,100.00,7.58,1,2026-10-01 09:46:35,69.93,76.19
795,,pez.clean.Swiffer 0.2.9,compare,67.65,±7.84,69.54,82.86,-12.30,1,2026-10-01 10:11:41,65.79,71.47
796,,pez.frankie.Frankie 0.9.6.1,compare,71.17,±7.84,73.33,82.86,-3.59,1,2026-10-01 10:07:13,64.59,67.05
797,,pez.gloom.GloomyDark 0.9.2,compare,77.07,±5.92,77.38,91.43,-1.20,2,2026-10-01 15:32:05,66.85,72.51
798,,pez.mako.Mako 1.5,compare,81.14,±7.84,83.94,94.29,0.07,1,2026-10-01 13:18:29,61.42,59.89
799,,pez.micro.Aristocles 0.3.9,compare,67.97,±7.84,70.47,82.86,-6.83,1,2026-10-01 12:57:49,68.88,76.12
800,,pez.mini.ChironexFleckeri 0.5,compare,83.60,±7.84,92.95,97.14,4.70,1,2026-10-01 14:13:39,65.50,66.37
801,,pez.mini.Gouldingi 1.5,compare,90.51,±7.84,90.51,97.14,-1.96,1,2026-10-01 09:34:50,56.13,54.14
802,,pez.mini.Tityus 0.9.1,compare,63.61,±5.33,70.54,80.00,-7.90,2,2026-10-01 12:57:09,72.46,75.94
803,,pez.mini.VertiLeach 0.4.0,compare,72.94,±7.84,84.00,82.86,-2.68,1,2026-10-01 13:33:41,67.76,70.66
804,,pez.mini2.Pugilist 2.5.15,compare,64.27,±7.84,71.55,65.71,-1.61,1,2026-10-01 13:36:41,80.35,88.61
805,,pez.nano.Icarus 0.3,compare,90.85,±7.84,91.28,97.14,-5.93,1,2026-10-01 10:13:16,46.01,40.97
806,,pez.nano.LittleEvilBrother 0.1,compare,95.95,±5.04,96.04,98.57,-2.27,2,2026-10-01 14:45:20,41.81,34.02
807,,pez.rumble.Ali 0.4.9,compare,66.74,±6.03,68.56,81.43,3.88,2,2026-10-01 14:48:07,82.47,88.28
808,,pez.rumble.CassiusClay 2rho.02no,compare,56.45,±5.10,57.98,58.57,-1.36,2,2026-10-01 15:34:35,83.60,90.99
809,,pfvicm.Sobieski 7.2.3b,compare,92.01,±7.84,92.01,97.14,-4.39,1,2026-10-01 10:45:16,50.49,47.05
810,,ph.Thinker 0.2.5,compare,85.82,±7.84,87.27,91.43,-9.73,1,2026-10-01 09:31:07,44.42,40.87
811,,ph.micro.Pikeman 0.4.5,compare,76.52,±7.84,76.63,94.29,-1.72,1,2026-10-01 09:39:50,66.48,69.59
812,,ph.mini.Archer 0.6.6,compare,66.42,±7.84,66.71,82.86,-4.89,1,2026-10-01 11:02:47,68.70,76.75
813,,ph.musketeer.Musketeer 0.6,compare,69.57,±7.84,69.90,85.71,0.14,1,2026-10-01 09:05:47,68.23,76.45
814,,pi.Dark 10,compare,80.85,±7.84,89.27,94.29,2.88,1,2026-10-01 12:08:58,55.13,52.68
815,,pkbots.BoyTDSurfer 1.0,compare,78.86,±7.84,78.86,94.29,8.33,1,2026-10-01 13:50:03,72.53,78.04
816,,pkdeken.Paladin 1.0,compare,94.05,±7.84,95.39,100.00,2.03,1,2026-10-01 13:27:15,51.95,45.22
817,,pl.Drum 0.1,compare,79.74,±4.96,86.01,90.00,-4.29,2,2026-10-01 14:19:54,60.51,64.04
818,,pl.Patton.GeneralPatton 1.54,compare,80.96,±5.02,84.64,92.86,1.02,2,2026-10-01 15:23:56,62.32,67.97
819,,pl.mskiba.Hilton 0.4,compare,99.73,±7.84,99.75,100.00,0.19,1,2026-10-01 13:50:41,37.78,39.00
820,,pl.robocode.Pacyfista 1.0,compare,98.38,±4.89,98.38,98.57,-0.88,2,2026-10-01 15:11:27,38.51,39.24
821,,pla.Memnoch 0.5,compare,96.60,±4.90,97.33,100.00,0.27,2,2026-10-01 15:41:01,44.28,40.72
822,,pmc.SniperBot 1.0,compare,80.86,±4.81,82.02,98.57,-11.44,2,2026-10-01 14:50:49,41.46,25.88
823,,populations.TrainStoopidbot 0.01,compare,93.75,±7.84,94.78,97.14,-2.86,1,2026-10-01 13:04:30,45.69,45.21
824,,positive.Portia 1.26e,compare,70.35,±4.90,85.32,84.29,10.48,2,2026-10-01 15:50:12,81.53,89.77
825,,povik.nano.Smilee 0.2.1,compare,90.20,±7.84,99.49,100.00,3.45,1,2026-10-01 13:09:19,29.80,15.56
826,,projectx.ProjectNano 2.0,compare,92.31,±4.87,92.64,97.14,-3.70,2,2026-10-01 15:35:20,40.25,34.89
827,,projectx.TestNano 1.0,compare,88.87,±5.74,88.87,98.57,-2.55,2,2026-10-01 13:59:51,30.32,17.15
828,,pulsar.Nanis 0.3,compare,93.98,±4.83,94.55,98.57,-0.68,2,2026-10-01 14:06:50,50.26,45.42
829,,pulsar.PulsarMax 0.8.9,compare,51.20,±7.84,64.59,62.86,-7.83,1,2026-10-01 13:31:29,84.16,90.08
830,,pulsar.PulsarNano 0.2.4,compare,97.08,±7.84,97.25,100.00,-0.05,1,2026-10-01 09:38:54,50.49,46.37
831,,qohnil.blot.BlotBot 3.61,compare,86.16,±7.84,97.20,97.14,8.52,1,2026-10-01 11:49:08,62.36,69.33
832,,qualidafial.MajorDick 1.0.1,compare,96.10,±4.88,96.21,98.57,-2.64,2,2026-10-01 14:23:14,28.45,24.15
833,,quietus.Invader 0.1,compare,99.51,±4.81,99.51,98.57,-0.18,2,2026-10-01 14:39:26,13.88,17.94
834,,quietus.NarrowRadar 0.1,compare,95.57,±7.84,95.67,97.14,-2.55,1,2026-10-01 11:45:00,22.39,13.27
835,,qwaker00.Ahchoo 1.6,compare,82.30,±5.00,83.10,87.14,-1.88,2,2026-10-01 14:49:22,58.91,67.21
836,,qwaker00.Gandhi 1.2,compare,95.37,±5.19,97.09,100.00,-0.89,2,2026-10-01 14:09:10,48.92,46.52
837,,racso.Crono 1.0,compare,87.10,±4.84,88.10,97.14,-1.34,2,2026-10-01 14:59:34,45.63,41.90
838,,racso.Frog 0.9,compare,87.76,±3.71,88.42,96.19,-1.86,3,2026-10-01 15:57:59,44.77,46.03
839,,radnor.DoctorBob 1.42,compare,97.79,±4.98,97.92,98.57,-1.25,2,2026-10-01 14:50:30,50.71,52.75
840,,radnor.RamRod 1.0,compare,65.65,±4.80,75.84,91.43,-10.20,2,2026-10-01 14:56:03,51.69,41.43
841,,rampancy.Durandal 2.2d,compare,76.92,±7.84,81.95,85.71,5.34,1,2026-10-01 13:22:41,67.94,71.42
842,,rampancy.micro.Epiphron 1.0,compare,98.92,±4.81,99.04,100.00,0.62,2,2026-10-01 15:31:46,33.15,32.61
843,,rapture.Rapture 2.13,compare,96.01,±4.90,96.39,98.57,-1.26,2,2026-10-01 15:40:38,47.36,51.83
844,,ratosh.Nobo 0.21,compare,96.06,±7.84,97.30,100.00,-0.50,1,2026-10-01 12:43:20,47.85,41.72
845,,ratosh.Wesco 1.4,compare,94.94,±7.84,95.39,97.14,-2.25,1,2026-10-01 10:12:01,46.62,43.02
846,,ratosh.nano.Debo 1.36,compare,88.37,±7.84,89.33,100.00,-1.46,1,2026-10-01 13:50:32,47.17,41.34
847,,rc.RCBot 2.0,compare,92.36,±4.80,92.36,100.00,-3.47,2,2026-10-01 15:06:13,48.32,48.24
848,,rc.yoda.Yoda 1.0.6c.fix,compare,80.43,±7.84,82.42,91.43,5.12,1,2026-10-01 13:21:56,74.46,81.88
849,,rcb.Vanessa03 0,compare,80.04,±7.84,82.71,97.14,3.59,1,2026-10-01 14:08:08,63.57,65.22
850,,rcp.Kuramatron 1.0,compare,74.05,±3.57,79.49,97.14,-8.96,3,2026-10-01 14:59:03,48.80,36.18
851,,rdm.Dueler 0.4x,compare,89.78,±7.84,91.92,97.14,3.35,1,2026-10-01 09:16:17,62.44,64.60
852,,rdm.Grasshopper 0.5e,compare,93.04,±7.84,94.70,97.14,-1.48,1,2026-10-01 14:34:51,54.05,53.17
853,,rdm.WallRider 0.5c,compare,87.82,±7.84,89.81,97.14,-5.69,1,2026-10-01 10:18:09,40.77,35.07
854,,rdt.AgentSmith.AgentSmith 0.5,compare,72.68,±7.84,73.08,91.43,8.86,1,2026-10-01 13:28:37,78.16,84.73
855,,rdt.AgentSmith.AgentSmithRedux 0.02,compare,93.87,±7.84,94.24,100.00,-1.43,1,2026-10-01 13:27:50,65.17,67.84
856,,rdt.Wraith.Wraith 0.3,compare,85.79,±7.84,95.79,97.14,6.65,1,2026-10-01 10:46:11,72.28,76.87
857,,rdt199.Warlord 0.73,compare,83.68,±7.84,84.38,97.14,0.32,1,2026-10-01 14:15:22,57.86,59.49
858,,reaper.Reaper 1.1,compare,83.54,±7.84,83.54,94.29,0.82,1,2026-10-01 11:36:23,64.50,70.27
859,,reeder.caden.Elmo 1,compare,99.14,±7.84,99.24,100.00,-0.31,1,2026-10-01 13:19:43,16.08,9.32
860,,reeder.caden.Grover 1.0,compare,98.65,±7.84,98.72,97.14,-0.79,1,2026-10-01 09:47:53,16.07,10.16
861,,reeder.colin.WallGuy3 1.0,compare,92.72,±7.84,94.22,97.14,-3.34,1,2026-10-01 11:39:15,32.64,22.24
862,,repositorio.NanoStep 1.0,compare,97.80,±7.84,98.10,100.00,-0.99,1,2026-10-01 13:54:13,36.97,33.77
863,,rfj.Sunburn 1.1,compare,85.38,±7.84,88.79,91.43,-4.99,1,2026-10-01 10:00:54,44.53,44.50
864,,rh.Intra 2.1DomoKN,compare,66.34,±7.84,79.47,80.00,4.61,1,2026-10-01 11:12:40,80.58,88.19
865,,rh.abs.Xwing 2.1,compare,69.69,±7.84,73.13,82.86,0.73,1,2026-10-01 12:03:31,73.04,80.58
866,,rijteam.SmartDodge 1.1,compare,97.81,±4.80,98.20,100.00,-0.50,2,2026-10-01 15:01:18,19.42,14.75
867,,rjw.RabidWombat 0.71,compare,90.36,±7.84,91.43,97.14,-4.89,1,2026-10-01 09:46:42,48.21,46.42
868,,rnatest.MendelBot 1.0,compare,96.57,±7.84,97.70,97.14,-0.57,1,2026-10-01 11:20:15,16.60,6.62
869,,robar.haiku.Spike 1.0,compare,93.56,±7.84,95.74,100.00,-1.65,1,2026-10-01 13:07:40,38.39,30.70
870,,robar.micro.Gladius 1.15,compare,75.97,±7.84,75.97,91.43,-8.12,1,2026-10-01 11:48:00,65.64,66.94
871,,robar.micro.Kirbyi 1.0,compare,73.33,±5.23,75.05,82.86,-2.02,2,2026-10-01 11:01:39,62.76,62.69
872,,robar.micro.Topaz 0.25,compare,68.22,±7.84,78.39,80.00,-6.91,1,2026-10-01 13:07:29,63.28,63.76
873,,robar.nano.Assertive 0.3,compare,84.39,±4.82,94.49,97.14,3.08,2,2026-10-01 14:42:21,56.52,55.94
874,,robar.nano.BlackWidow 1.3,compare,76.10,±7.84,77.08,88.57,-1.11,1,2026-10-01 13:31:47,60.18,54.58
875,,robar.nano.Breeze 0.3,compare,80.26,±7.84,87.19,91.43,-8.44,1,2026-10-01 13:30:22,47.88,41.76
876,,robar.nano.Mosquito 1.1,compare,97.81,±7.84,98.03,100.00,0.58,1,2026-10-01 09:44:04,51.93,50.71
877,,robar.nano.MosquitoPM 1.0,compare,84.21,±4.84,84.61,95.71,1.29,2,2026-10-01 15:53:21,57.91,54.65
878,,robar.nano.Prestige 1.0,compare,75.35,±7.84,76.69,91.43,-0.23,1,2026-10-01 11:03:56,57.11,54.24
879,,robar.nano.Pugio 1.49,compare,74.80,±7.84,79.38,85.71,-5.93,1,2026-10-01 13:31:13,61.60,61.93
880,,robar.nano.Scytodes 0.3,compare,95.77,±7.84,96.50,100.00,2.95,1,2026-10-01 13:48:29,50.52,47.25
881,,robar.nano.Vespa 0.95,compare,87.64,±4.81,88.22,97.14,0.73,2,2026-10-01 15:56:53,56.32,53.39
882,,robin.SCALPBot 1.0,compare,94.69,±7.84,96.14,100.00,-1.77,1,2026-10-01 13:52:57,28.49,16.89
883,,robin.ScalpBotC 1.0,compare,95.13,±7.84,96.41,100.00,-1.27,1,2026-10-01 13:17:49,28.43,18.91
884,,robo.PartsBot 1.1,compare,98.95,±7.84,99.09,100.00,0.35,1,2026-10-01 14:20:31,41.70,41.80
885,,robots.Lucky 1.2,compare,96.73,±4.82,98.07,100.00,0.13,2,2026-10-01 14:56:51,33.30,31.57
886,,romz.robot.Test 0.1.0,compare,87.31,±7.84,94.67,100.00,-0.36,1,2026-10-01 13:17:46,44.96,39.88
887,,romz.robot.circular.WildRabbit 0.9.6,compare,92.03,±7.84,93.54,100.00,-1.70,1,2026-10-01 13:32:23,46.44,43.73
888,,romz.robot.guessfactor.TeasingFox 0.2,compare,87.42,±3.64,91.39,98.10,0.20,3,2026-10-01 15:48:11,46.57,42.24
889,,rsalesc.mega.Knight 0.6.28,compare,46.44,±7.84,57.06,37.14,4.58,1,2026-10-01 14:23:09,87.71,96.26
890,,rsalesc.roborio.Roborio 1.2.4,compare,56.08,±4.80,64.68,47.14,7.86,2,2026-10-01 14:43:52,85.34,94.02
891,,rsim.micro.uCatcher 0.1,compare,100.00,±7.84,100.00,100.00,1.48,1,2026-10-01 13:15:02,28.83,33.93
892,,rsim.mini.BulletCatcher 0.4,compare,78.46,±7.84,80.30,88.57,-2.17,1,2026-10-01 09:24:42,66.34,74.63
893,,rsk1.RSK1 4.0,compare,91.76,±4.80,93.59,100.00,1.34,2,2026-10-01 14:09:43,54.53,55.03
894,,rtk.Tachikoma 1.0,compare,83.00,±7.84,84.29,97.14,2.90,1,2026-10-01 13:44:13,57.71,59.05
895,,ruc.nano.Zealot 0.2,compare,89.99,±7.84,91.94,97.14,-5.69,1,2026-10-01 11:21:17,43.89,37.31
896,,rus.vv.Dzhigit 1.1,compare,92.04,±5.60,92.12,98.57,-6.56,2,2026-10-01 15:36:53,37.28,26.06
897,,rus.vv.Snezhok 1.1,compare,94.99,±7.84,96.23,97.14,-2.59,1,2026-10-01 12:26:54,30.65,23.57
898,,ry.LightningBug 1.0,compare,81.00,±7.84,83.41,94.29,-4.76,1,2026-10-01 11:46:07,62.25,61.77
899,,ry.VirtualGunExperiment 1.2.0,compare,82.71,±7.84,83.26,97.14,2.64,1,2026-10-01 09:10:14,72.97,79.39
900,,ry.Worst 1.0,compare,98.81,±7.84,98.81,97.14,-1.14,1,2026-10-01 11:19:28,0.59,1.36
901,,rz.Aleph 0.34,compare,73.91,±7.84,73.96,94.29,7.91,1,2026-10-01 13:48:02,79.05,83.49
902,,rz.Apollon 0.23,compare,69.73,±7.84,70.26,85.71,-9.78,1,2026-10-01 13:27:43,76.60,81.39
903,,rz.Artist 0.2,compare,76.34,±4.98,79.39,90.48,-6.46,3,2026-10-01 14:55:58,64.74,63.68
904,,rz.GlowBlow 2.31,compare,71.99,±7.84,74.34,85.71,-3.24,1,2026-10-01 12:59:38,65.95,66.88
905,,rz.GlowBlowAPM 1.0,compare,78.34,±4.80,78.34,91.43,0.17,2,2026-10-01 15:53:01,66.83,67.18
906,,rz.GlowBlowMelee 1.4,compare,70.21,±4.94,75.75,84.29,-4.99,2,2026-10-01 12:09:36,65.39,66.84
907,,rz.HawkOnFire 0.1,compare,95.57,±7.84,95.57,97.14,-3.86,1,2026-10-01 10:24:22,47.79,44.89
908,,rz.SmallDevil 1.502,compare,94.72,±7.84,95.28,100.00,0.68,1,2026-10-01 09:51:29,51.26,47.36
909,,sL300.Mozart life,compare,76.96,±7.84,81.76,88.57,-3.09,1,2026-10-01 14:06:09,54.10,57.13
910,,sadoner.killer 0.2,compare,86.55,±7.84,91.71,100.00,-2.39,1,2026-10-01 10:05:04,48.39,44.84
911,,sam.ChipmunkDuelist 1.0,compare,93.10,±7.84,96.44,97.14,-0.61,1,2026-10-01 10:09:02,48.36,46.43
912,,sam.Samspin 1.0,compare,97.23,±7.84,97.60,100.00,-1.25,1,2026-10-01 13:48:10,33.26,23.47
913,,sample.Corners 1.0,compare,99.00,±7.84,99.00,97.14,-0.65,1,2026-10-01 10:14:20,10.92,7.36
914,,sample.Crazy 1.0,compare,98.42,±7.84,98.49,100.00,-1.16,1,2026-10-01 12:43:23,9.66,4.98
915,,sample.Fire 1.0,compare,100.00,±4.80,100.00,100.00,0.42,2,2026-10-01 15:55:16,8.30,5.14
916,,sample.MyFirstJuniorRobot 1.0,compare,96.73,±7.84,97.26,97.14,-2.24,1,2026-10-01 12:06:06,15.00,11.78
917,,sample.MyFirstRobot 1.0,compare,98.47,±7.84,98.47,97.14,0.29,1,2026-10-01 10:40:36,13.39,13.74
918,,sample.RamFire 1.0,compare,88.90,±7.84,88.90,97.14,-10.76,1,2026-10-01 10:37:52,14.01,7.20
919,,sample.SittingDuck 1.0,compare,100.00,±7.84,100.00,100.00,0.34,1,2026-10-01 12:53:36,2.44,3.45
920,,sample.SpinBot 1.0,compare,99.93,±3.51,99.94,100.00,0.24,3,2026-10-01 15:36:38,17.64,15.23
921,,sample.Target 1.0,compare,100.00,±7.84,100.00,100.00,0.01,1,2026-10-01 13:06:12,2.32,2.68
922,,sample.TrackFire 1.0,compare,100.00,±7.84,100.00,100.00,1.54,1,2026-10-01 14:16:36,13.74,8.87
923,,sample.Tracker 1.0,compare,100.00,±7.84,100.00,100.00,0.23,1,2026-10-01 12:55:10,11.66,6.44
924,,sample.VelociRobot 1.0,compare,97.95,±7.84,98.28,97.14,-0.93,1,2026-10-01 12:11:53,15.13,8.60
925,,sample.Walls 1.0,compare,99.48,±7.84,99.49,100.00,-0.29,1,2026-10-01 13:06:15,21.02,19.28
926,,sanja.First 0.1,compare,97.03,±4.80,97.42,100.00,-1.71,2,2026-10-01 14:57:12,18.04,10.70
927,,sanyi.mikrobi.Roberto 1.0,compare,94.31,±7.84,95.72,97.14,-1.41,1,2026-10-01 13:09:52,28.77,21.06
928,,satan.R0 0.2,compare,88.01,±7.84,95.13,100.00,1.17,1,2026-10-01 12:51:38,44.15,35.48
929,,satan.White 0.26,compare,88.40,±7.84,89.92,97.14,-0.43,1,2026-10-01 09:06:13,50.73,46.40
930,,sch.Simone 0.3d,compare,97.61,±7.84,98.27,100.00,-0.38,1,2026-10-01 13:21:46,44.99,47.85
931,,scheronimus.AntiRebel 1.1,compare,88.20,±5.83,88.42,94.29,-7.10,2,2026-10-01 14:59:00,59.61,60.68
932,,scheronimus.NanoScheroBot 1.0,compare,92.85,±7.84,92.91,97.14,-5.38,1,2026-10-01 09:29:09,42.66,39.75
933,,scheronimus.ScheroBot 2.3,compare,97.10,±7.84,97.10,100.00,-0.48,1,2026-10-01 12:53:06,46.58,46.55
934,,seed.Anastasia 1.0,compare,82.82,±7.84,85.95,82.86,-9.25,1,2026-10-01 11:22:23,32.77,31.44
935,,seed.Weed 3.0.2,compare,85.29,±4.81,88.16,94.29,-4.34,2,2026-10-01 13:50:59,60.07,63.60
936,,serenity.moonlightBat 1.17,compare,97.50,±7.84,98.26,100.00,1.25,1,2026-10-01 13:09:04,52.87,63.48
937,,serenity.nonSense 1.39,compare,81.06,±4.80,83.13,94.29,-6.86,2,2026-10-01 12:13:00,57.86,59.14
938,,serenity.serenityFire 1.29,compare,86.07,±5.42,87.41,94.29,-6.54,2,2026-10-01 14:59:16,57.67,62.02
939,,sgp.JollyNinja 3.53,compare,80.46,±5.56,85.78,87.62,-4.45,3,2026-10-01 15:23:01,51.49,55.57
940,,sgp.MadHatter 4.13,compare,93.01,±7.84,94.63,100.00,-1.72,1,2026-10-01 13:44:32,49.26,50.63
941,,sgp.ShiningBeetle 1.1,compare,92.10,±4.95,92.73,98.57,-0.92,2,2026-10-01 14:54:10,40.51,29.59
942,,sgp.SleepingGoat 1.1,compare,89.61,±7.84,90.36,97.14,-3.49,1,2026-10-01 11:20:08,41.21,31.01
943,,sgp.nano.FurryLeech 1.0,compare,99.97,±7.84,100.00,100.00,0.87,1,2026-10-01 09:33:56,41.00,33.23
944,,sheldor.melee.nano.TestMelee 0.1,compare,94.02,±3.82,96.81,100.00,0.42,3,2026-10-01 15:53:47,42.64,35.28
945,,sheldor.micro.Continuation 1.1,compare,72.32,±7.84,83.39,91.43,10.71,1,2026-10-01 13:05:31,77.57,84.20
946,,sheldor.micro.Epeeist 3.7,compare,73.56,±5.12,87.65,90.00,4.73,2,2026-10-01 14:00:24,76.99,83.32
947,,sheldor.micro.EpeeistDC 3.0,compare,70.47,±7.84,74.51,82.86,4.46,1,2026-10-01 11:16:48,76.49,82.48
948,,sheldor.micro.PointInLineRRAL 1.0,compare,81.76,±4.81,88.66,94.29,-3.70,2,2026-10-01 15:06:46,68.63,72.44
949,,sheldor.mini.Foilist 1.3.1,compare,65.98,±7.84,81.47,80.00,6.03,1,2026-10-01 10:06:51,82.96,88.99
950,,sheldor.mini.FoilistMC 1.0,compare,78.00,±7.84,87.94,94.29,10.09,1,2026-10-01 14:25:47,82.70,88.41
951,,sheldor.nano.Feint 1.2.1,compare,82.31,±7.84,85.52,97.14,7.19,1,2026-10-01 11:30:56,61.17,61.70
952,,sheldor.nano.FoilistNano 3.2,compare,74.61,±7.84,77.18,88.57,0.30,1,2026-10-01 10:57:53,63.95,69.82
953,,sheldor.nano.PointInLine 1.0,compare,87.40,±7.84,88.90,100.00,6.76,1,2026-10-01 09:43:20,50.54,40.47
954,,sheldor.nano.PointInLineRRAL 1.0.0,compare,85.14,±7.84,88.42,97.14,-3.00,1,2026-10-01 12:11:39,57.31,54.71
955,,sheldor.nano.Retreat 1.0,compare,100.00,±7.84,100.00,100.00,0.02,1,2026-10-01 12:49:04,0.44,0.59
956,,sheldor.nano.Sabreur 1.1.2,compare,64.62,±4.04,72.97,90.48,-9.80,3,2026-10-01 15:04:13,66.03,60.87
957,,sheldor.nano.SabreuseNano 1.1,compare,65.20,±4.84,73.67,91.43,-8.60,2,2026-10-01 14:56:01,63.40,60.50
958,,shinh.Entangled 0.3,compare,85.63,±5.07,88.69,94.29,5.12,2,2026-10-01 15:52:46,62.78,68.74
959,,shrub.Silver v048,compare,96.09,±7.84,96.87,97.14,-1.64,1,2026-10-01 13:53:02,39.66,37.43
960,,shrub.Vapour v159,compare,82.17,±7.84,88.05,91.43,-3.13,1,2026-10-01 14:03:23,57.26,59.68
961,,shu.nitro.LENIN .T34,compare,88.52,±4.84,94.71,95.71,1.25,2,2026-10-01 15:57:22,51.54,54.68
962,,sigterm.Sigterm 1.0,compare,91.70,±7.84,94.71,100.00,0.25,1,2026-10-01 14:06:20,43.62,41.55
963,,simonton.GFNano_D 3.1b,compare,90.31,±7.84,91.39,97.14,0.85,1,2026-10-01 09:16:48,56.22,52.20
964,,simonton.beta.LifelongObsession 0.5.1,compare,59.20,±6.03,59.40,72.86,-3.52,2,2026-10-01 14:41:14,81.04,87.25
965,,simonton.mega.SniperFrog 1.0.fix2,compare,68.11,±7.84,68.11,82.86,-3.51,1,2026-10-01 12:29:02,80.53,86.68
966,,simonton.micro.GFMicro 1.0,compare,84.41,±7.84,85.25,97.14,3.24,1,2026-10-01 13:32:03,70.98,75.18
967,,simonton.micro.WeeklongObsession 3.4.1,compare,75.05,±7.84,89.49,88.57,10.32,1,2026-10-01 13:01:22,73.34,78.85
968,,simonton.mini.WeeksOnEnd 1.10.4,compare,68.15,±7.84,68.72,85.71,4.80,1,2026-10-01 09:34:32,81.52,87.14
969,,simonton.nano.WeekendObsession_S 1.7,compare,83.78,±7.84,85.43,97.14,1.19,1,2026-10-01 09:32:21,58.96,52.75
970,,skm.PateranBotlock2 1.0,compare,99.95,±7.84,99.95,100.00,0.19,1,2026-10-01 14:04:55,13.61,8.43
971,,skm.Ryubot 1.0,compare,99.90,±7.84,99.90,100.00,0.16,1,2026-10-01 14:08:45,15.56,11.23
972,,skm.butterfly 1.0,compare,99.30,±4.83,99.30,100.00,-0.22,2,2026-10-01 15:39:09,20.49,16.61
973,,slugzilla.Basilisk 3.9,compare,71.23,±7.84,77.80,85.71,3.00,1,2026-10-01 12:17:28,78.13,83.96
974,,slugzilla.Basilite 0.13,compare,69.79,±7.84,69.79,82.86,-0.44,1,2026-10-01 10:59:08,74.57,81.61
975,,slugzilla.ButtHead 2.0,compare,62.41,±4.80,62.92,88.57,-13.70,2,2026-10-01 15:07:48,65.85,61.71
976,,slugzilla.OrbitGF 1.0,compare,90.18,±7.84,90.25,97.14,-4.14,1,2026-10-01 09:51:24,51.92,47.40
977,,slugzilla.OrbitLinear 1.1,compare,96.44,±4.82,96.44,97.14,-2.42,2,2026-10-01 15:08:59,41.17,35.07
978,,slugzilla.OrbitPattern 1.1,compare,90.21,±7.84,90.25,97.14,-1.91,1,2026-10-01 11:34:23,51.62,46.40
979,,slugzilla.OscillateGF 1.0,compare,94.35,±4.89,94.35,100.00,-1.17,2,2026-10-01 13:58:14,48.37,45.36
980,,slugzilla.OscillateLinear 1.0,compare,95.71,±7.84,95.71,97.14,-3.35,1,2026-10-01 10:18:16,39.07,33.63
981,,slugzilla.OscillatePattern 1.0,compare,89.99,±7.84,89.99,97.14,-3.03,1,2026-10-01 12:11:26,48.79,44.40
982,,slugzilla.Parallax 0.1,compare,82.16,±7.84,82.69,97.14,-2.15,1,2026-10-01 09:22:55,55.71,56.74
983,,slugzilla.RandomGF 1.0,compare,76.88,±4.80,76.88,94.29,-9.35,2,2026-10-01 15:40:31,66.09,69.06
984,,slugzilla.RandomLinear 1.0,compare,96.57,±4.85,96.57,100.00,-1.62,2,2026-10-01 15:01:55,49.28,46.29
985,,slugzilla.RandomPattern 1.0,compare,72.09,±4.91,72.17,88.57,-5.06,3,2026-10-01 15:48:02,66.39,68.57
986,,slugzilla.SNGGF 1.0,compare,96.03,±7.84,96.03,100.00,0.59,1,2026-10-01 12:53:09,52.66,51.16
987,,slugzilla.SNGLinear 1.0,compare,98.74,±7.84,98.78,100.00,-0.18,1,2026-10-01 14:04:15,43.82,40.64
988,,slugzilla.SNGPattern 1.0,compare,91.76,±7.84,92.39,97.14,-1.16,1,2026-10-01 10:21:05,53.00,50.45
989,,slugzilla.SquirmyToad 3.9,compare,73.56,±7.84,75.36,91.43,-4.37,1,2026-10-01 13:00:02,61.82,59.26
990,,sm.Devil 7.3,compare,76.93,±5.59,77.31,85.71,-4.25,2,2026-10-01 13:59:21,50.77,53.67
991,,sng.arco.Arco 0.0,compare,98.76,±4.80,98.85,100.00,-0.46,2,2026-10-01 15:24:01,35.41,31.54
992,,snowman.Snowman 1.0,compare,99.84,±7.84,99.84,100.00,0.11,1,2026-10-01 10:07:00,10.00,7.24
993,,sos.SOS 1.0,compare,88.28,±7.84,90.22,94.29,-1.14,1,2026-10-01 11:03:36,65.21,72.03
994,,sp.AstherNano 1.0,compare,96.52,±4.89,97.23,97.14,-1.57,2,2026-10-01 14:51:59,29.21,28.53
995,,spartancompany.Spartan2 1.0,compare,99.99,±4.80,100.00,100.00,0.44,2,2026-10-01 14:48:34,12.45,5.51
996,,spin.Bugstard 0.012b,compare,94.22,±7.84,97.47,97.14,1.40,1,2026-10-01 10:43:31,38.25,30.27
997,,spinnercat.CopyKat 1.2.3,compare,83.70,±7.84,84.22,97.14,6.01,1,2026-10-01 12:07:27,57.19,50.39
998,,spinnercat.Kitten 1.6,compare,82.17,±4.95,83.69,95.71,3.52,2,2026-10-01 15:06:07,58.59,55.00
999,,spinnercat.Limit .01,compare,95.83,±4.92,96.06,98.57,-2.89,2,2026-10-01 15:50:59,23.67,14.12
1000,,spinnercat.Robovirus 2.718,compare,86.07,±7.84,87.68,97.14,0.14,1,2026-10-01 09:08:17,63.88,64.33
1001,,spinnercat.haiku.Refrigerator 1.1,compare,86.08,±7.84,89.25,100.00,-2.98,1,2026-10-01 09:08:36,34.09,18.99
1002,,spinnercat.mega.Tardis 1.2,compare,77.14,±7.84,81.50,88.57,1.39,1,2026-10-01 14:15:54,68.02,69.24
1003,,sqTank.waveSurfing.LionWWSVMvoid 0.01,compare,99.70,±4.80,99.77,100.00,0.81,2,2026-10-01 15:05:26,60.95,69.96
1004,,squidM.SquidmanNano 1.0,compare,96.75,±7.84,97.51,100.00,1.37,1,2026-10-01 13:03:23,41.10,30.34
1005,,squidM.SurfinUSA 1.0,compare,98.04,±4.81,98.04,100.00,0.41,2,2026-10-01 15:40:52,58.97,61.20
1006,,starpkg.StarViewerZ 1.26,compare,88.62,±7.84,89.88,97.14,-1.01,1,2026-10-01 14:28:29,53.87,59.04
1007,,staticline.whiskey.Whiskey 0.6,compare,82.50,±7.84,93.53,97.14,3.34,1,2026-10-01 12:51:27,63.10,65.40
1008,,steff.Rebel 2.1,compare,93.27,±7.84,95.35,100.00,-0.03,1,2026-10-01 14:12:42,56.78,59.01
1009,,stefw.Tigger 0.0.23,compare,69.53,±7.84,70.09,82.86,4.76,1,2026-10-01 10:49:25,75.77,81.96
1010,,stelo.Chord 1.0,compare,77.55,±5.35,79.63,91.43,-3.57,2,2026-10-01 13:34:39,73.93,79.68
1011,,stelo.FretNano 1.1,compare,84.65,±7.84,86.95,94.29,-3.92,1,2026-10-01 09:37:40,45.43,37.04
1012,,stelo.Liblix 0.3.1,compare,69.28,±7.84,72.24,80.00,2.88,1,2026-10-01 10:17:52,74.32,82.57
1013,,stelo.Lifestealer 1.0,compare,74.50,±7.84,80.04,94.29,-12.24,1,2026-10-01 13:37:41,33.29,19.01
1014,,stelo.MatchupAGF 1.1,compare,64.53,±6.55,76.95,72.86,-1.07,2,2026-10-01 15:54:42,68.10,74.92
1015,,stelo.MatchupMicro 1.2,compare,86.11,±7.84,89.51,100.00,2.11,1,2026-10-01 14:27:19,57.12,57.29
1016,,stelo.MatchupMini 1.1,compare,72.08,±6.04,84.13,85.71,4.78,2,2026-10-01 15:51:21,64.67,70.56
1017,,stelo.MatchupWS 1.2c,compare,72.11,±7.84,76.91,85.71,3.05,1,2026-10-01 09:07:31,76.26,83.23
1018,,stelo.Mirror 1.1,compare,62.15,±5.58,65.42,77.14,-8.54,2,2026-10-01 15:20:50,62.01,65.82
1019,,stelo.MirrorMicro 1.1,compare,73.16,±7.84,76.30,82.86,-11.19,1,2026-10-01 12:27:36,50.51,43.42
1020,,stelo.MirrorNano 1.4,compare,70.67,±7.84,71.81,85.71,-17.78,1,2026-10-01 10:44:36,42.88,30.88
1021,,stelo.MoojukNano 1.2,compare,84.45,±7.84,89.61,97.14,-2.52,1,2026-10-01 13:41:08,43.26,31.43
1022,,stelo.PastFuture 2.3.2,compare,61.73,±6.40,74.75,75.24,0.56,3,2026-10-01 15:52:30,78.49,85.35
1023,,stelo.PatternRobot 1.0,compare,100.00,±7.84,100.00,100.00,0.36,1,2026-10-01 14:25:52,23.91,19.26
1024,,stelo.PianistNano 1.3,compare,81.90,±5.28,82.21,97.14,-1.44,2,2026-10-01 12:38:46,49.18,40.34
1025,,stelo.RamTrackSurfer 1.2,compare,81.54,±7.84,83.87,91.43,-0.81,1,2026-10-01 09:16:36,61.28,65.74
1026,,stelo.Randomness 1.1,compare,80.77,±5.10,82.27,94.29,-4.10,2,2026-10-01 14:57:21,61.93,64.92
1027,,stelo.Spread 0.9,compare,67.09,±7.84,69.01,80.00,0.34,1,2026-10-01 10:47:43,76.10,84.21
1028,,stelo.SteloTestNano 1.0,compare,85.18,±7.84,87.36,91.43,-3.31,1,2026-10-01 09:50:49,51.03,42.68
1029,,stelo.UnfoolableNano 1.0,compare,81.02,±4.88,81.37,95.71,-2.25,2,2026-10-01 15:37:02,46.87,38.37
1030,,stelo.UntouchableNano 1.4,compare,85.45,±7.84,85.45,97.14,-3.84,1,2026-10-01 13:46:56,51.60,47.36
1031,,step.NanoBidu 1.0,compare,90.19,±7.84,90.85,97.14,-3.68,1,2026-10-01 14:20:28,48.30,42.19
1032,,step.nanoPri 1.0,compare,74.04,±7.84,81.43,100.00,-5.31,1,2026-10-01 14:19:04,47.94,34.47
1033,,stf.PanzerGeneral 0.1,compare,86.28,±7.84,92.71,100.00,-0.13,1,2026-10-01 13:53:48,52.28,47.69
1034,,stordy.StordyBot 1.0,compare,96.58,±4.93,96.58,100.00,-0.91,2,2026-10-01 14:37:08,38.17,34.11
1035,,stranger.nano.TestBot 1.0,compare,86.35,±7.84,87.95,97.14,-7.25,1,2026-10-01 09:31:37,42.13,32.40
1036,,strider.Festis 1.2.1,compare,88.84,±7.84,90.74,100.00,-4.31,1,2026-10-01 12:56:25,46.54,37.48
1037,,strider.Mer 1.1.0,compare,95.63,±7.84,99.77,100.00,1.91,1,2026-10-01 13:15:53,45.39,41.11
1038,,stuff.Vlad 0.1,compare,90.02,±7.84,95.97,100.00,1.95,1,2026-10-01 13:38:07,40.88,29.93
1039,,suh.mega.WaveSurferGF 1.04,compare,82.12,±7.84,84.28,88.57,0.56,1,2026-10-01 14:19:34,68.00,75.50
1040,,suh.mega.WaveSurferPG 1.06,compare,78.51,±7.84,83.10,85.71,-0.12,1,2026-10-01 13:32:48,68.88,76.52
1041,,suh.micro.MirrorPM 1.00,compare,67.81,±7.84,70.87,80.00,-3.68,1,2026-10-01 11:19:13,60.40,63.29
1042,,suh.micro.WallPM 1.00,compare,84.14,±7.84,92.33,94.29,2.64,1,2026-10-01 14:28:39,49.60,44.51
1043,,suh.nano.AngularMirrorC 1.00,compare,96.67,±7.84,97.45,100.00,0.66,1,2026-10-01 13:00:27,39.20,35.37
1044,,suh.nano.AntiGravityL 1.01,compare,97.54,±4.91,97.54,98.57,-1.63,2,2026-10-01 14:44:58,43.42,41.42
1045,,suh.nano.CornerRL 1.00,compare,91.38,±7.84,93.90,97.14,-2.79,1,2026-10-01 10:20:57,40.33,33.44
1046,,suh.nano.CrossC 1.00,compare,98.40,±7.84,98.68,100.00,0.39,1,2026-10-01 13:55:17,34.00,27.27
1047,,suh.nano.CrossH 1.00,compare,100.00,±7.84,100.00,100.00,0.44,1,2026-10-01 13:12:50,27.22,21.52
1048,,suh.nano.CrossL 1.00,compare,99.02,±7.84,99.03,100.00,0.17,1,2026-10-01 09:20:26,31.95,25.64
1049,,suh.nano.MirrorH 1.01,compare,96.61,±7.84,96.61,97.14,-2.54,1,2026-10-01 11:00:01,37.14,36.13
1050,,suh.nano.MirrorL 1.00,compare,99.30,±7.84,99.33,100.00,1.30,1,2026-10-01 13:27:22,41.66,40.66
1051,,suh.nano.MyFirstAdvancedRobot 1.00,compare,99.23,±7.84,99.33,100.00,-0.02,1,2026-10-01 09:09:42,26.62,21.35
1052,,suh.nano.OscillatorL 1.00,compare,97.17,±4.98,97.21,98.57,-1.59,2,2026-10-01 15:24:47,46.33,46.96
1053,,suh.nano.RammingC 1.00,compare,71.37,±7.84,76.89,97.14,-6.76,1,2026-10-01 11:39:09,49.20,37.22
1054,,suh.nano.RandomPM 1.02,compare,80.70,±7.84,81.77,94.29,6.94,1,2026-10-01 11:29:39,58.57,56.32
1055,,suh.nano.StopAndGoL 1.01,compare,97.69,±4.90,97.73,98.57,-1.44,2,2026-10-01 15:55:39,43.26,41.88
1056,,suh.nano.TargetC 1.00,compare,98.14,±4.81,98.30,100.00,0.14,2,2026-10-01 15:14:56,21.75,14.21
1057,,suh.nano.TargetH 1.00,compare,96.94,±5.25,96.94,98.57,-2.69,2,2026-10-01 10:08:34,18.97,11.63
1058,,suh.nano.TargetL 1.00,compare,98.44,±4.85,98.45,100.00,-0.18,2,2026-10-01 12:49:10,19.84,11.50
1059,,suh.nano.TargetR 1.00,compare,96.76,±4.82,99.09,100.00,1.16,2,2026-10-01 15:03:48,14.66,4.59
1060,,suh.nano.Worst 1.02,compare,100.00,±7.84,100.00,100.00,0.01,1,2026-10-01 13:41:03,0.41,0.82
1061,,sul.Bicephal 1.2,compare,64.76,±3.52,74.91,92.38,-8.17,3,2026-10-01 15:08:28,56.51,49.08
1062,,sul.BlueBot 1.0,compare,100.00,±7.84,100.00,100.00,0.49,1,2026-10-01 14:08:50,39.93,37.21
1063,,sul.NanoR2 1.32,compare,93.84,±4.89,94.39,98.57,-2.66,2,2026-10-01 15:54:58,45.20,38.21
1064,,sul.Pinkbot 1.1,compare,94.50,±7.84,94.62,97.14,-2.83,1,2026-10-01 10:15:03,45.20,38.45
1065,,supersample.SuperBoxBot 1.0,compare,99.98,±7.84,99.98,100.00,1.36,1,2026-10-01 09:06:06,38.77,31.78
1066,,supersample.SuperCorners 1.0,compare,91.37,±7.84,93.30,100.00,-2.65,1,2026-10-01 13:05:39,44.28,38.63
1067,,supersample.SuperMercutio 1.0,compare,86.44,±4.87,87.19,100.00,4.76,2,2026-10-01 15:07:44,57.74,53.76
1068,,supersample.SuperRamFire 1.0,compare,76.97,±7.84,78.31,94.29,-9.72,1,2026-10-01 10:46:18,50.95,41.71
1069,,supersample.SuperSpinBot 1.0,compare,88.98,±7.84,90.78,97.14,-4.73,1,2026-10-01 11:16:07,42.67,35.58
1070,,supersample.SuperTrackFire 1.0,compare,97.73,±7.84,100.00,100.00,1.88,1,2026-10-01 09:04:42,34.69,21.15
1071,,supersample.SuperTracker 1.0,compare,93.17,±7.84,93.27,97.14,-3.10,1,2026-10-01 10:19:32,38.77,31.60
1072,,supersample.SuperWalls 1.0,compare,94.86,±7.84,95.57,100.00,-1.76,1,2026-10-01 13:30:05,37.95,29.67
1073,,suzushin7.nano.Galaxy01 1.01,compare,98.89,±7.84,98.89,97.14,-1.10,1,2026-10-01 12:11:05,0.39,0.43
1074,,suzushin7.nano.Galaxy02 1.01,compare,96.64,±5.03,96.74,98.57,-1.58,2,2026-10-01 14:20:43,38.48,33.57
1075,,suzushin7.nano.Galaxy03 1.01,compare,69.77,±4.98,74.88,95.71,-7.74,2,2026-10-01 15:04:49,50.14,39.44
1076,,suzushin7.nano.TargetC 1.00,compare,98.83,±7.84,99.10,100.00,0.80,1,2026-10-01 12:41:54,22.48,14.99
1077,,syl.Centipede 0.5,compare,88.27,±7.84,88.28,100.00,1.17,1,2026-10-01 09:32:28,56.30,54.29
1078,,synapse.Geomancy 15,compare,70.63,±7.84,87.60,82.86,4.88,1,2026-10-01 11:47:11,76.08,82.06
1079,,synapse.rsim.GeomancyBS 0.11,compare,65.80,±4.82,67.05,77.14,-0.04,2,2026-10-01 15:42:05,78.77,85.94
1080,,synnalagma.NeuralPremier 0.51,compare,82.95,±4.91,92.03,91.43,2.34,2,2026-10-01 15:07:28,60.53,64.83
1081,,synnalagma.test.MiniNeural 1.1,compare,81.36,±7.84,84.73,88.57,-10.82,1,2026-10-01 09:54:19,50.17,50.73
1082,,t3.Ripper 1.0,compare,98.03,±3.54,98.11,100.00,-0.11,3,2026-10-01 15:43:42,38.43,35.39
1083,,tad.Dalek98 0.98,compare,87.91,±7.84,97.14,100.00,5.43,1,2026-10-01 09:15:55,63.68,64.23
1084,,takeBot.SpinSpiral 1.2,compare,98.09,±7.84,98.72,100.00,1.16,1,2026-10-01 12:52:17,46.25,46.49
1085,,takeBot.SpiralCrash 1.0,compare,94.93,±7.84,96.58,100.00,0.43,1,2026-10-01 12:56:59,36.91,29.79
1086,,takeBot.WeavingWiggle 1.1,compare,94.49,±4.80,94.96,97.14,-2.37,2,2026-10-01 15:16:26,45.86,46.30
1087,,tango.Recrimpo 2.51,compare,85.10,±7.84,86.19,100.00,-5.66,1,2026-10-01 12:39:10,48.15,42.12
1088,,taqho.taqbot 1.0,compare,84.88,±7.84,89.70,91.43,-5.42,1,2026-10-01 11:58:56,38.66,30.68
1089,,tcf.Drifter 29,compare,73.62,±5.36,73.65,90.00,-2.03,2,2026-10-01 14:54:36,64.58,66.25
1090,,tcf.Repat3 2,compare,82.41,±4.82,82.41,92.86,-2.74,2,2026-10-01 15:16:16,61.47,63.39
1091,,techdude.Class2C.Class2C 0.1,compare,93.88,±4.83,99.33,100.00,4.73,2,2026-10-01 13:49:46,46.55,40.38
1092,,techdude.kombat.FlamingKombat 1.5,compare,95.33,±7.84,95.46,97.14,-3.78,1,2026-10-01 11:37:00,25.11,21.32
1093,,test.Fuzzer 1.0.1,compare,82.33,±7.84,83.50,94.29,-7.08,1,2026-10-01 09:52:20,56.25,56.57
1094,,test.Podgy 4.0,compare,82.28,±7.84,88.17,94.29,-3.84,1,2026-10-01 09:37:53,31.44,20.89
1095,,testantiswapgun.AntiSwap 1.0,compare,99.00,±7.84,99.73,100.00,1.55,1,2026-10-01 09:44:23,34.60,30.63
1096,,tex.Longbot 0.4,compare,96.85,±7.84,97.57,100.00,1.71,1,2026-10-01 13:16:45,31.78,21.74
1097,,theo.Hydrogen 2.1r,compare,73.57,±7.84,75.39,88.57,5.51,1,2026-10-01 10:59:36,69.06,73.81
1098,,theo.QuarkSoup 1.5fga,compare,82.87,±7.84,83.27,100.00,11.82,1,2026-10-01 14:04:24,70.36,75.99
1099,,theo.Tungsten 1.0a,compare,76.35,±4.92,76.35,88.57,3.61,2,2026-10-01 14:46:53,73.96,79.11
1100,,theo.avenge.Pequod 1.0,compare,71.86,±7.84,71.86,88.57,3.50,1,2026-10-01 12:02:37,71.93,76.16
1101,,theo.real.Ahab 1.0,compare,71.00,±7.84,71.14,85.71,7.34,1,2026-10-01 13:40:29,77.56,83.98
1102,,theo.simple.Bones 1.0,compare,75.00,±7.84,75.92,82.86,0.96,1,2026-10-01 12:51:54,68.47,77.08
1103,,theo.simple.Lucid 1.0,compare,74.76,±7.84,77.28,88.57,8.71,1,2026-10-01 13:08:25,69.93,78.16
1104,,throxbot.ThroxBot 0.1,compare,90.72,±7.84,91.74,97.14,-2.74,1,2026-10-01 12:15:55,42.68,38.49
1105,,tide.pear.Pear 0.62.1,compare,67.69,±7.84,68.13,85.71,4.90,1,2026-10-01 09:30:13,82.23,88.54
1106,,timmit.TimmiT 0.22,compare,88.33,±7.84,88.61,97.14,-4.84,1,2026-10-01 12:10:53,53.25,51.11
1107,,timmit.micro.TimXJ 0.22,compare,84.97,±7.84,93.06,100.00,3.92,1,2026-10-01 14:18:54,58.65,55.80
1108,,timmit.mini.TimVA 0.43,compare,76.83,±7.84,87.54,91.43,-2.45,1,2026-10-01 14:09:28,61.71,61.23
1109,,timmit.nano.TimCat 0.13,compare,88.74,±7.84,88.99,94.29,-9.39,1,2026-10-01 11:02:18,43.84,40.43
1110,,timmit.nano.TimDog 0.33,compare,90.04,±7.84,90.15,94.29,-8.12,1,2026-10-01 10:53:48,50.23,54.22
1111,,tjk.AFlatNatural 1.0,compare,88.72,±7.84,97.04,97.14,1.18,1,2026-10-01 13:34:52,53.43,54.72
1112,,tjk.deBroglie rev0108,compare,57.42,±4.84,59.33,72.86,4.62,2,2026-10-01 14:47:42,82.41,90.47
1113,,tk.BotOX 0.3,compare,92.44,±7.84,92.69,97.14,-4.34,1,2026-10-01 11:48:56,20.56,10.82
1114,,tkt.RedShift 1.1.CS.0,compare,96.75,±7.84,96.93,97.14,0.34,1,2026-10-01 09:23:42,52.24,52.85
1115,,tlp.ThreeLeggedPig 1,compare,87.99,±7.84,89.01,91.43,-7.70,1,2026-10-01 10:11:51,38.36,36.29
1116,,tm.Yuugao 1.0,compare,75.71,±5.15,81.97,87.14,4.00,2,2026-10-01 15:21:56,63.28,66.36
1117,,tobe.Fusion 1.0,compare,81.95,±7.84,92.90,94.29,2.26,1,2026-10-01 13:32:59,53.71,56.04
1118,,tobe.Relativity 3.9,compare,86.62,±7.84,90.32,94.29,-4.64,1,2026-10-01 12:06:42,51.63,49.43
1119,,tobe.Saturn lambda,compare,79.14,±6.22,80.49,91.43,0.39,2,2026-10-01 14:41:28,56.34,55.12
1120,,tobe.calypso.Calypso 4.1,compare,86.24,±7.84,89.44,100.00,0.54,1,2026-10-01 12:51:33,41.35,28.94
1121,,tobe.mini.Charon 0.9,compare,98.05,±7.84,98.18,100.00,-0.45,1,2026-10-01 13:26:02,39.31,30.57
1122,,tornyil.Lajcsi2.Lajcsi2sm 1.0,compare,90.28,±3.54,96.64,100.00,-0.07,3,2026-10-01 15:49:17,46.35,41.74
1123,,tornyil.bottomup.BottomUp 1.05,compare,85.69,±7.84,99.22,100.00,11.50,1,2026-10-01 14:15:38,60.39,62.64
1124,,toz.Gnome 1.1,compare,88.04,±6.57,89.13,94.29,-7.05,2,2026-10-01 13:48:26,48.40,44.82
1125,,trab.Crusader 0.1.7,compare,67.22,±7.84,67.29,82.86,-1.22,1,2026-10-01 09:20:06,77.59,84.48
1126,,trab.nano.AinippeNano 1.3,compare,87.23,±7.84,88.66,100.00,2.60,1,2026-10-01 14:16:02,52.70,50.77
1127,,traker.Eraser 1,compare,97.06,±7.84,97.09,97.14,-1.48,1,2026-10-01 12:14:24,53.60,62.13
1128,,trm.Wrekt 1.1.6.f,compare,75.39,±7.84,76.18,88.57,2.89,1,2026-10-01 11:30:32,74.68,82.39
1129,,tvv.micro.Antares 1.1.1,compare,98.40,±7.84,98.79,100.00,0.62,1,2026-10-01 13:31:31,48.99,50.25
1130,,tvv.nano.Polaris 1.2,compare,95.50,±7.84,96.66,100.00,-1.36,1,2026-10-01 13:38:10,46.77,48.38
1131,,tw.Exterminator 1.0,compare,74.52,±7.84,74.87,65.71,-10.10,1,2026-10-01 11:34:06,61.81,76.61
1132,,tzu.TheArtOfWar 1.2,compare,86.58,±4.83,86.58,97.14,-1.95,2,2026-10-01 15:53:29,58.62,60.75
1133,,ua.kiiv.kosyak.robocode.tn1.Tn1 2.0,compare,90.95,±7.84,92.15,97.14,-3.26,1,2026-10-01 14:07:26,35.76,24.12
1134,,uccc.Dorito 1.12,compare,95.13,±4.94,95.47,100.00,-2.04,2,2026-10-01 15:00:45,35.47,35.88
1135,,uccc.MilkyWay 1.01,compare,96.31,±3.68,96.90,99.05,-1.65,3,2026-10-01 15:11:21,30.78,29.44
1136,,uccc.RingDing 1.12,compare,98.71,±7.84,98.85,97.14,-0.61,1,2026-10-01 13:33:31,34.33,31.59
1137,,uccc.Scrapple 1.0,compare,100.00,±7.84,100.00,100.00,0.07,1,2026-10-01 13:09:06,2.21,1.26
1138,,ultra.Defender 1.2,compare,88.39,±7.84,89.92,100.00,-0.60,1,2026-10-01 13:04:56,56.77,60.61
1139,,unarmedlad.nano.VirginSteele 2.2,compare,81.21,±5.16,81.74,92.38,-7.90,3,2026-10-01 14:59:51,53.36,53.62
1140,,ur4n0.UR4NO 1.0,compare,75.20,±7.84,88.65,88.57,3.87,1,2026-10-01 09:40:08,75.59,83.67
1141,,urdos.URDOS 1.3,compare,86.25,±3.62,89.03,95.24,-3.17,3,2026-10-01 14:55:18,58.97,62.30
1142,,usa.nano.Nemo 2.0,compare,91.38,±7.84,93.44,100.00,-1.05,1,2026-10-01 14:31:36,48.83,47.07
1143,,vStar.RAFzilla 2.15,compare,98.69,±4.80,98.85,100.00,0.75,2,2026-10-01 15:43:38,40.92,42.74
1144,,velas.Alpha 1.0,compare,97.99,±7.84,98.29,100.00,-0.41,1,2026-10-01 09:30:55,23.54,13.80
1145,,velas.Beta_2_0 2.0,compare,94.80,±7.84,96.89,97.14,1.23,1,2026-10-01 09:50:39,38.24,27.64
1146,,vft.Hrist 1.0,compare,91.04,±7.84,95.68,97.14,-0.60,1,2026-10-01 13:09:11,34.65,22.85
1147,,vft.Valkyrie 1.0,compare,85.72,±5.62,90.37,94.29,-3.57,2,2026-10-01 15:49:49,38.10,23.93
1148,,vic.Locke 0.7.5.5,compare,68.06,±4.80,68.17,85.71,2.12,2,2026-10-01 15:57:12,71.69,79.52
1149,,vishius.Orbiter 1.0,compare,98.83,±4.81,99.04,100.00,0.20,2,2026-10-01 15:56:29,38.57,35.95
1150,,vjik.UnViolation 1.1,compare,93.75,±7.84,95.60,100.00,-0.64,1,2026-10-01 13:44:29,41.89,39.66
1151,,voidious.Diamond 1.8.22,compare,33.25,±7.84,41.31,28.57,-3.17,1,2026-10-01 12:26:07,90.17,97.40
1152,,voidious.Dookious 1.573c,compare,65.09,±7.84,80.21,82.86,16.62,1,2026-10-01 13:51:23,86.41,93.05
1153,,voidious.micro.Jen 1.11,compare,75.24,±5.06,77.13,92.38,-6.23,3,2026-10-01 16:04:23,68.76,70.72
1154,,voidious.mini.Komarious 1.88,compare,79.90,±7.84,80.89,97.14,8.87,1,2026-10-01 14:14:32,81.44,87.36
1155,,voidious.perceptual.RetroGirl 1.0.0,compare,94.47,±7.84,95.37,100.00,1.20,1,2026-10-01 12:41:36,49.66,53.62
1156,,vort.Chaser 0.0.3,compare,74.67,±3.54,74.79,98.10,-22.41,3,2026-10-01 15:18:46,29.72,19.06
1157,,vuen.Fractal 0.55,compare,87.95,±7.84,88.64,100.00,-0.28,1,2026-10-01 12:49:16,48.63,46.90
1158,,wcsv.Engineer.Engineer 0.5.4,compare,72.15,±7.84,72.74,91.43,8.85,1,2026-10-01 14:07:05,82.27,88.12
1159,,wcsv.PowerHouse.PowerHouse 1.7e3,compare,65.78,±7.84,66.28,82.86,0.29,1,2026-10-01 11:22:52,82.69,88.42
1160,,wcsv.Stampede 1.3.3,compare,88.06,±7.84,99.05,100.00,4.54,1,2026-10-01 14:13:32,53.73,51.18
1161,,wcsv.Stampede2.Stampede2 1.1.0,compare,77.30,±7.84,90.04,94.29,3.95,1,2026-10-01 09:42:20,74.70,80.27
1162,,wcsv.mega.PowerHouse2 0.2,compare,70.96,±5.31,71.95,82.86,1.62,2,2026-10-01 15:09:28,80.02,85.46
1163,,whind.Constitution 0.7.1,compare,83.88,±7.84,85.07,94.29,-1.30,1,2026-10-01 11:38:08,54.78,55.48
1164,,whind.Strength 0.6.4,compare,84.35,±7.84,85.15,97.14,2.61,1,2026-10-01 14:01:04,64.66,69.07
1165,,whind.StrengthBee 0.6.4,compare,75.97,±7.84,93.22,94.29,10.64,1,2026-10-01 13:47:51,73.39,81.59
1166,,whind.Wisdom 0.5.1,compare,74.57,±7.84,84.44,88.57,-1.24,1,2026-10-01 12:38:38,51.76,45.96
1167,,whitesquare.robots.SkynetAdvanced 1.1,compare,96.97,±7.84,97.13,100.00,-0.02,1,2026-10-01 09:09:38,36.40,30.05
1168,,wiki.BasicBulletShielder 1.0,compare,99.50,±4.81,99.50,98.57,-0.02,2,2026-10-01 13:55:35,18.59,27.01
1169,,wiki.BasicGFSurfer 1.02,compare,84.88,±7.84,87.94,100.00,2.95,1,2026-10-01 12:46:50,70.58,76.37
1170,,wiki.SuperSampleBot.SuperSittingDuck 1.0,compare,99.72,±4.80,99.72,100.00,-0.14,2,2026-10-01 15:37:11,2.35,3.04
1171,,wiki.WaveRammer 1.0,compare,72.99,±7.84,86.10,85.71,-5.46,1,2026-10-01 09:15:12,60.60,64.39
1172,,wiki.Wolverine 2.1,compare,90.23,±4.81,90.90,98.57,-1.99,2,2026-10-01 14:56:45,40.28,35.93
1173,,wiki.mako.MakoHT 1.2.2.1,compare,92.09,±7.84,93.61,100.00,-0.65,1,2026-10-01 13:35:43,54.07,53.14
1174,,wiki.mini.BlackDestroyer 0.9.0,compare,82.84,±7.84,83.82,94.29,4.16,1,2026-10-01 13:36:48,66.41,71.75
1175,,wiki.mini.GouldingiHT 1.0,compare,95.60,±7.84,95.74,100.00,-2.47,1,2026-10-01 09:38:01,50.57,49.36
1176,,wiki.mini.Griffon 0.1,compare,79.86,±5.64,80.82,91.43,-1.83,2,2026-10-01 14:31:44,65.62,70.62
1177,,wiki.mini.Sedan 1.0,compare,79.69,±7.84,79.69,91.43,1.00,1,2026-10-01 09:16:08,68.93,70.68
1178,,wiki.nano.DevilFISH 1.0,compare,96.17,±5.02,96.78,100.00,-0.26,2,2026-10-01 15:56:44,47.39,45.39
1179,,wiki.nano.Flick 1.0,compare,91.52,±7.84,91.66,80.00,-0.76,1,2026-10-01 09:21:48,53.95,74.04
1180,,wiki.nano.RaikoNano 1.1,compare,84.06,±7.84,87.92,100.00,1.55,1,2026-10-01 12:41:29,56.07,51.74
1181,,wilson.Chameleon 0.91,compare,80.11,±4.17,80.11,94.29,2.79,3,2026-10-01 14:53:36,68.95,74.75
1182,,winamp32.micro.MicroMacro 1.0,compare,97.51,±7.84,98.03,100.00,1.13,1,2026-10-01 09:12:16,39.61,36.13
1183,,wit.Chuliath 1.0,compare,97.17,±4.90,97.53,98.57,-0.50,2,2026-10-01 14:57:58,39.82,37.92
1184,,wit.Deep7 2.0,compare,99.47,±4.80,99.56,100.00,0.16,2,2026-10-01 14:48:49,22.15,24.73
1185,,wompi.Kowari 1.6,compare,67.36,±4.83,79.37,97.14,-5.85,2,2026-10-01 15:01:21,63.44,57.67
1186,,wompi.Numbat 1.9,compare,79.60,±5.63,80.12,87.14,-2.52,2,2026-10-01 13:52:47,65.51,71.96
1187,,xander.cat.Fiona 1.4,compare,81.20,±4.81,87.18,91.43,-4.35,2,2026-10-01 15:51:49,66.95,70.73
1188,,xander.cat.Mikey 1.2,compare,77.74,±7.84,82.80,85.71,-8.07,1,2026-10-01 13:26:45,66.93,70.84
1189,,xander.cat.SamAxe 1.1,compare,84.07,±4.81,85.62,94.29,-3.56,2,2026-10-01 13:38:02,66.96,70.86
1190,,xander.cat.Spitfire 1.4,compare,99.02,±7.84,99.02,97.14,6.11,1,2026-10-01 10:40:43,46.62,54.76
1191,,xander.cat.XanderCat 12.9,compare,59.18,±7.84,70.59,65.71,10.98,1,2026-10-01 10:50:26,87.74,93.94
1192,,xiongan.Xiongan 1.1,compare,96.58,±4.81,96.58,100.00,-0.59,2,2026-10-01 15:25:36,29.87,25.48
1193,,yabot.YaBot 0.1,compare,99.80,±7.84,99.83,100.00,-0.03,1,2026-10-01 09:56:11,8.67,6.01
1194,,yagami.Tidus 0.11,compare,100.00,±7.84,100.00,100.00,0.60,1,2026-10-01 14:33:12,45.19,39.48
1195,,yarghard.Y101 1.0,compare,98.23,±7.84,98.23,100.00,-0.97,1,2026-10-01 09:15:18,40.27,31.09
1196,,yarhoslav.YaroBot 1.2,compare,92.97,±5.26,94.66,98.57,-2.21,2,2026-10-01 12:40:04,35.90,33.02
1197,,yk.JahMicro 1.0,compare,91.94,±7.84,93.04,97.14,-2.86,1,2026-10-01 10:27:22,31.20,24.69
1198,,yk.JahRoslav 1.1,compare,89.57,±5.32,91.76,94.29,-4.19,2,2026-10-01 16:00:25,33.44,29.79
1199,,zch.David 0.21,compare,87.79,±7.84,87.96,97.14,-10.74,1,2026-10-01 10:32:27,21.66,9.46
1200,,zch.Hirkan 0.11,compare,95.85,±7.84,96.13,97.14,-2.35,1,2026-10-01 10:47:08,28.10,22.66
1201,,zen.Lindada 0.2,compare,77.37,±7.84,79.55,88.57,-0.97,1,2026-10-01 10:10:45,59.81,59.79
1202,,zen.Mirage 0.9.5,compare,54.79,±7.84,64.05,54.29,-1.81,1,2026-10-01 09:28:52,83.73,94.02
1203,,zen.Ronin 1.0.0,compare,73.74,±7.84,87.42,88.57,13.31,1,2026-10-01 13:10:35,81.83,90.25
1204,,zeze2.OperatorZeze 1.05,compare,89.09,±7.84,92.85,97.14,6.12,1,2026-10-01 09:10:27,46.60,46.62
1205,,zezinho.QuerMePegarKKKK 1.0,compare,78.36,±7.84,86.51,94.29,-1.00,1,2026-10-01 14:04:07,60.47,67.06
1206,,zh.UnderDog 0.0.2,compare,98.68,±4.86,98.72,98.57,-0.98,2,2026-10-01 13:10:09,16.95,18.63
1207,,zignd.ZigIndexOutOfRange 1.1,compare,99.47,±7.84,99.47,100.00,-0.21,1,2026-10-01 13:44:57,15.95,8.64
1208,,zyx.mega.YersiniaPestis 3.0,compare,55.35,±7.84,71.31,71.43,1.87,1,2026-10-01 10:37:36,84.04,90.23
1209,,zyx.micro.Ant 1.1,compare,92.84,±7.84,94.07,100.00,1.48,1,2026-10-01 14:04:29,58.16,54.69
1210,,zyx.nano.Ant 1.1,compare,97.42,±4.91,97.73,98.57,-1.00,2,2026-10-01 15:23:40,36.21,28.80
1211,,zyx.nano.EscherichiaColi 1.0,compare,89.74,±7.84,93.48,100.00,-1.31,1,2026-10-01 09:39:34,33.65,18.03
1212,,zyx.nano.RedBull 1.0,compare,77.09,±7.84,77.51,100.00,-16.44,1,2026-10-01 13:47:39,40.44,25.72
1213,,zzx.Gron 1.14,compare,98.19,±7.84,98.61,100.00,0.18,1,2026-10-01 09:55:40,42.06,33.53
1214,,zzx.Ignohis 8.0,compare,91.92,±7.84,92.16,97.14,-5.37,1,2026-10-01 10:33:54,44.25,39.34
1215,,zzx.Serunyr 2.0.2,compare,98.39,±7.84,98.74,100.00,0.87,1,2026-10-01 13:04:21,24.21,16.30
